prop_wl,prop_bl,prop_happaxes,prop_lt2,prop_lt3,prop_lt4,prop_lt5,num_extracted,fname
0.6575,0.3225,0.0,0.0,0.0,0.0,0.0,400,lists/scandinavian/list.scandinavian.attrib=shap_mpd=15_thresh=0.8_docnorm=T_tfidf=F.csv
0.44,0.5375,0.0,0.0075,0.0125,0.015,0.0175,400,lists/scandinavian/list.scandinavian.attrib=loo_mpd=18_thresh=0.1_docnorm=F_tfidf=T.csv
0.315,0.675,0.0,0.0025,0.0025,0.0025,0.0025,400,lists/scandinavian/list.scandinavian.attrib=shap_mpd=18_thresh=0.1_docnorm=F_tfidf=F.csv
0.46,0.12,0.75,0.91,0.955,0.9625,0.9675,400,lists/scandinavian/list.scandinavian.attrib=lime_mpd=4_thresh=0.1_docnorm=T_tfidf=F.csv
0.44,0.5375,0.0,0.0075,0.0125,0.015,0.0175,400,lists/scandinavian/list.scandinavian.attrib=loo_mpd=20_thresh=0.1_docnorm=F_tfidf=T.csv
0.6525,0.2875,0.0,0.0,0.0,0.0,0.0,400,lists/scandinavian/list.scandinavian.attrib=shap_mpd=8_thresh=0.5_docnorm=T_tfidf=T.csv
0.3225,0.67,0.0,0.005,0.005,0.005,0.005,400,lists/scandinavian/list.scandinavian.attrib=shap_mpd=3_thresh=0.2_docnorm=F_tfidf=F.csv
0.625,0.265,0.0,0.0,0.0,0.0,0.03,400,lists/scandinavian/list.scandinavian.attrib=ig_mpd=5_thresh=0.4_docnorm=T_tfidf=F.csv
0.5225,0.23,0.0,0.225,0.5375,0.6875,0.7875,400,lists/scandinavian/list.scandinavian.attrib=lime_mpd=18_thresh=0.2_docnorm=T_tfidf=F.csv
0.2825,0.71,0.0,0.0,0.0,0.0,0.0,400,lists/scandinavian/list.scandinavian.attrib=lime_mpd=11_thresh=0.1_docnorm=F_tfidf=F.csv
0.3425,0.65,0.0,0.0,0.0,0.0,0.0,400,lists/scandinavian/list.scandinavian.attrib=shap_mpd=12_thresh=1.0_docnorm=F_tfidf=T.csv
0.52,0.4625,0.0,0.0,0.0,0.0,0.0,400,lists/scandinavian/list.scandinavian.attrib=lime_mpd=5_thresh=0.9_docnorm=T_tfidf=F.csv
0.4275,0.56,0.0,0.005,0.005,0.005,0.005,400,lists/scandinavian/list.scandinavian.attrib=loo_mpd=3_thresh=0.7_docnorm=F_tfidf=T.csv
0.345,0.6425,0.0,0.005,0.005,0.005,0.005,400,lists/scandinavian/list.scandinavian.attrib=loo_mpd=19_thresh=0.6_docnorm=F_tfidf=F.csv
0.315,0.675,0.0,0.0025,0.0025,0.0025,0.0025,400,lists/scandinavian/list.scandinavian.attrib=shap_mpd=15_thresh=0.1_docnorm=F_tfidf=F.csv
0.6225,0.35,0.0,0.0,0.0,0.0,0.0,400,lists/scandinavian/list.scandinavian.attrib=loo_mpd=19_thresh=0.8_docnorm=T_tfidf=F.csv
0.2875,0.705,0.0,0.0,0.0,0.0,0.0,400,lists/scandinavian/list.scandinavian.attrib=lime_mpd=19_thresh=0.9_docnorm=F_tfidf=F.csv
0.2875,0.705,0.0,0.0,0.0,0.0,0.0,400,lists/scandinavian/list.scandinavian.attrib=lime_mpd=19_thresh=0.7_docnorm=F_tfidf=F.csv
0.315,0.675,0.0,0.0025,0.0025,0.0025,0.0025,400,lists/scandinavian/list.scandinavian.attrib=shap_mpd=10_thresh=0.4_docnorm=F_tfidf=F.csv
0.62,0.34,0.0,0.0,0.0,0.0,0.0,400,lists/scandinavian/list.scandinavian.attrib=lime_mpd=6_thresh=0.6_docnorm=T_tfidf=F.csv
0.455,0.0925,0.7975,0.95,0.9775,0.985,0.9875,400,lists/scandinavian/list.scandinavian.attrib=lime_mpd=16_thresh=0.1_docnorm=T_tfidf=F.csv
0.6675,0.2875,0.0,0.0,0.0,0.0,0.0,400,lists/scandinavian/list.scandinavian.attrib=shap_mpd=20_thresh=0.6_docnorm=T_tfidf=F.csv
0.175,0.815,0.0,0.0025,0.0025,0.0025,0.0025,400,lists/scandinavian/list.scandinavian.attrib=ig_mpd=11_thresh=0.9_docnorm=F_tfidf=F.csv
0.585,0.4025,0.0,0.0,0.0,0.0,0.0,400,lists/scandinavian/list.scandinavian.attrib=loo_mpd=4_thresh=0.7_docnorm=T_tfidf=F.csv
0.3175,0.6725,0.0,0.005,0.005,0.005,0.005,400,lists/scandinavian/list.scandinavian.attrib=shap_mpd=6_thresh=0.6_docnorm=F_tfidf=F.csv
0.2175,0.775,0.0,0.0,0.0,0.0,0.0,400,lists/scandinavian/list.scandinavian.attrib=ig_mpd=7_thresh=0.8_docnorm=F_tfidf=T.csv
0.35,0.6375,0.0,0.005,0.005,0.005,0.005,400,lists/scandinavian/list.scandinavian.attrib=shap_mpd=5_thresh=1.0_docnorm=F_tfidf=T.csv
0.62,0.2475,0.0,0.0,0.0175,0.1625,0.3275,400,lists/scandinavian/list.scandinavian.attrib=shap_mpd=14_thresh=0.3_docnorm=T_tfidf=T.csv
0.315,0.675,0.0,0.0025,0.0025,0.0025,0.0025,400,lists/scandinavian/list.scandinavian.attrib=shap_mpd=16_thresh=0.5_docnorm=F_tfidf=F.csv
0.6,0.3325,0.0,0.005,0.005,0.005,0.0225,400,lists/scandinavian/list.scandinavian.attrib=loo_mpd=5_thresh=0.4_docnorm=T_tfidf=T.csv
0.2129032258064516,0.7870967741935484,0.0,0.0,0.0,0.0,0.0,310,lists/scandinavian/list.scandinavian.attrib=ig_mpd=2_thresh=1.0_docnorm=F_tfidf=T.csv
0.33753148614609574,0.6599496221662469,0.0,0.0025188916876574307,0.0025188916876574307,0.0025188916876574307,0.0025188916876574307,397,lists/scandinavian/list.scandinavian.attrib=loo_mpd=4_thresh=1.0_docnorm=T_tfidf=F.csv
0.6625,0.2275,0.0,0.0,0.0,0.0,0.105,400,lists/scandinavian/list.scandinavian.attrib=shap_mpd=9_thresh=0.4_docnorm=T_tfidf=F.csv
0.6075,0.34,0.0,0.0,0.0,0.0,0.0,400,lists/scandinavian/list.scandinavian.attrib=ig_mpd=18_thresh=0.6_docnorm=T_tfidf=T.csv
0.2825,0.71,0.0,0.0,0.0,0.0,0.0,400,lists/scandinavian/list.scandinavian.attrib=lime_mpd=7_thresh=0.3_docnorm=F_tfidf=F.csv
0.5775,0.37,0.0,0.0,0.0,0.0,0.0,400,lists/scandinavian/list.scandinavian.attrib=ig_mpd=3_thresh=0.5_docnorm=T_tfidf=T.csv
0.3475,0.6425,0.0,0.0025,0.0025,0.0025,0.0025,400,lists/scandinavian/list.scandinavian.attrib=shap_mpd=10_thresh=1.0_docnorm=F_tfidf=T.csv
0.225,0.765,0.0,0.0,0.0,0.0,0.0,400,lists/scandinavian/list.scandinavian.attrib=ig_mpd=17_thresh=0.1_docnorm=F_tfidf=T.csv
0.315,0.675,0.0,0.005,0.005,0.005,0.005,400,lists/scandinavian/list.scandinavian.attrib=shap_mpd=9_thresh=0.9_docnorm=F_tfidf=F.csv
0.535,0.44,0.0,0.0,0.0,0.0,0.0,400,lists/scandinavian/list.scandinavian.attrib=lime_mpd=2_thresh=0.5_docnorm=T_tfidf=F.csv
0.22,0.7725,0.0,0.0,0.0,0.0,0.0,400,lists/scandinavian/list.scandinavian.attrib=ig_mpd=11_thresh=0.8_docnorm=F_tfidf=T.csv
0.28,0.7125,0.0,0.0,0.0,0.0,0.0,400,lists/scandinavian/list.scandinavian.attrib=lime_mpd=8_thresh=0.6_docnorm=F_tfidf=F.csv
0.1925,0.7975,0.0,0.0025,0.0025,0.0025,0.0025,400,lists/scandinavian/list.scandinavian.attrib=ig_mpd=15_thresh=0.8_docnorm=F_tfidf=F.csv
0.195,0.79,0.0,0.0025,0.0025,0.0025,0.0025,400,lists/scandinavian/list.scandinavian.attrib=ig_mpd=18_thresh=0.6_docnorm=F_tfidf=F.csv
0.3325,0.66,0.0,0.0,0.0,0.0,0.0,400,lists/scandinavian/list.scandinavian.attrib=lime_mpd=11_thresh=0.6_docnorm=F_tfidf=T.csv
0.36,0.6275,0.0,0.005,0.005,0.005,0.005,400,lists/scandinavian/list.scandinavian.attrib=loo_mpd=2_thresh=0.7_docnorm=F_tfidf=F.csv
0.3475,0.64,0.0,0.005,0.005,0.005,0.005,400,lists/scandinavian/list.scandinavian.attrib=loo_mpd=7_thresh=0.6_docnorm=F_tfidf=F.csv
0.315,0.675,0.0,0.0025,0.0025,0.0025,0.0025,400,lists/scandinavian/list.scandinavian.attrib=shap_mpd=16_thresh=0.1_docnorm=F_tfidf=F.csv
0.365,0.6225,0.0,0.005,0.005,0.005,0.005,400,lists/scandinavian/list.scandinavian.attrib=loo_mpd=14_thresh=1.0_docnorm=F_tfidf=T.csv
0.43,0.555,0.0,0.005,0.005,0.005,0.005,400,lists/scandinavian/list.scandinavian.attrib=loo_mpd=4_thresh=0.6_docnorm=F_tfidf=T.csv
0.3725,0.61,0.0,0.0,0.0,0.0,0.0,400,lists/scandinavian/list.scandinavian.attrib=ig_mpd=10_thresh=1.0_docnorm=T_tfidf=T.csv
0.3575,0.6375,0.0,0.0,0.0,0.0,0.0,400,lists/scandinavian/list.scandinavian.attrib=shap_mpd=19_thresh=0.8_docnorm=F_tfidf=T.csv
0.35,0.6375,0.0,0.005,0.005,0.005,0.005,400,lists/scandinavian/list.scandinavian.attrib=loo_mpd=6_thresh=0.4_docnorm=F_tfidf=F.csv
0.355,0.6375,0.0,0.0,0.0,0.0,0.0,400,lists/scandinavian/list.scandinavian.attrib=shap_mpd=17_thresh=0.3_docnorm=F_tfidf=T.csv
0.535,0.45,0.0,0.0,0.0,0.0,0.0,400,lists/scandinavian/list.scandinavian.attrib=loo_mpd=9_thresh=0.9_docnorm=T_tfidf=F.csv
0.62,0.36,0.0,0.0,0.0,0.0,0.0,400,lists/scandinavian/list.scandinavian.attrib=loo_mpd=12_thresh=0.8_docnorm=T_tfidf=T.csv
0.52,0.465,0.0,0.0,0.0,0.0,0.0,400,lists/scandinavian/list.scandinavian.attrib=shap_mpd=10_thresh=1.0_docnorm=T_tfidf=F.csv
0.3975,0.11,0.6625,0.8525,0.905,0.9375,0.9525,400,lists/scandinavian/list.scandinavian.attrib=ig_mpd=3_thresh=0.1_docnorm=T_tfidf=F.csv
0.355,0.6375,0.0,0.0,0.0,0.0,0.0,400,lists/scandinavian/list.scandinavian.attrib=shap_mpd=18_thresh=0.1_docnorm=F_tfidf=T.csv
0.315,0.675,0.0,0.0025,0.0025,0.0025,0.0025,400,lists/scandinavian/list.scandinavian.attrib=shap_mpd=19_thresh=0.8_docnorm=F_tfidf=F.csv
0.4325,0.5525,0.0,0.005,0.005,0.005,0.005,400,lists/scandinavian/list.scandinavian.attrib=loo_mpd=2_thresh=0.7_docnorm=F_tfidf=T.csv
0.455,0.1325,0.68,0.84,0.9125,0.9325,0.9425,400,lists/scandinavian/list.scandinavian.attrib=lime_mpd=2_thresh=0.1_docnorm=T_tfidf=F.csv
0.36,0.635,0.0,0.0,0.0,0.0,0.0,400,lists/scandinavian/list.scandinavian.attrib=shap_mpd=5_thresh=0.8_docnorm=F_tfidf=T.csv
0.645,0.3225,0.0,0.0,0.0,0.0,0.0,400,lists/scandinavian/list.scandinavian.attrib=lime_mpd=17_thresh=0.6_docnorm=T_tfidf=F.csv
0.3425,0.645,0.0,0.005,0.005,0.005,0.005,400,lists/scandinavian/list.scandinavian.attrib=loo_mpd=12_thresh=0.8_docnorm=F_tfidf=F.csv
0.22,0.7725,0.0,0.0,0.0,0.0,0.0,400,lists/scandinavian/list.scandinavian.attrib=ig_mpd=11_thresh=0.6_docnorm=F_tfidf=T.csv
0.3525,0.64,0.0,0.0,0.0,0.0,0.0,400,lists/scandinavian/list.scandinavian.attrib=lime_mpd=2_thresh=0.8_docnorm=F_tfidf=F.csv
0.6025,0.3775,0.0,0.0,0.0,0.0,0.0,400,lists/scandinavian/list.scandinavian.attrib=shap_mpd=3_thresh=0.8_docnorm=T_tfidf=F.csv
0.285,0.7075,0.0,0.0,0.0,0.0,0.0,400,lists/scandinavian/list.scandinavian.attrib=lime_mpd=14_thresh=0.8_docnorm=F_tfidf=F.csv
0.355,0.635,0.0,0.0025,0.0025,0.0025,0.0025,400,lists/scandinavian/list.scandinavian.attrib=shap_mpd=8_thresh=0.2_docnorm=F_tfidf=T.csv
0.3475,0.64,0.0,0.005,0.005,0.005,0.005,400,lists/scandinavian/list.scandinavian.attrib=loo_mpd=16_thresh=0.1_docnorm=F_tfidf=F.csv
0.315,0.675,0.0,0.0025,0.0025,0.0025,0.0025,400,lists/scandinavian/list.scandinavian.attrib=shap_mpd=11_thresh=0.5_docnorm=F_tfidf=F.csv
0.3475,0.64,0.0,0.005,0.005,0.005,0.005,400,lists/scandinavian/list.scandinavian.attrib=loo_mpd=19_thresh=0.5_docnorm=F_tfidf=F.csv
0.67,0.225,0.0,0.0,0.0,0.0,0.095,400,lists/scandinavian/list.scandinavian.attrib=shap_mpd=8_thresh=0.4_docnorm=T_tfidf=F.csv
0.185,0.805,0.0,0.0025,0.0025,0.0025,0.0025,400,lists/scandinavian/list.scandinavian.attrib=ig_mpd=16_thresh=1.0_docnorm=F_tfidf=F.csv
0.64,0.3225,0.0,0.0,0.0,0.0,0.0,400,lists/scandinavian/list.scandinavian.attrib=lime_mpd=14_thresh=0.6_docnorm=T_tfidf=T.csv
0.285,0.7075,0.0,0.0,0.0,0.0,0.0,400,lists/scandinavian/list.scandinavian.attrib=lime_mpd=14_thresh=0.1_docnorm=F_tfidf=F.csv
0.225,0.765,0.0,0.0,0.0,0.0,0.0,400,lists/scandinavian/list.scandinavian.attrib=ig_mpd=20_thresh=0.5_docnorm=F_tfidf=T.csv
0.1925,0.795,0.0,0.0025,0.0025,0.0025,0.0025,400,lists/scandinavian/list.scandinavian.attrib=ig_mpd=16_thresh=0.5_docnorm=F_tfidf=F.csv
0.4375,0.56,0.0,0.0,0.0,0.0,0.0,400,lists/scandinavian/list.scandinavian.attrib=loo_mpd=9_thresh=1.0_docnorm=T_tfidf=T.csv
0.415,0.575,0.0,0.005,0.005,0.005,0.005,400,lists/scandinavian/list.scandinavian.attrib=loo_mpd=4_thresh=0.8_docnorm=F_tfidf=T.csv
0.4375,0.55,0.0,0.005,0.005,0.005,0.005,400,lists/scandinavian/list.scandinavian.attrib=loo_mpd=4_thresh=0.4_docnorm=F_tfidf=T.csv
0.2875,0.705,0.0,0.0,0.0,0.0,0.0,400,lists/scandinavian/list.scandinavian.attrib=lime_mpd=5_thresh=0.6_docnorm=F_tfidf=F.csv
0.2,0.7875,0.0,0.0025,0.0025,0.0025,0.0025,400,lists/scandinavian/list.scandinavian.attrib=ig_mpd=2_thresh=0.7_docnorm=F_tfidf=F.csv
0.525,0.2275,0.0,0.2275,0.54,0.6875,0.7875,400,lists/scandinavian/list.scandinavian.attrib=lime_mpd=20_thresh=0.2_docnorm=T_tfidf=F.csv
0.335,0.655,0.0,0.0,0.0,0.0,0.0,400,lists/scandinavian/list.scandinavian.attrib=lime_mpd=6_thresh=0.4_docnorm=F_tfidf=T.csv
0.35,0.64,0.0,0.005,0.005,0.005,0.005,400,lists/scandinavian/list.scandinavian.attrib=shap_mpd=4_thresh=1.0_docnorm=F_tfidf=T.csv
0.6175,0.325,0.0,0.0,0.0,0.0,0.0,400,lists/scandinavian/list.scandinavian.attrib=ig_mpd=19_thresh=0.6_docnorm=T_tfidf=F.csv
0.6275,0.35,0.0,0.0,0.0,0.0,0.0,400,lists/scandinavian/list.scandinavian.attrib=lime_mpd=4_thresh=0.6_docnorm=T_tfidf=T.csv
0.3525,0.635,0.0,0.005,0.005,0.005,0.0075,400,lists/scandinavian/list.scandinavian.attrib=loo_mpd=5_thresh=0.1_docnorm=F_tfidf=F.csv
0.6375,0.31,0.0,0.0,0.0,0.0,0.0,400,lists/scandinavian/list.scandinavian.attrib=shap_mpd=5_thresh=0.5_docnorm=T_tfidf=T.csv
0.215,0.7775,0.0,0.0,0.0,0.0,0.0,400,lists/scandinavian/list.scandinavian.attrib=ig_mpd=7_thresh=0.4_docnorm=F_tfidf=T.csv
0.195,0.79,0.0,0.0025,0.0025,0.0025,0.0025,400,lists/scandinavian/list.scandinavian.attrib=ig_mpd=18_thresh=0.8_docnorm=F_tfidf=F.csv
0.32492997198879553,0.6694677871148459,0.0,0.0028011204481792717,0.0028011204481792717,0.0028011204481792717,0.0028011204481792717,357,lists/scandinavian/list.scandinavian.attrib=ig_mpd=3_thresh=1.0_docnorm=T_tfidf=T.csv
0.64,0.3325,0.0,0.0,0.0,0.0,0.0,400,lists/scandinavian/list.scandinavian.attrib=lime_mpd=14_thresh=0.7_docnorm=T_tfidf=T.csv
0.35,0.6375,0.0,0.005,0.005,0.005,0.005,400,lists/scandinavian/list.scandinavian.attrib=loo_mpd=8_thresh=0.1_docnorm=F_tfidf=F.csv
0.5425,0.3275,0.0,0.0,0.005,0.11,0.2375,400,lists/scandinavian/list.scandinavian.attrib=loo_mpd=9_thresh=0.3_docnorm=T_tfidf=F.csv
0.4625,0.5225,0.0,0.0,0.0,0.0,0.0,400,lists/scandinavian/list.scandinavian.attrib=loo_mpd=18_thresh=1.0_docnorm=T_tfidf=T.csv
0.33,0.6575,0.0,0.005,0.005,0.005,0.005,400,lists/scandinavian/list.scandinavian.attrib=loo_mpd=15_thresh=0.9_docnorm=F_tfidf=F.csv
0.5475,0.2125,0.0,0.2,0.5025,0.6725,0.755,400,lists/scandinavian/list.scandinavian.attrib=lime_mpd=14_thresh=0.2_docnorm=T_tfidf=T.csv
0.3525,0.635,0.0,0.005,0.005,0.005,0.0075,400,lists/scandinavian/list.scandinavian.attrib=loo_mpd=5_thresh=0.2_docnorm=F_tfidf=F.csv
0.605,0.34,0.0,0.0,0.0,0.0,0.0,400,lists/scandinavian/list.scandinavian.attrib=ig_mpd=20_thresh=0.6_docnorm=T_tfidf=T.csv
0.2925,0.7,0.0,0.0,0.0,0.0,0.0,400,lists/scandinavian/list.scandinavian.attrib=lime_mpd=4_thresh=0.4_docnorm=F_tfidf=F.csv
0.465,0.5275,0.0,0.0,0.0,0.0,0.0,400,lists/scandinavian/list.scandinavian.attrib=loo_mpd=3_thresh=0.9_docnorm=T_tfidf=T.csv
0.4375,0.5475,0.0,0.005,0.005,0.005,0.005,400,lists/scandinavian/list.scandinavian.attrib=loo_mpd=13_thresh=0.4_docnorm=F_tfidf=T.csv
0.4375,0.545,0.0,0.005,0.005,0.005,0.005,400,lists/scandinavian/list.scandinavian.attrib=loo_mpd=11_thresh=0.3_docnorm=F_tfidf=T.csv
0.625,0.3525,0.0,0.0,0.0,0.0,0.0,400,lists/scandinavian/list.scandinavian.attrib=lime_mpd=16_thresh=0.8_docnorm=T_tfidf=T.csv
0.33,0.6625,0.0,0.0,0.0,0.0,0.0,400,lists/scandinavian/list.scandinavian.attrib=lime_mpd=20_thresh=0.7_docnorm=F_tfidf=T.csv
0.19,0.805,0.0,0.0,0.0,0.0,0.0,400,lists/scandinavian/list.scandinavian.attrib=ig_mpd=7_thresh=1.0_docnorm=F_tfidf=T.csv
0.2525,0.7325,0.0,0.0,0.0,0.0,0.0,400,lists/scandinavian/list.scandinavian.attrib=ig_mpd=1_thresh=0.3_docnorm=F_tfidf=F.csv
0.355,0.6375,0.0,0.0,0.0,0.0,0.0,400,lists/scandinavian/list.scandinavian.attrib=shap_mpd=11_thresh=0.1_docnorm=F_tfidf=T.csv
0.4375,0.5475,0.0,0.005,0.005,0.005,0.005,400,lists/scandinavian/list.scandinavian.attrib=loo_mpd=8_thresh=0.4_docnorm=F_tfidf=T.csv
0.62,0.32,0.0,0.0,0.0,0.0,0.0,400,lists/scandinavian/list.scandinavian.attrib=ig_mpd=17_thresh=0.6_docnorm=T_tfidf=F.csv
0.435,0.5525,0.0,0.005,0.005,0.005,0.005,400,lists/scandinavian/list.scandinavian.attrib=loo_mpd=5_thresh=0.5_docnorm=F_tfidf=T.csv
0.395,0.0825,0.8275,0.9475,0.9675,0.9775,0.9825,400,lists/scandinavian/list.scandinavian.attrib=ig_mpd=18_thresh=0.1_docnorm=T_tfidf=F.csv
0.1925,0.795,0.0,0.0025,0.0025,0.0025,0.0025,400,lists/scandinavian/list.scandinavian.attrib=ig_mpd=16_thresh=0.2_docnorm=F_tfidf=F.csv
0.3575,0.6375,0.0,0.0,0.0,0.0,0.0,400,lists/scandinavian/list.scandinavian.attrib=shap_mpd=10_thresh=0.9_docnorm=F_tfidf=T.csv
0.615,0.27,0.0,0.0,0.0,0.0025,0.1,400,lists/scandinavian/list.scandinavian.attrib=lime_mpd=16_thresh=0.4_docnorm=T_tfidf=F.csv
0.3325,0.6575,0.0,0.0,0.0,0.0,0.0,400,lists/scandinavian/list.scandinavian.attrib=lime_mpd=9_thresh=0.5_docnorm=F_tfidf=T.csv
0.34,0.6525,0.0,0.005,0.005,0.005,0.005,400,lists/scandinavian/list.scandinavian.attrib=shap_mpd=3_thresh=1.0_docnorm=F_tfidf=T.csv
0.6225,0.345,0.0,0.0,0.0,0.0,0.0,400,lists/scandinavian/list.scandinavian.attrib=lime_mpd=6_thresh=0.7_docnorm=T_tfidf=T.csv
0.4,0.585,0.0,0.005,0.005,0.005,0.005,400,lists/scandinavian/list.scandinavian.attrib=loo_mpd=19_thresh=0.9_docnorm=F_tfidf=T.csv
0.41,0.1525,0.685,0.8475,0.9025,0.94,0.95,400,lists/scandinavian/list.scandinavian.attrib=ig_mpd=6_thresh=0.1_docnorm=T_tfidf=T.csv
0.3525,0.6325,0.0,0.0,0.0,0.0,0.0,400,lists/scandinavian/list.scandinavian.attrib=ig_mpd=11_thresh=1.0_docnorm=T_tfidf=F.csv
0.5075,0.4625,0.0,0.0025,0.0025,0.0025,0.0025,400,lists/scandinavian/list.scandinavian.attrib=ig_mpd=13_thresh=0.9_docnorm=T_tfidf=F.csv
0.2875,0.705,0.0,0.0,0.0,0.0,0.0,400,lists/scandinavian/list.scandinavian.attrib=lime_mpd=5_thresh=0.2_docnorm=F_tfidf=F.csv
0.62,0.2125,0.0,0.0,0.0125,0.1825,0.345,400,lists/scandinavian/list.scandinavian.attrib=ig_mpd=8_thresh=0.3_docnorm=T_tfidf=F.csv
0.58,0.28,0.0,0.0,0.0175,0.1825,0.36,400,lists/scandinavian/list.scandinavian.attrib=lime_mpd=9_thresh=0.3_docnorm=T_tfidf=F.csv
0.5475,0.4325,0.0,0.0,0.0,0.0,0.0,400,lists/scandinavian/list.scandinavian.attrib=loo_mpd=8_thresh=0.9_docnorm=T_tfidf=T.csv
0.625,0.2625,0.0,0.0,0.0,0.0025,0.1,400,lists/scandinavian/list.scandinavian.attrib=lime_mpd=19_thresh=0.4_docnorm=T_tfidf=F.csv
0.335,0.655,0.0,0.0,0.0,0.0,0.0,400,lists/scandinavian/list.scandinavian.attrib=lime_mpd=5_thresh=0.5_docnorm=F_tfidf=T.csv
0.5875,0.26,0.0,0.0,0.0175,0.2,0.38,400,lists/scandinavian/list.scandinavian.attrib=lime_mpd=19_thresh=0.3_docnorm=T_tfidf=F.csv
0.355,0.6375,0.0,0.0,0.0,0.0,0.0,400,lists/scandinavian/list.scandinavian.attrib=shap_mpd=16_thresh=0.1_docnorm=F_tfidf=T.csv
0.4375,0.5475,0.0,0.005,0.005,0.005,0.005,400,lists/scandinavian/list.scandinavian.attrib=loo_mpd=16_thresh=0.4_docnorm=F_tfidf=T.csv
0.315,0.675,0.0,0.0025,0.0025,0.0025,0.0025,400,lists/scandinavian/list.scandinavian.attrib=shap_mpd=10_thresh=0.7_docnorm=F_tfidf=F.csv
0.59,0.225,0.0,0.0,0.015,0.2,0.37,400,lists/scandinavian/list.scandinavian.attrib=ig_mpd=18_thresh=0.3_docnorm=T_tfidf=F.csv
0.3425,0.65,0.0,0.0,0.0,0.0,0.0,400,lists/scandinavian/list.scandinavian.attrib=shap_mpd=18_thresh=1.0_docnorm=F_tfidf=T.csv
0.3175,0.675,0.0,0.0025,0.0025,0.0025,0.0025,400,lists/scandinavian/list.scandinavian.attrib=shap_mpd=18_thresh=1.0_docnorm=F_tfidf=F.csv
0.58,0.3725,0.0,0.0,0.0,0.0,0.0,400,lists/scandinavian/list.scandinavian.attrib=ig_mpd=2_thresh=0.5_docnorm=T_tfidf=T.csv
0.4325,0.555,0.0,0.005,0.005,0.005,0.005,400,lists/scandinavian/list.scandinavian.attrib=loo_mpd=18_thresh=0.6_docnorm=F_tfidf=T.csv
0.4475,0.135,0.6725,0.8525,0.9125,0.9375,0.955,400,lists/scandinavian/list.scandinavian.attrib=loo_mpd=3_thresh=0.1_docnorm=T_tfidf=F.csv
0.1925,0.795,0.0,0.0025,0.0025,0.0025,0.0025,400,lists/scandinavian/list.scandinavian.attrib=ig_mpd=16_thresh=0.1_docnorm=F_tfidf=F.csv
0.2875,0.705,0.0,0.0,0.0,0.0,0.0,400,lists/scandinavian/list.scandinavian.attrib=lime_mpd=20_thresh=1.0_docnorm=F_tfidf=F.csv
0.555,0.3125,0.0,0.0,0.0025,0.1025,0.24,400,lists/scandinavian/list.scandinavian.attrib=loo_mpd=8_thresh=0.3_docnorm=T_tfidf=T.csv
0.4925,0.4975,0.0,0.0,0.0025,0.0025,0.005,400,lists/scandinavian/list.scandinavian.attrib=shap_mpd=1_thresh=0.1_docnorm=F_tfidf=T.csv
0.645,0.315,0.0,0.0,0.0,0.0,0.0,400,lists/scandinavian/list.scandinavian.attrib=lime_mpd=18_thresh=0.6_docnorm=T_tfidf=T.csv
0.37,0.6225,0.0,0.0025,0.0025,0.0025,0.0025,400,lists/scandinavian/list.scandinavian.attrib=shap_mpd=3_thresh=0.8_docnorm=F_tfidf=T.csv
0.33,0.6625,0.0,0.0,0.0,0.0,0.0,400,lists/scandinavian/list.scandinavian.attrib=lime_mpd=17_thresh=0.4_docnorm=F_tfidf=T.csv
0.5375,0.2525,0.0,0.1725,0.44,0.605,0.7125,400,lists/scandinavian/list.scandinavian.attrib=lime_mpd=4_thresh=0.2_docnorm=T_tfidf=F.csv
0.1775,0.8125,0.0,0.0025,0.0025,0.0025,0.0025,400,lists/scandinavian/list.scandinavian.attrib=ig_mpd=12_thresh=0.9_docnorm=F_tfidf=F.csv
0.46,0.0925,0.7275,0.89,0.955,0.9725,0.985,400,lists/scandinavian/list.scandinavian.attrib=lime_mpd=6_thresh=0.1_docnorm=T_tfidf=T.csv
0.315,0.675,0.0,0.005,0.005,0.005,0.005,400,lists/scandinavian/list.scandinavian.attrib=shap_mpd=8_thresh=0.7_docnorm=F_tfidf=F.csv
0.6425,0.3225,0.0,0.0,0.0,0.0,0.0,400,lists/scandinavian/list.scandinavian.attrib=lime_mpd=11_thresh=0.6_docnorm=T_tfidf=T.csv
0.6225,0.2425,0.0,0.0,0.0125,0.1525,0.305,400,lists/scandinavian/list.scandinavian.attrib=shap_mpd=9_thresh=0.3_docnorm=T_tfidf=T.csv
0.5625,0.1875,0.0,0.2175,0.5175,0.6475,0.7475,400,lists/scandinavian/list.scandinavian.attrib=shap_mpd=9_thresh=0.2_docnorm=T_tfidf=F.csv
0.2875,0.705,0.0,0.0,0.0,0.0,0.0,400,lists/scandinavian/list.scandinavian.attrib=lime_mpd=17_thresh=0.7_docnorm=F_tfidf=F.csv
0.3475,0.64,0.0,0.005,0.005,0.005,0.005,400,lists/scandinavian/list.scandinavian.attrib=loo_mpd=17_thresh=0.4_docnorm=F_tfidf=F.csv
0.63,0.35,0.0,0.0,0.0,0.0,0.0,400,lists/scandinavian/list.scandinavian.attrib=loo_mpd=6_thresh=0.7_docnorm=T_tfidf=T.csv
0.5275,0.455,0.0,0.0,0.0,0.0,0.0,400,lists/scandinavian/list.scandinavian.attrib=shap_mpd=12_thresh=1.0_docnorm=T_tfidf=F.csv
0.1925,0.7925,0.0,0.0025,0.0025,0.0025,0.0025,400,lists/scandinavian/list.scandinavian.attrib=ig_mpd=17_thresh=0.8_docnorm=F_tfidf=F.csv
0.45,0.105,0.7075,0.8775,0.9525,0.975,0.99,400,lists/scandinavian/list.scandinavian.attrib=loo_mpd=15_thresh=0.1_docnorm=T_tfidf=T.csv
0.585,0.3525,0.0,0.0,0.0,0.0,0.0,400,lists/scandinavian/list.scandinavian.attrib=ig_mpd=11_thresh=0.5_docnorm=T_tfidf=T.csv
0.285,0.7075,0.0,0.0,0.0,0.0,0.0,400,lists/scandinavian/list.scandinavian.attrib=lime_mpd=13_thresh=0.2_docnorm=F_tfidf=F.csv
0.3475,0.645,0.0,0.005,0.005,0.005,0.005,400,lists/scandinavian/list.scandinavian.attrib=loo_mpd=2_thresh=0.8_docnorm=F_tfidf=F.csv
0.58,0.32,0.0,0.0025,0.0025,0.0025,0.065,400,lists/scandinavian/list.scandinavian.attrib=loo_mpd=14_thresh=0.4_docnorm=T_tfidf=T.csv
0.2225,0.77,0.0,0.0,0.0,0.0,0.0,400,lists/scandinavian/list.scandinavian.attrib=ig_mpd=10_thresh=0.1_docnorm=F_tfidf=T.csv
0.3175,0.675,0.0,0.0025,0.0025,0.0025,0.0025,400,lists/scandinavian/list.scandinavian.attrib=shap_mpd=16_thresh=1.0_docnorm=F_tfidf=F.csv
0.22,0.7725,0.0,0.0,0.0,0.0,0.0,400,lists/scandinavian/list.scandinavian.attrib=ig_mpd=9_thresh=0.8_docnorm=F_tfidf=T.csv
0.25,0.7425,0.0,0.0,0.0,0.0,0.0,400,lists/scandinavian/list.scandinavian.attrib=ig_mpd=2_thresh=0.4_docnorm=F_tfidf=T.csv
0.335,0.655,0.0,0.0,0.0,0.0,0.0,400,lists/scandinavian/list.scandinavian.attrib=lime_mpd=6_thresh=0.6_docnorm=F_tfidf=T.csv
0.63,0.345,0.0,0.0,0.0,0.0,0.0,400,lists/scandinavian/list.scandinavian.attrib=loo_mpd=7_thresh=0.7_docnorm=T_tfidf=T.csv
0.525,0.465,0.0,0.0,0.0,0.0,0.0,400,lists/scandinavian/list.scandinavian.attrib=shap_mpd=5_thresh=1.0_docnorm=T_tfidf=F.csv
0.61,0.3375,0.0,0.0,0.0,0.0,0.0,400,lists/scandinavian/list.scandinavian.attrib=ig_mpd=8_thresh=0.6_docnorm=T_tfidf=T.csv
0.655,0.2325,0.0,0.0,0.0,0.0,0.105,400,lists/scandinavian/list.scandinavian.attrib=shap_mpd=11_thresh=0.4_docnorm=T_tfidf=F.csv
0.5225,0.23,0.0,0.225,0.535,0.685,0.785,400,lists/scandinavian/list.scandinavian.attrib=lime_mpd=17_thresh=0.2_docnorm=T_tfidf=F.csv
0.54,0.3575,0.0,0.0,0.0025,0.055,0.1175,400,lists/scandinavian/list.scandinavian.attrib=loo_mpd=4_thresh=0.3_docnorm=T_tfidf=F.csv
0.62,0.2575,0.0,0.0,0.0075,0.09,0.2125,400,lists/scandinavian/list.scandinavian.attrib=shap_mpd=3_thresh=0.3_docnorm=T_tfidf=T.csv
0.355,0.635,0.0,0.0025,0.0025,0.0025,0.0025,400,lists/scandinavian/list.scandinavian.attrib=shap_mpd=9_thresh=0.4_docnorm=F_tfidf=T.csv
0.4375,0.5475,0.0,0.005,0.005,0.005,0.005,400,lists/scandinavian/list.scandinavian.attrib=loo_mpd=15_thresh=0.4_docnorm=F_tfidf=T.csv
0.2775,0.7175,0.0,0.005,0.005,0.005,0.005,400,lists/scandinavian/list.scandinavian.attrib=loo_mpd=7_thresh=1.0_docnorm=F_tfidf=F.csv
0.4325,0.555,0.0,0.005,0.005,0.005,0.005,400,lists/scandinavian/list.scandinavian.attrib=loo_mpd=16_thresh=0.6_docnorm=F_tfidf=T.csv
0.33,0.6625,0.0,0.0,0.0,0.0,0.0,400,lists/scandinavian/list.scandinavian.attrib=lime_mpd=19_thresh=0.3_docnorm=F_tfidf=T.csv
0.4075,0.1475,0.7,0.8575,0.9125,0.9475,0.955,400,lists/scandinavian/list.scandinavian.attrib=ig_mpd=7_thresh=0.1_docnorm=T_tfidf=T.csv
0.33,0.6625,0.0,0.0,0.0,0.0,0.0,400,lists/scandinavian/list.scandinavian.attrib=lime_mpd=17_thresh=0.8_docnorm=F_tfidf=T.csv
0.2925,0.7,0.0,0.0,0.0,0.0,0.0,400,lists/scandinavian/list.scandinavian.attrib=lime_mpd=4_thresh=0.2_docnorm=F_tfidf=F.csv
0.59,0.3875,0.0,0.0,0.0025,0.0025,0.0025,400,lists/scandinavian/list.scandinavian.attrib=lime_mpd=5_thresh=0.7_docnorm=T_tfidf=F.csv
0.575,0.41,0.0,0.0,0.0,0.0,0.0,400,lists/scandinavian/list.scandinavian.attrib=shap_mpd=4_thresh=0.9_docnorm=T_tfidf=T.csv
0.5675,0.4125,0.0,0.0,0.0,0.0,0.0,400,lists/scandinavian/list.scandinavian.attrib=loo_mpd=17_thresh=0.9_docnorm=T_tfidf=T.csv
0.54,0.445,0.0,0.0,0.0,0.0,0.0,400,lists/scandinavian/list.scandinavian.attrib=loo_mpd=2_thresh=0.7_docnorm=T_tfidf=T.csv
0.3675,0.625,0.0,0.005,0.005,0.005,0.005,400,lists/scandinavian/list.scandinavian.attrib=loo_mpd=2_thresh=0.9_docnorm=F_tfidf=T.csv
0.6575,0.3225,0.0,0.0,0.0,0.0,0.0,400,lists/scandinavian/list.scandinavian.attrib=shap_mpd=16_thresh=0.8_docnorm=T_tfidf=F.csv
0.2806451612903226,0.7161290322580646,0.0,0.0,0.0,0.0,0.0,310,lists/scandinavian/list.scandinavian.attrib=ig_mpd=2_thresh=1.0_docnorm=T_tfidf=T.csv
0.4925,0.475,0.0,0.0025,0.0025,0.0025,0.0025,400,lists/scandinavian/list.scandinavian.attrib=ig_mpd=8_thresh=0.9_docnorm=T_tfidf=F.csv
0.415,0.1325,0.7275,0.8825,0.9275,0.96,0.9675,400,lists/scandinavian/list.scandinavian.attrib=ig_mpd=16_thresh=0.1_docnorm=T_tfidf=T.csv
0.625,0.3425,0.0,0.0,0.0,0.0,0.0,400,lists/scandinavian/list.scandinavian.attrib=loo_mpd=16_thresh=0.6_docnorm=T_tfidf=T.csv
0.225,0.7675,0.0,0.0,0.0,0.0,0.0,400,lists/scandinavian/list.scandinavian.attrib=ig_mpd=13_thresh=0.3_docnorm=F_tfidf=T.csv
0.32,0.67,0.0,0.0,0.0,0.0,0.0,400,lists/scandinavian/list.scandinavian.attrib=lime_mpd=18_thresh=1.0_docnorm=F_tfidf=T.csv
0.315,0.675,0.0,0.0025,0.0025,0.0025,0.0025,400,lists/scandinavian/list.scandinavian.attrib=shap_mpd=17_thresh=0.7_docnorm=F_tfidf=F.csv
0.2875,0.705,0.0,0.0,0.0,0.0,0.0,400,lists/scandinavian/list.scandinavian.attrib=lime_mpd=20_thresh=0.9_docnorm=F_tfidf=F.csv
0.6625,0.2675,0.0,0.0,0.0,0.0,0.0,400,lists/scandinavian/list.scandinavian.attrib=shap_mpd=9_thresh=0.5_docnorm=T_tfidf=F.csv
0.37,0.6175,0.0,0.005,0.005,0.005,0.005,400,lists/scandinavian/list.scandinavian.attrib=loo_mpd=2_thresh=0.4_docnorm=F_tfidf=F.csv
0.49,0.5,0.0,0.0,0.0,0.0,0.0,400,lists/scandinavian/list.scandinavian.attrib=loo_mpd=4_thresh=0.9_docnorm=T_tfidf=T.csv
0.2825,0.71,0.0,0.0,0.0,0.0,0.0,400,lists/scandinavian/list.scandinavian.attrib=lime_mpd=6_thresh=0.3_docnorm=F_tfidf=F.csv
0.65,0.315,0.0,0.0,0.0,0.0,0.0,400,lists/scandinavian/list.scandinavian.attrib=shap_mpd=4_thresh=0.6_docnorm=T_tfidf=T.csv
0.345,0.6425,0.0,0.005,0.005,0.005,0.005,400,lists/scandinavian/list.scandinavian.attrib=loo_mpd=18_thresh=0.6_docnorm=F_tfidf=F.csv
0.3575,0.6375,0.0,0.0,0.0,0.0,0.0,400,lists/scandinavian/list.scandinavian.attrib=shap_mpd=20_thresh=0.5_docnorm=F_tfidf=T.csv
0.6075,0.3725,0.0,0.0,0.0,0.0,0.0,400,lists/scandinavian/list.scandinavian.attrib=lime_mpd=4_thresh=0.8_docnorm=T_tfidf=T.csv
0.44,0.54,0.0,0.005,0.01,0.01,0.0125,400,lists/scandinavian/list.scandinavian.attrib=loo_mpd=13_thresh=0.2_docnorm=F_tfidf=T.csv
0.4375,0.545,0.0,0.005,0.005,0.005,0.005,400,lists/scandinavian/list.scandinavian.attrib=loo_mpd=9_thresh=0.3_docnorm=F_tfidf=T.csv
0.5525,0.43,0.0,0.0,0.0,0.0,0.0,400,lists/scandinavian/list.scandinavian.attrib=loo_mpd=4_thresh=0.8_docnorm=T_tfidf=T.csv
0.4325,0.11,0.795,0.9325,0.96,0.9775,0.985,400,lists/scandinavian/list.scandinavian.attrib=loo_mpd=18_thresh=0.1_docnorm=T_tfidf=F.csv
0.375,0.615,0.0,0.0025,0.0025,0.0025,0.0025,400,lists/scandinavian/list.scandinavian.attrib=shap_mpd=3_thresh=0.1_docnorm=F_tfidf=T.csv
0.67,0.305,0.0,0.0,0.0,0.0,0.0,400,lists/scandinavian/list.scandinavian.attrib=shap_mpd=14_thresh=0.7_docnorm=T_tfidf=F.csv
0.3475,0.64,0.0,0.005,0.005,0.005,0.005,400,lists/scandinavian/list.scandinavian.attrib=loo_mpd=6_thresh=0.6_docnorm=F_tfidf=F.csv
0.645,0.3225,0.0,0.0,0.0,0.0,0.0,400,lists/scandinavian/list.scandinavian.attrib=lime_mpd=20_thresh=0.6_docnorm=T_tfidf=F.csv
0.1825,0.8075,0.0,0.0025,0.0025,0.0025,0.0025,400,lists/scandinavian/list.scandinavian.attrib=ig_mpd=13_thresh=0.3_docnorm=F_tfidf=F.csv
0.6625,0.305,0.0,0.0,0.0,0.0,0.0,400,lists/scandinavian/list.scandinavian.attrib=shap_mpd=3_thresh=0.5_docnorm=T_tfidf=F.csv
0.5225,0.18,0.0,0.2425,0.475,0.65,0.7425,400,lists/scandinavian/list.scandinavian.attrib=ig_mpd=16_thresh=0.2_docnorm=T_tfidf=F.csv
0.5425,0.4225,0.0,0.0025,0.0025,0.0025,0.0025,400,lists/scandinavian/list.scandinavian.attrib=ig_mpd=18_thresh=0.9_docnorm=T_tfidf=T.csv
0.595,0.3325,0.0,0.005,0.005,0.005,0.035,400,lists/scandinavian/list.scandinavian.attrib=loo_mpd=6_thresh=0.4_docnorm=T_tfidf=T.csv
0.4,0.595,0.0,0.0025,0.0025,0.0025,0.0025,400,lists/scandinavian/list.scandinavian.attrib=loo_mpd=2_thresh=0.9_docnorm=T_tfidf=F.csv
0.45098039215686275,0.5490196078431373,0.0,0.0,0.0,0.0,0.0,255,lists/scandinavian/list.scandinavian.attrib=lime_mpd=1_thresh=1.0_docnorm=T_tfidf=F.csv
0.6075,0.35,0.0,0.0,0.0,0.0,0.0,400,lists/scandinavian/list.scandinavian.attrib=loo_mpd=18_thresh=0.6_docnorm=T_tfidf=F.csv
0.2825,0.71,0.0,0.0,0.0,0.0,0.0,400,lists/scandinavian/list.scandinavian.attrib=lime_mpd=11_thresh=0.4_docnorm=F_tfidf=F.csv
0.4375,0.5475,0.0,0.005,0.005,0.005,0.005,400,lists/scandinavian/list.scandinavian.attrib=loo_mpd=20_thresh=0.5_docnorm=F_tfidf=T.csv
0.395,0.59,0.0,0.005,0.005,0.005,0.005,400,lists/scandinavian/list.scandinavian.attrib=loo_mpd=9_thresh=0.9_docnorm=F_tfidf=T.csv
0.5275,0.285,0.0,0.0,0.0225,0.2,0.3575,400,lists/scandinavian/list.scandinavian.attrib=ig_mpd=15_thresh=0.3_docnorm=T_tfidf=T.csv
0.5175,0.2375,0.0,0.15,0.46,0.615,0.715,400,lists/scandinavian/list.scandinavian.attrib=loo_mpd=12_thresh=0.2_docnorm=T_tfidf=F.csv
0.6075,0.335,0.0,0.0,0.0,0.0,0.0,400,lists/scandinavian/list.scandinavian.attrib=ig_mpd=7_thresh=0.6_docnorm=T_tfidf=T.csv
0.6675,0.2625,0.0,0.0,0.0,0.0,0.0,400,lists/scandinavian/list.scandinavian.attrib=shap_mpd=17_thresh=0.5_docnorm=T_tfidf=F.csv
0.175,0.815,0.0,0.0025,0.0025,0.0025,0.0025,400,lists/scandinavian/list.scandinavian.attrib=ig_mpd=11_thresh=0.2_docnorm=F_tfidf=F.csv
0.225,0.765,0.0,0.0,0.0,0.0,0.0,400,lists/scandinavian/list.scandinavian.attrib=ig_mpd=18_thresh=0.5_docnorm=F_tfidf=T.csv
0.1725,0.8175,0.0,0.0025,0.0025,0.0025,0.0025,400,lists/scandinavian/list.scandinavian.attrib=ig_mpd=8_thresh=0.7_docnorm=F_tfidf=F.csv
0.4575,0.0925,0.795,0.95,0.9775,0.985,0.9875,400,lists/scandinavian/list.scandinavian.attrib=lime_mpd=9_thresh=0.1_docnorm=T_tfidf=F.csv
0.55,0.2075,0.0,0.1875,0.49,0.655,0.7475,400,lists/scandinavian/list.scandinavian.attrib=lime_mpd=9_thresh=0.2_docnorm=T_tfidf=T.csv
0.585,0.185,0.0,0.1575,0.425,0.565,0.66,400,lists/scandinavian/list.scandinavian.attrib=shap_mpd=4_thresh=0.2_docnorm=T_tfidf=F.csv
0.5475,0.2325,0.0,0.165,0.4325,0.6025,0.6975,400,lists/scandinavian/list.scandinavian.attrib=lime_mpd=5_thresh=0.2_docnorm=T_tfidf=T.csv
0.5275,0.28,0.0,0.0,0.0225,0.2025,0.36,400,lists/scandinavian/list.scandinavian.attrib=ig_mpd=16_thresh=0.3_docnorm=T_tfidf=T.csv
0.385,0.5925,0.0,0.0,0.0,0.0,0.0,400,lists/scandinavian/list.scandinavian.attrib=ig_mpd=16_thresh=1.0_docnorm=T_tfidf=T.csv
0.455,0.0925,0.7975,0.95,0.9775,0.985,0.9875,400,lists/scandinavian/list.scandinavian.attrib=lime_mpd=13_thresh=0.1_docnorm=T_tfidf=F.csv
0.61,0.3375,0.0,0.0025,0.0025,0.0025,0.0025,400,lists/scandinavian/list.scandinavian.attrib=ig_mpd=17_thresh=0.7_docnorm=T_tfidf=T.csv
0.2825,0.71,0.0,0.0,0.0,0.0,0.0,400,lists/scandinavian/list.scandinavian.attrib=lime_mpd=7_thresh=0.9_docnorm=F_tfidf=F.csv
0.2768817204301075,0.717741935483871,0.0,0.005376344086021506,0.005376344086021506,0.005376344086021506,0.005376344086021506,372,lists/scandinavian/list.scandinavian.attrib=loo_mpd=3_thresh=1.0_docnorm=F_tfidf=F.csv
0.1925,0.7975,0.0,0.0025,0.0025,0.0025,0.0025,400,lists/scandinavian/list.scandinavian.attrib=ig_mpd=15_thresh=0.2_docnorm=F_tfidf=F.csv
0.6275,0.305,0.0,0.0,0.0,0.0,0.0,400,lists/scandinavian/list.scandinavian.attrib=ig_mpd=2_thresh=0.5_docnorm=T_tfidf=F.csv
0.3925,0.085,0.8125,0.9425,0.9675,0.9775,0.9825,400,lists/scandinavian/list.scandinavian.attrib=ig_mpd=14_thresh=0.1_docnorm=T_tfidf=F.csv
0.525,0.1775,0.0,0.2425,0.475,0.6525,0.745,400,lists/scandinavian/list.scandinavian.attrib=ig_mpd=17_thresh=0.2_docnorm=T_tfidf=F.csv
0.3316062176165803,0.6606217616580311,0.0,0.0025906735751295338,0.0025906735751295338,0.0025906735751295338,0.0025906735751295338,386,lists/scandinavian/list.scandinavian.attrib=ig_mpd=4_thresh=1.0_docnorm=T_tfidf=T.csv
0.5225,0.4625,0.0,0.0,0.0,0.0,0.0,400,lists/scandinavian/list.scandinavian.attrib=shap_mpd=11_thresh=1.0_docnorm=T_tfidf=F.csv
0.175,0.815,0.0,0.0025,0.0025,0.0025,0.0025,400,lists/scandinavian/list.scandinavian.attrib=ig_mpd=7_thresh=0.7_docnorm=F_tfidf=F.csv
0.1725,0.825,0.0,0.0025,0.0025,0.0025,0.0025,400,lists/scandinavian/list.scandinavian.attrib=ig_mpd=10_thresh=1.0_docnorm=F_tfidf=F.csv
0.3675,0.625,0.0,0.0,0.0,0.0,0.0,400,lists/scandinavian/list.scandinavian.attrib=shap_mpd=4_thresh=0.1_docnorm=F_tfidf=T.csv
0.33,0.6625,0.0,0.0,0.0,0.0,0.0,400,lists/scandinavian/list.scandinavian.attrib=lime_mpd=20_thresh=0.3_docnorm=F_tfidf=T.csv
0.57,0.41,0.0,0.0,0.0,0.0,0.0,400,lists/scandinavian/list.scandinavian.attrib=loo_mpd=18_thresh=0.9_docnorm=T_tfidf=T.csv
0.29,0.7025,0.0,0.0,0.0,0.0,0.0,400,lists/scandinavian/list.scandinavian.attrib=lime_mpd=4_thresh=1.0_docnorm=F_tfidf=F.csv
0.52,0.4675,0.0,0.0,0.0,0.0,0.0,400,lists/scandinavian/list.scandinavian.attrib=loo_mpd=3_thresh=0.8_docnorm=T_tfidf=T.csv
0.5975,0.3825,0.0,0.0,0.0,0.0,0.0,400,lists/scandinavian/list.scandinavian.attrib=shap_mpd=16_thresh=0.9_docnorm=T_tfidf=T.csv
0.345,0.6425,0.0,0.005,0.005,0.005,0.005,400,lists/scandinavian/list.scandinavian.attrib=loo_mpd=16_thresh=0.6_docnorm=F_tfidf=F.csv
0.58,0.375,0.0,0.0,0.0,0.0,0.0,400,lists/scandinavian/list.scandinavian.attrib=ig_mpd=3_thresh=0.6_docnorm=T_tfidf=T.csv
0.31,0.6825,0.0,0.0,0.0,0.0,0.0,400,lists/scandinavian/list.scandinavian.attrib=lime_mpd=3_thresh=0.5_docnorm=F_tfidf=F.csv
0.445,0.54,0.0,0.0,0.0,0.0,0.0,400,lists/scandinavian/list.scandinavian.attrib=lime_mpd=1_thresh=0.7_docnorm=F_tfidf=T.csv
0.46,0.1,0.7225,0.88,0.945,0.965,0.98,400,lists/scandinavian/list.scandinavian.attrib=lime_mpd=5_thresh=0.1_docnorm=T_tfidf=T.csv
0.6175,0.3575,0.0,0.0,0.0,0.0,0.0,400,lists/scandinavian/list.scandinavian.attrib=lime_mpd=16_thresh=0.8_docnorm=T_tfidf=F.csv
0.355,0.6375,0.0,0.0,0.0,0.0,0.0,400,lists/scandinavian/list.scandinavian.attrib=shap_mpd=18_thresh=0.4_docnorm=F_tfidf=T.csv
0.35,0.6375,0.0,0.005,0.005,0.005,0.005,400,lists/scandinavian/list.scandinavian.attrib=loo_mpd=13_thresh=0.2_docnorm=F_tfidf=F.csv
0.52,0.23,0.0,0.2125,0.5325,0.6825,0.79,400,lists/scandinavian/list.scandinavian.attrib=lime_mpd=11_thresh=0.2_docnorm=T_tfidf=F.csv
0.6125,0.3675,0.0,0.0,0.0,0.0,0.0,400,lists/scandinavian/list.scandinavian.attrib=loo_mpd=5_thresh=0.7_docnorm=T_tfidf=F.csv
0.22,0.7725,0.0,0.0,0.0,0.0,0.0,400,lists/scandinavian/list.scandinavian.attrib=ig_mpd=8_thresh=0.9_docnorm=F_tfidf=T.csv
0.64,0.335,0.0,0.0,0.0,0.0,0.0,400,lists/scandinavian/list.scandinavian.attrib=shap_mpd=1_thresh=0.5_docnorm=T_tfidf=T.csv
0.37,0.6175,0.0,0.005,0.005,0.005,0.005,400,lists/scandinavian/list.scandinavian.attrib=loo_mpd=2_thresh=0.5_docnorm=F_tfidf=F.csv
0.595,0.305,0.0,0.0,0.0,0.0025,0.0725,400,lists/scandinavian/list.scandinavian.attrib=lime_mpd=6_thresh=0.4_docnorm=T_tfidf=F.csv
0.33,0.6625,0.0,0.0,0.0,0.0,0.0,400,lists/scandinavian/list.scandinavian.attrib=lime_mpd=20_thresh=0.4_docnorm=F_tfidf=T.csv
0.63,0.3425,0.0,0.0,0.0,0.0,0.0,400,lists/scandinavian/list.scandinavian.attrib=shap_mpd=4_thresh=0.8_docnorm=T_tfidf=F.csv
0.6,0.38,0.0,0.0,0.0,0.0,0.0,400,lists/scandinavian/list.scandinavian.attrib=shap_mpd=12_thresh=0.9_docnorm=T_tfidf=F.csv
0.215,0.7775,0.0,0.0,0.0,0.0,0.0,400,lists/scandinavian/list.scandinavian.attrib=ig_mpd=8_thresh=0.6_docnorm=F_tfidf=T.csv
0.6075,0.335,0.0,0.0025,0.0025,0.0025,0.0025,400,lists/scandinavian/list.scandinavian.attrib=ig_mpd=7_thresh=0.7_docnorm=T_tfidf=F.csv
0.2875,0.705,0.0,0.0,0.0,0.0,0.0,400,lists/scandinavian/list.scandinavian.attrib=lime_mpd=20_thresh=0.5_docnorm=F_tfidf=F.csv
0.4075,0.5825,0.0,0.0,0.0,0.0,0.0,400,lists/scandinavian/list.scandinavian.attrib=lime_mpd=2_thresh=0.4_docnorm=F_tfidf=T.csv
0.44,0.555,0.0,0.0,0.0,0.0,0.0,400,lists/scandinavian/list.scandinavian.attrib=loo_mpd=3_thresh=0.9_docnorm=T_tfidf=F.csv
0.2525,0.7325,0.0,0.0,0.0,0.0,0.0,400,lists/scandinavian/list.scandinavian.attrib=ig_mpd=1_thresh=0.5_docnorm=F_tfidf=F.csv
0.1925,0.7975,0.0,0.0025,0.0025,0.0025,0.0025,400,lists/scandinavian/list.scandinavian.attrib=ig_mpd=3_thresh=0.9_docnorm=F_tfidf=F.csv
0.3325,0.6575,0.0,0.0,0.0,0.0,0.0,400,lists/scandinavian/list.scandinavian.attrib=lime_mpd=5_thresh=0.8_docnorm=F_tfidf=T.csv
0.4425,0.11,0.715,0.8825,0.9525,0.9775,0.99,400,lists/scandinavian/list.scandinavian.attrib=loo_mpd=17_thresh=0.1_docnorm=T_tfidf=T.csv
0.3475,0.64,0.0,0.005,0.005,0.005,0.005,400,lists/scandinavian/list.scandinavian.attrib=loo_mpd=19_thresh=0.1_docnorm=F_tfidf=F.csv
0.5925,0.34,0.0,0.0,0.0,0.0,0.0,400,lists/scandinavian/list.scandinavian.attrib=ig_mpd=12_thresh=0.5_docnorm=T_tfidf=T.csv
0.395,0.5925,0.0,0.0025,0.0025,0.0025,0.0025,400,lists/scandinavian/list.scandinavian.attrib=shap_mpd=2_thresh=0.9_docnorm=F_tfidf=T.csv
0.3925,0.0875,0.81,0.94,0.965,0.975,0.9825,400,lists/scandinavian/list.scandinavian.attrib=ig_mpd=13_thresh=0.1_docnorm=T_tfidf=F.csv
0.6575,0.305,0.0,0.0,0.0,0.0,0.0,400,lists/scandinavian/list.scandinavian.attrib=shap_mpd=3_thresh=0.5_docnorm=T_tfidf=T.csv
0.485,0.25,0.0,0.2275,0.5125,0.6525,0.735,400,lists/scandinavian/list.scandinavian.attrib=ig_mpd=15_thresh=0.2_docnorm=T_tfidf=T.csv
0.1925,0.7925,0.0,0.0025,0.0025,0.0025,0.0025,400,lists/scandinavian/list.scandinavian.attrib=ig_mpd=17_thresh=0.4_docnorm=F_tfidf=F.csv
0.3525,0.635,0.0,0.005,0.005,0.005,0.005,400,lists/scandinavian/list.scandinavian.attrib=loo_mpd=4_thresh=0.4_docnorm=F_tfidf=F.csv
0.6175,0.335,0.0,0.0,0.0,0.0,0.0,400,lists/scandinavian/list.scandinavian.attrib=loo_mpd=10_thresh=0.5_docnorm=T_tfidf=F.csv
0.605,0.34,0.0,0.0,0.0,0.0,0.0,400,lists/scandinavian/list.scandinavian.attrib=ig_mpd=17_thresh=0.6_docnorm=T_tfidf=T.csv
0.515,0.26,0.0,0.1925,0.4725,0.6225,0.73,400,lists/scandinavian/list.scandinavian.attrib=lime_mpd=5_thresh=0.2_docnorm=T_tfidf=F.csv
0.5,0.465,0.0,0.0025,0.0025,0.0025,0.0025,400,lists/scandinavian/list.scandinavian.attrib=ig_mpd=5_thresh=0.9_docnorm=T_tfidf=T.csv
0.1825,0.8075,0.0,0.0025,0.0025,0.0025,0.0025,400,lists/scandinavian/list.scandinavian.attrib=ig_mpd=13_thresh=0.4_docnorm=F_tfidf=F.csv
0.375,0.6175,0.0,0.0025,0.0025,0.0025,0.0025,400,lists/scandinavian/list.scandinavian.attrib=shap_mpd=3_thresh=0.5_docnorm=F_tfidf=T.csv
0.2,0.7875,0.0,0.0025,0.0025,0.0025,0.0025,400,lists/scandinavian/list.scandinavian.attrib=ig_mpd=2_thresh=0.5_docnorm=F_tfidf=F.csv
0.6175,0.26,0.0,0.0,0.0,0.0,0.065,400,lists/scandinavian/list.scandinavian.attrib=ig_mpd=13_thresh=0.4_docnorm=T_tfidf=F.csv
0.2175,0.775,0.0,0.0,0.0,0.0,0.0,400,lists/scandinavian/list.scandinavian.attrib=ig_mpd=6_thresh=0.9_docnorm=F_tfidf=T.csv
0.675,0.3,0.0,0.0,0.0,0.0,0.0,400,lists/scandinavian/list.scandinavian.attrib=shap_mpd=18_thresh=0.7_docnorm=T_tfidf=F.csv
0.5575,0.4225,0.0,0.0,0.0,0.0,0.0,400,lists/scandinavian/list.scandinavian.attrib=lime_mpd=11_thresh=0.9_docnorm=T_tfidf=F.csv
0.3425,0.645,0.0,0.005,0.005,0.005,0.005,400,lists/scandinavian/list.scandinavian.attrib=loo_mpd=18_thresh=0.8_docnorm=F_tfidf=F.csv
0.41,0.1575,0.67,0.8425,0.895,0.9325,0.945,400,lists/scandinavian/list.scandinavian.attrib=ig_mpd=5_thresh=0.1_docnorm=T_tfidf=T.csv
0.59,0.34,0.0,0.0025,0.0025,0.0025,0.0325,400,lists/scandinavian/list.scandinavian.attrib=loo_mpd=7_thresh=0.4_docnorm=T_tfidf=T.csv
0.33,0.6575,0.0,0.005,0.005,0.005,0.005,400,lists/scandinavian/list.scandinavian.attrib=loo_mpd=16_thresh=0.9_docnorm=F_tfidf=F.csv
0.225,0.765,0.0,0.0,0.0,0.0,0.0,400,lists/scandinavian/list.scandinavian.attrib=ig_mpd=17_thresh=0.6_docnorm=F_tfidf=T.csv
0.3525,0.635,0.0,0.005,0.005,0.005,0.0075,400,lists/scandinavian/list.scandinavian.attrib=loo_mpd=6_thresh=0.3_docnorm=F_tfidf=F.csv
0.47,0.5225,0.0,0.0025,0.0025,0.0025,0.0025,400,lists/scandinavian/list.scandinavian.attrib=shap_mpd=3_thresh=1.0_docnorm=T_tfidf=T.csv
0.6375,0.195,0.0,0.0,0.01,0.1775,0.355,400,lists/scandinavian/list.scandinavian.attrib=shap_mpd=12_thresh=0.3_docnorm=T_tfidf=F.csv
0.415,0.58,0.0,0.0025,0.0025,0.0025,0.0025,400,lists/scandinavian/list.scandinavian.attrib=loo_mpd=8_thresh=1.0_docnorm=T_tfidf=T.csv
0.445,0.545,0.0,0.0,0.0,0.0,0.0,400,lists/scandinavian/list.scandinavian.attrib=loo_mpd=13_thresh=1.0_docnorm=T_tfidf=T.csv
0.4325,0.555,0.0,0.005,0.005,0.005,0.005,400,lists/scandinavian/list.scandinavian.attrib=loo_mpd=19_thresh=0.6_docnorm=F_tfidf=T.csv
0.61,0.285,0.0,0.0,0.0,0.0025,0.08,400,lists/scandinavian/list.scandinavian.attrib=lime_mpd=7_thresh=0.4_docnorm=T_tfidf=F.csv
0.3125,0.675,0.0,0.005,0.005,0.005,0.005,400,lists/scandinavian/list.scandinavian.attrib=loo_mpd=20_thresh=1.0_docnorm=F_tfidf=F.csv
0.535,0.45,0.0,0.0,0.0,0.0,0.0,400,lists/scandinavian/list.scandinavian.attrib=shap_mpd=20_thresh=1.0_docnorm=T_tfidf=F.csv
0.6425,0.3275,0.0,0.0,0.0,0.0,0.0,400,lists/scandinavian/list.scandinavian.attrib=lime_mpd=8_thresh=0.6_docnorm=T_tfidf=T.csv
0.625,0.3525,0.0,0.0,0.0,0.0,0.0,400,lists/scandinavian/list.scandinavian.attrib=lime_mpd=10_thresh=0.8_docnorm=T_tfidf=T.csv
0.3325,0.6575,0.0,0.0,0.0,0.0,0.0,400,lists/scandinavian/list.scandinavian.attrib=lime_mpd=7_thresh=0.9_docnorm=F_tfidf=T.csv
0.48,0.1525,0.4375,0.6675,0.77,0.825,0.86,400,lists/scandinavian/list.scandinavian.attrib=shap_mpd=1_thresh=0.1_docnorm=T_tfidf=T.csv
0.3425,0.65,0.0,0.0,0.0,0.0,0.0,400,lists/scandinavian/list.scandinavian.attrib=shap_mpd=15_thresh=1.0_docnorm=F_tfidf=T.csv
0.625,0.2625,0.0,0.0,0.0,0.0,0.1075,400,lists/scandinavian/list.scandinavian.attrib=shap_mpd=14_thresh=0.4_docnorm=T_tfidf=T.csv
0.6125,0.3275,0.0,0.0,0.0,0.0,0.0,400,lists/scandinavian/list.scandinavian.attrib=loo_mpd=18_thresh=0.5_docnorm=T_tfidf=F.csv
0.42,0.565,0.0,0.005,0.005,0.005,0.005,400,lists/scandinavian/list.scandinavian.attrib=loo_mpd=6_thresh=0.7_docnorm=F_tfidf=T.csv
0.355,0.6375,0.0,0.0,0.0,0.0,0.0,400,lists/scandinavian/list.scandinavian.attrib=shap_mpd=11_thresh=0.3_docnorm=F_tfidf=T.csv
0.4,0.585,0.0,0.005,0.005,0.005,0.005,400,lists/scandinavian/list.scandinavian.attrib=loo_mpd=17_thresh=0.9_docnorm=F_tfidf=T.csv
0.6,0.3775,0.0,0.0,0.0,0.0,0.0,400,lists/scandinavian/list.scandinavian.attrib=loo_mpd=9_thresh=0.8_docnorm=T_tfidf=T.csv
0.3925,0.5925,0.0,0.005,0.005,0.005,0.005,400,lists/scandinavian/list.scandinavian.attrib=loo_mpd=11_thresh=0.9_docnorm=F_tfidf=T.csv
0.5375,0.4425,0.0,0.0,0.0,0.0,0.0,400,lists/scandinavian/list.scandinavian.attrib=shap_mpd=18_thresh=1.0_docnorm=T_tfidf=T.csv
0.455,0.0925,0.7975,0.95,0.9775,0.985,0.9875,400,lists/scandinavian/list.scandinavian.attrib=lime_mpd=12_thresh=0.1_docnorm=T_tfidf=F.csv
0.3325,0.6575,0.0,0.0,0.0,0.0,0.0,400,lists/scandinavian/list.scandinavian.attrib=lime_mpd=8_thresh=0.6_docnorm=F_tfidf=T.csv
0.555,0.24,0.0,0.125,0.3575,0.5175,0.6075,400,lists/scandinavian/list.scandinavian.attrib=lime_mpd=3_thresh=0.2_docnorm=T_tfidf=T.csv
0.67,0.275,0.0,0.0,0.0,0.0,0.0,400,lists/scandinavian/list.scandinavian.attrib=shap_mpd=6_thresh=0.5_docnorm=T_tfidf=F.csv
0.6725,0.2825,0.0,0.0,0.0,0.0,0.0,400,lists/scandinavian/list.scandinavian.attrib=shap_mpd=19_thresh=0.6_docnorm=T_tfidf=F.csv
0.28,0.7125,0.0,0.0,0.0,0.0,0.0,400,lists/scandinavian/list.scandinavian.attrib=lime_mpd=9_thresh=0.3_docnorm=F_tfidf=F.csv
0.485,0.245,0.0,0.2125,0.4975,0.6375,0.725,400,lists/scandinavian/list.scandinavian.attrib=ig_mpd=12_thresh=0.2_docnorm=T_tfidf=T.csv
0.615,0.3375,0.0,0.0,0.0,0.0,0.0,400,lists/scandinavian/list.scandinavian.attrib=loo_mpd=11_thresh=0.5_docnorm=T_tfidf=T.csv
0.6125,0.245,0.0,0.0,0.01,0.145,0.3,400,lists/scandinavian/list.scandinavian.attrib=shap_mpd=8_thresh=0.3_docnorm=T_tfidf=T.csv
0.34,0.65,0.0,0.0,0.0,0.0,0.0,400,lists/scandinavian/list.scandinavian.attrib=lime_mpd=4_thresh=0.6_docnorm=F_tfidf=T.csv
0.615,0.3525,0.0,0.0,0.0,0.0,0.0,400,lists/scandinavian/list.scandinavian.attrib=loo_mpd=9_thresh=0.7_docnorm=T_tfidf=F.csv
0.46,0.0625,0.7625,0.935,0.97,0.99,0.99,400,lists/scandinavian/list.scandinavian.attrib=shap_mpd=14_thresh=0.1_docnorm=T_tfidf=F.csv
0.4425,0.1075,0.7175,0.885,0.9525,0.9775,0.99,400,lists/scandinavian/list.scandinavian.attrib=loo_mpd=18_thresh=0.1_docnorm=T_tfidf=T.csv
0.64,0.195,0.0,0.0,0.01,0.1775,0.355,400,lists/scandinavian/list.scandinavian.attrib=shap_mpd=13_thresh=0.3_docnorm=T_tfidf=F.csv
0.315,0.675,0.0,0.0025,0.0025,0.0025,0.0025,400,lists/scandinavian/list.scandinavian.attrib=shap_mpd=18_thresh=0.2_docnorm=F_tfidf=F.csv
0.3625,0.6225,0.0,0.005,0.005,0.005,0.005,400,lists/scandinavian/list.scandinavian.attrib=loo_mpd=17_thresh=1.0_docnorm=F_tfidf=T.csv
0.6,0.38,0.0,0.0,0.0,0.0,0.0,400,lists/scandinavian/list.scandinavian.attrib=shap_mpd=3_thresh=0.8_docnorm=T_tfidf=T.csv
0.5075,0.4625,0.0,0.0025,0.0025,0.0025,0.0025,400,lists/scandinavian/list.scandinavian.attrib=ig_mpd=15_thresh=0.9_docnorm=T_tfidf=F.csv
0.1825,0.8075,0.0,0.0025,0.0025,0.0025,0.0025,400,lists/scandinavian/list.scandinavian.attrib=ig_mpd=13_thresh=0.6_docnorm=F_tfidf=F.csv
0.3275,0.665,0.0,0.0,0.0,0.0,0.0,400,lists/scandinavian/list.scandinavian.attrib=lime_mpd=18_thresh=0.8_docnorm=F_tfidf=T.csv
0.4425,0.535,0.0,0.0075,0.0125,0.015,0.0175,400,lists/scandinavian/list.scandinavian.attrib=loo_mpd=7_thresh=0.1_docnorm=F_tfidf=T.csv
0.5075,0.4625,0.0,0.0025,0.0025,0.0025,0.0025,400,lists/scandinavian/list.scandinavian.attrib=ig_mpd=14_thresh=0.9_docnorm=T_tfidf=F.csv
0.4575,0.13,0.7125,0.88,0.9375,0.95,0.9575,400,lists/scandinavian/list.scandinavian.attrib=lime_mpd=3_thresh=0.1_docnorm=T_tfidf=F.csv
0.195,0.795,0.0,0.0025,0.0025,0.0025,0.0025,400,lists/scandinavian/list.scandinavian.attrib=ig_mpd=3_thresh=0.2_docnorm=F_tfidf=F.csv
0.2175,0.775,0.0,0.0,0.0,0.0,0.0,400,lists/scandinavian/list.scandinavian.attrib=ig_mpd=4_thresh=0.6_docnorm=F_tfidf=T.csv
0.545,0.335,0.0,0.0,0.0,0.0,0.0625,400,lists/scandinavian/list.scandinavian.attrib=ig_mpd=6_thresh=0.4_docnorm=T_tfidf=T.csv
0.1825,0.8075,0.0,0.0025,0.0025,0.0025,0.0025,400,lists/scandinavian/list.scandinavian.attrib=ig_mpd=14_thresh=0.6_docnorm=F_tfidf=F.csv
0.435,0.5575,0.0,0.0025,0.0025,0.0025,0.0025,400,lists/scandinavian/list.scandinavian.attrib=loo_mpd=2_thresh=0.9_docnorm=T_tfidf=T.csv
0.465,0.1,0.67,0.8825,0.94,0.975,0.99,400,lists/scandinavian/list.scandinavian.attrib=shap_mpd=6_thresh=0.1_docnorm=T_tfidf=T.csv
0.54,0.26,0.0,0.0825,0.295,0.4275,0.515,400,lists/scandinavian/list.scandinavian.attrib=loo_mpd=6_thresh=0.2_docnorm=T_tfidf=T.csv
0.6225,0.245,0.0,0.0,0.0,0.0,0.0825,400,lists/scandinavian/list.scandinavian.attrib=ig_mpd=20_thresh=0.4_docnorm=T_tfidf=F.csv
0.6075,0.34,0.0,0.0025,0.0025,0.0025,0.0025,400,lists/scandinavian/list.scandinavian.attrib=ig_mpd=15_thresh=0.7_docnorm=T_tfidf=T.csv
0.545,0.435,0.0,0.0,0.0,0.0,0.0,400,lists/scandinavian/list.scandinavian.attrib=loo_mpd=15_thresh=0.9_docnorm=T_tfidf=F.csv
0.225,0.765,0.0,0.0,0.0,0.0,0.0,400,lists/scandinavian/list.scandinavian.attrib=ig_mpd=19_thresh=0.7_docnorm=F_tfidf=T.csv
0.285,0.7075,0.0,0.0,0.0,0.0,0.0,400,lists/scandinavian/list.scandinavian.attrib=lime_mpd=15_thresh=0.6_docnorm=F_tfidf=F.csv
0.435,0.5525,0.0,0.005,0.005,0.005,0.005,400,lists/scandinavian/list.scandinavian.attrib=loo_mpd=6_thresh=0.5_docnorm=F_tfidf=T.csv
0.5325,0.2475,0.0,0.1175,0.3775,0.5375,0.6275,400,lists/scandinavian/list.scandinavian.attrib=loo_mpd=11_thresh=0.2_docnorm=T_tfidf=T.csv
0.33,0.6625,0.0,0.0,0.0,0.0,0.0,400,lists/scandinavian/list.scandinavian.attrib=lime_mpd=12_thresh=0.1_docnorm=F_tfidf=T.csv
0.5975,0.385,0.0,0.0,0.0,0.0,0.0,400,lists/scandinavian/list.scandinavian.attrib=shap_mpd=20_thresh=0.9_docnorm=T_tfidf=F.csv
0.6425,0.33,0.0,0.0,0.0,0.0,0.0,400,lists/scandinavian/list.scandinavian.attrib=lime_mpd=9_thresh=0.7_docnorm=T_tfidf=T.csv
0.355,0.635,0.0,0.0025,0.0025,0.0025,0.0025,400,lists/scandinavian/list.scandinavian.attrib=shap_mpd=7_thresh=0.1_docnorm=F_tfidf=T.csv
0.61,0.3625,0.0,0.0,0.0,0.0,0.0,400,lists/scandinavian/list.scandinavian.attrib=lime_mpd=2_thresh=0.7_docnorm=T_tfidf=T.csv
0.315,0.675,0.0,0.0025,0.0025,0.0025,0.0025,400,lists/scandinavian/list.scandinavian.attrib=shap_mpd=13_thresh=0.6_docnorm=F_tfidf=F.csv
0.36,0.6325,0.0,0.0025,0.0025,0.0025,0.0025,400,lists/scandinavian/list.scandinavian.attrib=shap_mpd=7_thresh=0.7_docnorm=F_tfidf=T.csv
0.335,0.6525,0.0,0.005,0.005,0.005,0.005,400,lists/scandinavian/list.scandinavian.attrib=loo_mpd=5_thresh=0.8_docnorm=F_tfidf=F.csv
0.445,0.125,0.6475,0.83,0.92,0.955,0.98,400,lists/scandinavian/list.scandinavian.attrib=loo_mpd=7_thresh=0.1_docnorm=T_tfidf=T.csv
0.5875,0.365,0.0,0.0,0.0,0.0,0.0,400,lists/scandinavian/list.scandinavian.attrib=ig_mpd=4_thresh=0.6_docnorm=T_tfidf=T.csv
0.5525,0.4325,0.0,0.0,0.0,0.0,0.0,400,lists/scandinavian/list.scandinavian.attrib=loo_mpd=5_thresh=0.8_docnorm=T_tfidf=F.csv
0.6125,0.34,0.0,0.0,0.0,0.0,0.0,400,lists/scandinavian/list.scandinavian.attrib=loo_mpd=12_thresh=0.5_docnorm=T_tfidf=T.csv
0.4575,0.11,0.77,0.9325,0.97,0.9775,0.98,400,lists/scandinavian/list.scandinavian.attrib=lime_mpd=5_thresh=0.1_docnorm=T_tfidf=F.csv
0.3725,0.6225,0.0,0.0,0.0,0.0,0.0,400,lists/scandinavian/list.scandinavian.attrib=shap_mpd=4_thresh=0.5_docnorm=F_tfidf=T.csv
0.1725,0.8175,0.0,0.0025,0.0025,0.0025,0.0025,400,lists/scandinavian/list.scandinavian.attrib=ig_mpd=8_thresh=0.6_docnorm=F_tfidf=F.csv
0.1925,0.7925,0.0,0.0025,0.0025,0.0025,0.0025,400,lists/scandinavian/list.scandinavian.attrib=ig_mpd=17_thresh=0.3_docnorm=F_tfidf=F.csv
0.3575,0.6375,0.0,0.0,0.0,0.0,0.0,400,lists/scandinavian/list.scandinavian.attrib=shap_mpd=14_thresh=0.8_docnorm=F_tfidf=T.csv
0.6,0.3425,0.0,0.0,0.0,0.0,0.01,400,lists/scandinavian/list.scandinavian.attrib=loo_mpd=4_thresh=0.4_docnorm=T_tfidf=F.csv
0.3175,0.675,0.0,0.0025,0.0025,0.0025,0.0025,400,lists/scandinavian/list.scandinavian.attrib=shap_mpd=13_thresh=1.0_docnorm=F_tfidf=F.csv
0.6075,0.3325,0.0,0.0,0.0,0.0,0.0,400,lists/scandinavian/list.scandinavian.attrib=ig_mpd=9_thresh=0.6_docnorm=T_tfidf=T.csv
0.345,0.645,0.0,0.0,0.0,0.0,0.0,400,lists/scandinavian/list.scandinavian.attrib=lime_mpd=3_thresh=0.5_docnorm=F_tfidf=T.csv
0.3475,0.64,0.0,0.005,0.005,0.005,0.005,400,lists/scandinavian/list.scandinavian.attrib=loo_mpd=12_thresh=0.7_docnorm=F_tfidf=F.csv
0.2594458438287154,0.7355163727959698,0.0,0.005037783375314861,0.005037783375314861,0.005037783375314861,0.005037783375314861,397,lists/scandinavian/list.scandinavian.attrib=loo_mpd=4_thresh=1.0_docnorm=F_tfidf=F.csv
0.2225,0.7675,0.0,0.0,0.0,0.0,0.0,400,lists/scandinavian/list.scandinavian.attrib=ig_mpd=15_thresh=0.1_docnorm=F_tfidf=T.csv
0.5975,0.385,0.0,0.0,0.0,0.0,0.0,400,lists/scandinavian/list.scandinavian.attrib=shap_mpd=6_thresh=0.9_docnorm=T_tfidf=F.csv
0.405,0.585,0.0,0.0025,0.0025,0.0025,0.0075,400,lists/scandinavian/list.scandinavian.attrib=loo_mpd=1_thresh=0.2_docnorm=F_tfidf=F.csv
0.5675,0.3875,0.0,0.0,0.0,0.0,0.0075,400,lists/scandinavian/list.scandinavian.attrib=lime_mpd=2_thresh=0.4_docnorm=T_tfidf=F.csv
0.6525,0.29,0.0,0.0,0.0,0.0,0.0,400,lists/scandinavian/list.scandinavian.attrib=shap_mpd=7_thresh=0.5_docnorm=T_tfidf=T.csv
0.44,0.54,0.0,0.005,0.01,0.01,0.0125,400,lists/scandinavian/list.scandinavian.attrib=loo_mpd=20_thresh=0.2_docnorm=F_tfidf=T.csv
0.36,0.635,0.0,0.0,0.0,0.0,0.0,400,lists/scandinavian/list.scandinavian.attrib=shap_mpd=10_thresh=0.6_docnorm=F_tfidf=T.csv
0.5775,0.3725,0.0,0.0,0.0,0.0,0.005,400,lists/scandinavian/list.scandinavian.attrib=ig_mpd=2_thresh=0.4_docnorm=T_tfidf=T.csv
0.3325,0.6575,0.0,0.0,0.0,0.0,0.0,400,lists/scandinavian/list.scandinavian.attrib=lime_mpd=7_thresh=0.4_docnorm=F_tfidf=T.csv
0.3325,0.66,0.0,0.0,0.0,0.0,0.0,400,lists/scandinavian/list.scandinavian.attrib=lime_mpd=11_thresh=0.3_docnorm=F_tfidf=T.csv
0.315,0.675,0.0,0.0025,0.0025,0.0025,0.0025,400,lists/scandinavian/list.scandinavian.attrib=shap_mpd=16_thresh=0.8_docnorm=F_tfidf=F.csv
0.33,0.6625,0.0,0.0,0.0,0.0,0.0,400,lists/scandinavian/list.scandinavian.attrib=lime_mpd=15_thresh=0.4_docnorm=F_tfidf=T.csv
0.315,0.675,0.0,0.0025,0.0025,0.0025,0.0025,400,lists/scandinavian/list.scandinavian.attrib=shap_mpd=14_thresh=0.9_docnorm=F_tfidf=F.csv
0.215,0.7775,0.0,0.0,0.0,0.0,0.0,400,lists/scandinavian/list.scandinavian.attrib=ig_mpd=7_thresh=0.1_docnorm=F_tfidf=T.csv
0.2925,0.7,0.0,0.0,0.0,0.0,0.0,400,lists/scandinavian/list.scandinavian.attrib=lime_mpd=4_thresh=0.7_docnorm=F_tfidf=F.csv
0.38308457711442784,0.6169154228855721,0.0,0.0,0.0,0.0,0.0,201,lists/scandinavian/list.scandinavian.attrib=loo_mpd=1_thresh=1.0_docnorm=F_tfidf=T.csv
0.1625,0.8375,0.0,0.0,0.0,0.0,0.0,400,lists/scandinavian/list.scandinavian.attrib=ig_mpd=5_thresh=1.0_docnorm=F_tfidf=F.csv
0.315,0.675,0.0,0.0025,0.0025,0.0025,0.0025,400,lists/scandinavian/list.scandinavian.attrib=shap_mpd=16_thresh=0.7_docnorm=F_tfidf=F.csv
0.62,0.295,0.0,0.0,0.0,0.0,0.0,400,lists/scandinavian/list.scandinavian.attrib=ig_mpd=15_thresh=0.5_docnorm=T_tfidf=F.csv
0.45,0.11,0.7425,0.905,0.9475,0.97,0.98,400,lists/scandinavian/list.scandinavian.attrib=loo_mpd=8_thresh=0.1_docnorm=T_tfidf=F.csv
0.6325,0.33,0.0,0.0,0.0,0.0,0.0025,400,lists/scandinavian/list.scandinavian.attrib=shap_mpd=1_thresh=0.4_docnorm=T_tfidf=T.csv
0.3825,0.615,0.0,0.0025,0.0025,0.0025,0.0025,400,lists/scandinavian/list.scandinavian.attrib=loo_mpd=7_thresh=1.0_docnorm=T_tfidf=F.csv
0.31,0.6825,0.0,0.0,0.0,0.0,0.0,400,lists/scandinavian/list.scandinavian.attrib=lime_mpd=3_thresh=0.2_docnorm=F_tfidf=F.csv
0.225,0.7675,0.0,0.0,0.0,0.0,0.0,400,lists/scandinavian/list.scandinavian.attrib=ig_mpd=14_thresh=0.5_docnorm=F_tfidf=T.csv
0.3575,0.635,0.0,0.0025,0.0025,0.0025,0.0025,400,lists/scandinavian/list.scandinavian.attrib=shap_mpd=7_thresh=0.8_docnorm=F_tfidf=T.csv
0.53,0.285,0.0,0.0,0.025,0.2125,0.365,400,lists/scandinavian/list.scandinavian.attrib=ig_mpd=19_thresh=0.3_docnorm=T_tfidf=T.csv
0.31,0.6825,0.0,0.0,0.0,0.0,0.0,400,lists/scandinavian/list.scandinavian.attrib=lime_mpd=3_thresh=0.1_docnorm=F_tfidf=F.csv
0.5225,0.25,0.0,0.1575,0.4425,0.605,0.7,400,lists/scandinavian/list.scandinavian.attrib=loo_mpd=18_thresh=0.2_docnorm=T_tfidf=T.csv
0.355,0.6375,0.0,0.0,0.0,0.0,0.0,400,lists/scandinavian/list.scandinavian.attrib=shap_mpd=11_thresh=0.2_docnorm=F_tfidf=T.csv
0.56,0.42,0.0,0.0,0.0,0.0,0.0,400,lists/scandinavian/list.scandinavian.attrib=lime_mpd=17_thresh=0.9_docnorm=T_tfidf=F.csv
0.4775,0.5125,0.0,0.0,0.0,0.0,0.0,400,lists/scandinavian/list.scandinavian.attrib=lime_mpd=1_thresh=0.8_docnorm=T_tfidf=F.csv
0.625,0.2675,0.0,0.0025,0.0025,0.0025,0.0925,400,lists/scandinavian/list.scandinavian.attrib=shap_mpd=10_thresh=0.4_docnorm=T_tfidf=T.csv
0.315,0.675,0.0,0.0025,0.0025,0.0025,0.0025,400,lists/scandinavian/list.scandinavian.attrib=shap_mpd=14_thresh=0.7_docnorm=F_tfidf=F.csv
0.4675,0.5125,0.0,0.0,0.0,0.0,0.0,400,lists/scandinavian/list.scandinavian.attrib=lime_mpd=19_thresh=1.0_docnorm=T_tfidf=T.csv
0.5575,0.4225,0.0,0.0,0.0,0.0,0.0,400,lists/scandinavian/list.scandinavian.attrib=loo_mpd=13_thresh=0.9_docnorm=T_tfidf=T.csv
0.3475,0.64,0.0,0.005,0.005,0.005,0.005,400,lists/scandinavian/list.scandinavian.attrib=loo_mpd=19_thresh=0.3_docnorm=F_tfidf=F.csv
0.33,0.6625,0.0,0.0,0.0,0.0,0.0,400,lists/scandinavian/list.scandinavian.attrib=lime_mpd=13_thresh=0.7_docnorm=F_tfidf=T.csv
0.285,0.7075,0.0,0.0,0.0,0.0,0.0,400,lists/scandinavian/list.scandinavian.attrib=lime_mpd=13_thresh=0.8_docnorm=F_tfidf=F.csv
0.64,0.3225,0.0,0.0,0.0,0.0,0.0,400,lists/scandinavian/list.scandinavian.attrib=shap_mpd=3_thresh=0.6_docnorm=T_tfidf=T.csv
0.59,0.3175,0.0,0.0,0.0,0.0,0.0,400,lists/scandinavian/list.scandinavian.attrib=ig_mpd=5_thresh=0.5_docnorm=T_tfidf=F.csv
0.2225,0.77,0.0,0.0,0.0,0.0,0.0,400,lists/scandinavian/list.scandinavian.attrib=ig_mpd=10_thresh=0.3_docnorm=F_tfidf=T.csv
0.3575,0.6375,0.0,0.0,0.0,0.0,0.0,400,lists/scandinavian/list.scandinavian.attrib=shap_mpd=13_thresh=0.5_docnorm=F_tfidf=T.csv
0.51,0.1875,0.0,0.225,0.46,0.645,0.74,400,lists/scandinavian/list.scandinavian.attrib=ig_mpd=13_thresh=0.2_docnorm=T_tfidf=F.csv
0.42578125,0.57421875,0.0,0.0,0.0,0.0,0.0,256,lists/scandinavian/list.scandinavian.attrib=lime_mpd=1_thresh=1.0_docnorm=F_tfidf=T.csv
0.575,0.3525,0.0,0.0,0.0,0.0,0.0,400,lists/scandinavian/list.scandinavian.attrib=ig_mpd=7_thresh=0.5_docnorm=T_tfidf=T.csv
0.6125,0.2525,0.0,0.0,0.02,0.2075,0.3775,400,lists/scandinavian/list.scandinavian.attrib=lime_mpd=18_thresh=0.3_docnorm=T_tfidf=T.csv
0.29745042492917845,0.6968838526912181,0.0,0.0028328611898017,0.0028328611898017,0.0028328611898017,0.0028328611898017,353,lists/scandinavian/list.scandinavian.attrib=ig_mpd=3_thresh=1.0_docnorm=T_tfidf=F.csv
0.315,0.675,0.0,0.0025,0.0025,0.0025,0.0025,400,lists/scandinavian/list.scandinavian.attrib=shap_mpd=14_thresh=0.2_docnorm=F_tfidf=F.csv
0.285,0.7075,0.0,0.0,0.0,0.0,0.0,400,lists/scandinavian/list.scandinavian.attrib=lime_mpd=15_thresh=0.5_docnorm=F_tfidf=F.csv
0.395,0.59,0.0,0.005,0.005,0.005,0.005,400,lists/scandinavian/list.scandinavian.attrib=loo_mpd=12_thresh=0.9_docnorm=F_tfidf=T.csv
0.64,0.3,0.0,0.0,0.0,0.0,0.015,400,lists/scandinavian/list.scandinavian.attrib=shap_mpd=2_thresh=0.4_docnorm=T_tfidf=F.csv
0.33,0.6575,0.0,0.005,0.005,0.005,0.005,400,lists/scandinavian/list.scandinavian.attrib=loo_mpd=10_thresh=0.9_docnorm=F_tfidf=F.csv
0.445,0.0725,0.735,0.925,0.965,0.9825,0.99,400,lists/scandinavian/list.scandinavian.attrib=shap_mpd=6_thresh=0.1_docnorm=T_tfidf=F.csv
0.6425,0.3075,0.0,0.0,0.0,0.0,0.015,400,lists/scandinavian/list.scandinavian.attrib=shap_mpd=2_thresh=0.4_docnorm=T_tfidf=T.csv
0.4375,0.5475,0.0,0.005,0.005,0.005,0.005,400,lists/scandinavian/list.scandinavian.attrib=loo_mpd=6_thresh=0.4_docnorm=F_tfidf=T.csv
0.6075,0.37,0.0,0.0,0.0,0.0,0.0,400,lists/scandinavian/list.scandinavian.attrib=lime_mpd=7_thresh=0.8_docnorm=T_tfidf=F.csv
0.4625,0.52,0.0,0.0,0.0,0.0,0.0,400,lists/scandinavian/list.scandinavian.attrib=lime_mpd=9_thresh=1.0_docnorm=T_tfidf=T.csv
0.2225,0.7675,0.0,0.0,0.0,0.0,0.0,400,lists/scandinavian/list.scandinavian.attrib=ig_mpd=15_thresh=0.6_docnorm=F_tfidf=T.csv
0.22,0.7725,0.0,0.0,0.0,0.0,0.0,400,lists/scandinavian/list.scandinavian.attrib=ig_mpd=3_thresh=0.6_docnorm=F_tfidf=T.csv
0.175,0.815,0.0,0.0025,0.0025,0.0025,0.0025,400,lists/scandinavian/list.scandinavian.attrib=ig_mpd=7_thresh=0.3_docnorm=F_tfidf=F.csv
0.62,0.3475,0.0,0.0,0.0,0.0,0.0,400,lists/scandinavian/list.scandinavian.attrib=loo_mpd=17_thresh=0.6_docnorm=T_tfidf=T.csv
0.4375,0.5475,0.0,0.005,0.005,0.005,0.005,400,lists/scandinavian/list.scandinavian.attrib=loo_mpd=12_thresh=0.4_docnorm=F_tfidf=T.csv
0.66,0.3,0.0,0.0,0.0,0.0,0.0,400,lists/scandinavian/list.scandinavian.attrib=shap_mpd=5_thresh=0.6_docnorm=T_tfidf=T.csv
0.66,0.2925,0.0,0.0,0.0,0.0,0.0,400,lists/scandinavian/list.scandinavian.attrib=shap_mpd=19_thresh=0.6_docnorm=T_tfidf=T.csv
0.6425,0.31,0.0,0.0,0.0,0.0,0.0,400,lists/scandinavian/list.scandinavian.attrib=shap_mpd=4_thresh=0.5_docnorm=T_tfidf=T.csv
0.4375,0.55,0.0,0.0,0.0,0.0,0.0,400,lists/scandinavian/list.scandinavian.attrib=lime_mpd=4_thresh=1.0_docnorm=T_tfidf=F.csv
0.175,0.815,0.0,0.0025,0.0025,0.0025,0.0025,400,lists/scandinavian/list.scandinavian.attrib=ig_mpd=11_thresh=0.6_docnorm=F_tfidf=F.csv
0.3525,0.64,0.0,0.0,0.0,0.0,0.0,400,lists/scandinavian/list.scandinavian.attrib=lime_mpd=2_thresh=0.2_docnorm=F_tfidf=F.csv
0.335,0.6575,0.0,0.0,0.0,0.0,0.0,400,lists/scandinavian/list.scandinavian.attrib=lime_mpd=3_thresh=1.0_docnorm=F_tfidf=T.csv
0.44,0.5375,0.0,0.0075,0.0125,0.015,0.0175,400,lists/scandinavian/list.scandinavian.attrib=loo_mpd=19_thresh=0.1_docnorm=F_tfidf=T.csv
0.285,0.7075,0.0,0.0,0.0,0.0,0.0,400,lists/scandinavian/list.scandinavian.attrib=lime_mpd=16_thresh=0.8_docnorm=F_tfidf=F.csv
0.5925,0.385,0.0,0.0,0.0,0.0,0.0,400,lists/scandinavian/list.scandinavian.attrib=loo_mpd=2_thresh=0.5_docnorm=T_tfidf=F.csv
0.5775,0.3275,0.0,0.0,0.0,0.0,0.0275,400,lists/scandinavian/list.scandinavian.attrib=ig_mpd=4_thresh=0.4_docnorm=T_tfidf=T.csv
0.51,0.4725,0.0,0.0,0.0,0.0,0.0,400,lists/scandinavian/list.scandinavian.attrib=loo_mpd=1_thresh=0.5_docnorm=T_tfidf=F.csv
0.2225,0.77,0.0,0.0,0.0,0.0,0.0,400,lists/scandinavian/list.scandinavian.attrib=ig_mpd=10_thresh=0.9_docnorm=F_tfidf=T.csv
0.5875,0.3325,0.0,0.0025,0.0025,0.0025,0.04,400,lists/scandinavian/list.scandinavian.attrib=loo_mpd=9_thresh=0.4_docnorm=T_tfidf=T.csv
0.6075,0.3375,0.0,0.0025,0.0025,0.0025,0.0025,400,lists/scandinavian/list.scandinavian.attrib=ig_mpd=17_thresh=0.7_docnorm=T_tfidf=F.csv
0.4,0.585,0.0,0.005,0.005,0.005,0.005,400,lists/scandinavian/list.scandinavian.attrib=loo_mpd=20_thresh=0.9_docnorm=F_tfidf=T.csv
0.355,0.6375,0.0,0.0,0.0,0.0,0.0,400,lists/scandinavian/list.scandinavian.attrib=shap_mpd=10_thresh=0.4_docnorm=F_tfidf=T.csv
0.405,0.585,0.0,0.005,0.005,0.005,0.005,400,lists/scandinavian/list.scandinavian.attrib=loo_mpd=1_thresh=0.6_docnorm=F_tfidf=F.csv
0.4075,0.5825,0.0,0.0,0.0,0.0,0.0,400,lists/scandinavian/list.scandinavian.attrib=lime_mpd=2_thresh=0.5_docnorm=F_tfidf=T.csv
0.6125,0.355,0.0,0.0,0.0,0.0,0.0,400,lists/scandinavian/list.scandinavian.attrib=lime_mpd=5_thresh=0.6_docnorm=T_tfidf=F.csv
0.33,0.6625,0.0,0.0,0.0,0.0,0.0,400,lists/scandinavian/list.scandinavian.attrib=lime_mpd=19_thresh=0.4_docnorm=F_tfidf=T.csv
0.58,0.3975,0.0,0.0,0.0,0.0,0.0,400,lists/scandinavian/list.scandinavian.attrib=loo_mpd=7_thresh=0.8_docnorm=T_tfidf=F.csv
0.5175,0.255,0.0,0.1625,0.455,0.6175,0.7075,400,lists/scandinavian/list.scandinavian.attrib=loo_mpd=19_thresh=0.2_docnorm=T_tfidf=T.csv
0.18,0.8175,0.0,0.0025,0.0025,0.0025,0.0025,400,lists/scandinavian/list.scandinavian.attrib=ig_mpd=11_thresh=1.0_docnorm=F_tfidf=F.csv
0.3575,0.6175,0.0,0.0,0.0,0.0,0.0,400,lists/scandinavian/list.scandinavian.attrib=ig_mpd=18_thresh=1.0_docnorm=T_tfidf=F.csv
0.265,0.73,0.0,0.005,0.005,0.005,0.005,400,lists/scandinavian/list.scandinavian.attrib=loo_mpd=5_thresh=1.0_docnorm=F_tfidf=F.csv
0.315,0.675,0.0,0.0025,0.0025,0.0025,0.0025,400,lists/scandinavian/list.scandinavian.attrib=shap_mpd=10_thresh=0.3_docnorm=F_tfidf=F.csv
0.405,0.5875,0.0,0.0,0.0,0.0,0.0,400,lists/scandinavian/list.scandinavian.attrib=lime_mpd=1_thresh=0.5_docnorm=F_tfidf=F.csv
0.6475,0.285,0.0,0.0,0.0,0.0,0.0,400,lists/scandinavian/list.scandinavian.attrib=lime_mpd=17_thresh=0.5_docnorm=T_tfidf=T.csv
0.59,0.35,0.0,0.0,0.0025,0.0225,0.045,400,lists/scandinavian/list.scandinavian.attrib=lime_mpd=1_thresh=0.3_docnorm=T_tfidf=T.csv
0.29,0.6975,0.0,0.0,0.0,0.0,0.0,400,lists/scandinavian/list.scandinavian.attrib=ig_mpd=1_thresh=0.7_docnorm=F_tfidf=T.csv
0.6,0.3825,0.0,0.0,0.0,0.0,0.0,400,lists/scandinavian/list.scandinavian.attrib=shap_mpd=10_thresh=0.9_docnorm=T_tfidf=F.csv
0.3475,0.64,0.0,0.005,0.005,0.005,0.005,400,lists/scandinavian/list.scandinavian.attrib=loo_mpd=11_thresh=0.6_docnorm=F_tfidf=F.csv
0.44,0.0925,0.69,0.8925,0.9425,0.97,0.98,400,lists/scandinavian/list.scandinavian.attrib=shap_mpd=3_thresh=0.1_docnorm=T_tfidf=F.csv
0.6125,0.255,0.0,0.0,0.02,0.1975,0.365,400,lists/scandinavian/list.scandinavian.attrib=lime_mpd=12_thresh=0.3_docnorm=T_tfidf=T.csv
0.315,0.675,0.0,0.0025,0.0025,0.0025,0.0025,400,lists/scandinavian/list.scandinavian.attrib=shap_mpd=19_thresh=0.6_docnorm=F_tfidf=F.csv
0.355,0.635,0.0,0.0025,0.0025,0.0025,0.0025,400,lists/scandinavian/list.scandinavian.attrib=shap_mpd=9_thresh=0.1_docnorm=F_tfidf=T.csv
0.2175,0.775,0.0,0.0,0.0,0.0,0.0,400,lists/scandinavian/list.scandinavian.attrib=ig_mpd=9_thresh=0.6_docnorm=F_tfidf=T.csv
0.2175,0.775,0.0,0.0,0.0,0.0,0.0,400,lists/scandinavian/list.scandinavian.attrib=ig_mpd=8_thresh=0.8_docnorm=F_tfidf=T.csv
0.5975,0.375,0.0,0.0,0.0,0.0,0.0,400,lists/scandinavian/list.scandinavian.attrib=lime_mpd=1_thresh=0.6_docnorm=T_tfidf=T.csv
0.455,0.135,0.61,0.8025,0.9025,0.94,0.97,400,lists/scandinavian/list.scandinavian.attrib=loo_mpd=5_thresh=0.1_docnorm=T_tfidf=T.csv
0.5625,0.4175,0.0,0.0,0.0,0.0,0.0,400,lists/scandinavian/list.scandinavian.attrib=lime_mpd=19_thresh=0.9_docnorm=T_tfidf=F.csv
0.525,0.4425,0.0,0.0025,0.0025,0.0025,0.0025,400,lists/scandinavian/list.scandinavian.attrib=ig_mpd=12_thresh=0.9_docnorm=T_tfidf=T.csv
0.5675,0.195,0.0,0.1875,0.485,0.62,0.7125,400,lists/scandinavian/list.scandinavian.attrib=shap_mpd=6_thresh=0.2_docnorm=T_tfidf=F.csv
0.44,0.5375,0.0,0.0075,0.0125,0.015,0.0175,400,lists/scandinavian/list.scandinavian.attrib=loo_mpd=14_thresh=0.1_docnorm=F_tfidf=T.csv
0.41,0.5825,0.0,0.0025,0.0025,0.0025,0.0025,400,lists/scandinavian/list.scandinavian.attrib=shap_mpd=2_thresh=0.7_docnorm=F_tfidf=T.csv
0.34,0.65,0.0,0.0,0.0,0.0,0.0,400,lists/scandinavian/list.scandinavian.attrib=lime_mpd=4_thresh=0.7_docnorm=F_tfidf=T.csv
0.535,0.45,0.0,0.0,0.0,0.0,0.0,400,lists/scandinavian/list.scandinavian.attrib=shap_mpd=19_thresh=1.0_docnorm=T_tfidf=F.csv
0.315,0.675,0.0,0.0025,0.0025,0.0025,0.0025,400,lists/scandinavian/list.scandinavian.attrib=shap_mpd=11_thresh=0.4_docnorm=F_tfidf=F.csv
0.315,0.675,0.0,0.005,0.005,0.005,0.005,400,lists/scandinavian/list.scandinavian.attrib=shap_mpd=8_thresh=0.4_docnorm=F_tfidf=F.csv
0.355,0.6375,0.0,0.0,0.0,0.0,0.0,400,lists/scandinavian/list.scandinavian.attrib=shap_mpd=19_thresh=0.4_docnorm=F_tfidf=T.csv
0.2994652406417112,0.6951871657754011,0.0,0.0053475935828877,0.0053475935828877,0.0053475935828877,0.0053475935828877,374,lists/scandinavian/list.scandinavian.attrib=loo_mpd=3_thresh=1.0_docnorm=F_tfidf=T.csv
0.5725,0.4075,0.0,0.0,0.0025,0.0025,0.0025,400,lists/scandinavian/list.scandinavian.attrib=lime_mpd=4_thresh=0.7_docnorm=T_tfidf=F.csv
0.5475,0.2125,0.0,0.2075,0.5125,0.6825,0.7625,400,lists/scandinavian/list.scandinavian.attrib=lime_mpd=19_thresh=0.2_docnorm=T_tfidf=T.csv
0.4425,0.5375,0.0,0.005,0.01,0.01,0.0125,400,lists/scandinavian/list.scandinavian.attrib=loo_mpd=6_thresh=0.2_docnorm=F_tfidf=T.csv
0.335,0.655,0.0,0.0,0.0,0.0,0.0,400,lists/scandinavian/list.scandinavian.attrib=lime_mpd=6_thresh=0.7_docnorm=F_tfidf=T.csv
0.605,0.3425,0.0,0.0025,0.0025,0.0025,0.0025,400,lists/scandinavian/list.scandinavian.attrib=ig_mpd=20_thresh=0.7_docnorm=T_tfidf=F.csv
0.1825,0.8075,0.0,0.0025,0.0025,0.0025,0.0025,400,lists/scandinavian/list.scandinavian.attrib=ig_mpd=13_thresh=0.5_docnorm=F_tfidf=F.csv
0.64,0.2975,0.0,0.0,0.0,0.0,0.0,400,lists/scandinavian/list.scandinavian.attrib=lime_mpd=9_thresh=0.5_docnorm=T_tfidf=T.csv
0.19,0.81,0.0,0.0,0.0,0.0,0.0,400,lists/scandinavian/list.scandinavian.attrib=ig_mpd=6_thresh=1.0_docnorm=F_tfidf=T.csv
0.6325,0.3375,0.0,0.0,0.0,0.0,0.0,400,lists/scandinavian/list.scandinavian.attrib=loo_mpd=15_thresh=0.7_docnorm=T_tfidf=F.csv
0.67,0.2825,0.0,0.0,0.0,0.0,0.0,400,lists/scandinavian/list.scandinavian.attrib=shap_mpd=12_thresh=0.6_docnorm=T_tfidf=T.csv
0.28,0.7125,0.0,0.0,0.0,0.0,0.0,400,lists/scandinavian/list.scandinavian.attrib=lime_mpd=8_thresh=0.7_docnorm=F_tfidf=F.csv
0.4881889763779528,0.5039370078740157,0.0,0.0,0.0,0.0,0.0,381,lists/scandinavian/list.scandinavian.attrib=lime_mpd=1_thresh=0.9_docnorm=T_tfidf=T.csv
0.3175,0.6775,0.0,0.005,0.005,0.005,0.005,400,lists/scandinavian/list.scandinavian.attrib=loo_mpd=5_thresh=1.0_docnorm=F_tfidf=T.csv
0.66,0.31,0.0,0.0,0.0,0.0,0.0,400,lists/scandinavian/list.scandinavian.attrib=shap_mpd=11_thresh=0.7_docnorm=T_tfidf=T.csv
0.4375,0.5475,0.0,0.005,0.005,0.005,0.005,400,lists/scandinavian/list.scandinavian.attrib=loo_mpd=7_thresh=0.3_docnorm=F_tfidf=T.csv
0.52,0.23,0.0,0.2125,0.53,0.6775,0.7825,400,lists/scandinavian/list.scandinavian.attrib=lime_mpd=9_thresh=0.2_docnorm=T_tfidf=F.csv
0.215,0.7775,0.0,0.0,0.0,0.0,0.0,400,lists/scandinavian/list.scandinavian.attrib=ig_mpd=5_thresh=0.4_docnorm=F_tfidf=T.csv
0.605,0.3425,0.0,0.0,0.0,0.0,0.0,400,lists/scandinavian/list.scandinavian.attrib=ig_mpd=8_thresh=0.7_docnorm=T_tfidf=T.csv
0.46,0.5275,0.0,0.0,0.0,0.0,0.0,400,lists/scandinavian/list.scandinavian.attrib=loo_mpd=18_thresh=1.0_docnorm=T_tfidf=F.csv
0.175,0.815,0.0,0.0025,0.0025,0.0025,0.0025,400,lists/scandinavian/list.scandinavian.attrib=ig_mpd=7_thresh=0.6_docnorm=F_tfidf=F.csv
0.595,0.385,0.0,0.0,0.0,0.0,0.0,400,lists/scandinavian/list.scandinavian.attrib=shap_mpd=15_thresh=0.9_docnorm=T_tfidf=T.csv
0.635,0.3025,0.0,0.0,0.0,0.0025,0.0025,400,lists/scandinavian/list.scandinavian.attrib=lime_mpd=10_thresh=0.5_docnorm=T_tfidf=F.csv
0.36,0.6325,0.0,0.0025,0.0025,0.0025,0.0025,400,lists/scandinavian/list.scandinavian.attrib=shap_mpd=6_thresh=0.7_docnorm=F_tfidf=T.csv
0.58,0.4,0.0,0.0,0.0,0.0,0.0,400,lists/scandinavian/list.scandinavian.attrib=lime_mpd=4_thresh=0.8_docnorm=T_tfidf=F.csv
0.5375,0.3375,0.0,0.0,0.005,0.095,0.2025,400,lists/scandinavian/list.scandinavian.attrib=loo_mpd=7_thresh=0.3_docnorm=T_tfidf=F.csv
0.6375,0.3325,0.0,0.0,0.0,0.0,0.0,400,lists/scandinavian/list.scandinavian.attrib=lime_mpd=8_thresh=0.7_docnorm=T_tfidf=T.csv
0.3575,0.6375,0.0,0.0,0.0,0.0,0.0,400,lists/scandinavian/list.scandinavian.attrib=shap_mpd=12_thresh=0.5_docnorm=F_tfidf=T.csv
0.65,0.2875,0.0,0.0,0.0,0.0025,0.0025,400,lists/scandinavian/list.scandinavian.attrib=lime_mpd=15_thresh=0.5_docnorm=T_tfidf=F.csv
0.2825,0.71,0.0,0.0,0.0,0.0,0.0,400,lists/scandinavian/list.scandinavian.attrib=lime_mpd=6_thresh=1.0_docnorm=F_tfidf=F.csv
0.4675,0.5125,0.0,0.0,0.0,0.0,0.0,400,lists/scandinavian/list.scandinavian.attrib=lime_mpd=18_thresh=1.0_docnorm=T_tfidf=T.csv
0.225,0.765,0.0,0.0,0.0,0.0,0.0,400,lists/scandinavian/list.scandinavian.attrib=ig_mpd=17_thresh=0.3_docnorm=F_tfidf=T.csv
0.2825,0.71,0.0,0.0,0.0,0.0,0.0,400,lists/scandinavian/list.scandinavian.attrib=lime_mpd=7_thresh=0.6_docnorm=F_tfidf=F.csv
0.33,0.6625,0.0,0.0,0.0,0.0,0.0,400,lists/scandinavian/list.scandinavian.attrib=lime_mpd=17_thresh=0.6_docnorm=F_tfidf=T.csv
0.61,0.3,0.0,0.0,0.0,0.0,0.0,400,lists/scandinavian/list.scandinavian.attrib=ig_mpd=19_thresh=0.5_docnorm=T_tfidf=F.csv
0.35,0.6375,0.0,0.005,0.005,0.005,0.005,400,lists/scandinavian/list.scandinavian.attrib=loo_mpd=7_thresh=0.5_docnorm=F_tfidf=F.csv
0.3175,0.675,0.0,0.0025,0.0025,0.0025,0.0025,400,lists/scandinavian/list.scandinavian.attrib=shap_mpd=12_thresh=1.0_docnorm=F_tfidf=F.csv
0.3175,0.6725,0.0,0.005,0.005,0.005,0.005,400,lists/scandinavian/list.scandinavian.attrib=loo_mpd=3_thresh=0.9_docnorm=F_tfidf=F.csv
0.33,0.6625,0.0,0.0,0.0,0.0,0.0,400,lists/scandinavian/list.scandinavian.attrib=lime_mpd=14_thresh=0.8_docnorm=F_tfidf=T.csv
0.315,0.675,0.0,0.0025,0.0025,0.0025,0.0025,400,lists/scandinavian/list.scandinavian.attrib=shap_mpd=13_thresh=0.8_docnorm=F_tfidf=F.csv
0.445,0.1125,0.77,0.915,0.95,0.9725,0.9825,400,lists/scandinavian/list.scandinavian.attrib=loo_mpd=13_thresh=0.1_docnorm=T_tfidf=F.csv
0.62,0.2125,0.0,0.0,0.0125,0.195,0.365,400,lists/scandinavian/list.scandinavian.attrib=ig_mpd=9_thresh=0.3_docnorm=T_tfidf=F.csv
0.5325,0.4475,0.0,0.0,0.0,0.0,0.0,400,lists/scandinavian/list.scandinavian.attrib=shap_mpd=20_thresh=1.0_docnorm=T_tfidf=T.csv
0.34,0.65,0.0,0.0,0.0,0.0,0.0,400,lists/scandinavian/list.scandinavian.attrib=lime_mpd=4_thresh=0.8_docnorm=F_tfidf=T.csv
0.25,0.7425,0.0,0.0,0.0,0.0,0.0,400,lists/scandinavian/list.scandinavian.attrib=ig_mpd=2_thresh=0.5_docnorm=F_tfidf=T.csv
0.3325,0.6575,0.0,0.0,0.0,0.0,0.0,400,lists/scandinavian/list.scandinavian.attrib=lime_mpd=9_thresh=0.7_docnorm=F_tfidf=T.csv
0.455,0.1325,0.6225,0.81,0.9075,0.9475,0.9775,400,lists/scandinavian/list.scandinavian.attrib=loo_mpd=6_thresh=0.1_docnorm=T_tfidf=T.csv
0.545,0.1925,0.0,0.21,0.5,0.645,0.73,400,lists/scandinavian/list.scandinavian.attrib=shap_mpd=20_thresh=0.2_docnorm=T_tfidf=T.csv
0.33,0.6625,0.0,0.0,0.0,0.0,0.0,400,lists/scandinavian/list.scandinavian.attrib=lime_mpd=18_thresh=0.2_docnorm=F_tfidf=T.csv
0.4075,0.59,0.0,0.0025,0.0025,0.0025,0.0025,400,lists/scandinavian/list.scandinavian.attrib=loo_mpd=7_thresh=1.0_docnorm=T_tfidf=T.csv
0.3475,0.64,0.0,0.005,0.005,0.005,0.005,400,lists/scandinavian/list.scandinavian.attrib=loo_mpd=18_thresh=0.2_docnorm=F_tfidf=F.csv
0.44,0.54,0.0,0.005,0.01,0.01,0.0125,400,lists/scandinavian/list.scandinavian.attrib=loo_mpd=14_thresh=0.2_docnorm=F_tfidf=T.csv
0.6125,0.33,0.0,0.0,0.0,0.0,0.0,400,lists/scandinavian/list.scandinavian.attrib=loo_mpd=13_thresh=0.5_docnorm=T_tfidf=T.csv
0.18,0.81,0.0,0.0025,0.0025,0.0025,0.0025,400,lists/scandinavian/list.scandinavian.attrib=ig_mpd=10_thresh=0.8_docnorm=F_tfidf=F.csv
0.33,0.6625,0.0,0.0,0.0,0.0,0.0,400,lists/scandinavian/list.scandinavian.attrib=lime_mpd=15_thresh=0.1_docnorm=F_tfidf=T.csv
0.2825,0.71,0.0,0.0,0.0,0.0,0.0,400,lists/scandinavian/list.scandinavian.attrib=lime_mpd=6_thresh=0.4_docnorm=F_tfidf=F.csv
0.6475,0.29,0.0,0.0,0.0,0.0025,0.0025,400,lists/scandinavian/list.scandinavian.attrib=lime_mpd=12_thresh=0.5_docnorm=T_tfidf=F.csv
0.3575,0.6375,0.0,0.0,0.0,0.0,0.0,400,lists/scandinavian/list.scandinavian.attrib=shap_mpd=19_thresh=0.7_docnorm=F_tfidf=T.csv
0.355,0.6375,0.0,0.0,0.0,0.0,0.0,400,lists/scandinavian/list.scandinavian.attrib=shap_mpd=13_thresh=0.2_docnorm=F_tfidf=T.csv
0.2785923753665689,0.7155425219941349,0.0,0.005865102639296188,0.005865102639296188,0.005865102639296188,0.005865102639296188,341,lists/scandinavian/list.scandinavian.attrib=loo_mpd=2_thresh=1.0_docnorm=F_tfidf=T.csv
0.2825,0.71,0.0,0.0,0.0,0.0,0.0,400,lists/scandinavian/list.scandinavian.attrib=lime_mpd=10_thresh=0.4_docnorm=F_tfidf=F.csv
0.23160762942779292,0.7629427792915532,0.0,0.0,0.0,0.0,0.0,367,lists/scandinavian/list.scandinavian.attrib=ig_mpd=1_thresh=0.8_docnorm=F_tfidf=F.csv
0.6425,0.325,0.0,0.0,0.0,0.0,0.0,400,lists/scandinavian/list.scandinavian.attrib=lime_mpd=19_thresh=0.6_docnorm=T_tfidf=F.csv
0.4275,0.56,0.0,0.005,0.005,0.005,0.005,400,lists/scandinavian/list.scandinavian.attrib=loo_mpd=17_thresh=0.7_docnorm=F_tfidf=T.csv
0.605,0.29,0.0,0.0,0.0,0.005,0.085,400,lists/scandinavian/list.scandinavian.attrib=lime_mpd=10_thresh=0.4_docnorm=T_tfidf=T.csv
0.315,0.675,0.0,0.005,0.005,0.005,0.005,400,lists/scandinavian/list.scandinavian.attrib=shap_mpd=7_thresh=0.8_docnorm=F_tfidf=F.csv
0.625,0.34,0.0,0.0025,0.0025,0.0025,0.0025,400,lists/scandinavian/list.scandinavian.attrib=loo_mpd=9_thresh=0.6_docnorm=T_tfidf=T.csv
0.2875,0.705,0.0,0.0,0.0,0.0,0.0,400,lists/scandinavian/list.scandinavian.attrib=lime_mpd=5_thresh=0.3_docnorm=F_tfidf=F.csv
0.4725,0.0875,0.705,0.9025,0.9575,0.9875,0.995,400,lists/scandinavian/list.scandinavian.attrib=shap_mpd=12_thresh=0.1_docnorm=T_tfidf=T.csv
0.3275,0.665,0.0,0.0,0.0,0.0,0.0,400,lists/scandinavian/list.scandinavian.attrib=lime_mpd=17_thresh=0.9_docnorm=F_tfidf=T.csv
0.5425,0.44,0.0,0.0,0.0,0.0,0.0,400,lists/scandinavian/list.scandinavian.attrib=loo_mpd=12_thresh=0.9_docnorm=T_tfidf=F.csv
0.355,0.6375,0.0,0.0,0.0,0.0,0.0,400,lists/scandinavian/list.scandinavian.attrib=shap_mpd=17_thresh=0.1_docnorm=F_tfidf=T.csv
0.335,0.655,0.0,0.0,0.0,0.0,0.0,400,lists/scandinavian/list.scandinavian.attrib=lime_mpd=5_thresh=0.4_docnorm=F_tfidf=T.csv
0.4025,0.5875,0.0,0.0,0.0,0.0,0.0,400,lists/scandinavian/list.scandinavian.attrib=lime_mpd=2_thresh=0.8_docnorm=F_tfidf=T.csv
0.1975,0.7875,0.0,0.0025,0.0025,0.0025,0.0025,400,lists/scandinavian/list.scandinavian.attrib=ig_mpd=20_thresh=0.7_docnorm=F_tfidf=F.csv
0.565,0.17,0.0,0.2525,0.555,0.6875,0.775,400,lists/scandinavian/list.scandinavian.attrib=shap_mpd=17_thresh=0.2_docnorm=T_tfidf=F.csv
0.455,0.0925,0.7975,0.95,0.9775,0.985,0.9875,400,lists/scandinavian/list.scandinavian.attrib=lime_mpd=19_thresh=0.1_docnorm=T_tfidf=F.csv
0.395,0.59,0.0,0.005,0.005,0.005,0.005,400,lists/scandinavian/list.scandinavian.attrib=loo_mpd=8_thresh=0.9_docnorm=F_tfidf=T.csv
0.675,0.3,0.0,0.0,0.0,0.0,0.0,400,lists/scandinavian/list.scandinavian.attrib=shap_mpd=19_thresh=0.7_docnorm=T_tfidf=F.csv
0.4575,0.1125,0.635,0.86,0.9225,0.965,0.9775,400,lists/scandinavian/list.scandinavian.attrib=shap_mpd=4_thresh=0.1_docnorm=T_tfidf=T.csv
0.5325,0.44,0.0,0.0,0.0025,0.0025,0.0025,400,lists/scandinavian/list.scandinavian.attrib=lime_mpd=2_thresh=0.6_docnorm=T_tfidf=F.csv
0.285,0.7075,0.0,0.0,0.0,0.0,0.0,400,lists/scandinavian/list.scandinavian.attrib=lime_mpd=15_thresh=0.3_docnorm=F_tfidf=F.csv
0.455,0.5325,0.0,0.0,0.0,0.0,0.0,400,lists/scandinavian/list.scandinavian.attrib=lime_mpd=1_thresh=0.6_docnorm=F_tfidf=T.csv
0.44,0.545,0.0,0.005,0.005,0.005,0.005,400,lists/scandinavian/list.scandinavian.attrib=loo_mpd=2_thresh=0.5_docnorm=F_tfidf=T.csv
0.375,0.615,0.0,0.0025,0.0025,0.0025,0.0025,400,lists/scandinavian/list.scandinavian.attrib=shap_mpd=3_thresh=0.2_docnorm=F_tfidf=T.csv
0.3325,0.6575,0.0,0.0,0.0,0.0,0.0,400,lists/scandinavian/list.scandinavian.attrib=lime_mpd=7_thresh=0.2_docnorm=F_tfidf=T.csv
0.2225,0.7675,0.0,0.0,0.0,0.0,0.0,400,lists/scandinavian/list.scandinavian.attrib=ig_mpd=15_thresh=0.4_docnorm=F_tfidf=T.csv
0.315,0.675,0.0,0.0025,0.0025,0.0025,0.0025,400,lists/scandinavian/list.scandinavian.attrib=shap_mpd=16_thresh=0.6_docnorm=F_tfidf=F.csv
0.4325,0.555,0.0,0.005,0.005,0.005,0.005,400,lists/scandinavian/list.scandinavian.attrib=loo_mpd=20_thresh=0.6_docnorm=F_tfidf=T.csv
0.4125,0.14,0.72,0.8775,0.925,0.96,0.9675,400,lists/scandinavian/list.scandinavian.attrib=ig_mpd=10_thresh=0.1_docnorm=T_tfidf=T.csv
0.315,0.675,0.0,0.0025,0.0025,0.0025,0.0025,400,lists/scandinavian/list.scandinavian.attrib=shap_mpd=14_thresh=0.4_docnorm=F_tfidf=F.csv
0.5625,0.4175,0.0,0.0,0.0,0.0,0.0,400,lists/scandinavian/list.scandinavian.attrib=lime_mpd=14_thresh=0.9_docnorm=T_tfidf=F.csv
0.175,0.815,0.0,0.0025,0.0025,0.0025,0.0025,400,lists/scandinavian/list.scandinavian.attrib=ig_mpd=7_thresh=0.1_docnorm=F_tfidf=F.csv
0.455,0.525,0.0,0.005,0.01,0.015,0.0225,400,lists/scandinavian/list.scandinavian.attrib=loo_mpd=2_thresh=0.1_docnorm=F_tfidf=T.csv
0.455,0.0925,0.7975,0.95,0.9775,0.985,0.9875,400,lists/scandinavian/list.scandinavian.attrib=lime_mpd=10_thresh=0.1_docnorm=T_tfidf=F.csv
0.3325,0.66,0.0,0.0,0.0,0.0,0.0,400,lists/scandinavian/list.scandinavian.attrib=lime_mpd=12_thresh=0.8_docnorm=F_tfidf=T.csv
0.43,0.5625,0.0,0.0,0.0,0.0,0.0,400,lists/scandinavian/list.scandinavian.attrib=loo_mpd=11_thresh=1.0_docnorm=T_tfidf=F.csv
0.455,0.1525,0.5775,0.7575,0.8625,0.8975,0.9325,400,lists/scandinavian/list.scandinavian.attrib=loo_mpd=3_thresh=0.1_docnorm=T_tfidf=T.csv
0.5975,0.385,0.0,0.0,0.0,0.0,0.0,400,lists/scandinavian/list.scandinavian.attrib=shap_mpd=17_thresh=0.9_docnorm=T_tfidf=F.csv
0.3425,0.65,0.0,0.0,0.0,0.0,0.0,400,lists/scandinavian/list.scandinavian.attrib=shap_mpd=17_thresh=1.0_docnorm=F_tfidf=T.csv
0.18,0.81,0.0,0.0025,0.0025,0.0025,0.0025,400,lists/scandinavian/list.scandinavian.attrib=ig_mpd=6_thresh=0.6_docnorm=F_tfidf=F.csv
0.415,0.57,0.0,0.005,0.005,0.005,0.005,400,lists/scandinavian/list.scandinavian.attrib=loo_mpd=17_thresh=0.8_docnorm=F_tfidf=T.csv
0.2175,0.775,0.0,0.0,0.0,0.0,0.0,400,lists/scandinavian/list.scandinavian.attrib=ig_mpd=6_thresh=0.1_docnorm=F_tfidf=T.csv
0.335,0.655,0.0,0.0,0.0,0.0,0.0,400,lists/scandinavian/list.scandinavian.attrib=ig_mpd=7_thresh=1.0_docnorm=T_tfidf=F.csv
0.19169329073482427,0.8083067092651757,0.0,0.0,0.0,0.0,0.0,313,lists/scandinavian/list.scandinavian.attrib=ig_mpd=2_thresh=1.0_docnorm=F_tfidf=F.csv
0.6175,0.315,0.0,0.0,0.0,0.0,0.0,400,lists/scandinavian/list.scandinavian.attrib=loo_mpd=16_thresh=0.5_docnorm=T_tfidf=T.csv
0.455,0.095,0.79,0.9475,0.975,0.9825,0.985,400,lists/scandinavian/list.scandinavian.attrib=lime_mpd=8_thresh=0.1_docnorm=T_tfidf=F.csv
0.515,0.44,0.0,0.0025,0.0025,0.0025,0.0025,400,lists/scandinavian/list.scandinavian.attrib=ig_mpd=2_thresh=0.7_docnorm=T_tfidf=T.csv
0.5625,0.415,0.0,0.0,0.0,0.0,0.0,400,lists/scandinavian/list.scandinavian.attrib=shap_mpd=1_thresh=0.7_docnorm=T_tfidf=T.csv
0.4125,0.0775,0.7375,0.905,0.945,0.965,0.975,400,lists/scandinavian/list.scandinavian.attrib=ig_mpd=5_thresh=0.1_docnorm=T_tfidf=F.csv
0.285,0.7075,0.0,0.0,0.0,0.0,0.0,400,lists/scandinavian/list.scandinavian.attrib=lime_mpd=13_thresh=0.3_docnorm=F_tfidf=F.csv
0.2525,0.7325,0.0,0.0,0.0,0.0,0.0,400,lists/scandinavian/list.scandinavian.attrib=ig_mpd=1_thresh=0.4_docnorm=F_tfidf=F.csv
0.1725,0.8175,0.0,0.0025,0.0025,0.0025,0.0025,400,lists/scandinavian/list.scandinavian.attrib=ig_mpd=8_thresh=0.3_docnorm=F_tfidf=F.csv
0.4925,0.4775,0.0,0.0,0.0,0.0,0.0,400,lists/scandinavian/list.scandinavian.attrib=lime_mpd=2_thresh=0.8_docnorm=T_tfidf=F.csv
0.66,0.2875,0.0,0.0,0.0,0.0,0.0,400,lists/scandinavian/list.scandinavian.attrib=shap_mpd=12_thresh=0.5_docnorm=T_tfidf=T.csv
0.285,0.7075,0.0,0.0,0.0,0.0,0.0,400,lists/scandinavian/list.scandinavian.attrib=lime_mpd=16_thresh=0.2_docnorm=F_tfidf=F.csv
0.565,0.375,0.0,0.0025,0.0025,0.0025,0.0025,400,lists/scandinavian/list.scandinavian.attrib=ig_mpd=19_thresh=0.8_docnorm=T_tfidf=T.csv
0.565,0.2525,0.0,0.005,0.085,0.195,0.29,400,lists/scandinavian/list.scandinavian.attrib=ig_mpd=1_thresh=0.2_docnorm=T_tfidf=F.csv
0.355,0.64,0.0,0.0,0.0,0.0,0.0,400,lists/scandinavian/list.scandinavian.attrib=shap_mpd=17_thresh=0.9_docnorm=F_tfidf=T.csv
0.54,0.41,0.0,0.0025,0.0025,0.0025,0.0025,400,lists/scandinavian/list.scandinavian.attrib=ig_mpd=2_thresh=0.6_docnorm=T_tfidf=T.csv
0.1775,0.8125,0.0,0.0025,0.0025,0.0025,0.0025,400,lists/scandinavian/list.scandinavian.attrib=ig_mpd=12_thresh=0.7_docnorm=F_tfidf=F.csv
0.315,0.675,0.0,0.0025,0.0025,0.0025,0.0025,400,lists/scandinavian/list.scandinavian.attrib=shap_mpd=20_thresh=0.5_docnorm=F_tfidf=F.csv
0.1925,0.795,0.0,0.0025,0.0025,0.0025,0.0025,400,lists/scandinavian/list.scandinavian.attrib=ig_mpd=16_thresh=0.9_docnorm=F_tfidf=F.csv
0.355,0.6375,0.0,0.0,0.0,0.0,0.0,400,lists/scandinavian/list.scandinavian.attrib=shap_mpd=10_thresh=0.1_docnorm=F_tfidf=T.csv
0.6,0.3425,0.0,0.0,0.0,0.0,0.0,400,lists/scandinavian/list.scandinavian.attrib=ig_mpd=10_thresh=0.6_docnorm=T_tfidf=T.csv
0.358695652173913,0.6358695652173914,0.0,0.005434782608695652,0.005434782608695652,0.005434782608695652,0.005434782608695652,368,lists/scandinavian/list.scandinavian.attrib=loo_mpd=1_thresh=0.9_docnorm=F_tfidf=F.csv
0.3625,0.6325,0.0,0.0,0.0,0.0,0.0,400,lists/scandinavian/list.scandinavian.attrib=shap_mpd=5_thresh=0.5_docnorm=F_tfidf=T.csv
0.3575,0.635,0.0,0.0025,0.0025,0.0025,0.0025,400,lists/scandinavian/list.scandinavian.attrib=shap_mpd=8_thresh=0.8_docnorm=F_tfidf=T.csv
0.6475,0.285,0.0,0.0,0.0,0.0,0.0,400,lists/scandinavian/list.scandinavian.attrib=lime_mpd=16_thresh=0.5_docnorm=T_tfidf=T.csv
0.6,0.3525,0.0,0.0,0.0,0.0,0.0,400,lists/scandinavian/list.scandinavian.attrib=ig_mpd=5_thresh=0.6_docnorm=T_tfidf=T.csv
0.175,0.815,0.0,0.0025,0.0025,0.0025,0.0025,400,lists/scandinavian/list.scandinavian.attrib=ig_mpd=11_thresh=0.4_docnorm=F_tfidf=F.csv
0.4575,0.525,0.0,0.0,0.0,0.0,0.0,400,lists/scandinavian/list.scandinavian.attrib=lime_mpd=8_thresh=1.0_docnorm=T_tfidf=T.csv
0.5425,0.41,0.0,0.0025,0.0025,0.0025,0.0025,400,lists/scandinavian/list.scandinavian.attrib=ig_mpd=5_thresh=0.8_docnorm=T_tfidf=T.csv
0.615,0.3575,0.0,0.0,0.0,0.0,0.0,400,lists/scandinavian/list.scandinavian.attrib=lime_mpd=13_thresh=0.8_docnorm=T_tfidf=F.csv
0.2875,0.705,0.0,0.0,0.0,0.0,0.0,400,lists/scandinavian/list.scandinavian.attrib=lime_mpd=18_thresh=0.4_docnorm=F_tfidf=F.csv
0.4275,0.5575,0.0,0.005,0.005,0.005,0.005,400,lists/scandinavian/list.scandinavian.attrib=loo_mpd=6_thresh=0.6_docnorm=F_tfidf=T.csv
0.4325,0.5575,0.0,0.005,0.005,0.005,0.005,400,lists/scandinavian/list.scandinavian.attrib=loo_mpd=1_thresh=0.7_docnorm=F_tfidf=T.csv
0.6225,0.265,0.0,0.0,0.0,0.0025,0.1,400,lists/scandinavian/list.scandinavian.attrib=lime_mpd=18_thresh=0.4_docnorm=T_tfidf=F.csv
0.6175,0.3125,0.0,0.0,0.0,0.0,0.0,400,lists/scandinavian/list.scandinavian.attrib=loo_mpd=19_thresh=0.5_docnorm=T_tfidf=T.csv
0.4575,0.5325,0.0,0.0,0.0,0.0,0.0,400,lists/scandinavian/list.scandinavian.attrib=lime_mpd=1_thresh=0.4_docnorm=F_tfidf=T.csv
0.315,0.675,0.0,0.005,0.005,0.005,0.005,400,lists/scandinavian/list.scandinavian.attrib=shap_mpd=7_thresh=0.7_docnorm=F_tfidf=F.csv
0.355,0.635,0.0,0.0025,0.0025,0.0025,0.0025,400,lists/scandinavian/list.scandinavian.attrib=shap_mpd=6_thresh=0.4_docnorm=F_tfidf=T.csv
0.195,0.795,0.0,0.0025,0.0025,0.0025,0.0025,400,lists/scandinavian/list.scandinavian.attrib=ig_mpd=3_thresh=0.1_docnorm=F_tfidf=F.csv
0.62,0.2975,0.0,0.0,0.0,0.0,0.0,400,lists/scandinavian/list.scandinavian.attrib=ig_mpd=16_thresh=0.5_docnorm=T_tfidf=F.csv
0.36,0.635,0.0,0.0,0.0,0.0,0.0,400,lists/scandinavian/list.scandinavian.attrib=shap_mpd=16_thresh=0.6_docnorm=F_tfidf=T.csv
0.225,0.765,0.0,0.0,0.0,0.0,0.0,400,lists/scandinavian/list.scandinavian.attrib=ig_mpd=14_thresh=0.8_docnorm=F_tfidf=T.csv
0.5925,0.34,0.0,0.0,0.0,0.0,0.0,400,lists/scandinavian/list.scandinavian.attrib=ig_mpd=14_thresh=0.5_docnorm=T_tfidf=T.csv
0.6125,0.3625,0.0,0.0,0.0,0.0,0.0,400,lists/scandinavian/list.scandinavian.attrib=shap_mpd=2_thresh=0.7_docnorm=T_tfidf=T.csv
0.2,0.7875,0.0,0.0025,0.0025,0.0025,0.0025,400,lists/scandinavian/list.scandinavian.attrib=ig_mpd=2_thresh=0.1_docnorm=F_tfidf=F.csv
0.3675,0.625,0.0,0.0,0.0,0.0,0.0,400,lists/scandinavian/list.scandinavian.attrib=shap_mpd=4_thresh=0.3_docnorm=F_tfidf=T.csv
0.4525,0.5325,0.0,0.0,0.0,0.0,0.0,400,lists/scandinavian/list.scandinavian.attrib=lime_mpd=14_thresh=1.0_docnorm=T_tfidf=F.csv
0.3125,0.675,0.0,0.005,0.005,0.005,0.005,400,lists/scandinavian/list.scandinavian.attrib=loo_mpd=19_thresh=1.0_docnorm=F_tfidf=F.csv
0.6,0.335,0.0,0.0,0.0,0.0,0.025,400,lists/scandinavian/list.scandinavian.attrib=loo_mpd=6_thresh=0.4_docnorm=T_tfidf=F.csv
0.175,0.815,0.0,0.0025,0.0025,0.0025,0.0025,400,lists/scandinavian/list.scandinavian.attrib=ig_mpd=9_thresh=0.7_docnorm=F_tfidf=F.csv
0.33,0.66,0.0,0.0,0.0,0.0,0.0,400,lists/scandinavian/list.scandinavian.attrib=ig_mpd=8_thresh=1.0_docnorm=T_tfidf=F.csv
0.6025,0.3425,0.0,0.0,0.0,0.0,0.0,400,lists/scandinavian/list.scandinavian.attrib=ig_mpd=11_thresh=0.7_docnorm=T_tfidf=T.csv
0.315,0.675,0.0,0.005,0.005,0.005,0.005,400,lists/scandinavian/list.scandinavian.attrib=shap_mpd=9_thresh=1.0_docnorm=F_tfidf=F.csv
0.3325,0.66,0.0,0.0,0.0,0.0,0.0,400,lists/scandinavian/list.scandinavian.attrib=lime_mpd=11_thresh=0.2_docnorm=F_tfidf=T.csv
0.6025,0.325,0.0,0.0,0.0,0.0,0.04,400,lists/scandinavian/list.scandinavian.attrib=loo_mpd=10_thresh=0.4_docnorm=T_tfidf=F.csv
0.1925,0.7925,0.0,0.0025,0.0025,0.0025,0.0025,400,lists/scandinavian/list.scandinavian.attrib=ig_mpd=17_thresh=0.2_docnorm=F_tfidf=F.csv
0.4075,0.5825,0.0,0.0025,0.0025,0.0025,0.005,400,lists/scandinavian/list.scandinavian.attrib=loo_mpd=1_thresh=0.3_docnorm=F_tfidf=F.csv
0.4575,0.0875,0.74,0.9025,0.96,0.9775,0.99,400,lists/scandinavian/list.scandinavian.attrib=lime_mpd=8_thresh=0.1_docnorm=T_tfidf=T.csv
0.3475,0.64,0.0,0.005,0.005,0.005,0.005,400,lists/scandinavian/list.scandinavian.attrib=loo_mpd=18_thresh=0.1_docnorm=F_tfidf=F.csv
0.3475,0.6425,0.0,0.0025,0.0025,0.0025,0.0025,400,lists/scandinavian/list.scandinavian.attrib=shap_mpd=2_thresh=0.8_docnorm=F_tfidf=F.csv
0.61,0.2775,0.0,0.0,0.0,0.0025,0.0875,400,lists/scandinavian/list.scandinavian.attrib=lime_mpd=11_thresh=0.4_docnorm=T_tfidf=F.csv
0.64,0.33,0.0,0.0,0.0,0.0,0.0,400,lists/scandinavian/list.scandinavian.attrib=loo_mpd=11_thresh=0.6_docnorm=T_tfidf=T.csv
0.1775,0.8125,0.0,0.0025,0.0025,0.0025,0.0025,400,lists/scandinavian/list.scandinavian.attrib=ig_mpd=12_thresh=0.4_docnorm=F_tfidf=F.csv
0.4076086956521739,0.5842391304347826,0.0,0.0,0.0,0.0,0.0,368,lists/scandinavian/list.scandinavian.attrib=ig_mpd=1_thresh=0.8_docnorm=T_tfidf=T.csv
0.5875,0.26,0.0,0.0,0.0175,0.2,0.38,400,lists/scandinavian/list.scandinavian.attrib=lime_mpd=18_thresh=0.3_docnorm=T_tfidf=F.csv
0.6325,0.335,0.0,0.0,0.0025,0.0025,0.0025,400,lists/scandinavian/list.scandinavian.attrib=lime_mpd=14_thresh=0.7_docnorm=T_tfidf=F.csv
0.3575,0.6375,0.0,0.0,0.0,0.0,0.0,400,lists/scandinavian/list.scandinavian.attrib=shap_mpd=17_thresh=0.7_docnorm=F_tfidf=T.csv
0.33,0.6575,0.0,0.005,0.005,0.005,0.005,400,lists/scandinavian/list.scandinavian.attrib=loo_mpd=8_thresh=0.9_docnorm=F_tfidf=F.csv
0.5475,0.4325,0.0,0.0,0.0,0.0,0.0,400,lists/scandinavian/list.scandinavian.attrib=loo_mpd=14_thresh=0.9_docnorm=T_tfidf=F.csv
0.645,0.29,0.0,0.0,0.0,0.0,0.0,400,lists/scandinavian/list.scandinavian.attrib=lime_mpd=20_thresh=0.5_docnorm=T_tfidf=T.csv
0.6025,0.2175,0.0,0.0,0.0125,0.1475,0.3,400,lists/scandinavian/list.scandinavian.attrib=ig_mpd=5_thresh=0.3_docnorm=T_tfidf=F.csv
0.525,0.2275,0.0,0.2175,0.5325,0.6825,0.7875,400,lists/scandinavian/list.scandinavian.attrib=lime_mpd=12_thresh=0.2_docnorm=T_tfidf=F.csv
0.21,0.775,0.0,0.0,0.0,0.0,0.0,400,lists/scandinavian/list.scandinavian.attrib=ig_mpd=16_thresh=1.0_docnorm=F_tfidf=T.csv
0.4125,0.14,0.72,0.875,0.925,0.96,0.9675,400,lists/scandinavian/list.scandinavian.attrib=ig_mpd=12_thresh=0.1_docnorm=T_tfidf=T.csv
0.225,0.765,0.0,0.0,0.0,0.0,0.0,400,lists/scandinavian/list.scandinavian.attrib=ig_mpd=20_thresh=0.7_docnorm=F_tfidf=T.csv
0.44,0.54,0.0,0.005,0.01,0.01,0.0125,400,lists/scandinavian/list.scandinavian.attrib=loo_mpd=18_thresh=0.2_docnorm=F_tfidf=T.csv
0.225,0.765,0.0,0.0,0.0,0.0,0.0,400,lists/scandinavian/list.scandinavian.attrib=ig_mpd=18_thresh=0.8_docnorm=F_tfidf=T.csv
0.4575,0.0575,0.7675,0.94,0.9725,0.9925,0.9925,400,lists/scandinavian/list.scandinavian.attrib=shap_mpd=18_thresh=0.1_docnorm=T_tfidf=F.csv
0.2675,0.7275,0.0,0.005,0.005,0.005,0.005,400,lists/scandinavian/list.scandinavian.attrib=loo_mpd=6_thresh=1.0_docnorm=F_tfidf=F.csv
0.6725,0.27,0.0,0.0,0.0,0.0,0.0,400,lists/scandinavian/list.scandinavian.attrib=shap_mpd=14_thresh=0.5_docnorm=T_tfidf=T.csv
0.6075,0.34,0.0,0.0025,0.0025,0.0025,0.0025,400,lists/scandinavian/list.scandinavian.attrib=ig_mpd=19_thresh=0.7_docnorm=T_tfidf=T.csv
0.2875,0.705,0.0,0.0,0.0,0.0,0.0,400,lists/scandinavian/list.scandinavian.attrib=lime_mpd=5_thresh=0.7_docnorm=F_tfidf=F.csv
0.6025,0.3425,0.0,0.0025,0.0025,0.0025,0.0025,400,lists/scandinavian/list.scandinavian.attrib=ig_mpd=14_thresh=0.7_docnorm=T_tfidf=F.csv
0.5125,0.475,0.0,0.0,0.0,0.0,0.0,400,lists/scandinavian/list.scandinavian.attrib=shap_mpd=6_thresh=1.0_docnorm=T_tfidf=T.csv
0.2825,0.71,0.0,0.0,0.0,0.0,0.0,400,lists/scandinavian/list.scandinavian.attrib=lime_mpd=6_thresh=0.6_docnorm=F_tfidf=F.csv
0.565,0.3925,0.0,0.0025,0.0025,0.0025,0.0025,400,lists/scandinavian/list.scandinavian.attrib=ig_mpd=14_thresh=0.8_docnorm=T_tfidf=F.csv
0.175,0.815,0.0,0.0025,0.0025,0.0025,0.0025,400,lists/scandinavian/list.scandinavian.attrib=ig_mpd=9_thresh=0.8_docnorm=F_tfidf=F.csv
0.365,0.63,0.0,0.0,0.0,0.0,0.0,400,lists/scandinavian/list.scandinavian.attrib=shap_mpd=5_thresh=0.7_docnorm=F_tfidf=T.csv
0.2875,0.705,0.0,0.0,0.0,0.0,0.0,400,lists/scandinavian/list.scandinavian.attrib=lime_mpd=18_thresh=0.6_docnorm=F_tfidf=F.csv
0.53,0.455,0.0,0.0,0.0,0.0,0.0,400,lists/scandinavian/list.scandinavian.attrib=shap_mpd=13_thresh=1.0_docnorm=T_tfidf=F.csv
0.625,0.32,0.0,0.0,0.0,0.0,0.0,400,lists/scandinavian/list.scandinavian.attrib=ig_mpd=14_thresh=0.6_docnorm=T_tfidf=F.csv
0.5875,0.3325,0.0,0.0,0.0,0.0,0.025,400,lists/scandinavian/list.scandinavian.attrib=loo_mpd=7_thresh=0.4_docnorm=T_tfidf=F.csv
0.56,0.3975,0.0,0.0025,0.0025,0.0025,0.0025,400,lists/scandinavian/list.scandinavian.attrib=ig_mpd=15_thresh=0.8_docnorm=T_tfidf=F.csv
0.455,0.0925,0.7975,0.95,0.9775,0.985,0.9875,400,lists/scandinavian/list.scandinavian.attrib=lime_mpd=20_thresh=0.1_docnorm=T_tfidf=F.csv
0.615,0.3325,0.0,0.0,0.0,0.0,0.0,400,lists/scandinavian/list.scandinavian.attrib=ig_mpd=6_thresh=0.6_docnorm=T_tfidf=T.csv
0.5175,0.1875,0.0,0.23,0.4575,0.64,0.73,400,lists/scandinavian/list.scandinavian.attrib=ig_mpd=14_thresh=0.2_docnorm=T_tfidf=F.csv
0.3475,0.6425,0.0,0.005,0.005,0.005,0.005,400,lists/scandinavian/list.scandinavian.attrib=loo_mpd=10_thresh=1.0_docnorm=F_tfidf=T.csv
0.355,0.6375,0.0,0.0,0.0,0.0,0.0,400,lists/scandinavian/list.scandinavian.attrib=shap_mpd=18_thresh=0.2_docnorm=F_tfidf=T.csv
0.5975,0.27,0.0,0.0,0.015,0.18,0.3275,400,lists/scandinavian/list.scandinavian.attrib=lime_mpd=6_thresh=0.3_docnorm=T_tfidf=T.csv
0.52,0.47,0.0,0.0,0.0,0.0,0.0,400,lists/scandinavian/list.scandinavian.attrib=loo_mpd=6_thresh=0.9_docnorm=T_tfidf=F.csv
0.3575,0.6375,0.0,0.0,0.0,0.0,0.0,400,lists/scandinavian/list.scandinavian.attrib=shap_mpd=15_thresh=0.5_docnorm=F_tfidf=T.csv
0.6225,0.3525,0.0,0.0,0.0,0.0,0.0,400,lists/scandinavian/list.scandinavian.attrib=loo_mpd=4_thresh=0.6_docnorm=T_tfidf=F.csv
0.595,0.2225,0.0,0.0,0.015,0.1925,0.365,400,lists/scandinavian/list.scandinavian.attrib=ig_mpd=15_thresh=0.3_docnorm=T_tfidf=F.csv
0.5410764872521246,0.45609065155807366,0.0,0.0028328611898017,0.0028328611898017,0.0028328611898017,0.0028328611898017,353,lists/scandinavian/list.scandinavian.attrib=shap_mpd=1_thresh=0.9_docnorm=T_tfidf=F.csv
0.32,0.6725,0.0,0.005,0.005,0.005,0.005,400,lists/scandinavian/list.scandinavian.attrib=loo_mpd=2_thresh=0.9_docnorm=F_tfidf=F.csv
0.62,0.36,0.0,0.0,0.0,0.0,0.0,400,lists/scandinavian/list.scandinavian.attrib=loo_mpd=12_thresh=0.8_docnorm=T_tfidf=F.csv
0.3967391304347826,0.5978260869565217,0.0,0.005434782608695652,0.005434782608695652,0.005434782608695652,0.005434782608695652,368,lists/scandinavian/list.scandinavian.attrib=loo_mpd=1_thresh=0.9_docnorm=T_tfidf=F.csv
0.6,0.3525,0.0,0.0025,0.0025,0.0025,0.0025,400,lists/scandinavian/list.scandinavian.attrib=ig_mpd=2_thresh=0.6_docnorm=T_tfidf=F.csv
0.3542713567839196,0.6432160804020101,0.0,0.002512562814070352,0.002512562814070352,0.002512562814070352,0.002512562814070352,398,lists/scandinavian/list.scandinavian.attrib=loo_mpd=4_thresh=1.0_docnorm=T_tfidf=T.csv
0.215,0.7775,0.0,0.0,0.0,0.0,0.0,400,lists/scandinavian/list.scandinavian.attrib=ig_mpd=7_thresh=0.7_docnorm=F_tfidf=T.csv
0.5875,0.1875,0.0,0.145,0.395,0.5275,0.63,400,lists/scandinavian/list.scandinavian.attrib=shap_mpd=3_thresh=0.2_docnorm=T_tfidf=F.csv
0.5975,0.3525,0.0,0.0025,0.0025,0.0025,0.0025,400,lists/scandinavian/list.scandinavian.attrib=ig_mpd=4_thresh=0.7_docnorm=T_tfidf=F.csv
0.4375,0.545,0.0,0.005,0.005,0.005,0.005,400,lists/scandinavian/list.scandinavian.attrib=loo_mpd=13_thresh=0.3_docnorm=F_tfidf=T.csv
0.62,0.3425,0.0,0.0,0.0,0.0,0.0,400,lists/scandinavian/list.scandinavian.attrib=loo_mpd=7_thresh=0.5_docnorm=T_tfidf=F.csv
0.5725,0.375,0.0,0.0025,0.0025,0.0025,0.0025,400,lists/scandinavian/list.scandinavian.attrib=ig_mpd=10_thresh=0.8_docnorm=T_tfidf=T.csv
0.2825,0.71,0.0,0.0,0.0,0.0,0.0,400,lists/scandinavian/list.scandinavian.attrib=lime_mpd=6_thresh=0.2_docnorm=F_tfidf=F.csv
0.4725,0.085,0.7125,0.91,0.965,0.99,0.995,400,lists/scandinavian/list.scandinavian.attrib=shap_mpd=15_thresh=0.1_docnorm=T_tfidf=T.csv
0.485,0.505,0.0,0.0,0.0,0.0,0.0,400,lists/scandinavian/list.scandinavian.attrib=shap_mpd=1_thresh=0.5_docnorm=F_tfidf=T.csv
0.3575,0.6375,0.0,0.0,0.0,0.0,0.0,400,lists/scandinavian/list.scandinavian.attrib=shap_mpd=12_thresh=0.7_docnorm=F_tfidf=T.csv
0.5075,0.2375,0.0,0.165,0.4825,0.6375,0.7375,400,lists/scandinavian/list.scandinavian.attrib=loo_mpd=13_thresh=0.2_docnorm=T_tfidf=F.csv
0.3525,0.64,0.0,0.0,0.0,0.0,0.0,400,lists/scandinavian/list.scandinavian.attrib=lime_mpd=2_thresh=0.3_docnorm=F_tfidf=F.csv
0.4575,0.1575,0.525,0.71,0.825,0.8575,0.9,400,lists/scandinavian/list.scandinavian.attrib=loo_mpd=2_thresh=0.1_docnorm=T_tfidf=T.csv
0.3175,0.6725,0.0,0.005,0.005,0.005,0.005,400,lists/scandinavian/list.scandinavian.attrib=shap_mpd=6_thresh=0.2_docnorm=F_tfidf=F.csv
0.355,0.6325,0.0,0.005,0.005,0.005,0.0075,400,lists/scandinavian/list.scandinavian.attrib=loo_mpd=4_thresh=0.2_docnorm=F_tfidf=F.csv
0.355,0.6275,0.0,0.0,0.0,0.0,0.0,400,lists/scandinavian/list.scandinavian.attrib=ig_mpd=14_thresh=1.0_docnorm=T_tfidf=F.csv
0.2825,0.71,0.0,0.0,0.0,0.0,0.0,400,lists/scandinavian/list.scandinavian.attrib=lime_mpd=7_thresh=0.4_docnorm=F_tfidf=F.csv
0.3575,0.6175,0.0,0.0,0.0,0.0,0.0,400,lists/scandinavian/list.scandinavian.attrib=ig_mpd=19_thresh=1.0_docnorm=T_tfidf=F.csv
0.585,0.345,0.0,0.0,0.0,0.0,0.0,400,lists/scandinavian/list.scandinavian.attrib=ig_mpd=8_thresh=0.5_docnorm=T_tfidf=T.csv
0.655,0.3175,0.0,0.0,0.0,0.0,0.0,400,lists/scandinavian/list.scandinavian.attrib=shap_mpd=7_thresh=0.8_docnorm=T_tfidf=F.csv
0.32,0.6725,0.0,0.005,0.005,0.005,0.005,400,lists/scandinavian/list.scandinavian.attrib=shap_mpd=4_thresh=0.5_docnorm=F_tfidf=F.csv
0.6125,0.2725,0.0,0.0,0.0,0.0025,0.1,400,lists/scandinavian/list.scandinavian.attrib=lime_mpd=15_thresh=0.4_docnorm=T_tfidf=F.csv
0.3575,0.6375,0.0,0.0,0.0,0.0,0.0,400,lists/scandinavian/list.scandinavian.attrib=shap_mpd=11_thresh=0.8_docnorm=F_tfidf=T.csv
0.225,0.765,0.0,0.0,0.0,0.0,0.0,400,lists/scandinavian/list.scandinavian.attrib=ig_mpd=18_thresh=0.4_docnorm=F_tfidf=T.csv
0.64,0.325,0.0,0.0025,0.0025,0.0025,0.0025,400,lists/scandinavian/list.scandinavian.attrib=loo_mpd=10_thresh=0.6_docnorm=T_tfidf=T.csv
0.6375,0.34,0.0,0.0,0.0,0.0,0.0,400,lists/scandinavian/list.scandinavian.attrib=shap_mpd=5_thresh=0.8_docnorm=T_tfidf=T.csv
0.6475,0.285,0.0,0.0,0.0,0.0,0.0,400,lists/scandinavian/list.scandinavian.attrib=lime_mpd=15_thresh=0.5_docnorm=T_tfidf=T.csv
0.35,0.6375,0.0,0.005,0.005,0.005,0.005,400,lists/scandinavian/list.scandinavian.attrib=loo_mpd=11_thresh=0.2_docnorm=F_tfidf=F.csv
0.2875,0.705,0.0,0.0,0.0,0.0,0.0,400,lists/scandinavian/list.scandinavian.attrib=lime_mpd=17_thresh=0.9_docnorm=F_tfidf=F.csv
0.6275,0.33,0.0,0.0,0.0,0.0,0.0,400,lists/scandinavian/list.scandinavian.attrib=loo_mpd=9_thresh=0.5_docnorm=T_tfidf=T.csv
0.62,0.3475,0.0,0.0,0.0,0.0,0.0,400,lists/scandinavian/list.scandinavian.attrib=loo_mpd=11_thresh=0.6_docnorm=T_tfidf=F.csv
0.575,0.3475,0.0,0.0,0.0,0.0,0.0175,400,lists/scandinavian/list.scandinavian.attrib=ig_mpd=3_thresh=0.4_docnorm=T_tfidf=T.csv
0.345,0.645,0.0,0.0025,0.0025,0.0025,0.0025,400,lists/scandinavian/list.scandinavian.attrib=shap_mpd=2_thresh=0.9_docnorm=F_tfidf=F.csv
0.465,0.515,0.0,0.0,0.0,0.0,0.0,400,lists/scandinavian/list.scandinavian.attrib=lime_mpd=13_thresh=1.0_docnorm=T_tfidf=T.csv
0.6125,0.33,0.0,0.0,0.0,0.0,0.0,400,lists/scandinavian/list.scandinavian.attrib=loo_mpd=14_thresh=0.5_docnorm=T_tfidf=F.csv
0.53,0.28,0.0,0.0,0.025,0.2075,0.365,400,lists/scandinavian/list.scandinavian.attrib=ig_mpd=17_thresh=0.3_docnorm=T_tfidf=T.csv
0.5725,0.3825,0.0,0.0,0.0,0.0,0.0,400,lists/scandinavian/list.scandinavian.attrib=ig_mpd=1_thresh=0.4_docnorm=T_tfidf=T.csv
0.36,0.6325,0.0,0.0025,0.0025,0.0025,0.0025,400,lists/scandinavian/list.scandinavian.attrib=shap_mpd=8_thresh=0.7_docnorm=F_tfidf=T.csv
0.32,0.67,0.0,0.0,0.0,0.0,0.0,400,lists/scandinavian/list.scandinavian.attrib=lime_mpd=9_thresh=1.0_docnorm=F_tfidf=T.csv
0.33,0.6625,0.0,0.0,0.0,0.0,0.0,400,lists/scandinavian/list.scandinavian.attrib=lime_mpd=16_thresh=0.6_docnorm=F_tfidf=T.csv
0.3475,0.64,0.0,0.005,0.005,0.005,0.005,400,lists/scandinavian/list.scandinavian.attrib=loo_mpd=14_thresh=0.1_docnorm=F_tfidf=F.csv
0.62,0.24,0.0,0.0,0.0075,0.125,0.2725,400,lists/scandinavian/list.scandinavian.attrib=shap_mpd=5_thresh=0.3_docnorm=T_tfidf=T.csv
0.3625,0.6225,0.0,0.005,0.005,0.005,0.005,400,lists/scandinavian/list.scandinavian.attrib=loo_mpd=19_thresh=1.0_docnorm=F_tfidf=T.csv
0.2225,0.77,0.0,0.0,0.0,0.0,0.0,400,lists/scandinavian/list.scandinavian.attrib=ig_mpd=10_thresh=0.5_docnorm=F_tfidf=T.csv
0.595,0.3875,0.0,0.0,0.0,0.0,0.0,400,lists/scandinavian/list.scandinavian.attrib=loo_mpd=4_thresh=0.7_docnorm=T_tfidf=T.csv
0.355,0.6375,0.0,0.0,0.0,0.0,0.0,400,lists/scandinavian/list.scandinavian.attrib=shap_mpd=18_thresh=0.3_docnorm=F_tfidf=T.csv
0.535,0.445,0.0,0.0,0.0,0.0,0.0,400,lists/scandinavian/list.scandinavian.attrib=lime_mpd=2_thresh=0.9_docnorm=T_tfidf=T.csv
0.33,0.6625,0.0,0.0,0.0,0.0,0.0,400,lists/scandinavian/list.scandinavian.attrib=lime_mpd=12_thresh=0.2_docnorm=F_tfidf=T.csv
0.33,0.6625,0.0,0.0,0.0,0.0,0.0,400,lists/scandinavian/list.scandinavian.attrib=lime_mpd=17_thresh=0.7_docnorm=F_tfidf=T.csv
0.4225,0.565,0.0,0.005,0.005,0.005,0.005,400,lists/scandinavian/list.scandinavian.attrib=loo_mpd=13_thresh=0.7_docnorm=F_tfidf=T.csv
0.6475,0.2775,0.0,0.0,0.0,0.0,0.0375,400,lists/scandinavian/list.scandinavian.attrib=shap_mpd=3_thresh=0.4_docnorm=T_tfidf=F.csv
0.33,0.6625,0.0,0.0,0.0,0.0,0.0,400,lists/scandinavian/list.scandinavian.attrib=lime_mpd=20_thresh=0.2_docnorm=F_tfidf=T.csv
0.595,0.3875,0.0,0.0,0.0,0.0,0.0,400,lists/scandinavian/list.scandinavian.attrib=shap_mpd=10_thresh=0.9_docnorm=T_tfidf=T.csv
0.45,0.535,0.0,0.0,0.0,0.0,0.0,400,lists/scandinavian/list.scandinavian.attrib=lime_mpd=17_thresh=1.0_docnorm=T_tfidf=F.csv
0.2525,0.74,0.0,0.0,0.0,0.0,0.0,400,lists/scandinavian/list.scandinavian.attrib=ig_mpd=2_thresh=0.7_docnorm=F_tfidf=T.csv
0.6625,0.2925,0.0,0.0,0.0,0.0,0.0,400,lists/scandinavian/list.scandinavian.attrib=shap_mpd=15_thresh=0.6_docnorm=T_tfidf=T.csv
0.33,0.6625,0.0,0.0,0.0,0.0,0.0,400,lists/scandinavian/list.scandinavian.attrib=lime_mpd=16_thresh=0.4_docnorm=F_tfidf=T.csv
0.6175,0.3175,0.0,0.0,0.0,0.0,0.0,400,lists/scandinavian/list.scandinavian.attrib=ig_mpd=10_thresh=0.6_docnorm=T_tfidf=F.csv
0.45,0.1025,0.705,0.8725,0.95,0.9725,0.99,400,lists/scandinavian/list.scandinavian.attrib=loo_mpd=14_thresh=0.1_docnorm=T_tfidf=T.csv
0.45,0.535,0.0,0.0,0.0,0.0,0.0,400,lists/scandinavian/list.scandinavian.attrib=lime_mpd=20_thresh=1.0_docnorm=T_tfidf=F.csv
0.175,0.815,0.0,0.0025,0.0025,0.0025,0.0025,400,lists/scandinavian/list.scandinavian.attrib=ig_mpd=9_thresh=0.5_docnorm=F_tfidf=F.csv
0.315,0.675,0.0,0.0025,0.0025,0.0025,0.0025,400,lists/scandinavian/list.scandinavian.attrib=shap_mpd=13_thresh=0.3_docnorm=F_tfidf=F.csv
0.1825,0.8175,0.0,0.0,0.0,0.0,0.0,400,lists/scandinavian/list.scandinavian.attrib=ig_mpd=5_thresh=1.0_docnorm=F_tfidf=T.csv
0.2175,0.775,0.0,0.0,0.0,0.0,0.0,400,lists/scandinavian/list.scandinavian.attrib=ig_mpd=5_thresh=0.8_docnorm=F_tfidf=T.csv
0.2225,0.7675,0.0,0.0,0.0,0.0,0.0,400,lists/scandinavian/list.scandinavian.attrib=ig_mpd=16_thresh=0.5_docnorm=F_tfidf=T.csv
0.345,0.645,0.0,0.0,0.0,0.0,0.0,400,lists/scandinavian/list.scandinavian.attrib=lime_mpd=3_thresh=0.6_docnorm=F_tfidf=T.csv
0.215,0.7775,0.0,0.0,0.0,0.0,0.0,400,lists/scandinavian/list.scandinavian.attrib=ig_mpd=5_thresh=0.6_docnorm=F_tfidf=T.csv
0.1925,0.7925,0.0,0.0025,0.0025,0.0025,0.0025,400,lists/scandinavian/list.scandinavian.attrib=ig_mpd=17_thresh=0.5_docnorm=F_tfidf=F.csv
0.6025,0.38,0.0,0.0,0.0,0.0,0.0,400,lists/scandinavian/list.scandinavian.attrib=shap_mpd=14_thresh=0.9_docnorm=T_tfidf=F.csv
0.3575,0.6375,0.0,0.0,0.0,0.0,0.0,400,lists/scandinavian/list.scandinavian.attrib=shap_mpd=14_thresh=0.7_docnorm=F_tfidf=T.csv
0.3925,0.0825,0.7975,0.9325,0.9625,0.9725,0.9825,400,lists/scandinavian/list.scandinavian.attrib=ig_mpd=11_thresh=0.1_docnorm=T_tfidf=F.csv
0.31,0.68,0.0,0.005,0.005,0.005,0.005,400,lists/scandinavian/list.scandinavian.attrib=shap_mpd=8_thresh=1.0_docnorm=F_tfidf=F.csv
0.48,0.4925,0.0,0.0,0.0,0.0,0.0,400,lists/scandinavian/list.scandinavian.attrib=ig_mpd=2_thresh=0.8_docnorm=T_tfidf=T.csv
0.645,0.195,0.0,0.0,0.01,0.1725,0.365,400,lists/scandinavian/list.scandinavian.attrib=shap_mpd=18_thresh=0.3_docnorm=T_tfidf=F.csv
0.555,0.2925,0.0,0.0,0.0125,0.1675,0.33,400,lists/scandinavian/list.scandinavian.attrib=loo_mpd=19_thresh=0.3_docnorm=T_tfidf=T.csv
0.5675,0.34,0.0,0.0,0.0,0.0,0.06,400,lists/scandinavian/list.scandinavian.attrib=loo_mpd=15_thresh=0.4_docnorm=T_tfidf=F.csv
0.285,0.7075,0.0,0.0,0.0,0.0,0.0,400,lists/scandinavian/list.scandinavian.attrib=lime_mpd=13_thresh=0.5_docnorm=F_tfidf=F.csv
0.545,0.1875,0.0,0.115,0.35,0.5475,0.6475,400,lists/scandinavian/list.scandinavian.attrib=ig_mpd=4_thresh=0.2_docnorm=T_tfidf=F.csv
0.225,0.7675,0.0,0.0,0.0,0.0,0.0,400,lists/scandinavian/list.scandinavian.attrib=ig_mpd=12_thresh=0.9_docnorm=F_tfidf=T.csv
0.5325,0.4175,0.0,0.0025,0.0025,0.0025,0.0025,400,lists/scandinavian/list.scandinavian.attrib=ig_mpd=4_thresh=0.8_docnorm=T_tfidf=T.csv
0.225,0.7675,0.0,0.0,0.0,0.0,0.0,400,lists/scandinavian/list.scandinavian.attrib=ig_mpd=13_thresh=0.6_docnorm=F_tfidf=T.csv
0.6275,0.35,0.0,0.0,0.0,0.0,0.0,400,lists/scandinavian/list.scandinavian.attrib=lime_mpd=18_thresh=0.8_docnorm=T_tfidf=T.csv
0.645,0.29,0.0,0.0,0.0,0.0,0.0,400,lists/scandinavian/list.scandinavian.attrib=lime_mpd=19_thresh=0.5_docnorm=T_tfidf=T.csv
0.57,0.17,0.0,0.2525,0.56,0.6925,0.775,400,lists/scandinavian/list.scandinavian.attrib=shap_mpd=18_thresh=0.2_docnorm=T_tfidf=F.csv
0.1675,0.83,0.0,0.0025,0.0025,0.0025,0.0025,400,lists/scandinavian/list.scandinavian.attrib=ig_mpd=9_thresh=1.0_docnorm=F_tfidf=F.csv
0.465,0.1,0.6725,0.8825,0.9425,0.975,0.99,400,lists/scandinavian/list.scandinavian.attrib=shap_mpd=7_thresh=0.1_docnorm=T_tfidf=T.csv
0.6075,0.335,0.0,0.0,0.0,0.0,0.0,400,lists/scandinavian/list.scandinavian.attrib=ig_mpd=10_thresh=0.7_docnorm=T_tfidf=T.csv
0.285,0.7075,0.0,0.0,0.0,0.0,0.0,400,lists/scandinavian/list.scandinavian.attrib=lime_mpd=12_thresh=0.7_docnorm=F_tfidf=F.csv
0.5925,0.2275,0.0,0.0,0.015,0.2,0.365,400,lists/scandinavian/list.scandinavian.attrib=ig_mpd=20_thresh=0.3_docnorm=T_tfidf=F.csv
0.56,0.29,0.0,0.0,0.01,0.1425,0.2975,400,lists/scandinavian/list.scandinavian.attrib=loo_mpd=15_thresh=0.3_docnorm=T_tfidf=T.csv
0.3175,0.675,0.0,0.005,0.005,0.005,0.005,400,lists/scandinavian/list.scandinavian.attrib=shap_mpd=5_thresh=0.1_docnorm=F_tfidf=F.csv
0.2875,0.705,0.0,0.0,0.0,0.0,0.0,400,lists/scandinavian/list.scandinavian.attrib=lime_mpd=5_thresh=0.9_docnorm=F_tfidf=F.csv
0.62,0.295,0.0,0.0,0.0,0.0,0.0,400,lists/scandinavian/list.scandinavian.attrib=ig_mpd=18_thresh=0.5_docnorm=T_tfidf=F.csv
0.285,0.7075,0.0,0.0,0.0,0.0,0.0,400,lists/scandinavian/list.scandinavian.attrib=lime_mpd=17_thresh=1.0_docnorm=F_tfidf=F.csv
0.5175,0.4475,0.0,0.0025,0.0025,0.0025,0.0025,400,lists/scandinavian/list.scandinavian.attrib=ig_mpd=11_thresh=0.9_docnorm=T_tfidf=T.csv
0.3575,0.6375,0.0,0.0,0.0,0.0,0.0,400,lists/scandinavian/list.scandinavian.attrib=shap_mpd=18_thresh=0.5_docnorm=F_tfidf=T.csv
0.545,0.4,0.0,0.0025,0.0025,0.0025,0.0025,400,lists/scandinavian/list.scandinavian.attrib=ig_mpd=3_thresh=0.7_docnorm=T_tfidf=T.csv
0.3525,0.635,0.0,0.005,0.005,0.005,0.0075,400,lists/scandinavian/list.scandinavian.attrib=loo_mpd=6_thresh=0.2_docnorm=F_tfidf=F.csv
0.345,0.6425,0.0,0.005,0.005,0.005,0.005,400,lists/scandinavian/list.scandinavian.attrib=loo_mpd=20_thresh=0.6_docnorm=F_tfidf=F.csv
0.285,0.7075,0.0,0.0,0.0,0.0,0.0,400,lists/scandinavian/list.scandinavian.attrib=lime_mpd=12_thresh=0.9_docnorm=F_tfidf=F.csv
0.4125,0.5775,0.0,0.0025,0.0025,0.0025,0.0025,400,lists/scandinavian/list.scandinavian.attrib=shap_mpd=2_thresh=0.2_docnorm=F_tfidf=T.csv
0.1675,0.83,0.0,0.0025,0.0025,0.0025,0.0025,400,lists/scandinavian/list.scandinavian.attrib=ig_mpd=6_thresh=1.0_docnorm=F_tfidf=F.csv
0.431266846361186,0.568733153638814,0.0,0.0,0.0,0.0,0.0,371,lists/scandinavian/list.scandinavian.attrib=lime_mpd=2_thresh=1.0_docnorm=T_tfidf=T.csv
0.2175,0.775,0.0,0.0,0.0,0.0,0.0,400,lists/scandinavian/list.scandinavian.attrib=ig_mpd=6_thresh=0.3_docnorm=F_tfidf=T.csv
0.1925,0.795,0.0,0.0025,0.0025,0.0025,0.0025,400,lists/scandinavian/list.scandinavian.attrib=ig_mpd=18_thresh=1.0_docnorm=F_tfidf=F.csv
0.53,0.4575,0.0,0.0,0.0,0.0,0.0,400,lists/scandinavian/list.scandinavian.attrib=loo_mpd=7_thresh=0.9_docnorm=T_tfidf=F.csv
0.455,0.5325,0.0,0.0,0.0,0.0,0.0,400,lists/scandinavian/list.scandinavian.attrib=loo_mpd=16_thresh=1.0_docnorm=T_tfidf=F.csv
0.225,0.7675,0.0,0.0,0.0,0.0,0.0,400,lists/scandinavian/list.scandinavian.attrib=ig_mpd=13_thresh=0.5_docnorm=F_tfidf=T.csv
0.2225,0.77,0.0,0.0,0.0,0.0,0.0,400,lists/scandinavian/list.scandinavian.attrib=ig_mpd=3_thresh=0.8_docnorm=F_tfidf=T.csv
0.4125,0.58,0.0,0.0025,0.0025,0.0025,0.0025,400,lists/scandinavian/list.scandinavian.attrib=shap_mpd=2_thresh=0.5_docnorm=F_tfidf=T.csv
0.635,0.33,0.0,0.0,0.0,0.0,0.0,400,lists/scandinavian/list.scandinavian.attrib=lime_mpd=6_thresh=0.6_docnorm=T_tfidf=T.csv
0.575,0.3225,0.0,0.0025,0.0025,0.0025,0.0725,400,lists/scandinavian/list.scandinavian.attrib=loo_mpd=15_thresh=0.4_docnorm=T_tfidf=T.csv
0.33,0.6575,0.0,0.005,0.005,0.005,0.005,400,lists/scandinavian/list.scandinavian.attrib=loo_mpd=14_thresh=0.9_docnorm=F_tfidf=F.csv
0.455,0.1175,0.725,0.89,0.94,0.965,0.975,400,lists/scandinavian/list.scandinavian.attrib=loo_mpd=6_thresh=0.1_docnorm=T_tfidf=F.csv
0.575,0.36,0.0,0.0,0.0,0.0,0.0,400,lists/scandinavian/list.scandinavian.attrib=ig_mpd=10_thresh=0.5_docnorm=T_tfidf=T.csv
0.315,0.675,0.0,0.0025,0.0025,0.0025,0.0025,400,lists/scandinavian/list.scandinavian.attrib=shap_mpd=14_thresh=0.6_docnorm=F_tfidf=F.csv
0.665,0.22,0.0,0.0,0.0,0.0,0.12,400,lists/scandinavian/list.scandinavian.attrib=shap_mpd=14_thresh=0.4_docnorm=T_tfidf=F.csv
0.4375,0.545,0.0,0.005,0.005,0.005,0.005,400,lists/scandinavian/list.scandinavian.attrib=loo_mpd=12_thresh=0.3_docnorm=F_tfidf=T.csv
0.62,0.3475,0.0,0.0,0.0,0.0,0.0,400,lists/scandinavian/list.scandinavian.attrib=loo_mpd=14_thresh=0.6_docnorm=T_tfidf=T.csv
0.62,0.34,0.0,0.0,0.0,0.0,0.0075,400,lists/scandinavian/list.scandinavian.attrib=loo_mpd=3_thresh=0.4_docnorm=T_tfidf=T.csv
0.3075,0.68,0.0,0.005,0.005,0.005,0.005,400,lists/scandinavian/list.scandinavian.attrib=loo_mpd=16_thresh=1.0_docnorm=F_tfidf=F.csv
0.195,0.79,0.0,0.0025,0.0025,0.0025,0.0025,400,lists/scandinavian/list.scandinavian.attrib=ig_mpd=18_thresh=0.9_docnorm=F_tfidf=F.csv
0.36,0.6275,0.0,0.005,0.005,0.005,0.0075,400,lists/scandinavian/list.scandinavian.attrib=loo_mpd=3_thresh=0.2_docnorm=F_tfidf=F.csv
0.6225,0.3475,0.0,0.0,0.0,0.0,0.0,400,lists/scandinavian/list.scandinavian.attrib=loo_mpd=14_thresh=0.8_docnorm=T_tfidf=F.csv
0.285,0.7075,0.0,0.0,0.0,0.0,0.0,400,lists/scandinavian/list.scandinavian.attrib=lime_mpd=13_thresh=0.6_docnorm=F_tfidf=F.csv
0.4125,0.5725,0.0,0.005,0.005,0.005,0.005,400,lists/scandinavian/list.scandinavian.attrib=loo_mpd=15_thresh=0.8_docnorm=F_tfidf=T.csv
0.545,0.3075,0.0,0.0,0.01,0.11,0.2375,400,lists/scandinavian/list.scandinavian.attrib=ig_mpd=4_thresh=0.3_docnorm=T_tfidf=T.csv
0.4725,0.0825,0.715,0.9125,0.965,0.99,0.995,400,lists/scandinavian/list.scandinavian.attrib=shap_mpd=18_thresh=0.1_docnorm=T_tfidf=T.csv
0.4375,0.5475,0.0,0.005,0.005,0.005,0.005,400,lists/scandinavian/list.scandinavian.attrib=loo_mpd=9_thresh=0.4_docnorm=F_tfidf=T.csv
0.165,0.8325,0.0,0.0025,0.0025,0.0025,0.0025,400,lists/scandinavian/list.scandinavian.attrib=ig_mpd=8_thresh=1.0_docnorm=F_tfidf=F.csv
0.535,0.45,0.0,0.0,0.0,0.0,0.0,400,lists/scandinavian/list.scandinavian.attrib=shap_mpd=12_thresh=1.0_docnorm=T_tfidf=T.csv
0.385,0.5875,0.0,0.0,0.0,0.0,0.0,400,lists/scandinavian/list.scandinavian.attrib=ig_mpd=18_thresh=1.0_docnorm=T_tfidf=T.csv
0.495,0.24,0.0,0.1825,0.465,0.62,0.7,400,lists/scandinavian/list.scandinavian.attrib=ig_mpd=9_thresh=0.2_docnorm=T_tfidf=T.csv
0.22,0.7725,0.0,0.0,0.0,0.0,0.0,400,lists/scandinavian/list.scandinavian.attrib=ig_mpd=11_thresh=0.4_docnorm=F_tfidf=T.csv
0.315,0.675,0.0,0.0025,0.0025,0.0025,0.0025,400,lists/scandinavian/list.scandinavian.attrib=shap_mpd=11_thresh=0.6_docnorm=F_tfidf=F.csv
0.41,0.575,0.0,0.005,0.005,0.005,0.005,400,lists/scandinavian/list.scandinavian.attrib=loo_mpd=13_thresh=0.8_docnorm=F_tfidf=T.csv
0.62,0.2475,0.0,0.0,0.0175,0.1625,0.33,400,lists/scandinavian/list.scandinavian.attrib=shap_mpd=17_thresh=0.3_docnorm=T_tfidf=T.csv
0.355,0.6375,0.0,0.0,0.0,0.0,0.0,400,lists/scandinavian/list.scandinavian.attrib=shap_mpd=12_thresh=0.4_docnorm=F_tfidf=T.csv
0.1725,0.8225,0.0,0.0025,0.0025,0.0025,0.0025,400,lists/scandinavian/list.scandinavian.attrib=ig_mpd=12_thresh=1.0_docnorm=F_tfidf=F.csv
0.6125,0.3275,0.0,0.0,0.0,0.0,0.0,400,lists/scandinavian/list.scandinavian.attrib=loo_mpd=17_thresh=0.5_docnorm=T_tfidf=F.csv
0.615,0.34,0.0,0.0,0.0,0.0,0.0,400,lists/scandinavian/list.scandinavian.attrib=lime_mpd=3_thresh=0.5_docnorm=T_tfidf=T.csv
0.665,0.2175,0.0,0.0,0.0,0.0,0.1175,400,lists/scandinavian/list.scandinavian.attrib=shap_mpd=17_thresh=0.4_docnorm=T_tfidf=F.csv
0.545,0.1925,0.0,0.21,0.5,0.645,0.73,400,lists/scandinavian/list.scandinavian.attrib=shap_mpd=19_thresh=0.2_docnorm=T_tfidf=T.csv
0.2525,0.7325,0.0,0.0,0.0,0.0,0.0,400,lists/scandinavian/list.scandinavian.attrib=ig_mpd=1_thresh=0.2_docnorm=F_tfidf=F.csv
0.5675,0.4175,0.0,0.0,0.0,0.0,0.0,400,lists/scandinavian/list.scandinavian.attrib=shap_mpd=3_thresh=0.9_docnorm=T_tfidf=F.csv
0.575,0.2775,0.0,0.02,0.1125,0.195,0.295,400,lists/scandinavian/list.scandinavian.attrib=lime_mpd=1_thresh=0.2_docnorm=T_tfidf=T.csv
0.185,0.8075,0.0,0.0,0.0,0.0,0.0,400,lists/scandinavian/list.scandinavian.attrib=ig_mpd=4_thresh=0.7_docnorm=F_tfidf=F.csv
0.355,0.635,0.0,0.0025,0.0025,0.0025,0.0025,400,lists/scandinavian/list.scandinavian.attrib=shap_mpd=8_thresh=0.3_docnorm=F_tfidf=T.csv
0.59,0.2275,0.0,0.0,0.015,0.195,0.37,400,lists/scandinavian/list.scandinavian.attrib=ig_mpd=17_thresh=0.3_docnorm=T_tfidf=F.csv
0.66,0.3025,0.0,0.0,0.0,0.0,0.0,400,lists/scandinavian/list.scandinavian.attrib=shap_mpd=4_thresh=0.6_docnorm=T_tfidf=F.csv
0.5775,0.405,0.0,0.0,0.0,0.0,0.0,400,lists/scandinavian/list.scandinavian.attrib=lime_mpd=7_thresh=0.9_docnorm=T_tfidf=T.csv
0.33,0.6625,0.0,0.0,0.0,0.0,0.0,400,lists/scandinavian/list.scandinavian.attrib=lime_mpd=16_thresh=0.3_docnorm=F_tfidf=T.csv
0.6325,0.3375,0.0,0.0,0.0025,0.0025,0.0025,400,lists/scandinavian/list.scandinavian.attrib=lime_mpd=11_thresh=0.7_docnorm=T_tfidf=F.csv
0.3425,0.645,0.0,0.005,0.005,0.005,0.005,400,lists/scandinavian/list.scandinavian.attrib=loo_mpd=20_thresh=0.8_docnorm=F_tfidf=F.csv
0.6525,0.2825,0.0,0.0,0.0,0.0025,0.0025,400,lists/scandinavian/list.scandinavian.attrib=lime_mpd=16_thresh=0.5_docnorm=T_tfidf=F.csv
0.63,0.3425,0.0,0.0,0.0025,0.0025,0.0025,400,lists/scandinavian/list.scandinavian.attrib=lime_mpd=13_thresh=0.7_docnorm=T_tfidf=F.csv
0.22,0.7725,0.0,0.0,0.0,0.0,0.0,400,lists/scandinavian/list.scandinavian.attrib=ig_mpd=11_thresh=0.7_docnorm=F_tfidf=T.csv
0.66,0.31,0.0,0.0,0.0,0.0,0.0,400,lists/scandinavian/list.scandinavian.attrib=shap_mpd=15_thresh=0.7_docnorm=T_tfidf=T.csv
0.6225,0.3425,0.0,0.0,0.0,0.0,0.0,400,lists/scandinavian/list.scandinavian.attrib=loo_mpd=20_thresh=0.6_docnorm=T_tfidf=F.csv
0.3475,0.64,0.0,0.005,0.005,0.005,0.005,400,lists/scandinavian/list.scandinavian.attrib=loo_mpd=6_thresh=0.7_docnorm=F_tfidf=F.csv
0.3425,0.645,0.0,0.005,0.005,0.005,0.005,400,lists/scandinavian/list.scandinavian.attrib=loo_mpd=14_thresh=0.8_docnorm=F_tfidf=F.csv
0.3025,0.6925,0.0,0.0,0.0,0.0,0.0,400,lists/scandinavian/list.scandinavian.attrib=ig_mpd=5_thresh=1.0_docnorm=T_tfidf=F.csv
0.595,0.2975,0.0,0.0,0.0,0.0025,0.0775,400,lists/scandinavian/list.scandinavian.attrib=lime_mpd=8_thresh=0.4_docnorm=T_tfidf=T.csv
0.4925,0.4775,0.0,0.0025,0.0025,0.0025,0.0025,400,lists/scandinavian/list.scandinavian.attrib=ig_mpd=4_thresh=0.9_docnorm=T_tfidf=T.csv
0.25,0.7425,0.0,0.0,0.0,0.0,0.0,400,lists/scandinavian/list.scandinavian.attrib=ig_mpd=2_thresh=0.6_docnorm=F_tfidf=T.csv
0.285,0.7075,0.0,0.0,0.0,0.0,0.0,400,lists/scandinavian/list.scandinavian.attrib=lime_mpd=15_thresh=0.7_docnorm=F_tfidf=F.csv
0.3175,0.675,0.0,0.0025,0.0025,0.0025,0.0025,400,lists/scandinavian/list.scandinavian.attrib=shap_mpd=20_thresh=1.0_docnorm=F_tfidf=F.csv
0.25,0.7425,0.0,0.0,0.0,0.0,0.0,400,lists/scandinavian/list.scandinavian.attrib=ig_mpd=2_thresh=0.2_docnorm=F_tfidf=T.csv
0.1925,0.7925,0.0,0.0025,0.0025,0.0025,0.0025,400,lists/scandinavian/list.scandinavian.attrib=ig_mpd=17_thresh=0.7_docnorm=F_tfidf=F.csv
0.4125,0.1375,0.7225,0.8775,0.9225,0.9575,0.965,400,lists/scandinavian/list.scandinavian.attrib=ig_mpd=14_thresh=0.1_docnorm=T_tfidf=T.csv
0.4375,0.5475,0.0,0.005,0.005,0.005,0.005,400,lists/scandinavian/list.scandinavian.attrib=loo_mpd=16_thresh=0.5_docnorm=F_tfidf=T.csv
0.605,0.3625,0.0,0.0,0.0,0.0,0.0,400,lists/scandinavian/list.scandinavian.attrib=lime_mpd=3_thresh=0.7_docnorm=T_tfidf=T.csv
0.435,0.1475,0.34,0.56,0.665,0.7575,0.815,400,lists/scandinavian/list.scandinavian.attrib=ig_mpd=1_thresh=0.1_docnorm=T_tfidf=F.csv
0.33,0.6625,0.0,0.0,0.0,0.0,0.0,400,lists/scandinavian/list.scandinavian.attrib=lime_mpd=12_thresh=0.6_docnorm=F_tfidf=T.csv
0.44,0.5375,0.0,0.0075,0.0125,0.015,0.0175,400,lists/scandinavian/list.scandinavian.attrib=loo_mpd=10_thresh=0.1_docnorm=F_tfidf=T.csv
0.4609375,0.5390625,0.0,0.0,0.0,0.0,0.0,256,lists/scandinavian/list.scandinavian.attrib=lime_mpd=1_thresh=1.0_docnorm=T_tfidf=T.csv
0.5975,0.3875,0.0,0.0,0.0,0.0,0.0,400,lists/scandinavian/list.scandinavian.attrib=lime_mpd=17_thresh=0.9_docnorm=T_tfidf=T.csv
0.5025,0.4575,0.0,0.0025,0.0025,0.0025,0.0025,400,lists/scandinavian/list.scandinavian.attrib=ig_mpd=3_thresh=0.8_docnorm=T_tfidf=F.csv
0.6,0.3175,0.0,0.0,0.0,0.0,0.045,400,lists/scandinavian/list.scandinavian.attrib=loo_mpd=11_thresh=0.4_docnorm=T_tfidf=F.csv
0.3525,0.63,0.0,0.0,0.0,0.0,0.0,400,lists/scandinavian/list.scandinavian.attrib=ig_mpd=15_thresh=1.0_docnorm=T_tfidf=F.csv
0.6175,0.27,0.0,0.0,0.0,0.0025,0.1,400,lists/scandinavian/list.scandinavian.attrib=lime_mpd=17_thresh=0.4_docnorm=T_tfidf=F.csv
0.565,0.33,0.0,0.0,0.0025,0.045,0.115,400,lists/scandinavian/list.scandinavian.attrib=ig_mpd=2_thresh=0.3_docnorm=T_tfidf=T.csv
0.345,0.6425,0.0,0.005,0.005,0.005,0.005,400,lists/scandinavian/list.scandinavian.attrib=loo_mpd=17_thresh=0.7_docnorm=F_tfidf=F.csv
0.44,0.5425,0.0,0.005,0.005,0.005,0.0075,400,lists/scandinavian/list.scandinavian.attrib=loo_mpd=18_thresh=0.3_docnorm=F_tfidf=T.csv
0.675,0.28,0.0,0.0,0.0,0.0,0.0,400,lists/scandinavian/list.scandinavian.attrib=shap_mpd=18_thresh=0.6_docnorm=T_tfidf=F.csv
0.665,0.295,0.0,0.0,0.0,0.0,0.0,400,lists/scandinavian/list.scandinavian.attrib=shap_mpd=7_thresh=0.6_docnorm=T_tfidf=T.csv
0.4575,0.5275,0.0,0.0,0.0,0.0,0.0,400,lists/scandinavian/list.scandinavian.attrib=lime_mpd=10_thresh=1.0_docnorm=T_tfidf=F.csv
0.32,0.67,0.0,0.0,0.0,0.0,0.0,400,lists/scandinavian/list.scandinavian.attrib=lime_mpd=20_thresh=1.0_docnorm=F_tfidf=T.csv
0.5425,0.2,0.0,0.2025,0.49,0.635,0.7225,400,lists/scandinavian/list.scandinavian.attrib=shap_mpd=15_thresh=0.2_docnorm=T_tfidf=T.csv
0.595,0.3275,0.0,0.0,0.0,0.0,0.035,400,lists/scandinavian/list.scandinavian.attrib=loo_mpd=9_thresh=0.4_docnorm=T_tfidf=F.csv
0.65,0.285,0.0,0.0,0.0,0.0025,0.0025,400,lists/scandinavian/list.scandinavian.attrib=lime_mpd=20_thresh=0.5_docnorm=T_tfidf=F.csv
0.2175,0.775,0.0,0.0,0.0,0.0,0.0,400,lists/scandinavian/list.scandinavian.attrib=ig_mpd=9_thresh=0.5_docnorm=F_tfidf=T.csv
0.6825,0.2725,0.0,0.0,0.0,0.0,0.0,400,lists/scandinavian/list.scandinavian.attrib=shap_mpd=13_thresh=0.6_docnorm=T_tfidf=F.csv
0.4375,0.5475,0.0,0.005,0.005,0.005,0.005,400,lists/scandinavian/list.scandinavian.attrib=loo_mpd=14_thresh=0.4_docnorm=F_tfidf=T.csv
0.6125,0.32,0.0,0.0,0.0,0.0,0.0,400,lists/scandinavian/list.scandinavian.attrib=ig_mpd=1_thresh=0.4_docnorm=T_tfidf=F.csv
0.3075,0.68,0.0,0.005,0.005,0.005,0.005,400,lists/scandinavian/list.scandinavian.attrib=loo_mpd=15_thresh=1.0_docnorm=F_tfidf=F.csv
0.1643059490084986,0.8328611898016998,0.0,0.0028328611898017,0.0028328611898017,0.0028328611898017,0.0028328611898017,353,lists/scandinavian/list.scandinavian.attrib=ig_mpd=3_thresh=1.0_docnorm=F_tfidf=F.csv
0.5925,0.3025,0.0,0.0,0.0025,0.0575,0.1575,400,lists/scandinavian/list.scandinavian.attrib=lime_mpd=2_thresh=0.3_docnorm=T_tfidf=T.csv
0.44,0.5425,0.0,0.005,0.005,0.005,0.0075,400,lists/scandinavian/list.scandinavian.attrib=loo_mpd=17_thresh=0.3_docnorm=F_tfidf=T.csv
0.64,0.3275,0.0,0.0,0.0,0.0,0.0,400,lists/scandinavian/list.scandinavian.attrib=lime_mpd=12_thresh=0.6_docnorm=T_tfidf=F.csv
0.4375,0.11,0.7225,0.89,0.955,0.9775,0.99,400,lists/scandinavian/list.scandinavian.attrib=loo_mpd=20_thresh=0.1_docnorm=T_tfidf=T.csv
0.3475,0.64,0.0,0.005,0.005,0.005,0.005,400,lists/scandinavian/list.scandinavian.attrib=loo_mpd=16_thresh=0.3_docnorm=F_tfidf=F.csv
0.525,0.18,0.0,0.2425,0.4775,0.6475,0.7425,400,lists/scandinavian/list.scandinavian.attrib=ig_mpd=18_thresh=0.2_docnorm=T_tfidf=F.csv
0.3475,0.64,0.0,0.005,0.005,0.005,0.005,400,lists/scandinavian/list.scandinavian.attrib=loo_mpd=12_thresh=0.6_docnorm=F_tfidf=F.csv
0.4925,0.245,0.0,0.2025,0.48,0.6225,0.7125,400,lists/scandinavian/list.scandinavian.attrib=ig_mpd=11_thresh=0.2_docnorm=T_tfidf=T.csv
0.195,0.79,0.0,0.0025,0.0025,0.0025,0.0025,400,lists/scandinavian/list.scandinavian.attrib=ig_mpd=18_thresh=0.5_docnorm=F_tfidf=F.csv
0.3225,0.6675,0.0,0.0,0.0,0.0,0.0,400,lists/scandinavian/list.scandinavian.attrib=lime_mpd=5_thresh=1.0_docnorm=F_tfidf=T.csv
0.5225,0.25,0.0,0.1575,0.4375,0.6,0.695,400,lists/scandinavian/list.scandinavian.attrib=loo_mpd=17_thresh=0.2_docnorm=T_tfidf=T.csv
0.1825,0.81,0.0,0.0,0.0,0.0,0.0,400,lists/scandinavian/list.scandinavian.attrib=ig_mpd=5_thresh=0.6_docnorm=F_tfidf=F.csv
0.33,0.6625,0.0,0.0,0.0,0.0,0.0,400,lists/scandinavian/list.scandinavian.attrib=lime_mpd=17_thresh=0.2_docnorm=F_tfidf=T.csv
0.2825,0.71,0.0,0.0,0.0,0.0,0.0,400,lists/scandinavian/list.scandinavian.attrib=lime_mpd=6_thresh=0.5_docnorm=F_tfidf=F.csv
0.6275,0.35,0.0,0.0,0.0,0.0,0.0,400,lists/scandinavian/list.scandinavian.attrib=lime_mpd=17_thresh=0.8_docnorm=T_tfidf=T.csv
0.295,0.6975,0.0,0.005,0.005,0.005,0.005,400,lists/scandinavian/list.scandinavian.attrib=loo_mpd=9_thresh=1.0_docnorm=F_tfidf=F.csv
0.6225,0.245,0.0,0.0,0.0175,0.165,0.3325,400,lists/scandinavian/list.scandinavian.attrib=shap_mpd=19_thresh=0.3_docnorm=T_tfidf=T.csv
0.33,0.6625,0.0,0.0,0.0,0.0,0.0,400,lists/scandinavian/list.scandinavian.attrib=lime_mpd=14_thresh=0.3_docnorm=F_tfidf=T.csv
0.6125,0.3175,0.0,0.0,0.0,0.0,0.0,400,lists/scandinavian/list.scandinavian.attrib=loo_mpd=17_thresh=0.5_docnorm=T_tfidf=T.csv
0.6075,0.335,0.0,0.0,0.0,0.0,0.0,400,lists/scandinavian/list.scandinavian.attrib=loo_mpd=16_thresh=0.5_docnorm=T_tfidf=F.csv
0.6425,0.3225,0.0,0.0,0.0,0.0,0.0,400,lists/scandinavian/list.scandinavian.attrib=shap_mpd=3_thresh=0.6_docnorm=T_tfidf=F.csv
0.5775,0.405,0.0,0.0,0.0,0.0,0.0,400,lists/scandinavian/list.scandinavian.attrib=shap_mpd=5_thresh=0.9_docnorm=T_tfidf=F.csv
0.53,0.43,0.0,0.0025,0.0025,0.0025,0.0025,400,lists/scandinavian/list.scandinavian.attrib=ig_mpd=3_thresh=0.8_docnorm=T_tfidf=T.csv
0.6375,0.33,0.0,0.0,0.0,0.0,0.0,400,lists/scandinavian/list.scandinavian.attrib=shap_mpd=4_thresh=0.7_docnorm=T_tfidf=T.csv
0.6025,0.37,0.0,0.0,0.0,0.0,0.0,400,lists/scandinavian/list.scandinavian.attrib=loo_mpd=9_thresh=0.8_docnorm=T_tfidf=F.csv
0.6175,0.21,0.0,0.0,0.0125,0.175,0.34,400,lists/scandinavian/list.scandinavian.attrib=ig_mpd=7_thresh=0.3_docnorm=T_tfidf=F.csv
0.5975,0.385,0.0,0.0,0.0,0.0,0.0,400,lists/scandinavian/list.scandinavian.attrib=shap_mpd=8_thresh=0.9_docnorm=T_tfidf=F.csv
0.345,0.6425,0.0,0.005,0.005,0.005,0.005,400,lists/scandinavian/list.scandinavian.attrib=loo_mpd=15_thresh=0.6_docnorm=F_tfidf=F.csv
0.335,0.655,0.0,0.0,0.0,0.0,0.0,400,lists/scandinavian/list.scandinavian.attrib=lime_mpd=8_thresh=0.7_docnorm=F_tfidf=T.csv
0.3475,0.6425,0.0,0.0,0.0,0.0,0.0,400,lists/scandinavian/list.scandinavian.attrib=lime_mpd=3_thresh=0.7_docnorm=F_tfidf=T.csv
0.1975,0.7875,0.0,0.0025,0.0025,0.0025,0.0025,400,lists/scandinavian/list.scandinavian.attrib=ig_mpd=20_thresh=0.9_docnorm=F_tfidf=F.csv
0.315,0.675,0.0,0.0025,0.0025,0.0025,0.0025,400,lists/scandinavian/list.scandinavian.attrib=shap_mpd=16_thresh=0.2_docnorm=F_tfidf=F.csv
0.315,0.675,0.0,0.0025,0.0025,0.0025,0.0025,400,lists/scandinavian/list.scandinavian.attrib=shap_mpd=19_thresh=0.2_docnorm=F_tfidf=F.csv
0.2225,0.77,0.0,0.0,0.0,0.0,0.0,400,lists/scandinavian/list.scandinavian.attrib=ig_mpd=3_thresh=0.9_docnorm=F_tfidf=T.csv
0.5325,0.455,0.0,0.0,0.0,0.0,0.0,400,lists/scandinavian/list.scandinavian.attrib=shap_mpd=15_thresh=1.0_docnorm=T_tfidf=F.csv
0.6625,0.2275,0.0,0.0,0.0,0.0,0.11,400,lists/scandinavian/list.scandinavian.attrib=shap_mpd=12_thresh=0.4_docnorm=T_tfidf=F.csv
0.535,0.445,0.0,0.0,0.0,0.0,0.0,400,lists/scandinavian/list.scandinavian.attrib=shap_mpd=14_thresh=1.0_docnorm=T_tfidf=T.csv
0.595,0.39,0.0,0.0,0.0,0.0,0.0,400,lists/scandinavian/list.scandinavian.attrib=lime_mpd=14_thresh=0.9_docnorm=T_tfidf=T.csv
0.5925,0.32,0.0,0.0025,0.0025,0.0025,0.05,400,lists/scandinavian/list.scandinavian.attrib=loo_mpd=10_thresh=0.4_docnorm=T_tfidf=T.csv
0.6225,0.2525,0.0,0.0,0.0075,0.1,0.2325,400,lists/scandinavian/list.scandinavian.attrib=shap_mpd=4_thresh=0.3_docnorm=T_tfidf=T.csv
0.575,0.4075,0.0,0.0,0.0,0.0,0.0,400,lists/scandinavian/list.scandinavian.attrib=lime_mpd=6_thresh=0.9_docnorm=T_tfidf=T.csv
0.635,0.305,0.0,0.0,0.0,0.0025,0.0025,400,lists/scandinavian/list.scandinavian.attrib=lime_mpd=8_thresh=0.5_docnorm=T_tfidf=F.csv
0.625,0.2625,0.0,0.0025,0.0025,0.0025,0.0975,400,lists/scandinavian/list.scandinavian.attrib=shap_mpd=11_thresh=0.4_docnorm=T_tfidf=T.csv
0.625,0.355,0.0,0.0,0.0,0.0,0.0,400,lists/scandinavian/list.scandinavian.attrib=lime_mpd=7_thresh=0.8_docnorm=T_tfidf=T.csv
0.615,0.285,0.0,0.0,0.005,0.07,0.1675,400,lists/scandinavian/list.scandinavian.attrib=shap_mpd=2_thresh=0.3_docnorm=T_tfidf=T.csv
0.5825,0.3725,0.0,0.0025,0.0025,0.0025,0.0025,400,lists/scandinavian/list.scandinavian.attrib=ig_mpd=10_thresh=0.8_docnorm=T_tfidf=F.csv
0.595,0.355,0.0,0.0025,0.0025,0.0025,0.0025,400,lists/scandinavian/list.scandinavian.attrib=ig_mpd=6_thresh=0.7_docnorm=T_tfidf=T.csv
0.35,0.6375,0.0,0.005,0.005,0.005,0.005,400,lists/scandinavian/list.scandinavian.attrib=loo_mpd=12_thresh=0.5_docnorm=F_tfidf=F.csv
0.36,0.6325,0.0,0.0025,0.0025,0.0025,0.0025,400,lists/scandinavian/list.scandinavian.attrib=shap_mpd=6_thresh=0.6_docnorm=F_tfidf=T.csv
0.375,0.6175,0.0,0.0025,0.0025,0.0025,0.0025,400,lists/scandinavian/list.scandinavian.attrib=shap_mpd=3_thresh=0.7_docnorm=F_tfidf=T.csv
0.2175,0.775,0.0,0.0,0.0,0.0,0.0,400,lists/scandinavian/list.scandinavian.attrib=ig_mpd=9_thresh=0.1_docnorm=F_tfidf=T.csv
0.315,0.675,0.0,0.005,0.005,0.005,0.005,400,lists/scandinavian/list.scandinavian.attrib=shap_mpd=9_thresh=0.8_docnorm=F_tfidf=F.csv
0.56,0.1925,0.0,0.0975,0.295,0.4925,0.6,400,lists/scandinavian/list.scandinavian.attrib=ig_mpd=3_thresh=0.2_docnorm=T_tfidf=F.csv
0.67,0.27,0.0,0.0,0.0,0.0,0.0,400,lists/scandinavian/list.scandinavian.attrib=shap_mpd=16_thresh=0.5_docnorm=T_tfidf=T.csv
0.615,0.355,0.0,0.0,0.0,0.0,0.0,400,lists/scandinavian/list.scandinavian.attrib=loo_mpd=10_thresh=0.6_docnorm=T_tfidf=F.csv
0.3475,0.64,0.0,0.005,0.005,0.005,0.005,400,lists/scandinavian/list.scandinavian.attrib=loo_mpd=5_thresh=0.6_docnorm=F_tfidf=F.csv
0.3625,0.6225,0.0,0.005,0.005,0.005,0.005,400,lists/scandinavian/list.scandinavian.attrib=loo_mpd=18_thresh=1.0_docnorm=F_tfidf=T.csv
0.2825,0.71,0.0,0.0,0.0,0.0,0.0,400,lists/scandinavian/list.scandinavian.attrib=lime_mpd=10_thresh=0.9_docnorm=F_tfidf=F.csv
0.61,0.3375,0.0,0.0025,0.0025,0.0025,0.0025,400,lists/scandinavian/list.scandinavian.attrib=ig_mpd=7_thresh=0.7_docnorm=T_tfidf=T.csv
0.2575,0.735,0.0,0.0,0.0,0.0,0.0,400,lists/scandinavian/list.scandinavian.attrib=ig_mpd=2_thresh=0.8_docnorm=F_tfidf=T.csv
0.595,0.3825,0.0,0.0,0.0,0.0,0.0,400,lists/scandinavian/list.scandinavian.attrib=shap_mpd=19_thresh=0.9_docnorm=T_tfidf=T.csv
0.59,0.3925,0.0,0.0,0.0,0.0,0.0,400,lists/scandinavian/list.scandinavian.attrib=shap_mpd=8_thresh=0.9_docnorm=T_tfidf=T.csv
0.3125,0.6825,0.0,0.005,0.005,0.005,0.005,400,lists/scandinavian/list.scandinavian.attrib=shap_mpd=3_thresh=1.0_docnorm=F_tfidf=F.csv
0.405,0.5875,0.0,0.0,0.0,0.0,0.0,400,lists/scandinavian/list.scandinavian.attrib=lime_mpd=1_thresh=0.1_docnorm=F_tfidf=F.csv
0.5075,0.4625,0.0,0.0025,0.0025,0.0025,0.0025,400,lists/scandinavian/list.scandinavian.attrib=ig_mpd=17_thresh=0.9_docnorm=T_tfidf=F.csv
0.5475,0.2125,0.0,0.1975,0.505,0.67,0.7525,400,lists/scandinavian/list.scandinavian.attrib=lime_mpd=13_thresh=0.2_docnorm=T_tfidf=T.csv
0.315,0.675,0.0,0.005,0.005,0.005,0.005,400,lists/scandinavian/list.scandinavian.attrib=shap_mpd=9_thresh=0.1_docnorm=F_tfidf=F.csv
0.595,0.385,0.0,0.0,0.0,0.0,0.0,400,lists/scandinavian/list.scandinavian.attrib=shap_mpd=6_thresh=0.9_docnorm=T_tfidf=T.csv
0.3575,0.6325,0.0,0.0025,0.0025,0.0025,0.0025,400,lists/scandinavian/list.scandinavian.attrib=shap_mpd=6_thresh=0.9_docnorm=F_tfidf=T.csv
0.5025,0.4825,0.0,0.0,0.0,0.0,0.0,400,lists/scandinavian/list.scandinavian.attrib=loo_mpd=5_thresh=0.9_docnorm=T_tfidf=F.csv
0.3425,0.645,0.0,0.005,0.005,0.005,0.005,400,lists/scandinavian/list.scandinavian.attrib=loo_mpd=15_thresh=0.8_docnorm=F_tfidf=F.csv
0.33,0.6625,0.0,0.0,0.0,0.0,0.0,400,lists/scandinavian/list.scandinavian.attrib=lime_mpd=13_thresh=0.3_docnorm=F_tfidf=T.csv
0.18,0.81,0.0,0.0025,0.0025,0.0025,0.0025,400,lists/scandinavian/list.scandinavian.attrib=ig_mpd=6_thresh=0.7_docnorm=F_tfidf=F.csv
0.53,0.26,0.0,0.1025,0.3375,0.495,0.58,400,lists/scandinavian/list.scandinavian.attrib=loo_mpd=8_thresh=0.2_docnorm=T_tfidf=T.csv
0.3875,0.5825,0.0,0.0,0.0,0.0,0.0,400,lists/scandinavian/list.scandinavian.attrib=ig_mpd=19_thresh=1.0_docnorm=T_tfidf=T.csv
0.2875,0.705,0.0,0.0,0.0,0.0,0.0,400,lists/scandinavian/list.scandinavian.attrib=lime_mpd=17_thresh=0.1_docnorm=F_tfidf=F.csv
0.4025,0.5825,0.0,0.005,0.005,0.005,0.005,400,lists/scandinavian/list.scandinavian.attrib=loo_mpd=7_thresh=0.8_docnorm=F_tfidf=T.csv
0.35,0.6375,0.0,0.005,0.005,0.005,0.005,400,lists/scandinavian/list.scandinavian.attrib=loo_mpd=8_thresh=0.2_docnorm=F_tfidf=F.csv
0.4725,0.0875,0.71,0.9075,0.9625,0.9875,0.995,400,lists/scandinavian/list.scandinavian.attrib=shap_mpd=14_thresh=0.1_docnorm=T_tfidf=T.csv
0.385,0.5975,0.0,0.0,0.0,0.0,0.0,400,lists/scandinavian/list.scandinavian.attrib=ig_mpd=13_thresh=1.0_docnorm=T_tfidf=T.csv
0.375,0.615,0.0,0.005,0.005,0.005,0.005,400,lists/scandinavian/list.scandinavian.attrib=loo_mpd=1_thresh=0.7_docnorm=F_tfidf=F.csv
0.355,0.6375,0.0,0.0,0.0,0.0,0.0,400,lists/scandinavian/list.scandinavian.attrib=shap_mpd=14_thresh=0.1_docnorm=F_tfidf=T.csv
0.525,0.4625,0.0,0.0,0.0,0.0,0.0,400,lists/scandinavian/list.scandinavian.attrib=shap_mpd=8_thresh=1.0_docnorm=T_tfidf=T.csv
0.375,0.61,0.0,0.0,0.0,0.0,0.0,400,lists/scandinavian/list.scandinavian.attrib=ig_mpd=11_thresh=1.0_docnorm=T_tfidf=T.csv
0.6325,0.335,0.0,0.0,0.0,0.0,0.0,400,lists/scandinavian/list.scandinavian.attrib=lime_mpd=5_thresh=0.6_docnorm=T_tfidf=T.csv
0.575,0.2925,0.0,0.0025,0.0025,0.0025,0.105,400,lists/scandinavian/list.scandinavian.attrib=ig_mpd=19_thresh=0.4_docnorm=T_tfidf=T.csv
0.3425,0.645,0.0,0.005,0.005,0.005,0.005,400,lists/scandinavian/list.scandinavian.attrib=loo_mpd=13_thresh=0.8_docnorm=F_tfidf=F.csv
0.225,0.765,0.0,0.0,0.0,0.0,0.0,400,lists/scandinavian/list.scandinavian.attrib=ig_mpd=19_thresh=0.3_docnorm=F_tfidf=T.csv
0.195,0.79,0.0,0.0025,0.0025,0.0025,0.0025,400,lists/scandinavian/list.scandinavian.attrib=ig_mpd=18_thresh=0.7_docnorm=F_tfidf=F.csv
0.615,0.21,0.0,0.0,0.0125,0.1625,0.32,400,lists/scandinavian/list.scandinavian.attrib=ig_mpd=6_thresh=0.3_docnorm=T_tfidf=F.csv
0.525,0.1875,0.0,0.2475,0.4825,0.645,0.7425,400,lists/scandinavian/list.scandinavian.attrib=ig_mpd=20_thresh=0.2_docnorm=T_tfidf=F.csv
0.475,0.5175,0.0,0.0,0.0,0.0,0.0,400,lists/scandinavian/list.scandinavian.attrib=loo_mpd=4_thresh=0.9_docnorm=T_tfidf=F.csv
0.3425,0.65,0.0,0.0,0.0,0.0,0.0,400,lists/scandinavian/list.scandinavian.attrib=shap_mpd=14_thresh=1.0_docnorm=F_tfidf=T.csv
0.5775,0.3,0.0,0.0025,0.0025,0.0025,0.09,400,lists/scandinavian/list.scandinavian.attrib=ig_mpd=15_thresh=0.4_docnorm=T_tfidf=T.csv
0.36,0.635,0.0,0.0,0.0,0.0,0.0,400,lists/scandinavian/list.scandinavian.attrib=shap_mpd=17_thresh=0.6_docnorm=F_tfidf=T.csv
0.6625,0.2925,0.0,0.0,0.0,0.0,0.0,400,lists/scandinavian/list.scandinavian.attrib=shap_mpd=14_thresh=0.6_docnorm=T_tfidf=T.csv
0.32,0.6725,0.0,0.005,0.005,0.005,0.005,400,lists/scandinavian/list.scandinavian.attrib=shap_mpd=4_thresh=0.6_docnorm=F_tfidf=F.csv
0.33,0.6625,0.0,0.0,0.0,0.0,0.0,400,lists/scandinavian/list.scandinavian.attrib=lime_mpd=14_thresh=0.5_docnorm=F_tfidf=T.csv
0.2225,0.77,0.0,0.0,0.0,0.0,0.0,400,lists/scandinavian/list.scandinavian.attrib=ig_mpd=10_thresh=0.2_docnorm=F_tfidf=T.csv
0.345,0.6475,0.0,0.0,0.0,0.0,0.0,400,lists/scandinavian/list.scandinavian.attrib=shap_mpd=11_thresh=1.0_docnorm=F_tfidf=T.csv
0.33,0.6625,0.0,0.0,0.0,0.0,0.0,400,lists/scandinavian/list.scandinavian.attrib=lime_mpd=15_thresh=0.2_docnorm=F_tfidf=T.csv
0.175,0.815,0.0,0.0025,0.0025,0.0025,0.0025,400,lists/scandinavian/list.scandinavian.attrib=ig_mpd=7_thresh=0.4_docnorm=F_tfidf=F.csv
0.6375,0.3425,0.0,0.0025,0.0025,0.0025,0.0025,400,lists/scandinavian/list.scandinavian.attrib=loo_mpd=19_thresh=0.8_docnorm=T_tfidf=T.csv
0.5925,0.3675,0.0,0.0,0.0,0.0,0.0,400,lists/scandinavian/list.scandinavian.attrib=lime_mpd=2_thresh=0.6_docnorm=T_tfidf=T.csv
0.315,0.675,0.0,0.0025,0.0025,0.0025,0.0025,400,lists/scandinavian/list.scandinavian.attrib=shap_mpd=12_thresh=0.6_docnorm=F_tfidf=F.csv
0.3521505376344086,0.6424731182795699,0.0,0.005376344086021506,0.005376344086021506,0.005376344086021506,0.005376344086021506,372,lists/scandinavian/list.scandinavian.attrib=loo_mpd=3_thresh=1.0_docnorm=T_tfidf=F.csv
0.3325,0.6575,0.0,0.0,0.0,0.0,0.0,400,lists/scandinavian/list.scandinavian.attrib=lime_mpd=10_thresh=0.8_docnorm=F_tfidf=T.csv
0.22,0.7725,0.0,0.0,0.0,0.0,0.0,400,lists/scandinavian/list.scandinavian.attrib=ig_mpd=12_thresh=0.1_docnorm=F_tfidf=T.csv
0.6425,0.195,0.0,0.0,0.0075,0.165,0.34,400,lists/scandinavian/list.scandinavian.attrib=shap_mpd=9_thresh=0.3_docnorm=T_tfidf=F.csv
0.6125,0.2125,0.0,0.0,0.015,0.2025,0.3775,400,lists/scandinavian/list.scandinavian.attrib=ig_mpd=12_thresh=0.3_docnorm=T_tfidf=F.csv
0.505,0.4875,0.0,0.0,0.0,0.0,0.0,400,lists/scandinavian/list.scandinavian.attrib=loo_mpd=1_thresh=0.6_docnorm=T_tfidf=F.csv
0.6525,0.3175,0.0,0.0,0.0,0.0,0.0,400,lists/scandinavian/list.scandinavian.attrib=shap_mpd=16_thresh=0.8_docnorm=T_tfidf=T.csv
0.66,0.2675,0.0,0.0,0.0,0.0,0.0,400,lists/scandinavian/list.scandinavian.attrib=shap_mpd=19_thresh=0.5_docnorm=T_tfidf=F.csv
0.3875,0.5825,0.0,0.0,0.0,0.0,0.0,400,lists/scandinavian/list.scandinavian.attrib=ig_mpd=20_thresh=1.0_docnorm=T_tfidf=T.csv
0.64,0.1975,0.0,0.0,0.01,0.175,0.3675,400,lists/scandinavian/list.scandinavian.attrib=shap_mpd=19_thresh=0.3_docnorm=T_tfidf=F.csv
0.28106508875739644,0.7130177514792899,0.0,0.005917159763313609,0.005917159763313609,0.005917159763313609,0.005917159763313609,338,lists/scandinavian/list.scandinavian.attrib=loo_mpd=2_thresh=1.0_docnorm=F_tfidf=F.csv
0.3975,0.595,0.0,0.005,0.005,0.005,0.005,400,lists/scandinavian/list.scandinavian.attrib=loo_mpd=2_thresh=0.8_docnorm=F_tfidf=T.csv
0.6425,0.32,0.0,0.0,0.0,0.0,0.0,400,lists/scandinavian/list.scandinavian.attrib=lime_mpd=17_thresh=0.6_docnorm=T_tfidf=T.csv
0.62,0.2625,0.0,0.0,0.0,0.0,0.065,400,lists/scandinavian/list.scandinavian.attrib=ig_mpd=12_thresh=0.4_docnorm=T_tfidf=F.csv
0.4325,0.555,0.0,0.005,0.005,0.005,0.005,400,lists/scandinavian/list.scandinavian.attrib=loo_mpd=10_thresh=0.6_docnorm=F_tfidf=T.csv
0.325,0.665,0.0,0.005,0.005,0.005,0.005,400,lists/scandinavian/list.scandinavian.attrib=loo_mpd=5_thresh=0.9_docnorm=F_tfidf=F.csv
0.3375,0.6525,0.0,0.0,0.0,0.0,0.0,400,lists/scandinavian/list.scandinavian.attrib=lime_mpd=5_thresh=0.7_docnorm=F_tfidf=T.csv
0.61,0.255,0.0,0.0,0.02,0.1975,0.3675,400,lists/scandinavian/list.scandinavian.attrib=lime_mpd=11_thresh=0.3_docnorm=T_tfidf=T.csv
0.6675,0.31,0.0,0.0,0.0,0.0,0.0,400,lists/scandinavian/list.scandinavian.attrib=shap_mpd=13_thresh=0.8_docnorm=T_tfidf=F.csv
0.355,0.6375,0.0,0.0,0.0,0.0,0.0,400,lists/scandinavian/list.scandinavian.attrib=shap_mpd=16_thresh=0.2_docnorm=F_tfidf=T.csv
0.3575,0.635,0.0,0.0025,0.0025,0.0025,0.0025,400,lists/scandinavian/list.scandinavian.attrib=shap_mpd=8_thresh=0.9_docnorm=F_tfidf=T.csv
0.4075,0.5775,0.0,0.005,0.005,0.005,0.005,400,lists/scandinavian/list.scandinavian.attrib=loo_mpd=11_thresh=0.8_docnorm=F_tfidf=T.csv
0.58,0.34,0.0,0.0,0.0,0.0025,0.045,400,lists/scandinavian/list.scandinavian.attrib=lime_mpd=4_thresh=0.4_docnorm=T_tfidf=F.csv
0.175,0.815,0.0,0.0025,0.0025,0.0025,0.0025,400,lists/scandinavian/list.scandinavian.attrib=ig_mpd=7_thresh=0.9_docnorm=F_tfidf=F.csv
0.68,0.295,0.0,0.0,0.0,0.0,0.0,400,lists/scandinavian/list.scandinavian.attrib=shap_mpd=8_thresh=0.7_docnorm=T_tfidf=F.csv
0.1825,0.81,0.0,0.0,0.0,0.0,0.0,400,lists/scandinavian/list.scandinavian.attrib=ig_mpd=5_thresh=0.1_docnorm=F_tfidf=F.csv
0.1925,0.795,0.0,0.0025,0.0025,0.0025,0.0025,400,lists/scandinavian/list.scandinavian.attrib=ig_mpd=16_thresh=0.7_docnorm=F_tfidf=F.csv
0.285,0.7075,0.0,0.0,0.0,0.0,0.0,400,lists/scandinavian/list.scandinavian.attrib=lime_mpd=16_thresh=0.6_docnorm=F_tfidf=F.csv
0.46,0.0575,0.765,0.9375,0.9725,0.9925,0.9925,400,lists/scandinavian/list.scandinavian.attrib=shap_mpd=16_thresh=0.1_docnorm=T_tfidf=F.csv
0.2275,0.7625,0.0,0.0,0.0,0.0,0.0,400,lists/scandinavian/list.scandinavian.attrib=ig_mpd=20_thresh=0.9_docnorm=F_tfidf=T.csv
0.136986301369863,0.863013698630137,0.0,0.0,0.0,0.0,0.0,146,lists/scandinavian/list.scandinavian.attrib=ig_mpd=1_thresh=1.0_docnorm=T_tfidf=F.csv
0.3325,0.6575,0.0,0.0,0.0,0.0,0.0,400,lists/scandinavian/list.scandinavian.attrib=lime_mpd=7_thresh=0.6_docnorm=F_tfidf=T.csv
0.22,0.7725,0.0,0.0,0.0,0.0,0.0,400,lists/scandinavian/list.scandinavian.attrib=ig_mpd=11_thresh=0.1_docnorm=F_tfidf=T.csv
0.605,0.31,0.0,0.0,0.0,0.0,0.0,400,lists/scandinavian/list.scandinavian.attrib=ig_mpd=11_thresh=0.5_docnorm=T_tfidf=F.csv
0.51,0.4625,0.0,0.0025,0.0025,0.0025,0.0025,400,lists/scandinavian/list.scandinavian.attrib=ig_mpd=20_thresh=0.9_docnorm=T_tfidf=F.csv
0.63,0.345,0.0,0.0025,0.0025,0.0025,0.0025,400,lists/scandinavian/list.scandinavian.attrib=loo_mpd=16_thresh=0.8_docnorm=T_tfidf=T.csv
0.61,0.3025,0.0,0.0,0.0,0.0,0.0,400,lists/scandinavian/list.scandinavian.attrib=ig_mpd=20_thresh=0.5_docnorm=T_tfidf=F.csv
0.5549295774647888,0.4450704225352113,0.0,0.0,0.0,0.0,0.0,355,lists/scandinavian/list.scandinavian.attrib=shap_mpd=1_thresh=0.9_docnorm=T_tfidf=T.csv
0.635,0.3275,0.0,0.0025,0.0025,0.0025,0.0025,400,lists/scandinavian/list.scandinavian.attrib=loo_mpd=6_thresh=0.5_docnorm=T_tfidf=T.csv
0.675,0.3,0.0,0.0,0.0,0.0,0.0,400,lists/scandinavian/list.scandinavian.attrib=shap_mpd=9_thresh=0.7_docnorm=T_tfidf=F.csv
0.3325,0.655,0.0,0.005,0.005,0.005,0.005,400,lists/scandinavian/list.scandinavian.attrib=loo_mpd=19_thresh=0.9_docnorm=F_tfidf=F.csv
0.4075,0.5825,0.0,0.0025,0.0025,0.0025,0.0025,400,lists/scandinavian/list.scandinavian.attrib=loo_mpd=1_thresh=0.5_docnorm=F_tfidf=F.csv
0.2225,0.77,0.0,0.0,0.0,0.0,0.0,400,lists/scandinavian/list.scandinavian.attrib=ig_mpd=10_thresh=0.8_docnorm=F_tfidf=T.csv
0.42,0.115,0.5725,0.775,0.8475,0.905,0.9325,400,lists/scandinavian/list.scandinavian.attrib=ig_mpd=2_thresh=0.1_docnorm=T_tfidf=F.csv
0.45,0.535,0.0,0.0,0.0,0.0,0.0,400,lists/scandinavian/list.scandinavian.attrib=lime_mpd=18_thresh=1.0_docnorm=T_tfidf=F.csv
0.28,0.7125,0.0,0.0,0.0,0.0,0.0,400,lists/scandinavian/list.scandinavian.attrib=lime_mpd=8_thresh=0.9_docnorm=F_tfidf=F.csv
0.545,0.305,0.0,0.0,0.0125,0.165,0.325,400,lists/scandinavian/list.scandinavian.attrib=loo_mpd=16_thresh=0.3_docnorm=T_tfidf=F.csv
0.54,0.365,0.0,0.0,0.0025,0.0375,0.0775,400,lists/scandinavian/list.scandinavian.attrib=loo_mpd=3_thresh=0.3_docnorm=T_tfidf=F.csv
0.665,0.26,0.0,0.0,0.0,0.0,0.0,400,lists/scandinavian/list.scandinavian.attrib=shap_mpd=16_thresh=0.5_docnorm=T_tfidf=F.csv
0.6275,0.3375,0.0,0.0,0.0,0.0,0.0,400,lists/scandinavian/list.scandinavian.attrib=lime_mpd=7_thresh=0.6_docnorm=T_tfidf=F.csv
0.3325,0.6575,0.0,0.0,0.0,0.0,0.0,400,lists/scandinavian/list.scandinavian.attrib=lime_mpd=8_thresh=0.8_docnorm=F_tfidf=T.csv
0.61,0.275,0.0,0.0,0.0,0.0025,0.1,400,lists/scandinavian/list.scandinavian.attrib=lime_mpd=14_thresh=0.4_docnorm=T_tfidf=F.csv
0.32,0.6725,0.0,0.005,0.005,0.005,0.005,400,lists/scandinavian/list.scandinavian.attrib=shap_mpd=4_thresh=0.4_docnorm=F_tfidf=F.csv
0.33,0.6625,0.0,0.0,0.0,0.0,0.0,400,lists/scandinavian/list.scandinavian.attrib=lime_mpd=20_thresh=0.5_docnorm=F_tfidf=T.csv
0.6675,0.215,0.0,0.0,0.0,0.0,0.12,400,lists/scandinavian/list.scandinavian.attrib=shap_mpd=18_thresh=0.4_docnorm=T_tfidf=F.csv
0.3175,0.6725,0.0,0.005,0.005,0.005,0.005,400,lists/scandinavian/list.scandinavian.attrib=shap_mpd=6_thresh=0.5_docnorm=F_tfidf=F.csv
0.64,0.3325,0.0,0.0,0.0,0.0,0.0,400,lists/scandinavian/list.scandinavian.attrib=lime_mpd=11_thresh=0.7_docnorm=T_tfidf=T.csv
0.405,0.5825,0.0,0.0,0.0,0.0,0.0,400,lists/scandinavian/list.scandinavian.attrib=lime_mpd=2_thresh=0.3_docnorm=F_tfidf=T.csv
0.2,0.7875,0.0,0.0025,0.0025,0.0025,0.0025,400,lists/scandinavian/list.scandinavian.attrib=ig_mpd=2_thresh=0.8_docnorm=F_tfidf=F.csv
0.1775,0.8125,0.0,0.0025,0.0025,0.0025,0.0025,400,lists/scandinavian/list.scandinavian.attrib=ig_mpd=12_thresh=0.5_docnorm=F_tfidf=F.csv
0.355,0.6375,0.0,0.0,0.0,0.0,0.0,400,lists/scandinavian/list.scandinavian.attrib=shap_mpd=12_thresh=0.2_docnorm=F_tfidf=T.csv
0.315,0.675,0.0,0.005,0.005,0.005,0.005,400,lists/scandinavian/list.scandinavian.attrib=shap_mpd=8_thresh=0.5_docnorm=F_tfidf=F.csv
0.6125,0.2525,0.0,0.0,0.02,0.2075,0.3775,400,lists/scandinavian/list.scandinavian.attrib=lime_mpd=20_thresh=0.3_docnorm=T_tfidf=T.csv
0.5475,0.2075,0.0,0.195,0.5025,0.6675,0.76,400,lists/scandinavian/list.scandinavian.attrib=lime_mpd=11_thresh=0.2_docnorm=T_tfidf=T.csv
0.645,0.2975,0.0,0.0,0.0,0.0,0.0,400,lists/scandinavian/list.scandinavian.attrib=shap_mpd=6_thresh=0.5_docnorm=T_tfidf=T.csv
0.6225,0.3475,0.0,0.0,0.0,0.0,0.0,400,lists/scandinavian/list.scandinavian.attrib=loo_mpd=18_thresh=0.8_docnorm=T_tfidf=F.csv
0.295,0.69,0.0,0.0,0.0,0.0,0.0,400,lists/scandinavian/list.scandinavian.attrib=ig_mpd=1_thresh=0.5_docnorm=F_tfidf=T.csv
0.64,0.3325,0.0,0.0,0.0,0.0,0.0,400,lists/scandinavian/list.scandinavian.attrib=lime_mpd=16_thresh=0.7_docnorm=T_tfidf=T.csv
0.3175,0.675,0.0,0.005,0.005,0.005,0.005,400,lists/scandinavian/list.scandinavian.attrib=shap_mpd=5_thresh=0.2_docnorm=F_tfidf=F.csv
0.225,0.765,0.0,0.0,0.0,0.0,0.0,400,lists/scandinavian/list.scandinavian.attrib=ig_mpd=13_thresh=0.9_docnorm=F_tfidf=T.csv
0.415,0.1325,0.7275,0.8825,0.9275,0.96,0.9675,400,lists/scandinavian/list.scandinavian.attrib=ig_mpd=18_thresh=0.1_docnorm=T_tfidf=T.csv
0.235,0.7575,0.0,0.0,0.0,0.0,0.0,400,lists/scandinavian/list.scandinavian.attrib=ig_mpd=2_thresh=0.9_docnorm=F_tfidf=T.csv
0.4275,0.56,0.0,0.005,0.005,0.005,0.005,400,lists/scandinavian/list.scandinavian.attrib=loo_mpd=16_thresh=0.7_docnorm=F_tfidf=T.csv
0.4575,0.5275,0.0,0.0,0.0,0.0,0.0,400,lists/scandinavian/list.scandinavian.attrib=loo_mpd=19_thresh=1.0_docnorm=T_tfidf=F.csv
0.355,0.64,0.0,0.0,0.0,0.0,0.0,400,lists/scandinavian/list.scandinavian.attrib=shap_mpd=18_thresh=0.9_docnorm=F_tfidf=T.csv
0.525,0.235,0.0,0.2,0.505,0.665,0.77,400,lists/scandinavian/list.scandinavian.attrib=lime_mpd=7_thresh=0.2_docnorm=T_tfidf=F.csv
0.6325,0.27,0.0,0.0,0.0,0.0,0.0225,400,lists/scandinavian/list.scandinavian.attrib=ig_mpd=4_thresh=0.4_docnorm=T_tfidf=F.csv
0.505,0.465,0.0,0.0025,0.0025,0.0025,0.0025,400,lists/scandinavian/list.scandinavian.attrib=ig_mpd=16_thresh=0.9_docnorm=T_tfidf=F.csv
0.35,0.6375,0.0,0.005,0.005,0.005,0.005,400,lists/scandinavian/list.scandinavian.attrib=loo_mpd=8_thresh=0.5_docnorm=F_tfidf=F.csv
0.4575,0.0575,0.7675,0.94,0.9725,0.9925,0.9925,400,lists/scandinavian/list.scandinavian.attrib=shap_mpd=20_thresh=0.1_docnorm=T_tfidf=F.csv
0.6375,0.295,0.0,0.0,0.0,0.0,0.03,400,lists/scandinavian/list.scandinavian.attrib=shap_mpd=3_thresh=0.4_docnorm=T_tfidf=T.csv
0.4675,0.5125,0.0,0.0,0.0,0.0,0.0,400,lists/scandinavian/list.scandinavian.attrib=lime_mpd=20_thresh=1.0_docnorm=T_tfidf=T.csv
0.62,0.335,0.0,0.0,0.0,0.0,0.0,400,lists/scandinavian/list.scandinavian.attrib=loo_mpd=10_thresh=0.5_docnorm=T_tfidf=T.csv
0.1775,0.815,0.0,0.0025,0.0025,0.0025,0.0025,400,lists/scandinavian/list.scandinavian.attrib=ig_mpd=14_thresh=1.0_docnorm=F_tfidf=F.csv
0.335,0.655,0.0,0.0,0.0,0.0,0.0,400,lists/scandinavian/list.scandinavian.attrib=lime_mpd=6_thresh=0.1_docnorm=F_tfidf=T.csv
0.315,0.675,0.0,0.0025,0.0025,0.0025,0.0025,400,lists/scandinavian/list.scandinavian.attrib=shap_mpd=10_thresh=0.6_docnorm=F_tfidf=F.csv
0.3325,0.6575,0.0,0.0,0.0,0.0,0.0,400,lists/scandinavian/list.scandinavian.attrib=lime_mpd=9_thresh=0.4_docnorm=F_tfidf=T.csv
0.19,0.805,0.0,0.0,0.0,0.0,0.0,400,lists/scandinavian/list.scandinavian.attrib=ig_mpd=8_thresh=1.0_docnorm=F_tfidf=T.csv
0.32,0.67,0.0,0.0,0.0,0.0,0.0,400,lists/scandinavian/list.scandinavian.attrib=lime_mpd=17_thresh=1.0_docnorm=F_tfidf=T.csv
0.4675,0.4,0.0,0.0225,0.1225,0.2025,0.29,400,lists/scandinavian/list.scandinavian.attrib=lime_mpd=1_thresh=0.2_docnorm=T_tfidf=F.csv
0.4525,0.5275,0.0,0.005,0.01,0.01,0.0175,400,lists/scandinavian/list.scandinavian.attrib=loo_mpd=3_thresh=0.2_docnorm=F_tfidf=T.csv
0.59,0.36,0.0,0.0,0.0,0.0,0.0,400,lists/scandinavian/list.scandinavian.attrib=lime_mpd=4_thresh=0.5_docnorm=T_tfidf=F.csv
0.2,0.7875,0.0,0.0025,0.0025,0.0025,0.0025,400,lists/scandinavian/list.scandinavian.attrib=ig_mpd=2_thresh=0.3_docnorm=F_tfidf=F.csv
0.595,0.39,0.0,0.0,0.0,0.0,0.0,400,lists/scandinavian/list.scandinavian.attrib=lime_mpd=11_thresh=0.9_docnorm=T_tfidf=T.csv
0.4375,0.545,0.0,0.005,0.005,0.005,0.005,400,lists/scandinavian/list.scandinavian.attrib=loo_mpd=19_thresh=0.4_docnorm=F_tfidf=T.csv
0.5675,0.415,0.0,0.0,0.0,0.0,0.0,400,lists/scandinavian/list.scandinavian.attrib=loo_mpd=2_thresh=0.6_docnorm=T_tfidf=F.csv
0.315,0.675,0.0,0.005,0.005,0.005,0.005,400,lists/scandinavian/list.scandinavian.attrib=shap_mpd=7_thresh=0.3_docnorm=F_tfidf=F.csv
0.5925,0.265,0.0,0.0,0.0025,0.0625,0.14,400,lists/scandinavian/list.scandinavian.attrib=ig_mpd=2_thresh=0.3_docnorm=T_tfidf=F.csv
0.225,0.7675,0.0,0.0,0.0,0.0,0.0,400,lists/scandinavian/list.scandinavian.attrib=ig_mpd=14_thresh=0.6_docnorm=F_tfidf=T.csv
0.5525,0.3,0.0,0.0,0.01,0.1375,0.2875,400,lists/scandinavian/list.scandinavian.attrib=loo_mpd=13_thresh=0.3_docnorm=T_tfidf=T.csv
0.225,0.765,0.0,0.0,0.0,0.0,0.0,400,lists/scandinavian/list.scandinavian.attrib=ig_mpd=20_thresh=0.3_docnorm=F_tfidf=T.csv
0.61,0.255,0.0,0.0,0.02,0.2025,0.37,400,lists/scandinavian/list.scandinavian.attrib=lime_mpd=13_thresh=0.3_docnorm=T_tfidf=T.csv
0.35,0.6375,0.0,0.005,0.005,0.005,0.005,400,lists/scandinavian/list.scandinavian.attrib=loo_mpd=7_thresh=0.4_docnorm=F_tfidf=F.csv
0.62,0.3375,0.0,0.0,0.0,0.0,0.0,400,lists/scandinavian/list.scandinavian.attrib=loo_mpd=8_thresh=0.5_docnorm=T_tfidf=F.csv
0.335,0.655,0.0,0.0,0.0,0.0,0.0,400,lists/scandinavian/list.scandinavian.attrib=lime_mpd=7_thresh=0.7_docnorm=F_tfidf=T.csv
0.3477088948787062,0.6522911051212938,0.0,0.0,0.0,0.0,0.0,371,lists/scandinavian/list.scandinavian.attrib=lime_mpd=2_thresh=1.0_docnorm=F_tfidf=F.csv
0.5975,0.2575,0.0,0.035,0.155,0.245,0.33,400,lists/scandinavian/list.scandinavian.attrib=shap_mpd=1_thresh=0.2_docnorm=T_tfidf=T.csv
0.35,0.6375,0.0,0.005,0.005,0.005,0.005,400,lists/scandinavian/list.scandinavian.attrib=loo_mpd=11_thresh=0.5_docnorm=F_tfidf=F.csv
0.6225,0.3475,0.0,0.0,0.0025,0.0025,0.0025,400,lists/scandinavian/list.scandinavian.attrib=lime_mpd=19_thresh=0.7_docnorm=T_tfidf=F.csv
0.3575,0.6375,0.0,0.0,0.0,0.0,0.0,400,lists/scandinavian/list.scandinavian.attrib=shap_mpd=18_thresh=0.8_docnorm=F_tfidf=T.csv
0.6575,0.285,0.0,0.0,0.0,0.0,0.0,400,lists/scandinavian/list.scandinavian.attrib=shap_mpd=10_thresh=0.5_docnorm=T_tfidf=T.csv
0.44,0.5375,0.0,0.0075,0.0125,0.015,0.0175,400,lists/scandinavian/list.scandinavian.attrib=loo_mpd=15_thresh=0.1_docnorm=F_tfidf=T.csv
0.5575,0.325,0.0,0.035,0.1125,0.1675,0.225,400,lists/scandinavian/list.scandinavian.attrib=loo_mpd=1_thresh=0.2_docnorm=T_tfidf=T.csv
0.175,0.815,0.0,0.0025,0.0025,0.0025,0.0025,400,lists/scandinavian/list.scandinavian.attrib=ig_mpd=7_thresh=0.5_docnorm=F_tfidf=F.csv
0.2875,0.705,0.0,0.0,0.0,0.0,0.0,400,lists/scandinavian/list.scandinavian.attrib=lime_mpd=18_thresh=0.9_docnorm=F_tfidf=F.csv
0.55,0.43,0.0,0.0,0.0,0.0,0.0,400,lists/scandinavian/list.scandinavian.attrib=lime_mpd=5_thresh=0.9_docnorm=T_tfidf=T.csv
0.18,0.81,0.0,0.0025,0.0025,0.0025,0.0025,400,lists/scandinavian/list.scandinavian.attrib=ig_mpd=6_thresh=0.9_docnorm=F_tfidf=F.csv
0.175,0.815,0.0,0.0025,0.0025,0.0025,0.0025,400,lists/scandinavian/list.scandinavian.attrib=ig_mpd=9_thresh=0.2_docnorm=F_tfidf=F.csv
0.61,0.33,0.0,0.0,0.0,0.0,0.0,400,lists/scandinavian/list.scandinavian.attrib=ig_mpd=13_thresh=0.6_docnorm=T_tfidf=T.csv
0.315,0.675,0.0,0.005,0.005,0.005,0.005,400,lists/scandinavian/list.scandinavian.attrib=shap_mpd=8_thresh=0.2_docnorm=F_tfidf=F.csv
0.6325,0.3425,0.0,0.0025,0.0025,0.0025,0.0025,400,lists/scandinavian/list.scandinavian.attrib=loo_mpd=17_thresh=0.8_docnorm=T_tfidf=T.csv
0.58,0.3775,0.0,0.0025,0.0025,0.0025,0.0025,400,lists/scandinavian/list.scandinavian.attrib=ig_mpd=1_thresh=0.5_docnorm=T_tfidf=F.csv
0.4325,0.555,0.0,0.005,0.005,0.005,0.005,400,lists/scandinavian/list.scandinavian.attrib=loo_mpd=13_thresh=0.6_docnorm=F_tfidf=T.csv
0.1825,0.8075,0.0,0.0025,0.0025,0.0025,0.0025,400,lists/scandinavian/list.scandinavian.attrib=ig_mpd=14_thresh=0.1_docnorm=F_tfidf=F.csv
0.615,0.2975,0.0,0.0,0.0,0.0,0.0,400,lists/scandinavian/list.scandinavian.attrib=ig_mpd=14_thresh=0.5_docnorm=T_tfidf=F.csv
0.35,0.6375,0.0,0.005,0.005,0.005,0.005,400,lists/scandinavian/list.scandinavian.attrib=loo_mpd=10_thresh=0.2_docnorm=F_tfidf=F.csv
0.2275,0.7625,0.0,0.0,0.0,0.0,0.0,400,lists/scandinavian/list.scandinavian.attrib=ig_mpd=17_thresh=0.9_docnorm=F_tfidf=T.csv
0.2989949748743719,0.6959798994974874,0.0,0.005025125628140704,0.005025125628140704,0.005025125628140704,0.005025125628140704,398,lists/scandinavian/list.scandinavian.attrib=loo_mpd=4_thresh=1.0_docnorm=F_tfidf=T.csv
0.525,0.2575,0.0,0.115,0.38,0.54,0.63,400,lists/scandinavian/list.scandinavian.attrib=loo_mpd=8_thresh=0.2_docnorm=T_tfidf=F.csv
0.56,0.385,0.0,0.0025,0.0025,0.0025,0.0025,400,lists/scandinavian/list.scandinavian.attrib=ig_mpd=8_thresh=0.8_docnorm=T_tfidf=T.csv
0.35,0.64,0.0,0.0025,0.0025,0.0025,0.0025,400,lists/scandinavian/list.scandinavian.attrib=shap_mpd=2_thresh=0.5_docnorm=F_tfidf=F.csv
0.33,0.6625,0.0,0.0,0.0,0.0,0.0,400,lists/scandinavian/list.scandinavian.attrib=lime_mpd=13_thresh=0.2_docnorm=F_tfidf=T.csv
0.6425,0.29,0.0,0.0,0.0,0.0,0.0,400,lists/scandinavian/list.scandinavian.attrib=lime_mpd=11_thresh=0.5_docnorm=T_tfidf=T.csv
0.5175,0.45,0.0,0.0025,0.0025,0.0025,0.0025,400,lists/scandinavian/list.scandinavian.attrib=ig_mpd=10_thresh=0.9_docnorm=T_tfidf=T.csv
0.61,0.3175,0.0,0.0,0.0,0.0,0.0,400,lists/scandinavian/list.scandinavian.attrib=loo_mpd=20_thresh=0.5_docnorm=T_tfidf=T.csv
0.37,0.63,0.0,0.0,0.0,0.0,0.0,200,lists/scandinavian/list.scandinavian.attrib=loo_mpd=1_thresh=1.0_docnorm=F_tfidf=F.csv
0.4725,0.255,0.0,0.235,0.515,0.6525,0.735,400,lists/scandinavian/list.scandinavian.attrib=ig_mpd=18_thresh=0.2_docnorm=T_tfidf=T.csv
0.415,0.575,0.0,0.0,0.0,0.0,0.0,400,lists/scandinavian/list.scandinavian.attrib=ig_mpd=2_thresh=0.9_docnorm=T_tfidf=T.csv
0.285,0.7075,0.0,0.0,0.0,0.0,0.0,400,lists/scandinavian/list.scandinavian.attrib=lime_mpd=14_thresh=0.7_docnorm=F_tfidf=F.csv
0.55,0.4,0.0,0.0025,0.0025,0.0025,0.0025,400,lists/scandinavian/list.scandinavian.attrib=ig_mpd=7_thresh=0.8_docnorm=T_tfidf=T.csv
0.5,0.245,0.0,0.1575,0.42,0.5875,0.675,400,lists/scandinavian/list.scandinavian.attrib=ig_mpd=6_thresh=0.2_docnorm=T_tfidf=T.csv
0.595,0.39,0.0,0.0,0.0,0.0,0.0,400,lists/scandinavian/list.scandinavian.attrib=lime_mpd=13_thresh=0.9_docnorm=T_tfidf=T.csv
0.4125,0.5725,0.0,0.005,0.005,0.005,0.005,400,lists/scandinavian/list.scandinavian.attrib=loo_mpd=9_thresh=0.8_docnorm=F_tfidf=T.csv
0.405,0.5825,0.0,0.0,0.0,0.0,0.0,400,lists/scandinavian/list.scandinavian.attrib=lime_mpd=2_thresh=0.2_docnorm=F_tfidf=T.csv
0.315,0.675,0.0,0.005,0.005,0.005,0.005,400,lists/scandinavian/list.scandinavian.attrib=shap_mpd=7_thresh=0.2_docnorm=F_tfidf=F.csv
0.645,0.32,0.0,0.0,0.0,0.0,0.0,400,lists/scandinavian/list.scandinavian.attrib=shap_mpd=2_thresh=0.5_docnorm=T_tfidf=T.csv
0.4125,0.58,0.0,0.0025,0.0025,0.0025,0.0025,400,lists/scandinavian/list.scandinavian.attrib=shap_mpd=2_thresh=0.6_docnorm=F_tfidf=T.csv
0.1775,0.8125,0.0,0.0025,0.0025,0.0025,0.0025,400,lists/scandinavian/list.scandinavian.attrib=ig_mpd=12_thresh=0.2_docnorm=F_tfidf=F.csv
0.1825,0.8075,0.0,0.0025,0.0025,0.0025,0.0025,400,lists/scandinavian/list.scandinavian.attrib=ig_mpd=14_thresh=0.5_docnorm=F_tfidf=F.csv
0.6075,0.34,0.0,0.0025,0.0025,0.0025,0.0025,400,lists/scandinavian/list.scandinavian.attrib=ig_mpd=18_thresh=0.7_docnorm=T_tfidf=T.csv
0.395,0.0825,0.825,0.9475,0.9675,0.9775,0.9825,400,lists/scandinavian/list.scandinavian.attrib=ig_mpd=17_thresh=0.1_docnorm=T_tfidf=F.csv
0.635,0.3075,0.0,0.0,0.0,0.0025,0.0025,400,lists/scandinavian/list.scandinavian.attrib=lime_mpd=7_thresh=0.5_docnorm=T_tfidf=F.csv
0.3325,0.66,0.0,0.0,0.0,0.0,0.0,400,lists/scandinavian/list.scandinavian.attrib=lime_mpd=11_thresh=0.7_docnorm=F_tfidf=T.csv
0.4325,0.5575,0.0,0.0,0.0,0.0,0.0,400,lists/scandinavian/list.scandinavian.attrib=loo_mpd=12_thresh=1.0_docnorm=T_tfidf=F.csv
0.5325,0.4475,0.0,0.0,0.0,0.0,0.0,400,lists/scandinavian/list.scandinavian.attrib=shap_mpd=15_thresh=1.0_docnorm=T_tfidf=T.csv
0.215,0.7775,0.0,0.0,0.0,0.0,0.0,400,lists/scandinavian/list.scandinavian.attrib=ig_mpd=8_thresh=0.4_docnorm=F_tfidf=T.csv
0.5875,0.3425,0.0,0.0,0.0,0.0,0.0,400,lists/scandinavian/list.scandinavian.attrib=ig_mpd=5_thresh=0.5_docnorm=T_tfidf=T.csv
0.6375,0.33,0.0,0.0,0.0,0.0,0.0,400,lists/scandinavian/list.scandinavian.attrib=lime_mpd=10_thresh=0.6_docnorm=T_tfidf=F.csv
0.395,0.0825,0.8275,0.9475,0.9675,0.9775,0.9825,400,lists/scandinavian/list.scandinavian.attrib=ig_mpd=20_thresh=0.1_docnorm=T_tfidf=F.csv
0.61,0.3575,0.0,0.0,0.0,0.0,0.0,400,lists/scandinavian/list.scandinavian.attrib=lime_mpd=3_thresh=0.6_docnorm=T_tfidf=T.csv
0.28,0.7125,0.0,0.0,0.0,0.0,0.0,400,lists/scandinavian/list.scandinavian.attrib=lime_mpd=8_thresh=0.3_docnorm=F_tfidf=F.csv
0.3575,0.6375,0.0,0.0,0.0,0.0,0.0,400,lists/scandinavian/list.scandinavian.attrib=shap_mpd=20_thresh=0.7_docnorm=F_tfidf=T.csv
0.315,0.675,0.0,0.0025,0.0025,0.0025,0.0025,400,lists/scandinavian/list.scandinavian.attrib=shap_mpd=10_thresh=0.2_docnorm=F_tfidf=F.csv
0.315,0.675,0.0,0.0025,0.0025,0.0025,0.0025,400,lists/scandinavian/list.scandinavian.attrib=shap_mpd=11_thresh=0.1_docnorm=F_tfidf=F.csv
0.3475,0.64,0.0,0.005,0.005,0.005,0.005,400,lists/scandinavian/list.scandinavian.attrib=loo_mpd=16_thresh=0.4_docnorm=F_tfidf=F.csv
0.4075,0.5775,0.0,0.005,0.005,0.005,0.005,400,lists/scandinavian/list.scandinavian.attrib=loo_mpd=10_thresh=0.8_docnorm=F_tfidf=T.csv
0.3225,0.67,0.0,0.005,0.005,0.005,0.005,400,lists/scandinavian/list.scandinavian.attrib=shap_mpd=3_thresh=0.1_docnorm=F_tfidf=F.csv
0.635,0.26,0.0,0.0,0.005,0.08,0.2175,400,lists/scandinavian/list.scandinavian.attrib=shap_mpd=2_thresh=0.3_docnorm=T_tfidf=F.csv
0.6025,0.38,0.0,0.0,0.0,0.0,0.0,400,lists/scandinavian/list.scandinavian.attrib=shap_mpd=14_thresh=0.9_docnorm=T_tfidf=T.csv
0.3625,0.6225,0.0,0.005,0.005,0.005,0.005,400,lists/scandinavian/list.scandinavian.attrib=loo_mpd=16_thresh=1.0_docnorm=F_tfidf=T.csv
0.315,0.675,0.0,0.0025,0.0025,0.0025,0.0025,400,lists/scandinavian/list.scandinavian.attrib=shap_mpd=16_thresh=0.9_docnorm=F_tfidf=F.csv
0.345,0.6425,0.0,0.005,0.005,0.005,0.005,400,lists/scandinavian/list.scandinavian.attrib=loo_mpd=15_thresh=0.7_docnorm=F_tfidf=F.csv
0.56,0.42,0.0,0.0,0.0,0.0,0.0,400,lists/scandinavian/list.scandinavian.attrib=lime_mpd=18_thresh=0.9_docnorm=T_tfidf=F.csv
0.4075,0.1425,0.7075,0.8625,0.9175,0.9525,0.96,400,lists/scandinavian/list.scandinavian.attrib=ig_mpd=8_thresh=0.1_docnorm=T_tfidf=T.csv
0.3525,0.64,0.0,0.0,0.0,0.0,0.0,400,lists/scandinavian/list.scandinavian.attrib=lime_mpd=2_thresh=0.1_docnorm=F_tfidf=F.csv
0.315,0.675,0.0,0.0025,0.0025,0.0025,0.0025,400,lists/scandinavian/list.scandinavian.attrib=shap_mpd=12_thresh=0.9_docnorm=F_tfidf=F.csv
0.3325,0.6575,0.0,0.0,0.0,0.0,0.0,400,lists/scandinavian/list.scandinavian.attrib=lime_mpd=9_thresh=0.8_docnorm=F_tfidf=T.csv
0.61,0.2775,0.0,0.0,0.0,0.0025,0.0875,400,lists/scandinavian/list.scandinavian.attrib=lime_mpd=10_thresh=0.4_docnorm=T_tfidf=F.csv
0.345,0.6475,0.0,0.0025,0.0025,0.0025,0.0025,400,lists/scandinavian/list.scandinavian.attrib=shap_mpd=8_thresh=1.0_docnorm=F_tfidf=T.csv
0.18,0.81,0.0,0.0025,0.0025,0.0025,0.0025,400,lists/scandinavian/list.scandinavian.attrib=ig_mpd=6_thresh=0.3_docnorm=F_tfidf=F.csv
0.535,0.445,0.0,0.0,0.0,0.0,0.0,400,lists/scandinavian/list.scandinavian.attrib=shap_mpd=19_thresh=1.0_docnorm=T_tfidf=T.csv
0.5975,0.3875,0.0,0.0,0.0,0.0,0.0,400,lists/scandinavian/list.scandinavian.attrib=lime_mpd=20_thresh=0.9_docnorm=T_tfidf=T.csv
0.46,0.525,0.0,0.0,0.0,0.0,0.0,400,lists/scandinavian/list.scandinavian.attrib=lime_mpd=11_thresh=1.0_docnorm=T_tfidf=F.csv
0.5425,0.275,0.0,0.0,0.0175,0.1825,0.335,400,lists/scandinavian/list.scandinavian.attrib=ig_mpd=9_thresh=0.3_docnorm=T_tfidf=T.csv
0.5225,0.2675,0.0,0.1,0.3325,0.47,0.5675,400,lists/scandinavian/list.scandinavian.attrib=loo_mpd=6_thresh=0.2_docnorm=T_tfidf=F.csv
0.3325,0.6575,0.0,0.0,0.0,0.0,0.0,400,lists/scandinavian/list.scandinavian.attrib=lime_mpd=10_thresh=0.4_docnorm=F_tfidf=T.csv
0.4475,0.1,0.6375,0.8525,0.92,0.9525,0.97,400,lists/scandinavian/list.scandinavian.attrib=shap_mpd=2_thresh=0.1_docnorm=T_tfidf=F.csv
0.285,0.7075,0.0,0.0,0.0,0.0,0.0,400,lists/scandinavian/list.scandinavian.attrib=lime_mpd=14_thresh=1.0_docnorm=F_tfidf=F.csv
0.3425,0.645,0.0,0.0,0.0,0.0,0.0,400,lists/scandinavian/list.scandinavian.attrib=ig_mpd=9_thresh=1.0_docnorm=T_tfidf=F.csv
0.6675,0.26,0.0,0.0,0.0,0.0,0.0,400,lists/scandinavian/list.scandinavian.attrib=shap_mpd=15_thresh=0.5_docnorm=T_tfidf=F.csv
0.5525,0.43,0.0,0.0,0.0,0.0,0.0,400,lists/scandinavian/list.scandinavian.attrib=loo_mpd=10_thresh=0.9_docnorm=T_tfidf=T.csv
0.6675,0.2975,0.0,0.0,0.0,0.0,0.0,400,lists/scandinavian/list.scandinavian.attrib=shap_mpd=6_thresh=0.6_docnorm=T_tfidf=T.csv
0.565,0.3025,0.0,0.0025,0.0025,0.0025,0.0875,400,lists/scandinavian/list.scandinavian.attrib=ig_mpd=12_thresh=0.4_docnorm=T_tfidf=T.csv
0.6225,0.3425,0.0,0.0,0.0,0.0,0.0,400,lists/scandinavian/list.scandinavian.attrib=loo_mpd=13_thresh=0.6_docnorm=T_tfidf=T.csv
0.5525,0.23,0.0,0.11,0.36,0.51,0.595,400,lists/scandinavian/list.scandinavian.attrib=shap_mpd=4_thresh=0.2_docnorm=T_tfidf=T.csv
0.4325,0.555,0.0,0.005,0.005,0.005,0.005,400,lists/scandinavian/list.scandinavian.attrib=loo_mpd=14_thresh=0.6_docnorm=F_tfidf=T.csv
0.47,0.095,0.695,0.8925,0.9525,0.9825,0.9925,400,lists/scandinavian/list.scandinavian.attrib=shap_mpd=11_thresh=0.1_docnorm=T_tfidf=T.csv
0.28,0.7125,0.0,0.0,0.0,0.0,0.0,400,lists/scandinavian/list.scandinavian.attrib=lime_mpd=8_thresh=0.8_docnorm=F_tfidf=F.csv
0.6125,0.32,0.0,0.0,0.0,0.0,0.0,400,lists/scandinavian/list.scandinavian.attrib=ig_mpd=3_thresh=0.6_docnorm=T_tfidf=F.csv
0.5975,0.335,0.0,0.0,0.0,0.0,0.0,400,lists/scandinavian/list.scandinavian.attrib=ig_mpd=13_thresh=0.5_docnorm=T_tfidf=T.csv
0.355,0.64,0.0,0.0,0.0,0.0,0.0,400,lists/scandinavian/list.scandinavian.attrib=shap_mpd=20_thresh=0.9_docnorm=F_tfidf=T.csv
0.3575,0.6375,0.0,0.0,0.0,0.0,0.0,400,lists/scandinavian/list.scandinavian.attrib=shap_mpd=20_thresh=0.8_docnorm=F_tfidf=T.csv
0.3325,0.6575,0.0,0.0,0.0,0.0,0.0,400,lists/scandinavian/list.scandinavian.attrib=lime_mpd=9_thresh=0.2_docnorm=F_tfidf=T.csv
0.2225,0.7675,0.0,0.0,0.0,0.0,0.0,400,lists/scandinavian/list.scandinavian.attrib=ig_mpd=16_thresh=0.1_docnorm=F_tfidf=T.csv
0.4125,0.5725,0.0,0.005,0.005,0.005,0.005,400,lists/scandinavian/list.scandinavian.attrib=loo_mpd=16_thresh=0.8_docnorm=F_tfidf=T.csv
0.445,0.545,0.0,0.0,0.0,0.0,0.0,400,lists/scandinavian/list.scandinavian.attrib=loo_mpd=12_thresh=1.0_docnorm=T_tfidf=T.csv
0.31,0.6825,0.0,0.0,0.0,0.0,0.0,400,lists/scandinavian/list.scandinavian.attrib=lime_mpd=3_thresh=0.6_docnorm=F_tfidf=F.csv
0.495,0.255,0.0,0.2,0.5475,0.6925,0.7825,400,lists/scandinavian/list.scandinavian.attrib=loo_mpd=20_thresh=0.2_docnorm=T_tfidf=F.csv
0.2225,0.7675,0.0,0.0,0.0,0.0,0.0,400,lists/scandinavian/list.scandinavian.attrib=ig_mpd=15_thresh=0.5_docnorm=F_tfidf=T.csv
0.4375,0.5475,0.0,0.005,0.005,0.005,0.005,400,lists/scandinavian/list.scandinavian.attrib=loo_mpd=17_thresh=0.5_docnorm=F_tfidf=T.csv
0.495,0.1425,0.495,0.7,0.825,0.8775,0.91,400,lists/scandinavian/list.scandinavian.attrib=lime_mpd=1_thresh=0.1_docnorm=T_tfidf=T.csv
0.6225,0.3375,0.0,0.0,0.0,0.0,0.0025,400,lists/scandinavian/list.scandinavian.attrib=shap_mpd=1_thresh=0.4_docnorm=T_tfidf=F.csv
0.3475,0.64,0.0,0.005,0.005,0.005,0.005,400,lists/scandinavian/list.scandinavian.attrib=loo_mpd=19_thresh=0.4_docnorm=F_tfidf=F.csv
0.63,0.34,0.0,0.0,0.0,0.0,0.0,400,lists/scandinavian/list.scandinavian.attrib=loo_mpd=5_thresh=0.5_docnorm=T_tfidf=T.csv
0.5575,0.2975,0.0,0.0,0.0075,0.1325,0.2675,400,lists/scandinavian/list.scandinavian.attrib=loo_mpd=11_thresh=0.3_docnorm=T_tfidf=T.csv
0.455,0.53,0.0,0.0,0.0,0.0,0.0,400,lists/scandinavian/list.scandinavian.attrib=lime_mpd=12_thresh=1.0_docnorm=T_tfidf=F.csv
0.3425,0.65,0.0,0.0,0.0,0.0,0.0,400,lists/scandinavian/list.scandinavian.attrib=shap_mpd=19_thresh=1.0_docnorm=F_tfidf=T.csv
0.5575,0.2975,0.0,0.0,0.01,0.135,0.2775,400,lists/scandinavian/list.scandinavian.attrib=loo_mpd=12_thresh=0.3_docnorm=T_tfidf=T.csv
0.4575,0.53,0.0,0.0,0.0,0.0,0.0,400,lists/scandinavian/list.scandinavian.attrib=lime_mpd=7_thresh=1.0_docnorm=T_tfidf=T.csv
0.615,0.365,0.0,0.0,0.0,0.0,0.0,400,lists/scandinavian/list.scandinavian.attrib=lime_mpd=5_thresh=0.8_docnorm=T_tfidf=T.csv
0.6575,0.3175,0.0,0.0,0.0,0.0,0.0,400,lists/scandinavian/list.scandinavian.attrib=shap_mpd=9_thresh=0.8_docnorm=T_tfidf=F.csv
0.55,0.2075,0.0,0.195,0.5025,0.6675,0.7575,400,lists/scandinavian/list.scandinavian.attrib=lime_mpd=12_thresh=0.2_docnorm=T_tfidf=T.csv
0.5975,0.3325,0.0,0.0,0.0,0.0,0.0,400,lists/scandinavian/list.scandinavian.attrib=ig_mpd=16_thresh=0.5_docnorm=T_tfidf=T.csv
0.515,0.475,0.0,0.0,0.0,0.0,0.0,400,lists/scandinavian/list.scandinavian.attrib=shap_mpd=5_thresh=1.0_docnorm=T_tfidf=T.csv
0.565,0.4175,0.0,0.0,0.0,0.0,0.0,400,lists/scandinavian/list.scandinavian.attrib=loo_mpd=16_thresh=0.9_docnorm=T_tfidf=T.csv
0.63,0.3475,0.0,0.0,0.0,0.0,0.0,400,lists/scandinavian/list.scandinavian.attrib=lime_mpd=8_thresh=0.8_docnorm=T_tfidf=T.csv
0.4825,0.2525,0.0,0.23,0.505,0.6425,0.73,400,lists/scandinavian/list.scandinavian.attrib=ig_mpd=16_thresh=0.2_docnorm=T_tfidf=T.csv
0.32,0.67,0.0,0.0,0.0,0.0,0.0,400,lists/scandinavian/list.scandinavian.attrib=lime_mpd=16_thresh=1.0_docnorm=F_tfidf=T.csv
0.315,0.675,0.0,0.0025,0.0025,0.0025,0.0025,400,lists/scandinavian/list.scandinavian.attrib=shap_mpd=19_thresh=0.5_docnorm=F_tfidf=F.csv
0.25,0.7425,0.0,0.0,0.0,0.0,0.0,400,lists/scandinavian/list.scandinavian.attrib=ig_mpd=2_thresh=0.3_docnorm=F_tfidf=T.csv
0.5875,0.26,0.0,0.0,0.0175,0.2,0.38,400,lists/scandinavian/list.scandinavian.attrib=lime_mpd=20_thresh=0.3_docnorm=T_tfidf=F.csv
0.1825,0.8075,0.0,0.0025,0.0025,0.0025,0.0025,400,lists/scandinavian/list.scandinavian.attrib=ig_mpd=14_thresh=0.9_docnorm=F_tfidf=F.csv
0.565,0.1925,0.0,0.045,0.2225,0.4125,0.54,400,lists/scandinavian/list.scandinavian.attrib=ig_mpd=2_thresh=0.2_docnorm=T_tfidf=F.csv
0.6125,0.3025,0.0,0.0,0.0,0.0,0.0,400,lists/scandinavian/list.scandinavian.attrib=ig_mpd=9_thresh=0.5_docnorm=T_tfidf=F.csv
0.315,0.675,0.0,0.005,0.005,0.005,0.005,400,lists/scandinavian/list.scandinavian.attrib=shap_mpd=8_thresh=0.6_docnorm=F_tfidf=F.csv
0.615,0.26,0.0,0.0,0.0,0.0,0.07,400,lists/scandinavian/list.scandinavian.attrib=ig_mpd=16_thresh=0.4_docnorm=T_tfidf=F.csv
0.62,0.35,0.0,0.0,0.0025,0.0025,0.0025,400,lists/scandinavian/list.scandinavian.attrib=lime_mpd=8_thresh=0.7_docnorm=T_tfidf=F.csv
0.5075,0.465,0.0,0.0025,0.0025,0.0025,0.0025,400,lists/scandinavian/list.scandinavian.attrib=ig_mpd=19_thresh=0.9_docnorm=T_tfidf=F.csv
0.4425,0.105,0.72,0.885,0.9525,0.9775,0.99,400,lists/scandinavian/list.scandinavian.attrib=loo_mpd=19_thresh=0.1_docnorm=T_tfidf=T.csv
0.6775,0.2875,0.0,0.0,0.0,0.0,0.0,400,lists/scandinavian/list.scandinavian.attrib=shap_mpd=8_thresh=0.6_docnorm=T_tfidf=F.csv
0.285,0.7075,0.0,0.0,0.0,0.0,0.0,400,lists/scandinavian/list.scandinavian.attrib=lime_mpd=15_thresh=0.9_docnorm=F_tfidf=F.csv
0.28,0.7125,0.0,0.0,0.0,0.0,0.0,400,lists/scandinavian/list.scandinavian.attrib=lime_mpd=9_thresh=0.4_docnorm=F_tfidf=F.csv
0.39622641509433965,0.6037735849056604,0.0,0.0,0.0,0.0,0.0,371,lists/scandinavian/list.scandinavian.attrib=lime_mpd=2_thresh=1.0_docnorm=T_tfidf=F.csv
0.335,0.655,0.0,0.0,0.0,0.0,0.0,400,lists/scandinavian/list.scandinavian.attrib=lime_mpd=5_thresh=0.1_docnorm=F_tfidf=T.csv
0.6225,0.335,0.0,0.0,0.0,0.0,0.0,400,lists/scandinavian/list.scandinavian.attrib=loo_mpd=12_thresh=0.7_docnorm=T_tfidf=F.csv
0.36,0.6325,0.0,0.0025,0.0025,0.0025,0.0025,400,lists/scandinavian/list.scandinavian.attrib=shap_mpd=9_thresh=0.6_docnorm=F_tfidf=T.csv
0.3525,0.64,0.0,0.0,0.0,0.0,0.0,400,lists/scandinavian/list.scandinavian.attrib=lime_mpd=2_thresh=0.6_docnorm=F_tfidf=F.csv
0.355,0.6375,0.0,0.0,0.0,0.0,0.0,400,lists/scandinavian/list.scandinavian.attrib=shap_mpd=13_thresh=0.1_docnorm=F_tfidf=T.csv
0.2825,0.71,0.0,0.0,0.0,0.0,0.0,400,lists/scandinavian/list.scandinavian.attrib=lime_mpd=11_thresh=0.7_docnorm=F_tfidf=F.csv
0.5175,0.4625,0.0,0.0,0.0,0.0,0.0,400,lists/scandinavian/list.scandinavian.attrib=lime_mpd=1_thresh=0.7_docnorm=T_tfidf=F.csv
0.225,0.7675,0.0,0.0,0.0,0.0,0.0,400,lists/scandinavian/list.scandinavian.attrib=ig_mpd=14_thresh=0.2_docnorm=F_tfidf=T.csv
0.35,0.6375,0.0,0.005,0.005,0.005,0.005,400,lists/scandinavian/list.scandinavian.attrib=loo_mpd=11_thresh=0.3_docnorm=F_tfidf=F.csv
0.3275,0.665,0.0,0.0,0.0,0.0,0.0,400,lists/scandinavian/list.scandinavian.attrib=lime_mpd=19_thresh=0.9_docnorm=F_tfidf=T.csv
0.3507692307692308,0.6492307692307693,0.0,0.0,0.0,0.0,0.0,325,lists/scandinavian/list.scandinavian.attrib=ig_mpd=1_thresh=0.9_docnorm=T_tfidf=F.csv
0.5875,0.3925,0.0,0.0,0.0,0.0,0.0,400,lists/scandinavian/list.scandinavian.attrib=shap_mpd=9_thresh=0.9_docnorm=T_tfidf=T.csv
0.6225,0.355,0.0,0.0,0.0,0.0,0.0,400,lists/scandinavian/list.scandinavian.attrib=loo_mpd=5_thresh=0.7_docnorm=T_tfidf=T.csv
0.2825,0.71,0.0,0.0,0.0,0.0,0.0,400,lists/scandinavian/list.scandinavian.attrib=lime_mpd=7_thresh=0.5_docnorm=F_tfidf=F.csv
0.5525,0.425,0.0,0.0,0.0,0.0,0.0,400,lists/scandinavian/list.scandinavian.attrib=loo_mpd=11_thresh=0.9_docnorm=T_tfidf=T.csv
0.585,0.3325,0.0,0.0,0.0,0.0,0.05,400,lists/scandinavian/list.scandinavian.attrib=loo_mpd=13_thresh=0.4_docnorm=T_tfidf=F.csv
0.355,0.64,0.0,0.0,0.0,0.0,0.0,400,lists/scandinavian/list.scandinavian.attrib=shap_mpd=16_thresh=0.9_docnorm=F_tfidf=T.csv
0.4825,0.255,0.0,0.23,0.51,0.6475,0.7325,400,lists/scandinavian/list.scandinavian.attrib=ig_mpd=17_thresh=0.2_docnorm=T_tfidf=T.csv
0.3125,0.675,0.0,0.005,0.005,0.005,0.005,400,lists/scandinavian/list.scandinavian.attrib=loo_mpd=18_thresh=1.0_docnorm=F_tfidf=F.csv
0.33,0.6625,0.0,0.0,0.0,0.0,0.0,400,lists/scandinavian/list.scandinavian.attrib=lime_mpd=18_thresh=0.5_docnorm=F_tfidf=T.csv
0.355,0.635,0.0,0.0025,0.0025,0.0025,0.0025,400,lists/scandinavian/list.scandinavian.attrib=shap_mpd=9_thresh=0.2_docnorm=F_tfidf=T.csv
0.5925,0.335,0.0,0.0,0.0,0.0,0.0,400,lists/scandinavian/list.scandinavian.attrib=ig_mpd=19_thresh=0.5_docnorm=T_tfidf=T.csv
0.6175,0.3525,0.0,0.0,0.0,0.0,0.0,400,lists/scandinavian/list.scandinavian.attrib=loo_mpd=5_thresh=0.6_docnorm=T_tfidf=F.csv
0.3325,0.6575,0.0,0.0,0.0,0.0,0.0,400,lists/scandinavian/list.scandinavian.attrib=lime_mpd=7_thresh=0.3_docnorm=F_tfidf=T.csv
0.3475,0.64,0.0,0.005,0.005,0.005,0.005,400,lists/scandinavian/list.scandinavian.attrib=loo_mpd=9_thresh=0.4_docnorm=F_tfidf=F.csv
0.32,0.6725,0.0,0.005,0.005,0.005,0.005,400,lists/scandinavian/list.scandinavian.attrib=shap_mpd=4_thresh=0.2_docnorm=F_tfidf=F.csv
0.3325,0.6575,0.0,0.0,0.0,0.0,0.0,400,lists/scandinavian/list.scandinavian.attrib=lime_mpd=10_thresh=0.7_docnorm=F_tfidf=T.csv
0.4125,0.575,0.0,0.005,0.005,0.005,0.005,400,lists/scandinavian/list.scandinavian.attrib=loo_mpd=5_thresh=0.8_docnorm=F_tfidf=T.csv
0.315,0.675,0.0,0.0025,0.0025,0.0025,0.0025,400,lists/scandinavian/list.scandinavian.attrib=shap_mpd=12_thresh=0.2_docnorm=F_tfidf=F.csv
0.625,0.345,0.0,0.0,0.0025,0.0025,0.0025,400,lists/scandinavian/list.scandinavian.attrib=lime_mpd=9_thresh=0.7_docnorm=T_tfidf=F.csv
0.355,0.6325,0.0,0.005,0.005,0.005,0.005,400,lists/scandinavian/list.scandinavian.attrib=loo_mpd=3_thresh=0.5_docnorm=F_tfidf=F.csv
0.54,0.275,0.0,0.0625,0.245,0.38,0.4825,400,lists/scandinavian/list.scandinavian.attrib=loo_mpd=4_thresh=0.2_docnorm=T_tfidf=T.csv
0.425,0.56,0.0,0.005,0.005,0.005,0.005,400,lists/scandinavian/list.scandinavian.attrib=loo_mpd=5_thresh=0.6_docnorm=F_tfidf=T.csv
0.3475,0.64,0.0,0.005,0.005,0.005,0.005,400,lists/scandinavian/list.scandinavian.attrib=loo_mpd=15_thresh=0.5_docnorm=F_tfidf=F.csv
0.33,0.6625,0.0,0.0,0.0,0.0,0.0,400,lists/scandinavian/list.scandinavian.attrib=lime_mpd=16_thresh=0.5_docnorm=F_tfidf=T.csv
0.515,0.4575,0.0,0.0,0.0,0.0,0.0,400,lists/scandinavian/list.scandinavian.attrib=lime_mpd=3_thresh=0.9_docnorm=T_tfidf=T.csv
0.26198083067092653,0.7348242811501597,0.0,0.0,0.0,0.0,0.0,313,lists/scandinavian/list.scandinavian.attrib=ig_mpd=2_thresh=1.0_docnorm=T_tfidf=F.csv
0.6275,0.26,0.0,0.0,0.0,0.0,0.11,400,lists/scandinavian/list.scandinavian.attrib=shap_mpd=19_thresh=0.4_docnorm=T_tfidf=T.csv
0.33,0.6625,0.0,0.0,0.0,0.0,0.0,400,lists/scandinavian/list.scandinavian.attrib=lime_mpd=13_thresh=0.6_docnorm=F_tfidf=T.csv
0.22,0.7725,0.0,0.0,0.0,0.0,0.0,400,lists/scandinavian/list.scandinavian.attrib=ig_mpd=7_thresh=0.9_docnorm=F_tfidf=T.csv
0.33,0.6575,0.0,0.005,0.005,0.005,0.005,400,lists/scandinavian/list.scandinavian.attrib=loo_mpd=17_thresh=0.9_docnorm=F_tfidf=F.csv
0.35,0.64,0.0,0.0025,0.0025,0.0025,0.0025,400,lists/scandinavian/list.scandinavian.attrib=shap_mpd=2_thresh=0.4_docnorm=F_tfidf=F.csv
0.61,0.3325,0.0,0.0025,0.0025,0.0025,0.0025,400,lists/scandinavian/list.scandinavian.attrib=ig_mpd=8_thresh=0.7_docnorm=T_tfidf=F.csv
0.1975,0.7975,0.0,0.0,0.0,0.0,0.0,400,lists/scandinavian/list.scandinavian.attrib=ig_mpd=9_thresh=1.0_docnorm=F_tfidf=T.csv
0.4725,0.515,0.0,0.0025,0.0025,0.0025,0.0025,400,lists/scandinavian/list.scandinavian.attrib=shap_mpd=1_thresh=0.7_docnorm=F_tfidf=T.csv
0.41012658227848103,0.5848101265822785,0.0,0.002531645569620253,0.002531645569620253,0.002531645569620253,0.002531645569620253,395,lists/scandinavian/list.scandinavian.attrib=loo_mpd=1_thresh=0.8_docnorm=T_tfidf=F.csv
0.4175,0.57,0.0,0.005,0.005,0.005,0.005,400,lists/scandinavian/list.scandinavian.attrib=loo_mpd=18_thresh=0.8_docnorm=F_tfidf=T.csv
0.5675,0.39,0.0,0.0025,0.0025,0.0025,0.0025,400,lists/scandinavian/list.scandinavian.attrib=ig_mpd=12_thresh=0.8_docnorm=T_tfidf=F.csv
0.4575,0.53,0.0,0.0,0.0,0.0,0.0025,400,lists/scandinavian/list.scandinavian.attrib=lime_mpd=1_thresh=0.2_docnorm=F_tfidf=T.csv
0.6025,0.3375,0.0,0.0,0.0,0.0,0.0,400,lists/scandinavian/list.scandinavian.attrib=loo_mpd=20_thresh=0.5_docnorm=T_tfidf=F.csv
0.55,0.1775,0.0,0.1575,0.39,0.58,0.6825,400,lists/scandinavian/list.scandinavian.attrib=ig_mpd=6_thresh=0.2_docnorm=T_tfidf=F.csv
0.4925,0.485,0.0,0.0,0.0,0.0,0.0,400,lists/scandinavian/list.scandinavian.attrib=lime_mpd=4_thresh=0.9_docnorm=T_tfidf=F.csv
0.3175,0.675,0.0,0.005,0.005,0.005,0.005,400,lists/scandinavian/list.scandinavian.attrib=shap_mpd=5_thresh=0.9_docnorm=F_tfidf=F.csv
0.6175,0.32,0.0,0.0,0.0,0.0,0.0,400,lists/scandinavian/list.scandinavian.attrib=ig_mpd=12_thresh=0.6_docnorm=T_tfidf=F.csv
0.3175,0.6725,0.0,0.005,0.005,0.005,0.005,400,lists/scandinavian/list.scandinavian.attrib=shap_mpd=6_thresh=0.9_docnorm=F_tfidf=F.csv
0.285,0.7075,0.0,0.0,0.0,0.0,0.0,400,lists/scandinavian/list.scandinavian.attrib=lime_mpd=13_thresh=0.9_docnorm=F_tfidf=F.csv
0.3475,0.64,0.0,0.005,0.005,0.005,0.005,400,lists/scandinavian/list.scandinavian.attrib=loo_mpd=8_thresh=0.6_docnorm=F_tfidf=F.csv
0.62,0.355,0.0,0.0,0.0,0.0,0.0,400,lists/scandinavian/list.scandinavian.attrib=shap_mpd=4_thresh=0.8_docnorm=T_tfidf=T.csv
0.2875,0.705,0.0,0.0,0.0,0.0,0.0,400,lists/scandinavian/list.scandinavian.attrib=lime_mpd=20_thresh=0.7_docnorm=F_tfidf=F.csv
0.1975,0.7875,0.0,0.0025,0.0025,0.0025,0.0025,400,lists/scandinavian/list.scandinavian.attrib=ig_mpd=20_thresh=0.5_docnorm=F_tfidf=F.csv
0.5075,0.2925,0.0,0.08,0.2775,0.4,0.4975,400,lists/scandinavian/list.scandinavian.attrib=loo_mpd=4_thresh=0.2_docnorm=T_tfidf=F.csv
0.5675,0.17,0.0,0.25,0.555,0.6875,0.775,400,lists/scandinavian/list.scandinavian.attrib=shap_mpd=16_thresh=0.2_docnorm=T_tfidf=F.csv
0.455,0.0925,0.7975,0.95,0.9775,0.985,0.9875,400,lists/scandinavian/list.scandinavian.attrib=lime_mpd=15_thresh=0.1_docnorm=T_tfidf=F.csv
0.285,0.7075,0.0,0.0,0.0,0.0,0.0,400,lists/scandinavian/list.scandinavian.attrib=lime_mpd=16_thresh=0.1_docnorm=F_tfidf=F.csv
0.6175,0.3575,0.0,0.0,0.0,0.0,0.0,400,lists/scandinavian/list.scandinavian.attrib=lime_mpd=18_thresh=0.8_docnorm=T_tfidf=F.csv
0.3325,0.6575,0.0,0.0,0.0,0.0,0.0,400,lists/scandinavian/list.scandinavian.attrib=lime_mpd=7_thresh=0.5_docnorm=F_tfidf=T.csv
0.6575,0.31,0.0,0.0,0.0,0.0,0.0,400,lists/scandinavian/list.scandinavian.attrib=shap_mpd=12_thresh=0.7_docnorm=T_tfidf=T.csv
0.355,0.6375,0.0,0.0,0.0,0.0,0.0,400,lists/scandinavian/list.scandinavian.attrib=shap_mpd=14_thresh=0.4_docnorm=F_tfidf=T.csv
0.6225,0.315,0.0,0.0,0.0,0.0,0.0,400,lists/scandinavian/list.scandinavian.attrib=ig_mpd=20_thresh=0.6_docnorm=T_tfidf=F.csv
0.605,0.2825,0.0,0.0,0.0,0.005,0.1075,400,lists/scandinavian/list.scandinavian.attrib=lime_mpd=18_thresh=0.4_docnorm=T_tfidf=T.csv
0.1825,0.8075,0.0,0.0025,0.0025,0.0025,0.0025,400,lists/scandinavian/list.scandinavian.attrib=ig_mpd=13_thresh=0.9_docnorm=F_tfidf=F.csv
0.6575,0.27,0.0,0.0,0.0,0.0,0.0,400,lists/scandinavian/list.scandinavian.attrib=shap_mpd=12_thresh=0.5_docnorm=T_tfidf=F.csv
0.5,0.47,0.0,0.0025,0.0025,0.0025,0.0025,400,lists/scandinavian/list.scandinavian.attrib=ig_mpd=12_thresh=0.9_docnorm=T_tfidf=F.csv
0.5225,0.23,0.0,0.225,0.535,0.685,0.785,400,lists/scandinavian/list.scandinavian.attrib=lime_mpd=16_thresh=0.2_docnorm=T_tfidf=F.csv
0.3375,0.65,0.0,0.005,0.005,0.005,0.005,400,lists/scandinavian/list.scandinavian.attrib=loo_mpd=9_thresh=0.8_docnorm=F_tfidf=F.csv
0.53,0.4325,0.0,0.0025,0.0025,0.0025,0.0025,400,lists/scandinavian/list.scandinavian.attrib=ig_mpd=15_thresh=0.9_docnorm=T_tfidf=T.csv
0.6175,0.3525,0.0,0.0,0.0,0.0,0.0,400,lists/scandinavian/list.scandinavian.attrib=lime_mpd=5_thresh=0.7_docnorm=T_tfidf=T.csv
0.4325,0.5575,0.0,0.0025,0.0025,0.0025,0.0025,400,lists/scandinavian/list.scandinavian.attrib=shap_mpd=1_thresh=0.3_docnorm=F_tfidf=F.csv
0.4375,0.0825,0.7225,0.9125,0.96,0.9775,0.9875,400,lists/scandinavian/list.scandinavian.attrib=shap_mpd=5_thresh=0.1_docnorm=T_tfidf=F.csv
0.56,0.42,0.0,0.0,0.0,0.0,0.0,400,lists/scandinavian/list.scandinavian.attrib=loo_mpd=19_thresh=0.9_docnorm=T_tfidf=F.csv
0.2175,0.775,0.0,0.0,0.0,0.0,0.0,400,lists/scandinavian/list.scandinavian.attrib=ig_mpd=4_thresh=0.1_docnorm=F_tfidf=T.csv
0.6575,0.31,0.0,0.0,0.0,0.0,0.0,400,lists/scandinavian/list.scandinavian.attrib=shap_mpd=13_thresh=0.7_docnorm=T_tfidf=T.csv
0.455,0.5325,0.0,0.0,0.0,0.0,0.0,400,lists/scandinavian/list.scandinavian.attrib=loo_mpd=15_thresh=1.0_docnorm=T_tfidf=T.csv
0.1825,0.8075,0.0,0.0025,0.0025,0.0025,0.0025,400,lists/scandinavian/list.scandinavian.attrib=ig_mpd=13_thresh=0.7_docnorm=F_tfidf=F.csv
0.62,0.32,0.0,0.0,0.0,0.0,0.0,400,lists/scandinavian/list.scandinavian.attrib=ig_mpd=18_thresh=0.6_docnorm=T_tfidf=F.csv
0.56,0.395,0.0,0.0025,0.0025,0.0025,0.0025,400,lists/scandinavian/list.scandinavian.attrib=ig_mpd=16_thresh=0.8_docnorm=T_tfidf=F.csv
0.6225,0.3525,0.0,0.0,0.0,0.0,0.0,400,lists/scandinavian/list.scandinavian.attrib=lime_mpd=11_thresh=0.8_docnorm=T_tfidf=T.csv
0.6075,0.275,0.0,0.0,0.0,0.0,0.05,400,lists/scandinavian/list.scandinavian.attrib=ig_mpd=7_thresh=0.4_docnorm=T_tfidf=F.csv
0.225,0.765,0.0,0.0,0.0,0.0,0.0,400,lists/scandinavian/list.scandinavian.attrib=ig_mpd=16_thresh=0.9_docnorm=F_tfidf=T.csv
0.44,0.54,0.0,0.005,0.01,0.01,0.0125,400,lists/scandinavian/list.scandinavian.attrib=loo_mpd=11_thresh=0.2_docnorm=F_tfidf=T.csv
0.1925,0.7975,0.0,0.0025,0.0025,0.0025,0.0025,400,lists/scandinavian/list.scandinavian.attrib=ig_mpd=15_thresh=0.7_docnorm=F_tfidf=F.csv
0.6625,0.265,0.0,0.0,0.0,0.0,0.0,400,lists/scandinavian/list.scandinavian.attrib=shap_mpd=13_thresh=0.5_docnorm=T_tfidf=F.csv
0.5975,0.3225,0.0,0.0,0.0025,0.03,0.07,400,lists/scandinavian/list.scandinavian.attrib=loo_mpd=2_thresh=0.3_docnorm=T_tfidf=T.csv
0.315,0.675,0.0,0.0025,0.0025,0.0025,0.0025,400,lists/scandinavian/list.scandinavian.attrib=shap_mpd=19_thresh=0.7_docnorm=F_tfidf=F.csv
0.62,0.2575,0.0,0.0,0.0,0.0,0.065,400,lists/scandinavian/list.scandinavian.attrib=ig_mpd=15_thresh=0.4_docnorm=T_tfidf=F.csv
0.6425,0.255,0.0,0.0025,0.0025,0.0025,0.085,400,lists/scandinavian/list.scandinavian.attrib=shap_mpd=8_thresh=0.4_docnorm=T_tfidf=T.csv
0.61,0.35,0.0,0.0,0.0,0.0,0.0,400,lists/scandinavian/list.scandinavian.attrib=loo_mpd=6_thresh=0.6_docnorm=T_tfidf=F.csv
0.6125,0.2525,0.0,0.0,0.02,0.2025,0.37,400,lists/scandinavian/list.scandinavian.attrib=lime_mpd=15_thresh=0.3_docnorm=T_tfidf=T.csv
0.405,0.585,0.0,0.0,0.0,0.0,0.0,400,lists/scandinavian/list.scandinavian.attrib=lime_mpd=2_thresh=0.7_docnorm=F_tfidf=T.csv
0.5425,0.2025,0.0,0.1775,0.4625,0.6075,0.7,400,lists/scandinavian/list.scandinavian.attrib=shap_mpd=10_thresh=0.2_docnorm=T_tfidf=T.csv
0.56,0.42,0.0,0.0,0.0,0.0,0.0,400,lists/scandinavian/list.scandinavian.attrib=lime_mpd=16_thresh=0.9_docnorm=T_tfidf=F.csv
0.4825,0.505,0.0,0.0,0.0075,0.0125,0.02,400,lists/scandinavian/list.scandinavian.attrib=loo_mpd=1_thresh=0.2_docnorm=F_tfidf=T.csv
0.595,0.365,0.0,0.0,0.0,0.0,0.0,400,lists/scandinavian/list.scandinavian.attrib=lime_mpd=1_thresh=0.5_docnorm=T_tfidf=T.csv
0.6425,0.29,0.0,0.0,0.0,0.0,0.0,400,lists/scandinavian/list.scandinavian.attrib=lime_mpd=12_thresh=0.5_docnorm=T_tfidf=T.csv
0.315,0.675,0.0,0.0025,0.0025,0.0025,0.0025,400,lists/scandinavian/list.scandinavian.attrib=shap_mpd=11_thresh=0.2_docnorm=F_tfidf=F.csv
0.4575,0.0675,0.7525,0.925,0.9675,0.9875,0.99,400,lists/scandinavian/list.scandinavian.attrib=shap_mpd=10_thresh=0.1_docnorm=T_tfidf=F.csv
0.6175,0.3525,0.0,0.0025,0.0025,0.0025,0.0025,400,lists/scandinavian/list.scandinavian.attrib=loo_mpd=7_thresh=0.6_docnorm=T_tfidf=T.csv
0.605,0.2625,0.0,0.0,0.0175,0.19,0.3425,400,lists/scandinavian/list.scandinavian.attrib=lime_mpd=8_thresh=0.3_docnorm=T_tfidf=T.csv
0.585,0.3775,0.0,0.0,0.0,0.0,0.0,400,lists/scandinavian/list.scandinavian.attrib=lime_mpd=2_thresh=0.5_docnorm=T_tfidf=T.csv
0.315,0.675,0.0,0.005,0.005,0.005,0.005,400,lists/scandinavian/list.scandinavian.attrib=shap_mpd=8_thresh=0.3_docnorm=F_tfidf=F.csv
0.1775,0.8125,0.0,0.0025,0.0025,0.0025,0.0025,400,lists/scandinavian/list.scandinavian.attrib=ig_mpd=12_thresh=0.3_docnorm=F_tfidf=F.csv
0.2925,0.7,0.0,0.0,0.0,0.0,0.0,400,lists/scandinavian/list.scandinavian.attrib=lime_mpd=4_thresh=0.3_docnorm=F_tfidf=F.csv
0.5175,0.265,0.0,0.11,0.3575,0.5125,0.6,400,lists/scandinavian/list.scandinavian.attrib=loo_mpd=7_thresh=0.2_docnorm=T_tfidf=F.csv
0.25,0.7425,0.0,0.0,0.0,0.0,0.0,400,lists/scandinavian/list.scandinavian.attrib=ig_mpd=2_thresh=0.1_docnorm=F_tfidf=T.csv
0.18,0.81,0.0,0.0025,0.0025,0.0025,0.0025,400,lists/scandinavian/list.scandinavian.attrib=ig_mpd=6_thresh=0.5_docnorm=F_tfidf=F.csv
0.435,0.11,0.7925,0.93,0.96,0.9775,0.985,400,lists/scandinavian/list.scandinavian.attrib=loo_mpd=17_thresh=0.1_docnorm=T_tfidf=F.csv
0.3649851632047478,0.6320474777448071,0.0,0.002967359050445104,0.002967359050445104,0.002967359050445104,0.002967359050445104,337,lists/scandinavian/list.scandinavian.attrib=shap_mpd=2_thresh=1.0_docnorm=F_tfidf=F.csv
0.4775,0.5125,0.0,0.0,0.0,0.0025,0.0025,400,lists/scandinavian/list.scandinavian.attrib=loo_mpd=1_thresh=0.3_docnorm=F_tfidf=T.csv
0.315,0.675,0.0,0.0025,0.0025,0.0025,0.0025,400,lists/scandinavian/list.scandinavian.attrib=shap_mpd=14_thresh=0.5_docnorm=F_tfidf=F.csv
0.63,0.3425,0.0,0.0,0.0,0.0,0.0,400,lists/scandinavian/list.scandinavian.attrib=loo_mpd=14_thresh=0.8_docnorm=T_tfidf=T.csv
0.605,0.365,0.0,0.0,0.0025,0.0025,0.0025,400,lists/scandinavian/list.scandinavian.attrib=lime_mpd=6_thresh=0.7_docnorm=T_tfidf=F.csv
0.6425,0.33,0.0,0.0,0.0,0.0,0.0,400,lists/scandinavian/list.scandinavian.attrib=lime_mpd=13_thresh=0.7_docnorm=T_tfidf=T.csv
0.1825,0.8075,0.0,0.0025,0.0025,0.0025,0.0025,400,lists/scandinavian/list.scandinavian.attrib=ig_mpd=13_thresh=0.1_docnorm=F_tfidf=F.csv
0.2875,0.705,0.0,0.0,0.0,0.0,0.0,400,lists/scandinavian/list.scandinavian.attrib=lime_mpd=20_thresh=0.1_docnorm=F_tfidf=F.csv
0.3175,0.6725,0.0,0.005,0.005,0.005,0.005,400,lists/scandinavian/list.scandinavian.attrib=shap_mpd=6_thresh=1.0_docnorm=F_tfidf=F.csv
0.625,0.2625,0.0,0.0,0.0,0.0025,0.1,400,lists/scandinavian/list.scandinavian.attrib=lime_mpd=20_thresh=0.4_docnorm=T_tfidf=F.csv
0.185,0.8075,0.0,0.0,0.0,0.0,0.0,400,lists/scandinavian/list.scandinavian.attrib=ig_mpd=4_thresh=0.6_docnorm=F_tfidf=F.csv
0.555,0.425,0.0,0.0,0.0,0.0,0.0,400,lists/scandinavian/list.scandinavian.attrib=loo_mpd=17_thresh=0.9_docnorm=T_tfidf=F.csv
0.315,0.675,0.0,0.0025,0.0025,0.0025,0.0025,400,lists/scandinavian/list.scandinavian.attrib=shap_mpd=12_thresh=0.7_docnorm=F_tfidf=F.csv
0.635,0.27,0.0,0.0025,0.0025,0.0025,0.0775,400,lists/scandinavian/list.scandinavian.attrib=shap_mpd=7_thresh=0.4_docnorm=T_tfidf=T.csv
0.3525835866261398,0.6474164133738601,0.0,0.0,0.0,0.0,0.0,329,lists/scandinavian/list.scandinavian.attrib=ig_mpd=1_thresh=0.9_docnorm=T_tfidf=T.csv
0.4125,0.14,0.72,0.875,0.925,0.96,0.9675,400,lists/scandinavian/list.scandinavian.attrib=ig_mpd=11_thresh=0.1_docnorm=T_tfidf=T.csv
0.5425,0.445,0.0,0.0,0.0,0.0,0.0,400,lists/scandinavian/list.scandinavian.attrib=loo_mpd=4_thresh=0.8_docnorm=T_tfidf=F.csv
0.6175,0.35,0.0,0.0,0.0,0.0,0.0,400,lists/scandinavian/list.scandinavian.attrib=loo_mpd=15_thresh=0.6_docnorm=T_tfidf=T.csv
0.6625,0.2225,0.0,0.0,0.0,0.0,0.1125,400,lists/scandinavian/list.scandinavian.attrib=shap_mpd=13_thresh=0.4_docnorm=T_tfidf=F.csv
0.22,0.7725,0.0,0.0,0.0,0.0,0.0,400,lists/scandinavian/list.scandinavian.attrib=ig_mpd=3_thresh=0.1_docnorm=F_tfidf=T.csv
0.6225,0.3475,0.0,0.0,0.0025,0.0025,0.0025,400,lists/scandinavian/list.scandinavian.attrib=lime_mpd=17_thresh=0.7_docnorm=T_tfidf=F.csv
0.28,0.7125,0.0,0.0,0.0,0.0,0.0,400,lists/scandinavian/list.scandinavian.attrib=lime_mpd=9_thresh=0.2_docnorm=F_tfidf=F.csv
0.1975,0.7875,0.0,0.0025,0.0025,0.0025,0.0025,400,lists/scandinavian/list.scandinavian.attrib=ig_mpd=20_thresh=0.6_docnorm=F_tfidf=F.csv
0.4425,0.5375,0.0,0.005,0.01,0.01,0.0125,400,lists/scandinavian/list.scandinavian.attrib=loo_mpd=7_thresh=0.2_docnorm=F_tfidf=T.csv
0.6225,0.2425,0.0,0.0,0.0175,0.165,0.32,400,lists/scandinavian/list.scandinavian.attrib=shap_mpd=12_thresh=0.3_docnorm=T_tfidf=T.csv
0.675,0.285,0.0,0.0,0.0,0.0,0.0,400,lists/scandinavian/list.scandinavian.attrib=shap_mpd=9_thresh=0.6_docnorm=T_tfidf=T.csv
0.4625,0.52,0.0,0.0,0.0,0.0,0.0,400,lists/scandinavian/list.scandinavian.attrib=loo_mpd=19_thresh=1.0_docnorm=T_tfidf=T.csv
0.175,0.815,0.0,0.0025,0.0025,0.0025,0.0025,400,lists/scandinavian/list.scandinavian.attrib=ig_mpd=11_thresh=0.7_docnorm=F_tfidf=F.csv
0.19,0.8025,0.0,0.0025,0.0025,0.0025,0.0025,400,lists/scandinavian/list.scandinavian.attrib=ig_mpd=2_thresh=0.9_docnorm=F_tfidf=F.csv
0.4675,0.5125,0.0,0.0,0.0,0.0,0.0,400,lists/scandinavian/list.scandinavian.attrib=lime_mpd=17_thresh=1.0_docnorm=T_tfidf=T.csv
0.4225,0.5625,0.0,0.005,0.005,0.005,0.005,400,lists/scandinavian/list.scandinavian.attrib=loo_mpd=8_thresh=0.7_docnorm=F_tfidf=T.csv
0.4,0.5875,0.0,0.005,0.005,0.005,0.005,400,lists/scandinavian/list.scandinavian.attrib=loo_mpd=7_thresh=0.9_docnorm=F_tfidf=T.csv
0.6175,0.345,0.0,0.0,0.0,0.0,0.0,400,lists/scandinavian/list.scandinavian.attrib=loo_mpd=6_thresh=0.5_docnorm=T_tfidf=F.csv
0.3225,0.67,0.0,0.005,0.005,0.005,0.005,400,lists/scandinavian/list.scandinavian.attrib=shap_mpd=3_thresh=0.6_docnorm=F_tfidf=F.csv
0.455,0.11,0.6525,0.87,0.9325,0.97,0.985,400,lists/scandinavian/list.scandinavian.attrib=shap_mpd=5_thresh=0.1_docnorm=T_tfidf=T.csv
0.345,0.6425,0.0,0.005,0.005,0.005,0.005,400,lists/scandinavian/list.scandinavian.attrib=loo_mpd=7_thresh=0.7_docnorm=F_tfidf=F.csv
0.6125,0.2525,0.0,0.0,0.02,0.2025,0.37,400,lists/scandinavian/list.scandinavian.attrib=lime_mpd=16_thresh=0.3_docnorm=T_tfidf=T.csv
0.1825,0.81,0.0,0.0,0.0,0.0,0.0,400,lists/scandinavian/list.scandinavian.attrib=ig_mpd=5_thresh=0.3_docnorm=F_tfidf=F.csv
0.32,0.67,0.0,0.0,0.0,0.0,0.0,400,lists/scandinavian/list.scandinavian.attrib=lime_mpd=7_thresh=1.0_docnorm=F_tfidf=T.csv
0.225,0.765,0.0,0.0,0.0,0.0,0.0,400,lists/scandinavian/list.scandinavian.attrib=ig_mpd=17_thresh=0.8_docnorm=F_tfidf=T.csv
0.6425,0.325,0.0,0.0,0.0,0.0,0.0,400,lists/scandinavian/list.scandinavian.attrib=lime_mpd=13_thresh=0.6_docnorm=T_tfidf=F.csv
0.66,0.31,0.0,0.0,0.0,0.0,0.0,400,lists/scandinavian/list.scandinavian.attrib=shap_mpd=9_thresh=0.7_docnorm=T_tfidf=T.csv
0.57,0.41,0.0,0.0,0.0,0.0,0.0,400,lists/scandinavian/list.scandinavian.attrib=loo_mpd=19_thresh=0.9_docnorm=T_tfidf=T.csv
0.335,0.6525,0.0,0.005,0.005,0.005,0.005,400,lists/scandinavian/list.scandinavian.attrib=loo_mpd=6_thresh=0.8_docnorm=F_tfidf=F.csv
0.2175,0.775,0.0,0.0,0.0,0.0,0.0,400,lists/scandinavian/list.scandinavian.attrib=ig_mpd=4_thresh=0.7_docnorm=F_tfidf=T.csv
0.3425,0.65,0.0,0.0,0.0,0.0,0.0,400,lists/scandinavian/list.scandinavian.attrib=shap_mpd=20_thresh=1.0_docnorm=F_tfidf=T.csv
0.22,0.7725,0.0,0.0,0.0,0.0,0.0,400,lists/scandinavian/list.scandinavian.attrib=ig_mpd=12_thresh=0.6_docnorm=F_tfidf=T.csv
0.4,0.5925,0.0,0.0025,0.0025,0.0025,0.0025,400,lists/scandinavian/list.scandinavian.attrib=ig_mpd=2_thresh=0.9_docnorm=T_tfidf=F.csv
0.2875,0.705,0.0,0.0,0.0,0.0,0.0,400,lists/scandinavian/list.scandinavian.attrib=lime_mpd=17_thresh=0.2_docnorm=F_tfidf=F.csv
0.435,0.5525,0.0,0.005,0.005,0.005,0.005,400,lists/scandinavian/list.scandinavian.attrib=loo_mpd=11_thresh=0.5_docnorm=F_tfidf=T.csv
0.6075,0.28,0.0,0.0,0.0,0.0025,0.095,400,lists/scandinavian/list.scandinavian.attrib=lime_mpd=12_thresh=0.4_docnorm=T_tfidf=F.csv
0.5675,0.3,0.0,0.0025,0.0025,0.0025,0.085,400,lists/scandinavian/list.scandinavian.attrib=ig_mpd=10_thresh=0.4_docnorm=T_tfidf=T.csv
0.6075,0.2625,0.0,0.0,0.0175,0.1925,0.3525,400,lists/scandinavian/list.scandinavian.attrib=lime_mpd=9_thresh=0.3_docnorm=T_tfidf=T.csv
0.33,0.6625,0.0,0.0,0.0,0.0,0.0,400,lists/scandinavian/list.scandinavian.attrib=lime_mpd=19_thresh=0.5_docnorm=F_tfidf=T.csv
0.315,0.675,0.0,0.005,0.005,0.005,0.005,400,lists/scandinavian/list.scandinavian.attrib=shap_mpd=9_thresh=0.3_docnorm=F_tfidf=F.csv
0.6675,0.2725,0.0,0.0,0.0,0.0,0.0,400,lists/scandinavian/list.scandinavian.attrib=shap_mpd=17_thresh=0.5_docnorm=T_tfidf=T.csv
0.285,0.7075,0.0,0.0,0.0,0.0,0.0,400,lists/scandinavian/list.scandinavian.attrib=lime_mpd=16_thresh=0.3_docnorm=F_tfidf=F.csv
0.395,0.0825,0.78,0.9225,0.955,0.9725,0.9825,400,lists/scandinavian/list.scandinavian.attrib=ig_mpd=8_thresh=0.1_docnorm=T_tfidf=F.csv
0.61,0.34,0.0,0.0025,0.0025,0.0025,0.0025,400,lists/scandinavian/list.scandinavian.attrib=ig_mpd=13_thresh=0.7_docnorm=T_tfidf=T.csv
0.48104956268221577,0.5131195335276968,0.0,0.0029154518950437317,0.0029154518950437317,0.0029154518950437317,0.0029154518950437317,343,lists/scandinavian/list.scandinavian.attrib=shap_mpd=2_thresh=1.0_docnorm=T_tfidf=T.csv
0.3175,0.675,0.0,0.005,0.005,0.005,0.005,400,lists/scandinavian/list.scandinavian.attrib=shap_mpd=5_thresh=0.7_docnorm=F_tfidf=F.csv
0.44,0.5375,0.0,0.0075,0.0125,0.015,0.0175,400,lists/scandinavian/list.scandinavian.attrib=loo_mpd=9_thresh=0.1_docnorm=F_tfidf=T.csv
0.415,0.1325,0.7275,0.8825,0.9275,0.96,0.9675,400,lists/scandinavian/list.scandinavian.attrib=ig_mpd=19_thresh=0.1_docnorm=T_tfidf=T.csv
0.5625,0.4175,0.0,0.0,0.0,0.0,0.0,400,lists/scandinavian/list.scandinavian.attrib=lime_mpd=13_thresh=0.9_docnorm=T_tfidf=F.csv
0.36,0.6325,0.0,0.0,0.0,0.0,0.0,400,lists/scandinavian/list.scandinavian.attrib=shap_mpd=5_thresh=0.1_docnorm=F_tfidf=T.csv
0.465,0.0875,0.755,0.9075,0.9625,0.98,0.9925,400,lists/scandinavian/list.scandinavian.attrib=lime_mpd=17_thresh=0.1_docnorm=T_tfidf=T.csv
0.175,0.815,0.0,0.0025,0.0025,0.0025,0.0025,400,lists/scandinavian/list.scandinavian.attrib=ig_mpd=11_thresh=0.1_docnorm=F_tfidf=F.csv
0.6225,0.355,0.0,0.0,0.0,0.0,0.0,400,lists/scandinavian/list.scandinavian.attrib=loo_mpd=6_thresh=0.7_docnorm=T_tfidf=F.csv
0.5625,0.3625,0.0,0.0,0.0025,0.025,0.0575,400,lists/scandinavian/list.scandinavian.attrib=loo_mpd=2_thresh=0.3_docnorm=T_tfidf=F.csv
0.54,0.435,0.0,0.0,0.0,0.0,0.0,400,lists/scandinavian/list.scandinavian.attrib=lime_mpd=3_thresh=0.8_docnorm=T_tfidf=F.csv
0.4375,0.545,0.0,0.005,0.005,0.005,0.005,400,lists/scandinavian/list.scandinavian.attrib=loo_mpd=14_thresh=0.3_docnorm=F_tfidf=T.csv
0.5675,0.38,0.0,0.0025,0.0025,0.0025,0.0025,400,lists/scandinavian/list.scandinavian.attrib=ig_mpd=9_thresh=0.8_docnorm=T_tfidf=T.csv
0.21,0.7725,0.0,0.0,0.0,0.0,0.0,400,lists/scandinavian/list.scandinavian.attrib=ig_mpd=17_thresh=1.0_docnorm=F_tfidf=T.csv
0.4,0.585,0.0,0.005,0.005,0.005,0.005,400,lists/scandinavian/list.scandinavian.attrib=loo_mpd=16_thresh=0.9_docnorm=F_tfidf=T.csv
0.62,0.245,0.0,0.0,0.015,0.1575,0.3125,400,lists/scandinavian/list.scandinavian.attrib=shap_mpd=10_thresh=0.3_docnorm=T_tfidf=T.csv
0.395,0.59,0.0,0.005,0.005,0.005,0.005,400,lists/scandinavian/list.scandinavian.attrib=loo_mpd=10_thresh=0.9_docnorm=F_tfidf=T.csv
0.5275,0.2425,0.0,0.14,0.445,0.6025,0.7025,400,lists/scandinavian/list.scandinavian.attrib=loo_mpd=11_thresh=0.2_docnorm=T_tfidf=F.csv
0.195,0.79,0.0,0.0025,0.0025,0.0025,0.0025,400,lists/scandinavian/list.scandinavian.attrib=ig_mpd=19_thresh=0.1_docnorm=F_tfidf=F.csv
0.43,0.5575,0.0,0.005,0.005,0.005,0.005,400,lists/scandinavian/list.scandinavian.attrib=loo_mpd=8_thresh=0.6_docnorm=F_tfidf=T.csv
0.565,0.415,0.0,0.0,0.0,0.0,0.0,400,lists/scandinavian/list.scandinavian.attrib=loo_mpd=20_thresh=0.9_docnorm=T_tfidf=T.csv
0.2875,0.705,0.0,0.0,0.0,0.0,0.0,400,lists/scandinavian/list.scandinavian.attrib=lime_mpd=20_thresh=0.8_docnorm=F_tfidf=F.csv
0.6175,0.3575,0.0,0.0,0.0,0.0,0.0,400,lists/scandinavian/list.scandinavian.attrib=lime_mpd=12_thresh=0.8_docnorm=T_tfidf=F.csv
0.545,0.1975,0.0,0.2025,0.4825,0.6325,0.7175,400,lists/scandinavian/list.scandinavian.attrib=shap_mpd=14_thresh=0.2_docnorm=T_tfidf=T.csv
0.54,0.285,0.0,0.0,0.015,0.155,0.29,400,lists/scandinavian/list.scandinavian.attrib=ig_mpd=6_thresh=0.3_docnorm=T_tfidf=T.csv
0.36,0.635,0.0,0.0,0.0,0.0,0.0,400,lists/scandinavian/list.scandinavian.attrib=shap_mpd=13_thresh=0.6_docnorm=F_tfidf=T.csv
0.4825,0.5075,0.0,0.0,0.0,0.0,0.0,400,lists/scandinavian/list.scandinavian.attrib=shap_mpd=1_thresh=0.6_docnorm=F_tfidf=T.csv
0.3475,0.64,0.0,0.005,0.005,0.005,0.005,400,lists/scandinavian/list.scandinavian.attrib=loo_mpd=13_thresh=0.7_docnorm=F_tfidf=F.csv
0.44,0.5425,0.0,0.005,0.005,0.005,0.0075,400,lists/scandinavian/list.scandinavian.attrib=loo_mpd=15_thresh=0.3_docnorm=F_tfidf=T.csv
0.315,0.675,0.0,0.0025,0.0025,0.0025,0.0025,400,lists/scandinavian/list.scandinavian.attrib=shap_mpd=10_thresh=0.5_docnorm=F_tfidf=F.csv
0.5375,0.45,0.0,0.0,0.0,0.0,0.0,400,lists/scandinavian/list.scandinavian.attrib=shap_mpd=10_thresh=1.0_docnorm=T_tfidf=T.csv
0.3175,0.675,0.0,0.0025,0.0025,0.0025,0.0025,400,lists/scandinavian/list.scandinavian.attrib=shap_mpd=14_thresh=1.0_docnorm=F_tfidf=F.csv
0.62,0.3475,0.0,0.0,0.0,0.0,0.0,400,lists/scandinavian/list.scandinavian.attrib=loo_mpd=12_thresh=0.6_docnorm=T_tfidf=F.csv
0.62,0.36,0.0,0.0025,0.0025,0.0025,0.0025,400,lists/scandinavian/list.scandinavian.attrib=loo_mpd=9_thresh=0.7_docnorm=T_tfidf=T.csv
0.4425,0.535,0.0,0.0075,0.0125,0.015,0.0175,400,lists/scandinavian/list.scandinavian.attrib=loo_mpd=5_thresh=0.1_docnorm=F_tfidf=T.csv
0.425,0.56,0.0,0.005,0.005,0.005,0.005,400,lists/scandinavian/list.scandinavian.attrib=loo_mpd=11_thresh=0.7_docnorm=F_tfidf=T.csv
0.49,0.5,0.0,0.0,0.0,0.0,0.0,400,lists/scandinavian/list.scandinavian.attrib=shap_mpd=1_thresh=0.4_docnorm=F_tfidf=T.csv
0.5725,0.3225,0.0,0.0025,0.0025,0.0025,0.075,400,lists/scandinavian/list.scandinavian.attrib=loo_mpd=16_thresh=0.4_docnorm=T_tfidf=T.csv
0.22,0.7725,0.0,0.0,0.0,0.0,0.0,400,lists/scandinavian/list.scandinavian.attrib=ig_mpd=3_thresh=0.3_docnorm=F_tfidf=T.csv
0.6275,0.335,0.0,0.0,0.0,0.0,0.0,400,lists/scandinavian/list.scandinavian.attrib=loo_mpd=12_thresh=0.6_docnorm=T_tfidf=T.csv
0.355,0.6375,0.0,0.0,0.0,0.0,0.0,400,lists/scandinavian/list.scandinavian.attrib=shap_mpd=19_thresh=0.1_docnorm=F_tfidf=T.csv
0.2225,0.7675,0.0,0.0,0.0,0.0,0.0,400,lists/scandinavian/list.scandinavian.attrib=ig_mpd=16_thresh=0.4_docnorm=F_tfidf=T.csv
0.4825,0.12,0.6275,0.8075,0.905,0.935,0.9575,400,lists/scandinavian/list.scandinavian.attrib=lime_mpd=2_thresh=0.1_docnorm=T_tfidf=T.csv
0.5925,0.3325,0.0,0.0,0.0,0.0,0.0,400,lists/scandinavian/list.scandinavian.attrib=ig_mpd=18_thresh=0.5_docnorm=T_tfidf=T.csv
0.4575,0.53,0.0,0.0,0.0,0.0,0.0025,400,lists/scandinavian/list.scandinavian.attrib=lime_mpd=1_thresh=0.1_docnorm=F_tfidf=T.csv
0.6,0.3425,0.0,0.0025,0.0025,0.0025,0.0025,400,lists/scandinavian/list.scandinavian.attrib=ig_mpd=10_thresh=0.7_docnorm=T_tfidf=F.csv
0.505,0.245,0.0,0.175,0.505,0.6575,0.7625,400,lists/scandinavian/list.scandinavian.attrib=loo_mpd=15_thresh=0.2_docnorm=T_tfidf=F.csv
0.5975,0.33,0.0,0.0,0.0,0.0,0.0,400,lists/scandinavian/list.scandinavian.attrib=ig_mpd=20_thresh=0.5_docnorm=T_tfidf=T.csv
0.5325,0.4575,0.0,0.0,0.0,0.0,0.0,400,lists/scandinavian/list.scandinavian.attrib=shap_mpd=9_thresh=1.0_docnorm=T_tfidf=T.csv
0.355,0.6375,0.0,0.0,0.0,0.0,0.0,400,lists/scandinavian/list.scandinavian.attrib=shap_mpd=15_thresh=0.3_docnorm=F_tfidf=T.csv
0.4925,0.245,0.0,0.1975,0.4775,0.6225,0.705,400,lists/scandinavian/list.scandinavian.attrib=ig_mpd=10_thresh=0.2_docnorm=T_tfidf=T.csv
0.595,0.39,0.0,0.0,0.0,0.0,0.0,400,lists/scandinavian/list.scandinavian.attrib=lime_mpd=15_thresh=0.9_docnorm=T_tfidf=T.csv
0.315,0.675,0.0,0.0025,0.0025,0.0025,0.0025,400,lists/scandinavian/list.scandinavian.attrib=shap_mpd=12_thresh=0.5_docnorm=F_tfidf=F.csv
0.55,0.4325,0.0,0.0,0.0,0.0,0.0,400,lists/scandinavian/list.scandinavian.attrib=loo_mpd=13_thresh=0.9_docnorm=T_tfidf=F.csv
0.225,0.765,0.0,0.0,0.0,0.0,0.0,400,lists/scandinavian/list.scandinavian.attrib=ig_mpd=19_thresh=0.5_docnorm=F_tfidf=T.csv
0.17,0.8275,0.0,0.0025,0.0025,0.0025,0.0025,400,lists/scandinavian/list.scandinavian.attrib=ig_mpd=7_thresh=1.0_docnorm=F_tfidf=F.csv
0.6475,0.29,0.0,0.0,0.0,0.0025,0.0025,400,lists/scandinavian/list.scandinavian.attrib=lime_mpd=13_thresh=0.5_docnorm=T_tfidf=F.csv
0.4725,0.0825,0.715,0.9125,0.965,0.99,0.995,400,lists/scandinavian/list.scandinavian.attrib=shap_mpd=19_thresh=0.1_docnorm=T_tfidf=T.csv
0.2825,0.71,0.0,0.0,0.0,0.0,0.0,400,lists/scandinavian/list.scandinavian.attrib=lime_mpd=11_thresh=0.8_docnorm=F_tfidf=F.csv
0.4425,0.5425,0.0,0.005,0.005,0.005,0.005,400,lists/scandinavian/list.scandinavian.attrib=loo_mpd=3_thresh=0.5_docnorm=F_tfidf=T.csv
0.4325,0.555,0.0,0.005,0.005,0.005,0.005,400,lists/scandinavian/list.scandinavian.attrib=loo_mpd=11_thresh=0.6_docnorm=F_tfidf=T.csv
0.5275,0.245,0.0,0.135,0.3975,0.565,0.6575,400,lists/scandinavian/list.scandinavian.attrib=loo_mpd=13_thresh=0.2_docnorm=T_tfidf=T.csv
0.4675,0.5075,0.0,0.0,0.0,0.0,0.0,400,lists/scandinavian/list.scandinavian.attrib=lime_mpd=3_thresh=0.9_docnorm=T_tfidf=F.csv
0.6425,0.33,0.0,0.0,0.0,0.0,0.0,400,lists/scandinavian/list.scandinavian.attrib=lime_mpd=12_thresh=0.7_docnorm=T_tfidf=T.csv
0.3575,0.62,0.0,0.0,0.0,0.0,0.0,400,lists/scandinavian/list.scandinavian.attrib=ig_mpd=17_thresh=1.0_docnorm=T_tfidf=F.csv
0.6025,0.375,0.0,0.0,0.0,0.0,0.0,400,lists/scandinavian/list.scandinavian.attrib=loo_mpd=8_thresh=0.8_docnorm=T_tfidf=T.csv
0.2175,0.775,0.0,0.0,0.0,0.0,0.0,400,lists/scandinavian/list.scandinavian.attrib=ig_mpd=4_thresh=0.2_docnorm=F_tfidf=T.csv
0.3575,0.6375,0.0,0.0,0.0,0.0,0.0,400,lists/scandinavian/list.scandinavian.attrib=shap_mpd=10_thresh=0.7_docnorm=F_tfidf=T.csv
0.375,0.615,0.0,0.0025,0.0025,0.0025,0.0025,400,lists/scandinavian/list.scandinavian.attrib=shap_mpd=3_thresh=0.4_docnorm=F_tfidf=T.csv
0.59,0.39,0.0,0.0,0.0,0.0,0.0,400,lists/scandinavian/list.scandinavian.attrib=shap_mpd=7_thresh=0.9_docnorm=T_tfidf=T.csv
0.44,0.5425,0.0,0.005,0.005,0.005,0.0075,400,lists/scandinavian/list.scandinavian.attrib=loo_mpd=16_thresh=0.3_docnorm=F_tfidf=T.csv
0.615,0.3575,0.0,0.0,0.0,0.0,0.0,400,lists/scandinavian/list.scandinavian.attrib=lime_mpd=14_thresh=0.8_docnorm=T_tfidf=F.csv
0.2825,0.71,0.0,0.0,0.0,0.0,0.0,400,lists/scandinavian/list.scandinavian.attrib=lime_mpd=6_thresh=0.8_docnorm=F_tfidf=F.csv
0.68,0.2775,0.0,0.0,0.0,0.0,0.0,400,lists/scandinavian/list.scandinavian.attrib=shap_mpd=11_thresh=0.6_docnorm=T_tfidf=F.csv
0.33,0.6575,0.0,0.0,0.0,0.0,0.0,400,lists/scandinavian/list.scandinavian.attrib=lime_mpd=4_thresh=1.0_docnorm=F_tfidf=T.csv
0.63,0.265,0.0,0.0025,0.0025,0.0025,0.09,400,lists/scandinavian/list.scandinavian.attrib=shap_mpd=9_thresh=0.4_docnorm=T_tfidf=T.csv
0.5025,0.465,0.0,0.0025,0.0025,0.0025,0.0025,400,lists/scandinavian/list.scandinavian.attrib=ig_mpd=6_thresh=0.9_docnorm=T_tfidf=T.csv
0.6225,0.335,0.0,0.0,0.0,0.0,0.0,400,lists/scandinavian/list.scandinavian.attrib=lime_mpd=4_thresh=0.5_docnorm=T_tfidf=T.csv
0.6025,0.3575,0.0,0.0,0.0,0.0,0.0,400,lists/scandinavian/list.scandinavian.attrib=loo_mpd=5_thresh=0.5_docnorm=T_tfidf=F.csv
0.355,0.6325,0.0,0.005,0.005,0.005,0.0075,400,lists/scandinavian/list.scandinavian.attrib=loo_mpd=4_thresh=0.1_docnorm=F_tfidf=F.csv
0.5425,0.1975,0.0,0.2075,0.4925,0.64,0.725,400,lists/scandinavian/list.scandinavian.attrib=shap_mpd=17_thresh=0.2_docnorm=T_tfidf=T.csv
0.225,0.765,0.0,0.0,0.0,0.0,0.0,400,lists/scandinavian/list.scandinavian.attrib=ig_mpd=19_thresh=0.6_docnorm=F_tfidf=T.csv
0.56,0.2125,0.0,0.14,0.41,0.5525,0.635,400,lists/scandinavian/list.scandinavian.attrib=shap_mpd=5_thresh=0.2_docnorm=T_tfidf=T.csv
0.43626062322946174,0.5609065155807366,0.0,0.0028328611898017,0.0028328611898017,0.0028328611898017,0.0028328611898017,353,lists/scandinavian/list.scandinavian.attrib=shap_mpd=1_thresh=0.9_docnorm=F_tfidf=F.csv
0.1875,0.805,0.0,0.0,0.0,0.0,0.0,400,lists/scandinavian/list.scandinavian.attrib=ig_mpd=4_thresh=0.9_docnorm=F_tfidf=F.csv
0.3475,0.64,0.0,0.005,0.005,0.005,0.005,400,lists/scandinavian/list.scandinavian.attrib=loo_mpd=18_thresh=0.5_docnorm=F_tfidf=F.csv
0.215,0.7775,0.0,0.0,0.0,0.0,0.0,400,lists/scandinavian/list.scandinavian.attrib=ig_mpd=7_thresh=0.2_docnorm=F_tfidf=T.csv
0.605,0.375,0.0,0.0,0.0,0.0,0.0,400,lists/scandinavian/list.scandinavian.attrib=loo_mpd=3_thresh=0.6_docnorm=T_tfidf=F.csv
0.33,0.6625,0.0,0.0,0.0,0.0,0.0,400,lists/scandinavian/list.scandinavian.attrib=lime_mpd=15_thresh=0.5_docnorm=F_tfidf=T.csv
0.615,0.2875,0.0,0.0,0.0,0.02,0.05,400,lists/scandinavian/list.scandinavian.attrib=ig_mpd=1_thresh=0.3_docnorm=T_tfidf=F.csv
0.64,0.2025,0.0,0.0,0.0075,0.1625,0.3375,400,lists/scandinavian/list.scandinavian.attrib=shap_mpd=10_thresh=0.3_docnorm=T_tfidf=F.csv
0.4525,0.5325,0.0,0.0,0.0,0.0,0.0,400,lists/scandinavian/list.scandinavian.attrib=lime_mpd=13_thresh=1.0_docnorm=T_tfidf=F.csv
0.3475,0.64,0.0,0.005,0.005,0.005,0.005,400,lists/scandinavian/list.scandinavian.attrib=loo_mpd=18_thresh=0.4_docnorm=F_tfidf=F.csv
0.4375,0.5475,0.0,0.005,0.005,0.005,0.005,400,lists/scandinavian/list.scandinavian.attrib=loo_mpd=6_thresh=0.3_docnorm=F_tfidf=T.csv
0.32,0.67,0.0,0.0,0.0,0.0,0.0,400,lists/scandinavian/list.scandinavian.attrib=lime_mpd=14_thresh=1.0_docnorm=F_tfidf=T.csv
0.63,0.3425,0.0,0.0025,0.0025,0.0025,0.0025,400,lists/scandinavian/list.scandinavian.attrib=loo_mpd=12_thresh=0.7_docnorm=T_tfidf=T.csv
0.4625,0.0875,0.7525,0.905,0.9625,0.98,0.9925,400,lists/scandinavian/list.scandinavian.attrib=lime_mpd=12_thresh=0.1_docnorm=T_tfidf=T.csv
0.35,0.6375,0.0,0.005,0.005,0.005,0.005,400,lists/scandinavian/list.scandinavian.attrib=loo_mpd=12_thresh=0.1_docnorm=F_tfidf=F.csv
0.225,0.765,0.0,0.0,0.0,0.0,0.0,400,lists/scandinavian/list.scandinavian.attrib=ig_mpd=18_thresh=0.7_docnorm=F_tfidf=T.csv
0.66,0.3125,0.0,0.0,0.0,0.0,0.0,400,lists/scandinavian/list.scandinavian.attrib=shap_mpd=20_thresh=0.7_docnorm=T_tfidf=T.csv
0.5525,0.215,0.0,0.175,0.4725,0.64,0.73,400,lists/scandinavian/list.scandinavian.attrib=lime_mpd=7_thresh=0.2_docnorm=T_tfidf=T.csv
0.2225,0.77,0.0,0.0,0.0,0.0,0.0,400,lists/scandinavian/list.scandinavian.attrib=ig_mpd=12_thresh=0.8_docnorm=F_tfidf=T.csv
0.355,0.6375,0.0,0.0,0.0,0.0,0.0,400,lists/scandinavian/list.scandinavian.attrib=shap_mpd=16_thresh=0.4_docnorm=F_tfidf=T.csv
0.195,0.795,0.0,0.0025,0.0025,0.0025,0.0025,400,lists/scandinavian/list.scandinavian.attrib=ig_mpd=3_thresh=0.8_docnorm=F_tfidf=F.csv
0.35,0.6375,0.0,0.005,0.005,0.005,0.005,400,lists/scandinavian/list.scandinavian.attrib=loo_mpd=10_thresh=0.3_docnorm=F_tfidf=F.csv
0.315,0.675,0.0,0.0025,0.0025,0.0025,0.0025,400,lists/scandinavian/list.scandinavian.attrib=shap_mpd=13_thresh=0.9_docnorm=F_tfidf=F.csv
0.4375,0.5475,0.0,0.005,0.005,0.005,0.005,400,lists/scandinavian/list.scandinavian.attrib=loo_mpd=5_thresh=0.3_docnorm=F_tfidf=T.csv
0.625,0.3525,0.0,0.0,0.0,0.0,0.0,400,lists/scandinavian/list.scandinavian.attrib=lime_mpd=15_thresh=0.8_docnorm=T_tfidf=T.csv
0.56,0.3,0.0,0.0,0.015,0.1425,0.295,400,lists/scandinavian/list.scandinavian.attrib=lime_mpd=4_thresh=0.3_docnorm=T_tfidf=F.csv
0.455,0.15,0.6275,0.805,0.8825,0.91,0.94,400,lists/scandinavian/list.scandinavian.attrib=loo_mpd=2_thresh=0.1_docnorm=T_tfidf=F.csv
0.5975,0.3825,0.0,0.0,0.0,0.0,0.0,400,lists/scandinavian/list.scandinavian.attrib=shap_mpd=19_thresh=0.9_docnorm=T_tfidf=F.csv
0.3225,0.6675,0.0,0.0,0.0,0.0,0.0,400,lists/scandinavian/list.scandinavian.attrib=lime_mpd=6_thresh=1.0_docnorm=F_tfidf=T.csv
0.1825,0.8075,0.0,0.0025,0.0025,0.0025,0.0025,400,lists/scandinavian/list.scandinavian.attrib=ig_mpd=13_thresh=0.8_docnorm=F_tfidf=F.csv
0.5775,0.3,0.0,0.0025,0.0025,0.0025,0.095,400,lists/scandinavian/list.scandinavian.attrib=ig_mpd=16_thresh=0.4_docnorm=T_tfidf=T.csv
0.33,0.6625,0.0,0.0,0.0,0.0,0.0,400,lists/scandinavian/list.scandinavian.attrib=lime_mpd=14_thresh=0.1_docnorm=F_tfidf=T.csv
0.285,0.7075,0.0,0.0,0.0,0.0,0.0,400,lists/scandinavian/list.scandinavian.attrib=lime_mpd=12_thresh=0.6_docnorm=F_tfidf=F.csv
0.445,0.54,0.0,0.005,0.005,0.0075,0.01,400,lists/scandinavian/list.scandinavian.attrib=loo_mpd=4_thresh=0.3_docnorm=F_tfidf=T.csv
0.355,0.6375,0.0,0.0,0.0,0.0,0.0,400,lists/scandinavian/list.scandinavian.attrib=shap_mpd=12_thresh=0.1_docnorm=F_tfidf=T.csv
0.3475,0.64,0.0,0.005,0.005,0.005,0.005,400,lists/scandinavian/list.scandinavian.attrib=loo_mpd=18_thresh=0.3_docnorm=F_tfidf=F.csv
0.5225,0.1925,0.0,0.175,0.41,0.5975,0.705,400,lists/scandinavian/list.scandinavian.attrib=ig_mpd=7_thresh=0.2_docnorm=T_tfidf=F.csv
0.225,0.765,0.0,0.0,0.0,0.0,0.0,400,lists/scandinavian/list.scandinavian.attrib=ig_mpd=18_thresh=0.6_docnorm=F_tfidf=T.csv
0.2175,0.775,0.0,0.0,0.0,0.0,0.0,400,lists/scandinavian/list.scandinavian.attrib=ig_mpd=9_thresh=0.7_docnorm=F_tfidf=T.csv
0.66,0.32,0.0,0.0,0.0,0.0,0.0,400,lists/scandinavian/list.scandinavian.attrib=shap_mpd=18_thresh=0.8_docnorm=T_tfidf=F.csv
0.3325,0.6575,0.0,0.0,0.0,0.0,0.0,400,lists/scandinavian/list.scandinavian.attrib=lime_mpd=10_thresh=0.3_docnorm=F_tfidf=T.csv
0.4675,0.095,0.6875,0.8875,0.9475,0.98,0.9925,400,lists/scandinavian/list.scandinavian.attrib=shap_mpd=10_thresh=0.1_docnorm=T_tfidf=T.csv
0.315,0.675,0.0,0.0025,0.0025,0.0025,0.0025,400,lists/scandinavian/list.scandinavian.attrib=shap_mpd=15_thresh=0.5_docnorm=F_tfidf=F.csv
0.315,0.675,0.0,0.0025,0.0025,0.0025,0.0025,400,lists/scandinavian/list.scandinavian.attrib=shap_mpd=12_thresh=0.4_docnorm=F_tfidf=F.csv
0.3325,0.6575,0.0,0.0,0.0,0.0,0.0,400,lists/scandinavian/list.scandinavian.attrib=lime_mpd=9_thresh=0.3_docnorm=F_tfidf=T.csv
0.136986301369863,0.863013698630137,0.0,0.0,0.0,0.0,0.0,146,lists/scandinavian/list.scandinavian.attrib=ig_mpd=1_thresh=1.0_docnorm=F_tfidf=F.csv
0.1925,0.795,0.0,0.0025,0.0025,0.0025,0.0025,400,lists/scandinavian/list.scandinavian.attrib=ig_mpd=20_thresh=1.0_docnorm=F_tfidf=F.csv
0.4275,0.56,0.0,0.005,0.005,0.005,0.005,400,lists/scandinavian/list.scandinavian.attrib=loo_mpd=15_thresh=0.7_docnorm=F_tfidf=T.csv
0.5625,0.3,0.0,0.0,0.005,0.0875,0.19,400,lists/scandinavian/list.scandinavian.attrib=ig_mpd=3_thresh=0.3_docnorm=T_tfidf=T.csv
0.3775,0.62,0.0,0.0025,0.0025,0.0025,0.0025,400,lists/scandinavian/list.scandinavian.attrib=loo_mpd=5_thresh=1.0_docnorm=T_tfidf=T.csv
0.35,0.6375,0.0,0.005,0.005,0.005,0.005,400,lists/scandinavian/list.scandinavian.attrib=loo_mpd=12_thresh=0.3_docnorm=F_tfidf=F.csv
0.365,0.62,0.0,0.005,0.005,0.005,0.005,400,lists/scandinavian/list.scandinavian.attrib=loo_mpd=15_thresh=1.0_docnorm=F_tfidf=T.csv
0.2975,0.69,0.0,0.0,0.0,0.0,0.0,400,lists/scandinavian/list.scandinavian.attrib=ig_mpd=1_thresh=0.4_docnorm=F_tfidf=T.csv
0.46,0.0625,0.7625,0.9325,0.9675,0.9875,0.99,400,lists/scandinavian/list.scandinavian.attrib=shap_mpd=12_thresh=0.1_docnorm=T_tfidf=F.csv
0.435,0.55,0.0,0.005,0.005,0.005,0.005,400,lists/scandinavian/list.scandinavian.attrib=loo_mpd=3_thresh=0.6_docnorm=F_tfidf=T.csv
0.6125,0.3325,0.0,0.0,0.0,0.0,0.0,400,lists/scandinavian/list.scandinavian.attrib=ig_mpd=4_thresh=0.6_docnorm=T_tfidf=F.csv
0.5525,0.43,0.0,0.0025,0.0025,0.0025,0.0025,400,lists/scandinavian/list.scandinavian.attrib=shap_mpd=1_thresh=0.8_docnorm=T_tfidf=T.csv
0.625,0.26,0.0,0.0,0.0,0.0,0.0625,400,lists/scandinavian/list.scandinavian.attrib=ig_mpd=9_thresh=0.4_docnorm=T_tfidf=F.csv
0.315,0.675,0.0,0.0025,0.0025,0.0025,0.0025,400,lists/scandinavian/list.scandinavian.attrib=shap_mpd=20_thresh=0.2_docnorm=F_tfidf=F.csv
0.33,0.6625,0.0,0.0,0.0,0.0,0.0,400,lists/scandinavian/list.scandinavian.attrib=lime_mpd=17_thresh=0.5_docnorm=F_tfidf=T.csv
0.5575,0.3325,0.0,0.0025,0.0025,0.0025,0.0875,400,lists/scandinavian/list.scandinavian.attrib=loo_mpd=20_thresh=0.4_docnorm=T_tfidf=T.csv
0.6625,0.2825,0.0,0.0,0.0,0.0,0.0,400,lists/scandinavian/list.scandinavian.attrib=shap_mpd=11_thresh=0.5_docnorm=T_tfidf=T.csv
0.605,0.34,0.0,0.0,0.0,0.0,0.005,400,lists/scandinavian/list.scandinavian.attrib=loo_mpd=3_thresh=0.4_docnorm=T_tfidf=F.csv
0.315,0.675,0.0,0.0025,0.0025,0.0025,0.0025,400,lists/scandinavian/list.scandinavian.attrib=shap_mpd=17_thresh=0.3_docnorm=F_tfidf=F.csv
0.44,0.085,0.71,0.9075,0.96,0.98,0.99,400,lists/scandinavian/list.scandinavian.attrib=shap_mpd=4_thresh=0.1_docnorm=T_tfidf=F.csv
0.62,0.2425,0.0,0.0,0.015,0.16,0.315,400,lists/scandinavian/list.scandinavian.attrib=shap_mpd=11_thresh=0.3_docnorm=T_tfidf=T.csv
0.1725,0.8175,0.0,0.0025,0.0025,0.0025,0.0025,400,lists/scandinavian/list.scandinavian.attrib=ig_mpd=8_thresh=0.1_docnorm=F_tfidf=F.csv
0.605,0.34,0.0,0.0,0.0,0.0,0.0,400,lists/scandinavian/list.scandinavian.attrib=ig_mpd=9_thresh=0.7_docnorm=T_tfidf=T.csv
0.5925,0.3575,0.0,0.0025,0.0025,0.0025,0.0025,400,lists/scandinavian/list.scandinavian.attrib=ig_mpd=5_thresh=0.7_docnorm=T_tfidf=T.csv
0.315,0.675,0.0,0.0025,0.0025,0.0025,0.0025,400,lists/scandinavian/list.scandinavian.attrib=shap_mpd=19_thresh=0.4_docnorm=F_tfidf=F.csv
0.6075,0.37,0.0,0.0,0.0,0.0,0.0,400,lists/scandinavian/list.scandinavian.attrib=shap_mpd=1_thresh=0.6_docnorm=T_tfidf=F.csv
0.52,0.1825,0.0,0.2375,0.4675,0.65,0.74,400,lists/scandinavian/list.scandinavian.attrib=ig_mpd=15_thresh=0.2_docnorm=T_tfidf=F.csv
0.5275,0.4575,0.0,0.0,0.0,0.0,0.0,400,lists/scandinavian/list.scandinavian.attrib=loo_mpd=6_thresh=0.9_docnorm=T_tfidf=T.csv
0.2875,0.705,0.0,0.0,0.0,0.0,0.0,400,lists/scandinavian/list.scandinavian.attrib=lime_mpd=20_thresh=0.3_docnorm=F_tfidf=F.csv
0.35,0.6375,0.0,0.005,0.005,0.005,0.005,400,lists/scandinavian/list.scandinavian.attrib=loo_mpd=10_thresh=0.4_docnorm=F_tfidf=F.csv
0.2875,0.705,0.0,0.0,0.0,0.0,0.0,400,lists/scandinavian/list.scandinavian.attrib=lime_mpd=17_thresh=0.5_docnorm=F_tfidf=F.csv
0.535,0.45,0.0,0.0,0.0,0.0,0.0,400,lists/scandinavian/list.scandinavian.attrib=shap_mpd=18_thresh=1.0_docnorm=T_tfidf=F.csv
0.445,0.5275,0.0,0.0025,0.0025,0.0025,0.0025,400,lists/scandinavian/list.scandinavian.attrib=ig_mpd=4_thresh=0.9_docnorm=T_tfidf=F.csv
0.5375,0.315,0.0,0.0,0.0125,0.16,0.31,400,lists/scandinavian/list.scandinavian.attrib=loo_mpd=14_thresh=0.3_docnorm=T_tfidf=F.csv
0.53,0.4375,0.0,0.0,0.0,0.0,0.0,400,lists/scandinavian/list.scandinavian.attrib=loo_mpd=1_thresh=0.4_docnorm=T_tfidf=F.csv
0.6325,0.2275,0.0,0.0,0.005,0.115,0.2775,400,lists/scandinavian/list.scandinavian.attrib=shap_mpd=4_thresh=0.3_docnorm=T_tfidf=F.csv
0.345,0.6425,0.0,0.005,0.005,0.005,0.005,400,lists/scandinavian/list.scandinavian.attrib=loo_mpd=8_thresh=0.7_docnorm=F_tfidf=F.csv
0.3725,0.615,0.0,0.005,0.005,0.005,0.0075,400,lists/scandinavian/list.scandinavian.attrib=loo_mpd=2_thresh=0.3_docnorm=F_tfidf=F.csv
0.6375,0.325,0.0,0.0,0.0,0.0,0.0,400,lists/scandinavian/list.scandinavian.attrib=lime_mpd=13_thresh=0.6_docnorm=T_tfidf=T.csv
0.645,0.3225,0.0,0.0,0.0,0.0,0.0,400,lists/scandinavian/list.scandinavian.attrib=lime_mpd=14_thresh=0.6_docnorm=T_tfidf=F.csv
0.4325,0.5525,0.0,0.005,0.005,0.005,0.005,400,lists/scandinavian/list.scandinavian.attrib=loo_mpd=12_thresh=0.5_docnorm=F_tfidf=T.csv
0.5475,0.2125,0.0,0.2025,0.51,0.6775,0.76,400,lists/scandinavian/list.scandinavian.attrib=lime_mpd=15_thresh=0.2_docnorm=T_tfidf=T.csv
0.615,0.355,0.0,0.0,0.0,0.0,0.0,400,lists/scandinavian/list.scandinavian.attrib=loo_mpd=7_thresh=0.7_docnorm=T_tfidf=F.csv
0.665,0.31,0.0,0.0,0.0,0.0,0.0,400,lists/scandinavian/list.scandinavian.attrib=shap_mpd=12_thresh=0.8_docnorm=T_tfidf=F.csv
0.22,0.7725,0.0,0.0,0.0,0.0,0.0,400,lists/scandinavian/list.scandinavian.attrib=ig_mpd=12_thresh=0.4_docnorm=F_tfidf=T.csv
0.175,0.815,0.0,0.0025,0.0025,0.0025,0.0025,400,lists/scandinavian/list.scandinavian.attrib=ig_mpd=9_thresh=0.6_docnorm=F_tfidf=F.csv
0.2825,0.71,0.0,0.0,0.0,0.0,0.0,400,lists/scandinavian/list.scandinavian.attrib=lime_mpd=11_thresh=0.5_docnorm=F_tfidf=F.csv
0.315,0.675,0.0,0.0025,0.0025,0.0025,0.0025,400,lists/scandinavian/list.scandinavian.attrib=shap_mpd=15_thresh=0.4_docnorm=F_tfidf=F.csv
0.355,0.6325,0.0,0.005,0.005,0.005,0.0075,400,lists/scandinavian/list.scandinavian.attrib=loo_mpd=4_thresh=0.3_docnorm=F_tfidf=F.csv
0.63,0.345,0.0,0.0,0.0,0.0,0.0,400,lists/scandinavian/list.scandinavian.attrib=shap_mpd=2_thresh=0.7_docnorm=T_tfidf=F.csv
0.2975,0.69,0.0,0.0,0.0,0.0,0.0,400,lists/scandinavian/list.scandinavian.attrib=ig_mpd=1_thresh=0.2_docnorm=F_tfidf=T.csv
0.425,0.56,0.0,0.005,0.005,0.005,0.005,400,lists/scandinavian/list.scandinavian.attrib=loo_mpd=12_thresh=0.7_docnorm=F_tfidf=T.csv
0.505,0.46,0.0,0.0025,0.0025,0.0025,0.0025,400,lists/scandinavian/list.scandinavian.attrib=ig_mpd=7_thresh=0.9_docnorm=T_tfidf=T.csv
0.5525,0.33,0.0,0.0025,0.0025,0.0025,0.0675,400,lists/scandinavian/list.scandinavian.attrib=ig_mpd=7_thresh=0.4_docnorm=T_tfidf=T.csv
0.3175,0.675,0.0,0.0025,0.0025,0.0025,0.0025,400,lists/scandinavian/list.scandinavian.attrib=shap_mpd=15_thresh=1.0_docnorm=F_tfidf=F.csv
0.3175,0.675,0.0,0.005,0.005,0.005,0.005,400,lists/scandinavian/list.scandinavian.attrib=shap_mpd=5_thresh=0.5_docnorm=F_tfidf=F.csv
0.35,0.6375,0.0,0.005,0.005,0.005,0.005,400,lists/scandinavian/list.scandinavian.attrib=loo_mpd=6_thresh=0.5_docnorm=F_tfidf=F.csv
0.3225,0.67,0.0,0.005,0.005,0.005,0.005,400,lists/scandinavian/list.scandinavian.attrib=shap_mpd=3_thresh=0.3_docnorm=F_tfidf=F.csv
0.525,0.185,0.0,0.185,0.42,0.6125,0.715,400,lists/scandinavian/list.scandinavian.attrib=ig_mpd=8_thresh=0.2_docnorm=T_tfidf=F.csv
0.6725,0.3025,0.0,0.0,0.0,0.0,0.0,400,lists/scandinavian/list.scandinavian.attrib=shap_mpd=17_thresh=0.7_docnorm=T_tfidf=F.csv
0.56,0.175,0.0,0.1325,0.37,0.565,0.67,400,lists/scandinavian/list.scandinavian.attrib=ig_mpd=5_thresh=0.2_docnorm=T_tfidf=F.csv
0.35,0.6375,0.0,0.005,0.005,0.005,0.005,400,lists/scandinavian/list.scandinavian.attrib=loo_mpd=7_thresh=0.2_docnorm=F_tfidf=F.csv
0.285,0.7075,0.0,0.0,0.0,0.0,0.0,400,lists/scandinavian/list.scandinavian.attrib=lime_mpd=12_thresh=0.5_docnorm=F_tfidf=F.csv
0.315,0.675,0.0,0.0025,0.0025,0.0025,0.0025,400,lists/scandinavian/list.scandinavian.attrib=shap_mpd=18_thresh=0.8_docnorm=F_tfidf=F.csv
0.2825,0.71,0.0,0.0,0.0,0.0,0.0,400,lists/scandinavian/list.scandinavian.attrib=lime_mpd=10_thresh=0.6_docnorm=F_tfidf=F.csv
0.3575,0.635,0.0,0.0025,0.0025,0.0025,0.0025,400,lists/scandinavian/list.scandinavian.attrib=shap_mpd=7_thresh=0.9_docnorm=F_tfidf=T.csv
0.345,0.6425,0.0,0.005,0.005,0.005,0.005,400,lists/scandinavian/list.scandinavian.attrib=loo_mpd=9_thresh=0.7_docnorm=F_tfidf=F.csv
0.33,0.6625,0.0,0.0,0.0,0.0,0.0,400,lists/scandinavian/list.scandinavian.attrib=lime_mpd=18_thresh=0.1_docnorm=F_tfidf=T.csv
0.615,0.3575,0.0,0.0,0.0025,0.0025,0.0025,400,lists/scandinavian/list.scandinavian.attrib=lime_mpd=7_thresh=0.7_docnorm=T_tfidf=F.csv
0.44,0.5375,0.0,0.0075,0.0125,0.015,0.0175,400,lists/scandinavian/list.scandinavian.attrib=loo_mpd=13_thresh=0.1_docnorm=F_tfidf=T.csv
0.3425,0.65,0.0,0.0,0.0,0.0,0.0,400,lists/scandinavian/list.scandinavian.attrib=shap_mpd=13_thresh=1.0_docnorm=F_tfidf=T.csv
0.63,0.2575,0.0,0.0,0.0,0.0,0.1075,400,lists/scandinavian/list.scandinavian.attrib=shap_mpd=18_thresh=0.4_docnorm=T_tfidf=T.csv
0.195,0.79,0.0,0.0025,0.0025,0.0025,0.0025,400,lists/scandinavian/list.scandinavian.attrib=ig_mpd=19_thresh=0.3_docnorm=F_tfidf=F.csv
0.3325,0.6575,0.0,0.0,0.0,0.0,0.0,400,lists/scandinavian/list.scandinavian.attrib=lime_mpd=10_thresh=0.2_docnorm=F_tfidf=T.csv
0.6125,0.36,0.0,0.0,0.0,0.0,0.0,400,lists/scandinavian/list.scandinavian.attrib=loo_mpd=11_thresh=0.8_docnorm=T_tfidf=F.csv
0.1925,0.7975,0.0,0.0025,0.0025,0.0025,0.0025,400,lists/scandinavian/list.scandinavian.attrib=ig_mpd=15_thresh=0.9_docnorm=F_tfidf=F.csv
0.5675,0.325,0.0,0.0025,0.0025,0.0025,0.0825,400,lists/scandinavian/list.scandinavian.attrib=loo_mpd=18_thresh=0.4_docnorm=T_tfidf=T.csv
0.5325,0.4475,0.0,0.0,0.0,0.0,0.0,400,lists/scandinavian/list.scandinavian.attrib=shap_mpd=16_thresh=1.0_docnorm=T_tfidf=T.csv
0.28,0.7125,0.0,0.0,0.0,0.0,0.0,400,lists/scandinavian/list.scandinavian.attrib=lime_mpd=8_thresh=0.2_docnorm=F_tfidf=F.csv
0.5125,0.46,0.0,0.0025,0.0025,0.0025,0.0025,400,lists/scandinavian/list.scandinavian.attrib=ig_mpd=18_thresh=0.9_docnorm=T_tfidf=F.csv
0.285,0.7075,0.0,0.0,0.0,0.0,0.0,400,lists/scandinavian/list.scandinavian.attrib=lime_mpd=16_thresh=0.5_docnorm=F_tfidf=F.csv
0.6125,0.355,0.0,0.0,0.0,0.0,0.0,400,lists/scandinavian/list.scandinavian.attrib=loo_mpd=8_thresh=0.6_docnorm=T_tfidf=F.csv
0.23384615384615384,0.7661538461538462,0.0,0.0,0.0,0.0,0.0,325,lists/scandinavian/list.scandinavian.attrib=ig_mpd=1_thresh=0.9_docnorm=F_tfidf=F.csv
0.5125,0.4775,0.0,0.0,0.0,0.0,0.0,400,lists/scandinavian/list.scandinavian.attrib=shap_mpd=6_thresh=1.0_docnorm=T_tfidf=F.csv
0.33,0.6625,0.0,0.0,0.0,0.0,0.0,400,lists/scandinavian/list.scandinavian.attrib=lime_mpd=14_thresh=0.4_docnorm=F_tfidf=T.csv
0.3325,0.6575,0.0,0.0,0.0,0.0,0.0,400,lists/scandinavian/list.scandinavian.attrib=lime_mpd=7_thresh=0.8_docnorm=F_tfidf=T.csv
0.635,0.31,0.0,0.0,0.0,0.0,0.0,400,lists/scandinavian/list.scandinavian.attrib=lime_mpd=6_thresh=0.5_docnorm=T_tfidf=T.csv
0.35,0.64,0.0,0.0025,0.0025,0.0025,0.0025,400,lists/scandinavian/list.scandinavian.attrib=shap_mpd=2_thresh=0.3_docnorm=F_tfidf=F.csv
0.605,0.215,0.0,0.0,0.015,0.2025,0.375,400,lists/scandinavian/list.scandinavian.attrib=ig_mpd=13_thresh=0.3_docnorm=T_tfidf=F.csv
0.645,0.3275,0.0,0.0,0.0,0.0,0.0,400,lists/scandinavian/list.scandinavian.attrib=shap_mpd=4_thresh=0.7_docnorm=T_tfidf=F.csv
0.5675,0.3375,0.0,0.0,0.0,0.0,0.0725,400,lists/scandinavian/list.scandinavian.attrib=loo_mpd=18_thresh=0.4_docnorm=T_tfidf=F.csv
0.6025,0.34,0.0,0.0025,0.0025,0.0025,0.0025,400,lists/scandinavian/list.scandinavian.attrib=ig_mpd=9_thresh=0.7_docnorm=T_tfidf=F.csv
0.66,0.3125,0.0,0.0,0.0,0.0,0.0,400,lists/scandinavian/list.scandinavian.attrib=shap_mpd=17_thresh=0.7_docnorm=T_tfidf=T.csv
0.6,0.3775,0.0,0.0,0.0,0.0,0.0,400,lists/scandinavian/list.scandinavian.attrib=shap_mpd=17_thresh=0.9_docnorm=T_tfidf=T.csv
0.63,0.3475,0.0,0.0,0.0,0.0,0.0,400,lists/scandinavian/list.scandinavian.attrib=lime_mpd=19_thresh=0.8_docnorm=T_tfidf=T.csv
0.345,0.6475,0.0,0.0025,0.0025,0.0025,0.0025,400,lists/scandinavian/list.scandinavian.attrib=shap_mpd=7_thresh=1.0_docnorm=F_tfidf=T.csv
0.415,0.1325,0.7275,0.8825,0.9275,0.96,0.9675,400,lists/scandinavian/list.scandinavian.attrib=ig_mpd=17_thresh=0.1_docnorm=T_tfidf=T.csv
0.45,0.0725,0.745,0.925,0.9675,0.985,0.99,400,lists/scandinavian/list.scandinavian.attrib=shap_mpd=7_thresh=0.1_docnorm=T_tfidf=F.csv
0.6375,0.33,0.0,0.0,0.0,0.0,0.0,400,lists/scandinavian/list.scandinavian.attrib=lime_mpd=11_thresh=0.6_docnorm=T_tfidf=F.csv
0.3175,0.675,0.0,0.0025,0.0025,0.0025,0.0025,400,lists/scandinavian/list.scandinavian.attrib=shap_mpd=11_thresh=1.0_docnorm=F_tfidf=F.csv
0.3325,0.66,0.0,0.0,0.0,0.0,0.0,400,lists/scandinavian/list.scandinavian.attrib=lime_mpd=11_thresh=0.8_docnorm=F_tfidf=T.csv
0.5075,0.435,0.0,0.0,0.0025,0.02,0.0425,400,lists/scandinavian/list.scandinavian.attrib=lime_mpd=1_thresh=0.3_docnorm=T_tfidf=F.csv
0.2,0.7875,0.0,0.0025,0.0025,0.0025,0.0025,400,lists/scandinavian/list.scandinavian.attrib=ig_mpd=2_thresh=0.6_docnorm=F_tfidf=F.csv
0.5775,0.4,0.0,0.0,0.0,0.0,0.0,400,lists/scandinavian/list.scandinavian.attrib=shap_mpd=2_thresh=0.8_docnorm=T_tfidf=F.csv
0.6075,0.28,0.0,0.0,0.0,0.0025,0.0975,400,lists/scandinavian/list.scandinavian.attrib=lime_mpd=13_thresh=0.4_docnorm=T_tfidf=F.csv
0.35,0.64,0.0,0.0025,0.0025,0.0025,0.0025,400,lists/scandinavian/list.scandinavian.attrib=shap_mpd=2_thresh=0.1_docnorm=F_tfidf=F.csv
0.665,0.28,0.0,0.0,0.0,0.0,0.0,400,lists/scandinavian/list.scandinavian.attrib=shap_mpd=7_thresh=0.5_docnorm=T_tfidf=F.csv
0.4525,0.535,0.0,0.0,0.0,0.0,0.0,400,lists/scandinavian/list.scandinavian.attrib=lime_mpd=4_thresh=1.0_docnorm=T_tfidf=T.csv
0.575,0.305,0.0,0.0025,0.0025,0.0025,0.09,400,lists/scandinavian/list.scandinavian.attrib=ig_mpd=14_thresh=0.4_docnorm=T_tfidf=T.csv
0.585,0.3925,0.0,0.0,0.0,0.0,0.0,400,lists/scandinavian/list.scandinavian.attrib=lime_mpd=6_thresh=0.8_docnorm=T_tfidf=F.csv
0.55,0.34,0.0,0.0,0.0025,0.085,0.18,400,lists/scandinavian/list.scandinavian.attrib=loo_mpd=6_thresh=0.3_docnorm=T_tfidf=F.csv
0.6175,0.3175,0.0,0.0,0.0,0.0,0.0,400,lists/scandinavian/list.scandinavian.attrib=ig_mpd=3_thresh=0.5_docnorm=T_tfidf=F.csv
0.3525,0.64,0.0,0.0,0.0,0.0,0.0,400,lists/scandinavian/list.scandinavian.attrib=lime_mpd=2_thresh=0.5_docnorm=F_tfidf=F.csv
0.315,0.675,0.0,0.0025,0.0025,0.0025,0.0025,400,lists/scandinavian/list.scandinavian.attrib=shap_mpd=15_thresh=0.6_docnorm=F_tfidf=F.csv
0.5975,0.38,0.0,0.0,0.0,0.0,0.0,400,lists/scandinavian/list.scandinavian.attrib=shap_mpd=20_thresh=0.9_docnorm=T_tfidf=T.csv
0.3175,0.675,0.0,0.005,0.005,0.005,0.005,400,lists/scandinavian/list.scandinavian.attrib=shap_mpd=5_thresh=0.8_docnorm=F_tfidf=F.csv
0.67,0.305,0.0,0.0,0.0,0.0,0.0,400,lists/scandinavian/list.scandinavian.attrib=shap_mpd=12_thresh=0.7_docnorm=T_tfidf=F.csv
0.215,0.7775,0.0,0.0,0.0,0.0,0.0,400,lists/scandinavian/list.scandinavian.attrib=ig_mpd=8_thresh=0.2_docnorm=F_tfidf=T.csv
0.295,0.69,0.0,0.0025,0.0025,0.0025,0.0025,400,lists/scandinavian/list.scandinavian.attrib=ig_mpd=1_thresh=0.1_docnorm=F_tfidf=T.csv
0.315,0.675,0.0,0.005,0.005,0.005,0.005,400,lists/scandinavian/list.scandinavian.attrib=shap_mpd=7_thresh=0.9_docnorm=F_tfidf=F.csv
0.2825,0.71,0.0,0.0,0.0,0.0,0.0,400,lists/scandinavian/list.scandinavian.attrib=lime_mpd=6_thresh=0.7_docnorm=F_tfidf=F.csv
0.61,0.33,0.0,0.0,0.0,0.0,0.0,400,lists/scandinavian/list.scandinavian.attrib=ig_mpd=15_thresh=0.6_docnorm=T_tfidf=T.csv
0.4525,0.525,0.0,0.0075,0.0125,0.015,0.0225,400,lists/scandinavian/list.scandinavian.attrib=loo_mpd=3_thresh=0.1_docnorm=F_tfidf=T.csv
0.585,0.3225,0.0,0.0025,0.0025,0.0025,0.0575,400,lists/scandinavian/list.scandinavian.attrib=loo_mpd=12_thresh=0.4_docnorm=T_tfidf=T.csv
0.6,0.32,0.0,0.0,0.0,0.0,0.0525,400,lists/scandinavian/list.scandinavian.attrib=loo_mpd=12_thresh=0.4_docnorm=T_tfidf=F.csv
0.45,0.1075,0.7575,0.915,0.95,0.975,0.985,400,lists/scandinavian/list.scandinavian.attrib=loo_mpd=10_thresh=0.1_docnorm=T_tfidf=F.csv
0.3325,0.6575,0.0,0.0,0.0,0.0,0.0,400,lists/scandinavian/list.scandinavian.attrib=lime_mpd=7_thresh=0.1_docnorm=F_tfidf=T.csv
0.4725,0.1575,0.5825,0.77,0.8725,0.895,0.9125,400,lists/scandinavian/list.scandinavian.attrib=lime_mpd=1_thresh=0.1_docnorm=T_tfidf=F.csv
0.56,0.3975,0.0,0.0025,0.0025,0.0025,0.0025,400,lists/scandinavian/list.scandinavian.attrib=ig_mpd=13_thresh=0.8_docnorm=T_tfidf=F.csv
0.35,0.64,0.0,0.0025,0.0025,0.0025,0.0025,400,lists/scandinavian/list.scandinavian.attrib=shap_mpd=2_thresh=0.7_docnorm=F_tfidf=F.csv
0.565,0.39,0.0,0.0025,0.0025,0.0025,0.0025,400,lists/scandinavian/list.scandinavian.attrib=ig_mpd=6_thresh=0.8_docnorm=T_tfidf=F.csv
0.285,0.7075,0.0,0.0,0.0,0.0,0.0,400,lists/scandinavian/list.scandinavian.attrib=lime_mpd=12_thresh=0.2_docnorm=F_tfidf=F.csv
0.315,0.675,0.0,0.0025,0.0025,0.0025,0.0025,400,lists/scandinavian/list.scandinavian.attrib=shap_mpd=14_thresh=0.1_docnorm=F_tfidf=F.csv
0.56,0.3225,0.0,0.0025,0.005,0.075,0.175,400,lists/scandinavian/list.scandinavian.attrib=loo_mpd=5_thresh=0.3_docnorm=T_tfidf=T.csv
0.6775,0.2775,0.0,0.0,0.0,0.0,0.0,400,lists/scandinavian/list.scandinavian.attrib=shap_mpd=14_thresh=0.6_docnorm=T_tfidf=F.csv
0.3725,0.615,0.0,0.005,0.005,0.005,0.0075,400,lists/scandinavian/list.scandinavian.attrib=loo_mpd=2_thresh=0.1_docnorm=F_tfidf=F.csv
0.45,0.54,0.0,0.0025,0.0025,0.0075,0.01,400,lists/scandinavian/list.scandinavian.attrib=loo_mpd=2_thresh=0.3_docnorm=F_tfidf=T.csv
0.5875,0.3375,0.0,0.0,0.0,0.0,0.0275,400,lists/scandinavian/list.scandinavian.attrib=loo_mpd=8_thresh=0.4_docnorm=T_tfidf=F.csv
0.56,0.1825,0.0,0.24,0.54,0.6675,0.76,400,lists/scandinavian/list.scandinavian.attrib=shap_mpd=12_thresh=0.2_docnorm=T_tfidf=F.csv
0.28,0.7125,0.0,0.0,0.0,0.0,0.0,400,lists/scandinavian/list.scandinavian.attrib=lime_mpd=9_thresh=0.6_docnorm=F_tfidf=F.csv
0.615,0.2525,0.0,0.0,0.0,0.0,0.0775,400,lists/scandinavian/list.scandinavian.attrib=ig_mpd=18_thresh=0.4_docnorm=T_tfidf=F.csv
0.625,0.3225,0.0,0.0,0.0,0.0,0.0,400,lists/scandinavian/list.scandinavian.attrib=ig_mpd=15_thresh=0.6_docnorm=T_tfidf=F.csv
0.44,0.545,0.0,0.005,0.005,0.005,0.005,400,lists/scandinavian/list.scandinavian.attrib=loo_mpd=2_thresh=0.6_docnorm=F_tfidf=T.csv
0.355,0.6375,0.0,0.0,0.0,0.0,0.0,400,lists/scandinavian/list.scandinavian.attrib=shap_mpd=13_thresh=0.3_docnorm=F_tfidf=T.csv
0.5475,0.32,0.0,0.0,0.0075,0.1275,0.255,400,lists/scandinavian/list.scandinavian.attrib=loo_mpd=10_thresh=0.3_docnorm=T_tfidf=F.csv
0.195,0.795,0.0,0.0025,0.0025,0.0025,0.0025,400,lists/scandinavian/list.scandinavian.attrib=ig_mpd=3_thresh=0.5_docnorm=F_tfidf=F.csv
0.2825,0.71,0.0,0.0,0.0,0.0,0.0,400,lists/scandinavian/list.scandinavian.attrib=lime_mpd=7_thresh=0.8_docnorm=F_tfidf=F.csv
0.5575,0.185,0.0,0.235,0.54,0.6725,0.7675,400,lists/scandinavian/list.scandinavian.attrib=shap_mpd=11_thresh=0.2_docnorm=T_tfidf=F.csv
0.3475,0.64,0.0,0.005,0.005,0.005,0.005,400,lists/scandinavian/list.scandinavian.attrib=loo_mpd=9_thresh=0.1_docnorm=F_tfidf=F.csv
0.4675,0.5125,0.0,0.0,0.0,0.0,0.0,400,lists/scandinavian/list.scandinavian.attrib=lime_mpd=12_thresh=1.0_docnorm=T_tfidf=T.csv
0.2825,0.71,0.0,0.0,0.0,0.0,0.0,400,lists/scandinavian/list.scandinavian.attrib=lime_mpd=10_thresh=0.1_docnorm=F_tfidf=F.csv
0.475,0.235,0.2475,0.445,0.5525,0.6175,0.6675,400,lists/scandinavian/list.scandinavian.attrib=ig_mpd=1_thresh=0.1_docnorm=T_tfidf=T.csv
0.545,0.3075,0.0,0.0,0.0125,0.1725,0.3325,400,lists/scandinavian/list.scandinavian.attrib=loo_mpd=17_thresh=0.3_docnorm=T_tfidf=F.csv
0.2717391304347826,0.7228260869565217,0.0,0.0,0.0,0.0,0.0,368,lists/scandinavian/list.scandinavian.attrib=ig_mpd=1_thresh=0.8_docnorm=F_tfidf=T.csv
0.1725,0.8175,0.0,0.0025,0.0025,0.0025,0.0025,400,lists/scandinavian/list.scandinavian.attrib=ig_mpd=8_thresh=0.5_docnorm=F_tfidf=F.csv
0.355,0.6375,0.0,0.0,0.0,0.0,0.0,400,lists/scandinavian/list.scandinavian.attrib=shap_mpd=13_thresh=0.4_docnorm=F_tfidf=T.csv
0.32,0.67,0.0,0.0,0.0,0.0,0.0,400,lists/scandinavian/list.scandinavian.attrib=lime_mpd=15_thresh=1.0_docnorm=F_tfidf=T.csv
0.6525,0.25,0.0,0.0025,0.0025,0.0025,0.0775,400,lists/scandinavian/list.scandinavian.attrib=shap_mpd=6_thresh=0.4_docnorm=T_tfidf=F.csv
0.5175,0.47,0.0,0.0,0.0,0.0,0.0,400,lists/scandinavian/list.scandinavian.attrib=loo_mpd=2_thresh=0.7_docnorm=T_tfidf=F.csv
0.645,0.315,0.0,0.0,0.0,0.0,0.0,400,lists/scandinavian/list.scandinavian.attrib=lime_mpd=20_thresh=0.6_docnorm=T_tfidf=T.csv
0.405,0.585,0.0,0.0,0.0,0.0,0.0,400,lists/scandinavian/list.scandinavian.attrib=lime_mpd=2_thresh=0.6_docnorm=F_tfidf=T.csv
0.5375,0.425,0.0,0.0025,0.0025,0.0025,0.0025,400,lists/scandinavian/list.scandinavian.attrib=ig_mpd=16_thresh=0.9_docnorm=T_tfidf=T.csv
0.5625,0.325,0.0,0.0,0.0,0.0,0.0475,400,lists/scandinavian/list.scandinavian.attrib=ig_mpd=5_thresh=0.4_docnorm=T_tfidf=T.csv
0.595,0.3875,0.0,0.0,0.0,0.0,0.0,400,lists/scandinavian/list.scandinavian.attrib=shap_mpd=18_thresh=0.9_docnorm=T_tfidf=F.csv
0.2875,0.705,0.0,0.0,0.0,0.0,0.0,400,lists/scandinavian/list.scandinavian.attrib=lime_mpd=19_thresh=0.6_docnorm=F_tfidf=F.csv
0.225,0.765,0.0,0.0,0.0,0.0,0.0,400,lists/scandinavian/list.scandinavian.attrib=ig_mpd=19_thresh=0.4_docnorm=F_tfidf=T.csv
0.3325,0.66,0.0,0.0,0.0,0.0,0.0,400,lists/scandinavian/list.scandinavian.attrib=lime_mpd=13_thresh=0.8_docnorm=F_tfidf=T.csv
0.315,0.675,0.0,0.0025,0.0025,0.0025,0.0025,400,lists/scandinavian/list.scandinavian.attrib=shap_mpd=20_thresh=0.6_docnorm=F_tfidf=F.csv
0.6525,0.2525,0.0,0.0025,0.0025,0.0025,0.07,400,lists/scandinavian/list.scandinavian.attrib=shap_mpd=5_thresh=0.4_docnorm=T_tfidf=F.csv
0.64,0.2,0.0,0.0,0.01,0.1725,0.3675,400,lists/scandinavian/list.scandinavian.attrib=shap_mpd=20_thresh=0.3_docnorm=T_tfidf=F.csv
0.6075,0.35,0.0,0.0,0.0,0.0,0.0075,400,lists/scandinavian/list.scandinavian.attrib=lime_mpd=2_thresh=0.4_docnorm=T_tfidf=T.csv
0.5525,0.29,0.0,0.0,0.015,0.185,0.3575,400,lists/scandinavian/list.scandinavian.attrib=loo_mpd=20_thresh=0.3_docnorm=T_tfidf=F.csv
0.445,0.1325,0.71,0.8775,0.925,0.9525,0.9625,400,lists/scandinavian/list.scandinavian.attrib=loo_mpd=5_thresh=0.1_docnorm=T_tfidf=F.csv
0.225,0.765,0.0,0.0,0.0,0.0,0.0,400,lists/scandinavian/list.scandinavian.attrib=ig_mpd=15_thresh=0.9_docnorm=F_tfidf=T.csv
0.285,0.7075,0.0,0.0,0.0,0.0,0.0,400,lists/scandinavian/list.scandinavian.attrib=lime_mpd=14_thresh=0.2_docnorm=F_tfidf=F.csv
0.5225,0.46,0.0,0.0,0.0,0.0,0.0,400,lists/scandinavian/list.scandinavian.attrib=shap_mpd=2_thresh=0.9_docnorm=T_tfidf=T.csv
0.46,0.0575,0.765,0.9375,0.9725,0.9925,0.9925,400,lists/scandinavian/list.scandinavian.attrib=shap_mpd=15_thresh=0.1_docnorm=T_tfidf=F.csv
0.565,0.3075,0.0,0.0025,0.0025,0.0025,0.0825,400,lists/scandinavian/list.scandinavian.attrib=ig_mpd=9_thresh=0.4_docnorm=T_tfidf=T.csv
0.6775,0.2975,0.0,0.0,0.0,0.0,0.0,400,lists/scandinavian/list.scandinavian.attrib=shap_mpd=20_thresh=0.7_docnorm=T_tfidf=F.csv
0.315,0.675,0.0,0.0025,0.0025,0.0025,0.0025,400,lists/scandinavian/list.scandinavian.attrib=shap_mpd=11_thresh=0.9_docnorm=F_tfidf=F.csv
0.555,0.2575,0.0,0.0875,0.265,0.4325,0.5325,400,lists/scandinavian/list.scandinavian.attrib=lime_mpd=2_thresh=0.2_docnorm=T_tfidf=T.csv
0.565,0.3375,0.0,0.0,0.0,0.0,0.07,400,lists/scandinavian/list.scandinavian.attrib=loo_mpd=17_thresh=0.4_docnorm=T_tfidf=F.csv
0.51,0.375,0.0,0.03,0.11,0.155,0.1975,400,lists/scandinavian/list.scandinavian.attrib=loo_mpd=1_thresh=0.2_docnorm=T_tfidf=F.csv
0.605,0.3725,0.0,0.0,0.0,0.0,0.0,400,lists/scandinavian/list.scandinavian.attrib=loo_mpd=10_thresh=0.8_docnorm=T_tfidf=T.csv
0.1825,0.8075,0.0,0.0025,0.0025,0.0025,0.0025,400,lists/scandinavian/list.scandinavian.attrib=ig_mpd=14_thresh=0.3_docnorm=F_tfidf=F.csv
0.555,0.295,0.0,0.0,0.01,0.14,0.295,400,lists/scandinavian/list.scandinavian.attrib=loo_mpd=14_thresh=0.3_docnorm=T_tfidf=T.csv
0.605,0.3675,0.0,0.0,0.0,0.0,0.0,400,lists/scandinavian/list.scandinavian.attrib=lime_mpd=4_thresh=0.7_docnorm=T_tfidf=T.csv
0.57,0.3225,0.0,0.0025,0.0025,0.0025,0.0775,400,lists/scandinavian/list.scandinavian.attrib=loo_mpd=17_thresh=0.4_docnorm=T_tfidf=T.csv
0.6675,0.2875,0.0,0.0,0.0,0.0,0.0,400,lists/scandinavian/list.scandinavian.attrib=shap_mpd=4_thresh=0.5_docnorm=T_tfidf=F.csv
0.2825,0.71,0.0,0.0,0.0,0.0,0.0,400,lists/scandinavian/list.scandinavian.attrib=lime_mpd=7_thresh=0.1_docnorm=F_tfidf=F.csv
0.355,0.6375,0.0,0.0,0.0,0.0,0.0,400,lists/scandinavian/list.scandinavian.attrib=shap_mpd=12_thresh=0.3_docnorm=F_tfidf=T.csv
0.36,0.6325,0.0,0.0,0.0,0.0,0.0,400,lists/scandinavian/list.scandinavian.attrib=shap_mpd=5_thresh=0.4_docnorm=F_tfidf=T.csv
0.5975,0.295,0.0,0.0,0.0,0.005,0.08,400,lists/scandinavian/list.scandinavian.attrib=lime_mpd=9_thresh=0.4_docnorm=T_tfidf=T.csv
0.5675,0.2975,0.0,0.0025,0.0025,0.0025,0.085,400,lists/scandinavian/list.scandinavian.attrib=ig_mpd=11_thresh=0.4_docnorm=T_tfidf=T.csv
0.4575,0.0575,0.7675,0.94,0.9725,0.9925,0.9925,400,lists/scandinavian/list.scandinavian.attrib=shap_mpd=19_thresh=0.1_docnorm=T_tfidf=F.csv
0.61,0.28,0.0,0.0,0.0,0.005,0.085,400,lists/scandinavian/list.scandinavian.attrib=lime_mpd=9_thresh=0.4_docnorm=T_tfidf=F.csv
0.3275,0.665,0.0,0.0,0.0,0.0,0.0,400,lists/scandinavian/list.scandinavian.attrib=lime_mpd=19_thresh=0.8_docnorm=F_tfidf=T.csv
0.175,0.815,0.0,0.0025,0.0025,0.0025,0.0025,400,lists/scandinavian/list.scandinavian.attrib=ig_mpd=9_thresh=0.9_docnorm=F_tfidf=F.csv
0.6,0.3825,0.0,0.0,0.0,0.0,0.0,400,lists/scandinavian/list.scandinavian.attrib=shap_mpd=15_thresh=0.9_docnorm=T_tfidf=F.csv
0.6225,0.3225,0.0,0.0,0.0,0.0,0.0,400,lists/scandinavian/list.scandinavian.attrib=ig_mpd=16_thresh=0.6_docnorm=T_tfidf=F.csv
0.68,0.275,0.0,0.0,0.0,0.0,0.0,400,lists/scandinavian/list.scandinavian.attrib=shap_mpd=15_thresh=0.6_docnorm=T_tfidf=F.csv
0.66,0.32,0.0,0.0,0.0,0.0,0.0,400,lists/scandinavian/list.scandinavian.attrib=shap_mpd=20_thresh=0.8_docnorm=T_tfidf=F.csv
0.33,0.6625,0.0,0.0,0.0,0.0,0.0,400,lists/scandinavian/list.scandinavian.attrib=lime_mpd=16_thresh=0.8_docnorm=F_tfidf=T.csv
0.605,0.2825,0.0,0.0,0.0,0.005,0.105,400,lists/scandinavian/list.scandinavian.attrib=lime_mpd=16_thresh=0.4_docnorm=T_tfidf=T.csv
0.575,0.3725,0.0,0.0025,0.0025,0.0025,0.0025,400,lists/scandinavian/list.scandinavian.attrib=ig_mpd=11_thresh=0.8_docnorm=T_tfidf=T.csv
0.4475,0.545,0.0,0.0,0.0,0.0,0.0,400,lists/scandinavian/list.scandinavian.attrib=loo_mpd=11_thresh=1.0_docnorm=T_tfidf=T.csv
0.44,0.54,0.0,0.005,0.01,0.01,0.0125,400,lists/scandinavian/list.scandinavian.attrib=loo_mpd=15_thresh=0.2_docnorm=F_tfidf=T.csv
0.18,0.81,0.0,0.0025,0.0025,0.0025,0.0025,400,lists/scandinavian/list.scandinavian.attrib=ig_mpd=10_thresh=0.7_docnorm=F_tfidf=F.csv
0.2825,0.71,0.0,0.0,0.0,0.0,0.0,400,lists/scandinavian/list.scandinavian.attrib=lime_mpd=11_thresh=0.3_docnorm=F_tfidf=F.csv
0.175,0.815,0.0,0.0025,0.0025,0.0025,0.0025,400,lists/scandinavian/list.scandinavian.attrib=ig_mpd=11_thresh=0.5_docnorm=F_tfidf=F.csv
0.5225,0.255,0.0,0.135,0.4,0.565,0.665,400,lists/scandinavian/list.scandinavian.attrib=loo_mpd=14_thresh=0.2_docnorm=T_tfidf=T.csv
0.45,0.53,0.0,0.005,0.01,0.01,0.0175,400,lists/scandinavian/list.scandinavian.attrib=loo_mpd=4_thresh=0.2_docnorm=F_tfidf=T.csv
0.4050632911392405,0.5873417721518988,0.0,0.005063291139240506,0.005063291139240506,0.005063291139240506,0.005063291139240506,395,lists/scandinavian/list.scandinavian.attrib=loo_mpd=1_thresh=0.8_docnorm=F_tfidf=T.csv
0.605,0.3375,0.0,0.0025,0.0025,0.0025,0.0025,400,lists/scandinavian/list.scandinavian.attrib=ig_mpd=15_thresh=0.7_docnorm=T_tfidf=F.csv
0.3325,0.6575,0.0,0.0,0.0,0.0,0.0,400,lists/scandinavian/list.scandinavian.attrib=lime_mpd=6_thresh=0.8_docnorm=F_tfidf=T.csv
0.605,0.34,0.0,0.0025,0.0025,0.0025,0.0025,400,lists/scandinavian/list.scandinavian.attrib=ig_mpd=12_thresh=0.7_docnorm=T_tfidf=F.csv
0.36,0.635,0.0,0.0,0.0,0.0,0.0,400,lists/scandinavian/list.scandinavian.attrib=shap_mpd=12_thresh=0.6_docnorm=F_tfidf=T.csv
0.625,0.3525,0.0,0.0,0.0,0.0,0.0,400,lists/scandinavian/list.scandinavian.attrib=loo_mpd=13_thresh=0.8_docnorm=T_tfidf=F.csv
0.33,0.6625,0.0,0.0,0.0,0.0,0.0,400,lists/scandinavian/list.scandinavian.attrib=lime_mpd=17_thresh=0.1_docnorm=F_tfidf=T.csv
0.355,0.6325,0.0,0.0,0.0,0.0,0.0,400,lists/scandinavian/list.scandinavian.attrib=ig_mpd=9_thresh=1.0_docnorm=T_tfidf=T.csv
0.3525,0.635,0.0,0.005,0.005,0.005,0.0075,400,lists/scandinavian/list.scandinavian.attrib=loo_mpd=5_thresh=0.3_docnorm=F_tfidf=F.csv
0.1825,0.8075,0.0,0.0025,0.0025,0.0025,0.0025,400,lists/scandinavian/list.scandinavian.attrib=ig_mpd=14_thresh=0.2_docnorm=F_tfidf=F.csv
0.56,0.3025,0.0,0.0,0.005,0.1175,0.2525,400,lists/scandinavian/list.scandinavian.attrib=loo_mpd=10_thresh=0.3_docnorm=T_tfidf=T.csv
0.4625,0.0975,0.6825,0.8875,0.9475,0.9825,0.995,400,lists/scandinavian/list.scandinavian.attrib=shap_mpd=8_thresh=0.1_docnorm=T_tfidf=T.csv
0.2,0.7925,0.0,0.0,0.0,0.0,0.0,400,lists/scandinavian/list.scandinavian.attrib=ig_mpd=11_thresh=1.0_docnorm=F_tfidf=T.csv
0.3575,0.635,0.0,0.0025,0.0025,0.0025,0.0025,400,lists/scandinavian/list.scandinavian.attrib=shap_mpd=7_thresh=0.5_docnorm=F_tfidf=T.csv
0.5625,0.3925,0.0,0.0025,0.0025,0.0025,0.0025,400,lists/scandinavian/list.scandinavian.attrib=ig_mpd=17_thresh=0.8_docnorm=T_tfidf=F.csv
0.3692722371967655,0.6307277628032345,0.0,0.0,0.0,0.0,0.0,371,lists/scandinavian/list.scandinavian.attrib=lime_mpd=2_thresh=1.0_docnorm=F_tfidf=T.csv
0.415,0.5775,0.0,0.0025,0.0025,0.0025,0.0025,400,lists/scandinavian/list.scandinavian.attrib=shap_mpd=2_thresh=0.4_docnorm=F_tfidf=T.csv
0.5675,0.17,0.0,0.2475,0.5525,0.685,0.7725,400,lists/scandinavian/list.scandinavian.attrib=shap_mpd=15_thresh=0.2_docnorm=T_tfidf=F.csv
0.6625,0.2775,0.0,0.0,0.0,0.0,0.0,400,lists/scandinavian/list.scandinavian.attrib=shap_mpd=19_thresh=0.5_docnorm=T_tfidf=T.csv
0.66,0.2575,0.0,0.0025,0.0025,0.0025,0.0525,400,lists/scandinavian/list.scandinavian.attrib=shap_mpd=4_thresh=0.4_docnorm=T_tfidf=F.csv
0.545,0.415,0.0,0.0025,0.0025,0.0025,0.0025,400,lists/scandinavian/list.scandinavian.attrib=ig_mpd=1_thresh=0.5_docnorm=T_tfidf=T.csv
0.495,0.325,0.0,0.07,0.2275,0.3375,0.425,400,lists/scandinavian/list.scandinavian.attrib=loo_mpd=3_thresh=0.2_docnorm=T_tfidf=F.csv
0.35,0.6375,0.0,0.005,0.005,0.005,0.005,400,lists/scandinavian/list.scandinavian.attrib=loo_mpd=12_thresh=0.4_docnorm=F_tfidf=F.csv
0.585,0.3175,0.0,0.0025,0.0025,0.0025,0.0575,400,lists/scandinavian/list.scandinavian.attrib=loo_mpd=13_thresh=0.4_docnorm=T_tfidf=T.csv
0.565,0.38,0.0,0.0025,0.0025,0.0025,0.0025,400,lists/scandinavian/list.scandinavian.attrib=ig_mpd=18_thresh=0.8_docnorm=T_tfidf=T.csv
0.3475,0.64,0.0,0.005,0.005,0.005,0.005,400,lists/scandinavian/list.scandinavian.attrib=loo_mpd=9_thresh=0.3_docnorm=F_tfidf=F.csv
0.5375,0.41,0.0,0.0,0.0025,0.015,0.03,400,lists/scandinavian/list.scandinavian.attrib=loo_mpd=1_thresh=0.3_docnorm=T_tfidf=F.csv
0.6225,0.3475,0.0,0.0,0.0,0.0,0.0,400,lists/scandinavian/list.scandinavian.attrib=loo_mpd=17_thresh=0.8_docnorm=T_tfidf=F.csv
0.615,0.37,0.0,0.0,0.0,0.0,0.0,400,lists/scandinavian/list.scandinavian.attrib=loo_mpd=3_thresh=0.6_docnorm=T_tfidf=T.csv
0.6125,0.3375,0.0,0.0,0.0,0.0,0.0,400,lists/scandinavian/list.scandinavian.attrib=loo_mpd=12_thresh=0.5_docnorm=T_tfidf=F.csv
0.545,0.2025,0.0,0.1975,0.4725,0.62,0.71,400,lists/scandinavian/list.scandinavian.attrib=shap_mpd=13_thresh=0.2_docnorm=T_tfidf=T.csv
0.6775,0.2975,0.0,0.0,0.0,0.0,0.0,400,lists/scandinavian/list.scandinavian.attrib=shap_mpd=11_thresh=0.7_docnorm=T_tfidf=F.csv
0.1925,0.795,0.0,0.0025,0.0025,0.0025,0.0025,400,lists/scandinavian/list.scandinavian.attrib=ig_mpd=16_thresh=0.4_docnorm=F_tfidf=F.csv
0.225,0.765,0.0,0.0,0.0,0.0,0.0,400,lists/scandinavian/list.scandinavian.attrib=ig_mpd=14_thresh=0.9_docnorm=F_tfidf=T.csv
0.6175,0.335,0.0,0.0,0.0,0.0,0.0,400,lists/scandinavian/list.scandinavian.attrib=loo_mpd=8_thresh=0.5_docnorm=T_tfidf=T.csv
0.45,0.11,0.7525,0.9075,0.95,0.9725,0.9825,400,lists/scandinavian/list.scandinavian.attrib=loo_mpd=9_thresh=0.1_docnorm=T_tfidf=F.csv
0.63,0.26,0.0,0.0,0.0,0.0,0.11,400,lists/scandinavian/list.scandinavian.attrib=shap_mpd=20_thresh=0.4_docnorm=T_tfidf=T.csv
0.6125,0.355,0.0,0.0,0.0,0.0,0.0,400,lists/scandinavian/list.scandinavian.attrib=loo_mpd=17_thresh=0.6_docnorm=T_tfidf=F.csv
0.455,0.12,0.615,0.8425,0.905,0.945,0.96,400,lists/scandinavian/list.scandinavian.attrib=shap_mpd=3_thresh=0.1_docnorm=T_tfidf=T.csv
0.545,0.31,0.0,0.0,0.0125,0.1625,0.32,400,lists/scandinavian/list.scandinavian.attrib=loo_mpd=15_thresh=0.3_docnorm=T_tfidf=F.csv
0.28,0.7125,0.0,0.0,0.0,0.0,0.0,400,lists/scandinavian/list.scandinavian.attrib=lime_mpd=8_thresh=0.4_docnorm=F_tfidf=F.csv
0.33,0.6625,0.0,0.0,0.0,0.0,0.0,400,lists/scandinavian/list.scandinavian.attrib=lime_mpd=19_thresh=0.1_docnorm=F_tfidf=T.csv
0.6,0.3425,0.0,0.0025,0.0025,0.0025,0.0025,400,lists/scandinavian/list.scandinavian.attrib=ig_mpd=11_thresh=0.7_docnorm=T_tfidf=F.csv
0.315,0.675,0.0,0.005,0.005,0.005,0.005,400,lists/scandinavian/list.scandinavian.attrib=shap_mpd=7_thresh=0.4_docnorm=F_tfidf=F.csv
0.2875,0.705,0.0,0.0,0.0,0.0,0.0,400,lists/scandinavian/list.scandinavian.attrib=lime_mpd=19_thresh=0.3_docnorm=F_tfidf=F.csv
0.285,0.7075,0.0,0.0,0.0,0.0,0.0,400,lists/scandinavian/list.scandinavian.attrib=lime_mpd=13_thresh=0.1_docnorm=F_tfidf=F.csv
0.63,0.3375,0.0,0.0,0.0,0.0,0.0,400,lists/scandinavian/list.scandinavian.attrib=loo_mpd=14_thresh=0.7_docnorm=T_tfidf=F.csv
0.4146981627296588,0.5774278215223098,0.0,0.0,0.0,0.0,0.0,381,lists/scandinavian/list.scandinavian.attrib=lime_mpd=1_thresh=0.9_docnorm=F_tfidf=T.csv
0.625,0.345,0.0,0.0025,0.0025,0.0025,0.0025,400,lists/scandinavian/list.scandinavian.attrib=loo_mpd=13_thresh=0.7_docnorm=T_tfidf=T.csv
0.44,0.55,0.0,0.0,0.0,0.0,0.0,400,lists/scandinavian/list.scandinavian.attrib=loo_mpd=13_thresh=1.0_docnorm=T_tfidf=F.csv
0.2175,0.775,0.0,0.0,0.0,0.0,0.0,400,lists/scandinavian/list.scandinavian.attrib=ig_mpd=6_thresh=0.6_docnorm=F_tfidf=T.csv
0.2525,0.7325,0.0,0.0,0.0,0.0,0.0,400,lists/scandinavian/list.scandinavian.attrib=ig_mpd=1_thresh=0.1_docnorm=F_tfidf=F.csv
0.28,0.7125,0.0,0.0,0.0,0.0,0.0,400,lists/scandinavian/list.scandinavian.attrib=lime_mpd=8_thresh=0.5_docnorm=F_tfidf=F.csv
0.33,0.6575,0.0,0.005,0.005,0.005,0.005,400,lists/scandinavian/list.scandinavian.attrib=loo_mpd=12_thresh=0.9_docnorm=F_tfidf=F.csv
0.575,0.3475,0.0,0.0,0.0,0.0,0.03,400,lists/scandinavian/list.scandinavian.attrib=lime_mpd=3_thresh=0.4_docnorm=T_tfidf=F.csv
0.315,0.675,0.0,0.0025,0.0025,0.0025,0.0025,400,lists/scandinavian/list.scandinavian.attrib=shap_mpd=11_thresh=0.3_docnorm=F_tfidf=F.csv
0.355,0.635,0.0,0.0025,0.0025,0.0025,0.0025,400,lists/scandinavian/list.scandinavian.attrib=shap_mpd=7_thresh=0.2_docnorm=F_tfidf=T.csv
0.285,0.7075,0.0,0.0,0.0,0.0,0.0,400,lists/scandinavian/list.scandinavian.attrib=lime_mpd=12_thresh=0.8_docnorm=F_tfidf=F.csv
0.33,0.6625,0.0,0.0,0.0,0.0,0.0,400,lists/scandinavian/list.scandinavian.attrib=lime_mpd=13_thresh=0.1_docnorm=F_tfidf=T.csv
0.32,0.6725,0.0,0.005,0.005,0.005,0.005,400,lists/scandinavian/list.scandinavian.attrib=shap_mpd=4_thresh=0.9_docnorm=F_tfidf=F.csv
0.605,0.285,0.0,0.0,0.0,0.005,0.1,400,lists/scandinavian/list.scandinavian.attrib=lime_mpd=13_thresh=0.4_docnorm=T_tfidf=T.csv
0.5325,0.455,0.0,0.0,0.0,0.0,0.0,400,lists/scandinavian/list.scandinavian.attrib=shap_mpd=16_thresh=1.0_docnorm=T_tfidf=F.csv
0.355,0.6375,0.0,0.0,0.0,0.0,0.0,400,lists/scandinavian/list.scandinavian.attrib=shap_mpd=14_thresh=0.2_docnorm=F_tfidf=T.csv
0.575,0.3425,0.0,0.0,0.0,0.0,0.0525,400,lists/scandinavian/list.scandinavian.attrib=loo_mpd=14_thresh=0.4_docnorm=T_tfidf=F.csv
0.62,0.32,0.0,0.0,0.0,0.0,0.0,400,lists/scandinavian/list.scandinavian.attrib=ig_mpd=11_thresh=0.6_docnorm=T_tfidf=F.csv
0.53,0.2875,0.0,0.0,0.025,0.21,0.365,400,lists/scandinavian/list.scandinavian.attrib=ig_mpd=20_thresh=0.3_docnorm=T_tfidf=T.csv
0.5375,0.4475,0.0,0.0,0.0,0.0,0.0,400,lists/scandinavian/list.scandinavian.attrib=loo_mpd=10_thresh=0.9_docnorm=T_tfidf=F.csv
0.6325,0.35,0.0,0.0,0.0,0.0,0.0,400,lists/scandinavian/list.scandinavian.attrib=loo_mpd=4_thresh=0.6_docnorm=T_tfidf=T.csv
0.3475,0.64,0.0,0.005,0.005,0.005,0.005,400,lists/scandinavian/list.scandinavian.attrib=loo_mpd=20_thresh=0.5_docnorm=F_tfidf=F.csv
0.565,0.2775,0.0,0.0,0.0175,0.175,0.3475,400,lists/scandinavian/list.scandinavian.attrib=lime_mpd=6_thresh=0.3_docnorm=T_tfidf=F.csv
0.3475,0.64,0.0,0.005,0.005,0.005,0.005,400,lists/scandinavian/list.scandinavian.attrib=loo_mpd=16_thresh=0.5_docnorm=F_tfidf=F.csv
0.2825,0.71,0.0,0.0,0.0,0.0,0.0,400,lists/scandinavian/list.scandinavian.attrib=lime_mpd=11_thresh=0.6_docnorm=F_tfidf=F.csv
0.505,0.485,0.0,0.0025,0.0025,0.0025,0.0025,400,lists/scandinavian/list.scandinavian.attrib=shap_mpd=4_thresh=1.0_docnorm=T_tfidf=T.csv
0.3625,0.625,0.0,0.005,0.005,0.005,0.005,400,lists/scandinavian/list.scandinavian.attrib=loo_mpd=2_thresh=0.6_docnorm=F_tfidf=F.csv
0.3425,0.65,0.0,0.0,0.0,0.0,0.0,400,lists/scandinavian/list.scandinavian.attrib=shap_mpd=16_thresh=1.0_docnorm=F_tfidf=T.csv
0.315,0.675,0.0,0.0025,0.0025,0.0025,0.0025,400,lists/scandinavian/list.scandinavian.attrib=shap_mpd=11_thresh=0.7_docnorm=F_tfidf=F.csv
0.345,0.6425,0.0,0.005,0.005,0.005,0.005,400,lists/scandinavian/list.scandinavian.attrib=loo_mpd=3_thresh=0.7_docnorm=F_tfidf=F.csv
0.3475,0.64,0.0,0.005,0.005,0.005,0.005,400,lists/scandinavian/list.scandinavian.attrib=loo_mpd=9_thresh=0.2_docnorm=F_tfidf=F.csv
0.575,0.4075,0.0,0.0,0.0,0.0,0.0,400,lists/scandinavian/list.scandinavian.attrib=loo_mpd=6_thresh=0.8_docnorm=T_tfidf=T.csv
0.6625,0.31,0.0,0.0,0.0,0.0,0.0,400,lists/scandinavian/list.scandinavian.attrib=shap_mpd=7_thresh=0.7_docnorm=T_tfidf=F.csv
0.3575,0.6225,0.0,0.0,0.0,0.0,0.0,400,lists/scandinavian/list.scandinavian.attrib=ig_mpd=16_thresh=1.0_docnorm=T_tfidf=F.csv
0.4325,0.555,0.0,0.005,0.005,0.005,0.005,400,lists/scandinavian/list.scandinavian.attrib=loo_mpd=17_thresh=0.6_docnorm=F_tfidf=T.csv
0.3425,0.645,0.0,0.005,0.005,0.005,0.005,400,lists/scandinavian/list.scandinavian.attrib=loo_mpd=19_thresh=0.8_docnorm=F_tfidf=F.csv
0.225,0.765,0.0,0.0,0.0,0.0,0.0,400,lists/scandinavian/list.scandinavian.attrib=ig_mpd=20_thresh=0.4_docnorm=F_tfidf=T.csv
0.5275,0.2825,0.0,0.0,0.02,0.195,0.35,400,lists/scandinavian/list.scandinavian.attrib=ig_mpd=13_thresh=0.3_docnorm=T_tfidf=T.csv
0.44,0.54,0.0,0.005,0.01,0.01,0.0125,400,lists/scandinavian/list.scandinavian.attrib=loo_mpd=16_thresh=0.2_docnorm=F_tfidf=T.csv
0.4325,0.5575,0.0,0.0025,0.0025,0.0025,0.0025,400,lists/scandinavian/list.scandinavian.attrib=shap_mpd=1_thresh=0.4_docnorm=F_tfidf=F.csv
0.455,0.095,0.7875,0.9475,0.975,0.9825,0.985,400,lists/scandinavian/list.scandinavian.attrib=lime_mpd=7_thresh=0.1_docnorm=T_tfidf=F.csv
0.62,0.345,0.0,0.0,0.0,0.0,0.0,400,lists/scandinavian/list.scandinavian.attrib=loo_mpd=10_thresh=0.7_docnorm=T_tfidf=F.csv
0.505,0.2475,0.0,0.19,0.535,0.685,0.78,400,lists/scandinavian/list.scandinavian.attrib=loo_mpd=18_thresh=0.2_docnorm=T_tfidf=F.csv
0.63,0.34,0.0,0.0,0.0,0.0,0.0,400,lists/scandinavian/list.scandinavian.attrib=loo_mpd=4_thresh=0.5_docnorm=T_tfidf=T.csv
0.355,0.6375,0.0,0.0,0.0,0.0,0.0,400,lists/scandinavian/list.scandinavian.attrib=shap_mpd=10_thresh=0.2_docnorm=F_tfidf=T.csv
0.3475,0.64,0.0,0.005,0.005,0.005,0.005,400,lists/scandinavian/list.scandinavian.attrib=loo_mpd=16_thresh=0.2_docnorm=F_tfidf=F.csv
0.6125,0.335,0.0,0.0025,0.0025,0.0025,0.0025,400,lists/scandinavian/list.scandinavian.attrib=ig_mpd=18_thresh=0.7_docnorm=T_tfidf=F.csv
0.54,0.28,0.0,0.0,0.0175,0.19,0.3425,400,lists/scandinavian/list.scandinavian.attrib=ig_mpd=11_thresh=0.3_docnorm=T_tfidf=T.csv
0.59,0.2275,0.0,0.0,0.015,0.195,0.365,400,lists/scandinavian/list.scandinavian.attrib=ig_mpd=16_thresh=0.3_docnorm=T_tfidf=F.csv
0.58,0.2675,0.0,0.0,0.0175,0.195,0.375,400,lists/scandinavian/list.scandinavian.attrib=lime_mpd=13_thresh=0.3_docnorm=T_tfidf=F.csv
0.615,0.2975,0.0,0.0,0.0,0.0,0.0,400,lists/scandinavian/list.scandinavian.attrib=ig_mpd=17_thresh=0.5_docnorm=T_tfidf=F.csv
0.4025,0.5825,0.0,0.005,0.005,0.005,0.005,400,lists/scandinavian/list.scandinavian.attrib=loo_mpd=6_thresh=0.8_docnorm=F_tfidf=T.csv
0.2935064935064935,0.7012987012987013,0.0,0.0025974025974025974,0.0025974025974025974,0.0025974025974025974,0.0025974025974025974,385,lists/scandinavian/list.scandinavian.attrib=ig_mpd=4_thresh=1.0_docnorm=T_tfidf=F.csv
0.285,0.7075,0.0,0.0,0.0,0.0,0.0,400,lists/scandinavian/list.scandinavian.attrib=lime_mpd=18_thresh=1.0_docnorm=F_tfidf=F.csv
0.28,0.7125,0.0,0.0,0.0,0.0,0.0,400,lists/scandinavian/list.scandinavian.attrib=lime_mpd=9_thresh=0.8_docnorm=F_tfidf=F.csv
0.5975,0.3875,0.0,0.0,0.0,0.0,0.0,400,lists/scandinavian/list.scandinavian.attrib=lime_mpd=16_thresh=0.9_docnorm=T_tfidf=T.csv
0.2875,0.705,0.0,0.0,0.0,0.0,0.0,400,lists/scandinavian/list.scandinavian.attrib=lime_mpd=18_thresh=0.7_docnorm=F_tfidf=F.csv
0.44,0.5375,0.0,0.0075,0.0125,0.015,0.0175,400,lists/scandinavian/list.scandinavian.attrib=loo_mpd=17_thresh=0.1_docnorm=F_tfidf=T.csv
0.3675,0.625,0.0,0.0,0.0,0.0,0.0,400,lists/scandinavian/list.scandinavian.attrib=shap_mpd=4_thresh=0.2_docnorm=F_tfidf=T.csv
0.2275,0.7625,0.0,0.0,0.0,0.0,0.0,400,lists/scandinavian/list.scandinavian.attrib=ig_mpd=19_thresh=0.9_docnorm=F_tfidf=T.csv
0.655,0.315,0.0,0.0,0.0,0.0,0.0,400,lists/scandinavian/list.scandinavian.attrib=shap_mpd=11_thresh=0.8_docnorm=T_tfidf=T.csv
0.3575,0.6375,0.0,0.0,0.0,0.0,0.0,400,lists/scandinavian/list.scandinavian.attrib=shap_mpd=16_thresh=0.8_docnorm=F_tfidf=T.csv
0.6675,0.2175,0.0,0.0,0.0,0.0,0.12,400,lists/scandinavian/list.scandinavian.attrib=shap_mpd=20_thresh=0.4_docnorm=T_tfidf=F.csv
0.22,0.7725,0.0,0.0,0.0,0.0,0.0,400,lists/scandinavian/list.scandinavian.attrib=ig_mpd=11_thresh=0.3_docnorm=F_tfidf=T.csv
0.44,0.5425,0.0,0.005,0.005,0.005,0.0075,400,lists/scandinavian/list.scandinavian.attrib=loo_mpd=19_thresh=0.3_docnorm=F_tfidf=T.csv
0.58,0.4075,0.0,0.0,0.0,0.0,0.0,400,lists/scandinavian/list.scandinavian.attrib=shap_mpd=4_thresh=0.9_docnorm=T_tfidf=F.csv
0.605,0.3675,0.0,0.0,0.0,0.0,0.0,400,lists/scandinavian/list.scandinavian.attrib=shap_mpd=1_thresh=0.6_docnorm=T_tfidf=T.csv
0.315,0.675,0.0,0.0025,0.0025,0.0025,0.0025,400,lists/scandinavian/list.scandinavian.attrib=shap_mpd=15_thresh=0.8_docnorm=F_tfidf=F.csv
0.3675,0.63,0.0,0.0025,0.0025,0.0025,0.0025,400,lists/scandinavian/list.scandinavian.attrib=loo_mpd=6_thresh=1.0_docnorm=T_tfidf=F.csv
0.65,0.285,0.0,0.0,0.0,0.0025,0.0025,400,lists/scandinavian/list.scandinavian.attrib=lime_mpd=19_thresh=0.5_docnorm=T_tfidf=F.csv
0.61,0.37,0.0,0.0,0.0,0.0,0.0,400,lists/scandinavian/list.scandinavian.attrib=loo_mpd=11_thresh=0.8_docnorm=T_tfidf=T.csv
0.665,0.275,0.0,0.0,0.0,0.0,0.0,400,lists/scandinavian/list.scandinavian.attrib=shap_mpd=20_thresh=0.5_docnorm=T_tfidf=T.csv
0.6275,0.2625,0.0,0.0,0.0,0.0,0.1,400,lists/scandinavian/list.scandinavian.attrib=shap_mpd=12_thresh=0.4_docnorm=T_tfidf=T.csv
0.66,0.2275,0.0,0.0,0.0,0.0,0.105,400,lists/scandinavian/list.scandinavian.attrib=shap_mpd=10_thresh=0.4_docnorm=T_tfidf=F.csv
0.33,0.6625,0.0,0.0,0.0,0.0,0.0,400,lists/scandinavian/list.scandinavian.attrib=lime_mpd=18_thresh=0.4_docnorm=F_tfidf=T.csv
0.4225,0.5625,0.0,0.005,0.005,0.005,0.005,400,lists/scandinavian/list.scandinavian.attrib=loo_mpd=10_thresh=0.7_docnorm=F_tfidf=T.csv
0.2825,0.71,0.0,0.0,0.0,0.0,0.0,400,lists/scandinavian/list.scandinavian.attrib=lime_mpd=12_thresh=1.0_docnorm=F_tfidf=F.csv
0.43,0.5575,0.0,0.005,0.005,0.005,0.005,400,lists/scandinavian/list.scandinavian.attrib=loo_mpd=7_thresh=0.6_docnorm=F_tfidf=T.csv
0.2225,0.7675,0.0,0.0,0.0,0.0,0.0,400,lists/scandinavian/list.scandinavian.attrib=ig_mpd=15_thresh=0.8_docnorm=F_tfidf=T.csv
0.185,0.8075,0.0,0.0,0.0,0.0,0.0,400,lists/scandinavian/list.scandinavian.attrib=ig_mpd=4_thresh=0.4_docnorm=F_tfidf=F.csv
0.6575,0.3125,0.0,0.0,0.0,0.0,0.0,400,lists/scandinavian/list.scandinavian.attrib=shap_mpd=13_thresh=0.8_docnorm=T_tfidf=T.csv
0.435,0.55,0.0,0.005,0.005,0.005,0.005,400,lists/scandinavian/list.scandinavian.attrib=loo_mpd=14_thresh=0.5_docnorm=F_tfidf=T.csv
0.655,0.2675,0.0,0.0025,0.0025,0.0025,0.045,400,lists/scandinavian/list.scandinavian.attrib=shap_mpd=4_thresh=0.4_docnorm=T_tfidf=T.csv
0.57,0.275,0.0,0.0,0.0175,0.1725,0.345,400,lists/scandinavian/list.scandinavian.attrib=lime_mpd=7_thresh=0.3_docnorm=T_tfidf=F.csv
0.225,0.7675,0.0,0.0,0.0,0.0,0.0,400,lists/scandinavian/list.scandinavian.attrib=ig_mpd=14_thresh=0.7_docnorm=F_tfidf=T.csv
0.5375,0.445,0.0,0.0,0.0,0.0,0.0,400,lists/scandinavian/list.scandinavian.attrib=lime_mpd=7_thresh=0.9_docnorm=T_tfidf=F.csv
0.3325,0.6575,0.0,0.0,0.0,0.0,0.0,400,lists/scandinavian/list.scandinavian.attrib=lime_mpd=8_thresh=0.3_docnorm=F_tfidf=T.csv
0.1925,0.7975,0.0,0.0025,0.0025,0.0025,0.0025,400,lists/scandinavian/list.scandinavian.attrib=ig_mpd=15_thresh=0.4_docnorm=F_tfidf=F.csv
0.455,0.0925,0.7975,0.95,0.9775,0.985,0.9875,400,lists/scandinavian/list.scandinavian.attrib=lime_mpd=14_thresh=0.1_docnorm=T_tfidf=F.csv
0.6075,0.2825,0.0,0.0,0.0,0.0,0.0375,400,lists/scandinavian/list.scandinavian.attrib=ig_mpd=6_thresh=0.4_docnorm=T_tfidf=F.csv
0.1925,0.795,0.0,0.0025,0.0025,0.0025,0.0025,400,lists/scandinavian/list.scandinavian.attrib=ig_mpd=16_thresh=0.8_docnorm=F_tfidf=F.csv
0.1975,0.795,0.0,0.0,0.0,0.0,0.0,400,lists/scandinavian/list.scandinavian.attrib=ig_mpd=10_thresh=1.0_docnorm=F_tfidf=T.csv
0.545,0.435,0.0,0.0,0.0,0.0,0.0,400,lists/scandinavian/list.scandinavian.attrib=lime_mpd=8_thresh=0.9_docnorm=T_tfidf=F.csv
0.6225,0.34,0.0,0.0,0.0,0.0,0.0,400,lists/scandinavian/list.scandinavian.attrib=loo_mpd=11_thresh=0.7_docnorm=T_tfidf=F.csv
0.2225,0.77,0.0,0.0,0.0,0.0,0.0,400,lists/scandinavian/list.scandinavian.attrib=ig_mpd=9_thresh=0.9_docnorm=F_tfidf=T.csv
0.405,0.1625,0.645,0.825,0.88,0.9175,0.9375,400,lists/scandinavian/list.scandinavian.attrib=ig_mpd=4_thresh=0.1_docnorm=T_tfidf=T.csv
0.3475,0.64,0.0,0.005,0.005,0.005,0.005,400,lists/scandinavian/list.scandinavian.attrib=loo_mpd=20_thresh=0.4_docnorm=F_tfidf=F.csv
0.46,0.1275,0.56,0.7875,0.8725,0.9225,0.935,400,lists/scandinavian/list.scandinavian.attrib=shap_mpd=2_thresh=0.1_docnorm=T_tfidf=T.csv
0.6425,0.195,0.0,0.0,0.01,0.1725,0.35,400,lists/scandinavian/list.scandinavian.attrib=shap_mpd=11_thresh=0.3_docnorm=T_tfidf=F.csv
0.33,0.6575,0.0,0.005,0.005,0.005,0.005,400,lists/scandinavian/list.scandinavian.attrib=loo_mpd=9_thresh=0.9_docnorm=F_tfidf=F.csv
0.6225,0.35,0.0,0.0,0.0,0.0,0.0,400,lists/scandinavian/list.scandinavian.attrib=loo_mpd=17_thresh=0.7_docnorm=T_tfidf=F.csv
0.2225,0.7675,0.0,0.0,0.0,0.0,0.0,400,lists/scandinavian/list.scandinavian.attrib=ig_mpd=15_thresh=0.2_docnorm=F_tfidf=T.csv
0.3175,0.6725,0.0,0.005,0.005,0.005,0.005,400,lists/scandinavian/list.scandinavian.attrib=shap_mpd=6_thresh=0.4_docnorm=F_tfidf=F.csv
0.45,0.1175,0.7275,0.8925,0.94,0.965,0.9775,400,lists/scandinavian/list.scandinavian.attrib=loo_mpd=7_thresh=0.1_docnorm=T_tfidf=F.csv
0.225,0.765,0.0,0.0,0.0,0.0,0.0,400,lists/scandinavian/list.scandinavian.attrib=ig_mpd=18_thresh=0.2_docnorm=F_tfidf=T.csv
0.625,0.345,0.0,0.0,0.0025,0.0025,0.0025,400,lists/scandinavian/list.scandinavian.attrib=lime_mpd=16_thresh=0.7_docnorm=T_tfidf=F.csv
0.3975,0.59,0.0,0.005,0.005,0.005,0.005,400,lists/scandinavian/list.scandinavian.attrib=loo_mpd=5_thresh=0.9_docnorm=F_tfidf=T.csv
0.4125,0.5775,0.0,0.0025,0.0025,0.0025,0.0025,400,lists/scandinavian/list.scandinavian.attrib=shap_mpd=2_thresh=0.3_docnorm=F_tfidf=T.csv
0.485,0.1825,0.4475,0.615,0.7325,0.7825,0.8225,400,lists/scandinavian/list.scandinavian.attrib=loo_mpd=1_thresh=0.1_docnorm=T_tfidf=T.csv
0.435,0.5525,0.0,0.005,0.005,0.005,0.005,400,lists/scandinavian/list.scandinavian.attrib=loo_mpd=10_thresh=0.5_docnorm=F_tfidf=T.csv
0.5675,0.39,0.0,0.0025,0.0025,0.0025,0.0025,400,lists/scandinavian/list.scandinavian.attrib=ig_mpd=18_thresh=0.8_docnorm=T_tfidf=F.csv
0.315,0.675,0.0,0.0025,0.0025,0.0025,0.0025,400,lists/scandinavian/list.scandinavian.attrib=shap_mpd=19_thresh=0.9_docnorm=F_tfidf=F.csv
0.32,0.6725,0.0,0.005,0.005,0.005,0.005,400,lists/scandinavian/list.scandinavian.attrib=shap_mpd=4_thresh=0.1_docnorm=F_tfidf=F.csv
0.315,0.675,0.0,0.0025,0.0025,0.0025,0.0025,400,lists/scandinavian/list.scandinavian.attrib=shap_mpd=20_thresh=0.7_docnorm=F_tfidf=F.csv
0.465,0.0875,0.755,0.9075,0.9625,0.98,0.9925,400,lists/scandinavian/list.scandinavian.attrib=lime_mpd=16_thresh=0.1_docnorm=T_tfidf=T.csv
0.635,0.34,0.0,0.0,0.0025,0.0025,0.0025,400,lists/scandinavian/list.scandinavian.attrib=lime_mpd=12_thresh=0.7_docnorm=T_tfidf=F.csv
0.3575,0.6375,0.0,0.0,0.0,0.0,0.0,400,lists/scandinavian/list.scandinavian.attrib=shap_mpd=17_thresh=0.5_docnorm=F_tfidf=T.csv
0.3275,0.665,0.0,0.0,0.0,0.0,0.0,400,lists/scandinavian/list.scandinavian.attrib=lime_mpd=14_thresh=0.9_docnorm=F_tfidf=T.csv
0.205,0.785,0.0,0.0,0.0,0.0,0.0,400,lists/scandinavian/list.scandinavian.attrib=ig_mpd=13_thresh=1.0_docnorm=F_tfidf=T.csv
0.6175,0.2925,0.0,0.0,0.0,0.0025,0.0375,400,lists/scandinavian/list.scandinavian.attrib=lime_mpd=4_thresh=0.4_docnorm=T_tfidf=T.csv
0.5825,0.2775,0.0,0.0,0.0125,0.16,0.3025,400,lists/scandinavian/list.scandinavian.attrib=lime_mpd=5_thresh=0.3_docnorm=T_tfidf=T.csv
0.3225,0.67,0.0,0.005,0.005,0.005,0.005,400,lists/scandinavian/list.scandinavian.attrib=shap_mpd=3_thresh=0.9_docnorm=F_tfidf=F.csv
0.545,0.2125,0.0,0.205,0.5075,0.6775,0.76,400,lists/scandinavian/list.scandinavian.attrib=lime_mpd=17_thresh=0.2_docnorm=T_tfidf=T.csv
0.64,0.205,0.0,0.0,0.005,0.1325,0.3025,400,lists/scandinavian/list.scandinavian.attrib=shap_mpd=5_thresh=0.3_docnorm=T_tfidf=F.csv
0.3525,0.64,0.0,0.0,0.0,0.0,0.0,400,lists/scandinavian/list.scandinavian.attrib=lime_mpd=2_thresh=0.7_docnorm=F_tfidf=F.csv
0.2825,0.71,0.0,0.0,0.0,0.0,0.0,400,lists/scandinavian/list.scandinavian.attrib=lime_mpd=11_thresh=0.9_docnorm=F_tfidf=F.csv
0.44,0.5425,0.0,0.005,0.005,0.005,0.0075,400,lists/scandinavian/list.scandinavian.attrib=loo_mpd=20_thresh=0.3_docnorm=F_tfidf=T.csv
0.585,0.395,0.0,0.0,0.0,0.0,0.0,400,lists/scandinavian/list.scandinavian.attrib=loo_mpd=7_thresh=0.8_docnorm=T_tfidf=T.csv
0.62,0.3525,0.0,0.0,0.0,0.0,0.0,400,lists/scandinavian/list.scandinavian.attrib=loo_mpd=15_thresh=0.8_docnorm=T_tfidf=F.csv
0.315,0.675,0.0,0.0025,0.0025,0.0025,0.0025,400,lists/scandinavian/list.scandinavian.attrib=shap_mpd=20_thresh=0.9_docnorm=F_tfidf=F.csv
0.3475,0.64,0.0,0.005,0.005,0.005,0.005,400,lists/scandinavian/list.scandinavian.attrib=loo_mpd=11_thresh=0.7_docnorm=F_tfidf=F.csv
0.33,0.6625,0.0,0.0,0.0,0.0,0.0,400,lists/scandinavian/list.scandinavian.attrib=lime_mpd=19_thresh=0.6_docnorm=F_tfidf=T.csv
0.3225,0.67,0.0,0.005,0.005,0.005,0.005,400,lists/scandinavian/list.scandinavian.attrib=shap_mpd=3_thresh=0.7_docnorm=F_tfidf=F.csv
0.1925,0.795,0.0,0.0025,0.0025,0.0025,0.0025,400,lists/scandinavian/list.scandinavian.attrib=ig_mpd=19_thresh=1.0_docnorm=F_tfidf=F.csv
0.6,0.3575,0.0,0.0,0.0,0.0,0.0025,400,lists/scandinavian/list.scandinavian.attrib=lime_mpd=1_thresh=0.4_docnorm=T_tfidf=T.csv
0.4375,0.5475,0.0,0.005,0.005,0.005,0.005,400,lists/scandinavian/list.scandinavian.attrib=loo_mpd=19_thresh=0.5_docnorm=F_tfidf=T.csv
0.1725,0.8175,0.0,0.0025,0.0025,0.0025,0.0025,400,lists/scandinavian/list.scandinavian.attrib=ig_mpd=8_thresh=0.9_docnorm=F_tfidf=F.csv
0.58,0.2725,0.0,0.0,0.0175,0.195,0.375,400,lists/scandinavian/list.scandinavian.attrib=lime_mpd=11_thresh=0.3_docnorm=T_tfidf=F.csv
0.4625,0.0875,0.7525,0.905,0.9625,0.98,0.9925,400,lists/scandinavian/list.scandinavian.attrib=lime_mpd=11_thresh=0.1_docnorm=T_tfidf=T.csv
0.35,0.6375,0.0,0.005,0.005,0.005,0.005,400,lists/scandinavian/list.scandinavian.attrib=loo_mpd=13_thresh=0.5_docnorm=F_tfidf=F.csv
0.3475,0.64,0.0,0.005,0.005,0.005,0.005,400,lists/scandinavian/list.scandinavian.attrib=loo_mpd=17_thresh=0.3_docnorm=F_tfidf=F.csv
0.2875,0.705,0.0,0.0,0.0,0.0,0.0,400,lists/scandinavian/list.scandinavian.attrib=lime_mpd=17_thresh=0.3_docnorm=F_tfidf=F.csv
0.455,0.0925,0.7975,0.95,0.9775,0.985,0.9875,400,lists/scandinavian/list.scandinavian.attrib=lime_mpd=17_thresh=0.1_docnorm=T_tfidf=F.csv
0.62,0.35,0.0,0.0,0.0025,0.0025,0.0025,400,lists/scandinavian/list.scandinavian.attrib=lime_mpd=20_thresh=0.7_docnorm=T_tfidf=F.csv
0.4725,0.0825,0.715,0.9125,0.965,0.99,0.995,400,lists/scandinavian/list.scandinavian.attrib=shap_mpd=20_thresh=0.1_docnorm=T_tfidf=T.csv
0.2875,0.705,0.0,0.0,0.0,0.0,0.0,400,lists/scandinavian/list.scandinavian.attrib=lime_mpd=20_thresh=0.2_docnorm=F_tfidf=F.csv
0.315,0.675,0.0,0.0025,0.0025,0.0025,0.0025,400,lists/scandinavian/list.scandinavian.attrib=shap_mpd=13_thresh=0.5_docnorm=F_tfidf=F.csv
0.4775,0.485,0.0,0.0025,0.0025,0.0025,0.0025,400,lists/scandinavian/list.scandinavian.attrib=ig_mpd=1_thresh=0.6_docnorm=T_tfidf=F.csv
0.355,0.6375,0.0,0.0,0.0,0.0,0.0,400,lists/scandinavian/list.scandinavian.attrib=shap_mpd=17_thresh=0.4_docnorm=F_tfidf=T.csv
0.4041994750656168,0.5905511811023622,0.0,0.0,0.0,0.0,0.0,381,lists/scandinavian/list.scandinavian.attrib=lime_mpd=1_thresh=0.9_docnorm=F_tfidf=F.csv
0.4725,0.085,0.7125,0.91,0.965,0.99,0.995,400,lists/scandinavian/list.scandinavian.attrib=shap_mpd=16_thresh=0.1_docnorm=T_tfidf=T.csv
0.49,0.2425,0.0,0.215,0.4975,0.6375,0.7275,400,lists/scandinavian/list.scandinavian.attrib=ig_mpd=13_thresh=0.2_docnorm=T_tfidf=T.csv
0.5725,0.41,0.0,0.0,0.0,0.0,0.0,400,lists/scandinavian/list.scandinavian.attrib=shap_mpd=2_thresh=0.8_docnorm=T_tfidf=T.csv
0.5525,0.43,0.0,0.0,0.0,0.0,0.0,400,lists/scandinavian/list.scandinavian.attrib=loo_mpd=9_thresh=0.9_docnorm=T_tfidf=T.csv
0.1925,0.795,0.0,0.0025,0.0025,0.0025,0.0025,400,lists/scandinavian/list.scandinavian.attrib=ig_mpd=16_thresh=0.6_docnorm=F_tfidf=F.csv
0.215,0.7775,0.0,0.0,0.0,0.0,0.0,400,lists/scandinavian/list.scandinavian.attrib=ig_mpd=5_thresh=0.7_docnorm=F_tfidf=T.csv
0.455,0.5325,0.0,0.0,0.0,0.0,0.0,400,lists/scandinavian/list.scandinavian.attrib=lime_mpd=6_thresh=1.0_docnorm=T_tfidf=T.csv
0.4775,0.4975,0.0,0.0025,0.0025,0.0025,0.0025,400,lists/scandinavian/list.scandinavian.attrib=ig_mpd=5_thresh=0.9_docnorm=T_tfidf=F.csv
0.64,0.3325,0.0,0.0,0.0,0.0,0.0,400,lists/scandinavian/list.scandinavian.attrib=lime_mpd=17_thresh=0.7_docnorm=T_tfidf=T.csv
0.355,0.635,0.0,0.0025,0.0025,0.0025,0.0025,400,lists/scandinavian/list.scandinavian.attrib=shap_mpd=6_thresh=0.2_docnorm=F_tfidf=T.csv
0.625,0.3575,0.0,0.0,0.0,0.0,0.0,400,lists/scandinavian/list.scandinavian.attrib=loo_mpd=8_thresh=0.7_docnorm=T_tfidf=T.csv
0.5,0.3225,0.0,0.095,0.2825,0.4325,0.535,400,lists/scandinavian/list.scandinavian.attrib=lime_mpd=2_thresh=0.2_docnorm=T_tfidf=F.csv
0.56,0.42,0.0,0.0,0.0,0.0,0.0,400,lists/scandinavian/list.scandinavian.attrib=loo_mpd=18_thresh=0.9_docnorm=T_tfidf=F.csv
0.2925,0.7,0.0,0.0,0.0,0.0,0.0,400,lists/scandinavian/list.scandinavian.attrib=lime_mpd=4_thresh=0.9_docnorm=F_tfidf=F.csv
0.33,0.6625,0.0,0.0,0.0,0.0,0.0,400,lists/scandinavian/list.scandinavian.attrib=lime_mpd=16_thresh=0.1_docnorm=F_tfidf=T.csv
0.3275,0.665,0.0,0.0,0.0,0.0,0.0,400,lists/scandinavian/list.scandinavian.attrib=lime_mpd=18_thresh=0.7_docnorm=F_tfidf=T.csv
0.5475,0.2425,0.0,0.1,0.325,0.4675,0.555,400,lists/scandinavian/list.scandinavian.attrib=shap_mpd=3_thresh=0.2_docnorm=T_tfidf=T.csv
0.405,0.5875,0.0,0.0,0.0,0.0,0.0,400,lists/scandinavian/list.scandinavian.attrib=lime_mpd=1_thresh=0.3_docnorm=F_tfidf=F.csv
0.63,0.3025,0.0,0.0,0.0025,0.0375,0.0775,400,lists/scandinavian/list.scandinavian.attrib=shap_mpd=1_thresh=0.3_docnorm=T_tfidf=F.csv
0.2825,0.71,0.0,0.0,0.0,0.0,0.0,400,lists/scandinavian/list.scandinavian.attrib=lime_mpd=10_thresh=1.0_docnorm=F_tfidf=F.csv
0.3275,0.665,0.0,0.0,0.0,0.0,0.0,400,lists/scandinavian/list.scandinavian.attrib=lime_mpd=16_thresh=0.9_docnorm=F_tfidf=T.csv
0.6625,0.3075,0.0,0.0,0.0,0.0,0.0,400,lists/scandinavian/list.scandinavian.attrib=shap_mpd=8_thresh=0.7_docnorm=T_tfidf=T.csv
0.355,0.64,0.0,0.0,0.0,0.0,0.0,400,lists/scandinavian/list.scandinavian.attrib=shap_mpd=14_thresh=0.9_docnorm=F_tfidf=T.csv
0.2875,0.705,0.0,0.0,0.0,0.0,0.0,400,lists/scandinavian/list.scandinavian.attrib=lime_mpd=5_thresh=0.1_docnorm=F_tfidf=F.csv
0.3975,0.165,0.61,0.79,0.865,0.8975,0.9175,400,lists/scandinavian/list.scandinavian.attrib=ig_mpd=3_thresh=0.1_docnorm=T_tfidf=T.csv
0.315,0.675,0.0,0.0025,0.0025,0.0025,0.0025,400,lists/scandinavian/list.scandinavian.attrib=shap_mpd=13_thresh=0.7_docnorm=F_tfidf=F.csv
0.185,0.8075,0.0,0.0,0.0,0.0,0.0,400,lists/scandinavian/list.scandinavian.attrib=ig_mpd=4_thresh=0.2_docnorm=F_tfidf=F.csv
0.3475,0.64,0.0,0.005,0.005,0.005,0.005,400,lists/scandinavian/list.scandinavian.attrib=loo_mpd=9_thresh=0.5_docnorm=F_tfidf=F.csv
0.5575,0.3375,0.0,0.0025,0.005,0.07,0.15,400,lists/scandinavian/list.scandinavian.attrib=loo_mpd=4_thresh=0.3_docnorm=T_tfidf=T.csv
0.225,0.765,0.0,0.0,0.0,0.0,0.0,400,lists/scandinavian/list.scandinavian.attrib=ig_mpd=20_thresh=0.1_docnorm=F_tfidf=T.csv
0.445,0.5425,0.0,0.0,0.0,0.0,0.0,400,lists/scandinavian/list.scandinavian.attrib=lime_mpd=7_thresh=1.0_docnorm=T_tfidf=F.csv
0.3175,0.675,0.0,0.0025,0.0025,0.0025,0.0025,400,lists/scandinavian/list.scandinavian.attrib=shap_mpd=17_thresh=1.0_docnorm=F_tfidf=F.csv
0.4375,0.5475,0.0,0.005,0.005,0.005,0.005,400,lists/scandinavian/list.scandinavian.attrib=loo_mpd=8_thresh=0.3_docnorm=F_tfidf=T.csv
0.315,0.675,0.0,0.005,0.005,0.005,0.005,400,lists/scandinavian/list.scandinavian.attrib=shap_mpd=7_thresh=0.5_docnorm=F_tfidf=F.csv
0.62,0.2475,0.0,0.0,0.0075,0.1225,0.2725,400,lists/scandinavian/list.scandinavian.attrib=shap_mpd=6_thresh=0.3_docnorm=T_tfidf=T.csv
0.635,0.3325,0.0,0.0,0.0,0.0,0.0,400,lists/scandinavian/list.scandinavian.attrib=lime_mpd=8_thresh=0.6_docnorm=T_tfidf=F.csv
0.185,0.8075,0.0,0.0,0.0,0.0,0.0,400,lists/scandinavian/list.scandinavian.attrib=ig_mpd=4_thresh=0.5_docnorm=F_tfidf=F.csv
0.3675,0.6175,0.0,0.005,0.005,0.005,0.005,400,lists/scandinavian/list.scandinavian.attrib=loo_mpd=20_thresh=1.0_docnorm=F_tfidf=T.csv
0.575,0.2825,0.0,0.0,0.0175,0.18,0.355,400,lists/scandinavian/list.scandinavian.attrib=lime_mpd=8_thresh=0.3_docnorm=T_tfidf=F.csv
0.535,0.28,0.0,0.0,0.025,0.2125,0.365,400,lists/scandinavian/list.scandinavian.attrib=ig_mpd=18_thresh=0.3_docnorm=T_tfidf=T.csv
0.44,0.54,0.0,0.005,0.01,0.01,0.0125,400,lists/scandinavian/list.scandinavian.attrib=loo_mpd=9_thresh=0.2_docnorm=F_tfidf=T.csv
0.3425,0.645,0.0,0.005,0.005,0.005,0.005,400,lists/scandinavian/list.scandinavian.attrib=loo_mpd=16_thresh=0.8_docnorm=F_tfidf=F.csv
0.6125,0.3225,0.0,0.0,0.0,0.0,0.0,400,lists/scandinavian/list.scandinavian.attrib=loo_mpd=15_thresh=0.5_docnorm=T_tfidf=T.csv
0.665,0.31,0.0,0.0,0.0,0.0,0.0,400,lists/scandinavian/list.scandinavian.attrib=shap_mpd=11_thresh=0.8_docnorm=T_tfidf=F.csv
0.465,0.0875,0.755,0.9075,0.9625,0.98,0.9925,400,lists/scandinavian/list.scandinavian.attrib=lime_mpd=19_thresh=0.1_docnorm=T_tfidf=T.csv
0.35,0.6375,0.0,0.005,0.005,0.005,0.005,400,lists/scandinavian/list.scandinavian.attrib=loo_mpd=7_thresh=0.3_docnorm=F_tfidf=F.csv
0.2175,0.775,0.0,0.0,0.0,0.0,0.0,400,lists/scandinavian/list.scandinavian.attrib=ig_mpd=9_thresh=0.4_docnorm=F_tfidf=T.csv
0.345,0.6425,0.0,0.005,0.005,0.005,0.005,400,lists/scandinavian/list.scandinavian.attrib=loo_mpd=9_thresh=0.6_docnorm=F_tfidf=F.csv
0.335,0.6525,0.0,0.005,0.005,0.005,0.005,400,lists/scandinavian/list.scandinavian.attrib=loo_mpd=7_thresh=0.8_docnorm=F_tfidf=F.csv
0.2975,0.69,0.0,0.0,0.0,0.0,0.0,400,lists/scandinavian/list.scandinavian.attrib=ig_mpd=1_thresh=0.3_docnorm=F_tfidf=T.csv
0.645,0.195,0.0,0.0,0.01,0.1775,0.365,400,lists/scandinavian/list.scandinavian.attrib=shap_mpd=15_thresh=0.3_docnorm=T_tfidf=F.csv
0.215,0.7775,0.0,0.0,0.0,0.0,0.0,400,lists/scandinavian/list.scandinavian.attrib=ig_mpd=5_thresh=0.2_docnorm=F_tfidf=T.csv
0.33,0.6625,0.0,0.0,0.0,0.0,0.0,400,lists/scandinavian/list.scandinavian.attrib=lime_mpd=12_thresh=0.7_docnorm=F_tfidf=T.csv
0.5975,0.365,0.0,0.0,0.0,0.0,0.0025,400,lists/scandinavian/list.scandinavian.attrib=loo_mpd=2_thresh=0.4_docnorm=T_tfidf=F.csv
0.5225,0.2625,0.0,0.1,0.32,0.4625,0.5425,400,lists/scandinavian/list.scandinavian.attrib=loo_mpd=7_thresh=0.2_docnorm=T_tfidf=T.csv
0.315,0.675,0.0,0.0025,0.0025,0.0025,0.0025,400,lists/scandinavian/list.scandinavian.attrib=shap_mpd=17_thresh=0.4_docnorm=F_tfidf=F.csv
0.3325,0.6575,0.0,0.0,0.0,0.0,0.0,400,lists/scandinavian/list.scandinavian.attrib=lime_mpd=9_thresh=0.6_docnorm=F_tfidf=T.csv
0.6075,0.3775,0.0,0.0,0.0,0.0,0.0,400,lists/scandinavian/list.scandinavian.attrib=loo_mpd=2_thresh=0.6_docnorm=T_tfidf=T.csv
0.35,0.6375,0.0,0.005,0.005,0.005,0.005,400,lists/scandinavian/list.scandinavian.attrib=loo_mpd=11_thresh=0.4_docnorm=F_tfidf=F.csv
0.3275,0.6625,0.0,0.005,0.005,0.005,0.005,400,lists/scandinavian/list.scandinavian.attrib=loo_mpd=6_thresh=0.9_docnorm=F_tfidf=F.csv
0.175,0.815,0.0,0.0025,0.0025,0.0025,0.0025,400,lists/scandinavian/list.scandinavian.attrib=ig_mpd=11_thresh=0.8_docnorm=F_tfidf=F.csv
0.355,0.635,0.0,0.0025,0.0025,0.0025,0.0025,400,lists/scandinavian/list.scandinavian.attrib=shap_mpd=8_thresh=0.4_docnorm=F_tfidf=T.csv
0.3525,0.64,0.0,0.0,0.0,0.0,0.0,400,lists/scandinavian/list.scandinavian.attrib=lime_mpd=2_thresh=0.4_docnorm=F_tfidf=F.csv
0.435,0.5525,0.0,0.005,0.005,0.005,0.005,400,lists/scandinavian/list.scandinavian.attrib=loo_mpd=9_thresh=0.5_docnorm=F_tfidf=T.csv
0.455,0.0975,0.785,0.9475,0.975,0.9825,0.985,400,lists/scandinavian/list.scandinavian.attrib=lime_mpd=6_thresh=0.1_docnorm=T_tfidf=F.csv
0.3196480938416422,0.6744868035190615,0.0,0.005865102639296188,0.005865102639296188,0.005865102639296188,0.005865102639296188,341,lists/scandinavian/list.scandinavian.attrib=loo_mpd=2_thresh=1.0_docnorm=T_tfidf=T.csv
0.5875,0.375,0.0,0.0,0.0,0.0,0.0,400,lists/scandinavian/list.scandinavian.attrib=lime_mpd=3_thresh=0.5_docnorm=T_tfidf=F.csv
0.455,0.1025,0.705,0.8675,0.95,0.9725,0.99,400,lists/scandinavian/list.scandinavian.attrib=loo_mpd=13_thresh=0.1_docnorm=T_tfidf=T.csv
0.3575,0.635,0.0,0.0,0.0,0.0,0.0,400,lists/scandinavian/list.scandinavian.attrib=lime_mpd=2_thresh=0.9_docnorm=F_tfidf=F.csv
0.455,0.07,0.7525,0.9225,0.9675,0.9875,0.99,400,lists/scandinavian/list.scandinavian.attrib=shap_mpd=9_thresh=0.1_docnorm=T_tfidf=F.csv
0.645,0.3225,0.0,0.0,0.0,0.0,0.0,400,lists/scandinavian/list.scandinavian.attrib=lime_mpd=18_thresh=0.6_docnorm=T_tfidf=F.csv
0.645,0.325,0.0,0.0,0.0,0.0,0.0,400,lists/scandinavian/list.scandinavian.attrib=shap_mpd=6_thresh=0.8_docnorm=T_tfidf=T.csv
0.4275,0.56,0.0,0.005,0.005,0.005,0.005,400,lists/scandinavian/list.scandinavian.attrib=loo_mpd=18_thresh=0.7_docnorm=F_tfidf=T.csv
0.5575,0.29,0.0,0.0,0.01,0.1475,0.3025,400,lists/scandinavian/list.scandinavian.attrib=loo_mpd=16_thresh=0.3_docnorm=T_tfidf=T.csv
0.355,0.6375,0.0,0.0,0.0,0.0,0.0,400,lists/scandinavian/list.scandinavian.attrib=shap_mpd=20_thresh=0.3_docnorm=F_tfidf=T.csv
0.6275,0.2625,0.0,0.0,0.0,0.0,0.1075,400,lists/scandinavian/list.scandinavian.attrib=shap_mpd=15_thresh=0.4_docnorm=T_tfidf=T.csv
0.405,0.5825,0.0,0.0,0.0,0.0,0.0,400,lists/scandinavian/list.scandinavian.attrib=lime_mpd=1_thresh=0.7_docnorm=F_tfidf=F.csv
0.5725,0.4125,0.0,0.0,0.0,0.0,0.0,400,lists/scandinavian/list.scandinavian.attrib=loo_mpd=3_thresh=0.7_docnorm=T_tfidf=F.csv
0.4525,0.5375,0.0,0.0,0.0,0.0,0.0,400,lists/scandinavian/list.scandinavian.attrib=lime_mpd=1_thresh=0.5_docnorm=F_tfidf=T.csv
0.33,0.6625,0.0,0.0,0.0,0.0,0.0,400,lists/scandinavian/list.scandinavian.attrib=lime_mpd=17_thresh=0.3_docnorm=F_tfidf=T.csv
0.3175,0.675,0.0,0.005,0.005,0.005,0.005,400,lists/scandinavian/list.scandinavian.attrib=shap_mpd=5_thresh=0.4_docnorm=F_tfidf=F.csv
0.49,0.48,0.0,0.0025,0.0025,0.0025,0.0025,400,lists/scandinavian/list.scandinavian.attrib=ig_mpd=6_thresh=0.9_docnorm=T_tfidf=F.csv
0.545,0.2125,0.0,0.205,0.51,0.68,0.76,400,lists/scandinavian/list.scandinavian.attrib=lime_mpd=18_thresh=0.2_docnorm=T_tfidf=T.csv
0.5475,0.2125,0.0,0.2075,0.5125,0.6825,0.7625,400,lists/scandinavian/list.scandinavian.attrib=lime_mpd=20_thresh=0.2_docnorm=T_tfidf=T.csv
0.5225,0.465,0.0,0.0,0.0,0.0,0.0,400,lists/scandinavian/list.scandinavian.attrib=shap_mpd=9_thresh=1.0_docnorm=T_tfidf=F.csv
0.6175,0.355,0.0,0.0,0.0,0.0,0.0,400,lists/scandinavian/list.scandinavian.attrib=shap_mpd=1_thresh=0.5_docnorm=T_tfidf=F.csv
0.3475,0.64,0.0,0.005,0.005,0.005,0.005,400,lists/scandinavian/list.scandinavian.attrib=loo_mpd=20_thresh=0.2_docnorm=F_tfidf=F.csv
0.53,0.45,0.0,0.0,0.0,0.0,0.0,400,lists/scandinavian/list.scandinavian.attrib=loo_mpd=7_thresh=0.9_docnorm=T_tfidf=T.csv
0.355,0.6375,0.0,0.0025,0.0025,0.0025,0.0025,400,lists/scandinavian/list.scandinavian.attrib=shap_mpd=6_thresh=0.8_docnorm=F_tfidf=T.csv
0.36,0.6275,0.0,0.005,0.005,0.005,0.0075,400,lists/scandinavian/list.scandinavian.attrib=loo_mpd=3_thresh=0.1_docnorm=F_tfidf=F.csv
0.4475,0.54,0.0,0.0,0.0,0.0,0.0,400,lists/scandinavian/list.scandinavian.attrib=loo_mpd=15_thresh=1.0_docnorm=T_tfidf=F.csv
0.6675,0.2875,0.0,0.0,0.0,0.0,0.0,400,lists/scandinavian/list.scandinavian.attrib=shap_mpd=8_thresh=0.6_docnorm=T_tfidf=T.csv
0.465,0.5225,0.0,0.0,0.0,0.0,0.0,400,lists/scandinavian/list.scandinavian.attrib=lime_mpd=5_thresh=1.0_docnorm=T_tfidf=T.csv
0.5975,0.225,0.0,0.0,0.015,0.195,0.3675,400,lists/scandinavian/list.scandinavian.attrib=ig_mpd=14_thresh=0.3_docnorm=T_tfidf=F.csv
0.65,0.3175,0.0,0.0,0.0,0.0,0.0,400,lists/scandinavian/list.scandinavian.attrib=shap_mpd=12_thresh=0.8_docnorm=T_tfidf=T.csv
0.315,0.675,0.0,0.0025,0.0025,0.0025,0.0025,400,lists/scandinavian/list.scandinavian.attrib=shap_mpd=17_thresh=0.5_docnorm=F_tfidf=F.csv
0.4575,0.5275,0.0,0.0,0.0,0.0,0.0,400,lists/scandinavian/list.scandinavian.attrib=loo_mpd=20_thresh=1.0_docnorm=T_tfidf=F.csv
0.5925,0.3875,0.0,0.0,0.0,0.0,0.0,400,lists/scandinavian/list.scandinavian.attrib=shap_mpd=11_thresh=0.9_docnorm=T_tfidf=F.csv
0.3575,0.6375,0.0,0.0,0.0,0.0,0.0,400,lists/scandinavian/list.scandinavian.attrib=shap_mpd=10_thresh=0.5_docnorm=F_tfidf=T.csv
0.625,0.32,0.0,0.0025,0.0025,0.0025,0.0025,400,lists/scandinavian/list.scandinavian.attrib=ig_mpd=6_thresh=0.7_docnorm=T_tfidf=F.csv
0.5975,0.385,0.0,0.0,0.0,0.0,0.0,400,lists/scandinavian/list.scandinavian.attrib=shap_mpd=12_thresh=0.9_docnorm=T_tfidf=T.csv
0.525,0.2775,0.0,0.1375,0.36,0.525,0.645,400,lists/scandinavian/list.scandinavian.attrib=lime_mpd=3_thresh=0.2_docnorm=T_tfidf=F.csv
0.6225,0.32,0.0,0.0,0.0,0.0,0.0,400,lists/scandinavian/list.scandinavian.attrib=ig_mpd=13_thresh=0.6_docnorm=T_tfidf=F.csv
0.655,0.2775,0.0,0.0,0.0,0.0,0.0,400,lists/scandinavian/list.scandinavian.attrib=shap_mpd=10_thresh=0.5_docnorm=T_tfidf=F.csv
0.49,0.2425,0.0,0.2175,0.5025,0.6425,0.7325,400,lists/scandinavian/list.scandinavian.attrib=ig_mpd=14_thresh=0.2_docnorm=T_tfidf=T.csv
0.475,0.18,0.5475,0.7275,0.815,0.8625,0.8925,400,lists/scandinavian/list.scandinavian.attrib=loo_mpd=1_thresh=0.1_docnorm=T_tfidf=F.csv
0.5425,0.425,0.0,0.0,0.0,0.0,0.0025,400,lists/scandinavian/list.scandinavian.attrib=lime_mpd=1_thresh=0.4_docnorm=T_tfidf=F.csv
0.175,0.815,0.0,0.0025,0.0025,0.0025,0.0025,400,lists/scandinavian/list.scandinavian.attrib=ig_mpd=7_thresh=0.2_docnorm=F_tfidf=F.csv
0.6325,0.3175,0.0,0.0,0.0,0.0,0.0,400,lists/scandinavian/list.scandinavian.attrib=lime_mpd=5_thresh=0.5_docnorm=T_tfidf=T.csv
0.39,0.6075,0.0,0.0025,0.0025,0.0025,0.0025,400,lists/scandinavian/list.scandinavian.attrib=loo_mpd=6_thresh=1.0_docnorm=T_tfidf=T.csv
0.6175,0.2425,0.0,0.0,0.01,0.1425,0.29,400,lists/scandinavian/list.scandinavian.attrib=shap_mpd=7_thresh=0.3_docnorm=T_tfidf=T.csv
0.535,0.2675,0.0,0.075,0.2675,0.41,0.5025,400,lists/scandinavian/list.scandinavian.attrib=loo_mpd=5_thresh=0.2_docnorm=T_tfidf=T.csv
0.5175,0.185,0.0,0.1925,0.43,0.6175,0.7275,400,lists/scandinavian/list.scandinavian.attrib=ig_mpd=9_thresh=0.2_docnorm=T_tfidf=F.csv
0.35,0.6325,0.0,0.0,0.0,0.0,0.0,400,lists/scandinavian/list.scandinavian.attrib=ig_mpd=13_thresh=1.0_docnorm=T_tfidf=F.csv
0.3275,0.665,0.0,0.0,0.0,0.0,0.0,400,lists/scandinavian/list.scandinavian.attrib=lime_mpd=20_thresh=0.9_docnorm=F_tfidf=T.csv
0.225,0.765,0.0,0.0,0.0,0.0,0.0,400,lists/scandinavian/list.scandinavian.attrib=ig_mpd=20_thresh=0.2_docnorm=F_tfidf=T.csv
0.19,0.7975,0.0,0.0025,0.0025,0.0025,0.0025,400,lists/scandinavian/list.scandinavian.attrib=ig_mpd=17_thresh=1.0_docnorm=F_tfidf=F.csv
0.5375,0.3175,0.0,0.0,0.0125,0.16,0.305,400,lists/scandinavian/list.scandinavian.attrib=loo_mpd=13_thresh=0.3_docnorm=T_tfidf=F.csv
0.32,0.67,0.0,0.0,0.0,0.0,0.0,400,lists/scandinavian/list.scandinavian.attrib=lime_mpd=12_thresh=1.0_docnorm=F_tfidf=T.csv
0.6275,0.3425,0.0,0.0,0.0025,0.0025,0.0025,400,lists/scandinavian/list.scandinavian.attrib=lime_mpd=10_thresh=0.7_docnorm=T_tfidf=F.csv
0.54,0.425,0.0,0.0025,0.0025,0.0025,0.0025,400,lists/scandinavian/list.scandinavian.attrib=ig_mpd=17_thresh=0.9_docnorm=T_tfidf=T.csv
0.2175,0.775,0.0,0.0,0.0,0.0,0.0,400,lists/scandinavian/list.scandinavian.attrib=ig_mpd=5_thresh=0.9_docnorm=F_tfidf=T.csv
0.5525,0.2875,0.0,0.0,0.015,0.1825,0.35,400,lists/scandinavian/list.scandinavian.attrib=loo_mpd=19_thresh=0.3_docnorm=T_tfidf=F.csv
0.3475,0.64,0.0,0.005,0.005,0.005,0.005,400,lists/scandinavian/list.scandinavian.attrib=loo_mpd=15_thresh=0.4_docnorm=F_tfidf=F.csv
0.5113122171945701,0.48868778280542985,0.0,0.0,0.0,0.0,0.0,221,lists/scandinavian/list.scandinavian.attrib=shap_mpd=1_thresh=1.0_docnorm=T_tfidf=F.csv
0.3689839572192513,0.6256684491978609,0.0,0.0053475935828877,0.0053475935828877,0.0053475935828877,0.0053475935828877,374,lists/scandinavian/list.scandinavian.attrib=loo_mpd=3_thresh=1.0_docnorm=T_tfidf=T.csv
0.645,0.315,0.0,0.0,0.0,0.0,0.0,400,lists/scandinavian/list.scandinavian.attrib=lime_mpd=19_thresh=0.6_docnorm=T_tfidf=T.csv
0.535,0.4525,0.0,0.0,0.0,0.0,0.0,400,lists/scandinavian/list.scandinavian.attrib=shap_mpd=17_thresh=1.0_docnorm=T_tfidf=F.csv
0.5675,0.415,0.0,0.0,0.0,0.0,0.0,400,lists/scandinavian/list.scandinavian.attrib=loo_mpd=5_thresh=0.8_docnorm=T_tfidf=T.csv
0.4575,0.0575,0.7675,0.94,0.9725,0.9925,0.9925,400,lists/scandinavian/list.scandinavian.attrib=shap_mpd=17_thresh=0.1_docnorm=T_tfidf=F.csv
0.1825,0.81,0.0,0.0,0.0,0.0,0.0,400,lists/scandinavian/list.scandinavian.attrib=ig_mpd=5_thresh=0.5_docnorm=F_tfidf=F.csv
0.3525,0.635,0.0,0.005,0.005,0.005,0.005,400,lists/scandinavian/list.scandinavian.attrib=loo_mpd=4_thresh=0.5_docnorm=F_tfidf=F.csv
0.605,0.2825,0.0,0.0,0.0,0.005,0.1075,400,lists/scandinavian/list.scandinavian.attrib=lime_mpd=17_thresh=0.4_docnorm=T_tfidf=T.csv
0.545,0.195,0.0,0.2075,0.495,0.645,0.73,400,lists/scandinavian/list.scandinavian.attrib=shap_mpd=18_thresh=0.2_docnorm=T_tfidf=T.csv
0.345,0.6375,0.0,0.0,0.0,0.0,0.0,400,lists/scandinavian/list.scandinavian.attrib=ig_mpd=12_thresh=1.0_docnorm=T_tfidf=F.csv
0.4275,0.56,0.0,0.005,0.005,0.005,0.005,400,lists/scandinavian/list.scandinavian.attrib=loo_mpd=20_thresh=0.7_docnorm=F_tfidf=T.csv
0.535,0.4475,0.0,0.0,0.0,0.0,0.0,400,lists/scandinavian/list.scandinavian.attrib=shap_mpd=13_thresh=1.0_docnorm=T_tfidf=T.csv
0.565,0.3225,0.0,0.0,0.0025,0.09,0.2,400,lists/scandinavian/list.scandinavian.attrib=loo_mpd=6_thresh=0.3_docnorm=T_tfidf=T.csv
0.56,0.42,0.0,0.0,0.0,0.0,0.0,400,lists/scandinavian/list.scandinavian.attrib=lime_mpd=12_thresh=0.9_docnorm=T_tfidf=F.csv
0.41,0.1425,0.715,0.87,0.9225,0.9575,0.965,400,lists/scandinavian/list.scandinavian.attrib=ig_mpd=9_thresh=0.1_docnorm=T_tfidf=T.csv
0.33,0.6625,0.0,0.0,0.0,0.0,0.0,400,lists/scandinavian/list.scandinavian.attrib=lime_mpd=13_thresh=0.4_docnorm=F_tfidf=T.csv
0.58,0.25,0.0,0.0,0.0075,0.0975,0.2225,400,lists/scandinavian/list.scandinavian.attrib=ig_mpd=3_thresh=0.3_docnorm=T_tfidf=F.csv
0.5625,0.31,0.0,0.0,0.0025,0.0925,0.2275,400,lists/scandinavian/list.scandinavian.attrib=loo_mpd=7_thresh=0.3_docnorm=T_tfidf=T.csv
0.285,0.7075,0.0,0.0,0.0,0.0,0.0,400,lists/scandinavian/list.scandinavian.attrib=lime_mpd=5_thresh=1.0_docnorm=F_tfidf=F.csv
0.41847826086956524,0.5733695652173914,0.0,0.005434782608695652,0.005434782608695652,0.005434782608695652,0.005434782608695652,368,lists/scandinavian/list.scandinavian.attrib=loo_mpd=1_thresh=0.9_docnorm=T_tfidf=T.csv
0.5225,0.4425,0.0,0.0025,0.0025,0.0025,0.0025,400,lists/scandinavian/list.scandinavian.attrib=ig_mpd=13_thresh=0.9_docnorm=T_tfidf=T.csv
0.285,0.7075,0.0,0.0,0.0,0.0,0.0,400,lists/scandinavian/list.scandinavian.attrib=lime_mpd=19_thresh=1.0_docnorm=F_tfidf=F.csv
0.64,0.1975,0.0,0.0,0.005,0.1625,0.3375,400,lists/scandinavian/list.scandinavian.attrib=shap_mpd=8_thresh=0.3_docnorm=T_tfidf=F.csv
0.34,0.65,0.0,0.0,0.0,0.0,0.0,400,lists/scandinavian/list.scandinavian.attrib=lime_mpd=4_thresh=0.3_docnorm=F_tfidf=T.csv
0.6125,0.2525,0.0,0.0,0.02,0.2075,0.3775,400,lists/scandinavian/list.scandinavian.attrib=lime_mpd=19_thresh=0.3_docnorm=T_tfidf=T.csv
0.45,0.54,0.0,0.0,0.0,0.0,0.0,400,lists/scandinavian/list.scandinavian.attrib=loo_mpd=14_thresh=1.0_docnorm=T_tfidf=F.csv
0.18,0.81,0.0,0.0025,0.0025,0.0025,0.0025,400,lists/scandinavian/list.scandinavian.attrib=ig_mpd=10_thresh=0.1_docnorm=F_tfidf=F.csv
0.285,0.7075,0.0,0.0,0.0,0.0,0.0,400,lists/scandinavian/list.scandinavian.attrib=lime_mpd=15_thresh=0.8_docnorm=F_tfidf=F.csv
0.4375,0.5525,0.0,0.0025,0.0025,0.0025,0.0025,400,lists/scandinavian/list.scandinavian.attrib=loo_mpd=1_thresh=0.7_docnorm=T_tfidf=F.csv
0.54,0.2175,0.0,0.1625,0.445,0.585,0.665,400,lists/scandinavian/list.scandinavian.attrib=shap_mpd=7_thresh=0.2_docnorm=T_tfidf=T.csv
0.4325,0.5575,0.0,0.0025,0.0025,0.0025,0.0025,400,lists/scandinavian/list.scandinavian.attrib=shap_mpd=1_thresh=0.5_docnorm=F_tfidf=F.csv
0.66,0.315,0.0,0.0,0.0,0.0,0.0,400,lists/scandinavian/list.scandinavian.attrib=shap_mpd=10_thresh=0.8_docnorm=T_tfidf=F.csv
0.6525,0.2825,0.0,0.0,0.0,0.0025,0.0025,400,lists/scandinavian/list.scandinavian.attrib=lime_mpd=17_thresh=0.5_docnorm=T_tfidf=F.csv
0.4425,0.115,0.6875,0.855,0.9425,0.9725,0.99,400,lists/scandinavian/list.scandinavian.attrib=loo_mpd=11_thresh=0.1_docnorm=T_tfidf=T.csv
0.35,0.635,0.0,0.0,0.0,0.0,0.0,400,lists/scandinavian/list.scandinavian.attrib=ig_mpd=10_thresh=1.0_docnorm=T_tfidf=F.csv
0.6575,0.295,0.0,0.0,0.0,0.0,0.0,400,lists/scandinavian/list.scandinavian.attrib=shap_mpd=20_thresh=0.6_docnorm=T_tfidf=T.csv
0.6275,0.35,0.0,0.0,0.0,0.0,0.0,400,lists/scandinavian/list.scandinavian.attrib=lime_mpd=9_thresh=0.8_docnorm=T_tfidf=T.csv
0.22,0.7725,0.0,0.0,0.0,0.0,0.0,400,lists/scandinavian/list.scandinavian.attrib=ig_mpd=12_thresh=0.3_docnorm=F_tfidf=T.csv
0.2925,0.7,0.0,0.0,0.0,0.0,0.0,400,lists/scandinavian/list.scandinavian.attrib=lime_mpd=4_thresh=0.6_docnorm=F_tfidf=F.csv
0.46,0.105,0.71,0.87,0.9375,0.96,0.9775,400,lists/scandinavian/list.scandinavian.attrib=lime_mpd=4_thresh=0.1_docnorm=T_tfidf=T.csv
0.315,0.675,0.0,0.0025,0.0025,0.0025,0.0025,400,lists/scandinavian/list.scandinavian.attrib=shap_mpd=10_thresh=0.1_docnorm=F_tfidf=F.csv
0.3075,0.6825,0.0,0.005,0.005,0.005,0.005,400,lists/scandinavian/list.scandinavian.attrib=loo_mpd=14_thresh=1.0_docnorm=F_tfidf=F.csv
0.44,0.1125,0.7775,0.92,0.955,0.975,0.9825,400,lists/scandinavian/list.scandinavian.attrib=loo_mpd=15_thresh=0.1_docnorm=T_tfidf=F.csv
0.6775,0.2775,0.0,0.0,0.0,0.0,0.0,400,lists/scandinavian/list.scandinavian.attrib=shap_mpd=12_thresh=0.6_docnorm=T_tfidf=F.csv
0.405,0.5875,0.0,0.0,0.0,0.0,0.0,400,lists/scandinavian/list.scandinavian.attrib=lime_mpd=1_thresh=0.6_docnorm=F_tfidf=F.csv
0.525,0.2525,0.0,0.1425,0.415,0.5775,0.67,400,lists/scandinavian/list.scandinavian.attrib=loo_mpd=15_thresh=0.2_docnorm=T_tfidf=T.csv
0.33,0.6625,0.0,0.0,0.0,0.0,0.0,400,lists/scandinavian/list.scandinavian.attrib=lime_mpd=19_thresh=0.2_docnorm=F_tfidf=T.csv
0.55,0.29,0.0,0.0,0.015,0.1375,0.2725,400,lists/scandinavian/list.scandinavian.attrib=ig_mpd=5_thresh=0.3_docnorm=T_tfidf=T.csv
0.34,0.65,0.0,0.0,0.0,0.0,0.0,400,lists/scandinavian/list.scandinavian.attrib=lime_mpd=4_thresh=0.5_docnorm=F_tfidf=T.csv
0.5525,0.2075,0.0,0.185,0.485,0.65,0.7425,400,lists/scandinavian/list.scandinavian.attrib=lime_mpd=8_thresh=0.2_docnorm=T_tfidf=T.csv
0.345,0.645,0.0,0.0,0.0,0.0,0.0,400,lists/scandinavian/list.scandinavian.attrib=lime_mpd=3_thresh=0.8_docnorm=F_tfidf=T.csv
0.4375,0.5525,0.0,0.0,0.0,0.0,0.0,400,lists/scandinavian/list.scandinavian.attrib=lime_mpd=1_thresh=0.8_docnorm=F_tfidf=T.csv
0.5375,0.44,0.0,0.0,0.0,0.0,0.0,400,lists/scandinavian/list.scandinavian.attrib=lime_mpd=4_thresh=0.9_docnorm=T_tfidf=T.csv
0.6425,0.2925,0.0,0.0,0.0,0.0025,0.0025,400,lists/scandinavian/list.scandinavian.attrib=lime_mpd=11_thresh=0.5_docnorm=T_tfidf=F.csv
0.585,0.285,0.0,0.0,0.01,0.1425,0.28,400,lists/scandinavian/list.scandinavian.attrib=lime_mpd=4_thresh=0.3_docnorm=T_tfidf=T.csv
0.32,0.675,0.0,0.005,0.005,0.005,0.005,400,lists/scandinavian/list.scandinavian.attrib=loo_mpd=6_thresh=1.0_docnorm=F_tfidf=T.csv
0.32,0.6725,0.0,0.005,0.005,0.005,0.005,400,lists/scandinavian/list.scandinavian.attrib=shap_mpd=4_thresh=0.3_docnorm=F_tfidf=F.csv
0.615,0.2575,0.0,0.0,0.0,0.0,0.075,400,lists/scandinavian/list.scandinavian.attrib=ig_mpd=17_thresh=0.4_docnorm=T_tfidf=F.csv
0.5925,0.2225,0.0,0.0,0.015,0.205,0.37,400,lists/scandinavian/list.scandinavian.attrib=ig_mpd=19_thresh=0.3_docnorm=T_tfidf=F.csv
0.375,0.6175,0.0,0.0025,0.0025,0.0025,0.0025,400,lists/scandinavian/list.scandinavian.attrib=shap_mpd=3_thresh=0.6_docnorm=F_tfidf=T.csv
0.1825,0.8075,0.0,0.0025,0.0025,0.0025,0.0025,400,lists/scandinavian/list.scandinavian.attrib=ig_mpd=14_thresh=0.8_docnorm=F_tfidf=F.csv
0.52,0.4675,0.0,0.0,0.0,0.0,0.0,400,lists/scandinavian/list.scandinavian.attrib=shap_mpd=7_thresh=1.0_docnorm=T_tfidf=T.csv
0.44,0.5375,0.0,0.0075,0.0125,0.015,0.0175,400,lists/scandinavian/list.scandinavian.attrib=loo_mpd=11_thresh=0.1_docnorm=F_tfidf=T.csv
0.28,0.7125,0.0,0.0,0.0,0.0,0.0,400,lists/scandinavian/list.scandinavian.attrib=lime_mpd=9_thresh=0.5_docnorm=F_tfidf=F.csv
0.4975,0.4675,0.0,0.0025,0.0025,0.0025,0.0025,400,lists/scandinavian/list.scandinavian.attrib=ig_mpd=11_thresh=0.9_docnorm=T_tfidf=F.csv
0.2175,0.775,0.0,0.0,0.0,0.0,0.0,400,lists/scandinavian/list.scandinavian.attrib=ig_mpd=6_thresh=0.7_docnorm=F_tfidf=T.csv
0.4175,0.57,0.0,0.005,0.005,0.005,0.005,400,lists/scandinavian/list.scandinavian.attrib=loo_mpd=20_thresh=0.8_docnorm=F_tfidf=T.csv
0.4025,0.5825,0.0,0.005,0.005,0.005,0.005,400,lists/scandinavian/list.scandinavian.attrib=loo_mpd=8_thresh=0.8_docnorm=F_tfidf=T.csv
0.195,0.79,0.0,0.0025,0.0025,0.0025,0.0025,400,lists/scandinavian/list.scandinavian.attrib=ig_mpd=19_thresh=0.2_docnorm=F_tfidf=F.csv
0.605,0.3425,0.0,0.0,0.0,0.0,0.0,400,lists/scandinavian/list.scandinavian.attrib=ig_mpd=19_thresh=0.6_docnorm=T_tfidf=T.csv
0.57,0.3775,0.0,0.0025,0.0025,0.0025,0.0025,400,lists/scandinavian/list.scandinavian.attrib=ig_mpd=15_thresh=0.8_docnorm=T_tfidf=T.csv
0.4275,0.56,0.0,0.005,0.005,0.005,0.005,400,lists/scandinavian/list.scandinavian.attrib=loo_mpd=19_thresh=0.7_docnorm=F_tfidf=T.csv
0.3575,0.6375,0.0,0.0,0.0,0.0,0.0,400,lists/scandinavian/list.scandinavian.attrib=shap_mpd=16_thresh=0.5_docnorm=F_tfidf=T.csv
0.3275,0.665,0.0,0.0,0.0,0.0,0.0,400,lists/scandinavian/list.scandinavian.attrib=lime_mpd=15_thresh=0.9_docnorm=F_tfidf=T.csv
0.475,0.2575,0.0,0.24,0.515,0.6525,0.735,400,lists/scandinavian/list.scandinavian.attrib=ig_mpd=19_thresh=0.2_docnorm=T_tfidf=T.csv
0.3325,0.6575,0.0,0.0,0.0,0.0,0.0,400,lists/scandinavian/list.scandinavian.attrib=lime_mpd=8_thresh=0.1_docnorm=F_tfidf=T.csv
0.3125,0.675,0.0,0.005,0.005,0.005,0.005,400,lists/scandinavian/list.scandinavian.attrib=loo_mpd=17_thresh=1.0_docnorm=F_tfidf=F.csv
0.595,0.3325,0.0,0.0,0.0,0.0,0.0,400,lists/scandinavian/list.scandinavian.attrib=ig_mpd=17_thresh=0.5_docnorm=T_tfidf=T.csv
0.315,0.675,0.0,0.0025,0.0025,0.0025,0.0025,400,lists/scandinavian/list.scandinavian.attrib=shap_mpd=17_thresh=0.8_docnorm=F_tfidf=F.csv
0.13513513513513514,0.8648648648648649,0.0,0.0,0.0,0.0,0.0,148,lists/scandinavian/list.scandinavian.attrib=ig_mpd=1_thresh=1.0_docnorm=T_tfidf=T.csv
0.315,0.675,0.0,0.0025,0.0025,0.0025,0.0025,400,lists/scandinavian/list.scandinavian.attrib=shap_mpd=10_thresh=0.8_docnorm=F_tfidf=F.csv
0.37,0.625,0.0,0.0,0.0,0.0,0.0,400,lists/scandinavian/list.scandinavian.attrib=shap_mpd=4_thresh=0.6_docnorm=F_tfidf=T.csv
0.2825,0.71,0.0,0.0,0.0,0.0,0.0,400,lists/scandinavian/list.scandinavian.attrib=lime_mpd=10_thresh=0.5_docnorm=F_tfidf=F.csv
0.4724770642201835,0.5275229357798165,0.0,0.0,0.0,0.0,0.0,218,lists/scandinavian/list.scandinavian.attrib=shap_mpd=1_thresh=1.0_docnorm=F_tfidf=T.csv
0.28,0.7125,0.0,0.0,0.0,0.0,0.0,400,lists/scandinavian/list.scandinavian.attrib=lime_mpd=9_thresh=1.0_docnorm=F_tfidf=F.csv
0.5675,0.38,0.0,0.0025,0.0025,0.0025,0.0025,400,lists/scandinavian/list.scandinavian.attrib=ig_mpd=16_thresh=0.8_docnorm=T_tfidf=T.csv
0.1925,0.795,0.0,0.0025,0.0025,0.0025,0.0025,400,lists/scandinavian/list.scandinavian.attrib=ig_mpd=16_thresh=0.3_docnorm=F_tfidf=F.csv
0.345,0.6425,0.0,0.005,0.005,0.005,0.005,400,lists/scandinavian/list.scandinavian.attrib=loo_mpd=14_thresh=0.7_docnorm=F_tfidf=F.csv
0.36,0.635,0.0,0.0,0.0,0.0,0.0,400,lists/scandinavian/list.scandinavian.attrib=shap_mpd=14_thresh=0.6_docnorm=F_tfidf=T.csv
0.33,0.6625,0.0,0.0,0.0,0.0,0.0,400,lists/scandinavian/list.scandinavian.attrib=lime_mpd=16_thresh=0.2_docnorm=F_tfidf=T.csv
0.4025,0.5825,0.0,0.005,0.005,0.005,0.005,400,lists/scandinavian/list.scandinavian.attrib=loo_mpd=15_thresh=0.9_docnorm=F_tfidf=T.csv
0.615,0.36,0.0,0.0,0.0,0.0,0.0,400,lists/scandinavian/list.scandinavian.attrib=lime_mpd=11_thresh=0.8_docnorm=T_tfidf=F.csv
0.2975,0.69,0.0,0.0,0.0,0.0,0.0,400,lists/scandinavian/list.scandinavian.attrib=ig_mpd=1_thresh=0.6_docnorm=F_tfidf=T.csv
0.4375,0.5475,0.0,0.005,0.005,0.005,0.005,400,lists/scandinavian/list.scandinavian.attrib=loo_mpd=18_thresh=0.4_docnorm=F_tfidf=T.csv
0.54,0.275,0.0,0.0,0.0175,0.19,0.345,400,lists/scandinavian/list.scandinavian.attrib=ig_mpd=10_thresh=0.3_docnorm=T_tfidf=T.csv
0.6225,0.2475,0.0,0.0,0.0,0.0,0.08,400,lists/scandinavian/list.scandinavian.attrib=ig_mpd=19_thresh=0.4_docnorm=T_tfidf=F.csv
0.4325,0.11,0.795,0.9325,0.96,0.9775,0.985,400,lists/scandinavian/list.scandinavian.attrib=loo_mpd=19_thresh=0.1_docnorm=T_tfidf=F.csv
0.4375,0.5575,0.0,0.0,0.0,0.0,0.0,400,lists/scandinavian/list.scandinavian.attrib=loo_mpd=10_thresh=1.0_docnorm=T_tfidf=T.csv
0.5225,0.44,0.0,0.0025,0.0025,0.0025,0.0025,400,lists/scandinavian/list.scandinavian.attrib=ig_mpd=14_thresh=0.9_docnorm=T_tfidf=T.csv
0.5725,0.295,0.0,0.0025,0.0025,0.0025,0.1025,400,lists/scandinavian/list.scandinavian.attrib=ig_mpd=20_thresh=0.4_docnorm=T_tfidf=T.csv
0.6175,0.3525,0.0,0.0,0.0,0.0,0.0,400,lists/scandinavian/list.scandinavian.attrib=loo_mpd=14_thresh=0.6_docnorm=T_tfidf=F.csv
0.645,0.3225,0.0,0.0,0.0,0.0,0.0,400,lists/scandinavian/list.scandinavian.attrib=lime_mpd=16_thresh=0.6_docnorm=T_tfidf=F.csv
0.225,0.7675,0.0,0.0,0.0,0.0,0.0,400,lists/scandinavian/list.scandinavian.attrib=ig_mpd=14_thresh=0.3_docnorm=F_tfidf=T.csv
0.195,0.79,0.0,0.0025,0.0025,0.0025,0.0025,400,lists/scandinavian/list.scandinavian.attrib=ig_mpd=18_thresh=0.3_docnorm=F_tfidf=F.csv
0.6075,0.34,0.0,0.0025,0.0025,0.0025,0.0025,400,lists/scandinavian/list.scandinavian.attrib=ig_mpd=16_thresh=0.7_docnorm=T_tfidf=T.csv
0.6075,0.2875,0.0,0.0,0.0,0.0025,0.0725,400,lists/scandinavian/list.scandinavian.attrib=lime_mpd=6_thresh=0.4_docnorm=T_tfidf=T.csv
0.3575,0.63,0.0,0.005,0.005,0.005,0.005,400,lists/scandinavian/list.scandinavian.attrib=loo_mpd=13_thresh=1.0_docnorm=F_tfidf=T.csv
0.315,0.675,0.0,0.0025,0.0025,0.0025,0.0025,400,lists/scandinavian/list.scandinavian.attrib=shap_mpd=18_thresh=0.3_docnorm=F_tfidf=F.csv
0.32,0.67,0.0,0.005,0.005,0.005,0.005,400,lists/scandinavian/list.scandinavian.attrib=loo_mpd=4_thresh=0.9_docnorm=F_tfidf=F.csv
0.44,0.54,0.0,0.005,0.01,0.01,0.0125,400,lists/scandinavian/list.scandinavian.attrib=loo_mpd=17_thresh=0.2_docnorm=F_tfidf=T.csv
0.355,0.635,0.0,0.0025,0.0025,0.0025,0.0025,400,lists/scandinavian/list.scandinavian.attrib=shap_mpd=6_thresh=0.1_docnorm=F_tfidf=T.csv
0.1825,0.8075,0.0,0.0025,0.0025,0.0025,0.0025,400,lists/scandinavian/list.scandinavian.attrib=ig_mpd=14_thresh=0.7_docnorm=F_tfidf=F.csv
0.2825,0.71,0.0,0.0,0.0,0.0,0.0,400,lists/scandinavian/list.scandinavian.attrib=lime_mpd=10_thresh=0.7_docnorm=F_tfidf=F.csv
0.225,0.7675,0.0,0.0,0.0,0.0,0.0,400,lists/scandinavian/list.scandinavian.attrib=ig_mpd=13_thresh=0.4_docnorm=F_tfidf=T.csv
0.1925,0.7975,0.0,0.0025,0.0025,0.0025,0.0025,400,lists/scandinavian/list.scandinavian.attrib=ig_mpd=15_thresh=0.6_docnorm=F_tfidf=F.csv
0.44,0.1225,0.6725,0.8425,0.9325,0.9625,0.9875,400,lists/scandinavian/list.scandinavian.attrib=loo_mpd=9_thresh=0.1_docnorm=T_tfidf=T.csv
0.5325,0.185,0.0,0.2,0.43,0.6175,0.725,400,lists/scandinavian/list.scandinavian.attrib=ig_mpd=10_thresh=0.2_docnorm=T_tfidf=F.csv
0.445,0.5425,0.0,0.0,0.0,0.0,0.0,400,lists/scandinavian/list.scandinavian.attrib=lime_mpd=5_thresh=1.0_docnorm=T_tfidf=F.csv
0.355,0.635,0.0,0.0025,0.0025,0.0025,0.0025,400,lists/scandinavian/list.scandinavian.attrib=shap_mpd=7_thresh=0.4_docnorm=F_tfidf=T.csv
0.315,0.675,0.0,0.005,0.005,0.005,0.005,400,lists/scandinavian/list.scandinavian.attrib=shap_mpd=7_thresh=0.1_docnorm=F_tfidf=F.csv
0.51,0.46,0.0,0.0025,0.0025,0.0025,0.0025,400,lists/scandinavian/list.scandinavian.attrib=ig_mpd=10_thresh=0.9_docnorm=T_tfidf=F.csv
0.635,0.2075,0.0,0.0,0.005,0.1425,0.32,400,lists/scandinavian/list.scandinavian.attrib=shap_mpd=6_thresh=0.3_docnorm=T_tfidf=F.csv
0.6125,0.3025,0.0,0.0,0.0,0.0,0.0,400,lists/scandinavian/list.scandinavian.attrib=ig_mpd=13_thresh=0.5_docnorm=T_tfidf=F.csv
0.4475,0.5375,0.0,0.0,0.0,0.0,0.0,400,lists/scandinavian/list.scandinavian.attrib=lime_mpd=8_thresh=1.0_docnorm=T_tfidf=F.csv
0.6075,0.335,0.0,0.0,0.0,0.0,0.0,400,lists/scandinavian/list.scandinavian.attrib=ig_mpd=12_thresh=0.6_docnorm=T_tfidf=T.csv
0.485,0.5075,0.0,0.0,0.0,0.0,0.0,400,lists/scandinavian/list.scandinavian.attrib=loo_mpd=2_thresh=0.8_docnorm=T_tfidf=T.csv
0.34,0.65,0.0,0.0,0.0,0.0,0.0,400,lists/scandinavian/list.scandinavian.attrib=lime_mpd=4_thresh=0.1_docnorm=F_tfidf=T.csv
0.35,0.6375,0.0,0.005,0.005,0.005,0.005,400,lists/scandinavian/list.scandinavian.attrib=loo_mpd=8_thresh=0.4_docnorm=F_tfidf=F.csv
0.5225,0.2725,0.0,0.0925,0.31,0.4425,0.5375,400,lists/scandinavian/list.scandinavian.attrib=loo_mpd=5_thresh=0.2_docnorm=T_tfidf=F.csv
0.4575,0.525,0.0,0.0025,0.0075,0.0125,0.02,400,lists/scandinavian/list.scandinavian.attrib=loo_mpd=2_thresh=0.2_docnorm=F_tfidf=T.csv
0.3475,0.64,0.0,0.005,0.005,0.005,0.005,400,lists/scandinavian/list.scandinavian.attrib=loo_mpd=19_thresh=0.2_docnorm=F_tfidf=F.csv
0.405,0.5875,0.0,0.0,0.0,0.0,0.0,400,lists/scandinavian/list.scandinavian.attrib=lime_mpd=1_thresh=0.4_docnorm=F_tfidf=F.csv
0.3575,0.6375,0.0,0.0,0.0,0.0,0.0,400,lists/scandinavian/list.scandinavian.attrib=shap_mpd=10_thresh=0.8_docnorm=F_tfidf=T.csv
0.61,0.35,0.0,0.0,0.0,0.0,0.0,400,lists/scandinavian/list.scandinavian.attrib=loo_mpd=7_thresh=0.6_docnorm=T_tfidf=F.csv
0.195,0.79,0.0,0.0025,0.0025,0.0025,0.0025,400,lists/scandinavian/list.scandinavian.attrib=ig_mpd=19_thresh=0.4_docnorm=F_tfidf=F.csv
0.615,0.2525,0.0,0.0,0.02,0.205,0.375,400,lists/scandinavian/list.scandinavian.attrib=lime_mpd=17_thresh=0.3_docnorm=T_tfidf=T.csv
0.555,0.3075,0.0,0.0,0.0025,0.1075,0.2475,400,lists/scandinavian/list.scandinavian.attrib=loo_mpd=9_thresh=0.3_docnorm=T_tfidf=T.csv
0.3325,0.66,0.0,0.0,0.0,0.0,0.0,400,lists/scandinavian/list.scandinavian.attrib=lime_mpd=11_thresh=0.5_docnorm=F_tfidf=T.csv
0.3725,0.615,0.0,0.005,0.005,0.005,0.0075,400,lists/scandinavian/list.scandinavian.attrib=loo_mpd=2_thresh=0.2_docnorm=F_tfidf=F.csv
0.555,0.2925,0.0,0.0,0.0125,0.1625,0.32,400,lists/scandinavian/list.scandinavian.attrib=loo_mpd=18_thresh=0.3_docnorm=T_tfidf=T.csv
0.315,0.675,0.0,0.0025,0.0025,0.0025,0.0025,400,lists/scandinavian/list.scandinavian.attrib=shap_mpd=15_thresh=0.3_docnorm=F_tfidf=F.csv
0.545,0.435,0.0,0.0,0.0,0.0,0.0,400,lists/scandinavian/list.scandinavian.attrib=shap_mpd=3_thresh=0.9_docnorm=T_tfidf=T.csv
0.31,0.6825,0.0,0.0,0.0,0.0,0.0,400,lists/scandinavian/list.scandinavian.attrib=lime_mpd=3_thresh=0.9_docnorm=F_tfidf=F.csv
0.5725,0.3,0.0,0.0025,0.0025,0.0025,0.0975,400,lists/scandinavian/list.scandinavian.attrib=ig_mpd=17_thresh=0.4_docnorm=T_tfidf=T.csv
0.33,0.6625,0.0,0.0,0.0,0.0,0.0,400,lists/scandinavian/list.scandinavian.attrib=lime_mpd=11_thresh=0.9_docnorm=F_tfidf=T.csv
0.315,0.675,0.0,0.0025,0.0025,0.0025,0.0025,400,lists/scandinavian/list.scandinavian.attrib=shap_mpd=12_thresh=0.1_docnorm=F_tfidf=F.csv
0.5,0.24,0.0,0.1775,0.455,0.6,0.685,400,lists/scandinavian/list.scandinavian.attrib=ig_mpd=8_thresh=0.2_docnorm=T_tfidf=T.csv
0.1825,0.81,0.0,0.0,0.0,0.0,0.0,400,lists/scandinavian/list.scandinavian.attrib=ig_mpd=5_thresh=0.8_docnorm=F_tfidf=F.csv
0.6675,0.2725,0.0,0.0,0.0,0.0,0.0,400,lists/scandinavian/list.scandinavian.attrib=shap_mpd=18_thresh=0.5_docnorm=T_tfidf=T.csv
0.565,0.42,0.0,0.0,0.0,0.0,0.0,400,lists/scandinavian/list.scandinavian.attrib=loo_mpd=6_thresh=0.8_docnorm=T_tfidf=F.csv
0.6125,0.325,0.0,0.0,0.0,0.0,0.0,400,lists/scandinavian/list.scandinavian.attrib=loo_mpd=14_thresh=0.5_docnorm=T_tfidf=T.csv
0.6025,0.2825,0.0,0.0,0.0,0.005,0.105,400,lists/scandinavian/list.scandinavian.attrib=lime_mpd=14_thresh=0.4_docnorm=T_tfidf=T.csv
0.315,0.675,0.0,0.0025,0.0025,0.0025,0.0025,400,lists/scandinavian/list.scandinavian.attrib=shap_mpd=15_thresh=0.7_docnorm=F_tfidf=F.csv
0.3475,0.64,0.0,0.005,0.005,0.005,0.005,400,lists/scandinavian/list.scandinavian.attrib=loo_mpd=14_thresh=0.4_docnorm=F_tfidf=F.csv
0.3575,0.6375,0.0,0.0,0.0,0.0,0.0,400,lists/scandinavian/list.scandinavian.attrib=shap_mpd=13_thresh=0.7_docnorm=F_tfidf=T.csv
0.5675,0.1875,0.0,0.205,0.5125,0.6475,0.7475,400,lists/scandinavian/list.scandinavian.attrib=shap_mpd=8_thresh=0.2_docnorm=T_tfidf=F.csv
0.5925,0.39,0.0,0.0,0.0,0.0,0.0,400,lists/scandinavian/list.scandinavian.attrib=shap_mpd=11_thresh=0.9_docnorm=T_tfidf=T.csv
0.4325,0.5575,0.0,0.0025,0.0025,0.0025,0.0025,400,lists/scandinavian/list.scandinavian.attrib=shap_mpd=1_thresh=0.8_docnorm=F_tfidf=F.csv
0.5375,0.2075,0.0,0.1925,0.47,0.6175,0.705,400,lists/scandinavian/list.scandinavian.attrib=shap_mpd=12_thresh=0.2_docnorm=T_tfidf=T.csv
0.48,0.5025,0.0,0.0025,0.0125,0.02,0.0275,400,lists/scandinavian/list.scandinavian.attrib=loo_mpd=1_thresh=0.1_docnorm=F_tfidf=T.csv
0.3475,0.64,0.0,0.005,0.005,0.005,0.005,400,lists/scandinavian/list.scandinavian.attrib=loo_mpd=15_thresh=0.3_docnorm=F_tfidf=F.csv
0.61,0.365,0.0,0.0,0.0,0.0,0.0,400,lists/scandinavian/list.scandinavian.attrib=lime_mpd=9_thresh=0.8_docnorm=T_tfidf=F.csv
0.565,0.375,0.0,0.0025,0.0025,0.0025,0.0025,400,lists/scandinavian/list.scandinavian.attrib=ig_mpd=20_thresh=0.8_docnorm=T_tfidf=T.csv
0.285,0.7075,0.0,0.0,0.0,0.0,0.0,400,lists/scandinavian/list.scandinavian.attrib=lime_mpd=13_thresh=0.4_docnorm=F_tfidf=F.csv
0.4,0.585,0.0,0.005,0.005,0.005,0.005,400,lists/scandinavian/list.scandinavian.attrib=loo_mpd=18_thresh=0.9_docnorm=F_tfidf=T.csv
0.6075,0.375,0.0,0.0,0.0,0.0,0.0,400,lists/scandinavian/list.scandinavian.attrib=loo_mpd=2_thresh=0.5_docnorm=T_tfidf=T.csv
0.6,0.345,0.0,0.0025,0.0025,0.0025,0.0025,400,lists/scandinavian/list.scandinavian.attrib=ig_mpd=16_thresh=0.7_docnorm=T_tfidf=F.csv
0.665,0.235,0.0,0.0025,0.0025,0.0025,0.0875,400,lists/scandinavian/list.scandinavian.attrib=shap_mpd=7_thresh=0.4_docnorm=T_tfidf=F.csv
0.595,0.3875,0.0,0.0,0.0,0.0,0.0,400,lists/scandinavian/list.scandinavian.attrib=loo_mpd=1_thresh=0.5_docnorm=T_tfidf=T.csv
0.3575,0.635,0.0,0.0025,0.0025,0.0025,0.0025,400,lists/scandinavian/list.scandinavian.attrib=shap_mpd=9_thresh=0.7_docnorm=F_tfidf=T.csv
0.6075,0.3675,0.0,0.0,0.0,0.0,0.0,400,lists/scandinavian/list.scandinavian.attrib=lime_mpd=8_thresh=0.8_docnorm=T_tfidf=F.csv
0.3325,0.6575,0.0,0.0,0.0,0.0,0.0,400,lists/scandinavian/list.scandinavian.attrib=lime_mpd=8_thresh=0.5_docnorm=F_tfidf=T.csv
0.6125,0.33,0.0,0.0,0.0,0.0,0.0,400,lists/scandinavian/list.scandinavian.attrib=ig_mpd=14_thresh=0.6_docnorm=T_tfidf=T.csv
0.4325,0.555,0.0,0.005,0.005,0.005,0.005,400,lists/scandinavian/list.scandinavian.attrib=loo_mpd=9_thresh=0.6_docnorm=F_tfidf=T.csv
0.6,0.38,0.0,0.0,0.0,0.0,0.0,400,lists/scandinavian/list.scandinavian.attrib=shap_mpd=13_thresh=0.9_docnorm=T_tfidf=F.csv
0.625,0.2625,0.0,0.0,0.0,0.0,0.11,400,lists/scandinavian/list.scandinavian.attrib=shap_mpd=16_thresh=0.4_docnorm=T_tfidf=T.csv
0.4825,0.5125,0.0,0.0025,0.0025,0.0025,0.0025,400,lists/scandinavian/list.scandinavian.attrib=shap_mpd=3_thresh=1.0_docnorm=T_tfidf=F.csv
0.2875,0.705,0.0,0.0,0.0,0.0,0.0,400,lists/scandinavian/list.scandinavian.attrib=lime_mpd=19_thresh=0.8_docnorm=F_tfidf=F.csv
0.6275,0.35,0.0,0.0,0.0,0.0,0.0,400,lists/scandinavian/list.scandinavian.attrib=loo_mpd=5_thresh=0.6_docnorm=T_tfidf=T.csv
0.585,0.2625,0.0,0.0,0.0175,0.1975,0.3775,400,lists/scandinavian/list.scandinavian.attrib=lime_mpd=16_thresh=0.3_docnorm=T_tfidf=F.csv
0.36,0.6275,0.0,0.005,0.005,0.005,0.0075,400,lists/scandinavian/list.scandinavian.attrib=loo_mpd=3_thresh=0.3_docnorm=F_tfidf=F.csv
0.22,0.7725,0.0,0.0,0.0,0.0,0.0,400,lists/scandinavian/list.scandinavian.attrib=ig_mpd=12_thresh=0.5_docnorm=F_tfidf=T.csv
0.5475,0.2025,0.0,0.1875,0.4725,0.62,0.71,400,lists/scandinavian/list.scandinavian.attrib=shap_mpd=11_thresh=0.2_docnorm=T_tfidf=T.csv
0.4325,0.5575,0.0,0.0025,0.0025,0.0025,0.0025,400,lists/scandinavian/list.scandinavian.attrib=shap_mpd=1_thresh=0.1_docnorm=F_tfidf=F.csv
0.185,0.8075,0.0,0.0,0.0,0.0,0.0,400,lists/scandinavian/list.scandinavian.attrib=ig_mpd=4_thresh=0.3_docnorm=F_tfidf=F.csv
0.5225,0.2525,0.0,0.1975,0.485,0.6425,0.75,400,lists/scandinavian/list.scandinavian.attrib=lime_mpd=6_thresh=0.2_docnorm=T_tfidf=F.csv
0.34,0.6475,0.0,0.005,0.005,0.005,0.005,400,lists/scandinavian/list.scandinavian.attrib=loo_mpd=11_thresh=0.8_docnorm=F_tfidf=F.csv
0.315,0.675,0.0,0.005,0.005,0.005,0.005,400,lists/scandinavian/list.scandinavian.attrib=shap_mpd=10_thresh=1.0_docnorm=F_tfidf=F.csv
0.5075,0.2375,0.0,0.1375,0.395,0.5575,0.6575,400,lists/scandinavian/list.scandinavian.attrib=ig_mpd=5_thresh=0.2_docnorm=T_tfidf=T.csv
0.195,0.79,0.0,0.0025,0.0025,0.0025,0.0025,400,lists/scandinavian/list.scandinavian.attrib=ig_mpd=18_thresh=0.4_docnorm=F_tfidf=F.csv
0.215,0.7775,0.0,0.0,0.0,0.0,0.0,400,lists/scandinavian/list.scandinavian.attrib=ig_mpd=8_thresh=0.1_docnorm=F_tfidf=T.csv
0.3475,0.64,0.0,0.005,0.005,0.005,0.005,400,lists/scandinavian/list.scandinavian.attrib=loo_mpd=13_thresh=0.6_docnorm=F_tfidf=F.csv
0.59,0.385,0.0,0.0,0.0,0.0,0.0,400,lists/scandinavian/list.scandinavian.attrib=loo_mpd=8_thresh=0.8_docnorm=T_tfidf=F.csv
0.3325,0.6575,0.0,0.005,0.005,0.005,0.005,400,lists/scandinavian/list.scandinavian.attrib=loo_mpd=7_thresh=0.9_docnorm=F_tfidf=F.csv
0.5225,0.4325,0.0,0.0025,0.0025,0.0025,0.0025,400,lists/scandinavian/list.scandinavian.attrib=ig_mpd=4_thresh=0.8_docnorm=T_tfidf=F.csv
0.625,0.345,0.0,0.0,0.0025,0.0025,0.0025,400,lists/scandinavian/list.scandinavian.attrib=lime_mpd=15_thresh=0.7_docnorm=T_tfidf=F.csv
0.1725,0.8175,0.0,0.0025,0.0025,0.0025,0.0025,400,lists/scandinavian/list.scandinavian.attrib=ig_mpd=8_thresh=0.8_docnorm=F_tfidf=F.csv
0.5975,0.3375,0.0,0.0,0.0,0.0,0.015,400,lists/scandinavian/list.scandinavian.attrib=loo_mpd=5_thresh=0.4_docnorm=T_tfidf=F.csv
0.67,0.305,0.0,0.0,0.0,0.0,0.0,400,lists/scandinavian/list.scandinavian.attrib=shap_mpd=15_thresh=0.7_docnorm=T_tfidf=F.csv
0.615,0.36,0.0,0.0,0.0,0.0,0.0,400,lists/scandinavian/list.scandinavian.attrib=lime_mpd=19_thresh=0.8_docnorm=T_tfidf=F.csv
0.33,0.66,0.0,0.0,0.0,0.0,0.0,400,lists/scandinavian/list.scandinavian.attrib=lime_mpd=10_thresh=0.9_docnorm=F_tfidf=T.csv
0.64,0.3325,0.0,0.0,0.0,0.0,0.0,400,lists/scandinavian/list.scandinavian.attrib=lime_mpd=18_thresh=0.7_docnorm=T_tfidf=T.csv
0.2025,0.7875,0.0,0.0,0.0,0.0,0.0,400,lists/scandinavian/list.scandinavian.attrib=ig_mpd=12_thresh=1.0_docnorm=F_tfidf=T.csv
0.46,0.0875,0.75,0.905,0.9625,0.98,0.9925,400,lists/scandinavian/list.scandinavian.attrib=lime_mpd=9_thresh=0.1_docnorm=T_tfidf=T.csv
0.3675,0.625,0.0,0.0,0.0,0.0,0.0,400,lists/scandinavian/list.scandinavian.attrib=shap_mpd=4_thresh=0.4_docnorm=F_tfidf=T.csv
0.2225,0.77,0.0,0.0,0.0,0.0,0.0,400,lists/scandinavian/list.scandinavian.attrib=ig_mpd=11_thresh=0.9_docnorm=F_tfidf=T.csv
0.335,0.655,0.0,0.0,0.0,0.0,0.0,400,lists/scandinavian/list.scandinavian.attrib=lime_mpd=5_thresh=0.6_docnorm=F_tfidf=T.csv
0.615,0.3525,0.0,0.0,0.0,0.0,0.0,400,lists/scandinavian/list.scandinavian.attrib=loo_mpd=3_thresh=0.5_docnorm=T_tfidf=F.csv
0.6525,0.315,0.0,0.0,0.0,0.0,0.0,400,lists/scandinavian/list.scandinavian.attrib=shap_mpd=15_thresh=0.8_docnorm=T_tfidf=T.csv
0.6525,0.3175,0.0,0.0,0.0,0.0,0.0,400,lists/scandinavian/list.scandinavian.attrib=shap_mpd=20_thresh=0.8_docnorm=T_tfidf=T.csv
0.55,0.2175,0.0,0.155,0.43,0.5725,0.6525,400,lists/scandinavian/list.scandinavian.attrib=shap_mpd=6_thresh=0.2_docnorm=T_tfidf=T.csv
0.33,0.6625,0.0,0.0,0.0,0.0,0.0,400,lists/scandinavian/list.scandinavian.attrib=lime_mpd=13_thresh=0.9_docnorm=F_tfidf=T.csv
0.6275,0.2625,0.0,0.0,0.0,0.0,0.11,400,lists/scandinavian/list.scandinavian.attrib=shap_mpd=17_thresh=0.4_docnorm=T_tfidf=T.csv
0.6175,0.3175,0.0,0.0,0.0,0.0,0.0,400,lists/scandinavian/list.scandinavian.attrib=ig_mpd=9_thresh=0.6_docnorm=T_tfidf=F.csv
0.3175,0.6725,0.0,0.005,0.005,0.005,0.005,400,lists/scandinavian/list.scandinavian.attrib=shap_mpd=6_thresh=0.8_docnorm=F_tfidf=F.csv
0.2825,0.71,0.0,0.0,0.0,0.0,0.0,400,lists/scandinavian/list.scandinavian.attrib=lime_mpd=10_thresh=0.3_docnorm=F_tfidf=F.csv
0.6675,0.2875,0.0,0.0,0.0,0.0,0.0,400,lists/scandinavian/list.scandinavian.attrib=shap_mpd=13_thresh=0.6_docnorm=T_tfidf=T.csv
0.1792717086834734,0.8179271708683473,0.0,0.0028011204481792717,0.0028011204481792717,0.0028011204481792717,0.0028011204481792717,357,lists/scandinavian/list.scandinavian.attrib=ig_mpd=3_thresh=1.0_docnorm=F_tfidf=T.csv
0.54,0.335,0.0,0.0,0.005,0.105,0.2325,400,lists/scandinavian/list.scandinavian.attrib=loo_mpd=8_thresh=0.3_docnorm=T_tfidf=F.csv
0.5725,0.1675,0.0,0.255,0.565,0.695,0.7775,400,lists/scandinavian/list.scandinavian.attrib=shap_mpd=20_thresh=0.2_docnorm=T_tfidf=F.csv
0.33,0.6625,0.0,0.0,0.0,0.0,0.0,400,lists/scandinavian/list.scandinavian.attrib=lime_mpd=14_thresh=0.2_docnorm=F_tfidf=T.csv
0.18,0.81,0.0,0.0025,0.0025,0.0025,0.0025,400,lists/scandinavian/list.scandinavian.attrib=ig_mpd=10_thresh=0.3_docnorm=F_tfidf=F.csv
0.5375,0.4425,0.0,0.0,0.0,0.0,0.0,400,lists/scandinavian/list.scandinavian.attrib=shap_mpd=17_thresh=1.0_docnorm=T_tfidf=T.csv
0.5175,0.47,0.0,0.0,0.0,0.0,0.0,400,lists/scandinavian/list.scandinavian.attrib=shap_mpd=8_thresh=1.0_docnorm=T_tfidf=F.csv
0.4425,0.1125,0.6925,0.86,0.9475,0.9725,0.99,400,lists/scandinavian/list.scandinavian.attrib=loo_mpd=12_thresh=0.1_docnorm=T_tfidf=T.csv
0.195,0.795,0.0,0.0025,0.0025,0.0025,0.0025,400,lists/scandinavian/list.scandinavian.attrib=ig_mpd=3_thresh=0.6_docnorm=F_tfidf=F.csv
0.6575,0.2725,0.0,0.0,0.0,0.0,0.0,400,lists/scandinavian/list.scandinavian.attrib=shap_mpd=11_thresh=0.5_docnorm=T_tfidf=F.csv
0.5175,0.235,0.0,0.21,0.52,0.6725,0.7775,400,lists/scandinavian/list.scandinavian.attrib=lime_mpd=8_thresh=0.2_docnorm=T_tfidf=F.csv
0.44,0.12,0.68,0.8475,0.94,0.97,0.9875,400,lists/scandinavian/list.scandinavian.attrib=loo_mpd=10_thresh=0.1_docnorm=T_tfidf=T.csv
0.46153846153846156,0.5384615384615384,0.0,0.0,0.0,0.0,0.0,221,lists/scandinavian/list.scandinavian.attrib=shap_mpd=1_thresh=1.0_docnorm=F_tfidf=F.csv
0.355,0.6375,0.0,0.0,0.0,0.0,0.0,400,lists/scandinavian/list.scandinavian.attrib=shap_mpd=10_thresh=0.3_docnorm=F_tfidf=T.csv
0.585,0.3825,0.0,0.0,0.0,0.0,0.0,400,lists/scandinavian/list.scandinavian.attrib=loo_mpd=1_thresh=0.4_docnorm=T_tfidf=T.csv
0.445,0.5425,0.0,0.0,0.0,0.0,0.0,400,lists/scandinavian/list.scandinavian.attrib=lime_mpd=6_thresh=1.0_docnorm=T_tfidf=F.csv
0.3575,0.6175,0.0,0.0,0.0,0.0,0.0,400,lists/scandinavian/list.scandinavian.attrib=ig_mpd=20_thresh=1.0_docnorm=T_tfidf=F.csv
0.3525,0.64,0.0,0.0025,0.0025,0.0025,0.0025,400,lists/scandinavian/list.scandinavian.attrib=shap_mpd=9_thresh=1.0_docnorm=F_tfidf=T.csv
0.6375,0.33,0.0,0.0,0.0,0.0,0.0,400,lists/scandinavian/list.scandinavian.attrib=lime_mpd=7_thresh=0.6_docnorm=T_tfidf=T.csv
0.515,0.475,0.0,0.0,0.0,0.0,0.0,400,lists/scandinavian/list.scandinavian.attrib=shap_mpd=7_thresh=1.0_docnorm=T_tfidf=F.csv
0.285,0.7075,0.0,0.0,0.0,0.0,0.0,400,lists/scandinavian/list.scandinavian.attrib=lime_mpd=16_thresh=0.9_docnorm=F_tfidf=F.csv
0.3325,0.6575,0.0,0.0,0.0,0.0,0.0,400,lists/scandinavian/list.scandinavian.attrib=lime_mpd=8_thresh=0.2_docnorm=F_tfidf=T.csv
0.4235294117647059,0.5764705882352941,0.0,0.0,0.0,0.0,0.0,255,lists/scandinavian/list.scandinavian.attrib=lime_mpd=1_thresh=1.0_docnorm=F_tfidf=F.csv
0.3625,0.6325,0.0,0.0,0.0,0.0,0.0,400,lists/scandinavian/list.scandinavian.attrib=shap_mpd=5_thresh=0.6_docnorm=F_tfidf=T.csv
0.59,0.395,0.0,0.0,0.0,0.0,0.0,400,lists/scandinavian/list.scandinavian.attrib=lime_mpd=9_thresh=0.9_docnorm=T_tfidf=T.csv
0.315,0.675,0.0,0.0025,0.0025,0.0025,0.0025,400,lists/scandinavian/list.scandinavian.attrib=shap_mpd=20_thresh=0.1_docnorm=F_tfidf=F.csv
0.605,0.2825,0.0,0.0,0.0,0.005,0.1075,400,lists/scandinavian/list.scandinavian.attrib=lime_mpd=20_thresh=0.4_docnorm=T_tfidf=T.csv
0.3225,0.67,0.0,0.005,0.005,0.005,0.005,400,lists/scandinavian/list.scandinavian.attrib=shap_mpd=3_thresh=0.8_docnorm=F_tfidf=F.csv
0.575,0.385,0.0,0.0025,0.0025,0.0025,0.0025,400,lists/scandinavian/list.scandinavian.attrib=ig_mpd=11_thresh=0.8_docnorm=T_tfidf=F.csv
0.3106508875739645,0.6834319526627219,0.0,0.005917159763313609,0.005917159763313609,0.005917159763313609,0.005917159763313609,338,lists/scandinavian/list.scandinavian.attrib=loo_mpd=2_thresh=1.0_docnorm=T_tfidf=F.csv
0.545,0.4075,0.0,0.0025,0.0025,0.0025,0.0025,400,lists/scandinavian/list.scandinavian.attrib=ig_mpd=5_thresh=0.8_docnorm=T_tfidf=F.csv
0.3575,0.6375,0.0,0.0,0.0,0.0,0.0,400,lists/scandinavian/list.scandinavian.attrib=shap_mpd=19_thresh=0.5_docnorm=F_tfidf=T.csv
0.545,0.2125,0.0,0.165,0.4425,0.5875,0.68,400,lists/scandinavian/list.scandinavian.attrib=shap_mpd=8_thresh=0.2_docnorm=T_tfidf=T.csv
0.6125,0.3625,0.0,0.0,0.0,0.0,0.0,400,lists/scandinavian/list.scandinavian.attrib=lime_mpd=10_thresh=0.8_docnorm=T_tfidf=F.csv
0.635,0.255,0.0,0.0,0.0,0.0,0.0625,400,lists/scandinavian/list.scandinavian.attrib=ig_mpd=10_thresh=0.4_docnorm=T_tfidf=F.csv
0.4625,0.115,0.68,0.845,0.9275,0.95,0.975,400,lists/scandinavian/list.scandinavian.attrib=lime_mpd=3_thresh=0.1_docnorm=T_tfidf=T.csv
0.195,0.795,0.0,0.0025,0.0025,0.0025,0.0025,400,lists/scandinavian/list.scandinavian.attrib=ig_mpd=3_thresh=0.7_docnorm=F_tfidf=F.csv
0.3575,0.6375,0.0,0.0,0.0,0.0,0.0,400,lists/scandinavian/list.scandinavian.attrib=shap_mpd=14_thresh=0.5_docnorm=F_tfidf=T.csv
0.3525,0.6375,0.0,0.005,0.005,0.005,0.005,400,lists/scandinavian/list.scandinavian.attrib=loo_mpd=11_thresh=1.0_docnorm=F_tfidf=T.csv
0.3925,0.0825,0.795,0.93,0.96,0.9725,0.9825,400,lists/scandinavian/list.scandinavian.attrib=ig_mpd=10_thresh=0.1_docnorm=T_tfidf=F.csv
0.455,0.0925,0.7975,0.95,0.9775,0.985,0.9875,400,lists/scandinavian/list.scandinavian.attrib=lime_mpd=11_thresh=0.1_docnorm=T_tfidf=F.csv
0.6275,0.34,0.0,0.0025,0.0025,0.0025,0.0025,400,lists/scandinavian/list.scandinavian.attrib=loo_mpd=16_thresh=0.7_docnorm=T_tfidf=T.csv
0.56,0.3325,0.0,0.0025,0.0025,0.0025,0.085,400,lists/scandinavian/list.scandinavian.attrib=loo_mpd=19_thresh=0.4_docnorm=T_tfidf=T.csv
0.4625,0.0875,0.7525,0.905,0.9625,0.98,0.9925,400,lists/scandinavian/list.scandinavian.attrib=lime_mpd=13_thresh=0.1_docnorm=T_tfidf=T.csv
0.315,0.675,0.0,0.0025,0.0025,0.0025,0.0025,400,lists/scandinavian/list.scandinavian.attrib=shap_mpd=18_thresh=0.5_docnorm=F_tfidf=F.csv
0.545,0.35,0.0,0.0,0.0025,0.07,0.1525,400,lists/scandinavian/list.scandinavian.attrib=loo_mpd=5_thresh=0.3_docnorm=T_tfidf=F.csv
0.58,0.3525,0.0,0.0,0.0,0.0,0.0,400,lists/scandinavian/list.scandinavian.attrib=ig_mpd=9_thresh=0.5_docnorm=T_tfidf=T.csv
0.34,0.65,0.0,0.0,0.0,0.0,0.0,400,lists/scandinavian/list.scandinavian.attrib=lime_mpd=4_thresh=0.2_docnorm=F_tfidf=T.csv
0.6125,0.2175,0.0,0.0,0.0125,0.11,0.2575,400,lists/scandinavian/list.scandinavian.attrib=ig_mpd=4_thresh=0.3_docnorm=T_tfidf=F.csv
0.225,0.765,0.0,0.0,0.0,0.0,0.0,400,lists/scandinavian/list.scandinavian.attrib=ig_mpd=19_thresh=0.1_docnorm=F_tfidf=T.csv
0.56,0.1825,0.0,0.245,0.5425,0.6725,0.7625,400,lists/scandinavian/list.scandinavian.attrib=shap_mpd=13_thresh=0.2_docnorm=T_tfidf=F.csv
0.315,0.675,0.0,0.0025,0.0025,0.0025,0.0025,400,lists/scandinavian/list.scandinavian.attrib=shap_mpd=12_thresh=0.8_docnorm=F_tfidf=F.csv
0.5275,0.2475,0.0,0.15,0.4275,0.5925,0.685,400,lists/scandinavian/list.scandinavian.attrib=loo_mpd=16_thresh=0.2_docnorm=T_tfidf=T.csv
0.6725,0.295,0.0,0.0,0.0,0.0,0.0,400,lists/scandinavian/list.scandinavian.attrib=shap_mpd=6_thresh=0.6_docnorm=T_tfidf=F.csv
0.2875,0.705,0.0,0.0,0.0,0.0,0.0,400,lists/scandinavian/list.scandinavian.attrib=lime_mpd=5_thresh=0.8_docnorm=F_tfidf=F.csv
0.405,0.585,0.0,0.0025,0.0025,0.0025,0.0075,400,lists/scandinavian/list.scandinavian.attrib=loo_mpd=1_thresh=0.1_docnorm=F_tfidf=F.csv
0.3325,0.6575,0.0,0.0,0.0,0.0,0.0,400,lists/scandinavian/list.scandinavian.attrib=lime_mpd=5_thresh=0.9_docnorm=F_tfidf=T.csv
0.3475,0.64,0.0,0.005,0.005,0.005,0.005,400,lists/scandinavian/list.scandinavian.attrib=loo_mpd=20_thresh=0.1_docnorm=F_tfidf=F.csv
0.625,0.3475,0.0,0.0,0.0,0.0,0.0,400,lists/scandinavian/list.scandinavian.attrib=loo_mpd=3_thresh=0.5_docnorm=T_tfidf=T.csv
0.4625,0.53,0.0,0.0,0.0,0.0,0.0,400,lists/scandinavian/list.scandinavian.attrib=loo_mpd=2_thresh=0.8_docnorm=T_tfidf=F.csv
0.1975,0.7875,0.0,0.0025,0.0025,0.0025,0.0025,400,lists/scandinavian/list.scandinavian.attrib=ig_mpd=20_thresh=0.1_docnorm=F_tfidf=F.csv
0.1725,0.8175,0.0,0.0025,0.0025,0.0025,0.0025,400,lists/scandinavian/list.scandinavian.attrib=ig_mpd=8_thresh=0.4_docnorm=F_tfidf=F.csv
0.4475,0.545,0.0,0.0,0.0,0.0,0.0,400,lists/scandinavian/list.scandinavian.attrib=lime_mpd=3_thresh=1.0_docnorm=T_tfidf=T.csv
0.195,0.79,0.0,0.0025,0.0025,0.0025,0.0025,400,lists/scandinavian/list.scandinavian.attrib=ig_mpd=19_thresh=0.8_docnorm=F_tfidf=F.csv
0.64,0.33,0.0,0.0,0.0,0.0,0.0,400,lists/scandinavian/list.scandinavian.attrib=lime_mpd=10_thresh=0.7_docnorm=T_tfidf=T.csv
0.35,0.6375,0.0,0.005,0.005,0.005,0.005,400,lists/scandinavian/list.scandinavian.attrib=loo_mpd=10_thresh=0.1_docnorm=F_tfidf=F.csv
0.65,0.2925,0.0,0.0,0.0,0.0,0.0,400,lists/scandinavian/list.scandinavian.attrib=lime_mpd=7_thresh=0.5_docnorm=T_tfidf=T.csv
0.3425,0.645,0.0,0.005,0.005,0.005,0.005,400,lists/scandinavian/list.scandinavian.attrib=loo_mpd=5_thresh=0.7_docnorm=F_tfidf=F.csv
0.5475,0.345,0.0,0.0,0.0025,0.095,0.2325,400,lists/scandinavian/list.scandinavian.attrib=lime_mpd=3_thresh=0.3_docnorm=T_tfidf=F.csv
0.5175,0.255,0.0,0.1375,0.42,0.5825,0.6825,400,lists/scandinavian/list.scandinavian.attrib=loo_mpd=10_thresh=0.2_docnorm=T_tfidf=F.csv
0.315,0.675,0.0,0.005,0.005,0.005,0.005,400,lists/scandinavian/list.scandinavian.attrib=shap_mpd=9_thresh=0.5_docnorm=F_tfidf=F.csv
0.455,0.0925,0.7975,0.95,0.9775,0.985,0.9875,400,lists/scandinavian/list.scandinavian.attrib=lime_mpd=18_thresh=0.1_docnorm=T_tfidf=F.csv
0.33,0.6625,0.0,0.0,0.0,0.0,0.0,400,lists/scandinavian/list.scandinavian.attrib=lime_mpd=15_thresh=0.8_docnorm=F_tfidf=T.csv
0.36,0.63,0.0,0.0025,0.0025,0.0025,0.0025,400,lists/scandinavian/list.scandinavian.attrib=shap_mpd=3_thresh=0.9_docnorm=F_tfidf=T.csv
0.4375,0.5475,0.0,0.005,0.005,0.005,0.005,400,lists/scandinavian/list.scandinavian.attrib=loo_mpd=18_thresh=0.5_docnorm=F_tfidf=T.csv
0.5225,0.23,0.0,0.2175,0.53,0.68,0.7825,400,lists/scandinavian/list.scandinavian.attrib=lime_mpd=13_thresh=0.2_docnorm=T_tfidf=F.csv
0.315,0.675,0.0,0.005,0.005,0.005,0.005,400,lists/scandinavian/list.scandinavian.attrib=shap_mpd=9_thresh=0.2_docnorm=F_tfidf=F.csv
0.355,0.6375,0.0,0.0,0.0,0.0,0.0,400,lists/scandinavian/list.scandinavian.attrib=shap_mpd=20_thresh=0.1_docnorm=F_tfidf=T.csv
0.3475,0.64,0.0,0.005,0.005,0.005,0.005,400,lists/scandinavian/list.scandinavian.attrib=loo_mpd=20_thresh=0.3_docnorm=F_tfidf=F.csv
0.4325,0.5525,0.0,0.005,0.005,0.005,0.005,400,lists/scandinavian/list.scandinavian.attrib=loo_mpd=13_thresh=0.5_docnorm=F_tfidf=T.csv
0.3325,0.66,0.0,0.0,0.0,0.0,0.0,400,lists/scandinavian/list.scandinavian.attrib=lime_mpd=11_thresh=0.1_docnorm=F_tfidf=T.csv
0.525,0.185,0.0,0.245,0.4825,0.6525,0.75,400,lists/scandinavian/list.scandinavian.attrib=ig_mpd=19_thresh=0.2_docnorm=T_tfidf=F.csv
0.3175,0.675,0.0,0.005,0.005,0.005,0.005,400,lists/scandinavian/list.scandinavian.attrib=shap_mpd=5_thresh=0.3_docnorm=F_tfidf=F.csv
0.595,0.3125,0.0,0.0,0.0,0.0025,0.065,400,lists/scandinavian/list.scandinavian.attrib=lime_mpd=5_thresh=0.4_docnorm=T_tfidf=F.csv
0.45,0.535,0.0,0.0,0.0,0.0,0.0,400,lists/scandinavian/list.scandinavian.attrib=lime_mpd=16_thresh=1.0_docnorm=T_tfidf=F.csv
0.575,0.185,0.0,0.1975,0.4975,0.635,0.7275,400,lists/scandinavian/list.scandinavian.attrib=shap_mpd=7_thresh=0.2_docnorm=T_tfidf=F.csv
0.435,0.555,0.0,0.0025,0.0025,0.0025,0.0025,400,lists/scandinavian/list.scandinavian.attrib=shap_mpd=1_thresh=0.7_docnorm=F_tfidf=F.csv
0.585,0.1825,0.0,0.12,0.3275,0.46,0.57,400,lists/scandinavian/list.scandinavian.attrib=shap_mpd=2_thresh=0.2_docnorm=T_tfidf=F.csv
0.3325,0.655,0.0,0.005,0.005,0.005,0.005,400,lists/scandinavian/list.scandinavian.attrib=loo_mpd=18_thresh=0.9_docnorm=F_tfidf=F.csv
0.3225,0.6675,0.0,0.005,0.005,0.005,0.005,400,lists/scandinavian/list.scandinavian.attrib=shap_mpd=4_thresh=1.0_docnorm=F_tfidf=F.csv
0.32,0.67,0.0,0.0,0.0,0.0,0.0,400,lists/scandinavian/list.scandinavian.attrib=lime_mpd=10_thresh=1.0_docnorm=F_tfidf=T.csv
0.2925,0.7,0.0,0.0,0.0,0.0,0.0,400,lists/scandinavian/list.scandinavian.attrib=lime_mpd=4_thresh=0.1_docnorm=F_tfidf=F.csv
0.2825,0.71,0.0,0.0,0.0,0.0,0.0,400,lists/scandinavian/list.scandinavian.attrib=lime_mpd=10_thresh=0.2_docnorm=F_tfidf=F.csv
0.45,0.5275,0.0,0.0075,0.0125,0.015,0.0225,400,lists/scandinavian/list.scandinavian.attrib=loo_mpd=4_thresh=0.1_docnorm=F_tfidf=T.csv
0.45,0.11,0.7575,0.9125,0.95,0.975,0.985,400,lists/scandinavian/list.scandinavian.attrib=loo_mpd=11_thresh=0.1_docnorm=T_tfidf=F.csv
0.545,0.4225,0.0,0.0025,0.0025,0.0025,0.0025,400,lists/scandinavian/list.scandinavian.attrib=ig_mpd=19_thresh=0.9_docnorm=T_tfidf=T.csv
0.62,0.3375,0.0,0.0,0.0,0.0,0.0,400,lists/scandinavian/list.scandinavian.attrib=loo_mpd=9_thresh=0.5_docnorm=T_tfidf=F.csv
0.2175,0.775,0.0,0.0,0.0,0.0,0.0,400,lists/scandinavian/list.scandinavian.attrib=ig_mpd=4_thresh=0.9_docnorm=F_tfidf=T.csv
0.5625,0.42,0.0,0.0,0.0,0.0,0.0,400,lists/scandinavian/list.scandinavian.attrib=loo_mpd=15_thresh=0.9_docnorm=T_tfidf=T.csv
0.3475,0.64,0.0,0.005,0.005,0.005,0.005,400,lists/scandinavian/list.scandinavian.attrib=loo_mpd=14_thresh=0.5_docnorm=F_tfidf=F.csv
0.47,0.5225,0.0,0.0025,0.0025,0.0025,0.0025,400,lists/scandinavian/list.scandinavian.attrib=loo_mpd=1_thresh=0.6_docnorm=F_tfidf=T.csv
0.355,0.6375,0.0,0.0,0.0,0.0,0.0,400,lists/scandinavian/list.scandinavian.attrib=shap_mpd=19_thresh=0.2_docnorm=F_tfidf=T.csv
0.4425,0.1125,0.775,0.9175,0.9525,0.975,0.9825,400,lists/scandinavian/list.scandinavian.attrib=loo_mpd=14_thresh=0.1_docnorm=T_tfidf=F.csv
0.4575,0.5325,0.0,0.0,0.0,0.0,0.0,400,lists/scandinavian/list.scandinavian.attrib=lime_mpd=1_thresh=0.3_docnorm=F_tfidf=T.csv
0.4675,0.515,0.0,0.0,0.0,0.0,0.0,400,lists/scandinavian/list.scandinavian.attrib=lime_mpd=10_thresh=1.0_docnorm=T_tfidf=T.csv
0.36,0.635,0.0,0.0,0.0,0.0,0.0,400,lists/scandinavian/list.scandinavian.attrib=shap_mpd=11_thresh=0.6_docnorm=F_tfidf=T.csv
0.5525,0.42,0.0,0.0,0.0,0.0,0.0,400,lists/scandinavian/list.scandinavian.attrib=lime_mpd=2_thresh=0.7_docnorm=T_tfidf=F.csv
0.615,0.36,0.0,0.0,0.0,0.0,0.0,400,lists/scandinavian/list.scandinavian.attrib=lime_mpd=20_thresh=0.8_docnorm=T_tfidf=F.csv
0.585,0.2675,0.0,0.0,0.0175,0.1925,0.3725,400,lists/scandinavian/list.scandinavian.attrib=lime_mpd=10_thresh=0.3_docnorm=T_tfidf=F.csv
0.315,0.675,0.0,0.0025,0.0025,0.0025,0.0025,400,lists/scandinavian/list.scandinavian.attrib=shap_mpd=20_thresh=0.3_docnorm=F_tfidf=F.csv
0.3175,0.6725,0.0,0.005,0.005,0.005,0.005,400,lists/scandinavian/list.scandinavian.attrib=shap_mpd=6_thresh=0.3_docnorm=F_tfidf=F.csv
0.6475,0.285,0.0,0.0,0.0,0.0,0.0,400,lists/scandinavian/list.scandinavian.attrib=lime_mpd=18_thresh=0.5_docnorm=T_tfidf=T.csv
0.2875,0.705,0.0,0.0,0.0,0.0,0.0,400,lists/scandinavian/list.scandinavian.attrib=lime_mpd=18_thresh=0.3_docnorm=F_tfidf=F.csv
0.2875,0.705,0.0,0.0,0.0,0.0,0.0,400,lists/scandinavian/list.scandinavian.attrib=lime_mpd=17_thresh=0.6_docnorm=F_tfidf=F.csv
0.355,0.6375,0.0,0.0,0.0,0.0,0.0,400,lists/scandinavian/list.scandinavian.attrib=shap_mpd=11_thresh=0.4_docnorm=F_tfidf=T.csv
0.6275,0.3375,0.0,0.0,0.0,0.0,0.0,400,lists/scandinavian/list.scandinavian.attrib=loo_mpd=19_thresh=0.6_docnorm=T_tfidf=T.csv
0.3225,0.67,0.0,0.005,0.005,0.005,0.005,400,lists/scandinavian/list.scandinavian.attrib=shap_mpd=3_thresh=0.4_docnorm=F_tfidf=F.csv
0.3125,0.6775,0.0,0.005,0.005,0.005,0.005,400,lists/scandinavian/list.scandinavian.attrib=shap_mpd=7_thresh=1.0_docnorm=F_tfidf=F.csv
0.355,0.635,0.0,0.0025,0.0025,0.0025,0.0025,400,lists/scandinavian/list.scandinavian.attrib=shap_mpd=9_thresh=0.3_docnorm=F_tfidf=T.csv
0.225,0.7675,0.0,0.0,0.0,0.0,0.0,400,lists/scandinavian/list.scandinavian.attrib=ig_mpd=13_thresh=0.7_docnorm=F_tfidf=T.csv
0.5975,0.3875,0.0,0.0,0.0,0.0,0.0,400,lists/scandinavian/list.scandinavian.attrib=lime_mpd=19_thresh=0.9_docnorm=T_tfidf=T.csv
0.2875,0.705,0.0,0.0,0.0,0.0,0.0,400,lists/scandinavian/list.scandinavian.attrib=lime_mpd=18_thresh=0.1_docnorm=F_tfidf=F.csv
0.3175,0.675,0.0,0.0025,0.0025,0.0025,0.0025,400,lists/scandinavian/list.scandinavian.attrib=shap_mpd=19_thresh=1.0_docnorm=F_tfidf=F.csv
0.605,0.335,0.0,0.0,0.0,0.0,0.0,400,lists/scandinavian/list.scandinavian.attrib=ig_mpd=11_thresh=0.6_docnorm=T_tfidf=T.csv
0.3575,0.635,0.0,0.0025,0.0025,0.0025,0.0025,400,lists/scandinavian/list.scandinavian.attrib=shap_mpd=9_thresh=0.9_docnorm=F_tfidf=T.csv
0.6275,0.3475,0.0,0.0,0.0,0.0,0.0,400,lists/scandinavian/list.scandinavian.attrib=loo_mpd=16_thresh=0.7_docnorm=T_tfidf=F.csv
0.4375,0.5475,0.0,0.005,0.005,0.005,0.005,400,lists/scandinavian/list.scandinavian.attrib=loo_mpd=10_thresh=0.4_docnorm=F_tfidf=T.csv
0.285,0.7075,0.0,0.0,0.0,0.0,0.0,400,lists/scandinavian/list.scandinavian.attrib=lime_mpd=15_thresh=0.4_docnorm=F_tfidf=F.csv
0.35,0.6375,0.0,0.005,0.005,0.005,0.005,400,lists/scandinavian/list.scandinavian.attrib=loo_mpd=13_thresh=0.3_docnorm=F_tfidf=F.csv
0.4675,0.085,0.7575,0.91,0.9625,0.98,0.9925,400,lists/scandinavian/list.scandinavian.attrib=lime_mpd=20_thresh=0.1_docnorm=T_tfidf=T.csv
0.6175,0.355,0.0,0.0,0.0,0.0,0.0,400,lists/scandinavian/list.scandinavian.attrib=lime_mpd=15_thresh=0.8_docnorm=T_tfidf=F.csv
0.5975,0.38,0.0,0.0,0.0,0.0,0.0,400,lists/scandinavian/list.scandinavian.attrib=shap_mpd=18_thresh=0.9_docnorm=T_tfidf=T.csv
0.4825,0.4775,0.0,0.0025,0.0025,0.0025,0.0025,400,lists/scandinavian/list.scandinavian.attrib=ig_mpd=1_thresh=0.6_docnorm=T_tfidf=T.csv
0.5275,0.4625,0.0,0.0,0.0,0.0,0.0,400,lists/scandinavian/list.scandinavian.attrib=lime_mpd=1_thresh=0.8_docnorm=T_tfidf=T.csv
0.6225,0.3475,0.0,0.0,0.0025,0.0025,0.0025,400,lists/scandinavian/list.scandinavian.attrib=lime_mpd=18_thresh=0.7_docnorm=T_tfidf=F.csv
0.385,0.615,0.0,0.0,0.0,0.0,0.0,200,lists/scandinavian/list.scandinavian.attrib=loo_mpd=1_thresh=1.0_docnorm=T_tfidf=F.csv
0.4425,0.5375,0.0,0.005,0.01,0.01,0.0125,400,lists/scandinavian/list.scandinavian.attrib=loo_mpd=5_thresh=0.2_docnorm=F_tfidf=T.csv
0.1925,0.7975,0.0,0.0025,0.0025,0.0025,0.0025,400,lists/scandinavian/list.scandinavian.attrib=ig_mpd=15_thresh=0.1_docnorm=F_tfidf=F.csv
0.605,0.305,0.0,0.0,0.0,0.0,0.0,400,lists/scandinavian/list.scandinavian.attrib=ig_mpd=7_thresh=0.5_docnorm=T_tfidf=F.csv
0.565,0.3875,0.0,0.0025,0.0025,0.0025,0.0025,400,lists/scandinavian/list.scandinavian.attrib=ig_mpd=20_thresh=0.8_docnorm=T_tfidf=F.csv
0.3575,0.6375,0.0,0.0,0.0,0.0,0.0,400,lists/scandinavian/list.scandinavian.attrib=shap_mpd=18_thresh=0.7_docnorm=F_tfidf=T.csv
0.47,0.52,0.0,0.0,0.0,0.0,0.0,400,lists/scandinavian/list.scandinavian.attrib=loo_mpd=1_thresh=0.4_docnorm=F_tfidf=T.csv
0.2225,0.7675,0.0,0.0,0.0,0.0,0.0,400,lists/scandinavian/list.scandinavian.attrib=ig_mpd=16_thresh=0.2_docnorm=F_tfidf=T.csv
0.335,0.655,0.0,0.0,0.0,0.0,0.0,400,lists/scandinavian/list.scandinavian.attrib=lime_mpd=5_thresh=0.2_docnorm=F_tfidf=T.csv
0.6575,0.3225,0.0,0.0,0.0,0.0,0.0,400,lists/scandinavian/list.scandinavian.attrib=shap_mpd=19_thresh=0.8_docnorm=T_tfidf=F.csv
0.6125,0.3325,0.0,0.0025,0.0025,0.0025,0.0025,400,lists/scandinavian/list.scandinavian.attrib=ig_mpd=14_thresh=0.7_docnorm=T_tfidf=T.csv
0.285,0.7075,0.0,0.0,0.0,0.0,0.0,400,lists/scandinavian/list.scandinavian.attrib=lime_mpd=15_thresh=0.2_docnorm=F_tfidf=F.csv
0.395,0.0825,0.785,0.9275,0.9575,0.9725,0.9825,400,lists/scandinavian/list.scandinavian.attrib=ig_mpd=9_thresh=0.1_docnorm=T_tfidf=F.csv
0.355,0.6375,0.0,0.0,0.0,0.0,0.0,400,lists/scandinavian/list.scandinavian.attrib=shap_mpd=17_thresh=0.2_docnorm=F_tfidf=T.csv
0.5825,0.2875,0.0,0.0,0.0025,0.115,0.235,400,lists/scandinavian/list.scandinavian.attrib=lime_mpd=3_thresh=0.3_docnorm=T_tfidf=T.csv
0.6225,0.35,0.0,0.0,0.0,0.0,0.0,400,lists/scandinavian/list.scandinavian.attrib=loo_mpd=8_thresh=0.7_docnorm=T_tfidf=F.csv
0.3475,0.64,0.0,0.005,0.005,0.005,0.005,400,lists/scandinavian/list.scandinavian.attrib=loo_mpd=4_thresh=0.6_docnorm=F_tfidf=F.csv
0.4475,0.5375,0.0,0.005,0.005,0.0075,0.01,400,lists/scandinavian/list.scandinavian.attrib=loo_mpd=3_thresh=0.3_docnorm=F_tfidf=T.csv
0.1825,0.8075,0.0,0.0025,0.0025,0.0025,0.0025,400,lists/scandinavian/list.scandinavian.attrib=ig_mpd=14_thresh=0.4_docnorm=F_tfidf=F.csv
0.315,0.675,0.0,0.005,0.005,0.005,0.005,400,lists/scandinavian/list.scandinavian.attrib=shap_mpd=9_thresh=0.6_docnorm=F_tfidf=F.csv
0.665,0.275,0.0,0.0,0.0,0.0,0.0,400,lists/scandinavian/list.scandinavian.attrib=shap_mpd=5_thresh=0.5_docnorm=T_tfidf=F.csv
0.635,0.3325,0.0,0.0,0.0,0.0,0.0,400,lists/scandinavian/list.scandinavian.attrib=lime_mpd=9_thresh=0.6_docnorm=T_tfidf=F.csv
0.3325,0.6575,0.0,0.0,0.0,0.0,0.0,400,lists/scandinavian/list.scandinavian.attrib=lime_mpd=10_thresh=0.1_docnorm=F_tfidf=T.csv
0.5075,0.2375,0.0,0.1675,0.485,0.6375,0.7425,400,lists/scandinavian/list.scandinavian.attrib=loo_mpd=14_thresh=0.2_docnorm=T_tfidf=F.csv
0.66,0.2925,0.0,0.0,0.0,0.0,0.0,400,lists/scandinavian/list.scandinavian.attrib=shap_mpd=18_thresh=0.6_docnorm=T_tfidf=T.csv
0.315,0.675,0.0,0.0025,0.0025,0.0025,0.0025,400,lists/scandinavian/list.scandinavian.attrib=shap_mpd=11_thresh=0.8_docnorm=F_tfidf=F.csv
0.465,0.515,0.0,0.0,0.0,0.0,0.0,400,lists/scandinavian/list.scandinavian.attrib=lime_mpd=16_thresh=1.0_docnorm=T_tfidf=T.csv
0.3975,0.5975,0.0,0.0025,0.0025,0.0025,0.0025,400,lists/scandinavian/list.scandinavian.attrib=loo_mpd=8_thresh=1.0_docnorm=T_tfidf=F.csv
0.5625,0.4175,0.0,0.0,0.0,0.0,0.0,400,lists/scandinavian/list.scandinavian.attrib=lime_mpd=15_thresh=0.9_docnorm=T_tfidf=F.csv
0.4775,0.1025,0.545,0.77,0.875,0.91,0.9275,400,lists/scandinavian/list.scandinavian.attrib=shap_mpd=1_thresh=0.1_docnorm=T_tfidf=F.csv
0.315,0.675,0.0,0.0025,0.0025,0.0025,0.0025,400,lists/scandinavian/list.scandinavian.attrib=shap_mpd=16_thresh=0.3_docnorm=F_tfidf=F.csv
0.6625,0.315,0.0,0.0,0.0,0.0,0.0,400,lists/scandinavian/list.scandinavian.attrib=shap_mpd=14_thresh=0.8_docnorm=T_tfidf=F.csv
0.36,0.635,0.0,0.0,0.0,0.0,0.0,400,lists/scandinavian/list.scandinavian.attrib=shap_mpd=18_thresh=0.6_docnorm=F_tfidf=T.csv
0.285,0.7075,0.0,0.0,0.0,0.0,0.0,400,lists/scandinavian/list.scandinavian.attrib=lime_mpd=13_thresh=0.7_docnorm=F_tfidf=F.csv
0.4125,0.5775,0.0,0.0025,0.0025,0.0025,0.0025,400,lists/scandinavian/list.scandinavian.attrib=shap_mpd=2_thresh=0.1_docnorm=F_tfidf=T.csv
0.36,0.6325,0.0,0.0,0.0,0.0,0.0,400,lists/scandinavian/list.scandinavian.attrib=shap_mpd=5_thresh=0.3_docnorm=F_tfidf=T.csv
0.38,0.6025,0.0,0.0,0.0,0.0,0.0,400,lists/scandinavian/list.scandinavian.attrib=ig_mpd=12_thresh=1.0_docnorm=T_tfidf=T.csv
0.51,0.2475,0.0,0.18,0.52,0.67,0.7725,400,lists/scandinavian/list.scandinavian.attrib=loo_mpd=16_thresh=0.2_docnorm=T_tfidf=F.csv
0.5675,0.38,0.0,0.0025,0.0025,0.0025,0.0025,400,lists/scandinavian/list.scandinavian.attrib=ig_mpd=17_thresh=0.8_docnorm=T_tfidf=T.csv
0.355,0.6375,0.0,0.0,0.0,0.0,0.0,400,lists/scandinavian/list.scandinavian.attrib=shap_mpd=16_thresh=0.3_docnorm=F_tfidf=T.csv
0.4807121661721068,0.5133531157270029,0.0,0.002967359050445104,0.002967359050445104,0.002967359050445104,0.002967359050445104,337,lists/scandinavian/list.scandinavian.attrib=shap_mpd=2_thresh=1.0_docnorm=T_tfidf=F.csv
0.435,0.1125,0.7825,0.92,0.955,0.9725,0.98,400,lists/scandinavian/list.scandinavian.attrib=loo_mpd=16_thresh=0.1_docnorm=T_tfidf=F.csv
0.1925,0.7975,0.0,0.0025,0.0025,0.0025,0.0025,400,lists/scandinavian/list.scandinavian.attrib=ig_mpd=15_thresh=0.5_docnorm=F_tfidf=F.csv
0.3575,0.635,0.0,0.0025,0.0025,0.0025,0.0025,400,lists/scandinavian/list.scandinavian.attrib=shap_mpd=9_thresh=0.8_docnorm=F_tfidf=T.csv
0.4425,0.5375,0.0,0.005,0.01,0.01,0.0125,400,lists/scandinavian/list.scandinavian.attrib=loo_mpd=8_thresh=0.2_docnorm=F_tfidf=T.csv
0.555,0.425,0.0,0.0,0.0,0.0,0.0,400,lists/scandinavian/list.scandinavian.attrib=lime_mpd=3_thresh=0.7_docnorm=T_tfidf=F.csv
0.67,0.215,0.0,0.0,0.0,0.0,0.12,400,lists/scandinavian/list.scandinavian.attrib=shap_mpd=19_thresh=0.4_docnorm=T_tfidf=F.csv
0.28,0.7125,0.0,0.0,0.0,0.0,0.0,400,lists/scandinavian/list.scandinavian.attrib=lime_mpd=7_thresh=1.0_docnorm=F_tfidf=F.csv
0.645,0.195,0.0,0.0,0.01,0.18,0.365,400,lists/scandinavian/list.scandinavian.attrib=shap_mpd=14_thresh=0.3_docnorm=T_tfidf=F.csv
0.3275,0.665,0.0,0.0,0.0,0.0,0.0,400,lists/scandinavian/list.scandinavian.attrib=lime_mpd=20_thresh=0.8_docnorm=F_tfidf=T.csv
0.6225,0.3425,0.0,0.0,0.0,0.0,0.0,400,lists/scandinavian/list.scandinavian.attrib=loo_mpd=20_thresh=0.6_docnorm=T_tfidf=T.csv
0.5725,0.3825,0.0,0.0025,0.0025,0.0025,0.0025,400,lists/scandinavian/list.scandinavian.attrib=ig_mpd=9_thresh=0.8_docnorm=T_tfidf=F.csv
0.36,0.635,0.0,0.0,0.0,0.0,0.0,400,lists/scandinavian/list.scandinavian.attrib=shap_mpd=20_thresh=0.6_docnorm=F_tfidf=T.csv
0.45,0.535,0.0,0.0,0.0,0.0,0.0,400,lists/scandinavian/list.scandinavian.attrib=lime_mpd=19_thresh=1.0_docnorm=T_tfidf=F.csv
0.335,0.655,0.0,0.0,0.0,0.0,0.0,400,lists/scandinavian/list.scandinavian.attrib=lime_mpd=6_thresh=0.2_docnorm=F_tfidf=T.csv
0.355,0.635,0.0,0.0025,0.0025,0.0025,0.0025,400,lists/scandinavian/list.scandinavian.attrib=shap_mpd=7_thresh=0.3_docnorm=F_tfidf=T.csv
0.22,0.7725,0.0,0.0,0.0,0.0,0.0,400,lists/scandinavian/list.scandinavian.attrib=ig_mpd=4_thresh=0.8_docnorm=F_tfidf=T.csv
0.525,0.23,0.0,0.22,0.535,0.685,0.785,400,lists/scandinavian/list.scandinavian.attrib=lime_mpd=15_thresh=0.2_docnorm=T_tfidf=F.csv
0.4,0.585,0.0,0.005,0.005,0.005,0.005,400,lists/scandinavian/list.scandinavian.attrib=loo_mpd=13_thresh=0.9_docnorm=F_tfidf=T.csv
0.49,0.48,0.0,0.0025,0.0025,0.0025,0.0025,400,lists/scandinavian/list.scandinavian.attrib=ig_mpd=7_thresh=0.9_docnorm=T_tfidf=F.csv
0.6175,0.3575,0.0,0.0,0.0,0.0,0.0,400,lists/scandinavian/list.scandinavian.attrib=lime_mpd=17_thresh=0.8_docnorm=T_tfidf=F.csv
0.65,0.3175,0.0,0.0,0.0,0.0,0.0,400,lists/scandinavian/list.scandinavian.attrib=shap_mpd=14_thresh=0.8_docnorm=T_tfidf=T.csv
0.64,0.325,0.0,0.0,0.0,0.0,0.0,400,lists/scandinavian/list.scandinavian.attrib=lime_mpd=10_thresh=0.6_docnorm=T_tfidf=T.csv
0.345,0.6425,0.0,0.005,0.005,0.005,0.005,400,lists/scandinavian/list.scandinavian.attrib=loo_mpd=14_thresh=0.6_docnorm=F_tfidf=F.csv
0.3225,0.67,0.0,0.005,0.005,0.005,0.005,400,lists/scandinavian/list.scandinavian.attrib=shap_mpd=3_thresh=0.5_docnorm=F_tfidf=F.csv
0.28,0.7125,0.0,0.0,0.0,0.0,0.0,400,lists/scandinavian/list.scandinavian.attrib=lime_mpd=9_thresh=0.1_docnorm=F_tfidf=F.csv
0.5675,0.38,0.0,0.0025,0.0025,0.0025,0.0025,400,lists/scandinavian/list.scandinavian.attrib=ig_mpd=12_thresh=0.8_docnorm=T_tfidf=T.csv
0.32,0.675,0.0,0.0,0.0,0.0,0.0,400,lists/scandinavian/list.scandinavian.attrib=ig_mpd=6_thresh=1.0_docnorm=T_tfidf=F.csv
0.665,0.29,0.0,0.0,0.0,0.0,0.0,400,lists/scandinavian/list.scandinavian.attrib=shap_mpd=10_thresh=0.6_docnorm=T_tfidf=T.csv
0.5325,0.335,0.0,0.01,0.0675,0.1375,0.2025,400,lists/scandinavian/list.scandinavian.attrib=ig_mpd=1_thresh=0.2_docnorm=T_tfidf=T.csv
0.5275,0.265,0.0,0.115,0.3675,0.5275,0.61,400,lists/scandinavian/list.scandinavian.attrib=loo_mpd=10_thresh=0.2_docnorm=T_tfidf=T.csv
0.66,0.3125,0.0,0.0,0.0,0.0,0.0,400,lists/scandinavian/list.scandinavian.attrib=shap_mpd=5_thresh=0.7_docnorm=T_tfidf=F.csv
0.45,0.535,0.0,0.0,0.0,0.0,0.0,400,lists/scandinavian/list.scandinavian.attrib=lime_mpd=15_thresh=1.0_docnorm=T_tfidf=F.csv
0.3858695652173913,0.6086956521739131,0.0,0.005434782608695652,0.005434782608695652,0.005434782608695652,0.005434782608695652,368,lists/scandinavian/list.scandinavian.attrib=loo_mpd=1_thresh=0.9_docnorm=F_tfidf=T.csv
0.355,0.6375,0.0,0.0,0.0,0.0,0.0,400,lists/scandinavian/list.scandinavian.attrib=shap_mpd=19_thresh=0.3_docnorm=F_tfidf=T.csv
0.1775,0.8125,0.0,0.0025,0.0025,0.0025,0.0025,400,lists/scandinavian/list.scandinavian.attrib=ig_mpd=12_thresh=0.1_docnorm=F_tfidf=F.csv
0.315,0.675,0.0,0.0025,0.0025,0.0025,0.0025,400,lists/scandinavian/list.scandinavian.attrib=shap_mpd=17_thresh=0.9_docnorm=F_tfidf=F.csv
0.64,0.3325,0.0,0.0,0.0,0.0,0.0,400,lists/scandinavian/list.scandinavian.attrib=lime_mpd=15_thresh=0.7_docnorm=T_tfidf=T.csv
0.2175,0.775,0.0,0.0,0.0,0.0,0.0,400,lists/scandinavian/list.scandinavian.attrib=ig_mpd=9_thresh=0.2_docnorm=F_tfidf=T.csv
0.5375,0.2075,0.0,0.1725,0.455,0.6,0.69,400,lists/scandinavian/list.scandinavian.attrib=shap_mpd=9_thresh=0.2_docnorm=T_tfidf=T.csv
0.645,0.3225,0.0,0.0,0.0,0.0,0.0,400,lists/scandinavian/list.scandinavian.attrib=lime_mpd=9_thresh=0.6_docnorm=T_tfidf=T.csv
0.62,0.2675,0.0,0.0,0.0,0.0,0.055,400,lists/scandinavian/list.scandinavian.attrib=ig_mpd=8_thresh=0.4_docnorm=T_tfidf=F.csv
0.4375,0.545,0.0,0.005,0.005,0.005,0.005,400,lists/scandinavian/list.scandinavian.attrib=loo_mpd=20_thresh=0.4_docnorm=F_tfidf=T.csv
0.35,0.64,0.0,0.0025,0.0025,0.0025,0.0025,400,lists/scandinavian/list.scandinavian.attrib=shap_mpd=2_thresh=0.2_docnorm=F_tfidf=F.csv
0.225,0.765,0.0,0.0,0.0,0.0,0.0,400,lists/scandinavian/list.scandinavian.attrib=ig_mpd=16_thresh=0.8_docnorm=F_tfidf=T.csv
0.64,0.1975,0.0,0.0,0.01,0.175,0.365,400,lists/scandinavian/list.scandinavian.attrib=shap_mpd=16_thresh=0.3_docnorm=T_tfidf=F.csv
0.6425,0.33,0.0,0.0,0.0,0.0,0.0,400,lists/scandinavian/list.scandinavian.attrib=lime_mpd=20_thresh=0.7_docnorm=T_tfidf=T.csv
0.315,0.675,0.0,0.0025,0.0025,0.0025,0.0025,400,lists/scandinavian/list.scandinavian.attrib=shap_mpd=12_thresh=0.3_docnorm=F_tfidf=F.csv
0.3575,0.6375,0.0,0.0,0.0,0.0,0.0,400,lists/scandinavian/list.scandinavian.attrib=shap_mpd=15_thresh=0.8_docnorm=F_tfidf=T.csv
0.5925,0.32,0.0,0.0,0.0,0.0,0.0,400,lists/scandinavian/list.scandinavian.attrib=ig_mpd=6_thresh=0.5_docnorm=T_tfidf=F.csv
0.2825,0.71,0.0,0.0,0.0,0.0,0.0,400,lists/scandinavian/list.scandinavian.attrib=lime_mpd=6_thresh=0.9_docnorm=F_tfidf=F.csv
0.62,0.245,0.0,0.0,0.0175,0.165,0.335,400,lists/scandinavian/list.scandinavian.attrib=shap_mpd=18_thresh=0.3_docnorm=T_tfidf=T.csv
0.315,0.675,0.0,0.0025,0.0025,0.0025,0.0025,400,lists/scandinavian/list.scandinavian.attrib=shap_mpd=19_thresh=0.3_docnorm=F_tfidf=F.csv
0.405,0.5825,0.0,0.0,0.0,0.0,0.0,400,lists/scandinavian/list.scandinavian.attrib=lime_mpd=2_thresh=0.1_docnorm=F_tfidf=T.csv
0.41,0.0875,0.7025,0.89,0.9375,0.9625,0.975,400,lists/scandinavian/list.scandinavian.attrib=ig_mpd=4_thresh=0.1_docnorm=T_tfidf=F.csv
0.3625,0.6275,0.0,0.0025,0.0025,0.0025,0.0025,400,lists/scandinavian/list.scandinavian.attrib=shap_mpd=4_thresh=0.9_docnorm=F_tfidf=T.csv
0.5675,0.28,0.0,0.0,0.0175,0.1625,0.3275,400,lists/scandinavian/list.scandinavian.attrib=lime_mpd=5_thresh=0.3_docnorm=T_tfidf=F.csv
0.1825,0.81,0.0,0.0,0.0,0.0,0.0,400,lists/scandinavian/list.scandinavian.attrib=ig_mpd=5_thresh=0.9_docnorm=F_tfidf=F.csv
0.2,0.7875,0.0,0.0025,0.0025,0.0025,0.0025,400,lists/scandinavian/list.scandinavian.attrib=ig_mpd=2_thresh=0.4_docnorm=F_tfidf=F.csv
0.215,0.7775,0.0,0.0,0.0,0.0,0.0,400,lists/scandinavian/list.scandinavian.attrib=ig_mpd=8_thresh=0.5_docnorm=F_tfidf=T.csv
0.415,0.57,0.0,0.005,0.005,0.005,0.005,400,lists/scandinavian/list.scandinavian.attrib=loo_mpd=4_thresh=0.7_docnorm=F_tfidf=T.csv
0.315,0.675,0.0,0.0025,0.0025,0.0025,0.0025,400,lists/scandinavian/list.scandinavian.attrib=shap_mpd=13_thresh=0.1_docnorm=F_tfidf=F.csv
0.64,0.1975,0.0,0.0,0.005,0.16,0.33,400,lists/scandinavian/list.scandinavian.attrib=shap_mpd=7_thresh=0.3_docnorm=T_tfidf=F.csv
0.5975,0.3875,0.0,0.0,0.0,0.0,0.0,400,lists/scandinavian/list.scandinavian.attrib=shap_mpd=9_thresh=0.9_docnorm=T_tfidf=F.csv
0.215,0.7775,0.0,0.0,0.0,0.0,0.0,400,lists/scandinavian/list.scandinavian.attrib=ig_mpd=5_thresh=0.3_docnorm=F_tfidf=T.csv
0.4025,0.5875,0.0,0.0025,0.0025,0.0025,0.0025,400,lists/scandinavian/list.scandinavian.attrib=shap_mpd=2_thresh=0.8_docnorm=F_tfidf=T.csv
0.36,0.635,0.0,0.0,0.0,0.0,0.0,400,lists/scandinavian/list.scandinavian.attrib=shap_mpd=19_thresh=0.6_docnorm=F_tfidf=T.csv
0.32,0.67,0.0,0.0,0.0,0.0,0.0,400,lists/scandinavian/list.scandinavian.attrib=lime_mpd=11_thresh=1.0_docnorm=F_tfidf=T.csv
0.4275,0.5675,0.0,0.0,0.0,0.0,0.0,400,lists/scandinavian/list.scandinavian.attrib=loo_mpd=10_thresh=1.0_docnorm=T_tfidf=F.csv
0.315,0.675,0.0,0.0025,0.0025,0.0025,0.0025,400,lists/scandinavian/list.scandinavian.attrib=shap_mpd=17_thresh=0.2_docnorm=F_tfidf=F.csv
0.4525,0.1075,0.7575,0.9125,0.95,0.975,0.985,400,lists/scandinavian/list.scandinavian.attrib=loo_mpd=12_thresh=0.1_docnorm=T_tfidf=F.csv
0.46,0.0875,0.75,0.905,0.9625,0.98,0.9925,400,lists/scandinavian/list.scandinavian.attrib=lime_mpd=10_thresh=0.1_docnorm=T_tfidf=T.csv
0.505,0.345,0.0,0.05,0.1775,0.2675,0.3475,400,lists/scandinavian/list.scandinavian.attrib=loo_mpd=2_thresh=0.2_docnorm=T_tfidf=F.csv
0.3325,0.66,0.0,0.0,0.0,0.0,0.0,400,lists/scandinavian/list.scandinavian.attrib=lime_mpd=11_thresh=0.4_docnorm=F_tfidf=T.csv
0.3425,0.6475,0.0,0.0,0.0,0.0,0.0,400,lists/scandinavian/list.scandinavian.attrib=lime_mpd=4_thresh=0.9_docnorm=F_tfidf=T.csv
0.315,0.675,0.0,0.0025,0.0025,0.0025,0.0025,400,lists/scandinavian/list.scandinavian.attrib=shap_mpd=14_thresh=0.8_docnorm=F_tfidf=F.csv
0.5,0.2925,0.0,0.0825,0.295,0.4375,0.54,400,lists/scandinavian/list.scandinavian.attrib=ig_mpd=3_thresh=0.2_docnorm=T_tfidf=T.csv
0.215,0.7775,0.0,0.0,0.0,0.0,0.0,400,lists/scandinavian/list.scandinavian.attrib=ig_mpd=7_thresh=0.5_docnorm=F_tfidf=T.csv
0.6075,0.3375,0.0,0.0025,0.0025,0.0025,0.015,400,lists/scandinavian/list.scandinavian.attrib=loo_mpd=4_thresh=0.4_docnorm=T_tfidf=T.csv
0.57,0.38,0.0,0.0025,0.0025,0.0025,0.0025,400,lists/scandinavian/list.scandinavian.attrib=ig_mpd=4_thresh=0.7_docnorm=T_tfidf=T.csv
0.58,0.4,0.0,0.0,0.0,0.0,0.0,400,lists/scandinavian/list.scandinavian.attrib=shap_mpd=5_thresh=0.9_docnorm=T_tfidf=T.csv
0.33,0.6625,0.0,0.0,0.0,0.0,0.0,400,lists/scandinavian/list.scandinavian.attrib=lime_mpd=16_thresh=0.7_docnorm=F_tfidf=T.csv
0.66,0.27,0.0,0.0,0.0025,0.0325,0.075,400,lists/scandinavian/list.scandinavian.attrib=shap_mpd=1_thresh=0.3_docnorm=T_tfidf=T.csv
0.35,0.64,0.0,0.0,0.0,0.0,0.0,400,lists/scandinavian/list.scandinavian.attrib=ig_mpd=7_thresh=1.0_docnorm=T_tfidf=T.csv
0.22,0.7725,0.0,0.0,0.0,0.0,0.0,400,lists/scandinavian/list.scandinavian.attrib=ig_mpd=12_thresh=0.7_docnorm=F_tfidf=T.csv
0.6175,0.21,0.0,0.0,0.0125,0.1925,0.3675,400,lists/scandinavian/list.scandinavian.attrib=ig_mpd=10_thresh=0.3_docnorm=T_tfidf=F.csv
0.1775,0.8125,0.0,0.0025,0.0025,0.0025,0.0025,400,lists/scandinavian/list.scandinavian.attrib=ig_mpd=12_thresh=0.8_docnorm=F_tfidf=F.csv
0.645,0.265,0.0,0.0025,0.0025,0.0025,0.0725,400,lists/scandinavian/list.scandinavian.attrib=shap_mpd=6_thresh=0.4_docnorm=T_tfidf=T.csv
0.435,0.5525,0.0,0.005,0.005,0.005,0.005,400,lists/scandinavian/list.scandinavian.attrib=loo_mpd=8_thresh=0.5_docnorm=F_tfidf=T.csv
0.335,0.6575,0.0,0.005,0.005,0.005,0.005,400,lists/scandinavian/list.scandinavian.attrib=loo_mpd=8_thresh=1.0_docnorm=F_tfidf=T.csv
0.35,0.6375,0.0,0.005,0.005,0.005,0.005,400,lists/scandinavian/list.scandinavian.attrib=loo_mpd=10_thresh=0.5_docnorm=F_tfidf=F.csv
0.3575,0.635,0.0,0.0025,0.0025,0.0025,0.0025,400,lists/scandinavian/list.scandinavian.attrib=shap_mpd=8_thresh=0.5_docnorm=F_tfidf=T.csv
0.33,0.66,0.0,0.0,0.0,0.0,0.0,400,lists/scandinavian/list.scandinavian.attrib=lime_mpd=9_thresh=0.9_docnorm=F_tfidf=T.csv
0.63,0.315,0.0,0.0025,0.0025,0.0025,0.0025,400,lists/scandinavian/list.scandinavian.attrib=ig_mpd=5_thresh=0.7_docnorm=T_tfidf=F.csv
0.5175,0.3925,0.0,0.0,0.0025,0.0525,0.1575,400,lists/scandinavian/list.scandinavian.attrib=lime_mpd=2_thresh=0.3_docnorm=T_tfidf=F.csv
0.315,0.675,0.0,0.0025,0.0025,0.0025,0.0025,400,lists/scandinavian/list.scandinavian.attrib=shap_mpd=10_thresh=0.9_docnorm=F_tfidf=F.csv
0.33,0.6625,0.0,0.0,0.0,0.0,0.0,400,lists/scandinavian/list.scandinavian.attrib=lime_mpd=14_thresh=0.7_docnorm=F_tfidf=T.csv
0.355,0.6375,0.0,0.0,0.0,0.0,0.0,400,lists/scandinavian/list.scandinavian.attrib=shap_mpd=20_thresh=0.2_docnorm=F_tfidf=T.csv
0.22,0.7725,0.0,0.0,0.0,0.0,0.0,400,lists/scandinavian/list.scandinavian.attrib=ig_mpd=12_thresh=0.2_docnorm=F_tfidf=T.csv
0.225,0.7675,0.0,0.0,0.0,0.0,0.0,400,lists/scandinavian/list.scandinavian.attrib=ig_mpd=13_thresh=0.1_docnorm=F_tfidf=T.csv
0.5675,0.38,0.0,0.0025,0.0025,0.0025,0.0025,400,lists/scandinavian/list.scandinavian.attrib=ig_mpd=14_thresh=0.8_docnorm=T_tfidf=T.csv
0.5725,0.4,0.0,0.0,0.0025,0.0025,0.0025,400,lists/scandinavian/list.scandinavian.attrib=lime_mpd=3_thresh=0.6_docnorm=T_tfidf=F.csv
0.32,0.67,0.0,0.0,0.0,0.0,0.0,400,lists/scandinavian/list.scandinavian.attrib=lime_mpd=19_thresh=1.0_docnorm=F_tfidf=T.csv
0.665,0.2775,0.0,0.0,0.0,0.0,0.0,400,lists/scandinavian/list.scandinavian.attrib=shap_mpd=13_thresh=0.5_docnorm=T_tfidf=T.csv
0.18,0.81,0.0,0.0025,0.0025,0.0025,0.0025,400,lists/scandinavian/list.scandinavian.attrib=ig_mpd=6_thresh=0.8_docnorm=F_tfidf=F.csv
0.2825,0.71,0.0,0.0,0.0,0.0,0.0,400,lists/scandinavian/list.scandinavian.attrib=lime_mpd=11_thresh=1.0_docnorm=F_tfidf=F.csv
0.435,0.5525,0.0,0.005,0.005,0.005,0.005,400,lists/scandinavian/list.scandinavian.attrib=loo_mpd=7_thresh=0.5_docnorm=F_tfidf=T.csv
0.56,0.42,0.0,0.0,0.0,0.0,0.0,400,lists/scandinavian/list.scandinavian.attrib=loo_mpd=20_thresh=0.9_docnorm=T_tfidf=F.csv
0.6025,0.36,0.0,0.0,0.0,0.0,0.0,400,lists/scandinavian/list.scandinavian.attrib=loo_mpd=4_thresh=0.5_docnorm=T_tfidf=F.csv
0.36455696202531646,0.6278481012658228,0.0,0.005063291139240506,0.005063291139240506,0.005063291139240506,0.005063291139240506,395,lists/scandinavian/list.scandinavian.attrib=loo_mpd=1_thresh=0.8_docnorm=F_tfidf=F.csv
0.63,0.34,0.0,0.0,0.0,0.0,0.0,400,lists/scandinavian/list.scandinavian.attrib=loo_mpd=17_thresh=0.7_docnorm=T_tfidf=T.csv
0.35,0.6375,0.0,0.005,0.005,0.005,0.005,400,lists/scandinavian/list.scandinavian.attrib=loo_mpd=5_thresh=0.4_docnorm=F_tfidf=F.csv
0.58,0.345,0.0,0.0,0.0,0.0,0.0,400,lists/scandinavian/list.scandinavian.attrib=ig_mpd=6_thresh=0.5_docnorm=T_tfidf=T.csv
0.3575,0.6375,0.0,0.0,0.0,0.0,0.0,400,lists/scandinavian/list.scandinavian.attrib=shap_mpd=17_thresh=0.8_docnorm=F_tfidf=T.csv
0.225,0.765,0.0,0.0,0.0,0.0,0.0,400,lists/scandinavian/list.scandinavian.attrib=ig_mpd=13_thresh=0.8_docnorm=F_tfidf=T.csv
0.46,0.525,0.0,0.0,0.0,0.0,0.0,400,lists/scandinavian/list.scandinavian.attrib=loo_mpd=17_thresh=1.0_docnorm=T_tfidf=T.csv
0.4325,0.555,0.0,0.005,0.005,0.005,0.005,400,lists/scandinavian/list.scandinavian.attrib=loo_mpd=15_thresh=0.6_docnorm=F_tfidf=T.csv
0.4625,0.0925,0.735,0.8925,0.955,0.9725,0.985,400,lists/scandinavian/list.scandinavian.attrib=lime_mpd=7_thresh=0.1_docnorm=T_tfidf=T.csv
0.6075,0.3375,0.0,0.0,0.0,0.0025,0.0025,400,lists/scandinavian/list.scandinavian.attrib=lime_mpd=5_thresh=0.5_docnorm=T_tfidf=F.csv
0.345,0.6425,0.0,0.005,0.005,0.005,0.005,400,lists/scandinavian/list.scandinavian.attrib=loo_mpd=10_thresh=0.7_docnorm=F_tfidf=F.csv
0.53,0.455,0.0,0.0,0.0,0.0,0.0,400,lists/scandinavian/list.scandinavian.attrib=shap_mpd=14_thresh=1.0_docnorm=T_tfidf=F.csv
0.3787465940054496,0.6130790190735694,0.0,0.0,0.0,0.0,0.0,367,lists/scandinavian/list.scandinavian.attrib=ig_mpd=1_thresh=0.8_docnorm=T_tfidf=F.csv
0.63,0.3425,0.0,0.0025,0.0025,0.0025,0.0025,400,lists/scandinavian/list.scandinavian.attrib=loo_mpd=11_thresh=0.7_docnorm=T_tfidf=T.csv
0.4430379746835443,0.5518987341772152,0.0,0.002531645569620253,0.002531645569620253,0.002531645569620253,0.002531645569620253,395,lists/scandinavian/list.scandinavian.attrib=loo_mpd=1_thresh=0.8_docnorm=T_tfidf=T.csv
0.36,0.6325,0.0,0.0,0.0,0.0,0.0,400,lists/scandinavian/list.scandinavian.attrib=shap_mpd=5_thresh=0.2_docnorm=F_tfidf=T.csv
0.1975,0.7875,0.0,0.0025,0.0025,0.0025,0.0025,400,lists/scandinavian/list.scandinavian.attrib=ig_mpd=20_thresh=0.4_docnorm=F_tfidf=F.csv
0.3575,0.635,0.0,0.0025,0.0025,0.0025,0.0025,400,lists/scandinavian/list.scandinavian.attrib=shap_mpd=6_thresh=0.5_docnorm=F_tfidf=T.csv
0.44,0.1275,0.665,0.8375,0.925,0.96,0.9825,400,lists/scandinavian/list.scandinavian.attrib=loo_mpd=8_thresh=0.1_docnorm=T_tfidf=T.csv
0.465,0.515,0.0,0.0,0.0,0.0,0.0,400,lists/scandinavian/list.scandinavian.attrib=lime_mpd=14_thresh=1.0_docnorm=T_tfidf=T.csv
0.21,0.7725,0.0,0.0,0.0,0.0,0.0,400,lists/scandinavian/list.scandinavian.attrib=ig_mpd=18_thresh=1.0_docnorm=F_tfidf=T.csv
0.55,0.295,0.0,0.0,0.01,0.1575,0.315,400,lists/scandinavian/list.scandinavian.attrib=loo_mpd=17_thresh=0.3_docnorm=T_tfidf=T.csv
0.4625,0.0875,0.7525,0.905,0.9625,0.98,0.9925,400,lists/scandinavian/list.scandinavian.attrib=lime_mpd=14_thresh=0.1_docnorm=T_tfidf=T.csv
0.625,0.345,0.0,0.0,0.0,0.0,0.0,400,lists/scandinavian/list.scandinavian.attrib=loo_mpd=16_thresh=0.8_docnorm=T_tfidf=F.csv
0.57,0.3825,0.0,0.0025,0.0025,0.0025,0.0025,400,lists/scandinavian/list.scandinavian.attrib=ig_mpd=7_thresh=0.8_docnorm=T_tfidf=F.csv
0.34,0.65,0.0,0.0,0.0,0.0,0.0,400,lists/scandinavian/list.scandinavian.attrib=lime_mpd=4_thresh=0.4_docnorm=F_tfidf=T.csv
0.2225,0.7675,0.0,0.0,0.0,0.0,0.0,400,lists/scandinavian/list.scandinavian.attrib=ig_mpd=16_thresh=0.7_docnorm=F_tfidf=T.csv
0.615,0.3225,0.0,0.0,0.0,0.0,0.0,400,lists/scandinavian/list.scandinavian.attrib=ig_mpd=7_thresh=0.6_docnorm=T_tfidf=F.csv
0.215,0.7775,0.0,0.0,0.0,0.0,0.0,400,lists/scandinavian/list.scandinavian.attrib=ig_mpd=5_thresh=0.5_docnorm=F_tfidf=T.csv
0.405,0.585,0.0,0.0025,0.0025,0.0025,0.0025,400,lists/scandinavian/list.scandinavian.attrib=loo_mpd=1_thresh=0.4_docnorm=F_tfidf=F.csv
0.1925,0.7925,0.0,0.0025,0.0025,0.0025,0.0025,400,lists/scandinavian/list.scandinavian.attrib=ig_mpd=17_thresh=0.9_docnorm=F_tfidf=F.csv
0.35,0.6375,0.0,0.005,0.005,0.005,0.005,400,lists/scandinavian/list.scandinavian.attrib=loo_mpd=13_thresh=0.4_docnorm=F_tfidf=F.csv
0.62,0.3525,0.0,0.0,0.0,0.0,0.0,400,lists/scandinavian/list.scandinavian.attrib=loo_mpd=18_thresh=0.7_docnorm=T_tfidf=F.csv
0.5875,0.3975,0.0,0.0,0.0,0.0,0.0,400,lists/scandinavian/list.scandinavian.attrib=lime_mpd=8_thresh=0.9_docnorm=T_tfidf=T.csv
0.175,0.815,0.0,0.0025,0.0025,0.0025,0.0025,400,lists/scandinavian/list.scandinavian.attrib=ig_mpd=7_thresh=0.8_docnorm=F_tfidf=F.csv
0.625,0.3425,0.0,0.0,0.0,0.0,0.0,400,lists/scandinavian/list.scandinavian.attrib=loo_mpd=18_thresh=0.7_docnorm=T_tfidf=T.csv
0.5025,0.2475,0.0,0.195,0.54,0.685,0.7775,400,lists/scandinavian/list.scandinavian.attrib=loo_mpd=19_thresh=0.2_docnorm=T_tfidf=F.csv
0.6675,0.29,0.0,0.0,0.0,0.0,0.0,400,lists/scandinavian/list.scandinavian.attrib=shap_mpd=11_thresh=0.6_docnorm=T_tfidf=T.csv
0.6175,0.35,0.0,0.0,0.0,0.0,0.0,400,lists/scandinavian/list.scandinavian.attrib=loo_mpd=16_thresh=0.6_docnorm=T_tfidf=F.csv
0.3475,0.645,0.0,0.005,0.005,0.005,0.005,400,lists/scandinavian/list.scandinavian.attrib=loo_mpd=9_thresh=1.0_docnorm=F_tfidf=T.csv
0.6075,0.2625,0.0,0.0,0.0175,0.185,0.335,400,lists/scandinavian/list.scandinavian.attrib=lime_mpd=7_thresh=0.3_docnorm=T_tfidf=T.csv
0.2925,0.7,0.0,0.0,0.0,0.0,0.0,400,lists/scandinavian/list.scandinavian.attrib=lime_mpd=4_thresh=0.8_docnorm=F_tfidf=F.csv
0.6225,0.2525,0.0,0.0,0.0,0.0,0.065,400,lists/scandinavian/list.scandinavian.attrib=ig_mpd=14_thresh=0.4_docnorm=T_tfidf=F.csv
0.4375,0.545,0.0,0.005,0.005,0.005,0.005,400,lists/scandinavian/list.scandinavian.attrib=loo_mpd=10_thresh=0.3_docnorm=F_tfidf=T.csv
0.6375,0.33,0.0,0.0,0.0,0.0,0.0,400,lists/scandinavian/list.scandinavian.attrib=shap_mpd=2_thresh=0.5_docnorm=T_tfidf=F.csv
0.6025,0.38,0.0,0.0,0.0,0.0,0.0,400,lists/scandinavian/list.scandinavian.attrib=shap_mpd=13_thresh=0.9_docnorm=T_tfidf=T.csv
0.285,0.7075,0.0,0.005,0.005,0.005,0.005,400,lists/scandinavian/list.scandinavian.attrib=loo_mpd=8_thresh=1.0_docnorm=F_tfidf=F.csv
0.6525,0.315,0.0,0.0,0.0,0.0,0.0,400,lists/scandinavian/list.scandinavian.attrib=shap_mpd=7_thresh=0.7_docnorm=T_tfidf=T.csv
0.61,0.3075,0.0,0.0,0.0,0.0,0.0,400,lists/scandinavian/list.scandinavian.attrib=ig_mpd=12_thresh=0.5_docnorm=T_tfidf=F.csv
0.3325,0.6575,0.0,0.0,0.0,0.0,0.0,400,lists/scandinavian/list.scandinavian.attrib=lime_mpd=6_thresh=0.9_docnorm=F_tfidf=T.csv
0.395,0.0825,0.83,0.9475,0.9675,0.9775,0.9825,400,lists/scandinavian/list.scandinavian.attrib=ig_mpd=19_thresh=0.1_docnorm=T_tfidf=F.csv
0.4725,0.0875,0.7075,0.905,0.96,0.9875,0.995,400,lists/scandinavian/list.scandinavian.attrib=shap_mpd=13_thresh=0.1_docnorm=T_tfidf=T.csv
0.39303482587064675,0.6069651741293532,0.0,0.0,0.0,0.0,0.0,201,lists/scandinavian/list.scandinavian.attrib=loo_mpd=1_thresh=1.0_docnorm=T_tfidf=T.csv
0.3575,0.6375,0.0,0.0,0.0,0.0,0.0,400,lists/scandinavian/list.scandinavian.attrib=shap_mpd=12_thresh=0.8_docnorm=F_tfidf=T.csv
0.22,0.7725,0.0,0.0,0.0,0.0,0.0,400,lists/scandinavian/list.scandinavian.attrib=ig_mpd=3_thresh=0.4_docnorm=F_tfidf=T.csv
0.335,0.6525,0.0,0.005,0.005,0.005,0.005,400,lists/scandinavian/list.scandinavian.attrib=loo_mpd=8_thresh=0.8_docnorm=F_tfidf=F.csv
0.195,0.79,0.0,0.0025,0.0025,0.0025,0.0025,400,lists/scandinavian/list.scandinavian.attrib=ig_mpd=19_thresh=0.7_docnorm=F_tfidf=F.csv
0.335,0.655,0.0,0.0,0.0,0.0,0.0,400,lists/scandinavian/list.scandinavian.attrib=lime_mpd=6_thresh=0.5_docnorm=F_tfidf=T.csv
0.37,0.62,0.0,0.005,0.005,0.005,0.005,400,lists/scandinavian/list.scandinavian.attrib=loo_mpd=3_thresh=0.9_docnorm=F_tfidf=T.csv
0.5525,0.4275,0.0,0.0,0.0,0.0,0.0,400,lists/scandinavian/list.scandinavian.attrib=lime_mpd=9_thresh=0.9_docnorm=T_tfidf=F.csv
0.36,0.635,0.0,0.0,0.0,0.0,0.0,400,lists/scandinavian/list.scandinavian.attrib=shap_mpd=15_thresh=0.6_docnorm=F_tfidf=T.csv
0.6225,0.3175,0.0,0.0,0.0,0.0,0.0,400,lists/scandinavian/list.scandinavian.attrib=ig_mpd=6_thresh=0.6_docnorm=T_tfidf=F.csv
0.3848396501457726,0.6122448979591837,0.0,0.0029154518950437317,0.0029154518950437317,0.0029154518950437317,0.0029154518950437317,343,lists/scandinavian/list.scandinavian.attrib=shap_mpd=2_thresh=1.0_docnorm=F_tfidf=T.csv
0.6125,0.335,0.0,0.0,0.0,0.0,0.0,400,lists/scandinavian/list.scandinavian.attrib=loo_mpd=11_thresh=0.5_docnorm=T_tfidf=F.csv
0.2175,0.775,0.0,0.0,0.0,0.0,0.0,400,lists/scandinavian/list.scandinavian.attrib=ig_mpd=4_thresh=0.3_docnorm=F_tfidf=T.csv
0.3525,0.635,0.0,0.005,0.005,0.005,0.0075,400,lists/scandinavian/list.scandinavian.attrib=loo_mpd=6_thresh=0.1_docnorm=F_tfidf=F.csv
0.635,0.2825,0.0,0.0,0.0,0.0,0.005,400,lists/scandinavian/list.scandinavian.attrib=ig_mpd=2_thresh=0.4_docnorm=T_tfidf=F.csv
0.55,0.2975,0.0,0.0,0.015,0.1775,0.3425,400,lists/scandinavian/list.scandinavian.attrib=loo_mpd=18_thresh=0.3_docnorm=T_tfidf=F.csv
0.665,0.22,0.0,0.0,0.0,0.0,0.1175,400,lists/scandinavian/list.scandinavian.attrib=shap_mpd=16_thresh=0.4_docnorm=T_tfidf=F.csv
0.3475,0.64,0.0,0.005,0.005,0.005,0.005,400,lists/scandinavian/list.scandinavian.attrib=loo_mpd=14_thresh=0.2_docnorm=F_tfidf=F.csv
0.31,0.6825,0.0,0.0,0.0,0.0,0.0,400,lists/scandinavian/list.scandinavian.attrib=lime_mpd=3_thresh=0.8_docnorm=F_tfidf=F.csv
0.5575,0.1875,0.0,0.2225,0.53,0.665,0.7625,400,lists/scandinavian/list.scandinavian.attrib=shap_mpd=10_thresh=0.2_docnorm=T_tfidf=F.csv
0.48450704225352115,0.5154929577464789,0.0,0.0,0.0,0.0,0.0,355,lists/scandinavian/list.scandinavian.attrib=shap_mpd=1_thresh=0.9_docnorm=F_tfidf=T.csv
0.335,0.655,0.0,0.0,0.0,0.0,0.0,400,lists/scandinavian/list.scandinavian.attrib=lime_mpd=6_thresh=0.3_docnorm=F_tfidf=T.csv
0.315,0.675,0.0,0.0025,0.0025,0.0025,0.0025,400,lists/scandinavian/list.scandinavian.attrib=shap_mpd=16_thresh=0.4_docnorm=F_tfidf=F.csv
0.4375,0.5475,0.0,0.005,0.005,0.005,0.005,400,lists/scandinavian/list.scandinavian.attrib=loo_mpd=15_thresh=0.5_docnorm=F_tfidf=T.csv
0.595,0.2475,0.0,0.0675,0.2,0.275,0.3625,400,lists/scandinavian/list.scandinavian.attrib=shap_mpd=1_thresh=0.2_docnorm=T_tfidf=F.csv
0.355,0.6325,0.0,0.005,0.005,0.005,0.005,400,lists/scandinavian/list.scandinavian.attrib=loo_mpd=12_thresh=1.0_docnorm=F_tfidf=T.csv
0.62,0.345,0.0,0.0,0.0,0.0,0.0,400,lists/scandinavian/list.scandinavian.attrib=loo_mpd=18_thresh=0.6_docnorm=T_tfidf=T.csv
0.5075,0.2475,0.0,0.19,0.5325,0.6825,0.775,400,lists/scandinavian/list.scandinavian.attrib=loo_mpd=17_thresh=0.2_docnorm=T_tfidf=F.csv
0.6775,0.2975,0.0,0.0,0.0,0.0,0.0,400,lists/scandinavian/list.scandinavian.attrib=shap_mpd=10_thresh=0.7_docnorm=T_tfidf=F.csv
0.3475,0.64,0.0,0.005,0.005,0.005,0.005,400,lists/scandinavian/list.scandinavian.attrib=loo_mpd=17_thresh=0.2_docnorm=F_tfidf=F.csv
0.3,0.69,0.0,0.005,0.005,0.005,0.005,400,lists/scandinavian/list.scandinavian.attrib=loo_mpd=11_thresh=1.0_docnorm=F_tfidf=F.csv
0.5975,0.385,0.0,0.0,0.0,0.0,0.0,400,lists/scandinavian/list.scandinavian.attrib=shap_mpd=7_thresh=0.9_docnorm=T_tfidf=F.csv
0.3475,0.64,0.0,0.005,0.005,0.005,0.005,400,lists/scandinavian/list.scandinavian.attrib=loo_mpd=15_thresh=0.2_docnorm=F_tfidf=F.csv
0.2825,0.71,0.0,0.0,0.0,0.0,0.0,400,lists/scandinavian/list.scandinavian.attrib=lime_mpd=10_thresh=0.8_docnorm=F_tfidf=F.csv
0.13513513513513514,0.8648648648648649,0.0,0.0,0.0,0.0,0.0,148,lists/scandinavian/list.scandinavian.attrib=ig_mpd=1_thresh=1.0_docnorm=F_tfidf=T.csv
0.4575,0.5325,0.0,0.0,0.0,0.0,0.0,400,lists/scandinavian/list.scandinavian.attrib=loo_mpd=14_thresh=1.0_docnorm=T_tfidf=T.csv
0.4425,0.545,0.0,0.005,0.005,0.005,0.005,400,lists/scandinavian/list.scandinavian.attrib=loo_mpd=3_thresh=0.4_docnorm=F_tfidf=T.csv
0.225,0.765,0.0,0.0,0.0,0.0,0.0,400,lists/scandinavian/list.scandinavian.attrib=ig_mpd=17_thresh=0.2_docnorm=F_tfidf=T.csv
0.405,0.585,0.0,0.005,0.005,0.005,0.005,400,lists/scandinavian/list.scandinavian.attrib=loo_mpd=6_thresh=0.9_docnorm=F_tfidf=T.csv
0.6475,0.3225,0.0,0.0,0.0,0.0,0.0,400,lists/scandinavian/list.scandinavian.attrib=shap_mpd=6_thresh=0.8_docnorm=T_tfidf=F.csv
0.1775,0.8125,0.0,0.0025,0.0025,0.0025,0.0025,400,lists/scandinavian/list.scandinavian.attrib=ig_mpd=12_thresh=0.6_docnorm=F_tfidf=F.csv
0.33,0.6625,0.0,0.0,0.0,0.0,0.0,400,lists/scandinavian/list.scandinavian.attrib=lime_mpd=12_thresh=0.5_docnorm=F_tfidf=T.csv
0.65,0.285,0.0,0.0,0.0,0.0025,0.0025,400,lists/scandinavian/list.scandinavian.attrib=lime_mpd=18_thresh=0.5_docnorm=T_tfidf=F.csv
0.605,0.37,0.0,0.0,0.0,0.0,0.0,400,lists/scandinavian/list.scandinavian.attrib=lime_mpd=4_thresh=0.6_docnorm=T_tfidf=F.csv
0.47,0.505,0.0,0.0025,0.0025,0.0025,0.0025,400,lists/scandinavian/list.scandinavian.attrib=ig_mpd=3_thresh=0.9_docnorm=T_tfidf=T.csv
0.3475,0.64,0.0,0.005,0.005,0.005,0.005,400,lists/scandinavian/list.scandinavian.attrib=loo_mpd=17_thresh=0.5_docnorm=F_tfidf=F.csv
0.2875,0.705,0.0,0.0,0.0,0.0,0.0,400,lists/scandinavian/list.scandinavian.attrib=lime_mpd=20_thresh=0.4_docnorm=F_tfidf=F.csv
0.65,0.32,0.0,0.0,0.0,0.0,0.0,400,lists/scandinavian/list.scandinavian.attrib=shap_mpd=18_thresh=0.8_docnorm=T_tfidf=T.csv
0.605,0.37,0.0,0.0,0.0,0.0,0.0,400,lists/scandinavian/list.scandinavian.attrib=loo_mpd=10_thresh=0.8_docnorm=T_tfidf=F.csv
0.3575,0.63,0.0,0.005,0.005,0.005,0.005,400,lists/scandinavian/list.scandinavian.attrib=loo_mpd=3_thresh=0.4_docnorm=F_tfidf=F.csv
0.6275,0.3475,0.0,0.0025,0.0025,0.0025,0.0025,400,lists/scandinavian/list.scandinavian.attrib=loo_mpd=10_thresh=0.7_docnorm=T_tfidf=T.csv
0.425,0.5625,0.0,0.005,0.005,0.005,0.005,400,lists/scandinavian/list.scandinavian.attrib=loo_mpd=14_thresh=0.7_docnorm=F_tfidf=T.csv
0.175,0.815,0.0,0.0025,0.0025,0.0025,0.0025,400,lists/scandinavian/list.scandinavian.attrib=ig_mpd=9_thresh=0.4_docnorm=F_tfidf=F.csv
0.22,0.7725,0.0,0.0,0.0,0.0,0.0,400,lists/scandinavian/list.scandinavian.attrib=ig_mpd=3_thresh=0.7_docnorm=F_tfidf=T.csv
0.6225,0.3525,0.0,0.0,0.0,0.0,0.0,400,lists/scandinavian/list.scandinavian.attrib=loo_mpd=6_thresh=0.6_docnorm=T_tfidf=T.csv
0.2875,0.705,0.0,0.0,0.0,0.0,0.0,400,lists/scandinavian/list.scandinavian.attrib=lime_mpd=17_thresh=0.4_docnorm=F_tfidf=F.csv
0.415,0.1325,0.7275,0.8825,0.9275,0.96,0.9675,400,lists/scandinavian/list.scandinavian.attrib=ig_mpd=15_thresh=0.1_docnorm=T_tfidf=T.csv
0.6225,0.35,0.0,0.0,0.0,0.0,0.0,400,lists/scandinavian/list.scandinavian.attrib=loo_mpd=20_thresh=0.8_docnorm=T_tfidf=F.csv
0.66,0.31,0.0,0.0,0.0,0.0,0.0,400,lists/scandinavian/list.scandinavian.attrib=shap_mpd=14_thresh=0.7_docnorm=T_tfidf=T.csv
0.195,0.79,0.0,0.0025,0.0025,0.0025,0.0025,400,lists/scandinavian/list.scandinavian.attrib=ig_mpd=19_thresh=0.6_docnorm=F_tfidf=F.csv
0.4375,0.5475,0.0,0.005,0.005,0.005,0.005,400,lists/scandinavian/list.scandinavian.attrib=loo_mpd=11_thresh=0.4_docnorm=F_tfidf=T.csv
0.4525,0.5325,0.0,0.0,0.0,0.0,0.0,400,lists/scandinavian/list.scandinavian.attrib=lime_mpd=9_thresh=1.0_docnorm=T_tfidf=F.csv
0.175,0.82,0.0,0.0025,0.0025,0.0025,0.0025,400,lists/scandinavian/list.scandinavian.attrib=ig_mpd=13_thresh=1.0_docnorm=F_tfidf=F.csv
0.37,0.625,0.0,0.0,0.0,0.0,0.0,400,lists/scandinavian/list.scandinavian.attrib=shap_mpd=4_thresh=0.7_docnorm=F_tfidf=T.csv
0.175,0.815,0.0,0.0025,0.0025,0.0025,0.0025,400,lists/scandinavian/list.scandinavian.attrib=ig_mpd=11_thresh=0.3_docnorm=F_tfidf=F.csv
0.4925,0.4975,0.0,0.0,0.0025,0.0025,0.005,400,lists/scandinavian/list.scandinavian.attrib=shap_mpd=1_thresh=0.2_docnorm=F_tfidf=T.csv
0.665,0.2625,0.0,0.0,0.0,0.0,0.0,400,lists/scandinavian/list.scandinavian.attrib=shap_mpd=18_thresh=0.5_docnorm=T_tfidf=F.csv
0.4075,0.195,0.5075,0.7,0.785,0.8425,0.8625,400,lists/scandinavian/list.scandinavian.attrib=ig_mpd=2_thresh=0.1_docnorm=T_tfidf=T.csv
0.41,0.575,0.0,0.005,0.005,0.005,0.005,400,lists/scandinavian/list.scandinavian.attrib=loo_mpd=12_thresh=0.8_docnorm=F_tfidf=T.csv
0.5275,0.4575,0.0,0.0,0.0,0.0,0.0,400,lists/scandinavian/list.scandinavian.attrib=loo_mpd=8_thresh=0.9_docnorm=T_tfidf=F.csv
0.645,0.3175,0.0,0.0,0.0,0.0,0.0,400,lists/scandinavian/list.scandinavian.attrib=lime_mpd=16_thresh=0.6_docnorm=T_tfidf=T.csv
0.215,0.7775,0.0,0.0,0.0,0.0,0.0,400,lists/scandinavian/list.scandinavian.attrib=ig_mpd=5_thresh=0.1_docnorm=F_tfidf=T.csv
0.495,0.24,0.0,0.1675,0.4425,0.595,0.68,400,lists/scandinavian/list.scandinavian.attrib=ig_mpd=7_thresh=0.2_docnorm=T_tfidf=T.csv
0.5875,0.26,0.0,0.0,0.0175,0.1975,0.3775,400,lists/scandinavian/list.scandinavian.attrib=lime_mpd=17_thresh=0.3_docnorm=T_tfidf=F.csv
0.53,0.2475,0.0,0.125,0.3875,0.55,0.6425,400,lists/scandinavian/list.scandinavian.attrib=loo_mpd=12_thresh=0.2_docnorm=T_tfidf=T.csv
0.615,0.3275,0.0,0.0,0.0,0.0,0.0,400,lists/scandinavian/list.scandinavian.attrib=ig_mpd=8_thresh=0.6_docnorm=T_tfidf=F.csv
0.345,0.645,0.0,0.0,0.0,0.0,0.0,400,lists/scandinavian/list.scandinavian.attrib=lime_mpd=3_thresh=0.3_docnorm=F_tfidf=T.csv
0.3475,0.64,0.0,0.005,0.005,0.005,0.005,400,lists/scandinavian/list.scandinavian.attrib=loo_mpd=14_thresh=0.3_docnorm=F_tfidf=F.csv
0.57,0.17,0.0,0.2525,0.56,0.6925,0.775,400,lists/scandinavian/list.scandinavian.attrib=shap_mpd=19_thresh=0.2_docnorm=T_tfidf=F.csv
0.4275,0.565,0.0,0.0,0.0,0.0,0.0,400,lists/scandinavian/list.scandinavian.attrib=lime_mpd=3_thresh=1.0_docnorm=T_tfidf=F.csv
0.33,0.6625,0.0,0.0,0.0,0.0,0.0,400,lists/scandinavian/list.scandinavian.attrib=lime_mpd=18_thresh=0.3_docnorm=F_tfidf=T.csv
0.35,0.6375,0.0,0.005,0.005,0.005,0.005,400,lists/scandinavian/list.scandinavian.attrib=loo_mpd=13_thresh=0.1_docnorm=F_tfidf=F.csv
0.2175,0.775,0.0,0.0,0.0,0.0,0.0,400,lists/scandinavian/list.scandinavian.attrib=ig_mpd=6_thresh=0.2_docnorm=F_tfidf=T.csv
0.535,0.45,0.0,0.0,0.0,0.0,0.0,400,lists/scandinavian/list.scandinavian.attrib=shap_mpd=11_thresh=1.0_docnorm=T_tfidf=T.csv
0.215,0.7775,0.0,0.0,0.0,0.0,0.0,400,lists/scandinavian/list.scandinavian.attrib=ig_mpd=8_thresh=0.7_docnorm=F_tfidf=T.csv
0.615,0.315,0.0,0.0,0.0,0.0,0.0,400,lists/scandinavian/list.scandinavian.attrib=loo_mpd=18_thresh=0.5_docnorm=T_tfidf=T.csv
0.68,0.2825,0.0,0.0,0.0,0.0,0.0,400,lists/scandinavian/list.scandinavian.attrib=shap_mpd=7_thresh=0.6_docnorm=T_tfidf=F.csv
0.6525,0.3175,0.0,0.0,0.0,0.0,0.0,400,lists/scandinavian/list.scandinavian.attrib=shap_mpd=9_thresh=0.8_docnorm=T_tfidf=T.csv
0.64,0.3225,0.0,0.0,0.0,0.0,0.0,400,lists/scandinavian/list.scandinavian.attrib=lime_mpd=12_thresh=0.6_docnorm=T_tfidf=T.csv
0.195,0.79,0.0,0.0025,0.0025,0.0025,0.0025,400,lists/scandinavian/list.scandinavian.attrib=ig_mpd=18_thresh=0.1_docnorm=F_tfidf=F.csv
0.5725,0.3725,0.0,0.0,0.0,0.0125,0.0325,400,lists/scandinavian/list.scandinavian.attrib=ig_mpd=1_thresh=0.3_docnorm=T_tfidf=T.csv
0.225,0.765,0.0,0.0,0.0,0.0,0.0,400,lists/scandinavian/list.scandinavian.attrib=ig_mpd=19_thresh=0.8_docnorm=F_tfidf=T.csv
0.2225,0.77,0.0,0.0,0.0,0.0,0.0,400,lists/scandinavian/list.scandinavian.attrib=ig_mpd=10_thresh=0.6_docnorm=F_tfidf=T.csv
0.1925,0.7925,0.0,0.0025,0.0025,0.0025,0.0025,400,lists/scandinavian/list.scandinavian.attrib=ig_mpd=17_thresh=0.1_docnorm=F_tfidf=F.csv
0.3425,0.645,0.0,0.005,0.005,0.005,0.005,400,lists/scandinavian/list.scandinavian.attrib=loo_mpd=17_thresh=0.8_docnorm=F_tfidf=F.csv
0.675,0.28,0.0,0.0,0.0,0.0,0.0,400,lists/scandinavian/list.scandinavian.attrib=shap_mpd=17_thresh=0.6_docnorm=T_tfidf=F.csv
0.4425,0.5425,0.0,0.005,0.005,0.005,0.005,400,lists/scandinavian/list.scandinavian.attrib=loo_mpd=2_thresh=0.4_docnorm=F_tfidf=T.csv
0.6225,0.3425,0.0,0.0025,0.0025,0.0025,0.0025,400,lists/scandinavian/list.scandinavian.attrib=loo_mpd=8_thresh=0.6_docnorm=T_tfidf=T.csv
0.575,0.295,0.0,0.0025,0.0025,0.0025,0.1025,400,lists/scandinavian/list.scandinavian.attrib=ig_mpd=18_thresh=0.4_docnorm=T_tfidf=T.csv
0.195,0.79,0.0,0.0025,0.0025,0.0025,0.0025,400,lists/scandinavian/list.scandinavian.attrib=ig_mpd=19_thresh=0.9_docnorm=F_tfidf=F.csv
0.56,0.3375,0.0,0.0,0.0,0.0,0.0675,400,lists/scandinavian/list.scandinavian.attrib=loo_mpd=16_thresh=0.4_docnorm=T_tfidf=F.csv
0.225,0.7675,0.0,0.0,0.0,0.0,0.0,400,lists/scandinavian/list.scandinavian.attrib=ig_mpd=14_thresh=0.1_docnorm=F_tfidf=T.csv
0.4375,0.5475,0.0,0.0,0.0,0.0,0.0,400,lists/scandinavian/list.scandinavian.attrib=ig_mpd=1_thresh=0.7_docnorm=T_tfidf=F.csv
0.2275,0.7625,0.0,0.0,0.0,0.0,0.0,400,lists/scandinavian/list.scandinavian.attrib=ig_mpd=18_thresh=0.9_docnorm=F_tfidf=T.csv
0.4,0.585,0.0,0.005,0.005,0.005,0.005,400,lists/scandinavian/list.scandinavian.attrib=loo_mpd=14_thresh=0.9_docnorm=F_tfidf=T.csv
0.545,0.2075,0.0,0.1875,0.495,0.6625,0.7525,400,lists/scandinavian/list.scandinavian.attrib=lime_mpd=10_thresh=0.2_docnorm=T_tfidf=T.csv
0.3575,0.6375,0.0,0.0,0.0,0.0,0.0,400,lists/scandinavian/list.scandinavian.attrib=shap_mpd=11_thresh=0.5_docnorm=F_tfidf=T.csv
0.5625,0.4275,0.0,0.0,0.0,0.0,0.0,400,lists/scandinavian/list.scandinavian.attrib=loo_mpd=1_thresh=0.6_docnorm=T_tfidf=T.csv
0.355,0.6375,0.0,0.0,0.0,0.0,0.0,400,lists/scandinavian/list.scandinavian.attrib=shap_mpd=20_thresh=0.4_docnorm=F_tfidf=T.csv
0.5725,0.305,0.0,0.0025,0.0025,0.0025,0.0875,400,lists/scandinavian/list.scandinavian.attrib=ig_mpd=13_thresh=0.4_docnorm=T_tfidf=T.csv
0.315,0.675,0.0,0.0025,0.0025,0.0025,0.0025,400,lists/scandinavian/list.scandinavian.attrib=shap_mpd=18_thresh=0.7_docnorm=F_tfidf=F.csv
0.5425,0.3175,0.0,0.0,0.0125,0.155,0.2925,400,lists/scandinavian/list.scandinavian.attrib=loo_mpd=12_thresh=0.3_docnorm=T_tfidf=F.csv
0.3975,0.59,0.0,0.0,0.0,0.0,0.0,400,lists/scandinavian/list.scandinavian.attrib=lime_mpd=2_thresh=0.9_docnorm=F_tfidf=T.csv
0.345,0.6425,0.0,0.005,0.005,0.005,0.005,400,lists/scandinavian/list.scandinavian.attrib=loo_mpd=20_thresh=0.7_docnorm=F_tfidf=F.csv
0.345,0.6425,0.0,0.005,0.005,0.005,0.005,400,lists/scandinavian/list.scandinavian.attrib=loo_mpd=16_thresh=0.7_docnorm=F_tfidf=F.csv
0.545,0.2125,0.0,0.205,0.5075,0.6775,0.76,400,lists/scandinavian/list.scandinavian.attrib=lime_mpd=16_thresh=0.2_docnorm=T_tfidf=T.csv
0.3575,0.6375,0.0,0.0,0.0,0.0,0.0,400,lists/scandinavian/list.scandinavian.attrib=shap_mpd=11_thresh=0.9_docnorm=F_tfidf=T.csv
0.44,0.135,0.6975,0.8725,0.9225,0.95,0.965,400,lists/scandinavian/list.scandinavian.attrib=loo_mpd=4_thresh=0.1_docnorm=T_tfidf=F.csv
0.545,0.405,0.0,0.0025,0.0025,0.0025,0.0025,400,lists/scandinavian/list.scandinavian.attrib=ig_mpd=6_thresh=0.8_docnorm=T_tfidf=T.csv
0.18,0.81,0.0,0.0025,0.0025,0.0025,0.0025,400,lists/scandinavian/list.scandinavian.attrib=ig_mpd=10_thresh=0.6_docnorm=F_tfidf=F.csv
0.3375,0.6525,0.0,0.005,0.005,0.005,0.005,400,lists/scandinavian/list.scandinavian.attrib=loo_mpd=3_thresh=0.8_docnorm=F_tfidf=F.csv
0.295,0.695,0.0,0.005,0.005,0.005,0.005,400,lists/scandinavian/list.scandinavian.attrib=loo_mpd=10_thresh=1.0_docnorm=F_tfidf=F.csv
0.46,0.0625,0.7625,0.9325,0.9675,0.9875,0.99,400,lists/scandinavian/list.scandinavian.attrib=shap_mpd=13_thresh=0.1_docnorm=T_tfidf=F.csv
0.3325,0.6575,0.0,0.0,0.0,0.0,0.0,400,lists/scandinavian/list.scandinavian.attrib=lime_mpd=8_thresh=0.4_docnorm=F_tfidf=T.csv
0.445,0.11,0.715,0.88,0.95,0.975,0.99,400,lists/scandinavian/list.scandinavian.attrib=loo_mpd=16_thresh=0.1_docnorm=T_tfidf=T.csv
0.2825,0.71,0.0,0.0,0.0,0.0,0.0,400,lists/scandinavian/list.scandinavian.attrib=lime_mpd=7_thresh=0.7_docnorm=F_tfidf=F.csv
0.3925,0.0825,0.8225,0.945,0.965,0.9775,0.9825,400,lists/scandinavian/list.scandinavian.attrib=ig_mpd=16_thresh=0.1_docnorm=T_tfidf=F.csv
0.6125,0.355,0.0,0.0,0.0,0.0,0.0,400,lists/scandinavian/list.scandinavian.attrib=loo_mpd=9_thresh=0.6_docnorm=T_tfidf=F.csv
0.315,0.675,0.0,0.005,0.005,0.005,0.005,400,lists/scandinavian/list.scandinavian.attrib=shap_mpd=8_thresh=0.8_docnorm=F_tfidf=F.csv
0.22,0.7725,0.0,0.0,0.0,0.0,0.0,400,lists/scandinavian/list.scandinavian.attrib=ig_mpd=3_thresh=0.2_docnorm=F_tfidf=T.csv
0.5025,0.26,0.0,0.11,0.3625,0.525,0.6225,400,lists/scandinavian/list.scandinavian.attrib=ig_mpd=4_thresh=0.2_docnorm=T_tfidf=T.csv
0.345,0.65,0.0,0.0,0.0,0.0,0.0,400,lists/scandinavian/list.scandinavian.attrib=ig_mpd=6_thresh=1.0_docnorm=T_tfidf=T.csv
0.405,0.5875,0.0,0.0,0.0,0.0,0.0,400,lists/scandinavian/list.scandinavian.attrib=lime_mpd=1_thresh=0.2_docnorm=F_tfidf=F.csv
0.5775,0.2725,0.0,0.0,0.0175,0.1925,0.37,400,lists/scandinavian/list.scandinavian.attrib=lime_mpd=12_thresh=0.3_docnorm=T_tfidf=F.csv
0.61,0.255,0.0,0.0,0.02,0.2025,0.37,400,lists/scandinavian/list.scandinavian.attrib=lime_mpd=14_thresh=0.3_docnorm=T_tfidf=T.csv
0.315,0.675,0.0,0.005,0.005,0.005,0.005,400,lists/scandinavian/list.scandinavian.attrib=shap_mpd=8_thresh=0.9_docnorm=F_tfidf=F.csv
0.6575,0.295,0.0,0.0,0.0,0.0,0.0,400,lists/scandinavian/list.scandinavian.attrib=shap_mpd=16_thresh=0.6_docnorm=T_tfidf=T.csv
0.39,0.085,0.805,0.9375,0.965,0.975,0.9825,400,lists/scandinavian/list.scandinavian.attrib=ig_mpd=12_thresh=0.1_docnorm=T_tfidf=F.csv
0.605,0.3075,0.0,0.0,0.0,0.0,0.0,400,lists/scandinavian/list.scandinavian.attrib=ig_mpd=10_thresh=0.5_docnorm=T_tfidf=F.csv
0.415,0.1325,0.7275,0.885,0.9275,0.96,0.9675,400,lists/scandinavian/list.scandinavian.attrib=ig_mpd=20_thresh=0.1_docnorm=T_tfidf=T.csv
0.635,0.345,0.0,0.0025,0.0025,0.0025,0.0025,400,lists/scandinavian/list.scandinavian.attrib=loo_mpd=18_thresh=0.8_docnorm=T_tfidf=T.csv
0.5575,0.4225,0.0,0.0,0.0,0.0,0.0,400,lists/scandinavian/list.scandinavian.attrib=lime_mpd=10_thresh=0.9_docnorm=T_tfidf=F.csv
0.6325,0.3425,0.0,0.0,0.0,0.0,0.0,400,lists/scandinavian/list.scandinavian.attrib=loo_mpd=15_thresh=0.8_docnorm=T_tfidf=T.csv
0.28,0.7125,0.0,0.0,0.0,0.0,0.0,400,lists/scandinavian/list.scandinavian.attrib=lime_mpd=8_thresh=0.1_docnorm=F_tfidf=F.csv
0.44,0.54,0.0,0.005,0.01,0.01,0.0125,400,lists/scandinavian/list.scandinavian.attrib=loo_mpd=10_thresh=0.2_docnorm=F_tfidf=T.csv
0.54,0.2625,0.0,0.1075,0.3575,0.5125,0.595,400,lists/scandinavian/list.scandinavian.attrib=loo_mpd=9_thresh=0.2_docnorm=T_tfidf=T.csv
0.2875,0.705,0.0,0.0,0.0,0.0,0.0,400,lists/scandinavian/list.scandinavian.attrib=lime_mpd=5_thresh=0.4_docnorm=F_tfidf=F.csv
0.2,0.7875,0.0,0.0025,0.0025,0.0025,0.0025,400,lists/scandinavian/list.scandinavian.attrib=ig_mpd=2_thresh=0.2_docnorm=F_tfidf=F.csv
0.66,0.3125,0.0,0.0,0.0,0.0,0.0,400,lists/scandinavian/list.scandinavian.attrib=shap_mpd=18_thresh=0.7_docnorm=T_tfidf=T.csv
0.285,0.7075,0.0,0.0,0.0,0.0,0.0,400,lists/scandinavian/list.scandinavian.attrib=lime_mpd=15_thresh=1.0_docnorm=F_tfidf=F.csv
0.5625,0.34,0.0,0.0,0.0,0.0,0.0775,400,lists/scandinavian/list.scandinavian.attrib=loo_mpd=19_thresh=0.4_docnorm=T_tfidf=F.csv
0.625,0.27,0.0,0.0,0.0,0.0,0.02,400,lists/scandinavian/list.scandinavian.attrib=ig_mpd=3_thresh=0.4_docnorm=T_tfidf=F.csv
0.6275,0.3425,0.0,0.0025,0.0025,0.0025,0.0025,400,lists/scandinavian/list.scandinavian.attrib=loo_mpd=14_thresh=0.7_docnorm=T_tfidf=T.csv
0.625,0.26,0.0,0.0,0.0,0.0,0.1025,400,lists/scandinavian/list.scandinavian.attrib=shap_mpd=13_thresh=0.4_docnorm=T_tfidf=T.csv
0.355,0.64,0.0,0.0,0.0,0.0,0.0,400,lists/scandinavian/list.scandinavian.attrib=shap_mpd=15_thresh=0.9_docnorm=F_tfidf=T.csv
0.2175,0.775,0.0,0.0,0.0,0.0,0.0,400,lists/scandinavian/list.scandinavian.attrib=ig_mpd=4_thresh=0.4_docnorm=F_tfidf=T.csv
0.6225,0.26,0.0,0.0,0.0,0.0,0.065,400,lists/scandinavian/list.scandinavian.attrib=ig_mpd=11_thresh=0.4_docnorm=T_tfidf=F.csv
0.315,0.675,0.0,0.0025,0.0025,0.0025,0.0025,400,lists/scandinavian/list.scandinavian.attrib=shap_mpd=14_thresh=0.3_docnorm=F_tfidf=F.csv
0.6175,0.3275,0.0,0.0,0.0,0.0,0.0,400,lists/scandinavian/list.scandinavian.attrib=ig_mpd=5_thresh=0.6_docnorm=T_tfidf=F.csv
0.3175,0.6725,0.0,0.005,0.005,0.005,0.005,400,lists/scandinavian/list.scandinavian.attrib=shap_mpd=6_thresh=0.1_docnorm=F_tfidf=F.csv
0.3575,0.6375,0.0,0.0,0.0,0.0,0.0,400,lists/scandinavian/list.scandinavian.attrib=shap_mpd=16_thresh=0.7_docnorm=F_tfidf=T.csv
0.4625,0.5125,0.0,0.0,0.0,0.0,0.0,400,lists/scandinavian/list.scandinavian.attrib=ig_mpd=2_thresh=0.8_docnorm=T_tfidf=F.csv
0.465,0.0925,0.6925,0.8925,0.95,0.9825,0.995,400,lists/scandinavian/list.scandinavian.attrib=shap_mpd=9_thresh=0.1_docnorm=T_tfidf=T.csv
0.35,0.6375,0.0,0.005,0.005,0.005,0.005,400,lists/scandinavian/list.scandinavian.attrib=loo_mpd=12_thresh=0.2_docnorm=F_tfidf=F.csv
0.66,0.305,0.0,0.0,0.0,0.0,0.0,400,lists/scandinavian/list.scandinavian.attrib=shap_mpd=10_thresh=0.7_docnorm=T_tfidf=T.csv
0.33,0.6625,0.0,0.0,0.0,0.0,0.0,400,lists/scandinavian/list.scandinavian.attrib=lime_mpd=15_thresh=0.6_docnorm=F_tfidf=T.csv
0.54,0.28,0.0,0.0525,0.215,0.33,0.425,400,lists/scandinavian/list.scandinavian.attrib=loo_mpd=3_thresh=0.2_docnorm=T_tfidf=T.csv
0.5525,0.3525,0.0,0.005,0.0075,0.05,0.1075,400,lists/scandinavian/list.scandinavian.attrib=loo_mpd=3_thresh=0.3_docnorm=T_tfidf=T.csv
0.35,0.6375,0.0,0.005,0.005,0.005,0.005,400,lists/scandinavian/list.scandinavian.attrib=loo_mpd=7_thresh=0.1_docnorm=F_tfidf=F.csv
0.6825,0.28,0.0,0.0,0.0,0.0,0.0,400,lists/scandinavian/list.scandinavian.attrib=shap_mpd=9_thresh=0.6_docnorm=T_tfidf=F.csv
0.1925,0.7975,0.0,0.0025,0.0025,0.0025,0.0025,400,lists/scandinavian/list.scandinavian.attrib=ig_mpd=15_thresh=0.3_docnorm=F_tfidf=F.csv
0.25,0.735,0.0,0.0,0.0,0.0,0.0,400,lists/scandinavian/list.scandinavian.attrib=ig_mpd=1_thresh=0.6_docnorm=F_tfidf=F.csv
0.21,0.7725,0.0,0.0,0.0,0.0,0.0,400,lists/scandinavian/list.scandinavian.attrib=ig_mpd=20_thresh=1.0_docnorm=F_tfidf=T.csv
0.245,0.7425,0.0,0.0,0.0,0.0,0.0,400,lists/scandinavian/list.scandinavian.attrib=ig_mpd=1_thresh=0.7_docnorm=F_tfidf=F.csv
0.35,0.6375,0.0,0.005,0.005,0.005,0.005,400,lists/scandinavian/list.scandinavian.attrib=loo_mpd=11_thresh=0.1_docnorm=F_tfidf=F.csv
0.57,0.2325,0.0,0.08,0.265,0.3975,0.5,400,lists/scandinavian/list.scandinavian.attrib=shap_mpd=2_thresh=0.2_docnorm=T_tfidf=T.csv
0.3575,0.6375,0.0,0.0,0.0,0.0,0.0,400,lists/scandinavian/list.scandinavian.attrib=shap_mpd=13_thresh=0.8_docnorm=F_tfidf=T.csv
0.595,0.3375,0.0,0.0025,0.0025,0.0025,0.035,400,lists/scandinavian/list.scandinavian.attrib=loo_mpd=8_thresh=0.4_docnorm=T_tfidf=T.csv
0.33,0.66,0.0,0.0,0.0,0.0,0.0,400,lists/scandinavian/list.scandinavian.attrib=lime_mpd=8_thresh=0.9_docnorm=F_tfidf=T.csv
0.315,0.675,0.0,0.005,0.005,0.005,0.005,400,lists/scandinavian/list.scandinavian.attrib=shap_mpd=8_thresh=0.1_docnorm=F_tfidf=F.csv
0.565,0.415,0.0,0.0,0.0,0.0,0.0,400,lists/scandinavian/list.scandinavian.attrib=lime_mpd=20_thresh=0.9_docnorm=T_tfidf=F.csv
0.3325,0.655,0.0,0.005,0.005,0.005,0.005,400,lists/scandinavian/list.scandinavian.attrib=loo_mpd=20_thresh=0.9_docnorm=F_tfidf=F.csv
0.42,0.565,0.0,0.005,0.005,0.005,0.005,400,lists/scandinavian/list.scandinavian.attrib=loo_mpd=5_thresh=0.7_docnorm=F_tfidf=T.csv
0.6625,0.265,0.0,0.0,0.0,0.0,0.0,400,lists/scandinavian/list.scandinavian.attrib=shap_mpd=20_thresh=0.5_docnorm=T_tfidf=F.csv
0.61,0.3,0.0,0.0,0.0,0.0025,0.0625,400,lists/scandinavian/list.scandinavian.attrib=lime_mpd=5_thresh=0.4_docnorm=T_tfidf=T.csv
0.315,0.675,0.0,0.005,0.005,0.005,0.005,400,lists/scandinavian/list.scandinavian.attrib=shap_mpd=9_thresh=0.7_docnorm=F_tfidf=F.csv
0.1975,0.7875,0.0,0.0025,0.0025,0.0025,0.0025,400,lists/scandinavian/list.scandinavian.attrib=ig_mpd=20_thresh=0.8_docnorm=F_tfidf=F.csv
0.225,0.765,0.0,0.0,0.0,0.0,0.0,400,lists/scandinavian/list.scandinavian.attrib=ig_mpd=18_thresh=0.3_docnorm=F_tfidf=T.csv
0.285,0.7075,0.0,0.0,0.0,0.0,0.0,400,lists/scandinavian/list.scandinavian.attrib=lime_mpd=16_thresh=1.0_docnorm=F_tfidf=F.csv
0.345,0.6425,0.0,0.005,0.005,0.005,0.005,400,lists/scandinavian/list.scandinavian.attrib=loo_mpd=17_thresh=0.6_docnorm=F_tfidf=F.csv
0.22,0.7725,0.0,0.0,0.0,0.0,0.0,400,lists/scandinavian/list.scandinavian.attrib=ig_mpd=3_thresh=0.5_docnorm=F_tfidf=T.csv
0.18,0.81,0.0,0.0025,0.0025,0.0025,0.0025,400,lists/scandinavian/list.scandinavian.attrib=ig_mpd=10_thresh=0.5_docnorm=F_tfidf=F.csv
0.3825,0.605,0.0,0.005,0.005,0.005,0.005,400,lists/scandinavian/list.scandinavian.attrib=loo_mpd=4_thresh=0.9_docnorm=F_tfidf=T.csv
0.31,0.6825,0.0,0.0,0.0,0.0,0.0,400,lists/scandinavian/list.scandinavian.attrib=lime_mpd=3_thresh=0.3_docnorm=F_tfidf=F.csv
0.2825,0.71,0.0,0.0,0.0,0.0,0.0,400,lists/scandinavian/list.scandinavian.attrib=lime_mpd=13_thresh=1.0_docnorm=F_tfidf=F.csv
0.285,0.7075,0.0,0.0,0.0,0.0,0.0,400,lists/scandinavian/list.scandinavian.attrib=lime_mpd=14_thresh=0.6_docnorm=F_tfidf=F.csv
0.475,0.515,0.0,0.0025,0.0025,0.0025,0.0025,400,lists/scandinavian/list.scandinavian.attrib=shap_mpd=1_thresh=0.8_docnorm=F_tfidf=T.csv
0.3175,0.6725,0.0,0.005,0.005,0.005,0.005,400,lists/scandinavian/list.scandinavian.attrib=shap_mpd=6_thresh=0.7_docnorm=F_tfidf=F.csv
0.185,0.8075,0.0,0.0,0.0,0.0,0.0,400,lists/scandinavian/list.scandinavian.attrib=ig_mpd=4_thresh=0.1_docnorm=F_tfidf=F.csv
0.66,0.32,0.0,0.0,0.0,0.0,0.0,400,lists/scandinavian/list.scandinavian.attrib=shap_mpd=17_thresh=0.8_docnorm=T_tfidf=F.csv
0.195,0.79,0.0,0.0025,0.0025,0.0025,0.0025,400,lists/scandinavian/list.scandinavian.attrib=ig_mpd=19_thresh=0.5_docnorm=F_tfidf=F.csv
0.47,0.51,0.0,0.0,0.0,0.0,0.0,400,lists/scandinavian/list.scandinavian.attrib=lime_mpd=11_thresh=1.0_docnorm=T_tfidf=T.csv
0.31,0.6825,0.0,0.0,0.0,0.0,0.0,400,lists/scandinavian/list.scandinavian.attrib=lime_mpd=3_thresh=0.7_docnorm=F_tfidf=F.csv
0.5425,0.4275,0.0,0.0,0.0,0.0,0.0,400,lists/scandinavian/list.scandinavian.attrib=lime_mpd=2_thresh=0.8_docnorm=T_tfidf=T.csv
0.32,0.6725,0.0,0.005,0.005,0.005,0.005,400,lists/scandinavian/list.scandinavian.attrib=shap_mpd=4_thresh=0.7_docnorm=F_tfidf=F.csv
0.525,0.225,0.0,0.2125,0.535,0.685,0.7925,400,lists/scandinavian/list.scandinavian.attrib=lime_mpd=10_thresh=0.2_docnorm=T_tfidf=F.csv
0.415,0.57,0.0,0.005,0.005,0.005,0.005,400,lists/scandinavian/list.scandinavian.attrib=loo_mpd=14_thresh=0.8_docnorm=F_tfidf=T.csv
0.435,0.1075,0.8025,0.9375,0.96,0.9775,0.985,400,lists/scandinavian/list.scandinavian.attrib=loo_mpd=20_thresh=0.1_docnorm=T_tfidf=F.csv
0.46,0.5275,0.0,0.0,0.0,0.0,0.0,400,lists/scandinavian/list.scandinavian.attrib=loo_mpd=17_thresh=1.0_docnorm=T_tfidf=F.csv
0.5425,0.32,0.0,0.0,0.01,0.1425,0.275,400,lists/scandinavian/list.scandinavian.attrib=loo_mpd=11_thresh=0.3_docnorm=T_tfidf=F.csv
0.3475,0.64,0.0,0.005,0.005,0.005,0.005,400,lists/scandinavian/list.scandinavian.attrib=loo_mpd=17_thresh=0.1_docnorm=F_tfidf=F.csv
0.585,0.1875,0.0,0.17,0.45,0.5875,0.6825,400,lists/scandinavian/list.scandinavian.attrib=shap_mpd=5_thresh=0.2_docnorm=T_tfidf=F.csv
0.345,0.6425,0.0,0.005,0.005,0.005,0.005,400,lists/scandinavian/list.scandinavian.attrib=loo_mpd=18_thresh=0.7_docnorm=F_tfidf=F.csv
0.6775,0.2825,0.0,0.0,0.0,0.0,0.0,400,lists/scandinavian/list.scandinavian.attrib=shap_mpd=10_thresh=0.6_docnorm=T_tfidf=F.csv
0.5325,0.4375,0.0,0.0,0.0,0.0,0.0,400,lists/scandinavian/list.scandinavian.attrib=lime_mpd=1_thresh=0.6_docnorm=T_tfidf=F.csv
0.33,0.6625,0.0,0.0,0.0,0.0,0.0,400,lists/scandinavian/list.scandinavian.attrib=lime_mpd=12_thresh=0.3_docnorm=F_tfidf=T.csv
0.4475,0.15,0.585,0.78,0.8725,0.9125,0.9475,400,lists/scandinavian/list.scandinavian.attrib=loo_mpd=4_thresh=0.1_docnorm=T_tfidf=T.csv
0.355,0.6375,0.0,0.0,0.0,0.0,0.0,400,lists/scandinavian/list.scandinavian.attrib=shap_mpd=14_thresh=0.3_docnorm=F_tfidf=T.csv
0.52,0.2525,0.0,0.165,0.4625,0.6225,0.715,400,lists/scandinavian/list.scandinavian.attrib=loo_mpd=20_thresh=0.2_docnorm=T_tfidf=T.csv
0.4375,0.5475,0.0,0.005,0.005,0.005,0.005,400,lists/scandinavian/list.scandinavian.attrib=loo_mpd=17_thresh=0.4_docnorm=F_tfidf=T.csv
0.52,0.285,0.0,0.0,0.02,0.1975,0.3525,400,lists/scandinavian/list.scandinavian.attrib=ig_mpd=14_thresh=0.3_docnorm=T_tfidf=T.csv
0.42,0.565,0.0,0.005,0.005,0.005,0.005,400,lists/scandinavian/list.scandinavian.attrib=loo_mpd=9_thresh=0.7_docnorm=F_tfidf=T.csv
0.3325,0.6575,0.0,0.0,0.0,0.0,0.0,400,lists/scandinavian/list.scandinavian.attrib=lime_mpd=10_thresh=0.6_docnorm=F_tfidf=T.csv
0.33,0.6625,0.0,0.0,0.0,0.0,0.0,400,lists/scandinavian/list.scandinavian.attrib=lime_mpd=12_thresh=0.9_docnorm=F_tfidf=T.csv
0.6725,0.3025,0.0,0.0,0.0,0.0,0.0,400,lists/scandinavian/list.scandinavian.attrib=shap_mpd=16_thresh=0.7_docnorm=T_tfidf=F.csv
0.285,0.7075,0.0,0.0,0.0,0.0,0.0,400,lists/scandinavian/list.scandinavian.attrib=lime_mpd=14_thresh=0.9_docnorm=F_tfidf=F.csv
0.18,0.81,0.0,0.0025,0.0025,0.0025,0.0025,400,lists/scandinavian/list.scandinavian.attrib=ig_mpd=6_thresh=0.4_docnorm=F_tfidf=F.csv
0.315,0.675,0.0,0.0025,0.0025,0.0025,0.0025,400,lists/scandinavian/list.scandinavian.attrib=shap_mpd=18_thresh=0.6_docnorm=F_tfidf=F.csv
0.285,0.7075,0.0,0.0,0.0,0.0,0.0,400,lists/scandinavian/list.scandinavian.attrib=lime_mpd=12_thresh=0.3_docnorm=F_tfidf=F.csv
0.315,0.675,0.0,0.0025,0.0025,0.0025,0.0025,400,lists/scandinavian/list.scandinavian.attrib=shap_mpd=20_thresh=0.4_docnorm=F_tfidf=F.csv
0.58,0.3175,0.0,0.0025,0.0025,0.0025,0.0525,400,lists/scandinavian/list.scandinavian.attrib=loo_mpd=11_thresh=0.4_docnorm=T_tfidf=T.csv
0.5375,0.4475,0.0,0.0025,0.0025,0.0025,0.0025,400,lists/scandinavian/list.scandinavian.attrib=shap_mpd=1_thresh=0.8_docnorm=T_tfidf=F.csv
0.6175,0.35,0.0,0.0,0.0,0.0,0.0,400,lists/scandinavian/list.scandinavian.attrib=loo_mpd=15_thresh=0.6_docnorm=T_tfidf=F.csv
0.5975,0.385,0.0,0.0,0.0,0.0,0.0,400,lists/scandinavian/list.scandinavian.attrib=shap_mpd=16_thresh=0.9_docnorm=T_tfidf=F.csv
0.3275,0.67,0.0,0.0,0.0,0.0,0.0,400,lists/scandinavian/list.scandinavian.attrib=ig_mpd=5_thresh=1.0_docnorm=T_tfidf=T.csv
0.355,0.635,0.0,0.0025,0.0025,0.0025,0.0025,400,lists/scandinavian/list.scandinavian.attrib=shap_mpd=8_thresh=0.1_docnorm=F_tfidf=T.csv
0.21,0.7775,0.0,0.0,0.0,0.0,0.0,400,lists/scandinavian/list.scandinavian.attrib=ig_mpd=14_thresh=1.0_docnorm=F_tfidf=T.csv
0.28,0.7125,0.0,0.0,0.0,0.0,0.0,400,lists/scandinavian/list.scandinavian.attrib=lime_mpd=8_thresh=1.0_docnorm=F_tfidf=F.csv
0.5575,0.3225,0.0,0.0025,0.0025,0.0025,0.0775,400,lists/scandinavian/list.scandinavian.attrib=ig_mpd=8_thresh=0.4_docnorm=T_tfidf=T.csv
0.47,0.5125,0.0,0.0,0.0,0.0,0.0,400,lists/scandinavian/list.scandinavian.attrib=lime_mpd=2_thresh=0.9_docnorm=T_tfidf=F.csv
0.32,0.67,0.0,0.0,0.0,0.0,0.0,400,lists/scandinavian/list.scandinavian.attrib=lime_mpd=13_thresh=1.0_docnorm=F_tfidf=T.csv
0.5525,0.425,0.0,0.0,0.0,0.0,0.0,400,lists/scandinavian/list.scandinavian.attrib=loo_mpd=12_thresh=0.9_docnorm=T_tfidf=T.csv
0.5825,0.265,0.0,0.0,0.0175,0.195,0.375,400,lists/scandinavian/list.scandinavian.attrib=lime_mpd=15_thresh=0.3_docnorm=T_tfidf=F.csv
0.6425,0.325,0.0,0.0,0.0,0.0,0.0,400,lists/scandinavian/list.scandinavian.attrib=lime_mpd=15_thresh=0.6_docnorm=T_tfidf=F.csv
0.2825,0.71,0.0,0.0,0.0,0.0,0.0,400,lists/scandinavian/list.scandinavian.attrib=lime_mpd=7_thresh=0.2_docnorm=F_tfidf=F.csv
0.2825,0.71,0.0,0.0,0.0,0.0,0.0,400,lists/scandinavian/list.scandinavian.attrib=lime_mpd=11_thresh=0.2_docnorm=F_tfidf=F.csv
0.555,0.2275,0.0,0.155,0.4175,0.59,0.6825,400,lists/scandinavian/list.scandinavian.attrib=lime_mpd=4_thresh=0.2_docnorm=T_tfidf=T.csv
0.5425,0.4375,0.0,0.0,0.0,0.0,0.0,400,lists/scandinavian/list.scandinavian.attrib=shap_mpd=1_thresh=0.7_docnorm=T_tfidf=F.csv
0.195,0.79,0.0,0.0025,0.0025,0.0025,0.0025,400,lists/scandinavian/list.scandinavian.attrib=ig_mpd=18_thresh=0.2_docnorm=F_tfidf=F.csv
0.5675,0.38,0.0,0.0025,0.0025,0.0025,0.0025,400,lists/scandinavian/list.scandinavian.attrib=ig_mpd=13_thresh=0.8_docnorm=T_tfidf=T.csv
0.6225,0.245,0.0,0.0,0.0175,0.1625,0.325,400,lists/scandinavian/list.scandinavian.attrib=shap_mpd=13_thresh=0.3_docnorm=T_tfidf=T.csv
0.65,0.32,0.0,0.0,0.0,0.0,0.0,400,lists/scandinavian/list.scandinavian.attrib=shap_mpd=17_thresh=0.8_docnorm=T_tfidf=T.csv
0.545,0.2725,0.0,0.0,0.015,0.165,0.3075,400,lists/scandinavian/list.scandinavian.attrib=ig_mpd=7_thresh=0.3_docnorm=T_tfidf=T.csv
0.4075,0.58,0.0,0.005,0.005,0.005,0.005,400,lists/scandinavian/list.scandinavian.attrib=loo_mpd=3_thresh=0.8_docnorm=F_tfidf=T.csv
0.58,0.365,0.0,0.0,0.0025,0.0125,0.0275,400,lists/scandinavian/list.scandinavian.attrib=loo_mpd=1_thresh=0.3_docnorm=T_tfidf=T.csv
0.4225,0.575,0.0,0.0,0.0,0.0,0.0,400,lists/scandinavian/list.scandinavian.attrib=loo_mpd=9_thresh=1.0_docnorm=T_tfidf=F.csv
0.285,0.7075,0.0,0.0,0.0,0.0,0.0,400,lists/scandinavian/list.scandinavian.attrib=lime_mpd=14_thresh=0.5_docnorm=F_tfidf=F.csv
0.6475,0.29,0.0,0.0,0.0,0.0025,0.0025,400,lists/scandinavian/list.scandinavian.attrib=lime_mpd=14_thresh=0.5_docnorm=T_tfidf=F.csv
0.4075,0.08,0.7525,0.9025,0.9425,0.9625,0.9725,400,lists/scandinavian/list.scandinavian.attrib=ig_mpd=6_thresh=0.1_docnorm=T_tfidf=F.csv
0.285,0.7075,0.0,0.0,0.0,0.0,0.0,400,lists/scandinavian/list.scandinavian.attrib=lime_mpd=12_thresh=0.4_docnorm=F_tfidf=F.csv
0.65,0.32,0.0,0.0,0.0,0.0,0.0,400,lists/scandinavian/list.scandinavian.attrib=shap_mpd=19_thresh=0.8_docnorm=T_tfidf=T.csv
0.3075,0.6875,0.0,0.0,0.0,0.0,0.0,400,lists/scandinavian/list.scandinavian.attrib=lime_mpd=3_thresh=1.0_docnorm=F_tfidf=F.csv
0.4225,0.5625,0.0,0.005,0.005,0.005,0.005,400,lists/scandinavian/list.scandinavian.attrib=loo_mpd=7_thresh=0.7_docnorm=F_tfidf=T.csv
0.46,0.5225,0.0,0.0,0.0,0.0,0.0,400,lists/scandinavian/list.scandinavian.attrib=ig_mpd=1_thresh=0.7_docnorm=T_tfidf=T.csv
0.43,0.5475,0.0,0.0025,0.0025,0.0025,0.0025,400,lists/scandinavian/list.scandinavian.attrib=ig_mpd=3_thresh=0.9_docnorm=T_tfidf=F.csv
0.315,0.675,0.0,0.0025,0.0025,0.0025,0.0025,400,lists/scandinavian/list.scandinavian.attrib=shap_mpd=18_thresh=0.9_docnorm=F_tfidf=F.csv
0.44,0.5375,0.0,0.0075,0.0125,0.015,0.0175,400,lists/scandinavian/list.scandinavian.attrib=loo_mpd=16_thresh=0.1_docnorm=F_tfidf=T.csv
0.35,0.6375,0.0,0.005,0.005,0.005,0.005,400,lists/scandinavian/list.scandinavian.attrib=loo_mpd=5_thresh=0.5_docnorm=F_tfidf=F.csv
0.18,0.81,0.0,0.0025,0.0025,0.0025,0.0025,400,lists/scandinavian/list.scandinavian.attrib=ig_mpd=6_thresh=0.2_docnorm=F_tfidf=F.csv
0.33,0.6575,0.0,0.005,0.005,0.005,0.005,400,lists/scandinavian/list.scandinavian.attrib=loo_mpd=13_thresh=0.9_docnorm=F_tfidf=F.csv
0.2175,0.775,0.0,0.0,0.0,0.0,0.0,400,lists/scandinavian/list.scandinavian.attrib=ig_mpd=6_thresh=0.4_docnorm=F_tfidf=T.csv
0.44,0.54,0.0,0.005,0.01,0.01,0.0125,400,lists/scandinavian/list.scandinavian.attrib=loo_mpd=12_thresh=0.2_docnorm=F_tfidf=T.csv
0.5975,0.3875,0.0,0.0,0.0,0.0,0.0,400,lists/scandinavian/list.scandinavian.attrib=lime_mpd=18_thresh=0.9_docnorm=T_tfidf=T.csv
0.4325,0.5575,0.0,0.0025,0.0025,0.0025,0.0025,400,lists/scandinavian/list.scandinavian.attrib=shap_mpd=1_thresh=0.2_docnorm=F_tfidf=F.csv
0.1825,0.8075,0.0,0.0025,0.0025,0.0025,0.0025,400,lists/scandinavian/list.scandinavian.attrib=ig_mpd=13_thresh=0.2_docnorm=F_tfidf=F.csv
0.6275,0.35,0.0,0.0,0.0,0.0,0.0,400,lists/scandinavian/list.scandinavian.attrib=lime_mpd=13_thresh=0.8_docnorm=T_tfidf=T.csv
0.285,0.7075,0.0,0.0,0.0,0.0,0.0,400,lists/scandinavian/list.scandinavian.attrib=lime_mpd=16_thresh=0.4_docnorm=F_tfidf=F.csv
0.67,0.305,0.0,0.0,0.0,0.0,0.0,400,lists/scandinavian/list.scandinavian.attrib=shap_mpd=13_thresh=0.7_docnorm=T_tfidf=F.csv
0.355,0.6375,0.0,0.0,0.0,0.0,0.0,400,lists/scandinavian/list.scandinavian.attrib=shap_mpd=15_thresh=0.4_docnorm=F_tfidf=T.csv
0.33,0.6625,0.0,0.0,0.0,0.0,0.0,400,lists/scandinavian/list.scandinavian.attrib=lime_mpd=13_thresh=0.5_docnorm=F_tfidf=T.csv
0.595,0.335,0.0,0.0,0.0,0.0,0.0,400,lists/scandinavian/list.scandinavian.attrib=ig_mpd=15_thresh=0.5_docnorm=T_tfidf=T.csv
0.22,0.7725,0.0,0.0,0.0,0.0,0.0,400,lists/scandinavian/list.scandinavian.attrib=ig_mpd=11_thresh=0.2_docnorm=F_tfidf=T.csv
0.6425,0.1975,0.0,0.0,0.01,0.175,0.3675,400,lists/scandinavian/list.scandinavian.attrib=shap_mpd=17_thresh=0.3_docnorm=T_tfidf=F.csv
0.195,0.795,0.0,0.0025,0.0025,0.0025,0.0025,400,lists/scandinavian/list.scandinavian.attrib=ig_mpd=3_thresh=0.3_docnorm=F_tfidf=F.csv
0.6125,0.315,0.0,0.0,0.0,0.0,0.0275,400,lists/scandinavian/list.scandinavian.attrib=lime_mpd=3_thresh=0.4_docnorm=T_tfidf=T.csv
0.5725,0.38,0.0,0.0025,0.0025,0.0025,0.0025,400,lists/scandinavian/list.scandinavian.attrib=ig_mpd=8_thresh=0.8_docnorm=T_tfidf=F.csv
0.32,0.67,0.0,0.0,0.0,0.0,0.0,400,lists/scandinavian/list.scandinavian.attrib=lime_mpd=8_thresh=1.0_docnorm=F_tfidf=T.csv
0.4175,0.57,0.0,0.005,0.005,0.005,0.005,400,lists/scandinavian/list.scandinavian.attrib=loo_mpd=19_thresh=0.8_docnorm=F_tfidf=T.csv
0.1925,0.7925,0.0,0.0025,0.0025,0.0025,0.0025,400,lists/scandinavian/list.scandinavian.attrib=ig_mpd=17_thresh=0.6_docnorm=F_tfidf=F.csv
0.3825,0.5975,0.0,0.0,0.0,0.0,0.0,400,lists/scandinavian/list.scandinavian.attrib=ig_mpd=15_thresh=1.0_docnorm=T_tfidf=T.csv
0.6425,0.3375,0.0,0.0025,0.0025,0.0025,0.0025,400,lists/scandinavian/list.scandinavian.attrib=loo_mpd=20_thresh=0.8_docnorm=T_tfidf=T.csv
0.335,0.655,0.0,0.005,0.005,0.005,0.005,400,lists/scandinavian/list.scandinavian.attrib=loo_mpd=4_thresh=0.8_docnorm=F_tfidf=F.csv
0.36,0.6325,0.0,0.0025,0.0025,0.0025,0.0025,400,lists/scandinavian/list.scandinavian.attrib=shap_mpd=8_thresh=0.6_docnorm=F_tfidf=T.csv
0.6375,0.3025,0.0,0.0,0.0,0.0025,0.0025,400,lists/scandinavian/list.scandinavian.attrib=lime_mpd=9_thresh=0.5_docnorm=T_tfidf=F.csv
0.2875,0.705,0.0,0.0,0.0,0.0,0.0,400,lists/scandinavian/list.scandinavian.attrib=lime_mpd=19_thresh=0.1_docnorm=F_tfidf=F.csv
0.675,0.28,0.0,0.0,0.0,0.0,0.0,400,lists/scandinavian/list.scandinavian.attrib=shap_mpd=16_thresh=0.6_docnorm=T_tfidf=F.csv
0.5825,0.265,0.0,0.0,0.0175,0.195,0.375,400,lists/scandinavian/list.scandinavian.attrib=lime_mpd=14_thresh=0.3_docnorm=T_tfidf=F.csv
0.5925,0.3925,0.0,0.0,0.0,0.0,0.0,400,lists/scandinavian/list.scandinavian.attrib=lime_mpd=10_thresh=0.9_docnorm=T_tfidf=T.csv
0.3275,0.665,0.0,0.0,0.0,0.0,0.0,400,lists/scandinavian/list.scandinavian.attrib=lime_mpd=18_thresh=0.6_docnorm=F_tfidf=T.csv
0.455,0.065,0.75,0.925,0.97,0.9875,0.99,400,lists/scandinavian/list.scandinavian.attrib=shap_mpd=8_thresh=0.1_docnorm=T_tfidf=F.csv
0.225,0.765,0.0,0.0,0.0,0.0,0.0,400,lists/scandinavian/list.scandinavian.attrib=ig_mpd=18_thresh=0.1_docnorm=F_tfidf=T.csv
0.6325,0.335,0.0,0.0,0.0,0.0,0.0,400,lists/scandinavian/list.scandinavian.attrib=loo_mpd=20_thresh=0.7_docnorm=T_tfidf=T.csv
0.3375,0.65,0.0,0.005,0.005,0.005,0.005,400,lists/scandinavian/list.scandinavian.attrib=loo_mpd=10_thresh=0.8_docnorm=F_tfidf=F.csv
0.6175,0.3625,0.0,0.0,0.0,0.0,0.0,400,lists/scandinavian/list.scandinavian.attrib=lime_mpd=6_thresh=0.8_docnorm=T_tfidf=T.csv
0.4825,0.5075,0.0,0.0,0.0,0.0,0.0,400,lists/scandinavian/list.scandinavian.attrib=loo_mpd=1_thresh=0.5_docnorm=F_tfidf=T.csv
0.625,0.35,0.0,0.0,0.0,0.0,0.0,400,lists/scandinavian/list.scandinavian.attrib=shap_mpd=2_thresh=0.6_docnorm=T_tfidf=F.csv
0.225,0.765,0.0,0.0,0.0,0.0,0.0,400,lists/scandinavian/list.scandinavian.attrib=ig_mpd=20_thresh=0.8_docnorm=F_tfidf=T.csv
0.6075,0.36,0.0,0.0,0.0,0.0,0.0025,400,lists/scandinavian/list.scandinavian.attrib=loo_mpd=2_thresh=0.4_docnorm=T_tfidf=T.csv
0.355,0.6375,0.0,0.0,0.0,0.0,0.0,400,lists/scandinavian/list.scandinavian.attrib=shap_mpd=15_thresh=0.2_docnorm=F_tfidf=T.csv
0.3575,0.635,0.0,0.0025,0.0025,0.0025,0.0025,400,lists/scandinavian/list.scandinavian.attrib=shap_mpd=9_thresh=0.5_docnorm=F_tfidf=T.csv
0.5375,0.285,0.0,0.0,0.015,0.17,0.3175,400,lists/scandinavian/list.scandinavian.attrib=ig_mpd=8_thresh=0.3_docnorm=T_tfidf=T.csv
0.345,0.645,0.0,0.0,0.0,0.0,0.0,400,lists/scandinavian/list.scandinavian.attrib=lime_mpd=3_thresh=0.9_docnorm=F_tfidf=T.csv
0.5675,0.4125,0.0,0.0,0.0,0.0,0.0,400,lists/scandinavian/list.scandinavian.attrib=lime_mpd=1_thresh=0.7_docnorm=T_tfidf=T.csv
0.3575,0.6375,0.0,0.0,0.0,0.0,0.0,400,lists/scandinavian/list.scandinavian.attrib=shap_mpd=11_thresh=0.7_docnorm=F_tfidf=T.csv
0.3875,0.5875,0.0,0.0,0.0,0.0,0.0,400,lists/scandinavian/list.scandinavian.attrib=ig_mpd=17_thresh=1.0_docnorm=T_tfidf=T.csv
0.4925,0.5025,0.0,0.0,0.0,0.0,0.0,400,lists/scandinavian/list.scandinavian.attrib=shap_mpd=1_thresh=0.3_docnorm=F_tfidf=T.csv
0.4,0.0825,0.7725,0.915,0.95,0.9675,0.9775,400,lists/scandinavian/list.scandinavian.attrib=ig_mpd=7_thresh=0.1_docnorm=T_tfidf=F.csv
0.5625,0.1775,0.0,0.245,0.5475,0.68,0.77,400,lists/scandinavian/list.scandinavian.attrib=shap_mpd=14_thresh=0.2_docnorm=T_tfidf=F.csv
0.2875,0.705,0.0,0.0,0.0,0.0,0.0,400,lists/scandinavian/list.scandinavian.attrib=lime_mpd=19_thresh=0.4_docnorm=F_tfidf=F.csv
0.3475,0.64,0.0,0.005,0.005,0.005,0.005,400,lists/scandinavian/list.scandinavian.attrib=loo_mpd=10_thresh=0.6_docnorm=F_tfidf=F.csv
0.2175,0.775,0.0,0.0,0.0,0.0,0.0,400,lists/scandinavian/list.scandinavian.attrib=ig_mpd=6_thresh=0.8_docnorm=F_tfidf=T.csv
0.62,0.325,0.0,0.0,0.0,0.0,0.0,400,lists/scandinavian/list.scandinavian.attrib=loo_mpd=13_thresh=0.5_docnorm=T_tfidf=F.csv
0.315,0.675,0.0,0.0025,0.0025,0.0025,0.0025,400,lists/scandinavian/list.scandinavian.attrib=shap_mpd=13_thresh=0.2_docnorm=F_tfidf=F.csv
0.345,0.645,0.0,0.0,0.0,0.0,0.0,400,lists/scandinavian/list.scandinavian.attrib=lime_mpd=3_thresh=0.2_docnorm=F_tfidf=T.csv
0.2225,0.7675,0.0,0.0,0.0,0.0,0.0,400,lists/scandinavian/list.scandinavian.attrib=ig_mpd=15_thresh=0.3_docnorm=F_tfidf=T.csv
0.605,0.34,0.0,0.0025,0.0025,0.0025,0.0025,400,lists/scandinavian/list.scandinavian.attrib=ig_mpd=19_thresh=0.7_docnorm=T_tfidf=F.csv
0.4375,0.55,0.0,0.005,0.005,0.005,0.005,400,lists/scandinavian/list.scandinavian.attrib=loo_mpd=4_thresh=0.5_docnorm=F_tfidf=T.csv
0.6325,0.3375,0.0,0.0,0.0,0.0,0.0,400,lists/scandinavian/list.scandinavian.attrib=lime_mpd=7_thresh=0.7_docnorm=T_tfidf=T.csv
0.51,0.455,0.0,0.0025,0.0025,0.0025,0.0025,400,lists/scandinavian/list.scandinavian.attrib=ig_mpd=9_thresh=0.9_docnorm=T_tfidf=T.csv
0.195,0.795,0.0,0.0025,0.0025,0.0025,0.0025,400,lists/scandinavian/list.scandinavian.attrib=ig_mpd=3_thresh=0.4_docnorm=F_tfidf=F.csv
0.35,0.64,0.0,0.0025,0.0025,0.0025,0.0025,400,lists/scandinavian/list.scandinavian.attrib=shap_mpd=2_thresh=0.6_docnorm=F_tfidf=F.csv
0.44,0.54,0.0,0.005,0.01,0.01,0.0125,400,lists/scandinavian/list.scandinavian.attrib=loo_mpd=19_thresh=0.2_docnorm=F_tfidf=T.csv
0.4125,0.14,0.72,0.875,0.925,0.96,0.9675,400,lists/scandinavian/list.scandinavian.attrib=ig_mpd=13_thresh=0.1_docnorm=T_tfidf=T.csv
0.635,0.3325,0.0,0.0,0.0,0.0,0.0,400,lists/scandinavian/list.scandinavian.attrib=loo_mpd=19_thresh=0.7_docnorm=T_tfidf=T.csv
0.4425,0.535,0.0,0.0075,0.0125,0.015,0.0175,400,lists/scandinavian/list.scandinavian.attrib=loo_mpd=6_thresh=0.1_docnorm=F_tfidf=T.csv
0.4725,0.0825,0.715,0.9125,0.965,0.99,0.995,400,lists/scandinavian/list.scandinavian.attrib=shap_mpd=17_thresh=0.1_docnorm=T_tfidf=T.csv
0.536697247706422,0.463302752293578,0.0,0.0,0.0,0.0,0.0,218,lists/scandinavian/list.scandinavian.attrib=shap_mpd=1_thresh=1.0_docnorm=T_tfidf=T.csv
0.6575,0.295,0.0,0.0,0.0,0.0,0.0,400,lists/scandinavian/list.scandinavian.attrib=shap_mpd=17_thresh=0.6_docnorm=T_tfidf=T.csv
0.46,0.0625,0.7625,0.9325,0.9675,0.9875,0.99,400,lists/scandinavian/list.scandinavian.attrib=shap_mpd=11_thresh=0.1_docnorm=T_tfidf=F.csv
0.4975,0.49,0.0,0.0,0.0,0.0,0.0,400,lists/scandinavian/list.scandinavian.attrib=loo_mpd=3_thresh=0.8_docnorm=T_tfidf=F.csv
0.315,0.675,0.0,0.0025,0.0025,0.0025,0.0025,400,lists/scandinavian/list.scandinavian.attrib=shap_mpd=15_thresh=0.9_docnorm=F_tfidf=F.csv
0.6175,0.34,0.0,0.0,0.0,0.0,0.0,400,lists/scandinavian/list.scandinavian.attrib=loo_mpd=19_thresh=0.6_docnorm=T_tfidf=F.csv
0.22,0.7725,0.0,0.0,0.0,0.0,0.0,400,lists/scandinavian/list.scandinavian.attrib=ig_mpd=11_thresh=0.5_docnorm=F_tfidf=T.csv
0.64,0.335,0.0,0.0,0.0,0.0,0.0,400,lists/scandinavian/list.scandinavian.attrib=shap_mpd=5_thresh=0.8_docnorm=T_tfidf=F.csv
0.3575,0.6375,0.0,0.0,0.0,0.0,0.0,400,lists/scandinavian/list.scandinavian.attrib=shap_mpd=12_thresh=0.9_docnorm=F_tfidf=T.csv
0.6575,0.315,0.0,0.0,0.0,0.0,0.0,400,lists/scandinavian/list.scandinavian.attrib=shap_mpd=8_thresh=0.8_docnorm=T_tfidf=F.csv
0.4575,0.53,0.0,0.0,0.0,0.0,0.0,400,lists/scandinavian/list.scandinavian.attrib=loo_mpd=16_thresh=1.0_docnorm=T_tfidf=T.csv
0.495,0.4925,0.0,0.0025,0.0025,0.0025,0.0025,400,lists/scandinavian/list.scandinavian.attrib=loo_mpd=1_thresh=0.7_docnorm=T_tfidf=T.csv
0.215,0.7775,0.0,0.0,0.0,0.0,0.0,400,lists/scandinavian/list.scandinavian.attrib=ig_mpd=7_thresh=0.3_docnorm=F_tfidf=T.csv
0.285,0.7075,0.0,0.0,0.0,0.0,0.0,400,lists/scandinavian/list.scandinavian.attrib=lime_mpd=14_thresh=0.3_docnorm=F_tfidf=F.csv
0.365,0.6325,0.0,0.0025,0.0025,0.0025,0.0025,400,lists/scandinavian/list.scandinavian.attrib=loo_mpd=5_thresh=1.0_docnorm=T_tfidf=F.csv
0.6425,0.3275,0.0,0.0,0.0,0.0,0.0,400,lists/scandinavian/list.scandinavian.attrib=shap_mpd=7_thresh=0.8_docnorm=T_tfidf=T.csv
0.5125,0.4775,0.0,0.0025,0.0025,0.0025,0.0025,400,lists/scandinavian/list.scandinavian.attrib=shap_mpd=4_thresh=1.0_docnorm=T_tfidf=F.csv
0.5,0.4675,0.0,0.0025,0.0025,0.0025,0.0025,400,lists/scandinavian/list.scandinavian.attrib=ig_mpd=9_thresh=0.9_docnorm=T_tfidf=F.csv
0.3325,0.6575,0.0,0.0,0.0,0.0,0.0,400,lists/scandinavian/list.scandinavian.attrib=lime_mpd=9_thresh=0.1_docnorm=F_tfidf=T.csv
0.62,0.3475,0.0,0.0,0.0,0.0,0.0,400,lists/scandinavian/list.scandinavian.attrib=shap_mpd=2_thresh=0.6_docnorm=T_tfidf=T.csv
0.33,0.6625,0.0,0.0,0.0,0.0,0.0,400,lists/scandinavian/list.scandinavian.attrib=lime_mpd=12_thresh=0.4_docnorm=F_tfidf=T.csv
0.2175,0.775,0.0,0.0,0.0,0.0,0.0,400,lists/scandinavian/list.scandinavian.attrib=ig_mpd=9_thresh=0.3_docnorm=F_tfidf=T.csv
0.6575,0.3125,0.0,0.0,0.0,0.0,0.0,400,lists/scandinavian/list.scandinavian.attrib=shap_mpd=6_thresh=0.7_docnorm=T_tfidf=F.csv
0.65,0.2625,0.0,0.0025,0.0025,0.0025,0.055,400,lists/scandinavian/list.scandinavian.attrib=shap_mpd=5_thresh=0.4_docnorm=T_tfidf=T.csv
0.63,0.235,0.0,0.0,0.005,0.0975,0.25,400,lists/scandinavian/list.scandinavian.attrib=shap_mpd=3_thresh=0.3_docnorm=T_tfidf=F.csv
0.5475,0.4325,0.0,0.0,0.0,0.0,0.0,400,lists/scandinavian/list.scandinavian.attrib=loo_mpd=16_thresh=0.9_docnorm=T_tfidf=F.csv
0.2225,0.77,0.0,0.0,0.0,0.0,0.0,400,lists/scandinavian/list.scandinavian.attrib=ig_mpd=10_thresh=0.7_docnorm=F_tfidf=T.csv
0.1825,0.81,0.0,0.0,0.0,0.0,0.0,400,lists/scandinavian/list.scandinavian.attrib=ig_mpd=5_thresh=0.4_docnorm=F_tfidf=F.csv
0.6225,0.3475,0.0,0.0,0.0,0.0,0.0,400,lists/scandinavian/list.scandinavian.attrib=shap_mpd=3_thresh=0.7_docnorm=T_tfidf=T.csv
0.2875,0.705,0.0,0.0,0.0,0.0,0.0,400,lists/scandinavian/list.scandinavian.attrib=lime_mpd=17_thresh=0.8_docnorm=F_tfidf=F.csv
0.33,0.6575,0.0,0.005,0.005,0.005,0.005,400,lists/scandinavian/list.scandinavian.attrib=loo_mpd=11_thresh=0.9_docnorm=F_tfidf=F.csv
0.315,0.675,0.0,0.005,0.005,0.005,0.005,400,lists/scandinavian/list.scandinavian.attrib=shap_mpd=5_thresh=1.0_docnorm=F_tfidf=F.csv
0.6625,0.2725,0.0,0.0,0.0,0.0,0.0,400,lists/scandinavian/list.scandinavian.attrib=shap_mpd=8_thresh=0.5_docnorm=T_tfidf=F.csv
0.51,0.1875,0.0,0.22,0.4525,0.64,0.7375,400,lists/scandinavian/list.scandinavian.attrib=ig_mpd=12_thresh=0.2_docnorm=T_tfidf=F.csv
0.3175,0.675,0.0,0.005,0.005,0.005,0.005,400,lists/scandinavian/list.scandinavian.attrib=shap_mpd=5_thresh=0.6_docnorm=F_tfidf=F.csv
0.3575,0.6375,0.0,0.0,0.0,0.0,0.0,400,lists/scandinavian/list.scandinavian.attrib=shap_mpd=13_thresh=0.9_docnorm=F_tfidf=T.csv
0.465,0.0875,0.755,0.9075,0.9625,0.98,0.9925,400,lists/scandinavian/list.scandinavian.attrib=lime_mpd=18_thresh=0.1_docnorm=T_tfidf=T.csv
0.18,0.81,0.0,0.0025,0.0025,0.0025,0.0025,400,lists/scandinavian/list.scandinavian.attrib=ig_mpd=10_thresh=0.4_docnorm=F_tfidf=F.csv
0.4425,0.535,0.0,0.0075,0.0125,0.015,0.0175,400,lists/scandinavian/list.scandinavian.attrib=loo_mpd=8_thresh=0.1_docnorm=F_tfidf=T.csv
0.2175,0.775,0.0,0.0,0.0,0.0,0.0,400,lists/scandinavian/list.scandinavian.attrib=ig_mpd=6_thresh=0.5_docnorm=F_tfidf=T.csv
0.355,0.6325,0.0,0.005,0.005,0.005,0.005,400,lists/scandinavian/list.scandinavian.attrib=loo_mpd=3_thresh=0.6_docnorm=F_tfidf=F.csv
0.605,0.2825,0.0,0.0,0.0,0.005,0.1075,400,lists/scandinavian/list.scandinavian.attrib=lime_mpd=19_thresh=0.4_docnorm=T_tfidf=T.csv
0.5275,0.43,0.0,0.0025,0.0025,0.0025,0.0025,400,lists/scandinavian/list.scandinavian.attrib=ig_mpd=2_thresh=0.7_docnorm=T_tfidf=F.csv
0.3325,0.6575,0.0,0.0,0.0,0.0,0.0,400,lists/scandinavian/list.scandinavian.attrib=lime_mpd=10_thresh=0.5_docnorm=F_tfidf=T.csv
0.2225,0.7675,0.0,0.0,0.0,0.0,0.0,400,lists/scandinavian/list.scandinavian.attrib=ig_mpd=16_thresh=0.6_docnorm=F_tfidf=T.csv
0.66,0.3125,0.0,0.0,0.0,0.0,0.0,400,lists/scandinavian/list.scandinavian.attrib=shap_mpd=16_thresh=0.7_docnorm=T_tfidf=T.csv
0.605,0.3425,0.0,0.0025,0.0025,0.0025,0.0025,400,lists/scandinavian/list.scandinavian.attrib=ig_mpd=20_thresh=0.7_docnorm=T_tfidf=T.csv
0.3275,0.665,0.0,0.0,0.0,0.0,0.0,400,lists/scandinavian/list.scandinavian.attrib=lime_mpd=18_thresh=0.9_docnorm=F_tfidf=T.csv
0.6225,0.3275,0.0,0.0025,0.0025,0.0025,0.0025,400,lists/scandinavian/list.scandinavian.attrib=loo_mpd=7_thresh=0.5_docnorm=T_tfidf=T.csv
0.665,0.3025,0.0,0.0,0.0,0.0,0.0,400,lists/scandinavian/list.scandinavian.attrib=shap_mpd=5_thresh=0.6_docnorm=T_tfidf=F.csv
0.64,0.3325,0.0,0.0,0.0,0.0,0.0,400,lists/scandinavian/list.scandinavian.attrib=lime_mpd=19_thresh=0.7_docnorm=T_tfidf=T.csv
0.4625,0.5175,0.0,0.0,0.0,0.0,0.0,400,lists/scandinavian/list.scandinavian.attrib=lime_mpd=15_thresh=1.0_docnorm=T_tfidf=T.csv
0.175,0.815,0.0,0.0025,0.0025,0.0025,0.0025,400,lists/scandinavian/list.scandinavian.attrib=ig_mpd=9_thresh=0.3_docnorm=F_tfidf=F.csv
0.315,0.675,0.0,0.005,0.005,0.005,0.005,400,lists/scandinavian/list.scandinavian.attrib=shap_mpd=7_thresh=0.6_docnorm=F_tfidf=F.csv
0.6225,0.2425,0.0,0.0,0.0175,0.1675,0.335,400,lists/scandinavian/list.scandinavian.attrib=shap_mpd=20_thresh=0.3_docnorm=T_tfidf=T.csv
0.3925,0.0825,0.82,0.945,0.965,0.9775,0.9825,400,lists/scandinavian/list.scandinavian.attrib=ig_mpd=15_thresh=0.1_docnorm=T_tfidf=F.csv
0.345,0.645,0.0,0.0,0.0,0.0,0.0,400,lists/scandinavian/list.scandinavian.attrib=lime_mpd=3_thresh=0.4_docnorm=F_tfidf=T.csv
0.62,0.35,0.0,0.0,0.0,0.0,0.0,400,lists/scandinavian/list.scandinavian.attrib=loo_mpd=19_thresh=0.7_docnorm=T_tfidf=F.csv
0.625,0.3175,0.0,0.0,0.0,0.0025,0.0025,400,lists/scandinavian/list.scandinavian.attrib=lime_mpd=6_thresh=0.5_docnorm=T_tfidf=F.csv
0.21,0.7775,0.0,0.0,0.0,0.0,0.0,400,lists/scandinavian/list.scandinavian.attrib=ig_mpd=15_thresh=1.0_docnorm=F_tfidf=T.csv
0.3475,0.64,0.0,0.005,0.005,0.005,0.005,400,lists/scandinavian/list.scandinavian.attrib=loo_mpd=15_thresh=0.1_docnorm=F_tfidf=F.csv
0.6525,0.3175,0.0,0.0,0.0,0.0,0.0,400,lists/scandinavian/list.scandinavian.attrib=shap_mpd=5_thresh=0.7_docnorm=T_tfidf=T.csv
0.625,0.3475,0.0,0.0,0.0,0.0,0.0,400,lists/scandinavian/list.scandinavian.attrib=loo_mpd=13_thresh=0.6_docnorm=T_tfidf=F.csv
0.33,0.6625,0.0,0.0,0.0,0.0,0.0,400,lists/scandinavian/list.scandinavian.attrib=lime_mpd=15_thresh=0.7_docnorm=F_tfidf=T.csv
0.4025,0.59,0.0,0.0,0.0,0.0,0.0,400,lists/scandinavian/list.scandinavian.attrib=lime_mpd=1_thresh=0.8_docnorm=F_tfidf=F.csv
0.67,0.2175,0.0,0.0,0.0,0.0,0.12,400,lists/scandinavian/list.scandinavian.attrib=shap_mpd=15_thresh=0.4_docnorm=T_tfidf=F.csv
0.225,0.7675,0.0,0.0,0.0,0.0,0.0,400,lists/scandinavian/list.scandinavian.attrib=ig_mpd=14_thresh=0.4_docnorm=F_tfidf=T.csv
0.5125,0.4725,0.0,0.0,0.0,0.0,0.0,400,lists/scandinavian/list.scandinavian.attrib=loo_mpd=5_thresh=0.9_docnorm=T_tfidf=T.csv
0.65,0.32,0.0,0.0,0.0,0.0,0.0,400,lists/scandinavian/list.scandinavian.attrib=shap_mpd=8_thresh=0.8_docnorm=T_tfidf=T.csv
0.315,0.675,0.0,0.0025,0.0025,0.0025,0.0025,400,lists/scandinavian/list.scandinavian.attrib=shap_mpd=20_thresh=0.8_docnorm=F_tfidf=F.csv
0.225,0.765,0.0,0.0,0.0,0.0,0.0,400,lists/scandinavian/list.scandinavian.attrib=ig_mpd=19_thresh=0.2_docnorm=F_tfidf=T.csv
0.28,0.7125,0.0,0.0,0.0,0.0,0.0,400,lists/scandinavian/list.scandinavian.attrib=lime_mpd=9_thresh=0.9_docnorm=F_tfidf=F.csv
0.32,0.6725,0.0,0.005,0.005,0.005,0.005,400,lists/scandinavian/list.scandinavian.attrib=shap_mpd=4_thresh=0.8_docnorm=F_tfidf=F.csv
0.225,0.765,0.0,0.0,0.0,0.0,0.0,400,lists/scandinavian/list.scandinavian.attrib=ig_mpd=17_thresh=0.7_docnorm=F_tfidf=T.csv
0.2925,0.7,0.0,0.0,0.0,0.0,0.0,400,lists/scandinavian/list.scandinavian.attrib=lime_mpd=4_thresh=0.5_docnorm=F_tfidf=F.csv
0.2875,0.705,0.0,0.0,0.0,0.0,0.0,400,lists/scandinavian/list.scandinavian.attrib=lime_mpd=20_thresh=0.6_docnorm=F_tfidf=F.csv
0.5825,0.395,0.0,0.0,0.0,0.0,0.0,400,lists/scandinavian/list.scandinavian.attrib=lime_mpd=3_thresh=0.8_docnorm=T_tfidf=T.csv
0.6075,0.34,0.0,0.0,0.0,0.0,0.0,400,lists/scandinavian/list.scandinavian.attrib=ig_mpd=12_thresh=0.7_docnorm=T_tfidf=T.csv
0.605,0.34,0.0,0.0,0.0,0.0,0.0,400,lists/scandinavian/list.scandinavian.attrib=ig_mpd=16_thresh=0.6_docnorm=T_tfidf=T.csv
0.315,0.675,0.0,0.005,0.005,0.005,0.005,400,lists/scandinavian/list.scandinavian.attrib=shap_mpd=9_thresh=0.4_docnorm=F_tfidf=F.csv
0.47,0.255,0.0,0.2425,0.52,0.6575,0.7375,400,lists/scandinavian/list.scandinavian.attrib=ig_mpd=20_thresh=0.2_docnorm=T_tfidf=T.csv
0.33,0.6625,0.0,0.0,0.0,0.0,0.0,400,lists/scandinavian/list.scandinavian.attrib=lime_mpd=19_thresh=0.7_docnorm=F_tfidf=T.csv
0.17616580310880828,0.8212435233160622,0.0,0.0025906735751295338,0.0025906735751295338,0.0025906735751295338,0.0025906735751295338,386,lists/scandinavian/list.scandinavian.attrib=ig_mpd=4_thresh=1.0_docnorm=F_tfidf=T.csv
0.62,0.25,0.0,0.0,0.0175,0.1625,0.3325,400,lists/scandinavian/list.scandinavian.attrib=shap_mpd=15_thresh=0.3_docnorm=T_tfidf=T.csv
0.6325,0.335,0.0,0.0025,0.0025,0.0025,0.0025,400,lists/scandinavian/list.scandinavian.attrib=loo_mpd=15_thresh=0.7_docnorm=T_tfidf=T.csv
0.2875,0.705,0.0,0.0,0.0,0.0,0.0,400,lists/scandinavian/list.scandinavian.attrib=lime_mpd=5_thresh=0.5_docnorm=F_tfidf=F.csv
0.605,0.22,0.0,0.0,0.0125,0.1925,0.365,400,lists/scandinavian/list.scandinavian.attrib=ig_mpd=11_thresh=0.3_docnorm=T_tfidf=F.csv
0.215,0.7775,0.0,0.0,0.0,0.0,0.0,400,lists/scandinavian/list.scandinavian.attrib=ig_mpd=7_thresh=0.6_docnorm=F_tfidf=T.csv
0.315,0.675,0.0,0.0025,0.0025,0.0025,0.0025,400,lists/scandinavian/list.scandinavian.attrib=shap_mpd=17_thresh=0.1_docnorm=F_tfidf=F.csv
0.5875,0.3925,0.0,0.0,0.0,0.0,0.0,400,lists/scandinavian/list.scandinavian.attrib=loo_mpd=3_thresh=0.7_docnorm=T_tfidf=T.csv
0.64,0.3325,0.0,0.0,0.0,0.0,0.0,400,lists/scandinavian/list.scandinavian.attrib=shap_mpd=3_thresh=0.7_docnorm=T_tfidf=F.csv
0.385,0.595,0.0,0.0,0.0,0.0,0.0,400,lists/scandinavian/list.scandinavian.attrib=ig_mpd=14_thresh=1.0_docnorm=T_tfidf=T.csv
0.4325,0.555,0.0,0.005,0.005,0.005,0.005,400,lists/scandinavian/list.scandinavian.attrib=loo_mpd=12_thresh=0.6_docnorm=F_tfidf=T.csv
0.6025,0.29,0.0,0.0,0.0,0.0025,0.075,400,lists/scandinavian/list.scandinavian.attrib=lime_mpd=7_thresh=0.4_docnorm=T_tfidf=T.csv
0.6625,0.31,0.0,0.0,0.0,0.0,0.0,400,lists/scandinavian/list.scandinavian.attrib=shap_mpd=19_thresh=0.7_docnorm=T_tfidf=T.csv
0.175,0.815,0.0,0.0025,0.0025,0.0025,0.0025,400,lists/scandinavian/list.scandinavian.attrib=ig_mpd=9_thresh=0.1_docnorm=F_tfidf=F.csv
0.5275,0.1825,0.0,0.2075,0.44,0.6275,0.725,400,lists/scandinavian/list.scandinavian.attrib=ig_mpd=11_thresh=0.2_docnorm=T_tfidf=F.csv
0.225,0.7675,0.0,0.0,0.0,0.0,0.0,400,lists/scandinavian/list.scandinavian.attrib=ig_mpd=13_thresh=0.2_docnorm=F_tfidf=T.csv
0.605,0.2825,0.0,0.0,0.0,0.005,0.1025,400,lists/scandinavian/list.scandinavian.attrib=lime_mpd=15_thresh=0.4_docnorm=T_tfidf=T.csv
0.215,0.7775,0.0,0.0,0.0,0.0,0.0,400,lists/scandinavian/list.scandinavian.attrib=ig_mpd=8_thresh=0.3_docnorm=F_tfidf=T.csv
0.355,0.635,0.0,0.0025,0.0025,0.0025,0.0025,400,lists/scandinavian/list.scandinavian.attrib=shap_mpd=6_thresh=0.3_docnorm=F_tfidf=T.csv
0.375,0.615,0.0,0.0025,0.0025,0.0025,0.0025,400,lists/scandinavian/list.scandinavian.attrib=shap_mpd=3_thresh=0.3_docnorm=F_tfidf=T.csv
0.56,0.34,0.0,0.0,0.0,0.0,0.0775,400,lists/scandinavian/list.scandinavian.attrib=loo_mpd=20_thresh=0.4_docnorm=T_tfidf=F.csv
0.3575,0.6375,0.0,0.0,0.0,0.0,0.0,400,lists/scandinavian/list.scandinavian.attrib=shap_mpd=15_thresh=0.7_docnorm=F_tfidf=T.csv
0.315,0.675,0.0,0.0025,0.0025,0.0025,0.0025,400,lists/scandinavian/list.scandinavian.attrib=shap_mpd=19_thresh=0.1_docnorm=F_tfidf=F.csv
0.2875,0.705,0.0,0.0,0.0,0.0,0.0,400,lists/scandinavian/list.scandinavian.attrib=lime_mpd=18_thresh=0.5_docnorm=F_tfidf=F.csv
0.355,0.64,0.0,0.0,0.0,0.0,0.0,400,lists/scandinavian/list.scandinavian.attrib=shap_mpd=19_thresh=0.9_docnorm=F_tfidf=T.csv
0.5325,0.45,0.0,0.0,0.0,0.0,0.0,400,lists/scandinavian/list.scandinavian.attrib=lime_mpd=6_thresh=0.9_docnorm=T_tfidf=F.csv
0.6475,0.285,0.0,0.0,0.0,0.0,0.0,400,lists/scandinavian/list.scandinavian.attrib=lime_mpd=14_thresh=0.5_docnorm=T_tfidf=T.csv
0.315,0.675,0.0,0.0025,0.0025,0.0025,0.0025,400,lists/scandinavian/list.scandinavian.attrib=shap_mpd=17_thresh=0.6_docnorm=F_tfidf=F.csv
0.18,0.81,0.0,0.0025,0.0025,0.0025,0.0025,400,lists/scandinavian/list.scandinavian.attrib=ig_mpd=6_thresh=0.1_docnorm=F_tfidf=F.csv
0.5575,0.4225,0.0,0.0,0.0,0.0,0.0,400,lists/scandinavian/list.scandinavian.attrib=loo_mpd=14_thresh=0.9_docnorm=T_tfidf=T.csv
0.225,0.765,0.0,0.0,0.0,0.0,0.0,400,lists/scandinavian/list.scandinavian.attrib=ig_mpd=17_thresh=0.4_docnorm=F_tfidf=T.csv
0.185,0.8075,0.0,0.0,0.0,0.0,0.0,400,lists/scandinavian/list.scandinavian.attrib=ig_mpd=4_thresh=0.8_docnorm=F_tfidf=F.csv
0.545,0.305,0.0,0.0475,0.16,0.25,0.345,400,lists/scandinavian/list.scandinavian.attrib=loo_mpd=2_thresh=0.2_docnorm=T_tfidf=T.csv
0.3575,0.635,0.0,0.0,0.0,0.0,0.0,400,lists/scandinavian/list.scandinavian.attrib=shap_mpd=5_thresh=0.9_docnorm=F_tfidf=T.csv
0.2875,0.705,0.0,0.0,0.0,0.0,0.0,400,lists/scandinavian/list.scandinavian.attrib=lime_mpd=19_thresh=0.5_docnorm=F_tfidf=F.csv
0.1975,0.7875,0.0,0.0025,0.0025,0.0025,0.0025,400,lists/scandinavian/list.scandinavian.attrib=ig_mpd=20_thresh=0.2_docnorm=F_tfidf=F.csv
0.1725,0.8175,0.0,0.0025,0.0025,0.0025,0.0025,400,lists/scandinavian/list.scandinavian.attrib=ig_mpd=8_thresh=0.2_docnorm=F_tfidf=F.csv
0.28,0.7125,0.0,0.0,0.0,0.0,0.0,400,lists/scandinavian/list.scandinavian.attrib=lime_mpd=9_thresh=0.7_docnorm=F_tfidf=F.csv
0.2225,0.7675,0.0,0.0,0.0,0.0,0.0,400,lists/scandinavian/list.scandinavian.attrib=ig_mpd=16_thresh=0.3_docnorm=F_tfidf=T.csv
0.5675,0.3875,0.0,0.0025,0.0025,0.0025,0.0025,400,lists/scandinavian/list.scandinavian.attrib=ig_mpd=19_thresh=0.8_docnorm=T_tfidf=F.csv
0.18,0.81,0.0,0.0025,0.0025,0.0025,0.0025,400,lists/scandinavian/list.scandinavian.attrib=ig_mpd=10_thresh=0.9_docnorm=F_tfidf=F.csv
0.6125,0.33,0.0,0.0,0.0,0.0,0.0,400,lists/scandinavian/list.scandinavian.attrib=loo_mpd=19_thresh=0.5_docnorm=T_tfidf=F.csv
0.605,0.3375,0.0,0.0025,0.0025,0.0025,0.0025,400,lists/scandinavian/list.scandinavian.attrib=ig_mpd=13_thresh=0.7_docnorm=T_tfidf=F.csv
0.18,0.81,0.0,0.0025,0.0025,0.0025,0.0025,400,lists/scandinavian/list.scandinavian.attrib=ig_mpd=10_thresh=0.2_docnorm=F_tfidf=F.csv
0.6325,0.3,0.0,0.0,0.0,0.0,0.0,400,lists/scandinavian/list.scandinavian.attrib=lime_mpd=10_thresh=0.5_docnorm=T_tfidf=T.csv
0.3425,0.6475,0.0,0.0025,0.0025,0.0025,0.0025,400,lists/scandinavian/list.scandinavian.attrib=shap_mpd=6_thresh=1.0_docnorm=F_tfidf=T.csv
0.625,0.245,0.0,0.0,0.0175,0.165,0.335,400,lists/scandinavian/list.scandinavian.attrib=shap_mpd=16_thresh=0.3_docnorm=T_tfidf=T.csv
0.6425,0.32,0.0,0.0,0.0,0.0,0.0,400,lists/scandinavian/list.scandinavian.attrib=lime_mpd=15_thresh=0.6_docnorm=T_tfidf=T.csv
0.2875,0.705,0.0,0.0,0.0,0.0,0.0,400,lists/scandinavian/list.scandinavian.attrib=lime_mpd=18_thresh=0.8_docnorm=F_tfidf=F.csv
0.225,0.765,0.0,0.0,0.0,0.0,0.0,400,lists/scandinavian/list.scandinavian.attrib=ig_mpd=20_thresh=0.6_docnorm=F_tfidf=T.csv
0.63,0.3475,0.0,0.0,0.0,0.0,0.0,400,lists/scandinavian/list.scandinavian.attrib=lime_mpd=20_thresh=0.8_docnorm=T_tfidf=T.csv
0.6375,0.3,0.0,0.0,0.0,0.0,0.0,400,lists/scandinavian/list.scandinavian.attrib=lime_mpd=8_thresh=0.5_docnorm=T_tfidf=T.csv
0.2225,0.7675,0.0,0.0,0.0,0.0,0.0,400,lists/scandinavian/list.scandinavian.attrib=ig_mpd=15_thresh=0.7_docnorm=F_tfidf=T.csv
0.285,0.7075,0.0,0.0,0.0,0.0,0.0,400,lists/scandinavian/list.scandinavian.attrib=lime_mpd=15_thresh=0.1_docnorm=F_tfidf=F.csv
0.1825,0.81,0.0,0.0,0.0,0.0,0.0,400,lists/scandinavian/list.scandinavian.attrib=ig_mpd=5_thresh=0.7_docnorm=F_tfidf=F.csv
0.2825,0.71,0.0,0.0,0.0,0.0,0.0,400,lists/scandinavian/list.scandinavian.attrib=lime_mpd=6_thresh=0.1_docnorm=F_tfidf=F.csv
0.47,0.5125,0.0,0.0,0.0,0.0,0.0,400,lists/scandinavian/list.scandinavian.attrib=loo_mpd=20_thresh=1.0_docnorm=T_tfidf=T.csv
0.595,0.345,0.0,0.0,0.0,0.0,0.0,400,lists/scandinavian/list.scandinavian.attrib=ig_mpd=4_thresh=0.5_docnorm=T_tfidf=T.csv
0.5475,0.1925,0.0,0.205,0.4925,0.64,0.7275,400,lists/scandinavian/list.scandinavian.attrib=shap_mpd=16_thresh=0.2_docnorm=T_tfidf=T.csv
0.5925,0.3925,0.0,0.0,0.0,0.0,0.0,400,lists/scandinavian/list.scandinavian.attrib=lime_mpd=12_thresh=0.9_docnorm=T_tfidf=T.csv
0.345,0.6425,0.0,0.005,0.005,0.005,0.005,400,lists/scandinavian/list.scandinavian.attrib=loo_mpd=4_thresh=0.7_docnorm=F_tfidf=F.csv
0.345,0.645,0.0,0.0,0.0,0.0,0.0,400,lists/scandinavian/list.scandinavian.attrib=lime_mpd=3_thresh=0.1_docnorm=F_tfidf=T.csv
0.15584415584415584,0.8415584415584415,0.0,0.0025974025974025974,0.0025974025974025974,0.0025974025974025974,0.0025974025974025974,385,lists/scandinavian/list.scandinavian.attrib=ig_mpd=4_thresh=1.0_docnorm=F_tfidf=F.csv
0.33,0.6625,0.0,0.0,0.0,0.0,0.0,400,lists/scandinavian/list.scandinavian.attrib=lime_mpd=15_thresh=0.3_docnorm=F_tfidf=T.csv
0.6275,0.34,0.0,0.0,0.0,0.0,0.0,400,lists/scandinavian/list.scandinavian.attrib=loo_mpd=13_thresh=0.7_docnorm=T_tfidf=F.csv
0.2175,0.775,0.0,0.0,0.0,0.0,0.0,400,lists/scandinavian/list.scandinavian.attrib=ig_mpd=4_thresh=0.5_docnorm=F_tfidf=T.csv
0.5325,0.2775,0.0,0.04,0.2025,0.3275,0.4325,400,lists/scandinavian/list.scandinavian.attrib=ig_mpd=2_thresh=0.2_docnorm=T_tfidf=T.csv
0.6575,0.2825,0.0,0.0,0.0,0.0,0.0,400,lists/scandinavian/list.scandinavian.attrib=shap_mpd=9_thresh=0.5_docnorm=T_tfidf=T.csv
0.625,0.3525,0.0,0.0,0.0,0.0,0.0,400,lists/scandinavian/list.scandinavian.attrib=loo_mpd=13_thresh=0.8_docnorm=T_tfidf=T.csv
0.59,0.395,0.0,0.0,0.0,0.0,0.0,400,lists/scandinavian/list.scandinavian.attrib=lime_mpd=5_thresh=0.8_docnorm=T_tfidf=F.csv
0.505,0.4575,0.0,0.0025,0.0025,0.0025,0.0025,400,lists/scandinavian/list.scandinavian.attrib=ig_mpd=8_thresh=0.9_docnorm=T_tfidf=T.csv
0.270516717325228,0.729483282674772,0.0,0.0,0.0,0.0,0.0,329,lists/scandinavian/list.scandinavian.attrib=ig_mpd=1_thresh=0.9_docnorm=F_tfidf=T.csv
0.33,0.6625,0.0,0.0,0.0,0.0,0.0,400,lists/scandinavian/list.scandinavian.attrib=lime_mpd=20_thresh=0.1_docnorm=F_tfidf=T.csv
0.6025,0.29,0.0,0.0,0.0,0.005,0.0925,400,lists/scandinavian/list.scandinavian.attrib=lime_mpd=12_thresh=0.4_docnorm=T_tfidf=T.csv
0.35,0.6375,0.0,0.005,0.005,0.005,0.005,400,lists/scandinavian/list.scandinavian.attrib=loo_mpd=8_thresh=0.3_docnorm=F_tfidf=F.csv
0.225,0.765,0.0,0.0,0.0,0.0,0.0,400,lists/scandinavian/list.scandinavian.attrib=ig_mpd=17_thresh=0.5_docnorm=F_tfidf=T.csv
0.33,0.665,0.0,0.005,0.005,0.005,0.005,400,lists/scandinavian/list.scandinavian.attrib=loo_mpd=7_thresh=1.0_docnorm=F_tfidf=T.csv
0.315,0.675,0.0,0.0025,0.0025,0.0025,0.0025,400,lists/scandinavian/list.scandinavian.attrib=shap_mpd=13_thresh=0.4_docnorm=F_tfidf=F.csv
0.6525,0.315,0.0,0.0,0.0,0.0,0.0,400,lists/scandinavian/list.scandinavian.attrib=shap_mpd=10_thresh=0.8_docnorm=T_tfidf=T.csv
0.4625,0.0875,0.7525,0.905,0.9625,0.98,0.9925,400,lists/scandinavian/list.scandinavian.attrib=lime_mpd=15_thresh=0.1_docnorm=T_tfidf=T.csv
0.3025,0.685,0.0,0.005,0.005,0.005,0.005,400,lists/scandinavian/list.scandinavian.attrib=loo_mpd=12_thresh=1.0_docnorm=F_tfidf=F.csv
0.2225,0.77,0.0,0.0,0.0,0.0,0.0,400,lists/scandinavian/list.scandinavian.attrib=ig_mpd=10_thresh=0.4_docnorm=F_tfidf=T.csv
0.1975,0.7875,0.0,0.0025,0.0025,0.0025,0.0025,400,lists/scandinavian/list.scandinavian.attrib=ig_mpd=20_thresh=0.3_docnorm=F_tfidf=F.csv
0.525,0.2275,0.0,0.2275,0.54,0.6875,0.7875,400,lists/scandinavian/list.scandinavian.attrib=lime_mpd=19_thresh=0.2_docnorm=T_tfidf=F.csv
0.625,0.345,0.0,0.0,0.0,0.0,0.0,400,lists/scandinavian/list.scandinavian.attrib=loo_mpd=20_thresh=0.7_docnorm=T_tfidf=F.csv
0.33,0.6625,0.0,0.0,0.0,0.0,0.0,400,lists/scandinavian/list.scandinavian.attrib=lime_mpd=14_thresh=0.6_docnorm=F_tfidf=T.csv
0.2875,0.705,0.0,0.0,0.0,0.0,0.0,400,lists/scandinavian/list.scandinavian.attrib=lime_mpd=18_thresh=0.2_docnorm=F_tfidf=F.csv
0.6075,0.2825,0.0,0.0,0.0,0.0025,0.0825,400,lists/scandinavian/list.scandinavian.attrib=lime_mpd=8_thresh=0.4_docnorm=T_tfidf=F.csv
0.4375,0.5475,0.0,0.005,0.005,0.005,0.005,400,lists/scandinavian/list.scandinavian.attrib=loo_mpd=7_thresh=0.4_docnorm=F_tfidf=T.csv
0.5575,0.2925,0.0,0.0,0.0125,0.1725,0.34,400,lists/scandinavian/list.scandinavian.attrib=loo_mpd=20_thresh=0.3_docnorm=T_tfidf=T.csv
0.525,0.25,0.0,0.12,0.405,0.565,0.6575,400,lists/scandinavian/list.scandinavian.attrib=loo_mpd=9_thresh=0.2_docnorm=T_tfidf=F.csv
0.4375,0.5475,0.0,0.005,0.005,0.005,0.005,400,lists/scandinavian/list.scandinavian.attrib=loo_mpd=5_thresh=0.4_docnorm=F_tfidf=T.csv
0.61,0.305,0.0,0.0,0.0,0.0,0.0,400,lists/scandinavian/list.scandinavian.attrib=ig_mpd=8_thresh=0.5_docnorm=T_tfidf=F.csv
0.5475,0.42,0.0,0.0025,0.0025,0.0025,0.0025,400,lists/scandinavian/list.scandinavian.attrib=ig_mpd=20_thresh=0.9_docnorm=T_tfidf=T.csv
0.61,0.33,0.0,0.0,0.0,0.0,0.0,400,lists/scandinavian/list.scandinavian.attrib=loo_mpd=15_thresh=0.5_docnorm=T_tfidf=F.csv
0.6075,0.32,0.0,0.0,0.0,0.0,0.0,400,lists/scandinavian/list.scandinavian.attrib=ig_mpd=4_thresh=0.5_docnorm=T_tfidf=F.csv
0.2875,0.705,0.0,0.0,0.0,0.0,0.0,400,lists/scandinavian/list.scandinavian.attrib=lime_mpd=19_thresh=0.2_docnorm=F_tfidf=F.csv
0.315,0.675,0.0,0.0025,0.0025,0.0025,0.0025,400,lists/scandinavian/list.scandinavian.attrib=shap_mpd=15_thresh=0.2_docnorm=F_tfidf=F.csv
0.285,0.7075,0.0,0.0,0.0,0.0,0.0,400,lists/scandinavian/list.scandinavian.attrib=lime_mpd=12_thresh=0.1_docnorm=F_tfidf=F.csv
0.3675,0.6275,0.0,0.0,0.0,0.0,0.0,400,lists/scandinavian/list.scandinavian.attrib=shap_mpd=4_thresh=0.8_docnorm=F_tfidf=T.csv
0.4325,0.5575,0.0,0.0025,0.0025,0.0025,0.0025,400,lists/scandinavian/list.scandinavian.attrib=shap_mpd=1_thresh=0.6_docnorm=F_tfidf=F.csv
0.55,0.2175,0.0,0.1725,0.45,0.6125,0.7075,400,lists/scandinavian/list.scandinavian.attrib=lime_mpd=6_thresh=0.2_docnorm=T_tfidf=T.csv
0.31,0.6825,0.0,0.0,0.0,0.0,0.0,400,lists/scandinavian/list.scandinavian.attrib=lime_mpd=3_thresh=0.4_docnorm=F_tfidf=F.csv
0.5325,0.2825,0.0,0.0,0.02,0.19,0.3475,400,lists/scandinavian/list.scandinavian.attrib=ig_mpd=12_thresh=0.3_docnorm=T_tfidf=T.csv
0.6475,0.32,0.0,0.0,0.0,0.0,0.0,400,lists/scandinavian/list.scandinavian.attrib=shap_mpd=6_thresh=0.7_docnorm=T_tfidf=T.csv
0.605,0.2875,0.0,0.0,0.0,0.005,0.09,400,lists/scandinavian/list.scandinavian.attrib=lime_mpd=11_thresh=0.4_docnorm=T_tfidf=T.csv
0.5225,0.2325,0.0,0.2175,0.5325,0.6825,0.7825,400,lists/scandinavian/list.scandinavian.attrib=lime_mpd=14_thresh=0.2_docnorm=T_tfidf=F.csv
0.355,0.6375,0.0,0.0,0.0,0.0,0.0,400,lists/scandinavian/list.scandinavian.attrib=shap_mpd=15_thresh=0.1_docnorm=F_tfidf=T.csv
0.67,0.27,0.0,0.0,0.0,0.0,0.0,400,lists/scandinavian/list.scandinavian.attrib=shap_mpd=15_thresh=0.5_docnorm=T_tfidf=T.csv
0.285,0.7075,0.0,0.0,0.0,0.0,0.0,400,lists/scandinavian/list.scandinavian.attrib=lime_mpd=14_thresh=0.4_docnorm=F_tfidf=F.csv
0.6075,0.2625,0.0,0.0,0.0175,0.195,0.3625,400,lists/scandinavian/list.scandinavian.attrib=lime_mpd=10_thresh=0.3_docnorm=T_tfidf=T.csv
0.36,0.6325,0.0,0.0025,0.0025,0.0025,0.0025,400,lists/scandinavian/list.scandinavian.attrib=shap_mpd=7_thresh=0.6_docnorm=F_tfidf=T.csv
0.6425,0.29,0.0,0.0,0.0,0.0,0.0,400,lists/scandinavian/list.scandinavian.attrib=lime_mpd=13_thresh=0.5_docnorm=T_tfidf=T.csv
0.345,0.6425,0.0,0.005,0.005,0.005,0.005,400,lists/scandinavian/list.scandinavian.attrib=loo_mpd=19_thresh=0.7_docnorm=F_tfidf=F.csv
0.565,0.385,0.0,0.0025,0.0025,0.0025,0.0025,400,lists/scandinavian/list.scandinavian.attrib=ig_mpd=3_thresh=0.7_docnorm=T_tfidf=F.csv
0.44,0.5375,0.0,0.0075,0.0125,0.015,0.0175,400,lists/scandinavian/list.scandinavian.attrib=loo_mpd=12_thresh=0.1_docnorm=F_tfidf=T.csv
0.6225,0.355,0.0,0.0,0.0,0.0,0.0,400,lists/scandinavian/list.scandinavian.attrib=lime_mpd=14_thresh=0.8_docnorm=T_tfidf=T.csv
0.315,0.675,0.0,0.0025,0.0025,0.0025,0.0025,400,lists/scandinavian/list.scandinavian.attrib=shap_mpd=18_thresh=0.4_docnorm=F_tfidf=F.csv
0.3025,0.6875,0.0,0.005,0.005,0.005,0.005,400,lists/scandinavian/list.scandinavian.attrib=loo_mpd=13_thresh=1.0_docnorm=F_tfidf=F.csv
0.285,0.7075,0.0,0.0,0.0,0.0,0.0,400,lists/scandinavian/list.scandinavian.attrib=lime_mpd=16_thresh=0.7_docnorm=F_tfidf=F.csv
0.1825,0.81,0.0,0.0,0.0,0.0,0.0,400,lists/scandinavian/list.scandinavian.attrib=ig_mpd=5_thresh=0.2_docnorm=F_tfidf=F.csv
0.6275,0.3475,0.0,0.0,0.0,0.0,0.0,400,lists/scandinavian/list.scandinavian.attrib=lime_mpd=12_thresh=0.8_docnorm=T_tfidf=T.csv
0.335,0.655,0.0,0.0,0.0,0.0,0.0,400,lists/scandinavian/list.scandinavian.attrib=lime_mpd=5_thresh=0.3_docnorm=F_tfidf=T.csv
0.6675,0.2625,0.0,0.0,0.0,0.0,0.0,400,lists/scandinavian/list.scandinavian.attrib=shap_mpd=14_thresh=0.5_docnorm=T_tfidf=F.csv
0.55,0.4375,0.0,0.0,0.0,0.0,0.0,400,lists/scandinavian/list.scandinavian.attrib=shap_mpd=2_thresh=0.9_docnorm=T_tfidf=F.csv
0.21,0.7725,0.0,0.0,0.0,0.0,0.0,400,lists/scandinavian/list.scandinavian.attrib=ig_mpd=19_thresh=1.0_docnorm=F_tfidf=T.csv
0.545,0.425,0.0,0.0,0.0,0.0,0.0,400,lists/scandinavian/list.scandinavian.attrib=lime_mpd=1_thresh=0.5_docnorm=T_tfidf=F.csv
0.1825,0.81,0.0,0.0025,0.0025,0.0025,0.0025,400,lists/scandinavian/list.scandinavian.attrib=ig_mpd=15_thresh=1.0_docnorm=F_tfidf=F.csv
0.5375,0.4425,0.0,0.0,0.0,0.0,0.0,400,lists/scandinavian/list.scandinavian.attrib=loo_mpd=11_thresh=0.9_docnorm=T_tfidf=F.csv
0.4461942257217848,0.5459317585301837,0.0,0.0,0.0,0.0,0.0,381,lists/scandinavian/list.scandinavian.attrib=lime_mpd=1_thresh=0.9_docnorm=T_tfidf=F.csv
0.33,0.6625,0.0,0.0,0.0,0.0,0.0,400,lists/scandinavian/list.scandinavian.attrib=lime_mpd=20_thresh=0.6_docnorm=F_tfidf=T.csv
0.3575,0.6325,0.0,0.0,0.0,0.0,0.0,400,lists/scandinavian/list.scandinavian.attrib=ig_mpd=8_thresh=1.0_docnorm=T_tfidf=T.csv
