prop_wl,prop_bl,prop_happaxes,prop_lt2,prop_lt3,prop_lt4,prop_lt5,num_extracted,fname
0.18,0.78,0.0,0.035,0.035,0.035,0.035,200,lists/bcms_setimes/list.bcms_setimes.attrib=loo_mpd=3_thresh=0.2_docnorm=F_tfidf=T.csv
0.33,0.55,0.0,0.1,0.1,0.1,0.1,200,lists/bcms_setimes/list.bcms_setimes.attrib=loo_mpd=15_thresh=0.9_docnorm=T_tfidf=T.csv
0.18,0.82,0.0,0.0,0.0,0.0,0.0,200,lists/bcms_setimes/list.bcms_setimes.attrib=lime_mpd=13_thresh=0.5_docnorm=F_tfidf=F.csv
0.16,0.805,0.0,0.035,0.035,0.035,0.035,200,lists/bcms_setimes/list.bcms_setimes.attrib=loo_mpd=18_thresh=0.4_docnorm=F_tfidf=T.csv
0.385,0.45,0.0,0.135,0.135,0.135,0.135,200,lists/bcms_setimes/list.bcms_setimes.attrib=shap_mpd=11_thresh=0.8_docnorm=T_tfidf=T.csv
0.34,0.59,0.0,0.055,0.055,0.055,0.055,200,lists/bcms_setimes/list.bcms_setimes.attrib=loo_mpd=18_thresh=1.0_docnorm=T_tfidf=T.csv
0.18,0.82,0.0,0.0,0.0,0.0,0.0,200,lists/bcms_setimes/list.bcms_setimes.attrib=shap_mpd=6_thresh=0.2_docnorm=F_tfidf=F.csv
0.47,0.445,0.0,0.0,0.0,0.0,0.005,200,lists/bcms_setimes/list.bcms_setimes.attrib=lime_mpd=20_thresh=0.5_docnorm=T_tfidf=T.csv
0.19,0.8,0.0,0.01,0.01,0.01,0.01,200,lists/bcms_setimes/list.bcms_setimes.attrib=shap_mpd=6_thresh=0.2_docnorm=F_tfidf=T.csv
0.18,0.82,0.0,0.0,0.0,0.0,0.0,200,lists/bcms_setimes/list.bcms_setimes.attrib=lime_mpd=15_thresh=1.0_docnorm=F_tfidf=T.csv
0.175,0.825,0.0,0.0,0.0,0.0,0.0,200,lists/bcms_setimes/list.bcms_setimes.attrib=shap_mpd=8_thresh=0.3_docnorm=F_tfidf=F.csv
0.28,0.615,0.0,0.1,0.1,0.1,0.1,200,lists/bcms_setimes/list.bcms_setimes.attrib=loo_mpd=1_thresh=0.6_docnorm=T_tfidf=T.csv
0.145,0.845,0.0,0.01,0.01,0.01,0.01,200,lists/bcms_setimes/list.bcms_setimes.attrib=loo_mpd=20_thresh=0.5_docnorm=F_tfidf=F.csv
0.47,0.515,0.0,0.0,0.0,0.0,0.0,200,lists/bcms_setimes/list.bcms_setimes.attrib=lime_mpd=20_thresh=0.9_docnorm=T_tfidf=F.csv
0.18,0.82,0.0,0.0,0.0,0.0,0.0,200,lists/bcms_setimes/list.bcms_setimes.attrib=ig_mpd=7_thresh=0.7_docnorm=F_tfidf=T.csv
0.22,0.78,0.0,0.0,0.0,0.0,0.0,200,lists/bcms_setimes/list.bcms_setimes.attrib=lime_mpd=1_thresh=0.4_docnorm=F_tfidf=T.csv
0.25,0.715,0.0,0.03,0.03,0.03,0.03,200,lists/bcms_setimes/list.bcms_setimes.attrib=loo_mpd=10_thresh=1.0_docnorm=T_tfidf=F.csv
0.295,0.48,0.0,0.155,0.155,0.155,0.155,200,lists/bcms_setimes/list.bcms_setimes.attrib=loo_mpd=8_thresh=0.5_docnorm=T_tfidf=T.csv
0.55,0.295,0.0,0.07,0.07,0.07,0.08,200,lists/bcms_setimes/list.bcms_setimes.attrib=ig_mpd=9_thresh=0.4_docnorm=T_tfidf=T.csv
0.15,0.84,0.0,0.01,0.01,0.01,0.01,200,lists/bcms_setimes/list.bcms_setimes.attrib=loo_mpd=3_thresh=0.3_docnorm=F_tfidf=F.csv
0.44,0.535,0.0,0.0,0.0,0.0,0.0,200,lists/bcms_setimes/list.bcms_setimes.attrib=lime_mpd=14_thresh=1.0_docnorm=T_tfidf=T.csv
0.58,0.38,0.0,0.015,0.015,0.015,0.015,200,lists/bcms_setimes/list.bcms_setimes.attrib=ig_mpd=15_thresh=1.0_docnorm=T_tfidf=T.csv
0.175,0.805,0.0,0.015,0.015,0.015,0.015,200,lists/bcms_setimes/list.bcms_setimes.attrib=loo_mpd=17_thresh=1.0_docnorm=F_tfidf=T.csv
0.22,0.77,0.0,0.0,0.0,0.0,0.0,200,lists/bcms_setimes/list.bcms_setimes.attrib=ig_mpd=18_thresh=1.0_docnorm=F_tfidf=T.csv
0.19,0.81,0.0,0.0,0.0,0.0,0.0,200,lists/bcms_setimes/list.bcms_setimes.attrib=ig_mpd=5_thresh=0.8_docnorm=F_tfidf=T.csv
0.425,0.415,0.0,0.135,0.135,0.135,0.135,200,lists/bcms_setimes/list.bcms_setimes.attrib=shap_mpd=18_thresh=0.8_docnorm=T_tfidf=T.csv
0.2,0.785,0.0,0.0,0.0,0.0,0.0,200,lists/bcms_setimes/list.bcms_setimes.attrib=ig_mpd=3_thresh=0.7_docnorm=F_tfidf=F.csv
0.32,0.565,0.0,0.095,0.095,0.095,0.095,200,lists/bcms_setimes/list.bcms_setimes.attrib=loo_mpd=13_thresh=0.9_docnorm=T_tfidf=T.csv
0.185,0.815,0.0,0.0,0.0,0.0,0.0,200,lists/bcms_setimes/list.bcms_setimes.attrib=lime_mpd=7_thresh=0.2_docnorm=F_tfidf=T.csv
0.17,0.83,0.0,0.0,0.0,0.0,0.0,200,lists/bcms_setimes/list.bcms_setimes.attrib=shap_mpd=11_thresh=0.4_docnorm=F_tfidf=F.csv
0.49,0.395,0.0,0.1,0.1,0.1,0.1,200,lists/bcms_setimes/list.bcms_setimes.attrib=shap_mpd=16_thresh=0.7_docnorm=T_tfidf=F.csv
0.17,0.83,0.0,0.0,0.0,0.0,0.0,200,lists/bcms_setimes/list.bcms_setimes.attrib=shap_mpd=13_thresh=0.4_docnorm=F_tfidf=F.csv
0.195,0.8,0.0,0.0,0.0,0.0,0.0,200,lists/bcms_setimes/list.bcms_setimes.attrib=ig_mpd=11_thresh=0.6_docnorm=F_tfidf=T.csv
0.39,0.48,0.0,0.095,0.095,0.095,0.095,200,lists/bcms_setimes/list.bcms_setimes.attrib=shap_mpd=2_thresh=0.7_docnorm=T_tfidf=T.csv
0.385,0.325,0.0,0.17,0.175,0.335,0.485,200,lists/bcms_setimes/list.bcms_setimes.attrib=shap_mpd=17_thresh=0.3_docnorm=T_tfidf=T.csv
0.33,0.485,0.0,0.14,0.14,0.14,0.14,200,lists/bcms_setimes/list.bcms_setimes.attrib=loo_mpd=15_thresh=0.7_docnorm=T_tfidf=T.csv
0.145,0.845,0.0,0.01,0.01,0.01,0.01,200,lists/bcms_setimes/list.bcms_setimes.attrib=loo_mpd=6_thresh=0.4_docnorm=F_tfidf=F.csv
0.145,0.845,0.0,0.01,0.01,0.01,0.01,200,lists/bcms_setimes/list.bcms_setimes.attrib=loo_mpd=9_thresh=0.4_docnorm=F_tfidf=F.csv
0.385,0.335,0.0,0.25,0.415,0.575,0.695,200,lists/bcms_setimes/list.bcms_setimes.attrib=ig_mpd=19_thresh=0.2_docnorm=T_tfidf=T.csv
0.235,0.225,0.38,0.86,0.89,0.935,0.955,200,lists/bcms_setimes/list.bcms_setimes.attrib=shap_mpd=12_thresh=0.1_docnorm=T_tfidf=T.csv
0.145,0.845,0.0,0.01,0.01,0.01,0.01,200,lists/bcms_setimes/list.bcms_setimes.attrib=loo_mpd=16_thresh=0.9_docnorm=F_tfidf=F.csv
0.175,0.8,0.0,0.02,0.02,0.02,0.02,200,lists/bcms_setimes/list.bcms_setimes.attrib=loo_mpd=18_thresh=1.0_docnorm=F_tfidf=T.csv
0.145,0.845,0.0,0.01,0.01,0.01,0.01,200,lists/bcms_setimes/list.bcms_setimes.attrib=loo_mpd=16_thresh=0.1_docnorm=F_tfidf=F.csv
0.455,0.49,0.0,0.045,0.045,0.045,0.045,200,lists/bcms_setimes/list.bcms_setimes.attrib=shap_mpd=12_thresh=1.0_docnorm=T_tfidf=F.csv
0.675,0.275,0.0,0.03,0.03,0.03,0.03,200,lists/bcms_setimes/list.bcms_setimes.attrib=ig_mpd=14_thresh=0.8_docnorm=T_tfidf=T.csv
0.225,0.775,0.0,0.0,0.0,0.0,0.0,200,lists/bcms_setimes/list.bcms_setimes.attrib=ig_mpd=3_thresh=0.6_docnorm=F_tfidf=T.csv
0.185,0.815,0.0,0.0,0.0,0.0,0.0,200,lists/bcms_setimes/list.bcms_setimes.attrib=ig_mpd=9_thresh=0.8_docnorm=F_tfidf=T.csv
0.235,0.25,0.375,0.865,0.915,0.96,0.985,200,lists/bcms_setimes/list.bcms_setimes.attrib=loo_mpd=20_thresh=0.1_docnorm=T_tfidf=T.csv
0.655,0.255,0.0,0.06,0.06,0.06,0.06,200,lists/bcms_setimes/list.bcms_setimes.attrib=ig_mpd=15_thresh=0.6_docnorm=T_tfidf=T.csv
0.185,0.815,0.0,0.0,0.0,0.0,0.0,200,lists/bcms_setimes/list.bcms_setimes.attrib=lime_mpd=4_thresh=0.5_docnorm=F_tfidf=T.csv
0.16,0.805,0.0,0.035,0.035,0.035,0.035,200,lists/bcms_setimes/list.bcms_setimes.attrib=loo_mpd=19_thresh=0.2_docnorm=F_tfidf=T.csv
0.465,0.47,0.0,0.0,0.0,0.0,0.005,200,lists/bcms_setimes/list.bcms_setimes.attrib=lime_mpd=7_thresh=0.6_docnorm=T_tfidf=T.csv
0.225,0.28,0.28,0.765,0.81,0.87,0.895,200,lists/bcms_setimes/list.bcms_setimes.attrib=shap_mpd=3_thresh=0.1_docnorm=T_tfidf=T.csv
0.66,0.275,0.0,0.03,0.03,0.03,0.03,200,lists/bcms_setimes/list.bcms_setimes.attrib=ig_mpd=11_thresh=0.8_docnorm=T_tfidf=T.csv
0.175,0.795,0.0,0.01,0.01,0.01,0.01,200,lists/bcms_setimes/list.bcms_setimes.attrib=ig_mpd=17_thresh=0.2_docnorm=F_tfidf=F.csv
0.59,0.28,0.0,0.055,0.14,0.275,0.39,200,lists/bcms_setimes/list.bcms_setimes.attrib=ig_mpd=4_thresh=0.2_docnorm=T_tfidf=F.csv
0.185,0.815,0.0,0.0,0.0,0.0,0.0,200,lists/bcms_setimes/list.bcms_setimes.attrib=lime_mpd=16_thresh=0.8_docnorm=F_tfidf=T.csv
0.405,0.38,0.0,0.175,0.175,0.175,0.175,200,lists/bcms_setimes/list.bcms_setimes.attrib=shap_mpd=14_thresh=0.6_docnorm=T_tfidf=T.csv
0.44,0.285,0.56,0.805,0.89,0.94,0.97,200,lists/bcms_setimes/list.bcms_setimes.attrib=lime_mpd=13_thresh=0.1_docnorm=T_tfidf=T.csv
0.33,0.32,0.0,0.325,0.52,0.65,0.74,200,lists/bcms_setimes/list.bcms_setimes.attrib=shap_mpd=13_thresh=0.2_docnorm=T_tfidf=T.csv
0.275,0.705,0.0,0.0,0.0,0.0,0.0,200,lists/bcms_setimes/list.bcms_setimes.attrib=lime_mpd=2_thresh=0.9_docnorm=T_tfidf=F.csv
0.44,0.49,0.0,0.0,0.0,0.0,0.005,200,lists/bcms_setimes/list.bcms_setimes.attrib=lime_mpd=16_thresh=0.6_docnorm=T_tfidf=T.csv
0.4,0.575,0.0,0.0,0.0,0.0,0.0,200,lists/bcms_setimes/list.bcms_setimes.attrib=lime_mpd=3_thresh=0.9_docnorm=T_tfidf=T.csv
0.55,0.405,0.0,0.0,0.0,0.0,0.0,200,lists/bcms_setimes/list.bcms_setimes.attrib=lime_mpd=17_thresh=0.5_docnorm=T_tfidf=F.csv
0.42,0.39,0.0,0.11,0.11,0.16,0.245,200,lists/bcms_setimes/list.bcms_setimes.attrib=loo_mpd=11_thresh=0.3_docnorm=T_tfidf=F.csv
0.185,0.815,0.0,0.0,0.0,0.0,0.0,200,lists/bcms_setimes/list.bcms_setimes.attrib=lime_mpd=20_thresh=0.5_docnorm=F_tfidf=T.csv
0.22,0.775,0.0,0.005,0.005,0.005,0.005,200,lists/bcms_setimes/list.bcms_setimes.attrib=shap_mpd=1_thresh=0.1_docnorm=F_tfidf=F.csv
0.195,0.795,0.0,0.01,0.01,0.01,0.01,200,lists/bcms_setimes/list.bcms_setimes.attrib=shap_mpd=17_thresh=0.2_docnorm=F_tfidf=T.csv
0.395,0.475,0.0,0.075,0.075,0.075,0.075,200,lists/bcms_setimes/list.bcms_setimes.attrib=loo_mpd=18_thresh=0.6_docnorm=T_tfidf=F.csv
0.31,0.44,0.0,0.11,0.11,0.11,0.11,200,lists/bcms_setimes/list.bcms_setimes.attrib=loo_mpd=13_thresh=0.4_docnorm=T_tfidf=T.csv
0.18,0.82,0.0,0.0,0.0,0.0,0.0,200,lists/bcms_setimes/list.bcms_setimes.attrib=lime_mpd=14_thresh=1.0_docnorm=F_tfidf=T.csv
0.305,0.695,0.0,0.0,0.0,0.0,0.0,200,lists/bcms_setimes/list.bcms_setimes.attrib=ig_mpd=1_thresh=0.9_docnorm=F_tfidf=T.csv
0.175,0.825,0.0,0.0,0.0,0.0,0.0,200,lists/bcms_setimes/list.bcms_setimes.attrib=shap_mpd=14_thresh=0.3_docnorm=F_tfidf=F.csv
0.18,0.82,0.0,0.0,0.0,0.0,0.0,200,lists/bcms_setimes/list.bcms_setimes.attrib=lime_mpd=4_thresh=0.3_docnorm=F_tfidf=F.csv
0.305,0.44,0.0,0.135,0.135,0.175,0.245,200,lists/bcms_setimes/list.bcms_setimes.attrib=loo_mpd=12_thresh=0.3_docnorm=T_tfidf=T.csv
0.19,0.8,0.0,0.01,0.01,0.01,0.01,200,lists/bcms_setimes/list.bcms_setimes.attrib=shap_mpd=8_thresh=0.7_docnorm=F_tfidf=T.csv
0.245,0.74,0.0,0.0,0.0,0.0,0.0,200,lists/bcms_setimes/list.bcms_setimes.attrib=ig_mpd=1_thresh=0.8_docnorm=F_tfidf=F.csv
0.16,0.805,0.0,0.035,0.035,0.035,0.035,200,lists/bcms_setimes/list.bcms_setimes.attrib=loo_mpd=20_thresh=0.2_docnorm=F_tfidf=T.csv
0.165,0.82,0.0,0.0,0.0,0.0,0.0,200,lists/bcms_setimes/list.bcms_setimes.attrib=ig_mpd=8_thresh=0.9_docnorm=F_tfidf=F.csv
0.18,0.82,0.0,0.0,0.0,0.0,0.0,200,lists/bcms_setimes/list.bcms_setimes.attrib=lime_mpd=5_thresh=0.9_docnorm=F_tfidf=F.csv
0.485,0.37,0.0,0.13,0.13,0.13,0.13,200,lists/bcms_setimes/list.bcms_setimes.attrib=shap_mpd=9_thresh=0.6_docnorm=T_tfidf=F.csv
0.2,0.785,0.0,0.0,0.0,0.0,0.0,200,lists/bcms_setimes/list.bcms_setimes.attrib=ig_mpd=2_thresh=0.8_docnorm=F_tfidf=F.csv
0.245,0.705,0.0,0.035,0.035,0.035,0.035,200,lists/bcms_setimes/list.bcms_setimes.attrib=loo_mpd=2_thresh=0.9_docnorm=T_tfidf=F.csv
0.385,0.6,0.0,0.0,0.0,0.0,0.0,200,lists/bcms_setimes/list.bcms_setimes.attrib=lime_mpd=1_thresh=0.8_docnorm=T_tfidf=T.csv
0.685,0.245,0.0,0.02,0.02,0.02,0.02,200,lists/bcms_setimes/list.bcms_setimes.attrib=ig_mpd=12_thresh=0.5_docnorm=T_tfidf=F.csv
0.375,0.53,0.0,0.07,0.07,0.07,0.07,200,lists/bcms_setimes/list.bcms_setimes.attrib=loo_mpd=10_thresh=0.9_docnorm=T_tfidf=F.csv
0.71,0.22,0.0,0.025,0.025,0.025,0.025,200,lists/bcms_setimes/list.bcms_setimes.attrib=ig_mpd=4_thresh=0.4_docnorm=T_tfidf=F.csv
0.735,0.23,0.0,0.0,0.0,0.0,0.0,200,lists/bcms_setimes/list.bcms_setimes.attrib=ig_mpd=5_thresh=0.7_docnorm=T_tfidf=F.csv
0.17,0.81,0.0,0.015,0.015,0.015,0.015,200,lists/bcms_setimes/list.bcms_setimes.attrib=loo_mpd=15_thresh=1.0_docnorm=F_tfidf=T.csv
0.65,0.275,0.0,0.045,0.045,0.045,0.045,200,lists/bcms_setimes/list.bcms_setimes.attrib=ig_mpd=13_thresh=0.6_docnorm=T_tfidf=T.csv
0.16,0.805,0.0,0.035,0.035,0.035,0.035,200,lists/bcms_setimes/list.bcms_setimes.attrib=loo_mpd=12_thresh=0.4_docnorm=F_tfidf=T.csv
0.63,0.33,0.0,0.015,0.015,0.015,0.015,200,lists/bcms_setimes/list.bcms_setimes.attrib=ig_mpd=10_thresh=0.9_docnorm=T_tfidf=T.csv
0.43,0.545,0.0,0.0,0.0,0.0,0.0,200,lists/bcms_setimes/list.bcms_setimes.attrib=lime_mpd=15_thresh=0.8_docnorm=T_tfidf=T.csv
0.325,0.37,0.0,0.175,0.27,0.395,0.49,200,lists/bcms_setimes/list.bcms_setimes.attrib=shap_mpd=3_thresh=0.2_docnorm=T_tfidf=T.csv
0.2,0.785,0.0,0.0,0.0,0.0,0.0,200,lists/bcms_setimes/list.bcms_setimes.attrib=ig_mpd=3_thresh=0.8_docnorm=F_tfidf=F.csv
0.43,0.305,0.0,0.175,0.185,0.365,0.53,200,lists/bcms_setimes/list.bcms_setimes.attrib=shap_mpd=16_thresh=0.3_docnorm=T_tfidf=F.csv
0.22,0.77,0.0,0.0,0.0,0.0,0.0,200,lists/bcms_setimes/list.bcms_setimes.attrib=ig_mpd=18_thresh=0.4_docnorm=F_tfidf=T.csv
0.335,0.31,0.0,0.33,0.52,0.65,0.745,200,lists/bcms_setimes/list.bcms_setimes.attrib=shap_mpd=14_thresh=0.2_docnorm=T_tfidf=T.csv
0.18,0.82,0.0,0.0,0.0,0.0,0.0,200,lists/bcms_setimes/list.bcms_setimes.attrib=lime_mpd=6_thresh=1.0_docnorm=F_tfidf=F.csv
0.47,0.435,0.0,0.07,0.07,0.07,0.07,200,lists/bcms_setimes/list.bcms_setimes.attrib=shap_mpd=7_thresh=0.8_docnorm=T_tfidf=F.csv
0.18,0.82,0.0,0.0,0.0,0.0,0.0,200,lists/bcms_setimes/list.bcms_setimes.attrib=lime_mpd=15_thresh=0.8_docnorm=F_tfidf=T.csv
0.53,0.31,0.0,0.21,0.51,0.71,0.795,200,lists/bcms_setimes/list.bcms_setimes.attrib=lime_mpd=18_thresh=0.2_docnorm=T_tfidf=F.csv
0.225,0.775,0.0,0.0,0.0,0.0,0.0,200,lists/bcms_setimes/list.bcms_setimes.attrib=ig_mpd=3_thresh=0.9_docnorm=F_tfidf=T.csv
0.31,0.435,0.0,0.13,0.13,0.155,0.23,200,lists/bcms_setimes/list.bcms_setimes.attrib=loo_mpd=10_thresh=0.3_docnorm=T_tfidf=T.csv
0.475,0.305,0.0,0.09,0.095,0.215,0.375,200,lists/bcms_setimes/list.bcms_setimes.attrib=ig_mpd=18_thresh=0.3_docnorm=T_tfidf=T.csv
0.465,0.38,0.0,0.13,0.13,0.13,0.13,200,lists/bcms_setimes/list.bcms_setimes.attrib=shap_mpd=14_thresh=0.6_docnorm=T_tfidf=F.csv
0.315,0.375,0.0,0.175,0.315,0.47,0.585,200,lists/bcms_setimes/list.bcms_setimes.attrib=loo_mpd=11_thresh=0.2_docnorm=T_tfidf=T.csv
0.735,0.23,0.0,0.0,0.0,0.0,0.0,200,lists/bcms_setimes/list.bcms_setimes.attrib=ig_mpd=6_thresh=0.7_docnorm=T_tfidf=F.csv
0.24,0.745,0.0,0.015,0.015,0.015,0.015,200,lists/bcms_setimes/list.bcms_setimes.attrib=shap_mpd=1_thresh=0.6_docnorm=F_tfidf=T.csv
0.45,0.535,0.0,0.0,0.0,0.0,0.0,200,lists/bcms_setimes/list.bcms_setimes.attrib=lime_mpd=16_thresh=0.9_docnorm=T_tfidf=T.csv
0.16,0.805,0.0,0.035,0.035,0.035,0.035,200,lists/bcms_setimes/list.bcms_setimes.attrib=loo_mpd=15_thresh=0.7_docnorm=F_tfidf=T.csv
0.465,0.52,0.0,0.0,0.0,0.0,0.0,200,lists/bcms_setimes/list.bcms_setimes.attrib=lime_mpd=11_thresh=0.9_docnorm=T_tfidf=F.csv
0.24,0.25,0.35,0.85,0.905,0.955,0.985,200,lists/bcms_setimes/list.bcms_setimes.attrib=loo_mpd=15_thresh=0.1_docnorm=T_tfidf=T.csv
0.325,0.345,0.0,0.27,0.435,0.59,0.695,200,lists/bcms_setimes/list.bcms_setimes.attrib=shap_mpd=8_thresh=0.2_docnorm=T_tfidf=T.csv
0.145,0.845,0.0,0.01,0.01,0.01,0.01,200,lists/bcms_setimes/list.bcms_setimes.attrib=loo_mpd=19_thresh=0.6_docnorm=F_tfidf=F.csv
0.245,0.435,0.085,0.445,0.54,0.67,0.765,200,lists/bcms_setimes/list.bcms_setimes.attrib=ig_mpd=3_thresh=0.1_docnorm=T_tfidf=T.csv
0.18,0.82,0.0,0.0,0.0,0.0,0.0,200,lists/bcms_setimes/list.bcms_setimes.attrib=lime_mpd=10_thresh=0.5_docnorm=F_tfidf=T.csv
0.145,0.845,0.0,0.01,0.01,0.01,0.01,200,lists/bcms_setimes/list.bcms_setimes.attrib=loo_mpd=12_thresh=0.3_docnorm=F_tfidf=F.csv
0.215,0.775,0.0,0.01,0.01,0.01,0.01,200,lists/bcms_setimes/list.bcms_setimes.attrib=shap_mpd=2_thresh=0.5_docnorm=F_tfidf=T.csv
0.2,0.795,0.0,0.005,0.005,0.005,0.005,200,lists/bcms_setimes/list.bcms_setimes.attrib=shap_mpd=3_thresh=1.0_docnorm=F_tfidf=F.csv
0.18,0.82,0.0,0.0,0.0,0.0,0.0,200,lists/bcms_setimes/list.bcms_setimes.attrib=shap_mpd=6_thresh=0.9_docnorm=F_tfidf=F.csv
0.145,0.845,0.0,0.01,0.01,0.01,0.01,200,lists/bcms_setimes/list.bcms_setimes.attrib=loo_mpd=5_thresh=0.1_docnorm=F_tfidf=F.csv
0.22,0.77,0.0,0.0,0.0,0.0,0.0,200,lists/bcms_setimes/list.bcms_setimes.attrib=ig_mpd=20_thresh=0.7_docnorm=F_tfidf=T.csv
0.475,0.37,0.0,0.12,0.12,0.12,0.12,200,lists/bcms_setimes/list.bcms_setimes.attrib=shap_mpd=16_thresh=0.5_docnorm=T_tfidf=F.csv
0.145,0.845,0.0,0.01,0.01,0.01,0.01,200,lists/bcms_setimes/list.bcms_setimes.attrib=loo_mpd=6_thresh=0.6_docnorm=F_tfidf=F.csv
0.18,0.82,0.0,0.0,0.0,0.0,0.0,200,lists/bcms_setimes/list.bcms_setimes.attrib=lime_mpd=8_thresh=1.0_docnorm=F_tfidf=T.csv
0.435,0.285,0.57,0.81,0.885,0.94,0.975,200,lists/bcms_setimes/list.bcms_setimes.attrib=lime_mpd=18_thresh=0.1_docnorm=T_tfidf=T.csv
0.18,0.82,0.0,0.0,0.0,0.0,0.0,200,lists/bcms_setimes/list.bcms_setimes.attrib=lime_mpd=13_thresh=0.4_docnorm=F_tfidf=F.csv
0.17,0.815,0.0,0.0,0.0,0.0,0.0,200,lists/bcms_setimes/list.bcms_setimes.attrib=ig_mpd=6_thresh=1.0_docnorm=F_tfidf=F.csv
0.33,0.125,0.51,0.975,0.99,1.0,1.0,200,lists/bcms_setimes/list.bcms_setimes.attrib=shap_mpd=7_thresh=0.1_docnorm=T_tfidf=F.csv
0.475,0.415,0.0,0.08,0.08,0.08,0.08,200,lists/bcms_setimes/list.bcms_setimes.attrib=shap_mpd=18_thresh=0.9_docnorm=T_tfidf=F.csv
0.195,0.795,0.0,0.01,0.01,0.01,0.01,200,lists/bcms_setimes/list.bcms_setimes.attrib=shap_mpd=18_thresh=1.0_docnorm=F_tfidf=T.csv
0.17,0.83,0.0,0.0,0.0,0.0,0.0,200,lists/bcms_setimes/list.bcms_setimes.attrib=shap_mpd=10_thresh=0.8_docnorm=F_tfidf=F.csv
0.655,0.255,0.0,0.055,0.055,0.055,0.055,200,lists/bcms_setimes/list.bcms_setimes.attrib=ig_mpd=16_thresh=0.6_docnorm=T_tfidf=T.csv
0.17,0.8,0.0,0.025,0.025,0.025,0.025,200,lists/bcms_setimes/list.bcms_setimes.attrib=loo_mpd=19_thresh=1.0_docnorm=F_tfidf=T.csv
0.715,0.265,0.0,0.0,0.0,0.0,0.0,200,lists/bcms_setimes/list.bcms_setimes.attrib=ig_mpd=11_thresh=0.9_docnorm=T_tfidf=F.csv
0.165,0.795,0.0,0.035,0.035,0.035,0.035,200,lists/bcms_setimes/list.bcms_setimes.attrib=loo_mpd=10_thresh=0.5_docnorm=F_tfidf=T.csv
0.39,0.45,0.0,0.09,0.09,0.09,0.09,200,lists/bcms_setimes/list.bcms_setimes.attrib=loo_mpd=14_thresh=0.4_docnorm=T_tfidf=F.csv
0.185,0.815,0.0,0.0,0.0,0.0,0.0,200,lists/bcms_setimes/list.bcms_setimes.attrib=shap_mpd=5_thresh=0.9_docnorm=F_tfidf=F.csv
0.18,0.82,0.0,0.0,0.0,0.0,0.0,200,lists/bcms_setimes/list.bcms_setimes.attrib=lime_mpd=16_thresh=0.3_docnorm=F_tfidf=F.csv
0.17,0.82,0.0,0.01,0.01,0.01,0.01,200,lists/bcms_setimes/list.bcms_setimes.attrib=loo_mpd=2_thresh=0.7_docnorm=F_tfidf=F.csv
0.38,0.325,0.0,0.17,0.175,0.34,0.49,200,lists/bcms_setimes/list.bcms_setimes.attrib=shap_mpd=19_thresh=0.3_docnorm=T_tfidf=T.csv
0.305,0.61,0.0,0.07,0.07,0.07,0.07,200,lists/bcms_setimes/list.bcms_setimes.attrib=loo_mpd=5_thresh=0.9_docnorm=T_tfidf=F.csv
0.18,0.82,0.0,0.0,0.0,0.0,0.0,200,lists/bcms_setimes/list.bcms_setimes.attrib=lime_mpd=8_thresh=0.8_docnorm=F_tfidf=F.csv
0.16,0.805,0.0,0.035,0.035,0.035,0.035,200,lists/bcms_setimes/list.bcms_setimes.attrib=loo_mpd=12_thresh=0.9_docnorm=F_tfidf=T.csv
0.165,0.81,0.0,0.01,0.01,0.01,0.01,200,lists/bcms_setimes/list.bcms_setimes.attrib=ig_mpd=10_thresh=1.0_docnorm=F_tfidf=F.csv
0.435,0.335,0.0,0.165,0.165,0.165,0.235,200,lists/bcms_setimes/list.bcms_setimes.attrib=shap_mpd=12_thresh=0.4_docnorm=T_tfidf=F.csv
0.465,0.45,0.0,0.005,0.005,0.005,0.01,200,lists/bcms_setimes/list.bcms_setimes.attrib=lime_mpd=11_thresh=0.5_docnorm=T_tfidf=T.csv
0.53,0.185,0.775,0.935,0.975,0.99,0.995,200,lists/bcms_setimes/list.bcms_setimes.attrib=lime_mpd=13_thresh=0.1_docnorm=T_tfidf=F.csv
0.145,0.845,0.0,0.01,0.01,0.01,0.01,200,lists/bcms_setimes/list.bcms_setimes.attrib=loo_mpd=12_thresh=0.4_docnorm=F_tfidf=F.csv
0.42,0.425,0.0,0.1,0.1,0.1,0.11,200,lists/bcms_setimes/list.bcms_setimes.attrib=shap_mpd=3_thresh=0.4_docnorm=T_tfidf=F.csv
0.205,0.785,0.0,0.0,0.0,0.0,0.0,200,lists/bcms_setimes/list.bcms_setimes.attrib=ig_mpd=14_thresh=0.6_docnorm=F_tfidf=T.csv
0.65,0.31,0.0,0.015,0.015,0.015,0.015,200,lists/bcms_setimes/list.bcms_setimes.attrib=ig_mpd=15_thresh=0.9_docnorm=T_tfidf=T.csv
0.715,0.22,0.0,0.035,0.035,0.11,0.195,200,lists/bcms_setimes/list.bcms_setimes.attrib=ig_mpd=13_thresh=0.3_docnorm=T_tfidf=F.csv
0.18,0.82,0.0,0.0,0.0,0.0,0.0,200,lists/bcms_setimes/list.bcms_setimes.attrib=shap_mpd=18_thresh=0.4_docnorm=F_tfidf=F.csv
0.2,0.79,0.0,0.0,0.0,0.0,0.0,200,lists/bcms_setimes/list.bcms_setimes.attrib=ig_mpd=13_thresh=0.1_docnorm=F_tfidf=T.csv
0.195,0.795,0.0,0.01,0.01,0.01,0.01,200,lists/bcms_setimes/list.bcms_setimes.attrib=shap_mpd=4_thresh=0.6_docnorm=F_tfidf=T.csv
0.18,0.82,0.0,0.0,0.0,0.0,0.0,200,lists/bcms_setimes/list.bcms_setimes.attrib=shap_mpd=17_thresh=0.9_docnorm=F_tfidf=F.csv
0.18,0.82,0.0,0.0,0.0,0.0,0.0,200,lists/bcms_setimes/list.bcms_setimes.attrib=lime_mpd=17_thresh=0.1_docnorm=F_tfidf=F.csv
0.175,0.795,0.0,0.01,0.01,0.01,0.01,200,lists/bcms_setimes/list.bcms_setimes.attrib=ig_mpd=18_thresh=0.4_docnorm=F_tfidf=F.csv
0.175,0.8,0.0,0.01,0.01,0.01,0.01,200,lists/bcms_setimes/list.bcms_setimes.attrib=ig_mpd=14_thresh=0.3_docnorm=F_tfidf=F.csv
0.22,0.78,0.0,0.0,0.0,0.0,0.0,200,lists/bcms_setimes/list.bcms_setimes.attrib=lime_mpd=1_thresh=0.3_docnorm=F_tfidf=T.csv
0.705,0.23,0.0,0.015,0.015,0.015,0.015,200,lists/bcms_setimes/list.bcms_setimes.attrib=ig_mpd=17_thresh=0.5_docnorm=T_tfidf=F.csv
0.52,0.32,0.0,0.2,0.485,0.69,0.775,200,lists/bcms_setimes/list.bcms_setimes.attrib=lime_mpd=12_thresh=0.2_docnorm=T_tfidf=F.csv
0.33,0.42,0.0,0.165,0.165,0.175,0.215,200,lists/bcms_setimes/list.bcms_setimes.attrib=shap_mpd=2_thresh=0.3_docnorm=T_tfidf=T.csv
0.36,0.385,0.0,0.175,0.175,0.175,0.175,200,lists/bcms_setimes/list.bcms_setimes.attrib=shap_mpd=20_thresh=0.5_docnorm=T_tfidf=T.csv
0.18,0.82,0.0,0.0,0.0,0.0,0.0,200,lists/bcms_setimes/list.bcms_setimes.attrib=shap_mpd=16_thresh=1.0_docnorm=F_tfidf=F.csv
0.145,0.845,0.0,0.01,0.01,0.01,0.01,200,lists/bcms_setimes/list.bcms_setimes.attrib=loo_mpd=6_thresh=0.2_docnorm=F_tfidf=F.csv
0.16,0.805,0.0,0.035,0.035,0.035,0.035,200,lists/bcms_setimes/list.bcms_setimes.attrib=loo_mpd=14_thresh=0.9_docnorm=F_tfidf=T.csv
0.45,0.535,0.0,0.0,0.0,0.0,0.0,200,lists/bcms_setimes/list.bcms_setimes.attrib=lime_mpd=14_thresh=1.0_docnorm=T_tfidf=F.csv
0.2,0.79,0.0,0.0,0.0,0.0,0.0,200,lists/bcms_setimes/list.bcms_setimes.attrib=ig_mpd=13_thresh=0.4_docnorm=F_tfidf=T.csv
0.455,0.475,0.0,0.0,0.0,0.0,0.0,200,lists/bcms_setimes/list.bcms_setimes.attrib=lime_mpd=16_thresh=0.7_docnorm=T_tfidf=T.csv
0.17,0.79,0.0,0.035,0.035,0.035,0.035,200,lists/bcms_setimes/list.bcms_setimes.attrib=loo_mpd=5_thresh=0.4_docnorm=F_tfidf=T.csv
0.385,0.325,0.0,0.17,0.175,0.335,0.485,200,lists/bcms_setimes/list.bcms_setimes.attrib=shap_mpd=16_thresh=0.3_docnorm=T_tfidf=T.csv
0.18,0.82,0.0,0.0,0.0,0.0,0.0,200,lists/bcms_setimes/list.bcms_setimes.attrib=shap_mpd=7_thresh=0.1_docnorm=F_tfidf=F.csv
0.46,0.525,0.0,0.0,0.0,0.0,0.0,200,lists/bcms_setimes/list.bcms_setimes.attrib=lime_mpd=18_thresh=1.0_docnorm=T_tfidf=F.csv
0.455,0.475,0.0,0.0,0.0,0.0,0.0,200,lists/bcms_setimes/list.bcms_setimes.attrib=lime_mpd=13_thresh=0.7_docnorm=T_tfidf=T.csv
0.18,0.82,0.0,0.0,0.0,0.0,0.0,200,lists/bcms_setimes/list.bcms_setimes.attrib=lime_mpd=12_thresh=0.9_docnorm=F_tfidf=F.csv
0.475,0.49,0.0,0.0,0.0,0.0,0.0,200,lists/bcms_setimes/list.bcms_setimes.attrib=lime_mpd=19_thresh=0.7_docnorm=T_tfidf=F.csv
0.145,0.845,0.0,0.01,0.01,0.01,0.01,200,lists/bcms_setimes/list.bcms_setimes.attrib=loo_mpd=18_thresh=0.3_docnorm=F_tfidf=F.csv
0.19,0.795,0.0,0.0,0.0,0.0,0.0,200,lists/bcms_setimes/list.bcms_setimes.attrib=ig_mpd=4_thresh=0.8_docnorm=F_tfidf=F.csv
0.18,0.82,0.0,0.0,0.0,0.0,0.0,200,lists/bcms_setimes/list.bcms_setimes.attrib=shap_mpd=16_thresh=0.9_docnorm=F_tfidf=F.csv
0.145,0.845,0.0,0.01,0.01,0.01,0.01,200,lists/bcms_setimes/list.bcms_setimes.attrib=loo_mpd=20_thresh=0.8_docnorm=F_tfidf=F.csv
0.185,0.815,0.0,0.0,0.0,0.0,0.0,200,lists/bcms_setimes/list.bcms_setimes.attrib=lime_mpd=16_thresh=0.2_docnorm=F_tfidf=T.csv
0.17,0.815,0.0,0.0,0.0,0.0,0.0,200,lists/bcms_setimes/list.bcms_setimes.attrib=ig_mpd=6_thresh=0.8_docnorm=F_tfidf=F.csv
0.25,0.725,0.0,0.02,0.02,0.02,0.02,200,lists/bcms_setimes/list.bcms_setimes.attrib=loo_mpd=8_thresh=1.0_docnorm=T_tfidf=F.csv
0.185,0.815,0.0,0.0,0.0,0.0,0.0,200,lists/bcms_setimes/list.bcms_setimes.attrib=lime_mpd=17_thresh=0.7_docnorm=F_tfidf=T.csv
0.33,0.565,0.0,0.07,0.07,0.07,0.07,200,lists/bcms_setimes/list.bcms_setimes.attrib=loo_mpd=4_thresh=0.7_docnorm=T_tfidf=F.csv
0.58,0.315,0.0,0.07,0.07,0.07,0.07,200,lists/bcms_setimes/list.bcms_setimes.attrib=ig_mpd=7_thresh=0.5_docnorm=T_tfidf=T.csv
0.185,0.815,0.0,0.0,0.0,0.0,0.0,200,lists/bcms_setimes/list.bcms_setimes.attrib=lime_mpd=20_thresh=0.4_docnorm=F_tfidf=T.csv
0.195,0.795,0.0,0.01,0.01,0.01,0.01,200,lists/bcms_setimes/list.bcms_setimes.attrib=shap_mpd=16_thresh=0.9_docnorm=F_tfidf=T.csv
0.18,0.82,0.0,0.0,0.0,0.0,0.0,200,lists/bcms_setimes/list.bcms_setimes.attrib=lime_mpd=9_thresh=0.7_docnorm=F_tfidf=F.csv
0.435,0.505,0.0,0.05,0.05,0.05,0.05,200,lists/bcms_setimes/list.bcms_setimes.attrib=shap_mpd=1_thresh=0.7_docnorm=T_tfidf=F.csv
0.455,0.45,0.0,0.065,0.065,0.065,0.065,200,lists/bcms_setimes/list.bcms_setimes.attrib=shap_mpd=8_thresh=0.9_docnorm=T_tfidf=F.csv
0.685,0.275,0.0,0.005,0.005,0.005,0.005,200,lists/bcms_setimes/list.bcms_setimes.attrib=ig_mpd=2_thresh=0.5_docnorm=T_tfidf=F.csv
0.72,0.255,0.0,0.0,0.0,0.0,0.0,200,lists/bcms_setimes/list.bcms_setimes.attrib=ig_mpd=5_thresh=0.8_docnorm=T_tfidf=F.csv
0.355,0.515,0.0,0.085,0.085,0.085,0.085,200,lists/bcms_setimes/list.bcms_setimes.attrib=shap_mpd=1_thresh=0.5_docnorm=T_tfidf=F.csv
0.595,0.36,0.0,0.015,0.015,0.015,0.015,200,lists/bcms_setimes/list.bcms_setimes.attrib=ig_mpd=20_thresh=1.0_docnorm=T_tfidf=T.csv
0.465,0.455,0.0,0.0,0.0,0.0,0.005,200,lists/bcms_setimes/list.bcms_setimes.attrib=lime_mpd=15_thresh=0.5_docnorm=T_tfidf=T.csv
0.175,0.8,0.0,0.01,0.01,0.01,0.01,200,lists/bcms_setimes/list.bcms_setimes.attrib=ig_mpd=14_thresh=0.2_docnorm=F_tfidf=F.csv
0.46,0.47,0.0,0.0,0.0,0.0,0.0,200,lists/bcms_setimes/list.bcms_setimes.attrib=lime_mpd=17_thresh=0.7_docnorm=T_tfidf=T.csv
0.15,0.84,0.0,0.01,0.01,0.01,0.01,200,lists/bcms_setimes/list.bcms_setimes.attrib=loo_mpd=6_thresh=1.0_docnorm=F_tfidf=F.csv
0.195,0.805,0.0,0.0,0.0,0.0,0.0,200,lists/bcms_setimes/list.bcms_setimes.attrib=shap_mpd=4_thresh=0.5_docnorm=F_tfidf=F.csv
0.17,0.79,0.0,0.035,0.035,0.035,0.035,200,lists/bcms_setimes/list.bcms_setimes.attrib=loo_mpd=5_thresh=0.6_docnorm=F_tfidf=T.csv
0.18,0.79,0.0,0.01,0.01,0.01,0.01,200,lists/bcms_setimes/list.bcms_setimes.attrib=ig_mpd=19_thresh=1.0_docnorm=F_tfidf=F.csv
0.175,0.8,0.0,0.01,0.01,0.01,0.01,200,lists/bcms_setimes/list.bcms_setimes.attrib=ig_mpd=12_thresh=0.9_docnorm=F_tfidf=F.csv
0.195,0.795,0.0,0.01,0.01,0.01,0.01,200,lists/bcms_setimes/list.bcms_setimes.attrib=shap_mpd=19_thresh=0.4_docnorm=F_tfidf=T.csv
0.465,0.38,0.0,0.135,0.135,0.135,0.135,200,lists/bcms_setimes/list.bcms_setimes.attrib=shap_mpd=18_thresh=0.6_docnorm=T_tfidf=F.csv
0.195,0.795,0.0,0.01,0.01,0.01,0.01,200,lists/bcms_setimes/list.bcms_setimes.attrib=shap_mpd=17_thresh=1.0_docnorm=F_tfidf=T.csv
0.18,0.82,0.0,0.0,0.0,0.0,0.0,200,lists/bcms_setimes/list.bcms_setimes.attrib=shap_mpd=17_thresh=0.3_docnorm=F_tfidf=F.csv
0.185,0.815,0.0,0.0,0.0,0.0,0.0,200,lists/bcms_setimes/list.bcms_setimes.attrib=lime_mpd=19_thresh=0.9_docnorm=F_tfidf=T.csv
0.145,0.845,0.0,0.01,0.01,0.01,0.01,200,lists/bcms_setimes/list.bcms_setimes.attrib=loo_mpd=17_thresh=0.9_docnorm=F_tfidf=F.csv
0.185,0.815,0.0,0.0,0.0,0.0,0.0,200,lists/bcms_setimes/list.bcms_setimes.attrib=lime_mpd=20_thresh=0.2_docnorm=F_tfidf=T.csv
0.145,0.845,0.0,0.01,0.01,0.01,0.01,200,lists/bcms_setimes/list.bcms_setimes.attrib=loo_mpd=9_thresh=0.8_docnorm=F_tfidf=F.csv
0.165,0.81,0.0,0.01,0.01,0.01,0.01,200,lists/bcms_setimes/list.bcms_setimes.attrib=ig_mpd=10_thresh=0.6_docnorm=F_tfidf=F.csv
0.255,0.21,0.39,0.875,0.905,0.95,0.97,200,lists/bcms_setimes/list.bcms_setimes.attrib=shap_mpd=17_thresh=0.1_docnorm=T_tfidf=T.csv
0.57,0.335,0.0,0.065,0.065,0.065,0.065,200,lists/bcms_setimes/list.bcms_setimes.attrib=ig_mpd=5_thresh=0.5_docnorm=T_tfidf=T.csv
0.145,0.845,0.0,0.01,0.01,0.01,0.01,200,lists/bcms_setimes/list.bcms_setimes.attrib=loo_mpd=15_thresh=0.1_docnorm=F_tfidf=F.csv
0.675,0.28,0.0,0.025,0.025,0.025,0.025,200,lists/bcms_setimes/list.bcms_setimes.attrib=ig_mpd=16_thresh=0.8_docnorm=T_tfidf=T.csv
0.22,0.77,0.0,0.0,0.0,0.0,0.0,200,lists/bcms_setimes/list.bcms_setimes.attrib=ig_mpd=19_thresh=0.3_docnorm=F_tfidf=T.csv
0.425,0.55,0.0,0.0,0.0,0.0,0.0,200,lists/bcms_setimes/list.bcms_setimes.attrib=lime_mpd=13_thresh=0.8_docnorm=T_tfidf=T.csv
0.18,0.82,0.0,0.0,0.0,0.0,0.0,200,lists/bcms_setimes/list.bcms_setimes.attrib=lime_mpd=13_thresh=0.6_docnorm=F_tfidf=F.csv
0.185,0.815,0.0,0.0,0.0,0.0,0.0,200,lists/bcms_setimes/list.bcms_setimes.attrib=lime_mpd=7_thresh=0.3_docnorm=F_tfidf=T.csv
0.175,0.785,0.0,0.035,0.035,0.035,0.035,200,lists/bcms_setimes/list.bcms_setimes.attrib=loo_mpd=4_thresh=0.2_docnorm=F_tfidf=T.csv
0.455,0.53,0.0,0.0,0.0,0.0,0.0,200,lists/bcms_setimes/list.bcms_setimes.attrib=lime_mpd=12_thresh=0.9_docnorm=T_tfidf=T.csv
0.175,0.825,0.0,0.0,0.0,0.0,0.0,200,lists/bcms_setimes/list.bcms_setimes.attrib=shap_mpd=15_thresh=1.0_docnorm=F_tfidf=F.csv
0.19,0.8,0.0,0.01,0.01,0.01,0.01,200,lists/bcms_setimes/list.bcms_setimes.attrib=loo_mpd=1_thresh=0.6_docnorm=F_tfidf=F.csv
0.145,0.845,0.0,0.01,0.01,0.01,0.01,200,lists/bcms_setimes/list.bcms_setimes.attrib=loo_mpd=11_thresh=0.3_docnorm=F_tfidf=F.csv
0.18,0.82,0.0,0.0,0.0,0.0,0.0,200,lists/bcms_setimes/list.bcms_setimes.attrib=shap_mpd=17_thresh=0.4_docnorm=F_tfidf=F.csv
0.205,0.79,0.0,0.005,0.005,0.005,0.005,200,lists/bcms_setimes/list.bcms_setimes.attrib=shap_mpd=2_thresh=0.9_docnorm=F_tfidf=F.csv
0.17,0.81,0.0,0.015,0.015,0.015,0.015,200,lists/bcms_setimes/list.bcms_setimes.attrib=loo_mpd=11_thresh=1.0_docnorm=F_tfidf=T.csv
0.18,0.805,0.0,0.0,0.0,0.0,0.0,200,lists/bcms_setimes/list.bcms_setimes.attrib=ig_mpd=5_thresh=0.4_docnorm=F_tfidf=F.csv
0.665,0.27,0.0,0.04,0.04,0.04,0.04,200,lists/bcms_setimes/list.bcms_setimes.attrib=ig_mpd=19_thresh=0.7_docnorm=T_tfidf=T.csv
0.475,0.485,0.0,0.0,0.0,0.0,0.0,200,lists/bcms_setimes/list.bcms_setimes.attrib=lime_mpd=8_thresh=0.8_docnorm=T_tfidf=F.csv
0.2,0.795,0.0,0.005,0.005,0.005,0.005,200,lists/bcms_setimes/list.bcms_setimes.attrib=shap_mpd=3_thresh=0.3_docnorm=F_tfidf=F.csv
0.24,0.745,0.0,0.015,0.015,0.015,0.015,200,lists/bcms_setimes/list.bcms_setimes.attrib=shap_mpd=1_thresh=0.8_docnorm=F_tfidf=T.csv
0.175,0.8,0.0,0.01,0.01,0.01,0.01,200,lists/bcms_setimes/list.bcms_setimes.attrib=ig_mpd=12_thresh=0.2_docnorm=F_tfidf=F.csv
0.17,0.83,0.0,0.0,0.0,0.0,0.0,200,lists/bcms_setimes/list.bcms_setimes.attrib=shap_mpd=12_thresh=1.0_docnorm=F_tfidf=F.csv
0.29,0.47,0.0,0.17,0.17,0.18,0.18,200,lists/bcms_setimes/list.bcms_setimes.attrib=shap_mpd=1_thresh=0.3_docnorm=T_tfidf=T.csv
0.16,0.805,0.0,0.035,0.035,0.035,0.035,200,lists/bcms_setimes/list.bcms_setimes.attrib=loo_mpd=19_thresh=0.4_docnorm=F_tfidf=T.csv
0.18,0.82,0.0,0.0,0.0,0.0,0.0,200,lists/bcms_setimes/list.bcms_setimes.attrib=shap_mpd=19_thresh=0.3_docnorm=F_tfidf=F.csv
0.18,0.82,0.0,0.0,0.0,0.0,0.0,200,lists/bcms_setimes/list.bcms_setimes.attrib=ig_mpd=6_thresh=1.0_docnorm=F_tfidf=T.csv
0.42,0.45,0.0,0.09,0.09,0.09,0.09,200,lists/bcms_setimes/list.bcms_setimes.attrib=loo_mpd=18_thresh=0.8_docnorm=T_tfidf=F.csv
0.59,0.395,0.0,0.0,0.0,0.0,0.0,200,lists/bcms_setimes/list.bcms_setimes.attrib=ig_mpd=14_thresh=1.0_docnorm=T_tfidf=F.csv
0.24,0.745,0.0,0.015,0.015,0.015,0.015,200,lists/bcms_setimes/list.bcms_setimes.attrib=shap_mpd=1_thresh=0.9_docnorm=F_tfidf=T.csv
0.19,0.8,0.0,0.01,0.01,0.01,0.01,200,lists/bcms_setimes/list.bcms_setimes.attrib=shap_mpd=8_thresh=1.0_docnorm=F_tfidf=T.csv
0.185,0.815,0.0,0.0,0.0,0.0,0.0,200,lists/bcms_setimes/list.bcms_setimes.attrib=lime_mpd=18_thresh=0.4_docnorm=F_tfidf=T.csv
0.185,0.815,0.0,0.0,0.0,0.0,0.0,200,lists/bcms_setimes/list.bcms_setimes.attrib=lime_mpd=19_thresh=0.9_docnorm=F_tfidf=F.csv
0.19,0.8,0.0,0.01,0.01,0.01,0.01,200,lists/bcms_setimes/list.bcms_setimes.attrib=shap_mpd=6_thresh=0.7_docnorm=F_tfidf=T.csv
0.285,0.59,0.0,0.105,0.105,0.105,0.105,200,lists/bcms_setimes/list.bcms_setimes.attrib=loo_mpd=3_thresh=0.6_docnorm=T_tfidf=T.csv
0.16,0.805,0.0,0.035,0.035,0.035,0.035,200,lists/bcms_setimes/list.bcms_setimes.attrib=loo_mpd=15_thresh=0.6_docnorm=F_tfidf=T.csv
0.33,0.55,0.0,0.1,0.1,0.1,0.1,200,lists/bcms_setimes/list.bcms_setimes.attrib=loo_mpd=7_thresh=0.7_docnorm=T_tfidf=T.csv
0.495,0.455,0.0,0.03,0.03,0.03,0.03,200,lists/bcms_setimes/list.bcms_setimes.attrib=ig_mpd=1_thresh=0.7_docnorm=T_tfidf=T.csv
0.455,0.41,0.0,0.0,0.0,0.0,0.07,200,lists/bcms_setimes/list.bcms_setimes.attrib=lime_mpd=11_thresh=0.4_docnorm=T_tfidf=T.csv
0.16,0.805,0.0,0.035,0.035,0.035,0.035,200,lists/bcms_setimes/list.bcms_setimes.attrib=loo_mpd=12_thresh=0.3_docnorm=F_tfidf=T.csv
0.44,0.33,0.0,0.145,0.155,0.305,0.46,200,lists/bcms_setimes/list.bcms_setimes.attrib=shap_mpd=8_thresh=0.3_docnorm=T_tfidf=F.csv
0.225,0.775,0.0,0.0,0.0,0.0,0.0,200,lists/bcms_setimes/list.bcms_setimes.attrib=ig_mpd=3_thresh=0.7_docnorm=F_tfidf=T.csv
0.18,0.82,0.0,0.0,0.0,0.0,0.0,200,lists/bcms_setimes/list.bcms_setimes.attrib=ig_mpd=8_thresh=0.4_docnorm=F_tfidf=T.csv
0.705,0.22,0.0,0.02,0.02,0.02,0.02,200,lists/bcms_setimes/list.bcms_setimes.attrib=ig_mpd=14_thresh=0.5_docnorm=T_tfidf=F.csv
0.245,0.755,0.0,0.0,0.0,0.0,0.0,200,lists/bcms_setimes/list.bcms_setimes.attrib=ig_mpd=2_thresh=0.4_docnorm=F_tfidf=T.csv
0.56,0.375,0.0,0.04,0.04,0.04,0.04,200,lists/bcms_setimes/list.bcms_setimes.attrib=ig_mpd=3_thresh=0.7_docnorm=T_tfidf=T.csv
0.33,0.13,0.505,0.965,0.99,1.0,1.0,200,lists/bcms_setimes/list.bcms_setimes.attrib=shap_mpd=5_thresh=0.1_docnorm=T_tfidf=F.csv
0.475,0.49,0.0,0.0,0.0,0.0,0.0,200,lists/bcms_setimes/list.bcms_setimes.attrib=lime_mpd=16_thresh=0.7_docnorm=T_tfidf=F.csv
0.18,0.82,0.0,0.0,0.0,0.0,0.0,200,lists/bcms_setimes/list.bcms_setimes.attrib=shap_mpd=18_thresh=1.0_docnorm=F_tfidf=F.csv
0.47,0.49,0.0,0.0,0.0,0.0,0.0,200,lists/bcms_setimes/list.bcms_setimes.attrib=lime_mpd=10_thresh=0.8_docnorm=T_tfidf=F.csv
0.205,0.755,0.0,0.035,0.035,0.035,0.035,200,lists/bcms_setimes/list.bcms_setimes.attrib=loo_mpd=1_thresh=0.8_docnorm=F_tfidf=T.csv
0.305,0.695,0.0,0.0,0.0,0.0,0.0,200,lists/bcms_setimes/list.bcms_setimes.attrib=ig_mpd=1_thresh=0.6_docnorm=F_tfidf=T.csv
0.705,0.28,0.0,0.0,0.0,0.0,0.0,200,lists/bcms_setimes/list.bcms_setimes.attrib=ig_mpd=3_thresh=0.8_docnorm=T_tfidf=F.csv
0.51,0.475,0.0,0.005,0.005,0.005,0.005,200,lists/bcms_setimes/list.bcms_setimes.attrib=ig_mpd=7_thresh=1.0_docnorm=T_tfidf=T.csv
0.495,0.455,0.0,0.0,0.0,0.0,0.005,200,lists/bcms_setimes/list.bcms_setimes.attrib=lime_mpd=18_thresh=0.6_docnorm=T_tfidf=F.csv
0.18,0.82,0.0,0.0,0.0,0.0,0.0,200,lists/bcms_setimes/list.bcms_setimes.attrib=ig_mpd=8_thresh=0.6_docnorm=F_tfidf=T.csv
0.19,0.8,0.0,0.01,0.01,0.01,0.01,200,lists/bcms_setimes/list.bcms_setimes.attrib=shap_mpd=8_thresh=0.3_docnorm=F_tfidf=T.csv
0.49,0.4,0.0,0.09,0.09,0.09,0.09,200,lists/bcms_setimes/list.bcms_setimes.attrib=shap_mpd=17_thresh=0.8_docnorm=T_tfidf=F.csv
0.185,0.815,0.0,0.0,0.0,0.0,0.0,200,lists/bcms_setimes/list.bcms_setimes.attrib=lime_mpd=19_thresh=0.6_docnorm=F_tfidf=T.csv
0.455,0.41,0.0,0.0,0.0,0.0,0.075,200,lists/bcms_setimes/list.bcms_setimes.attrib=lime_mpd=13_thresh=0.4_docnorm=T_tfidf=T.csv
0.355,0.385,0.0,0.14,0.26,0.42,0.555,200,lists/bcms_setimes/list.bcms_setimes.attrib=ig_mpd=6_thresh=0.2_docnorm=T_tfidf=T.csv
0.185,0.815,0.0,0.0,0.0,0.0,0.0,200,lists/bcms_setimes/list.bcms_setimes.attrib=lime_mpd=5_thresh=0.4_docnorm=F_tfidf=T.csv
0.175,0.825,0.0,0.0,0.0,0.0,0.0,200,lists/bcms_setimes/list.bcms_setimes.attrib=shap_mpd=14_thresh=0.4_docnorm=F_tfidf=F.csv
0.175,0.815,0.0,0.01,0.01,0.01,0.01,200,lists/bcms_setimes/list.bcms_setimes.attrib=loo_mpd=2_thresh=1.0_docnorm=F_tfidf=F.csv
0.18,0.82,0.0,0.0,0.0,0.0,0.0,200,lists/bcms_setimes/list.bcms_setimes.attrib=lime_mpd=6_thresh=0.6_docnorm=F_tfidf=F.csv
0.455,0.475,0.0,0.0,0.0,0.0,0.0,200,lists/bcms_setimes/list.bcms_setimes.attrib=lime_mpd=12_thresh=0.7_docnorm=T_tfidf=T.csv
0.175,0.825,0.0,0.0,0.0,0.0,0.0,200,lists/bcms_setimes/list.bcms_setimes.attrib=shap_mpd=8_thresh=0.5_docnorm=F_tfidf=F.csv
0.19,0.8,0.0,0.01,0.01,0.01,0.01,200,lists/bcms_setimes/list.bcms_setimes.attrib=shap_mpd=5_thresh=0.4_docnorm=F_tfidf=T.csv
0.145,0.845,0.0,0.01,0.01,0.01,0.01,200,lists/bcms_setimes/list.bcms_setimes.attrib=loo_mpd=9_thresh=1.0_docnorm=F_tfidf=F.csv
0.22,0.77,0.0,0.0,0.0,0.0,0.0,200,lists/bcms_setimes/list.bcms_setimes.attrib=ig_mpd=19_thresh=1.0_docnorm=F_tfidf=T.csv
0.18,0.82,0.0,0.0,0.0,0.0,0.0,200,lists/bcms_setimes/list.bcms_setimes.attrib=lime_mpd=13_thresh=0.3_docnorm=F_tfidf=F.csv
0.21,0.785,0.0,0.005,0.005,0.005,0.005,200,lists/bcms_setimes/list.bcms_setimes.attrib=shap_mpd=2_thresh=1.0_docnorm=F_tfidf=F.csv
0.47,0.39,0.0,0.0,0.01,0.17,0.35,200,lists/bcms_setimes/list.bcms_setimes.attrib=lime_mpd=16_thresh=0.3_docnorm=T_tfidf=T.csv
0.18,0.82,0.0,0.0,0.0,0.0,0.0,200,lists/bcms_setimes/list.bcms_setimes.attrib=lime_mpd=7_thresh=0.8_docnorm=F_tfidf=F.csv
0.205,0.785,0.0,0.01,0.01,0.01,0.01,200,lists/bcms_setimes/list.bcms_setimes.attrib=shap_mpd=3_thresh=0.8_docnorm=F_tfidf=T.csv
0.18,0.82,0.0,0.0,0.0,0.0,0.0,200,lists/bcms_setimes/list.bcms_setimes.attrib=ig_mpd=7_thresh=0.3_docnorm=F_tfidf=T.csv
0.18,0.82,0.0,0.0,0.0,0.0,0.0,200,lists/bcms_setimes/list.bcms_setimes.attrib=shap_mpd=6_thresh=0.1_docnorm=F_tfidf=F.csv
0.475,0.32,0.0,0.08,0.08,0.145,0.27,200,lists/bcms_setimes/list.bcms_setimes.attrib=ig_mpd=10_thresh=0.3_docnorm=T_tfidf=T.csv
0.33,0.12,0.52,0.975,0.99,1.0,1.0,200,lists/bcms_setimes/list.bcms_setimes.attrib=shap_mpd=20_thresh=0.1_docnorm=T_tfidf=F.csv
0.305,0.58,0.0,0.095,0.095,0.095,0.095,200,lists/bcms_setimes/list.bcms_setimes.attrib=loo_mpd=7_thresh=0.8_docnorm=T_tfidf=T.csv
0.16,0.8,0.0,0.035,0.035,0.035,0.035,200,lists/bcms_setimes/list.bcms_setimes.attrib=loo_mpd=9_thresh=0.1_docnorm=F_tfidf=T.csv
0.165,0.795,0.0,0.035,0.035,0.035,0.035,200,lists/bcms_setimes/list.bcms_setimes.attrib=loo_mpd=10_thresh=0.3_docnorm=F_tfidf=T.csv
0.455,0.475,0.0,0.0,0.0,0.0,0.0,200,lists/bcms_setimes/list.bcms_setimes.attrib=lime_mpd=14_thresh=0.7_docnorm=T_tfidf=T.csv
0.18,0.82,0.0,0.0,0.0,0.0,0.0,200,lists/bcms_setimes/list.bcms_setimes.attrib=shap_mpd=6_thresh=0.5_docnorm=F_tfidf=F.csv
0.375,0.48,0.0,0.11,0.11,0.11,0.11,200,lists/bcms_setimes/list.bcms_setimes.attrib=loo_mpd=17_thresh=0.7_docnorm=T_tfidf=F.csv
0.225,0.355,0.34,0.75,0.8,0.88,0.905,200,lists/bcms_setimes/list.bcms_setimes.attrib=ig_mpd=8_thresh=0.1_docnorm=T_tfidf=T.csv
0.24,0.26,0.33,0.84,0.9,0.95,0.975,200,lists/bcms_setimes/list.bcms_setimes.attrib=loo_mpd=10_thresh=0.1_docnorm=T_tfidf=T.csv
0.39,0.49,0.0,0.08,0.08,0.08,0.08,200,lists/bcms_setimes/list.bcms_setimes.attrib=loo_mpd=20_thresh=0.9_docnorm=T_tfidf=F.csv
0.44,0.41,0.0,0.0,0.01,0.16,0.33,200,lists/bcms_setimes/list.bcms_setimes.attrib=lime_mpd=9_thresh=0.3_docnorm=T_tfidf=T.csv
0.175,0.8,0.0,0.01,0.01,0.01,0.01,200,lists/bcms_setimes/list.bcms_setimes.attrib=ig_mpd=15_thresh=0.5_docnorm=F_tfidf=F.csv
0.185,0.815,0.0,0.0,0.0,0.0,0.0,200,lists/bcms_setimes/list.bcms_setimes.attrib=lime_mpd=18_thresh=0.7_docnorm=F_tfidf=F.csv
0.2,0.785,0.0,0.0,0.0,0.0,0.0,200,lists/bcms_setimes/list.bcms_setimes.attrib=ig_mpd=2_thresh=0.2_docnorm=F_tfidf=F.csv
0.47,0.4,0.0,0.0,0.0,0.0,0.07,200,lists/bcms_setimes/list.bcms_setimes.attrib=lime_mpd=16_thresh=0.4_docnorm=T_tfidf=T.csv
0.175,0.825,0.0,0.0,0.0,0.0,0.0,200,lists/bcms_setimes/list.bcms_setimes.attrib=shap_mpd=8_thresh=0.2_docnorm=F_tfidf=F.csv
0.695,0.225,0.0,0.03,0.03,0.065,0.15,200,lists/bcms_setimes/list.bcms_setimes.attrib=ig_mpd=9_thresh=0.3_docnorm=T_tfidf=F.csv
0.16,0.805,0.0,0.035,0.035,0.035,0.035,200,lists/bcms_setimes/list.bcms_setimes.attrib=loo_mpd=16_thresh=0.2_docnorm=F_tfidf=T.csv
0.47,0.39,0.0,0.0,0.015,0.175,0.355,200,lists/bcms_setimes/list.bcms_setimes.attrib=lime_mpd=20_thresh=0.3_docnorm=T_tfidf=T.csv
0.355,0.64,0.0,0.0,0.0,0.0,0.0,200,lists/bcms_setimes/list.bcms_setimes.attrib=ig_mpd=2_thresh=1.0_docnorm=T_tfidf=T.csv
0.485,0.415,0.0,0.065,0.065,0.065,0.065,200,lists/bcms_setimes/list.bcms_setimes.attrib=shap_mpd=12_thresh=0.9_docnorm=T_tfidf=F.csv
0.38,0.555,0.0,0.045,0.045,0.045,0.045,200,lists/bcms_setimes/list.bcms_setimes.attrib=loo_mpd=17_thresh=1.0_docnorm=T_tfidf=F.csv
0.205,0.785,0.0,0.01,0.01,0.01,0.01,200,lists/bcms_setimes/list.bcms_setimes.attrib=shap_mpd=3_thresh=0.6_docnorm=F_tfidf=T.csv
0.68,0.235,0.0,0.035,0.035,0.045,0.105,200,lists/bcms_setimes/list.bcms_setimes.attrib=ig_mpd=3_thresh=0.3_docnorm=T_tfidf=F.csv
0.19,0.81,0.0,0.0,0.0,0.0,0.0,200,lists/bcms_setimes/list.bcms_setimes.attrib=ig_mpd=5_thresh=0.4_docnorm=F_tfidf=T.csv
0.51,0.4,0.0,0.0,0.025,0.23,0.43,200,lists/bcms_setimes/list.bcms_setimes.attrib=lime_mpd=19_thresh=0.3_docnorm=T_tfidf=F.csv
0.41,0.44,0.0,0.12,0.12,0.12,0.12,200,lists/bcms_setimes/list.bcms_setimes.attrib=shap_mpd=17_thresh=0.9_docnorm=T_tfidf=T.csv
0.325,0.405,0.0,0.135,0.135,0.25,0.36,200,lists/bcms_setimes/list.bcms_setimes.attrib=loo_mpd=19_thresh=0.3_docnorm=T_tfidf=T.csv
0.195,0.795,0.0,0.01,0.01,0.01,0.01,200,lists/bcms_setimes/list.bcms_setimes.attrib=shap_mpd=12_thresh=0.8_docnorm=F_tfidf=T.csv
0.16,0.805,0.0,0.035,0.035,0.035,0.035,200,lists/bcms_setimes/list.bcms_setimes.attrib=loo_mpd=16_thresh=0.5_docnorm=F_tfidf=T.csv
0.495,0.29,0.0,0.09,0.09,0.21,0.37,200,lists/bcms_setimes/list.bcms_setimes.attrib=ig_mpd=16_thresh=0.3_docnorm=T_tfidf=T.csv
0.695,0.285,0.0,0.0,0.0,0.0,0.0,200,lists/bcms_setimes/list.bcms_setimes.attrib=ig_mpd=8_thresh=0.9_docnorm=T_tfidf=F.csv
0.34,0.21,0.35,0.74,0.8,0.9,0.93,200,lists/bcms_setimes/list.bcms_setimes.attrib=ig_mpd=10_thresh=0.1_docnorm=T_tfidf=F.csv
0.295,0.585,0.0,0.095,0.095,0.095,0.095,200,lists/bcms_setimes/list.bcms_setimes.attrib=loo_mpd=4_thresh=0.7_docnorm=T_tfidf=T.csv
0.74,0.21,0.0,0.01,0.01,0.01,0.01,200,lists/bcms_setimes/list.bcms_setimes.attrib=ig_mpd=17_thresh=0.7_docnorm=T_tfidf=F.csv
0.44,0.47,0.0,0.005,0.005,0.005,0.025,200,lists/bcms_setimes/list.bcms_setimes.attrib=lime_mpd=4_thresh=0.4_docnorm=T_tfidf=F.csv
0.215,0.775,0.0,0.0,0.0,0.0,0.0,200,lists/bcms_setimes/list.bcms_setimes.attrib=ig_mpd=17_thresh=0.6_docnorm=F_tfidf=T.csv
0.52,0.195,0.765,0.93,0.975,0.99,0.995,200,lists/bcms_setimes/list.bcms_setimes.attrib=lime_mpd=9_thresh=0.1_docnorm=T_tfidf=F.csv
0.145,0.845,0.0,0.01,0.01,0.01,0.01,200,lists/bcms_setimes/list.bcms_setimes.attrib=loo_mpd=11_thresh=0.7_docnorm=F_tfidf=F.csv
0.195,0.795,0.0,0.01,0.01,0.01,0.01,200,lists/bcms_setimes/list.bcms_setimes.attrib=shap_mpd=4_thresh=0.1_docnorm=F_tfidf=T.csv
0.19,0.8,0.0,0.01,0.01,0.01,0.01,200,lists/bcms_setimes/list.bcms_setimes.attrib=loo_mpd=1_thresh=0.8_docnorm=F_tfidf=F.csv
0.245,0.755,0.0,0.0,0.0,0.0,0.0,200,lists/bcms_setimes/list.bcms_setimes.attrib=ig_mpd=2_thresh=0.5_docnorm=F_tfidf=T.csv
0.165,0.815,0.0,0.005,0.005,0.005,0.005,200,lists/bcms_setimes/list.bcms_setimes.attrib=ig_mpd=9_thresh=0.7_docnorm=F_tfidf=F.csv
0.395,0.29,0.0,0.215,0.44,0.675,0.795,200,lists/bcms_setimes/list.bcms_setimes.attrib=loo_mpd=18_thresh=0.2_docnorm=T_tfidf=F.csv
0.625,0.275,0.0,0.075,0.235,0.38,0.485,200,lists/bcms_setimes/list.bcms_setimes.attrib=ig_mpd=17_thresh=0.2_docnorm=T_tfidf=F.csv
0.43,0.475,0.0,0.075,0.075,0.075,0.075,200,lists/bcms_setimes/list.bcms_setimes.attrib=shap_mpd=17_thresh=1.0_docnorm=T_tfidf=T.csv
0.37,0.35,0.0,0.175,0.175,0.175,0.245,200,lists/bcms_setimes/list.bcms_setimes.attrib=shap_mpd=19_thresh=0.4_docnorm=T_tfidf=T.csv
0.49,0.315,0.0,0.075,0.075,0.105,0.185,200,lists/bcms_setimes/list.bcms_setimes.attrib=ig_mpd=6_thresh=0.3_docnorm=T_tfidf=T.csv
0.165,0.81,0.0,0.01,0.01,0.01,0.01,200,lists/bcms_setimes/list.bcms_setimes.attrib=ig_mpd=11_thresh=1.0_docnorm=F_tfidf=F.csv
0.365,0.36,0.0,0.16,0.16,0.305,0.44,200,lists/bcms_setimes/list.bcms_setimes.attrib=shap_mpd=10_thresh=0.3_docnorm=T_tfidf=T.csv
0.44,0.51,0.0,0.03,0.03,0.03,0.03,200,lists/bcms_setimes/list.bcms_setimes.attrib=shap_mpd=4_thresh=1.0_docnorm=T_tfidf=T.csv
0.195,0.795,0.0,0.01,0.01,0.01,0.01,200,lists/bcms_setimes/list.bcms_setimes.attrib=shap_mpd=17_thresh=0.6_docnorm=F_tfidf=T.csv
0.55,0.405,0.0,0.0,0.0,0.0,0.0,200,lists/bcms_setimes/list.bcms_setimes.attrib=lime_mpd=16_thresh=0.5_docnorm=T_tfidf=F.csv
0.26,0.615,0.0,0.1,0.1,0.1,0.1,200,lists/bcms_setimes/list.bcms_setimes.attrib=loo_mpd=2_thresh=0.6_docnorm=T_tfidf=T.csv
0.435,0.555,0.0,0.0,0.0,0.0,0.0,200,lists/bcms_setimes/list.bcms_setimes.attrib=lime_mpd=7_thresh=0.9_docnorm=T_tfidf=T.csv
0.22,0.77,0.0,0.0,0.0,0.0,0.0,200,lists/bcms_setimes/list.bcms_setimes.attrib=ig_mpd=18_thresh=0.6_docnorm=F_tfidf=T.csv
0.24,0.745,0.0,0.015,0.015,0.015,0.015,200,lists/bcms_setimes/list.bcms_setimes.attrib=shap_mpd=1_thresh=0.2_docnorm=F_tfidf=T.csv
0.41,0.275,0.165,0.53,0.64,0.75,0.825,200,lists/bcms_setimes/list.bcms_setimes.attrib=ig_mpd=4_thresh=0.1_docnorm=T_tfidf=F.csv
0.65,0.275,0.0,0.035,0.035,0.035,0.035,200,lists/bcms_setimes/list.bcms_setimes.attrib=ig_mpd=6_thresh=0.6_docnorm=T_tfidf=T.csv
0.18,0.79,0.0,0.01,0.01,0.01,0.01,200,lists/bcms_setimes/list.bcms_setimes.attrib=ig_mpd=19_thresh=0.9_docnorm=F_tfidf=F.csv
0.19,0.8,0.0,0.01,0.01,0.01,0.01,200,lists/bcms_setimes/list.bcms_setimes.attrib=shap_mpd=11_thresh=0.2_docnorm=F_tfidf=T.csv
0.18,0.79,0.0,0.01,0.01,0.01,0.01,200,lists/bcms_setimes/list.bcms_setimes.attrib=ig_mpd=19_thresh=0.1_docnorm=F_tfidf=F.csv
0.515,0.48,0.0,0.0,0.0,0.0,0.0,200,lists/bcms_setimes/list.bcms_setimes.attrib=ig_mpd=5_thresh=1.0_docnorm=T_tfidf=F.csv
0.45,0.325,0.0,0.16,0.16,0.16,0.235,200,lists/bcms_setimes/list.bcms_setimes.attrib=shap_mpd=14_thresh=0.4_docnorm=T_tfidf=F.csv
0.485,0.405,0.0,0.09,0.09,0.09,0.09,200,lists/bcms_setimes/list.bcms_setimes.attrib=shap_mpd=20_thresh=0.8_docnorm=T_tfidf=F.csv
0.68,0.3,0.0,0.0,0.0,0.0,0.0,200,lists/bcms_setimes/list.bcms_setimes.attrib=ig_mpd=5_thresh=0.9_docnorm=T_tfidf=F.csv
0.485,0.405,0.0,0.09,0.09,0.09,0.09,200,lists/bcms_setimes/list.bcms_setimes.attrib=shap_mpd=19_thresh=0.8_docnorm=T_tfidf=F.csv
0.45,0.4,0.0,0.0,0.01,0.16,0.33,200,lists/bcms_setimes/list.bcms_setimes.attrib=lime_mpd=10_thresh=0.3_docnorm=T_tfidf=T.csv
0.405,0.46,0.0,0.115,0.115,0.115,0.115,200,lists/bcms_setimes/list.bcms_setimes.attrib=shap_mpd=6_thresh=0.9_docnorm=T_tfidf=T.csv
0.175,0.8,0.0,0.01,0.01,0.01,0.01,200,lists/bcms_setimes/list.bcms_setimes.attrib=ig_mpd=15_thresh=1.0_docnorm=F_tfidf=F.csv
0.185,0.815,0.0,0.0,0.0,0.0,0.0,200,lists/bcms_setimes/list.bcms_setimes.attrib=shap_mpd=5_thresh=0.6_docnorm=F_tfidf=F.csv
0.165,0.82,0.0,0.0,0.0,0.0,0.0,200,lists/bcms_setimes/list.bcms_setimes.attrib=ig_mpd=8_thresh=0.6_docnorm=F_tfidf=F.csv
0.175,0.8,0.0,0.01,0.01,0.01,0.01,200,lists/bcms_setimes/list.bcms_setimes.attrib=ig_mpd=12_thresh=0.6_docnorm=F_tfidf=F.csv
0.735,0.215,0.0,0.01,0.01,0.01,0.01,200,lists/bcms_setimes/list.bcms_setimes.attrib=ig_mpd=18_thresh=0.6_docnorm=T_tfidf=F.csv
0.61,0.35,0.0,0.015,0.015,0.015,0.015,200,lists/bcms_setimes/list.bcms_setimes.attrib=ig_mpd=19_thresh=1.0_docnorm=T_tfidf=T.csv
0.28,0.17,0.525,0.98,0.985,0.99,1.0,200,lists/bcms_setimes/list.bcms_setimes.attrib=loo_mpd=20_thresh=0.1_docnorm=T_tfidf=F.csv
0.22,0.77,0.0,0.0,0.0,0.0,0.0,200,lists/bcms_setimes/list.bcms_setimes.attrib=ig_mpd=20_thresh=0.4_docnorm=F_tfidf=T.csv
0.2,0.795,0.0,0.005,0.005,0.005,0.005,200,lists/bcms_setimes/list.bcms_setimes.attrib=shap_mpd=3_thresh=0.8_docnorm=F_tfidf=F.csv
0.365,0.635,0.0,0.0,0.0,0.0,0.0,200,lists/bcms_setimes/list.bcms_setimes.attrib=ig_mpd=2_thresh=1.0_docnorm=T_tfidf=F.csv
0.45,0.4,0.0,0.105,0.105,0.105,0.105,200,lists/bcms_setimes/list.bcms_setimes.attrib=shap_mpd=4_thresh=0.5_docnorm=T_tfidf=F.csv
0.415,0.555,0.0,0.0,0.0,0.0,0.0,200,lists/bcms_setimes/list.bcms_setimes.attrib=lime_mpd=10_thresh=0.8_docnorm=T_tfidf=T.csv
0.145,0.845,0.0,0.01,0.01,0.01,0.01,200,lists/bcms_setimes/list.bcms_setimes.attrib=loo_mpd=15_thresh=0.7_docnorm=F_tfidf=F.csv
0.145,0.845,0.0,0.01,0.01,0.01,0.01,200,lists/bcms_setimes/list.bcms_setimes.attrib=loo_mpd=19_thresh=0.8_docnorm=F_tfidf=F.csv
0.19,0.81,0.0,0.0,0.0,0.0,0.0,200,lists/bcms_setimes/list.bcms_setimes.attrib=lime_mpd=3_thresh=0.7_docnorm=F_tfidf=T.csv
0.185,0.815,0.0,0.0,0.0,0.0,0.0,200,lists/bcms_setimes/list.bcms_setimes.attrib=lime_mpd=4_thresh=0.4_docnorm=F_tfidf=T.csv
0.18,0.82,0.0,0.0,0.0,0.0,0.0,200,lists/bcms_setimes/list.bcms_setimes.attrib=shap_mpd=17_thresh=0.1_docnorm=F_tfidf=F.csv
0.435,0.47,0.0,0.075,0.075,0.075,0.075,200,lists/bcms_setimes/list.bcms_setimes.attrib=shap_mpd=19_thresh=1.0_docnorm=T_tfidf=T.csv
0.385,0.345,0.0,0.24,0.405,0.575,0.695,200,lists/bcms_setimes/list.bcms_setimes.attrib=ig_mpd=18_thresh=0.2_docnorm=T_tfidf=T.csv
0.145,0.845,0.0,0.01,0.01,0.01,0.01,200,lists/bcms_setimes/list.bcms_setimes.attrib=loo_mpd=5_thresh=0.3_docnorm=F_tfidf=F.csv
0.17,0.83,0.0,0.0,0.0,0.0,0.0,200,lists/bcms_setimes/list.bcms_setimes.attrib=shap_mpd=10_thresh=0.5_docnorm=F_tfidf=F.csv
0.425,0.515,0.0,0.0,0.0,0.0,0.005,200,lists/bcms_setimes/list.bcms_setimes.attrib=lime_mpd=5_thresh=0.6_docnorm=T_tfidf=T.csv
0.18,0.82,0.0,0.0,0.0,0.0,0.0,200,lists/bcms_setimes/list.bcms_setimes.attrib=lime_mpd=13_thresh=0.9_docnorm=F_tfidf=T.csv
0.745,0.225,0.0,0.0,0.0,0.0,0.0,200,lists/bcms_setimes/list.bcms_setimes.attrib=ig_mpd=8_thresh=0.8_docnorm=T_tfidf=F.csv
0.625,0.295,0.0,0.045,0.045,0.045,0.045,200,lists/bcms_setimes/list.bcms_setimes.attrib=ig_mpd=9_thresh=0.6_docnorm=T_tfidf=T.csv
0.46,0.43,0.0,0.085,0.085,0.085,0.085,200,lists/bcms_setimes/list.bcms_setimes.attrib=shap_mpd=5_thresh=0.7_docnorm=T_tfidf=F.csv
0.165,0.795,0.0,0.035,0.035,0.035,0.035,200,lists/bcms_setimes/list.bcms_setimes.attrib=loo_mpd=11_thresh=0.5_docnorm=F_tfidf=T.csv
0.18,0.82,0.0,0.0,0.0,0.0,0.0,200,lists/bcms_setimes/list.bcms_setimes.attrib=lime_mpd=10_thresh=0.5_docnorm=F_tfidf=F.csv
0.43,0.31,0.535,0.785,0.86,0.915,0.95,200,lists/bcms_setimes/list.bcms_setimes.attrib=lime_mpd=7_thresh=0.1_docnorm=T_tfidf=T.csv
0.355,0.49,0.0,0.085,0.085,0.085,0.085,200,lists/bcms_setimes/list.bcms_setimes.attrib=loo_mpd=7_thresh=0.5_docnorm=T_tfidf=F.csv
0.195,0.8,0.0,0.0,0.0,0.0,0.0,200,lists/bcms_setimes/list.bcms_setimes.attrib=ig_mpd=11_thresh=0.2_docnorm=F_tfidf=T.csv
0.415,0.435,0.0,0.12,0.12,0.12,0.12,200,lists/bcms_setimes/list.bcms_setimes.attrib=shap_mpd=18_thresh=0.9_docnorm=T_tfidf=T.csv
0.285,0.52,0.0,0.135,0.135,0.135,0.135,200,lists/bcms_setimes/list.bcms_setimes.attrib=loo_mpd=7_thresh=0.6_docnorm=T_tfidf=T.csv
0.52,0.475,0.0,0.0,0.0,0.0,0.0,200,lists/bcms_setimes/list.bcms_setimes.attrib=ig_mpd=6_thresh=1.0_docnorm=T_tfidf=T.csv
0.41,0.39,0.0,0.14,0.33,0.51,0.62,200,lists/bcms_setimes/list.bcms_setimes.attrib=lime_mpd=8_thresh=0.2_docnorm=T_tfidf=T.csv
0.45,0.505,0.0,0.035,0.035,0.035,0.035,200,lists/bcms_setimes/list.bcms_setimes.attrib=shap_mpd=10_thresh=1.0_docnorm=T_tfidf=F.csv
0.16,0.8,0.0,0.035,0.035,0.035,0.035,200,lists/bcms_setimes/list.bcms_setimes.attrib=loo_mpd=7_thresh=0.8_docnorm=F_tfidf=T.csv
0.445,0.53,0.0,0.0,0.0,0.0,0.0,200,lists/bcms_setimes/list.bcms_setimes.attrib=lime_mpd=12_thresh=1.0_docnorm=T_tfidf=T.csv
0.345,0.625,0.0,0.02,0.02,0.02,0.02,200,lists/bcms_setimes/list.bcms_setimes.attrib=shap_mpd=2_thresh=1.0_docnorm=T_tfidf=T.csv
0.18,0.82,0.0,0.0,0.0,0.0,0.0,200,lists/bcms_setimes/list.bcms_setimes.attrib=lime_mpd=6_thresh=0.3_docnorm=F_tfidf=F.csv
0.3,0.455,0.0,0.12,0.12,0.12,0.125,200,lists/bcms_setimes/list.bcms_setimes.attrib=loo_mpd=18_thresh=0.4_docnorm=T_tfidf=T.csv
0.185,0.815,0.0,0.0,0.0,0.0,0.0,200,lists/bcms_setimes/list.bcms_setimes.attrib=lime_mpd=19_thresh=0.7_docnorm=F_tfidf=T.csv
0.205,0.785,0.0,0.01,0.01,0.01,0.01,200,lists/bcms_setimes/list.bcms_setimes.attrib=shap_mpd=3_thresh=0.9_docnorm=F_tfidf=T.csv
0.43,0.345,0.0,0.12,0.12,0.285,0.465,200,lists/bcms_setimes/list.bcms_setimes.attrib=loo_mpd=19_thresh=0.3_docnorm=T_tfidf=F.csv
0.17,0.815,0.0,0.0,0.0,0.0,0.0,200,lists/bcms_setimes/list.bcms_setimes.attrib=ig_mpd=6_thresh=0.3_docnorm=F_tfidf=F.csv
0.185,0.815,0.0,0.0,0.0,0.0,0.0,200,lists/bcms_setimes/list.bcms_setimes.attrib=lime_mpd=19_thresh=0.6_docnorm=F_tfidf=F.csv
0.2,0.8,0.0,0.0,0.0,0.0,0.0,200,lists/bcms_setimes/list.bcms_setimes.attrib=ig_mpd=4_thresh=0.3_docnorm=F_tfidf=T.csv
0.315,0.58,0.0,0.085,0.085,0.085,0.085,200,lists/bcms_setimes/list.bcms_setimes.attrib=loo_mpd=6_thresh=0.9_docnorm=T_tfidf=T.csv
0.145,0.845,0.0,0.01,0.01,0.01,0.01,200,lists/bcms_setimes/list.bcms_setimes.attrib=loo_mpd=15_thresh=0.6_docnorm=F_tfidf=F.csv
0.295,0.59,0.0,0.1,0.1,0.1,0.1,200,lists/bcms_setimes/list.bcms_setimes.attrib=loo_mpd=5_thresh=0.7_docnorm=T_tfidf=T.csv
0.46,0.32,0.0,0.08,0.08,0.135,0.255,200,lists/bcms_setimes/list.bcms_setimes.attrib=ig_mpd=9_thresh=0.3_docnorm=T_tfidf=T.csv
0.48,0.415,0.0,0.075,0.075,0.075,0.075,200,lists/bcms_setimes/list.bcms_setimes.attrib=shap_mpd=16_thresh=0.9_docnorm=T_tfidf=F.csv
0.31,0.43,0.0,0.13,0.13,0.195,0.275,200,lists/bcms_setimes/list.bcms_setimes.attrib=loo_mpd=14_thresh=0.3_docnorm=T_tfidf=T.csv
0.175,0.825,0.0,0.0,0.0,0.0,0.0,200,lists/bcms_setimes/list.bcms_setimes.attrib=lime_mpd=11_thresh=0.5_docnorm=F_tfidf=F.csv
0.37,0.52,0.0,0.075,0.075,0.075,0.075,200,lists/bcms_setimes/list.bcms_setimes.attrib=loo_mpd=10_thresh=0.8_docnorm=T_tfidf=F.csv
0.19,0.81,0.0,0.0,0.0,0.0,0.0,200,lists/bcms_setimes/list.bcms_setimes.attrib=lime_mpd=3_thresh=0.4_docnorm=F_tfidf=T.csv
0.18,0.82,0.0,0.0,0.0,0.0,0.0,200,lists/bcms_setimes/list.bcms_setimes.attrib=shap_mpd=6_thresh=0.6_docnorm=F_tfidf=F.csv
0.31,0.615,0.0,0.065,0.065,0.065,0.065,200,lists/bcms_setimes/list.bcms_setimes.attrib=loo_mpd=3_thresh=0.9_docnorm=T_tfidf=T.csv
0.475,0.4,0.0,0.1,0.1,0.1,0.1,200,lists/bcms_setimes/list.bcms_setimes.attrib=shap_mpd=8_thresh=0.7_docnorm=T_tfidf=F.csv
0.315,0.42,0.0,0.135,0.135,0.245,0.345,200,lists/bcms_setimes/list.bcms_setimes.attrib=loo_mpd=18_thresh=0.3_docnorm=T_tfidf=T.csv
0.45,0.535,0.0,0.0,0.0,0.0,0.0,200,lists/bcms_setimes/list.bcms_setimes.attrib=lime_mpd=14_thresh=0.9_docnorm=T_tfidf=T.csv
0.22,0.775,0.0,0.005,0.005,0.005,0.005,200,lists/bcms_setimes/list.bcms_setimes.attrib=shap_mpd=1_thresh=0.3_docnorm=F_tfidf=F.csv
0.145,0.845,0.0,0.01,0.01,0.01,0.01,200,lists/bcms_setimes/list.bcms_setimes.attrib=loo_mpd=14_thresh=0.5_docnorm=F_tfidf=F.csv
0.205,0.785,0.0,0.01,0.01,0.01,0.01,200,lists/bcms_setimes/list.bcms_setimes.attrib=shap_mpd=3_thresh=0.2_docnorm=F_tfidf=T.csv
0.19,0.8,0.0,0.01,0.01,0.01,0.01,200,lists/bcms_setimes/list.bcms_setimes.attrib=shap_mpd=5_thresh=0.7_docnorm=F_tfidf=T.csv
0.46,0.475,0.0,0.05,0.05,0.05,0.05,200,lists/bcms_setimes/list.bcms_setimes.attrib=shap_mpd=16_thresh=1.0_docnorm=T_tfidf=F.csv
0.18,0.82,0.0,0.0,0.0,0.0,0.0,200,lists/bcms_setimes/list.bcms_setimes.attrib=shap_mpd=20_thresh=0.5_docnorm=F_tfidf=F.csv
0.34,0.215,0.37,0.755,0.8,0.885,0.92,200,lists/bcms_setimes/list.bcms_setimes.attrib=ig_mpd=12_thresh=0.1_docnorm=T_tfidf=F.csv
0.18,0.82,0.0,0.0,0.0,0.0,0.0,200,lists/bcms_setimes/list.bcms_setimes.attrib=lime_mpd=4_thresh=0.1_docnorm=F_tfidf=F.csv
0.6,0.27,0.0,0.07,0.07,0.07,0.07,200,lists/bcms_setimes/list.bcms_setimes.attrib=ig_mpd=12_thresh=0.5_docnorm=T_tfidf=T.csv
0.22,0.77,0.0,0.0,0.0,0.0,0.0,200,lists/bcms_setimes/list.bcms_setimes.attrib=ig_mpd=20_thresh=0.8_docnorm=F_tfidf=T.csv
0.595,0.31,0.0,0.06,0.06,0.06,0.06,200,lists/bcms_setimes/list.bcms_setimes.attrib=ig_mpd=4_thresh=0.6_docnorm=T_tfidf=T.csv
0.205,0.785,0.0,0.01,0.01,0.01,0.01,200,lists/bcms_setimes/list.bcms_setimes.attrib=shap_mpd=3_thresh=0.4_docnorm=F_tfidf=T.csv
0.185,0.815,0.0,0.0,0.0,0.0,0.0,200,lists/bcms_setimes/list.bcms_setimes.attrib=lime_mpd=18_thresh=0.5_docnorm=F_tfidf=T.csv
0.435,0.375,0.0,0.14,0.14,0.14,0.2,200,lists/bcms_setimes/list.bcms_setimes.attrib=shap_mpd=9_thresh=0.4_docnorm=T_tfidf=F.csv
0.18,0.82,0.0,0.0,0.0,0.0,0.0,200,lists/bcms_setimes/list.bcms_setimes.attrib=shap_mpd=18_thresh=0.6_docnorm=F_tfidf=F.csv
0.17,0.83,0.0,0.0,0.0,0.0,0.0,200,lists/bcms_setimes/list.bcms_setimes.attrib=shap_mpd=11_thresh=1.0_docnorm=F_tfidf=F.csv
0.205,0.75,0.0,0.04,0.04,0.04,0.04,200,lists/bcms_setimes/list.bcms_setimes.attrib=loo_mpd=1_thresh=0.2_docnorm=F_tfidf=T.csv
0.315,0.38,0.0,0.16,0.28,0.425,0.535,200,lists/bcms_setimes/list.bcms_setimes.attrib=loo_mpd=9_thresh=0.2_docnorm=T_tfidf=T.csv
0.375,0.335,0.0,0.165,0.17,0.325,0.47,200,lists/bcms_setimes/list.bcms_setimes.attrib=shap_mpd=13_thresh=0.3_docnorm=T_tfidf=T.csv
0.175,0.8,0.0,0.01,0.01,0.01,0.01,200,lists/bcms_setimes/list.bcms_setimes.attrib=ig_mpd=13_thresh=0.5_docnorm=F_tfidf=F.csv
0.365,0.48,0.0,0.075,0.075,0.075,0.075,200,lists/bcms_setimes/list.bcms_setimes.attrib=loo_mpd=10_thresh=0.5_docnorm=T_tfidf=F.csv
0.18,0.82,0.0,0.0,0.0,0.0,0.0,200,lists/bcms_setimes/list.bcms_setimes.attrib=lime_mpd=9_thresh=0.5_docnorm=F_tfidf=F.csv
0.71,0.225,0.0,0.02,0.02,0.02,0.025,200,lists/bcms_setimes/list.bcms_setimes.attrib=ig_mpd=9_thresh=0.4_docnorm=T_tfidf=F.csv
0.195,0.795,0.0,0.01,0.01,0.01,0.01,200,lists/bcms_setimes/list.bcms_setimes.attrib=shap_mpd=4_thresh=1.0_docnorm=F_tfidf=T.csv
0.16,0.8,0.0,0.035,0.035,0.035,0.035,200,lists/bcms_setimes/list.bcms_setimes.attrib=loo_mpd=6_thresh=0.9_docnorm=F_tfidf=T.csv
0.355,0.355,0.0,0.175,0.175,0.175,0.22,200,lists/bcms_setimes/list.bcms_setimes.attrib=shap_mpd=6_thresh=0.4_docnorm=T_tfidf=T.csv
0.185,0.815,0.0,0.0,0.0,0.0,0.0,200,lists/bcms_setimes/list.bcms_setimes.attrib=lime_mpd=19_thresh=0.8_docnorm=F_tfidf=T.csv
0.145,0.845,0.0,0.01,0.01,0.01,0.01,200,lists/bcms_setimes/list.bcms_setimes.attrib=loo_mpd=7_thresh=0.1_docnorm=F_tfidf=F.csv
0.245,0.685,0.0,0.06,0.06,0.06,0.06,200,lists/bcms_setimes/list.bcms_setimes.attrib=loo_mpd=2_thresh=0.7_docnorm=T_tfidf=F.csv
0.145,0.845,0.0,0.01,0.01,0.01,0.01,200,lists/bcms_setimes/list.bcms_setimes.attrib=loo_mpd=19_thresh=0.1_docnorm=F_tfidf=F.csv
0.145,0.845,0.0,0.01,0.01,0.01,0.01,200,lists/bcms_setimes/list.bcms_setimes.attrib=loo_mpd=7_thresh=0.6_docnorm=F_tfidf=F.csv
0.355,0.545,0.0,0.08,0.08,0.08,0.08,200,lists/bcms_setimes/list.bcms_setimes.attrib=loo_mpd=8_thresh=0.9_docnorm=T_tfidf=F.csv
0.18,0.82,0.0,0.0,0.0,0.0,0.0,200,lists/bcms_setimes/list.bcms_setimes.attrib=lime_mpd=13_thresh=0.3_docnorm=F_tfidf=T.csv
0.375,0.43,0.0,0.16,0.16,0.16,0.16,200,lists/bcms_setimes/list.bcms_setimes.attrib=shap_mpd=10_thresh=0.7_docnorm=T_tfidf=T.csv
0.17,0.83,0.0,0.0,0.0,0.0,0.0,200,lists/bcms_setimes/list.bcms_setimes.attrib=shap_mpd=11_thresh=0.5_docnorm=F_tfidf=F.csv
0.19,0.8,0.0,0.01,0.01,0.01,0.01,200,lists/bcms_setimes/list.bcms_setimes.attrib=shap_mpd=6_thresh=0.1_docnorm=F_tfidf=T.csv
0.145,0.845,0.0,0.01,0.01,0.01,0.01,200,lists/bcms_setimes/list.bcms_setimes.attrib=loo_mpd=8_thresh=1.0_docnorm=F_tfidf=F.csv
0.53,0.31,0.0,0.205,0.495,0.7,0.785,200,lists/bcms_setimes/list.bcms_setimes.attrib=lime_mpd=13_thresh=0.2_docnorm=T_tfidf=F.csv
0.19,0.8,0.0,0.01,0.01,0.01,0.01,200,lists/bcms_setimes/list.bcms_setimes.attrib=shap_mpd=10_thresh=0.9_docnorm=F_tfidf=T.csv
0.46,0.525,0.0,0.0,0.0,0.0,0.0,200,lists/bcms_setimes/list.bcms_setimes.attrib=lime_mpd=10_thresh=0.9_docnorm=T_tfidf=F.csv
0.185,0.815,0.0,0.0,0.0,0.0,0.0,200,lists/bcms_setimes/list.bcms_setimes.attrib=lime_mpd=5_thresh=0.5_docnorm=F_tfidf=T.csv
0.165,0.795,0.0,0.035,0.035,0.035,0.035,200,lists/bcms_setimes/list.bcms_setimes.attrib=loo_mpd=10_thresh=0.8_docnorm=F_tfidf=T.csv
0.145,0.845,0.0,0.01,0.01,0.01,0.01,200,lists/bcms_setimes/list.bcms_setimes.attrib=loo_mpd=6_thresh=0.5_docnorm=F_tfidf=F.csv
0.55,0.405,0.0,0.0,0.0,0.0,0.0,200,lists/bcms_setimes/list.bcms_setimes.attrib=lime_mpd=20_thresh=0.5_docnorm=T_tfidf=F.csv
0.185,0.815,0.0,0.0,0.0,0.0,0.0,200,lists/bcms_setimes/list.bcms_setimes.attrib=ig_mpd=10_thresh=0.6_docnorm=F_tfidf=T.csv
0.27,0.655,0.0,0.06,0.06,0.06,0.06,200,lists/bcms_setimes/list.bcms_setimes.attrib=loo_mpd=4_thresh=0.9_docnorm=T_tfidf=F.csv
0.16,0.8,0.0,0.035,0.035,0.035,0.035,200,lists/bcms_setimes/list.bcms_setimes.attrib=loo_mpd=7_thresh=0.6_docnorm=F_tfidf=T.csv
0.22,0.78,0.0,0.0,0.0,0.0,0.0,200,lists/bcms_setimes/list.bcms_setimes.attrib=lime_mpd=1_thresh=0.7_docnorm=F_tfidf=T.csv
0.39,0.49,0.0,0.075,0.075,0.075,0.075,200,lists/bcms_setimes/list.bcms_setimes.attrib=loo_mpd=17_thresh=0.9_docnorm=T_tfidf=F.csv
0.185,0.815,0.0,0.0,0.0,0.0,0.0,200,lists/bcms_setimes/list.bcms_setimes.attrib=ig_mpd=10_thresh=0.7_docnorm=F_tfidf=T.csv
0.33,0.51,0.0,0.09,0.09,0.09,0.09,200,lists/bcms_setimes/list.bcms_setimes.attrib=loo_mpd=5_thresh=0.5_docnorm=T_tfidf=F.csv
0.245,0.755,0.0,0.0,0.0,0.0,0.0,200,lists/bcms_setimes/list.bcms_setimes.attrib=ig_mpd=2_thresh=0.7_docnorm=F_tfidf=T.csv
0.195,0.795,0.0,0.01,0.01,0.01,0.01,200,lists/bcms_setimes/list.bcms_setimes.attrib=shap_mpd=15_thresh=0.9_docnorm=F_tfidf=T.csv
0.22,0.77,0.0,0.0,0.0,0.0,0.0,200,lists/bcms_setimes/list.bcms_setimes.attrib=ig_mpd=20_thresh=0.1_docnorm=F_tfidf=T.csv
0.195,0.795,0.0,0.01,0.01,0.01,0.01,200,lists/bcms_setimes/list.bcms_setimes.attrib=shap_mpd=15_thresh=0.1_docnorm=F_tfidf=T.csv
0.5,0.455,0.0,0.0,0.0,0.0,0.0,200,lists/bcms_setimes/list.bcms_setimes.attrib=lime_mpd=6_thresh=0.5_docnorm=T_tfidf=F.csv
0.315,0.425,0.0,0.125,0.125,0.14,0.205,200,lists/bcms_setimes/list.bcms_setimes.attrib=loo_mpd=8_thresh=0.3_docnorm=T_tfidf=T.csv
0.33,0.525,0.0,0.115,0.115,0.115,0.115,200,lists/bcms_setimes/list.bcms_setimes.attrib=shap_mpd=2_thresh=0.6_docnorm=T_tfidf=T.csv
0.37,0.35,0.0,0.175,0.175,0.175,0.245,200,lists/bcms_setimes/list.bcms_setimes.attrib=shap_mpd=17_thresh=0.4_docnorm=T_tfidf=T.csv
0.18,0.82,0.0,0.0,0.0,0.0,0.0,200,lists/bcms_setimes/list.bcms_setimes.attrib=lime_mpd=10_thresh=0.9_docnorm=F_tfidf=F.csv
0.17,0.83,0.0,0.0,0.0,0.0,0.0,200,lists/bcms_setimes/list.bcms_setimes.attrib=shap_mpd=12_thresh=0.6_docnorm=F_tfidf=F.csv
0.16,0.805,0.0,0.035,0.035,0.035,0.035,200,lists/bcms_setimes/list.bcms_setimes.attrib=loo_mpd=18_thresh=0.3_docnorm=F_tfidf=T.csv
0.175,0.825,0.0,0.0,0.0,0.0,0.0,200,lists/bcms_setimes/list.bcms_setimes.attrib=shap_mpd=15_thresh=0.9_docnorm=F_tfidf=F.csv
0.34,0.47,0.0,0.16,0.16,0.16,0.16,200,lists/bcms_setimes/list.bcms_setimes.attrib=shap_mpd=4_thresh=0.6_docnorm=T_tfidf=T.csv
0.325,0.615,0.0,0.05,0.05,0.05,0.05,200,lists/bcms_setimes/list.bcms_setimes.attrib=loo_mpd=16_thresh=1.0_docnorm=T_tfidf=T.csv
0.665,0.245,0.0,0.06,0.06,0.06,0.06,200,lists/bcms_setimes/list.bcms_setimes.attrib=ig_mpd=18_thresh=0.6_docnorm=T_tfidf=T.csv
0.275,0.32,0.13,0.49,0.545,0.62,0.675,200,lists/bcms_setimes/list.bcms_setimes.attrib=shap_mpd=1_thresh=0.1_docnorm=T_tfidf=T.csv
0.45,0.41,0.0,0.0,0.01,0.16,0.34,200,lists/bcms_setimes/list.bcms_setimes.attrib=lime_mpd=14_thresh=0.3_docnorm=T_tfidf=T.csv
0.145,0.845,0.0,0.01,0.01,0.01,0.01,200,lists/bcms_setimes/list.bcms_setimes.attrib=loo_mpd=4_thresh=0.6_docnorm=F_tfidf=F.csv
0.18,0.82,0.0,0.0,0.0,0.0,0.0,200,lists/bcms_setimes/list.bcms_setimes.attrib=lime_mpd=6_thresh=0.1_docnorm=F_tfidf=F.csv
0.345,0.56,0.0,0.07,0.07,0.07,0.07,200,lists/bcms_setimes/list.bcms_setimes.attrib=loo_mpd=5_thresh=0.8_docnorm=T_tfidf=F.csv
0.515,0.21,0.71,0.895,0.945,0.975,0.99,200,lists/bcms_setimes/list.bcms_setimes.attrib=lime_mpd=4_thresh=0.1_docnorm=T_tfidf=F.csv
0.215,0.775,0.0,0.0,0.0,0.0,0.0,200,lists/bcms_setimes/list.bcms_setimes.attrib=ig_mpd=15_thresh=0.4_docnorm=F_tfidf=T.csv
0.17,0.815,0.0,0.0,0.0,0.0,0.0,200,lists/bcms_setimes/list.bcms_setimes.attrib=ig_mpd=6_thresh=0.2_docnorm=F_tfidf=F.csv
0.195,0.795,0.0,0.01,0.01,0.01,0.01,200,lists/bcms_setimes/list.bcms_setimes.attrib=shap_mpd=20_thresh=0.9_docnorm=F_tfidf=T.csv
0.175,0.8,0.0,0.01,0.01,0.01,0.01,200,lists/bcms_setimes/list.bcms_setimes.attrib=ig_mpd=12_thresh=1.0_docnorm=F_tfidf=F.csv
0.39,0.465,0.0,0.115,0.115,0.115,0.125,200,lists/bcms_setimes/list.bcms_setimes.attrib=ig_mpd=1_thresh=0.3_docnorm=T_tfidf=T.csv
0.175,0.8,0.0,0.01,0.01,0.01,0.01,200,lists/bcms_setimes/list.bcms_setimes.attrib=ig_mpd=14_thresh=0.4_docnorm=F_tfidf=F.csv
0.17,0.79,0.0,0.035,0.035,0.035,0.035,200,lists/bcms_setimes/list.bcms_setimes.attrib=loo_mpd=5_thresh=0.8_docnorm=F_tfidf=T.csv
0.36,0.35,0.0,0.17,0.17,0.215,0.29,200,lists/bcms_setimes/list.bcms_setimes.attrib=shap_mpd=3_thresh=0.3_docnorm=T_tfidf=T.csv
0.425,0.555,0.0,0.01,0.01,0.01,0.01,200,lists/bcms_setimes/list.bcms_setimes.attrib=ig_mpd=4_thresh=1.0_docnorm=T_tfidf=T.csv
0.22,0.77,0.0,0.0,0.0,0.0,0.0,200,lists/bcms_setimes/list.bcms_setimes.attrib=ig_mpd=18_thresh=0.7_docnorm=F_tfidf=T.csv
0.45,0.33,0.0,0.16,0.16,0.16,0.24,200,lists/bcms_setimes/list.bcms_setimes.attrib=shap_mpd=19_thresh=0.4_docnorm=T_tfidf=F.csv
0.195,0.795,0.0,0.01,0.01,0.01,0.01,200,lists/bcms_setimes/list.bcms_setimes.attrib=shap_mpd=16_thresh=0.7_docnorm=F_tfidf=T.csv
0.415,0.285,0.0,0.345,0.63,0.78,0.86,200,lists/bcms_setimes/list.bcms_setimes.attrib=shap_mpd=15_thresh=0.2_docnorm=T_tfidf=F.csv
0.145,0.845,0.0,0.01,0.01,0.01,0.01,200,lists/bcms_setimes/list.bcms_setimes.attrib=loo_mpd=9_thresh=0.6_docnorm=F_tfidf=F.csv
0.16,0.805,0.0,0.035,0.035,0.035,0.035,200,lists/bcms_setimes/list.bcms_setimes.attrib=loo_mpd=18_thresh=0.7_docnorm=F_tfidf=T.csv
0.305,0.47,0.0,0.15,0.15,0.15,0.15,200,lists/bcms_setimes/list.bcms_setimes.attrib=loo_mpd=14_thresh=0.6_docnorm=T_tfidf=T.csv
0.41,0.43,0.0,0.135,0.135,0.135,0.135,200,lists/bcms_setimes/list.bcms_setimes.attrib=shap_mpd=13_thresh=0.8_docnorm=T_tfidf=T.csv
0.325,0.125,0.515,0.975,0.99,1.0,1.0,200,lists/bcms_setimes/list.bcms_setimes.attrib=shap_mpd=16_thresh=0.1_docnorm=T_tfidf=F.csv
0.18,0.82,0.0,0.0,0.0,0.0,0.0,200,lists/bcms_setimes/list.bcms_setimes.attrib=lime_mpd=5_thresh=0.3_docnorm=F_tfidf=F.csv
0.22,0.315,0.23,0.66,0.705,0.76,0.795,200,lists/bcms_setimes/list.bcms_setimes.attrib=shap_mpd=2_thresh=0.1_docnorm=T_tfidf=T.csv
0.67,0.265,0.0,0.04,0.04,0.04,0.04,200,lists/bcms_setimes/list.bcms_setimes.attrib=ig_mpd=18_thresh=0.7_docnorm=T_tfidf=T.csv
0.18,0.82,0.0,0.0,0.0,0.0,0.0,200,lists/bcms_setimes/list.bcms_setimes.attrib=lime_mpd=13_thresh=0.2_docnorm=F_tfidf=T.csv
0.455,0.475,0.0,0.0,0.0,0.0,0.005,200,lists/bcms_setimes/list.bcms_setimes.attrib=lime_mpd=13_thresh=0.6_docnorm=T_tfidf=T.csv
0.38,0.46,0.0,0.135,0.135,0.135,0.135,200,lists/bcms_setimes/list.bcms_setimes.attrib=shap_mpd=9_thresh=0.8_docnorm=T_tfidf=T.csv
0.185,0.815,0.0,0.0,0.0,0.0,0.0,200,lists/bcms_setimes/list.bcms_setimes.attrib=lime_mpd=20_thresh=0.6_docnorm=F_tfidf=T.csv
0.44,0.285,0.56,0.805,0.89,0.94,0.975,200,lists/bcms_setimes/list.bcms_setimes.attrib=lime_mpd=16_thresh=0.1_docnorm=T_tfidf=T.csv
0.415,0.44,0.0,0.085,0.085,0.085,0.085,200,lists/bcms_setimes/list.bcms_setimes.attrib=loo_mpd=15_thresh=0.6_docnorm=T_tfidf=F.csv
0.485,0.48,0.0,0.0,0.0,0.0,0.0,200,lists/bcms_setimes/list.bcms_setimes.attrib=lime_mpd=18_thresh=0.7_docnorm=T_tfidf=F.csv
0.615,0.265,0.0,0.095,0.265,0.41,0.51,200,lists/bcms_setimes/list.bcms_setimes.attrib=ig_mpd=19_thresh=0.2_docnorm=T_tfidf=F.csv
0.185,0.815,0.0,0.0,0.0,0.0,0.0,200,lists/bcms_setimes/list.bcms_setimes.attrib=lime_mpd=16_thresh=0.3_docnorm=F_tfidf=T.csv
0.37,0.35,0.375,0.595,0.685,0.75,0.795,200,lists/bcms_setimes/list.bcms_setimes.attrib=lime_mpd=2_thresh=0.1_docnorm=T_tfidf=T.csv
0.665,0.27,0.0,0.04,0.04,0.04,0.04,200,lists/bcms_setimes/list.bcms_setimes.attrib=ig_mpd=17_thresh=0.7_docnorm=T_tfidf=T.csv
0.165,0.795,0.0,0.035,0.035,0.035,0.035,200,lists/bcms_setimes/list.bcms_setimes.attrib=loo_mpd=11_thresh=0.7_docnorm=F_tfidf=T.csv
0.755,0.215,0.0,0.0,0.0,0.0,0.0,200,lists/bcms_setimes/list.bcms_setimes.attrib=ig_mpd=8_thresh=0.7_docnorm=T_tfidf=F.csv
0.32,0.145,0.49,0.95,0.98,0.99,0.995,200,lists/bcms_setimes/list.bcms_setimes.attrib=shap_mpd=4_thresh=0.1_docnorm=T_tfidf=F.csv
0.36,0.225,0.315,0.695,0.765,0.88,0.915,200,lists/bcms_setimes/list.bcms_setimes.attrib=ig_mpd=9_thresh=0.1_docnorm=T_tfidf=F.csv
0.19,0.8,0.0,0.01,0.01,0.01,0.01,200,lists/bcms_setimes/list.bcms_setimes.attrib=shap_mpd=7_thresh=0.4_docnorm=F_tfidf=T.csv
0.145,0.845,0.0,0.01,0.01,0.01,0.01,200,lists/bcms_setimes/list.bcms_setimes.attrib=loo_mpd=20_thresh=1.0_docnorm=F_tfidf=F.csv
0.195,0.805,0.0,0.0,0.0,0.0,0.0,200,lists/bcms_setimes/list.bcms_setimes.attrib=shap_mpd=4_thresh=0.3_docnorm=F_tfidf=F.csv
0.515,0.32,0.0,0.16,0.46,0.665,0.75,200,lists/bcms_setimes/list.bcms_setimes.attrib=lime_mpd=6_thresh=0.2_docnorm=T_tfidf=F.csv
0.18,0.82,0.0,0.0,0.0,0.0,0.0,200,lists/bcms_setimes/list.bcms_setimes.attrib=lime_mpd=7_thresh=0.3_docnorm=F_tfidf=F.csv
0.205,0.785,0.0,0.0,0.0,0.0,0.0,200,lists/bcms_setimes/list.bcms_setimes.attrib=ig_mpd=14_thresh=0.8_docnorm=F_tfidf=T.csv
0.32,0.565,0.0,0.1,0.1,0.1,0.1,200,lists/bcms_setimes/list.bcms_setimes.attrib=loo_mpd=10_thresh=0.8_docnorm=T_tfidf=T.csv
0.68,0.235,0.0,0.04,0.04,0.075,0.165,200,lists/bcms_setimes/list.bcms_setimes.attrib=ig_mpd=8_thresh=0.3_docnorm=T_tfidf=F.csv
0.145,0.845,0.0,0.01,0.01,0.01,0.01,200,lists/bcms_setimes/list.bcms_setimes.attrib=loo_mpd=20_thresh=0.2_docnorm=F_tfidf=F.csv
0.145,0.845,0.0,0.01,0.01,0.01,0.01,200,lists/bcms_setimes/list.bcms_setimes.attrib=loo_mpd=7_thresh=0.2_docnorm=F_tfidf=F.csv
0.28,0.6,0.0,0.095,0.095,0.095,0.095,200,lists/bcms_setimes/list.bcms_setimes.attrib=loo_mpd=2_thresh=0.7_docnorm=T_tfidf=T.csv
0.145,0.845,0.0,0.01,0.01,0.01,0.01,200,lists/bcms_setimes/list.bcms_setimes.attrib=loo_mpd=4_thresh=0.9_docnorm=F_tfidf=F.csv
0.19,0.8,0.0,0.01,0.01,0.01,0.01,200,lists/bcms_setimes/list.bcms_setimes.attrib=shap_mpd=7_thresh=0.8_docnorm=F_tfidf=T.csv
0.145,0.845,0.0,0.01,0.01,0.01,0.01,200,lists/bcms_setimes/list.bcms_setimes.attrib=loo_mpd=16_thresh=0.5_docnorm=F_tfidf=F.csv
0.335,0.365,0.0,0.21,0.34,0.485,0.6,200,lists/bcms_setimes/list.bcms_setimes.attrib=shap_mpd=5_thresh=0.2_docnorm=T_tfidf=T.csv
0.165,0.815,0.0,0.005,0.005,0.005,0.005,200,lists/bcms_setimes/list.bcms_setimes.attrib=ig_mpd=9_thresh=0.3_docnorm=F_tfidf=F.csv
0.19,0.8,0.0,0.01,0.01,0.01,0.01,200,lists/bcms_setimes/list.bcms_setimes.attrib=shap_mpd=7_thresh=1.0_docnorm=F_tfidf=T.csv
0.405,0.4,0.0,0.105,0.105,0.13,0.21,200,lists/bcms_setimes/list.bcms_setimes.attrib=loo_mpd=9_thresh=0.3_docnorm=T_tfidf=F.csv
0.18,0.82,0.0,0.0,0.0,0.0,0.0,200,lists/bcms_setimes/list.bcms_setimes.attrib=lime_mpd=13_thresh=0.8_docnorm=F_tfidf=T.csv
0.31,0.66,0.0,0.005,0.005,0.005,0.005,200,lists/bcms_setimes/list.bcms_setimes.attrib=lime_mpd=1_thresh=0.6_docnorm=T_tfidf=T.csv
0.545,0.425,0.0,0.01,0.01,0.01,0.01,200,lists/bcms_setimes/list.bcms_setimes.attrib=ig_mpd=13_thresh=1.0_docnorm=T_tfidf=T.csv
0.18,0.82,0.0,0.0,0.0,0.0,0.0,200,lists/bcms_setimes/list.bcms_setimes.attrib=shap_mpd=18_thresh=0.7_docnorm=F_tfidf=F.csv
0.145,0.845,0.0,0.01,0.01,0.01,0.01,200,lists/bcms_setimes/list.bcms_setimes.attrib=loo_mpd=18_thresh=0.9_docnorm=F_tfidf=F.csv
0.19,0.81,0.0,0.0,0.0,0.0,0.0,200,lists/bcms_setimes/list.bcms_setimes.attrib=lime_mpd=3_thresh=0.8_docnorm=F_tfidf=T.csv
0.195,0.8,0.0,0.0,0.0,0.0,0.0,200,lists/bcms_setimes/list.bcms_setimes.attrib=ig_mpd=11_thresh=0.3_docnorm=F_tfidf=T.csv
0.19,0.81,0.0,0.0,0.0,0.0,0.0,200,lists/bcms_setimes/list.bcms_setimes.attrib=ig_mpd=5_thresh=0.3_docnorm=F_tfidf=T.csv
0.44,0.545,0.0,0.0,0.0,0.0,0.0,200,lists/bcms_setimes/list.bcms_setimes.attrib=lime_mpd=8_thresh=1.0_docnorm=T_tfidf=F.csv
0.2,0.79,0.0,0.0,0.0,0.0,0.0,200,lists/bcms_setimes/list.bcms_setimes.attrib=ig_mpd=13_thresh=0.6_docnorm=F_tfidf=T.csv
0.19,0.8,0.0,0.01,0.01,0.01,0.01,200,lists/bcms_setimes/list.bcms_setimes.attrib=shap_mpd=5_thresh=0.9_docnorm=F_tfidf=T.csv
0.18,0.82,0.0,0.0,0.0,0.0,0.0,200,lists/bcms_setimes/list.bcms_setimes.attrib=lime_mpd=8_thresh=0.1_docnorm=F_tfidf=F.csv
0.47,0.39,0.0,0.0,0.015,0.175,0.355,200,lists/bcms_setimes/list.bcms_setimes.attrib=lime_mpd=17_thresh=0.3_docnorm=T_tfidf=T.csv
0.72,0.22,0.0,0.035,0.035,0.115,0.22,200,lists/bcms_setimes/list.bcms_setimes.attrib=ig_mpd=18_thresh=0.3_docnorm=T_tfidf=F.csv
0.24,0.295,0.28,0.75,0.825,0.885,0.925,200,lists/bcms_setimes/list.bcms_setimes.attrib=loo_mpd=5_thresh=0.1_docnorm=T_tfidf=T.csv
0.46,0.47,0.0,0.0,0.0,0.0,0.0,200,lists/bcms_setimes/list.bcms_setimes.attrib=lime_mpd=18_thresh=0.7_docnorm=T_tfidf=T.csv
0.395,0.395,0.0,0.16,0.16,0.16,0.16,200,lists/bcms_setimes/list.bcms_setimes.attrib=shap_mpd=9_thresh=0.6_docnorm=T_tfidf=T.csv
0.165,0.82,0.0,0.015,0.015,0.015,0.015,200,lists/bcms_setimes/list.bcms_setimes.attrib=loo_mpd=10_thresh=1.0_docnorm=F_tfidf=T.csv
0.27,0.64,0.0,0.05,0.05,0.05,0.05,200,lists/bcms_setimes/list.bcms_setimes.attrib=loo_mpd=2_thresh=0.5_docnorm=T_tfidf=F.csv
0.435,0.44,0.0,0.1,0.1,0.1,0.1,200,lists/bcms_setimes/list.bcms_setimes.attrib=shap_mpd=9_thresh=0.9_docnorm=T_tfidf=T.csv
0.18,0.82,0.0,0.0,0.0,0.0,0.0,200,lists/bcms_setimes/list.bcms_setimes.attrib=lime_mpd=10_thresh=0.8_docnorm=F_tfidf=T.csv
0.18,0.82,0.0,0.0,0.0,0.0,0.0,200,lists/bcms_setimes/list.bcms_setimes.attrib=shap_mpd=17_thresh=0.7_docnorm=F_tfidf=F.csv
0.295,0.46,0.0,0.115,0.115,0.115,0.115,200,lists/bcms_setimes/list.bcms_setimes.attrib=loo_mpd=10_thresh=0.4_docnorm=T_tfidf=T.csv
0.19,0.81,0.0,0.0,0.0,0.0,0.0,200,lists/bcms_setimes/list.bcms_setimes.attrib=lime_mpd=3_thresh=0.9_docnorm=F_tfidf=T.csv
0.305,0.695,0.0,0.0,0.0,0.0,0.0,200,lists/bcms_setimes/list.bcms_setimes.attrib=ig_mpd=1_thresh=0.8_docnorm=F_tfidf=T.csv
0.445,0.405,0.0,0.0,0.01,0.15,0.31,200,lists/bcms_setimes/list.bcms_setimes.attrib=lime_mpd=6_thresh=0.3_docnorm=T_tfidf=T.csv
0.2,0.8,0.0,0.0,0.0,0.0,0.0,200,lists/bcms_setimes/list.bcms_setimes.attrib=ig_mpd=4_thresh=0.1_docnorm=F_tfidf=T.csv
0.49,0.46,0.0,0.0,0.0,0.0,0.005,200,lists/bcms_setimes/list.bcms_setimes.attrib=lime_mpd=19_thresh=0.6_docnorm=T_tfidf=F.csv
0.175,0.825,0.0,0.0,0.0,0.0,0.0,200,lists/bcms_setimes/list.bcms_setimes.attrib=shap_mpd=15_thresh=0.4_docnorm=F_tfidf=F.csv
0.165,0.82,0.0,0.0,0.0,0.0,0.0,200,lists/bcms_setimes/list.bcms_setimes.attrib=ig_mpd=7_thresh=1.0_docnorm=F_tfidf=F.csv
0.34,0.55,0.0,0.095,0.095,0.095,0.095,200,lists/bcms_setimes/list.bcms_setimes.attrib=loo_mpd=19_thresh=0.9_docnorm=T_tfidf=T.csv
0.255,0.705,0.0,0.03,0.03,0.03,0.03,200,lists/bcms_setimes/list.bcms_setimes.attrib=loo_mpd=1_thresh=0.9_docnorm=T_tfidf=F.csv
0.535,0.3,0.0,0.075,0.075,0.075,0.115,200,lists/bcms_setimes/list.bcms_setimes.attrib=ig_mpd=15_thresh=0.4_docnorm=T_tfidf=T.csv
0.195,0.795,0.0,0.01,0.01,0.01,0.01,200,lists/bcms_setimes/list.bcms_setimes.attrib=shap_mpd=15_thresh=0.4_docnorm=F_tfidf=T.csv
0.455,0.495,0.0,0.04,0.04,0.04,0.04,200,lists/bcms_setimes/list.bcms_setimes.attrib=shap_mpd=11_thresh=1.0_docnorm=T_tfidf=F.csv
0.145,0.845,0.0,0.01,0.01,0.01,0.01,200,lists/bcms_setimes/list.bcms_setimes.attrib=loo_mpd=9_thresh=0.3_docnorm=F_tfidf=F.csv
0.185,0.815,0.0,0.0,0.0,0.0,0.0,200,lists/bcms_setimes/list.bcms_setimes.attrib=lime_mpd=19_thresh=1.0_docnorm=F_tfidf=T.csv
0.16,0.8,0.0,0.035,0.035,0.035,0.035,200,lists/bcms_setimes/list.bcms_setimes.attrib=loo_mpd=7_thresh=0.7_docnorm=F_tfidf=T.csv
0.215,0.775,0.0,0.0,0.0,0.0,0.0,200,lists/bcms_setimes/list.bcms_setimes.attrib=ig_mpd=16_thresh=0.3_docnorm=F_tfidf=T.csv
0.73,0.225,0.0,0.01,0.01,0.01,0.01,200,lists/bcms_setimes/list.bcms_setimes.attrib=ig_mpd=15_thresh=0.6_docnorm=T_tfidf=F.csv
0.225,0.775,0.0,0.0,0.0,0.0,0.0,200,lists/bcms_setimes/list.bcms_setimes.attrib=ig_mpd=3_thresh=0.1_docnorm=F_tfidf=T.csv
0.185,0.815,0.0,0.0,0.0,0.0,0.0,200,lists/bcms_setimes/list.bcms_setimes.attrib=lime_mpd=19_thresh=0.3_docnorm=F_tfidf=F.csv
0.335,0.605,0.0,0.0,0.0,0.0,0.0,200,lists/bcms_setimes/list.bcms_setimes.attrib=lime_mpd=2_thresh=0.5_docnorm=T_tfidf=F.csv
0.16,0.805,0.0,0.035,0.035,0.035,0.035,200,lists/bcms_setimes/list.bcms_setimes.attrib=loo_mpd=14_thresh=0.1_docnorm=F_tfidf=T.csv
0.44,0.29,0.0,0.18,0.195,0.37,0.55,200,lists/bcms_setimes/list.bcms_setimes.attrib=shap_mpd=20_thresh=0.3_docnorm=T_tfidf=F.csv
0.72,0.2,0.0,0.03,0.03,0.03,0.06,200,lists/bcms_setimes/list.bcms_setimes.attrib=ig_mpd=14_thresh=0.4_docnorm=T_tfidf=F.csv
0.17,0.83,0.0,0.0,0.0,0.0,0.0,200,lists/bcms_setimes/list.bcms_setimes.attrib=shap_mpd=11_thresh=0.6_docnorm=F_tfidf=F.csv
0.34,0.545,0.0,0.095,0.095,0.095,0.095,200,lists/bcms_setimes/list.bcms_setimes.attrib=loo_mpd=18_thresh=0.9_docnorm=T_tfidf=T.csv
0.68,0.265,0.0,0.035,0.035,0.035,0.035,200,lists/bcms_setimes/list.bcms_setimes.attrib=ig_mpd=19_thresh=0.8_docnorm=T_tfidf=T.csv
0.195,0.795,0.0,0.01,0.01,0.01,0.01,200,lists/bcms_setimes/list.bcms_setimes.attrib=shap_mpd=12_thresh=0.5_docnorm=F_tfidf=T.csv
0.18,0.82,0.0,0.0,0.0,0.0,0.0,200,lists/bcms_setimes/list.bcms_setimes.attrib=lime_mpd=10_thresh=0.7_docnorm=F_tfidf=F.csv
0.19,0.795,0.0,0.0,0.0,0.0,0.0,200,lists/bcms_setimes/list.bcms_setimes.attrib=ig_mpd=4_thresh=0.5_docnorm=F_tfidf=F.csv
0.415,0.435,0.0,0.11,0.11,0.11,0.11,200,lists/bcms_setimes/list.bcms_setimes.attrib=shap_mpd=2_thresh=0.4_docnorm=T_tfidf=F.csv
0.145,0.845,0.0,0.01,0.01,0.01,0.01,200,lists/bcms_setimes/list.bcms_setimes.attrib=loo_mpd=15_thresh=1.0_docnorm=F_tfidf=F.csv
0.215,0.775,0.0,0.0,0.0,0.0,0.0,200,lists/bcms_setimes/list.bcms_setimes.attrib=ig_mpd=17_thresh=0.2_docnorm=F_tfidf=T.csv
0.165,0.825,0.0,0.01,0.01,0.01,0.01,200,lists/bcms_setimes/list.bcms_setimes.attrib=loo_mpd=5_thresh=1.0_docnorm=F_tfidf=T.csv
0.185,0.815,0.0,0.0,0.0,0.0,0.0,200,lists/bcms_setimes/list.bcms_setimes.attrib=lime_mpd=19_thresh=0.2_docnorm=F_tfidf=F.csv
0.43,0.265,0.0,0.33,0.59,0.76,0.86,200,lists/bcms_setimes/list.bcms_setimes.attrib=shap_mpd=11_thresh=0.2_docnorm=T_tfidf=F.csv
0.17,0.83,0.0,0.0,0.0,0.0,0.0,200,lists/bcms_setimes/list.bcms_setimes.attrib=shap_mpd=9_thresh=0.5_docnorm=F_tfidf=F.csv
0.415,0.51,0.0,0.055,0.055,0.055,0.055,200,lists/bcms_setimes/list.bcms_setimes.attrib=shap_mpd=8_thresh=1.0_docnorm=T_tfidf=T.csv
0.555,0.29,0.0,0.06,0.06,0.06,0.075,200,lists/bcms_setimes/list.bcms_setimes.attrib=ig_mpd=10_thresh=0.4_docnorm=T_tfidf=T.csv
0.35,0.5,0.0,0.11,0.11,0.11,0.11,200,lists/bcms_setimes/list.bcms_setimes.attrib=loo_mpd=18_thresh=0.8_docnorm=T_tfidf=T.csv
0.18,0.79,0.0,0.01,0.01,0.01,0.01,200,lists/bcms_setimes/list.bcms_setimes.attrib=ig_mpd=19_thresh=0.6_docnorm=F_tfidf=F.csv
0.4,0.45,0.0,0.085,0.085,0.085,0.085,200,lists/bcms_setimes/list.bcms_setimes.attrib=loo_mpd=16_thresh=0.4_docnorm=T_tfidf=F.csv
0.175,0.795,0.0,0.01,0.01,0.01,0.01,200,lists/bcms_setimes/list.bcms_setimes.attrib=ig_mpd=18_thresh=0.5_docnorm=F_tfidf=F.csv
0.18,0.82,0.0,0.0,0.0,0.0,0.0,200,lists/bcms_setimes/list.bcms_setimes.attrib=shap_mpd=6_thresh=0.3_docnorm=F_tfidf=F.csv
0.53,0.305,0.0,0.07,0.07,0.07,0.095,200,lists/bcms_setimes/list.bcms_setimes.attrib=ig_mpd=12_thresh=0.4_docnorm=T_tfidf=T.csv
0.18,0.82,0.0,0.0,0.0,0.0,0.0,200,lists/bcms_setimes/list.bcms_setimes.attrib=lime_mpd=8_thresh=1.0_docnorm=F_tfidf=F.csv
0.165,0.81,0.0,0.01,0.01,0.01,0.01,200,lists/bcms_setimes/list.bcms_setimes.attrib=ig_mpd=11_thresh=0.6_docnorm=F_tfidf=F.csv
0.2,0.785,0.0,0.0,0.0,0.0,0.0,200,lists/bcms_setimes/list.bcms_setimes.attrib=ig_mpd=3_thresh=0.3_docnorm=F_tfidf=F.csv
0.185,0.815,0.0,0.0,0.0,0.0,0.0,200,lists/bcms_setimes/list.bcms_setimes.attrib=shap_mpd=5_thresh=0.8_docnorm=F_tfidf=F.csv
0.18,0.82,0.0,0.0,0.0,0.0,0.0,200,lists/bcms_setimes/list.bcms_setimes.attrib=lime_mpd=15_thresh=0.3_docnorm=F_tfidf=F.csv
0.17,0.82,0.0,0.01,0.01,0.01,0.01,200,lists/bcms_setimes/list.bcms_setimes.attrib=loo_mpd=2_thresh=0.1_docnorm=F_tfidf=F.csv
0.195,0.795,0.0,0.01,0.01,0.01,0.01,200,lists/bcms_setimes/list.bcms_setimes.attrib=shap_mpd=4_thresh=0.7_docnorm=F_tfidf=T.csv
0.16,0.805,0.0,0.035,0.035,0.035,0.035,200,lists/bcms_setimes/list.bcms_setimes.attrib=loo_mpd=13_thresh=0.1_docnorm=F_tfidf=T.csv
0.37,0.345,0.0,0.17,0.28,0.45,0.605,200,lists/bcms_setimes/list.bcms_setimes.attrib=ig_mpd=8_thresh=0.2_docnorm=T_tfidf=T.csv
0.235,0.26,0.33,0.84,0.9,0.95,0.98,200,lists/bcms_setimes/list.bcms_setimes.attrib=loo_mpd=11_thresh=0.1_docnorm=T_tfidf=T.csv
0.52,0.195,0.765,0.93,0.975,0.99,0.995,200,lists/bcms_setimes/list.bcms_setimes.attrib=lime_mpd=10_thresh=0.1_docnorm=T_tfidf=F.csv
0.39,0.41,0.0,0.165,0.165,0.165,0.165,200,lists/bcms_setimes/list.bcms_setimes.attrib=shap_mpd=17_thresh=0.7_docnorm=T_tfidf=T.csv
0.65,0.275,0.0,0.045,0.045,0.045,0.045,200,lists/bcms_setimes/list.bcms_setimes.attrib=ig_mpd=12_thresh=0.6_docnorm=T_tfidf=T.csv
0.215,0.775,0.0,0.0,0.0,0.0,0.0,200,lists/bcms_setimes/list.bcms_setimes.attrib=ig_mpd=17_thresh=0.7_docnorm=F_tfidf=T.csv
0.345,0.55,0.0,0.075,0.075,0.075,0.075,200,lists/bcms_setimes/list.bcms_setimes.attrib=loo_mpd=5_thresh=0.7_docnorm=T_tfidf=F.csv
0.18,0.82,0.0,0.0,0.0,0.0,0.0,200,lists/bcms_setimes/list.bcms_setimes.attrib=lime_mpd=16_thresh=0.9_docnorm=F_tfidf=F.csv
0.19,0.8,0.0,0.01,0.01,0.01,0.01,200,lists/bcms_setimes/list.bcms_setimes.attrib=shap_mpd=5_thresh=0.2_docnorm=F_tfidf=T.csv
0.375,0.515,0.0,0.075,0.075,0.075,0.075,200,lists/bcms_setimes/list.bcms_setimes.attrib=loo_mpd=8_thresh=0.8_docnorm=T_tfidf=F.csv
0.4,0.385,0.0,0.175,0.175,0.175,0.175,200,lists/bcms_setimes/list.bcms_setimes.attrib=shap_mpd=11_thresh=0.6_docnorm=T_tfidf=T.csv
0.18,0.82,0.0,0.0,0.0,0.0,0.0,200,lists/bcms_setimes/list.bcms_setimes.attrib=shap_mpd=18_thresh=0.5_docnorm=F_tfidf=F.csv
0.335,0.2,0.425,0.81,0.86,0.925,0.95,200,lists/bcms_setimes/list.bcms_setimes.attrib=ig_mpd=14_thresh=0.1_docnorm=T_tfidf=F.csv
0.325,0.42,0.0,0.13,0.13,0.22,0.31,200,lists/bcms_setimes/list.bcms_setimes.attrib=loo_mpd=15_thresh=0.3_docnorm=T_tfidf=T.csv
0.32,0.675,0.0,0.0,0.0,0.0,0.0,200,lists/bcms_setimes/list.bcms_setimes.attrib=lime_mpd=2_thresh=1.0_docnorm=T_tfidf=F.csv
0.545,0.325,0.0,0.08,0.08,0.08,0.08,200,lists/bcms_setimes/list.bcms_setimes.attrib=ig_mpd=6_thresh=0.4_docnorm=T_tfidf=T.csv
0.18,0.82,0.0,0.0,0.0,0.0,0.0,200,lists/bcms_setimes/list.bcms_setimes.attrib=lime_mpd=5_thresh=0.5_docnorm=F_tfidf=F.csv
0.145,0.845,0.0,0.01,0.01,0.01,0.01,200,lists/bcms_setimes/list.bcms_setimes.attrib=loo_mpd=12_thresh=0.8_docnorm=F_tfidf=F.csv
0.46,0.47,0.0,0.0,0.0,0.0,0.0,200,lists/bcms_setimes/list.bcms_setimes.attrib=lime_mpd=19_thresh=0.7_docnorm=T_tfidf=T.csv
0.36,0.64,0.0,0.0,0.0,0.0,0.0,200,lists/bcms_setimes/list.bcms_setimes.attrib=lime_mpd=2_thresh=1.0_docnorm=T_tfidf=T.csv
0.19,0.8,0.0,0.01,0.01,0.01,0.01,200,lists/bcms_setimes/list.bcms_setimes.attrib=shap_mpd=8_thresh=0.1_docnorm=F_tfidf=T.csv
0.44,0.485,0.0,0.055,0.055,0.055,0.055,200,lists/bcms_setimes/list.bcms_setimes.attrib=shap_mpd=4_thresh=0.9_docnorm=T_tfidf=F.csv
0.57,0.31,0.0,0.06,0.06,0.06,0.06,200,lists/bcms_setimes/list.bcms_setimes.attrib=ig_mpd=17_thresh=0.5_docnorm=T_tfidf=T.csv
0.165,0.81,0.0,0.01,0.01,0.01,0.01,200,lists/bcms_setimes/list.bcms_setimes.attrib=ig_mpd=10_thresh=0.5_docnorm=F_tfidf=F.csv
0.18,0.82,0.0,0.0,0.0,0.0,0.0,200,lists/bcms_setimes/list.bcms_setimes.attrib=shap_mpd=16_thresh=0.7_docnorm=F_tfidf=F.csv
0.475,0.425,0.0,0.085,0.085,0.085,0.085,200,lists/bcms_setimes/list.bcms_setimes.attrib=shap_mpd=11_thresh=0.8_docnorm=T_tfidf=F.csv
0.4,0.49,0.0,0.085,0.085,0.085,0.085,200,lists/bcms_setimes/list.bcms_setimes.attrib=shap_mpd=2_thresh=0.8_docnorm=T_tfidf=T.csv
0.41,0.3,0.0,0.17,0.355,0.595,0.74,200,lists/bcms_setimes/list.bcms_setimes.attrib=loo_mpd=12_thresh=0.2_docnorm=T_tfidf=F.csv
0.18,0.82,0.0,0.0,0.0,0.0,0.0,200,lists/bcms_setimes/list.bcms_setimes.attrib=ig_mpd=8_thresh=0.1_docnorm=F_tfidf=T.csv
0.185,0.815,0.0,0.0,0.0,0.0,0.0,200,lists/bcms_setimes/list.bcms_setimes.attrib=lime_mpd=4_thresh=0.6_docnorm=F_tfidf=T.csv
0.18,0.82,0.0,0.0,0.0,0.0,0.0,200,lists/bcms_setimes/list.bcms_setimes.attrib=lime_mpd=9_thresh=0.1_docnorm=F_tfidf=F.csv
0.415,0.555,0.0,0.005,0.005,0.005,0.005,200,lists/bcms_setimes/list.bcms_setimes.attrib=lime_mpd=4_thresh=0.9_docnorm=T_tfidf=F.csv
0.195,0.795,0.0,0.01,0.01,0.01,0.01,200,lists/bcms_setimes/list.bcms_setimes.attrib=shap_mpd=4_thresh=0.4_docnorm=F_tfidf=T.csv
0.235,0.36,0.245,0.65,0.73,0.82,0.875,200,lists/bcms_setimes/list.bcms_setimes.attrib=ig_mpd=5_thresh=0.1_docnorm=T_tfidf=T.csv
0.165,0.82,0.0,0.0,0.0,0.0,0.0,200,lists/bcms_setimes/list.bcms_setimes.attrib=ig_mpd=7_thresh=0.6_docnorm=F_tfidf=F.csv
0.32,0.495,0.0,0.155,0.155,0.155,0.155,200,lists/bcms_setimes/list.bcms_setimes.attrib=shap_mpd=5_thresh=0.7_docnorm=T_tfidf=T.csv
0.455,0.53,0.0,0.0,0.0,0.0,0.0,200,lists/bcms_setimes/list.bcms_setimes.attrib=ig_mpd=1_thresh=0.9_docnorm=T_tfidf=T.csv
0.16,0.805,0.0,0.035,0.035,0.035,0.035,200,lists/bcms_setimes/list.bcms_setimes.attrib=loo_mpd=15_thresh=0.2_docnorm=F_tfidf=T.csv
0.37,0.215,0.29,0.725,0.8,0.84,0.88,200,lists/bcms_setimes/list.bcms_setimes.attrib=shap_mpd=1_thresh=0.1_docnorm=T_tfidf=F.csv
0.615,0.27,0.0,0.045,0.16,0.315,0.425,200,lists/bcms_setimes/list.bcms_setimes.attrib=ig_mpd=6_thresh=0.2_docnorm=T_tfidf=F.csv
0.18,0.82,0.0,0.0,0.0,0.0,0.0,200,lists/bcms_setimes/list.bcms_setimes.attrib=lime_mpd=8_thresh=0.9_docnorm=F_tfidf=T.csv
0.31,0.45,0.0,0.135,0.135,0.135,0.135,200,lists/bcms_setimes/list.bcms_setimes.attrib=loo_mpd=13_thresh=0.5_docnorm=T_tfidf=T.csv
0.185,0.815,0.0,0.0,0.0,0.0,0.0,200,lists/bcms_setimes/list.bcms_setimes.attrib=lime_mpd=20_thresh=0.8_docnorm=F_tfidf=T.csv
0.245,0.63,0.0,0.095,0.095,0.095,0.095,200,lists/bcms_setimes/list.bcms_setimes.attrib=loo_mpd=1_thresh=0.5_docnorm=T_tfidf=T.csv
0.19,0.8,0.0,0.01,0.01,0.01,0.01,200,lists/bcms_setimes/list.bcms_setimes.attrib=shap_mpd=9_thresh=0.2_docnorm=F_tfidf=T.csv
0.35,0.445,0.0,0.165,0.165,0.165,0.165,200,lists/bcms_setimes/list.bcms_setimes.attrib=shap_mpd=8_thresh=0.7_docnorm=T_tfidf=T.csv
0.755,0.205,0.0,0.01,0.01,0.01,0.01,200,lists/bcms_setimes/list.bcms_setimes.attrib=ig_mpd=19_thresh=0.8_docnorm=T_tfidf=F.csv
0.4,0.315,0.0,0.165,0.37,0.6,0.74,200,lists/bcms_setimes/list.bcms_setimes.attrib=loo_mpd=13_thresh=0.2_docnorm=T_tfidf=F.csv
0.205,0.78,0.0,0.015,0.015,0.015,0.015,200,lists/bcms_setimes/list.bcms_setimes.attrib=loo_mpd=6_thresh=1.0_docnorm=T_tfidf=F.csv
0.46,0.515,0.0,0.0,0.0,0.0,0.0,200,lists/bcms_setimes/list.bcms_setimes.attrib=lime_mpd=5_thresh=0.9_docnorm=T_tfidf=F.csv
0.215,0.775,0.0,0.0,0.0,0.0,0.0,200,lists/bcms_setimes/list.bcms_setimes.attrib=ig_mpd=17_thresh=0.8_docnorm=F_tfidf=T.csv
0.51,0.23,0.68,0.875,0.93,0.96,0.975,200,lists/bcms_setimes/list.bcms_setimes.attrib=lime_mpd=3_thresh=0.1_docnorm=T_tfidf=F.csv
0.24,0.255,0.33,0.83,0.89,0.94,0.965,200,lists/bcms_setimes/list.bcms_setimes.attrib=loo_mpd=9_thresh=0.1_docnorm=T_tfidf=T.csv
0.385,0.225,0.285,0.665,0.745,0.845,0.89,200,lists/bcms_setimes/list.bcms_setimes.attrib=ig_mpd=8_thresh=0.1_docnorm=T_tfidf=F.csv
0.47,0.4,0.0,0.0,0.0,0.0,0.07,200,lists/bcms_setimes/list.bcms_setimes.attrib=lime_mpd=17_thresh=0.4_docnorm=T_tfidf=T.csv
0.305,0.475,0.0,0.155,0.155,0.155,0.155,200,lists/bcms_setimes/list.bcms_setimes.attrib=loo_mpd=13_thresh=0.6_docnorm=T_tfidf=T.csv
0.16,0.805,0.0,0.035,0.035,0.035,0.035,200,lists/bcms_setimes/list.bcms_setimes.attrib=loo_mpd=20_thresh=0.5_docnorm=F_tfidf=T.csv
0.185,0.815,0.0,0.0,0.0,0.0,0.0,200,lists/bcms_setimes/list.bcms_setimes.attrib=lime_mpd=5_thresh=0.6_docnorm=F_tfidf=T.csv
0.72,0.215,0.0,0.03,0.03,0.03,0.065,200,lists/bcms_setimes/list.bcms_setimes.attrib=ig_mpd=17_thresh=0.4_docnorm=T_tfidf=F.csv
0.46,0.44,0.0,0.005,0.005,0.005,0.01,200,lists/bcms_setimes/list.bcms_setimes.attrib=lime_mpd=9_thresh=0.5_docnorm=T_tfidf=T.csv
0.735,0.25,0.0,0.0,0.0,0.0,0.0,200,lists/bcms_setimes/list.bcms_setimes.attrib=ig_mpd=16_thresh=0.9_docnorm=T_tfidf=F.csv
0.18,0.82,0.0,0.0,0.0,0.0,0.0,200,lists/bcms_setimes/list.bcms_setimes.attrib=lime_mpd=8_thresh=0.5_docnorm=F_tfidf=F.csv
0.24183006535947713,0.7516339869281046,0.0,0.0,0.0,0.0,0.0,153,lists/bcms_setimes/list.bcms_setimes.attrib=ig_mpd=1_thresh=1.0_docnorm=T_tfidf=T.csv
0.345,0.395,0.0,0.175,0.175,0.175,0.175,200,lists/bcms_setimes/list.bcms_setimes.attrib=shap_mpd=7_thresh=0.5_docnorm=T_tfidf=T.csv
0.145,0.845,0.0,0.01,0.01,0.01,0.01,200,lists/bcms_setimes/list.bcms_setimes.attrib=loo_mpd=20_thresh=0.7_docnorm=F_tfidf=F.csv
0.18,0.82,0.0,0.0,0.0,0.0,0.0,200,lists/bcms_setimes/list.bcms_setimes.attrib=lime_mpd=4_thresh=0.9_docnorm=F_tfidf=F.csv
0.63,0.355,0.0,0.0,0.0,0.0,0.0,200,lists/bcms_setimes/list.bcms_setimes.attrib=ig_mpd=20_thresh=1.0_docnorm=T_tfidf=F.csv
0.705,0.225,0.0,0.02,0.02,0.02,0.02,200,lists/bcms_setimes/list.bcms_setimes.attrib=ig_mpd=20_thresh=0.5_docnorm=T_tfidf=F.csv
0.19,0.8,0.0,0.01,0.01,0.01,0.01,200,lists/bcms_setimes/list.bcms_setimes.attrib=shap_mpd=11_thresh=0.5_docnorm=F_tfidf=T.csv
0.465,0.4,0.0,0.0,0.0,0.0,0.075,200,lists/bcms_setimes/list.bcms_setimes.attrib=lime_mpd=20_thresh=0.4_docnorm=T_tfidf=T.csv
0.74,0.225,0.0,0.005,0.005,0.005,0.005,200,lists/bcms_setimes/list.bcms_setimes.attrib=ig_mpd=12_thresh=0.8_docnorm=T_tfidf=F.csv
0.2,0.795,0.0,0.005,0.005,0.005,0.005,200,lists/bcms_setimes/list.bcms_setimes.attrib=shap_mpd=3_thresh=0.4_docnorm=F_tfidf=F.csv
0.185,0.775,0.0,0.035,0.035,0.035,0.035,200,lists/bcms_setimes/list.bcms_setimes.attrib=loo_mpd=2_thresh=0.5_docnorm=F_tfidf=T.csv
0.245,0.74,0.0,0.0,0.0,0.0,0.0,200,lists/bcms_setimes/list.bcms_setimes.attrib=ig_mpd=1_thresh=0.9_docnorm=F_tfidf=F.csv
0.205,0.75,0.0,0.04,0.04,0.04,0.04,200,lists/bcms_setimes/list.bcms_setimes.attrib=loo_mpd=1_thresh=0.3_docnorm=F_tfidf=T.csv
0.145,0.845,0.0,0.01,0.01,0.01,0.01,200,lists/bcms_setimes/list.bcms_setimes.attrib=loo_mpd=10_thresh=0.5_docnorm=F_tfidf=F.csv
0.205,0.785,0.0,0.01,0.01,0.01,0.01,200,lists/bcms_setimes/list.bcms_setimes.attrib=shap_mpd=3_thresh=0.1_docnorm=F_tfidf=T.csv
0.485,0.4,0.0,0.105,0.105,0.105,0.105,200,lists/bcms_setimes/list.bcms_setimes.attrib=shap_mpd=15_thresh=0.7_docnorm=T_tfidf=F.csv
0.445,0.505,0.0,0.0,0.0,0.0,0.0,200,lists/bcms_setimes/list.bcms_setimes.attrib=lime_mpd=7_thresh=0.7_docnorm=T_tfidf=T.csv
0.25,0.215,0.39,0.875,0.9,0.945,0.965,200,lists/bcms_setimes/list.bcms_setimes.attrib=shap_mpd=16_thresh=0.1_docnorm=T_tfidf=T.csv
0.19,0.8,0.0,0.01,0.01,0.01,0.01,200,lists/bcms_setimes/list.bcms_setimes.attrib=loo_mpd=2_thresh=1.0_docnorm=T_tfidf=F.csv
0.42,0.28,0.0,0.335,0.615,0.77,0.86,200,lists/bcms_setimes/list.bcms_setimes.attrib=shap_mpd=13_thresh=0.2_docnorm=T_tfidf=F.csv
0.33,0.19,0.49,0.865,0.905,0.955,0.97,200,lists/bcms_setimes/list.bcms_setimes.attrib=ig_mpd=20_thresh=0.1_docnorm=T_tfidf=F.csv
0.31,0.38,0.0,0.17,0.275,0.405,0.515,200,lists/bcms_setimes/list.bcms_setimes.attrib=loo_mpd=8_thresh=0.2_docnorm=T_tfidf=T.csv
0.515,0.39,0.0,0.0,0.025,0.23,0.44,200,lists/bcms_setimes/list.bcms_setimes.attrib=lime_mpd=12_thresh=0.3_docnorm=T_tfidf=F.csv
0.365,0.525,0.0,0.075,0.075,0.075,0.075,200,lists/bcms_setimes/list.bcms_setimes.attrib=loo_mpd=7_thresh=0.8_docnorm=T_tfidf=F.csv
0.325,0.56,0.0,0.09,0.09,0.09,0.09,200,lists/bcms_setimes/list.bcms_setimes.attrib=loo_mpd=9_thresh=0.9_docnorm=T_tfidf=T.csv
0.18,0.82,0.0,0.0,0.0,0.0,0.0,200,lists/bcms_setimes/list.bcms_setimes.attrib=shap_mpd=7_thresh=0.7_docnorm=F_tfidf=F.csv
0.425,0.38,0.0,0.145,0.35,0.545,0.655,200,lists/bcms_setimes/list.bcms_setimes.attrib=lime_mpd=10_thresh=0.2_docnorm=T_tfidf=T.csv
0.145,0.845,0.0,0.01,0.01,0.01,0.01,200,lists/bcms_setimes/list.bcms_setimes.attrib=loo_mpd=19_thresh=0.5_docnorm=F_tfidf=F.csv
0.18,0.82,0.0,0.0,0.0,0.0,0.0,200,lists/bcms_setimes/list.bcms_setimes.attrib=lime_mpd=13_thresh=0.8_docnorm=F_tfidf=F.csv
0.17,0.83,0.0,0.0,0.0,0.0,0.0,200,lists/bcms_setimes/list.bcms_setimes.attrib=shap_mpd=13_thresh=0.9_docnorm=F_tfidf=F.csv
0.31,0.37,0.0,0.195,0.37,0.54,0.665,200,lists/bcms_setimes/list.bcms_setimes.attrib=loo_mpd=17_thresh=0.2_docnorm=T_tfidf=T.csv
0.42,0.415,0.0,0.14,0.14,0.14,0.14,200,lists/bcms_setimes/list.bcms_setimes.attrib=shap_mpd=19_thresh=0.8_docnorm=T_tfidf=T.csv
0.16,0.805,0.0,0.035,0.035,0.035,0.035,200,lists/bcms_setimes/list.bcms_setimes.attrib=loo_mpd=12_thresh=0.6_docnorm=F_tfidf=T.csv
0.47,0.45,0.0,0.0,0.0,0.0,0.005,200,lists/bcms_setimes/list.bcms_setimes.attrib=lime_mpd=18_thresh=0.5_docnorm=T_tfidf=T.csv
0.415,0.35,0.0,0.145,0.15,0.28,0.415,200,lists/bcms_setimes/list.bcms_setimes.attrib=shap_mpd=6_thresh=0.3_docnorm=T_tfidf=F.csv
0.22,0.77,0.0,0.0,0.0,0.0,0.0,200,lists/bcms_setimes/list.bcms_setimes.attrib=ig_mpd=18_thresh=0.5_docnorm=F_tfidf=T.csv
0.175,0.825,0.0,0.0,0.0,0.0,0.0,200,lists/bcms_setimes/list.bcms_setimes.attrib=lime_mpd=11_thresh=0.2_docnorm=F_tfidf=F.csv
0.625,0.32,0.0,0.005,0.005,0.005,0.005,200,lists/bcms_setimes/list.bcms_setimes.attrib=ig_mpd=1_thresh=0.4_docnorm=T_tfidf=F.csv
0.37,0.355,0.0,0.17,0.17,0.17,0.235,200,lists/bcms_setimes/list.bcms_setimes.attrib=shap_mpd=14_thresh=0.4_docnorm=T_tfidf=T.csv
0.175,0.795,0.0,0.01,0.01,0.01,0.01,200,lists/bcms_setimes/list.bcms_setimes.attrib=ig_mpd=18_thresh=1.0_docnorm=F_tfidf=F.csv
0.42,0.27,0.0,0.36,0.64,0.79,0.87,200,lists/bcms_setimes/list.bcms_setimes.attrib=shap_mpd=16_thresh=0.2_docnorm=T_tfidf=F.csv
0.185,0.815,0.0,0.0,0.0,0.0,0.0,200,lists/bcms_setimes/list.bcms_setimes.attrib=lime_mpd=6_thresh=0.3_docnorm=F_tfidf=T.csv
0.16,0.805,0.0,0.035,0.035,0.035,0.035,200,lists/bcms_setimes/list.bcms_setimes.attrib=loo_mpd=20_thresh=0.7_docnorm=F_tfidf=T.csv
0.495,0.445,0.0,0.0,0.0,0.0,0.08,200,lists/bcms_setimes/list.bcms_setimes.attrib=lime_mpd=11_thresh=0.4_docnorm=T_tfidf=F.csv
0.43,0.525,0.0,0.0,0.0,0.0,0.0,200,lists/bcms_setimes/list.bcms_setimes.attrib=lime_mpd=5_thresh=0.7_docnorm=T_tfidf=T.csv
0.2,0.785,0.0,0.0,0.0,0.0,0.0,200,lists/bcms_setimes/list.bcms_setimes.attrib=ig_mpd=2_thresh=0.3_docnorm=F_tfidf=F.csv
0.18,0.82,0.0,0.0,0.0,0.0,0.0,200,lists/bcms_setimes/list.bcms_setimes.attrib=lime_mpd=15_thresh=0.1_docnorm=F_tfidf=T.csv
0.305,0.695,0.0,0.0,0.0,0.0,0.0,200,lists/bcms_setimes/list.bcms_setimes.attrib=ig_mpd=1_thresh=0.4_docnorm=F_tfidf=T.csv
0.475,0.49,0.0,0.0,0.0,0.0,0.0,200,lists/bcms_setimes/list.bcms_setimes.attrib=lime_mpd=15_thresh=0.7_docnorm=T_tfidf=F.csv
0.185,0.815,0.0,0.0,0.0,0.0,0.0,200,lists/bcms_setimes/list.bcms_setimes.attrib=ig_mpd=9_thresh=0.9_docnorm=F_tfidf=T.csv
0.165,0.82,0.0,0.0,0.0,0.0,0.0,200,lists/bcms_setimes/list.bcms_setimes.attrib=ig_mpd=7_thresh=0.2_docnorm=F_tfidf=F.csv
0.47,0.44,0.0,0.07,0.07,0.07,0.07,200,lists/bcms_setimes/list.bcms_setimes.attrib=ig_mpd=1_thresh=0.5_docnorm=T_tfidf=T.csv
0.425,0.45,0.0,0.09,0.09,0.09,0.09,200,lists/bcms_setimes/list.bcms_setimes.attrib=ig_mpd=2_thresh=0.4_docnorm=T_tfidf=T.csv
0.2,0.795,0.0,0.005,0.005,0.005,0.005,200,lists/bcms_setimes/list.bcms_setimes.attrib=shap_mpd=3_thresh=0.7_docnorm=F_tfidf=F.csv
0.2,0.785,0.0,0.0,0.0,0.0,0.0,200,lists/bcms_setimes/list.bcms_setimes.attrib=ig_mpd=3_thresh=0.9_docnorm=F_tfidf=F.csv
0.18,0.82,0.0,0.0,0.0,0.0,0.0,200,lists/bcms_setimes/list.bcms_setimes.attrib=lime_mpd=11_thresh=0.5_docnorm=F_tfidf=T.csv
0.215,0.775,0.0,0.0,0.0,0.0,0.0,200,lists/bcms_setimes/list.bcms_setimes.attrib=ig_mpd=17_thresh=1.0_docnorm=F_tfidf=T.csv
0.675,0.26,0.0,0.035,0.035,0.035,0.035,200,lists/bcms_setimes/list.bcms_setimes.attrib=ig_mpd=9_thresh=0.7_docnorm=T_tfidf=T.csv
0.485,0.39,0.0,0.095,0.095,0.095,0.095,200,lists/bcms_setimes/list.bcms_setimes.attrib=shap_mpd=8_thresh=0.5_docnorm=T_tfidf=F.csv
0.205,0.79,0.0,0.005,0.005,0.005,0.005,200,lists/bcms_setimes/list.bcms_setimes.attrib=shap_mpd=2_thresh=0.5_docnorm=F_tfidf=F.csv
0.18,0.82,0.0,0.0,0.0,0.0,0.0,200,lists/bcms_setimes/list.bcms_setimes.attrib=ig_mpd=8_thresh=0.7_docnorm=F_tfidf=T.csv
0.46,0.43,0.0,0.08,0.08,0.08,0.08,200,lists/bcms_setimes/list.bcms_setimes.attrib=shap_mpd=4_thresh=0.7_docnorm=T_tfidf=F.csv
0.74,0.245,0.0,0.0,0.0,0.0,0.0,200,lists/bcms_setimes/list.bcms_setimes.attrib=ig_mpd=17_thresh=0.9_docnorm=T_tfidf=F.csv
0.365,0.605,0.0,0.0,0.0,0.0,0.0,200,lists/bcms_setimes/list.bcms_setimes.attrib=lime_mpd=4_thresh=1.0_docnorm=T_tfidf=T.csv
0.44,0.535,0.0,0.0,0.0,0.0,0.0,200,lists/bcms_setimes/list.bcms_setimes.attrib=lime_mpd=15_thresh=1.0_docnorm=T_tfidf=T.csv
0.4,0.565,0.0,0.0,0.0,0.0,0.0,200,lists/bcms_setimes/list.bcms_setimes.attrib=lime_mpd=8_thresh=0.8_docnorm=T_tfidf=T.csv
0.345,0.44,0.0,0.15,0.15,0.15,0.15,200,lists/bcms_setimes/list.bcms_setimes.attrib=shap_mpd=2_thresh=0.4_docnorm=T_tfidf=T.csv
0.17,0.83,0.0,0.0,0.0,0.0,0.0,200,lists/bcms_setimes/list.bcms_setimes.attrib=shap_mpd=11_thresh=0.7_docnorm=F_tfidf=F.csv
0.2,0.79,0.0,0.01,0.01,0.01,0.01,200,lists/bcms_setimes/list.bcms_setimes.attrib=shap_mpd=14_thresh=0.4_docnorm=F_tfidf=T.csv
0.18,0.82,0.0,0.0,0.0,0.0,0.0,200,lists/bcms_setimes/list.bcms_setimes.attrib=shap_mpd=16_thresh=0.5_docnorm=F_tfidf=F.csv
0.33,0.315,0.0,0.34,0.525,0.655,0.75,200,lists/bcms_setimes/list.bcms_setimes.attrib=shap_mpd=15_thresh=0.2_docnorm=T_tfidf=T.csv
0.63,0.365,0.0,0.0,0.0,0.0,0.0,200,lists/bcms_setimes/list.bcms_setimes.attrib=ig_mpd=17_thresh=1.0_docnorm=T_tfidf=F.csv
0.18,0.82,0.0,0.0,0.0,0.0,0.0,200,lists/bcms_setimes/list.bcms_setimes.attrib=lime_mpd=12_thresh=0.1_docnorm=F_tfidf=T.csv
0.19,0.8,0.0,0.01,0.01,0.01,0.01,200,lists/bcms_setimes/list.bcms_setimes.attrib=shap_mpd=9_thresh=0.1_docnorm=F_tfidf=T.csv
0.705,0.275,0.0,0.0,0.0,0.0,0.0,200,lists/bcms_setimes/list.bcms_setimes.attrib=ig_mpd=9_thresh=0.9_docnorm=T_tfidf=F.csv
0.47,0.435,0.0,0.075,0.075,0.075,0.075,200,lists/bcms_setimes/list.bcms_setimes.attrib=shap_mpd=9_thresh=0.8_docnorm=T_tfidf=F.csv
0.16,0.805,0.0,0.035,0.035,0.035,0.035,200,lists/bcms_setimes/list.bcms_setimes.attrib=loo_mpd=18_thresh=0.1_docnorm=F_tfidf=T.csv
0.44,0.33,0.0,0.165,0.165,0.165,0.24,200,lists/bcms_setimes/list.bcms_setimes.attrib=shap_mpd=13_thresh=0.4_docnorm=T_tfidf=F.csv
0.185,0.815,0.0,0.0,0.0,0.0,0.0,200,lists/bcms_setimes/list.bcms_setimes.attrib=ig_mpd=9_thresh=0.3_docnorm=F_tfidf=T.csv
0.33,0.125,0.515,0.975,0.99,1.0,1.0,200,lists/bcms_setimes/list.bcms_setimes.attrib=shap_mpd=9_thresh=0.1_docnorm=T_tfidf=F.csv
0.39,0.355,0.0,0.12,0.2,0.38,0.515,200,lists/bcms_setimes/list.bcms_setimes.attrib=loo_mpd=4_thresh=0.2_docnorm=T_tfidf=F.csv
0.18,0.82,0.0,0.0,0.0,0.0,0.0,200,lists/bcms_setimes/list.bcms_setimes.attrib=lime_mpd=7_thresh=1.0_docnorm=F_tfidf=F.csv
0.59,0.285,0.0,0.075,0.075,0.075,0.075,200,lists/bcms_setimes/list.bcms_setimes.attrib=ig_mpd=11_thresh=0.5_docnorm=T_tfidf=T.csv
0.445,0.54,0.0,0.0,0.0,0.0,0.0,200,lists/bcms_setimes/list.bcms_setimes.attrib=lime_mpd=10_thresh=1.0_docnorm=T_tfidf=F.csv
0.39,0.44,0.0,0.085,0.085,0.11,0.145,200,lists/bcms_setimes/list.bcms_setimes.attrib=loo_mpd=6_thresh=0.3_docnorm=T_tfidf=F.csv
0.335,0.485,0.0,0.14,0.14,0.14,0.14,200,lists/bcms_setimes/list.bcms_setimes.attrib=loo_mpd=20_thresh=0.7_docnorm=T_tfidf=T.csv
0.2,0.79,0.0,0.01,0.01,0.01,0.01,200,lists/bcms_setimes/list.bcms_setimes.attrib=shap_mpd=14_thresh=0.3_docnorm=F_tfidf=T.csv
0.72,0.24,0.0,0.005,0.005,0.005,0.005,200,lists/bcms_setimes/list.bcms_setimes.attrib=ig_mpd=15_thresh=0.8_docnorm=T_tfidf=F.csv
0.655,0.305,0.0,0.015,0.015,0.015,0.015,200,lists/bcms_setimes/list.bcms_setimes.attrib=ig_mpd=19_thresh=0.9_docnorm=T_tfidf=T.csv
0.195,0.795,0.0,0.01,0.01,0.01,0.01,200,lists/bcms_setimes/list.bcms_setimes.attrib=shap_mpd=19_thresh=0.8_docnorm=F_tfidf=T.csv
0.5,0.45,0.0,0.0,0.0,0.0,0.005,200,lists/bcms_setimes/list.bcms_setimes.attrib=lime_mpd=11_thresh=0.6_docnorm=T_tfidf=F.csv
0.17,0.83,0.0,0.0,0.0,0.0,0.0,200,lists/bcms_setimes/list.bcms_setimes.attrib=shap_mpd=9_thresh=0.4_docnorm=F_tfidf=F.csv
0.22,0.345,0.35,0.77,0.825,0.9,0.925,200,lists/bcms_setimes/list.bcms_setimes.attrib=ig_mpd=9_thresh=0.1_docnorm=T_tfidf=T.csv
0.68,0.26,0.0,0.03,0.03,0.03,0.03,200,lists/bcms_setimes/list.bcms_setimes.attrib=ig_mpd=13_thresh=0.7_docnorm=T_tfidf=T.csv
0.42,0.535,0.0,0.04,0.04,0.04,0.04,200,lists/bcms_setimes/list.bcms_setimes.attrib=shap_mpd=7_thresh=1.0_docnorm=T_tfidf=F.csv
0.355,0.45,0.0,0.16,0.16,0.16,0.16,200,lists/bcms_setimes/list.bcms_setimes.attrib=shap_mpd=9_thresh=0.7_docnorm=T_tfidf=T.csv
0.18,0.82,0.0,0.0,0.0,0.0,0.0,200,lists/bcms_setimes/list.bcms_setimes.attrib=lime_mpd=7_thresh=0.2_docnorm=F_tfidf=F.csv
0.185,0.815,0.0,0.0,0.0,0.0,0.0,200,lists/bcms_setimes/list.bcms_setimes.attrib=lime_mpd=18_thresh=0.4_docnorm=F_tfidf=F.csv
0.4,0.345,0.0,0.21,0.37,0.545,0.67,200,lists/bcms_setimes/list.bcms_setimes.attrib=ig_mpd=14_thresh=0.2_docnorm=T_tfidf=T.csv
0.175,0.825,0.0,0.0,0.0,0.0,0.0,200,lists/bcms_setimes/list.bcms_setimes.attrib=lime_mpd=11_thresh=0.3_docnorm=F_tfidf=F.csv
0.46,0.385,0.0,0.135,0.135,0.135,0.135,200,lists/bcms_setimes/list.bcms_setimes.attrib=shap_mpd=19_thresh=0.6_docnorm=T_tfidf=F.csv
0.73,0.23,0.0,0.005,0.005,0.005,0.005,200,lists/bcms_setimes/list.bcms_setimes.attrib=ig_mpd=14_thresh=0.8_docnorm=T_tfidf=F.csv
0.7,0.23,0.0,0.035,0.035,0.135,0.245,200,lists/bcms_setimes/list.bcms_setimes.attrib=ig_mpd=20_thresh=0.3_docnorm=T_tfidf=F.csv
0.145,0.845,0.0,0.01,0.01,0.01,0.01,200,lists/bcms_setimes/list.bcms_setimes.attrib=loo_mpd=19_thresh=0.4_docnorm=F_tfidf=F.csv
0.61,0.285,0.0,0.065,0.21,0.36,0.47,200,lists/bcms_setimes/list.bcms_setimes.attrib=ig_mpd=10_thresh=0.2_docnorm=T_tfidf=F.csv
0.185,0.815,0.0,0.0,0.0,0.0,0.0,200,lists/bcms_setimes/list.bcms_setimes.attrib=lime_mpd=20_thresh=0.7_docnorm=F_tfidf=T.csv
0.475,0.425,0.0,0.065,0.065,0.065,0.065,200,lists/bcms_setimes/list.bcms_setimes.attrib=shap_mpd=11_thresh=0.9_docnorm=T_tfidf=F.csv
0.185,0.815,0.0,0.0,0.0,0.0,0.0,200,lists/bcms_setimes/list.bcms_setimes.attrib=shap_mpd=5_thresh=0.3_docnorm=F_tfidf=F.csv
0.19,0.8,0.0,0.01,0.01,0.01,0.01,200,lists/bcms_setimes/list.bcms_setimes.attrib=shap_mpd=10_thresh=0.2_docnorm=F_tfidf=T.csv
0.165,0.81,0.0,0.01,0.01,0.01,0.01,200,lists/bcms_setimes/list.bcms_setimes.attrib=ig_mpd=11_thresh=0.3_docnorm=F_tfidf=F.csv
0.195,0.795,0.0,0.01,0.01,0.01,0.01,200,lists/bcms_setimes/list.bcms_setimes.attrib=shap_mpd=18_thresh=0.6_docnorm=F_tfidf=T.csv
0.46,0.47,0.0,0.0,0.0,0.0,0.0,200,lists/bcms_setimes/list.bcms_setimes.attrib=lime_mpd=20_thresh=0.7_docnorm=T_tfidf=T.csv
0.31,0.44,0.0,0.14,0.14,0.14,0.14,200,lists/bcms_setimes/list.bcms_setimes.attrib=loo_mpd=20_thresh=0.5_docnorm=T_tfidf=T.csv
0.455,0.53,0.0,0.0,0.0,0.0,0.0,200,lists/bcms_setimes/list.bcms_setimes.attrib=lime_mpd=17_thresh=1.0_docnorm=T_tfidf=F.csv
0.165,0.815,0.0,0.005,0.005,0.005,0.005,200,lists/bcms_setimes/list.bcms_setimes.attrib=ig_mpd=9_thresh=0.4_docnorm=F_tfidf=F.csv
0.16,0.8,0.0,0.035,0.035,0.035,0.035,200,lists/bcms_setimes/list.bcms_setimes.attrib=loo_mpd=9_thresh=0.3_docnorm=F_tfidf=T.csv
0.215,0.775,0.0,0.0,0.0,0.0,0.0,200,lists/bcms_setimes/list.bcms_setimes.attrib=ig_mpd=16_thresh=0.9_docnorm=F_tfidf=T.csv
0.23,0.23,0.355,0.825,0.86,0.915,0.94,200,lists/bcms_setimes/list.bcms_setimes.attrib=shap_mpd=9_thresh=0.1_docnorm=T_tfidf=T.csv
0.18,0.82,0.0,0.0,0.0,0.0,0.0,200,lists/bcms_setimes/list.bcms_setimes.attrib=lime_mpd=4_thresh=0.6_docnorm=F_tfidf=F.csv
0.165,0.795,0.0,0.035,0.035,0.035,0.035,200,lists/bcms_setimes/list.bcms_setimes.attrib=loo_mpd=11_thresh=0.6_docnorm=F_tfidf=T.csv
0.385,0.335,0.0,0.16,0.16,0.315,0.46,200,lists/bcms_setimes/list.bcms_setimes.attrib=shap_mpd=11_thresh=0.3_docnorm=T_tfidf=T.csv
0.18,0.82,0.0,0.0,0.0,0.0,0.0,200,lists/bcms_setimes/list.bcms_setimes.attrib=lime_mpd=14_thresh=0.7_docnorm=F_tfidf=F.csv
0.495,0.455,0.0,0.0,0.0,0.0,0.005,200,lists/bcms_setimes/list.bcms_setimes.attrib=lime_mpd=13_thresh=0.6_docnorm=T_tfidf=F.csv
0.66,0.28,0.0,0.035,0.035,0.035,0.035,200,lists/bcms_setimes/list.bcms_setimes.attrib=ig_mpd=8_thresh=0.6_docnorm=T_tfidf=T.csv
0.18,0.805,0.0,0.0,0.0,0.0,0.0,200,lists/bcms_setimes/list.bcms_setimes.attrib=ig_mpd=5_thresh=0.9_docnorm=F_tfidf=F.csv
0.375,0.525,0.0,0.0,0.0,0.0,0.005,200,lists/bcms_setimes/list.bcms_setimes.attrib=lime_mpd=2_thresh=0.4_docnorm=T_tfidf=T.csv
0.28,0.495,0.0,0.14,0.14,0.14,0.14,200,lists/bcms_setimes/list.bcms_setimes.attrib=loo_mpd=9_thresh=0.5_docnorm=T_tfidf=T.csv
0.46,0.425,0.0,0.0,0.005,0.09,0.225,200,lists/bcms_setimes/list.bcms_setimes.attrib=lime_mpd=3_thresh=0.3_docnorm=T_tfidf=F.csv
0.245,0.74,0.0,0.0,0.0,0.0,0.0,200,lists/bcms_setimes/list.bcms_setimes.attrib=ig_mpd=1_thresh=0.7_docnorm=F_tfidf=F.csv
0.19,0.8,0.0,0.01,0.01,0.01,0.01,200,lists/bcms_setimes/list.bcms_setimes.attrib=shap_mpd=7_thresh=0.2_docnorm=F_tfidf=T.csv
0.145,0.845,0.0,0.01,0.01,0.01,0.01,200,lists/bcms_setimes/list.bcms_setimes.attrib=loo_mpd=9_thresh=0.7_docnorm=F_tfidf=F.csv
0.31,0.45,0.0,0.12,0.12,0.12,0.12,200,lists/bcms_setimes/list.bcms_setimes.attrib=loo_mpd=17_thresh=0.4_docnorm=T_tfidf=T.csv
0.305,0.37,0.0,0.19,0.34,0.515,0.63,200,lists/bcms_setimes/list.bcms_setimes.attrib=loo_mpd=14_thresh=0.2_docnorm=T_tfidf=T.csv
0.335,0.485,0.0,0.14,0.14,0.14,0.14,200,lists/bcms_setimes/list.bcms_setimes.attrib=loo_mpd=18_thresh=0.7_docnorm=T_tfidf=T.csv
0.74,0.235,0.0,0.0,0.0,0.0,0.0,200,lists/bcms_setimes/list.bcms_setimes.attrib=ig_mpd=10_thresh=0.8_docnorm=T_tfidf=F.csv
0.28,0.155,0.47,0.96,0.98,0.995,1.0,200,lists/bcms_setimes/list.bcms_setimes.attrib=loo_mpd=7_thresh=0.1_docnorm=T_tfidf=F.csv
0.18,0.82,0.0,0.0,0.0,0.0,0.0,200,lists/bcms_setimes/list.bcms_setimes.attrib=ig_mpd=6_thresh=0.5_docnorm=F_tfidf=T.csv
0.19,0.8,0.0,0.01,0.01,0.01,0.01,200,lists/bcms_setimes/list.bcms_setimes.attrib=shap_mpd=10_thresh=1.0_docnorm=F_tfidf=T.csv
0.2,0.785,0.0,0.0,0.0,0.0,0.0,200,lists/bcms_setimes/list.bcms_setimes.attrib=ig_mpd=3_thresh=0.6_docnorm=F_tfidf=F.csv
0.335,0.315,0.0,0.32,0.52,0.65,0.745,200,lists/bcms_setimes/list.bcms_setimes.attrib=shap_mpd=12_thresh=0.2_docnorm=T_tfidf=T.csv
0.195,0.795,0.0,0.01,0.01,0.01,0.01,200,lists/bcms_setimes/list.bcms_setimes.attrib=shap_mpd=18_thresh=0.7_docnorm=F_tfidf=T.csv
0.455,0.53,0.0,0.0,0.0,0.0,0.0,200,lists/bcms_setimes/list.bcms_setimes.attrib=lime_mpd=15_thresh=1.0_docnorm=T_tfidf=F.csv
0.485,0.47,0.0,0.0,0.0,0.0,0.0,200,lists/bcms_setimes/list.bcms_setimes.attrib=lime_mpd=5_thresh=0.5_docnorm=T_tfidf=F.csv
0.18,0.82,0.0,0.0,0.0,0.0,0.0,200,lists/bcms_setimes/list.bcms_setimes.attrib=lime_mpd=10_thresh=0.7_docnorm=F_tfidf=T.csv
0.275,0.17,0.525,0.98,0.985,0.99,1.0,200,lists/bcms_setimes/list.bcms_setimes.attrib=loo_mpd=18_thresh=0.1_docnorm=T_tfidf=F.csv
0.46,0.44,0.0,0.0,0.0,0.0,0.005,200,lists/bcms_setimes/list.bcms_setimes.attrib=lime_mpd=7_thresh=0.5_docnorm=T_tfidf=T.csv
0.145,0.845,0.0,0.01,0.01,0.01,0.01,200,lists/bcms_setimes/list.bcms_setimes.attrib=loo_mpd=8_thresh=0.9_docnorm=F_tfidf=F.csv
0.31,0.485,0.0,0.135,0.135,0.135,0.135,200,lists/bcms_setimes/list.bcms_setimes.attrib=loo_mpd=16_thresh=0.6_docnorm=T_tfidf=T.csv
0.19,0.81,0.0,0.0,0.0,0.0,0.0,200,lists/bcms_setimes/list.bcms_setimes.attrib=lime_mpd=3_thresh=0.5_docnorm=F_tfidf=T.csv
0.325,0.125,0.515,0.975,0.99,1.0,1.0,200,lists/bcms_setimes/list.bcms_setimes.attrib=shap_mpd=10_thresh=0.1_docnorm=T_tfidf=F.csv
0.2,0.79,0.0,0.01,0.01,0.01,0.01,200,lists/bcms_setimes/list.bcms_setimes.attrib=shap_mpd=14_thresh=0.9_docnorm=F_tfidf=T.csv
0.5,0.435,0.0,0.0,0.0,0.0,0.085,200,lists/bcms_setimes/list.bcms_setimes.attrib=lime_mpd=20_thresh=0.4_docnorm=T_tfidf=F.csv
0.725,0.26,0.0,0.0,0.0,0.0,0.0,200,lists/bcms_setimes/list.bcms_setimes.attrib=ig_mpd=15_thresh=0.9_docnorm=T_tfidf=F.csv
0.405,0.475,0.0,0.0,0.0,0.0,0.01,200,lists/bcms_setimes/list.bcms_setimes.attrib=lime_mpd=3_thresh=0.4_docnorm=T_tfidf=T.csv
0.475,0.415,0.0,0.095,0.095,0.095,0.095,200,lists/bcms_setimes/list.bcms_setimes.attrib=shap_mpd=12_thresh=0.8_docnorm=T_tfidf=F.csv
0.47,0.45,0.0,0.0,0.0,0.0,0.005,200,lists/bcms_setimes/list.bcms_setimes.attrib=lime_mpd=12_thresh=0.5_docnorm=T_tfidf=T.csv
0.31,0.45,0.0,0.105,0.105,0.105,0.105,200,lists/bcms_setimes/list.bcms_setimes.attrib=loo_mpd=11_thresh=0.4_docnorm=T_tfidf=T.csv
0.145,0.845,0.0,0.01,0.01,0.01,0.01,200,lists/bcms_setimes/list.bcms_setimes.attrib=loo_mpd=13_thresh=0.1_docnorm=F_tfidf=F.csv
0.185,0.815,0.0,0.0,0.0,0.0,0.0,200,lists/bcms_setimes/list.bcms_setimes.attrib=ig_mpd=9_thresh=0.7_docnorm=F_tfidf=T.csv
0.165,0.81,0.0,0.01,0.01,0.01,0.01,200,lists/bcms_setimes/list.bcms_setimes.attrib=ig_mpd=10_thresh=0.8_docnorm=F_tfidf=F.csv
0.145,0.845,0.0,0.01,0.01,0.01,0.01,200,lists/bcms_setimes/list.bcms_setimes.attrib=loo_mpd=7_thresh=0.7_docnorm=F_tfidf=F.csv
0.335,0.32,0.0,0.315,0.505,0.645,0.74,200,lists/bcms_setimes/list.bcms_setimes.attrib=shap_mpd=11_thresh=0.2_docnorm=T_tfidf=T.csv
0.36,0.45,0.0,0.095,0.135,0.205,0.27,200,lists/bcms_setimes/list.bcms_setimes.attrib=loo_mpd=2_thresh=0.2_docnorm=T_tfidf=F.csv
0.205,0.75,0.0,0.04,0.04,0.04,0.04,200,lists/bcms_setimes/list.bcms_setimes.attrib=loo_mpd=1_thresh=0.5_docnorm=F_tfidf=T.csv
0.18,0.82,0.0,0.0,0.0,0.0,0.0,200,lists/bcms_setimes/list.bcms_setimes.attrib=lime_mpd=12_thresh=0.7_docnorm=F_tfidf=T.csv
0.185,0.815,0.0,0.0,0.0,0.0,0.0,200,lists/bcms_setimes/list.bcms_setimes.attrib=lime_mpd=7_thresh=0.4_docnorm=F_tfidf=T.csv
0.18,0.82,0.0,0.0,0.0,0.0,0.0,200,lists/bcms_setimes/list.bcms_setimes.attrib=lime_mpd=5_thresh=0.8_docnorm=F_tfidf=F.csv
0.47,0.305,0.0,0.205,0.385,0.555,0.685,200,lists/bcms_setimes/list.bcms_setimes.attrib=shap_mpd=4_thresh=0.2_docnorm=T_tfidf=F.csv
0.22,0.77,0.0,0.0,0.0,0.0,0.0,200,lists/bcms_setimes/list.bcms_setimes.attrib=ig_mpd=19_thresh=0.9_docnorm=F_tfidf=T.csv
0.31,0.45,0.0,0.125,0.125,0.14,0.17,200,lists/bcms_setimes/list.bcms_setimes.attrib=loo_mpd=6_thresh=0.3_docnorm=T_tfidf=T.csv
0.475,0.42,0.0,0.085,0.085,0.085,0.085,200,lists/bcms_setimes/list.bcms_setimes.attrib=shap_mpd=10_thresh=0.8_docnorm=T_tfidf=F.csv
0.69,0.26,0.0,0.035,0.035,0.035,0.035,200,lists/bcms_setimes/list.bcms_setimes.attrib=ig_mpd=18_thresh=0.8_docnorm=T_tfidf=T.csv
0.315,0.38,0.0,0.165,0.25,0.385,0.505,200,lists/bcms_setimes/list.bcms_setimes.attrib=loo_mpd=7_thresh=0.2_docnorm=T_tfidf=T.csv
0.17,0.83,0.0,0.0,0.0,0.0,0.0,200,lists/bcms_setimes/list.bcms_setimes.attrib=shap_mpd=10_thresh=1.0_docnorm=F_tfidf=F.csv
0.18,0.82,0.0,0.0,0.0,0.0,0.0,200,lists/bcms_setimes/list.bcms_setimes.attrib=lime_mpd=8_thresh=0.7_docnorm=F_tfidf=F.csv
0.55,0.405,0.0,0.0,0.0,0.0,0.0,200,lists/bcms_setimes/list.bcms_setimes.attrib=lime_mpd=18_thresh=0.5_docnorm=T_tfidf=F.csv
0.425,0.475,0.0,0.085,0.085,0.085,0.085,200,lists/bcms_setimes/list.bcms_setimes.attrib=shap_mpd=3_thresh=0.6_docnorm=T_tfidf=F.csv
0.22,0.78,0.0,0.0,0.0,0.0,0.0,200,lists/bcms_setimes/list.bcms_setimes.attrib=lime_mpd=1_thresh=0.2_docnorm=F_tfidf=T.csv
0.205,0.785,0.0,0.01,0.01,0.01,0.01,200,lists/bcms_setimes/list.bcms_setimes.attrib=shap_mpd=3_thresh=0.3_docnorm=F_tfidf=T.csv
0.56,0.285,0.0,0.065,0.065,0.065,0.085,200,lists/bcms_setimes/list.bcms_setimes.attrib=ig_mpd=11_thresh=0.4_docnorm=T_tfidf=T.csv
0.35,0.425,0.0,0.15,0.15,0.15,0.15,200,lists/bcms_setimes/list.bcms_setimes.attrib=shap_mpd=4_thresh=0.5_docnorm=T_tfidf=T.csv
0.6,0.37,0.0,0.0,0.0,0.0,0.0,200,lists/bcms_setimes/list.bcms_setimes.attrib=ig_mpd=1_thresh=0.6_docnorm=T_tfidf=F.csv
0.45,0.48,0.0,0.0,0.0,0.0,0.0,200,lists/bcms_setimes/list.bcms_setimes.attrib=lime_mpd=11_thresh=0.7_docnorm=T_tfidf=T.csv
0.235,0.765,0.0,0.0,0.0,0.0,0.0,200,lists/bcms_setimes/list.bcms_setimes.attrib=lime_mpd=1_thresh=0.1_docnorm=F_tfidf=F.csv
0.445,0.37,0.0,0.105,0.105,0.2,0.315,200,lists/bcms_setimes/list.bcms_setimes.attrib=loo_mpd=13_thresh=0.3_docnorm=T_tfidf=F.csv
0.185,0.815,0.0,0.0,0.0,0.0,0.0,200,lists/bcms_setimes/list.bcms_setimes.attrib=lime_mpd=19_thresh=0.1_docnorm=F_tfidf=T.csv
0.295,0.585,0.0,0.095,0.095,0.095,0.095,200,lists/bcms_setimes/list.bcms_setimes.attrib=loo_mpd=6_thresh=0.8_docnorm=T_tfidf=T.csv
0.18,0.82,0.0,0.0,0.0,0.0,0.0,200,lists/bcms_setimes/list.bcms_setimes.attrib=lime_mpd=16_thresh=0.5_docnorm=F_tfidf=F.csv
0.245,0.755,0.0,0.0,0.0,0.0,0.0,200,lists/bcms_setimes/list.bcms_setimes.attrib=shap_mpd=1_thresh=1.0_docnorm=F_tfidf=T.csv
0.51,0.4,0.0,0.0,0.025,0.23,0.435,200,lists/bcms_setimes/list.bcms_setimes.attrib=lime_mpd=17_thresh=0.3_docnorm=T_tfidf=F.csv
0.18,0.82,0.0,0.0,0.0,0.0,0.0,200,lists/bcms_setimes/list.bcms_setimes.attrib=ig_mpd=7_thresh=0.9_docnorm=F_tfidf=T.csv
0.635,0.325,0.0,0.015,0.015,0.015,0.015,200,lists/bcms_setimes/list.bcms_setimes.attrib=ig_mpd=13_thresh=0.9_docnorm=T_tfidf=T.csv
0.2,0.79,0.0,0.0,0.0,0.0,0.0,200,lists/bcms_setimes/list.bcms_setimes.attrib=ig_mpd=12_thresh=1.0_docnorm=F_tfidf=T.csv
0.175,0.825,0.0,0.0,0.0,0.0,0.0,200,lists/bcms_setimes/list.bcms_setimes.attrib=shap_mpd=14_thresh=0.5_docnorm=F_tfidf=F.csv
0.3,0.605,0.0,0.075,0.075,0.075,0.075,200,lists/bcms_setimes/list.bcms_setimes.attrib=loo_mpd=4_thresh=0.9_docnorm=T_tfidf=T.csv
0.57,0.365,0.0,0.04,0.04,0.04,0.04,200,lists/bcms_setimes/list.bcms_setimes.attrib=ig_mpd=4_thresh=0.8_docnorm=T_tfidf=T.csv
0.205,0.785,0.0,0.0,0.0,0.0,0.0,200,lists/bcms_setimes/list.bcms_setimes.attrib=ig_mpd=2_thresh=1.0_docnorm=F_tfidf=F.csv
0.55,0.28,0.0,0.08,0.08,0.08,0.125,200,lists/bcms_setimes/list.bcms_setimes.attrib=ig_mpd=16_thresh=0.4_docnorm=T_tfidf=T.csv
0.175,0.8,0.0,0.01,0.01,0.01,0.01,200,lists/bcms_setimes/list.bcms_setimes.attrib=ig_mpd=15_thresh=0.6_docnorm=F_tfidf=F.csv
0.42,0.555,0.0,0.0,0.0,0.0,0.0,200,lists/bcms_setimes/list.bcms_setimes.attrib=lime_mpd=12_thresh=0.8_docnorm=T_tfidf=T.csv
0.435,0.54,0.0,0.0,0.0,0.0,0.0,200,lists/bcms_setimes/list.bcms_setimes.attrib=lime_mpd=18_thresh=1.0_docnorm=T_tfidf=T.csv
0.43,0.545,0.0,0.0,0.0,0.0,0.0,200,lists/bcms_setimes/list.bcms_setimes.attrib=lime_mpd=18_thresh=0.8_docnorm=T_tfidf=T.csv
0.525,0.32,0.0,0.18,0.475,0.68,0.775,200,lists/bcms_setimes/list.bcms_setimes.attrib=lime_mpd=9_thresh=0.2_docnorm=T_tfidf=F.csv
0.17,0.79,0.0,0.035,0.035,0.035,0.035,200,lists/bcms_setimes/list.bcms_setimes.attrib=loo_mpd=5_thresh=0.5_docnorm=F_tfidf=T.csv
0.2,0.785,0.0,0.0,0.0,0.0,0.0,200,lists/bcms_setimes/list.bcms_setimes.attrib=ig_mpd=3_thresh=0.2_docnorm=F_tfidf=F.csv
0.375,0.465,0.0,0.09,0.09,0.09,0.09,200,lists/bcms_setimes/list.bcms_setimes.attrib=loo_mpd=8_thresh=0.5_docnorm=T_tfidf=F.csv
0.425,0.375,0.0,0.155,0.37,0.57,0.67,200,lists/bcms_setimes/list.bcms_setimes.attrib=lime_mpd=13_thresh=0.2_docnorm=T_tfidf=T.csv
0.175,0.8,0.0,0.01,0.01,0.01,0.01,200,lists/bcms_setimes/list.bcms_setimes.attrib=ig_mpd=14_thresh=0.8_docnorm=F_tfidf=F.csv
0.69,0.265,0.0,0.005,0.005,0.005,0.005,200,lists/bcms_setimes/list.bcms_setimes.attrib=ig_mpd=2_thresh=0.6_docnorm=T_tfidf=F.csv
0.22,0.35,0.36,0.77,0.825,0.9,0.92,200,lists/bcms_setimes/list.bcms_setimes.attrib=ig_mpd=10_thresh=0.1_docnorm=T_tfidf=T.csv
0.33,0.12,0.52,0.975,0.99,1.0,1.0,200,lists/bcms_setimes/list.bcms_setimes.attrib=shap_mpd=19_thresh=0.1_docnorm=T_tfidf=F.csv
0.295,0.655,0.0,0.0,0.0,0.005,0.005,200,lists/bcms_setimes/list.bcms_setimes.attrib=lime_mpd=1_thresh=0.3_docnorm=T_tfidf=F.csv
0.195,0.8,0.0,0.0,0.0,0.0,0.0,200,lists/bcms_setimes/list.bcms_setimes.attrib=ig_mpd=11_thresh=0.9_docnorm=F_tfidf=T.csv
0.175,0.825,0.0,0.0,0.0,0.0,0.0,200,lists/bcms_setimes/list.bcms_setimes.attrib=shap_mpd=15_thresh=0.8_docnorm=F_tfidf=F.csv
0.35,0.4,0.0,0.175,0.175,0.175,0.175,200,lists/bcms_setimes/list.bcms_setimes.attrib=shap_mpd=6_thresh=0.5_docnorm=T_tfidf=T.csv
0.165,0.82,0.0,0.0,0.0,0.0,0.0,200,lists/bcms_setimes/list.bcms_setimes.attrib=ig_mpd=7_thresh=0.9_docnorm=F_tfidf=F.csv
0.185,0.815,0.0,0.0,0.0,0.0,0.0,200,lists/bcms_setimes/list.bcms_setimes.attrib=lime_mpd=17_thresh=0.2_docnorm=F_tfidf=T.csv
0.48,0.415,0.0,0.075,0.075,0.075,0.075,200,lists/bcms_setimes/list.bcms_setimes.attrib=shap_mpd=17_thresh=0.9_docnorm=T_tfidf=F.csv
0.53,0.185,0.775,0.935,0.975,0.99,0.995,200,lists/bcms_setimes/list.bcms_setimes.attrib=lime_mpd=18_thresh=0.1_docnorm=T_tfidf=F.csv
0.22,0.78,0.0,0.0,0.0,0.0,0.0,200,lists/bcms_setimes/list.bcms_setimes.attrib=lime_mpd=1_thresh=1.0_docnorm=F_tfidf=T.csv
0.71,0.22,0.0,0.03,0.03,0.03,0.065,200,lists/bcms_setimes/list.bcms_setimes.attrib=ig_mpd=16_thresh=0.4_docnorm=T_tfidf=F.csv
0.19,0.8,0.0,0.01,0.01,0.01,0.01,200,lists/bcms_setimes/list.bcms_setimes.attrib=shap_mpd=10_thresh=0.4_docnorm=F_tfidf=T.csv
0.215,0.775,0.0,0.0,0.0,0.0,0.0,200,lists/bcms_setimes/list.bcms_setimes.attrib=ig_mpd=16_thresh=0.4_docnorm=F_tfidf=T.csv
0.395,0.44,0.0,0.125,0.125,0.125,0.125,200,lists/bcms_setimes/list.bcms_setimes.attrib=shap_mpd=7_thresh=0.8_docnorm=T_tfidf=T.csv
0.2,0.79,0.0,0.0,0.0,0.0,0.0,200,lists/bcms_setimes/list.bcms_setimes.attrib=ig_mpd=13_thresh=0.9_docnorm=F_tfidf=T.csv
0.145,0.845,0.0,0.01,0.01,0.01,0.01,200,lists/bcms_setimes/list.bcms_setimes.attrib=loo_mpd=10_thresh=0.9_docnorm=F_tfidf=F.csv
0.53,0.185,0.775,0.935,0.975,0.99,0.995,200,lists/bcms_setimes/list.bcms_setimes.attrib=lime_mpd=14_thresh=0.1_docnorm=T_tfidf=F.csv
0.54,0.3,0.0,0.07,0.07,0.07,0.105,200,lists/bcms_setimes/list.bcms_setimes.attrib=ig_mpd=14_thresh=0.4_docnorm=T_tfidf=T.csv
0.74,0.22,0.0,0.005,0.005,0.005,0.005,200,lists/bcms_setimes/list.bcms_setimes.attrib=ig_mpd=6_thresh=0.6_docnorm=T_tfidf=F.csv
0.305,0.545,0.0,0.07,0.085,0.125,0.145,200,lists/bcms_setimes/list.bcms_setimes.attrib=loo_mpd=1_thresh=0.2_docnorm=T_tfidf=F.csv
0.4,0.465,0.0,0.005,0.045,0.09,0.155,200,lists/bcms_setimes/list.bcms_setimes.attrib=lime_mpd=1_thresh=0.2_docnorm=T_tfidf=T.csv
0.18,0.78,0.0,0.035,0.035,0.035,0.035,200,lists/bcms_setimes/list.bcms_setimes.attrib=loo_mpd=3_thresh=0.3_docnorm=F_tfidf=T.csv
0.225,0.325,0.41,0.84,0.885,0.93,0.945,200,lists/bcms_setimes/list.bcms_setimes.attrib=ig_mpd=16_thresh=0.1_docnorm=T_tfidf=T.csv
0.18,0.82,0.0,0.0,0.0,0.0,0.0,200,lists/bcms_setimes/list.bcms_setimes.attrib=lime_mpd=10_thresh=0.6_docnorm=F_tfidf=F.csv
0.17,0.83,0.0,0.0,0.0,0.0,0.0,200,lists/bcms_setimes/list.bcms_setimes.attrib=shap_mpd=10_thresh=0.9_docnorm=F_tfidf=F.csv
0.17,0.79,0.0,0.035,0.035,0.035,0.035,200,lists/bcms_setimes/list.bcms_setimes.attrib=loo_mpd=5_thresh=0.3_docnorm=F_tfidf=T.csv
0.18,0.82,0.0,0.0,0.0,0.0,0.0,200,lists/bcms_setimes/list.bcms_setimes.attrib=lime_mpd=10_thresh=0.9_docnorm=F_tfidf=T.csv
0.2,0.8,0.0,0.0,0.0,0.0,0.0,200,lists/bcms_setimes/list.bcms_setimes.attrib=ig_mpd=4_thresh=0.9_docnorm=F_tfidf=T.csv
0.325,0.215,0.405,0.785,0.83,0.895,0.93,200,lists/bcms_setimes/list.bcms_setimes.attrib=ig_mpd=13_thresh=0.1_docnorm=T_tfidf=F.csv
0.22,0.775,0.0,0.005,0.005,0.005,0.005,200,lists/bcms_setimes/list.bcms_setimes.attrib=shap_mpd=1_thresh=0.8_docnorm=F_tfidf=F.csv
0.175,0.8,0.0,0.01,0.01,0.01,0.01,200,lists/bcms_setimes/list.bcms_setimes.attrib=ig_mpd=12_thresh=0.1_docnorm=F_tfidf=F.csv
0.145,0.845,0.0,0.01,0.01,0.01,0.01,200,lists/bcms_setimes/list.bcms_setimes.attrib=loo_mpd=13_thresh=0.8_docnorm=F_tfidf=F.csv
0.49,0.38,0.0,0.1,0.1,0.1,0.1,200,lists/bcms_setimes/list.bcms_setimes.attrib=shap_mpd=10_thresh=0.5_docnorm=T_tfidf=F.csv
0.37,0.35,0.0,0.175,0.175,0.175,0.245,200,lists/bcms_setimes/list.bcms_setimes.attrib=shap_mpd=18_thresh=0.4_docnorm=T_tfidf=T.csv
0.145,0.845,0.0,0.01,0.01,0.01,0.01,200,lists/bcms_setimes/list.bcms_setimes.attrib=loo_mpd=11_thresh=0.9_docnorm=F_tfidf=F.csv
0.725,0.225,0.0,0.01,0.01,0.01,0.01,200,lists/bcms_setimes/list.bcms_setimes.attrib=ig_mpd=12_thresh=0.6_docnorm=T_tfidf=F.csv
0.325,0.315,0.0,0.345,0.53,0.66,0.76,200,lists/bcms_setimes/list.bcms_setimes.attrib=shap_mpd=16_thresh=0.2_docnorm=T_tfidf=T.csv
0.465,0.41,0.0,0.095,0.095,0.095,0.095,200,lists/bcms_setimes/list.bcms_setimes.attrib=shap_mpd=5_thresh=0.6_docnorm=T_tfidf=F.csv
0.18,0.82,0.0,0.0,0.0,0.0,0.0,200,lists/bcms_setimes/list.bcms_setimes.attrib=ig_mpd=6_thresh=0.2_docnorm=F_tfidf=T.csv
0.215,0.775,0.0,0.01,0.01,0.01,0.01,200,lists/bcms_setimes/list.bcms_setimes.attrib=shap_mpd=2_thresh=0.6_docnorm=F_tfidf=T.csv
0.215,0.755,0.0,0.025,0.025,0.025,0.025,200,lists/bcms_setimes/list.bcms_setimes.attrib=loo_mpd=1_thresh=0.9_docnorm=F_tfidf=T.csv
0.265,0.33,0.185,0.555,0.625,0.67,0.715,200,lists/bcms_setimes/list.bcms_setimes.attrib=loo_mpd=1_thresh=0.1_docnorm=T_tfidf=T.csv
0.2,0.785,0.0,0.0,0.0,0.0,0.0,200,lists/bcms_setimes/list.bcms_setimes.attrib=ig_mpd=2_thresh=0.1_docnorm=F_tfidf=F.csv
0.445,0.54,0.0,0.0,0.0,0.0,0.0,200,lists/bcms_setimes/list.bcms_setimes.attrib=lime_mpd=11_thresh=1.0_docnorm=T_tfidf=F.csv
0.245,0.74,0.0,0.0,0.0,0.0,0.0,200,lists/bcms_setimes/list.bcms_setimes.attrib=ig_mpd=1_thresh=0.5_docnorm=F_tfidf=F.csv
0.465,0.405,0.0,0.0,0.0,0.0,0.07,200,lists/bcms_setimes/list.bcms_setimes.attrib=lime_mpd=15_thresh=0.4_docnorm=T_tfidf=T.csv
0.19,0.8,0.0,0.01,0.01,0.01,0.01,200,lists/bcms_setimes/list.bcms_setimes.attrib=loo_mpd=2_thresh=1.0_docnorm=F_tfidf=T.csv
0.18,0.82,0.0,0.0,0.0,0.0,0.0,200,lists/bcms_setimes/list.bcms_setimes.attrib=lime_mpd=9_thresh=0.1_docnorm=F_tfidf=T.csv
0.615,0.28,0.0,0.08,0.24,0.39,0.5,200,lists/bcms_setimes/list.bcms_setimes.attrib=ig_mpd=16_thresh=0.2_docnorm=T_tfidf=F.csv
0.45,0.535,0.0,0.0,0.0,0.0,0.0,200,lists/bcms_setimes/list.bcms_setimes.attrib=lime_mpd=20_thresh=1.0_docnorm=T_tfidf=F.csv
0.455,0.39,0.0,0.135,0.135,0.135,0.135,200,lists/bcms_setimes/list.bcms_setimes.attrib=shap_mpd=13_thresh=0.6_docnorm=T_tfidf=F.csv
0.185,0.815,0.0,0.0,0.0,0.0,0.0,200,lists/bcms_setimes/list.bcms_setimes.attrib=lime_mpd=4_thresh=0.1_docnorm=F_tfidf=T.csv
0.18,0.82,0.0,0.0,0.0,0.0,0.0,200,lists/bcms_setimes/list.bcms_setimes.attrib=lime_mpd=10_thresh=0.2_docnorm=F_tfidf=T.csv
0.145,0.845,0.0,0.01,0.01,0.01,0.01,200,lists/bcms_setimes/list.bcms_setimes.attrib=loo_mpd=14_thresh=1.0_docnorm=F_tfidf=F.csv
0.16,0.8,0.0,0.035,0.035,0.035,0.035,200,lists/bcms_setimes/list.bcms_setimes.attrib=loo_mpd=9_thresh=0.5_docnorm=F_tfidf=T.csv
0.16,0.805,0.0,0.035,0.035,0.035,0.035,200,lists/bcms_setimes/list.bcms_setimes.attrib=loo_mpd=14_thresh=0.6_docnorm=F_tfidf=T.csv
0.235,0.765,0.0,0.0,0.0,0.0,0.0,200,lists/bcms_setimes/list.bcms_setimes.attrib=lime_mpd=1_thresh=0.2_docnorm=F_tfidf=F.csv
0.44,0.535,0.0,0.0,0.0,0.0,0.0,200,lists/bcms_setimes/list.bcms_setimes.attrib=lime_mpd=13_thresh=1.0_docnorm=T_tfidf=T.csv
0.455,0.505,0.0,0.0,0.0,0.0,0.0,200,lists/bcms_setimes/list.bcms_setimes.attrib=lime_mpd=7_thresh=0.8_docnorm=T_tfidf=F.csv
0.355,0.445,0.0,0.125,0.125,0.16,0.19,200,lists/bcms_setimes/list.bcms_setimes.attrib=ig_mpd=1_thresh=0.2_docnorm=T_tfidf=T.csv
0.285,0.475,0.0,0.14,0.14,0.14,0.14,200,lists/bcms_setimes/list.bcms_setimes.attrib=loo_mpd=11_thresh=0.5_docnorm=T_tfidf=T.csv
0.485,0.475,0.0,0.0,0.0,0.0,0.0,200,lists/bcms_setimes/list.bcms_setimes.attrib=lime_mpd=13_thresh=0.8_docnorm=T_tfidf=F.csv
0.38,0.425,0.0,0.15,0.15,0.15,0.15,200,lists/bcms_setimes/list.bcms_setimes.attrib=shap_mpd=7_thresh=0.6_docnorm=T_tfidf=T.csv
0.16,0.8,0.0,0.035,0.035,0.035,0.035,200,lists/bcms_setimes/list.bcms_setimes.attrib=loo_mpd=7_thresh=0.4_docnorm=F_tfidf=T.csv
0.385,0.4,0.0,0.155,0.155,0.155,0.155,200,lists/bcms_setimes/list.bcms_setimes.attrib=shap_mpd=8_thresh=0.6_docnorm=T_tfidf=T.csv
0.16,0.805,0.0,0.035,0.035,0.035,0.035,200,lists/bcms_setimes/list.bcms_setimes.attrib=loo_mpd=16_thresh=0.7_docnorm=F_tfidf=T.csv
0.185,0.815,0.0,0.0,0.0,0.0,0.0,200,lists/bcms_setimes/list.bcms_setimes.attrib=lime_mpd=20_thresh=0.8_docnorm=F_tfidf=F.csv
0.325,0.37,0.0,0.17,0.3,0.455,0.565,200,lists/bcms_setimes/list.bcms_setimes.attrib=loo_mpd=10_thresh=0.2_docnorm=T_tfidf=T.csv
0.18,0.82,0.0,0.0,0.0,0.0,0.0,200,lists/bcms_setimes/list.bcms_setimes.attrib=lime_mpd=13_thresh=0.1_docnorm=F_tfidf=F.csv
0.685,0.295,0.0,0.0,0.0,0.0,0.0,200,lists/bcms_setimes/list.bcms_setimes.attrib=ig_mpd=2_thresh=0.7_docnorm=T_tfidf=F.csv
0.365,0.615,0.0,0.0,0.0,0.0,0.0,200,lists/bcms_setimes/list.bcms_setimes.attrib=lime_mpd=4_thresh=1.0_docnorm=T_tfidf=F.csv
0.39,0.505,0.0,0.075,0.075,0.075,0.075,200,lists/bcms_setimes/list.bcms_setimes.attrib=shap_mpd=1_thresh=0.6_docnorm=T_tfidf=F.csv
0.17,0.83,0.0,0.0,0.0,0.0,0.0,200,lists/bcms_setimes/list.bcms_setimes.attrib=shap_mpd=12_thresh=0.8_docnorm=F_tfidf=F.csv
0.18,0.82,0.0,0.0,0.0,0.0,0.0,200,lists/bcms_setimes/list.bcms_setimes.attrib=lime_mpd=5_thresh=0.2_docnorm=F_tfidf=F.csv
0.18,0.82,0.0,0.0,0.0,0.0,0.0,200,lists/bcms_setimes/list.bcms_setimes.attrib=shap_mpd=7_thresh=0.5_docnorm=F_tfidf=F.csv
0.18,0.82,0.0,0.0,0.0,0.0,0.0,200,lists/bcms_setimes/list.bcms_setimes.attrib=shap_mpd=20_thresh=0.7_docnorm=F_tfidf=F.csv
0.21,0.79,0.0,0.0,0.0,0.0,0.0,200,lists/bcms_setimes/list.bcms_setimes.attrib=lime_mpd=2_thresh=0.8_docnorm=F_tfidf=F.csv
0.17,0.83,0.0,0.0,0.0,0.0,0.0,200,lists/bcms_setimes/list.bcms_setimes.attrib=shap_mpd=12_thresh=0.9_docnorm=F_tfidf=F.csv
0.485,0.51,0.0,0.0,0.0,0.0,0.0,200,lists/bcms_setimes/list.bcms_setimes.attrib=ig_mpd=4_thresh=1.0_docnorm=T_tfidf=F.csv
0.61,0.34,0.0,0.025,0.025,0.025,0.025,200,lists/bcms_setimes/list.bcms_setimes.attrib=ig_mpd=7_thresh=0.9_docnorm=T_tfidf=T.csv
0.16,0.805,0.0,0.035,0.035,0.035,0.035,200,lists/bcms_setimes/list.bcms_setimes.attrib=loo_mpd=17_thresh=0.3_docnorm=F_tfidf=T.csv
0.225,0.77,0.0,0.005,0.005,0.005,0.005,200,lists/bcms_setimes/list.bcms_setimes.attrib=loo_mpd=1_thresh=1.0_docnorm=T_tfidf=T.csv
0.38,0.52,0.0,0.075,0.075,0.075,0.075,200,lists/bcms_setimes/list.bcms_setimes.attrib=loo_mpd=14_thresh=0.9_docnorm=T_tfidf=F.csv
0.175,0.8,0.0,0.01,0.01,0.01,0.01,200,lists/bcms_setimes/list.bcms_setimes.attrib=ig_mpd=14_thresh=0.9_docnorm=F_tfidf=F.csv
0.305,0.45,0.0,0.105,0.105,0.105,0.105,200,lists/bcms_setimes/list.bcms_setimes.attrib=loo_mpd=12_thresh=0.4_docnorm=T_tfidf=T.csv
0.28,0.175,0.495,0.975,0.98,0.99,1.0,200,lists/bcms_setimes/list.bcms_setimes.attrib=loo_mpd=14_thresh=0.1_docnorm=T_tfidf=F.csv
0.44,0.535,0.0,0.0,0.0,0.0,0.0,200,lists/bcms_setimes/list.bcms_setimes.attrib=lime_mpd=20_thresh=1.0_docnorm=T_tfidf=T.csv
0.395,0.48,0.0,0.07,0.07,0.07,0.07,200,lists/bcms_setimes/list.bcms_setimes.attrib=loo_mpd=19_thresh=0.6_docnorm=T_tfidf=F.csv
0.175,0.795,0.0,0.01,0.01,0.01,0.01,200,lists/bcms_setimes/list.bcms_setimes.attrib=ig_mpd=18_thresh=0.8_docnorm=F_tfidf=F.csv
0.2,0.79,0.0,0.01,0.01,0.01,0.01,200,lists/bcms_setimes/list.bcms_setimes.attrib=shap_mpd=13_thresh=0.5_docnorm=F_tfidf=T.csv
0.2,0.795,0.0,0.005,0.005,0.005,0.005,200,lists/bcms_setimes/list.bcms_setimes.attrib=shap_mpd=3_thresh=0.9_docnorm=F_tfidf=F.csv
0.305,0.425,0.0,0.14,0.215,0.315,0.395,200,lists/bcms_setimes/list.bcms_setimes.attrib=loo_mpd=4_thresh=0.2_docnorm=T_tfidf=T.csv
0.215,0.775,0.0,0.0,0.0,0.0,0.0,200,lists/bcms_setimes/list.bcms_setimes.attrib=ig_mpd=16_thresh=0.1_docnorm=F_tfidf=T.csv
0.16,0.805,0.0,0.035,0.035,0.035,0.035,200,lists/bcms_setimes/list.bcms_setimes.attrib=loo_mpd=18_thresh=0.6_docnorm=F_tfidf=T.csv
0.175,0.795,0.0,0.01,0.01,0.01,0.01,200,lists/bcms_setimes/list.bcms_setimes.attrib=ig_mpd=18_thresh=0.1_docnorm=F_tfidf=F.csv
0.18,0.82,0.0,0.0,0.0,0.0,0.0,200,lists/bcms_setimes/list.bcms_setimes.attrib=lime_mpd=9_thresh=0.5_docnorm=F_tfidf=T.csv
0.365,0.365,0.0,0.165,0.165,0.305,0.425,200,lists/bcms_setimes/list.bcms_setimes.attrib=shap_mpd=8_thresh=0.3_docnorm=T_tfidf=T.csv
0.19,0.81,0.0,0.0,0.0,0.0,0.0,200,lists/bcms_setimes/list.bcms_setimes.attrib=ig_mpd=5_thresh=0.1_docnorm=F_tfidf=T.csv
0.165,0.795,0.0,0.035,0.035,0.035,0.035,200,lists/bcms_setimes/list.bcms_setimes.attrib=loo_mpd=10_thresh=0.7_docnorm=F_tfidf=T.csv
0.42,0.57,0.0,0.0,0.0,0.0,0.0,200,lists/bcms_setimes/list.bcms_setimes.attrib=lime_mpd=5_thresh=0.9_docnorm=T_tfidf=T.csv
0.41,0.415,0.0,0.095,0.095,0.12,0.16,200,lists/bcms_setimes/list.bcms_setimes.attrib=loo_mpd=7_thresh=0.3_docnorm=T_tfidf=F.csv
0.195,0.795,0.0,0.01,0.01,0.01,0.01,200,lists/bcms_setimes/list.bcms_setimes.attrib=shap_mpd=18_thresh=0.8_docnorm=F_tfidf=T.csv
0.195,0.795,0.0,0.01,0.01,0.01,0.01,200,lists/bcms_setimes/list.bcms_setimes.attrib=shap_mpd=18_thresh=0.9_docnorm=F_tfidf=T.csv
0.345,0.63,0.0,0.0,0.0,0.0,0.0,200,lists/bcms_setimes/list.bcms_setimes.attrib=lime_mpd=1_thresh=0.5_docnorm=T_tfidf=T.csv
0.48,0.395,0.0,0.105,0.105,0.105,0.105,200,lists/bcms_setimes/list.bcms_setimes.attrib=shap_mpd=13_thresh=0.7_docnorm=T_tfidf=F.csv
0.34,0.535,0.0,0.075,0.075,0.08,0.09,200,lists/bcms_setimes/list.bcms_setimes.attrib=loo_mpd=2_thresh=0.3_docnorm=T_tfidf=F.csv
0.435,0.54,0.0,0.0,0.0,0.0,0.0,200,lists/bcms_setimes/list.bcms_setimes.attrib=lime_mpd=19_thresh=1.0_docnorm=T_tfidf=T.csv
0.46,0.47,0.0,0.055,0.055,0.055,0.055,200,lists/bcms_setimes/list.bcms_setimes.attrib=shap_mpd=15_thresh=1.0_docnorm=T_tfidf=F.csv
0.445,0.36,0.0,0.07,0.07,0.085,0.135,200,lists/bcms_setimes/list.bcms_setimes.attrib=ig_mpd=4_thresh=0.3_docnorm=T_tfidf=T.csv
0.235,0.265,0.345,0.845,0.905,0.955,0.985,200,lists/bcms_setimes/list.bcms_setimes.attrib=loo_mpd=13_thresh=0.1_docnorm=T_tfidf=T.csv
0.19,0.8,0.0,0.01,0.01,0.01,0.01,200,lists/bcms_setimes/list.bcms_setimes.attrib=loo_mpd=1_thresh=0.1_docnorm=F_tfidf=F.csv
0.2,0.785,0.0,0.0,0.0,0.0,0.0,200,lists/bcms_setimes/list.bcms_setimes.attrib=ig_mpd=2_thresh=0.4_docnorm=F_tfidf=F.csv
0.205,0.79,0.0,0.005,0.005,0.005,0.005,200,lists/bcms_setimes/list.bcms_setimes.attrib=shap_mpd=2_thresh=0.2_docnorm=F_tfidf=F.csv
0.19,0.8,0.0,0.01,0.01,0.01,0.01,200,lists/bcms_setimes/list.bcms_setimes.attrib=loo_mpd=1_thresh=0.2_docnorm=F_tfidf=F.csv
0.18,0.82,0.0,0.0,0.0,0.0,0.0,200,lists/bcms_setimes/list.bcms_setimes.attrib=lime_mpd=10_thresh=0.8_docnorm=F_tfidf=F.csv
0.205,0.785,0.0,0.0,0.0,0.0,0.0,200,lists/bcms_setimes/list.bcms_setimes.attrib=ig_mpd=14_thresh=0.4_docnorm=F_tfidf=T.csv
0.33,0.12,0.52,0.975,0.99,1.0,1.0,200,lists/bcms_setimes/list.bcms_setimes.attrib=shap_mpd=18_thresh=0.1_docnorm=T_tfidf=F.csv
0.145,0.845,0.0,0.01,0.01,0.01,0.01,200,lists/bcms_setimes/list.bcms_setimes.attrib=loo_mpd=13_thresh=0.7_docnorm=F_tfidf=F.csv
0.18,0.82,0.0,0.0,0.0,0.0,0.0,200,lists/bcms_setimes/list.bcms_setimes.attrib=ig_mpd=8_thresh=1.0_docnorm=F_tfidf=T.csv
0.46,0.52,0.0,0.0,0.0,0.0,0.0,200,lists/bcms_setimes/list.bcms_setimes.attrib=lime_mpd=7_thresh=0.9_docnorm=T_tfidf=F.csv
0.505,0.4,0.0,0.07,0.07,0.07,0.07,200,lists/bcms_setimes/list.bcms_setimes.attrib=ig_mpd=3_thresh=0.5_docnorm=T_tfidf=T.csv
0.165,0.825,0.0,0.01,0.01,0.01,0.01,200,lists/bcms_setimes/list.bcms_setimes.attrib=loo_mpd=4_thresh=1.0_docnorm=F_tfidf=T.csv
0.29,0.165,0.455,0.945,0.965,0.98,0.985,200,lists/bcms_setimes/list.bcms_setimes.attrib=loo_mpd=4_thresh=0.1_docnorm=T_tfidf=F.csv
0.475,0.47,0.0,0.0,0.0,0.0,0.005,200,lists/bcms_setimes/list.bcms_setimes.attrib=lime_mpd=9_thresh=0.6_docnorm=T_tfidf=T.csv
0.165,0.815,0.0,0.005,0.005,0.005,0.005,200,lists/bcms_setimes/list.bcms_setimes.attrib=ig_mpd=9_thresh=0.2_docnorm=F_tfidf=F.csv
0.19,0.81,0.0,0.0,0.0,0.0,0.0,200,lists/bcms_setimes/list.bcms_setimes.attrib=lime_mpd=3_thresh=0.2_docnorm=F_tfidf=T.csv
0.395,0.33,0.0,0.245,0.4,0.575,0.685,200,lists/bcms_setimes/list.bcms_setimes.attrib=ig_mpd=16_thresh=0.2_docnorm=T_tfidf=T.csv
0.2,0.79,0.0,0.01,0.01,0.01,0.01,200,lists/bcms_setimes/list.bcms_setimes.attrib=shap_mpd=14_thresh=0.2_docnorm=F_tfidf=T.csv
0.285,0.605,0.0,0.07,0.07,0.07,0.07,200,lists/bcms_setimes/list.bcms_setimes.attrib=loo_mpd=3_thresh=0.6_docnorm=T_tfidf=F.csv
0.6,0.275,0.0,0.11,0.265,0.415,0.52,200,lists/bcms_setimes/list.bcms_setimes.attrib=ig_mpd=20_thresh=0.2_docnorm=T_tfidf=F.csv
0.475,0.425,0.0,0.065,0.065,0.065,0.065,200,lists/bcms_setimes/list.bcms_setimes.attrib=shap_mpd=10_thresh=0.9_docnorm=T_tfidf=F.csv
0.175,0.825,0.0,0.0,0.0,0.0,0.0,200,lists/bcms_setimes/list.bcms_setimes.attrib=shap_mpd=15_thresh=0.2_docnorm=F_tfidf=F.csv
0.39,0.32,0.0,0.155,0.265,0.48,0.635,200,lists/bcms_setimes/list.bcms_setimes.attrib=loo_mpd=7_thresh=0.2_docnorm=T_tfidf=F.csv
0.425,0.41,0.0,0.14,0.14,0.14,0.14,200,lists/bcms_setimes/list.bcms_setimes.attrib=shap_mpd=17_thresh=0.8_docnorm=T_tfidf=T.csv
0.445,0.345,0.0,0.115,0.115,0.255,0.405,200,lists/bcms_setimes/list.bcms_setimes.attrib=loo_mpd=17_thresh=0.3_docnorm=T_tfidf=F.csv
0.47,0.49,0.0,0.0,0.0,0.0,0.0,200,lists/bcms_setimes/list.bcms_setimes.attrib=lime_mpd=9_thresh=0.8_docnorm=T_tfidf=F.csv
0.18,0.82,0.0,0.0,0.0,0.0,0.0,200,lists/bcms_setimes/list.bcms_setimes.attrib=shap_mpd=6_thresh=0.8_docnorm=F_tfidf=F.csv
0.22,0.78,0.0,0.0,0.0,0.0,0.0,200,lists/bcms_setimes/list.bcms_setimes.attrib=lime_mpd=1_thresh=0.5_docnorm=F_tfidf=T.csv
0.16,0.805,0.0,0.035,0.035,0.035,0.035,200,lists/bcms_setimes/list.bcms_setimes.attrib=loo_mpd=13_thresh=0.5_docnorm=F_tfidf=T.csv
0.395,0.39,0.0,0.175,0.175,0.175,0.175,200,lists/bcms_setimes/list.bcms_setimes.attrib=shap_mpd=15_thresh=0.6_docnorm=T_tfidf=T.csv
0.18,0.82,0.0,0.0,0.0,0.0,0.0,200,lists/bcms_setimes/list.bcms_setimes.attrib=lime_mpd=5_thresh=0.1_docnorm=F_tfidf=F.csv
0.19,0.8,0.0,0.01,0.01,0.01,0.01,200,lists/bcms_setimes/list.bcms_setimes.attrib=shap_mpd=8_thresh=0.9_docnorm=F_tfidf=T.csv
0.44,0.285,0.565,0.81,0.89,0.94,0.975,200,lists/bcms_setimes/list.bcms_setimes.attrib=lime_mpd=17_thresh=0.1_docnorm=T_tfidf=T.csv
0.42,0.27,0.0,0.37,0.655,0.795,0.875,200,lists/bcms_setimes/list.bcms_setimes.attrib=shap_mpd=19_thresh=0.2_docnorm=T_tfidf=F.csv
0.355,0.615,0.0,0.0,0.0,0.0,0.0,200,lists/bcms_setimes/list.bcms_setimes.attrib=lime_mpd=3_thresh=0.8_docnorm=T_tfidf=T.csv
0.475,0.38,0.0,0.11,0.11,0.11,0.11,200,lists/bcms_setimes/list.bcms_setimes.attrib=shap_mpd=12_thresh=0.5_docnorm=T_tfidf=F.csv
0.18,0.82,0.0,0.0,0.0,0.0,0.0,200,lists/bcms_setimes/list.bcms_setimes.attrib=shap_mpd=18_thresh=0.2_docnorm=F_tfidf=F.csv
0.44,0.515,0.0,0.035,0.035,0.035,0.035,200,lists/bcms_setimes/list.bcms_setimes.attrib=shap_mpd=8_thresh=1.0_docnorm=T_tfidf=F.csv
0.145,0.845,0.0,0.01,0.01,0.01,0.01,200,lists/bcms_setimes/list.bcms_setimes.attrib=loo_mpd=12_thresh=1.0_docnorm=F_tfidf=F.csv
0.655,0.285,0.0,0.03,0.03,0.03,0.03,200,lists/bcms_setimes/list.bcms_setimes.attrib=ig_mpd=12_thresh=0.8_docnorm=T_tfidf=T.csv
0.165,0.81,0.0,0.01,0.01,0.01,0.01,200,lists/bcms_setimes/list.bcms_setimes.attrib=ig_mpd=11_thresh=0.9_docnorm=F_tfidf=F.csv
0.455,0.48,0.0,0.0,0.0,0.0,0.005,200,lists/bcms_setimes/list.bcms_setimes.attrib=lime_mpd=10_thresh=0.6_docnorm=T_tfidf=T.csv
0.5,0.46,0.0,0.0,0.0,0.0,0.0,200,lists/bcms_setimes/list.bcms_setimes.attrib=lime_mpd=18_thresh=0.8_docnorm=T_tfidf=F.csv
0.65,0.29,0.0,0.03,0.03,0.03,0.03,200,lists/bcms_setimes/list.bcms_setimes.attrib=ig_mpd=10_thresh=0.8_docnorm=T_tfidf=T.csv
0.18,0.82,0.0,0.0,0.0,0.0,0.0,200,lists/bcms_setimes/list.bcms_setimes.attrib=shap_mpd=7_thresh=0.6_docnorm=F_tfidf=F.csv
0.185,0.815,0.0,0.0,0.0,0.0,0.0,200,lists/bcms_setimes/list.bcms_setimes.attrib=lime_mpd=18_thresh=0.9_docnorm=F_tfidf=F.csv
0.195,0.805,0.0,0.0,0.0,0.0,0.0,200,lists/bcms_setimes/list.bcms_setimes.attrib=shap_mpd=4_thresh=0.8_docnorm=F_tfidf=F.csv
0.59,0.365,0.0,0.02,0.02,0.02,0.02,200,lists/bcms_setimes/list.bcms_setimes.attrib=ig_mpd=6_thresh=0.9_docnorm=T_tfidf=T.csv
0.465,0.52,0.0,0.0,0.0,0.0,0.0,200,lists/bcms_setimes/list.bcms_setimes.attrib=lime_mpd=14_thresh=0.9_docnorm=T_tfidf=F.csv
0.235,0.765,0.0,0.0,0.0,0.0,0.0,200,lists/bcms_setimes/list.bcms_setimes.attrib=lime_mpd=1_thresh=0.3_docnorm=F_tfidf=F.csv
0.48,0.37,0.0,0.115,0.115,0.115,0.115,200,lists/bcms_setimes/list.bcms_setimes.attrib=shap_mpd=15_thresh=0.5_docnorm=T_tfidf=F.csv
0.18,0.82,0.0,0.0,0.0,0.0,0.0,200,lists/bcms_setimes/list.bcms_setimes.attrib=lime_mpd=12_thresh=0.1_docnorm=F_tfidf=F.csv
0.315,0.435,0.0,0.125,0.125,0.125,0.135,200,lists/bcms_setimes/list.bcms_setimes.attrib=loo_mpd=19_thresh=0.4_docnorm=T_tfidf=T.csv
0.145,0.845,0.0,0.01,0.01,0.01,0.01,200,lists/bcms_setimes/list.bcms_setimes.attrib=loo_mpd=13_thresh=1.0_docnorm=F_tfidf=F.csv
0.22,0.77,0.0,0.0,0.0,0.0,0.0,200,lists/bcms_setimes/list.bcms_setimes.attrib=ig_mpd=20_thresh=0.5_docnorm=F_tfidf=T.csv
0.195,0.795,0.0,0.01,0.01,0.01,0.01,200,lists/bcms_setimes/list.bcms_setimes.attrib=loo_mpd=1_thresh=0.9_docnorm=F_tfidf=F.csv
0.665,0.265,0.0,0.035,0.035,0.035,0.035,200,lists/bcms_setimes/list.bcms_setimes.attrib=ig_mpd=7_thresh=0.6_docnorm=T_tfidf=T.csv
0.515,0.44,0.0,0.0,0.0,0.0,0.0,200,lists/bcms_setimes/list.bcms_setimes.attrib=lime_mpd=7_thresh=0.5_docnorm=T_tfidf=F.csv
0.735,0.22,0.0,0.005,0.005,0.005,0.005,200,lists/bcms_setimes/list.bcms_setimes.attrib=ig_mpd=8_thresh=0.6_docnorm=T_tfidf=F.csv
0.725,0.26,0.0,0.0,0.0,0.0,0.0,200,lists/bcms_setimes/list.bcms_setimes.attrib=ig_mpd=13_thresh=0.9_docnorm=T_tfidf=F.csv
0.185,0.815,0.0,0.0,0.0,0.0,0.0,200,lists/bcms_setimes/list.bcms_setimes.attrib=lime_mpd=16_thresh=0.9_docnorm=F_tfidf=T.csv
0.385,0.475,0.0,0.105,0.105,0.105,0.105,200,lists/bcms_setimes/list.bcms_setimes.attrib=loo_mpd=18_thresh=0.7_docnorm=T_tfidf=F.csv
0.35,0.48,0.0,0.09,0.09,0.09,0.09,200,lists/bcms_setimes/list.bcms_setimes.attrib=loo_mpd=5_thresh=0.4_docnorm=T_tfidf=F.csv
0.2,0.785,0.0,0.0,0.0,0.0,0.0,200,lists/bcms_setimes/list.bcms_setimes.attrib=ig_mpd=3_thresh=1.0_docnorm=F_tfidf=F.csv
0.705,0.255,0.0,0.01,0.01,0.01,0.01,200,lists/bcms_setimes/list.bcms_setimes.attrib=ig_mpd=4_thresh=0.5_docnorm=T_tfidf=F.csv
0.18,0.82,0.0,0.0,0.0,0.0,0.0,200,lists/bcms_setimes/list.bcms_setimes.attrib=shap_mpd=17_thresh=0.5_docnorm=F_tfidf=F.csv
0.175,0.8,0.0,0.01,0.01,0.01,0.01,200,lists/bcms_setimes/list.bcms_setimes.attrib=ig_mpd=13_thresh=0.9_docnorm=F_tfidf=F.csv
0.455,0.51,0.0,0.025,0.025,0.025,0.025,200,lists/bcms_setimes/list.bcms_setimes.attrib=shap_mpd=4_thresh=1.0_docnorm=T_tfidf=F.csv
0.36,0.37,0.0,0.16,0.16,0.3,0.405,200,lists/bcms_setimes/list.bcms_setimes.attrib=shap_mpd=7_thresh=0.3_docnorm=T_tfidf=T.csv
0.15,0.84,0.0,0.01,0.01,0.01,0.01,200,lists/bcms_setimes/list.bcms_setimes.attrib=loo_mpd=3_thresh=0.8_docnorm=F_tfidf=F.csv
0.18,0.82,0.0,0.0,0.0,0.0,0.0,200,lists/bcms_setimes/list.bcms_setimes.attrib=lime_mpd=17_thresh=0.5_docnorm=F_tfidf=F.csv
0.385,0.415,0.0,0.165,0.165,0.165,0.165,200,lists/bcms_setimes/list.bcms_setimes.attrib=shap_mpd=15_thresh=0.7_docnorm=T_tfidf=T.csv
0.72,0.2,0.0,0.045,0.045,0.11,0.2,200,lists/bcms_setimes/list.bcms_setimes.attrib=ig_mpd=12_thresh=0.3_docnorm=T_tfidf=F.csv
0.365,0.385,0.0,0.12,0.205,0.38,0.495,200,lists/bcms_setimes/list.bcms_setimes.attrib=ig_mpd=5_thresh=0.2_docnorm=T_tfidf=T.csv
0.175,0.8,0.0,0.01,0.01,0.01,0.01,200,lists/bcms_setimes/list.bcms_setimes.attrib=ig_mpd=13_thresh=0.7_docnorm=F_tfidf=F.csv
0.39,0.595,0.0,0.0,0.0,0.0,0.0,200,lists/bcms_setimes/list.bcms_setimes.attrib=lime_mpd=5_thresh=1.0_docnorm=T_tfidf=F.csv
0.185,0.815,0.0,0.0,0.0,0.0,0.0,200,lists/bcms_setimes/list.bcms_setimes.attrib=lime_mpd=19_thresh=1.0_docnorm=F_tfidf=F.csv
0.16,0.8,0.0,0.035,0.035,0.035,0.035,200,lists/bcms_setimes/list.bcms_setimes.attrib=loo_mpd=6_thresh=0.3_docnorm=F_tfidf=T.csv
0.16,0.83,0.0,0.01,0.01,0.01,0.01,200,lists/bcms_setimes/list.bcms_setimes.attrib=loo_mpd=8_thresh=1.0_docnorm=F_tfidf=T.csv
0.145,0.845,0.0,0.01,0.01,0.01,0.01,200,lists/bcms_setimes/list.bcms_setimes.attrib=loo_mpd=18_thresh=0.4_docnorm=F_tfidf=F.csv
0.365,0.355,0.0,0.17,0.17,0.17,0.24,200,lists/bcms_setimes/list.bcms_setimes.attrib=shap_mpd=15_thresh=0.4_docnorm=T_tfidf=T.csv
0.26,0.705,0.0,0.025,0.025,0.025,0.025,200,lists/bcms_setimes/list.bcms_setimes.attrib=loo_mpd=8_thresh=1.0_docnorm=T_tfidf=T.csv
0.44,0.29,0.0,0.18,0.19,0.365,0.54,200,lists/bcms_setimes/list.bcms_setimes.attrib=shap_mpd=18_thresh=0.3_docnorm=T_tfidf=F.csv
0.145,0.845,0.0,0.01,0.01,0.01,0.01,200,lists/bcms_setimes/list.bcms_setimes.attrib=loo_mpd=6_thresh=0.7_docnorm=F_tfidf=F.csv
0.525,0.19,0.77,0.93,0.97,0.985,0.995,200,lists/bcms_setimes/list.bcms_setimes.attrib=lime_mpd=12_thresh=0.1_docnorm=T_tfidf=F.csv
0.145,0.845,0.0,0.01,0.01,0.01,0.01,200,lists/bcms_setimes/list.bcms_setimes.attrib=loo_mpd=17_thresh=1.0_docnorm=F_tfidf=F.csv
0.18,0.82,0.0,0.0,0.0,0.0,0.0,200,lists/bcms_setimes/list.bcms_setimes.attrib=lime_mpd=8_thresh=0.6_docnorm=F_tfidf=T.csv
0.16,0.805,0.0,0.035,0.035,0.035,0.035,200,lists/bcms_setimes/list.bcms_setimes.attrib=loo_mpd=18_thresh=0.2_docnorm=F_tfidf=T.csv
0.205,0.785,0.0,0.0,0.0,0.0,0.0,200,lists/bcms_setimes/list.bcms_setimes.attrib=ig_mpd=14_thresh=0.3_docnorm=F_tfidf=T.csv
0.48,0.395,0.0,0.105,0.105,0.105,0.105,200,lists/bcms_setimes/list.bcms_setimes.attrib=shap_mpd=19_thresh=0.7_docnorm=T_tfidf=F.csv
0.185,0.815,0.0,0.0,0.0,0.0,0.0,200,lists/bcms_setimes/list.bcms_setimes.attrib=lime_mpd=4_thresh=0.8_docnorm=F_tfidf=T.csv
0.215,0.775,0.0,0.0,0.0,0.0,0.0,200,lists/bcms_setimes/list.bcms_setimes.attrib=ig_mpd=16_thresh=0.6_docnorm=F_tfidf=T.csv
0.22,0.36,0.285,0.705,0.765,0.855,0.895,200,lists/bcms_setimes/list.bcms_setimes.attrib=ig_mpd=6_thresh=0.1_docnorm=T_tfidf=T.csv
0.165,0.81,0.0,0.01,0.01,0.01,0.01,200,lists/bcms_setimes/list.bcms_setimes.attrib=ig_mpd=11_thresh=0.8_docnorm=F_tfidf=F.csv
0.18,0.82,0.0,0.0,0.0,0.0,0.0,200,lists/bcms_setimes/list.bcms_setimes.attrib=shap_mpd=19_thresh=0.1_docnorm=F_tfidf=F.csv
0.535,0.305,0.0,0.065,0.065,0.065,0.095,200,lists/bcms_setimes/list.bcms_setimes.attrib=ig_mpd=13_thresh=0.4_docnorm=T_tfidf=T.csv
0.43,0.48,0.0,0.075,0.075,0.075,0.075,200,lists/bcms_setimes/list.bcms_setimes.attrib=shap_mpd=12_thresh=1.0_docnorm=T_tfidf=T.csv
0.195,0.795,0.0,0.01,0.01,0.01,0.01,200,lists/bcms_setimes/list.bcms_setimes.attrib=shap_mpd=15_thresh=0.6_docnorm=F_tfidf=T.csv
0.195,0.795,0.0,0.01,0.01,0.01,0.01,200,lists/bcms_setimes/list.bcms_setimes.attrib=shap_mpd=15_thresh=0.5_docnorm=F_tfidf=T.csv
0.51,0.4,0.0,0.0,0.025,0.23,0.43,200,lists/bcms_setimes/list.bcms_setimes.attrib=lime_mpd=18_thresh=0.3_docnorm=T_tfidf=F.csv
0.185,0.815,0.0,0.0,0.0,0.0,0.0,200,lists/bcms_setimes/list.bcms_setimes.attrib=lime_mpd=19_thresh=0.4_docnorm=F_tfidf=F.csv
0.205,0.785,0.0,0.0,0.0,0.0,0.0,200,lists/bcms_setimes/list.bcms_setimes.attrib=ig_mpd=14_thresh=0.2_docnorm=F_tfidf=T.csv
0.49,0.295,0.0,0.085,0.085,0.175,0.33,200,lists/bcms_setimes/list.bcms_setimes.attrib=ig_mpd=13_thresh=0.3_docnorm=T_tfidf=T.csv
0.225,0.775,0.0,0.0,0.0,0.0,0.0,200,lists/bcms_setimes/list.bcms_setimes.attrib=ig_mpd=3_thresh=0.5_docnorm=F_tfidf=T.csv
0.18,0.82,0.0,0.0,0.0,0.0,0.0,200,lists/bcms_setimes/list.bcms_setimes.attrib=lime_mpd=11_thresh=0.7_docnorm=F_tfidf=T.csv
0.2,0.785,0.0,0.0,0.0,0.0,0.0,200,lists/bcms_setimes/list.bcms_setimes.attrib=ig_mpd=2_thresh=0.6_docnorm=F_tfidf=F.csv
0.185,0.815,0.0,0.0,0.0,0.0,0.0,200,lists/bcms_setimes/list.bcms_setimes.attrib=ig_mpd=9_thresh=1.0_docnorm=F_tfidf=T.csv
0.445,0.54,0.0,0.0,0.0,0.0,0.0,200,lists/bcms_setimes/list.bcms_setimes.attrib=lime_mpd=9_thresh=0.9_docnorm=T_tfidf=T.csv
0.52,0.36,0.0,0.085,0.085,0.085,0.085,200,lists/bcms_setimes/list.bcms_setimes.attrib=ig_mpd=4_thresh=0.5_docnorm=T_tfidf=T.csv
0.44,0.365,0.0,0.11,0.11,0.21,0.33,200,lists/bcms_setimes/list.bcms_setimes.attrib=loo_mpd=14_thresh=0.3_docnorm=T_tfidf=F.csv
0.145,0.845,0.0,0.01,0.01,0.01,0.01,200,lists/bcms_setimes/list.bcms_setimes.attrib=loo_mpd=10_thresh=0.3_docnorm=F_tfidf=F.csv
0.16,0.805,0.0,0.035,0.035,0.035,0.035,200,lists/bcms_setimes/list.bcms_setimes.attrib=loo_mpd=20_thresh=0.6_docnorm=F_tfidf=T.csv
0.145,0.845,0.0,0.01,0.01,0.01,0.01,200,lists/bcms_setimes/list.bcms_setimes.attrib=loo_mpd=19_thresh=0.9_docnorm=F_tfidf=F.csv
0.555,0.435,0.0,0.0,0.0,0.0,0.0,200,lists/bcms_setimes/list.bcms_setimes.attrib=ig_mpd=8_thresh=1.0_docnorm=T_tfidf=F.csv
0.21,0.79,0.0,0.0,0.0,0.0,0.0,200,lists/bcms_setimes/list.bcms_setimes.attrib=lime_mpd=2_thresh=0.6_docnorm=F_tfidf=F.csv
0.16,0.805,0.0,0.035,0.035,0.035,0.035,200,lists/bcms_setimes/list.bcms_setimes.attrib=loo_mpd=18_thresh=0.9_docnorm=F_tfidf=T.csv
0.42,0.405,0.0,0.045,0.18,0.335,0.43,200,lists/bcms_setimes/list.bcms_setimes.attrib=lime_mpd=3_thresh=0.2_docnorm=T_tfidf=T.csv
0.18,0.82,0.0,0.0,0.0,0.0,0.0,200,lists/bcms_setimes/list.bcms_setimes.attrib=lime_mpd=7_thresh=0.5_docnorm=F_tfidf=F.csv
0.315,0.57,0.0,0.095,0.095,0.095,0.095,200,lists/bcms_setimes/list.bcms_setimes.attrib=loo_mpd=8_thresh=0.8_docnorm=T_tfidf=T.csv
0.16,0.805,0.0,0.035,0.035,0.035,0.035,200,lists/bcms_setimes/list.bcms_setimes.attrib=loo_mpd=19_thresh=0.8_docnorm=F_tfidf=T.csv
0.16,0.805,0.0,0.035,0.035,0.035,0.035,200,lists/bcms_setimes/list.bcms_setimes.attrib=loo_mpd=12_thresh=0.7_docnorm=F_tfidf=T.csv
0.395,0.405,0.0,0.1,0.1,0.125,0.185,200,lists/bcms_setimes/list.bcms_setimes.attrib=loo_mpd=8_thresh=0.3_docnorm=T_tfidf=F.csv
0.17,0.83,0.0,0.0,0.0,0.0,0.0,200,lists/bcms_setimes/list.bcms_setimes.attrib=shap_mpd=12_thresh=0.3_docnorm=F_tfidf=F.csv
0.385,0.46,0.0,0.115,0.115,0.115,0.115,200,lists/bcms_setimes/list.bcms_setimes.attrib=shap_mpd=5_thresh=0.8_docnorm=T_tfidf=T.csv
0.215,0.775,0.0,0.0,0.0,0.0,0.0,200,lists/bcms_setimes/list.bcms_setimes.attrib=ig_mpd=16_thresh=0.5_docnorm=F_tfidf=T.csv
0.445,0.29,0.0,0.26,0.49,0.685,0.805,200,lists/bcms_setimes/list.bcms_setimes.attrib=shap_mpd=7_thresh=0.2_docnorm=T_tfidf=F.csv
0.445,0.39,0.0,0.11,0.11,0.11,0.135,200,lists/bcms_setimes/list.bcms_setimes.attrib=shap_mpd=4_thresh=0.4_docnorm=T_tfidf=F.csv
0.18,0.82,0.0,0.0,0.0,0.0,0.0,200,lists/bcms_setimes/list.bcms_setimes.attrib=lime_mpd=16_thresh=0.2_docnorm=F_tfidf=F.csv
0.33,0.655,0.0,0.0,0.0,0.0,0.0,200,lists/bcms_setimes/list.bcms_setimes.attrib=lime_mpd=2_thresh=0.9_docnorm=T_tfidf=T.csv
0.185,0.815,0.0,0.0,0.0,0.0,0.0,200,lists/bcms_setimes/list.bcms_setimes.attrib=lime_mpd=18_thresh=0.6_docnorm=F_tfidf=T.csv
0.51,0.395,0.0,0.0,0.025,0.225,0.43,200,lists/bcms_setimes/list.bcms_setimes.attrib=lime_mpd=14_thresh=0.3_docnorm=T_tfidf=F.csv
0.75,0.215,0.0,0.005,0.005,0.005,0.005,200,lists/bcms_setimes/list.bcms_setimes.attrib=ig_mpd=18_thresh=0.8_docnorm=T_tfidf=F.csv
0.175,0.8,0.0,0.01,0.01,0.01,0.01,200,lists/bcms_setimes/list.bcms_setimes.attrib=ig_mpd=13_thresh=0.6_docnorm=F_tfidf=F.csv
0.325,0.125,0.515,0.975,0.99,1.0,1.0,200,lists/bcms_setimes/list.bcms_setimes.attrib=shap_mpd=11_thresh=0.1_docnorm=T_tfidf=F.csv
0.71,0.215,0.0,0.025,0.025,0.025,0.03,200,lists/bcms_setimes/list.bcms_setimes.attrib=ig_mpd=7_thresh=0.4_docnorm=T_tfidf=F.csv
0.18,0.82,0.0,0.0,0.0,0.0,0.0,200,lists/bcms_setimes/list.bcms_setimes.attrib=lime_mpd=10_thresh=0.4_docnorm=F_tfidf=T.csv
0.175,0.795,0.0,0.01,0.01,0.01,0.01,200,lists/bcms_setimes/list.bcms_setimes.attrib=ig_mpd=18_thresh=0.2_docnorm=F_tfidf=F.csv
0.165,0.82,0.0,0.0,0.0,0.0,0.0,200,lists/bcms_setimes/list.bcms_setimes.attrib=ig_mpd=7_thresh=0.3_docnorm=F_tfidf=F.csv
0.175,0.825,0.0,0.0,0.0,0.0,0.0,200,lists/bcms_setimes/list.bcms_setimes.attrib=shap_mpd=15_thresh=0.1_docnorm=F_tfidf=F.csv
0.195,0.795,0.0,0.01,0.01,0.01,0.01,200,lists/bcms_setimes/list.bcms_setimes.attrib=shap_mpd=12_thresh=1.0_docnorm=F_tfidf=T.csv
0.16,0.805,0.0,0.035,0.035,0.035,0.035,200,lists/bcms_setimes/list.bcms_setimes.attrib=loo_mpd=15_thresh=0.8_docnorm=F_tfidf=T.csv
0.31,0.44,0.0,0.125,0.125,0.175,0.25,200,lists/bcms_setimes/list.bcms_setimes.attrib=loo_mpd=13_thresh=0.3_docnorm=T_tfidf=T.csv
0.17,0.82,0.0,0.01,0.01,0.01,0.01,200,lists/bcms_setimes/list.bcms_setimes.attrib=loo_mpd=3_thresh=1.0_docnorm=F_tfidf=F.csv
0.65,0.31,0.0,0.015,0.015,0.015,0.015,200,lists/bcms_setimes/list.bcms_setimes.attrib=ig_mpd=18_thresh=0.9_docnorm=T_tfidf=T.csv
0.37,0.445,0.0,0.14,0.14,0.14,0.14,200,lists/bcms_setimes/list.bcms_setimes.attrib=shap_mpd=6_thresh=0.6_docnorm=T_tfidf=T.csv
0.18,0.79,0.0,0.01,0.01,0.01,0.01,200,lists/bcms_setimes/list.bcms_setimes.attrib=ig_mpd=19_thresh=0.2_docnorm=F_tfidf=F.csv
0.18,0.82,0.0,0.0,0.0,0.0,0.0,200,lists/bcms_setimes/list.bcms_setimes.attrib=lime_mpd=4_thresh=0.5_docnorm=F_tfidf=F.csv
0.365,0.535,0.0,0.075,0.075,0.075,0.075,200,lists/bcms_setimes/list.bcms_setimes.attrib=loo_mpd=9_thresh=0.9_docnorm=T_tfidf=F.csv
0.3,0.665,0.0,0.025,0.025,0.025,0.025,200,lists/bcms_setimes/list.bcms_setimes.attrib=loo_mpd=11_thresh=1.0_docnorm=T_tfidf=T.csv
0.435,0.54,0.0,0.0,0.0,0.0,0.0,200,lists/bcms_setimes/list.bcms_setimes.attrib=lime_mpd=11_thresh=1.0_docnorm=T_tfidf=T.csv
0.485,0.405,0.0,0.09,0.09,0.09,0.09,200,lists/bcms_setimes/list.bcms_setimes.attrib=shap_mpd=18_thresh=0.8_docnorm=T_tfidf=F.csv
0.335,0.345,0.0,0.26,0.4,0.555,0.665,200,lists/bcms_setimes/list.bcms_setimes.attrib=shap_mpd=7_thresh=0.2_docnorm=T_tfidf=T.csv
0.46,0.32,0.43,0.7,0.815,0.855,0.88,200,lists/bcms_setimes/list.bcms_setimes.attrib=lime_mpd=1_thresh=0.1_docnorm=T_tfidf=F.csv
0.17,0.83,0.0,0.0,0.0,0.0,0.0,200,lists/bcms_setimes/list.bcms_setimes.attrib=shap_mpd=13_thresh=0.1_docnorm=F_tfidf=F.csv
0.185,0.815,0.0,0.0,0.0,0.0,0.0,200,lists/bcms_setimes/list.bcms_setimes.attrib=lime_mpd=20_thresh=0.6_docnorm=F_tfidf=F.csv
0.405,0.505,0.0,0.06,0.06,0.06,0.06,200,lists/bcms_setimes/list.bcms_setimes.attrib=shap_mpd=2_thresh=0.8_docnorm=T_tfidf=F.csv
0.47,0.49,0.0,0.0,0.0,0.0,0.0,200,lists/bcms_setimes/list.bcms_setimes.attrib=lime_mpd=14_thresh=0.7_docnorm=T_tfidf=F.csv
0.305,0.695,0.0,0.0,0.0,0.0,0.0,200,lists/bcms_setimes/list.bcms_setimes.attrib=ig_mpd=1_thresh=0.7_docnorm=F_tfidf=T.csv
0.16,0.8,0.0,0.035,0.035,0.035,0.035,200,lists/bcms_setimes/list.bcms_setimes.attrib=loo_mpd=8_thresh=0.8_docnorm=F_tfidf=T.csv
0.36,0.58,0.0,0.045,0.045,0.045,0.045,200,lists/bcms_setimes/list.bcms_setimes.attrib=loo_mpd=16_thresh=1.0_docnorm=T_tfidf=F.csv
0.49,0.38,0.0,0.095,0.095,0.095,0.095,200,lists/bcms_setimes/list.bcms_setimes.attrib=shap_mpd=6_thresh=0.5_docnorm=T_tfidf=F.csv
0.425,0.49,0.0,0.07,0.07,0.07,0.07,200,lists/bcms_setimes/list.bcms_setimes.attrib=shap_mpd=11_thresh=1.0_docnorm=T_tfidf=T.csv
0.355,0.385,0.0,0.18,0.18,0.18,0.18,200,lists/bcms_setimes/list.bcms_setimes.attrib=shap_mpd=14_thresh=0.5_docnorm=T_tfidf=T.csv
0.145,0.845,0.0,0.01,0.01,0.01,0.01,200,lists/bcms_setimes/list.bcms_setimes.attrib=loo_mpd=4_thresh=0.7_docnorm=F_tfidf=F.csv
0.375,0.285,0.0,0.245,0.48,0.705,0.82,200,lists/bcms_setimes/list.bcms_setimes.attrib=loo_mpd=20_thresh=0.2_docnorm=T_tfidf=F.csv
0.2,0.755,0.0,0.04,0.04,0.04,0.04,200,lists/bcms_setimes/list.bcms_setimes.attrib=loo_mpd=1_thresh=0.7_docnorm=F_tfidf=T.csv
0.19,0.8,0.0,0.01,0.01,0.01,0.01,200,lists/bcms_setimes/list.bcms_setimes.attrib=shap_mpd=8_thresh=0.8_docnorm=F_tfidf=T.csv
0.325,0.125,0.515,0.975,0.99,1.0,1.0,200,lists/bcms_setimes/list.bcms_setimes.attrib=shap_mpd=13_thresh=0.1_docnorm=T_tfidf=F.csv
0.28,0.485,0.0,0.12,0.12,0.12,0.12,200,lists/bcms_setimes/list.bcms_setimes.attrib=loo_mpd=5_thresh=0.4_docnorm=T_tfidf=T.csv
0.145,0.845,0.0,0.01,0.01,0.01,0.01,200,lists/bcms_setimes/list.bcms_setimes.attrib=loo_mpd=8_thresh=0.5_docnorm=F_tfidf=F.csv
0.7,0.23,0.0,0.015,0.015,0.015,0.015,200,lists/bcms_setimes/list.bcms_setimes.attrib=ig_mpd=15_thresh=0.5_docnorm=T_tfidf=F.csv
0.145,0.845,0.0,0.01,0.01,0.01,0.01,200,lists/bcms_setimes/list.bcms_setimes.attrib=loo_mpd=6_thresh=0.9_docnorm=F_tfidf=F.csv
0.165,0.81,0.0,0.01,0.01,0.01,0.01,200,lists/bcms_setimes/list.bcms_setimes.attrib=ig_mpd=10_thresh=0.4_docnorm=F_tfidf=F.csv
0.245,0.28,0.29,0.76,0.83,0.895,0.93,200,lists/bcms_setimes/list.bcms_setimes.attrib=loo_mpd=6_thresh=0.1_docnorm=T_tfidf=T.csv
0.145,0.845,0.0,0.01,0.01,0.01,0.01,200,lists/bcms_setimes/list.bcms_setimes.attrib=loo_mpd=5_thresh=0.7_docnorm=F_tfidf=F.csv
0.145,0.845,0.0,0.01,0.01,0.01,0.01,200,lists/bcms_setimes/list.bcms_setimes.attrib=loo_mpd=14_thresh=0.4_docnorm=F_tfidf=F.csv
0.45,0.48,0.0,0.055,0.055,0.055,0.055,200,lists/bcms_setimes/list.bcms_setimes.attrib=shap_mpd=14_thresh=1.0_docnorm=T_tfidf=F.csv
0.605,0.35,0.0,0.005,0.005,0.005,0.005,200,lists/bcms_setimes/list.bcms_setimes.attrib=ig_mpd=1_thresh=0.5_docnorm=T_tfidf=F.csv
0.245,0.74,0.0,0.0,0.0,0.0,0.0,200,lists/bcms_setimes/list.bcms_setimes.attrib=ig_mpd=1_thresh=0.1_docnorm=F_tfidf=F.csv
0.39,0.57,0.0,0.025,0.025,0.025,0.025,200,lists/bcms_setimes/list.bcms_setimes.attrib=shap_mpd=1_thresh=0.9_docnorm=T_tfidf=F.csv
0.145,0.845,0.0,0.01,0.01,0.01,0.01,200,lists/bcms_setimes/list.bcms_setimes.attrib=loo_mpd=18_thresh=0.6_docnorm=F_tfidf=F.csv
0.17,0.83,0.0,0.0,0.0,0.0,0.0,200,lists/bcms_setimes/list.bcms_setimes.attrib=shap_mpd=12_thresh=0.2_docnorm=F_tfidf=F.csv
0.145,0.845,0.0,0.01,0.01,0.01,0.01,200,lists/bcms_setimes/list.bcms_setimes.attrib=loo_mpd=14_thresh=0.1_docnorm=F_tfidf=F.csv
0.35,0.48,0.0,0.105,0.105,0.105,0.105,200,lists/bcms_setimes/list.bcms_setimes.attrib=loo_mpd=10_thresh=0.4_docnorm=T_tfidf=F.csv
0.175,0.825,0.0,0.0,0.0,0.0,0.0,200,lists/bcms_setimes/list.bcms_setimes.attrib=lime_mpd=11_thresh=0.7_docnorm=F_tfidf=F.csv
0.515,0.35,0.0,0.08,0.08,0.08,0.08,200,lists/bcms_setimes/list.bcms_setimes.attrib=ig_mpd=5_thresh=0.4_docnorm=T_tfidf=T.csv
0.175,0.8,0.0,0.01,0.01,0.01,0.01,200,lists/bcms_setimes/list.bcms_setimes.attrib=ig_mpd=12_thresh=0.5_docnorm=F_tfidf=F.csv
0.31,0.5,0.0,0.14,0.14,0.14,0.14,200,lists/bcms_setimes/list.bcms_setimes.attrib=loo_mpd=8_thresh=0.6_docnorm=T_tfidf=T.csv
0.65,0.255,0.0,0.06,0.06,0.06,0.06,200,lists/bcms_setimes/list.bcms_setimes.attrib=ig_mpd=17_thresh=0.6_docnorm=T_tfidf=T.csv
0.445,0.375,0.0,0.105,0.105,0.18,0.285,200,lists/bcms_setimes/list.bcms_setimes.attrib=loo_mpd=12_thresh=0.3_docnorm=T_tfidf=F.csv
0.145,0.845,0.0,0.01,0.01,0.01,0.01,200,lists/bcms_setimes/list.bcms_setimes.attrib=loo_mpd=18_thresh=0.8_docnorm=F_tfidf=F.csv
0.16,0.8,0.0,0.035,0.035,0.035,0.035,200,lists/bcms_setimes/list.bcms_setimes.attrib=loo_mpd=6_thresh=0.5_docnorm=F_tfidf=T.csv
0.335,0.48,0.0,0.135,0.135,0.135,0.135,200,lists/bcms_setimes/list.bcms_setimes.attrib=loo_mpd=16_thresh=0.7_docnorm=T_tfidf=T.csv
0.495,0.455,0.0,0.0,0.0,0.0,0.005,200,lists/bcms_setimes/list.bcms_setimes.attrib=lime_mpd=8_thresh=0.6_docnorm=T_tfidf=F.csv
0.18,0.82,0.0,0.0,0.0,0.0,0.0,200,lists/bcms_setimes/list.bcms_setimes.attrib=lime_mpd=14_thresh=0.3_docnorm=F_tfidf=F.csv
0.18,0.78,0.0,0.035,0.035,0.035,0.035,200,lists/bcms_setimes/list.bcms_setimes.attrib=loo_mpd=2_thresh=0.7_docnorm=F_tfidf=T.csv
0.305,0.455,0.0,0.12,0.12,0.12,0.12,200,lists/bcms_setimes/list.bcms_setimes.attrib=loo_mpd=6_thresh=0.4_docnorm=T_tfidf=T.csv
0.23,0.295,0.26,0.735,0.81,0.875,0.93,200,lists/bcms_setimes/list.bcms_setimes.attrib=loo_mpd=4_thresh=0.1_docnorm=T_tfidf=T.csv
0.175,0.825,0.0,0.0,0.0,0.0,0.0,200,lists/bcms_setimes/list.bcms_setimes.attrib=lime_mpd=11_thresh=1.0_docnorm=F_tfidf=F.csv
0.35,0.43,0.0,0.16,0.16,0.16,0.16,200,lists/bcms_setimes/list.bcms_setimes.attrib=shap_mpd=3_thresh=0.5_docnorm=T_tfidf=T.csv
0.185,0.775,0.0,0.035,0.035,0.035,0.035,200,lists/bcms_setimes/list.bcms_setimes.attrib=loo_mpd=2_thresh=0.1_docnorm=F_tfidf=T.csv
0.355,0.395,0.0,0.17,0.17,0.17,0.17,200,lists/bcms_setimes/list.bcms_setimes.attrib=shap_mpd=15_thresh=0.5_docnorm=T_tfidf=T.csv
0.475,0.49,0.0,0.0,0.0,0.0,0.0,200,lists/bcms_setimes/list.bcms_setimes.attrib=lime_mpd=10_thresh=0.7_docnorm=T_tfidf=F.csv
0.24,0.25,0.375,0.86,0.915,0.96,0.985,200,lists/bcms_setimes/list.bcms_setimes.attrib=loo_mpd=19_thresh=0.1_docnorm=T_tfidf=T.csv
0.45,0.33,0.0,0.16,0.16,0.16,0.24,200,lists/bcms_setimes/list.bcms_setimes.attrib=shap_mpd=20_thresh=0.4_docnorm=T_tfidf=F.csv
0.195,0.795,0.0,0.01,0.01,0.01,0.01,200,lists/bcms_setimes/list.bcms_setimes.attrib=shap_mpd=17_thresh=0.3_docnorm=F_tfidf=T.csv
0.7,0.235,0.0,0.04,0.04,0.115,0.215,200,lists/bcms_setimes/list.bcms_setimes.attrib=ig_mpd=15_thresh=0.3_docnorm=T_tfidf=F.csv
0.18,0.82,0.0,0.0,0.0,0.0,0.0,200,lists/bcms_setimes/list.bcms_setimes.attrib=shap_mpd=7_thresh=0.3_docnorm=F_tfidf=F.csv
0.205,0.785,0.0,0.0,0.0,0.0,0.0,200,lists/bcms_setimes/list.bcms_setimes.attrib=ig_mpd=14_thresh=1.0_docnorm=F_tfidf=T.csv
0.4,0.305,0.0,0.155,0.305,0.54,0.695,200,lists/bcms_setimes/list.bcms_setimes.attrib=loo_mpd=9_thresh=0.2_docnorm=T_tfidf=F.csv
0.455,0.48,0.0,0.0,0.0,0.0,0.0,200,lists/bcms_setimes/list.bcms_setimes.attrib=lime_mpd=8_thresh=0.7_docnorm=T_tfidf=T.csv
0.49,0.415,0.0,0.065,0.065,0.065,0.065,200,lists/bcms_setimes/list.bcms_setimes.attrib=shap_mpd=13_thresh=0.9_docnorm=T_tfidf=F.csv
0.74,0.215,0.0,0.005,0.005,0.005,0.005,200,lists/bcms_setimes/list.bcms_setimes.attrib=ig_mpd=20_thresh=0.7_docnorm=T_tfidf=F.csv
0.18,0.82,0.0,0.0,0.0,0.0,0.0,200,lists/bcms_setimes/list.bcms_setimes.attrib=shap_mpd=17_thresh=0.6_docnorm=F_tfidf=F.csv
0.22,0.78,0.0,0.0,0.0,0.0,0.0,200,lists/bcms_setimes/list.bcms_setimes.attrib=lime_mpd=1_thresh=0.9_docnorm=F_tfidf=T.csv
0.295,0.47,0.0,0.14,0.14,0.14,0.14,200,lists/bcms_setimes/list.bcms_setimes.attrib=loo_mpd=17_thresh=0.5_docnorm=T_tfidf=T.csv
0.175,0.785,0.0,0.035,0.035,0.035,0.035,200,lists/bcms_setimes/list.bcms_setimes.attrib=loo_mpd=3_thresh=0.8_docnorm=F_tfidf=T.csv
0.415,0.56,0.0,0.0,0.0,0.0,0.0,200,lists/bcms_setimes/list.bcms_setimes.attrib=lime_mpd=11_thresh=0.8_docnorm=T_tfidf=T.csv
0.375,0.455,0.0,0.13,0.13,0.14,0.145,200,lists/bcms_setimes/list.bcms_setimes.attrib=shap_mpd=1_thresh=0.3_docnorm=T_tfidf=F.csv
0.185,0.815,0.0,0.0,0.0,0.0,0.0,200,lists/bcms_setimes/list.bcms_setimes.attrib=lime_mpd=6_thresh=0.2_docnorm=F_tfidf=T.csv
0.265,0.54,0.0,0.145,0.145,0.145,0.145,200,lists/bcms_setimes/list.bcms_setimes.attrib=loo_mpd=5_thresh=0.5_docnorm=T_tfidf=T.csv
0.375,0.525,0.0,0.075,0.075,0.075,0.075,200,lists/bcms_setimes/list.bcms_setimes.attrib=loo_mpd=6_thresh=0.7_docnorm=T_tfidf=F.csv
0.18,0.82,0.0,0.0,0.0,0.0,0.0,200,lists/bcms_setimes/list.bcms_setimes.attrib=lime_mpd=9_thresh=0.8_docnorm=F_tfidf=F.csv
0.395,0.59,0.0,0.0,0.0,0.0,0.0,200,lists/bcms_setimes/list.bcms_setimes.attrib=lime_mpd=1_thresh=0.9_docnorm=T_tfidf=T.csv
0.62,0.3,0.0,0.045,0.045,0.045,0.045,200,lists/bcms_setimes/list.bcms_setimes.attrib=ig_mpd=10_thresh=0.6_docnorm=T_tfidf=T.csv
0.15,0.84,0.0,0.01,0.01,0.01,0.01,200,lists/bcms_setimes/list.bcms_setimes.attrib=loo_mpd=3_thresh=0.4_docnorm=F_tfidf=F.csv
0.455,0.475,0.0,0.0,0.0,0.0,0.005,200,lists/bcms_setimes/list.bcms_setimes.attrib=lime_mpd=14_thresh=0.6_docnorm=T_tfidf=T.csv
0.44,0.34,0.0,0.16,0.16,0.16,0.24,200,lists/bcms_setimes/list.bcms_setimes.attrib=shap_mpd=15_thresh=0.4_docnorm=T_tfidf=F.csv
0.21,0.79,0.0,0.0,0.0,0.0,0.0,200,lists/bcms_setimes/list.bcms_setimes.attrib=lime_mpd=2_thresh=0.9_docnorm=F_tfidf=F.csv
0.52,0.435,0.0,0.02,0.02,0.02,0.02,200,lists/bcms_setimes/list.bcms_setimes.attrib=ig_mpd=3_thresh=0.9_docnorm=T_tfidf=T.csv
0.18,0.82,0.0,0.0,0.0,0.0,0.0,200,lists/bcms_setimes/list.bcms_setimes.attrib=shap_mpd=20_thresh=0.8_docnorm=F_tfidf=F.csv
0.16,0.805,0.0,0.035,0.035,0.035,0.035,200,lists/bcms_setimes/list.bcms_setimes.attrib=loo_mpd=13_thresh=0.4_docnorm=F_tfidf=T.csv
0.455,0.475,0.0,0.0,0.0,0.0,0.0,200,lists/bcms_setimes/list.bcms_setimes.attrib=lime_mpd=15_thresh=0.7_docnorm=T_tfidf=T.csv
0.145,0.845,0.0,0.01,0.01,0.01,0.01,200,lists/bcms_setimes/list.bcms_setimes.attrib=loo_mpd=16_thresh=0.3_docnorm=F_tfidf=F.csv
0.245,0.755,0.0,0.0,0.0,0.0,0.0,200,lists/bcms_setimes/list.bcms_setimes.attrib=ig_mpd=2_thresh=0.9_docnorm=F_tfidf=T.csv
0.16,0.805,0.0,0.035,0.035,0.035,0.035,200,lists/bcms_setimes/list.bcms_setimes.attrib=loo_mpd=14_thresh=0.8_docnorm=F_tfidf=T.csv
0.17,0.83,0.0,0.0,0.0,0.0,0.0,200,lists/bcms_setimes/list.bcms_setimes.attrib=shap_mpd=13_thresh=0.3_docnorm=F_tfidf=F.csv
0.185,0.815,0.0,0.0,0.0,0.0,0.0,200,lists/bcms_setimes/list.bcms_setimes.attrib=lime_mpd=17_thresh=1.0_docnorm=F_tfidf=T.csv
0.165,0.81,0.0,0.01,0.01,0.01,0.01,200,lists/bcms_setimes/list.bcms_setimes.attrib=ig_mpd=10_thresh=0.9_docnorm=F_tfidf=F.csv
0.205,0.795,0.0,0.0,0.0,0.0,0.0,200,lists/bcms_setimes/list.bcms_setimes.attrib=lime_mpd=2_thresh=0.4_docnorm=F_tfidf=T.csv
0.27,0.56,0.0,0.125,0.125,0.125,0.125,200,lists/bcms_setimes/list.bcms_setimes.attrib=loo_mpd=6_thresh=0.6_docnorm=T_tfidf=T.csv
0.18,0.82,0.0,0.0,0.0,0.0,0.0,200,lists/bcms_setimes/list.bcms_setimes.attrib=lime_mpd=4_thresh=0.8_docnorm=F_tfidf=F.csv
0.22,0.77,0.0,0.0,0.0,0.0,0.0,200,lists/bcms_setimes/list.bcms_setimes.attrib=ig_mpd=18_thresh=0.2_docnorm=F_tfidf=T.csv
0.565,0.34,0.0,0.065,0.065,0.065,0.065,200,lists/bcms_setimes/list.bcms_setimes.attrib=ig_mpd=6_thresh=0.5_docnorm=T_tfidf=T.csv
0.445,0.485,0.0,0.0,0.0,0.0,0.005,200,lists/bcms_setimes/list.bcms_setimes.attrib=lime_mpd=17_thresh=0.6_docnorm=T_tfidf=T.csv
0.495,0.375,0.0,0.1,0.1,0.1,0.1,200,lists/bcms_setimes/list.bcms_setimes.attrib=shap_mpd=9_thresh=0.5_docnorm=T_tfidf=F.csv
0.165,0.81,0.0,0.01,0.01,0.01,0.01,200,lists/bcms_setimes/list.bcms_setimes.attrib=ig_mpd=10_thresh=0.2_docnorm=F_tfidf=F.csv
0.35,0.535,0.0,0.095,0.095,0.095,0.095,200,lists/bcms_setimes/list.bcms_setimes.attrib=loo_mpd=12_thresh=0.8_docnorm=T_tfidf=T.csv
0.31,0.44,0.0,0.115,0.115,0.115,0.115,200,lists/bcms_setimes/list.bcms_setimes.attrib=loo_mpd=14_thresh=0.4_docnorm=T_tfidf=T.csv
0.2,0.8,0.0,0.0,0.0,0.0,0.0,200,lists/bcms_setimes/list.bcms_setimes.attrib=lime_mpd=3_thresh=0.5_docnorm=F_tfidf=F.csv
0.195,0.795,0.0,0.01,0.01,0.01,0.01,200,lists/bcms_setimes/list.bcms_setimes.attrib=shap_mpd=17_thresh=0.7_docnorm=F_tfidf=T.csv
0.185,0.815,0.0,0.0,0.0,0.0,0.0,200,lists/bcms_setimes/list.bcms_setimes.attrib=lime_mpd=16_thresh=0.4_docnorm=F_tfidf=T.csv
0.165,0.825,0.0,0.01,0.01,0.01,0.01,200,lists/bcms_setimes/list.bcms_setimes.attrib=loo_mpd=3_thresh=1.0_docnorm=T_tfidf=T.csv
0.18,0.82,0.0,0.0,0.0,0.0,0.0,200,lists/bcms_setimes/list.bcms_setimes.attrib=lime_mpd=12_thresh=0.8_docnorm=F_tfidf=F.csv
0.295,0.595,0.0,0.09,0.09,0.09,0.09,200,lists/bcms_setimes/list.bcms_setimes.attrib=loo_mpd=5_thresh=0.8_docnorm=T_tfidf=T.csv
0.43,0.295,0.55,0.8,0.885,0.935,0.97,200,lists/bcms_setimes/list.bcms_setimes.attrib=lime_mpd=10_thresh=0.1_docnorm=T_tfidf=T.csv
0.165,0.795,0.0,0.035,0.035,0.035,0.035,200,lists/bcms_setimes/list.bcms_setimes.attrib=loo_mpd=11_thresh=0.2_docnorm=F_tfidf=T.csv
0.44,0.515,0.0,0.035,0.035,0.035,0.035,200,lists/bcms_setimes/list.bcms_setimes.attrib=shap_mpd=5_thresh=1.0_docnorm=T_tfidf=F.csv
0.455,0.495,0.0,0.0,0.0,0.0,0.0,200,lists/bcms_setimes/list.bcms_setimes.attrib=lime_mpd=6_thresh=0.7_docnorm=T_tfidf=T.csv
0.7,0.235,0.0,0.04,0.04,0.12,0.215,200,lists/bcms_setimes/list.bcms_setimes.attrib=ig_mpd=16_thresh=0.3_docnorm=T_tfidf=F.csv
0.345,0.615,0.0,0.005,0.005,0.005,0.005,200,lists/bcms_setimes/list.bcms_setimes.attrib=lime_mpd=3_thresh=0.8_docnorm=T_tfidf=F.csv
0.41,0.54,0.0,0.0,0.0,0.0,0.0,200,lists/bcms_setimes/list.bcms_setimes.attrib=lime_mpd=4_thresh=0.7_docnorm=T_tfidf=F.csv
0.41,0.475,0.0,0.075,0.075,0.075,0.075,200,lists/bcms_setimes/list.bcms_setimes.attrib=loo_mpd=14_thresh=0.8_docnorm=T_tfidf=F.csv
0.2,0.74,0.0,0.035,0.035,0.035,0.035,200,lists/bcms_setimes/list.bcms_setimes.attrib=loo_mpd=1_thresh=0.4_docnorm=T_tfidf=F.csv
0.185,0.815,0.0,0.0,0.0,0.0,0.0,200,lists/bcms_setimes/list.bcms_setimes.attrib=lime_mpd=17_thresh=0.1_docnorm=F_tfidf=T.csv
0.47,0.485,0.0,0.0,0.0,0.0,0.005,200,lists/bcms_setimes/list.bcms_setimes.attrib=lime_mpd=6_thresh=0.6_docnorm=T_tfidf=F.csv
0.18,0.82,0.0,0.0,0.0,0.0,0.0,200,lists/bcms_setimes/list.bcms_setimes.attrib=lime_mpd=8_thresh=0.4_docnorm=F_tfidf=T.csv
0.195,0.8,0.0,0.0,0.0,0.0,0.0,200,lists/bcms_setimes/list.bcms_setimes.attrib=ig_mpd=11_thresh=0.4_docnorm=F_tfidf=T.csv
0.485,0.475,0.0,0.0,0.0,0.0,0.0,200,lists/bcms_setimes/list.bcms_setimes.attrib=lime_mpd=14_thresh=0.8_docnorm=T_tfidf=F.csv
0.44,0.285,0.56,0.805,0.89,0.94,0.97,200,lists/bcms_setimes/list.bcms_setimes.attrib=lime_mpd=12_thresh=0.1_docnorm=T_tfidf=T.csv
0.205,0.66,0.0,0.11,0.11,0.11,0.11,200,lists/bcms_setimes/list.bcms_setimes.attrib=loo_mpd=1_thresh=0.4_docnorm=T_tfidf=T.csv
0.495,0.45,0.0,0.0,0.0,0.0,0.005,200,lists/bcms_setimes/list.bcms_setimes.attrib=lime_mpd=10_thresh=0.6_docnorm=T_tfidf=F.csv
0.39,0.32,0.0,0.165,0.175,0.34,0.495,200,lists/bcms_setimes/list.bcms_setimes.attrib=shap_mpd=20_thresh=0.3_docnorm=T_tfidf=T.csv
0.195,0.795,0.0,0.01,0.01,0.01,0.01,200,lists/bcms_setimes/list.bcms_setimes.attrib=shap_mpd=16_thresh=0.1_docnorm=F_tfidf=T.csv
0.19,0.8,0.0,0.01,0.01,0.01,0.01,200,lists/bcms_setimes/list.bcms_setimes.attrib=loo_mpd=1_thresh=0.3_docnorm=F_tfidf=F.csv
0.725,0.22,0.0,0.015,0.015,0.015,0.015,200,lists/bcms_setimes/list.bcms_setimes.attrib=ig_mpd=17_thresh=0.6_docnorm=T_tfidf=F.csv
0.165,0.82,0.0,0.0,0.0,0.0,0.0,200,lists/bcms_setimes/list.bcms_setimes.attrib=ig_mpd=7_thresh=0.1_docnorm=F_tfidf=F.csv
0.2,0.8,0.0,0.0,0.0,0.0,0.0,200,lists/bcms_setimes/list.bcms_setimes.attrib=lime_mpd=3_thresh=0.7_docnorm=F_tfidf=F.csv
0.18,0.82,0.0,0.0,0.0,0.0,0.0,200,lists/bcms_setimes/list.bcms_setimes.attrib=lime_mpd=8_thresh=0.2_docnorm=F_tfidf=F.csv
0.21,0.79,0.0,0.0,0.0,0.0,0.0,200,lists/bcms_setimes/list.bcms_setimes.attrib=lime_mpd=2_thresh=0.3_docnorm=F_tfidf=F.csv
0.18,0.82,0.0,0.0,0.0,0.0,0.0,200,lists/bcms_setimes/list.bcms_setimes.attrib=lime_mpd=14_thresh=0.2_docnorm=F_tfidf=F.csv
0.175,0.8,0.0,0.01,0.01,0.01,0.01,200,lists/bcms_setimes/list.bcms_setimes.attrib=ig_mpd=14_thresh=1.0_docnorm=F_tfidf=F.csv
0.165,0.795,0.0,0.035,0.035,0.035,0.035,200,lists/bcms_setimes/list.bcms_setimes.attrib=loo_mpd=11_thresh=0.1_docnorm=F_tfidf=T.csv
0.385,0.41,0.0,0.165,0.165,0.165,0.165,200,lists/bcms_setimes/list.bcms_setimes.attrib=shap_mpd=19_thresh=0.7_docnorm=T_tfidf=T.csv
0.745,0.205,0.0,0.01,0.01,0.01,0.01,200,lists/bcms_setimes/list.bcms_setimes.attrib=ig_mpd=19_thresh=0.7_docnorm=T_tfidf=F.csv
0.185,0.815,0.0,0.0,0.0,0.0,0.0,200,lists/bcms_setimes/list.bcms_setimes.attrib=lime_mpd=19_thresh=0.2_docnorm=F_tfidf=T.csv
0.195,0.795,0.0,0.01,0.01,0.01,0.01,200,lists/bcms_setimes/list.bcms_setimes.attrib=shap_mpd=18_thresh=0.4_docnorm=F_tfidf=T.csv
0.425,0.545,0.0,0.0,0.0,0.0,0.0,200,lists/bcms_setimes/list.bcms_setimes.attrib=lime_mpd=8_thresh=1.0_docnorm=T_tfidf=T.csv
0.185,0.815,0.0,0.0,0.0,0.0,0.0,200,lists/bcms_setimes/list.bcms_setimes.attrib=lime_mpd=17_thresh=0.3_docnorm=F_tfidf=T.csv
0.18,0.82,0.0,0.0,0.0,0.0,0.0,200,lists/bcms_setimes/list.bcms_setimes.attrib=lime_mpd=14_thresh=1.0_docnorm=F_tfidf=F.csv
0.71,0.215,0.0,0.03,0.03,0.03,0.05,200,lists/bcms_setimes/list.bcms_setimes.attrib=ig_mpd=10_thresh=0.4_docnorm=T_tfidf=F.csv
0.145,0.845,0.0,0.01,0.01,0.01,0.01,200,lists/bcms_setimes/list.bcms_setimes.attrib=loo_mpd=5_thresh=0.6_docnorm=F_tfidf=F.csv
0.445,0.305,0.0,0.16,0.17,0.36,0.52,200,lists/bcms_setimes/list.bcms_setimes.attrib=shap_mpd=14_thresh=0.3_docnorm=T_tfidf=F.csv
0.19,0.8,0.0,0.01,0.01,0.01,0.01,200,lists/bcms_setimes/list.bcms_setimes.attrib=shap_mpd=10_thresh=0.3_docnorm=F_tfidf=T.csv
0.435,0.345,0.0,0.12,0.125,0.305,0.49,200,lists/bcms_setimes/list.bcms_setimes.attrib=loo_mpd=20_thresh=0.3_docnorm=T_tfidf=F.csv
0.2,0.79,0.0,0.01,0.01,0.01,0.01,200,lists/bcms_setimes/list.bcms_setimes.attrib=shap_mpd=14_thresh=0.7_docnorm=F_tfidf=T.csv
0.385,0.395,0.295,0.465,0.555,0.63,0.67,200,lists/bcms_setimes/list.bcms_setimes.attrib=lime_mpd=1_thresh=0.1_docnorm=T_tfidf=T.csv
0.385,0.58,0.0,0.0,0.0,0.0,0.0,200,lists/bcms_setimes/list.bcms_setimes.attrib=lime_mpd=3_thresh=0.6_docnorm=T_tfidf=F.csv
0.16,0.8,0.0,0.035,0.035,0.035,0.035,200,lists/bcms_setimes/list.bcms_setimes.attrib=loo_mpd=7_thresh=0.9_docnorm=F_tfidf=T.csv
0.16,0.805,0.0,0.035,0.035,0.035,0.035,200,lists/bcms_setimes/list.bcms_setimes.attrib=loo_mpd=13_thresh=0.8_docnorm=F_tfidf=T.csv
0.175,0.795,0.0,0.01,0.01,0.01,0.01,200,lists/bcms_setimes/list.bcms_setimes.attrib=ig_mpd=18_thresh=0.6_docnorm=F_tfidf=F.csv
0.18,0.82,0.0,0.0,0.0,0.0,0.0,200,lists/bcms_setimes/list.bcms_setimes.attrib=lime_mpd=8_thresh=0.3_docnorm=F_tfidf=F.csv
0.32,0.5,0.0,0.14,0.14,0.14,0.14,200,lists/bcms_setimes/list.bcms_setimes.attrib=loo_mpd=9_thresh=0.6_docnorm=T_tfidf=T.csv
0.16,0.805,0.0,0.035,0.035,0.035,0.035,200,lists/bcms_setimes/list.bcms_setimes.attrib=loo_mpd=14_thresh=0.7_docnorm=F_tfidf=T.csv
0.395,0.495,0.0,0.08,0.08,0.08,0.08,200,lists/bcms_setimes/list.bcms_setimes.attrib=shap_mpd=2_thresh=0.6_docnorm=T_tfidf=F.csv
0.745,0.21,0.0,0.01,0.01,0.01,0.01,200,lists/bcms_setimes/list.bcms_setimes.attrib=ig_mpd=15_thresh=0.7_docnorm=T_tfidf=F.csv
0.175,0.825,0.0,0.0,0.0,0.0,0.0,200,lists/bcms_setimes/list.bcms_setimes.attrib=shap_mpd=8_thresh=0.8_docnorm=F_tfidf=F.csv
0.435,0.37,0.0,0.145,0.145,0.145,0.21,200,lists/bcms_setimes/list.bcms_setimes.attrib=shap_mpd=10_thresh=0.4_docnorm=T_tfidf=F.csv
0.185,0.815,0.0,0.0,0.0,0.0,0.0,200,lists/bcms_setimes/list.bcms_setimes.attrib=shap_mpd=5_thresh=0.2_docnorm=F_tfidf=F.csv
0.17,0.815,0.0,0.0,0.0,0.0,0.0,200,lists/bcms_setimes/list.bcms_setimes.attrib=ig_mpd=6_thresh=0.9_docnorm=F_tfidf=F.csv
0.53,0.19,0.755,0.93,0.97,0.985,0.995,200,lists/bcms_setimes/list.bcms_setimes.attrib=lime_mpd=7_thresh=0.1_docnorm=T_tfidf=F.csv
0.415,0.435,0.0,0.12,0.12,0.12,0.12,200,lists/bcms_setimes/list.bcms_setimes.attrib=shap_mpd=20_thresh=0.9_docnorm=T_tfidf=T.csv
0.19,0.8,0.0,0.01,0.01,0.01,0.01,200,lists/bcms_setimes/list.bcms_setimes.attrib=shap_mpd=11_thresh=0.7_docnorm=F_tfidf=T.csv
0.47,0.38,0.0,0.115,0.115,0.115,0.115,200,lists/bcms_setimes/list.bcms_setimes.attrib=shap_mpd=14_thresh=0.5_docnorm=T_tfidf=F.csv
0.395,0.385,0.0,0.095,0.16,0.3,0.415,200,lists/bcms_setimes/list.bcms_setimes.attrib=loo_mpd=3_thresh=0.2_docnorm=T_tfidf=F.csv
0.185,0.815,0.0,0.0,0.0,0.0,0.0,200,lists/bcms_setimes/list.bcms_setimes.attrib=lime_mpd=6_thresh=0.5_docnorm=F_tfidf=T.csv
0.16,0.805,0.0,0.035,0.035,0.035,0.035,200,lists/bcms_setimes/list.bcms_setimes.attrib=loo_mpd=14_thresh=0.3_docnorm=F_tfidf=T.csv
0.595,0.29,0.0,0.065,0.065,0.065,0.065,200,lists/bcms_setimes/list.bcms_setimes.attrib=ig_mpd=14_thresh=0.5_docnorm=T_tfidf=T.csv
0.39,0.54,0.0,0.05,0.05,0.05,0.05,200,lists/bcms_setimes/list.bcms_setimes.attrib=loo_mpd=18_thresh=1.0_docnorm=T_tfidf=F.csv
0.435,0.31,0.01,0.215,0.335,0.455,0.515,200,lists/bcms_setimes/list.bcms_setimes.attrib=ig_mpd=1_thresh=0.1_docnorm=T_tfidf=F.csv
0.33,0.485,0.0,0.145,0.145,0.145,0.145,200,lists/bcms_setimes/list.bcms_setimes.attrib=shap_mpd=2_thresh=0.5_docnorm=T_tfidf=T.csv
0.505,0.4,0.0,0.065,0.065,0.065,0.065,200,lists/bcms_setimes/list.bcms_setimes.attrib=ig_mpd=2_thresh=0.6_docnorm=T_tfidf=T.csv
0.59,0.37,0.0,0.015,0.015,0.015,0.015,200,lists/bcms_setimes/list.bcms_setimes.attrib=ig_mpd=16_thresh=1.0_docnorm=T_tfidf=T.csv
0.165,0.815,0.0,0.005,0.005,0.005,0.005,200,lists/bcms_setimes/list.bcms_setimes.attrib=ig_mpd=9_thresh=0.9_docnorm=F_tfidf=F.csv
0.175,0.795,0.0,0.01,0.01,0.01,0.01,200,lists/bcms_setimes/list.bcms_setimes.attrib=ig_mpd=16_thresh=0.7_docnorm=F_tfidf=F.csv
0.485,0.45,0.0,0.0,0.0,0.0,0.075,200,lists/bcms_setimes/list.bcms_setimes.attrib=lime_mpd=8_thresh=0.4_docnorm=T_tfidf=F.csv
0.16,0.8,0.0,0.035,0.035,0.035,0.035,200,lists/bcms_setimes/list.bcms_setimes.attrib=loo_mpd=7_thresh=0.5_docnorm=F_tfidf=T.csv
0.18,0.82,0.0,0.0,0.0,0.0,0.0,200,lists/bcms_setimes/list.bcms_setimes.attrib=ig_mpd=8_thresh=0.3_docnorm=F_tfidf=T.csv
0.165,0.825,0.0,0.01,0.01,0.01,0.01,200,lists/bcms_setimes/list.bcms_setimes.attrib=loo_mpd=4_thresh=1.0_docnorm=T_tfidf=T.csv
0.28,0.395,0.07,0.375,0.465,0.595,0.685,200,lists/bcms_setimes/list.bcms_setimes.attrib=ig_mpd=2_thresh=0.1_docnorm=T_tfidf=T.csv
0.175,0.825,0.0,0.0,0.0,0.0,0.0,200,lists/bcms_setimes/list.bcms_setimes.attrib=shap_mpd=15_thresh=0.5_docnorm=F_tfidf=F.csv
0.445,0.405,0.0,0.0,0.01,0.14,0.28,200,lists/bcms_setimes/list.bcms_setimes.attrib=lime_mpd=5_thresh=0.3_docnorm=T_tfidf=T.csv
0.465,0.405,0.0,0.0,0.0,0.0,0.075,200,lists/bcms_setimes/list.bcms_setimes.attrib=lime_mpd=18_thresh=0.4_docnorm=T_tfidf=T.csv
0.185,0.815,0.0,0.0,0.0,0.0,0.0,200,lists/bcms_setimes/list.bcms_setimes.attrib=lime_mpd=16_thresh=0.6_docnorm=F_tfidf=T.csv
0.46,0.4,0.0,0.0,0.01,0.16,0.34,200,lists/bcms_setimes/list.bcms_setimes.attrib=lime_mpd=12_thresh=0.3_docnorm=T_tfidf=T.csv
0.19,0.81,0.0,0.0,0.0,0.0,0.0,200,lists/bcms_setimes/list.bcms_setimes.attrib=ig_mpd=5_thresh=0.2_docnorm=F_tfidf=T.csv
0.2,0.79,0.0,0.01,0.01,0.01,0.01,200,lists/bcms_setimes/list.bcms_setimes.attrib=shap_mpd=13_thresh=0.1_docnorm=F_tfidf=T.csv
0.37,0.35,0.0,0.165,0.165,0.32,0.465,200,lists/bcms_setimes/list.bcms_setimes.attrib=shap_mpd=12_thresh=0.3_docnorm=T_tfidf=T.csv
0.175,0.825,0.0,0.0,0.0,0.0,0.0,200,lists/bcms_setimes/list.bcms_setimes.attrib=shap_mpd=8_thresh=1.0_docnorm=F_tfidf=F.csv
0.355,0.35,0.0,0.18,0.18,0.18,0.21,200,lists/bcms_setimes/list.bcms_setimes.attrib=shap_mpd=5_thresh=0.4_docnorm=T_tfidf=T.csv
0.195,0.795,0.0,0.01,0.01,0.01,0.01,200,lists/bcms_setimes/list.bcms_setimes.attrib=shap_mpd=12_thresh=0.6_docnorm=F_tfidf=T.csv
0.18,0.82,0.0,0.0,0.0,0.0,0.0,200,lists/bcms_setimes/list.bcms_setimes.attrib=lime_mpd=15_thresh=0.3_docnorm=F_tfidf=T.csv
0.18,0.82,0.0,0.0,0.0,0.0,0.0,200,lists/bcms_setimes/list.bcms_setimes.attrib=shap_mpd=19_thresh=0.6_docnorm=F_tfidf=F.csv
0.485,0.355,0.0,0.125,0.125,0.125,0.125,200,lists/bcms_setimes/list.bcms_setimes.attrib=shap_mpd=18_thresh=0.5_docnorm=T_tfidf=F.csv
0.2,0.785,0.0,0.0,0.0,0.0,0.0,200,lists/bcms_setimes/list.bcms_setimes.attrib=ig_mpd=3_thresh=0.1_docnorm=F_tfidf=F.csv
0.335,0.185,0.47,0.845,0.895,0.95,0.97,200,lists/bcms_setimes/list.bcms_setimes.attrib=ig_mpd=17_thresh=0.1_docnorm=T_tfidf=F.csv
0.18,0.82,0.0,0.0,0.0,0.0,0.0,200,lists/bcms_setimes/list.bcms_setimes.attrib=lime_mpd=12_thresh=0.2_docnorm=F_tfidf=T.csv
0.455,0.41,0.0,0.035,0.175,0.355,0.48,200,lists/bcms_setimes/list.bcms_setimes.attrib=lime_mpd=2_thresh=0.2_docnorm=T_tfidf=F.csv
0.145,0.845,0.0,0.01,0.01,0.01,0.01,200,lists/bcms_setimes/list.bcms_setimes.attrib=loo_mpd=15_thresh=0.3_docnorm=F_tfidf=F.csv
0.215,0.775,0.0,0.0,0.0,0.0,0.0,200,lists/bcms_setimes/list.bcms_setimes.attrib=ig_mpd=16_thresh=0.8_docnorm=F_tfidf=T.csv
0.18,0.82,0.0,0.0,0.0,0.0,0.0,200,lists/bcms_setimes/list.bcms_setimes.attrib=lime_mpd=12_thresh=0.6_docnorm=F_tfidf=F.csv
0.68,0.26,0.0,0.03,0.03,0.03,0.03,200,lists/bcms_setimes/list.bcms_setimes.attrib=ig_mpd=10_thresh=0.7_docnorm=T_tfidf=T.csv
0.215,0.775,0.0,0.0,0.0,0.0,0.0,200,lists/bcms_setimes/list.bcms_setimes.attrib=ig_mpd=15_thresh=0.7_docnorm=F_tfidf=T.csv
0.3,0.46,0.0,0.11,0.11,0.11,0.11,200,lists/bcms_setimes/list.bcms_setimes.attrib=loo_mpd=9_thresh=0.4_docnorm=T_tfidf=T.csv
0.485,0.305,0.0,0.08,0.08,0.125,0.225,200,lists/bcms_setimes/list.bcms_setimes.attrib=ig_mpd=8_thresh=0.3_docnorm=T_tfidf=T.csv
0.175,0.795,0.0,0.01,0.01,0.01,0.01,200,lists/bcms_setimes/list.bcms_setimes.attrib=ig_mpd=17_thresh=0.1_docnorm=F_tfidf=F.csv
0.2,0.8,0.0,0.0,0.0,0.0,0.0,200,lists/bcms_setimes/list.bcms_setimes.attrib=ig_mpd=4_thresh=0.4_docnorm=F_tfidf=T.csv
0.34,0.49,0.0,0.13,0.13,0.13,0.13,200,lists/bcms_setimes/list.bcms_setimes.attrib=loo_mpd=13_thresh=0.7_docnorm=T_tfidf=T.csv
0.145,0.845,0.0,0.01,0.01,0.01,0.01,200,lists/bcms_setimes/list.bcms_setimes.attrib=loo_mpd=6_thresh=0.8_docnorm=F_tfidf=F.csv
0.18,0.82,0.0,0.0,0.0,0.0,0.0,200,lists/bcms_setimes/list.bcms_setimes.attrib=lime_mpd=9_thresh=0.6_docnorm=F_tfidf=F.csv
0.145,0.845,0.0,0.01,0.01,0.01,0.01,200,lists/bcms_setimes/list.bcms_setimes.attrib=loo_mpd=17_thresh=0.4_docnorm=F_tfidf=F.csv
0.175,0.785,0.0,0.035,0.035,0.035,0.035,200,lists/bcms_setimes/list.bcms_setimes.attrib=loo_mpd=3_thresh=0.7_docnorm=F_tfidf=T.csv
0.145,0.845,0.0,0.01,0.01,0.01,0.01,200,lists/bcms_setimes/list.bcms_setimes.attrib=loo_mpd=8_thresh=0.7_docnorm=F_tfidf=F.csv
0.145,0.845,0.0,0.01,0.01,0.01,0.01,200,lists/bcms_setimes/list.bcms_setimes.attrib=loo_mpd=10_thresh=1.0_docnorm=F_tfidf=F.csv
0.18,0.82,0.0,0.0,0.0,0.0,0.0,200,lists/bcms_setimes/list.bcms_setimes.attrib=shap_mpd=16_thresh=0.2_docnorm=F_tfidf=F.csv
0.3,0.44,0.0,0.115,0.115,0.115,0.115,200,lists/bcms_setimes/list.bcms_setimes.attrib=loo_mpd=15_thresh=0.4_docnorm=T_tfidf=T.csv
0.475,0.41,0.0,0.1,0.1,0.1,0.1,200,lists/bcms_setimes/list.bcms_setimes.attrib=shap_mpd=13_thresh=0.8_docnorm=T_tfidf=F.csv
0.145,0.845,0.0,0.01,0.01,0.01,0.01,200,lists/bcms_setimes/list.bcms_setimes.attrib=loo_mpd=20_thresh=0.6_docnorm=F_tfidf=F.csv
0.695,0.26,0.0,0.01,0.01,0.01,0.01,200,lists/bcms_setimes/list.bcms_setimes.attrib=ig_mpd=5_thresh=0.5_docnorm=T_tfidf=F.csv
0.18,0.82,0.0,0.0,0.0,0.0,0.0,200,lists/bcms_setimes/list.bcms_setimes.attrib=shap_mpd=16_thresh=0.8_docnorm=F_tfidf=F.csv
0.39,0.425,0.0,0.15,0.15,0.15,0.15,200,lists/bcms_setimes/list.bcms_setimes.attrib=shap_mpd=11_thresh=0.7_docnorm=T_tfidf=T.csv
0.185,0.815,0.0,0.0,0.0,0.0,0.0,200,lists/bcms_setimes/list.bcms_setimes.attrib=lime_mpd=16_thresh=0.1_docnorm=F_tfidf=T.csv
0.345,0.445,0.0,0.17,0.17,0.17,0.17,200,lists/bcms_setimes/list.bcms_setimes.attrib=shap_mpd=7_thresh=0.7_docnorm=T_tfidf=T.csv
0.61,0.28,0.0,0.06,0.185,0.34,0.465,200,lists/bcms_setimes/list.bcms_setimes.attrib=ig_mpd=9_thresh=0.2_docnorm=T_tfidf=F.csv
0.21,0.79,0.0,0.0,0.0,0.0,0.0,200,lists/bcms_setimes/list.bcms_setimes.attrib=lime_mpd=2_thresh=1.0_docnorm=F_tfidf=F.csv
0.415,0.52,0.0,0.0,0.0,0.0,0.005,200,lists/bcms_setimes/list.bcms_setimes.attrib=lime_mpd=4_thresh=0.6_docnorm=T_tfidf=T.csv
0.16,0.805,0.0,0.035,0.035,0.035,0.035,200,lists/bcms_setimes/list.bcms_setimes.attrib=loo_mpd=19_thresh=0.6_docnorm=F_tfidf=T.csv
0.72,0.215,0.0,0.015,0.015,0.015,0.015,200,lists/bcms_setimes/list.bcms_setimes.attrib=ig_mpd=18_thresh=0.5_docnorm=T_tfidf=F.csv
0.42,0.38,0.0,0.16,0.38,0.57,0.67,200,lists/bcms_setimes/list.bcms_setimes.attrib=lime_mpd=15_thresh=0.2_docnorm=T_tfidf=T.csv
0.16,0.8,0.0,0.035,0.035,0.035,0.035,200,lists/bcms_setimes/list.bcms_setimes.attrib=loo_mpd=8_thresh=0.2_docnorm=F_tfidf=T.csv
0.145,0.845,0.0,0.01,0.01,0.01,0.01,200,lists/bcms_setimes/list.bcms_setimes.attrib=loo_mpd=5_thresh=0.5_docnorm=F_tfidf=F.csv
0.145,0.845,0.0,0.01,0.01,0.01,0.01,200,lists/bcms_setimes/list.bcms_setimes.attrib=loo_mpd=14_thresh=0.3_docnorm=F_tfidf=F.csv
0.47,0.52,0.0,0.005,0.005,0.005,0.005,200,lists/bcms_setimes/list.bcms_setimes.attrib=ig_mpd=5_thresh=1.0_docnorm=T_tfidf=T.csv
0.34,0.605,0.0,0.04,0.04,0.04,0.04,200,lists/bcms_setimes/list.bcms_setimes.attrib=loo_mpd=14_thresh=1.0_docnorm=T_tfidf=F.csv
0.225,0.775,0.0,0.0,0.0,0.0,0.0,200,lists/bcms_setimes/list.bcms_setimes.attrib=ig_mpd=3_thresh=0.4_docnorm=F_tfidf=T.csv
0.195,0.795,0.0,0.01,0.01,0.01,0.01,200,lists/bcms_setimes/list.bcms_setimes.attrib=shap_mpd=17_thresh=0.4_docnorm=F_tfidf=T.csv
0.22,0.77,0.0,0.0,0.0,0.0,0.0,200,lists/bcms_setimes/list.bcms_setimes.attrib=ig_mpd=18_thresh=0.3_docnorm=F_tfidf=T.csv
0.18,0.79,0.0,0.01,0.01,0.01,0.01,200,lists/bcms_setimes/list.bcms_setimes.attrib=ig_mpd=20_thresh=0.1_docnorm=F_tfidf=F.csv
0.19,0.81,0.0,0.0,0.0,0.0,0.0,200,lists/bcms_setimes/list.bcms_setimes.attrib=ig_mpd=5_thresh=0.5_docnorm=F_tfidf=T.csv
0.19,0.8,0.0,0.01,0.01,0.01,0.01,200,lists/bcms_setimes/list.bcms_setimes.attrib=shap_mpd=7_thresh=0.3_docnorm=F_tfidf=T.csv
0.475,0.425,0.0,0.0,0.02,0.2,0.385,200,lists/bcms_setimes/list.bcms_setimes.attrib=lime_mpd=5_thresh=0.3_docnorm=T_tfidf=F.csv
0.16,0.805,0.0,0.035,0.035,0.035,0.035,200,lists/bcms_setimes/list.bcms_setimes.attrib=loo_mpd=15_thresh=0.1_docnorm=F_tfidf=T.csv
0.37,0.38,0.425,0.655,0.73,0.8,0.835,200,lists/bcms_setimes/list.bcms_setimes.attrib=lime_mpd=3_thresh=0.1_docnorm=T_tfidf=T.csv
0.2,0.79,0.0,0.01,0.01,0.01,0.01,200,lists/bcms_setimes/list.bcms_setimes.attrib=shap_mpd=13_thresh=0.8_docnorm=F_tfidf=T.csv
0.175,0.825,0.0,0.0,0.0,0.0,0.0,200,lists/bcms_setimes/list.bcms_setimes.attrib=shap_mpd=8_thresh=0.7_docnorm=F_tfidf=F.csv
0.47,0.45,0.0,0.0,0.0,0.0,0.005,200,lists/bcms_setimes/list.bcms_setimes.attrib=lime_mpd=13_thresh=0.5_docnorm=T_tfidf=T.csv
0.245,0.74,0.0,0.0,0.0,0.0,0.0,200,lists/bcms_setimes/list.bcms_setimes.attrib=ig_mpd=1_thresh=0.3_docnorm=F_tfidf=F.csv
0.16,0.805,0.0,0.035,0.035,0.035,0.035,200,lists/bcms_setimes/list.bcms_setimes.attrib=loo_mpd=13_thresh=0.6_docnorm=F_tfidf=T.csv
0.46,0.41,0.0,0.0,0.0,0.0,0.07,200,lists/bcms_setimes/list.bcms_setimes.attrib=lime_mpd=10_thresh=0.4_docnorm=T_tfidf=T.csv
0.44,0.285,0.56,0.805,0.89,0.94,0.975,200,lists/bcms_setimes/list.bcms_setimes.attrib=lime_mpd=14_thresh=0.1_docnorm=T_tfidf=T.csv
0.53,0.44,0.0,0.01,0.01,0.01,0.01,200,lists/bcms_setimes/list.bcms_setimes.attrib=ig_mpd=10_thresh=1.0_docnorm=T_tfidf=T.csv
0.215,0.775,0.0,0.0,0.0,0.0,0.0,200,lists/bcms_setimes/list.bcms_setimes.attrib=ig_mpd=16_thresh=1.0_docnorm=F_tfidf=T.csv
0.395,0.455,0.0,0.08,0.08,0.09,0.105,200,lists/bcms_setimes/list.bcms_setimes.attrib=loo_mpd=3_thresh=0.3_docnorm=T_tfidf=F.csv
0.375,0.54,0.0,0.0,0.0,0.005,0.005,200,lists/bcms_setimes/list.bcms_setimes.attrib=lime_mpd=1_thresh=0.3_docnorm=T_tfidf=T.csv
0.335,0.485,0.0,0.14,0.14,0.14,0.14,200,lists/bcms_setimes/list.bcms_setimes.attrib=loo_mpd=17_thresh=0.7_docnorm=T_tfidf=T.csv
0.17,0.83,0.0,0.0,0.0,0.0,0.0,200,lists/bcms_setimes/list.bcms_setimes.attrib=shap_mpd=11_thresh=0.3_docnorm=F_tfidf=F.csv
0.145,0.845,0.0,0.01,0.01,0.01,0.01,200,lists/bcms_setimes/list.bcms_setimes.attrib=loo_mpd=7_thresh=0.4_docnorm=F_tfidf=F.csv
0.3,0.465,0.0,0.145,0.145,0.145,0.145,200,lists/bcms_setimes/list.bcms_setimes.attrib=loo_mpd=16_thresh=0.5_docnorm=T_tfidf=T.csv
0.17,0.83,0.0,0.0,0.0,0.0,0.0,200,lists/bcms_setimes/list.bcms_setimes.attrib=shap_mpd=12_thresh=0.5_docnorm=F_tfidf=F.csv
0.145,0.845,0.0,0.01,0.01,0.01,0.01,200,lists/bcms_setimes/list.bcms_setimes.attrib=loo_mpd=11_thresh=0.4_docnorm=F_tfidf=F.csv
0.215,0.775,0.0,0.01,0.01,0.01,0.01,200,lists/bcms_setimes/list.bcms_setimes.attrib=shap_mpd=2_thresh=1.0_docnorm=F_tfidf=T.csv
0.17,0.815,0.0,0.0,0.0,0.0,0.0,200,lists/bcms_setimes/list.bcms_setimes.attrib=ig_mpd=6_thresh=0.5_docnorm=F_tfidf=F.csv
0.22,0.775,0.0,0.005,0.005,0.005,0.005,200,lists/bcms_setimes/list.bcms_setimes.attrib=shap_mpd=1_thresh=0.2_docnorm=F_tfidf=F.csv
0.39,0.325,0.0,0.19,0.345,0.505,0.65,200,lists/bcms_setimes/list.bcms_setimes.attrib=ig_mpd=10_thresh=0.2_docnorm=T_tfidf=T.csv
0.42,0.565,0.0,0.0,0.0,0.0,0.0,200,lists/bcms_setimes/list.bcms_setimes.attrib=lime_mpd=4_thresh=0.9_docnorm=T_tfidf=T.csv
0.43,0.37,0.0,0.165,0.385,0.575,0.675,200,lists/bcms_setimes/list.bcms_setimes.attrib=lime_mpd=17_thresh=0.2_docnorm=T_tfidf=T.csv
0.445,0.31,0.0,0.155,0.165,0.35,0.51,200,lists/bcms_setimes/list.bcms_setimes.attrib=shap_mpd=11_thresh=0.3_docnorm=T_tfidf=F.csv
0.205,0.795,0.0,0.0,0.0,0.0,0.0,200,lists/bcms_setimes/list.bcms_setimes.attrib=lime_mpd=2_thresh=0.3_docnorm=F_tfidf=T.csv
0.195,0.805,0.0,0.0,0.0,0.0,0.0,200,lists/bcms_setimes/list.bcms_setimes.attrib=shap_mpd=4_thresh=0.4_docnorm=F_tfidf=F.csv
0.475,0.375,0.0,0.13,0.13,0.13,0.13,200,lists/bcms_setimes/list.bcms_setimes.attrib=shap_mpd=16_thresh=0.6_docnorm=T_tfidf=F.csv
0.18,0.78,0.0,0.035,0.035,0.035,0.035,200,lists/bcms_setimes/list.bcms_setimes.attrib=loo_mpd=3_thresh=0.4_docnorm=F_tfidf=T.csv
0.215,0.775,0.0,0.0,0.0,0.0,0.0,200,lists/bcms_setimes/list.bcms_setimes.attrib=ig_mpd=17_thresh=0.1_docnorm=F_tfidf=T.csv
0.15,0.84,0.0,0.01,0.01,0.01,0.01,200,lists/bcms_setimes/list.bcms_setimes.attrib=loo_mpd=3_thresh=0.1_docnorm=F_tfidf=F.csv
0.305,0.565,0.0,0.075,0.075,0.075,0.075,200,lists/bcms_setimes/list.bcms_setimes.attrib=loo_mpd=4_thresh=0.6_docnorm=T_tfidf=F.csv
0.425,0.54,0.0,0.03,0.03,0.03,0.03,200,lists/bcms_setimes/list.bcms_setimes.attrib=shap_mpd=6_thresh=1.0_docnorm=T_tfidf=F.csv
0.18,0.82,0.0,0.0,0.0,0.0,0.0,200,lists/bcms_setimes/list.bcms_setimes.attrib=lime_mpd=7_thresh=0.9_docnorm=F_tfidf=F.csv
0.145,0.845,0.0,0.01,0.01,0.01,0.01,200,lists/bcms_setimes/list.bcms_setimes.attrib=loo_mpd=20_thresh=0.4_docnorm=F_tfidf=F.csv
0.445,0.33,0.0,0.12,0.12,0.18,0.265,200,lists/bcms_setimes/list.bcms_setimes.attrib=shap_mpd=3_thresh=0.3_docnorm=T_tfidf=F.csv
0.195,0.795,0.0,0.01,0.01,0.01,0.01,200,lists/bcms_setimes/list.bcms_setimes.attrib=shap_mpd=20_thresh=0.4_docnorm=F_tfidf=T.csv
0.385,0.4,0.0,0.17,0.17,0.17,0.17,200,lists/bcms_setimes/list.bcms_setimes.attrib=shap_mpd=10_thresh=0.6_docnorm=T_tfidf=T.csv
0.185,0.815,0.0,0.0,0.0,0.0,0.0,200,lists/bcms_setimes/list.bcms_setimes.attrib=lime_mpd=19_thresh=0.7_docnorm=F_tfidf=F.csv
0.195,0.795,0.0,0.01,0.01,0.01,0.01,200,lists/bcms_setimes/list.bcms_setimes.attrib=shap_mpd=19_thresh=0.2_docnorm=F_tfidf=T.csv
0.39,0.335,0.0,0.24,0.4,0.56,0.67,200,lists/bcms_setimes/list.bcms_setimes.attrib=ig_mpd=17_thresh=0.2_docnorm=T_tfidf=T.csv
0.405,0.545,0.0,0.04,0.04,0.04,0.04,200,lists/bcms_setimes/list.bcms_setimes.attrib=shap_mpd=2_thresh=0.9_docnorm=T_tfidf=F.csv
0.195,0.8,0.0,0.0,0.0,0.0,0.0,200,lists/bcms_setimes/list.bcms_setimes.attrib=ig_mpd=11_thresh=0.7_docnorm=F_tfidf=T.csv
0.185,0.815,0.0,0.0,0.0,0.0,0.0,200,lists/bcms_setimes/list.bcms_setimes.attrib=lime_mpd=20_thresh=0.1_docnorm=F_tfidf=F.csv
0.45,0.48,0.0,0.0,0.0,0.0,0.005,200,lists/bcms_setimes/list.bcms_setimes.attrib=lime_mpd=15_thresh=0.6_docnorm=T_tfidf=T.csv
0.315,0.555,0.0,0.1,0.1,0.1,0.1,200,lists/bcms_setimes/list.bcms_setimes.attrib=loo_mpd=8_thresh=0.7_docnorm=T_tfidf=T.csv
0.19,0.8,0.0,0.01,0.01,0.01,0.01,200,lists/bcms_setimes/list.bcms_setimes.attrib=shap_mpd=11_thresh=0.3_docnorm=F_tfidf=T.csv
0.19,0.73,0.0,0.06,0.06,0.06,0.06,200,lists/bcms_setimes/list.bcms_setimes.attrib=loo_mpd=1_thresh=0.7_docnorm=T_tfidf=F.csv
0.185,0.815,0.0,0.0,0.0,0.0,0.0,200,lists/bcms_setimes/list.bcms_setimes.attrib=ig_mpd=9_thresh=0.4_docnorm=F_tfidf=T.csv
0.145,0.845,0.0,0.01,0.01,0.01,0.01,200,lists/bcms_setimes/list.bcms_setimes.attrib=loo_mpd=18_thresh=0.1_docnorm=F_tfidf=F.csv
0.19,0.81,0.0,0.0,0.0,0.0,0.0,200,lists/bcms_setimes/list.bcms_setimes.attrib=ig_mpd=5_thresh=0.9_docnorm=F_tfidf=T.csv
0.39,0.46,0.0,0.095,0.095,0.095,0.11,200,lists/bcms_setimes/list.bcms_setimes.attrib=loo_mpd=18_thresh=0.4_docnorm=T_tfidf=F.csv
0.445,0.285,0.0,0.285,0.545,0.725,0.83,200,lists/bcms_setimes/list.bcms_setimes.attrib=shap_mpd=8_thresh=0.2_docnorm=T_tfidf=F.csv
0.355,0.365,0.0,0.175,0.175,0.175,0.225,200,lists/bcms_setimes/list.bcms_setimes.attrib=shap_mpd=9_thresh=0.4_docnorm=T_tfidf=T.csv
0.245,0.755,0.0,0.0,0.0,0.0,0.0,200,lists/bcms_setimes/list.bcms_setimes.attrib=ig_mpd=2_thresh=0.1_docnorm=F_tfidf=T.csv
0.38,0.47,0.0,0.065,0.065,0.065,0.065,200,lists/bcms_setimes/list.bcms_setimes.attrib=loo_mpd=12_thresh=0.5_docnorm=T_tfidf=F.csv
0.705,0.245,0.0,0.015,0.015,0.015,0.015,200,lists/bcms_setimes/list.bcms_setimes.attrib=ig_mpd=7_thresh=0.5_docnorm=T_tfidf=F.csv
0.385,0.425,0.0,0.155,0.155,0.155,0.155,200,lists/bcms_setimes/list.bcms_setimes.attrib=shap_mpd=13_thresh=0.7_docnorm=T_tfidf=T.csv
0.2,0.8,0.0,0.0,0.0,0.0,0.0,200,lists/bcms_setimes/list.bcms_setimes.attrib=lime_mpd=3_thresh=0.9_docnorm=F_tfidf=F.csv
0.605,0.385,0.0,0.0,0.0,0.0,0.0,200,lists/bcms_setimes/list.bcms_setimes.attrib=ig_mpd=16_thresh=1.0_docnorm=T_tfidf=F.csv
0.365,0.385,0.0,0.175,0.175,0.175,0.175,200,lists/bcms_setimes/list.bcms_setimes.attrib=shap_mpd=13_thresh=0.5_docnorm=T_tfidf=T.csv
0.44,0.485,0.0,0.0,0.0,0.0,0.005,200,lists/bcms_setimes/list.bcms_setimes.attrib=lime_mpd=18_thresh=0.6_docnorm=T_tfidf=T.csv
0.16,0.805,0.0,0.035,0.035,0.035,0.035,200,lists/bcms_setimes/list.bcms_setimes.attrib=loo_mpd=16_thresh=0.8_docnorm=F_tfidf=T.csv
0.245,0.215,0.385,0.87,0.895,0.935,0.955,200,lists/bcms_setimes/list.bcms_setimes.attrib=shap_mpd=14_thresh=0.1_docnorm=T_tfidf=T.csv
0.345,0.63,0.0,0.0,0.0,0.0,0.0,200,lists/bcms_setimes/list.bcms_setimes.attrib=lime_mpd=2_thresh=0.7_docnorm=T_tfidf=T.csv
0.34,0.64,0.0,0.0,0.0,0.0,0.0,200,lists/bcms_setimes/list.bcms_setimes.attrib=lime_mpd=1_thresh=0.7_docnorm=T_tfidf=F.csv
0.165,0.82,0.0,0.0,0.0,0.0,0.0,200,lists/bcms_setimes/list.bcms_setimes.attrib=ig_mpd=8_thresh=0.5_docnorm=F_tfidf=F.csv
0.2,0.785,0.0,0.0,0.0,0.0,0.0,200,lists/bcms_setimes/list.bcms_setimes.attrib=ig_mpd=2_thresh=0.5_docnorm=F_tfidf=F.csv
0.455,0.53,0.0,0.0,0.0,0.0,0.0,200,lists/bcms_setimes/list.bcms_setimes.attrib=lime_mpd=19_thresh=1.0_docnorm=T_tfidf=F.csv
0.47,0.39,0.0,0.0,0.015,0.175,0.355,200,lists/bcms_setimes/list.bcms_setimes.attrib=lime_mpd=18_thresh=0.3_docnorm=T_tfidf=T.csv
0.525,0.315,0.0,0.2,0.5,0.705,0.79,200,lists/bcms_setimes/list.bcms_setimes.attrib=lime_mpd=15_thresh=0.2_docnorm=T_tfidf=F.csv
0.2,0.8,0.0,0.0,0.0,0.0,0.0,200,lists/bcms_setimes/list.bcms_setimes.attrib=lime_mpd=3_thresh=1.0_docnorm=F_tfidf=F.csv
0.215,0.775,0.0,0.01,0.01,0.01,0.01,200,lists/bcms_setimes/list.bcms_setimes.attrib=shap_mpd=2_thresh=0.8_docnorm=F_tfidf=T.csv
0.18,0.82,0.0,0.0,0.0,0.0,0.0,200,lists/bcms_setimes/list.bcms_setimes.attrib=shap_mpd=6_thresh=0.4_docnorm=F_tfidf=F.csv
0.65,0.26,0.0,0.06,0.06,0.06,0.06,200,lists/bcms_setimes/list.bcms_setimes.attrib=ig_mpd=19_thresh=0.6_docnorm=T_tfidf=T.csv
0.675,0.27,0.0,0.025,0.025,0.025,0.025,200,lists/bcms_setimes/list.bcms_setimes.attrib=ig_mpd=12_thresh=0.7_docnorm=T_tfidf=T.csv
0.18,0.82,0.0,0.0,0.0,0.0,0.0,200,lists/bcms_setimes/list.bcms_setimes.attrib=lime_mpd=17_thresh=0.6_docnorm=F_tfidf=F.csv
0.605,0.28,0.0,0.05,0.17,0.32,0.445,200,lists/bcms_setimes/list.bcms_setimes.attrib=ig_mpd=8_thresh=0.2_docnorm=T_tfidf=F.csv
0.18,0.82,0.0,0.0,0.0,0.0,0.0,200,lists/bcms_setimes/list.bcms_setimes.attrib=ig_mpd=8_thresh=0.2_docnorm=F_tfidf=T.csv
0.235,0.765,0.0,0.0,0.0,0.0,0.0,200,lists/bcms_setimes/list.bcms_setimes.attrib=lime_mpd=1_thresh=0.4_docnorm=F_tfidf=F.csv
0.39,0.465,0.0,0.09,0.09,0.09,0.12,200,lists/bcms_setimes/list.bcms_setimes.attrib=loo_mpd=19_thresh=0.4_docnorm=T_tfidf=F.csv
0.235,0.735,0.0,0.02,0.02,0.02,0.02,200,lists/bcms_setimes/list.bcms_setimes.attrib=loo_mpd=7_thresh=1.0_docnorm=T_tfidf=T.csv
0.445,0.31,0.0,0.155,0.165,0.355,0.52,200,lists/bcms_setimes/list.bcms_setimes.attrib=shap_mpd=12_thresh=0.3_docnorm=T_tfidf=F.csv
0.19,0.8,0.0,0.01,0.01,0.01,0.01,200,lists/bcms_setimes/list.bcms_setimes.attrib=shap_mpd=7_thresh=0.6_docnorm=F_tfidf=T.csv
0.485,0.48,0.0,0.0,0.0,0.0,0.0,200,lists/bcms_setimes/list.bcms_setimes.attrib=lime_mpd=17_thresh=0.7_docnorm=T_tfidf=F.csv
0.225,0.775,0.0,0.0,0.0,0.0,0.0,200,lists/bcms_setimes/list.bcms_setimes.attrib=ig_mpd=3_thresh=1.0_docnorm=F_tfidf=T.csv
0.48,0.395,0.0,0.105,0.105,0.105,0.105,200,lists/bcms_setimes/list.bcms_setimes.attrib=shap_mpd=20_thresh=0.7_docnorm=T_tfidf=F.csv
0.495,0.465,0.0,0.0,0.0,0.0,0.0,200,lists/bcms_setimes/list.bcms_setimes.attrib=lime_mpd=16_thresh=0.8_docnorm=T_tfidf=F.csv
0.18,0.82,0.0,0.0,0.0,0.0,0.0,200,lists/bcms_setimes/list.bcms_setimes.attrib=shap_mpd=20_thresh=0.6_docnorm=F_tfidf=F.csv
0.4,0.445,0.0,0.085,0.085,0.085,0.085,200,lists/bcms_setimes/list.bcms_setimes.attrib=loo_mpd=15_thresh=0.4_docnorm=T_tfidf=F.csv
0.175,0.795,0.0,0.01,0.01,0.01,0.01,200,lists/bcms_setimes/list.bcms_setimes.attrib=ig_mpd=18_thresh=0.3_docnorm=F_tfidf=F.csv
0.18,0.82,0.0,0.0,0.0,0.0,0.0,200,lists/bcms_setimes/list.bcms_setimes.attrib=lime_mpd=9_thresh=0.2_docnorm=F_tfidf=T.csv
0.175,0.825,0.0,0.0,0.0,0.0,0.0,200,lists/bcms_setimes/list.bcms_setimes.attrib=shap_mpd=14_thresh=1.0_docnorm=F_tfidf=F.csv
0.2,0.785,0.0,0.0,0.0,0.0,0.0,200,lists/bcms_setimes/list.bcms_setimes.attrib=ig_mpd=3_thresh=0.4_docnorm=F_tfidf=F.csv
0.725,0.225,0.0,0.01,0.01,0.01,0.01,200,lists/bcms_setimes/list.bcms_setimes.attrib=ig_mpd=10_thresh=0.6_docnorm=T_tfidf=F.csv
0.18,0.82,0.0,0.0,0.0,0.0,0.0,200,lists/bcms_setimes/list.bcms_setimes.attrib=lime_mpd=9_thresh=0.4_docnorm=F_tfidf=F.csv
0.475,0.37,0.0,0.125,0.125,0.125,0.125,200,lists/bcms_setimes/list.bcms_setimes.attrib=shap_mpd=10_thresh=0.6_docnorm=T_tfidf=F.csv
0.315,0.41,0.0,0.14,0.14,0.235,0.33,200,lists/bcms_setimes/list.bcms_setimes.attrib=loo_mpd=17_thresh=0.3_docnorm=T_tfidf=T.csv
0.42,0.44,0.0,0.115,0.115,0.115,0.115,200,lists/bcms_setimes/list.bcms_setimes.attrib=shap_mpd=13_thresh=0.9_docnorm=T_tfidf=T.csv
0.165,0.795,0.0,0.035,0.035,0.035,0.035,200,lists/bcms_setimes/list.bcms_setimes.attrib=loo_mpd=10_thresh=0.6_docnorm=F_tfidf=T.csv
0.19,0.8,0.0,0.01,0.01,0.01,0.01,200,lists/bcms_setimes/list.bcms_setimes.attrib=shap_mpd=9_thresh=0.8_docnorm=F_tfidf=T.csv
0.34,0.555,0.0,0.095,0.095,0.095,0.095,200,lists/bcms_setimes/list.bcms_setimes.attrib=loo_mpd=20_thresh=0.9_docnorm=T_tfidf=T.csv
0.435,0.49,0.0,0.055,0.055,0.055,0.055,200,lists/bcms_setimes/list.bcms_setimes.attrib=shap_mpd=3_thresh=0.9_docnorm=T_tfidf=F.csv
0.215,0.35,0.37,0.785,0.84,0.9,0.925,200,lists/bcms_setimes/list.bcms_setimes.attrib=ig_mpd=11_thresh=0.1_docnorm=T_tfidf=T.csv
0.71,0.22,0.0,0.025,0.025,0.025,0.03,200,lists/bcms_setimes/list.bcms_setimes.attrib=ig_mpd=8_thresh=0.4_docnorm=T_tfidf=F.csv
0.295,0.605,0.0,0.09,0.09,0.09,0.09,200,lists/bcms_setimes/list.bcms_setimes.attrib=loo_mpd=2_thresh=0.8_docnorm=T_tfidf=T.csv
0.365,0.355,0.0,0.175,0.175,0.175,0.245,200,lists/bcms_setimes/list.bcms_setimes.attrib=shap_mpd=16_thresh=0.4_docnorm=T_tfidf=T.csv
0.195,0.795,0.0,0.01,0.01,0.01,0.01,200,lists/bcms_setimes/list.bcms_setimes.attrib=shap_mpd=4_thresh=0.5_docnorm=F_tfidf=T.csv
0.4,0.26,0.185,0.58,0.675,0.77,0.84,200,lists/bcms_setimes/list.bcms_setimes.attrib=ig_mpd=5_thresh=0.1_docnorm=T_tfidf=F.csv
0.69,0.245,0.0,0.035,0.035,0.13,0.235,200,lists/bcms_setimes/list.bcms_setimes.attrib=ig_mpd=19_thresh=0.3_docnorm=T_tfidf=F.csv
0.195,0.795,0.0,0.01,0.01,0.01,0.01,200,lists/bcms_setimes/list.bcms_setimes.attrib=shap_mpd=16_thresh=1.0_docnorm=F_tfidf=T.csv
0.515,0.33,0.0,0.145,0.435,0.635,0.725,200,lists/bcms_setimes/list.bcms_setimes.attrib=lime_mpd=5_thresh=0.2_docnorm=T_tfidf=F.csv
0.32,0.375,0.0,0.2,0.315,0.445,0.555,200,lists/bcms_setimes/list.bcms_setimes.attrib=shap_mpd=4_thresh=0.2_docnorm=T_tfidf=T.csv
0.42,0.495,0.0,0.07,0.07,0.07,0.07,200,lists/bcms_setimes/list.bcms_setimes.attrib=shap_mpd=10_thresh=1.0_docnorm=T_tfidf=T.csv
0.215,0.775,0.0,0.0,0.0,0.0,0.0,200,lists/bcms_setimes/list.bcms_setimes.attrib=ig_mpd=17_thresh=0.4_docnorm=F_tfidf=T.csv
0.19,0.81,0.0,0.0,0.0,0.0,0.0,200,lists/bcms_setimes/list.bcms_setimes.attrib=ig_mpd=5_thresh=0.7_docnorm=F_tfidf=T.csv
0.415,0.55,0.0,0.0,0.0,0.0,0.0,200,lists/bcms_setimes/list.bcms_setimes.attrib=lime_mpd=6_thresh=0.8_docnorm=T_tfidf=T.csv
0.175,0.825,0.0,0.0,0.0,0.0,0.0,200,lists/bcms_setimes/list.bcms_setimes.attrib=shap_mpd=15_thresh=0.6_docnorm=F_tfidf=F.csv
0.18,0.82,0.0,0.0,0.0,0.0,0.0,200,lists/bcms_setimes/list.bcms_setimes.attrib=shap_mpd=7_thresh=1.0_docnorm=F_tfidf=F.csv
0.36,0.355,0.0,0.17,0.17,0.17,0.22,200,lists/bcms_setimes/list.bcms_setimes.attrib=shap_mpd=7_thresh=0.4_docnorm=T_tfidf=T.csv
0.37,0.46,0.0,0.09,0.09,0.09,0.09,200,lists/bcms_setimes/list.bcms_setimes.attrib=loo_mpd=7_thresh=0.4_docnorm=T_tfidf=F.csv
0.18,0.82,0.0,0.0,0.0,0.0,0.0,200,lists/bcms_setimes/list.bcms_setimes.attrib=shap_mpd=7_thresh=0.9_docnorm=F_tfidf=F.csv
0.445,0.42,0.0,0.0,0.01,0.16,0.315,200,lists/bcms_setimes/list.bcms_setimes.attrib=lime_mpd=7_thresh=0.3_docnorm=T_tfidf=T.csv
0.23,0.245,0.345,0.805,0.845,0.9,0.925,200,lists/bcms_setimes/list.bcms_setimes.attrib=shap_mpd=6_thresh=0.1_docnorm=T_tfidf=T.csv
0.18,0.82,0.0,0.0,0.0,0.0,0.0,200,lists/bcms_setimes/list.bcms_setimes.attrib=lime_mpd=12_thresh=0.2_docnorm=F_tfidf=F.csv
0.495,0.4,0.0,0.0,0.025,0.235,0.435,200,lists/bcms_setimes/list.bcms_setimes.attrib=lime_mpd=9_thresh=0.3_docnorm=T_tfidf=F.csv
0.145,0.845,0.0,0.01,0.01,0.01,0.01,200,lists/bcms_setimes/list.bcms_setimes.attrib=loo_mpd=12_thresh=0.6_docnorm=F_tfidf=F.csv
0.32,0.57,0.0,0.095,0.095,0.095,0.095,200,lists/bcms_setimes/list.bcms_setimes.attrib=loo_mpd=9_thresh=0.8_docnorm=T_tfidf=T.csv
0.145,0.845,0.0,0.01,0.01,0.01,0.01,200,lists/bcms_setimes/list.bcms_setimes.attrib=loo_mpd=17_thresh=0.8_docnorm=F_tfidf=F.csv
0.175,0.785,0.0,0.035,0.035,0.035,0.035,200,lists/bcms_setimes/list.bcms_setimes.attrib=loo_mpd=3_thresh=0.6_docnorm=F_tfidf=T.csv
0.18,0.82,0.0,0.0,0.0,0.0,0.0,200,lists/bcms_setimes/list.bcms_setimes.attrib=lime_mpd=11_thresh=1.0_docnorm=F_tfidf=T.csv
0.195,0.795,0.0,0.01,0.01,0.01,0.01,200,lists/bcms_setimes/list.bcms_setimes.attrib=shap_mpd=16_thresh=0.4_docnorm=F_tfidf=T.csv
0.47,0.495,0.0,0.0,0.0,0.0,0.0,200,lists/bcms_setimes/list.bcms_setimes.attrib=lime_mpd=7_thresh=0.7_docnorm=T_tfidf=F.csv
0.175,0.8,0.0,0.01,0.01,0.01,0.01,200,lists/bcms_setimes/list.bcms_setimes.attrib=ig_mpd=14_thresh=0.1_docnorm=F_tfidf=F.csv
0.4,0.57,0.0,0.0,0.0,0.0,0.0,200,lists/bcms_setimes/list.bcms_setimes.attrib=lime_mpd=9_thresh=0.8_docnorm=T_tfidf=T.csv
0.295,0.66,0.0,0.035,0.035,0.035,0.035,200,lists/bcms_setimes/list.bcms_setimes.attrib=loo_mpd=1_thresh=0.9_docnorm=T_tfidf=T.csv
0.73,0.24,0.0,0.0,0.0,0.0,0.0,200,lists/bcms_setimes/list.bcms_setimes.attrib=ig_mpd=6_thresh=0.8_docnorm=T_tfidf=F.csv
0.45,0.54,0.0,0.0,0.0,0.0,0.0,200,lists/bcms_setimes/list.bcms_setimes.attrib=lime_mpd=18_thresh=0.9_docnorm=T_tfidf=T.csv
0.24,0.745,0.0,0.015,0.015,0.015,0.015,200,lists/bcms_setimes/list.bcms_setimes.attrib=shap_mpd=1_thresh=0.5_docnorm=F_tfidf=T.csv
0.19,0.8,0.0,0.01,0.01,0.01,0.01,200,lists/bcms_setimes/list.bcms_setimes.attrib=shap_mpd=5_thresh=0.1_docnorm=F_tfidf=T.csv
0.215,0.775,0.0,0.0,0.0,0.0,0.0,200,lists/bcms_setimes/list.bcms_setimes.attrib=ig_mpd=16_thresh=0.2_docnorm=F_tfidf=T.csv
0.185,0.815,0.0,0.0,0.0,0.0,0.0,200,lists/bcms_setimes/list.bcms_setimes.attrib=lime_mpd=18_thresh=0.6_docnorm=F_tfidf=F.csv
0.51,0.395,0.0,0.0,0.025,0.23,0.435,200,lists/bcms_setimes/list.bcms_setimes.attrib=lime_mpd=13_thresh=0.3_docnorm=T_tfidf=F.csv
0.735,0.245,0.0,0.0,0.0,0.0,0.0,200,lists/bcms_setimes/list.bcms_setimes.attrib=ig_mpd=20_thresh=0.9_docnorm=T_tfidf=F.csv
0.75,0.2,0.0,0.01,0.01,0.01,0.01,200,lists/bcms_setimes/list.bcms_setimes.attrib=ig_mpd=20_thresh=0.6_docnorm=T_tfidf=F.csv
0.61,0.35,0.0,0.015,0.015,0.015,0.015,200,lists/bcms_setimes/list.bcms_setimes.attrib=ig_mpd=18_thresh=1.0_docnorm=T_tfidf=T.csv
0.3,0.485,0.0,0.135,0.135,0.135,0.135,200,lists/bcms_setimes/list.bcms_setimes.attrib=loo_mpd=18_thresh=0.6_docnorm=T_tfidf=T.csv
0.525,0.315,0.0,0.18,0.475,0.68,0.77,200,lists/bcms_setimes/list.bcms_setimes.attrib=lime_mpd=10_thresh=0.2_docnorm=T_tfidf=F.csv
0.41,0.465,0.0,0.09,0.09,0.09,0.09,200,lists/bcms_setimes/list.bcms_setimes.attrib=loo_mpd=16_thresh=0.8_docnorm=T_tfidf=F.csv
0.18,0.82,0.0,0.0,0.0,0.0,0.0,200,lists/bcms_setimes/list.bcms_setimes.attrib=ig_mpd=7_thresh=0.6_docnorm=F_tfidf=T.csv
0.195,0.795,0.0,0.01,0.01,0.01,0.01,200,lists/bcms_setimes/list.bcms_setimes.attrib=shap_mpd=12_thresh=0.4_docnorm=F_tfidf=T.csv
0.205,0.79,0.0,0.005,0.005,0.005,0.005,200,lists/bcms_setimes/list.bcms_setimes.attrib=shap_mpd=2_thresh=0.7_docnorm=F_tfidf=F.csv
0.355,0.395,0.0,0.17,0.17,0.17,0.17,200,lists/bcms_setimes/list.bcms_setimes.attrib=shap_mpd=17_thresh=0.5_docnorm=T_tfidf=T.csv
0.205,0.75,0.0,0.04,0.04,0.04,0.04,200,lists/bcms_setimes/list.bcms_setimes.attrib=loo_mpd=1_thresh=0.1_docnorm=F_tfidf=T.csv
0.185,0.815,0.0,0.0,0.0,0.0,0.0,200,lists/bcms_setimes/list.bcms_setimes.attrib=lime_mpd=5_thresh=0.2_docnorm=F_tfidf=T.csv
0.2,0.79,0.0,0.01,0.01,0.01,0.01,200,lists/bcms_setimes/list.bcms_setimes.attrib=shap_mpd=14_thresh=0.6_docnorm=F_tfidf=T.csv
0.205,0.795,0.0,0.0,0.0,0.0,0.0,200,lists/bcms_setimes/list.bcms_setimes.attrib=lime_mpd=2_thresh=0.8_docnorm=F_tfidf=T.csv
0.315,0.23,0.27,0.74,0.805,0.855,0.885,200,lists/bcms_setimes/list.bcms_setimes.attrib=loo_mpd=1_thresh=0.1_docnorm=T_tfidf=F.csv
0.425,0.34,0.0,0.125,0.125,0.285,0.455,200,lists/bcms_setimes/list.bcms_setimes.attrib=loo_mpd=18_thresh=0.3_docnorm=T_tfidf=F.csv
0.305,0.425,0.0,0.14,0.205,0.27,0.34,200,lists/bcms_setimes/list.bcms_setimes.attrib=loo_mpd=3_thresh=0.2_docnorm=T_tfidf=T.csv
0.335,0.12,0.515,0.97,0.99,1.0,1.0,200,lists/bcms_setimes/list.bcms_setimes.attrib=shap_mpd=6_thresh=0.1_docnorm=T_tfidf=F.csv
0.18,0.82,0.0,0.0,0.0,0.0,0.0,200,lists/bcms_setimes/list.bcms_setimes.attrib=lime_mpd=12_thresh=0.3_docnorm=F_tfidf=T.csv
0.415,0.325,0.0,0.135,0.235,0.445,0.6,200,lists/bcms_setimes/list.bcms_setimes.attrib=loo_mpd=6_thresh=0.2_docnorm=T_tfidf=F.csv
0.23,0.765,0.0,0.005,0.005,0.005,0.005,200,lists/bcms_setimes/list.bcms_setimes.attrib=loo_mpd=1_thresh=1.0_docnorm=F_tfidf=F.csv
0.22,0.77,0.0,0.0,0.0,0.0,0.0,200,lists/bcms_setimes/list.bcms_setimes.attrib=ig_mpd=19_thresh=0.1_docnorm=F_tfidf=T.csv
0.185,0.815,0.0,0.0,0.0,0.0,0.0,200,lists/bcms_setimes/list.bcms_setimes.attrib=ig_mpd=10_thresh=1.0_docnorm=F_tfidf=T.csv
0.52,0.315,0.0,0.19,0.48,0.685,0.77,200,lists/bcms_setimes/list.bcms_setimes.attrib=lime_mpd=11_thresh=0.2_docnorm=T_tfidf=F.csv
0.19,0.8,0.0,0.01,0.01,0.01,0.01,200,lists/bcms_setimes/list.bcms_setimes.attrib=shap_mpd=9_thresh=0.3_docnorm=F_tfidf=T.csv
0.415,0.325,0.505,0.76,0.84,0.91,0.93,200,lists/bcms_setimes/list.bcms_setimes.attrib=lime_mpd=5_thresh=0.1_docnorm=T_tfidf=T.csv
0.175,0.8,0.0,0.01,0.01,0.01,0.01,200,lists/bcms_setimes/list.bcms_setimes.attrib=ig_mpd=13_thresh=0.8_docnorm=F_tfidf=F.csv
0.735,0.215,0.0,0.01,0.01,0.01,0.01,200,lists/bcms_setimes/list.bcms_setimes.attrib=ig_mpd=11_thresh=0.6_docnorm=T_tfidf=F.csv
0.19,0.81,0.0,0.0,0.0,0.0,0.0,200,lists/bcms_setimes/list.bcms_setimes.attrib=lime_mpd=3_thresh=0.1_docnorm=F_tfidf=T.csv
0.165,0.82,0.0,0.0,0.0,0.0,0.0,200,lists/bcms_setimes/list.bcms_setimes.attrib=ig_mpd=7_thresh=0.4_docnorm=F_tfidf=F.csv
0.425,0.505,0.0,0.055,0.055,0.055,0.055,200,lists/bcms_setimes/list.bcms_setimes.attrib=shap_mpd=2_thresh=0.9_docnorm=T_tfidf=T.csv
0.175,0.825,0.0,0.0,0.0,0.0,0.0,200,lists/bcms_setimes/list.bcms_setimes.attrib=shap_mpd=15_thresh=0.7_docnorm=F_tfidf=F.csv
0.18,0.82,0.0,0.0,0.0,0.0,0.0,200,lists/bcms_setimes/list.bcms_setimes.attrib=lime_mpd=9_thresh=1.0_docnorm=F_tfidf=F.csv
0.24,0.71,0.0,0.03,0.03,0.03,0.03,200,lists/bcms_setimes/list.bcms_setimes.attrib=loo_mpd=1_thresh=0.8_docnorm=T_tfidf=F.csv
0.18,0.79,0.0,0.01,0.01,0.01,0.01,200,lists/bcms_setimes/list.bcms_setimes.attrib=ig_mpd=19_thresh=0.3_docnorm=F_tfidf=F.csv
0.185,0.815,0.0,0.0,0.0,0.0,0.0,200,lists/bcms_setimes/list.bcms_setimes.attrib=lime_mpd=20_thresh=0.9_docnorm=F_tfidf=T.csv
0.18,0.79,0.0,0.01,0.01,0.01,0.01,200,lists/bcms_setimes/list.bcms_setimes.attrib=ig_mpd=19_thresh=0.8_docnorm=F_tfidf=F.csv
0.19,0.8,0.0,0.01,0.01,0.01,0.01,200,lists/bcms_setimes/list.bcms_setimes.attrib=shap_mpd=5_thresh=0.3_docnorm=F_tfidf=T.csv
0.41,0.55,0.0,0.03,0.03,0.03,0.03,200,lists/bcms_setimes/list.bcms_setimes.attrib=shap_mpd=1_thresh=0.8_docnorm=T_tfidf=F.csv
0.18,0.82,0.0,0.0,0.0,0.0,0.0,200,lists/bcms_setimes/list.bcms_setimes.attrib=lime_mpd=5_thresh=0.6_docnorm=F_tfidf=F.csv
0.145,0.845,0.0,0.01,0.01,0.01,0.01,200,lists/bcms_setimes/list.bcms_setimes.attrib=loo_mpd=15_thresh=0.4_docnorm=F_tfidf=F.csv
0.145,0.845,0.0,0.01,0.01,0.01,0.01,200,lists/bcms_setimes/list.bcms_setimes.attrib=loo_mpd=17_thresh=0.1_docnorm=F_tfidf=F.csv
0.68,0.25,0.0,0.02,0.02,0.055,0.135,200,lists/bcms_setimes/list.bcms_setimes.attrib=ig_mpd=6_thresh=0.3_docnorm=T_tfidf=F.csv
0.2,0.8,0.0,0.0,0.0,0.0,0.0,200,lists/bcms_setimes/list.bcms_setimes.attrib=ig_mpd=4_thresh=0.8_docnorm=F_tfidf=T.csv
0.22,0.78,0.0,0.0,0.0,0.0,0.0,200,lists/bcms_setimes/list.bcms_setimes.attrib=lime_mpd=1_thresh=0.1_docnorm=F_tfidf=T.csv
0.18,0.82,0.0,0.0,0.0,0.0,0.0,200,lists/bcms_setimes/list.bcms_setimes.attrib=lime_mpd=13_thresh=0.2_docnorm=F_tfidf=F.csv
0.19,0.8,0.0,0.01,0.01,0.01,0.01,200,lists/bcms_setimes/list.bcms_setimes.attrib=shap_mpd=8_thresh=0.2_docnorm=F_tfidf=T.csv
0.17,0.83,0.0,0.0,0.0,0.0,0.0,200,lists/bcms_setimes/list.bcms_setimes.attrib=shap_mpd=13_thresh=0.2_docnorm=F_tfidf=F.csv
0.145,0.845,0.0,0.01,0.01,0.01,0.01,200,lists/bcms_setimes/list.bcms_setimes.attrib=loo_mpd=11_thresh=0.6_docnorm=F_tfidf=F.csv
0.175,0.825,0.0,0.0,0.0,0.0,0.0,200,lists/bcms_setimes/list.bcms_setimes.attrib=shap_mpd=15_thresh=0.3_docnorm=F_tfidf=F.csv
0.19,0.8,0.0,0.01,0.01,0.01,0.01,200,lists/bcms_setimes/list.bcms_setimes.attrib=shap_mpd=7_thresh=0.7_docnorm=F_tfidf=T.csv
0.44,0.44,0.0,0.095,0.095,0.095,0.095,200,lists/bcms_setimes/list.bcms_setimes.attrib=shap_mpd=4_thresh=0.6_docnorm=T_tfidf=F.csv
0.185,0.815,0.0,0.0,0.0,0.0,0.0,200,lists/bcms_setimes/list.bcms_setimes.attrib=shap_mpd=5_thresh=1.0_docnorm=F_tfidf=F.csv
0.18,0.82,0.0,0.0,0.0,0.0,0.0,200,lists/bcms_setimes/list.bcms_setimes.attrib=lime_mpd=14_thresh=0.9_docnorm=F_tfidf=T.csv
0.545,0.425,0.0,0.01,0.01,0.01,0.01,200,lists/bcms_setimes/list.bcms_setimes.attrib=ig_mpd=11_thresh=1.0_docnorm=T_tfidf=T.csv
0.295,0.665,0.0,0.03,0.03,0.03,0.03,200,lists/bcms_setimes/list.bcms_setimes.attrib=loo_mpd=11_thresh=1.0_docnorm=T_tfidf=F.csv
0.345,0.345,0.0,0.245,0.375,0.525,0.645,200,lists/bcms_setimes/list.bcms_setimes.attrib=shap_mpd=6_thresh=0.2_docnorm=T_tfidf=T.csv
0.145,0.845,0.0,0.01,0.01,0.01,0.01,200,lists/bcms_setimes/list.bcms_setimes.attrib=loo_mpd=11_thresh=1.0_docnorm=F_tfidf=F.csv
0.205,0.785,0.0,0.0,0.0,0.0,0.0,200,lists/bcms_setimes/list.bcms_setimes.attrib=ig_mpd=14_thresh=0.5_docnorm=F_tfidf=T.csv
0.18,0.805,0.0,0.0,0.0,0.0,0.0,200,lists/bcms_setimes/list.bcms_setimes.attrib=ig_mpd=5_thresh=0.1_docnorm=F_tfidf=F.csv
0.18,0.82,0.0,0.0,0.0,0.0,0.0,200,lists/bcms_setimes/list.bcms_setimes.attrib=lime_mpd=12_thresh=0.3_docnorm=F_tfidf=F.csv
0.475,0.32,0.0,0.08,0.08,0.15,0.295,200,lists/bcms_setimes/list.bcms_setimes.attrib=ig_mpd=11_thresh=0.3_docnorm=T_tfidf=T.csv
0.505,0.435,0.0,0.0,0.0,0.0,0.085,200,lists/bcms_setimes/list.bcms_setimes.attrib=lime_mpd=19_thresh=0.4_docnorm=T_tfidf=F.csv
0.73,0.215,0.0,0.01,0.01,0.01,0.01,200,lists/bcms_setimes/list.bcms_setimes.attrib=ig_mpd=16_thresh=0.7_docnorm=T_tfidf=F.csv
0.385,0.33,0.0,0.16,0.32,0.555,0.7,200,lists/bcms_setimes/list.bcms_setimes.attrib=loo_mpd=10_thresh=0.2_docnorm=T_tfidf=F.csv
0.275,0.72,0.0,0.005,0.005,0.005,0.005,200,lists/bcms_setimes/list.bcms_setimes.attrib=shap_mpd=1_thresh=1.0_docnorm=T_tfidf=T.csv
0.47,0.315,0.0,0.08,0.08,0.15,0.3,200,lists/bcms_setimes/list.bcms_setimes.attrib=ig_mpd=12_thresh=0.3_docnorm=T_tfidf=T.csv
0.185,0.815,0.0,0.0,0.0,0.0,0.0,200,lists/bcms_setimes/list.bcms_setimes.attrib=lime_mpd=20_thresh=0.3_docnorm=F_tfidf=F.csv
0.58,0.405,0.0,0.0,0.0,0.0,0.0,200,lists/bcms_setimes/list.bcms_setimes.attrib=ig_mpd=12_thresh=1.0_docnorm=T_tfidf=F.csv
0.185,0.815,0.0,0.0,0.0,0.0,0.0,200,lists/bcms_setimes/list.bcms_setimes.attrib=lime_mpd=19_thresh=0.3_docnorm=F_tfidf=T.csv
0.18,0.82,0.0,0.0,0.0,0.0,0.0,200,lists/bcms_setimes/list.bcms_setimes.attrib=ig_mpd=6_thresh=0.1_docnorm=F_tfidf=T.csv
0.49,0.39,0.0,0.105,0.105,0.105,0.105,200,lists/bcms_setimes/list.bcms_setimes.attrib=shap_mpd=18_thresh=0.7_docnorm=T_tfidf=F.csv
0.205,0.795,0.0,0.0,0.0,0.0,0.0,200,lists/bcms_setimes/list.bcms_setimes.attrib=lime_mpd=2_thresh=0.9_docnorm=F_tfidf=T.csv
0.16,0.805,0.0,0.035,0.035,0.035,0.035,200,lists/bcms_setimes/list.bcms_setimes.attrib=loo_mpd=17_thresh=0.7_docnorm=F_tfidf=T.csv
0.395,0.44,0.0,0.135,0.135,0.135,0.135,200,lists/bcms_setimes/list.bcms_setimes.attrib=shap_mpd=12_thresh=0.8_docnorm=T_tfidf=T.csv
0.18,0.82,0.0,0.0,0.0,0.0,0.0,200,lists/bcms_setimes/list.bcms_setimes.attrib=lime_mpd=11_thresh=0.1_docnorm=F_tfidf=T.csv
0.18,0.82,0.0,0.0,0.0,0.0,0.0,200,lists/bcms_setimes/list.bcms_setimes.attrib=lime_mpd=12_thresh=1.0_docnorm=F_tfidf=F.csv
0.18,0.82,0.0,0.0,0.0,0.0,0.0,200,lists/bcms_setimes/list.bcms_setimes.attrib=lime_mpd=8_thresh=0.4_docnorm=F_tfidf=F.csv
0.325,0.4,0.0,0.155,0.155,0.155,0.165,200,lists/bcms_setimes/list.bcms_setimes.attrib=shap_mpd=4_thresh=0.4_docnorm=T_tfidf=T.csv
0.435,0.325,0.0,0.135,0.135,0.22,0.33,200,lists/bcms_setimes/list.bcms_setimes.attrib=shap_mpd=4_thresh=0.3_docnorm=T_tfidf=F.csv
0.655,0.27,0.0,0.045,0.045,0.045,0.045,200,lists/bcms_setimes/list.bcms_setimes.attrib=ig_mpd=14_thresh=0.6_docnorm=T_tfidf=T.csv
0.41,0.465,0.0,0.075,0.075,0.075,0.075,200,lists/bcms_setimes/list.bcms_setimes.attrib=loo_mpd=16_thresh=0.6_docnorm=T_tfidf=F.csv
0.495,0.41,0.0,0.0,0.02,0.225,0.42,200,lists/bcms_setimes/list.bcms_setimes.attrib=lime_mpd=6_thresh=0.3_docnorm=T_tfidf=F.csv
0.705,0.25,0.0,0.005,0.005,0.005,0.005,200,lists/bcms_setimes/list.bcms_setimes.attrib=ig_mpd=3_thresh=0.5_docnorm=T_tfidf=F.csv
0.17,0.83,0.0,0.0,0.0,0.0,0.0,200,lists/bcms_setimes/list.bcms_setimes.attrib=shap_mpd=11_thresh=0.8_docnorm=F_tfidf=F.csv
0.17,0.83,0.0,0.0,0.0,0.0,0.0,200,lists/bcms_setimes/list.bcms_setimes.attrib=shap_mpd=13_thresh=0.7_docnorm=F_tfidf=F.csv
0.18,0.82,0.0,0.0,0.0,0.0,0.0,200,lists/bcms_setimes/list.bcms_setimes.attrib=shap_mpd=16_thresh=0.6_docnorm=F_tfidf=F.csv
0.235,0.25,0.375,0.86,0.915,0.96,0.985,200,lists/bcms_setimes/list.bcms_setimes.attrib=loo_mpd=18_thresh=0.1_docnorm=T_tfidf=T.csv
0.315,0.165,0.45,0.935,0.97,0.98,0.985,200,lists/bcms_setimes/list.bcms_setimes.attrib=shap_mpd=3_thresh=0.1_docnorm=T_tfidf=F.csv
0.16,0.805,0.0,0.035,0.035,0.035,0.035,200,lists/bcms_setimes/list.bcms_setimes.attrib=loo_mpd=14_thresh=0.2_docnorm=F_tfidf=T.csv
0.305,0.555,0.0,0.11,0.11,0.11,0.11,200,lists/bcms_setimes/list.bcms_setimes.attrib=loo_mpd=10_thresh=0.7_docnorm=T_tfidf=T.csv
0.175,0.8,0.0,0.01,0.01,0.01,0.01,200,lists/bcms_setimes/list.bcms_setimes.attrib=ig_mpd=15_thresh=0.1_docnorm=F_tfidf=F.csv
0.665,0.25,0.0,0.025,0.025,0.06,0.135,200,lists/bcms_setimes/list.bcms_setimes.attrib=ig_mpd=5_thresh=0.3_docnorm=T_tfidf=F.csv
0.73,0.215,0.0,0.01,0.01,0.01,0.01,200,lists/bcms_setimes/list.bcms_setimes.attrib=ig_mpd=9_thresh=0.6_docnorm=T_tfidf=F.csv
0.18,0.82,0.0,0.0,0.0,0.0,0.0,200,lists/bcms_setimes/list.bcms_setimes.attrib=ig_mpd=6_thresh=0.4_docnorm=F_tfidf=T.csv
0.54,0.28,0.0,0.085,0.085,0.085,0.14,200,lists/bcms_setimes/list.bcms_setimes.attrib=ig_mpd=18_thresh=0.4_docnorm=T_tfidf=T.csv
0.445,0.365,0.0,0.135,0.135,0.135,0.185,200,lists/bcms_setimes/list.bcms_setimes.attrib=shap_mpd=7_thresh=0.4_docnorm=T_tfidf=F.csv
0.17,0.815,0.0,0.0,0.0,0.0,0.0,200,lists/bcms_setimes/list.bcms_setimes.attrib=ig_mpd=6_thresh=0.7_docnorm=F_tfidf=F.csv
0.22,0.775,0.0,0.005,0.005,0.005,0.005,200,lists/bcms_setimes/list.bcms_setimes.attrib=shap_mpd=1_thresh=0.6_docnorm=F_tfidf=F.csv
0.62,0.265,0.0,0.04,0.155,0.31,0.425,200,lists/bcms_setimes/list.bcms_setimes.attrib=ig_mpd=7_thresh=0.2_docnorm=T_tfidf=F.csv
0.4,0.525,0.0,0.055,0.055,0.055,0.055,200,lists/bcms_setimes/list.bcms_setimes.attrib=loo_mpd=19_thresh=1.0_docnorm=T_tfidf=F.csv
0.235,0.275,0.315,0.81,0.875,0.925,0.955,200,lists/bcms_setimes/list.bcms_setimes.attrib=loo_mpd=8_thresh=0.1_docnorm=T_tfidf=T.csv
0.18,0.82,0.0,0.0,0.0,0.0,0.0,200,lists/bcms_setimes/list.bcms_setimes.attrib=lime_mpd=16_thresh=1.0_docnorm=F_tfidf=F.csv
0.165,0.815,0.0,0.005,0.005,0.005,0.005,200,lists/bcms_setimes/list.bcms_setimes.attrib=ig_mpd=9_thresh=0.5_docnorm=F_tfidf=F.csv
0.205,0.785,0.0,0.01,0.01,0.01,0.01,200,lists/bcms_setimes/list.bcms_setimes.attrib=shap_mpd=3_thresh=0.7_docnorm=F_tfidf=T.csv
0.175,0.8,0.0,0.01,0.01,0.01,0.01,200,lists/bcms_setimes/list.bcms_setimes.attrib=ig_mpd=13_thresh=0.3_docnorm=F_tfidf=F.csv
0.18,0.82,0.0,0.0,0.0,0.0,0.0,200,lists/bcms_setimes/list.bcms_setimes.attrib=lime_mpd=9_thresh=0.7_docnorm=F_tfidf=T.csv
0.185,0.815,0.0,0.0,0.0,0.0,0.0,200,lists/bcms_setimes/list.bcms_setimes.attrib=lime_mpd=16_thresh=0.5_docnorm=F_tfidf=T.csv
0.18,0.79,0.0,0.01,0.01,0.01,0.01,200,lists/bcms_setimes/list.bcms_setimes.attrib=ig_mpd=20_thresh=0.3_docnorm=F_tfidf=F.csv
0.3,0.45,0.0,0.135,0.135,0.135,0.135,200,lists/bcms_setimes/list.bcms_setimes.attrib=loo_mpd=18_thresh=0.5_docnorm=T_tfidf=T.csv
0.205,0.785,0.0,0.0,0.0,0.0,0.0,200,lists/bcms_setimes/list.bcms_setimes.attrib=ig_mpd=14_thresh=0.9_docnorm=F_tfidf=T.csv
0.465,0.52,0.0,0.0,0.0,0.0,0.0,200,lists/bcms_setimes/list.bcms_setimes.attrib=lime_mpd=16_thresh=0.9_docnorm=T_tfidf=F.csv
0.47,0.425,0.0,0.07,0.07,0.07,0.07,200,lists/bcms_setimes/list.bcms_setimes.attrib=shap_mpd=6_thresh=0.8_docnorm=T_tfidf=F.csv
0.185,0.815,0.0,0.0,0.0,0.0,0.0,200,lists/bcms_setimes/list.bcms_setimes.attrib=lime_mpd=18_thresh=0.2_docnorm=F_tfidf=F.csv
0.18,0.82,0.0,0.0,0.0,0.0,0.0,200,lists/bcms_setimes/list.bcms_setimes.attrib=lime_mpd=8_thresh=0.2_docnorm=F_tfidf=T.csv
0.19,0.795,0.0,0.0,0.0,0.0,0.0,200,lists/bcms_setimes/list.bcms_setimes.attrib=ig_mpd=4_thresh=0.9_docnorm=F_tfidf=F.csv
0.42,0.455,0.0,0.1,0.1,0.1,0.1,200,lists/bcms_setimes/list.bcms_setimes.attrib=shap_mpd=8_thresh=0.9_docnorm=T_tfidf=T.csv
0.18,0.82,0.0,0.0,0.0,0.0,0.0,200,lists/bcms_setimes/list.bcms_setimes.attrib=lime_mpd=16_thresh=0.7_docnorm=F_tfidf=F.csv
0.185,0.815,0.0,0.0,0.0,0.0,0.0,200,lists/bcms_setimes/list.bcms_setimes.attrib=lime_mpd=4_thresh=0.7_docnorm=F_tfidf=T.csv
0.35,0.64,0.0,0.0,0.0,0.0,0.0,200,lists/bcms_setimes/list.bcms_setimes.attrib=lime_mpd=1_thresh=0.8_docnorm=T_tfidf=F.csv
0.71,0.21,0.0,0.04,0.04,0.09,0.19,200,lists/bcms_setimes/list.bcms_setimes.attrib=ig_mpd=11_thresh=0.3_docnorm=T_tfidf=F.csv
0.34,0.585,0.0,0.06,0.06,0.06,0.06,200,lists/bcms_setimes/list.bcms_setimes.attrib=loo_mpd=19_thresh=1.0_docnorm=T_tfidf=T.csv
0.16,0.8,0.0,0.035,0.035,0.035,0.035,200,lists/bcms_setimes/list.bcms_setimes.attrib=loo_mpd=7_thresh=0.2_docnorm=F_tfidf=T.csv
0.48,0.485,0.0,0.0,0.0,0.0,0.0,200,lists/bcms_setimes/list.bcms_setimes.attrib=lime_mpd=12_thresh=0.7_docnorm=T_tfidf=F.csv
0.33,0.61,0.0,0.045,0.045,0.045,0.045,200,lists/bcms_setimes/list.bcms_setimes.attrib=loo_mpd=14_thresh=1.0_docnorm=T_tfidf=T.csv
0.315,0.6,0.0,0.07,0.07,0.07,0.07,200,lists/bcms_setimes/list.bcms_setimes.attrib=loo_mpd=6_thresh=0.9_docnorm=T_tfidf=F.csv
0.145,0.845,0.0,0.01,0.01,0.01,0.01,200,lists/bcms_setimes/list.bcms_setimes.attrib=loo_mpd=8_thresh=0.4_docnorm=F_tfidf=F.csv
0.145,0.845,0.0,0.01,0.01,0.01,0.01,200,lists/bcms_setimes/list.bcms_setimes.attrib=loo_mpd=6_thresh=0.3_docnorm=F_tfidf=F.csv
0.23,0.235,0.35,0.815,0.855,0.905,0.935,200,lists/bcms_setimes/list.bcms_setimes.attrib=shap_mpd=7_thresh=0.1_docnorm=T_tfidf=T.csv
0.2,0.8,0.0,0.0,0.0,0.0,0.0,200,lists/bcms_setimes/list.bcms_setimes.attrib=ig_mpd=4_thresh=0.2_docnorm=F_tfidf=T.csv
0.15,0.84,0.0,0.01,0.01,0.01,0.01,200,lists/bcms_setimes/list.bcms_setimes.attrib=loo_mpd=3_thresh=0.5_docnorm=F_tfidf=F.csv
0.18,0.82,0.0,0.0,0.0,0.0,0.0,200,lists/bcms_setimes/list.bcms_setimes.attrib=lime_mpd=12_thresh=0.4_docnorm=F_tfidf=F.csv
0.18,0.82,0.0,0.0,0.0,0.0,0.0,200,lists/bcms_setimes/list.bcms_setimes.attrib=lime_mpd=10_thresh=0.2_docnorm=F_tfidf=F.csv
0.22,0.775,0.0,0.005,0.005,0.005,0.005,200,lists/bcms_setimes/list.bcms_setimes.attrib=shap_mpd=1_thresh=0.5_docnorm=F_tfidf=F.csv
0.245,0.28,0.3,0.77,0.84,0.895,0.94,200,lists/bcms_setimes/list.bcms_setimes.attrib=loo_mpd=7_thresh=0.1_docnorm=T_tfidf=T.csv
0.75,0.21,0.0,0.005,0.005,0.005,0.005,200,lists/bcms_setimes/list.bcms_setimes.attrib=ig_mpd=10_thresh=0.7_docnorm=T_tfidf=F.csv
0.395,0.47,0.0,0.085,0.085,0.085,0.085,200,lists/bcms_setimes/list.bcms_setimes.attrib=loo_mpd=20_thresh=0.6_docnorm=T_tfidf=F.csv
0.4,0.445,0.0,0.0,0.0,0.065,0.15,200,lists/bcms_setimes/list.bcms_setimes.attrib=lime_mpd=3_thresh=0.3_docnorm=T_tfidf=T.csv
0.19,0.795,0.0,0.0,0.0,0.0,0.0,200,lists/bcms_setimes/list.bcms_setimes.attrib=ig_mpd=4_thresh=0.6_docnorm=F_tfidf=F.csv
0.17,0.79,0.0,0.035,0.035,0.035,0.035,200,lists/bcms_setimes/list.bcms_setimes.attrib=loo_mpd=5_thresh=0.1_docnorm=F_tfidf=T.csv
0.395,0.45,0.0,0.13,0.13,0.13,0.13,200,lists/bcms_setimes/list.bcms_setimes.attrib=shap_mpd=8_thresh=0.8_docnorm=T_tfidf=T.csv
0.22,0.77,0.0,0.0,0.0,0.0,0.0,200,lists/bcms_setimes/list.bcms_setimes.attrib=ig_mpd=20_thresh=0.2_docnorm=F_tfidf=T.csv
0.18,0.78,0.0,0.035,0.035,0.035,0.035,200,lists/bcms_setimes/list.bcms_setimes.attrib=loo_mpd=3_thresh=0.5_docnorm=F_tfidf=T.csv
0.475,0.385,0.0,0.095,0.095,0.095,0.095,200,lists/bcms_setimes/list.bcms_setimes.attrib=shap_mpd=7_thresh=0.5_docnorm=T_tfidf=F.csv
0.145,0.845,0.0,0.01,0.01,0.01,0.01,200,lists/bcms_setimes/list.bcms_setimes.attrib=loo_mpd=15_thresh=0.8_docnorm=F_tfidf=F.csv
0.75,0.215,0.0,0.005,0.005,0.005,0.005,200,lists/bcms_setimes/list.bcms_setimes.attrib=ig_mpd=20_thresh=0.8_docnorm=T_tfidf=F.csv
0.195,0.795,0.0,0.01,0.01,0.01,0.01,200,lists/bcms_setimes/list.bcms_setimes.attrib=shap_mpd=20_thresh=0.7_docnorm=F_tfidf=T.csv
0.635,0.28,0.0,0.05,0.05,0.05,0.05,200,lists/bcms_setimes/list.bcms_setimes.attrib=ig_mpd=11_thresh=0.6_docnorm=T_tfidf=T.csv
0.165,0.82,0.0,0.0,0.0,0.0,0.0,200,lists/bcms_setimes/list.bcms_setimes.attrib=ig_mpd=8_thresh=0.7_docnorm=F_tfidf=F.csv
0.53,0.31,0.0,0.21,0.51,0.705,0.79,200,lists/bcms_setimes/list.bcms_setimes.attrib=lime_mpd=19_thresh=0.2_docnorm=T_tfidf=F.csv
0.185,0.775,0.0,0.035,0.035,0.035,0.035,200,lists/bcms_setimes/list.bcms_setimes.attrib=loo_mpd=2_thresh=0.2_docnorm=F_tfidf=T.csv
0.385,0.495,0.0,0.08,0.08,0.08,0.08,200,lists/bcms_setimes/list.bcms_setimes.attrib=loo_mpd=19_thresh=0.9_docnorm=T_tfidf=F.csv
0.425,0.525,0.0,0.0,0.0,0.0,0.0,200,lists/bcms_setimes/list.bcms_setimes.attrib=lime_mpd=3_thresh=0.5_docnorm=T_tfidf=F.csv
0.145,0.845,0.0,0.01,0.01,0.01,0.01,200,lists/bcms_setimes/list.bcms_setimes.attrib=loo_mpd=8_thresh=0.6_docnorm=F_tfidf=F.csv
0.345,0.565,0.0,0.065,0.065,0.065,0.065,200,lists/bcms_setimes/list.bcms_setimes.attrib=loo_mpd=3_thresh=0.7_docnorm=T_tfidf=F.csv
0.59,0.31,0.0,0.075,0.24,0.4,0.515,200,lists/bcms_setimes/list.bcms_setimes.attrib=ig_mpd=14_thresh=0.2_docnorm=T_tfidf=F.csv
0.675,0.26,0.0,0.04,0.04,0.04,0.04,200,lists/bcms_setimes/list.bcms_setimes.attrib=ig_mpd=16_thresh=0.7_docnorm=T_tfidf=T.csv
0.18,0.82,0.0,0.0,0.0,0.0,0.0,200,lists/bcms_setimes/list.bcms_setimes.attrib=lime_mpd=10_thresh=0.3_docnorm=F_tfidf=F.csv
0.185,0.815,0.0,0.0,0.0,0.0,0.0,200,lists/bcms_setimes/list.bcms_setimes.attrib=lime_mpd=7_thresh=0.8_docnorm=F_tfidf=T.csv
0.51,0.395,0.0,0.0,0.025,0.23,0.435,200,lists/bcms_setimes/list.bcms_setimes.attrib=lime_mpd=15_thresh=0.3_docnorm=T_tfidf=F.csv
0.185,0.815,0.0,0.0,0.0,0.0,0.0,200,lists/bcms_setimes/list.bcms_setimes.attrib=lime_mpd=7_thresh=0.9_docnorm=F_tfidf=T.csv
0.33,0.19,0.45,0.835,0.875,0.935,0.96,200,lists/bcms_setimes/list.bcms_setimes.attrib=ig_mpd=16_thresh=0.1_docnorm=T_tfidf=F.csv
0.315,0.64,0.0,0.005,0.005,0.005,0.005,200,lists/bcms_setimes/list.bcms_setimes.attrib=lime_mpd=2_thresh=0.6_docnorm=T_tfidf=F.csv
0.18,0.805,0.0,0.0,0.0,0.0,0.0,200,lists/bcms_setimes/list.bcms_setimes.attrib=ig_mpd=5_thresh=0.3_docnorm=F_tfidf=F.csv
0.18,0.805,0.0,0.0,0.0,0.0,0.0,200,lists/bcms_setimes/list.bcms_setimes.attrib=ig_mpd=5_thresh=0.5_docnorm=F_tfidf=F.csv
0.595,0.285,0.0,0.085,0.085,0.085,0.085,200,lists/bcms_setimes/list.bcms_setimes.attrib=ig_mpd=9_thresh=0.5_docnorm=T_tfidf=T.csv
0.64,0.315,0.0,0.025,0.025,0.025,0.025,200,lists/bcms_setimes/list.bcms_setimes.attrib=ig_mpd=7_thresh=0.8_docnorm=T_tfidf=T.csv
0.16,0.805,0.0,0.035,0.035,0.035,0.035,200,lists/bcms_setimes/list.bcms_setimes.attrib=loo_mpd=16_thresh=0.3_docnorm=F_tfidf=T.csv
0.74,0.245,0.0,0.0,0.0,0.0,0.0,200,lists/bcms_setimes/list.bcms_setimes.attrib=ig_mpd=19_thresh=0.9_docnorm=T_tfidf=F.csv
0.18,0.82,0.0,0.0,0.0,0.0,0.0,200,lists/bcms_setimes/list.bcms_setimes.attrib=lime_mpd=14_thresh=0.1_docnorm=F_tfidf=F.csv
0.425,0.34,0.0,0.14,0.225,0.365,0.485,200,lists/bcms_setimes/list.bcms_setimes.attrib=shap_mpd=2_thresh=0.2_docnorm=T_tfidf=F.csv
0.165,0.81,0.0,0.02,0.02,0.02,0.02,200,lists/bcms_setimes/list.bcms_setimes.attrib=loo_mpd=12_thresh=1.0_docnorm=F_tfidf=T.csv
0.18,0.82,0.0,0.0,0.0,0.0,0.0,200,lists/bcms_setimes/list.bcms_setimes.attrib=lime_mpd=15_thresh=0.9_docnorm=F_tfidf=F.csv
0.37,0.53,0.0,0.07,0.07,0.07,0.07,200,lists/bcms_setimes/list.bcms_setimes.attrib=loo_mpd=9_thresh=0.8_docnorm=T_tfidf=F.csv
0.17,0.83,0.0,0.0,0.0,0.0,0.0,200,lists/bcms_setimes/list.bcms_setimes.attrib=shap_mpd=12_thresh=0.1_docnorm=F_tfidf=F.csv
0.67,0.28,0.0,0.03,0.03,0.03,0.03,200,lists/bcms_setimes/list.bcms_setimes.attrib=ig_mpd=9_thresh=0.8_docnorm=T_tfidf=T.csv
0.49,0.47,0.0,0.0,0.0,0.0,0.0,200,lists/bcms_setimes/list.bcms_setimes.attrib=lime_mpd=20_thresh=0.8_docnorm=T_tfidf=F.csv
0.185,0.815,0.0,0.0,0.0,0.0,0.0,200,lists/bcms_setimes/list.bcms_setimes.attrib=ig_mpd=9_thresh=0.5_docnorm=F_tfidf=T.csv
0.67,0.24,0.0,0.025,0.025,0.05,0.115,200,lists/bcms_setimes/list.bcms_setimes.attrib=ig_mpd=4_thresh=0.3_docnorm=T_tfidf=F.csv
0.3,0.68,0.0,0.0,0.0,0.0,0.0,200,lists/bcms_setimes/list.bcms_setimes.attrib=lime_mpd=2_thresh=0.8_docnorm=T_tfidf=F.csv
0.175,0.8,0.0,0.01,0.01,0.01,0.01,200,lists/bcms_setimes/list.bcms_setimes.attrib=ig_mpd=14_thresh=0.6_docnorm=F_tfidf=F.csv
0.46,0.41,0.0,0.095,0.095,0.095,0.095,200,lists/bcms_setimes/list.bcms_setimes.attrib=shap_mpd=9_thresh=0.7_docnorm=T_tfidf=F.csv
0.18,0.82,0.0,0.0,0.0,0.0,0.0,200,lists/bcms_setimes/list.bcms_setimes.attrib=ig_mpd=6_thresh=0.3_docnorm=F_tfidf=T.csv
0.165,0.795,0.0,0.035,0.035,0.035,0.035,200,lists/bcms_setimes/list.bcms_setimes.attrib=loo_mpd=11_thresh=0.3_docnorm=F_tfidf=T.csv
0.16,0.805,0.0,0.035,0.035,0.035,0.035,200,lists/bcms_setimes/list.bcms_setimes.attrib=loo_mpd=20_thresh=0.8_docnorm=F_tfidf=T.csv
0.36,0.605,0.0,0.0,0.0,0.0,0.0,200,lists/bcms_setimes/list.bcms_setimes.attrib=lime_mpd=2_thresh=0.6_docnorm=T_tfidf=T.csv
0.6,0.385,0.0,0.0,0.0,0.0,0.0,200,lists/bcms_setimes/list.bcms_setimes.attrib=ig_mpd=15_thresh=1.0_docnorm=T_tfidf=F.csv
0.405,0.46,0.0,0.0,0.0,0.0,0.02,200,lists/bcms_setimes/list.bcms_setimes.attrib=lime_mpd=4_thresh=0.4_docnorm=T_tfidf=T.csv
0.45,0.42,0.0,0.0,0.0,0.0,0.055,200,lists/bcms_setimes/list.bcms_setimes.attrib=lime_mpd=7_thresh=0.4_docnorm=T_tfidf=T.csv
0.42,0.34,0.0,0.14,0.145,0.265,0.39,200,lists/bcms_setimes/list.bcms_setimes.attrib=shap_mpd=5_thresh=0.3_docnorm=T_tfidf=F.csv
0.28,0.17,0.415,0.925,0.955,0.98,0.985,200,lists/bcms_setimes/list.bcms_setimes.attrib=loo_mpd=3_thresh=0.1_docnorm=T_tfidf=F.csv
0.18,0.82,0.0,0.0,0.0,0.0,0.0,200,lists/bcms_setimes/list.bcms_setimes.attrib=shap_mpd=20_thresh=0.3_docnorm=F_tfidf=F.csv
0.46,0.425,0.0,0.095,0.095,0.095,0.095,200,lists/bcms_setimes/list.bcms_setimes.attrib=shap_mpd=6_thresh=0.7_docnorm=T_tfidf=F.csv
0.29,0.155,0.48,0.96,0.985,0.995,1.0,200,lists/bcms_setimes/list.bcms_setimes.attrib=loo_mpd=8_thresh=0.1_docnorm=T_tfidf=F.csv
0.22,0.77,0.0,0.0,0.0,0.0,0.0,200,lists/bcms_setimes/list.bcms_setimes.attrib=ig_mpd=19_thresh=0.6_docnorm=F_tfidf=T.csv
0.175,0.795,0.0,0.01,0.01,0.01,0.01,200,lists/bcms_setimes/list.bcms_setimes.attrib=ig_mpd=16_thresh=0.6_docnorm=F_tfidf=F.csv
0.18,0.82,0.0,0.0,0.0,0.0,0.0,200,lists/bcms_setimes/list.bcms_setimes.attrib=lime_mpd=6_thresh=0.9_docnorm=F_tfidf=F.csv
0.16,0.805,0.0,0.035,0.035,0.035,0.035,200,lists/bcms_setimes/list.bcms_setimes.attrib=loo_mpd=16_thresh=0.9_docnorm=F_tfidf=T.csv
0.17,0.815,0.0,0.0,0.0,0.0,0.0,200,lists/bcms_setimes/list.bcms_setimes.attrib=ig_mpd=6_thresh=0.1_docnorm=F_tfidf=F.csv
0.435,0.345,0.0,0.16,0.16,0.16,0.235,200,lists/bcms_setimes/list.bcms_setimes.attrib=shap_mpd=16_thresh=0.4_docnorm=T_tfidf=F.csv
0.28,0.6,0.0,0.065,0.065,0.065,0.065,200,lists/bcms_setimes/list.bcms_setimes.attrib=loo_mpd=3_thresh=0.5_docnorm=T_tfidf=F.csv
0.185,0.805,0.0,0.01,0.01,0.01,0.01,200,lists/bcms_setimes/list.bcms_setimes.attrib=loo_mpd=2_thresh=1.0_docnorm=T_tfidf=T.csv
0.2,0.785,0.0,0.0,0.0,0.0,0.0,200,lists/bcms_setimes/list.bcms_setimes.attrib=ig_mpd=2_thresh=0.9_docnorm=F_tfidf=F.csv
0.415,0.56,0.0,0.0,0.0,0.0,0.0,200,lists/bcms_setimes/list.bcms_setimes.attrib=lime_mpd=5_thresh=1.0_docnorm=T_tfidf=T.csv
0.18,0.78,0.0,0.035,0.035,0.035,0.035,200,lists/bcms_setimes/list.bcms_setimes.attrib=loo_mpd=2_thresh=0.8_docnorm=F_tfidf=T.csv
0.655,0.305,0.0,0.02,0.02,0.02,0.02,200,lists/bcms_setimes/list.bcms_setimes.attrib=ig_mpd=20_thresh=0.9_docnorm=T_tfidf=T.csv
0.175,0.795,0.0,0.01,0.01,0.01,0.01,200,lists/bcms_setimes/list.bcms_setimes.attrib=ig_mpd=17_thresh=0.8_docnorm=F_tfidf=F.csv
0.18,0.79,0.0,0.01,0.01,0.01,0.01,200,lists/bcms_setimes/list.bcms_setimes.attrib=ig_mpd=20_thresh=0.7_docnorm=F_tfidf=F.csv
0.16,0.805,0.0,0.035,0.035,0.035,0.035,200,lists/bcms_setimes/list.bcms_setimes.attrib=loo_mpd=19_thresh=0.7_docnorm=F_tfidf=T.csv
0.355,0.52,0.0,0.095,0.095,0.095,0.095,200,lists/bcms_setimes/list.bcms_setimes.attrib=loo_mpd=13_thresh=0.8_docnorm=T_tfidf=T.csv
0.17,0.83,0.0,0.0,0.0,0.0,0.0,200,lists/bcms_setimes/list.bcms_setimes.attrib=shap_mpd=13_thresh=0.8_docnorm=F_tfidf=F.csv
0.385,0.47,0.0,0.11,0.11,0.11,0.11,200,lists/bcms_setimes/list.bcms_setimes.attrib=loo_mpd=20_thresh=0.7_docnorm=T_tfidf=F.csv
0.32,0.42,0.0,0.125,0.125,0.14,0.165,200,lists/bcms_setimes/list.bcms_setimes.attrib=loo_mpd=5_thresh=0.3_docnorm=T_tfidf=T.csv
0.215,0.775,0.0,0.0,0.0,0.0,0.0,200,lists/bcms_setimes/list.bcms_setimes.attrib=ig_mpd=15_thresh=0.1_docnorm=F_tfidf=T.csv
0.175,0.795,0.0,0.01,0.01,0.01,0.01,200,lists/bcms_setimes/list.bcms_setimes.attrib=ig_mpd=17_thresh=0.9_docnorm=F_tfidf=F.csv
0.395,0.575,0.0,0.025,0.025,0.025,0.025,200,lists/bcms_setimes/list.bcms_setimes.attrib=shap_mpd=3_thresh=1.0_docnorm=T_tfidf=F.csv
0.345,0.56,0.0,0.07,0.07,0.07,0.07,200,lists/bcms_setimes/list.bcms_setimes.attrib=loo_mpd=12_thresh=0.9_docnorm=T_tfidf=F.csv
0.375,0.49,0.0,0.095,0.095,0.095,0.095,200,lists/bcms_setimes/list.bcms_setimes.attrib=loo_mpd=10_thresh=0.6_docnorm=T_tfidf=F.csv
0.18,0.82,0.0,0.0,0.0,0.0,0.0,200,lists/bcms_setimes/list.bcms_setimes.attrib=ig_mpd=7_thresh=0.1_docnorm=F_tfidf=T.csv
0.31,0.445,0.0,0.125,0.125,0.125,0.125,200,lists/bcms_setimes/list.bcms_setimes.attrib=loo_mpd=7_thresh=0.4_docnorm=T_tfidf=T.csv
0.185,0.815,0.0,0.0,0.0,0.0,0.0,200,lists/bcms_setimes/list.bcms_setimes.attrib=lime_mpd=18_thresh=0.9_docnorm=F_tfidf=T.csv
0.18,0.82,0.0,0.0,0.0,0.0,0.0,200,lists/bcms_setimes/list.bcms_setimes.attrib=lime_mpd=9_thresh=0.3_docnorm=F_tfidf=T.csv
0.185,0.815,0.0,0.0,0.0,0.0,0.0,200,lists/bcms_setimes/list.bcms_setimes.attrib=lime_mpd=6_thresh=0.4_docnorm=F_tfidf=T.csv
0.185,0.815,0.0,0.0,0.0,0.0,0.0,200,lists/bcms_setimes/list.bcms_setimes.attrib=ig_mpd=10_thresh=0.8_docnorm=F_tfidf=T.csv
0.165,0.82,0.0,0.0,0.0,0.0,0.0,200,lists/bcms_setimes/list.bcms_setimes.attrib=ig_mpd=7_thresh=0.8_docnorm=F_tfidf=F.csv
0.185,0.815,0.0,0.0,0.0,0.0,0.0,200,lists/bcms_setimes/list.bcms_setimes.attrib=lime_mpd=18_thresh=1.0_docnorm=F_tfidf=T.csv
0.305,0.565,0.0,0.08,0.08,0.08,0.08,200,lists/bcms_setimes/list.bcms_setimes.attrib=loo_mpd=5_thresh=0.6_docnorm=T_tfidf=F.csv
0.17,0.8,0.0,0.025,0.025,0.025,0.025,200,lists/bcms_setimes/list.bcms_setimes.attrib=loo_mpd=20_thresh=1.0_docnorm=F_tfidf=T.csv
0.185,0.815,0.0,0.0,0.0,0.0,0.0,200,lists/bcms_setimes/list.bcms_setimes.attrib=lime_mpd=5_thresh=0.3_docnorm=F_tfidf=T.csv
0.325,0.125,0.515,0.975,0.99,1.0,1.0,200,lists/bcms_setimes/list.bcms_setimes.attrib=shap_mpd=15_thresh=0.1_docnorm=T_tfidf=F.csv
0.48,0.315,0.0,0.155,0.33,0.495,0.61,200,lists/bcms_setimes/list.bcms_setimes.attrib=shap_mpd=3_thresh=0.2_docnorm=T_tfidf=F.csv
0.2,0.79,0.0,0.0,0.0,0.0,0.0,200,lists/bcms_setimes/list.bcms_setimes.attrib=ig_mpd=13_thresh=1.0_docnorm=F_tfidf=T.csv
0.5,0.44,0.0,0.0,0.0,0.0,0.08,200,lists/bcms_setimes/list.bcms_setimes.attrib=lime_mpd=14_thresh=0.4_docnorm=T_tfidf=F.csv
0.19,0.8,0.0,0.01,0.01,0.01,0.01,200,lists/bcms_setimes/list.bcms_setimes.attrib=shap_mpd=11_thresh=0.8_docnorm=F_tfidf=T.csv
0.18,0.82,0.0,0.0,0.0,0.0,0.0,200,lists/bcms_setimes/list.bcms_setimes.attrib=lime_mpd=10_thresh=1.0_docnorm=F_tfidf=F.csv
0.445,0.54,0.0,0.0,0.0,0.0,0.0,200,lists/bcms_setimes/list.bcms_setimes.attrib=lime_mpd=9_thresh=1.0_docnorm=T_tfidf=F.csv
0.175,0.8,0.0,0.01,0.01,0.01,0.01,200,lists/bcms_setimes/list.bcms_setimes.attrib=ig_mpd=12_thresh=0.3_docnorm=F_tfidf=F.csv
0.18,0.82,0.0,0.0,0.0,0.0,0.0,200,lists/bcms_setimes/list.bcms_setimes.attrib=shap_mpd=19_thresh=0.4_docnorm=F_tfidf=F.csv
0.16,0.8,0.0,0.035,0.035,0.035,0.035,200,lists/bcms_setimes/list.bcms_setimes.attrib=loo_mpd=7_thresh=0.1_docnorm=F_tfidf=T.csv
0.555,0.43,0.0,0.0,0.0,0.0,0.0,200,lists/bcms_setimes/list.bcms_setimes.attrib=ig_mpd=9_thresh=1.0_docnorm=T_tfidf=F.csv
0.325,0.125,0.515,0.975,0.99,1.0,1.0,200,lists/bcms_setimes/list.bcms_setimes.attrib=shap_mpd=14_thresh=0.1_docnorm=T_tfidf=F.csv
0.18,0.79,0.0,0.01,0.01,0.01,0.01,200,lists/bcms_setimes/list.bcms_setimes.attrib=ig_mpd=20_thresh=0.4_docnorm=F_tfidf=F.csv
0.255,0.645,0.0,0.055,0.055,0.06,0.06,200,lists/bcms_setimes/list.bcms_setimes.attrib=loo_mpd=1_thresh=0.3_docnorm=T_tfidf=F.csv
0.245,0.755,0.0,0.0,0.0,0.0,0.0,200,lists/bcms_setimes/list.bcms_setimes.attrib=ig_mpd=2_thresh=0.8_docnorm=F_tfidf=T.csv
0.165,0.82,0.0,0.0,0.0,0.0,0.0,200,lists/bcms_setimes/list.bcms_setimes.attrib=ig_mpd=8_thresh=0.2_docnorm=F_tfidf=F.csv
0.145,0.845,0.0,0.01,0.01,0.01,0.01,200,lists/bcms_setimes/list.bcms_setimes.attrib=loo_mpd=20_thresh=0.1_docnorm=F_tfidf=F.csv
0.53,0.31,0.0,0.205,0.505,0.705,0.785,200,lists/bcms_setimes/list.bcms_setimes.attrib=lime_mpd=16_thresh=0.2_docnorm=T_tfidf=F.csv
0.175,0.825,0.0,0.0,0.0,0.0,0.0,200,lists/bcms_setimes/list.bcms_setimes.attrib=lime_mpd=11_thresh=0.8_docnorm=F_tfidf=F.csv
0.42,0.44,0.0,0.0,0.01,0.11,0.24,200,lists/bcms_setimes/list.bcms_setimes.attrib=lime_mpd=4_thresh=0.3_docnorm=T_tfidf=T.csv
0.18,0.79,0.0,0.01,0.01,0.01,0.01,200,lists/bcms_setimes/list.bcms_setimes.attrib=ig_mpd=20_thresh=0.5_docnorm=F_tfidf=F.csv
0.305,0.4,0.0,0.145,0.225,0.34,0.43,200,lists/bcms_setimes/list.bcms_setimes.attrib=loo_mpd=5_thresh=0.2_docnorm=T_tfidf=T.csv
0.145,0.845,0.0,0.01,0.01,0.01,0.01,200,lists/bcms_setimes/list.bcms_setimes.attrib=loo_mpd=7_thresh=0.5_docnorm=F_tfidf=F.csv
0.185,0.815,0.0,0.0,0.0,0.0,0.0,200,lists/bcms_setimes/list.bcms_setimes.attrib=ig_mpd=10_thresh=0.2_docnorm=F_tfidf=T.csv
0.18,0.82,0.0,0.0,0.0,0.0,0.0,200,lists/bcms_setimes/list.bcms_setimes.attrib=lime_mpd=16_thresh=0.1_docnorm=F_tfidf=F.csv
0.7,0.27,0.0,0.0,0.0,0.0,0.0,200,lists/bcms_setimes/list.bcms_setimes.attrib=ig_mpd=3_thresh=0.7_docnorm=T_tfidf=F.csv
0.2,0.8,0.0,0.0,0.0,0.0,0.0,200,lists/bcms_setimes/list.bcms_setimes.attrib=ig_mpd=4_thresh=0.5_docnorm=F_tfidf=T.csv
0.185,0.815,0.0,0.0,0.0,0.0,0.0,200,lists/bcms_setimes/list.bcms_setimes.attrib=lime_mpd=20_thresh=0.7_docnorm=F_tfidf=F.csv
0.45,0.42,0.0,0.0,0.0,0.0,0.07,200,lists/bcms_setimes/list.bcms_setimes.attrib=lime_mpd=12_thresh=0.4_docnorm=T_tfidf=T.csv
0.29,0.495,0.0,0.14,0.14,0.14,0.14,200,lists/bcms_setimes/list.bcms_setimes.attrib=loo_mpd=19_thresh=0.6_docnorm=T_tfidf=T.csv
0.19,0.795,0.0,0.0,0.0,0.0,0.0,200,lists/bcms_setimes/list.bcms_setimes.attrib=ig_mpd=4_thresh=0.1_docnorm=F_tfidf=F.csv
0.69,0.26,0.0,0.035,0.035,0.035,0.035,200,lists/bcms_setimes/list.bcms_setimes.attrib=ig_mpd=17_thresh=0.8_docnorm=T_tfidf=T.csv
0.18,0.82,0.0,0.0,0.0,0.0,0.0,200,lists/bcms_setimes/list.bcms_setimes.attrib=lime_mpd=15_thresh=0.5_docnorm=F_tfidf=T.csv
0.175,0.8,0.0,0.01,0.01,0.01,0.01,200,lists/bcms_setimes/list.bcms_setimes.attrib=ig_mpd=15_thresh=0.8_docnorm=F_tfidf=F.csv
0.38,0.585,0.0,0.0,0.0,0.0,0.0,200,lists/bcms_setimes/list.bcms_setimes.attrib=lime_mpd=1_thresh=0.4_docnorm=T_tfidf=T.csv
0.425,0.55,0.0,0.0,0.0,0.0,0.0,200,lists/bcms_setimes/list.bcms_setimes.attrib=lime_mpd=14_thresh=0.8_docnorm=T_tfidf=T.csv
0.49,0.4,0.0,0.095,0.095,0.095,0.095,200,lists/bcms_setimes/list.bcms_setimes.attrib=shap_mpd=14_thresh=0.8_docnorm=T_tfidf=F.csv
0.48,0.41,0.0,0.09,0.09,0.09,0.09,200,lists/bcms_setimes/list.bcms_setimes.attrib=shap_mpd=15_thresh=0.8_docnorm=T_tfidf=F.csv
0.23,0.225,0.365,0.835,0.865,0.92,0.945,200,lists/bcms_setimes/list.bcms_setimes.attrib=shap_mpd=10_thresh=0.1_docnorm=T_tfidf=T.csv
0.22,0.78,0.0,0.0,0.0,0.0,0.0,200,lists/bcms_setimes/list.bcms_setimes.attrib=lime_mpd=1_thresh=0.8_docnorm=F_tfidf=T.csv
0.375,0.325,0.0,0.185,0.32,0.47,0.625,200,lists/bcms_setimes/list.bcms_setimes.attrib=ig_mpd=9_thresh=0.2_docnorm=T_tfidf=T.csv
0.185,0.815,0.0,0.0,0.0,0.0,0.0,200,lists/bcms_setimes/list.bcms_setimes.attrib=lime_mpd=17_thresh=0.5_docnorm=F_tfidf=T.csv
0.395,0.505,0.0,0.08,0.08,0.08,0.08,200,lists/bcms_setimes/list.bcms_setimes.attrib=shap_mpd=2_thresh=0.7_docnorm=T_tfidf=F.csv
0.165,0.81,0.0,0.01,0.01,0.01,0.01,200,lists/bcms_setimes/list.bcms_setimes.attrib=ig_mpd=11_thresh=0.1_docnorm=F_tfidf=F.csv
0.185,0.815,0.0,0.0,0.0,0.0,0.0,200,lists/bcms_setimes/list.bcms_setimes.attrib=lime_mpd=7_thresh=0.7_docnorm=F_tfidf=T.csv
0.33,0.605,0.0,0.05,0.05,0.05,0.05,200,lists/bcms_setimes/list.bcms_setimes.attrib=loo_mpd=15_thresh=1.0_docnorm=T_tfidf=T.csv
0.425,0.55,0.0,0.0,0.0,0.0,0.0,200,lists/bcms_setimes/list.bcms_setimes.attrib=lime_mpd=6_thresh=1.0_docnorm=T_tfidf=T.csv
0.465,0.435,0.0,0.005,0.005,0.005,0.01,200,lists/bcms_setimes/list.bcms_setimes.attrib=lime_mpd=8_thresh=0.5_docnorm=T_tfidf=T.csv
0.35,0.59,0.0,0.005,0.005,0.005,0.005,200,lists/bcms_setimes/list.bcms_setimes.attrib=lime_mpd=3_thresh=0.7_docnorm=T_tfidf=F.csv
0.195,0.805,0.0,0.0,0.0,0.0,0.0,200,lists/bcms_setimes/list.bcms_setimes.attrib=shap_mpd=4_thresh=0.2_docnorm=F_tfidf=F.csv
0.355,0.48,0.0,0.105,0.105,0.105,0.105,200,lists/bcms_setimes/list.bcms_setimes.attrib=loo_mpd=11_thresh=0.4_docnorm=T_tfidf=F.csv
0.38,0.51,0.0,0.075,0.075,0.075,0.075,200,lists/bcms_setimes/list.bcms_setimes.attrib=loo_mpd=7_thresh=0.7_docnorm=T_tfidf=F.csv
0.345,0.47,0.0,0.1,0.1,0.1,0.1,200,lists/bcms_setimes/list.bcms_setimes.attrib=loo_mpd=17_thresh=0.5_docnorm=T_tfidf=F.csv
0.145,0.845,0.0,0.01,0.01,0.01,0.01,200,lists/bcms_setimes/list.bcms_setimes.attrib=loo_mpd=9_thresh=0.5_docnorm=F_tfidf=F.csv
0.32,0.315,0.0,0.345,0.525,0.655,0.755,200,lists/bcms_setimes/list.bcms_setimes.attrib=shap_mpd=18_thresh=0.2_docnorm=T_tfidf=T.csv
0.68,0.27,0.0,0.03,0.03,0.03,0.03,200,lists/bcms_setimes/list.bcms_setimes.attrib=ig_mpd=20_thresh=0.8_docnorm=T_tfidf=T.csv
0.5,0.44,0.0,0.0,0.0,0.0,0.08,200,lists/bcms_setimes/list.bcms_setimes.attrib=lime_mpd=13_thresh=0.4_docnorm=T_tfidf=F.csv
0.19,0.8,0.0,0.01,0.01,0.01,0.01,200,lists/bcms_setimes/list.bcms_setimes.attrib=shap_mpd=10_thresh=0.5_docnorm=F_tfidf=T.csv
0.435,0.54,0.0,0.0,0.0,0.0,0.0,200,lists/bcms_setimes/list.bcms_setimes.attrib=lime_mpd=17_thresh=0.8_docnorm=T_tfidf=T.csv
0.165,0.815,0.0,0.005,0.005,0.005,0.005,200,lists/bcms_setimes/list.bcms_setimes.attrib=ig_mpd=9_thresh=1.0_docnorm=F_tfidf=F.csv
0.22,0.78,0.0,0.0,0.0,0.0,0.0,200,lists/bcms_setimes/list.bcms_setimes.attrib=lime_mpd=2_thresh=1.0_docnorm=F_tfidf=T.csv
0.185,0.815,0.0,0.0,0.0,0.0,0.0,200,lists/bcms_setimes/list.bcms_setimes.attrib=lime_mpd=6_thresh=0.8_docnorm=F_tfidf=T.csv
0.185,0.815,0.0,0.0,0.0,0.0,0.0,200,lists/bcms_setimes/list.bcms_setimes.attrib=ig_mpd=10_thresh=0.1_docnorm=F_tfidf=T.csv
0.405,0.525,0.0,0.055,0.055,0.055,0.055,200,lists/bcms_setimes/list.bcms_setimes.attrib=shap_mpd=7_thresh=1.0_docnorm=T_tfidf=T.csv
0.18,0.82,0.0,0.0,0.0,0.0,0.0,200,lists/bcms_setimes/list.bcms_setimes.attrib=lime_mpd=13_thresh=0.4_docnorm=F_tfidf=T.csv
0.685,0.26,0.0,0.025,0.025,0.025,0.025,200,lists/bcms_setimes/list.bcms_setimes.attrib=ig_mpd=11_thresh=0.7_docnorm=T_tfidf=T.csv
0.445,0.46,0.0,0.075,0.075,0.075,0.075,200,lists/bcms_setimes/list.bcms_setimes.attrib=shap_mpd=20_thresh=1.0_docnorm=T_tfidf=T.csv
0.395,0.485,0.0,0.08,0.08,0.08,0.08,200,lists/bcms_setimes/list.bcms_setimes.attrib=loo_mpd=18_thresh=0.9_docnorm=T_tfidf=F.csv
0.205,0.795,0.0,0.0,0.0,0.0,0.0,200,lists/bcms_setimes/list.bcms_setimes.attrib=lime_mpd=2_thresh=0.2_docnorm=F_tfidf=T.csv
0.255,0.545,0.0,0.145,0.145,0.145,0.145,200,lists/bcms_setimes/list.bcms_setimes.attrib=loo_mpd=4_thresh=0.5_docnorm=T_tfidf=T.csv
0.16,0.805,0.0,0.035,0.035,0.035,0.035,200,lists/bcms_setimes/list.bcms_setimes.attrib=loo_mpd=19_thresh=0.1_docnorm=F_tfidf=T.csv
0.37,0.48,0.0,0.115,0.115,0.115,0.115,200,lists/bcms_setimes/list.bcms_setimes.attrib=loo_mpd=15_thresh=0.7_docnorm=T_tfidf=F.csv
0.35,0.39,0.0,0.18,0.18,0.18,0.18,200,lists/bcms_setimes/list.bcms_setimes.attrib=shap_mpd=8_thresh=0.5_docnorm=T_tfidf=T.csv
0.47,0.44,0.0,0.005,0.005,0.005,0.01,200,lists/bcms_setimes/list.bcms_setimes.attrib=lime_mpd=10_thresh=0.5_docnorm=T_tfidf=T.csv
0.475,0.315,0.0,0.095,0.1,0.23,0.385,200,lists/bcms_setimes/list.bcms_setimes.attrib=ig_mpd=20_thresh=0.3_docnorm=T_tfidf=T.csv
0.545,0.425,0.0,0.01,0.01,0.01,0.01,200,lists/bcms_setimes/list.bcms_setimes.attrib=ig_mpd=12_thresh=1.0_docnorm=T_tfidf=T.csv
0.29,0.475,0.0,0.13,0.13,0.13,0.13,200,lists/bcms_setimes/list.bcms_setimes.attrib=loo_mpd=10_thresh=0.5_docnorm=T_tfidf=T.csv
0.43,0.36,0.0,0.155,0.155,0.155,0.225,200,lists/bcms_setimes/list.bcms_setimes.attrib=shap_mpd=11_thresh=0.4_docnorm=T_tfidf=F.csv
0.18,0.82,0.0,0.0,0.0,0.0,0.0,200,lists/bcms_setimes/list.bcms_setimes.attrib=shap_mpd=18_thresh=0.1_docnorm=F_tfidf=F.csv
0.36,0.535,0.0,0.07,0.07,0.07,0.07,200,lists/bcms_setimes/list.bcms_setimes.attrib=loo_mpd=11_thresh=0.9_docnorm=T_tfidf=F.csv
0.38,0.475,0.0,0.105,0.105,0.105,0.105,200,lists/bcms_setimes/list.bcms_setimes.attrib=loo_mpd=12_thresh=0.7_docnorm=T_tfidf=F.csv
0.165,0.81,0.0,0.01,0.01,0.01,0.01,200,lists/bcms_setimes/list.bcms_setimes.attrib=ig_mpd=10_thresh=0.1_docnorm=F_tfidf=F.csv
0.335,0.55,0.0,0.095,0.095,0.095,0.095,200,lists/bcms_setimes/list.bcms_setimes.attrib=loo_mpd=10_thresh=0.9_docnorm=T_tfidf=T.csv
0.22,0.78,0.0,0.0,0.0,0.0,0.0,200,lists/bcms_setimes/list.bcms_setimes.attrib=lime_mpd=1_thresh=0.6_docnorm=F_tfidf=T.csv
0.235,0.25,0.365,0.86,0.915,0.96,0.985,200,lists/bcms_setimes/list.bcms_setimes.attrib=loo_mpd=17_thresh=0.1_docnorm=T_tfidf=T.csv
0.34,0.64,0.0,0.0,0.0,0.0,0.0,200,lists/bcms_setimes/list.bcms_setimes.attrib=lime_mpd=2_thresh=0.8_docnorm=T_tfidf=T.csv
0.515,0.325,0.0,0.17,0.445,0.65,0.75,200,lists/bcms_setimes/list.bcms_setimes.attrib=lime_mpd=7_thresh=0.2_docnorm=T_tfidf=F.csv
0.455,0.405,0.0,0.0,0.01,0.16,0.34,200,lists/bcms_setimes/list.bcms_setimes.attrib=lime_mpd=13_thresh=0.3_docnorm=T_tfidf=T.csv
0.175,0.785,0.0,0.035,0.035,0.035,0.035,200,lists/bcms_setimes/list.bcms_setimes.attrib=loo_mpd=4_thresh=0.3_docnorm=F_tfidf=T.csv
0.175,0.795,0.0,0.01,0.01,0.01,0.01,200,lists/bcms_setimes/list.bcms_setimes.attrib=ig_mpd=17_thresh=0.3_docnorm=F_tfidf=F.csv
0.31,0.685,0.0,0.0,0.0,0.0,0.0,200,lists/bcms_setimes/list.bcms_setimes.attrib=lime_mpd=1_thresh=1.0_docnorm=T_tfidf=F.csv
0.17,0.83,0.0,0.0,0.0,0.0,0.0,200,lists/bcms_setimes/list.bcms_setimes.attrib=shap_mpd=10_thresh=0.2_docnorm=F_tfidf=F.csv
0.635,0.3,0.0,0.035,0.035,0.035,0.035,200,lists/bcms_setimes/list.bcms_setimes.attrib=ig_mpd=7_thresh=0.7_docnorm=T_tfidf=T.csv
0.205,0.79,0.0,0.005,0.005,0.005,0.005,200,lists/bcms_setimes/list.bcms_setimes.attrib=shap_mpd=2_thresh=0.4_docnorm=F_tfidf=F.csv
0.64,0.33,0.0,0.0,0.0,0.0,0.0,200,lists/bcms_setimes/list.bcms_setimes.attrib=ig_mpd=3_thresh=0.9_docnorm=T_tfidf=F.csv
0.6,0.275,0.0,0.04,0.055,0.1,0.145,200,lists/bcms_setimes/list.bcms_setimes.attrib=ig_mpd=1_thresh=0.2_docnorm=T_tfidf=F.csv
0.53,0.415,0.0,0.005,0.005,0.005,0.005,200,lists/bcms_setimes/list.bcms_setimes.attrib=lime_mpd=9_thresh=0.5_docnorm=T_tfidf=F.csv
0.18,0.82,0.0,0.0,0.0,0.0,0.0,200,lists/bcms_setimes/list.bcms_setimes.attrib=ig_mpd=6_thresh=0.6_docnorm=F_tfidf=T.csv
0.245,0.57,0.0,0.15,0.15,0.15,0.15,200,lists/bcms_setimes/list.bcms_setimes.attrib=loo_mpd=2_thresh=0.4_docnorm=T_tfidf=T.csv
0.39,0.41,0.0,0.165,0.165,0.165,0.165,200,lists/bcms_setimes/list.bcms_setimes.attrib=shap_mpd=16_thresh=0.7_docnorm=T_tfidf=T.csv
0.145,0.845,0.0,0.01,0.01,0.01,0.01,200,lists/bcms_setimes/list.bcms_setimes.attrib=loo_mpd=7_thresh=0.8_docnorm=F_tfidf=F.csv
0.2,0.74,0.0,0.035,0.035,0.035,0.035,200,lists/bcms_setimes/list.bcms_setimes.attrib=loo_mpd=1_thresh=0.5_docnorm=T_tfidf=F.csv
0.19,0.795,0.0,0.0,0.0,0.0,0.0,200,lists/bcms_setimes/list.bcms_setimes.attrib=ig_mpd=4_thresh=0.4_docnorm=F_tfidf=F.csv
0.22,0.77,0.0,0.0,0.0,0.0,0.0,200,lists/bcms_setimes/list.bcms_setimes.attrib=ig_mpd=20_thresh=0.6_docnorm=F_tfidf=T.csv
0.315,0.48,0.0,0.145,0.145,0.145,0.145,200,lists/bcms_setimes/list.bcms_setimes.attrib=loo_mpd=11_thresh=0.6_docnorm=T_tfidf=T.csv
0.18,0.82,0.0,0.0,0.0,0.0,0.0,200,lists/bcms_setimes/list.bcms_setimes.attrib=lime_mpd=4_thresh=0.4_docnorm=F_tfidf=F.csv
0.22,0.775,0.0,0.005,0.005,0.005,0.005,200,lists/bcms_setimes/list.bcms_setimes.attrib=loo_mpd=1_thresh=1.0_docnorm=T_tfidf=F.csv
0.545,0.45,0.0,0.0,0.0,0.0,0.0,200,lists/bcms_setimes/list.bcms_setimes.attrib=ig_mpd=1_thresh=0.9_docnorm=T_tfidf=F.csv
0.67,0.255,0.0,0.035,0.035,0.045,0.08,200,lists/bcms_setimes/list.bcms_setimes.attrib=ig_mpd=2_thresh=0.3_docnorm=T_tfidf=F.csv
0.49,0.41,0.0,0.07,0.07,0.07,0.07,200,lists/bcms_setimes/list.bcms_setimes.attrib=shap_mpd=14_thresh=0.9_docnorm=T_tfidf=F.csv
0.16,0.8,0.0,0.035,0.035,0.035,0.035,200,lists/bcms_setimes/list.bcms_setimes.attrib=loo_mpd=9_thresh=0.7_docnorm=F_tfidf=T.csv
0.2,0.8,0.0,0.0,0.0,0.0,0.0,200,lists/bcms_setimes/list.bcms_setimes.attrib=ig_mpd=4_thresh=0.7_docnorm=F_tfidf=T.csv
0.535,0.305,0.0,0.21,0.51,0.71,0.79,200,lists/bcms_setimes/list.bcms_setimes.attrib=lime_mpd=17_thresh=0.2_docnorm=T_tfidf=F.csv
0.385,0.485,0.0,0.095,0.095,0.095,0.095,200,lists/bcms_setimes/list.bcms_setimes.attrib=loo_mpd=11_thresh=0.7_docnorm=T_tfidf=F.csv
0.23,0.255,0.34,0.79,0.83,0.895,0.915,200,lists/bcms_setimes/list.bcms_setimes.attrib=shap_mpd=5_thresh=0.1_docnorm=T_tfidf=T.csv
0.61,0.27,0.0,0.05,0.14,0.275,0.39,200,lists/bcms_setimes/list.bcms_setimes.attrib=ig_mpd=5_thresh=0.2_docnorm=T_tfidf=F.csv
0.22,0.77,0.0,0.0,0.0,0.0,0.0,200,lists/bcms_setimes/list.bcms_setimes.attrib=ig_mpd=19_thresh=0.7_docnorm=F_tfidf=T.csv
0.165,0.81,0.0,0.01,0.01,0.01,0.01,200,lists/bcms_setimes/list.bcms_setimes.attrib=ig_mpd=10_thresh=0.7_docnorm=F_tfidf=F.csv
0.185,0.815,0.0,0.0,0.0,0.0,0.0,200,lists/bcms_setimes/list.bcms_setimes.attrib=lime_mpd=6_thresh=0.1_docnorm=F_tfidf=T.csv
0.55,0.36,0.0,0.065,0.065,0.065,0.065,200,lists/bcms_setimes/list.bcms_setimes.attrib=ig_mpd=3_thresh=0.6_docnorm=T_tfidf=T.csv
0.405,0.345,0.47,0.71,0.79,0.855,0.89,200,lists/bcms_setimes/list.bcms_setimes.attrib=lime_mpd=4_thresh=0.1_docnorm=T_tfidf=T.csv
0.305,0.485,0.0,0.135,0.135,0.135,0.135,200,lists/bcms_setimes/list.bcms_setimes.attrib=loo_mpd=17_thresh=0.6_docnorm=T_tfidf=T.csv
0.195,0.795,0.0,0.01,0.01,0.01,0.01,200,lists/bcms_setimes/list.bcms_setimes.attrib=shap_mpd=19_thresh=0.9_docnorm=F_tfidf=T.csv
0.185,0.815,0.0,0.0,0.0,0.0,0.0,200,lists/bcms_setimes/list.bcms_setimes.attrib=lime_mpd=18_thresh=0.1_docnorm=F_tfidf=T.csv
0.175,0.795,0.0,0.01,0.01,0.01,0.01,200,lists/bcms_setimes/list.bcms_setimes.attrib=ig_mpd=16_thresh=0.1_docnorm=F_tfidf=F.csv
0.18,0.82,0.0,0.0,0.0,0.0,0.0,200,lists/bcms_setimes/list.bcms_setimes.attrib=lime_mpd=14_thresh=0.4_docnorm=F_tfidf=F.csv
0.445,0.54,0.0,0.0,0.0,0.0,0.0,200,lists/bcms_setimes/list.bcms_setimes.attrib=lime_mpd=12_thresh=1.0_docnorm=T_tfidf=F.csv
0.315,0.485,0.0,0.14,0.14,0.14,0.14,200,lists/bcms_setimes/list.bcms_setimes.attrib=loo_mpd=10_thresh=0.6_docnorm=T_tfidf=T.csv
0.535,0.275,0.0,0.09,0.09,0.09,0.14,200,lists/bcms_setimes/list.bcms_setimes.attrib=ig_mpd=17_thresh=0.4_docnorm=T_tfidf=T.csv
0.18,0.82,0.0,0.0,0.0,0.0,0.0,200,lists/bcms_setimes/list.bcms_setimes.attrib=lime_mpd=9_thresh=0.4_docnorm=F_tfidf=T.csv
0.24,0.25,0.36,0.86,0.915,0.96,0.985,200,lists/bcms_setimes/list.bcms_setimes.attrib=loo_mpd=16_thresh=0.1_docnorm=T_tfidf=T.csv
0.39,0.51,0.0,0.0,0.0,0.03,0.09,200,lists/bcms_setimes/list.bcms_setimes.attrib=lime_mpd=2_thresh=0.3_docnorm=T_tfidf=F.csv
0.46,0.345,0.0,0.07,0.07,0.09,0.15,200,lists/bcms_setimes/list.bcms_setimes.attrib=ig_mpd=5_thresh=0.3_docnorm=T_tfidf=T.csv
0.185,0.815,0.0,0.0,0.0,0.0,0.0,200,lists/bcms_setimes/list.bcms_setimes.attrib=ig_mpd=10_thresh=0.9_docnorm=F_tfidf=T.csv
0.17,0.83,0.0,0.0,0.0,0.0,0.0,200,lists/bcms_setimes/list.bcms_setimes.attrib=shap_mpd=12_thresh=0.7_docnorm=F_tfidf=F.csv
0.19,0.81,0.0,0.0,0.0,0.0,0.0,200,lists/bcms_setimes/list.bcms_setimes.attrib=lime_mpd=3_thresh=1.0_docnorm=F_tfidf=T.csv
0.16,0.8,0.0,0.035,0.035,0.035,0.035,200,lists/bcms_setimes/list.bcms_setimes.attrib=loo_mpd=6_thresh=0.6_docnorm=F_tfidf=T.csv
0.435,0.42,0.0,0.0,0.0,0.0,0.055,200,lists/bcms_setimes/list.bcms_setimes.attrib=lime_mpd=6_thresh=0.4_docnorm=T_tfidf=T.csv
0.36,0.48,0.0,0.075,0.075,0.075,0.075,200,lists/bcms_setimes/list.bcms_setimes.attrib=loo_mpd=13_thresh=0.5_docnorm=T_tfidf=F.csv
0.18,0.82,0.0,0.0,0.0,0.0,0.0,200,lists/bcms_setimes/list.bcms_setimes.attrib=lime_mpd=10_thresh=0.6_docnorm=F_tfidf=T.csv
0.175,0.785,0.0,0.035,0.035,0.035,0.035,200,lists/bcms_setimes/list.bcms_setimes.attrib=loo_mpd=4_thresh=0.8_docnorm=F_tfidf=T.csv
0.475,0.385,0.0,0.0,0.01,0.165,0.345,200,lists/bcms_setimes/list.bcms_setimes.attrib=lime_mpd=15_thresh=0.3_docnorm=T_tfidf=T.csv
0.19,0.8,0.0,0.01,0.01,0.01,0.01,200,lists/bcms_setimes/list.bcms_setimes.attrib=shap_mpd=6_thresh=0.5_docnorm=F_tfidf=T.csv
0.185,0.815,0.0,0.0,0.0,0.0,0.0,200,lists/bcms_setimes/list.bcms_setimes.attrib=lime_mpd=18_thresh=0.1_docnorm=F_tfidf=F.csv
0.17,0.83,0.0,0.0,0.0,0.0,0.0,200,lists/bcms_setimes/list.bcms_setimes.attrib=shap_mpd=13_thresh=0.5_docnorm=F_tfidf=F.csv
0.445,0.305,0.0,0.16,0.17,0.36,0.52,200,lists/bcms_setimes/list.bcms_setimes.attrib=shap_mpd=13_thresh=0.3_docnorm=T_tfidf=F.csv
0.75,0.21,0.0,0.005,0.005,0.005,0.005,200,lists/bcms_setimes/list.bcms_setimes.attrib=ig_mpd=11_thresh=0.7_docnorm=T_tfidf=F.csv
0.2,0.79,0.0,0.0,0.0,0.0,0.0,200,lists/bcms_setimes/list.bcms_setimes.attrib=ig_mpd=12_thresh=0.4_docnorm=F_tfidf=T.csv
0.18,0.82,0.0,0.0,0.0,0.0,0.0,200,lists/bcms_setimes/list.bcms_setimes.attrib=lime_mpd=14_thresh=0.5_docnorm=F_tfidf=T.csv
0.495,0.385,0.0,0.1,0.1,0.1,0.1,200,lists/bcms_setimes/list.bcms_setimes.attrib=shap_mpd=12_thresh=0.7_docnorm=T_tfidf=F.csv
0.18,0.82,0.0,0.0,0.0,0.0,0.0,200,lists/bcms_setimes/list.bcms_setimes.attrib=lime_mpd=9_thresh=1.0_docnorm=F_tfidf=T.csv
0.33,0.49,0.0,0.14,0.14,0.14,0.14,200,lists/bcms_setimes/list.bcms_setimes.attrib=loo_mpd=14_thresh=0.7_docnorm=T_tfidf=T.csv
0.19,0.795,0.0,0.0,0.0,0.0,0.0,200,lists/bcms_setimes/list.bcms_setimes.attrib=ig_mpd=4_thresh=0.2_docnorm=F_tfidf=F.csv
0.345,0.525,0.0,0.1,0.1,0.1,0.1,200,lists/bcms_setimes/list.bcms_setimes.attrib=loo_mpd=14_thresh=0.8_docnorm=T_tfidf=T.csv
0.17,0.79,0.0,0.035,0.035,0.035,0.035,200,lists/bcms_setimes/list.bcms_setimes.attrib=loo_mpd=5_thresh=0.7_docnorm=F_tfidf=T.csv
0.18,0.82,0.0,0.0,0.0,0.0,0.0,200,lists/bcms_setimes/list.bcms_setimes.attrib=lime_mpd=10_thresh=0.1_docnorm=F_tfidf=T.csv
0.145,0.845,0.0,0.01,0.01,0.01,0.01,200,lists/bcms_setimes/list.bcms_setimes.attrib=loo_mpd=4_thresh=0.8_docnorm=F_tfidf=F.csv
0.305,0.585,0.0,0.085,0.085,0.085,0.085,200,lists/bcms_setimes/list.bcms_setimes.attrib=loo_mpd=7_thresh=0.9_docnorm=T_tfidf=T.csv
0.34,0.475,0.0,0.095,0.095,0.095,0.095,200,lists/bcms_setimes/list.bcms_setimes.attrib=loo_mpd=18_thresh=0.5_docnorm=T_tfidf=F.csv
0.37,0.35,0.0,0.175,0.175,0.175,0.25,200,lists/bcms_setimes/list.bcms_setimes.attrib=shap_mpd=20_thresh=0.4_docnorm=T_tfidf=T.csv
0.7,0.23,0.0,0.03,0.03,0.03,0.05,200,lists/bcms_setimes/list.bcms_setimes.attrib=ig_mpd=12_thresh=0.4_docnorm=T_tfidf=F.csv
0.45,0.355,0.0,0.105,0.105,0.225,0.37,200,lists/bcms_setimes/list.bcms_setimes.attrib=loo_mpd=15_thresh=0.3_docnorm=T_tfidf=F.csv
0.56,0.43,0.0,0.0,0.0,0.0,0.0,200,lists/bcms_setimes/list.bcms_setimes.attrib=ig_mpd=7_thresh=1.0_docnorm=T_tfidf=F.csv
0.165,0.825,0.0,0.01,0.01,0.01,0.01,200,lists/bcms_setimes/list.bcms_setimes.attrib=loo_mpd=7_thresh=1.0_docnorm=F_tfidf=T.csv
0.185,0.815,0.0,0.0,0.0,0.0,0.0,200,lists/bcms_setimes/list.bcms_setimes.attrib=ig_mpd=9_thresh=0.6_docnorm=F_tfidf=T.csv
0.235,0.765,0.0,0.0,0.0,0.0,0.0,200,lists/bcms_setimes/list.bcms_setimes.attrib=lime_mpd=1_thresh=0.6_docnorm=F_tfidf=F.csv
0.46,0.49,0.0,0.0,0.0,0.0,0.0,200,lists/bcms_setimes/list.bcms_setimes.attrib=lime_mpd=4_thresh=0.5_docnorm=T_tfidf=F.csv
0.34,0.52,0.0,0.11,0.11,0.11,0.11,200,lists/bcms_setimes/list.bcms_setimes.attrib=loo_mpd=16_thresh=0.8_docnorm=T_tfidf=T.csv
0.325,0.62,0.0,0.035,0.035,0.035,0.035,200,lists/bcms_setimes/list.bcms_setimes.attrib=loo_mpd=12_thresh=1.0_docnorm=T_tfidf=F.csv
0.24,0.69,0.0,0.065,0.065,0.065,0.065,200,lists/bcms_setimes/list.bcms_setimes.attrib=loo_mpd=2_thresh=0.8_docnorm=T_tfidf=F.csv
0.285,0.165,0.485,0.965,0.985,0.995,1.0,200,lists/bcms_setimes/list.bcms_setimes.attrib=loo_mpd=10_thresh=0.1_docnorm=T_tfidf=F.csv
0.195,0.795,0.0,0.01,0.01,0.01,0.01,200,lists/bcms_setimes/list.bcms_setimes.attrib=shap_mpd=18_thresh=0.3_docnorm=F_tfidf=T.csv
0.145,0.845,0.0,0.01,0.01,0.01,0.01,200,lists/bcms_setimes/list.bcms_setimes.attrib=loo_mpd=11_thresh=0.1_docnorm=F_tfidf=F.csv
0.42,0.27,0.0,0.36,0.65,0.795,0.875,200,lists/bcms_setimes/list.bcms_setimes.attrib=shap_mpd=17_thresh=0.2_docnorm=T_tfidf=F.csv
0.18,0.82,0.0,0.0,0.0,0.0,0.0,200,lists/bcms_setimes/list.bcms_setimes.attrib=lime_mpd=15_thresh=0.9_docnorm=F_tfidf=T.csv
0.165,0.825,0.0,0.01,0.01,0.01,0.01,200,lists/bcms_setimes/list.bcms_setimes.attrib=loo_mpd=3_thresh=1.0_docnorm=F_tfidf=T.csv
0.195,0.795,0.0,0.01,0.01,0.01,0.01,200,lists/bcms_setimes/list.bcms_setimes.attrib=shap_mpd=17_thresh=0.1_docnorm=F_tfidf=T.csv
0.205,0.79,0.0,0.005,0.005,0.005,0.005,200,lists/bcms_setimes/list.bcms_setimes.attrib=shap_mpd=2_thresh=0.6_docnorm=F_tfidf=F.csv
0.505,0.365,0.0,0.075,0.29,0.505,0.61,200,lists/bcms_setimes/list.bcms_setimes.attrib=lime_mpd=3_thresh=0.2_docnorm=T_tfidf=F.csv
0.19,0.8,0.0,0.01,0.01,0.01,0.01,200,lists/bcms_setimes/list.bcms_setimes.attrib=shap_mpd=9_thresh=1.0_docnorm=F_tfidf=T.csv
0.38,0.55,0.0,0.0,0.0,0.0,0.005,200,lists/bcms_setimes/list.bcms_setimes.attrib=lime_mpd=2_thresh=0.5_docnorm=T_tfidf=T.csv
0.145,0.845,0.0,0.01,0.01,0.01,0.01,200,lists/bcms_setimes/list.bcms_setimes.attrib=loo_mpd=15_thresh=0.2_docnorm=F_tfidf=F.csv
0.16,0.8,0.0,0.035,0.035,0.035,0.035,200,lists/bcms_setimes/list.bcms_setimes.attrib=loo_mpd=9_thresh=0.4_docnorm=F_tfidf=T.csv
0.565,0.31,0.0,0.06,0.06,0.06,0.065,200,lists/bcms_setimes/list.bcms_setimes.attrib=ig_mpd=7_thresh=0.4_docnorm=T_tfidf=T.csv
0.175,0.795,0.0,0.01,0.01,0.01,0.01,200,lists/bcms_setimes/list.bcms_setimes.attrib=ig_mpd=16_thresh=0.2_docnorm=F_tfidf=F.csv
0.145,0.845,0.0,0.01,0.01,0.01,0.01,200,lists/bcms_setimes/list.bcms_setimes.attrib=loo_mpd=5_thresh=0.2_docnorm=F_tfidf=F.csv
0.175,0.795,0.0,0.01,0.01,0.01,0.01,200,lists/bcms_setimes/list.bcms_setimes.attrib=ig_mpd=18_thresh=0.9_docnorm=F_tfidf=F.csv
0.71,0.235,0.0,0.015,0.015,0.015,0.015,200,lists/bcms_setimes/list.bcms_setimes.attrib=ig_mpd=3_thresh=0.4_docnorm=T_tfidf=F.csv
0.145,0.845,0.0,0.01,0.01,0.01,0.01,200,lists/bcms_setimes/list.bcms_setimes.attrib=loo_mpd=20_thresh=0.9_docnorm=F_tfidf=F.csv
0.62,0.335,0.0,0.025,0.025,0.025,0.025,200,lists/bcms_setimes/list.bcms_setimes.attrib=ig_mpd=5_thresh=0.8_docnorm=T_tfidf=T.csv
0.19,0.795,0.0,0.0,0.0,0.0,0.0,200,lists/bcms_setimes/list.bcms_setimes.attrib=ig_mpd=4_thresh=0.7_docnorm=F_tfidf=F.csv
0.195,0.795,0.0,0.01,0.01,0.01,0.01,200,lists/bcms_setimes/list.bcms_setimes.attrib=shap_mpd=18_thresh=0.2_docnorm=F_tfidf=T.csv
0.5,0.29,0.0,0.09,0.09,0.205,0.355,200,lists/bcms_setimes/list.bcms_setimes.attrib=ig_mpd=15_thresh=0.3_docnorm=T_tfidf=T.csv
0.175,0.8,0.0,0.01,0.01,0.01,0.01,200,lists/bcms_setimes/list.bcms_setimes.attrib=ig_mpd=13_thresh=0.1_docnorm=F_tfidf=F.csv
0.705,0.22,0.0,0.03,0.03,0.03,0.065,200,lists/bcms_setimes/list.bcms_setimes.attrib=ig_mpd=19_thresh=0.4_docnorm=T_tfidf=F.csv
0.54,0.415,0.0,0.0,0.0,0.0,0.0,200,lists/bcms_setimes/list.bcms_setimes.attrib=lime_mpd=14_thresh=0.5_docnorm=T_tfidf=F.csv
0.44,0.46,0.0,0.075,0.075,0.075,0.075,200,lists/bcms_setimes/list.bcms_setimes.attrib=shap_mpd=3_thresh=0.9_docnorm=T_tfidf=T.csv
0.18,0.82,0.0,0.0,0.0,0.0,0.0,200,lists/bcms_setimes/list.bcms_setimes.attrib=lime_mpd=13_thresh=0.1_docnorm=F_tfidf=T.csv
0.17,0.83,0.0,0.0,0.0,0.0,0.0,200,lists/bcms_setimes/list.bcms_setimes.attrib=shap_mpd=11_thresh=0.2_docnorm=F_tfidf=F.csv
0.195,0.795,0.0,0.01,0.01,0.01,0.01,200,lists/bcms_setimes/list.bcms_setimes.attrib=shap_mpd=12_thresh=0.9_docnorm=F_tfidf=T.csv
0.3,0.585,0.0,0.09,0.09,0.09,0.09,200,lists/bcms_setimes/list.bcms_setimes.attrib=loo_mpd=4_thresh=0.8_docnorm=T_tfidf=T.csv
0.48,0.38,0.0,0.105,0.105,0.105,0.105,200,lists/bcms_setimes/list.bcms_setimes.attrib=shap_mpd=11_thresh=0.5_docnorm=T_tfidf=F.csv
0.67,0.27,0.0,0.03,0.03,0.03,0.03,200,lists/bcms_setimes/list.bcms_setimes.attrib=ig_mpd=13_thresh=0.8_docnorm=T_tfidf=T.csv
0.195,0.75,0.0,0.05,0.05,0.05,0.05,200,lists/bcms_setimes/list.bcms_setimes.attrib=loo_mpd=1_thresh=0.6_docnorm=T_tfidf=F.csv
0.275,0.17,0.49,0.97,0.98,0.99,1.0,200,lists/bcms_setimes/list.bcms_setimes.attrib=loo_mpd=13_thresh=0.1_docnorm=T_tfidf=F.csv
0.165,0.82,0.0,0.0,0.0,0.0,0.0,200,lists/bcms_setimes/list.bcms_setimes.attrib=ig_mpd=8_thresh=0.8_docnorm=F_tfidf=F.csv
0.16,0.805,0.0,0.035,0.035,0.035,0.035,200,lists/bcms_setimes/list.bcms_setimes.attrib=loo_mpd=18_thresh=0.8_docnorm=F_tfidf=T.csv
0.18,0.79,0.0,0.01,0.01,0.01,0.01,200,lists/bcms_setimes/list.bcms_setimes.attrib=ig_mpd=20_thresh=0.9_docnorm=F_tfidf=F.csv
0.285,0.595,0.0,0.1,0.1,0.1,0.1,200,lists/bcms_setimes/list.bcms_setimes.attrib=loo_mpd=3_thresh=0.7_docnorm=T_tfidf=T.csv
0.18,0.82,0.0,0.0,0.0,0.0,0.0,200,lists/bcms_setimes/list.bcms_setimes.attrib=shap_mpd=20_thresh=1.0_docnorm=F_tfidf=F.csv
0.44,0.325,0.0,0.15,0.16,0.31,0.47,200,lists/bcms_setimes/list.bcms_setimes.attrib=shap_mpd=9_thresh=0.3_docnorm=T_tfidf=F.csv
0.445,0.54,0.0,0.0,0.0,0.0,0.0,200,lists/bcms_setimes/list.bcms_setimes.attrib=lime_mpd=8_thresh=0.9_docnorm=T_tfidf=T.csv
0.365,0.4,0.0,0.16,0.16,0.16,0.16,200,lists/bcms_setimes/list.bcms_setimes.attrib=shap_mpd=9_thresh=0.5_docnorm=T_tfidf=T.csv
0.34,0.475,0.0,0.14,0.14,0.14,0.14,200,lists/bcms_setimes/list.bcms_setimes.attrib=loo_mpd=19_thresh=0.7_docnorm=T_tfidf=T.csv
0.18,0.82,0.0,0.0,0.0,0.0,0.0,200,lists/bcms_setimes/list.bcms_setimes.attrib=lime_mpd=11_thresh=0.6_docnorm=F_tfidf=T.csv
0.2,0.79,0.0,0.0,0.0,0.0,0.0,200,lists/bcms_setimes/list.bcms_setimes.attrib=ig_mpd=13_thresh=0.7_docnorm=F_tfidf=T.csv
0.205,0.785,0.0,0.01,0.01,0.01,0.01,200,lists/bcms_setimes/list.bcms_setimes.attrib=shap_mpd=3_thresh=1.0_docnorm=F_tfidf=T.csv
0.395,0.42,0.0,0.15,0.15,0.15,0.15,200,lists/bcms_setimes/list.bcms_setimes.attrib=shap_mpd=12_thresh=0.7_docnorm=T_tfidf=T.csv
0.41,0.475,0.0,0.07,0.07,0.07,0.07,200,lists/bcms_setimes/list.bcms_setimes.attrib=loo_mpd=13_thresh=0.8_docnorm=T_tfidf=F.csv
0.18,0.82,0.0,0.0,0.0,0.0,0.0,200,lists/bcms_setimes/list.bcms_setimes.attrib=lime_mpd=9_thresh=0.9_docnorm=F_tfidf=T.csv
0.395,0.435,0.0,0.09,0.09,0.09,0.09,200,lists/bcms_setimes/list.bcms_setimes.attrib=loo_mpd=13_thresh=0.4_docnorm=T_tfidf=F.csv
0.35,0.36,0.0,0.16,0.16,0.26,0.36,200,lists/bcms_setimes/list.bcms_setimes.attrib=shap_mpd=5_thresh=0.3_docnorm=T_tfidf=T.csv
0.145,0.845,0.0,0.01,0.01,0.01,0.01,200,lists/bcms_setimes/list.bcms_setimes.attrib=loo_mpd=17_thresh=0.7_docnorm=F_tfidf=F.csv
0.215,0.775,0.0,0.0,0.0,0.0,0.0,200,lists/bcms_setimes/list.bcms_setimes.attrib=ig_mpd=15_thresh=0.3_docnorm=F_tfidf=T.csv
0.145,0.845,0.0,0.01,0.01,0.01,0.01,200,lists/bcms_setimes/list.bcms_setimes.attrib=loo_mpd=10_thresh=0.7_docnorm=F_tfidf=F.csv
0.18,0.82,0.0,0.0,0.0,0.0,0.0,200,lists/bcms_setimes/list.bcms_setimes.attrib=shap_mpd=19_thresh=0.7_docnorm=F_tfidf=F.csv
0.18,0.82,0.0,0.0,0.0,0.0,0.0,200,lists/bcms_setimes/list.bcms_setimes.attrib=shap_mpd=6_thresh=0.7_docnorm=F_tfidf=F.csv
0.18,0.82,0.0,0.0,0.0,0.0,0.0,200,lists/bcms_setimes/list.bcms_setimes.attrib=shap_mpd=7_thresh=0.2_docnorm=F_tfidf=F.csv
0.175,0.8,0.0,0.01,0.01,0.01,0.01,200,lists/bcms_setimes/list.bcms_setimes.attrib=ig_mpd=15_thresh=0.9_docnorm=F_tfidf=F.csv
0.18,0.82,0.0,0.0,0.0,0.0,0.0,200,lists/bcms_setimes/list.bcms_setimes.attrib=lime_mpd=15_thresh=0.7_docnorm=F_tfidf=F.csv
0.175,0.8,0.0,0.01,0.01,0.01,0.01,200,lists/bcms_setimes/list.bcms_setimes.attrib=ig_mpd=15_thresh=0.7_docnorm=F_tfidf=F.csv
0.18,0.82,0.0,0.0,0.0,0.0,0.0,200,lists/bcms_setimes/list.bcms_setimes.attrib=ig_mpd=8_thresh=0.8_docnorm=F_tfidf=T.csv
0.39,0.48,0.0,0.08,0.08,0.08,0.08,200,lists/bcms_setimes/list.bcms_setimes.attrib=loo_mpd=17_thresh=0.6_docnorm=T_tfidf=F.csv
0.185,0.815,0.0,0.0,0.0,0.0,0.0,200,lists/bcms_setimes/list.bcms_setimes.attrib=lime_mpd=20_thresh=0.4_docnorm=F_tfidf=F.csv
0.725,0.255,0.0,0.0,0.0,0.0,0.0,200,lists/bcms_setimes/list.bcms_setimes.attrib=ig_mpd=18_thresh=0.9_docnorm=T_tfidf=F.csv
0.145,0.845,0.0,0.01,0.01,0.01,0.01,200,lists/bcms_setimes/list.bcms_setimes.attrib=loo_mpd=12_thresh=0.9_docnorm=F_tfidf=F.csv
0.19,0.8,0.0,0.01,0.01,0.01,0.01,200,lists/bcms_setimes/list.bcms_setimes.attrib=shap_mpd=6_thresh=0.3_docnorm=F_tfidf=T.csv
0.19,0.795,0.0,0.0,0.0,0.0,0.0,200,lists/bcms_setimes/list.bcms_setimes.attrib=ig_mpd=4_thresh=0.3_docnorm=F_tfidf=F.csv
0.16,0.805,0.0,0.035,0.035,0.035,0.035,200,lists/bcms_setimes/list.bcms_setimes.attrib=loo_mpd=17_thresh=0.9_docnorm=F_tfidf=T.csv
0.405,0.385,0.0,0.17,0.17,0.17,0.17,200,lists/bcms_setimes/list.bcms_setimes.attrib=shap_mpd=12_thresh=0.6_docnorm=T_tfidf=T.csv
0.325,0.475,0.0,0.165,0.165,0.165,0.165,200,lists/bcms_setimes/list.bcms_setimes.attrib=shap_mpd=6_thresh=0.7_docnorm=T_tfidf=T.csv
0.18,0.82,0.0,0.0,0.0,0.0,0.0,200,lists/bcms_setimes/list.bcms_setimes.attrib=lime_mpd=7_thresh=0.1_docnorm=F_tfidf=F.csv
0.18,0.805,0.0,0.0,0.0,0.0,0.0,200,lists/bcms_setimes/list.bcms_setimes.attrib=ig_mpd=5_thresh=0.2_docnorm=F_tfidf=F.csv
0.18,0.82,0.0,0.0,0.0,0.0,0.0,200,lists/bcms_setimes/list.bcms_setimes.attrib=lime_mpd=13_thresh=0.6_docnorm=F_tfidf=T.csv
0.195,0.795,0.0,0.01,0.01,0.01,0.01,200,lists/bcms_setimes/list.bcms_setimes.attrib=shap_mpd=16_thresh=0.5_docnorm=F_tfidf=T.csv
0.22,0.77,0.0,0.0,0.0,0.0,0.0,200,lists/bcms_setimes/list.bcms_setimes.attrib=ig_mpd=19_thresh=0.8_docnorm=F_tfidf=T.csv
0.145,0.845,0.0,0.01,0.01,0.01,0.01,200,lists/bcms_setimes/list.bcms_setimes.attrib=loo_mpd=8_thresh=0.8_docnorm=F_tfidf=F.csv
0.18,0.82,0.0,0.0,0.0,0.0,0.0,200,lists/bcms_setimes/list.bcms_setimes.attrib=lime_mpd=17_thresh=0.9_docnorm=F_tfidf=F.csv
0.525,0.315,0.0,0.205,0.495,0.7,0.785,200,lists/bcms_setimes/list.bcms_setimes.attrib=lime_mpd=14_thresh=0.2_docnorm=T_tfidf=F.csv
0.195,0.795,0.0,0.01,0.01,0.01,0.01,200,lists/bcms_setimes/list.bcms_setimes.attrib=shap_mpd=15_thresh=0.2_docnorm=F_tfidf=T.csv
0.385,0.39,0.0,0.155,0.155,0.155,0.155,200,lists/bcms_setimes/list.bcms_setimes.attrib=shap_mpd=10_thresh=0.5_docnorm=T_tfidf=T.csv
0.195,0.795,0.0,0.01,0.01,0.01,0.01,200,lists/bcms_setimes/list.bcms_setimes.attrib=shap_mpd=20_thresh=0.1_docnorm=F_tfidf=T.csv
0.47,0.39,0.0,0.0,0.015,0.175,0.355,200,lists/bcms_setimes/list.bcms_setimes.attrib=lime_mpd=19_thresh=0.3_docnorm=T_tfidf=T.csv
0.2,0.79,0.0,0.01,0.01,0.01,0.01,200,lists/bcms_setimes/list.bcms_setimes.attrib=shap_mpd=14_thresh=0.5_docnorm=F_tfidf=T.csv
0.145,0.845,0.0,0.01,0.01,0.01,0.01,200,lists/bcms_setimes/list.bcms_setimes.attrib=loo_mpd=14_thresh=0.7_docnorm=F_tfidf=F.csv
0.37,0.48,0.0,0.115,0.115,0.115,0.115,200,lists/bcms_setimes/list.bcms_setimes.attrib=shap_mpd=2_thresh=0.5_docnorm=T_tfidf=F.csv
0.2,0.79,0.0,0.0,0.0,0.0,0.0,200,lists/bcms_setimes/list.bcms_setimes.attrib=ig_mpd=12_thresh=0.3_docnorm=F_tfidf=T.csv
0.145,0.845,0.0,0.01,0.01,0.01,0.01,200,lists/bcms_setimes/list.bcms_setimes.attrib=loo_mpd=16_thresh=0.6_docnorm=F_tfidf=F.csv
0.425,0.385,0.0,0.11,0.11,0.15,0.235,200,lists/bcms_setimes/list.bcms_setimes.attrib=loo_mpd=10_thresh=0.3_docnorm=T_tfidf=F.csv
0.335,0.545,0.0,0.1,0.1,0.1,0.1,200,lists/bcms_setimes/list.bcms_setimes.attrib=loo_mpd=11_thresh=0.8_docnorm=T_tfidf=T.csv
0.335,0.33,0.0,0.29,0.47,0.615,0.72,200,lists/bcms_setimes/list.bcms_setimes.attrib=shap_mpd=9_thresh=0.2_docnorm=T_tfidf=T.csv
0.215,0.775,0.0,0.0,0.0,0.0,0.0,200,lists/bcms_setimes/list.bcms_setimes.attrib=ig_mpd=15_thresh=0.6_docnorm=F_tfidf=T.csv
0.46,0.41,0.0,0.0,0.0,0.0,0.07,200,lists/bcms_setimes/list.bcms_setimes.attrib=lime_mpd=14_thresh=0.4_docnorm=T_tfidf=T.csv
0.65,0.305,0.0,0.02,0.02,0.02,0.02,200,lists/bcms_setimes/list.bcms_setimes.attrib=ig_mpd=16_thresh=0.9_docnorm=T_tfidf=T.csv
0.7,0.28,0.0,0.0,0.0,0.0,0.0,200,lists/bcms_setimes/list.bcms_setimes.attrib=ig_mpd=7_thresh=0.9_docnorm=T_tfidf=F.csv
0.34,0.62,0.0,0.005,0.005,0.005,0.005,200,lists/bcms_setimes/list.bcms_setimes.attrib=lime_mpd=3_thresh=0.9_docnorm=T_tfidf=F.csv
0.305,0.385,0.0,0.19,0.36,0.545,0.66,200,lists/bcms_setimes/list.bcms_setimes.attrib=loo_mpd=16_thresh=0.2_docnorm=T_tfidf=T.csv
0.585,0.29,0.0,0.06,0.06,0.06,0.06,200,lists/bcms_setimes/list.bcms_setimes.attrib=ig_mpd=16_thresh=0.5_docnorm=T_tfidf=T.csv
0.345,0.48,0.0,0.11,0.11,0.11,0.11,200,lists/bcms_setimes/list.bcms_setimes.attrib=loo_mpd=9_thresh=0.4_docnorm=T_tfidf=F.csv
0.17,0.83,0.0,0.0,0.0,0.0,0.0,200,lists/bcms_setimes/list.bcms_setimes.attrib=shap_mpd=10_thresh=0.3_docnorm=F_tfidf=F.csv
0.19,0.8,0.0,0.01,0.01,0.01,0.01,200,lists/bcms_setimes/list.bcms_setimes.attrib=shap_mpd=11_thresh=0.9_docnorm=F_tfidf=T.csv
0.465,0.51,0.0,0.0,0.0,0.0,0.0,200,lists/bcms_setimes/list.bcms_setimes.attrib=lime_mpd=6_thresh=0.9_docnorm=T_tfidf=F.csv
0.18,0.82,0.0,0.0,0.0,0.0,0.0,200,lists/bcms_setimes/list.bcms_setimes.attrib=shap_mpd=16_thresh=0.3_docnorm=F_tfidf=F.csv
0.18,0.82,0.0,0.0,0.0,0.0,0.0,200,lists/bcms_setimes/list.bcms_setimes.attrib=lime_mpd=8_thresh=0.9_docnorm=F_tfidf=F.csv
0.2,0.79,0.0,0.01,0.01,0.01,0.01,200,lists/bcms_setimes/list.bcms_setimes.attrib=shap_mpd=13_thresh=0.4_docnorm=F_tfidf=T.csv
0.495,0.385,0.0,0.105,0.105,0.105,0.105,200,lists/bcms_setimes/list.bcms_setimes.attrib=shap_mpd=17_thresh=0.7_docnorm=T_tfidf=F.csv
0.44,0.51,0.0,0.04,0.04,0.04,0.04,200,lists/bcms_setimes/list.bcms_setimes.attrib=shap_mpd=1_thresh=0.9_docnorm=T_tfidf=T.csv
0.28,0.595,0.0,0.065,0.065,0.065,0.065,200,lists/bcms_setimes/list.bcms_setimes.attrib=loo_mpd=2_thresh=0.4_docnorm=T_tfidf=F.csv
0.195,0.8,0.0,0.0,0.0,0.0,0.0,200,lists/bcms_setimes/list.bcms_setimes.attrib=ig_mpd=11_thresh=0.8_docnorm=F_tfidf=T.csv
0.57,0.415,0.0,0.0,0.0,0.0,0.0,200,lists/bcms_setimes/list.bcms_setimes.attrib=ig_mpd=11_thresh=1.0_docnorm=T_tfidf=F.csv
0.17,0.82,0.0,0.01,0.01,0.01,0.01,200,lists/bcms_setimes/list.bcms_setimes.attrib=loo_mpd=2_thresh=0.3_docnorm=F_tfidf=F.csv
0.625,0.23,0.0,0.05,0.095,0.195,0.3,200,lists/bcms_setimes/list.bcms_setimes.attrib=ig_mpd=2_thresh=0.2_docnorm=T_tfidf=F.csv
0.7,0.28,0.0,0.0,0.0,0.0,0.0,200,lists/bcms_setimes/list.bcms_setimes.attrib=ig_mpd=10_thresh=0.9_docnorm=T_tfidf=F.csv
0.435,0.37,0.0,0.145,0.35,0.54,0.65,200,lists/bcms_setimes/list.bcms_setimes.attrib=lime_mpd=9_thresh=0.2_docnorm=T_tfidf=T.csv
0.375,0.485,0.0,0.06,0.06,0.06,0.06,200,lists/bcms_setimes/list.bcms_setimes.attrib=loo_mpd=11_thresh=0.5_docnorm=T_tfidf=F.csv
0.44,0.295,0.0,0.175,0.185,0.365,0.54,200,lists/bcms_setimes/list.bcms_setimes.attrib=shap_mpd=17_thresh=0.3_docnorm=T_tfidf=F.csv
0.18,0.82,0.0,0.0,0.0,0.0,0.0,200,lists/bcms_setimes/list.bcms_setimes.attrib=lime_mpd=12_thresh=0.7_docnorm=F_tfidf=F.csv
0.31,0.445,0.0,0.135,0.135,0.135,0.135,200,lists/bcms_setimes/list.bcms_setimes.attrib=loo_mpd=19_thresh=0.5_docnorm=T_tfidf=T.csv
0.41,0.425,0.0,0.14,0.14,0.14,0.14,200,lists/bcms_setimes/list.bcms_setimes.attrib=shap_mpd=14_thresh=0.8_docnorm=T_tfidf=T.csv
0.27,0.545,0.0,0.115,0.115,0.12,0.125,200,lists/bcms_setimes/list.bcms_setimes.attrib=loo_mpd=2_thresh=0.3_docnorm=T_tfidf=T.csv
0.205,0.795,0.0,0.0,0.0,0.0,0.0,200,lists/bcms_setimes/list.bcms_setimes.attrib=lime_mpd=2_thresh=0.5_docnorm=F_tfidf=T.csv
0.69,0.235,0.0,0.045,0.045,0.115,0.215,200,lists/bcms_setimes/list.bcms_setimes.attrib=ig_mpd=14_thresh=0.3_docnorm=T_tfidf=F.csv
0.375,0.455,0.0,0.095,0.095,0.095,0.095,200,lists/bcms_setimes/list.bcms_setimes.attrib=loo_mpd=12_thresh=0.4_docnorm=T_tfidf=F.csv
0.18,0.805,0.0,0.0,0.0,0.0,0.0,200,lists/bcms_setimes/list.bcms_setimes.attrib=ig_mpd=5_thresh=1.0_docnorm=F_tfidf=F.csv
0.245,0.755,0.0,0.0,0.0,0.0,0.0,200,lists/bcms_setimes/list.bcms_setimes.attrib=ig_mpd=2_thresh=0.3_docnorm=F_tfidf=T.csv
0.53,0.275,0.0,0.095,0.095,0.095,0.15,200,lists/bcms_setimes/list.bcms_setimes.attrib=ig_mpd=20_thresh=0.4_docnorm=T_tfidf=T.csv
0.425,0.545,0.0,0.0,0.0,0.0,0.0,200,lists/bcms_setimes/list.bcms_setimes.attrib=lime_mpd=10_thresh=1.0_docnorm=T_tfidf=T.csv
0.33,0.19,0.485,0.86,0.905,0.955,0.97,200,lists/bcms_setimes/list.bcms_setimes.attrib=ig_mpd=19_thresh=0.1_docnorm=T_tfidf=F.csv
0.385,0.335,0.0,0.245,0.405,0.575,0.695,200,lists/bcms_setimes/list.bcms_setimes.attrib=ig_mpd=20_thresh=0.2_docnorm=T_tfidf=T.csv
0.715,0.205,0.0,0.03,0.03,0.03,0.06,200,lists/bcms_setimes/list.bcms_setimes.attrib=ig_mpd=15_thresh=0.4_docnorm=T_tfidf=F.csv
0.195,0.795,0.0,0.01,0.01,0.01,0.01,200,lists/bcms_setimes/list.bcms_setimes.attrib=shap_mpd=12_thresh=0.7_docnorm=F_tfidf=T.csv
0.16,0.805,0.0,0.035,0.035,0.035,0.035,200,lists/bcms_setimes/list.bcms_setimes.attrib=loo_mpd=12_thresh=0.5_docnorm=F_tfidf=T.csv
0.175,0.825,0.0,0.0,0.0,0.0,0.0,200,lists/bcms_setimes/list.bcms_setimes.attrib=lime_mpd=11_thresh=0.6_docnorm=F_tfidf=F.csv
0.16,0.805,0.0,0.035,0.035,0.035,0.035,200,lists/bcms_setimes/list.bcms_setimes.attrib=loo_mpd=13_thresh=0.9_docnorm=F_tfidf=T.csv
0.18,0.82,0.0,0.0,0.0,0.0,0.0,200,lists/bcms_setimes/list.bcms_setimes.attrib=lime_mpd=13_thresh=0.7_docnorm=F_tfidf=F.csv
0.45,0.49,0.0,0.0,0.0,0.0,0.0,200,lists/bcms_setimes/list.bcms_setimes.attrib=lime_mpd=9_thresh=0.7_docnorm=T_tfidf=T.csv
0.185,0.815,0.0,0.0,0.0,0.0,0.0,200,lists/bcms_setimes/list.bcms_setimes.attrib=lime_mpd=17_thresh=0.6_docnorm=F_tfidf=T.csv
0.47,0.4,0.0,0.0,0.0,0.0,0.075,200,lists/bcms_setimes/list.bcms_setimes.attrib=lime_mpd=19_thresh=0.4_docnorm=T_tfidf=T.csv
0.76,0.2,0.0,0.005,0.005,0.005,0.005,200,lists/bcms_setimes/list.bcms_setimes.attrib=ig_mpd=12_thresh=0.7_docnorm=T_tfidf=F.csv
0.36,0.49,0.0,0.11,0.11,0.11,0.11,200,lists/bcms_setimes/list.bcms_setimes.attrib=shap_mpd=1_thresh=0.4_docnorm=T_tfidf=F.csv
0.25,0.72,0.0,0.02,0.02,0.02,0.02,200,lists/bcms_setimes/list.bcms_setimes.attrib=loo_mpd=9_thresh=1.0_docnorm=T_tfidf=T.csv
0.24,0.745,0.0,0.015,0.015,0.015,0.015,200,lists/bcms_setimes/list.bcms_setimes.attrib=shap_mpd=1_thresh=0.1_docnorm=F_tfidf=T.csv
0.715,0.27,0.0,0.0,0.0,0.0,0.0,200,lists/bcms_setimes/list.bcms_setimes.attrib=ig_mpd=12_thresh=0.9_docnorm=T_tfidf=F.csv
0.19,0.8,0.0,0.01,0.01,0.01,0.01,200,lists/bcms_setimes/list.bcms_setimes.attrib=shap_mpd=11_thresh=1.0_docnorm=F_tfidf=T.csv
0.175,0.795,0.0,0.01,0.01,0.01,0.01,200,lists/bcms_setimes/list.bcms_setimes.attrib=ig_mpd=16_thresh=0.4_docnorm=F_tfidf=F.csv
0.19,0.8,0.0,0.01,0.01,0.01,0.01,200,lists/bcms_setimes/list.bcms_setimes.attrib=shap_mpd=9_thresh=0.5_docnorm=F_tfidf=T.csv
0.175,0.795,0.0,0.01,0.01,0.01,0.01,200,lists/bcms_setimes/list.bcms_setimes.attrib=ig_mpd=16_thresh=0.8_docnorm=F_tfidf=F.csv
0.3,0.39,0.0,0.185,0.35,0.535,0.655,200,lists/bcms_setimes/list.bcms_setimes.attrib=loo_mpd=15_thresh=0.2_docnorm=T_tfidf=T.csv
0.435,0.285,0.57,0.81,0.885,0.94,0.975,200,lists/bcms_setimes/list.bcms_setimes.attrib=lime_mpd=20_thresh=0.1_docnorm=T_tfidf=T.csv
0.355,0.475,0.0,0.1,0.1,0.1,0.1,200,lists/bcms_setimes/list.bcms_setimes.attrib=loo_mpd=20_thresh=0.5_docnorm=T_tfidf=F.csv
0.145,0.845,0.0,0.01,0.01,0.01,0.01,200,lists/bcms_setimes/list.bcms_setimes.attrib=loo_mpd=18_thresh=0.7_docnorm=F_tfidf=F.csv
0.145,0.845,0.0,0.01,0.01,0.01,0.01,200,lists/bcms_setimes/list.bcms_setimes.attrib=loo_mpd=17_thresh=0.3_docnorm=F_tfidf=F.csv
0.31,0.405,0.0,0.155,0.24,0.36,0.475,200,lists/bcms_setimes/list.bcms_setimes.attrib=loo_mpd=6_thresh=0.2_docnorm=T_tfidf=T.csv
0.355,0.385,0.0,0.175,0.175,0.175,0.175,200,lists/bcms_setimes/list.bcms_setimes.attrib=shap_mpd=19_thresh=0.5_docnorm=T_tfidf=T.csv
0.49,0.45,0.0,0.0,0.0,0.0,0.08,200,lists/bcms_setimes/list.bcms_setimes.attrib=lime_mpd=9_thresh=0.4_docnorm=T_tfidf=F.csv
0.18,0.79,0.0,0.01,0.01,0.01,0.01,200,lists/bcms_setimes/list.bcms_setimes.attrib=ig_mpd=20_thresh=0.6_docnorm=F_tfidf=F.csv
0.145,0.845,0.0,0.01,0.01,0.01,0.01,200,lists/bcms_setimes/list.bcms_setimes.attrib=loo_mpd=4_thresh=0.3_docnorm=F_tfidf=F.csv
0.64,0.33,0.0,0.0,0.0,0.0,0.0,200,lists/bcms_setimes/list.bcms_setimes.attrib=ig_mpd=2_thresh=0.8_docnorm=T_tfidf=F.csv
0.475,0.41,0.0,0.085,0.085,0.085,0.085,200,lists/bcms_setimes/list.bcms_setimes.attrib=shap_mpd=20_thresh=0.9_docnorm=T_tfidf=F.csv
0.64,0.32,0.0,0.015,0.015,0.015,0.015,200,lists/bcms_setimes/list.bcms_setimes.attrib=ig_mpd=14_thresh=0.9_docnorm=T_tfidf=T.csv
0.235,0.765,0.0,0.0,0.0,0.0,0.0,200,lists/bcms_setimes/list.bcms_setimes.attrib=lime_mpd=1_thresh=0.5_docnorm=F_tfidf=F.csv
0.225,0.775,0.0,0.0,0.0,0.0,0.0,200,lists/bcms_setimes/list.bcms_setimes.attrib=ig_mpd=3_thresh=0.2_docnorm=F_tfidf=T.csv
0.175,0.8,0.0,0.01,0.01,0.01,0.01,200,lists/bcms_setimes/list.bcms_setimes.attrib=ig_mpd=15_thresh=0.3_docnorm=F_tfidf=F.csv
0.7,0.24,0.0,0.02,0.02,0.02,0.02,200,lists/bcms_setimes/list.bcms_setimes.attrib=ig_mpd=10_thresh=0.5_docnorm=T_tfidf=F.csv
0.47,0.37,0.0,0.135,0.135,0.135,0.135,200,lists/bcms_setimes/list.bcms_setimes.attrib=shap_mpd=12_thresh=0.6_docnorm=T_tfidf=F.csv
0.205,0.75,0.0,0.04,0.04,0.04,0.04,200,lists/bcms_setimes/list.bcms_setimes.attrib=loo_mpd=1_thresh=0.4_docnorm=F_tfidf=T.csv
0.345,0.64,0.0,0.0,0.0,0.0,0.0,200,lists/bcms_setimes/list.bcms_setimes.attrib=lime_mpd=3_thresh=1.0_docnorm=T_tfidf=F.csv
0.53,0.185,0.775,0.935,0.975,0.99,0.995,200,lists/bcms_setimes/list.bcms_setimes.attrib=lime_mpd=20_thresh=0.1_docnorm=T_tfidf=F.csv
0.395,0.315,0.0,0.135,0.235,0.44,0.58,200,lists/bcms_setimes/list.bcms_setimes.attrib=loo_mpd=5_thresh=0.2_docnorm=T_tfidf=F.csv
0.465,0.52,0.0,0.0,0.0,0.0,0.0,200,lists/bcms_setimes/list.bcms_setimes.attrib=lime_mpd=9_thresh=0.9_docnorm=T_tfidf=F.csv
0.185,0.815,0.0,0.0,0.0,0.0,0.0,200,lists/bcms_setimes/list.bcms_setimes.attrib=lime_mpd=6_thresh=0.9_docnorm=F_tfidf=T.csv
0.41,0.485,0.0,0.07,0.07,0.07,0.07,200,lists/bcms_setimes/list.bcms_setimes.attrib=loo_mpd=12_thresh=0.8_docnorm=T_tfidf=F.csv
0.185,0.815,0.0,0.0,0.0,0.0,0.0,200,lists/bcms_setimes/list.bcms_setimes.attrib=lime_mpd=17_thresh=0.9_docnorm=F_tfidf=T.csv
0.145,0.845,0.0,0.01,0.01,0.01,0.01,200,lists/bcms_setimes/list.bcms_setimes.attrib=loo_mpd=10_thresh=0.2_docnorm=F_tfidf=F.csv
0.425,0.525,0.0,0.0,0.0,0.0,0.0,200,lists/bcms_setimes/list.bcms_setimes.attrib=lime_mpd=3_thresh=0.6_docnorm=T_tfidf=T.csv
0.6,0.3,0.0,0.065,0.21,0.37,0.475,200,lists/bcms_setimes/list.bcms_setimes.attrib=ig_mpd=12_thresh=0.2_docnorm=T_tfidf=F.csv
0.485,0.395,0.0,0.1,0.1,0.1,0.1,200,lists/bcms_setimes/list.bcms_setimes.attrib=shap_mpd=11_thresh=0.7_docnorm=T_tfidf=F.csv
0.16,0.805,0.0,0.035,0.035,0.035,0.035,200,lists/bcms_setimes/list.bcms_setimes.attrib=loo_mpd=19_thresh=0.3_docnorm=F_tfidf=T.csv
0.165,0.795,0.0,0.035,0.035,0.035,0.035,200,lists/bcms_setimes/list.bcms_setimes.attrib=loo_mpd=11_thresh=0.9_docnorm=F_tfidf=T.csv
0.48,0.315,0.0,0.09,0.095,0.225,0.375,200,lists/bcms_setimes/list.bcms_setimes.attrib=ig_mpd=19_thresh=0.3_docnorm=T_tfidf=T.csv
0.145,0.845,0.0,0.01,0.01,0.01,0.01,200,lists/bcms_setimes/list.bcms_setimes.attrib=loo_mpd=4_thresh=0.2_docnorm=F_tfidf=F.csv
0.19,0.8,0.0,0.01,0.01,0.01,0.01,200,lists/bcms_setimes/list.bcms_setimes.attrib=shap_mpd=10_thresh=0.7_docnorm=F_tfidf=T.csv
0.635,0.27,0.0,0.065,0.065,0.065,0.065,200,lists/bcms_setimes/list.bcms_setimes.attrib=ig_mpd=20_thresh=0.6_docnorm=T_tfidf=T.csv
0.145,0.845,0.0,0.01,0.01,0.01,0.01,200,lists/bcms_setimes/list.bcms_setimes.attrib=loo_mpd=16_thresh=0.4_docnorm=F_tfidf=F.csv
0.36,0.38,0.0,0.14,0.185,0.34,0.44,200,lists/bcms_setimes/list.bcms_setimes.attrib=ig_mpd=4_thresh=0.2_docnorm=T_tfidf=T.csv
0.365,0.355,0.0,0.175,0.175,0.175,0.235,200,lists/bcms_setimes/list.bcms_setimes.attrib=shap_mpd=13_thresh=0.4_docnorm=T_tfidf=T.csv
0.195,0.795,0.0,0.01,0.01,0.01,0.01,200,lists/bcms_setimes/list.bcms_setimes.attrib=shap_mpd=19_thresh=0.7_docnorm=F_tfidf=T.csv
0.15,0.84,0.0,0.01,0.01,0.01,0.01,200,lists/bcms_setimes/list.bcms_setimes.attrib=loo_mpd=3_thresh=0.2_docnorm=F_tfidf=F.csv
0.465,0.47,0.0,0.05,0.05,0.05,0.05,200,lists/bcms_setimes/list.bcms_setimes.attrib=shap_mpd=19_thresh=1.0_docnorm=T_tfidf=F.csv
0.185,0.815,0.0,0.0,0.0,0.0,0.0,200,lists/bcms_setimes/list.bcms_setimes.attrib=lime_mpd=19_thresh=0.1_docnorm=F_tfidf=F.csv
0.2,0.79,0.0,0.0,0.0,0.0,0.0,200,lists/bcms_setimes/list.bcms_setimes.attrib=ig_mpd=12_thresh=0.5_docnorm=F_tfidf=T.csv
0.145,0.845,0.0,0.01,0.01,0.01,0.01,200,lists/bcms_setimes/list.bcms_setimes.attrib=loo_mpd=17_thresh=0.2_docnorm=F_tfidf=F.csv
0.385,0.415,0.0,0.16,0.16,0.16,0.16,200,lists/bcms_setimes/list.bcms_setimes.attrib=shap_mpd=20_thresh=0.7_docnorm=T_tfidf=T.csv
0.32,0.625,0.0,0.04,0.04,0.04,0.04,200,lists/bcms_setimes/list.bcms_setimes.attrib=loo_mpd=13_thresh=1.0_docnorm=T_tfidf=T.csv
0.37,0.485,0.0,0.11,0.11,0.11,0.11,200,lists/bcms_setimes/list.bcms_setimes.attrib=shap_mpd=3_thresh=0.7_docnorm=T_tfidf=T.csv
0.22,0.77,0.0,0.0,0.0,0.0,0.0,200,lists/bcms_setimes/list.bcms_setimes.attrib=ig_mpd=19_thresh=0.5_docnorm=F_tfidf=T.csv
0.2,0.8,0.0,0.0,0.0,0.0,0.0,200,lists/bcms_setimes/list.bcms_setimes.attrib=lime_mpd=3_thresh=0.8_docnorm=F_tfidf=F.csv
0.385,0.47,0.0,0.11,0.11,0.11,0.11,200,lists/bcms_setimes/list.bcms_setimes.attrib=loo_mpd=19_thresh=0.7_docnorm=T_tfidf=F.csv
0.18,0.82,0.0,0.0,0.0,0.0,0.0,200,lists/bcms_setimes/list.bcms_setimes.attrib=lime_mpd=9_thresh=0.3_docnorm=F_tfidf=F.csv
0.17,0.83,0.0,0.0,0.0,0.0,0.0,200,lists/bcms_setimes/list.bcms_setimes.attrib=shap_mpd=10_thresh=0.6_docnorm=F_tfidf=F.csv
0.18,0.82,0.0,0.0,0.0,0.0,0.0,200,lists/bcms_setimes/list.bcms_setimes.attrib=shap_mpd=17_thresh=0.8_docnorm=F_tfidf=F.csv
0.325,0.19,0.475,0.855,0.895,0.95,0.97,200,lists/bcms_setimes/list.bcms_setimes.attrib=ig_mpd=18_thresh=0.1_docnorm=T_tfidf=F.csv
0.47,0.38,0.0,0.13,0.13,0.13,0.13,200,lists/bcms_setimes/list.bcms_setimes.attrib=shap_mpd=20_thresh=0.6_docnorm=T_tfidf=F.csv
0.16,0.8,0.0,0.035,0.035,0.035,0.035,200,lists/bcms_setimes/list.bcms_setimes.attrib=loo_mpd=6_thresh=0.4_docnorm=F_tfidf=T.csv
0.55,0.405,0.0,0.0,0.0,0.0,0.0,200,lists/bcms_setimes/list.bcms_setimes.attrib=lime_mpd=19_thresh=0.5_docnorm=T_tfidf=F.csv
0.315,0.32,0.0,0.355,0.53,0.66,0.76,200,lists/bcms_setimes/list.bcms_setimes.attrib=shap_mpd=19_thresh=0.2_docnorm=T_tfidf=T.csv
0.485,0.36,0.0,0.12,0.12,0.12,0.12,200,lists/bcms_setimes/list.bcms_setimes.attrib=shap_mpd=17_thresh=0.5_docnorm=T_tfidf=F.csv
0.185,0.815,0.0,0.0,0.0,0.0,0.0,200,lists/bcms_setimes/list.bcms_setimes.attrib=ig_mpd=10_thresh=0.4_docnorm=F_tfidf=T.csv
0.145,0.845,0.0,0.01,0.01,0.01,0.01,200,lists/bcms_setimes/list.bcms_setimes.attrib=loo_mpd=8_thresh=0.3_docnorm=F_tfidf=F.csv
0.2,0.79,0.0,0.01,0.01,0.01,0.01,200,lists/bcms_setimes/list.bcms_setimes.attrib=shap_mpd=13_thresh=0.6_docnorm=F_tfidf=T.csv
0.355,0.535,0.0,0.075,0.075,0.075,0.075,200,lists/bcms_setimes/list.bcms_setimes.attrib=loo_mpd=6_thresh=0.8_docnorm=T_tfidf=F.csv
0.505,0.435,0.0,0.035,0.035,0.035,0.035,200,lists/bcms_setimes/list.bcms_setimes.attrib=ig_mpd=2_thresh=0.8_docnorm=T_tfidf=T.csv
0.35,0.38,0.0,0.175,0.185,0.22,0.27,200,lists/bcms_setimes/list.bcms_setimes.attrib=shap_mpd=1_thresh=0.2_docnorm=T_tfidf=T.csv
0.16,0.8,0.0,0.035,0.035,0.035,0.035,200,lists/bcms_setimes/list.bcms_setimes.attrib=loo_mpd=8_thresh=0.3_docnorm=F_tfidf=T.csv
0.505,0.405,0.0,0.0,0.025,0.23,0.44,200,lists/bcms_setimes/list.bcms_setimes.attrib=lime_mpd=20_thresh=0.3_docnorm=T_tfidf=F.csv
0.2,0.79,0.0,0.01,0.01,0.01,0.01,200,lists/bcms_setimes/list.bcms_setimes.attrib=shap_mpd=13_thresh=0.9_docnorm=F_tfidf=T.csv
0.195,0.795,0.0,0.01,0.01,0.01,0.01,200,lists/bcms_setimes/list.bcms_setimes.attrib=shap_mpd=19_thresh=1.0_docnorm=F_tfidf=T.csv
0.44,0.295,0.0,0.23,0.46,0.665,0.79,200,lists/bcms_setimes/list.bcms_setimes.attrib=shap_mpd=6_thresh=0.2_docnorm=T_tfidf=F.csv
0.32,0.57,0.0,0.1,0.1,0.1,0.1,200,lists/bcms_setimes/list.bcms_setimes.attrib=loo_mpd=6_thresh=0.7_docnorm=T_tfidf=T.csv
0.195,0.795,0.0,0.01,0.01,0.01,0.01,200,lists/bcms_setimes/list.bcms_setimes.attrib=shap_mpd=19_thresh=0.3_docnorm=F_tfidf=T.csv
0.2,0.8,0.0,0.0,0.0,0.0,0.0,200,lists/bcms_setimes/list.bcms_setimes.attrib=lime_mpd=3_thresh=0.1_docnorm=F_tfidf=F.csv
0.195,0.795,0.0,0.01,0.01,0.01,0.01,200,lists/bcms_setimes/list.bcms_setimes.attrib=shap_mpd=16_thresh=0.3_docnorm=F_tfidf=T.csv
0.195,0.795,0.0,0.01,0.01,0.01,0.01,200,lists/bcms_setimes/list.bcms_setimes.attrib=shap_mpd=19_thresh=0.6_docnorm=F_tfidf=T.csv
0.17,0.83,0.0,0.0,0.0,0.0,0.0,200,lists/bcms_setimes/list.bcms_setimes.attrib=shap_mpd=10_thresh=0.4_docnorm=F_tfidf=F.csv
0.145,0.845,0.0,0.01,0.01,0.01,0.01,200,lists/bcms_setimes/list.bcms_setimes.attrib=loo_mpd=4_thresh=0.1_docnorm=F_tfidf=F.csv
0.385,0.47,0.0,0.09,0.09,0.09,0.125,200,lists/bcms_setimes/list.bcms_setimes.attrib=loo_mpd=20_thresh=0.4_docnorm=T_tfidf=F.csv
0.305,0.695,0.0,0.0,0.0,0.0,0.0,200,lists/bcms_setimes/list.bcms_setimes.attrib=ig_mpd=1_thresh=0.3_docnorm=F_tfidf=T.csv
0.33,0.125,0.515,0.975,0.99,1.0,1.0,200,lists/bcms_setimes/list.bcms_setimes.attrib=shap_mpd=8_thresh=0.1_docnorm=T_tfidf=F.csv
0.325,0.525,0.0,0.12,0.12,0.12,0.12,200,lists/bcms_setimes/list.bcms_setimes.attrib=loo_mpd=11_thresh=0.7_docnorm=T_tfidf=T.csv
0.215,0.775,0.0,0.0,0.0,0.0,0.0,200,lists/bcms_setimes/list.bcms_setimes.attrib=ig_mpd=15_thresh=0.9_docnorm=F_tfidf=T.csv
0.34,0.545,0.0,0.095,0.095,0.095,0.095,200,lists/bcms_setimes/list.bcms_setimes.attrib=loo_mpd=17_thresh=0.9_docnorm=T_tfidf=T.csv
0.465,0.43,0.0,0.065,0.065,0.065,0.065,200,lists/bcms_setimes/list.bcms_setimes.attrib=shap_mpd=5_thresh=0.8_docnorm=T_tfidf=F.csv
0.415,0.435,0.0,0.12,0.12,0.12,0.12,200,lists/bcms_setimes/list.bcms_setimes.attrib=shap_mpd=15_thresh=0.9_docnorm=T_tfidf=T.csv
0.365,0.355,0.0,0.175,0.175,0.175,0.23,200,lists/bcms_setimes/list.bcms_setimes.attrib=shap_mpd=12_thresh=0.4_docnorm=T_tfidf=T.csv
0.47,0.395,0.0,0.11,0.11,0.11,0.11,200,lists/bcms_setimes/list.bcms_setimes.attrib=shap_mpd=6_thresh=0.6_docnorm=T_tfidf=F.csv
0.43,0.31,0.0,0.17,0.18,0.37,0.53,200,lists/bcms_setimes/list.bcms_setimes.attrib=shap_mpd=15_thresh=0.3_docnorm=T_tfidf=F.csv
0.17,0.82,0.0,0.01,0.01,0.01,0.01,200,lists/bcms_setimes/list.bcms_setimes.attrib=loo_mpd=2_thresh=0.8_docnorm=F_tfidf=F.csv
0.18,0.82,0.0,0.0,0.0,0.0,0.0,200,lists/bcms_setimes/list.bcms_setimes.attrib=shap_mpd=7_thresh=0.8_docnorm=F_tfidf=F.csv
0.305,0.695,0.0,0.0,0.0,0.0,0.0,200,lists/bcms_setimes/list.bcms_setimes.attrib=ig_mpd=1_thresh=0.5_docnorm=F_tfidf=T.csv
0.18,0.82,0.0,0.0,0.0,0.0,0.0,200,lists/bcms_setimes/list.bcms_setimes.attrib=shap_mpd=17_thresh=0.2_docnorm=F_tfidf=F.csv
0.375,0.475,0.0,0.08,0.08,0.08,0.08,200,lists/bcms_setimes/list.bcms_setimes.attrib=loo_mpd=9_thresh=0.5_docnorm=T_tfidf=F.csv
0.37,0.615,0.0,0.0,0.0,0.0,0.0,200,lists/bcms_setimes/list.bcms_setimes.attrib=lime_mpd=1_thresh=0.7_docnorm=T_tfidf=T.csv
0.55,0.405,0.0,0.0,0.0,0.0,0.0,200,lists/bcms_setimes/list.bcms_setimes.attrib=lime_mpd=15_thresh=0.5_docnorm=T_tfidf=F.csv
0.48,0.3,0.0,0.09,0.09,0.21,0.365,200,lists/bcms_setimes/list.bcms_setimes.attrib=ig_mpd=17_thresh=0.3_docnorm=T_tfidf=T.csv
0.19,0.8,0.0,0.01,0.01,0.01,0.01,200,lists/bcms_setimes/list.bcms_setimes.attrib=shap_mpd=11_thresh=0.1_docnorm=F_tfidf=T.csv
0.145,0.845,0.0,0.01,0.01,0.01,0.01,200,lists/bcms_setimes/list.bcms_setimes.attrib=loo_mpd=12_thresh=0.1_docnorm=F_tfidf=F.csv
0.285,0.15,0.465,0.96,0.985,0.995,1.0,200,lists/bcms_setimes/list.bcms_setimes.attrib=loo_mpd=6_thresh=0.1_docnorm=T_tfidf=F.csv
0.53,0.305,0.0,0.215,0.515,0.71,0.795,200,lists/bcms_setimes/list.bcms_setimes.attrib=lime_mpd=20_thresh=0.2_docnorm=T_tfidf=F.csv
0.2,0.79,0.0,0.0,0.0,0.0,0.0,200,lists/bcms_setimes/list.bcms_setimes.attrib=ig_mpd=12_thresh=0.8_docnorm=F_tfidf=T.csv
0.255,0.21,0.39,0.875,0.905,0.95,0.97,200,lists/bcms_setimes/list.bcms_setimes.attrib=shap_mpd=19_thresh=0.1_docnorm=T_tfidf=T.csv
0.185,0.815,0.0,0.0,0.0,0.0,0.0,200,lists/bcms_setimes/list.bcms_setimes.attrib=lime_mpd=19_thresh=0.4_docnorm=F_tfidf=T.csv
0.18,0.82,0.0,0.0,0.0,0.0,0.0,200,lists/bcms_setimes/list.bcms_setimes.attrib=lime_mpd=17_thresh=1.0_docnorm=F_tfidf=F.csv
0.185,0.795,0.0,0.015,0.015,0.015,0.015,200,lists/bcms_setimes/list.bcms_setimes.attrib=loo_mpd=5_thresh=1.0_docnorm=T_tfidf=T.csv
0.18,0.805,0.0,0.0,0.0,0.0,0.0,200,lists/bcms_setimes/list.bcms_setimes.attrib=ig_mpd=5_thresh=0.7_docnorm=F_tfidf=F.csv
0.215,0.775,0.0,0.01,0.01,0.01,0.01,200,lists/bcms_setimes/list.bcms_setimes.attrib=shap_mpd=2_thresh=0.1_docnorm=F_tfidf=T.csv
0.47,0.41,0.0,0.1,0.1,0.1,0.1,200,lists/bcms_setimes/list.bcms_setimes.attrib=shap_mpd=7_thresh=0.7_docnorm=T_tfidf=F.csv
0.305,0.695,0.0,0.0,0.0,0.0,0.0,200,lists/bcms_setimes/list.bcms_setimes.attrib=ig_mpd=1_thresh=0.1_docnorm=F_tfidf=T.csv
0.18,0.82,0.0,0.0,0.0,0.0,0.0,200,lists/bcms_setimes/list.bcms_setimes.attrib=ig_mpd=7_thresh=0.8_docnorm=F_tfidf=T.csv
0.22,0.775,0.0,0.005,0.005,0.005,0.005,200,lists/bcms_setimes/list.bcms_setimes.attrib=shap_mpd=1_thresh=0.4_docnorm=F_tfidf=F.csv
0.16,0.8,0.0,0.035,0.035,0.035,0.035,200,lists/bcms_setimes/list.bcms_setimes.attrib=loo_mpd=7_thresh=0.3_docnorm=F_tfidf=T.csv
0.6,0.255,0.0,0.055,0.125,0.245,0.36,200,lists/bcms_setimes/list.bcms_setimes.attrib=ig_mpd=3_thresh=0.2_docnorm=T_tfidf=F.csv
0.465,0.495,0.0,0.0,0.0,0.0,0.005,200,lists/bcms_setimes/list.bcms_setimes.attrib=lime_mpd=5_thresh=0.6_docnorm=T_tfidf=F.csv
0.43,0.275,0.0,0.315,0.575,0.75,0.85,200,lists/bcms_setimes/list.bcms_setimes.attrib=shap_mpd=9_thresh=0.2_docnorm=T_tfidf=F.csv
0.215,0.775,0.0,0.0,0.0,0.0,0.0,200,lists/bcms_setimes/list.bcms_setimes.attrib=ig_mpd=17_thresh=0.5_docnorm=F_tfidf=T.csv
0.2,0.795,0.0,0.005,0.005,0.005,0.005,200,lists/bcms_setimes/list.bcms_setimes.attrib=shap_mpd=3_thresh=0.2_docnorm=F_tfidf=F.csv
0.18,0.82,0.0,0.0,0.0,0.0,0.0,200,lists/bcms_setimes/list.bcms_setimes.attrib=lime_mpd=14_thresh=0.1_docnorm=F_tfidf=T.csv
0.22,0.32,0.435,0.855,0.9,0.94,0.955,200,lists/bcms_setimes/list.bcms_setimes.attrib=ig_mpd=19_thresh=0.1_docnorm=T_tfidf=T.csv
0.18,0.82,0.0,0.0,0.0,0.0,0.0,200,lists/bcms_setimes/list.bcms_setimes.attrib=ig_mpd=7_thresh=0.4_docnorm=F_tfidf=T.csv
0.18,0.82,0.0,0.0,0.0,0.0,0.0,200,lists/bcms_setimes/list.bcms_setimes.attrib=lime_mpd=12_thresh=0.4_docnorm=F_tfidf=T.csv
0.195,0.795,0.0,0.01,0.01,0.01,0.01,200,lists/bcms_setimes/list.bcms_setimes.attrib=shap_mpd=19_thresh=0.5_docnorm=F_tfidf=T.csv
0.5,0.44,0.0,0.0,0.0,0.0,0.085,200,lists/bcms_setimes/list.bcms_setimes.attrib=lime_mpd=18_thresh=0.4_docnorm=T_tfidf=F.csv
0.525,0.2,0.74,0.91,0.955,0.98,0.995,200,lists/bcms_setimes/list.bcms_setimes.attrib=lime_mpd=5_thresh=0.1_docnorm=T_tfidf=F.csv
0.475,0.49,0.0,0.0,0.0,0.0,0.0,200,lists/bcms_setimes/list.bcms_setimes.attrib=lime_mpd=11_thresh=0.7_docnorm=T_tfidf=F.csv
0.165,0.82,0.0,0.0,0.0,0.0,0.0,200,lists/bcms_setimes/list.bcms_setimes.attrib=ig_mpd=8_thresh=0.4_docnorm=F_tfidf=F.csv
0.195,0.795,0.0,0.01,0.01,0.01,0.01,200,lists/bcms_setimes/list.bcms_setimes.attrib=shap_mpd=4_thresh=0.8_docnorm=F_tfidf=T.csv
0.18,0.82,0.0,0.0,0.0,0.0,0.0,200,lists/bcms_setimes/list.bcms_setimes.attrib=ig_mpd=6_thresh=0.9_docnorm=F_tfidf=T.csv
0.18,0.805,0.0,0.0,0.0,0.0,0.0,200,lists/bcms_setimes/list.bcms_setimes.attrib=ig_mpd=5_thresh=0.8_docnorm=F_tfidf=F.csv
0.15,0.84,0.0,0.01,0.01,0.01,0.01,200,lists/bcms_setimes/list.bcms_setimes.attrib=loo_mpd=3_thresh=0.9_docnorm=F_tfidf=F.csv
0.275,0.435,0.015,0.23,0.285,0.35,0.415,200,lists/bcms_setimes/list.bcms_setimes.attrib=ig_mpd=1_thresh=0.1_docnorm=T_tfidf=T.csv
0.34,0.645,0.0,0.0,0.0,0.0,0.0,200,lists/bcms_setimes/list.bcms_setimes.attrib=lime_mpd=1_thresh=0.9_docnorm=T_tfidf=F.csv
0.19,0.8,0.0,0.01,0.01,0.01,0.01,200,lists/bcms_setimes/list.bcms_setimes.attrib=shap_mpd=9_thresh=0.7_docnorm=F_tfidf=T.csv
0.2,0.8,0.0,0.0,0.0,0.0,0.0,200,lists/bcms_setimes/list.bcms_setimes.attrib=ig_mpd=4_thresh=0.6_docnorm=F_tfidf=T.csv
0.5,0.405,0.0,0.0,0.02,0.23,0.44,200,lists/bcms_setimes/list.bcms_setimes.attrib=lime_mpd=7_thresh=0.3_docnorm=T_tfidf=F.csv
0.165,0.795,0.0,0.035,0.035,0.035,0.035,200,lists/bcms_setimes/list.bcms_setimes.attrib=loo_mpd=11_thresh=0.4_docnorm=F_tfidf=T.csv
0.44,0.495,0.0,0.05,0.05,0.05,0.05,200,lists/bcms_setimes/list.bcms_setimes.attrib=shap_mpd=13_thresh=1.0_docnorm=T_tfidf=F.csv
0.465,0.455,0.0,0.0,0.0,0.0,0.005,200,lists/bcms_setimes/list.bcms_setimes.attrib=lime_mpd=14_thresh=0.5_docnorm=T_tfidf=T.csv
0.2,0.79,0.0,0.0,0.0,0.0,0.0,200,lists/bcms_setimes/list.bcms_setimes.attrib=ig_mpd=13_thresh=0.8_docnorm=F_tfidf=T.csv
0.165,0.795,0.0,0.035,0.035,0.035,0.035,200,lists/bcms_setimes/list.bcms_setimes.attrib=loo_mpd=10_thresh=0.9_docnorm=F_tfidf=T.csv
0.195,0.795,0.0,0.01,0.01,0.01,0.01,200,lists/bcms_setimes/list.bcms_setimes.attrib=shap_mpd=20_thresh=0.3_docnorm=F_tfidf=T.csv
0.275,0.46,0.0,0.13,0.18,0.23,0.29,200,lists/bcms_setimes/list.bcms_setimes.attrib=loo_mpd=2_thresh=0.2_docnorm=T_tfidf=T.csv
0.195,0.795,0.0,0.01,0.01,0.01,0.01,200,lists/bcms_setimes/list.bcms_setimes.attrib=shap_mpd=20_thresh=1.0_docnorm=F_tfidf=T.csv
0.48,0.48,0.0,0.0,0.0,0.0,0.0,200,lists/bcms_setimes/list.bcms_setimes.attrib=lime_mpd=11_thresh=0.8_docnorm=T_tfidf=F.csv
0.57,0.295,0.0,0.07,0.07,0.07,0.07,200,lists/bcms_setimes/list.bcms_setimes.attrib=ig_mpd=19_thresh=0.5_docnorm=T_tfidf=T.csv
0.425,0.41,0.0,0.14,0.14,0.14,0.14,200,lists/bcms_setimes/list.bcms_setimes.attrib=shap_mpd=16_thresh=0.8_docnorm=T_tfidf=T.csv
0.715,0.235,0.0,0.015,0.015,0.015,0.015,200,lists/bcms_setimes/list.bcms_setimes.attrib=ig_mpd=6_thresh=0.5_docnorm=T_tfidf=F.csv
0.2,0.79,0.0,0.0,0.0,0.0,0.0,200,lists/bcms_setimes/list.bcms_setimes.attrib=ig_mpd=12_thresh=0.9_docnorm=F_tfidf=T.csv
0.19,0.81,0.0,0.0,0.0,0.0,0.0,200,lists/bcms_setimes/list.bcms_setimes.attrib=lime_mpd=3_thresh=0.6_docnorm=F_tfidf=T.csv
0.26,0.565,0.0,0.14,0.14,0.14,0.14,200,lists/bcms_setimes/list.bcms_setimes.attrib=loo_mpd=3_thresh=0.5_docnorm=T_tfidf=T.csv
0.415,0.48,0.0,0.01,0.05,0.135,0.2,200,lists/bcms_setimes/list.bcms_setimes.attrib=lime_mpd=1_thresh=0.2_docnorm=T_tfidf=F.csv
0.395,0.4,0.0,0.165,0.165,0.165,0.165,200,lists/bcms_setimes/list.bcms_setimes.attrib=shap_mpd=18_thresh=0.7_docnorm=T_tfidf=T.csv
0.18,0.82,0.0,0.0,0.0,0.0,0.0,200,lists/bcms_setimes/list.bcms_setimes.attrib=shap_mpd=19_thresh=0.9_docnorm=F_tfidf=F.csv
0.145,0.845,0.0,0.01,0.01,0.01,0.01,200,lists/bcms_setimes/list.bcms_setimes.attrib=loo_mpd=9_thresh=0.9_docnorm=F_tfidf=F.csv
0.18,0.82,0.0,0.0,0.0,0.0,0.0,200,lists/bcms_setimes/list.bcms_setimes.attrib=shap_mpd=20_thresh=0.9_docnorm=F_tfidf=F.csv
0.16,0.83,0.0,0.01,0.01,0.01,0.01,200,lists/bcms_setimes/list.bcms_setimes.attrib=loo_mpd=3_thresh=1.0_docnorm=T_tfidf=F.csv
0.31,0.55,0.0,0.085,0.085,0.085,0.085,200,lists/bcms_setimes/list.bcms_setimes.attrib=loo_mpd=4_thresh=0.5_docnorm=T_tfidf=F.csv
0.18,0.82,0.0,0.0,0.0,0.0,0.0,200,lists/bcms_setimes/list.bcms_setimes.attrib=lime_mpd=14_thresh=0.6_docnorm=F_tfidf=F.csv
0.175,0.795,0.0,0.01,0.01,0.01,0.01,200,lists/bcms_setimes/list.bcms_setimes.attrib=ig_mpd=17_thresh=1.0_docnorm=F_tfidf=F.csv
0.37,0.58,0.0,0.0,0.0,0.0,0.0,200,lists/bcms_setimes/list.bcms_setimes.attrib=lime_mpd=2_thresh=0.4_docnorm=T_tfidf=F.csv
0.31,0.435,0.0,0.12,0.12,0.12,0.12,200,lists/bcms_setimes/list.bcms_setimes.attrib=loo_mpd=16_thresh=0.4_docnorm=T_tfidf=T.csv
0.22,0.33,0.41,0.84,0.885,0.93,0.945,200,lists/bcms_setimes/list.bcms_setimes.attrib=ig_mpd=15_thresh=0.1_docnorm=T_tfidf=T.csv
0.185,0.815,0.0,0.0,0.0,0.0,0.0,200,lists/bcms_setimes/list.bcms_setimes.attrib=shap_mpd=5_thresh=0.7_docnorm=F_tfidf=F.csv
0.745,0.23,0.0,0.0,0.0,0.0,0.0,200,lists/bcms_setimes/list.bcms_setimes.attrib=ig_mpd=9_thresh=0.8_docnorm=T_tfidf=F.csv
0.44,0.415,0.0,0.0,0.0,0.0,0.055,200,lists/bcms_setimes/list.bcms_setimes.attrib=lime_mpd=5_thresh=0.4_docnorm=T_tfidf=T.csv
0.145,0.845,0.0,0.01,0.01,0.01,0.01,200,lists/bcms_setimes/list.bcms_setimes.attrib=loo_mpd=13_thresh=0.4_docnorm=F_tfidf=F.csv
0.445,0.48,0.0,0.0,0.0,0.0,0.005,200,lists/bcms_setimes/list.bcms_setimes.attrib=lime_mpd=20_thresh=0.6_docnorm=T_tfidf=T.csv
0.195,0.795,0.0,0.01,0.01,0.01,0.01,200,lists/bcms_setimes/list.bcms_setimes.attrib=shap_mpd=4_thresh=0.3_docnorm=F_tfidf=T.csv
0.145,0.845,0.0,0.01,0.01,0.01,0.01,200,lists/bcms_setimes/list.bcms_setimes.attrib=loo_mpd=4_thresh=0.5_docnorm=F_tfidf=F.csv
0.18,0.82,0.0,0.0,0.0,0.0,0.0,200,lists/bcms_setimes/list.bcms_setimes.attrib=lime_mpd=15_thresh=1.0_docnorm=F_tfidf=F.csv
0.415,0.475,0.0,0.08,0.08,0.08,0.08,200,lists/bcms_setimes/list.bcms_setimes.attrib=shap_mpd=4_thresh=0.9_docnorm=T_tfidf=T.csv
0.185,0.815,0.0,0.0,0.0,0.0,0.0,200,lists/bcms_setimes/list.bcms_setimes.attrib=lime_mpd=5_thresh=0.9_docnorm=F_tfidf=T.csv
0.185,0.8,0.0,0.015,0.015,0.015,0.015,200,lists/bcms_setimes/list.bcms_setimes.attrib=loo_mpd=5_thresh=1.0_docnorm=T_tfidf=F.csv
0.18,0.82,0.0,0.0,0.0,0.0,0.0,200,lists/bcms_setimes/list.bcms_setimes.attrib=shap_mpd=19_thresh=0.2_docnorm=F_tfidf=F.csv
0.175,0.795,0.0,0.01,0.01,0.01,0.01,200,lists/bcms_setimes/list.bcms_setimes.attrib=ig_mpd=16_thresh=1.0_docnorm=F_tfidf=F.csv
0.28,0.17,0.485,0.96,0.98,0.99,1.0,200,lists/bcms_setimes/list.bcms_setimes.attrib=loo_mpd=11_thresh=0.1_docnorm=T_tfidf=F.csv
0.615,0.37,0.0,0.0,0.0,0.0,0.0,200,lists/bcms_setimes/list.bcms_setimes.attrib=ig_mpd=18_thresh=1.0_docnorm=T_tfidf=F.csv
0.16,0.805,0.0,0.035,0.035,0.035,0.035,200,lists/bcms_setimes/list.bcms_setimes.attrib=loo_mpd=12_thresh=0.8_docnorm=F_tfidf=T.csv
0.45,0.505,0.0,0.035,0.035,0.035,0.035,200,lists/bcms_setimes/list.bcms_setimes.attrib=shap_mpd=9_thresh=1.0_docnorm=T_tfidf=F.csv
0.22,0.24,0.35,0.82,0.86,0.91,0.935,200,lists/bcms_setimes/list.bcms_setimes.attrib=shap_mpd=8_thresh=0.1_docnorm=T_tfidf=T.csv
0.18,0.82,0.0,0.0,0.0,0.0,0.0,200,lists/bcms_setimes/list.bcms_setimes.attrib=shap_mpd=18_thresh=0.9_docnorm=F_tfidf=F.csv
0.43,0.545,0.0,0.0,0.0,0.0,0.0,200,lists/bcms_setimes/list.bcms_setimes.attrib=lime_mpd=16_thresh=0.8_docnorm=T_tfidf=T.csv
0.165,0.81,0.0,0.01,0.01,0.01,0.01,200,lists/bcms_setimes/list.bcms_setimes.attrib=ig_mpd=11_thresh=0.5_docnorm=F_tfidf=F.csv
0.495,0.45,0.0,0.0,0.0,0.0,0.005,200,lists/bcms_setimes/list.bcms_setimes.attrib=lime_mpd=12_thresh=0.6_docnorm=T_tfidf=F.csv
0.325,0.61,0.0,0.05,0.05,0.05,0.05,200,lists/bcms_setimes/list.bcms_setimes.attrib=loo_mpd=17_thresh=1.0_docnorm=T_tfidf=T.csv
0.455,0.48,0.0,0.0,0.0,0.0,0.005,200,lists/bcms_setimes/list.bcms_setimes.attrib=lime_mpd=11_thresh=0.6_docnorm=T_tfidf=T.csv
0.195,0.795,0.0,0.01,0.01,0.01,0.01,200,lists/bcms_setimes/list.bcms_setimes.attrib=shap_mpd=20_thresh=0.6_docnorm=F_tfidf=T.csv
0.715,0.265,0.0,0.0,0.0,0.0,0.0,200,lists/bcms_setimes/list.bcms_setimes.attrib=ig_mpd=4_thresh=0.8_docnorm=T_tfidf=F.csv
0.215,0.775,0.0,0.01,0.01,0.01,0.01,200,lists/bcms_setimes/list.bcms_setimes.attrib=shap_mpd=2_thresh=0.4_docnorm=F_tfidf=T.csv
0.315,0.32,0.0,0.355,0.53,0.66,0.76,200,lists/bcms_setimes/list.bcms_setimes.attrib=shap_mpd=20_thresh=0.2_docnorm=T_tfidf=T.csv
0.16,0.805,0.0,0.035,0.035,0.035,0.035,200,lists/bcms_setimes/list.bcms_setimes.attrib=loo_mpd=18_thresh=0.5_docnorm=F_tfidf=T.csv
0.38,0.515,0.0,0.075,0.075,0.075,0.075,200,lists/bcms_setimes/list.bcms_setimes.attrib=loo_mpd=11_thresh=0.8_docnorm=T_tfidf=F.csv
0.445,0.54,0.0,0.0,0.0,0.0,0.0,200,lists/bcms_setimes/list.bcms_setimes.attrib=lime_mpd=10_thresh=0.9_docnorm=T_tfidf=T.csv
0.18,0.82,0.0,0.0,0.0,0.0,0.0,200,lists/bcms_setimes/list.bcms_setimes.attrib=lime_mpd=10_thresh=0.1_docnorm=F_tfidf=F.csv
0.145,0.845,0.0,0.01,0.01,0.01,0.01,200,lists/bcms_setimes/list.bcms_setimes.attrib=loo_mpd=5_thresh=0.9_docnorm=F_tfidf=F.csv
0.16,0.805,0.0,0.035,0.035,0.035,0.035,200,lists/bcms_setimes/list.bcms_setimes.attrib=loo_mpd=12_thresh=0.2_docnorm=F_tfidf=T.csv
0.165,0.795,0.0,0.035,0.035,0.035,0.035,200,lists/bcms_setimes/list.bcms_setimes.attrib=loo_mpd=10_thresh=0.4_docnorm=F_tfidf=T.csv
0.31,0.485,0.0,0.15,0.15,0.15,0.15,200,lists/bcms_setimes/list.bcms_setimes.attrib=loo_mpd=12_thresh=0.6_docnorm=T_tfidf=T.csv
0.605,0.29,0.0,0.055,0.21,0.37,0.475,200,lists/bcms_setimes/list.bcms_setimes.attrib=ig_mpd=11_thresh=0.2_docnorm=T_tfidf=F.csv
0.41,0.46,0.0,0.1,0.1,0.1,0.1,200,lists/bcms_setimes/list.bcms_setimes.attrib=shap_mpd=3_thresh=0.8_docnorm=T_tfidf=T.csv
0.19,0.8,0.0,0.01,0.01,0.01,0.01,200,lists/bcms_setimes/list.bcms_setimes.attrib=shap_mpd=5_thresh=0.6_docnorm=F_tfidf=T.csv
0.3,0.585,0.0,0.09,0.09,0.09,0.09,200,lists/bcms_setimes/list.bcms_setimes.attrib=loo_mpd=12_thresh=0.9_docnorm=T_tfidf=T.csv
0.61,0.35,0.0,0.02,0.02,0.02,0.02,200,lists/bcms_setimes/list.bcms_setimes.attrib=ig_mpd=6_thresh=0.8_docnorm=T_tfidf=T.csv
0.145,0.845,0.0,0.01,0.01,0.01,0.01,200,lists/bcms_setimes/list.bcms_setimes.attrib=loo_mpd=18_thresh=1.0_docnorm=F_tfidf=F.csv
0.18,0.82,0.0,0.0,0.0,0.0,0.0,200,lists/bcms_setimes/list.bcms_setimes.attrib=lime_mpd=11_thresh=0.3_docnorm=F_tfidf=T.csv
0.18,0.82,0.0,0.0,0.0,0.0,0.0,200,lists/bcms_setimes/list.bcms_setimes.attrib=lime_mpd=5_thresh=1.0_docnorm=F_tfidf=F.csv
0.43,0.435,0.0,0.11,0.11,0.11,0.11,200,lists/bcms_setimes/list.bcms_setimes.attrib=shap_mpd=10_thresh=0.9_docnorm=T_tfidf=T.csv
0.24183006535947713,0.7516339869281046,0.0,0.0,0.0,0.0,0.0,153,lists/bcms_setimes/list.bcms_setimes.attrib=ig_mpd=1_thresh=1.0_docnorm=F_tfidf=T.csv
0.17,0.83,0.0,0.0,0.0,0.0,0.0,200,lists/bcms_setimes/list.bcms_setimes.attrib=shap_mpd=13_thresh=1.0_docnorm=F_tfidf=F.csv
0.175,0.825,0.0,0.0,0.0,0.0,0.0,200,lists/bcms_setimes/list.bcms_setimes.attrib=shap_mpd=8_thresh=0.9_docnorm=F_tfidf=F.csv
0.18,0.82,0.0,0.0,0.0,0.0,0.0,200,lists/bcms_setimes/list.bcms_setimes.attrib=lime_mpd=8_thresh=0.7_docnorm=F_tfidf=T.csv
0.185,0.815,0.0,0.0,0.0,0.0,0.0,200,lists/bcms_setimes/list.bcms_setimes.attrib=lime_mpd=20_thresh=0.1_docnorm=F_tfidf=T.csv
0.295,0.43,0.0,0.165,0.17,0.25,0.315,200,lists/bcms_setimes/list.bcms_setimes.attrib=ig_mpd=2_thresh=0.2_docnorm=T_tfidf=T.csv
0.48,0.49,0.0,0.0,0.0,0.0,0.0,200,lists/bcms_setimes/list.bcms_setimes.attrib=lime_mpd=9_thresh=0.7_docnorm=T_tfidf=F.csv
0.165,0.795,0.0,0.035,0.035,0.035,0.035,200,lists/bcms_setimes/list.bcms_setimes.attrib=loo_mpd=10_thresh=0.1_docnorm=F_tfidf=T.csv
0.665,0.265,0.0,0.045,0.045,0.045,0.045,200,lists/bcms_setimes/list.bcms_setimes.attrib=ig_mpd=20_thresh=0.7_docnorm=T_tfidf=T.csv
0.18,0.82,0.0,0.0,0.0,0.0,0.0,200,lists/bcms_setimes/list.bcms_setimes.attrib=lime_mpd=9_thresh=0.9_docnorm=F_tfidf=F.csv
0.18,0.82,0.0,0.0,0.0,0.0,0.0,200,lists/bcms_setimes/list.bcms_setimes.attrib=shap_mpd=16_thresh=0.1_docnorm=F_tfidf=F.csv
0.455,0.445,0.0,0.0,0.0,0.0,0.005,200,lists/bcms_setimes/list.bcms_setimes.attrib=lime_mpd=6_thresh=0.5_docnorm=T_tfidf=T.csv
0.505,0.435,0.0,0.0,0.0,0.0,0.08,200,lists/bcms_setimes/list.bcms_setimes.attrib=lime_mpd=17_thresh=0.4_docnorm=T_tfidf=F.csv
0.185,0.775,0.0,0.035,0.035,0.035,0.035,200,lists/bcms_setimes/list.bcms_setimes.attrib=loo_mpd=2_thresh=0.4_docnorm=F_tfidf=T.csv
0.685,0.26,0.0,0.03,0.03,0.03,0.03,200,lists/bcms_setimes/list.bcms_setimes.attrib=ig_mpd=15_thresh=0.7_docnorm=T_tfidf=T.csv
0.45,0.47,0.0,0.06,0.06,0.06,0.06,200,lists/bcms_setimes/list.bcms_setimes.attrib=shap_mpd=5_thresh=0.9_docnorm=T_tfidf=F.csv
0.18,0.82,0.0,0.0,0.0,0.0,0.0,200,lists/bcms_setimes/list.bcms_setimes.attrib=shap_mpd=19_thresh=0.8_docnorm=F_tfidf=F.csv
0.41,0.385,0.0,0.11,0.11,0.11,0.155,200,lists/bcms_setimes/list.bcms_setimes.attrib=ig_mpd=3_thresh=0.3_docnorm=T_tfidf=T.csv
0.145,0.845,0.0,0.01,0.01,0.01,0.01,200,lists/bcms_setimes/list.bcms_setimes.attrib=loo_mpd=13_thresh=0.2_docnorm=F_tfidf=F.csv
0.18,0.82,0.0,0.0,0.0,0.0,0.0,200,lists/bcms_setimes/list.bcms_setimes.attrib=lime_mpd=12_thresh=1.0_docnorm=F_tfidf=T.csv
0.49,0.47,0.0,0.0,0.0,0.0,0.0,200,lists/bcms_setimes/list.bcms_setimes.attrib=lime_mpd=19_thresh=0.8_docnorm=T_tfidf=F.csv
0.455,0.5,0.0,0.0,0.0,0.0,0.0,200,lists/bcms_setimes/list.bcms_setimes.attrib=lime_mpd=6_thresh=0.7_docnorm=T_tfidf=F.csv
0.305,0.36,0.0,0.19,0.245,0.35,0.435,200,lists/bcms_setimes/list.bcms_setimes.attrib=shap_mpd=2_thresh=0.2_docnorm=T_tfidf=T.csv
0.19,0.8,0.0,0.01,0.01,0.01,0.01,200,lists/bcms_setimes/list.bcms_setimes.attrib=shap_mpd=10_thresh=0.6_docnorm=F_tfidf=T.csv
0.455,0.53,0.0,0.0,0.0,0.0,0.0,200,lists/bcms_setimes/list.bcms_setimes.attrib=lime_mpd=15_thresh=0.9_docnorm=T_tfidf=T.csv
0.22,0.775,0.0,0.005,0.005,0.005,0.005,200,lists/bcms_setimes/list.bcms_setimes.attrib=shap_mpd=1_thresh=0.9_docnorm=F_tfidf=F.csv
0.67,0.275,0.0,0.01,0.01,0.01,0.01,200,lists/bcms_setimes/list.bcms_setimes.attrib=ig_mpd=2_thresh=0.4_docnorm=T_tfidf=F.csv
0.735,0.225,0.0,0.005,0.005,0.005,0.005,200,lists/bcms_setimes/list.bcms_setimes.attrib=ig_mpd=16_thresh=0.8_docnorm=T_tfidf=F.csv
0.44,0.395,0.0,0.105,0.105,0.105,0.145,200,lists/bcms_setimes/list.bcms_setimes.attrib=shap_mpd=5_thresh=0.4_docnorm=T_tfidf=F.csv
0.425,0.53,0.0,0.0,0.0,0.0,0.0,200,lists/bcms_setimes/list.bcms_setimes.attrib=lime_mpd=5_thresh=0.8_docnorm=T_tfidf=F.csv
0.18,0.82,0.0,0.0,0.0,0.0,0.0,200,lists/bcms_setimes/list.bcms_setimes.attrib=lime_mpd=11_thresh=0.8_docnorm=F_tfidf=T.csv
0.695,0.25,0.0,0.015,0.015,0.015,0.015,200,lists/bcms_setimes/list.bcms_setimes.attrib=ig_mpd=8_thresh=0.5_docnorm=T_tfidf=F.csv
0.375,0.495,0.0,0.09,0.09,0.09,0.09,200,lists/bcms_setimes/list.bcms_setimes.attrib=loo_mpd=9_thresh=0.7_docnorm=T_tfidf=F.csv
0.405,0.385,0.0,0.17,0.17,0.17,0.17,200,lists/bcms_setimes/list.bcms_setimes.attrib=shap_mpd=13_thresh=0.6_docnorm=T_tfidf=T.csv
0.16,0.805,0.0,0.035,0.035,0.035,0.035,200,lists/bcms_setimes/list.bcms_setimes.attrib=loo_mpd=20_thresh=0.1_docnorm=F_tfidf=T.csv
0.285,0.47,0.0,0.13,0.13,0.13,0.13,200,lists/bcms_setimes/list.bcms_setimes.attrib=loo_mpd=4_thresh=0.4_docnorm=T_tfidf=T.csv
0.44,0.285,0.56,0.805,0.89,0.94,0.975,200,lists/bcms_setimes/list.bcms_setimes.attrib=lime_mpd=15_thresh=0.1_docnorm=T_tfidf=T.csv
0.145,0.845,0.0,0.01,0.01,0.01,0.01,200,lists/bcms_setimes/list.bcms_setimes.attrib=loo_mpd=15_thresh=0.9_docnorm=F_tfidf=F.csv
0.17,0.83,0.0,0.0,0.0,0.0,0.0,200,lists/bcms_setimes/list.bcms_setimes.attrib=shap_mpd=9_thresh=0.6_docnorm=F_tfidf=F.csv
0.735,0.22,0.0,0.005,0.005,0.005,0.005,200,lists/bcms_setimes/list.bcms_setimes.attrib=ig_mpd=7_thresh=0.6_docnorm=T_tfidf=F.csv
0.145,0.845,0.0,0.01,0.01,0.01,0.01,200,lists/bcms_setimes/list.bcms_setimes.attrib=loo_mpd=19_thresh=1.0_docnorm=F_tfidf=F.csv
0.54,0.275,0.0,0.085,0.085,0.085,0.14,200,lists/bcms_setimes/list.bcms_setimes.attrib=ig_mpd=19_thresh=0.4_docnorm=T_tfidf=T.csv
0.175,0.825,0.0,0.0,0.0,0.0,0.0,200,lists/bcms_setimes/list.bcms_setimes.attrib=shap_mpd=14_thresh=0.6_docnorm=F_tfidf=F.csv
0.305,0.46,0.0,0.14,0.14,0.14,0.14,200,lists/bcms_setimes/list.bcms_setimes.attrib=loo_mpd=12_thresh=0.5_docnorm=T_tfidf=T.csv
0.38,0.495,0.0,0.09,0.09,0.09,0.09,200,lists/bcms_setimes/list.bcms_setimes.attrib=loo_mpd=10_thresh=0.7_docnorm=T_tfidf=F.csv
0.16,0.8,0.0,0.035,0.035,0.035,0.035,200,lists/bcms_setimes/list.bcms_setimes.attrib=loo_mpd=9_thresh=0.6_docnorm=F_tfidf=T.csv
0.43,0.3,0.55,0.8,0.88,0.93,0.965,200,lists/bcms_setimes/list.bcms_setimes.attrib=lime_mpd=9_thresh=0.1_docnorm=T_tfidf=T.csv
0.53,0.185,0.775,0.935,0.975,0.99,0.995,200,lists/bcms_setimes/list.bcms_setimes.attrib=lime_mpd=16_thresh=0.1_docnorm=T_tfidf=F.csv
0.425,0.395,0.0,0.115,0.135,0.19,0.23,200,lists/bcms_setimes/list.bcms_setimes.attrib=shap_mpd=1_thresh=0.2_docnorm=T_tfidf=F.csv
0.195,0.805,0.0,0.0,0.0,0.0,0.0,200,lists/bcms_setimes/list.bcms_setimes.attrib=shap_mpd=4_thresh=0.7_docnorm=F_tfidf=F.csv
0.29,0.49,0.0,0.15,0.15,0.15,0.15,200,lists/bcms_setimes/list.bcms_setimes.attrib=loo_mpd=6_thresh=0.5_docnorm=T_tfidf=T.csv
0.34,0.335,0.0,0.175,0.175,0.24,0.33,200,lists/bcms_setimes/list.bcms_setimes.attrib=shap_mpd=4_thresh=0.3_docnorm=T_tfidf=T.csv
0.145,0.845,0.0,0.01,0.01,0.01,0.01,200,lists/bcms_setimes/list.bcms_setimes.attrib=loo_mpd=20_thresh=0.3_docnorm=F_tfidf=F.csv
0.33,0.39,0.0,0.14,0.14,0.255,0.38,200,lists/bcms_setimes/list.bcms_setimes.attrib=loo_mpd=20_thresh=0.3_docnorm=T_tfidf=T.csv
0.27,0.17,0.51,0.975,0.98,0.99,1.0,200,lists/bcms_setimes/list.bcms_setimes.attrib=loo_mpd=16_thresh=0.1_docnorm=T_tfidf=F.csv
0.255,0.21,0.39,0.875,0.905,0.95,0.97,200,lists/bcms_setimes/list.bcms_setimes.attrib=shap_mpd=18_thresh=0.1_docnorm=T_tfidf=T.csv
0.22,0.775,0.0,0.005,0.005,0.005,0.005,200,lists/bcms_setimes/list.bcms_setimes.attrib=shap_mpd=1_thresh=0.7_docnorm=F_tfidf=F.csv
0.165,0.825,0.0,0.01,0.01,0.01,0.01,200,lists/bcms_setimes/list.bcms_setimes.attrib=loo_mpd=9_thresh=1.0_docnorm=F_tfidf=T.csv
0.355,0.64,0.0,0.0,0.0,0.0,0.0,200,lists/bcms_setimes/list.bcms_setimes.attrib=lime_mpd=1_thresh=1.0_docnorm=T_tfidf=T.csv
0.18,0.82,0.0,0.0,0.0,0.0,0.0,200,lists/bcms_setimes/list.bcms_setimes.attrib=ig_mpd=7_thresh=1.0_docnorm=F_tfidf=T.csv
0.33,0.12,0.52,0.975,0.99,1.0,1.0,200,lists/bcms_setimes/list.bcms_setimes.attrib=shap_mpd=17_thresh=0.1_docnorm=T_tfidf=F.csv
0.485,0.48,0.0,0.015,0.015,0.015,0.015,200,lists/bcms_setimes/list.bcms_setimes.attrib=ig_mpd=1_thresh=0.8_docnorm=T_tfidf=T.csv
0.17,0.82,0.0,0.01,0.01,0.01,0.01,200,lists/bcms_setimes/list.bcms_setimes.attrib=loo_mpd=2_thresh=0.4_docnorm=F_tfidf=F.csv
0.33,0.55,0.0,0.095,0.095,0.095,0.095,200,lists/bcms_setimes/list.bcms_setimes.attrib=loo_mpd=11_thresh=0.9_docnorm=T_tfidf=T.csv
0.145,0.845,0.0,0.01,0.01,0.01,0.01,200,lists/bcms_setimes/list.bcms_setimes.attrib=loo_mpd=18_thresh=0.5_docnorm=F_tfidf=F.csv
0.47,0.515,0.0,0.0,0.0,0.0,0.0,200,lists/bcms_setimes/list.bcms_setimes.attrib=lime_mpd=13_thresh=0.9_docnorm=T_tfidf=F.csv
0.15,0.84,0.0,0.01,0.01,0.01,0.01,200,lists/bcms_setimes/list.bcms_setimes.attrib=loo_mpd=3_thresh=0.7_docnorm=F_tfidf=F.csv
0.49,0.47,0.0,0.0,0.0,0.0,0.0,200,lists/bcms_setimes/list.bcms_setimes.attrib=lime_mpd=15_thresh=0.8_docnorm=T_tfidf=F.csv
0.53,0.185,0.775,0.935,0.975,0.99,0.995,200,lists/bcms_setimes/list.bcms_setimes.attrib=lime_mpd=17_thresh=0.1_docnorm=T_tfidf=F.csv
0.18,0.82,0.0,0.0,0.0,0.0,0.0,200,lists/bcms_setimes/list.bcms_setimes.attrib=lime_mpd=15_thresh=0.5_docnorm=F_tfidf=F.csv
0.175,0.825,0.0,0.0,0.0,0.0,0.0,200,lists/bcms_setimes/list.bcms_setimes.attrib=lime_mpd=11_thresh=0.4_docnorm=F_tfidf=F.csv
0.18,0.82,0.0,0.0,0.0,0.0,0.0,200,lists/bcms_setimes/list.bcms_setimes.attrib=lime_mpd=5_thresh=0.7_docnorm=F_tfidf=F.csv
0.565,0.395,0.0,0.015,0.015,0.015,0.015,200,lists/bcms_setimes/list.bcms_setimes.attrib=ig_mpd=14_thresh=1.0_docnorm=T_tfidf=T.csv
0.17,0.83,0.0,0.0,0.0,0.0,0.0,200,lists/bcms_setimes/list.bcms_setimes.attrib=shap_mpd=11_thresh=0.9_docnorm=F_tfidf=F.csv
0.19,0.8,0.0,0.01,0.01,0.01,0.01,200,lists/bcms_setimes/list.bcms_setimes.attrib=shap_mpd=11_thresh=0.4_docnorm=F_tfidf=T.csv
0.19,0.8,0.0,0.01,0.01,0.01,0.01,200,lists/bcms_setimes/list.bcms_setimes.attrib=shap_mpd=5_thresh=0.5_docnorm=F_tfidf=T.csv
0.16,0.805,0.0,0.035,0.035,0.035,0.035,200,lists/bcms_setimes/list.bcms_setimes.attrib=loo_mpd=19_thresh=0.9_docnorm=F_tfidf=T.csv
0.36,0.555,0.0,0.0,0.0,0.0,0.005,200,lists/bcms_setimes/list.bcms_setimes.attrib=lime_mpd=3_thresh=0.5_docnorm=T_tfidf=T.csv
0.18,0.82,0.0,0.0,0.0,0.0,0.0,200,lists/bcms_setimes/list.bcms_setimes.attrib=lime_mpd=14_thresh=0.8_docnorm=F_tfidf=T.csv
0.595,0.38,0.0,0.0,0.0,0.0,0.0,200,lists/bcms_setimes/list.bcms_setimes.attrib=ig_mpd=1_thresh=0.7_docnorm=T_tfidf=F.csv
0.24,0.745,0.0,0.015,0.015,0.015,0.015,200,lists/bcms_setimes/list.bcms_setimes.attrib=shap_mpd=1_thresh=0.7_docnorm=F_tfidf=T.csv
0.39,0.25,0.215,0.58,0.69,0.8,0.88,200,lists/bcms_setimes/list.bcms_setimes.attrib=ig_mpd=6_thresh=0.1_docnorm=T_tfidf=F.csv
0.215,0.775,0.0,0.0,0.0,0.0,0.0,200,lists/bcms_setimes/list.bcms_setimes.attrib=ig_mpd=15_thresh=0.2_docnorm=F_tfidf=T.csv
0.175,0.785,0.0,0.035,0.035,0.035,0.035,200,lists/bcms_setimes/list.bcms_setimes.attrib=loo_mpd=4_thresh=0.1_docnorm=F_tfidf=T.csv
0.615,0.305,0.0,0.055,0.055,0.055,0.055,200,lists/bcms_setimes/list.bcms_setimes.attrib=ig_mpd=4_thresh=0.7_docnorm=T_tfidf=T.csv
0.595,0.36,0.0,0.02,0.02,0.02,0.02,200,lists/bcms_setimes/list.bcms_setimes.attrib=ig_mpd=5_thresh=0.9_docnorm=T_tfidf=T.csv
0.2,0.79,0.0,0.01,0.01,0.01,0.01,200,lists/bcms_setimes/list.bcms_setimes.attrib=shap_mpd=13_thresh=1.0_docnorm=F_tfidf=T.csv
0.2689655172413793,0.7241379310344828,0.0,0.0,0.0,0.0,0.0,145,lists/bcms_setimes/list.bcms_setimes.attrib=ig_mpd=1_thresh=1.0_docnorm=T_tfidf=F.csv
0.145,0.845,0.0,0.01,0.01,0.01,0.01,200,lists/bcms_setimes/list.bcms_setimes.attrib=loo_mpd=15_thresh=0.5_docnorm=F_tfidf=F.csv
0.33,0.315,0.0,0.345,0.525,0.655,0.755,200,lists/bcms_setimes/list.bcms_setimes.attrib=shap_mpd=17_thresh=0.2_docnorm=T_tfidf=T.csv
0.2,0.8,0.0,0.0,0.0,0.0,0.0,200,lists/bcms_setimes/list.bcms_setimes.attrib=lime_mpd=3_thresh=0.6_docnorm=F_tfidf=F.csv
0.36,0.505,0.0,0.1,0.1,0.1,0.1,200,lists/bcms_setimes/list.bcms_setimes.attrib=shap_mpd=1_thresh=0.5_docnorm=T_tfidf=T.csv
0.39,0.395,0.0,0.175,0.175,0.175,0.175,200,lists/bcms_setimes/list.bcms_setimes.attrib=shap_mpd=19_thresh=0.6_docnorm=T_tfidf=T.csv
0.17,0.83,0.0,0.0,0.0,0.0,0.0,200,lists/bcms_setimes/list.bcms_setimes.attrib=shap_mpd=11_thresh=0.1_docnorm=F_tfidf=F.csv
0.605,0.315,0.0,0.045,0.045,0.045,0.045,200,lists/bcms_setimes/list.bcms_setimes.attrib=ig_mpd=5_thresh=0.6_docnorm=T_tfidf=T.csv
0.18,0.82,0.0,0.0,0.0,0.0,0.0,200,lists/bcms_setimes/list.bcms_setimes.attrib=shap_mpd=20_thresh=0.2_docnorm=F_tfidf=F.csv
0.38,0.6,0.0,0.0,0.0,0.0,0.0,200,lists/bcms_setimes/list.bcms_setimes.attrib=lime_mpd=3_thresh=1.0_docnorm=T_tfidf=T.csv
0.425,0.275,0.0,0.325,0.58,0.755,0.855,200,lists/bcms_setimes/list.bcms_setimes.attrib=shap_mpd=10_thresh=0.2_docnorm=T_tfidf=F.csv
0.19,0.795,0.0,0.0,0.0,0.0,0.0,200,lists/bcms_setimes/list.bcms_setimes.attrib=ig_mpd=4_thresh=1.0_docnorm=F_tfidf=F.csv
0.185,0.815,0.0,0.0,0.0,0.0,0.0,200,lists/bcms_setimes/list.bcms_setimes.attrib=lime_mpd=4_thresh=0.3_docnorm=F_tfidf=T.csv
0.515,0.34,0.0,0.105,0.37,0.585,0.675,200,lists/bcms_setimes/list.bcms_setimes.attrib=lime_mpd=4_thresh=0.2_docnorm=T_tfidf=F.csv
0.17,0.83,0.0,0.0,0.0,0.0,0.0,200,lists/bcms_setimes/list.bcms_setimes.attrib=shap_mpd=13_thresh=0.6_docnorm=F_tfidf=F.csv
0.245,0.74,0.0,0.0,0.0,0.0,0.0,200,lists/bcms_setimes/list.bcms_setimes.attrib=ig_mpd=1_thresh=0.6_docnorm=F_tfidf=F.csv
0.34,0.425,0.0,0.155,0.155,0.155,0.155,200,lists/bcms_setimes/list.bcms_setimes.attrib=shap_mpd=5_thresh=0.5_docnorm=T_tfidf=T.csv
0.25,0.725,0.0,0.02,0.02,0.02,0.02,200,lists/bcms_setimes/list.bcms_setimes.attrib=loo_mpd=7_thresh=1.0_docnorm=T_tfidf=F.csv
0.145,0.845,0.0,0.01,0.01,0.01,0.01,200,lists/bcms_setimes/list.bcms_setimes.attrib=loo_mpd=13_thresh=0.3_docnorm=F_tfidf=F.csv
0.755,0.205,0.0,0.005,0.005,0.005,0.005,200,lists/bcms_setimes/list.bcms_setimes.attrib=ig_mpd=13_thresh=0.7_docnorm=T_tfidf=F.csv
0.195,0.805,0.0,0.0,0.0,0.0,0.0,200,lists/bcms_setimes/list.bcms_setimes.attrib=shap_mpd=4_thresh=1.0_docnorm=F_tfidf=F.csv
0.475,0.485,0.0,0.02,0.02,0.02,0.02,200,lists/bcms_setimes/list.bcms_setimes.attrib=ig_mpd=2_thresh=0.9_docnorm=T_tfidf=T.csv
0.275,0.165,0.51,0.975,0.98,0.99,1.0,200,lists/bcms_setimes/list.bcms_setimes.attrib=loo_mpd=15_thresh=0.1_docnorm=T_tfidf=F.csv
0.18,0.82,0.0,0.0,0.0,0.0,0.0,200,lists/bcms_setimes/list.bcms_setimes.attrib=lime_mpd=17_thresh=0.3_docnorm=F_tfidf=F.csv
0.235,0.265,0.315,0.765,0.82,0.885,0.91,200,lists/bcms_setimes/list.bcms_setimes.attrib=shap_mpd=4_thresh=0.1_docnorm=T_tfidf=T.csv
0.2,0.79,0.0,0.01,0.01,0.01,0.01,200,lists/bcms_setimes/list.bcms_setimes.attrib=shap_mpd=14_thresh=0.8_docnorm=F_tfidf=T.csv
0.275,0.17,0.49,0.97,0.98,0.99,1.0,200,lists/bcms_setimes/list.bcms_setimes.attrib=loo_mpd=12_thresh=0.1_docnorm=T_tfidf=F.csv
0.45,0.43,0.0,0.0,0.0,0.0,0.065,200,lists/bcms_setimes/list.bcms_setimes.attrib=lime_mpd=8_thresh=0.4_docnorm=T_tfidf=T.csv
0.18,0.82,0.0,0.0,0.0,0.0,0.0,200,lists/bcms_setimes/list.bcms_setimes.attrib=lime_mpd=17_thresh=0.4_docnorm=F_tfidf=F.csv
0.445,0.545,0.0,0.0,0.0,0.0,0.0,200,lists/bcms_setimes/list.bcms_setimes.attrib=lime_mpd=20_thresh=0.9_docnorm=T_tfidf=T.csv
0.32,0.37,0.0,0.19,0.38,0.545,0.67,200,lists/bcms_setimes/list.bcms_setimes.attrib=loo_mpd=18_thresh=0.2_docnorm=T_tfidf=T.csv
0.175,0.795,0.0,0.01,0.01,0.01,0.01,200,lists/bcms_setimes/list.bcms_setimes.attrib=ig_mpd=17_thresh=0.6_docnorm=F_tfidf=F.csv
0.19,0.8,0.0,0.01,0.01,0.01,0.01,200,lists/bcms_setimes/list.bcms_setimes.attrib=shap_mpd=7_thresh=0.1_docnorm=F_tfidf=T.csv
0.165,0.81,0.0,0.01,0.01,0.01,0.01,200,lists/bcms_setimes/list.bcms_setimes.attrib=ig_mpd=11_thresh=0.2_docnorm=F_tfidf=F.csv
0.51,0.4,0.0,0.0,0.025,0.23,0.435,200,lists/bcms_setimes/list.bcms_setimes.attrib=lime_mpd=16_thresh=0.3_docnorm=T_tfidf=F.csv
0.225,0.36,0.31,0.725,0.78,0.865,0.895,200,lists/bcms_setimes/list.bcms_setimes.attrib=ig_mpd=7_thresh=0.1_docnorm=T_tfidf=T.csv
0.16,0.8,0.0,0.035,0.035,0.035,0.035,200,lists/bcms_setimes/list.bcms_setimes.attrib=loo_mpd=6_thresh=0.8_docnorm=F_tfidf=T.csv
0.42,0.275,0.0,0.335,0.605,0.77,0.86,200,lists/bcms_setimes/list.bcms_setimes.attrib=shap_mpd=12_thresh=0.2_docnorm=T_tfidf=F.csv
0.235,0.765,0.0,0.0,0.0,0.0,0.0,200,lists/bcms_setimes/list.bcms_setimes.attrib=lime_mpd=1_thresh=0.7_docnorm=F_tfidf=F.csv
0.42,0.435,0.0,0.08,0.08,0.095,0.125,200,lists/bcms_setimes/list.bcms_setimes.attrib=loo_mpd=5_thresh=0.3_docnorm=T_tfidf=F.csv
0.45,0.31,0.0,0.2,0.44,0.635,0.765,200,lists/bcms_setimes/list.bcms_setimes.attrib=shap_mpd=5_thresh=0.2_docnorm=T_tfidf=F.csv
0.755,0.215,0.0,0.0,0.0,0.0,0.0,200,lists/bcms_setimes/list.bcms_setimes.attrib=ig_mpd=7_thresh=0.7_docnorm=T_tfidf=F.csv
0.28,0.185,0.375,0.875,0.92,0.945,0.96,200,lists/bcms_setimes/list.bcms_setimes.attrib=loo_mpd=2_thresh=0.1_docnorm=T_tfidf=F.csv
0.425,0.38,0.0,0.165,0.385,0.565,0.67,200,lists/bcms_setimes/list.bcms_setimes.attrib=lime_mpd=18_thresh=0.2_docnorm=T_tfidf=T.csv
0.355,0.5,0.0,0.11,0.11,0.11,0.11,200,lists/bcms_setimes/list.bcms_setimes.attrib=loo_mpd=9_thresh=0.6_docnorm=T_tfidf=F.csv
0.195,0.795,0.0,0.01,0.01,0.01,0.01,200,lists/bcms_setimes/list.bcms_setimes.attrib=shap_mpd=16_thresh=0.2_docnorm=F_tfidf=T.csv
0.495,0.465,0.0,0.0,0.0,0.0,0.0,200,lists/bcms_setimes/list.bcms_setimes.attrib=lime_mpd=17_thresh=0.8_docnorm=T_tfidf=F.csv
0.16,0.805,0.0,0.035,0.035,0.035,0.035,200,lists/bcms_setimes/list.bcms_setimes.attrib=loo_mpd=13_thresh=0.7_docnorm=F_tfidf=T.csv
0.69,0.23,0.0,0.03,0.03,0.065,0.145,200,lists/bcms_setimes/list.bcms_setimes.attrib=ig_mpd=7_thresh=0.3_docnorm=T_tfidf=F.csv
0.18,0.82,0.0,0.0,0.0,0.0,0.0,200,lists/bcms_setimes/list.bcms_setimes.attrib=shap_mpd=19_thresh=0.5_docnorm=F_tfidf=F.csv
0.705,0.22,0.0,0.035,0.035,0.035,0.07,200,lists/bcms_setimes/list.bcms_setimes.attrib=ig_mpd=20_thresh=0.4_docnorm=T_tfidf=F.csv
0.18,0.82,0.0,0.0,0.0,0.0,0.0,200,lists/bcms_setimes/list.bcms_setimes.attrib=lime_mpd=17_thresh=0.2_docnorm=F_tfidf=F.csv
0.21,0.79,0.0,0.0,0.0,0.0,0.0,200,lists/bcms_setimes/list.bcms_setimes.attrib=lime_mpd=2_thresh=0.7_docnorm=F_tfidf=F.csv
0.175,0.795,0.0,0.01,0.01,0.01,0.01,200,lists/bcms_setimes/list.bcms_setimes.attrib=ig_mpd=17_thresh=0.7_docnorm=F_tfidf=F.csv
0.195,0.795,0.0,0.01,0.01,0.01,0.01,200,lists/bcms_setimes/list.bcms_setimes.attrib=shap_mpd=12_thresh=0.2_docnorm=F_tfidf=T.csv
0.36,0.39,0.0,0.175,0.175,0.175,0.175,200,lists/bcms_setimes/list.bcms_setimes.attrib=shap_mpd=12_thresh=0.5_docnorm=T_tfidf=T.csv
0.48,0.365,0.0,0.13,0.13,0.13,0.13,200,lists/bcms_setimes/list.bcms_setimes.attrib=shap_mpd=11_thresh=0.6_docnorm=T_tfidf=F.csv
0.27,0.5,0.0,0.11,0.11,0.125,0.14,200,lists/bcms_setimes/list.bcms_setimes.attrib=loo_mpd=3_thresh=0.3_docnorm=T_tfidf=T.csv
0.16,0.805,0.0,0.035,0.035,0.035,0.035,200,lists/bcms_setimes/list.bcms_setimes.attrib=loo_mpd=19_thresh=0.5_docnorm=F_tfidf=T.csv
0.16,0.8,0.0,0.035,0.035,0.035,0.035,200,lists/bcms_setimes/list.bcms_setimes.attrib=loo_mpd=8_thresh=0.7_docnorm=F_tfidf=T.csv
0.18,0.82,0.0,0.0,0.0,0.0,0.0,200,lists/bcms_setimes/list.bcms_setimes.attrib=lime_mpd=16_thresh=0.8_docnorm=F_tfidf=F.csv
0.58,0.405,0.0,0.0,0.0,0.0,0.0,200,lists/bcms_setimes/list.bcms_setimes.attrib=ig_mpd=13_thresh=1.0_docnorm=T_tfidf=F.csv
0.145,0.845,0.0,0.01,0.01,0.01,0.01,200,lists/bcms_setimes/list.bcms_setimes.attrib=loo_mpd=17_thresh=0.5_docnorm=F_tfidf=F.csv
0.445,0.48,0.0,0.0,0.0,0.0,0.005,200,lists/bcms_setimes/list.bcms_setimes.attrib=lime_mpd=19_thresh=0.6_docnorm=T_tfidf=T.csv
0.18,0.82,0.0,0.0,0.0,0.0,0.0,200,lists/bcms_setimes/list.bcms_setimes.attrib=lime_mpd=12_thresh=0.5_docnorm=F_tfidf=F.csv
0.165,0.82,0.0,0.0,0.0,0.0,0.0,200,lists/bcms_setimes/list.bcms_setimes.attrib=ig_mpd=8_thresh=0.3_docnorm=F_tfidf=F.csv
0.145,0.845,0.0,0.01,0.01,0.01,0.01,200,lists/bcms_setimes/list.bcms_setimes.attrib=loo_mpd=4_thresh=0.4_docnorm=F_tfidf=F.csv
0.4,0.475,0.0,0.085,0.085,0.085,0.085,200,lists/bcms_setimes/list.bcms_setimes.attrib=loo_mpd=15_thresh=0.8_docnorm=T_tfidf=F.csv
0.36,0.37,0.0,0.155,0.155,0.3,0.435,200,lists/bcms_setimes/list.bcms_setimes.attrib=shap_mpd=9_thresh=0.3_docnorm=T_tfidf=T.csv
0.74,0.235,0.0,0.0,0.0,0.0,0.0,200,lists/bcms_setimes/list.bcms_setimes.attrib=ig_mpd=7_thresh=0.8_docnorm=T_tfidf=F.csv
0.475,0.31,0.0,0.08,0.08,0.115,0.21,200,lists/bcms_setimes/list.bcms_setimes.attrib=ig_mpd=7_thresh=0.3_docnorm=T_tfidf=T.csv
0.35,0.52,0.0,0.1,0.1,0.1,0.1,200,lists/bcms_setimes/list.bcms_setimes.attrib=loo_mpd=15_thresh=0.8_docnorm=T_tfidf=T.csv
0.525,0.425,0.0,0.005,0.005,0.005,0.005,200,lists/bcms_setimes/list.bcms_setimes.attrib=lime_mpd=12_thresh=0.5_docnorm=T_tfidf=F.csv
0.475,0.4,0.0,0.1,0.1,0.1,0.1,200,lists/bcms_setimes/list.bcms_setimes.attrib=shap_mpd=10_thresh=0.7_docnorm=T_tfidf=F.csv
0.19,0.81,0.0,0.0,0.0,0.0,0.0,200,lists/bcms_setimes/list.bcms_setimes.attrib=ig_mpd=5_thresh=0.6_docnorm=F_tfidf=T.csv
0.22,0.77,0.0,0.0,0.0,0.0,0.0,200,lists/bcms_setimes/list.bcms_setimes.attrib=ig_mpd=20_thresh=0.9_docnorm=F_tfidf=T.csv
0.145,0.845,0.0,0.01,0.01,0.01,0.01,200,lists/bcms_setimes/list.bcms_setimes.attrib=loo_mpd=8_thresh=0.1_docnorm=F_tfidf=F.csv
0.18,0.82,0.0,0.0,0.0,0.0,0.0,200,lists/bcms_setimes/list.bcms_setimes.attrib=lime_mpd=8_thresh=0.5_docnorm=F_tfidf=T.csv
0.33,0.575,0.0,0.075,0.075,0.075,0.075,200,lists/bcms_setimes/list.bcms_setimes.attrib=loo_mpd=7_thresh=0.9_docnorm=T_tfidf=F.csv
0.18,0.82,0.0,0.0,0.0,0.0,0.0,200,lists/bcms_setimes/list.bcms_setimes.attrib=lime_mpd=6_thresh=0.5_docnorm=F_tfidf=F.csv
0.18,0.82,0.0,0.0,0.0,0.0,0.0,200,lists/bcms_setimes/list.bcms_setimes.attrib=lime_mpd=10_thresh=0.4_docnorm=F_tfidf=F.csv
0.17,0.83,0.0,0.0,0.0,0.0,0.0,200,lists/bcms_setimes/list.bcms_setimes.attrib=shap_mpd=9_thresh=0.9_docnorm=F_tfidf=F.csv
0.195,0.805,0.0,0.0,0.0,0.0,0.0,200,lists/bcms_setimes/list.bcms_setimes.attrib=shap_mpd=4_thresh=0.6_docnorm=F_tfidf=F.csv
0.435,0.54,0.0,0.0,0.0,0.0,0.0,200,lists/bcms_setimes/list.bcms_setimes.attrib=lime_mpd=17_thresh=1.0_docnorm=T_tfidf=T.csv
0.17,0.82,0.0,0.01,0.01,0.01,0.01,200,lists/bcms_setimes/list.bcms_setimes.attrib=loo_mpd=6_thresh=1.0_docnorm=F_tfidf=T.csv
0.305,0.38,0.0,0.22,0.4,0.57,0.695,200,lists/bcms_setimes/list.bcms_setimes.attrib=loo_mpd=20_thresh=0.2_docnorm=T_tfidf=T.csv
0.165,0.795,0.0,0.035,0.035,0.035,0.035,200,lists/bcms_setimes/list.bcms_setimes.attrib=loo_mpd=11_thresh=0.8_docnorm=F_tfidf=T.csv
0.2,0.79,0.0,0.0,0.0,0.0,0.0,200,lists/bcms_setimes/list.bcms_setimes.attrib=ig_mpd=13_thresh=0.3_docnorm=F_tfidf=T.csv
0.17,0.81,0.0,0.015,0.015,0.015,0.015,200,lists/bcms_setimes/list.bcms_setimes.attrib=loo_mpd=14_thresh=1.0_docnorm=F_tfidf=T.csv
0.295,0.595,0.0,0.09,0.09,0.09,0.09,200,lists/bcms_setimes/list.bcms_setimes.attrib=loo_mpd=3_thresh=0.8_docnorm=T_tfidf=T.csv
0.18,0.82,0.0,0.0,0.0,0.0,0.0,200,lists/bcms_setimes/list.bcms_setimes.attrib=lime_mpd=15_thresh=0.7_docnorm=F_tfidf=T.csv
0.71,0.215,0.0,0.03,0.03,0.03,0.065,200,lists/bcms_setimes/list.bcms_setimes.attrib=ig_mpd=18_thresh=0.4_docnorm=T_tfidf=F.csv
0.18,0.82,0.0,0.0,0.0,0.0,0.0,200,lists/bcms_setimes/list.bcms_setimes.attrib=lime_mpd=6_thresh=0.8_docnorm=F_tfidf=F.csv
0.165,0.82,0.0,0.0,0.0,0.0,0.0,200,lists/bcms_setimes/list.bcms_setimes.attrib=ig_mpd=8_thresh=0.1_docnorm=F_tfidf=F.csv
0.195,0.805,0.0,0.0,0.0,0.0,0.0,200,lists/bcms_setimes/list.bcms_setimes.attrib=shap_mpd=4_thresh=0.1_docnorm=F_tfidf=F.csv
0.44,0.33,0.0,0.145,0.155,0.295,0.445,200,lists/bcms_setimes/list.bcms_setimes.attrib=shap_mpd=7_thresh=0.3_docnorm=T_tfidf=F.csv
0.195,0.795,0.0,0.01,0.01,0.01,0.01,200,lists/bcms_setimes/list.bcms_setimes.attrib=shap_mpd=17_thresh=0.9_docnorm=F_tfidf=T.csv
0.18,0.82,0.0,0.0,0.0,0.0,0.0,200,lists/bcms_setimes/list.bcms_setimes.attrib=lime_mpd=15_thresh=0.8_docnorm=F_tfidf=F.csv
0.205,0.785,0.0,0.01,0.01,0.01,0.01,200,lists/bcms_setimes/list.bcms_setimes.attrib=shap_mpd=3_thresh=0.5_docnorm=F_tfidf=T.csv
0.205,0.795,0.0,0.0,0.0,0.0,0.0,200,lists/bcms_setimes/list.bcms_setimes.attrib=lime_mpd=2_thresh=0.1_docnorm=F_tfidf=T.csv
0.18,0.82,0.0,0.0,0.0,0.0,0.0,200,lists/bcms_setimes/list.bcms_setimes.attrib=lime_mpd=11_thresh=0.4_docnorm=F_tfidf=T.csv
0.32,0.45,0.0,0.11,0.11,0.125,0.15,200,lists/bcms_setimes/list.bcms_setimes.attrib=loo_mpd=4_thresh=0.3_docnorm=T_tfidf=T.csv
0.145,0.845,0.0,0.01,0.01,0.01,0.01,200,lists/bcms_setimes/list.bcms_setimes.attrib=loo_mpd=9_thresh=0.2_docnorm=F_tfidf=F.csv
0.28,0.515,0.0,0.135,0.135,0.135,0.135,200,lists/bcms_setimes/list.bcms_setimes.attrib=loo_mpd=3_thresh=0.4_docnorm=T_tfidf=T.csv
0.695,0.23,0.0,0.03,0.03,0.03,0.05,200,lists/bcms_setimes/list.bcms_setimes.attrib=ig_mpd=11_thresh=0.4_docnorm=T_tfidf=F.csv
0.465,0.455,0.0,0.0,0.0,0.0,0.005,200,lists/bcms_setimes/list.bcms_setimes.attrib=lime_mpd=16_thresh=0.5_docnorm=T_tfidf=T.csv
0.175,0.825,0.0,0.0,0.0,0.0,0.0,200,lists/bcms_setimes/list.bcms_setimes.attrib=shap_mpd=14_thresh=0.1_docnorm=F_tfidf=F.csv
0.16,0.8,0.0,0.035,0.035,0.035,0.035,200,lists/bcms_setimes/list.bcms_setimes.attrib=loo_mpd=6_thresh=0.2_docnorm=F_tfidf=T.csv
0.245,0.755,0.0,0.0,0.0,0.0,0.0,200,lists/bcms_setimes/list.bcms_setimes.attrib=ig_mpd=2_thresh=0.2_docnorm=F_tfidf=T.csv
0.145,0.845,0.0,0.01,0.01,0.01,0.01,200,lists/bcms_setimes/list.bcms_setimes.attrib=loo_mpd=19_thresh=0.7_docnorm=F_tfidf=F.csv
0.255,0.21,0.39,0.875,0.905,0.95,0.97,200,lists/bcms_setimes/list.bcms_setimes.attrib=shap_mpd=20_thresh=0.1_docnorm=T_tfidf=T.csv
0.405,0.485,0.0,0.09,0.09,0.09,0.09,200,lists/bcms_setimes/list.bcms_setimes.attrib=shap_mpd=5_thresh=0.9_docnorm=T_tfidf=T.csv
0.165,0.82,0.0,0.0,0.0,0.0,0.0,200,lists/bcms_setimes/list.bcms_setimes.attrib=ig_mpd=8_thresh=1.0_docnorm=F_tfidf=F.csv
0.725,0.245,0.0,0.005,0.005,0.005,0.005,200,lists/bcms_setimes/list.bcms_setimes.attrib=ig_mpd=3_thresh=0.6_docnorm=T_tfidf=F.csv
0.275,0.17,0.525,0.98,0.985,0.99,1.0,200,lists/bcms_setimes/list.bcms_setimes.attrib=loo_mpd=19_thresh=0.1_docnorm=T_tfidf=F.csv
0.165,0.815,0.0,0.005,0.005,0.005,0.005,200,lists/bcms_setimes/list.bcms_setimes.attrib=ig_mpd=9_thresh=0.1_docnorm=F_tfidf=F.csv
0.2,0.79,0.0,0.0,0.0,0.0,0.0,200,lists/bcms_setimes/list.bcms_setimes.attrib=ig_mpd=12_thresh=0.7_docnorm=F_tfidf=T.csv
0.31,0.465,0.0,0.135,0.135,0.135,0.135,200,lists/bcms_setimes/list.bcms_setimes.attrib=loo_mpd=14_thresh=0.5_docnorm=T_tfidf=T.csv
0.16,0.8,0.0,0.035,0.035,0.035,0.035,200,lists/bcms_setimes/list.bcms_setimes.attrib=loo_mpd=6_thresh=0.7_docnorm=F_tfidf=T.csv
0.59,0.3,0.0,0.08,0.235,0.385,0.495,200,lists/bcms_setimes/list.bcms_setimes.attrib=ig_mpd=13_thresh=0.2_docnorm=T_tfidf=F.csv
0.185,0.815,0.0,0.0,0.0,0.0,0.0,200,lists/bcms_setimes/list.bcms_setimes.attrib=lime_mpd=4_thresh=1.0_docnorm=F_tfidf=T.csv
0.185,0.815,0.0,0.0,0.0,0.0,0.0,200,lists/bcms_setimes/list.bcms_setimes.attrib=lime_mpd=20_thresh=0.2_docnorm=F_tfidf=F.csv
0.175,0.8,0.0,0.01,0.01,0.01,0.01,200,lists/bcms_setimes/list.bcms_setimes.attrib=ig_mpd=15_thresh=0.2_docnorm=F_tfidf=F.csv
0.62,0.315,0.0,0.035,0.035,0.035,0.035,200,lists/bcms_setimes/list.bcms_setimes.attrib=ig_mpd=5_thresh=0.7_docnorm=T_tfidf=T.csv
0.17,0.83,0.0,0.0,0.0,0.0,0.0,200,lists/bcms_setimes/list.bcms_setimes.attrib=shap_mpd=10_thresh=0.7_docnorm=F_tfidf=F.csv
0.47,0.515,0.0,0.0,0.0,0.0,0.0,200,lists/bcms_setimes/list.bcms_setimes.attrib=lime_mpd=19_thresh=0.9_docnorm=T_tfidf=F.csv
0.17,0.83,0.0,0.0,0.0,0.0,0.0,200,lists/bcms_setimes/list.bcms_setimes.attrib=shap_mpd=9_thresh=0.8_docnorm=F_tfidf=F.csv
0.38,0.4,0.0,0.175,0.175,0.175,0.175,200,lists/bcms_setimes/list.bcms_setimes.attrib=shap_mpd=20_thresh=0.6_docnorm=T_tfidf=T.csv
0.145,0.845,0.0,0.01,0.01,0.01,0.01,200,lists/bcms_setimes/list.bcms_setimes.attrib=loo_mpd=11_thresh=0.2_docnorm=F_tfidf=F.csv
0.16,0.8,0.0,0.035,0.035,0.035,0.035,200,lists/bcms_setimes/list.bcms_setimes.attrib=loo_mpd=8_thresh=0.4_docnorm=F_tfidf=T.csv
0.23,0.765,0.0,0.005,0.005,0.005,0.005,200,lists/bcms_setimes/list.bcms_setimes.attrib=loo_mpd=1_thresh=1.0_docnorm=F_tfidf=T.csv
0.215,0.775,0.0,0.01,0.01,0.01,0.01,200,lists/bcms_setimes/list.bcms_setimes.attrib=shap_mpd=2_thresh=0.2_docnorm=F_tfidf=T.csv
0.48,0.415,0.0,0.07,0.07,0.07,0.07,200,lists/bcms_setimes/list.bcms_setimes.attrib=shap_mpd=15_thresh=0.9_docnorm=T_tfidf=F.csv
0.185,0.815,0.0,0.0,0.0,0.0,0.0,200,lists/bcms_setimes/list.bcms_setimes.attrib=shap_mpd=5_thresh=0.4_docnorm=F_tfidf=F.csv
0.16,0.805,0.0,0.035,0.035,0.035,0.035,200,lists/bcms_setimes/list.bcms_setimes.attrib=loo_mpd=17_thresh=0.5_docnorm=F_tfidf=T.csv
0.18,0.82,0.0,0.0,0.0,0.0,0.0,200,lists/bcms_setimes/list.bcms_setimes.attrib=lime_mpd=4_thresh=0.7_docnorm=F_tfidf=F.csv
0.16,0.805,0.0,0.035,0.035,0.035,0.035,200,lists/bcms_setimes/list.bcms_setimes.attrib=loo_mpd=17_thresh=0.4_docnorm=F_tfidf=T.csv
0.18,0.82,0.0,0.0,0.0,0.0,0.0,200,lists/bcms_setimes/list.bcms_setimes.attrib=lime_mpd=17_thresh=0.7_docnorm=F_tfidf=F.csv
0.175,0.795,0.0,0.01,0.01,0.01,0.01,200,lists/bcms_setimes/list.bcms_setimes.attrib=ig_mpd=17_thresh=0.4_docnorm=F_tfidf=F.csv
0.22,0.77,0.0,0.0,0.0,0.0,0.0,200,lists/bcms_setimes/list.bcms_setimes.attrib=ig_mpd=19_thresh=0.2_docnorm=F_tfidf=T.csv
0.18,0.79,0.0,0.01,0.01,0.01,0.01,200,lists/bcms_setimes/list.bcms_setimes.attrib=ig_mpd=19_thresh=0.5_docnorm=F_tfidf=F.csv
0.185,0.815,0.0,0.0,0.0,0.0,0.0,200,lists/bcms_setimes/list.bcms_setimes.attrib=lime_mpd=7_thresh=0.6_docnorm=F_tfidf=T.csv
0.42,0.385,0.0,0.155,0.375,0.565,0.665,200,lists/bcms_setimes/list.bcms_setimes.attrib=lime_mpd=14_thresh=0.2_docnorm=T_tfidf=T.csv
0.49,0.45,0.0,0.0,0.0,0.0,0.08,200,lists/bcms_setimes/list.bcms_setimes.attrib=lime_mpd=10_thresh=0.4_docnorm=T_tfidf=F.csv
0.18,0.82,0.0,0.0,0.0,0.0,0.0,200,lists/bcms_setimes/list.bcms_setimes.attrib=lime_mpd=8_thresh=0.8_docnorm=F_tfidf=T.csv
0.355,0.395,0.0,0.17,0.17,0.17,0.17,200,lists/bcms_setimes/list.bcms_setimes.attrib=shap_mpd=16_thresh=0.5_docnorm=T_tfidf=T.csv
0.34,0.51,0.0,0.115,0.115,0.115,0.115,200,lists/bcms_setimes/list.bcms_setimes.attrib=loo_mpd=19_thresh=0.8_docnorm=T_tfidf=T.csv
0.3,0.56,0.0,0.105,0.105,0.105,0.105,200,lists/bcms_setimes/list.bcms_setimes.attrib=loo_mpd=9_thresh=0.7_docnorm=T_tfidf=T.csv
0.145,0.845,0.0,0.01,0.01,0.01,0.01,200,lists/bcms_setimes/list.bcms_setimes.attrib=loo_mpd=5_thresh=0.4_docnorm=F_tfidf=F.csv
0.305,0.44,0.0,0.14,0.14,0.165,0.23,200,lists/bcms_setimes/list.bcms_setimes.attrib=loo_mpd=11_thresh=0.3_docnorm=T_tfidf=T.csv
0.42,0.27,0.0,0.36,0.65,0.795,0.875,200,lists/bcms_setimes/list.bcms_setimes.attrib=shap_mpd=18_thresh=0.2_docnorm=T_tfidf=F.csv
0.185,0.815,0.0,0.0,0.0,0.0,0.0,200,lists/bcms_setimes/list.bcms_setimes.attrib=lime_mpd=18_thresh=0.3_docnorm=F_tfidf=T.csv
0.425,0.46,0.0,0.08,0.08,0.08,0.08,200,lists/bcms_setimes/list.bcms_setimes.attrib=ig_mpd=1_thresh=0.4_docnorm=T_tfidf=T.csv
0.17,0.83,0.0,0.0,0.0,0.0,0.0,200,lists/bcms_setimes/list.bcms_setimes.attrib=shap_mpd=12_thresh=0.4_docnorm=F_tfidf=F.csv
0.3,0.445,0.0,0.125,0.125,0.125,0.135,200,lists/bcms_setimes/list.bcms_setimes.attrib=loo_mpd=20_thresh=0.4_docnorm=T_tfidf=T.csv
0.415,0.57,0.0,0.0,0.0,0.0,0.0,200,lists/bcms_setimes/list.bcms_setimes.attrib=lime_mpd=6_thresh=1.0_docnorm=T_tfidf=F.csv
0.17,0.82,0.0,0.01,0.01,0.01,0.01,200,lists/bcms_setimes/list.bcms_setimes.attrib=loo_mpd=2_thresh=0.5_docnorm=F_tfidf=F.csv
0.24,0.745,0.0,0.015,0.015,0.015,0.015,200,lists/bcms_setimes/list.bcms_setimes.attrib=shap_mpd=1_thresh=0.4_docnorm=F_tfidf=T.csv
0.16,0.8,0.0,0.035,0.035,0.035,0.035,200,lists/bcms_setimes/list.bcms_setimes.attrib=loo_mpd=8_thresh=0.9_docnorm=F_tfidf=T.csv
0.445,0.54,0.0,0.0,0.0,0.0,0.0,200,lists/bcms_setimes/list.bcms_setimes.attrib=lime_mpd=11_thresh=0.9_docnorm=T_tfidf=T.csv
0.18,0.82,0.0,0.0,0.0,0.0,0.0,200,lists/bcms_setimes/list.bcms_setimes.attrib=shap_mpd=20_thresh=0.1_docnorm=F_tfidf=F.csv
0.145,0.845,0.0,0.01,0.01,0.01,0.01,200,lists/bcms_setimes/list.bcms_setimes.attrib=loo_mpd=5_thresh=0.8_docnorm=F_tfidf=F.csv
0.205,0.795,0.0,0.0,0.0,0.0,0.0,200,lists/bcms_setimes/list.bcms_setimes.attrib=lime_mpd=2_thresh=0.7_docnorm=F_tfidf=T.csv
0.425,0.41,0.0,0.14,0.14,0.14,0.14,200,lists/bcms_setimes/list.bcms_setimes.attrib=shap_mpd=20_thresh=0.8_docnorm=T_tfidf=T.csv
0.195,0.8,0.0,0.0,0.0,0.0,0.0,200,lists/bcms_setimes/list.bcms_setimes.attrib=ig_mpd=11_thresh=1.0_docnorm=F_tfidf=T.csv
0.465,0.47,0.0,0.05,0.05,0.05,0.05,200,lists/bcms_setimes/list.bcms_setimes.attrib=shap_mpd=17_thresh=1.0_docnorm=T_tfidf=F.csv
0.2,0.8,0.0,0.0,0.0,0.0,0.0,200,lists/bcms_setimes/list.bcms_setimes.attrib=lime_mpd=3_thresh=0.3_docnorm=F_tfidf=F.csv
0.19,0.8,0.0,0.01,0.01,0.01,0.01,200,lists/bcms_setimes/list.bcms_setimes.attrib=shap_mpd=8_thresh=0.4_docnorm=F_tfidf=T.csv
0.555,0.44,0.0,0.0,0.0,0.0,0.0,200,lists/bcms_setimes/list.bcms_setimes.attrib=ig_mpd=6_thresh=1.0_docnorm=T_tfidf=F.csv
0.2,0.79,0.0,0.0,0.0,0.0,0.0,200,lists/bcms_setimes/list.bcms_setimes.attrib=ig_mpd=13_thresh=0.5_docnorm=F_tfidf=T.csv
0.365,0.605,0.0,0.0,0.0,0.0,0.0,200,lists/bcms_setimes/list.bcms_setimes.attrib=lime_mpd=3_thresh=0.7_docnorm=T_tfidf=T.csv
0.32,0.625,0.0,0.04,0.04,0.04,0.04,200,lists/bcms_setimes/list.bcms_setimes.attrib=loo_mpd=12_thresh=1.0_docnorm=T_tfidf=T.csv
0.69,0.225,0.0,0.04,0.04,0.08,0.17,200,lists/bcms_setimes/list.bcms_setimes.attrib=ig_mpd=10_thresh=0.3_docnorm=T_tfidf=F.csv
0.22,0.77,0.0,0.0,0.0,0.0,0.0,200,lists/bcms_setimes/list.bcms_setimes.attrib=ig_mpd=18_thresh=0.1_docnorm=F_tfidf=T.csv
0.31,0.38,0.0,0.2,0.38,0.55,0.68,200,lists/bcms_setimes/list.bcms_setimes.attrib=loo_mpd=19_thresh=0.2_docnorm=T_tfidf=T.csv
0.185,0.815,0.0,0.0,0.0,0.0,0.0,200,lists/bcms_setimes/list.bcms_setimes.attrib=lime_mpd=7_thresh=0.1_docnorm=F_tfidf=T.csv
0.545,0.41,0.0,0.02,0.02,0.02,0.02,200,lists/bcms_setimes/list.bcms_setimes.attrib=ig_mpd=4_thresh=0.9_docnorm=T_tfidf=T.csv
0.53,0.185,0.775,0.935,0.975,0.99,0.995,200,lists/bcms_setimes/list.bcms_setimes.attrib=lime_mpd=15_thresh=0.1_docnorm=T_tfidf=F.csv
0.535,0.415,0.0,0.005,0.005,0.005,0.005,200,lists/bcms_setimes/list.bcms_setimes.attrib=lime_mpd=10_thresh=0.5_docnorm=T_tfidf=F.csv
0.58,0.295,0.0,0.065,0.065,0.065,0.065,200,lists/bcms_setimes/list.bcms_setimes.attrib=ig_mpd=18_thresh=0.5_docnorm=T_tfidf=T.csv
0.165,0.81,0.0,0.02,0.02,0.02,0.02,200,lists/bcms_setimes/list.bcms_setimes.attrib=loo_mpd=13_thresh=1.0_docnorm=F_tfidf=T.csv
0.47,0.515,0.0,0.0,0.0,0.0,0.0,200,lists/bcms_setimes/list.bcms_setimes.attrib=lime_mpd=8_thresh=0.9_docnorm=T_tfidf=F.csv
0.215,0.775,0.0,0.0,0.0,0.0,0.0,200,lists/bcms_setimes/list.bcms_setimes.attrib=ig_mpd=15_thresh=0.5_docnorm=F_tfidf=T.csv
0.49,0.46,0.0,0.0,0.0,0.0,0.005,200,lists/bcms_setimes/list.bcms_setimes.attrib=lime_mpd=16_thresh=0.6_docnorm=T_tfidf=F.csv
0.17,0.83,0.0,0.0,0.0,0.0,0.0,200,lists/bcms_setimes/list.bcms_setimes.attrib=shap_mpd=9_thresh=1.0_docnorm=F_tfidf=F.csv
0.145,0.845,0.0,0.01,0.01,0.01,0.01,200,lists/bcms_setimes/list.bcms_setimes.attrib=loo_mpd=6_thresh=0.1_docnorm=F_tfidf=F.csv
0.305,0.45,0.0,0.125,0.125,0.14,0.18,200,lists/bcms_setimes/list.bcms_setimes.attrib=loo_mpd=7_thresh=0.3_docnorm=T_tfidf=T.csv
0.18,0.82,0.0,0.0,0.0,0.0,0.0,200,lists/bcms_setimes/list.bcms_setimes.attrib=lime_mpd=8_thresh=0.1_docnorm=F_tfidf=T.csv
0.325,0.125,0.515,0.975,0.99,1.0,1.0,200,lists/bcms_setimes/list.bcms_setimes.attrib=shap_mpd=12_thresh=0.1_docnorm=T_tfidf=F.csv
0.465,0.52,0.0,0.0,0.0,0.0,0.0,200,lists/bcms_setimes/list.bcms_setimes.attrib=lime_mpd=17_thresh=0.9_docnorm=T_tfidf=F.csv
0.18,0.82,0.0,0.0,0.0,0.0,0.0,200,lists/bcms_setimes/list.bcms_setimes.attrib=lime_mpd=11_thresh=0.9_docnorm=F_tfidf=T.csv
0.445,0.37,0.0,0.135,0.135,0.135,0.195,200,lists/bcms_setimes/list.bcms_setimes.attrib=shap_mpd=8_thresh=0.4_docnorm=T_tfidf=F.csv
0.475,0.39,0.0,0.1,0.1,0.1,0.1,200,lists/bcms_setimes/list.bcms_setimes.attrib=ig_mpd=4_thresh=0.4_docnorm=T_tfidf=T.csv
0.345,0.31,0.0,0.31,0.495,0.64,0.74,200,lists/bcms_setimes/list.bcms_setimes.attrib=shap_mpd=10_thresh=0.2_docnorm=T_tfidf=T.csv
0.215,0.775,0.0,0.0,0.0,0.0,0.0,200,lists/bcms_setimes/list.bcms_setimes.attrib=ig_mpd=15_thresh=0.8_docnorm=F_tfidf=T.csv
0.175,0.795,0.0,0.01,0.01,0.01,0.01,200,lists/bcms_setimes/list.bcms_setimes.attrib=ig_mpd=16_thresh=0.3_docnorm=F_tfidf=F.csv
0.34,0.61,0.0,0.035,0.035,0.035,0.035,200,lists/bcms_setimes/list.bcms_setimes.attrib=loo_mpd=13_thresh=1.0_docnorm=T_tfidf=F.csv
0.16,0.805,0.0,0.035,0.035,0.035,0.035,200,lists/bcms_setimes/list.bcms_setimes.attrib=loo_mpd=13_thresh=0.2_docnorm=F_tfidf=T.csv
0.18,0.82,0.0,0.0,0.0,0.0,0.0,200,lists/bcms_setimes/list.bcms_setimes.attrib=lime_mpd=15_thresh=0.1_docnorm=F_tfidf=F.csv
0.185,0.815,0.0,0.0,0.0,0.0,0.0,200,lists/bcms_setimes/list.bcms_setimes.attrib=lime_mpd=18_thresh=0.3_docnorm=F_tfidf=F.csv
0.385,0.6,0.0,0.005,0.005,0.005,0.005,200,lists/bcms_setimes/list.bcms_setimes.attrib=ig_mpd=3_thresh=1.0_docnorm=T_tfidf=T.csv
0.17,0.79,0.0,0.035,0.035,0.035,0.035,200,lists/bcms_setimes/list.bcms_setimes.attrib=loo_mpd=5_thresh=0.2_docnorm=F_tfidf=T.csv
0.145,0.845,0.0,0.01,0.01,0.01,0.01,200,lists/bcms_setimes/list.bcms_setimes.attrib=loo_mpd=7_thresh=0.3_docnorm=F_tfidf=F.csv
0.695,0.245,0.0,0.035,0.035,0.035,0.035,200,lists/bcms_setimes/list.bcms_setimes.attrib=ig_mpd=14_thresh=0.7_docnorm=T_tfidf=T.csv
0.49,0.4,0.0,0.09,0.09,0.09,0.09,200,lists/bcms_setimes/list.bcms_setimes.attrib=shap_mpd=16_thresh=0.8_docnorm=T_tfidf=F.csv
0.345,0.495,0.0,0.09,0.09,0.09,0.09,200,lists/bcms_setimes/list.bcms_setimes.attrib=loo_mpd=6_thresh=0.5_docnorm=T_tfidf=F.csv
0.285,0.555,0.0,0.125,0.125,0.125,0.125,200,lists/bcms_setimes/list.bcms_setimes.attrib=loo_mpd=5_thresh=0.6_docnorm=T_tfidf=T.csv
0.16,0.8,0.0,0.035,0.035,0.035,0.035,200,lists/bcms_setimes/list.bcms_setimes.attrib=loo_mpd=9_thresh=0.2_docnorm=F_tfidf=T.csv
0.19,0.8,0.0,0.01,0.01,0.01,0.01,200,lists/bcms_setimes/list.bcms_setimes.attrib=shap_mpd=6_thresh=0.8_docnorm=F_tfidf=T.csv
0.415,0.27,0.0,0.375,0.645,0.79,0.875,200,lists/bcms_setimes/list.bcms_setimes.attrib=shap_mpd=20_thresh=0.2_docnorm=T_tfidf=F.csv
0.35,0.48,0.0,0.105,0.105,0.105,0.105,200,lists/bcms_setimes/list.bcms_setimes.attrib=loo_mpd=8_thresh=0.4_docnorm=T_tfidf=F.csv
0.425,0.55,0.0,0.0,0.0,0.0,0.0,200,lists/bcms_setimes/list.bcms_setimes.attrib=lime_mpd=20_thresh=0.8_docnorm=T_tfidf=T.csv
0.305,0.615,0.0,0.065,0.065,0.065,0.065,200,lists/bcms_setimes/list.bcms_setimes.attrib=loo_mpd=3_thresh=0.8_docnorm=T_tfidf=F.csv
0.185,0.815,0.0,0.0,0.0,0.0,0.0,200,lists/bcms_setimes/list.bcms_setimes.attrib=lime_mpd=5_thresh=0.8_docnorm=F_tfidf=T.csv
0.175,0.8,0.0,0.01,0.01,0.01,0.01,200,lists/bcms_setimes/list.bcms_setimes.attrib=ig_mpd=15_thresh=0.4_docnorm=F_tfidf=F.csv
0.685,0.295,0.0,0.0,0.0,0.0,0.0,200,lists/bcms_setimes/list.bcms_setimes.attrib=ig_mpd=6_thresh=0.9_docnorm=T_tfidf=F.csv
0.165,0.795,0.0,0.035,0.035,0.035,0.035,200,lists/bcms_setimes/list.bcms_setimes.attrib=loo_mpd=10_thresh=0.2_docnorm=F_tfidf=T.csv
0.39,0.235,0.235,0.625,0.72,0.825,0.885,200,lists/bcms_setimes/list.bcms_setimes.attrib=ig_mpd=7_thresh=0.1_docnorm=T_tfidf=F.csv
0.415,0.485,0.0,0.0,0.0,0.0,0.005,200,lists/bcms_setimes/list.bcms_setimes.attrib=lime_mpd=4_thresh=0.5_docnorm=T_tfidf=T.csv
0.16,0.805,0.0,0.035,0.035,0.035,0.035,200,lists/bcms_setimes/list.bcms_setimes.attrib=loo_mpd=17_thresh=0.6_docnorm=F_tfidf=T.csv
0.605,0.275,0.0,0.065,0.065,0.065,0.065,200,lists/bcms_setimes/list.bcms_setimes.attrib=ig_mpd=13_thresh=0.5_docnorm=T_tfidf=T.csv
0.15,0.84,0.0,0.01,0.01,0.01,0.01,200,lists/bcms_setimes/list.bcms_setimes.attrib=loo_mpd=3_thresh=0.6_docnorm=F_tfidf=F.csv
0.335,0.49,0.0,0.13,0.13,0.13,0.13,200,lists/bcms_setimes/list.bcms_setimes.attrib=shap_mpd=1_thresh=0.4_docnorm=T_tfidf=T.csv
0.18,0.82,0.0,0.0,0.0,0.0,0.0,200,lists/bcms_setimes/list.bcms_setimes.attrib=lime_mpd=14_thresh=0.9_docnorm=F_tfidf=F.csv
0.24,0.22,0.385,0.865,0.895,0.935,0.955,200,lists/bcms_setimes/list.bcms_setimes.attrib=shap_mpd=13_thresh=0.1_docnorm=T_tfidf=T.csv
0.2,0.795,0.0,0.005,0.005,0.005,0.005,200,lists/bcms_setimes/list.bcms_setimes.attrib=shap_mpd=3_thresh=0.1_docnorm=F_tfidf=F.csv
0.18,0.82,0.0,0.0,0.0,0.0,0.0,200,lists/bcms_setimes/list.bcms_setimes.attrib=lime_mpd=7_thresh=0.4_docnorm=F_tfidf=F.csv
0.54,0.31,0.0,0.065,0.065,0.065,0.07,200,lists/bcms_setimes/list.bcms_setimes.attrib=ig_mpd=8_thresh=0.4_docnorm=T_tfidf=T.csv
0.485,0.4,0.0,0.1,0.1,0.1,0.1,200,lists/bcms_setimes/list.bcms_setimes.attrib=shap_mpd=14_thresh=0.7_docnorm=T_tfidf=F.csv
0.395,0.33,0.0,0.23,0.38,0.565,0.685,200,lists/bcms_setimes/list.bcms_setimes.attrib=ig_mpd=15_thresh=0.2_docnorm=T_tfidf=T.csv
0.18,0.82,0.0,0.0,0.0,0.0,0.0,200,lists/bcms_setimes/list.bcms_setimes.attrib=shap_mpd=20_thresh=0.4_docnorm=F_tfidf=F.csv
0.185,0.815,0.0,0.0,0.0,0.0,0.0,200,lists/bcms_setimes/list.bcms_setimes.attrib=shap_mpd=5_thresh=0.1_docnorm=F_tfidf=F.csv
0.175,0.795,0.0,0.01,0.01,0.01,0.01,200,lists/bcms_setimes/list.bcms_setimes.attrib=ig_mpd=18_thresh=0.7_docnorm=F_tfidf=F.csv
0.64,0.315,0.0,0.025,0.025,0.025,0.025,200,lists/bcms_setimes/list.bcms_setimes.attrib=ig_mpd=8_thresh=0.8_docnorm=T_tfidf=T.csv
0.385,0.325,0.0,0.17,0.175,0.33,0.48,200,lists/bcms_setimes/list.bcms_setimes.attrib=shap_mpd=15_thresh=0.3_docnorm=T_tfidf=T.csv
0.45,0.315,0.0,0.145,0.155,0.33,0.495,200,lists/bcms_setimes/list.bcms_setimes.attrib=shap_mpd=10_thresh=0.3_docnorm=T_tfidf=F.csv
0.28,0.16,0.46,0.95,0.975,0.985,0.99,200,lists/bcms_setimes/list.bcms_setimes.attrib=loo_mpd=5_thresh=0.1_docnorm=T_tfidf=F.csv
0.43,0.56,0.0,0.0,0.0,0.0,0.0,200,lists/bcms_setimes/list.bcms_setimes.attrib=lime_mpd=6_thresh=0.9_docnorm=T_tfidf=T.csv
0.195,0.805,0.0,0.0,0.0,0.0,0.0,200,lists/bcms_setimes/list.bcms_setimes.attrib=ig_mpd=4_thresh=1.0_docnorm=F_tfidf=T.csv
0.705,0.225,0.0,0.025,0.025,0.025,0.025,200,lists/bcms_setimes/list.bcms_setimes.attrib=ig_mpd=6_thresh=0.4_docnorm=T_tfidf=F.csv
0.4,0.3,0.0,0.185,0.385,0.62,0.755,200,lists/bcms_setimes/list.bcms_setimes.attrib=loo_mpd=14_thresh=0.2_docnorm=T_tfidf=F.csv
0.16,0.805,0.0,0.035,0.035,0.035,0.035,200,lists/bcms_setimes/list.bcms_setimes.attrib=loo_mpd=15_thresh=0.3_docnorm=F_tfidf=T.csv
0.505,0.435,0.0,0.0,0.0,0.0,0.08,200,lists/bcms_setimes/list.bcms_setimes.attrib=lime_mpd=16_thresh=0.4_docnorm=T_tfidf=F.csv
0.165,0.81,0.0,0.01,0.01,0.01,0.01,200,lists/bcms_setimes/list.bcms_setimes.attrib=ig_mpd=11_thresh=0.4_docnorm=F_tfidf=F.csv
0.47,0.445,0.0,0.0,0.0,0.0,0.005,200,lists/bcms_setimes/list.bcms_setimes.attrib=lime_mpd=19_thresh=0.5_docnorm=T_tfidf=T.csv
0.315,0.575,0.0,0.09,0.09,0.09,0.09,200,lists/bcms_setimes/list.bcms_setimes.attrib=loo_mpd=8_thresh=0.9_docnorm=T_tfidf=T.csv
0.175,0.825,0.0,0.0,0.0,0.0,0.0,200,lists/bcms_setimes/list.bcms_setimes.attrib=shap_mpd=14_thresh=0.8_docnorm=F_tfidf=F.csv
0.755,0.21,0.0,0.005,0.005,0.005,0.005,200,lists/bcms_setimes/list.bcms_setimes.attrib=ig_mpd=17_thresh=0.8_docnorm=T_tfidf=F.csv
0.145,0.845,0.0,0.01,0.01,0.01,0.01,200,lists/bcms_setimes/list.bcms_setimes.attrib=loo_mpd=14_thresh=0.8_docnorm=F_tfidf=F.csv
0.18,0.82,0.0,0.0,0.0,0.0,0.0,200,lists/bcms_setimes/list.bcms_setimes.attrib=lime_mpd=12_thresh=0.9_docnorm=F_tfidf=T.csv
0.46,0.45,0.0,0.005,0.005,0.005,0.065,200,lists/bcms_setimes/list.bcms_setimes.attrib=lime_mpd=5_thresh=0.4_docnorm=T_tfidf=F.csv
0.16,0.805,0.0,0.035,0.035,0.035,0.035,200,lists/bcms_setimes/list.bcms_setimes.attrib=loo_mpd=14_thresh=0.4_docnorm=F_tfidf=T.csv
0.6,0.275,0.0,0.085,0.085,0.085,0.085,200,lists/bcms_setimes/list.bcms_setimes.attrib=ig_mpd=10_thresh=0.5_docnorm=T_tfidf=T.csv
0.385,0.36,0.0,0.205,0.365,0.54,0.665,200,lists/bcms_setimes/list.bcms_setimes.attrib=ig_mpd=13_thresh=0.2_docnorm=T_tfidf=T.csv
0.18,0.82,0.0,0.0,0.0,0.0,0.0,200,lists/bcms_setimes/list.bcms_setimes.attrib=lime_mpd=10_thresh=1.0_docnorm=F_tfidf=T.csv
0.405,0.4,0.0,0.13,0.13,0.13,0.165,200,lists/bcms_setimes/list.bcms_setimes.attrib=ig_mpd=2_thresh=0.3_docnorm=T_tfidf=T.csv
0.5,0.44,0.0,0.0,0.0,0.0,0.08,200,lists/bcms_setimes/list.bcms_setimes.attrib=lime_mpd=12_thresh=0.4_docnorm=T_tfidf=F.csv
0.185,0.815,0.0,0.0,0.0,0.0,0.0,200,lists/bcms_setimes/list.bcms_setimes.attrib=ig_mpd=5_thresh=1.0_docnorm=F_tfidf=T.csv
0.18,0.82,0.0,0.0,0.0,0.0,0.0,200,lists/bcms_setimes/list.bcms_setimes.attrib=lime_mpd=4_thresh=1.0_docnorm=F_tfidf=F.csv
0.17,0.79,0.0,0.035,0.035,0.035,0.035,200,lists/bcms_setimes/list.bcms_setimes.attrib=loo_mpd=5_thresh=0.9_docnorm=F_tfidf=T.csv
0.37,0.435,0.0,0.16,0.16,0.16,0.16,200,lists/bcms_setimes/list.bcms_setimes.attrib=shap_mpd=14_thresh=0.7_docnorm=T_tfidf=T.csv
0.48,0.265,0.58,0.82,0.89,0.94,0.965,200,lists/bcms_setimes/list.bcms_setimes.attrib=lime_mpd=2_thresh=0.1_docnorm=T_tfidf=F.csv
0.175,0.785,0.0,0.035,0.035,0.035,0.035,200,lists/bcms_setimes/list.bcms_setimes.attrib=loo_mpd=4_thresh=0.4_docnorm=F_tfidf=T.csv
0.165,0.81,0.0,0.01,0.01,0.01,0.01,200,lists/bcms_setimes/list.bcms_setimes.attrib=ig_mpd=11_thresh=0.7_docnorm=F_tfidf=F.csv
0.33,0.535,0.0,0.085,0.085,0.085,0.085,200,lists/bcms_setimes/list.bcms_setimes.attrib=loo_mpd=6_thresh=0.6_docnorm=T_tfidf=F.csv
0.37,0.48,0.0,0.115,0.115,0.115,0.115,200,lists/bcms_setimes/list.bcms_setimes.attrib=loo_mpd=16_thresh=0.7_docnorm=T_tfidf=F.csv
0.18,0.82,0.0,0.0,0.0,0.0,0.0,200,lists/bcms_setimes/list.bcms_setimes.attrib=shap_mpd=16_thresh=0.4_docnorm=F_tfidf=F.csv
0.195,0.8,0.0,0.0,0.0,0.0,0.0,200,lists/bcms_setimes/list.bcms_setimes.attrib=ig_mpd=11_thresh=0.5_docnorm=F_tfidf=T.csv
0.36,0.61,0.0,0.0,0.0,0.0,0.0,200,lists/bcms_setimes/list.bcms_setimes.attrib=lime_mpd=4_thresh=0.8_docnorm=T_tfidf=T.csv
0.18,0.82,0.0,0.0,0.0,0.0,0.0,200,lists/bcms_setimes/list.bcms_setimes.attrib=lime_mpd=8_thresh=0.3_docnorm=F_tfidf=T.csv
0.66,0.31,0.0,0.0,0.0,0.0,0.0,200,lists/bcms_setimes/list.bcms_setimes.attrib=ig_mpd=4_thresh=0.9_docnorm=T_tfidf=F.csv
0.155,0.835,0.0,0.01,0.01,0.01,0.01,200,lists/bcms_setimes/list.bcms_setimes.attrib=loo_mpd=4_thresh=1.0_docnorm=T_tfidf=F.csv
0.18,0.82,0.0,0.0,0.0,0.0,0.0,200,lists/bcms_setimes/list.bcms_setimes.attrib=lime_mpd=9_thresh=0.6_docnorm=F_tfidf=T.csv
0.19,0.8,0.0,0.01,0.01,0.01,0.01,200,lists/bcms_setimes/list.bcms_setimes.attrib=shap_mpd=5_thresh=1.0_docnorm=F_tfidf=T.csv
0.18,0.82,0.0,0.0,0.0,0.0,0.0,200,lists/bcms_setimes/list.bcms_setimes.attrib=lime_mpd=14_thresh=0.2_docnorm=F_tfidf=T.csv
0.38,0.47,0.0,0.105,0.105,0.105,0.105,200,lists/bcms_setimes/list.bcms_setimes.attrib=loo_mpd=12_thresh=0.6_docnorm=T_tfidf=F.csv
0.2,0.79,0.0,0.0,0.0,0.0,0.0,200,lists/bcms_setimes/list.bcms_setimes.attrib=ig_mpd=12_thresh=0.2_docnorm=F_tfidf=T.csv
0.35,0.57,0.0,0.065,0.065,0.065,0.065,200,lists/bcms_setimes/list.bcms_setimes.attrib=loo_mpd=20_thresh=1.0_docnorm=T_tfidf=T.csv
0.175,0.785,0.0,0.035,0.035,0.035,0.035,200,lists/bcms_setimes/list.bcms_setimes.attrib=loo_mpd=4_thresh=0.5_docnorm=F_tfidf=T.csv
0.195,0.795,0.0,0.01,0.01,0.01,0.01,200,lists/bcms_setimes/list.bcms_setimes.attrib=shap_mpd=12_thresh=0.3_docnorm=F_tfidf=T.csv
0.195,0.795,0.0,0.01,0.01,0.01,0.01,200,lists/bcms_setimes/list.bcms_setimes.attrib=shap_mpd=20_thresh=0.5_docnorm=F_tfidf=T.csv
0.2,0.795,0.0,0.005,0.005,0.005,0.005,200,lists/bcms_setimes/list.bcms_setimes.attrib=shap_mpd=3_thresh=0.6_docnorm=F_tfidf=F.csv
0.41,0.465,0.0,0.09,0.09,0.09,0.09,200,lists/bcms_setimes/list.bcms_setimes.attrib=loo_mpd=17_thresh=0.8_docnorm=T_tfidf=F.csv
0.165,0.815,0.0,0.005,0.005,0.005,0.005,200,lists/bcms_setimes/list.bcms_setimes.attrib=ig_mpd=9_thresh=0.6_docnorm=F_tfidf=F.csv
0.215,0.775,0.0,0.0,0.0,0.0,0.0,200,lists/bcms_setimes/list.bcms_setimes.attrib=ig_mpd=15_thresh=1.0_docnorm=F_tfidf=T.csv
0.205,0.795,0.0,0.0,0.0,0.0,0.0,200,lists/bcms_setimes/list.bcms_setimes.attrib=lime_mpd=2_thresh=0.6_docnorm=F_tfidf=T.csv
0.48,0.435,0.0,0.065,0.065,0.065,0.065,200,lists/bcms_setimes/list.bcms_setimes.attrib=shap_mpd=6_thresh=0.9_docnorm=T_tfidf=F.csv
0.185,0.775,0.0,0.035,0.035,0.035,0.035,200,lists/bcms_setimes/list.bcms_setimes.attrib=loo_mpd=2_thresh=0.3_docnorm=F_tfidf=T.csv
0.69,0.245,0.0,0.02,0.02,0.02,0.02,200,lists/bcms_setimes/list.bcms_setimes.attrib=ig_mpd=11_thresh=0.5_docnorm=T_tfidf=F.csv
0.31,0.545,0.0,0.075,0.075,0.075,0.075,200,lists/bcms_setimes/list.bcms_setimes.attrib=loo_mpd=3_thresh=0.4_docnorm=T_tfidf=F.csv
0.57,0.295,0.0,0.07,0.07,0.07,0.07,200,lists/bcms_setimes/list.bcms_setimes.attrib=ig_mpd=20_thresh=0.5_docnorm=T_tfidf=T.csv
0.34,0.215,0.36,0.75,0.795,0.885,0.925,200,lists/bcms_setimes/list.bcms_setimes.attrib=ig_mpd=11_thresh=0.1_docnorm=T_tfidf=F.csv
0.435,0.285,0.57,0.81,0.885,0.94,0.975,200,lists/bcms_setimes/list.bcms_setimes.attrib=lime_mpd=19_thresh=0.1_docnorm=T_tfidf=T.csv
0.175,0.785,0.0,0.035,0.035,0.035,0.035,200,lists/bcms_setimes/list.bcms_setimes.attrib=loo_mpd=4_thresh=0.6_docnorm=F_tfidf=T.csv
0.18,0.82,0.0,0.0,0.0,0.0,0.0,200,lists/bcms_setimes/list.bcms_setimes.attrib=lime_mpd=12_thresh=0.8_docnorm=F_tfidf=T.csv
0.18,0.82,0.0,0.0,0.0,0.0,0.0,200,lists/bcms_setimes/list.bcms_setimes.attrib=lime_mpd=13_thresh=0.5_docnorm=F_tfidf=T.csv
0.195,0.795,0.0,0.01,0.01,0.01,0.01,200,lists/bcms_setimes/list.bcms_setimes.attrib=shap_mpd=4_thresh=0.2_docnorm=F_tfidf=T.csv
0.45,0.45,0.0,0.065,0.065,0.065,0.065,200,lists/bcms_setimes/list.bcms_setimes.attrib=shap_mpd=3_thresh=0.7_docnorm=T_tfidf=F.csv
0.495,0.405,0.0,0.0,0.02,0.235,0.445,200,lists/bcms_setimes/list.bcms_setimes.attrib=lime_mpd=8_thresh=0.3_docnorm=T_tfidf=F.csv
0.695,0.23,0.0,0.03,0.03,0.03,0.055,200,lists/bcms_setimes/list.bcms_setimes.attrib=ig_mpd=13_thresh=0.4_docnorm=T_tfidf=F.csv
0.145,0.845,0.0,0.01,0.01,0.01,0.01,200,lists/bcms_setimes/list.bcms_setimes.attrib=loo_mpd=16_thresh=1.0_docnorm=F_tfidf=F.csv
0.165,0.815,0.0,0.005,0.005,0.005,0.005,200,lists/bcms_setimes/list.bcms_setimes.attrib=ig_mpd=9_thresh=0.8_docnorm=F_tfidf=F.csv
0.205,0.79,0.0,0.005,0.005,0.005,0.005,200,lists/bcms_setimes/list.bcms_setimes.attrib=shap_mpd=2_thresh=0.1_docnorm=F_tfidf=F.csv
0.145,0.845,0.0,0.01,0.01,0.01,0.01,200,lists/bcms_setimes/list.bcms_setimes.attrib=loo_mpd=8_thresh=0.2_docnorm=F_tfidf=F.csv
0.335,0.5,0.0,0.13,0.13,0.13,0.13,200,lists/bcms_setimes/list.bcms_setimes.attrib=shap_mpd=4_thresh=0.7_docnorm=T_tfidf=T.csv
0.145,0.845,0.0,0.01,0.01,0.01,0.01,200,lists/bcms_setimes/list.bcms_setimes.attrib=loo_mpd=18_thresh=0.2_docnorm=F_tfidf=F.csv
0.435,0.36,0.0,0.105,0.105,0.225,0.36,200,lists/bcms_setimes/list.bcms_setimes.attrib=loo_mpd=16_thresh=0.3_docnorm=T_tfidf=F.csv
0.335,0.39,0.0,0.13,0.155,0.275,0.365,200,lists/bcms_setimes/list.bcms_setimes.attrib=ig_mpd=3_thresh=0.2_docnorm=T_tfidf=T.csv
0.18,0.79,0.0,0.01,0.01,0.01,0.01,200,lists/bcms_setimes/list.bcms_setimes.attrib=ig_mpd=19_thresh=0.4_docnorm=F_tfidf=F.csv
0.47,0.38,0.0,0.13,0.13,0.13,0.13,200,lists/bcms_setimes/list.bcms_setimes.attrib=shap_mpd=17_thresh=0.6_docnorm=T_tfidf=F.csv
0.435,0.425,0.0,0.0,0.01,0.16,0.325,200,lists/bcms_setimes/list.bcms_setimes.attrib=lime_mpd=8_thresh=0.3_docnorm=T_tfidf=T.csv
0.395,0.45,0.0,0.095,0.095,0.095,0.095,200,lists/bcms_setimes/list.bcms_setimes.attrib=loo_mpd=14_thresh=0.6_docnorm=T_tfidf=F.csv
0.425,0.325,0.515,0.765,0.845,0.91,0.94,200,lists/bcms_setimes/list.bcms_setimes.attrib=lime_mpd=6_thresh=0.1_docnorm=T_tfidf=T.csv
0.185,0.815,0.0,0.0,0.0,0.0,0.0,200,lists/bcms_setimes/list.bcms_setimes.attrib=ig_mpd=10_thresh=0.3_docnorm=F_tfidf=T.csv
0.585,0.29,0.0,0.065,0.065,0.065,0.065,200,lists/bcms_setimes/list.bcms_setimes.attrib=ig_mpd=15_thresh=0.5_docnorm=T_tfidf=T.csv
0.335,0.55,0.0,0.095,0.095,0.095,0.095,200,lists/bcms_setimes/list.bcms_setimes.attrib=loo_mpd=16_thresh=0.9_docnorm=T_tfidf=T.csv
0.47,0.515,0.0,0.0,0.0,0.0,0.0,200,lists/bcms_setimes/list.bcms_setimes.attrib=lime_mpd=15_thresh=0.9_docnorm=T_tfidf=F.csv
0.175,0.795,0.0,0.01,0.01,0.01,0.01,200,lists/bcms_setimes/list.bcms_setimes.attrib=ig_mpd=17_thresh=0.5_docnorm=F_tfidf=F.csv
0.285,0.68,0.0,0.005,0.005,0.005,0.005,200,lists/bcms_setimes/list.bcms_setimes.attrib=lime_mpd=2_thresh=0.7_docnorm=T_tfidf=F.csv
0.705,0.24,0.0,0.015,0.015,0.015,0.015,200,lists/bcms_setimes/list.bcms_setimes.attrib=ig_mpd=9_thresh=0.5_docnorm=T_tfidf=F.csv
0.18,0.82,0.0,0.0,0.0,0.0,0.0,200,lists/bcms_setimes/list.bcms_setimes.attrib=lime_mpd=16_thresh=0.6_docnorm=F_tfidf=F.csv
0.67,0.28,0.0,0.03,0.03,0.03,0.03,200,lists/bcms_setimes/list.bcms_setimes.attrib=ig_mpd=15_thresh=0.8_docnorm=T_tfidf=T.csv
0.52,0.42,0.0,0.005,0.005,0.005,0.005,200,lists/bcms_setimes/list.bcms_setimes.attrib=lime_mpd=8_thresh=0.5_docnorm=T_tfidf=F.csv
0.175,0.825,0.0,0.0,0.0,0.0,0.0,200,lists/bcms_setimes/list.bcms_setimes.attrib=shap_mpd=8_thresh=0.4_docnorm=F_tfidf=F.csv
0.435,0.48,0.0,0.005,0.005,0.005,0.015,200,lists/bcms_setimes/list.bcms_setimes.attrib=lime_mpd=3_thresh=0.4_docnorm=T_tfidf=F.csv
0.235,0.765,0.0,0.0,0.0,0.0,0.0,200,lists/bcms_setimes/list.bcms_setimes.attrib=shap_mpd=1_thresh=1.0_docnorm=F_tfidf=F.csv
0.745,0.205,0.0,0.01,0.01,0.01,0.01,200,lists/bcms_setimes/list.bcms_setimes.attrib=ig_mpd=18_thresh=0.7_docnorm=T_tfidf=F.csv
0.18,0.82,0.0,0.0,0.0,0.0,0.0,200,lists/bcms_setimes/list.bcms_setimes.attrib=lime_mpd=6_thresh=0.7_docnorm=F_tfidf=F.csv
0.215,0.775,0.0,0.01,0.01,0.01,0.01,200,lists/bcms_setimes/list.bcms_setimes.attrib=shap_mpd=2_thresh=0.3_docnorm=F_tfidf=T.csv
0.45,0.465,0.0,0.06,0.06,0.06,0.06,200,lists/bcms_setimes/list.bcms_setimes.attrib=shap_mpd=3_thresh=0.8_docnorm=T_tfidf=F.csv
0.425,0.48,0.0,0.075,0.075,0.075,0.075,200,lists/bcms_setimes/list.bcms_setimes.attrib=shap_mpd=16_thresh=1.0_docnorm=T_tfidf=T.csv
0.47,0.515,0.0,0.0,0.0,0.0,0.0,200,lists/bcms_setimes/list.bcms_setimes.attrib=lime_mpd=12_thresh=0.9_docnorm=T_tfidf=F.csv
0.185,0.815,0.0,0.0,0.0,0.0,0.0,200,lists/bcms_setimes/list.bcms_setimes.attrib=ig_mpd=10_thresh=0.5_docnorm=F_tfidf=T.csv
0.295,0.465,0.0,0.115,0.115,0.115,0.115,200,lists/bcms_setimes/list.bcms_setimes.attrib=loo_mpd=8_thresh=0.4_docnorm=T_tfidf=T.csv
0.24,0.26,0.34,0.845,0.905,0.955,0.985,200,lists/bcms_setimes/list.bcms_setimes.attrib=loo_mpd=12_thresh=0.1_docnorm=T_tfidf=T.csv
0.185,0.815,0.0,0.0,0.0,0.0,0.0,200,lists/bcms_setimes/list.bcms_setimes.attrib=lime_mpd=19_thresh=0.8_docnorm=F_tfidf=F.csv
0.195,0.795,0.0,0.01,0.01,0.01,0.01,200,lists/bcms_setimes/list.bcms_setimes.attrib=shap_mpd=15_thresh=0.8_docnorm=F_tfidf=T.csv
0.335,0.51,0.0,0.11,0.11,0.11,0.11,200,lists/bcms_setimes/list.bcms_setimes.attrib=loo_mpd=20_thresh=0.8_docnorm=T_tfidf=T.csv
0.565,0.42,0.0,0.0,0.0,0.0,0.0,200,lists/bcms_setimes/list.bcms_setimes.attrib=ig_mpd=1_thresh=0.8_docnorm=T_tfidf=F.csv
0.16,0.805,0.0,0.035,0.035,0.035,0.035,200,lists/bcms_setimes/list.bcms_setimes.attrib=loo_mpd=20_thresh=0.4_docnorm=F_tfidf=T.csv
0.18,0.79,0.0,0.01,0.01,0.01,0.01,200,lists/bcms_setimes/list.bcms_setimes.attrib=ig_mpd=20_thresh=0.2_docnorm=F_tfidf=F.csv
0.445,0.38,0.0,0.12,0.12,0.12,0.165,200,lists/bcms_setimes/list.bcms_setimes.attrib=shap_mpd=6_thresh=0.4_docnorm=T_tfidf=F.csv
0.145,0.845,0.0,0.01,0.01,0.01,0.01,200,lists/bcms_setimes/list.bcms_setimes.attrib=loo_mpd=10_thresh=0.8_docnorm=F_tfidf=F.csv
0.2,0.785,0.0,0.0,0.0,0.0,0.0,200,lists/bcms_setimes/list.bcms_setimes.attrib=ig_mpd=3_thresh=0.5_docnorm=F_tfidf=F.csv
0.2,0.79,0.0,0.0,0.0,0.0,0.0,200,lists/bcms_setimes/list.bcms_setimes.attrib=ig_mpd=12_thresh=0.6_docnorm=F_tfidf=T.csv
0.4,0.44,0.0,0.12,0.12,0.12,0.12,200,lists/bcms_setimes/list.bcms_setimes.attrib=ig_mpd=3_thresh=0.4_docnorm=T_tfidf=T.csv
0.195,0.795,0.0,0.01,0.01,0.01,0.01,200,lists/bcms_setimes/list.bcms_setimes.attrib=shap_mpd=17_thresh=0.5_docnorm=F_tfidf=T.csv
0.155,0.835,0.0,0.01,0.01,0.01,0.01,200,lists/bcms_setimes/list.bcms_setimes.attrib=loo_mpd=4_thresh=1.0_docnorm=F_tfidf=F.csv
0.185,0.815,0.0,0.0,0.0,0.0,0.0,200,lists/bcms_setimes/list.bcms_setimes.attrib=lime_mpd=7_thresh=1.0_docnorm=F_tfidf=T.csv
0.165,0.82,0.0,0.0,0.0,0.0,0.0,200,lists/bcms_setimes/list.bcms_setimes.attrib=ig_mpd=7_thresh=0.5_docnorm=F_tfidf=F.csv
0.18,0.82,0.0,0.0,0.0,0.0,0.0,200,lists/bcms_setimes/list.bcms_setimes.attrib=lime_mpd=9_thresh=0.8_docnorm=F_tfidf=T.csv
0.435,0.56,0.0,0.0,0.0,0.0,0.0,200,lists/bcms_setimes/list.bcms_setimes.attrib=ig_mpd=3_thresh=1.0_docnorm=T_tfidf=F.csv
0.18,0.82,0.0,0.0,0.0,0.0,0.0,200,lists/bcms_setimes/list.bcms_setimes.attrib=lime_mpd=6_thresh=0.4_docnorm=F_tfidf=F.csv
0.145,0.845,0.0,0.01,0.01,0.01,0.01,200,lists/bcms_setimes/list.bcms_setimes.attrib=loo_mpd=17_thresh=0.6_docnorm=F_tfidf=F.csv
0.455,0.405,0.0,0.0,0.01,0.16,0.335,200,lists/bcms_setimes/list.bcms_setimes.attrib=lime_mpd=11_thresh=0.3_docnorm=T_tfidf=T.csv
0.415,0.445,0.0,0.11,0.11,0.11,0.11,200,lists/bcms_setimes/list.bcms_setimes.attrib=shap_mpd=7_thresh=0.9_docnorm=T_tfidf=T.csv
0.18,0.82,0.0,0.0,0.0,0.0,0.0,200,lists/bcms_setimes/list.bcms_setimes.attrib=lime_mpd=9_thresh=0.2_docnorm=F_tfidf=F.csv
0.21,0.77,0.0,0.015,0.015,0.015,0.015,200,lists/bcms_setimes/list.bcms_setimes.attrib=loo_mpd=6_thresh=1.0_docnorm=T_tfidf=T.csv
0.145,0.845,0.0,0.01,0.01,0.01,0.01,200,lists/bcms_setimes/list.bcms_setimes.attrib=loo_mpd=9_thresh=0.1_docnorm=F_tfidf=F.csv
0.495,0.4,0.0,0.08,0.08,0.08,0.08,200,lists/bcms_setimes/list.bcms_setimes.attrib=ig_mpd=2_thresh=0.5_docnorm=T_tfidf=T.csv
0.18,0.82,0.0,0.0,0.0,0.0,0.0,200,lists/bcms_setimes/list.bcms_setimes.attrib=ig_mpd=8_thresh=0.5_docnorm=F_tfidf=T.csv
0.16,0.805,0.0,0.035,0.035,0.035,0.035,200,lists/bcms_setimes/list.bcms_setimes.attrib=loo_mpd=16_thresh=0.4_docnorm=F_tfidf=T.csv
0.7,0.23,0.0,0.02,0.02,0.02,0.02,200,lists/bcms_setimes/list.bcms_setimes.attrib=ig_mpd=5_thresh=0.4_docnorm=T_tfidf=F.csv
0.425,0.48,0.0,0.075,0.075,0.075,0.075,200,lists/bcms_setimes/list.bcms_setimes.attrib=shap_mpd=13_thresh=1.0_docnorm=T_tfidf=T.csv
0.315,0.59,0.0,0.07,0.07,0.07,0.07,200,lists/bcms_setimes/list.bcms_setimes.attrib=loo_mpd=4_thresh=0.8_docnorm=T_tfidf=F.csv
0.42,0.555,0.0,0.0,0.0,0.0,0.0,200,lists/bcms_setimes/list.bcms_setimes.attrib=lime_mpd=19_thresh=0.8_docnorm=T_tfidf=T.csv
0.175,0.8,0.0,0.01,0.01,0.01,0.01,200,lists/bcms_setimes/list.bcms_setimes.attrib=ig_mpd=14_thresh=0.7_docnorm=F_tfidf=F.csv
0.335,0.525,0.0,0.105,0.105,0.105,0.105,200,lists/bcms_setimes/list.bcms_setimes.attrib=loo_mpd=17_thresh=0.8_docnorm=T_tfidf=T.csv
0.18,0.82,0.0,0.0,0.0,0.0,0.0,200,lists/bcms_setimes/list.bcms_setimes.attrib=lime_mpd=4_thresh=0.2_docnorm=F_tfidf=F.csv
0.16,0.8,0.0,0.035,0.035,0.035,0.035,200,lists/bcms_setimes/list.bcms_setimes.attrib=loo_mpd=9_thresh=0.8_docnorm=F_tfidf=T.csv
0.19,0.8,0.0,0.01,0.01,0.01,0.01,200,lists/bcms_setimes/list.bcms_setimes.attrib=shap_mpd=8_thresh=0.5_docnorm=F_tfidf=T.csv
0.145,0.845,0.0,0.01,0.01,0.01,0.01,200,lists/bcms_setimes/list.bcms_setimes.attrib=loo_mpd=11_thresh=0.5_docnorm=F_tfidf=F.csv
0.145,0.845,0.0,0.01,0.01,0.01,0.01,200,lists/bcms_setimes/list.bcms_setimes.attrib=loo_mpd=10_thresh=0.1_docnorm=F_tfidf=F.csv
0.18,0.78,0.0,0.035,0.035,0.035,0.035,200,lists/bcms_setimes/list.bcms_setimes.attrib=loo_mpd=2_thresh=0.6_docnorm=F_tfidf=T.csv
0.175,0.8,0.0,0.01,0.01,0.01,0.01,200,lists/bcms_setimes/list.bcms_setimes.attrib=ig_mpd=13_thresh=0.4_docnorm=F_tfidf=F.csv
0.435,0.295,0.0,0.18,0.19,0.365,0.54,200,lists/bcms_setimes/list.bcms_setimes.attrib=shap_mpd=19_thresh=0.3_docnorm=T_tfidf=F.csv
0.5,0.45,0.0,0.0,0.0,0.0,0.005,200,lists/bcms_setimes/list.bcms_setimes.attrib=lime_mpd=7_thresh=0.6_docnorm=T_tfidf=F.csv
0.4,0.3,0.0,0.21,0.42,0.65,0.78,200,lists/bcms_setimes/list.bcms_setimes.attrib=loo_mpd=16_thresh=0.2_docnorm=T_tfidf=F.csv
0.175,0.795,0.0,0.01,0.01,0.01,0.01,200,lists/bcms_setimes/list.bcms_setimes.attrib=ig_mpd=16_thresh=0.5_docnorm=F_tfidf=F.csv
0.19,0.8,0.0,0.01,0.01,0.01,0.01,200,lists/bcms_setimes/list.bcms_setimes.attrib=shap_mpd=10_thresh=0.1_docnorm=F_tfidf=T.csv
0.145,0.845,0.0,0.01,0.01,0.01,0.01,200,lists/bcms_setimes/list.bcms_setimes.attrib=loo_mpd=16_thresh=0.7_docnorm=F_tfidf=F.csv
0.195,0.795,0.0,0.01,0.01,0.01,0.01,200,lists/bcms_setimes/list.bcms_setimes.attrib=shap_mpd=15_thresh=1.0_docnorm=F_tfidf=T.csv
0.215,0.775,0.0,0.0,0.0,0.0,0.0,200,lists/bcms_setimes/list.bcms_setimes.attrib=ig_mpd=16_thresh=0.7_docnorm=F_tfidf=T.csv
0.19,0.8,0.0,0.01,0.01,0.01,0.01,200,lists/bcms_setimes/list.bcms_setimes.attrib=shap_mpd=10_thresh=0.8_docnorm=F_tfidf=T.csv
0.245,0.74,0.0,0.0,0.0,0.0,0.0,200,lists/bcms_setimes/list.bcms_setimes.attrib=ig_mpd=1_thresh=0.2_docnorm=F_tfidf=F.csv
0.66,0.295,0.0,0.02,0.02,0.02,0.02,200,lists/bcms_setimes/list.bcms_setimes.attrib=ig_mpd=17_thresh=0.9_docnorm=T_tfidf=T.csv
0.485,0.355,0.0,0.125,0.125,0.125,0.125,200,lists/bcms_setimes/list.bcms_setimes.attrib=shap_mpd=19_thresh=0.5_docnorm=T_tfidf=F.csv
0.195,0.8,0.0,0.0,0.0,0.0,0.0,200,lists/bcms_setimes/list.bcms_setimes.attrib=ig_mpd=11_thresh=0.1_docnorm=F_tfidf=T.csv
0.465,0.435,0.0,0.0,0.005,0.14,0.325,200,lists/bcms_setimes/list.bcms_setimes.attrib=lime_mpd=4_thresh=0.3_docnorm=T_tfidf=F.csv
0.74,0.215,0.0,0.01,0.01,0.01,0.01,200,lists/bcms_setimes/list.bcms_setimes.attrib=ig_mpd=14_thresh=0.7_docnorm=T_tfidf=F.csv
0.225,0.775,0.0,0.0,0.0,0.0,0.0,200,lists/bcms_setimes/list.bcms_setimes.attrib=ig_mpd=3_thresh=0.8_docnorm=F_tfidf=T.csv
0.185,0.815,0.0,0.0,0.0,0.0,0.0,200,lists/bcms_setimes/list.bcms_setimes.attrib=lime_mpd=4_thresh=0.9_docnorm=F_tfidf=T.csv
0.22,0.77,0.0,0.0,0.0,0.0,0.0,200,lists/bcms_setimes/list.bcms_setimes.attrib=ig_mpd=18_thresh=0.8_docnorm=F_tfidf=T.csv
0.185,0.815,0.0,0.0,0.0,0.0,0.0,200,lists/bcms_setimes/list.bcms_setimes.attrib=shap_mpd=5_thresh=0.5_docnorm=F_tfidf=F.csv
0.69,0.24,0.0,0.02,0.02,0.02,0.02,200,lists/bcms_setimes/list.bcms_setimes.attrib=ig_mpd=16_thresh=0.5_docnorm=T_tfidf=F.csv
0.29,0.675,0.0,0.005,0.005,0.005,0.005,200,lists/bcms_setimes/list.bcms_setimes.attrib=lime_mpd=1_thresh=0.5_docnorm=T_tfidf=F.csv
0.24,0.745,0.0,0.015,0.015,0.015,0.015,200,lists/bcms_setimes/list.bcms_setimes.attrib=shap_mpd=1_thresh=0.3_docnorm=F_tfidf=T.csv
0.18,0.82,0.0,0.0,0.0,0.0,0.0,200,lists/bcms_setimes/list.bcms_setimes.attrib=lime_mpd=11_thresh=0.2_docnorm=F_tfidf=T.csv
0.61,0.35,0.0,0.015,0.015,0.015,0.015,200,lists/bcms_setimes/list.bcms_setimes.attrib=ig_mpd=17_thresh=1.0_docnorm=T_tfidf=T.csv
0.2,0.79,0.0,0.01,0.01,0.01,0.01,200,lists/bcms_setimes/list.bcms_setimes.attrib=shap_mpd=13_thresh=0.7_docnorm=F_tfidf=T.csv
0.17,0.82,0.0,0.01,0.01,0.01,0.01,200,lists/bcms_setimes/list.bcms_setimes.attrib=loo_mpd=2_thresh=0.9_docnorm=F_tfidf=F.csv
0.315,0.415,0.0,0.13,0.13,0.21,0.3,200,lists/bcms_setimes/list.bcms_setimes.attrib=loo_mpd=16_thresh=0.3_docnorm=T_tfidf=T.csv
0.39,0.39,0.0,0.175,0.175,0.175,0.175,200,lists/bcms_setimes/list.bcms_setimes.attrib=shap_mpd=17_thresh=0.6_docnorm=T_tfidf=T.csv
0.455,0.535,0.0,0.0,0.0,0.0,0.0,200,lists/bcms_setimes/list.bcms_setimes.attrib=lime_mpd=17_thresh=0.9_docnorm=T_tfidf=T.csv
0.185,0.815,0.0,0.0,0.0,0.0,0.0,200,lists/bcms_setimes/list.bcms_setimes.attrib=lime_mpd=5_thresh=1.0_docnorm=F_tfidf=T.csv
0.185,0.815,0.0,0.0,0.0,0.0,0.0,200,lists/bcms_setimes/list.bcms_setimes.attrib=lime_mpd=7_thresh=0.5_docnorm=F_tfidf=T.csv
0.18,0.82,0.0,0.0,0.0,0.0,0.0,200,lists/bcms_setimes/list.bcms_setimes.attrib=lime_mpd=13_thresh=1.0_docnorm=F_tfidf=F.csv
0.185,0.815,0.0,0.0,0.0,0.0,0.0,200,lists/bcms_setimes/list.bcms_setimes.attrib=lime_mpd=20_thresh=0.5_docnorm=F_tfidf=F.csv
0.495,0.455,0.0,0.0,0.0,0.0,0.005,200,lists/bcms_setimes/list.bcms_setimes.attrib=lime_mpd=14_thresh=0.6_docnorm=T_tfidf=F.csv
0.49,0.46,0.0,0.0,0.0,0.0,0.005,200,lists/bcms_setimes/list.bcms_setimes.attrib=lime_mpd=20_thresh=0.6_docnorm=T_tfidf=F.csv
0.525,0.445,0.0,0.01,0.01,0.01,0.01,200,lists/bcms_setimes/list.bcms_setimes.attrib=ig_mpd=9_thresh=1.0_docnorm=T_tfidf=T.csv
0.335,0.545,0.0,0.1,0.1,0.1,0.1,200,lists/bcms_setimes/list.bcms_setimes.attrib=loo_mpd=14_thresh=0.9_docnorm=T_tfidf=T.csv
0.2,0.8,0.0,0.0,0.0,0.0,0.0,200,lists/bcms_setimes/list.bcms_setimes.attrib=lime_mpd=3_thresh=0.2_docnorm=F_tfidf=F.csv
0.185,0.815,0.0,0.0,0.0,0.0,0.0,200,lists/bcms_setimes/list.bcms_setimes.attrib=lime_mpd=19_thresh=0.5_docnorm=F_tfidf=F.csv
0.2,0.8,0.0,0.0,0.0,0.0,0.0,200,lists/bcms_setimes/list.bcms_setimes.attrib=lime_mpd=3_thresh=0.4_docnorm=F_tfidf=F.csv
0.695,0.23,0.0,0.02,0.02,0.02,0.02,200,lists/bcms_setimes/list.bcms_setimes.attrib=ig_mpd=13_thresh=0.5_docnorm=T_tfidf=F.csv
0.7,0.23,0.0,0.04,0.04,0.115,0.23,200,lists/bcms_setimes/list.bcms_setimes.attrib=ig_mpd=17_thresh=0.3_docnorm=T_tfidf=F.csv
0.385,0.325,0.0,0.17,0.175,0.34,0.49,200,lists/bcms_setimes/list.bcms_setimes.attrib=shap_mpd=18_thresh=0.3_docnorm=T_tfidf=T.csv
0.185,0.815,0.0,0.0,0.0,0.0,0.0,200,lists/bcms_setimes/list.bcms_setimes.attrib=ig_mpd=9_thresh=0.2_docnorm=F_tfidf=T.csv
0.22,0.325,0.42,0.845,0.89,0.935,0.95,200,lists/bcms_setimes/list.bcms_setimes.attrib=ig_mpd=17_thresh=0.1_docnorm=T_tfidf=T.csv
0.19,0.8,0.0,0.01,0.01,0.01,0.01,200,lists/bcms_setimes/list.bcms_setimes.attrib=loo_mpd=1_thresh=0.4_docnorm=F_tfidf=F.csv
0.39,0.425,0.0,0.13,0.315,0.48,0.6,200,lists/bcms_setimes/list.bcms_setimes.attrib=lime_mpd=6_thresh=0.2_docnorm=T_tfidf=T.csv
0.19,0.8,0.0,0.01,0.01,0.01,0.01,200,lists/bcms_setimes/list.bcms_setimes.attrib=loo_mpd=1_thresh=0.7_docnorm=F_tfidf=F.csv
0.18,0.82,0.0,0.0,0.0,0.0,0.0,200,lists/bcms_setimes/list.bcms_setimes.attrib=ig_mpd=7_thresh=0.5_docnorm=F_tfidf=T.csv
0.475,0.41,0.0,0.085,0.085,0.085,0.085,200,lists/bcms_setimes/list.bcms_setimes.attrib=shap_mpd=19_thresh=0.9_docnorm=T_tfidf=F.csv
0.265,0.675,0.0,0.045,0.045,0.045,0.045,200,lists/bcms_setimes/list.bcms_setimes.attrib=loo_mpd=3_thresh=0.9_docnorm=T_tfidf=F.csv
0.395,0.46,0.0,0.095,0.095,0.095,0.095,200,lists/bcms_setimes/list.bcms_setimes.attrib=loo_mpd=20_thresh=0.8_docnorm=T_tfidf=F.csv
0.175,0.8,0.0,0.01,0.01,0.01,0.01,200,lists/bcms_setimes/list.bcms_setimes.attrib=ig_mpd=12_thresh=0.8_docnorm=F_tfidf=F.csv
0.145,0.845,0.0,0.01,0.01,0.01,0.01,200,lists/bcms_setimes/list.bcms_setimes.attrib=loo_mpd=12_thresh=0.5_docnorm=F_tfidf=F.csv
0.18,0.82,0.0,0.0,0.0,0.0,0.0,200,lists/bcms_setimes/list.bcms_setimes.attrib=lime_mpd=14_thresh=0.7_docnorm=F_tfidf=T.csv
0.19,0.8,0.0,0.01,0.01,0.01,0.01,200,lists/bcms_setimes/list.bcms_setimes.attrib=shap_mpd=6_thresh=0.9_docnorm=F_tfidf=T.csv
0.305,0.385,0.0,0.175,0.325,0.495,0.61,200,lists/bcms_setimes/list.bcms_setimes.attrib=loo_mpd=13_thresh=0.2_docnorm=T_tfidf=T.csv
0.185,0.815,0.0,0.0,0.0,0.0,0.0,200,lists/bcms_setimes/list.bcms_setimes.attrib=lime_mpd=20_thresh=1.0_docnorm=F_tfidf=T.csv
0.19,0.8,0.0,0.01,0.01,0.01,0.01,200,lists/bcms_setimes/list.bcms_setimes.attrib=shap_mpd=7_thresh=0.5_docnorm=F_tfidf=T.csv
0.735,0.23,0.0,0.0,0.0,0.0,0.0,200,lists/bcms_setimes/list.bcms_setimes.attrib=ig_mpd=4_thresh=0.7_docnorm=T_tfidf=F.csv
0.16,0.805,0.0,0.035,0.035,0.035,0.035,200,lists/bcms_setimes/list.bcms_setimes.attrib=loo_mpd=16_thresh=0.1_docnorm=F_tfidf=T.csv
0.18,0.82,0.0,0.0,0.0,0.0,0.0,200,lists/bcms_setimes/list.bcms_setimes.attrib=shap_mpd=17_thresh=1.0_docnorm=F_tfidf=F.csv
0.17,0.83,0.0,0.0,0.0,0.0,0.0,200,lists/bcms_setimes/list.bcms_setimes.attrib=shap_mpd=10_thresh=0.1_docnorm=F_tfidf=F.csv
0.24,0.335,0.215,0.64,0.7,0.765,0.815,200,lists/bcms_setimes/list.bcms_setimes.attrib=loo_mpd=2_thresh=0.1_docnorm=T_tfidf=T.csv
0.505,0.395,0.0,0.0,0.025,0.23,0.44,200,lists/bcms_setimes/list.bcms_setimes.attrib=lime_mpd=11_thresh=0.3_docnorm=T_tfidf=F.csv
0.18,0.82,0.0,0.0,0.0,0.0,0.0,200,lists/bcms_setimes/list.bcms_setimes.attrib=lime_mpd=13_thresh=0.9_docnorm=F_tfidf=F.csv
0.425,0.545,0.0,0.0,0.0,0.0,0.0,200,lists/bcms_setimes/list.bcms_setimes.attrib=lime_mpd=9_thresh=1.0_docnorm=T_tfidf=T.csv
0.18,0.82,0.0,0.0,0.0,0.0,0.0,200,lists/bcms_setimes/list.bcms_setimes.attrib=lime_mpd=6_thresh=0.2_docnorm=F_tfidf=F.csv
0.435,0.54,0.0,0.0,0.0,0.0,0.0,200,lists/bcms_setimes/list.bcms_setimes.attrib=lime_mpd=16_thresh=1.0_docnorm=T_tfidf=T.csv
0.17,0.815,0.0,0.0,0.0,0.0,0.0,200,lists/bcms_setimes/list.bcms_setimes.attrib=ig_mpd=6_thresh=0.4_docnorm=F_tfidf=F.csv
0.18,0.82,0.0,0.0,0.0,0.0,0.0,200,lists/bcms_setimes/list.bcms_setimes.attrib=lime_mpd=15_thresh=0.4_docnorm=F_tfidf=T.csv
0.635,0.325,0.0,0.015,0.015,0.015,0.015,200,lists/bcms_setimes/list.bcms_setimes.attrib=ig_mpd=12_thresh=0.9_docnorm=T_tfidf=T.csv
0.19,0.8,0.0,0.01,0.01,0.01,0.01,200,lists/bcms_setimes/list.bcms_setimes.attrib=shap_mpd=7_thresh=0.9_docnorm=F_tfidf=T.csv
0.405,0.29,0.0,0.21,0.44,0.665,0.785,200,lists/bcms_setimes/list.bcms_setimes.attrib=loo_mpd=17_thresh=0.2_docnorm=T_tfidf=F.csv
0.195,0.795,0.0,0.01,0.01,0.01,0.01,200,lists/bcms_setimes/list.bcms_setimes.attrib=shap_mpd=20_thresh=0.8_docnorm=F_tfidf=T.csv
0.18,0.82,0.0,0.0,0.0,0.0,0.0,200,lists/bcms_setimes/list.bcms_setimes.attrib=lime_mpd=12_thresh=0.5_docnorm=F_tfidf=T.csv
0.54,0.41,0.0,0.005,0.005,0.005,0.005,200,lists/bcms_setimes/list.bcms_setimes.attrib=lime_mpd=13_thresh=0.5_docnorm=T_tfidf=F.csv
0.37,0.49,0.0,0.1,0.1,0.1,0.1,200,lists/bcms_setimes/list.bcms_setimes.attrib=loo_mpd=11_thresh=0.6_docnorm=T_tfidf=F.csv
0.17,0.83,0.0,0.0,0.0,0.0,0.0,200,lists/bcms_setimes/list.bcms_setimes.attrib=shap_mpd=9_thresh=0.7_docnorm=F_tfidf=F.csv
0.43,0.305,0.54,0.795,0.875,0.925,0.965,200,lists/bcms_setimes/list.bcms_setimes.attrib=lime_mpd=8_thresh=0.1_docnorm=T_tfidf=T.csv
0.17,0.83,0.0,0.0,0.0,0.0,0.0,200,lists/bcms_setimes/list.bcms_setimes.attrib=shap_mpd=9_thresh=0.1_docnorm=F_tfidf=F.csv
0.25,0.215,0.39,0.875,0.9,0.945,0.965,200,lists/bcms_setimes/list.bcms_setimes.attrib=shap_mpd=15_thresh=0.1_docnorm=T_tfidf=T.csv
0.16,0.805,0.0,0.035,0.035,0.035,0.035,200,lists/bcms_setimes/list.bcms_setimes.attrib=loo_mpd=13_thresh=0.3_docnorm=F_tfidf=T.csv
0.465,0.44,0.0,0.065,0.065,0.065,0.065,200,lists/bcms_setimes/list.bcms_setimes.attrib=shap_mpd=7_thresh=0.9_docnorm=T_tfidf=F.csv
0.2,0.785,0.0,0.0,0.0,0.0,0.0,200,lists/bcms_setimes/list.bcms_setimes.attrib=ig_mpd=2_thresh=0.7_docnorm=F_tfidf=F.csv
0.415,0.295,0.12,0.48,0.6,0.71,0.785,200,lists/bcms_setimes/list.bcms_setimes.attrib=ig_mpd=3_thresh=0.1_docnorm=T_tfidf=F.csv
0.18,0.82,0.0,0.0,0.0,0.0,0.0,200,lists/bcms_setimes/list.bcms_setimes.attrib=lime_mpd=7_thresh=0.7_docnorm=F_tfidf=F.csv
0.345,0.48,0.0,0.09,0.09,0.09,0.09,200,lists/bcms_setimes/list.bcms_setimes.attrib=loo_mpd=4_thresh=0.4_docnorm=T_tfidf=F.csv
0.395,0.475,0.0,0.095,0.095,0.095,0.095,200,lists/bcms_setimes/list.bcms_setimes.attrib=shap_mpd=4_thresh=0.8_docnorm=T_tfidf=T.csv
0.21,0.79,0.0,0.0,0.0,0.0,0.0,200,lists/bcms_setimes/list.bcms_setimes.attrib=lime_mpd=2_thresh=0.4_docnorm=F_tfidf=F.csv
0.145,0.845,0.0,0.01,0.01,0.01,0.01,200,lists/bcms_setimes/list.bcms_setimes.attrib=loo_mpd=13_thresh=0.5_docnorm=F_tfidf=F.csv
0.175,0.8,0.0,0.01,0.01,0.01,0.01,200,lists/bcms_setimes/list.bcms_setimes.attrib=ig_mpd=13_thresh=1.0_docnorm=F_tfidf=F.csv
0.195,0.795,0.0,0.01,0.01,0.01,0.01,200,lists/bcms_setimes/list.bcms_setimes.attrib=shap_mpd=20_thresh=0.2_docnorm=F_tfidf=T.csv
0.465,0.47,0.0,0.05,0.05,0.05,0.05,200,lists/bcms_setimes/list.bcms_setimes.attrib=shap_mpd=20_thresh=1.0_docnorm=T_tfidf=F.csv
0.35,0.47,0.0,0.1,0.1,0.1,0.1,200,lists/bcms_setimes/list.bcms_setimes.attrib=loo_mpd=15_thresh=0.5_docnorm=T_tfidf=F.csv
0.195,0.795,0.0,0.01,0.01,0.01,0.01,200,lists/bcms_setimes/list.bcms_setimes.attrib=shap_mpd=4_thresh=0.9_docnorm=F_tfidf=T.csv
0.165,0.82,0.0,0.0,0.0,0.0,0.0,200,lists/bcms_setimes/list.bcms_setimes.attrib=ig_mpd=7_thresh=0.7_docnorm=F_tfidf=F.csv
0.22,0.32,0.435,0.855,0.9,0.94,0.955,200,lists/bcms_setimes/list.bcms_setimes.attrib=ig_mpd=20_thresh=0.1_docnorm=T_tfidf=T.csv
0.18,0.82,0.0,0.0,0.0,0.0,0.0,200,lists/bcms_setimes/list.bcms_setimes.attrib=shap_mpd=18_thresh=0.8_docnorm=F_tfidf=F.csv
0.305,0.695,0.0,0.0,0.0,0.0,0.0,200,lists/bcms_setimes/list.bcms_setimes.attrib=ig_mpd=1_thresh=0.2_docnorm=F_tfidf=T.csv
0.215,0.325,0.425,0.85,0.895,0.935,0.95,200,lists/bcms_setimes/list.bcms_setimes.attrib=ig_mpd=18_thresh=0.1_docnorm=T_tfidf=T.csv
0.71,0.225,0.0,0.015,0.015,0.015,0.015,200,lists/bcms_setimes/list.bcms_setimes.attrib=ig_mpd=19_thresh=0.5_docnorm=T_tfidf=F.csv
0.285,0.495,0.0,0.15,0.15,0.15,0.15,200,lists/bcms_setimes/list.bcms_setimes.attrib=loo_mpd=20_thresh=0.6_docnorm=T_tfidf=T.csv
0.355,0.5,0.0,0.11,0.11,0.11,0.11,200,lists/bcms_setimes/list.bcms_setimes.attrib=loo_mpd=8_thresh=0.6_docnorm=T_tfidf=F.csv
0.365,0.35,0.0,0.17,0.17,0.17,0.22,200,lists/bcms_setimes/list.bcms_setimes.attrib=shap_mpd=8_thresh=0.4_docnorm=T_tfidf=T.csv
0.18,0.79,0.0,0.01,0.01,0.01,0.01,200,lists/bcms_setimes/list.bcms_setimes.attrib=ig_mpd=20_thresh=0.8_docnorm=F_tfidf=F.csv
0.345,0.475,0.0,0.1,0.1,0.1,0.1,200,lists/bcms_setimes/list.bcms_setimes.attrib=loo_mpd=16_thresh=0.5_docnorm=T_tfidf=F.csv
0.185,0.815,0.0,0.0,0.0,0.0,0.0,200,lists/bcms_setimes/list.bcms_setimes.attrib=lime_mpd=18_thresh=1.0_docnorm=F_tfidf=F.csv
0.215,0.775,0.0,0.01,0.01,0.01,0.01,200,lists/bcms_setimes/list.bcms_setimes.attrib=shap_mpd=2_thresh=0.9_docnorm=F_tfidf=T.csv
0.505,0.41,0.0,0.055,0.055,0.055,0.055,200,lists/bcms_setimes/list.bcms_setimes.attrib=ig_mpd=2_thresh=0.7_docnorm=T_tfidf=T.csv
0.42,0.38,0.0,0.17,0.39,0.565,0.67,200,lists/bcms_setimes/list.bcms_setimes.attrib=lime_mpd=20_thresh=0.2_docnorm=T_tfidf=T.csv
0.175,0.825,0.0,0.0,0.0,0.0,0.0,200,lists/bcms_setimes/list.bcms_setimes.attrib=shap_mpd=8_thresh=0.6_docnorm=F_tfidf=F.csv
0.17,0.82,0.0,0.01,0.01,0.01,0.01,200,lists/bcms_setimes/list.bcms_setimes.attrib=loo_mpd=2_thresh=0.6_docnorm=F_tfidf=F.csv
0.18,0.82,0.0,0.0,0.0,0.0,0.0,200,lists/bcms_setimes/list.bcms_setimes.attrib=ig_mpd=6_thresh=0.7_docnorm=F_tfidf=T.csv
0.475,0.49,0.0,0.0,0.0,0.0,0.0,200,lists/bcms_setimes/list.bcms_setimes.attrib=lime_mpd=8_thresh=0.7_docnorm=T_tfidf=F.csv
0.46,0.48,0.0,0.045,0.045,0.045,0.045,200,lists/bcms_setimes/list.bcms_setimes.attrib=shap_mpd=1_thresh=0.8_docnorm=T_tfidf=T.csv
0.37,0.35,0.0,0.175,0.175,0.175,0.23,200,lists/bcms_setimes/list.bcms_setimes.attrib=shap_mpd=11_thresh=0.4_docnorm=T_tfidf=T.csv
0.19,0.8,0.0,0.01,0.01,0.01,0.01,200,lists/bcms_setimes/list.bcms_setimes.attrib=shap_mpd=11_thresh=0.6_docnorm=F_tfidf=T.csv
0.19,0.8,0.0,0.01,0.01,0.01,0.01,200,lists/bcms_setimes/list.bcms_setimes.attrib=shap_mpd=6_thresh=1.0_docnorm=F_tfidf=T.csv
0.2,0.79,0.0,0.01,0.01,0.01,0.01,200,lists/bcms_setimes/list.bcms_setimes.attrib=shap_mpd=13_thresh=0.2_docnorm=F_tfidf=T.csv
0.145,0.845,0.0,0.01,0.01,0.01,0.01,200,lists/bcms_setimes/list.bcms_setimes.attrib=loo_mpd=12_thresh=0.2_docnorm=F_tfidf=F.csv
0.195,0.795,0.0,0.01,0.01,0.01,0.01,200,lists/bcms_setimes/list.bcms_setimes.attrib=shap_mpd=17_thresh=0.8_docnorm=F_tfidf=T.csv
0.475,0.305,0.0,0.095,0.095,0.2,0.36,200,lists/bcms_setimes/list.bcms_setimes.attrib=ig_mpd=14_thresh=0.3_docnorm=T_tfidf=T.csv
0.37,0.455,0.0,0.09,0.09,0.09,0.09,200,lists/bcms_setimes/list.bcms_setimes.attrib=loo_mpd=6_thresh=0.4_docnorm=T_tfidf=F.csv
0.39,0.44,0.0,0.135,0.135,0.135,0.135,200,lists/bcms_setimes/list.bcms_setimes.attrib=shap_mpd=6_thresh=0.8_docnorm=T_tfidf=T.csv
0.185,0.815,0.0,0.0,0.0,0.0,0.0,200,lists/bcms_setimes/list.bcms_setimes.attrib=lime_mpd=16_thresh=1.0_docnorm=F_tfidf=T.csv
0.43,0.475,0.0,0.075,0.075,0.075,0.075,200,lists/bcms_setimes/list.bcms_setimes.attrib=shap_mpd=14_thresh=1.0_docnorm=T_tfidf=T.csv
0.16,0.8,0.0,0.035,0.035,0.035,0.035,200,lists/bcms_setimes/list.bcms_setimes.attrib=loo_mpd=6_thresh=0.1_docnorm=F_tfidf=T.csv
0.18,0.82,0.0,0.0,0.0,0.0,0.0,200,lists/bcms_setimes/list.bcms_setimes.attrib=ig_mpd=6_thresh=0.8_docnorm=F_tfidf=T.csv
0.455,0.53,0.0,0.0,0.0,0.0,0.0,200,lists/bcms_setimes/list.bcms_setimes.attrib=lime_mpd=16_thresh=1.0_docnorm=T_tfidf=F.csv
0.26,0.71,0.0,0.025,0.025,0.025,0.025,200,lists/bcms_setimes/list.bcms_setimes.attrib=loo_mpd=9_thresh=1.0_docnorm=T_tfidf=F.csv
0.145,0.845,0.0,0.01,0.01,0.01,0.01,200,lists/bcms_setimes/list.bcms_setimes.attrib=loo_mpd=13_thresh=0.9_docnorm=F_tfidf=F.csv
0.755,0.21,0.0,0.005,0.005,0.005,0.005,200,lists/bcms_setimes/list.bcms_setimes.attrib=ig_mpd=9_thresh=0.7_docnorm=T_tfidf=F.csv
0.235,0.615,0.0,0.125,0.125,0.125,0.125,200,lists/bcms_setimes/list.bcms_setimes.attrib=loo_mpd=2_thresh=0.5_docnorm=T_tfidf=T.csv
0.175,0.79,0.0,0.03,0.03,0.03,0.03,200,lists/bcms_setimes/list.bcms_setimes.attrib=loo_mpd=4_thresh=0.9_docnorm=F_tfidf=T.csv
0.51,0.46,0.0,0.015,0.015,0.015,0.015,200,lists/bcms_setimes/list.bcms_setimes.attrib=ig_mpd=8_thresh=1.0_docnorm=T_tfidf=T.csv
0.29,0.62,0.0,0.08,0.08,0.08,0.08,200,lists/bcms_setimes/list.bcms_setimes.attrib=loo_mpd=1_thresh=0.7_docnorm=T_tfidf=T.csv
0.43,0.46,0.0,0.0,0.0,0.025,0.09,200,lists/bcms_setimes/list.bcms_setimes.attrib=lime_mpd=2_thresh=0.3_docnorm=T_tfidf=T.csv
0.145,0.845,0.0,0.01,0.01,0.01,0.01,200,lists/bcms_setimes/list.bcms_setimes.attrib=loo_mpd=19_thresh=0.3_docnorm=F_tfidf=F.csv
0.17,0.82,0.0,0.01,0.01,0.01,0.01,200,lists/bcms_setimes/list.bcms_setimes.attrib=loo_mpd=2_thresh=0.2_docnorm=F_tfidf=F.csv
0.16,0.805,0.0,0.035,0.035,0.035,0.035,200,lists/bcms_setimes/list.bcms_setimes.attrib=loo_mpd=14_thresh=0.5_docnorm=F_tfidf=T.csv
0.61,0.325,0.0,0.015,0.015,0.015,0.04,200,lists/bcms_setimes/list.bcms_setimes.attrib=ig_mpd=1_thresh=0.3_docnorm=T_tfidf=F.csv
0.22,0.335,0.405,0.82,0.865,0.915,0.935,200,lists/bcms_setimes/list.bcms_setimes.attrib=ig_mpd=14_thresh=0.1_docnorm=T_tfidf=T.csv
0.37,0.335,0.0,0.165,0.17,0.33,0.475,200,lists/bcms_setimes/list.bcms_setimes.attrib=shap_mpd=14_thresh=0.3_docnorm=T_tfidf=T.csv
0.48,0.44,0.0,0.005,0.005,0.005,0.07,200,lists/bcms_setimes/list.bcms_setimes.attrib=lime_mpd=7_thresh=0.4_docnorm=T_tfidf=F.csv
0.2,0.755,0.0,0.04,0.04,0.04,0.04,200,lists/bcms_setimes/list.bcms_setimes.attrib=loo_mpd=1_thresh=0.6_docnorm=F_tfidf=T.csv
0.37,0.58,0.0,0.0,0.0,0.0,0.0,200,lists/bcms_setimes/list.bcms_setimes.attrib=lime_mpd=4_thresh=0.8_docnorm=T_tfidf=F.csv
0.17,0.815,0.0,0.0,0.0,0.0,0.0,200,lists/bcms_setimes/list.bcms_setimes.attrib=ig_mpd=6_thresh=0.6_docnorm=F_tfidf=F.csv
0.295,0.48,0.0,0.14,0.14,0.14,0.14,200,lists/bcms_setimes/list.bcms_setimes.attrib=loo_mpd=15_thresh=0.5_docnorm=T_tfidf=T.csv
0.25,0.28,0.25,0.725,0.79,0.855,0.905,200,lists/bcms_setimes/list.bcms_setimes.attrib=loo_mpd=3_thresh=0.1_docnorm=T_tfidf=T.csv
0.16,0.805,0.0,0.035,0.035,0.035,0.035,200,lists/bcms_setimes/list.bcms_setimes.attrib=loo_mpd=17_thresh=0.2_docnorm=F_tfidf=T.csv
0.16,0.805,0.0,0.035,0.035,0.035,0.035,200,lists/bcms_setimes/list.bcms_setimes.attrib=loo_mpd=20_thresh=0.3_docnorm=F_tfidf=T.csv
0.205,0.785,0.0,0.0,0.0,0.0,0.0,200,lists/bcms_setimes/list.bcms_setimes.attrib=ig_mpd=14_thresh=0.1_docnorm=F_tfidf=T.csv
0.525,0.19,0.765,0.93,0.975,0.99,0.995,200,lists/bcms_setimes/list.bcms_setimes.attrib=lime_mpd=8_thresh=0.1_docnorm=T_tfidf=F.csv
0.4,0.46,0.0,0.1,0.1,0.1,0.1,200,lists/bcms_setimes/list.bcms_setimes.attrib=loo_mpd=19_thresh=0.8_docnorm=T_tfidf=F.csv
0.355,0.62,0.0,0.015,0.015,0.015,0.015,200,lists/bcms_setimes/list.bcms_setimes.attrib=shap_mpd=2_thresh=1.0_docnorm=T_tfidf=F.csv
0.465,0.44,0.0,0.055,0.055,0.055,0.055,200,lists/bcms_setimes/list.bcms_setimes.attrib=shap_mpd=4_thresh=0.8_docnorm=T_tfidf=F.csv
0.16,0.805,0.0,0.035,0.035,0.035,0.035,200,lists/bcms_setimes/list.bcms_setimes.attrib=loo_mpd=15_thresh=0.5_docnorm=F_tfidf=T.csv
0.145,0.845,0.0,0.01,0.01,0.01,0.01,200,lists/bcms_setimes/list.bcms_setimes.attrib=loo_mpd=7_thresh=0.9_docnorm=F_tfidf=F.csv
0.735,0.225,0.0,0.005,0.005,0.005,0.005,200,lists/bcms_setimes/list.bcms_setimes.attrib=ig_mpd=4_thresh=0.6_docnorm=T_tfidf=F.csv
0.73,0.225,0.0,0.01,0.01,0.01,0.01,200,lists/bcms_setimes/list.bcms_setimes.attrib=ig_mpd=14_thresh=0.6_docnorm=T_tfidf=F.csv
0.45,0.48,0.0,0.0,0.0,0.0,0.005,200,lists/bcms_setimes/list.bcms_setimes.attrib=lime_mpd=6_thresh=0.6_docnorm=T_tfidf=T.csv
0.47,0.45,0.0,0.0,0.0,0.0,0.005,200,lists/bcms_setimes/list.bcms_setimes.attrib=lime_mpd=17_thresh=0.5_docnorm=T_tfidf=T.csv
0.45,0.48,0.0,0.0,0.0,0.0,0.005,200,lists/bcms_setimes/list.bcms_setimes.attrib=lime_mpd=12_thresh=0.6_docnorm=T_tfidf=T.csv
0.42,0.445,0.0,0.11,0.11,0.11,0.11,200,lists/bcms_setimes/list.bcms_setimes.attrib=shap_mpd=12_thresh=0.9_docnorm=T_tfidf=T.csv
0.185,0.815,0.0,0.0,0.0,0.0,0.0,200,lists/bcms_setimes/list.bcms_setimes.attrib=lime_mpd=18_thresh=0.7_docnorm=F_tfidf=T.csv
0.225,0.775,0.0,0.0,0.0,0.0,0.0,200,lists/bcms_setimes/list.bcms_setimes.attrib=ig_mpd=3_thresh=0.3_docnorm=F_tfidf=T.csv
0.18,0.785,0.0,0.03,0.03,0.03,0.03,200,lists/bcms_setimes/list.bcms_setimes.attrib=loo_mpd=3_thresh=0.9_docnorm=F_tfidf=T.csv
0.185,0.815,0.0,0.0,0.0,0.0,0.0,200,lists/bcms_setimes/list.bcms_setimes.attrib=lime_mpd=6_thresh=1.0_docnorm=F_tfidf=T.csv
0.45,0.48,0.0,0.0,0.0,0.0,0.0,200,lists/bcms_setimes/list.bcms_setimes.attrib=lime_mpd=10_thresh=0.7_docnorm=T_tfidf=T.csv
0.17,0.83,0.0,0.0,0.0,0.0,0.0,200,lists/bcms_setimes/list.bcms_setimes.attrib=shap_mpd=9_thresh=0.2_docnorm=F_tfidf=F.csv
0.275,0.585,0.0,0.125,0.125,0.125,0.125,200,lists/bcms_setimes/list.bcms_setimes.attrib=loo_mpd=4_thresh=0.6_docnorm=T_tfidf=T.csv
0.195,0.795,0.0,0.01,0.01,0.01,0.01,200,lists/bcms_setimes/list.bcms_setimes.attrib=shap_mpd=18_thresh=0.1_docnorm=F_tfidf=T.csv
0.39,0.28,0.0,0.225,0.46,0.705,0.82,200,lists/bcms_setimes/list.bcms_setimes.attrib=loo_mpd=19_thresh=0.2_docnorm=T_tfidf=F.csv
0.46,0.44,0.0,0.065,0.065,0.065,0.065,200,lists/bcms_setimes/list.bcms_setimes.attrib=shap_mpd=9_thresh=0.9_docnorm=T_tfidf=F.csv
0.735,0.215,0.0,0.01,0.01,0.01,0.01,200,lists/bcms_setimes/list.bcms_setimes.attrib=ig_mpd=13_thresh=0.6_docnorm=T_tfidf=F.csv
0.375,0.47,0.0,0.11,0.11,0.11,0.11,200,lists/bcms_setimes/list.bcms_setimes.attrib=loo_mpd=13_thresh=0.7_docnorm=T_tfidf=F.csv
0.16,0.805,0.0,0.035,0.035,0.035,0.035,200,lists/bcms_setimes/list.bcms_setimes.attrib=loo_mpd=12_thresh=0.1_docnorm=F_tfidf=T.csv
0.25,0.66,0.0,0.065,0.065,0.065,0.065,200,lists/bcms_setimes/list.bcms_setimes.attrib=loo_mpd=2_thresh=0.6_docnorm=T_tfidf=F.csv
0.415,0.435,0.0,0.12,0.12,0.12,0.12,200,lists/bcms_setimes/list.bcms_setimes.attrib=shap_mpd=19_thresh=0.9_docnorm=T_tfidf=T.csv
0.235,0.765,0.0,0.0,0.0,0.0,0.0,200,lists/bcms_setimes/list.bcms_setimes.attrib=lime_mpd=1_thresh=0.9_docnorm=F_tfidf=F.csv
0.16,0.8,0.0,0.035,0.035,0.035,0.035,200,lists/bcms_setimes/list.bcms_setimes.attrib=loo_mpd=8_thresh=0.6_docnorm=F_tfidf=T.csv
0.24,0.76,0.0,0.0,0.0,0.0,0.0,200,lists/bcms_setimes/list.bcms_setimes.attrib=ig_mpd=2_thresh=1.0_docnorm=F_tfidf=T.csv
0.445,0.54,0.0,0.0,0.0,0.0,0.0,200,lists/bcms_setimes/list.bcms_setimes.attrib=lime_mpd=13_thresh=1.0_docnorm=T_tfidf=F.csv
0.18,0.82,0.0,0.0,0.0,0.0,0.0,200,lists/bcms_setimes/list.bcms_setimes.attrib=lime_mpd=15_thresh=0.6_docnorm=F_tfidf=T.csv
0.335,0.43,0.0,0.145,0.145,0.145,0.15,200,lists/bcms_setimes/list.bcms_setimes.attrib=shap_mpd=3_thresh=0.4_docnorm=T_tfidf=T.csv
0.16,0.8,0.0,0.035,0.035,0.035,0.035,200,lists/bcms_setimes/list.bcms_setimes.attrib=loo_mpd=8_thresh=0.1_docnorm=F_tfidf=T.csv
0.4,0.305,0.0,0.15,0.305,0.53,0.69,200,lists/bcms_setimes/list.bcms_setimes.attrib=loo_mpd=8_thresh=0.2_docnorm=T_tfidf=F.csv
0.32,0.515,0.0,0.12,0.12,0.12,0.12,200,lists/bcms_setimes/list.bcms_setimes.attrib=loo_mpd=12_thresh=0.7_docnorm=T_tfidf=T.csv
0.2,0.79,0.0,0.0,0.0,0.0,0.0,200,lists/bcms_setimes/list.bcms_setimes.attrib=ig_mpd=13_thresh=0.2_docnorm=F_tfidf=T.csv
0.18,0.82,0.0,0.0,0.0,0.0,0.0,200,lists/bcms_setimes/list.bcms_setimes.attrib=ig_mpd=7_thresh=0.2_docnorm=F_tfidf=T.csv
0.305,0.5,0.0,0.145,0.145,0.145,0.145,200,lists/bcms_setimes/list.bcms_setimes.attrib=loo_mpd=7_thresh=0.5_docnorm=T_tfidf=T.csv
0.15,0.84,0.0,0.01,0.01,0.01,0.01,200,lists/bcms_setimes/list.bcms_setimes.attrib=loo_mpd=5_thresh=1.0_docnorm=F_tfidf=F.csv
0.42,0.55,0.0,0.0,0.0,0.0,0.0,200,lists/bcms_setimes/list.bcms_setimes.attrib=lime_mpd=7_thresh=1.0_docnorm=T_tfidf=T.csv
0.63,0.33,0.0,0.015,0.015,0.015,0.015,200,lists/bcms_setimes/list.bcms_setimes.attrib=ig_mpd=11_thresh=0.9_docnorm=T_tfidf=T.csv
0.475,0.485,0.0,0.0,0.0,0.0,0.0,200,lists/bcms_setimes/list.bcms_setimes.attrib=lime_mpd=12_thresh=0.8_docnorm=T_tfidf=F.csv
0.16,0.805,0.0,0.035,0.035,0.035,0.035,200,lists/bcms_setimes/list.bcms_setimes.attrib=loo_mpd=20_thresh=0.9_docnorm=F_tfidf=T.csv
0.245,0.74,0.0,0.0,0.0,0.0,0.0,200,lists/bcms_setimes/list.bcms_setimes.attrib=ig_mpd=1_thresh=0.4_docnorm=F_tfidf=F.csv
0.19,0.8,0.0,0.01,0.01,0.01,0.01,200,lists/bcms_setimes/list.bcms_setimes.attrib=shap_mpd=8_thresh=0.6_docnorm=F_tfidf=T.csv
0.185,0.815,0.0,0.0,0.0,0.0,0.0,200,lists/bcms_setimes/list.bcms_setimes.attrib=lime_mpd=18_thresh=0.5_docnorm=F_tfidf=F.csv
0.52,0.195,0.765,0.93,0.975,0.99,0.995,200,lists/bcms_setimes/list.bcms_setimes.attrib=lime_mpd=11_thresh=0.1_docnorm=T_tfidf=F.csv
0.145,0.845,0.0,0.01,0.01,0.01,0.01,200,lists/bcms_setimes/list.bcms_setimes.attrib=loo_mpd=14_thresh=0.6_docnorm=F_tfidf=F.csv
0.145,0.845,0.0,0.01,0.01,0.01,0.01,200,lists/bcms_setimes/list.bcms_setimes.attrib=loo_mpd=10_thresh=0.4_docnorm=F_tfidf=F.csv
0.435,0.52,0.0,0.035,0.035,0.035,0.035,200,lists/bcms_setimes/list.bcms_setimes.attrib=shap_mpd=5_thresh=1.0_docnorm=T_tfidf=T.csv
0.42,0.415,0.0,0.14,0.14,0.14,0.14,200,lists/bcms_setimes/list.bcms_setimes.attrib=shap_mpd=15_thresh=0.8_docnorm=T_tfidf=T.csv
0.455,0.42,0.0,0.0,0.0,0.0,0.07,200,lists/bcms_setimes/list.bcms_setimes.attrib=lime_mpd=9_thresh=0.4_docnorm=T_tfidf=T.csv
0.185,0.815,0.0,0.0,0.0,0.0,0.0,200,lists/bcms_setimes/list.bcms_setimes.attrib=lime_mpd=6_thresh=0.6_docnorm=F_tfidf=T.csv
0.18,0.82,0.0,0.0,0.0,0.0,0.0,200,lists/bcms_setimes/list.bcms_setimes.attrib=shap_mpd=18_thresh=0.3_docnorm=F_tfidf=F.csv
0.19,0.8,0.0,0.01,0.01,0.01,0.01,200,lists/bcms_setimes/list.bcms_setimes.attrib=shap_mpd=9_thresh=0.6_docnorm=F_tfidf=T.csv
0.145,0.845,0.0,0.01,0.01,0.01,0.01,200,lists/bcms_setimes/list.bcms_setimes.attrib=loo_mpd=11_thresh=0.8_docnorm=F_tfidf=F.csv
0.255,0.7,0.0,0.005,0.005,0.005,0.005,200,lists/bcms_setimes/list.bcms_setimes.attrib=lime_mpd=1_thresh=0.6_docnorm=T_tfidf=F.csv
0.485,0.355,0.0,0.125,0.125,0.125,0.125,200,lists/bcms_setimes/list.bcms_setimes.attrib=shap_mpd=20_thresh=0.5_docnorm=T_tfidf=F.csv
0.29,0.655,0.0,0.005,0.005,0.005,0.005,200,lists/bcms_setimes/list.bcms_setimes.attrib=lime_mpd=1_thresh=0.4_docnorm=T_tfidf=F.csv
0.445,0.405,0.0,0.125,0.125,0.125,0.125,200,lists/bcms_setimes/list.bcms_setimes.attrib=shap_mpd=7_thresh=0.6_docnorm=T_tfidf=F.csv
0.175,0.795,0.0,0.01,0.01,0.01,0.01,200,lists/bcms_setimes/list.bcms_setimes.attrib=ig_mpd=16_thresh=0.9_docnorm=F_tfidf=F.csv
0.335,0.19,0.435,0.815,0.865,0.93,0.955,200,lists/bcms_setimes/list.bcms_setimes.attrib=ig_mpd=15_thresh=0.1_docnorm=T_tfidf=F.csv
0.31,0.37,0.0,0.175,0.32,0.48,0.595,200,lists/bcms_setimes/list.bcms_setimes.attrib=loo_mpd=12_thresh=0.2_docnorm=T_tfidf=T.csv
0.515,0.33,0.0,0.175,0.45,0.66,0.76,200,lists/bcms_setimes/list.bcms_setimes.attrib=lime_mpd=8_thresh=0.2_docnorm=T_tfidf=F.csv
0.495,0.455,0.0,0.0,0.0,0.0,0.005,200,lists/bcms_setimes/list.bcms_setimes.attrib=lime_mpd=15_thresh=0.6_docnorm=T_tfidf=F.csv
0.145,0.845,0.0,0.01,0.01,0.01,0.01,200,lists/bcms_setimes/list.bcms_setimes.attrib=loo_mpd=14_thresh=0.9_docnorm=F_tfidf=F.csv
0.435,0.435,0.0,0.105,0.105,0.105,0.105,200,lists/bcms_setimes/list.bcms_setimes.attrib=shap_mpd=11_thresh=0.9_docnorm=T_tfidf=T.csv
0.375,0.37,0.0,0.15,0.15,0.285,0.395,200,lists/bcms_setimes/list.bcms_setimes.attrib=shap_mpd=6_thresh=0.3_docnorm=T_tfidf=T.csv
0.565,0.365,0.0,0.04,0.04,0.04,0.04,200,lists/bcms_setimes/list.bcms_setimes.attrib=ig_mpd=3_thresh=0.8_docnorm=T_tfidf=T.csv
0.755,0.22,0.0,0.0,0.0,0.0,0.0,200,lists/bcms_setimes/list.bcms_setimes.attrib=ig_mpd=11_thresh=0.8_docnorm=T_tfidf=F.csv
0.19,0.8,0.0,0.01,0.01,0.01,0.01,200,lists/bcms_setimes/list.bcms_setimes.attrib=shap_mpd=9_thresh=0.4_docnorm=F_tfidf=T.csv
0.31,0.43,0.0,0.13,0.13,0.145,0.215,200,lists/bcms_setimes/list.bcms_setimes.attrib=loo_mpd=9_thresh=0.3_docnorm=T_tfidf=T.csv
0.275,0.17,0.485,0.965,0.985,0.995,1.0,200,lists/bcms_setimes/list.bcms_setimes.attrib=loo_mpd=9_thresh=0.1_docnorm=T_tfidf=F.csv
0.5,0.44,0.0,0.0,0.0,0.0,0.08,200,lists/bcms_setimes/list.bcms_setimes.attrib=lime_mpd=15_thresh=0.4_docnorm=T_tfidf=F.csv
0.22,0.77,0.0,0.0,0.0,0.0,0.0,200,lists/bcms_setimes/list.bcms_setimes.attrib=ig_mpd=20_thresh=1.0_docnorm=F_tfidf=T.csv
0.19,0.81,0.0,0.0,0.0,0.0,0.0,200,lists/bcms_setimes/list.bcms_setimes.attrib=lime_mpd=3_thresh=0.3_docnorm=F_tfidf=T.csv
0.235,0.765,0.0,0.0,0.0,0.0,0.0,200,lists/bcms_setimes/list.bcms_setimes.attrib=lime_mpd=1_thresh=0.8_docnorm=F_tfidf=F.csv
0.175,0.825,0.0,0.0,0.0,0.0,0.0,200,lists/bcms_setimes/list.bcms_setimes.attrib=shap_mpd=14_thresh=0.2_docnorm=F_tfidf=F.csv
0.245,0.755,0.0,0.0,0.0,0.0,0.0,200,lists/bcms_setimes/list.bcms_setimes.attrib=ig_mpd=2_thresh=0.6_docnorm=F_tfidf=T.csv
0.175,0.8,0.0,0.01,0.01,0.01,0.01,200,lists/bcms_setimes/list.bcms_setimes.attrib=ig_mpd=14_thresh=0.5_docnorm=F_tfidf=F.csv
0.405,0.56,0.0,0.0,0.0,0.0,0.0,200,lists/bcms_setimes/list.bcms_setimes.attrib=lime_mpd=7_thresh=0.8_docnorm=T_tfidf=T.csv
0.185,0.78,0.0,0.03,0.03,0.03,0.03,200,lists/bcms_setimes/list.bcms_setimes.attrib=loo_mpd=2_thresh=0.9_docnorm=F_tfidf=T.csv
0.185,0.815,0.0,0.0,0.0,0.0,0.0,200,lists/bcms_setimes/list.bcms_setimes.attrib=lime_mpd=17_thresh=0.4_docnorm=F_tfidf=T.csv
0.48,0.485,0.0,0.0,0.0,0.0,0.0,200,lists/bcms_setimes/list.bcms_setimes.attrib=lime_mpd=13_thresh=0.7_docnorm=T_tfidf=F.csv
0.41,0.395,0.0,0.155,0.365,0.555,0.655,200,lists/bcms_setimes/list.bcms_setimes.attrib=lime_mpd=12_thresh=0.2_docnorm=T_tfidf=T.csv
0.415,0.55,0.0,0.03,0.03,0.03,0.03,200,lists/bcms_setimes/list.bcms_setimes.attrib=shap_mpd=3_thresh=1.0_docnorm=T_tfidf=T.csv
0.37,0.505,0.0,0.08,0.08,0.08,0.08,200,lists/bcms_setimes/list.bcms_setimes.attrib=loo_mpd=8_thresh=0.7_docnorm=T_tfidf=F.csv
0.395,0.39,0.0,0.175,0.175,0.175,0.175,200,lists/bcms_setimes/list.bcms_setimes.attrib=shap_mpd=16_thresh=0.6_docnorm=T_tfidf=T.csv
0.65,0.285,0.0,0.03,0.03,0.03,0.03,200,lists/bcms_setimes/list.bcms_setimes.attrib=ig_mpd=6_thresh=0.7_docnorm=T_tfidf=T.csv
0.48,0.425,0.0,0.075,0.075,0.075,0.075,200,lists/bcms_setimes/list.bcms_setimes.attrib=shap_mpd=8_thresh=0.8_docnorm=T_tfidf=F.csv
0.62,0.365,0.0,0.0,0.0,0.0,0.0,200,lists/bcms_setimes/list.bcms_setimes.attrib=ig_mpd=19_thresh=1.0_docnorm=T_tfidf=F.csv
0.425,0.435,0.0,0.07,0.07,0.085,0.115,200,lists/bcms_setimes/list.bcms_setimes.attrib=loo_mpd=4_thresh=0.3_docnorm=T_tfidf=F.csv
0.425,0.38,0.0,0.165,0.385,0.565,0.67,200,lists/bcms_setimes/list.bcms_setimes.attrib=lime_mpd=19_thresh=0.2_docnorm=T_tfidf=T.csv
0.215,0.775,0.0,0.01,0.01,0.01,0.01,200,lists/bcms_setimes/list.bcms_setimes.attrib=shap_mpd=2_thresh=0.7_docnorm=F_tfidf=T.csv
0.2,0.795,0.0,0.005,0.005,0.005,0.005,200,lists/bcms_setimes/list.bcms_setimes.attrib=shap_mpd=3_thresh=0.5_docnorm=F_tfidf=F.csv
0.145,0.845,0.0,0.01,0.01,0.01,0.01,200,lists/bcms_setimes/list.bcms_setimes.attrib=loo_mpd=14_thresh=0.2_docnorm=F_tfidf=F.csv
0.185,0.815,0.0,0.0,0.0,0.0,0.0,200,lists/bcms_setimes/list.bcms_setimes.attrib=lime_mpd=19_thresh=0.5_docnorm=F_tfidf=T.csv
0.18,0.82,0.0,0.0,0.0,0.0,0.0,200,lists/bcms_setimes/list.bcms_setimes.attrib=shap_mpd=6_thresh=1.0_docnorm=F_tfidf=F.csv
0.16,0.805,0.0,0.035,0.035,0.035,0.035,200,lists/bcms_setimes/list.bcms_setimes.attrib=loo_mpd=15_thresh=0.4_docnorm=F_tfidf=T.csv
0.605,0.295,0.0,0.075,0.245,0.385,0.5,200,lists/bcms_setimes/list.bcms_setimes.attrib=ig_mpd=15_thresh=0.2_docnorm=T_tfidf=F.csv
0.19,0.8,0.0,0.01,0.01,0.01,0.01,200,lists/bcms_setimes/list.bcms_setimes.attrib=shap_mpd=9_thresh=0.9_docnorm=F_tfidf=T.csv
0.185,0.815,0.0,0.0,0.0,0.0,0.0,200,lists/bcms_setimes/list.bcms_setimes.attrib=lime_mpd=17_thresh=0.8_docnorm=F_tfidf=T.csv
0.185,0.815,0.0,0.0,0.0,0.0,0.0,200,lists/bcms_setimes/list.bcms_setimes.attrib=lime_mpd=20_thresh=1.0_docnorm=F_tfidf=F.csv
0.145,0.845,0.0,0.01,0.01,0.01,0.01,200,lists/bcms_setimes/list.bcms_setimes.attrib=loo_mpd=16_thresh=0.8_docnorm=F_tfidf=F.csv
0.19,0.8,0.0,0.01,0.01,0.01,0.01,200,lists/bcms_setimes/list.bcms_setimes.attrib=loo_mpd=1_thresh=0.5_docnorm=F_tfidf=F.csv
0.41,0.44,0.0,0.12,0.12,0.12,0.12,200,lists/bcms_setimes/list.bcms_setimes.attrib=shap_mpd=16_thresh=0.9_docnorm=T_tfidf=T.csv
0.205,0.79,0.0,0.005,0.005,0.005,0.005,200,lists/bcms_setimes/list.bcms_setimes.attrib=shap_mpd=2_thresh=0.8_docnorm=F_tfidf=F.csv
0.73,0.255,0.0,0.0,0.0,0.0,0.0,200,lists/bcms_setimes/list.bcms_setimes.attrib=ig_mpd=14_thresh=0.9_docnorm=T_tfidf=F.csv
0.475,0.375,0.0,0.13,0.13,0.13,0.13,200,lists/bcms_setimes/list.bcms_setimes.attrib=shap_mpd=15_thresh=0.6_docnorm=T_tfidf=F.csv
0.18,0.78,0.0,0.035,0.035,0.035,0.035,200,lists/bcms_setimes/list.bcms_setimes.attrib=loo_mpd=3_thresh=0.1_docnorm=F_tfidf=T.csv
0.175,0.825,0.0,0.0,0.0,0.0,0.0,200,lists/bcms_setimes/list.bcms_setimes.attrib=shap_mpd=14_thresh=0.7_docnorm=F_tfidf=F.csv
0.2689655172413793,0.7241379310344828,0.0,0.0,0.0,0.0,0.0,145,lists/bcms_setimes/list.bcms_setimes.attrib=ig_mpd=1_thresh=1.0_docnorm=F_tfidf=F.csv
0.18,0.82,0.0,0.0,0.0,0.0,0.0,200,lists/bcms_setimes/list.bcms_setimes.attrib=lime_mpd=5_thresh=0.4_docnorm=F_tfidf=F.csv
0.595,0.295,0.0,0.08,0.08,0.08,0.08,200,lists/bcms_setimes/list.bcms_setimes.attrib=ig_mpd=8_thresh=0.5_docnorm=T_tfidf=T.csv
0.195,0.795,0.0,0.01,0.01,0.01,0.01,200,lists/bcms_setimes/list.bcms_setimes.attrib=shap_mpd=15_thresh=0.7_docnorm=F_tfidf=T.csv
0.235,0.765,0.0,0.0,0.0,0.0,0.0,200,lists/bcms_setimes/list.bcms_setimes.attrib=lime_mpd=1_thresh=1.0_docnorm=F_tfidf=F.csv
0.165,0.81,0.0,0.01,0.01,0.01,0.01,200,lists/bcms_setimes/list.bcms_setimes.attrib=ig_mpd=10_thresh=0.3_docnorm=F_tfidf=F.csv
0.495,0.455,0.0,0.0,0.0,0.0,0.005,200,lists/bcms_setimes/list.bcms_setimes.attrib=lime_mpd=17_thresh=0.6_docnorm=T_tfidf=F.csv
0.195,0.795,0.0,0.01,0.01,0.01,0.01,200,lists/bcms_setimes/list.bcms_setimes.attrib=shap_mpd=18_thresh=0.5_docnorm=F_tfidf=T.csv
0.195,0.795,0.0,0.01,0.01,0.01,0.01,200,lists/bcms_setimes/list.bcms_setimes.attrib=shap_mpd=16_thresh=0.8_docnorm=F_tfidf=T.csv
0.16,0.8,0.0,0.035,0.035,0.035,0.035,200,lists/bcms_setimes/list.bcms_setimes.attrib=loo_mpd=9_thresh=0.9_docnorm=F_tfidf=T.csv
0.18,0.82,0.0,0.0,0.0,0.0,0.0,200,lists/bcms_setimes/list.bcms_setimes.attrib=shap_mpd=19_thresh=1.0_docnorm=F_tfidf=F.csv
0.18,0.82,0.0,0.0,0.0,0.0,0.0,200,lists/bcms_setimes/list.bcms_setimes.attrib=lime_mpd=15_thresh=0.2_docnorm=F_tfidf=T.csv
0.4,0.325,0.0,0.19,0.345,0.52,0.655,200,lists/bcms_setimes/list.bcms_setimes.attrib=ig_mpd=11_thresh=0.2_docnorm=T_tfidf=T.csv
0.49,0.46,0.0,0.0,0.0,0.0,0.005,200,lists/bcms_setimes/list.bcms_setimes.attrib=lime_mpd=9_thresh=0.6_docnorm=T_tfidf=F.csv
0.16,0.805,0.0,0.035,0.035,0.035,0.035,200,lists/bcms_setimes/list.bcms_setimes.attrib=loo_mpd=16_thresh=0.6_docnorm=F_tfidf=T.csv
0.4,0.52,0.0,0.06,0.06,0.06,0.06,200,lists/bcms_setimes/list.bcms_setimes.attrib=loo_mpd=20_thresh=1.0_docnorm=T_tfidf=F.csv
0.475,0.485,0.0,0.0,0.0,0.0,0.0,200,lists/bcms_setimes/list.bcms_setimes.attrib=lime_mpd=20_thresh=0.7_docnorm=T_tfidf=F.csv
0.74,0.21,0.0,0.01,0.01,0.01,0.01,200,lists/bcms_setimes/list.bcms_setimes.attrib=ig_mpd=19_thresh=0.6_docnorm=T_tfidf=F.csv
0.18,0.82,0.0,0.0,0.0,0.0,0.0,200,lists/bcms_setimes/list.bcms_setimes.attrib=ig_mpd=8_thresh=0.9_docnorm=F_tfidf=T.csv
0.21,0.79,0.0,0.0,0.0,0.0,0.0,200,lists/bcms_setimes/list.bcms_setimes.attrib=lime_mpd=2_thresh=0.2_docnorm=F_tfidf=F.csv
0.195,0.795,0.0,0.01,0.01,0.01,0.01,200,lists/bcms_setimes/list.bcms_setimes.attrib=shap_mpd=12_thresh=0.1_docnorm=F_tfidf=T.csv
0.565,0.42,0.0,0.0,0.0,0.0,0.0,200,lists/bcms_setimes/list.bcms_setimes.attrib=ig_mpd=10_thresh=1.0_docnorm=T_tfidf=F.csv
0.465,0.465,0.0,0.055,0.055,0.055,0.055,200,lists/bcms_setimes/list.bcms_setimes.attrib=shap_mpd=18_thresh=1.0_docnorm=T_tfidf=F.csv
0.22,0.77,0.0,0.0,0.0,0.0,0.0,200,lists/bcms_setimes/list.bcms_setimes.attrib=ig_mpd=18_thresh=0.9_docnorm=F_tfidf=T.csv
0.145,0.845,0.0,0.01,0.01,0.01,0.01,200,lists/bcms_setimes/list.bcms_setimes.attrib=loo_mpd=10_thresh=0.6_docnorm=F_tfidf=F.csv
0.435,0.55,0.0,0.0,0.0,0.0,0.0,200,lists/bcms_setimes/list.bcms_setimes.attrib=lime_mpd=7_thresh=1.0_docnorm=T_tfidf=F.csv
0.18,0.82,0.0,0.0,0.0,0.0,0.0,200,lists/bcms_setimes/list.bcms_setimes.attrib=lime_mpd=12_thresh=0.6_docnorm=F_tfidf=T.csv
0.47,0.38,0.0,0.105,0.105,0.105,0.105,200,lists/bcms_setimes/list.bcms_setimes.attrib=shap_mpd=5_thresh=0.5_docnorm=T_tfidf=F.csv
0.305,0.64,0.0,0.045,0.045,0.045,0.045,200,lists/bcms_setimes/list.bcms_setimes.attrib=loo_mpd=2_thresh=0.9_docnorm=T_tfidf=T.csv
0.37,0.355,0.0,0.17,0.17,0.17,0.225,200,lists/bcms_setimes/list.bcms_setimes.attrib=shap_mpd=10_thresh=0.4_docnorm=T_tfidf=T.csv
0.4,0.31,0.0,0.16,0.345,0.58,0.72,200,lists/bcms_setimes/list.bcms_setimes.attrib=loo_mpd=11_thresh=0.2_docnorm=T_tfidf=F.csv
0.625,0.33,0.0,0.02,0.02,0.02,0.02,200,lists/bcms_setimes/list.bcms_setimes.attrib=ig_mpd=8_thresh=0.9_docnorm=T_tfidf=T.csv
0.365,0.465,0.0,0.095,0.095,0.095,0.095,200,lists/bcms_setimes/list.bcms_setimes.attrib=loo_mpd=19_thresh=0.5_docnorm=T_tfidf=F.csv
0.425,0.375,0.0,0.16,0.38,0.57,0.67,200,lists/bcms_setimes/list.bcms_setimes.attrib=lime_mpd=16_thresh=0.2_docnorm=T_tfidf=T.csv
0.185,0.815,0.0,0.0,0.0,0.0,0.0,200,lists/bcms_setimes/list.bcms_setimes.attrib=lime_mpd=5_thresh=0.1_docnorm=F_tfidf=T.csv
0.195,0.795,0.0,0.01,0.01,0.01,0.01,200,lists/bcms_setimes/list.bcms_setimes.attrib=shap_mpd=15_thresh=0.3_docnorm=F_tfidf=T.csv
0.175,0.825,0.0,0.0,0.0,0.0,0.0,200,lists/bcms_setimes/list.bcms_setimes.attrib=shap_mpd=14_thresh=0.9_docnorm=F_tfidf=F.csv
0.38,0.515,0.0,0.08,0.08,0.08,0.08,200,lists/bcms_setimes/list.bcms_setimes.attrib=loo_mpd=15_thresh=0.9_docnorm=T_tfidf=F.csv
0.39,0.45,0.0,0.135,0.135,0.135,0.135,200,lists/bcms_setimes/list.bcms_setimes.attrib=shap_mpd=10_thresh=0.8_docnorm=T_tfidf=T.csv
0.175,0.825,0.0,0.0,0.0,0.0,0.0,200,lists/bcms_setimes/list.bcms_setimes.attrib=lime_mpd=11_thresh=0.1_docnorm=F_tfidf=F.csv
0.2,0.79,0.0,0.0,0.0,0.0,0.0,200,lists/bcms_setimes/list.bcms_setimes.attrib=ig_mpd=12_thresh=0.1_docnorm=F_tfidf=T.csv
0.16,0.805,0.0,0.035,0.035,0.035,0.035,200,lists/bcms_setimes/list.bcms_setimes.attrib=loo_mpd=17_thresh=0.1_docnorm=F_tfidf=T.csv
0.21,0.79,0.0,0.0,0.0,0.0,0.0,200,lists/bcms_setimes/list.bcms_setimes.attrib=lime_mpd=2_thresh=0.1_docnorm=F_tfidf=F.csv
0.185,0.815,0.0,0.0,0.0,0.0,0.0,200,lists/bcms_setimes/list.bcms_setimes.attrib=lime_mpd=20_thresh=0.9_docnorm=F_tfidf=F.csv
0.145,0.845,0.0,0.01,0.01,0.01,0.01,200,lists/bcms_setimes/list.bcms_setimes.attrib=loo_mpd=16_thresh=0.2_docnorm=F_tfidf=F.csv
0.27,0.17,0.515,0.98,0.985,0.99,1.0,200,lists/bcms_setimes/list.bcms_setimes.attrib=loo_mpd=17_thresh=0.1_docnorm=T_tfidf=F.csv
0.355,0.39,0.0,0.175,0.175,0.175,0.175,200,lists/bcms_setimes/list.bcms_setimes.attrib=shap_mpd=18_thresh=0.5_docnorm=T_tfidf=T.csv
0.63,0.25,0.0,0.1,0.275,0.42,0.52,200,lists/bcms_setimes/list.bcms_setimes.attrib=ig_mpd=18_thresh=0.2_docnorm=T_tfidf=F.csv
0.18,0.82,0.0,0.0,0.0,0.0,0.0,200,lists/bcms_setimes/list.bcms_setimes.attrib=lime_mpd=13_thresh=0.7_docnorm=F_tfidf=T.csv
0.18,0.82,0.0,0.0,0.0,0.0,0.0,200,lists/bcms_setimes/list.bcms_setimes.attrib=lime_mpd=14_thresh=0.5_docnorm=F_tfidf=F.csv
0.465,0.36,0.0,0.115,0.115,0.14,0.19,200,lists/bcms_setimes/list.bcms_setimes.attrib=shap_mpd=2_thresh=0.3_docnorm=T_tfidf=F.csv
0.18,0.82,0.0,0.0,0.0,0.0,0.0,200,lists/bcms_setimes/list.bcms_setimes.attrib=shap_mpd=7_thresh=0.4_docnorm=F_tfidf=F.csv
0.18,0.82,0.0,0.0,0.0,0.0,0.0,200,lists/bcms_setimes/list.bcms_setimes.attrib=lime_mpd=8_thresh=0.6_docnorm=F_tfidf=F.csv
0.18,0.805,0.0,0.0,0.0,0.0,0.0,200,lists/bcms_setimes/list.bcms_setimes.attrib=ig_mpd=5_thresh=0.6_docnorm=F_tfidf=F.csv
0.19,0.8,0.0,0.01,0.01,0.01,0.01,200,lists/bcms_setimes/list.bcms_setimes.attrib=shap_mpd=5_thresh=0.8_docnorm=F_tfidf=T.csv
0.18,0.82,0.0,0.0,0.0,0.0,0.0,200,lists/bcms_setimes/list.bcms_setimes.attrib=lime_mpd=10_thresh=0.3_docnorm=F_tfidf=T.csv
0.18,0.82,0.0,0.0,0.0,0.0,0.0,200,lists/bcms_setimes/list.bcms_setimes.attrib=lime_mpd=14_thresh=0.4_docnorm=F_tfidf=T.csv
0.22,0.77,0.0,0.0,0.0,0.0,0.0,200,lists/bcms_setimes/list.bcms_setimes.attrib=ig_mpd=19_thresh=0.4_docnorm=F_tfidf=T.csv
0.53,0.185,0.775,0.935,0.975,0.99,0.995,200,lists/bcms_setimes/list.bcms_setimes.attrib=lime_mpd=19_thresh=0.1_docnorm=T_tfidf=F.csv
0.43,0.515,0.0,0.04,0.04,0.04,0.04,200,lists/bcms_setimes/list.bcms_setimes.attrib=shap_mpd=6_thresh=1.0_docnorm=T_tfidf=T.csv
0.405,0.56,0.0,0.0,0.0,0.0,0.0,200,lists/bcms_setimes/list.bcms_setimes.attrib=lime_mpd=4_thresh=0.7_docnorm=T_tfidf=T.csv
0.175,0.785,0.0,0.035,0.035,0.035,0.035,200,lists/bcms_setimes/list.bcms_setimes.attrib=loo_mpd=4_thresh=0.7_docnorm=F_tfidf=T.csv
0.32,0.61,0.0,0.05,0.05,0.05,0.05,200,lists/bcms_setimes/list.bcms_setimes.attrib=loo_mpd=1_thresh=0.8_docnorm=T_tfidf=T.csv
0.315,0.57,0.0,0.09,0.09,0.09,0.09,200,lists/bcms_setimes/list.bcms_setimes.attrib=loo_mpd=5_thresh=0.9_docnorm=T_tfidf=T.csv
0.185,0.815,0.0,0.0,0.0,0.0,0.0,200,lists/bcms_setimes/list.bcms_setimes.attrib=lime_mpd=16_thresh=0.7_docnorm=F_tfidf=T.csv
0.39,0.41,0.0,0.06,0.235,0.39,0.485,200,lists/bcms_setimes/list.bcms_setimes.attrib=lime_mpd=4_thresh=0.2_docnorm=T_tfidf=T.csv
0.205,0.79,0.0,0.005,0.005,0.005,0.005,200,lists/bcms_setimes/list.bcms_setimes.attrib=shap_mpd=2_thresh=0.3_docnorm=F_tfidf=F.csv
0.495,0.435,0.0,0.04,0.04,0.04,0.04,200,lists/bcms_setimes/list.bcms_setimes.attrib=ig_mpd=1_thresh=0.6_docnorm=T_tfidf=T.csv
0.2,0.79,0.0,0.01,0.01,0.01,0.01,200,lists/bcms_setimes/list.bcms_setimes.attrib=shap_mpd=13_thresh=0.3_docnorm=F_tfidf=T.csv
0.38,0.48,0.0,0.015,0.105,0.21,0.32,200,lists/bcms_setimes/list.bcms_setimes.attrib=lime_mpd=2_thresh=0.2_docnorm=T_tfidf=T.csv
0.145,0.845,0.0,0.01,0.01,0.01,0.01,200,lists/bcms_setimes/list.bcms_setimes.attrib=loo_mpd=19_thresh=0.2_docnorm=F_tfidf=F.csv
0.185,0.815,0.0,0.0,0.0,0.0,0.0,200,lists/bcms_setimes/list.bcms_setimes.attrib=lime_mpd=6_thresh=0.7_docnorm=F_tfidf=T.csv
0.185,0.815,0.0,0.0,0.0,0.0,0.0,200,lists/bcms_setimes/list.bcms_setimes.attrib=lime_mpd=5_thresh=0.7_docnorm=F_tfidf=T.csv
0.22,0.345,0.39,0.805,0.85,0.91,0.93,200,lists/bcms_setimes/list.bcms_setimes.attrib=ig_mpd=12_thresh=0.1_docnorm=T_tfidf=T.csv
0.185,0.815,0.0,0.0,0.0,0.0,0.0,200,lists/bcms_setimes/list.bcms_setimes.attrib=ig_mpd=9_thresh=0.1_docnorm=F_tfidf=T.csv
0.22,0.77,0.0,0.0,0.0,0.0,0.0,200,lists/bcms_setimes/list.bcms_setimes.attrib=ig_mpd=20_thresh=0.3_docnorm=F_tfidf=T.csv
0.355,0.59,0.0,0.04,0.04,0.04,0.04,200,lists/bcms_setimes/list.bcms_setimes.attrib=loo_mpd=15_thresh=1.0_docnorm=T_tfidf=F.csv
0.27,0.69,0.0,0.03,0.03,0.03,0.03,200,lists/bcms_setimes/list.bcms_setimes.attrib=loo_mpd=10_thresh=1.0_docnorm=T_tfidf=T.csv
0.72,0.225,0.0,0.015,0.015,0.015,0.015,200,lists/bcms_setimes/list.bcms_setimes.attrib=ig_mpd=16_thresh=0.6_docnorm=T_tfidf=F.csv
0.39,0.415,0.0,0.11,0.305,0.455,0.57,200,lists/bcms_setimes/list.bcms_setimes.attrib=lime_mpd=5_thresh=0.2_docnorm=T_tfidf=T.csv
0.195,0.795,0.0,0.01,0.01,0.01,0.01,200,lists/bcms_setimes/list.bcms_setimes.attrib=shap_mpd=19_thresh=0.1_docnorm=F_tfidf=T.csv
0.395,0.405,0.0,0.14,0.325,0.505,0.62,200,lists/bcms_setimes/list.bcms_setimes.attrib=lime_mpd=7_thresh=0.2_docnorm=T_tfidf=T.csv
0.475,0.44,0.0,0.005,0.005,0.005,0.07,200,lists/bcms_setimes/list.bcms_setimes.attrib=lime_mpd=6_thresh=0.4_docnorm=T_tfidf=F.csv
0.23,0.225,0.375,0.85,0.88,0.935,0.96,200,lists/bcms_setimes/list.bcms_setimes.attrib=shap_mpd=11_thresh=0.1_docnorm=T_tfidf=T.csv
0.235,0.265,0.345,0.845,0.91,0.955,0.985,200,lists/bcms_setimes/list.bcms_setimes.attrib=loo_mpd=14_thresh=0.1_docnorm=T_tfidf=T.csv
0.2,0.79,0.0,0.01,0.01,0.01,0.01,200,lists/bcms_setimes/list.bcms_setimes.attrib=shap_mpd=14_thresh=0.1_docnorm=F_tfidf=T.csv
0.175,0.825,0.0,0.0,0.0,0.0,0.0,200,lists/bcms_setimes/list.bcms_setimes.attrib=shap_mpd=8_thresh=0.1_docnorm=F_tfidf=F.csv
0.47,0.515,0.0,0.0,0.0,0.0,0.0,200,lists/bcms_setimes/list.bcms_setimes.attrib=lime_mpd=18_thresh=0.9_docnorm=T_tfidf=F.csv
0.16,0.805,0.0,0.035,0.035,0.035,0.035,200,lists/bcms_setimes/list.bcms_setimes.attrib=loo_mpd=17_thresh=0.8_docnorm=F_tfidf=T.csv
0.195,0.805,0.0,0.0,0.0,0.0,0.0,200,lists/bcms_setimes/list.bcms_setimes.attrib=shap_mpd=4_thresh=0.9_docnorm=F_tfidf=F.csv
0.4,0.3,0.0,0.2,0.41,0.635,0.765,200,lists/bcms_setimes/list.bcms_setimes.attrib=loo_mpd=15_thresh=0.2_docnorm=T_tfidf=F.csv
0.48,0.37,0.0,0.115,0.115,0.115,0.115,200,lists/bcms_setimes/list.bcms_setimes.attrib=shap_mpd=13_thresh=0.5_docnorm=T_tfidf=F.csv
0.47,0.47,0.0,0.0,0.0,0.0,0.005,200,lists/bcms_setimes/list.bcms_setimes.attrib=lime_mpd=8_thresh=0.6_docnorm=T_tfidf=T.csv
0.225,0.335,0.395,0.81,0.855,0.91,0.93,200,lists/bcms_setimes/list.bcms_setimes.attrib=ig_mpd=13_thresh=0.1_docnorm=T_tfidf=T.csv
0.425,0.48,0.0,0.075,0.075,0.075,0.075,200,lists/bcms_setimes/list.bcms_setimes.attrib=shap_mpd=15_thresh=1.0_docnorm=T_tfidf=T.csv
0.185,0.815,0.0,0.0,0.0,0.0,0.0,200,lists/bcms_setimes/list.bcms_setimes.attrib=lime_mpd=18_thresh=0.2_docnorm=F_tfidf=T.csv
0.45,0.335,0.0,0.155,0.155,0.155,0.235,200,lists/bcms_setimes/list.bcms_setimes.attrib=shap_mpd=18_thresh=0.4_docnorm=T_tfidf=F.csv
0.19,0.8,0.0,0.01,0.01,0.01,0.01,200,lists/bcms_setimes/list.bcms_setimes.attrib=shap_mpd=6_thresh=0.6_docnorm=F_tfidf=T.csv
0.395,0.345,0.0,0.2,0.355,0.53,0.66,200,lists/bcms_setimes/list.bcms_setimes.attrib=ig_mpd=12_thresh=0.2_docnorm=T_tfidf=T.csv
0.18,0.82,0.0,0.0,0.0,0.0,0.0,200,lists/bcms_setimes/list.bcms_setimes.attrib=lime_mpd=14_thresh=0.8_docnorm=F_tfidf=F.csv
0.19,0.8,0.0,0.01,0.01,0.01,0.01,200,lists/bcms_setimes/list.bcms_setimes.attrib=shap_mpd=6_thresh=0.4_docnorm=F_tfidf=T.csv
0.42,0.45,0.0,0.09,0.09,0.09,0.09,200,lists/bcms_setimes/list.bcms_setimes.attrib=shap_mpd=3_thresh=0.5_docnorm=T_tfidf=F.csv
0.18,0.82,0.0,0.0,0.0,0.0,0.0,200,lists/bcms_setimes/list.bcms_setimes.attrib=lime_mpd=7_thresh=0.6_docnorm=F_tfidf=F.csv
0.415,0.51,0.0,0.055,0.055,0.055,0.055,200,lists/bcms_setimes/list.bcms_setimes.attrib=shap_mpd=9_thresh=1.0_docnorm=T_tfidf=T.csv
0.195,0.795,0.0,0.01,0.01,0.01,0.01,200,lists/bcms_setimes/list.bcms_setimes.attrib=shap_mpd=16_thresh=0.6_docnorm=F_tfidf=T.csv
0.365,0.535,0.0,0.075,0.075,0.075,0.075,200,lists/bcms_setimes/list.bcms_setimes.attrib=loo_mpd=13_thresh=0.9_docnorm=T_tfidf=F.csv
0.64,0.32,0.0,0.015,0.015,0.015,0.015,200,lists/bcms_setimes/list.bcms_setimes.attrib=ig_mpd=9_thresh=0.9_docnorm=T_tfidf=T.csv
0.21,0.79,0.0,0.0,0.0,0.0,0.0,200,lists/bcms_setimes/list.bcms_setimes.attrib=lime_mpd=2_thresh=0.5_docnorm=F_tfidf=F.csv
0.18,0.79,0.0,0.01,0.01,0.01,0.01,200,lists/bcms_setimes/list.bcms_setimes.attrib=ig_mpd=20_thresh=1.0_docnorm=F_tfidf=F.csv
0.2,0.79,0.0,0.01,0.01,0.01,0.01,200,lists/bcms_setimes/list.bcms_setimes.attrib=shap_mpd=14_thresh=1.0_docnorm=F_tfidf=T.csv
0.74,0.225,0.0,0.005,0.005,0.005,0.005,200,lists/bcms_setimes/list.bcms_setimes.attrib=ig_mpd=13_thresh=0.8_docnorm=T_tfidf=F.csv
0.36,0.36,0.0,0.15,0.28,0.445,0.59,200,lists/bcms_setimes/list.bcms_setimes.attrib=ig_mpd=7_thresh=0.2_docnorm=T_tfidf=T.csv
0.17,0.81,0.0,0.015,0.015,0.015,0.015,200,lists/bcms_setimes/list.bcms_setimes.attrib=loo_mpd=16_thresh=1.0_docnorm=F_tfidf=T.csv
0.38,0.38,0.0,0.17,0.17,0.17,0.17,200,lists/bcms_setimes/list.bcms_setimes.attrib=shap_mpd=11_thresh=0.5_docnorm=T_tfidf=T.csv
0.18,0.82,0.0,0.0,0.0,0.0,0.0,200,lists/bcms_setimes/list.bcms_setimes.attrib=lime_mpd=13_thresh=1.0_docnorm=F_tfidf=T.csv
0.315,0.19,0.41,0.91,0.95,0.975,0.985,200,lists/bcms_setimes/list.bcms_setimes.attrib=shap_mpd=2_thresh=0.1_docnorm=T_tfidf=F.csv
0.18,0.82,0.0,0.0,0.0,0.0,0.0,200,lists/bcms_setimes/list.bcms_setimes.attrib=lime_mpd=14_thresh=0.3_docnorm=F_tfidf=T.csv
0.655,0.28,0.0,0.035,0.035,0.035,0.035,200,lists/bcms_setimes/list.bcms_setimes.attrib=ig_mpd=8_thresh=0.7_docnorm=T_tfidf=T.csv
0.175,0.8,0.0,0.01,0.01,0.01,0.01,200,lists/bcms_setimes/list.bcms_setimes.attrib=ig_mpd=12_thresh=0.4_docnorm=F_tfidf=F.csv
0.18,0.82,0.0,0.0,0.0,0.0,0.0,200,lists/bcms_setimes/list.bcms_setimes.attrib=lime_mpd=15_thresh=0.6_docnorm=F_tfidf=F.csv
0.145,0.845,0.0,0.01,0.01,0.01,0.01,200,lists/bcms_setimes/list.bcms_setimes.attrib=loo_mpd=12_thresh=0.7_docnorm=F_tfidf=F.csv
0.34,0.53,0.0,0.095,0.095,0.095,0.095,200,lists/bcms_setimes/list.bcms_setimes.attrib=loo_mpd=7_thresh=0.6_docnorm=T_tfidf=F.csv
0.39,0.48,0.0,0.085,0.085,0.085,0.085,200,lists/bcms_setimes/list.bcms_setimes.attrib=loo_mpd=13_thresh=0.6_docnorm=T_tfidf=F.csv
0.5,0.395,0.0,0.0,0.025,0.235,0.44,200,lists/bcms_setimes/list.bcms_setimes.attrib=lime_mpd=10_thresh=0.3_docnorm=T_tfidf=F.csv
0.44,0.345,0.0,0.155,0.155,0.155,0.23,200,lists/bcms_setimes/list.bcms_setimes.attrib=shap_mpd=17_thresh=0.4_docnorm=T_tfidf=F.csv
0.395,0.46,0.0,0.09,0.09,0.09,0.1,200,lists/bcms_setimes/list.bcms_setimes.attrib=loo_mpd=17_thresh=0.4_docnorm=T_tfidf=F.csv
0.32,0.495,0.0,0.145,0.145,0.145,0.145,200,lists/bcms_setimes/list.bcms_setimes.attrib=shap_mpd=3_thresh=0.6_docnorm=T_tfidf=T.csv
0.185,0.815,0.0,0.0,0.0,0.0,0.0,200,lists/bcms_setimes/list.bcms_setimes.attrib=lime_mpd=20_thresh=0.3_docnorm=F_tfidf=T.csv
0.36,0.475,0.0,0.085,0.085,0.085,0.085,200,lists/bcms_setimes/list.bcms_setimes.attrib=loo_mpd=14_thresh=0.5_docnorm=T_tfidf=F.csv
0.145,0.845,0.0,0.01,0.01,0.01,0.01,200,lists/bcms_setimes/list.bcms_setimes.attrib=loo_mpd=13_thresh=0.6_docnorm=F_tfidf=F.csv
0.53,0.42,0.0,0.005,0.005,0.005,0.005,200,lists/bcms_setimes/list.bcms_setimes.attrib=lime_mpd=11_thresh=0.5_docnorm=T_tfidf=F.csv
0.42,0.39,0.0,0.15,0.36,0.545,0.65,200,lists/bcms_setimes/list.bcms_setimes.attrib=lime_mpd=11_thresh=0.2_docnorm=T_tfidf=T.csv
0.175,0.8,0.0,0.01,0.01,0.01,0.01,200,lists/bcms_setimes/list.bcms_setimes.attrib=ig_mpd=12_thresh=0.7_docnorm=F_tfidf=F.csv
0.17,0.83,0.0,0.0,0.0,0.0,0.0,200,lists/bcms_setimes/list.bcms_setimes.attrib=shap_mpd=9_thresh=0.3_docnorm=F_tfidf=F.csv
0.395,0.39,0.0,0.175,0.175,0.175,0.175,200,lists/bcms_setimes/list.bcms_setimes.attrib=shap_mpd=18_thresh=0.6_docnorm=T_tfidf=T.csv
0.255,0.74,0.0,0.005,0.005,0.005,0.005,200,lists/bcms_setimes/list.bcms_setimes.attrib=shap_mpd=1_thresh=1.0_docnorm=T_tfidf=F.csv
0.45,0.535,0.0,0.0,0.0,0.0,0.0,200,lists/bcms_setimes/list.bcms_setimes.attrib=lime_mpd=13_thresh=0.9_docnorm=T_tfidf=T.csv
0.42,0.49,0.0,0.0,0.0,0.0,0.005,200,lists/bcms_setimes/list.bcms_setimes.attrib=lime_mpd=5_thresh=0.5_docnorm=T_tfidf=T.csv
0.375,0.47,0.0,0.115,0.115,0.115,0.115,200,lists/bcms_setimes/list.bcms_setimes.attrib=loo_mpd=14_thresh=0.7_docnorm=T_tfidf=F.csv
0.18,0.82,0.0,0.0,0.0,0.0,0.0,200,lists/bcms_setimes/list.bcms_setimes.attrib=lime_mpd=15_thresh=0.4_docnorm=F_tfidf=F.csv
0.355,0.455,0.0,0.145,0.145,0.145,0.145,200,lists/bcms_setimes/list.bcms_setimes.attrib=shap_mpd=5_thresh=0.6_docnorm=T_tfidf=T.csv
0.73,0.23,0.0,0.005,0.005,0.005,0.005,200,lists/bcms_setimes/list.bcms_setimes.attrib=ig_mpd=5_thresh=0.6_docnorm=T_tfidf=F.csv
0.16,0.805,0.0,0.035,0.035,0.035,0.035,200,lists/bcms_setimes/list.bcms_setimes.attrib=loo_mpd=15_thresh=0.9_docnorm=F_tfidf=T.csv
0.18,0.82,0.0,0.0,0.0,0.0,0.0,200,lists/bcms_setimes/list.bcms_setimes.attrib=lime_mpd=17_thresh=0.8_docnorm=F_tfidf=F.csv
0.18,0.82,0.0,0.0,0.0,0.0,0.0,200,lists/bcms_setimes/list.bcms_setimes.attrib=lime_mpd=16_thresh=0.4_docnorm=F_tfidf=F.csv
0.145,0.845,0.0,0.01,0.01,0.01,0.01,200,lists/bcms_setimes/list.bcms_setimes.attrib=loo_mpd=7_thresh=1.0_docnorm=F_tfidf=F.csv
0.18,0.82,0.0,0.0,0.0,0.0,0.0,200,lists/bcms_setimes/list.bcms_setimes.attrib=lime_mpd=14_thresh=0.6_docnorm=F_tfidf=T.csv
0.215,0.775,0.0,0.0,0.0,0.0,0.0,200,lists/bcms_setimes/list.bcms_setimes.attrib=ig_mpd=17_thresh=0.3_docnorm=F_tfidf=T.csv
0.175,0.825,0.0,0.0,0.0,0.0,0.0,200,lists/bcms_setimes/list.bcms_setimes.attrib=lime_mpd=11_thresh=0.9_docnorm=F_tfidf=F.csv
0.24,0.6,0.0,0.12,0.12,0.125,0.125,200,lists/bcms_setimes/list.bcms_setimes.attrib=loo_mpd=1_thresh=0.3_docnorm=T_tfidf=T.csv
0.28,0.51,0.0,0.13,0.155,0.185,0.215,200,lists/bcms_setimes/list.bcms_setimes.attrib=loo_mpd=1_thresh=0.2_docnorm=T_tfidf=T.csv
0.395,0.49,0.0,0.075,0.075,0.075,0.075,200,lists/bcms_setimes/list.bcms_setimes.attrib=loo_mpd=16_thresh=0.9_docnorm=T_tfidf=F.csv
0.18,0.82,0.0,0.0,0.0,0.0,0.0,200,lists/bcms_setimes/list.bcms_setimes.attrib=lime_mpd=15_thresh=0.2_docnorm=F_tfidf=F.csv
0.215,0.775,0.0,0.0,0.0,0.0,0.0,200,lists/bcms_setimes/list.bcms_setimes.attrib=ig_mpd=17_thresh=0.9_docnorm=F_tfidf=T.csv
0.185,0.815,0.0,0.0,0.0,0.0,0.0,200,lists/bcms_setimes/list.bcms_setimes.attrib=lime_mpd=18_thresh=0.8_docnorm=F_tfidf=F.csv
0.185,0.815,0.0,0.0,0.0,0.0,0.0,200,lists/bcms_setimes/list.bcms_setimes.attrib=lime_mpd=18_thresh=0.8_docnorm=F_tfidf=T.csv
0.24,0.375,0.145,0.59,0.67,0.78,0.855,200,lists/bcms_setimes/list.bcms_setimes.attrib=ig_mpd=4_thresh=0.1_docnorm=T_tfidf=T.csv
0.61,0.37,0.0,0.0,0.0,0.0,0.0,200,lists/bcms_setimes/list.bcms_setimes.attrib=ig_mpd=2_thresh=0.9_docnorm=T_tfidf=F.csv
0.16,0.8,0.0,0.035,0.035,0.035,0.035,200,lists/bcms_setimes/list.bcms_setimes.attrib=loo_mpd=8_thresh=0.5_docnorm=F_tfidf=T.csv
0.455,0.505,0.0,0.0,0.0,0.0,0.0,200,lists/bcms_setimes/list.bcms_setimes.attrib=lime_mpd=5_thresh=0.7_docnorm=T_tfidf=F.csv
0.435,0.3,0.045,0.38,0.505,0.64,0.72,200,lists/bcms_setimes/list.bcms_setimes.attrib=ig_mpd=2_thresh=0.1_docnorm=T_tfidf=F.csv
0.425,0.28,0.0,0.34,0.62,0.775,0.86,200,lists/bcms_setimes/list.bcms_setimes.attrib=shap_mpd=14_thresh=0.2_docnorm=T_tfidf=F.csv
0.18,0.79,0.0,0.01,0.01,0.01,0.01,200,lists/bcms_setimes/list.bcms_setimes.attrib=ig_mpd=19_thresh=0.7_docnorm=F_tfidf=F.csv
0.41,0.44,0.0,0.12,0.12,0.12,0.12,200,lists/bcms_setimes/list.bcms_setimes.attrib=shap_mpd=14_thresh=0.9_docnorm=T_tfidf=T.csv
0.38,0.53,0.0,0.075,0.075,0.075,0.075,200,lists/bcms_setimes/list.bcms_setimes.attrib=shap_mpd=1_thresh=0.7_docnorm=T_tfidf=T.csv
0.45,0.51,0.0,0.0,0.0,0.0,0.0,200,lists/bcms_setimes/list.bcms_setimes.attrib=lime_mpd=6_thresh=0.8_docnorm=T_tfidf=F.csv
0.205,0.785,0.0,0.0,0.0,0.0,0.0,200,lists/bcms_setimes/list.bcms_setimes.attrib=ig_mpd=14_thresh=0.7_docnorm=F_tfidf=T.csv
0.54,0.185,0.75,0.925,0.965,0.99,0.995,200,lists/bcms_setimes/list.bcms_setimes.attrib=lime_mpd=6_thresh=0.1_docnorm=T_tfidf=F.csv
0.445,0.545,0.0,0.0,0.0,0.0,0.0,200,lists/bcms_setimes/list.bcms_setimes.attrib=lime_mpd=19_thresh=0.9_docnorm=T_tfidf=T.csv
0.47,0.495,0.0,0.0,0.0,0.0,0.0,200,lists/bcms_setimes/list.bcms_setimes.attrib=lime_mpd=4_thresh=0.6_docnorm=T_tfidf=F.csv
0.185,0.815,0.0,0.0,0.0,0.0,0.0,200,lists/bcms_setimes/list.bcms_setimes.attrib=lime_mpd=4_thresh=0.2_docnorm=F_tfidf=T.csv
0.39,0.49,0.0,0.095,0.095,0.095,0.095,200,lists/bcms_setimes/list.bcms_setimes.attrib=shap_mpd=1_thresh=0.6_docnorm=T_tfidf=T.csv
0.305,0.475,0.0,0.145,0.145,0.145,0.145,200,lists/bcms_setimes/list.bcms_setimes.attrib=loo_mpd=15_thresh=0.6_docnorm=T_tfidf=T.csv
0.445,0.41,0.0,0.125,0.125,0.125,0.125,200,lists/bcms_setimes/list.bcms_setimes.attrib=shap_mpd=8_thresh=0.6_docnorm=T_tfidf=F.csv
0.385,0.585,0.0,0.0,0.0,0.0,0.0,200,lists/bcms_setimes/list.bcms_setimes.attrib=lime_mpd=5_thresh=0.8_docnorm=T_tfidf=T.csv
0.435,0.47,0.0,0.075,0.075,0.075,0.075,200,lists/bcms_setimes/list.bcms_setimes.attrib=shap_mpd=18_thresh=1.0_docnorm=T_tfidf=T.csv
0.44,0.285,0.555,0.805,0.895,0.945,0.975,200,lists/bcms_setimes/list.bcms_setimes.attrib=lime_mpd=11_thresh=0.1_docnorm=T_tfidf=T.csv
0.175,0.8,0.0,0.01,0.01,0.01,0.01,200,lists/bcms_setimes/list.bcms_setimes.attrib=ig_mpd=13_thresh=0.2_docnorm=F_tfidf=F.csv
