prop_wl,prop_bl,prop_happaxes,prop_lt2,prop_lt3,prop_lt4,prop_lt5,num_extracted,fname
0.165,0.81,0.0,0.0,0.0,0.0,0.0,200,../../lists/bcms_setimes/list.bcms_setimes.attrib=ig_mpd=10_thresh=0.1_docnorm=F_tfidf=F.csv
0.185,0.815,0.0,0.0,0.0,0.0,0.0,200,../../lists/bcms_setimes/list.bcms_setimes.attrib=ig_mpd=10_thresh=0.1_docnorm=F_tfidf=T.csv
0.34,0.21,0.0,0.0,0.0,0.0,0.0,200,../../lists/bcms_setimes/list.bcms_setimes.attrib=ig_mpd=10_thresh=0.1_docnorm=T_tfidf=F.csv
0.22,0.35,0.0,0.0,0.0,0.0,0.0,200,../../lists/bcms_setimes/list.bcms_setimes.attrib=ig_mpd=10_thresh=0.1_docnorm=T_tfidf=T.csv
0.165,0.81,0.0,0.0,0.0,0.0,0.0,200,../../lists/bcms_setimes/list.bcms_setimes.attrib=ig_mpd=10_thresh=0.2_docnorm=F_tfidf=F.csv
0.185,0.815,0.0,0.0,0.0,0.0,0.0,200,../../lists/bcms_setimes/list.bcms_setimes.attrib=ig_mpd=10_thresh=0.2_docnorm=F_tfidf=T.csv
0.61,0.285,0.0,0.0,0.0,0.0,0.0,200,../../lists/bcms_setimes/list.bcms_setimes.attrib=ig_mpd=10_thresh=0.2_docnorm=T_tfidf=F.csv
0.39,0.325,0.0,0.0,0.0,0.0,0.0,200,../../lists/bcms_setimes/list.bcms_setimes.attrib=ig_mpd=10_thresh=0.2_docnorm=T_tfidf=T.csv
0.165,0.81,0.0,0.0,0.0,0.0,0.0,200,../../lists/bcms_setimes/list.bcms_setimes.attrib=ig_mpd=10_thresh=0.3_docnorm=F_tfidf=F.csv
0.185,0.815,0.0,0.0,0.0,0.0,0.0,200,../../lists/bcms_setimes/list.bcms_setimes.attrib=ig_mpd=10_thresh=0.3_docnorm=F_tfidf=T.csv
0.69,0.225,0.0,0.0,0.0,0.0,0.0,200,../../lists/bcms_setimes/list.bcms_setimes.attrib=ig_mpd=10_thresh=0.3_docnorm=T_tfidf=F.csv
0.475,0.32,0.0,0.0,0.0,0.0,0.0,200,../../lists/bcms_setimes/list.bcms_setimes.attrib=ig_mpd=10_thresh=0.3_docnorm=T_tfidf=T.csv
0.165,0.81,0.0,0.0,0.0,0.0,0.0,200,../../lists/bcms_setimes/list.bcms_setimes.attrib=ig_mpd=10_thresh=0.4_docnorm=F_tfidf=F.csv
0.185,0.815,0.0,0.0,0.0,0.0,0.0,200,../../lists/bcms_setimes/list.bcms_setimes.attrib=ig_mpd=10_thresh=0.4_docnorm=F_tfidf=T.csv
0.71,0.215,0.0,0.0,0.0,0.0,0.0,200,../../lists/bcms_setimes/list.bcms_setimes.attrib=ig_mpd=10_thresh=0.4_docnorm=T_tfidf=F.csv
0.555,0.29,0.0,0.0,0.0,0.0,0.0,200,../../lists/bcms_setimes/list.bcms_setimes.attrib=ig_mpd=10_thresh=0.4_docnorm=T_tfidf=T.csv
0.165,0.81,0.0,0.0,0.0,0.0,0.0,200,../../lists/bcms_setimes/list.bcms_setimes.attrib=ig_mpd=10_thresh=0.5_docnorm=F_tfidf=F.csv
0.185,0.815,0.0,0.0,0.0,0.0,0.0,200,../../lists/bcms_setimes/list.bcms_setimes.attrib=ig_mpd=10_thresh=0.5_docnorm=F_tfidf=T.csv
0.7,0.24,0.0,0.0,0.0,0.0,0.0,200,../../lists/bcms_setimes/list.bcms_setimes.attrib=ig_mpd=10_thresh=0.5_docnorm=T_tfidf=F.csv
0.6,0.275,0.0,0.0,0.0,0.0,0.0,200,../../lists/bcms_setimes/list.bcms_setimes.attrib=ig_mpd=10_thresh=0.5_docnorm=T_tfidf=T.csv
0.165,0.81,0.0,0.0,0.0,0.0,0.0,200,../../lists/bcms_setimes/list.bcms_setimes.attrib=ig_mpd=10_thresh=0.6_docnorm=F_tfidf=F.csv
0.185,0.815,0.0,0.0,0.0,0.0,0.0,200,../../lists/bcms_setimes/list.bcms_setimes.attrib=ig_mpd=10_thresh=0.6_docnorm=F_tfidf=T.csv
0.725,0.225,0.0,0.0,0.0,0.0,0.0,200,../../lists/bcms_setimes/list.bcms_setimes.attrib=ig_mpd=10_thresh=0.6_docnorm=T_tfidf=F.csv
0.62,0.3,0.0,0.0,0.0,0.0,0.0,200,../../lists/bcms_setimes/list.bcms_setimes.attrib=ig_mpd=10_thresh=0.6_docnorm=T_tfidf=T.csv
0.165,0.81,0.0,0.0,0.0,0.0,0.0,200,../../lists/bcms_setimes/list.bcms_setimes.attrib=ig_mpd=10_thresh=0.7_docnorm=F_tfidf=F.csv
0.185,0.815,0.0,0.0,0.0,0.0,0.0,200,../../lists/bcms_setimes/list.bcms_setimes.attrib=ig_mpd=10_thresh=0.7_docnorm=F_tfidf=T.csv
0.75,0.21,0.0,0.0,0.0,0.0,0.0,200,../../lists/bcms_setimes/list.bcms_setimes.attrib=ig_mpd=10_thresh=0.7_docnorm=T_tfidf=F.csv
0.68,0.26,0.0,0.0,0.0,0.0,0.0,200,../../lists/bcms_setimes/list.bcms_setimes.attrib=ig_mpd=10_thresh=0.7_docnorm=T_tfidf=T.csv
0.165,0.81,0.0,0.0,0.0,0.0,0.0,200,../../lists/bcms_setimes/list.bcms_setimes.attrib=ig_mpd=10_thresh=0.8_docnorm=F_tfidf=F.csv
0.185,0.815,0.0,0.0,0.0,0.0,0.0,200,../../lists/bcms_setimes/list.bcms_setimes.attrib=ig_mpd=10_thresh=0.8_docnorm=F_tfidf=T.csv
0.74,0.235,0.0,0.0,0.0,0.0,0.0,200,../../lists/bcms_setimes/list.bcms_setimes.attrib=ig_mpd=10_thresh=0.8_docnorm=T_tfidf=F.csv
0.65,0.29,0.0,0.0,0.0,0.0,0.0,200,../../lists/bcms_setimes/list.bcms_setimes.attrib=ig_mpd=10_thresh=0.8_docnorm=T_tfidf=T.csv
0.165,0.81,0.0,0.0,0.0,0.0,0.0,200,../../lists/bcms_setimes/list.bcms_setimes.attrib=ig_mpd=10_thresh=0.9_docnorm=F_tfidf=F.csv
0.185,0.815,0.0,0.0,0.0,0.0,0.0,200,../../lists/bcms_setimes/list.bcms_setimes.attrib=ig_mpd=10_thresh=0.9_docnorm=F_tfidf=T.csv
0.7,0.28,0.0,0.0,0.0,0.0,0.0,200,../../lists/bcms_setimes/list.bcms_setimes.attrib=ig_mpd=10_thresh=0.9_docnorm=T_tfidf=F.csv
0.63,0.33,0.0,0.0,0.0,0.0,0.0,200,../../lists/bcms_setimes/list.bcms_setimes.attrib=ig_mpd=10_thresh=0.9_docnorm=T_tfidf=T.csv
0.165,0.81,0.0,0.0,0.0,0.0,0.0,200,../../lists/bcms_setimes/list.bcms_setimes.attrib=ig_mpd=10_thresh=1.0_docnorm=F_tfidf=F.csv
0.185,0.815,0.0,0.0,0.0,0.0,0.0,200,../../lists/bcms_setimes/list.bcms_setimes.attrib=ig_mpd=10_thresh=1.0_docnorm=F_tfidf=T.csv
0.565,0.42,0.0,0.0,0.0,0.0,0.0,200,../../lists/bcms_setimes/list.bcms_setimes.attrib=ig_mpd=10_thresh=1.0_docnorm=T_tfidf=F.csv
0.53,0.44,0.0,0.0,0.0,0.0,0.0,200,../../lists/bcms_setimes/list.bcms_setimes.attrib=ig_mpd=10_thresh=1.0_docnorm=T_tfidf=T.csv
0.165,0.81,0.0,0.0,0.0,0.0,0.0,200,../../lists/bcms_setimes/list.bcms_setimes.attrib=ig_mpd=11_thresh=0.1_docnorm=F_tfidf=F.csv
0.195,0.8,0.0,0.0,0.0,0.0,0.0,200,../../lists/bcms_setimes/list.bcms_setimes.attrib=ig_mpd=11_thresh=0.1_docnorm=F_tfidf=T.csv
0.34,0.215,0.0,0.0,0.0,0.0,0.0,200,../../lists/bcms_setimes/list.bcms_setimes.attrib=ig_mpd=11_thresh=0.1_docnorm=T_tfidf=F.csv
0.215,0.35,0.0,0.0,0.0,0.0,0.0,200,../../lists/bcms_setimes/list.bcms_setimes.attrib=ig_mpd=11_thresh=0.1_docnorm=T_tfidf=T.csv
0.165,0.81,0.0,0.0,0.0,0.0,0.0,200,../../lists/bcms_setimes/list.bcms_setimes.attrib=ig_mpd=11_thresh=0.2_docnorm=F_tfidf=F.csv
0.195,0.8,0.0,0.0,0.0,0.0,0.0,200,../../lists/bcms_setimes/list.bcms_setimes.attrib=ig_mpd=11_thresh=0.2_docnorm=F_tfidf=T.csv
0.605,0.29,0.0,0.0,0.0,0.0,0.0,200,../../lists/bcms_setimes/list.bcms_setimes.attrib=ig_mpd=11_thresh=0.2_docnorm=T_tfidf=F.csv
0.4,0.325,0.0,0.0,0.0,0.0,0.0,200,../../lists/bcms_setimes/list.bcms_setimes.attrib=ig_mpd=11_thresh=0.2_docnorm=T_tfidf=T.csv
0.165,0.81,0.0,0.0,0.0,0.0,0.0,200,../../lists/bcms_setimes/list.bcms_setimes.attrib=ig_mpd=11_thresh=0.3_docnorm=F_tfidf=F.csv
0.195,0.8,0.0,0.0,0.0,0.0,0.0,200,../../lists/bcms_setimes/list.bcms_setimes.attrib=ig_mpd=11_thresh=0.3_docnorm=F_tfidf=T.csv
0.71,0.21,0.0,0.0,0.0,0.0,0.0,200,../../lists/bcms_setimes/list.bcms_setimes.attrib=ig_mpd=11_thresh=0.3_docnorm=T_tfidf=F.csv
0.475,0.32,0.0,0.0,0.0,0.0,0.0,200,../../lists/bcms_setimes/list.bcms_setimes.attrib=ig_mpd=11_thresh=0.3_docnorm=T_tfidf=T.csv
0.165,0.81,0.0,0.0,0.0,0.0,0.0,200,../../lists/bcms_setimes/list.bcms_setimes.attrib=ig_mpd=11_thresh=0.4_docnorm=F_tfidf=F.csv
0.195,0.8,0.0,0.0,0.0,0.0,0.0,200,../../lists/bcms_setimes/list.bcms_setimes.attrib=ig_mpd=11_thresh=0.4_docnorm=F_tfidf=T.csv
0.695,0.23,0.0,0.0,0.0,0.0,0.0,200,../../lists/bcms_setimes/list.bcms_setimes.attrib=ig_mpd=11_thresh=0.4_docnorm=T_tfidf=F.csv
0.56,0.285,0.0,0.0,0.0,0.0,0.0,200,../../lists/bcms_setimes/list.bcms_setimes.attrib=ig_mpd=11_thresh=0.4_docnorm=T_tfidf=T.csv
0.165,0.81,0.0,0.0,0.0,0.0,0.0,200,../../lists/bcms_setimes/list.bcms_setimes.attrib=ig_mpd=11_thresh=0.5_docnorm=F_tfidf=F.csv
0.195,0.8,0.0,0.0,0.0,0.0,0.0,200,../../lists/bcms_setimes/list.bcms_setimes.attrib=ig_mpd=11_thresh=0.5_docnorm=F_tfidf=T.csv
0.69,0.245,0.0,0.0,0.0,0.0,0.0,200,../../lists/bcms_setimes/list.bcms_setimes.attrib=ig_mpd=11_thresh=0.5_docnorm=T_tfidf=F.csv
0.59,0.285,0.0,0.0,0.0,0.0,0.0,200,../../lists/bcms_setimes/list.bcms_setimes.attrib=ig_mpd=11_thresh=0.5_docnorm=T_tfidf=T.csv
0.165,0.81,0.0,0.0,0.0,0.0,0.0,200,../../lists/bcms_setimes/list.bcms_setimes.attrib=ig_mpd=11_thresh=0.6_docnorm=F_tfidf=F.csv
0.195,0.8,0.0,0.0,0.0,0.0,0.0,200,../../lists/bcms_setimes/list.bcms_setimes.attrib=ig_mpd=11_thresh=0.6_docnorm=F_tfidf=T.csv
0.735,0.215,0.0,0.0,0.0,0.0,0.0,200,../../lists/bcms_setimes/list.bcms_setimes.attrib=ig_mpd=11_thresh=0.6_docnorm=T_tfidf=F.csv
0.635,0.28,0.0,0.0,0.0,0.0,0.0,200,../../lists/bcms_setimes/list.bcms_setimes.attrib=ig_mpd=11_thresh=0.6_docnorm=T_tfidf=T.csv
0.165,0.81,0.0,0.0,0.0,0.0,0.0,200,../../lists/bcms_setimes/list.bcms_setimes.attrib=ig_mpd=11_thresh=0.7_docnorm=F_tfidf=F.csv
0.195,0.8,0.0,0.0,0.0,0.0,0.0,200,../../lists/bcms_setimes/list.bcms_setimes.attrib=ig_mpd=11_thresh=0.7_docnorm=F_tfidf=T.csv
0.75,0.21,0.0,0.0,0.0,0.0,0.0,200,../../lists/bcms_setimes/list.bcms_setimes.attrib=ig_mpd=11_thresh=0.7_docnorm=T_tfidf=F.csv
0.685,0.26,0.0,0.0,0.0,0.0,0.0,200,../../lists/bcms_setimes/list.bcms_setimes.attrib=ig_mpd=11_thresh=0.7_docnorm=T_tfidf=T.csv
0.165,0.81,0.0,0.0,0.0,0.0,0.0,200,../../lists/bcms_setimes/list.bcms_setimes.attrib=ig_mpd=11_thresh=0.8_docnorm=F_tfidf=F.csv
0.195,0.8,0.0,0.0,0.0,0.0,0.0,200,../../lists/bcms_setimes/list.bcms_setimes.attrib=ig_mpd=11_thresh=0.8_docnorm=F_tfidf=T.csv
0.755,0.22,0.0,0.0,0.0,0.0,0.0,200,../../lists/bcms_setimes/list.bcms_setimes.attrib=ig_mpd=11_thresh=0.8_docnorm=T_tfidf=F.csv
0.66,0.275,0.0,0.0,0.0,0.0,0.0,200,../../lists/bcms_setimes/list.bcms_setimes.attrib=ig_mpd=11_thresh=0.8_docnorm=T_tfidf=T.csv
0.165,0.81,0.0,0.0,0.0,0.0,0.0,200,../../lists/bcms_setimes/list.bcms_setimes.attrib=ig_mpd=11_thresh=0.9_docnorm=F_tfidf=F.csv
0.195,0.8,0.0,0.0,0.0,0.0,0.0,200,../../lists/bcms_setimes/list.bcms_setimes.attrib=ig_mpd=11_thresh=0.9_docnorm=F_tfidf=T.csv
0.715,0.265,0.0,0.0,0.0,0.0,0.0,200,../../lists/bcms_setimes/list.bcms_setimes.attrib=ig_mpd=11_thresh=0.9_docnorm=T_tfidf=F.csv
0.63,0.33,0.0,0.0,0.0,0.0,0.0,200,../../lists/bcms_setimes/list.bcms_setimes.attrib=ig_mpd=11_thresh=0.9_docnorm=T_tfidf=T.csv
0.165,0.81,0.0,0.0,0.0,0.0,0.0,200,../../lists/bcms_setimes/list.bcms_setimes.attrib=ig_mpd=11_thresh=1.0_docnorm=F_tfidf=F.csv
0.195,0.8,0.0,0.0,0.0,0.0,0.0,200,../../lists/bcms_setimes/list.bcms_setimes.attrib=ig_mpd=11_thresh=1.0_docnorm=F_tfidf=T.csv
0.57,0.415,0.0,0.0,0.0,0.0,0.0,200,../../lists/bcms_setimes/list.bcms_setimes.attrib=ig_mpd=11_thresh=1.0_docnorm=T_tfidf=F.csv
0.545,0.425,0.0,0.0,0.0,0.0,0.0,200,../../lists/bcms_setimes/list.bcms_setimes.attrib=ig_mpd=11_thresh=1.0_docnorm=T_tfidf=T.csv
0.175,0.8,0.0,0.0,0.0,0.0,0.0,200,../../lists/bcms_setimes/list.bcms_setimes.attrib=ig_mpd=12_thresh=0.1_docnorm=F_tfidf=F.csv
0.2,0.79,0.0,0.0,0.0,0.0,0.0,200,../../lists/bcms_setimes/list.bcms_setimes.attrib=ig_mpd=12_thresh=0.1_docnorm=F_tfidf=T.csv
0.34,0.215,0.0,0.0,0.0,0.0,0.0,200,../../lists/bcms_setimes/list.bcms_setimes.attrib=ig_mpd=12_thresh=0.1_docnorm=T_tfidf=F.csv
0.22,0.345,0.0,0.0,0.0,0.0,0.0,200,../../lists/bcms_setimes/list.bcms_setimes.attrib=ig_mpd=12_thresh=0.1_docnorm=T_tfidf=T.csv
0.175,0.8,0.0,0.0,0.0,0.0,0.0,200,../../lists/bcms_setimes/list.bcms_setimes.attrib=ig_mpd=12_thresh=0.2_docnorm=F_tfidf=F.csv
0.2,0.79,0.0,0.0,0.0,0.0,0.0,200,../../lists/bcms_setimes/list.bcms_setimes.attrib=ig_mpd=12_thresh=0.2_docnorm=F_tfidf=T.csv
0.6,0.3,0.0,0.0,0.0,0.0,0.0,200,../../lists/bcms_setimes/list.bcms_setimes.attrib=ig_mpd=12_thresh=0.2_docnorm=T_tfidf=F.csv
0.395,0.345,0.0,0.0,0.0,0.0,0.0,200,../../lists/bcms_setimes/list.bcms_setimes.attrib=ig_mpd=12_thresh=0.2_docnorm=T_tfidf=T.csv
0.175,0.8,0.0,0.0,0.0,0.0,0.0,200,../../lists/bcms_setimes/list.bcms_setimes.attrib=ig_mpd=12_thresh=0.3_docnorm=F_tfidf=F.csv
0.2,0.79,0.0,0.0,0.0,0.0,0.0,200,../../lists/bcms_setimes/list.bcms_setimes.attrib=ig_mpd=12_thresh=0.3_docnorm=F_tfidf=T.csv
0.72,0.2,0.0,0.0,0.0,0.0,0.0,200,../../lists/bcms_setimes/list.bcms_setimes.attrib=ig_mpd=12_thresh=0.3_docnorm=T_tfidf=F.csv
0.47,0.315,0.0,0.0,0.0,0.0,0.0,200,../../lists/bcms_setimes/list.bcms_setimes.attrib=ig_mpd=12_thresh=0.3_docnorm=T_tfidf=T.csv
0.175,0.8,0.0,0.0,0.0,0.0,0.0,200,../../lists/bcms_setimes/list.bcms_setimes.attrib=ig_mpd=12_thresh=0.4_docnorm=F_tfidf=F.csv
0.2,0.79,0.0,0.0,0.0,0.0,0.0,200,../../lists/bcms_setimes/list.bcms_setimes.attrib=ig_mpd=12_thresh=0.4_docnorm=F_tfidf=T.csv
0.7,0.23,0.0,0.0,0.0,0.0,0.0,200,../../lists/bcms_setimes/list.bcms_setimes.attrib=ig_mpd=12_thresh=0.4_docnorm=T_tfidf=F.csv
0.53,0.305,0.0,0.0,0.0,0.0,0.0,200,../../lists/bcms_setimes/list.bcms_setimes.attrib=ig_mpd=12_thresh=0.4_docnorm=T_tfidf=T.csv
0.175,0.8,0.0,0.0,0.0,0.0,0.0,200,../../lists/bcms_setimes/list.bcms_setimes.attrib=ig_mpd=12_thresh=0.5_docnorm=F_tfidf=F.csv
0.2,0.79,0.0,0.0,0.0,0.0,0.0,200,../../lists/bcms_setimes/list.bcms_setimes.attrib=ig_mpd=12_thresh=0.5_docnorm=F_tfidf=T.csv
0.685,0.245,0.0,0.0,0.0,0.0,0.0,200,../../lists/bcms_setimes/list.bcms_setimes.attrib=ig_mpd=12_thresh=0.5_docnorm=T_tfidf=F.csv
0.6,0.27,0.0,0.0,0.0,0.0,0.0,200,../../lists/bcms_setimes/list.bcms_setimes.attrib=ig_mpd=12_thresh=0.5_docnorm=T_tfidf=T.csv
0.175,0.8,0.0,0.0,0.0,0.0,0.0,200,../../lists/bcms_setimes/list.bcms_setimes.attrib=ig_mpd=12_thresh=0.6_docnorm=F_tfidf=F.csv
0.2,0.79,0.0,0.0,0.0,0.0,0.0,200,../../lists/bcms_setimes/list.bcms_setimes.attrib=ig_mpd=12_thresh=0.6_docnorm=F_tfidf=T.csv
0.725,0.225,0.0,0.0,0.0,0.0,0.0,200,../../lists/bcms_setimes/list.bcms_setimes.attrib=ig_mpd=12_thresh=0.6_docnorm=T_tfidf=F.csv
0.65,0.275,0.0,0.0,0.0,0.0,0.0,200,../../lists/bcms_setimes/list.bcms_setimes.attrib=ig_mpd=12_thresh=0.6_docnorm=T_tfidf=T.csv
0.175,0.8,0.0,0.0,0.0,0.0,0.0,200,../../lists/bcms_setimes/list.bcms_setimes.attrib=ig_mpd=12_thresh=0.7_docnorm=F_tfidf=F.csv
0.2,0.79,0.0,0.0,0.0,0.0,0.0,200,../../lists/bcms_setimes/list.bcms_setimes.attrib=ig_mpd=12_thresh=0.7_docnorm=F_tfidf=T.csv
0.76,0.2,0.0,0.0,0.0,0.0,0.0,200,../../lists/bcms_setimes/list.bcms_setimes.attrib=ig_mpd=12_thresh=0.7_docnorm=T_tfidf=F.csv
0.675,0.27,0.0,0.0,0.0,0.0,0.0,200,../../lists/bcms_setimes/list.bcms_setimes.attrib=ig_mpd=12_thresh=0.7_docnorm=T_tfidf=T.csv
0.175,0.8,0.0,0.0,0.0,0.0,0.0,200,../../lists/bcms_setimes/list.bcms_setimes.attrib=ig_mpd=12_thresh=0.8_docnorm=F_tfidf=F.csv
0.2,0.79,0.0,0.0,0.0,0.0,0.0,200,../../lists/bcms_setimes/list.bcms_setimes.attrib=ig_mpd=12_thresh=0.8_docnorm=F_tfidf=T.csv
0.74,0.225,0.0,0.0,0.0,0.0,0.0,200,../../lists/bcms_setimes/list.bcms_setimes.attrib=ig_mpd=12_thresh=0.8_docnorm=T_tfidf=F.csv
0.655,0.285,0.0,0.0,0.0,0.0,0.0,200,../../lists/bcms_setimes/list.bcms_setimes.attrib=ig_mpd=12_thresh=0.8_docnorm=T_tfidf=T.csv
0.175,0.8,0.0,0.0,0.0,0.0,0.0,200,../../lists/bcms_setimes/list.bcms_setimes.attrib=ig_mpd=12_thresh=0.9_docnorm=F_tfidf=F.csv
0.2,0.79,0.0,0.0,0.0,0.0,0.0,200,../../lists/bcms_setimes/list.bcms_setimes.attrib=ig_mpd=12_thresh=0.9_docnorm=F_tfidf=T.csv
0.715,0.27,0.0,0.0,0.0,0.0,0.0,200,../../lists/bcms_setimes/list.bcms_setimes.attrib=ig_mpd=12_thresh=0.9_docnorm=T_tfidf=F.csv
0.635,0.325,0.0,0.0,0.0,0.0,0.0,200,../../lists/bcms_setimes/list.bcms_setimes.attrib=ig_mpd=12_thresh=0.9_docnorm=T_tfidf=T.csv
0.175,0.8,0.0,0.0,0.0,0.0,0.0,200,../../lists/bcms_setimes/list.bcms_setimes.attrib=ig_mpd=12_thresh=1.0_docnorm=F_tfidf=F.csv
0.2,0.79,0.0,0.0,0.0,0.0,0.0,200,../../lists/bcms_setimes/list.bcms_setimes.attrib=ig_mpd=12_thresh=1.0_docnorm=F_tfidf=T.csv
0.58,0.405,0.0,0.0,0.0,0.0,0.0,200,../../lists/bcms_setimes/list.bcms_setimes.attrib=ig_mpd=12_thresh=1.0_docnorm=T_tfidf=F.csv
0.545,0.425,0.0,0.0,0.0,0.0,0.0,200,../../lists/bcms_setimes/list.bcms_setimes.attrib=ig_mpd=12_thresh=1.0_docnorm=T_tfidf=T.csv
0.175,0.8,0.0,0.0,0.0,0.0,0.0,200,../../lists/bcms_setimes/list.bcms_setimes.attrib=ig_mpd=13_thresh=0.1_docnorm=F_tfidf=F.csv
0.2,0.79,0.0,0.0,0.0,0.0,0.0,200,../../lists/bcms_setimes/list.bcms_setimes.attrib=ig_mpd=13_thresh=0.1_docnorm=F_tfidf=T.csv
0.325,0.215,0.0,0.0,0.0,0.0,0.0,200,../../lists/bcms_setimes/list.bcms_setimes.attrib=ig_mpd=13_thresh=0.1_docnorm=T_tfidf=F.csv
0.225,0.335,0.0,0.0,0.0,0.0,0.0,200,../../lists/bcms_setimes/list.bcms_setimes.attrib=ig_mpd=13_thresh=0.1_docnorm=T_tfidf=T.csv
0.175,0.8,0.0,0.0,0.0,0.0,0.0,200,../../lists/bcms_setimes/list.bcms_setimes.attrib=ig_mpd=13_thresh=0.2_docnorm=F_tfidf=F.csv
0.2,0.79,0.0,0.0,0.0,0.0,0.0,200,../../lists/bcms_setimes/list.bcms_setimes.attrib=ig_mpd=13_thresh=0.2_docnorm=F_tfidf=T.csv
0.59,0.3,0.0,0.0,0.0,0.0,0.0,200,../../lists/bcms_setimes/list.bcms_setimes.attrib=ig_mpd=13_thresh=0.2_docnorm=T_tfidf=F.csv
0.385,0.36,0.0,0.0,0.0,0.0,0.0,200,../../lists/bcms_setimes/list.bcms_setimes.attrib=ig_mpd=13_thresh=0.2_docnorm=T_tfidf=T.csv
0.175,0.8,0.0,0.0,0.0,0.0,0.0,200,../../lists/bcms_setimes/list.bcms_setimes.attrib=ig_mpd=13_thresh=0.3_docnorm=F_tfidf=F.csv
0.2,0.79,0.0,0.0,0.0,0.0,0.0,200,../../lists/bcms_setimes/list.bcms_setimes.attrib=ig_mpd=13_thresh=0.3_docnorm=F_tfidf=T.csv
0.715,0.22,0.0,0.0,0.0,0.0,0.0,200,../../lists/bcms_setimes/list.bcms_setimes.attrib=ig_mpd=13_thresh=0.3_docnorm=T_tfidf=F.csv
0.49,0.295,0.0,0.0,0.0,0.0,0.0,200,../../lists/bcms_setimes/list.bcms_setimes.attrib=ig_mpd=13_thresh=0.3_docnorm=T_tfidf=T.csv
0.175,0.8,0.0,0.0,0.0,0.0,0.0,200,../../lists/bcms_setimes/list.bcms_setimes.attrib=ig_mpd=13_thresh=0.4_docnorm=F_tfidf=F.csv
0.2,0.79,0.0,0.0,0.0,0.0,0.0,200,../../lists/bcms_setimes/list.bcms_setimes.attrib=ig_mpd=13_thresh=0.4_docnorm=F_tfidf=T.csv
0.695,0.23,0.0,0.0,0.0,0.0,0.0,200,../../lists/bcms_setimes/list.bcms_setimes.attrib=ig_mpd=13_thresh=0.4_docnorm=T_tfidf=F.csv
0.535,0.305,0.0,0.0,0.0,0.0,0.0,200,../../lists/bcms_setimes/list.bcms_setimes.attrib=ig_mpd=13_thresh=0.4_docnorm=T_tfidf=T.csv
0.175,0.8,0.0,0.0,0.0,0.0,0.0,200,../../lists/bcms_setimes/list.bcms_setimes.attrib=ig_mpd=13_thresh=0.5_docnorm=F_tfidf=F.csv
0.2,0.79,0.0,0.0,0.0,0.0,0.0,200,../../lists/bcms_setimes/list.bcms_setimes.attrib=ig_mpd=13_thresh=0.5_docnorm=F_tfidf=T.csv
0.695,0.23,0.0,0.0,0.0,0.0,0.0,200,../../lists/bcms_setimes/list.bcms_setimes.attrib=ig_mpd=13_thresh=0.5_docnorm=T_tfidf=F.csv
0.605,0.275,0.0,0.0,0.0,0.0,0.0,200,../../lists/bcms_setimes/list.bcms_setimes.attrib=ig_mpd=13_thresh=0.5_docnorm=T_tfidf=T.csv
0.175,0.8,0.0,0.0,0.0,0.0,0.0,200,../../lists/bcms_setimes/list.bcms_setimes.attrib=ig_mpd=13_thresh=0.6_docnorm=F_tfidf=F.csv
0.2,0.79,0.0,0.0,0.0,0.0,0.0,200,../../lists/bcms_setimes/list.bcms_setimes.attrib=ig_mpd=13_thresh=0.6_docnorm=F_tfidf=T.csv
0.735,0.215,0.0,0.0,0.0,0.0,0.0,200,../../lists/bcms_setimes/list.bcms_setimes.attrib=ig_mpd=13_thresh=0.6_docnorm=T_tfidf=F.csv
0.65,0.275,0.0,0.0,0.0,0.0,0.0,200,../../lists/bcms_setimes/list.bcms_setimes.attrib=ig_mpd=13_thresh=0.6_docnorm=T_tfidf=T.csv
0.175,0.8,0.0,0.0,0.0,0.0,0.0,200,../../lists/bcms_setimes/list.bcms_setimes.attrib=ig_mpd=13_thresh=0.7_docnorm=F_tfidf=F.csv
0.2,0.79,0.0,0.0,0.0,0.0,0.0,200,../../lists/bcms_setimes/list.bcms_setimes.attrib=ig_mpd=13_thresh=0.7_docnorm=F_tfidf=T.csv
0.755,0.205,0.0,0.0,0.0,0.0,0.0,200,../../lists/bcms_setimes/list.bcms_setimes.attrib=ig_mpd=13_thresh=0.7_docnorm=T_tfidf=F.csv
0.68,0.26,0.0,0.0,0.0,0.0,0.0,200,../../lists/bcms_setimes/list.bcms_setimes.attrib=ig_mpd=13_thresh=0.7_docnorm=T_tfidf=T.csv
0.175,0.8,0.0,0.0,0.0,0.0,0.0,200,../../lists/bcms_setimes/list.bcms_setimes.attrib=ig_mpd=13_thresh=0.8_docnorm=F_tfidf=F.csv
0.2,0.79,0.0,0.0,0.0,0.0,0.0,200,../../lists/bcms_setimes/list.bcms_setimes.attrib=ig_mpd=13_thresh=0.8_docnorm=F_tfidf=T.csv
0.74,0.225,0.0,0.0,0.0,0.0,0.0,200,../../lists/bcms_setimes/list.bcms_setimes.attrib=ig_mpd=13_thresh=0.8_docnorm=T_tfidf=F.csv
0.67,0.27,0.0,0.0,0.0,0.0,0.0,200,../../lists/bcms_setimes/list.bcms_setimes.attrib=ig_mpd=13_thresh=0.8_docnorm=T_tfidf=T.csv
0.175,0.8,0.0,0.0,0.0,0.0,0.0,200,../../lists/bcms_setimes/list.bcms_setimes.attrib=ig_mpd=13_thresh=0.9_docnorm=F_tfidf=F.csv
0.2,0.79,0.0,0.0,0.0,0.0,0.0,200,../../lists/bcms_setimes/list.bcms_setimes.attrib=ig_mpd=13_thresh=0.9_docnorm=F_tfidf=T.csv
0.725,0.26,0.0,0.0,0.0,0.0,0.0,200,../../lists/bcms_setimes/list.bcms_setimes.attrib=ig_mpd=13_thresh=0.9_docnorm=T_tfidf=F.csv
0.635,0.325,0.0,0.0,0.0,0.0,0.0,200,../../lists/bcms_setimes/list.bcms_setimes.attrib=ig_mpd=13_thresh=0.9_docnorm=T_tfidf=T.csv
0.175,0.8,0.0,0.0,0.0,0.0,0.0,200,../../lists/bcms_setimes/list.bcms_setimes.attrib=ig_mpd=13_thresh=1.0_docnorm=F_tfidf=F.csv
0.2,0.79,0.0,0.0,0.0,0.0,0.0,200,../../lists/bcms_setimes/list.bcms_setimes.attrib=ig_mpd=13_thresh=1.0_docnorm=F_tfidf=T.csv
0.58,0.405,0.0,0.0,0.0,0.0,0.0,200,../../lists/bcms_setimes/list.bcms_setimes.attrib=ig_mpd=13_thresh=1.0_docnorm=T_tfidf=F.csv
0.545,0.425,0.0,0.0,0.0,0.0,0.0,200,../../lists/bcms_setimes/list.bcms_setimes.attrib=ig_mpd=13_thresh=1.0_docnorm=T_tfidf=T.csv
0.175,0.8,0.0,0.0,0.0,0.0,0.0,200,../../lists/bcms_setimes/list.bcms_setimes.attrib=ig_mpd=14_thresh=0.1_docnorm=F_tfidf=F.csv
0.205,0.785,0.0,0.0,0.0,0.0,0.0,200,../../lists/bcms_setimes/list.bcms_setimes.attrib=ig_mpd=14_thresh=0.1_docnorm=F_tfidf=T.csv
0.335,0.2,0.0,0.0,0.0,0.0,0.0,200,../../lists/bcms_setimes/list.bcms_setimes.attrib=ig_mpd=14_thresh=0.1_docnorm=T_tfidf=F.csv
0.22,0.335,0.0,0.0,0.0,0.0,0.0,200,../../lists/bcms_setimes/list.bcms_setimes.attrib=ig_mpd=14_thresh=0.1_docnorm=T_tfidf=T.csv
0.175,0.8,0.0,0.0,0.0,0.0,0.0,200,../../lists/bcms_setimes/list.bcms_setimes.attrib=ig_mpd=14_thresh=0.2_docnorm=F_tfidf=F.csv
0.205,0.785,0.0,0.0,0.0,0.0,0.0,200,../../lists/bcms_setimes/list.bcms_setimes.attrib=ig_mpd=14_thresh=0.2_docnorm=F_tfidf=T.csv
0.59,0.31,0.0,0.0,0.0,0.0,0.0,200,../../lists/bcms_setimes/list.bcms_setimes.attrib=ig_mpd=14_thresh=0.2_docnorm=T_tfidf=F.csv
0.4,0.345,0.0,0.0,0.0,0.0,0.0,200,../../lists/bcms_setimes/list.bcms_setimes.attrib=ig_mpd=14_thresh=0.2_docnorm=T_tfidf=T.csv
0.175,0.8,0.0,0.0,0.0,0.0,0.0,200,../../lists/bcms_setimes/list.bcms_setimes.attrib=ig_mpd=14_thresh=0.3_docnorm=F_tfidf=F.csv
0.205,0.785,0.0,0.0,0.0,0.0,0.0,200,../../lists/bcms_setimes/list.bcms_setimes.attrib=ig_mpd=14_thresh=0.3_docnorm=F_tfidf=T.csv
0.69,0.235,0.0,0.0,0.0,0.0,0.0,200,../../lists/bcms_setimes/list.bcms_setimes.attrib=ig_mpd=14_thresh=0.3_docnorm=T_tfidf=F.csv
0.475,0.305,0.0,0.0,0.0,0.0,0.0,200,../../lists/bcms_setimes/list.bcms_setimes.attrib=ig_mpd=14_thresh=0.3_docnorm=T_tfidf=T.csv
0.175,0.8,0.0,0.0,0.0,0.0,0.0,200,../../lists/bcms_setimes/list.bcms_setimes.attrib=ig_mpd=14_thresh=0.4_docnorm=F_tfidf=F.csv
0.205,0.785,0.0,0.0,0.0,0.0,0.0,200,../../lists/bcms_setimes/list.bcms_setimes.attrib=ig_mpd=14_thresh=0.4_docnorm=F_tfidf=T.csv
0.72,0.2,0.0,0.0,0.0,0.0,0.0,200,../../lists/bcms_setimes/list.bcms_setimes.attrib=ig_mpd=14_thresh=0.4_docnorm=T_tfidf=F.csv
0.54,0.3,0.0,0.0,0.0,0.0,0.0,200,../../lists/bcms_setimes/list.bcms_setimes.attrib=ig_mpd=14_thresh=0.4_docnorm=T_tfidf=T.csv
0.175,0.8,0.0,0.0,0.0,0.0,0.0,200,../../lists/bcms_setimes/list.bcms_setimes.attrib=ig_mpd=14_thresh=0.5_docnorm=F_tfidf=F.csv
0.205,0.785,0.0,0.0,0.0,0.0,0.0,200,../../lists/bcms_setimes/list.bcms_setimes.attrib=ig_mpd=14_thresh=0.5_docnorm=F_tfidf=T.csv
0.705,0.22,0.0,0.0,0.0,0.0,0.0,200,../../lists/bcms_setimes/list.bcms_setimes.attrib=ig_mpd=14_thresh=0.5_docnorm=T_tfidf=F.csv
0.595,0.29,0.0,0.0,0.0,0.0,0.0,200,../../lists/bcms_setimes/list.bcms_setimes.attrib=ig_mpd=14_thresh=0.5_docnorm=T_tfidf=T.csv
0.175,0.8,0.0,0.0,0.0,0.0,0.0,200,../../lists/bcms_setimes/list.bcms_setimes.attrib=ig_mpd=14_thresh=0.6_docnorm=F_tfidf=F.csv
0.205,0.785,0.0,0.0,0.0,0.0,0.0,200,../../lists/bcms_setimes/list.bcms_setimes.attrib=ig_mpd=14_thresh=0.6_docnorm=F_tfidf=T.csv
0.73,0.225,0.0,0.0,0.0,0.0,0.0,200,../../lists/bcms_setimes/list.bcms_setimes.attrib=ig_mpd=14_thresh=0.6_docnorm=T_tfidf=F.csv
0.655,0.27,0.0,0.0,0.0,0.0,0.0,200,../../lists/bcms_setimes/list.bcms_setimes.attrib=ig_mpd=14_thresh=0.6_docnorm=T_tfidf=T.csv
0.175,0.8,0.0,0.0,0.0,0.0,0.0,200,../../lists/bcms_setimes/list.bcms_setimes.attrib=ig_mpd=14_thresh=0.7_docnorm=F_tfidf=F.csv
0.205,0.785,0.0,0.0,0.0,0.0,0.0,200,../../lists/bcms_setimes/list.bcms_setimes.attrib=ig_mpd=14_thresh=0.7_docnorm=F_tfidf=T.csv
0.74,0.215,0.0,0.0,0.0,0.0,0.0,200,../../lists/bcms_setimes/list.bcms_setimes.attrib=ig_mpd=14_thresh=0.7_docnorm=T_tfidf=F.csv
0.695,0.245,0.0,0.0,0.0,0.0,0.0,200,../../lists/bcms_setimes/list.bcms_setimes.attrib=ig_mpd=14_thresh=0.7_docnorm=T_tfidf=T.csv
0.175,0.8,0.0,0.0,0.0,0.0,0.0,200,../../lists/bcms_setimes/list.bcms_setimes.attrib=ig_mpd=14_thresh=0.8_docnorm=F_tfidf=F.csv
0.205,0.785,0.0,0.0,0.0,0.0,0.0,200,../../lists/bcms_setimes/list.bcms_setimes.attrib=ig_mpd=14_thresh=0.8_docnorm=F_tfidf=T.csv
0.73,0.23,0.0,0.0,0.0,0.0,0.0,200,../../lists/bcms_setimes/list.bcms_setimes.attrib=ig_mpd=14_thresh=0.8_docnorm=T_tfidf=F.csv
0.675,0.275,0.0,0.0,0.0,0.0,0.0,200,../../lists/bcms_setimes/list.bcms_setimes.attrib=ig_mpd=14_thresh=0.8_docnorm=T_tfidf=T.csv
0.175,0.8,0.0,0.0,0.0,0.0,0.0,200,../../lists/bcms_setimes/list.bcms_setimes.attrib=ig_mpd=14_thresh=0.9_docnorm=F_tfidf=F.csv
0.205,0.785,0.0,0.0,0.0,0.0,0.0,200,../../lists/bcms_setimes/list.bcms_setimes.attrib=ig_mpd=14_thresh=0.9_docnorm=F_tfidf=T.csv
0.73,0.255,0.0,0.0,0.0,0.0,0.0,200,../../lists/bcms_setimes/list.bcms_setimes.attrib=ig_mpd=14_thresh=0.9_docnorm=T_tfidf=F.csv
0.64,0.32,0.0,0.0,0.0,0.0,0.0,200,../../lists/bcms_setimes/list.bcms_setimes.attrib=ig_mpd=14_thresh=0.9_docnorm=T_tfidf=T.csv
0.175,0.8,0.0,0.0,0.0,0.0,0.0,200,../../lists/bcms_setimes/list.bcms_setimes.attrib=ig_mpd=14_thresh=1.0_docnorm=F_tfidf=F.csv
0.205,0.785,0.0,0.0,0.0,0.0,0.0,200,../../lists/bcms_setimes/list.bcms_setimes.attrib=ig_mpd=14_thresh=1.0_docnorm=F_tfidf=T.csv
0.59,0.395,0.0,0.0,0.0,0.0,0.0,200,../../lists/bcms_setimes/list.bcms_setimes.attrib=ig_mpd=14_thresh=1.0_docnorm=T_tfidf=F.csv
0.565,0.395,0.0,0.0,0.0,0.0,0.0,200,../../lists/bcms_setimes/list.bcms_setimes.attrib=ig_mpd=14_thresh=1.0_docnorm=T_tfidf=T.csv
0.175,0.8,0.0,0.0,0.0,0.0,0.0,200,../../lists/bcms_setimes/list.bcms_setimes.attrib=ig_mpd=15_thresh=0.1_docnorm=F_tfidf=F.csv
0.215,0.775,0.0,0.0,0.0,0.0,0.0,200,../../lists/bcms_setimes/list.bcms_setimes.attrib=ig_mpd=15_thresh=0.1_docnorm=F_tfidf=T.csv
0.335,0.19,0.0,0.0,0.0,0.0,0.0,200,../../lists/bcms_setimes/list.bcms_setimes.attrib=ig_mpd=15_thresh=0.1_docnorm=T_tfidf=F.csv
0.22,0.33,0.0,0.0,0.0,0.0,0.0,200,../../lists/bcms_setimes/list.bcms_setimes.attrib=ig_mpd=15_thresh=0.1_docnorm=T_tfidf=T.csv
0.175,0.8,0.0,0.0,0.0,0.0,0.0,200,../../lists/bcms_setimes/list.bcms_setimes.attrib=ig_mpd=15_thresh=0.2_docnorm=F_tfidf=F.csv
0.215,0.775,0.0,0.0,0.0,0.0,0.0,200,../../lists/bcms_setimes/list.bcms_setimes.attrib=ig_mpd=15_thresh=0.2_docnorm=F_tfidf=T.csv
0.605,0.295,0.0,0.0,0.0,0.0,0.0,200,../../lists/bcms_setimes/list.bcms_setimes.attrib=ig_mpd=15_thresh=0.2_docnorm=T_tfidf=F.csv
0.395,0.33,0.0,0.0,0.0,0.0,0.0,200,../../lists/bcms_setimes/list.bcms_setimes.attrib=ig_mpd=15_thresh=0.2_docnorm=T_tfidf=T.csv
0.175,0.8,0.0,0.0,0.0,0.0,0.0,200,../../lists/bcms_setimes/list.bcms_setimes.attrib=ig_mpd=15_thresh=0.3_docnorm=F_tfidf=F.csv
0.215,0.775,0.0,0.0,0.0,0.0,0.0,200,../../lists/bcms_setimes/list.bcms_setimes.attrib=ig_mpd=15_thresh=0.3_docnorm=F_tfidf=T.csv
0.7,0.235,0.0,0.0,0.0,0.0,0.0,200,../../lists/bcms_setimes/list.bcms_setimes.attrib=ig_mpd=15_thresh=0.3_docnorm=T_tfidf=F.csv
0.5,0.29,0.0,0.0,0.0,0.0,0.0,200,../../lists/bcms_setimes/list.bcms_setimes.attrib=ig_mpd=15_thresh=0.3_docnorm=T_tfidf=T.csv
0.175,0.8,0.0,0.0,0.0,0.0,0.0,200,../../lists/bcms_setimes/list.bcms_setimes.attrib=ig_mpd=15_thresh=0.4_docnorm=F_tfidf=F.csv
0.215,0.775,0.0,0.0,0.0,0.0,0.0,200,../../lists/bcms_setimes/list.bcms_setimes.attrib=ig_mpd=15_thresh=0.4_docnorm=F_tfidf=T.csv
0.715,0.205,0.0,0.0,0.0,0.0,0.0,200,../../lists/bcms_setimes/list.bcms_setimes.attrib=ig_mpd=15_thresh=0.4_docnorm=T_tfidf=F.csv
0.535,0.3,0.0,0.0,0.0,0.0,0.0,200,../../lists/bcms_setimes/list.bcms_setimes.attrib=ig_mpd=15_thresh=0.4_docnorm=T_tfidf=T.csv
0.175,0.8,0.0,0.0,0.0,0.0,0.0,200,../../lists/bcms_setimes/list.bcms_setimes.attrib=ig_mpd=15_thresh=0.5_docnorm=F_tfidf=F.csv
0.215,0.775,0.0,0.0,0.0,0.0,0.0,200,../../lists/bcms_setimes/list.bcms_setimes.attrib=ig_mpd=15_thresh=0.5_docnorm=F_tfidf=T.csv
0.7,0.23,0.0,0.0,0.0,0.0,0.0,200,../../lists/bcms_setimes/list.bcms_setimes.attrib=ig_mpd=15_thresh=0.5_docnorm=T_tfidf=F.csv
0.585,0.29,0.0,0.0,0.0,0.0,0.0,200,../../lists/bcms_setimes/list.bcms_setimes.attrib=ig_mpd=15_thresh=0.5_docnorm=T_tfidf=T.csv
0.175,0.8,0.0,0.0,0.0,0.0,0.0,200,../../lists/bcms_setimes/list.bcms_setimes.attrib=ig_mpd=15_thresh=0.6_docnorm=F_tfidf=F.csv
0.215,0.775,0.0,0.0,0.0,0.0,0.0,200,../../lists/bcms_setimes/list.bcms_setimes.attrib=ig_mpd=15_thresh=0.6_docnorm=F_tfidf=T.csv
0.73,0.225,0.0,0.0,0.0,0.0,0.0,200,../../lists/bcms_setimes/list.bcms_setimes.attrib=ig_mpd=15_thresh=0.6_docnorm=T_tfidf=F.csv
0.655,0.255,0.0,0.0,0.0,0.0,0.0,200,../../lists/bcms_setimes/list.bcms_setimes.attrib=ig_mpd=15_thresh=0.6_docnorm=T_tfidf=T.csv
0.175,0.8,0.0,0.0,0.0,0.0,0.0,200,../../lists/bcms_setimes/list.bcms_setimes.attrib=ig_mpd=15_thresh=0.7_docnorm=F_tfidf=F.csv
0.215,0.775,0.0,0.0,0.0,0.0,0.0,200,../../lists/bcms_setimes/list.bcms_setimes.attrib=ig_mpd=15_thresh=0.7_docnorm=F_tfidf=T.csv
0.745,0.21,0.0,0.0,0.0,0.0,0.0,200,../../lists/bcms_setimes/list.bcms_setimes.attrib=ig_mpd=15_thresh=0.7_docnorm=T_tfidf=F.csv
0.685,0.26,0.0,0.0,0.0,0.0,0.0,200,../../lists/bcms_setimes/list.bcms_setimes.attrib=ig_mpd=15_thresh=0.7_docnorm=T_tfidf=T.csv
0.175,0.8,0.0,0.0,0.0,0.0,0.0,200,../../lists/bcms_setimes/list.bcms_setimes.attrib=ig_mpd=15_thresh=0.8_docnorm=F_tfidf=F.csv
0.215,0.775,0.0,0.0,0.0,0.0,0.0,200,../../lists/bcms_setimes/list.bcms_setimes.attrib=ig_mpd=15_thresh=0.8_docnorm=F_tfidf=T.csv
0.72,0.24,0.0,0.0,0.0,0.0,0.0,200,../../lists/bcms_setimes/list.bcms_setimes.attrib=ig_mpd=15_thresh=0.8_docnorm=T_tfidf=F.csv
0.67,0.28,0.0,0.0,0.0,0.0,0.0,200,../../lists/bcms_setimes/list.bcms_setimes.attrib=ig_mpd=15_thresh=0.8_docnorm=T_tfidf=T.csv
0.175,0.8,0.0,0.0,0.0,0.0,0.0,200,../../lists/bcms_setimes/list.bcms_setimes.attrib=ig_mpd=15_thresh=0.9_docnorm=F_tfidf=F.csv
0.215,0.775,0.0,0.0,0.0,0.0,0.0,200,../../lists/bcms_setimes/list.bcms_setimes.attrib=ig_mpd=15_thresh=0.9_docnorm=F_tfidf=T.csv
0.725,0.26,0.0,0.0,0.0,0.0,0.0,200,../../lists/bcms_setimes/list.bcms_setimes.attrib=ig_mpd=15_thresh=0.9_docnorm=T_tfidf=F.csv
0.65,0.31,0.0,0.0,0.0,0.0,0.0,200,../../lists/bcms_setimes/list.bcms_setimes.attrib=ig_mpd=15_thresh=0.9_docnorm=T_tfidf=T.csv
0.175,0.8,0.0,0.0,0.0,0.0,0.0,200,../../lists/bcms_setimes/list.bcms_setimes.attrib=ig_mpd=15_thresh=1.0_docnorm=F_tfidf=F.csv
0.215,0.775,0.0,0.0,0.0,0.0,0.0,200,../../lists/bcms_setimes/list.bcms_setimes.attrib=ig_mpd=15_thresh=1.0_docnorm=F_tfidf=T.csv
0.6,0.385,0.0,0.0,0.0,0.0,0.0,200,../../lists/bcms_setimes/list.bcms_setimes.attrib=ig_mpd=15_thresh=1.0_docnorm=T_tfidf=F.csv
0.58,0.38,0.0,0.0,0.0,0.0,0.0,200,../../lists/bcms_setimes/list.bcms_setimes.attrib=ig_mpd=15_thresh=1.0_docnorm=T_tfidf=T.csv
0.175,0.795,0.0,0.0,0.0,0.0,0.0,200,../../lists/bcms_setimes/list.bcms_setimes.attrib=ig_mpd=16_thresh=0.1_docnorm=F_tfidf=F.csv
0.215,0.775,0.0,0.0,0.0,0.0,0.0,200,../../lists/bcms_setimes/list.bcms_setimes.attrib=ig_mpd=16_thresh=0.1_docnorm=F_tfidf=T.csv
0.33,0.19,0.0,0.0,0.0,0.0,0.0,200,../../lists/bcms_setimes/list.bcms_setimes.attrib=ig_mpd=16_thresh=0.1_docnorm=T_tfidf=F.csv
0.225,0.325,0.0,0.0,0.0,0.0,0.0,200,../../lists/bcms_setimes/list.bcms_setimes.attrib=ig_mpd=16_thresh=0.1_docnorm=T_tfidf=T.csv
0.175,0.795,0.0,0.0,0.0,0.0,0.0,200,../../lists/bcms_setimes/list.bcms_setimes.attrib=ig_mpd=16_thresh=0.2_docnorm=F_tfidf=F.csv
0.215,0.775,0.0,0.0,0.0,0.0,0.0,200,../../lists/bcms_setimes/list.bcms_setimes.attrib=ig_mpd=16_thresh=0.2_docnorm=F_tfidf=T.csv
0.615,0.28,0.0,0.0,0.0,0.0,0.0,200,../../lists/bcms_setimes/list.bcms_setimes.attrib=ig_mpd=16_thresh=0.2_docnorm=T_tfidf=F.csv
0.395,0.33,0.0,0.0,0.0,0.0,0.0,200,../../lists/bcms_setimes/list.bcms_setimes.attrib=ig_mpd=16_thresh=0.2_docnorm=T_tfidf=T.csv
0.175,0.795,0.0,0.0,0.0,0.0,0.0,200,../../lists/bcms_setimes/list.bcms_setimes.attrib=ig_mpd=16_thresh=0.3_docnorm=F_tfidf=F.csv
0.215,0.775,0.0,0.0,0.0,0.0,0.0,200,../../lists/bcms_setimes/list.bcms_setimes.attrib=ig_mpd=16_thresh=0.3_docnorm=F_tfidf=T.csv
0.7,0.235,0.0,0.0,0.0,0.0,0.0,200,../../lists/bcms_setimes/list.bcms_setimes.attrib=ig_mpd=16_thresh=0.3_docnorm=T_tfidf=F.csv
0.495,0.29,0.0,0.0,0.0,0.0,0.0,200,../../lists/bcms_setimes/list.bcms_setimes.attrib=ig_mpd=16_thresh=0.3_docnorm=T_tfidf=T.csv
0.175,0.795,0.0,0.0,0.0,0.0,0.0,200,../../lists/bcms_setimes/list.bcms_setimes.attrib=ig_mpd=16_thresh=0.4_docnorm=F_tfidf=F.csv
0.215,0.775,0.0,0.0,0.0,0.0,0.0,200,../../lists/bcms_setimes/list.bcms_setimes.attrib=ig_mpd=16_thresh=0.4_docnorm=F_tfidf=T.csv
0.71,0.22,0.0,0.0,0.0,0.0,0.0,200,../../lists/bcms_setimes/list.bcms_setimes.attrib=ig_mpd=16_thresh=0.4_docnorm=T_tfidf=F.csv
0.55,0.28,0.0,0.0,0.0,0.0,0.0,200,../../lists/bcms_setimes/list.bcms_setimes.attrib=ig_mpd=16_thresh=0.4_docnorm=T_tfidf=T.csv
0.175,0.795,0.0,0.0,0.0,0.0,0.0,200,../../lists/bcms_setimes/list.bcms_setimes.attrib=ig_mpd=16_thresh=0.5_docnorm=F_tfidf=F.csv
0.215,0.775,0.0,0.0,0.0,0.0,0.0,200,../../lists/bcms_setimes/list.bcms_setimes.attrib=ig_mpd=16_thresh=0.5_docnorm=F_tfidf=T.csv
0.69,0.24,0.0,0.0,0.0,0.0,0.0,200,../../lists/bcms_setimes/list.bcms_setimes.attrib=ig_mpd=16_thresh=0.5_docnorm=T_tfidf=F.csv
0.585,0.29,0.0,0.0,0.0,0.0,0.0,200,../../lists/bcms_setimes/list.bcms_setimes.attrib=ig_mpd=16_thresh=0.5_docnorm=T_tfidf=T.csv
0.175,0.795,0.0,0.0,0.0,0.0,0.0,200,../../lists/bcms_setimes/list.bcms_setimes.attrib=ig_mpd=16_thresh=0.6_docnorm=F_tfidf=F.csv
0.215,0.775,0.0,0.0,0.0,0.0,0.0,200,../../lists/bcms_setimes/list.bcms_setimes.attrib=ig_mpd=16_thresh=0.6_docnorm=F_tfidf=T.csv
0.72,0.225,0.0,0.0,0.0,0.0,0.0,200,../../lists/bcms_setimes/list.bcms_setimes.attrib=ig_mpd=16_thresh=0.6_docnorm=T_tfidf=F.csv
0.655,0.255,0.0,0.0,0.0,0.0,0.0,200,../../lists/bcms_setimes/list.bcms_setimes.attrib=ig_mpd=16_thresh=0.6_docnorm=T_tfidf=T.csv
0.175,0.795,0.0,0.0,0.0,0.0,0.0,200,../../lists/bcms_setimes/list.bcms_setimes.attrib=ig_mpd=16_thresh=0.7_docnorm=F_tfidf=F.csv
0.215,0.775,0.0,0.0,0.0,0.0,0.0,200,../../lists/bcms_setimes/list.bcms_setimes.attrib=ig_mpd=16_thresh=0.7_docnorm=F_tfidf=T.csv
0.73,0.215,0.0,0.0,0.0,0.0,0.0,200,../../lists/bcms_setimes/list.bcms_setimes.attrib=ig_mpd=16_thresh=0.7_docnorm=T_tfidf=F.csv
0.675,0.26,0.0,0.0,0.0,0.0,0.0,200,../../lists/bcms_setimes/list.bcms_setimes.attrib=ig_mpd=16_thresh=0.7_docnorm=T_tfidf=T.csv
0.175,0.795,0.0,0.0,0.0,0.0,0.0,200,../../lists/bcms_setimes/list.bcms_setimes.attrib=ig_mpd=16_thresh=0.8_docnorm=F_tfidf=F.csv
0.215,0.775,0.0,0.0,0.0,0.0,0.0,200,../../lists/bcms_setimes/list.bcms_setimes.attrib=ig_mpd=16_thresh=0.8_docnorm=F_tfidf=T.csv
0.735,0.225,0.0,0.0,0.0,0.0,0.0,200,../../lists/bcms_setimes/list.bcms_setimes.attrib=ig_mpd=16_thresh=0.8_docnorm=T_tfidf=F.csv
0.675,0.28,0.0,0.0,0.0,0.0,0.0,200,../../lists/bcms_setimes/list.bcms_setimes.attrib=ig_mpd=16_thresh=0.8_docnorm=T_tfidf=T.csv
0.175,0.795,0.0,0.0,0.0,0.0,0.0,200,../../lists/bcms_setimes/list.bcms_setimes.attrib=ig_mpd=16_thresh=0.9_docnorm=F_tfidf=F.csv
0.215,0.775,0.0,0.0,0.0,0.0,0.0,200,../../lists/bcms_setimes/list.bcms_setimes.attrib=ig_mpd=16_thresh=0.9_docnorm=F_tfidf=T.csv
0.735,0.25,0.0,0.0,0.0,0.0,0.0,200,../../lists/bcms_setimes/list.bcms_setimes.attrib=ig_mpd=16_thresh=0.9_docnorm=T_tfidf=F.csv
0.65,0.305,0.0,0.0,0.0,0.0,0.0,200,../../lists/bcms_setimes/list.bcms_setimes.attrib=ig_mpd=16_thresh=0.9_docnorm=T_tfidf=T.csv
0.175,0.795,0.0,0.0,0.0,0.0,0.0,200,../../lists/bcms_setimes/list.bcms_setimes.attrib=ig_mpd=16_thresh=1.0_docnorm=F_tfidf=F.csv
0.215,0.775,0.0,0.0,0.0,0.0,0.0,200,../../lists/bcms_setimes/list.bcms_setimes.attrib=ig_mpd=16_thresh=1.0_docnorm=F_tfidf=T.csv
0.605,0.385,0.0,0.0,0.0,0.0,0.0,200,../../lists/bcms_setimes/list.bcms_setimes.attrib=ig_mpd=16_thresh=1.0_docnorm=T_tfidf=F.csv
0.59,0.37,0.0,0.0,0.0,0.0,0.0,200,../../lists/bcms_setimes/list.bcms_setimes.attrib=ig_mpd=16_thresh=1.0_docnorm=T_tfidf=T.csv
0.175,0.795,0.0,0.0,0.0,0.0,0.0,200,../../lists/bcms_setimes/list.bcms_setimes.attrib=ig_mpd=17_thresh=0.1_docnorm=F_tfidf=F.csv
0.215,0.775,0.0,0.0,0.0,0.0,0.0,200,../../lists/bcms_setimes/list.bcms_setimes.attrib=ig_mpd=17_thresh=0.1_docnorm=F_tfidf=T.csv
0.335,0.185,0.0,0.0,0.0,0.0,0.0,200,../../lists/bcms_setimes/list.bcms_setimes.attrib=ig_mpd=17_thresh=0.1_docnorm=T_tfidf=F.csv
0.22,0.325,0.0,0.0,0.0,0.0,0.0,200,../../lists/bcms_setimes/list.bcms_setimes.attrib=ig_mpd=17_thresh=0.1_docnorm=T_tfidf=T.csv
0.175,0.795,0.0,0.0,0.0,0.0,0.0,200,../../lists/bcms_setimes/list.bcms_setimes.attrib=ig_mpd=17_thresh=0.2_docnorm=F_tfidf=F.csv
0.215,0.775,0.0,0.0,0.0,0.0,0.0,200,../../lists/bcms_setimes/list.bcms_setimes.attrib=ig_mpd=17_thresh=0.2_docnorm=F_tfidf=T.csv
0.625,0.275,0.0,0.0,0.0,0.0,0.0,200,../../lists/bcms_setimes/list.bcms_setimes.attrib=ig_mpd=17_thresh=0.2_docnorm=T_tfidf=F.csv
0.39,0.335,0.0,0.0,0.0,0.0,0.0,200,../../lists/bcms_setimes/list.bcms_setimes.attrib=ig_mpd=17_thresh=0.2_docnorm=T_tfidf=T.csv
0.175,0.795,0.0,0.0,0.0,0.0,0.0,200,../../lists/bcms_setimes/list.bcms_setimes.attrib=ig_mpd=17_thresh=0.3_docnorm=F_tfidf=F.csv
0.215,0.775,0.0,0.0,0.0,0.0,0.0,200,../../lists/bcms_setimes/list.bcms_setimes.attrib=ig_mpd=17_thresh=0.3_docnorm=F_tfidf=T.csv
0.7,0.23,0.0,0.0,0.0,0.0,0.0,200,../../lists/bcms_setimes/list.bcms_setimes.attrib=ig_mpd=17_thresh=0.3_docnorm=T_tfidf=F.csv
0.48,0.3,0.0,0.0,0.0,0.0,0.0,200,../../lists/bcms_setimes/list.bcms_setimes.attrib=ig_mpd=17_thresh=0.3_docnorm=T_tfidf=T.csv
0.175,0.795,0.0,0.0,0.0,0.0,0.0,200,../../lists/bcms_setimes/list.bcms_setimes.attrib=ig_mpd=17_thresh=0.4_docnorm=F_tfidf=F.csv
0.215,0.775,0.0,0.0,0.0,0.0,0.0,200,../../lists/bcms_setimes/list.bcms_setimes.attrib=ig_mpd=17_thresh=0.4_docnorm=F_tfidf=T.csv
0.72,0.215,0.0,0.0,0.0,0.0,0.0,200,../../lists/bcms_setimes/list.bcms_setimes.attrib=ig_mpd=17_thresh=0.4_docnorm=T_tfidf=F.csv
0.535,0.275,0.0,0.0,0.0,0.0,0.0,200,../../lists/bcms_setimes/list.bcms_setimes.attrib=ig_mpd=17_thresh=0.4_docnorm=T_tfidf=T.csv
0.175,0.795,0.0,0.0,0.0,0.0,0.0,200,../../lists/bcms_setimes/list.bcms_setimes.attrib=ig_mpd=17_thresh=0.5_docnorm=F_tfidf=F.csv
0.215,0.775,0.0,0.0,0.0,0.0,0.0,200,../../lists/bcms_setimes/list.bcms_setimes.attrib=ig_mpd=17_thresh=0.5_docnorm=F_tfidf=T.csv
0.705,0.23,0.0,0.0,0.0,0.0,0.0,200,../../lists/bcms_setimes/list.bcms_setimes.attrib=ig_mpd=17_thresh=0.5_docnorm=T_tfidf=F.csv
0.57,0.31,0.0,0.0,0.0,0.0,0.0,200,../../lists/bcms_setimes/list.bcms_setimes.attrib=ig_mpd=17_thresh=0.5_docnorm=T_tfidf=T.csv
0.175,0.795,0.0,0.0,0.0,0.0,0.0,200,../../lists/bcms_setimes/list.bcms_setimes.attrib=ig_mpd=17_thresh=0.6_docnorm=F_tfidf=F.csv
0.215,0.775,0.0,0.0,0.0,0.0,0.0,200,../../lists/bcms_setimes/list.bcms_setimes.attrib=ig_mpd=17_thresh=0.6_docnorm=F_tfidf=T.csv
0.725,0.22,0.0,0.0,0.0,0.0,0.0,200,../../lists/bcms_setimes/list.bcms_setimes.attrib=ig_mpd=17_thresh=0.6_docnorm=T_tfidf=F.csv
0.65,0.255,0.0,0.0,0.0,0.0,0.0,200,../../lists/bcms_setimes/list.bcms_setimes.attrib=ig_mpd=17_thresh=0.6_docnorm=T_tfidf=T.csv
0.175,0.795,0.0,0.0,0.0,0.0,0.0,200,../../lists/bcms_setimes/list.bcms_setimes.attrib=ig_mpd=17_thresh=0.7_docnorm=F_tfidf=F.csv
0.215,0.775,0.0,0.0,0.0,0.0,0.0,200,../../lists/bcms_setimes/list.bcms_setimes.attrib=ig_mpd=17_thresh=0.7_docnorm=F_tfidf=T.csv
0.74,0.21,0.0,0.0,0.0,0.0,0.0,200,../../lists/bcms_setimes/list.bcms_setimes.attrib=ig_mpd=17_thresh=0.7_docnorm=T_tfidf=F.csv
0.665,0.27,0.0,0.0,0.0,0.0,0.0,200,../../lists/bcms_setimes/list.bcms_setimes.attrib=ig_mpd=17_thresh=0.7_docnorm=T_tfidf=T.csv
0.175,0.795,0.0,0.0,0.0,0.0,0.0,200,../../lists/bcms_setimes/list.bcms_setimes.attrib=ig_mpd=17_thresh=0.8_docnorm=F_tfidf=F.csv
0.215,0.775,0.0,0.0,0.0,0.0,0.0,200,../../lists/bcms_setimes/list.bcms_setimes.attrib=ig_mpd=17_thresh=0.8_docnorm=F_tfidf=T.csv
0.755,0.21,0.0,0.0,0.0,0.0,0.0,200,../../lists/bcms_setimes/list.bcms_setimes.attrib=ig_mpd=17_thresh=0.8_docnorm=T_tfidf=F.csv
0.69,0.26,0.0,0.0,0.0,0.0,0.0,200,../../lists/bcms_setimes/list.bcms_setimes.attrib=ig_mpd=17_thresh=0.8_docnorm=T_tfidf=T.csv
0.175,0.795,0.0,0.0,0.0,0.0,0.0,200,../../lists/bcms_setimes/list.bcms_setimes.attrib=ig_mpd=17_thresh=0.9_docnorm=F_tfidf=F.csv
0.215,0.775,0.0,0.0,0.0,0.0,0.0,200,../../lists/bcms_setimes/list.bcms_setimes.attrib=ig_mpd=17_thresh=0.9_docnorm=F_tfidf=T.csv
0.74,0.245,0.0,0.0,0.0,0.0,0.0,200,../../lists/bcms_setimes/list.bcms_setimes.attrib=ig_mpd=17_thresh=0.9_docnorm=T_tfidf=F.csv
0.66,0.295,0.0,0.0,0.0,0.0,0.0,200,../../lists/bcms_setimes/list.bcms_setimes.attrib=ig_mpd=17_thresh=0.9_docnorm=T_tfidf=T.csv
0.175,0.795,0.0,0.0,0.0,0.0,0.0,200,../../lists/bcms_setimes/list.bcms_setimes.attrib=ig_mpd=17_thresh=1.0_docnorm=F_tfidf=F.csv
0.215,0.775,0.0,0.0,0.0,0.0,0.0,200,../../lists/bcms_setimes/list.bcms_setimes.attrib=ig_mpd=17_thresh=1.0_docnorm=F_tfidf=T.csv
0.63,0.365,0.0,0.0,0.0,0.0,0.0,200,../../lists/bcms_setimes/list.bcms_setimes.attrib=ig_mpd=17_thresh=1.0_docnorm=T_tfidf=F.csv
0.61,0.35,0.0,0.0,0.0,0.0,0.0,200,../../lists/bcms_setimes/list.bcms_setimes.attrib=ig_mpd=17_thresh=1.0_docnorm=T_tfidf=T.csv
0.175,0.795,0.0,0.0,0.0,0.0,0.0,200,../../lists/bcms_setimes/list.bcms_setimes.attrib=ig_mpd=18_thresh=0.1_docnorm=F_tfidf=F.csv
0.22,0.77,0.0,0.0,0.0,0.0,0.0,200,../../lists/bcms_setimes/list.bcms_setimes.attrib=ig_mpd=18_thresh=0.1_docnorm=F_tfidf=T.csv
0.325,0.19,0.0,0.0,0.0,0.0,0.0,200,../../lists/bcms_setimes/list.bcms_setimes.attrib=ig_mpd=18_thresh=0.1_docnorm=T_tfidf=F.csv
0.215,0.325,0.0,0.0,0.0,0.0,0.0,200,../../lists/bcms_setimes/list.bcms_setimes.attrib=ig_mpd=18_thresh=0.1_docnorm=T_tfidf=T.csv
0.175,0.795,0.0,0.0,0.0,0.0,0.0,200,../../lists/bcms_setimes/list.bcms_setimes.attrib=ig_mpd=18_thresh=0.2_docnorm=F_tfidf=F.csv
0.22,0.77,0.0,0.0,0.0,0.0,0.0,200,../../lists/bcms_setimes/list.bcms_setimes.attrib=ig_mpd=18_thresh=0.2_docnorm=F_tfidf=T.csv
0.63,0.25,0.0,0.0,0.0,0.0,0.0,200,../../lists/bcms_setimes/list.bcms_setimes.attrib=ig_mpd=18_thresh=0.2_docnorm=T_tfidf=F.csv
0.385,0.345,0.0,0.0,0.0,0.0,0.0,200,../../lists/bcms_setimes/list.bcms_setimes.attrib=ig_mpd=18_thresh=0.2_docnorm=T_tfidf=T.csv
0.175,0.795,0.0,0.0,0.0,0.0,0.0,200,../../lists/bcms_setimes/list.bcms_setimes.attrib=ig_mpd=18_thresh=0.3_docnorm=F_tfidf=F.csv
0.22,0.77,0.0,0.0,0.0,0.0,0.0,200,../../lists/bcms_setimes/list.bcms_setimes.attrib=ig_mpd=18_thresh=0.3_docnorm=F_tfidf=T.csv
0.72,0.22,0.0,0.0,0.0,0.0,0.0,200,../../lists/bcms_setimes/list.bcms_setimes.attrib=ig_mpd=18_thresh=0.3_docnorm=T_tfidf=F.csv
0.475,0.305,0.0,0.0,0.0,0.0,0.0,200,../../lists/bcms_setimes/list.bcms_setimes.attrib=ig_mpd=18_thresh=0.3_docnorm=T_tfidf=T.csv
0.175,0.795,0.0,0.0,0.0,0.0,0.0,200,../../lists/bcms_setimes/list.bcms_setimes.attrib=ig_mpd=18_thresh=0.4_docnorm=F_tfidf=F.csv
0.22,0.77,0.0,0.0,0.0,0.0,0.0,200,../../lists/bcms_setimes/list.bcms_setimes.attrib=ig_mpd=18_thresh=0.4_docnorm=F_tfidf=T.csv
0.71,0.215,0.0,0.0,0.0,0.0,0.0,200,../../lists/bcms_setimes/list.bcms_setimes.attrib=ig_mpd=18_thresh=0.4_docnorm=T_tfidf=F.csv
0.54,0.28,0.0,0.0,0.0,0.0,0.0,200,../../lists/bcms_setimes/list.bcms_setimes.attrib=ig_mpd=18_thresh=0.4_docnorm=T_tfidf=T.csv
0.175,0.795,0.0,0.0,0.0,0.0,0.0,200,../../lists/bcms_setimes/list.bcms_setimes.attrib=ig_mpd=18_thresh=0.5_docnorm=F_tfidf=F.csv
0.22,0.77,0.0,0.0,0.0,0.0,0.0,200,../../lists/bcms_setimes/list.bcms_setimes.attrib=ig_mpd=18_thresh=0.5_docnorm=F_tfidf=T.csv
0.72,0.215,0.0,0.0,0.0,0.0,0.0,200,../../lists/bcms_setimes/list.bcms_setimes.attrib=ig_mpd=18_thresh=0.5_docnorm=T_tfidf=F.csv
0.58,0.295,0.0,0.0,0.0,0.0,0.0,200,../../lists/bcms_setimes/list.bcms_setimes.attrib=ig_mpd=18_thresh=0.5_docnorm=T_tfidf=T.csv
0.175,0.795,0.0,0.0,0.0,0.0,0.0,200,../../lists/bcms_setimes/list.bcms_setimes.attrib=ig_mpd=18_thresh=0.6_docnorm=F_tfidf=F.csv
0.22,0.77,0.0,0.0,0.0,0.0,0.0,200,../../lists/bcms_setimes/list.bcms_setimes.attrib=ig_mpd=18_thresh=0.6_docnorm=F_tfidf=T.csv
0.735,0.215,0.0,0.0,0.0,0.0,0.0,200,../../lists/bcms_setimes/list.bcms_setimes.attrib=ig_mpd=18_thresh=0.6_docnorm=T_tfidf=F.csv
0.665,0.245,0.0,0.0,0.0,0.0,0.0,200,../../lists/bcms_setimes/list.bcms_setimes.attrib=ig_mpd=18_thresh=0.6_docnorm=T_tfidf=T.csv
0.175,0.795,0.0,0.0,0.0,0.0,0.0,200,../../lists/bcms_setimes/list.bcms_setimes.attrib=ig_mpd=18_thresh=0.7_docnorm=F_tfidf=F.csv
0.22,0.77,0.0,0.0,0.0,0.0,0.0,200,../../lists/bcms_setimes/list.bcms_setimes.attrib=ig_mpd=18_thresh=0.7_docnorm=F_tfidf=T.csv
0.745,0.205,0.0,0.0,0.0,0.0,0.0,200,../../lists/bcms_setimes/list.bcms_setimes.attrib=ig_mpd=18_thresh=0.7_docnorm=T_tfidf=F.csv
0.67,0.265,0.0,0.0,0.0,0.0,0.0,200,../../lists/bcms_setimes/list.bcms_setimes.attrib=ig_mpd=18_thresh=0.7_docnorm=T_tfidf=T.csv
0.175,0.795,0.0,0.0,0.0,0.0,0.0,200,../../lists/bcms_setimes/list.bcms_setimes.attrib=ig_mpd=18_thresh=0.8_docnorm=F_tfidf=F.csv
0.22,0.77,0.0,0.0,0.0,0.0,0.0,200,../../lists/bcms_setimes/list.bcms_setimes.attrib=ig_mpd=18_thresh=0.8_docnorm=F_tfidf=T.csv
0.75,0.215,0.0,0.0,0.0,0.0,0.0,200,../../lists/bcms_setimes/list.bcms_setimes.attrib=ig_mpd=18_thresh=0.8_docnorm=T_tfidf=F.csv
0.69,0.26,0.0,0.0,0.0,0.0,0.0,200,../../lists/bcms_setimes/list.bcms_setimes.attrib=ig_mpd=18_thresh=0.8_docnorm=T_tfidf=T.csv
0.175,0.795,0.0,0.0,0.0,0.0,0.0,200,../../lists/bcms_setimes/list.bcms_setimes.attrib=ig_mpd=18_thresh=0.9_docnorm=F_tfidf=F.csv
0.22,0.77,0.0,0.0,0.0,0.0,0.0,200,../../lists/bcms_setimes/list.bcms_setimes.attrib=ig_mpd=18_thresh=0.9_docnorm=F_tfidf=T.csv
0.725,0.255,0.0,0.0,0.0,0.0,0.0,200,../../lists/bcms_setimes/list.bcms_setimes.attrib=ig_mpd=18_thresh=0.9_docnorm=T_tfidf=F.csv
0.65,0.31,0.0,0.0,0.0,0.0,0.0,200,../../lists/bcms_setimes/list.bcms_setimes.attrib=ig_mpd=18_thresh=0.9_docnorm=T_tfidf=T.csv
0.175,0.795,0.0,0.0,0.0,0.0,0.0,200,../../lists/bcms_setimes/list.bcms_setimes.attrib=ig_mpd=18_thresh=1.0_docnorm=F_tfidf=F.csv
0.22,0.77,0.0,0.0,0.0,0.0,0.0,200,../../lists/bcms_setimes/list.bcms_setimes.attrib=ig_mpd=18_thresh=1.0_docnorm=F_tfidf=T.csv
0.615,0.37,0.0,0.0,0.0,0.0,0.0,200,../../lists/bcms_setimes/list.bcms_setimes.attrib=ig_mpd=18_thresh=1.0_docnorm=T_tfidf=F.csv
0.61,0.35,0.0,0.0,0.0,0.0,0.0,200,../../lists/bcms_setimes/list.bcms_setimes.attrib=ig_mpd=18_thresh=1.0_docnorm=T_tfidf=T.csv
0.18,0.79,0.0,0.0,0.0,0.0,0.0,200,../../lists/bcms_setimes/list.bcms_setimes.attrib=ig_mpd=19_thresh=0.1_docnorm=F_tfidf=F.csv
0.22,0.77,0.0,0.0,0.0,0.0,0.0,200,../../lists/bcms_setimes/list.bcms_setimes.attrib=ig_mpd=19_thresh=0.1_docnorm=F_tfidf=T.csv
0.33,0.19,0.0,0.0,0.0,0.0,0.0,200,../../lists/bcms_setimes/list.bcms_setimes.attrib=ig_mpd=19_thresh=0.1_docnorm=T_tfidf=F.csv
0.22,0.32,0.0,0.0,0.0,0.0,0.0,200,../../lists/bcms_setimes/list.bcms_setimes.attrib=ig_mpd=19_thresh=0.1_docnorm=T_tfidf=T.csv
0.18,0.79,0.0,0.0,0.0,0.0,0.0,200,../../lists/bcms_setimes/list.bcms_setimes.attrib=ig_mpd=19_thresh=0.2_docnorm=F_tfidf=F.csv
0.22,0.77,0.0,0.0,0.0,0.0,0.0,200,../../lists/bcms_setimes/list.bcms_setimes.attrib=ig_mpd=19_thresh=0.2_docnorm=F_tfidf=T.csv
0.615,0.265,0.0,0.0,0.0,0.0,0.0,200,../../lists/bcms_setimes/list.bcms_setimes.attrib=ig_mpd=19_thresh=0.2_docnorm=T_tfidf=F.csv
0.385,0.335,0.0,0.0,0.0,0.0,0.0,200,../../lists/bcms_setimes/list.bcms_setimes.attrib=ig_mpd=19_thresh=0.2_docnorm=T_tfidf=T.csv
0.18,0.79,0.0,0.0,0.0,0.0,0.0,200,../../lists/bcms_setimes/list.bcms_setimes.attrib=ig_mpd=19_thresh=0.3_docnorm=F_tfidf=F.csv
0.22,0.77,0.0,0.0,0.0,0.0,0.0,200,../../lists/bcms_setimes/list.bcms_setimes.attrib=ig_mpd=19_thresh=0.3_docnorm=F_tfidf=T.csv
0.69,0.245,0.0,0.0,0.0,0.0,0.0,200,../../lists/bcms_setimes/list.bcms_setimes.attrib=ig_mpd=19_thresh=0.3_docnorm=T_tfidf=F.csv
0.48,0.315,0.0,0.0,0.0,0.0,0.0,200,../../lists/bcms_setimes/list.bcms_setimes.attrib=ig_mpd=19_thresh=0.3_docnorm=T_tfidf=T.csv
0.18,0.79,0.0,0.0,0.0,0.0,0.0,200,../../lists/bcms_setimes/list.bcms_setimes.attrib=ig_mpd=19_thresh=0.4_docnorm=F_tfidf=F.csv
0.22,0.77,0.0,0.0,0.0,0.0,0.0,200,../../lists/bcms_setimes/list.bcms_setimes.attrib=ig_mpd=19_thresh=0.4_docnorm=F_tfidf=T.csv
0.705,0.22,0.0,0.0,0.0,0.0,0.0,200,../../lists/bcms_setimes/list.bcms_setimes.attrib=ig_mpd=19_thresh=0.4_docnorm=T_tfidf=F.csv
0.54,0.275,0.0,0.0,0.0,0.0,0.0,200,../../lists/bcms_setimes/list.bcms_setimes.attrib=ig_mpd=19_thresh=0.4_docnorm=T_tfidf=T.csv
0.18,0.79,0.0,0.0,0.0,0.0,0.0,200,../../lists/bcms_setimes/list.bcms_setimes.attrib=ig_mpd=19_thresh=0.5_docnorm=F_tfidf=F.csv
0.22,0.77,0.0,0.0,0.0,0.0,0.0,200,../../lists/bcms_setimes/list.bcms_setimes.attrib=ig_mpd=19_thresh=0.5_docnorm=F_tfidf=T.csv
0.71,0.225,0.0,0.0,0.0,0.0,0.0,200,../../lists/bcms_setimes/list.bcms_setimes.attrib=ig_mpd=19_thresh=0.5_docnorm=T_tfidf=F.csv
0.57,0.295,0.0,0.0,0.0,0.0,0.0,200,../../lists/bcms_setimes/list.bcms_setimes.attrib=ig_mpd=19_thresh=0.5_docnorm=T_tfidf=T.csv
0.18,0.79,0.0,0.0,0.0,0.0,0.0,200,../../lists/bcms_setimes/list.bcms_setimes.attrib=ig_mpd=19_thresh=0.6_docnorm=F_tfidf=F.csv
0.22,0.77,0.0,0.0,0.0,0.0,0.0,200,../../lists/bcms_setimes/list.bcms_setimes.attrib=ig_mpd=19_thresh=0.6_docnorm=F_tfidf=T.csv
0.74,0.21,0.0,0.0,0.0,0.0,0.0,200,../../lists/bcms_setimes/list.bcms_setimes.attrib=ig_mpd=19_thresh=0.6_docnorm=T_tfidf=F.csv
0.65,0.26,0.0,0.0,0.0,0.0,0.0,200,../../lists/bcms_setimes/list.bcms_setimes.attrib=ig_mpd=19_thresh=0.6_docnorm=T_tfidf=T.csv
0.18,0.79,0.0,0.0,0.0,0.0,0.0,200,../../lists/bcms_setimes/list.bcms_setimes.attrib=ig_mpd=19_thresh=0.7_docnorm=F_tfidf=F.csv
0.22,0.77,0.0,0.0,0.0,0.0,0.0,200,../../lists/bcms_setimes/list.bcms_setimes.attrib=ig_mpd=19_thresh=0.7_docnorm=F_tfidf=T.csv
0.745,0.205,0.0,0.0,0.0,0.0,0.0,200,../../lists/bcms_setimes/list.bcms_setimes.attrib=ig_mpd=19_thresh=0.7_docnorm=T_tfidf=F.csv
0.665,0.27,0.0,0.0,0.0,0.0,0.0,200,../../lists/bcms_setimes/list.bcms_setimes.attrib=ig_mpd=19_thresh=0.7_docnorm=T_tfidf=T.csv
0.18,0.79,0.0,0.0,0.0,0.0,0.0,200,../../lists/bcms_setimes/list.bcms_setimes.attrib=ig_mpd=19_thresh=0.8_docnorm=F_tfidf=F.csv
0.22,0.77,0.0,0.0,0.0,0.0,0.0,200,../../lists/bcms_setimes/list.bcms_setimes.attrib=ig_mpd=19_thresh=0.8_docnorm=F_tfidf=T.csv
0.755,0.205,0.0,0.0,0.0,0.0,0.0,200,../../lists/bcms_setimes/list.bcms_setimes.attrib=ig_mpd=19_thresh=0.8_docnorm=T_tfidf=F.csv
0.68,0.265,0.0,0.0,0.0,0.0,0.0,200,../../lists/bcms_setimes/list.bcms_setimes.attrib=ig_mpd=19_thresh=0.8_docnorm=T_tfidf=T.csv
0.18,0.79,0.0,0.0,0.0,0.0,0.0,200,../../lists/bcms_setimes/list.bcms_setimes.attrib=ig_mpd=19_thresh=0.9_docnorm=F_tfidf=F.csv
0.22,0.77,0.0,0.0,0.0,0.0,0.0,200,../../lists/bcms_setimes/list.bcms_setimes.attrib=ig_mpd=19_thresh=0.9_docnorm=F_tfidf=T.csv
0.74,0.245,0.0,0.0,0.0,0.0,0.0,200,../../lists/bcms_setimes/list.bcms_setimes.attrib=ig_mpd=19_thresh=0.9_docnorm=T_tfidf=F.csv
0.655,0.305,0.0,0.0,0.0,0.0,0.0,200,../../lists/bcms_setimes/list.bcms_setimes.attrib=ig_mpd=19_thresh=0.9_docnorm=T_tfidf=T.csv
0.18,0.79,0.0,0.0,0.0,0.0,0.0,200,../../lists/bcms_setimes/list.bcms_setimes.attrib=ig_mpd=19_thresh=1.0_docnorm=F_tfidf=F.csv
0.22,0.77,0.0,0.0,0.0,0.0,0.0,200,../../lists/bcms_setimes/list.bcms_setimes.attrib=ig_mpd=19_thresh=1.0_docnorm=F_tfidf=T.csv
0.62,0.365,0.0,0.0,0.0,0.0,0.0,200,../../lists/bcms_setimes/list.bcms_setimes.attrib=ig_mpd=19_thresh=1.0_docnorm=T_tfidf=F.csv
0.61,0.35,0.0,0.0,0.0,0.0,0.0,200,../../lists/bcms_setimes/list.bcms_setimes.attrib=ig_mpd=19_thresh=1.0_docnorm=T_tfidf=T.csv
0.245,0.74,0.0,0.0,0.0,0.0,0.0,200,../../lists/bcms_setimes/list.bcms_setimes.attrib=ig_mpd=1_thresh=0.1_docnorm=F_tfidf=F.csv
0.305,0.695,0.0,0.0,0.0,0.0,0.0,200,../../lists/bcms_setimes/list.bcms_setimes.attrib=ig_mpd=1_thresh=0.1_docnorm=F_tfidf=T.csv
0.435,0.31,0.0,0.0,0.0,0.0,0.0,200,../../lists/bcms_setimes/list.bcms_setimes.attrib=ig_mpd=1_thresh=0.1_docnorm=T_tfidf=F.csv
0.275,0.435,0.0,0.0,0.0,0.0,0.0,200,../../lists/bcms_setimes/list.bcms_setimes.attrib=ig_mpd=1_thresh=0.1_docnorm=T_tfidf=T.csv
0.245,0.74,0.0,0.0,0.0,0.0,0.0,200,../../lists/bcms_setimes/list.bcms_setimes.attrib=ig_mpd=1_thresh=0.2_docnorm=F_tfidf=F.csv
0.305,0.695,0.0,0.0,0.0,0.0,0.0,200,../../lists/bcms_setimes/list.bcms_setimes.attrib=ig_mpd=1_thresh=0.2_docnorm=F_tfidf=T.csv
0.6,0.275,0.0,0.0,0.0,0.0,0.0,200,../../lists/bcms_setimes/list.bcms_setimes.attrib=ig_mpd=1_thresh=0.2_docnorm=T_tfidf=F.csv
0.355,0.445,0.0,0.0,0.0,0.0,0.0,200,../../lists/bcms_setimes/list.bcms_setimes.attrib=ig_mpd=1_thresh=0.2_docnorm=T_tfidf=T.csv
0.245,0.74,0.0,0.0,0.0,0.0,0.0,200,../../lists/bcms_setimes/list.bcms_setimes.attrib=ig_mpd=1_thresh=0.3_docnorm=F_tfidf=F.csv
0.305,0.695,0.0,0.0,0.0,0.0,0.0,200,../../lists/bcms_setimes/list.bcms_setimes.attrib=ig_mpd=1_thresh=0.3_docnorm=F_tfidf=T.csv
0.61,0.325,0.0,0.0,0.0,0.0,0.0,200,../../lists/bcms_setimes/list.bcms_setimes.attrib=ig_mpd=1_thresh=0.3_docnorm=T_tfidf=F.csv
0.39,0.465,0.0,0.0,0.0,0.0,0.0,200,../../lists/bcms_setimes/list.bcms_setimes.attrib=ig_mpd=1_thresh=0.3_docnorm=T_tfidf=T.csv
0.245,0.74,0.0,0.0,0.0,0.0,0.0,200,../../lists/bcms_setimes/list.bcms_setimes.attrib=ig_mpd=1_thresh=0.4_docnorm=F_tfidf=F.csv
0.305,0.695,0.0,0.0,0.0,0.0,0.0,200,../../lists/bcms_setimes/list.bcms_setimes.attrib=ig_mpd=1_thresh=0.4_docnorm=F_tfidf=T.csv
0.625,0.32,0.0,0.0,0.0,0.0,0.0,200,../../lists/bcms_setimes/list.bcms_setimes.attrib=ig_mpd=1_thresh=0.4_docnorm=T_tfidf=F.csv
0.425,0.46,0.0,0.0,0.0,0.0,0.0,200,../../lists/bcms_setimes/list.bcms_setimes.attrib=ig_mpd=1_thresh=0.4_docnorm=T_tfidf=T.csv
0.245,0.74,0.0,0.0,0.0,0.0,0.0,200,../../lists/bcms_setimes/list.bcms_setimes.attrib=ig_mpd=1_thresh=0.5_docnorm=F_tfidf=F.csv
0.305,0.695,0.0,0.0,0.0,0.0,0.0,200,../../lists/bcms_setimes/list.bcms_setimes.attrib=ig_mpd=1_thresh=0.5_docnorm=F_tfidf=T.csv
0.605,0.35,0.0,0.0,0.0,0.0,0.0,200,../../lists/bcms_setimes/list.bcms_setimes.attrib=ig_mpd=1_thresh=0.5_docnorm=T_tfidf=F.csv
0.47,0.44,0.0,0.0,0.0,0.0,0.0,200,../../lists/bcms_setimes/list.bcms_setimes.attrib=ig_mpd=1_thresh=0.5_docnorm=T_tfidf=T.csv
0.245,0.74,0.0,0.0,0.0,0.0,0.0,200,../../lists/bcms_setimes/list.bcms_setimes.attrib=ig_mpd=1_thresh=0.6_docnorm=F_tfidf=F.csv
0.305,0.695,0.0,0.0,0.0,0.0,0.0,200,../../lists/bcms_setimes/list.bcms_setimes.attrib=ig_mpd=1_thresh=0.6_docnorm=F_tfidf=T.csv
0.6,0.37,0.0,0.0,0.0,0.0,0.0,200,../../lists/bcms_setimes/list.bcms_setimes.attrib=ig_mpd=1_thresh=0.6_docnorm=T_tfidf=F.csv
0.495,0.435,0.0,0.0,0.0,0.0,0.0,200,../../lists/bcms_setimes/list.bcms_setimes.attrib=ig_mpd=1_thresh=0.6_docnorm=T_tfidf=T.csv
0.245,0.74,0.0,0.0,0.0,0.0,0.0,200,../../lists/bcms_setimes/list.bcms_setimes.attrib=ig_mpd=1_thresh=0.7_docnorm=F_tfidf=F.csv
0.305,0.695,0.0,0.0,0.0,0.0,0.0,200,../../lists/bcms_setimes/list.bcms_setimes.attrib=ig_mpd=1_thresh=0.7_docnorm=F_tfidf=T.csv
0.595,0.38,0.0,0.0,0.0,0.0,0.0,200,../../lists/bcms_setimes/list.bcms_setimes.attrib=ig_mpd=1_thresh=0.7_docnorm=T_tfidf=F.csv
0.495,0.455,0.0,0.0,0.0,0.0,0.0,200,../../lists/bcms_setimes/list.bcms_setimes.attrib=ig_mpd=1_thresh=0.7_docnorm=T_tfidf=T.csv
0.245,0.74,0.0,0.0,0.0,0.0,0.0,200,../../lists/bcms_setimes/list.bcms_setimes.attrib=ig_mpd=1_thresh=0.8_docnorm=F_tfidf=F.csv
0.305,0.695,0.0,0.0,0.0,0.0,0.0,200,../../lists/bcms_setimes/list.bcms_setimes.attrib=ig_mpd=1_thresh=0.8_docnorm=F_tfidf=T.csv
0.565,0.42,0.0,0.0,0.0,0.0,0.0,200,../../lists/bcms_setimes/list.bcms_setimes.attrib=ig_mpd=1_thresh=0.8_docnorm=T_tfidf=F.csv
0.485,0.48,0.0,0.0,0.0,0.0,0.0,200,../../lists/bcms_setimes/list.bcms_setimes.attrib=ig_mpd=1_thresh=0.8_docnorm=T_tfidf=T.csv
0.245,0.74,0.0,0.0,0.0,0.0,0.0,200,../../lists/bcms_setimes/list.bcms_setimes.attrib=ig_mpd=1_thresh=0.9_docnorm=F_tfidf=F.csv
0.305,0.695,0.0,0.0,0.0,0.0,0.0,200,../../lists/bcms_setimes/list.bcms_setimes.attrib=ig_mpd=1_thresh=0.9_docnorm=F_tfidf=T.csv
0.545,0.45,0.0,0.0,0.0,0.0,0.0,200,../../lists/bcms_setimes/list.bcms_setimes.attrib=ig_mpd=1_thresh=0.9_docnorm=T_tfidf=F.csv
0.455,0.53,0.0,0.0,0.0,0.0,0.0,200,../../lists/bcms_setimes/list.bcms_setimes.attrib=ig_mpd=1_thresh=0.9_docnorm=T_tfidf=T.csv
0.2689655172413793,0.7241379310344828,0.0,0.0,0.0,0.0,0.0,145,../../lists/bcms_setimes/list.bcms_setimes.attrib=ig_mpd=1_thresh=1.0_docnorm=F_tfidf=F.csv
0.24183006535947713,0.7516339869281046,0.0,0.0,0.0,0.0,0.0,153,../../lists/bcms_setimes/list.bcms_setimes.attrib=ig_mpd=1_thresh=1.0_docnorm=F_tfidf=T.csv
0.2689655172413793,0.7241379310344828,0.0,0.0,0.0,0.0,0.0,145,../../lists/bcms_setimes/list.bcms_setimes.attrib=ig_mpd=1_thresh=1.0_docnorm=T_tfidf=F.csv
0.24183006535947713,0.7516339869281046,0.0,0.0,0.0,0.0,0.0,153,../../lists/bcms_setimes/list.bcms_setimes.attrib=ig_mpd=1_thresh=1.0_docnorm=T_tfidf=T.csv
0.18,0.79,0.0,0.0,0.0,0.0,0.0,200,../../lists/bcms_setimes/list.bcms_setimes.attrib=ig_mpd=20_thresh=0.1_docnorm=F_tfidf=F.csv
0.22,0.77,0.0,0.0,0.0,0.0,0.0,200,../../lists/bcms_setimes/list.bcms_setimes.attrib=ig_mpd=20_thresh=0.1_docnorm=F_tfidf=T.csv
0.33,0.19,0.0,0.0,0.0,0.0,0.0,200,../../lists/bcms_setimes/list.bcms_setimes.attrib=ig_mpd=20_thresh=0.1_docnorm=T_tfidf=F.csv
0.22,0.32,0.0,0.0,0.0,0.0,0.0,200,../../lists/bcms_setimes/list.bcms_setimes.attrib=ig_mpd=20_thresh=0.1_docnorm=T_tfidf=T.csv
0.18,0.79,0.0,0.0,0.0,0.0,0.0,200,../../lists/bcms_setimes/list.bcms_setimes.attrib=ig_mpd=20_thresh=0.2_docnorm=F_tfidf=F.csv
0.22,0.77,0.0,0.0,0.0,0.0,0.0,200,../../lists/bcms_setimes/list.bcms_setimes.attrib=ig_mpd=20_thresh=0.2_docnorm=F_tfidf=T.csv
0.6,0.275,0.0,0.0,0.0,0.0,0.0,200,../../lists/bcms_setimes/list.bcms_setimes.attrib=ig_mpd=20_thresh=0.2_docnorm=T_tfidf=F.csv
0.385,0.335,0.0,0.0,0.0,0.0,0.0,200,../../lists/bcms_setimes/list.bcms_setimes.attrib=ig_mpd=20_thresh=0.2_docnorm=T_tfidf=T.csv
0.18,0.79,0.0,0.0,0.0,0.0,0.0,200,../../lists/bcms_setimes/list.bcms_setimes.attrib=ig_mpd=20_thresh=0.3_docnorm=F_tfidf=F.csv
0.22,0.77,0.0,0.0,0.0,0.0,0.0,200,../../lists/bcms_setimes/list.bcms_setimes.attrib=ig_mpd=20_thresh=0.3_docnorm=F_tfidf=T.csv
0.7,0.23,0.0,0.0,0.0,0.0,0.0,200,../../lists/bcms_setimes/list.bcms_setimes.attrib=ig_mpd=20_thresh=0.3_docnorm=T_tfidf=F.csv
0.475,0.315,0.0,0.0,0.0,0.0,0.0,200,../../lists/bcms_setimes/list.bcms_setimes.attrib=ig_mpd=20_thresh=0.3_docnorm=T_tfidf=T.csv
0.18,0.79,0.0,0.0,0.0,0.0,0.0,200,../../lists/bcms_setimes/list.bcms_setimes.attrib=ig_mpd=20_thresh=0.4_docnorm=F_tfidf=F.csv
0.22,0.77,0.0,0.0,0.0,0.0,0.0,200,../../lists/bcms_setimes/list.bcms_setimes.attrib=ig_mpd=20_thresh=0.4_docnorm=F_tfidf=T.csv
0.705,0.22,0.0,0.0,0.0,0.0,0.0,200,../../lists/bcms_setimes/list.bcms_setimes.attrib=ig_mpd=20_thresh=0.4_docnorm=T_tfidf=F.csv
0.53,0.275,0.0,0.0,0.0,0.0,0.0,200,../../lists/bcms_setimes/list.bcms_setimes.attrib=ig_mpd=20_thresh=0.4_docnorm=T_tfidf=T.csv
0.18,0.79,0.0,0.0,0.0,0.0,0.0,200,../../lists/bcms_setimes/list.bcms_setimes.attrib=ig_mpd=20_thresh=0.5_docnorm=F_tfidf=F.csv
0.22,0.77,0.0,0.0,0.0,0.0,0.0,200,../../lists/bcms_setimes/list.bcms_setimes.attrib=ig_mpd=20_thresh=0.5_docnorm=F_tfidf=T.csv
0.705,0.225,0.0,0.0,0.0,0.0,0.0,200,../../lists/bcms_setimes/list.bcms_setimes.attrib=ig_mpd=20_thresh=0.5_docnorm=T_tfidf=F.csv
0.57,0.295,0.0,0.0,0.0,0.0,0.0,200,../../lists/bcms_setimes/list.bcms_setimes.attrib=ig_mpd=20_thresh=0.5_docnorm=T_tfidf=T.csv
0.18,0.79,0.0,0.0,0.0,0.0,0.0,200,../../lists/bcms_setimes/list.bcms_setimes.attrib=ig_mpd=20_thresh=0.6_docnorm=F_tfidf=F.csv
0.22,0.77,0.0,0.0,0.0,0.0,0.0,200,../../lists/bcms_setimes/list.bcms_setimes.attrib=ig_mpd=20_thresh=0.6_docnorm=F_tfidf=T.csv
0.75,0.2,0.0,0.0,0.0,0.0,0.0,200,../../lists/bcms_setimes/list.bcms_setimes.attrib=ig_mpd=20_thresh=0.6_docnorm=T_tfidf=F.csv
0.635,0.27,0.0,0.0,0.0,0.0,0.0,200,../../lists/bcms_setimes/list.bcms_setimes.attrib=ig_mpd=20_thresh=0.6_docnorm=T_tfidf=T.csv
0.18,0.79,0.0,0.0,0.0,0.0,0.0,200,../../lists/bcms_setimes/list.bcms_setimes.attrib=ig_mpd=20_thresh=0.7_docnorm=F_tfidf=F.csv
0.22,0.77,0.0,0.0,0.0,0.0,0.0,200,../../lists/bcms_setimes/list.bcms_setimes.attrib=ig_mpd=20_thresh=0.7_docnorm=F_tfidf=T.csv
0.74,0.215,0.0,0.0,0.0,0.0,0.0,200,../../lists/bcms_setimes/list.bcms_setimes.attrib=ig_mpd=20_thresh=0.7_docnorm=T_tfidf=F.csv
0.665,0.265,0.0,0.0,0.0,0.0,0.0,200,../../lists/bcms_setimes/list.bcms_setimes.attrib=ig_mpd=20_thresh=0.7_docnorm=T_tfidf=T.csv
0.18,0.79,0.0,0.0,0.0,0.0,0.0,200,../../lists/bcms_setimes/list.bcms_setimes.attrib=ig_mpd=20_thresh=0.8_docnorm=F_tfidf=F.csv
0.22,0.77,0.0,0.0,0.0,0.0,0.0,200,../../lists/bcms_setimes/list.bcms_setimes.attrib=ig_mpd=20_thresh=0.8_docnorm=F_tfidf=T.csv
0.75,0.215,0.0,0.0,0.0,0.0,0.0,200,../../lists/bcms_setimes/list.bcms_setimes.attrib=ig_mpd=20_thresh=0.8_docnorm=T_tfidf=F.csv
0.68,0.27,0.0,0.0,0.0,0.0,0.0,200,../../lists/bcms_setimes/list.bcms_setimes.attrib=ig_mpd=20_thresh=0.8_docnorm=T_tfidf=T.csv
0.18,0.79,0.0,0.0,0.0,0.0,0.0,200,../../lists/bcms_setimes/list.bcms_setimes.attrib=ig_mpd=20_thresh=0.9_docnorm=F_tfidf=F.csv
0.22,0.77,0.0,0.0,0.0,0.0,0.0,200,../../lists/bcms_setimes/list.bcms_setimes.attrib=ig_mpd=20_thresh=0.9_docnorm=F_tfidf=T.csv
0.735,0.245,0.0,0.0,0.0,0.0,0.0,200,../../lists/bcms_setimes/list.bcms_setimes.attrib=ig_mpd=20_thresh=0.9_docnorm=T_tfidf=F.csv
0.655,0.305,0.0,0.0,0.0,0.0,0.0,200,../../lists/bcms_setimes/list.bcms_setimes.attrib=ig_mpd=20_thresh=0.9_docnorm=T_tfidf=T.csv
0.18,0.79,0.0,0.0,0.0,0.0,0.0,200,../../lists/bcms_setimes/list.bcms_setimes.attrib=ig_mpd=20_thresh=1.0_docnorm=F_tfidf=F.csv
0.22,0.77,0.0,0.0,0.0,0.0,0.0,200,../../lists/bcms_setimes/list.bcms_setimes.attrib=ig_mpd=20_thresh=1.0_docnorm=F_tfidf=T.csv
0.63,0.355,0.0,0.0,0.0,0.0,0.0,200,../../lists/bcms_setimes/list.bcms_setimes.attrib=ig_mpd=20_thresh=1.0_docnorm=T_tfidf=F.csv
0.595,0.36,0.0,0.0,0.0,0.0,0.0,200,../../lists/bcms_setimes/list.bcms_setimes.attrib=ig_mpd=20_thresh=1.0_docnorm=T_tfidf=T.csv
0.2,0.785,0.0,0.0,0.0,0.0,0.0,200,../../lists/bcms_setimes/list.bcms_setimes.attrib=ig_mpd=2_thresh=0.1_docnorm=F_tfidf=F.csv
0.245,0.755,0.0,0.0,0.0,0.0,0.0,200,../../lists/bcms_setimes/list.bcms_setimes.attrib=ig_mpd=2_thresh=0.1_docnorm=F_tfidf=T.csv
0.435,0.3,0.0,0.0,0.0,0.0,0.0,200,../../lists/bcms_setimes/list.bcms_setimes.attrib=ig_mpd=2_thresh=0.1_docnorm=T_tfidf=F.csv
0.28,0.395,0.0,0.0,0.0,0.0,0.0,200,../../lists/bcms_setimes/list.bcms_setimes.attrib=ig_mpd=2_thresh=0.1_docnorm=T_tfidf=T.csv
0.2,0.785,0.0,0.0,0.0,0.0,0.0,200,../../lists/bcms_setimes/list.bcms_setimes.attrib=ig_mpd=2_thresh=0.2_docnorm=F_tfidf=F.csv
0.245,0.755,0.0,0.0,0.0,0.0,0.0,200,../../lists/bcms_setimes/list.bcms_setimes.attrib=ig_mpd=2_thresh=0.2_docnorm=F_tfidf=T.csv
0.625,0.23,0.0,0.0,0.0,0.0,0.0,200,../../lists/bcms_setimes/list.bcms_setimes.attrib=ig_mpd=2_thresh=0.2_docnorm=T_tfidf=F.csv
0.295,0.43,0.0,0.0,0.0,0.0,0.0,200,../../lists/bcms_setimes/list.bcms_setimes.attrib=ig_mpd=2_thresh=0.2_docnorm=T_tfidf=T.csv
0.2,0.785,0.0,0.0,0.0,0.0,0.0,200,../../lists/bcms_setimes/list.bcms_setimes.attrib=ig_mpd=2_thresh=0.3_docnorm=F_tfidf=F.csv
0.245,0.755,0.0,0.0,0.0,0.0,0.0,200,../../lists/bcms_setimes/list.bcms_setimes.attrib=ig_mpd=2_thresh=0.3_docnorm=F_tfidf=T.csv
0.67,0.255,0.0,0.0,0.0,0.0,0.0,200,../../lists/bcms_setimes/list.bcms_setimes.attrib=ig_mpd=2_thresh=0.3_docnorm=T_tfidf=F.csv
0.405,0.4,0.0,0.0,0.0,0.0,0.0,200,../../lists/bcms_setimes/list.bcms_setimes.attrib=ig_mpd=2_thresh=0.3_docnorm=T_tfidf=T.csv
0.2,0.785,0.0,0.0,0.0,0.0,0.0,200,../../lists/bcms_setimes/list.bcms_setimes.attrib=ig_mpd=2_thresh=0.4_docnorm=F_tfidf=F.csv
0.245,0.755,0.0,0.0,0.0,0.0,0.0,200,../../lists/bcms_setimes/list.bcms_setimes.attrib=ig_mpd=2_thresh=0.4_docnorm=F_tfidf=T.csv
0.67,0.275,0.0,0.0,0.0,0.0,0.0,200,../../lists/bcms_setimes/list.bcms_setimes.attrib=ig_mpd=2_thresh=0.4_docnorm=T_tfidf=F.csv
0.425,0.45,0.0,0.0,0.0,0.0,0.0,200,../../lists/bcms_setimes/list.bcms_setimes.attrib=ig_mpd=2_thresh=0.4_docnorm=T_tfidf=T.csv
0.2,0.785,0.0,0.0,0.0,0.0,0.0,200,../../lists/bcms_setimes/list.bcms_setimes.attrib=ig_mpd=2_thresh=0.5_docnorm=F_tfidf=F.csv
0.245,0.755,0.0,0.0,0.0,0.0,0.0,200,../../lists/bcms_setimes/list.bcms_setimes.attrib=ig_mpd=2_thresh=0.5_docnorm=F_tfidf=T.csv
0.685,0.275,0.0,0.0,0.0,0.0,0.0,200,../../lists/bcms_setimes/list.bcms_setimes.attrib=ig_mpd=2_thresh=0.5_docnorm=T_tfidf=F.csv
0.495,0.4,0.0,0.0,0.0,0.0,0.0,200,../../lists/bcms_setimes/list.bcms_setimes.attrib=ig_mpd=2_thresh=0.5_docnorm=T_tfidf=T.csv
0.2,0.785,0.0,0.0,0.0,0.0,0.0,200,../../lists/bcms_setimes/list.bcms_setimes.attrib=ig_mpd=2_thresh=0.6_docnorm=F_tfidf=F.csv
0.245,0.755,0.0,0.0,0.0,0.0,0.0,200,../../lists/bcms_setimes/list.bcms_setimes.attrib=ig_mpd=2_thresh=0.6_docnorm=F_tfidf=T.csv
0.69,0.265,0.0,0.0,0.0,0.0,0.0,200,../../lists/bcms_setimes/list.bcms_setimes.attrib=ig_mpd=2_thresh=0.6_docnorm=T_tfidf=F.csv
0.505,0.4,0.0,0.0,0.0,0.0,0.0,200,../../lists/bcms_setimes/list.bcms_setimes.attrib=ig_mpd=2_thresh=0.6_docnorm=T_tfidf=T.csv
0.2,0.785,0.0,0.0,0.0,0.0,0.0,200,../../lists/bcms_setimes/list.bcms_setimes.attrib=ig_mpd=2_thresh=0.7_docnorm=F_tfidf=F.csv
0.245,0.755,0.0,0.0,0.0,0.0,0.0,200,../../lists/bcms_setimes/list.bcms_setimes.attrib=ig_mpd=2_thresh=0.7_docnorm=F_tfidf=T.csv
0.685,0.295,0.0,0.0,0.0,0.0,0.0,200,../../lists/bcms_setimes/list.bcms_setimes.attrib=ig_mpd=2_thresh=0.7_docnorm=T_tfidf=F.csv
0.505,0.41,0.0,0.0,0.0,0.0,0.0,200,../../lists/bcms_setimes/list.bcms_setimes.attrib=ig_mpd=2_thresh=0.7_docnorm=T_tfidf=T.csv
0.2,0.785,0.0,0.0,0.0,0.0,0.0,200,../../lists/bcms_setimes/list.bcms_setimes.attrib=ig_mpd=2_thresh=0.8_docnorm=F_tfidf=F.csv
0.245,0.755,0.0,0.0,0.0,0.0,0.0,200,../../lists/bcms_setimes/list.bcms_setimes.attrib=ig_mpd=2_thresh=0.8_docnorm=F_tfidf=T.csv
0.64,0.33,0.0,0.0,0.0,0.0,0.0,200,../../lists/bcms_setimes/list.bcms_setimes.attrib=ig_mpd=2_thresh=0.8_docnorm=T_tfidf=F.csv
0.505,0.435,0.0,0.0,0.0,0.0,0.0,200,../../lists/bcms_setimes/list.bcms_setimes.attrib=ig_mpd=2_thresh=0.8_docnorm=T_tfidf=T.csv
0.2,0.785,0.0,0.0,0.0,0.0,0.0,200,../../lists/bcms_setimes/list.bcms_setimes.attrib=ig_mpd=2_thresh=0.9_docnorm=F_tfidf=F.csv
0.245,0.755,0.0,0.0,0.0,0.0,0.0,200,../../lists/bcms_setimes/list.bcms_setimes.attrib=ig_mpd=2_thresh=0.9_docnorm=F_tfidf=T.csv
0.61,0.37,0.0,0.0,0.0,0.0,0.0,200,../../lists/bcms_setimes/list.bcms_setimes.attrib=ig_mpd=2_thresh=0.9_docnorm=T_tfidf=F.csv
0.475,0.485,0.0,0.0,0.0,0.0,0.0,200,../../lists/bcms_setimes/list.bcms_setimes.attrib=ig_mpd=2_thresh=0.9_docnorm=T_tfidf=T.csv
0.205,0.785,0.0,0.0,0.0,0.0,0.0,200,../../lists/bcms_setimes/list.bcms_setimes.attrib=ig_mpd=2_thresh=1.0_docnorm=F_tfidf=F.csv
0.24,0.76,0.0,0.0,0.0,0.0,0.0,200,../../lists/bcms_setimes/list.bcms_setimes.attrib=ig_mpd=2_thresh=1.0_docnorm=F_tfidf=T.csv
0.365,0.635,0.0,0.0,0.0,0.0,0.0,200,../../lists/bcms_setimes/list.bcms_setimes.attrib=ig_mpd=2_thresh=1.0_docnorm=T_tfidf=F.csv
0.355,0.64,0.0,0.0,0.0,0.0,0.0,200,../../lists/bcms_setimes/list.bcms_setimes.attrib=ig_mpd=2_thresh=1.0_docnorm=T_tfidf=T.csv
0.2,0.785,0.0,0.0,0.0,0.0,0.0,200,../../lists/bcms_setimes/list.bcms_setimes.attrib=ig_mpd=3_thresh=0.1_docnorm=F_tfidf=F.csv
0.225,0.775,0.0,0.0,0.0,0.0,0.0,200,../../lists/bcms_setimes/list.bcms_setimes.attrib=ig_mpd=3_thresh=0.1_docnorm=F_tfidf=T.csv
0.415,0.295,0.0,0.0,0.0,0.0,0.0,200,../../lists/bcms_setimes/list.bcms_setimes.attrib=ig_mpd=3_thresh=0.1_docnorm=T_tfidf=F.csv
0.245,0.435,0.0,0.0,0.0,0.0,0.0,200,../../lists/bcms_setimes/list.bcms_setimes.attrib=ig_mpd=3_thresh=0.1_docnorm=T_tfidf=T.csv
0.2,0.785,0.0,0.0,0.0,0.0,0.0,200,../../lists/bcms_setimes/list.bcms_setimes.attrib=ig_mpd=3_thresh=0.2_docnorm=F_tfidf=F.csv
0.225,0.775,0.0,0.0,0.0,0.0,0.0,200,../../lists/bcms_setimes/list.bcms_setimes.attrib=ig_mpd=3_thresh=0.2_docnorm=F_tfidf=T.csv
0.6,0.255,0.0,0.0,0.0,0.0,0.0,200,../../lists/bcms_setimes/list.bcms_setimes.attrib=ig_mpd=3_thresh=0.2_docnorm=T_tfidf=F.csv
0.335,0.39,0.0,0.0,0.0,0.0,0.0,200,../../lists/bcms_setimes/list.bcms_setimes.attrib=ig_mpd=3_thresh=0.2_docnorm=T_tfidf=T.csv
0.2,0.785,0.0,0.0,0.0,0.0,0.0,200,../../lists/bcms_setimes/list.bcms_setimes.attrib=ig_mpd=3_thresh=0.3_docnorm=F_tfidf=F.csv
0.225,0.775,0.0,0.0,0.0,0.0,0.0,200,../../lists/bcms_setimes/list.bcms_setimes.attrib=ig_mpd=3_thresh=0.3_docnorm=F_tfidf=T.csv
0.68,0.235,0.0,0.0,0.0,0.0,0.0,200,../../lists/bcms_setimes/list.bcms_setimes.attrib=ig_mpd=3_thresh=0.3_docnorm=T_tfidf=F.csv
0.41,0.385,0.0,0.0,0.0,0.0,0.0,200,../../lists/bcms_setimes/list.bcms_setimes.attrib=ig_mpd=3_thresh=0.3_docnorm=T_tfidf=T.csv
0.2,0.785,0.0,0.0,0.0,0.0,0.0,200,../../lists/bcms_setimes/list.bcms_setimes.attrib=ig_mpd=3_thresh=0.4_docnorm=F_tfidf=F.csv
0.225,0.775,0.0,0.0,0.0,0.0,0.0,200,../../lists/bcms_setimes/list.bcms_setimes.attrib=ig_mpd=3_thresh=0.4_docnorm=F_tfidf=T.csv
0.71,0.235,0.0,0.0,0.0,0.0,0.0,200,../../lists/bcms_setimes/list.bcms_setimes.attrib=ig_mpd=3_thresh=0.4_docnorm=T_tfidf=F.csv
0.4,0.44,0.0,0.0,0.0,0.0,0.0,200,../../lists/bcms_setimes/list.bcms_setimes.attrib=ig_mpd=3_thresh=0.4_docnorm=T_tfidf=T.csv
0.2,0.785,0.0,0.0,0.0,0.0,0.0,200,../../lists/bcms_setimes/list.bcms_setimes.attrib=ig_mpd=3_thresh=0.5_docnorm=F_tfidf=F.csv
0.225,0.775,0.0,0.0,0.0,0.0,0.0,200,../../lists/bcms_setimes/list.bcms_setimes.attrib=ig_mpd=3_thresh=0.5_docnorm=F_tfidf=T.csv
0.705,0.25,0.0,0.0,0.0,0.0,0.0,200,../../lists/bcms_setimes/list.bcms_setimes.attrib=ig_mpd=3_thresh=0.5_docnorm=T_tfidf=F.csv
0.505,0.4,0.0,0.0,0.0,0.0,0.0,200,../../lists/bcms_setimes/list.bcms_setimes.attrib=ig_mpd=3_thresh=0.5_docnorm=T_tfidf=T.csv
0.2,0.785,0.0,0.0,0.0,0.0,0.0,200,../../lists/bcms_setimes/list.bcms_setimes.attrib=ig_mpd=3_thresh=0.6_docnorm=F_tfidf=F.csv
0.225,0.775,0.0,0.0,0.0,0.0,0.0,200,../../lists/bcms_setimes/list.bcms_setimes.attrib=ig_mpd=3_thresh=0.6_docnorm=F_tfidf=T.csv
0.725,0.245,0.0,0.0,0.0,0.0,0.0,200,../../lists/bcms_setimes/list.bcms_setimes.attrib=ig_mpd=3_thresh=0.6_docnorm=T_tfidf=F.csv
0.55,0.36,0.0,0.0,0.0,0.0,0.0,200,../../lists/bcms_setimes/list.bcms_setimes.attrib=ig_mpd=3_thresh=0.6_docnorm=T_tfidf=T.csv
0.2,0.785,0.0,0.0,0.0,0.0,0.0,200,../../lists/bcms_setimes/list.bcms_setimes.attrib=ig_mpd=3_thresh=0.7_docnorm=F_tfidf=F.csv
0.225,0.775,0.0,0.0,0.0,0.0,0.0,200,../../lists/bcms_setimes/list.bcms_setimes.attrib=ig_mpd=3_thresh=0.7_docnorm=F_tfidf=T.csv
0.7,0.27,0.0,0.0,0.0,0.0,0.0,200,../../lists/bcms_setimes/list.bcms_setimes.attrib=ig_mpd=3_thresh=0.7_docnorm=T_tfidf=F.csv
0.56,0.375,0.0,0.0,0.0,0.0,0.0,200,../../lists/bcms_setimes/list.bcms_setimes.attrib=ig_mpd=3_thresh=0.7_docnorm=T_tfidf=T.csv
0.2,0.785,0.0,0.0,0.0,0.0,0.0,200,../../lists/bcms_setimes/list.bcms_setimes.attrib=ig_mpd=3_thresh=0.8_docnorm=F_tfidf=F.csv
0.225,0.775,0.0,0.0,0.0,0.0,0.0,200,../../lists/bcms_setimes/list.bcms_setimes.attrib=ig_mpd=3_thresh=0.8_docnorm=F_tfidf=T.csv
0.705,0.28,0.0,0.0,0.0,0.0,0.0,200,../../lists/bcms_setimes/list.bcms_setimes.attrib=ig_mpd=3_thresh=0.8_docnorm=T_tfidf=F.csv
0.565,0.365,0.0,0.0,0.0,0.0,0.0,200,../../lists/bcms_setimes/list.bcms_setimes.attrib=ig_mpd=3_thresh=0.8_docnorm=T_tfidf=T.csv
0.2,0.785,0.0,0.0,0.0,0.0,0.0,200,../../lists/bcms_setimes/list.bcms_setimes.attrib=ig_mpd=3_thresh=0.9_docnorm=F_tfidf=F.csv
0.225,0.775,0.0,0.0,0.0,0.0,0.0,200,../../lists/bcms_setimes/list.bcms_setimes.attrib=ig_mpd=3_thresh=0.9_docnorm=F_tfidf=T.csv
0.64,0.33,0.0,0.0,0.0,0.0,0.0,200,../../lists/bcms_setimes/list.bcms_setimes.attrib=ig_mpd=3_thresh=0.9_docnorm=T_tfidf=F.csv
0.52,0.435,0.0,0.0,0.0,0.0,0.0,200,../../lists/bcms_setimes/list.bcms_setimes.attrib=ig_mpd=3_thresh=0.9_docnorm=T_tfidf=T.csv
0.2,0.785,0.0,0.0,0.0,0.0,0.0,200,../../lists/bcms_setimes/list.bcms_setimes.attrib=ig_mpd=3_thresh=1.0_docnorm=F_tfidf=F.csv
0.225,0.775,0.0,0.0,0.0,0.0,0.0,200,../../lists/bcms_setimes/list.bcms_setimes.attrib=ig_mpd=3_thresh=1.0_docnorm=F_tfidf=T.csv
0.435,0.56,0.0,0.0,0.0,0.0,0.0,200,../../lists/bcms_setimes/list.bcms_setimes.attrib=ig_mpd=3_thresh=1.0_docnorm=T_tfidf=F.csv
0.385,0.6,0.0,0.0,0.0,0.0,0.0,200,../../lists/bcms_setimes/list.bcms_setimes.attrib=ig_mpd=3_thresh=1.0_docnorm=T_tfidf=T.csv
0.19,0.795,0.0,0.0,0.0,0.0,0.0,200,../../lists/bcms_setimes/list.bcms_setimes.attrib=ig_mpd=4_thresh=0.1_docnorm=F_tfidf=F.csv
0.2,0.8,0.0,0.0,0.0,0.0,0.0,200,../../lists/bcms_setimes/list.bcms_setimes.attrib=ig_mpd=4_thresh=0.1_docnorm=F_tfidf=T.csv
0.41,0.275,0.0,0.0,0.0,0.0,0.0,200,../../lists/bcms_setimes/list.bcms_setimes.attrib=ig_mpd=4_thresh=0.1_docnorm=T_tfidf=F.csv
0.24,0.375,0.0,0.0,0.0,0.0,0.0,200,../../lists/bcms_setimes/list.bcms_setimes.attrib=ig_mpd=4_thresh=0.1_docnorm=T_tfidf=T.csv
0.19,0.795,0.0,0.0,0.0,0.0,0.0,200,../../lists/bcms_setimes/list.bcms_setimes.attrib=ig_mpd=4_thresh=0.2_docnorm=F_tfidf=F.csv
0.2,0.8,0.0,0.0,0.0,0.0,0.0,200,../../lists/bcms_setimes/list.bcms_setimes.attrib=ig_mpd=4_thresh=0.2_docnorm=F_tfidf=T.csv
0.59,0.28,0.0,0.0,0.0,0.0,0.0,200,../../lists/bcms_setimes/list.bcms_setimes.attrib=ig_mpd=4_thresh=0.2_docnorm=T_tfidf=F.csv
0.36,0.38,0.0,0.0,0.0,0.0,0.0,200,../../lists/bcms_setimes/list.bcms_setimes.attrib=ig_mpd=4_thresh=0.2_docnorm=T_tfidf=T.csv
0.19,0.795,0.0,0.0,0.0,0.0,0.0,200,../../lists/bcms_setimes/list.bcms_setimes.attrib=ig_mpd=4_thresh=0.3_docnorm=F_tfidf=F.csv
0.2,0.8,0.0,0.0,0.0,0.0,0.0,200,../../lists/bcms_setimes/list.bcms_setimes.attrib=ig_mpd=4_thresh=0.3_docnorm=F_tfidf=T.csv
0.67,0.24,0.0,0.0,0.0,0.0,0.0,200,../../lists/bcms_setimes/list.bcms_setimes.attrib=ig_mpd=4_thresh=0.3_docnorm=T_tfidf=F.csv
0.445,0.36,0.0,0.0,0.0,0.0,0.0,200,../../lists/bcms_setimes/list.bcms_setimes.attrib=ig_mpd=4_thresh=0.3_docnorm=T_tfidf=T.csv
0.19,0.795,0.0,0.0,0.0,0.0,0.0,200,../../lists/bcms_setimes/list.bcms_setimes.attrib=ig_mpd=4_thresh=0.4_docnorm=F_tfidf=F.csv
0.2,0.8,0.0,0.0,0.0,0.0,0.0,200,../../lists/bcms_setimes/list.bcms_setimes.attrib=ig_mpd=4_thresh=0.4_docnorm=F_tfidf=T.csv
0.71,0.22,0.0,0.0,0.0,0.0,0.0,200,../../lists/bcms_setimes/list.bcms_setimes.attrib=ig_mpd=4_thresh=0.4_docnorm=T_tfidf=F.csv
0.475,0.39,0.0,0.0,0.0,0.0,0.0,200,../../lists/bcms_setimes/list.bcms_setimes.attrib=ig_mpd=4_thresh=0.4_docnorm=T_tfidf=T.csv
0.19,0.795,0.0,0.0,0.0,0.0,0.0,200,../../lists/bcms_setimes/list.bcms_setimes.attrib=ig_mpd=4_thresh=0.5_docnorm=F_tfidf=F.csv
0.2,0.8,0.0,0.0,0.0,0.0,0.0,200,../../lists/bcms_setimes/list.bcms_setimes.attrib=ig_mpd=4_thresh=0.5_docnorm=F_tfidf=T.csv
0.705,0.255,0.0,0.0,0.0,0.0,0.0,200,../../lists/bcms_setimes/list.bcms_setimes.attrib=ig_mpd=4_thresh=0.5_docnorm=T_tfidf=F.csv
0.52,0.36,0.0,0.0,0.0,0.0,0.0,200,../../lists/bcms_setimes/list.bcms_setimes.attrib=ig_mpd=4_thresh=0.5_docnorm=T_tfidf=T.csv
0.19,0.795,0.0,0.0,0.0,0.0,0.0,200,../../lists/bcms_setimes/list.bcms_setimes.attrib=ig_mpd=4_thresh=0.6_docnorm=F_tfidf=F.csv
0.2,0.8,0.0,0.0,0.0,0.0,0.0,200,../../lists/bcms_setimes/list.bcms_setimes.attrib=ig_mpd=4_thresh=0.6_docnorm=F_tfidf=T.csv
0.735,0.225,0.0,0.0,0.0,0.0,0.0,200,../../lists/bcms_setimes/list.bcms_setimes.attrib=ig_mpd=4_thresh=0.6_docnorm=T_tfidf=F.csv
0.595,0.31,0.0,0.0,0.0,0.0,0.0,200,../../lists/bcms_setimes/list.bcms_setimes.attrib=ig_mpd=4_thresh=0.6_docnorm=T_tfidf=T.csv
0.19,0.795,0.0,0.0,0.0,0.0,0.0,200,../../lists/bcms_setimes/list.bcms_setimes.attrib=ig_mpd=4_thresh=0.7_docnorm=F_tfidf=F.csv
0.2,0.8,0.0,0.0,0.0,0.0,0.0,200,../../lists/bcms_setimes/list.bcms_setimes.attrib=ig_mpd=4_thresh=0.7_docnorm=F_tfidf=T.csv
0.735,0.23,0.0,0.0,0.0,0.0,0.0,200,../../lists/bcms_setimes/list.bcms_setimes.attrib=ig_mpd=4_thresh=0.7_docnorm=T_tfidf=F.csv
0.615,0.305,0.0,0.0,0.0,0.0,0.0,200,../../lists/bcms_setimes/list.bcms_setimes.attrib=ig_mpd=4_thresh=0.7_docnorm=T_tfidf=T.csv
0.19,0.795,0.0,0.0,0.0,0.0,0.0,200,../../lists/bcms_setimes/list.bcms_setimes.attrib=ig_mpd=4_thresh=0.8_docnorm=F_tfidf=F.csv
0.2,0.8,0.0,0.0,0.0,0.0,0.0,200,../../lists/bcms_setimes/list.bcms_setimes.attrib=ig_mpd=4_thresh=0.8_docnorm=F_tfidf=T.csv
0.715,0.265,0.0,0.0,0.0,0.0,0.0,200,../../lists/bcms_setimes/list.bcms_setimes.attrib=ig_mpd=4_thresh=0.8_docnorm=T_tfidf=F.csv
0.57,0.365,0.0,0.0,0.0,0.0,0.0,200,../../lists/bcms_setimes/list.bcms_setimes.attrib=ig_mpd=4_thresh=0.8_docnorm=T_tfidf=T.csv
0.19,0.795,0.0,0.0,0.0,0.0,0.0,200,../../lists/bcms_setimes/list.bcms_setimes.attrib=ig_mpd=4_thresh=0.9_docnorm=F_tfidf=F.csv
0.2,0.8,0.0,0.0,0.0,0.0,0.0,200,../../lists/bcms_setimes/list.bcms_setimes.attrib=ig_mpd=4_thresh=0.9_docnorm=F_tfidf=T.csv
0.66,0.31,0.0,0.0,0.0,0.0,0.0,200,../../lists/bcms_setimes/list.bcms_setimes.attrib=ig_mpd=4_thresh=0.9_docnorm=T_tfidf=F.csv
0.545,0.41,0.0,0.0,0.0,0.0,0.0,200,../../lists/bcms_setimes/list.bcms_setimes.attrib=ig_mpd=4_thresh=0.9_docnorm=T_tfidf=T.csv
0.19,0.795,0.0,0.0,0.0,0.0,0.0,200,../../lists/bcms_setimes/list.bcms_setimes.attrib=ig_mpd=4_thresh=1.0_docnorm=F_tfidf=F.csv
0.195,0.805,0.0,0.0,0.0,0.0,0.0,200,../../lists/bcms_setimes/list.bcms_setimes.attrib=ig_mpd=4_thresh=1.0_docnorm=F_tfidf=T.csv
0.485,0.51,0.0,0.0,0.0,0.0,0.0,200,../../lists/bcms_setimes/list.bcms_setimes.attrib=ig_mpd=4_thresh=1.0_docnorm=T_tfidf=F.csv
0.425,0.555,0.0,0.0,0.0,0.0,0.0,200,../../lists/bcms_setimes/list.bcms_setimes.attrib=ig_mpd=4_thresh=1.0_docnorm=T_tfidf=T.csv
0.18,0.805,0.0,0.0,0.0,0.0,0.0,200,../../lists/bcms_setimes/list.bcms_setimes.attrib=ig_mpd=5_thresh=0.1_docnorm=F_tfidf=F.csv
0.19,0.81,0.0,0.0,0.0,0.0,0.0,200,../../lists/bcms_setimes/list.bcms_setimes.attrib=ig_mpd=5_thresh=0.1_docnorm=F_tfidf=T.csv
0.4,0.26,0.0,0.0,0.0,0.0,0.0,200,../../lists/bcms_setimes/list.bcms_setimes.attrib=ig_mpd=5_thresh=0.1_docnorm=T_tfidf=F.csv
0.235,0.36,0.0,0.0,0.0,0.0,0.0,200,../../lists/bcms_setimes/list.bcms_setimes.attrib=ig_mpd=5_thresh=0.1_docnorm=T_tfidf=T.csv
0.18,0.805,0.0,0.0,0.0,0.0,0.0,200,../../lists/bcms_setimes/list.bcms_setimes.attrib=ig_mpd=5_thresh=0.2_docnorm=F_tfidf=F.csv
0.19,0.81,0.0,0.0,0.0,0.0,0.0,200,../../lists/bcms_setimes/list.bcms_setimes.attrib=ig_mpd=5_thresh=0.2_docnorm=F_tfidf=T.csv
0.61,0.27,0.0,0.0,0.0,0.0,0.0,200,../../lists/bcms_setimes/list.bcms_setimes.attrib=ig_mpd=5_thresh=0.2_docnorm=T_tfidf=F.csv
0.365,0.385,0.0,0.0,0.0,0.0,0.0,200,../../lists/bcms_setimes/list.bcms_setimes.attrib=ig_mpd=5_thresh=0.2_docnorm=T_tfidf=T.csv
0.18,0.805,0.0,0.0,0.0,0.0,0.0,200,../../lists/bcms_setimes/list.bcms_setimes.attrib=ig_mpd=5_thresh=0.3_docnorm=F_tfidf=F.csv
0.19,0.81,0.0,0.0,0.0,0.0,0.0,200,../../lists/bcms_setimes/list.bcms_setimes.attrib=ig_mpd=5_thresh=0.3_docnorm=F_tfidf=T.csv
0.665,0.25,0.0,0.0,0.0,0.0,0.0,200,../../lists/bcms_setimes/list.bcms_setimes.attrib=ig_mpd=5_thresh=0.3_docnorm=T_tfidf=F.csv
0.46,0.345,0.0,0.0,0.0,0.0,0.0,200,../../lists/bcms_setimes/list.bcms_setimes.attrib=ig_mpd=5_thresh=0.3_docnorm=T_tfidf=T.csv
0.18,0.805,0.0,0.0,0.0,0.0,0.0,200,../../lists/bcms_setimes/list.bcms_setimes.attrib=ig_mpd=5_thresh=0.4_docnorm=F_tfidf=F.csv
0.19,0.81,0.0,0.0,0.0,0.0,0.0,200,../../lists/bcms_setimes/list.bcms_setimes.attrib=ig_mpd=5_thresh=0.4_docnorm=F_tfidf=T.csv
0.7,0.23,0.0,0.0,0.0,0.0,0.0,200,../../lists/bcms_setimes/list.bcms_setimes.attrib=ig_mpd=5_thresh=0.4_docnorm=T_tfidf=F.csv
0.515,0.35,0.0,0.0,0.0,0.0,0.0,200,../../lists/bcms_setimes/list.bcms_setimes.attrib=ig_mpd=5_thresh=0.4_docnorm=T_tfidf=T.csv
0.18,0.805,0.0,0.0,0.0,0.0,0.0,200,../../lists/bcms_setimes/list.bcms_setimes.attrib=ig_mpd=5_thresh=0.5_docnorm=F_tfidf=F.csv
0.19,0.81,0.0,0.0,0.0,0.0,0.0,200,../../lists/bcms_setimes/list.bcms_setimes.attrib=ig_mpd=5_thresh=0.5_docnorm=F_tfidf=T.csv
0.695,0.26,0.0,0.0,0.0,0.0,0.0,200,../../lists/bcms_setimes/list.bcms_setimes.attrib=ig_mpd=5_thresh=0.5_docnorm=T_tfidf=F.csv
0.57,0.335,0.0,0.0,0.0,0.0,0.0,200,../../lists/bcms_setimes/list.bcms_setimes.attrib=ig_mpd=5_thresh=0.5_docnorm=T_tfidf=T.csv
0.18,0.805,0.0,0.0,0.0,0.0,0.0,200,../../lists/bcms_setimes/list.bcms_setimes.attrib=ig_mpd=5_thresh=0.6_docnorm=F_tfidf=F.csv
0.19,0.81,0.0,0.0,0.0,0.0,0.0,200,../../lists/bcms_setimes/list.bcms_setimes.attrib=ig_mpd=5_thresh=0.6_docnorm=F_tfidf=T.csv
0.73,0.23,0.0,0.0,0.0,0.0,0.0,200,../../lists/bcms_setimes/list.bcms_setimes.attrib=ig_mpd=5_thresh=0.6_docnorm=T_tfidf=F.csv
0.605,0.315,0.0,0.0,0.0,0.0,0.0,200,../../lists/bcms_setimes/list.bcms_setimes.attrib=ig_mpd=5_thresh=0.6_docnorm=T_tfidf=T.csv
0.18,0.805,0.0,0.0,0.0,0.0,0.0,200,../../lists/bcms_setimes/list.bcms_setimes.attrib=ig_mpd=5_thresh=0.7_docnorm=F_tfidf=F.csv
0.19,0.81,0.0,0.0,0.0,0.0,0.0,200,../../lists/bcms_setimes/list.bcms_setimes.attrib=ig_mpd=5_thresh=0.7_docnorm=F_tfidf=T.csv
0.735,0.23,0.0,0.0,0.0,0.0,0.0,200,../../lists/bcms_setimes/list.bcms_setimes.attrib=ig_mpd=5_thresh=0.7_docnorm=T_tfidf=F.csv
0.62,0.315,0.0,0.0,0.0,0.0,0.0,200,../../lists/bcms_setimes/list.bcms_setimes.attrib=ig_mpd=5_thresh=0.7_docnorm=T_tfidf=T.csv
0.18,0.805,0.0,0.0,0.0,0.0,0.0,200,../../lists/bcms_setimes/list.bcms_setimes.attrib=ig_mpd=5_thresh=0.8_docnorm=F_tfidf=F.csv
0.19,0.81,0.0,0.0,0.0,0.0,0.0,200,../../lists/bcms_setimes/list.bcms_setimes.attrib=ig_mpd=5_thresh=0.8_docnorm=F_tfidf=T.csv
0.72,0.255,0.0,0.0,0.0,0.0,0.0,200,../../lists/bcms_setimes/list.bcms_setimes.attrib=ig_mpd=5_thresh=0.8_docnorm=T_tfidf=F.csv
0.62,0.335,0.0,0.0,0.0,0.0,0.0,200,../../lists/bcms_setimes/list.bcms_setimes.attrib=ig_mpd=5_thresh=0.8_docnorm=T_tfidf=T.csv
0.18,0.805,0.0,0.0,0.0,0.0,0.0,200,../../lists/bcms_setimes/list.bcms_setimes.attrib=ig_mpd=5_thresh=0.9_docnorm=F_tfidf=F.csv
0.19,0.81,0.0,0.0,0.0,0.0,0.0,200,../../lists/bcms_setimes/list.bcms_setimes.attrib=ig_mpd=5_thresh=0.9_docnorm=F_tfidf=T.csv
0.68,0.3,0.0,0.0,0.0,0.0,0.0,200,../../lists/bcms_setimes/list.bcms_setimes.attrib=ig_mpd=5_thresh=0.9_docnorm=T_tfidf=F.csv
0.595,0.36,0.0,0.0,0.0,0.0,0.0,200,../../lists/bcms_setimes/list.bcms_setimes.attrib=ig_mpd=5_thresh=0.9_docnorm=T_tfidf=T.csv
0.18,0.805,0.0,0.0,0.0,0.0,0.0,200,../../lists/bcms_setimes/list.bcms_setimes.attrib=ig_mpd=5_thresh=1.0_docnorm=F_tfidf=F.csv
0.185,0.815,0.0,0.0,0.0,0.0,0.0,200,../../lists/bcms_setimes/list.bcms_setimes.attrib=ig_mpd=5_thresh=1.0_docnorm=F_tfidf=T.csv
0.515,0.48,0.0,0.0,0.0,0.0,0.0,200,../../lists/bcms_setimes/list.bcms_setimes.attrib=ig_mpd=5_thresh=1.0_docnorm=T_tfidf=F.csv
0.47,0.52,0.0,0.0,0.0,0.0,0.0,200,../../lists/bcms_setimes/list.bcms_setimes.attrib=ig_mpd=5_thresh=1.0_docnorm=T_tfidf=T.csv
0.17,0.815,0.0,0.0,0.0,0.0,0.0,200,../../lists/bcms_setimes/list.bcms_setimes.attrib=ig_mpd=6_thresh=0.1_docnorm=F_tfidf=F.csv
0.18,0.82,0.0,0.0,0.0,0.0,0.0,200,../../lists/bcms_setimes/list.bcms_setimes.attrib=ig_mpd=6_thresh=0.1_docnorm=F_tfidf=T.csv
0.39,0.25,0.0,0.0,0.0,0.0,0.0,200,../../lists/bcms_setimes/list.bcms_setimes.attrib=ig_mpd=6_thresh=0.1_docnorm=T_tfidf=F.csv
0.22,0.36,0.0,0.0,0.0,0.0,0.0,200,../../lists/bcms_setimes/list.bcms_setimes.attrib=ig_mpd=6_thresh=0.1_docnorm=T_tfidf=T.csv
0.17,0.815,0.0,0.0,0.0,0.0,0.0,200,../../lists/bcms_setimes/list.bcms_setimes.attrib=ig_mpd=6_thresh=0.2_docnorm=F_tfidf=F.csv
0.18,0.82,0.0,0.0,0.0,0.0,0.0,200,../../lists/bcms_setimes/list.bcms_setimes.attrib=ig_mpd=6_thresh=0.2_docnorm=F_tfidf=T.csv
0.615,0.27,0.0,0.0,0.0,0.0,0.0,200,../../lists/bcms_setimes/list.bcms_setimes.attrib=ig_mpd=6_thresh=0.2_docnorm=T_tfidf=F.csv
0.355,0.385,0.0,0.0,0.0,0.0,0.0,200,../../lists/bcms_setimes/list.bcms_setimes.attrib=ig_mpd=6_thresh=0.2_docnorm=T_tfidf=T.csv
0.17,0.815,0.0,0.0,0.0,0.0,0.0,200,../../lists/bcms_setimes/list.bcms_setimes.attrib=ig_mpd=6_thresh=0.3_docnorm=F_tfidf=F.csv
0.18,0.82,0.0,0.0,0.0,0.0,0.0,200,../../lists/bcms_setimes/list.bcms_setimes.attrib=ig_mpd=6_thresh=0.3_docnorm=F_tfidf=T.csv
0.68,0.25,0.0,0.0,0.0,0.0,0.0,200,../../lists/bcms_setimes/list.bcms_setimes.attrib=ig_mpd=6_thresh=0.3_docnorm=T_tfidf=F.csv
0.49,0.315,0.0,0.0,0.0,0.0,0.0,200,../../lists/bcms_setimes/list.bcms_setimes.attrib=ig_mpd=6_thresh=0.3_docnorm=T_tfidf=T.csv
0.17,0.815,0.0,0.0,0.0,0.0,0.0,200,../../lists/bcms_setimes/list.bcms_setimes.attrib=ig_mpd=6_thresh=0.4_docnorm=F_tfidf=F.csv
0.18,0.82,0.0,0.0,0.0,0.0,0.0,200,../../lists/bcms_setimes/list.bcms_setimes.attrib=ig_mpd=6_thresh=0.4_docnorm=F_tfidf=T.csv
0.705,0.225,0.0,0.0,0.0,0.0,0.0,200,../../lists/bcms_setimes/list.bcms_setimes.attrib=ig_mpd=6_thresh=0.4_docnorm=T_tfidf=F.csv
0.545,0.325,0.0,0.0,0.0,0.0,0.0,200,../../lists/bcms_setimes/list.bcms_setimes.attrib=ig_mpd=6_thresh=0.4_docnorm=T_tfidf=T.csv
0.17,0.815,0.0,0.0,0.0,0.0,0.0,200,../../lists/bcms_setimes/list.bcms_setimes.attrib=ig_mpd=6_thresh=0.5_docnorm=F_tfidf=F.csv
0.18,0.82,0.0,0.0,0.0,0.0,0.0,200,../../lists/bcms_setimes/list.bcms_setimes.attrib=ig_mpd=6_thresh=0.5_docnorm=F_tfidf=T.csv
0.715,0.235,0.0,0.0,0.0,0.0,0.0,200,../../lists/bcms_setimes/list.bcms_setimes.attrib=ig_mpd=6_thresh=0.5_docnorm=T_tfidf=F.csv
0.565,0.34,0.0,0.0,0.0,0.0,0.0,200,../../lists/bcms_setimes/list.bcms_setimes.attrib=ig_mpd=6_thresh=0.5_docnorm=T_tfidf=T.csv
0.17,0.815,0.0,0.0,0.0,0.0,0.0,200,../../lists/bcms_setimes/list.bcms_setimes.attrib=ig_mpd=6_thresh=0.6_docnorm=F_tfidf=F.csv
0.18,0.82,0.0,0.0,0.0,0.0,0.0,200,../../lists/bcms_setimes/list.bcms_setimes.attrib=ig_mpd=6_thresh=0.6_docnorm=F_tfidf=T.csv
0.74,0.22,0.0,0.0,0.0,0.0,0.0,200,../../lists/bcms_setimes/list.bcms_setimes.attrib=ig_mpd=6_thresh=0.6_docnorm=T_tfidf=F.csv
0.65,0.275,0.0,0.0,0.0,0.0,0.0,200,../../lists/bcms_setimes/list.bcms_setimes.attrib=ig_mpd=6_thresh=0.6_docnorm=T_tfidf=T.csv
0.17,0.815,0.0,0.0,0.0,0.0,0.0,200,../../lists/bcms_setimes/list.bcms_setimes.attrib=ig_mpd=6_thresh=0.7_docnorm=F_tfidf=F.csv
0.18,0.82,0.0,0.0,0.0,0.0,0.0,200,../../lists/bcms_setimes/list.bcms_setimes.attrib=ig_mpd=6_thresh=0.7_docnorm=F_tfidf=T.csv
0.735,0.23,0.0,0.0,0.0,0.0,0.0,200,../../lists/bcms_setimes/list.bcms_setimes.attrib=ig_mpd=6_thresh=0.7_docnorm=T_tfidf=F.csv
0.65,0.285,0.0,0.0,0.0,0.0,0.0,200,../../lists/bcms_setimes/list.bcms_setimes.attrib=ig_mpd=6_thresh=0.7_docnorm=T_tfidf=T.csv
0.17,0.815,0.0,0.0,0.0,0.0,0.0,200,../../lists/bcms_setimes/list.bcms_setimes.attrib=ig_mpd=6_thresh=0.8_docnorm=F_tfidf=F.csv
0.18,0.82,0.0,0.0,0.0,0.0,0.0,200,../../lists/bcms_setimes/list.bcms_setimes.attrib=ig_mpd=6_thresh=0.8_docnorm=F_tfidf=T.csv
0.73,0.24,0.0,0.0,0.0,0.0,0.0,200,../../lists/bcms_setimes/list.bcms_setimes.attrib=ig_mpd=6_thresh=0.8_docnorm=T_tfidf=F.csv
0.61,0.35,0.0,0.0,0.0,0.0,0.0,200,../../lists/bcms_setimes/list.bcms_setimes.attrib=ig_mpd=6_thresh=0.8_docnorm=T_tfidf=T.csv
0.17,0.815,0.0,0.0,0.0,0.0,0.0,200,../../lists/bcms_setimes/list.bcms_setimes.attrib=ig_mpd=6_thresh=0.9_docnorm=F_tfidf=F.csv
0.18,0.82,0.0,0.0,0.0,0.0,0.0,200,../../lists/bcms_setimes/list.bcms_setimes.attrib=ig_mpd=6_thresh=0.9_docnorm=F_tfidf=T.csv
0.685,0.295,0.0,0.0,0.0,0.0,0.0,200,../../lists/bcms_setimes/list.bcms_setimes.attrib=ig_mpd=6_thresh=0.9_docnorm=T_tfidf=F.csv
0.59,0.365,0.0,0.0,0.0,0.0,0.0,200,../../lists/bcms_setimes/list.bcms_setimes.attrib=ig_mpd=6_thresh=0.9_docnorm=T_tfidf=T.csv
0.17,0.815,0.0,0.0,0.0,0.0,0.0,200,../../lists/bcms_setimes/list.bcms_setimes.attrib=ig_mpd=6_thresh=1.0_docnorm=F_tfidf=F.csv
0.18,0.82,0.0,0.0,0.0,0.0,0.0,200,../../lists/bcms_setimes/list.bcms_setimes.attrib=ig_mpd=6_thresh=1.0_docnorm=F_tfidf=T.csv
0.555,0.44,0.0,0.0,0.0,0.0,0.0,200,../../lists/bcms_setimes/list.bcms_setimes.attrib=ig_mpd=6_thresh=1.0_docnorm=T_tfidf=F.csv
0.52,0.475,0.0,0.0,0.0,0.0,0.0,200,../../lists/bcms_setimes/list.bcms_setimes.attrib=ig_mpd=6_thresh=1.0_docnorm=T_tfidf=T.csv
0.165,0.82,0.0,0.0,0.0,0.0,0.0,200,../../lists/bcms_setimes/list.bcms_setimes.attrib=ig_mpd=7_thresh=0.1_docnorm=F_tfidf=F.csv
0.18,0.82,0.0,0.0,0.0,0.0,0.0,200,../../lists/bcms_setimes/list.bcms_setimes.attrib=ig_mpd=7_thresh=0.1_docnorm=F_tfidf=T.csv
0.39,0.235,0.0,0.0,0.0,0.0,0.0,200,../../lists/bcms_setimes/list.bcms_setimes.attrib=ig_mpd=7_thresh=0.1_docnorm=T_tfidf=F.csv
0.225,0.36,0.0,0.0,0.0,0.0,0.0,200,../../lists/bcms_setimes/list.bcms_setimes.attrib=ig_mpd=7_thresh=0.1_docnorm=T_tfidf=T.csv
0.165,0.82,0.0,0.0,0.0,0.0,0.0,200,../../lists/bcms_setimes/list.bcms_setimes.attrib=ig_mpd=7_thresh=0.2_docnorm=F_tfidf=F.csv
0.18,0.82,0.0,0.0,0.0,0.0,0.0,200,../../lists/bcms_setimes/list.bcms_setimes.attrib=ig_mpd=7_thresh=0.2_docnorm=F_tfidf=T.csv
0.62,0.265,0.0,0.0,0.0,0.0,0.0,200,../../lists/bcms_setimes/list.bcms_setimes.attrib=ig_mpd=7_thresh=0.2_docnorm=T_tfidf=F.csv
0.36,0.36,0.0,0.0,0.0,0.0,0.0,200,../../lists/bcms_setimes/list.bcms_setimes.attrib=ig_mpd=7_thresh=0.2_docnorm=T_tfidf=T.csv
0.165,0.82,0.0,0.0,0.0,0.0,0.0,200,../../lists/bcms_setimes/list.bcms_setimes.attrib=ig_mpd=7_thresh=0.3_docnorm=F_tfidf=F.csv
0.18,0.82,0.0,0.0,0.0,0.0,0.0,200,../../lists/bcms_setimes/list.bcms_setimes.attrib=ig_mpd=7_thresh=0.3_docnorm=F_tfidf=T.csv
0.69,0.23,0.0,0.0,0.0,0.0,0.0,200,../../lists/bcms_setimes/list.bcms_setimes.attrib=ig_mpd=7_thresh=0.3_docnorm=T_tfidf=F.csv
0.475,0.31,0.0,0.0,0.0,0.0,0.0,200,../../lists/bcms_setimes/list.bcms_setimes.attrib=ig_mpd=7_thresh=0.3_docnorm=T_tfidf=T.csv
0.165,0.82,0.0,0.0,0.0,0.0,0.0,200,../../lists/bcms_setimes/list.bcms_setimes.attrib=ig_mpd=7_thresh=0.4_docnorm=F_tfidf=F.csv
0.18,0.82,0.0,0.0,0.0,0.0,0.0,200,../../lists/bcms_setimes/list.bcms_setimes.attrib=ig_mpd=7_thresh=0.4_docnorm=F_tfidf=T.csv
0.71,0.215,0.0,0.0,0.0,0.0,0.0,200,../../lists/bcms_setimes/list.bcms_setimes.attrib=ig_mpd=7_thresh=0.4_docnorm=T_tfidf=F.csv
0.565,0.31,0.0,0.0,0.0,0.0,0.0,200,../../lists/bcms_setimes/list.bcms_setimes.attrib=ig_mpd=7_thresh=0.4_docnorm=T_tfidf=T.csv
0.165,0.82,0.0,0.0,0.0,0.0,0.0,200,../../lists/bcms_setimes/list.bcms_setimes.attrib=ig_mpd=7_thresh=0.5_docnorm=F_tfidf=F.csv
0.18,0.82,0.0,0.0,0.0,0.0,0.0,200,../../lists/bcms_setimes/list.bcms_setimes.attrib=ig_mpd=7_thresh=0.5_docnorm=F_tfidf=T.csv
0.705,0.245,0.0,0.0,0.0,0.0,0.0,200,../../lists/bcms_setimes/list.bcms_setimes.attrib=ig_mpd=7_thresh=0.5_docnorm=T_tfidf=F.csv
0.58,0.315,0.0,0.0,0.0,0.0,0.0,200,../../lists/bcms_setimes/list.bcms_setimes.attrib=ig_mpd=7_thresh=0.5_docnorm=T_tfidf=T.csv
0.165,0.82,0.0,0.0,0.0,0.0,0.0,200,../../lists/bcms_setimes/list.bcms_setimes.attrib=ig_mpd=7_thresh=0.6_docnorm=F_tfidf=F.csv
0.18,0.82,0.0,0.0,0.0,0.0,0.0,200,../../lists/bcms_setimes/list.bcms_setimes.attrib=ig_mpd=7_thresh=0.6_docnorm=F_tfidf=T.csv
0.735,0.22,0.0,0.0,0.0,0.0,0.0,200,../../lists/bcms_setimes/list.bcms_setimes.attrib=ig_mpd=7_thresh=0.6_docnorm=T_tfidf=F.csv
0.665,0.265,0.0,0.0,0.0,0.0,0.0,200,../../lists/bcms_setimes/list.bcms_setimes.attrib=ig_mpd=7_thresh=0.6_docnorm=T_tfidf=T.csv
0.165,0.82,0.0,0.0,0.0,0.0,0.0,200,../../lists/bcms_setimes/list.bcms_setimes.attrib=ig_mpd=7_thresh=0.7_docnorm=F_tfidf=F.csv
0.18,0.82,0.0,0.0,0.0,0.0,0.0,200,../../lists/bcms_setimes/list.bcms_setimes.attrib=ig_mpd=7_thresh=0.7_docnorm=F_tfidf=T.csv
0.755,0.215,0.0,0.0,0.0,0.0,0.0,200,../../lists/bcms_setimes/list.bcms_setimes.attrib=ig_mpd=7_thresh=0.7_docnorm=T_tfidf=F.csv
0.635,0.3,0.0,0.0,0.0,0.0,0.0,200,../../lists/bcms_setimes/list.bcms_setimes.attrib=ig_mpd=7_thresh=0.7_docnorm=T_tfidf=T.csv
0.165,0.82,0.0,0.0,0.0,0.0,0.0,200,../../lists/bcms_setimes/list.bcms_setimes.attrib=ig_mpd=7_thresh=0.8_docnorm=F_tfidf=F.csv
0.18,0.82,0.0,0.0,0.0,0.0,0.0,200,../../lists/bcms_setimes/list.bcms_setimes.attrib=ig_mpd=7_thresh=0.8_docnorm=F_tfidf=T.csv
0.74,0.235,0.0,0.0,0.0,0.0,0.0,200,../../lists/bcms_setimes/list.bcms_setimes.attrib=ig_mpd=7_thresh=0.8_docnorm=T_tfidf=F.csv
0.64,0.315,0.0,0.0,0.0,0.0,0.0,200,../../lists/bcms_setimes/list.bcms_setimes.attrib=ig_mpd=7_thresh=0.8_docnorm=T_tfidf=T.csv
0.165,0.82,0.0,0.0,0.0,0.0,0.0,200,../../lists/bcms_setimes/list.bcms_setimes.attrib=ig_mpd=7_thresh=0.9_docnorm=F_tfidf=F.csv
0.18,0.82,0.0,0.0,0.0,0.0,0.0,200,../../lists/bcms_setimes/list.bcms_setimes.attrib=ig_mpd=7_thresh=0.9_docnorm=F_tfidf=T.csv
0.7,0.28,0.0,0.0,0.0,0.0,0.0,200,../../lists/bcms_setimes/list.bcms_setimes.attrib=ig_mpd=7_thresh=0.9_docnorm=T_tfidf=F.csv
0.61,0.34,0.0,0.0,0.0,0.0,0.0,200,../../lists/bcms_setimes/list.bcms_setimes.attrib=ig_mpd=7_thresh=0.9_docnorm=T_tfidf=T.csv
0.165,0.82,0.0,0.0,0.0,0.0,0.0,200,../../lists/bcms_setimes/list.bcms_setimes.attrib=ig_mpd=7_thresh=1.0_docnorm=F_tfidf=F.csv
0.18,0.82,0.0,0.0,0.0,0.0,0.0,200,../../lists/bcms_setimes/list.bcms_setimes.attrib=ig_mpd=7_thresh=1.0_docnorm=F_tfidf=T.csv
0.56,0.43,0.0,0.0,0.0,0.0,0.0,200,../../lists/bcms_setimes/list.bcms_setimes.attrib=ig_mpd=7_thresh=1.0_docnorm=T_tfidf=F.csv
0.51,0.475,0.0,0.0,0.0,0.0,0.0,200,../../lists/bcms_setimes/list.bcms_setimes.attrib=ig_mpd=7_thresh=1.0_docnorm=T_tfidf=T.csv
0.165,0.82,0.0,0.0,0.0,0.0,0.0,200,../../lists/bcms_setimes/list.bcms_setimes.attrib=ig_mpd=8_thresh=0.1_docnorm=F_tfidf=F.csv
0.18,0.82,0.0,0.0,0.0,0.0,0.0,200,../../lists/bcms_setimes/list.bcms_setimes.attrib=ig_mpd=8_thresh=0.1_docnorm=F_tfidf=T.csv
0.385,0.225,0.0,0.0,0.0,0.0,0.0,200,../../lists/bcms_setimes/list.bcms_setimes.attrib=ig_mpd=8_thresh=0.1_docnorm=T_tfidf=F.csv
0.225,0.355,0.0,0.0,0.0,0.0,0.0,200,../../lists/bcms_setimes/list.bcms_setimes.attrib=ig_mpd=8_thresh=0.1_docnorm=T_tfidf=T.csv
0.165,0.82,0.0,0.0,0.0,0.0,0.0,200,../../lists/bcms_setimes/list.bcms_setimes.attrib=ig_mpd=8_thresh=0.2_docnorm=F_tfidf=F.csv
0.18,0.82,0.0,0.0,0.0,0.0,0.0,200,../../lists/bcms_setimes/list.bcms_setimes.attrib=ig_mpd=8_thresh=0.2_docnorm=F_tfidf=T.csv
0.605,0.28,0.0,0.0,0.0,0.0,0.0,200,../../lists/bcms_setimes/list.bcms_setimes.attrib=ig_mpd=8_thresh=0.2_docnorm=T_tfidf=F.csv
0.37,0.345,0.0,0.0,0.0,0.0,0.0,200,../../lists/bcms_setimes/list.bcms_setimes.attrib=ig_mpd=8_thresh=0.2_docnorm=T_tfidf=T.csv
0.165,0.82,0.0,0.0,0.0,0.0,0.0,200,../../lists/bcms_setimes/list.bcms_setimes.attrib=ig_mpd=8_thresh=0.3_docnorm=F_tfidf=F.csv
0.18,0.82,0.0,0.0,0.0,0.0,0.0,200,../../lists/bcms_setimes/list.bcms_setimes.attrib=ig_mpd=8_thresh=0.3_docnorm=F_tfidf=T.csv
0.68,0.235,0.0,0.0,0.0,0.0,0.0,200,../../lists/bcms_setimes/list.bcms_setimes.attrib=ig_mpd=8_thresh=0.3_docnorm=T_tfidf=F.csv
0.485,0.305,0.0,0.0,0.0,0.0,0.0,200,../../lists/bcms_setimes/list.bcms_setimes.attrib=ig_mpd=8_thresh=0.3_docnorm=T_tfidf=T.csv
0.165,0.82,0.0,0.0,0.0,0.0,0.0,200,../../lists/bcms_setimes/list.bcms_setimes.attrib=ig_mpd=8_thresh=0.4_docnorm=F_tfidf=F.csv
0.18,0.82,0.0,0.0,0.0,0.0,0.0,200,../../lists/bcms_setimes/list.bcms_setimes.attrib=ig_mpd=8_thresh=0.4_docnorm=F_tfidf=T.csv
0.71,0.22,0.0,0.0,0.0,0.0,0.0,200,../../lists/bcms_setimes/list.bcms_setimes.attrib=ig_mpd=8_thresh=0.4_docnorm=T_tfidf=F.csv
0.54,0.31,0.0,0.0,0.0,0.0,0.0,200,../../lists/bcms_setimes/list.bcms_setimes.attrib=ig_mpd=8_thresh=0.4_docnorm=T_tfidf=T.csv
0.165,0.82,0.0,0.0,0.0,0.0,0.0,200,../../lists/bcms_setimes/list.bcms_setimes.attrib=ig_mpd=8_thresh=0.5_docnorm=F_tfidf=F.csv
0.18,0.82,0.0,0.0,0.0,0.0,0.0,200,../../lists/bcms_setimes/list.bcms_setimes.attrib=ig_mpd=8_thresh=0.5_docnorm=F_tfidf=T.csv
0.695,0.25,0.0,0.0,0.0,0.0,0.0,200,../../lists/bcms_setimes/list.bcms_setimes.attrib=ig_mpd=8_thresh=0.5_docnorm=T_tfidf=F.csv
0.595,0.295,0.0,0.0,0.0,0.0,0.0,200,../../lists/bcms_setimes/list.bcms_setimes.attrib=ig_mpd=8_thresh=0.5_docnorm=T_tfidf=T.csv
0.165,0.82,0.0,0.0,0.0,0.0,0.0,200,../../lists/bcms_setimes/list.bcms_setimes.attrib=ig_mpd=8_thresh=0.6_docnorm=F_tfidf=F.csv
0.18,0.82,0.0,0.0,0.0,0.0,0.0,200,../../lists/bcms_setimes/list.bcms_setimes.attrib=ig_mpd=8_thresh=0.6_docnorm=F_tfidf=T.csv
0.735,0.22,0.0,0.0,0.0,0.0,0.0,200,../../lists/bcms_setimes/list.bcms_setimes.attrib=ig_mpd=8_thresh=0.6_docnorm=T_tfidf=F.csv
0.66,0.28,0.0,0.0,0.0,0.0,0.0,200,../../lists/bcms_setimes/list.bcms_setimes.attrib=ig_mpd=8_thresh=0.6_docnorm=T_tfidf=T.csv
0.165,0.82,0.0,0.0,0.0,0.0,0.0,200,../../lists/bcms_setimes/list.bcms_setimes.attrib=ig_mpd=8_thresh=0.7_docnorm=F_tfidf=F.csv
0.18,0.82,0.0,0.0,0.0,0.0,0.0,200,../../lists/bcms_setimes/list.bcms_setimes.attrib=ig_mpd=8_thresh=0.7_docnorm=F_tfidf=T.csv
0.755,0.215,0.0,0.0,0.0,0.0,0.0,200,../../lists/bcms_setimes/list.bcms_setimes.attrib=ig_mpd=8_thresh=0.7_docnorm=T_tfidf=F.csv
0.655,0.28,0.0,0.0,0.0,0.0,0.0,200,../../lists/bcms_setimes/list.bcms_setimes.attrib=ig_mpd=8_thresh=0.7_docnorm=T_tfidf=T.csv
0.165,0.82,0.0,0.0,0.0,0.0,0.0,200,../../lists/bcms_setimes/list.bcms_setimes.attrib=ig_mpd=8_thresh=0.8_docnorm=F_tfidf=F.csv
0.18,0.82,0.0,0.0,0.0,0.0,0.0,200,../../lists/bcms_setimes/list.bcms_setimes.attrib=ig_mpd=8_thresh=0.8_docnorm=F_tfidf=T.csv
0.745,0.225,0.0,0.0,0.0,0.0,0.0,200,../../lists/bcms_setimes/list.bcms_setimes.attrib=ig_mpd=8_thresh=0.8_docnorm=T_tfidf=F.csv
0.64,0.315,0.0,0.0,0.0,0.0,0.0,200,../../lists/bcms_setimes/list.bcms_setimes.attrib=ig_mpd=8_thresh=0.8_docnorm=T_tfidf=T.csv
0.165,0.82,0.0,0.0,0.0,0.0,0.0,200,../../lists/bcms_setimes/list.bcms_setimes.attrib=ig_mpd=8_thresh=0.9_docnorm=F_tfidf=F.csv
0.18,0.82,0.0,0.0,0.0,0.0,0.0,200,../../lists/bcms_setimes/list.bcms_setimes.attrib=ig_mpd=8_thresh=0.9_docnorm=F_tfidf=T.csv
0.695,0.285,0.0,0.0,0.0,0.0,0.0,200,../../lists/bcms_setimes/list.bcms_setimes.attrib=ig_mpd=8_thresh=0.9_docnorm=T_tfidf=F.csv
0.625,0.33,0.0,0.0,0.0,0.0,0.0,200,../../lists/bcms_setimes/list.bcms_setimes.attrib=ig_mpd=8_thresh=0.9_docnorm=T_tfidf=T.csv
0.165,0.82,0.0,0.0,0.0,0.0,0.0,200,../../lists/bcms_setimes/list.bcms_setimes.attrib=ig_mpd=8_thresh=1.0_docnorm=F_tfidf=F.csv
0.18,0.82,0.0,0.0,0.0,0.0,0.0,200,../../lists/bcms_setimes/list.bcms_setimes.attrib=ig_mpd=8_thresh=1.0_docnorm=F_tfidf=T.csv
0.555,0.435,0.0,0.0,0.0,0.0,0.0,200,../../lists/bcms_setimes/list.bcms_setimes.attrib=ig_mpd=8_thresh=1.0_docnorm=T_tfidf=F.csv
0.51,0.46,0.0,0.0,0.0,0.0,0.0,200,../../lists/bcms_setimes/list.bcms_setimes.attrib=ig_mpd=8_thresh=1.0_docnorm=T_tfidf=T.csv
0.165,0.815,0.0,0.0,0.0,0.0,0.0,200,../../lists/bcms_setimes/list.bcms_setimes.attrib=ig_mpd=9_thresh=0.1_docnorm=F_tfidf=F.csv
0.185,0.815,0.0,0.0,0.0,0.0,0.0,200,../../lists/bcms_setimes/list.bcms_setimes.attrib=ig_mpd=9_thresh=0.1_docnorm=F_tfidf=T.csv
0.36,0.225,0.0,0.0,0.0,0.0,0.0,200,../../lists/bcms_setimes/list.bcms_setimes.attrib=ig_mpd=9_thresh=0.1_docnorm=T_tfidf=F.csv
0.22,0.345,0.0,0.0,0.0,0.0,0.0,200,../../lists/bcms_setimes/list.bcms_setimes.attrib=ig_mpd=9_thresh=0.1_docnorm=T_tfidf=T.csv
0.165,0.815,0.0,0.0,0.0,0.0,0.0,200,../../lists/bcms_setimes/list.bcms_setimes.attrib=ig_mpd=9_thresh=0.2_docnorm=F_tfidf=F.csv
0.185,0.815,0.0,0.0,0.0,0.0,0.0,200,../../lists/bcms_setimes/list.bcms_setimes.attrib=ig_mpd=9_thresh=0.2_docnorm=F_tfidf=T.csv
0.61,0.28,0.0,0.0,0.0,0.0,0.0,200,../../lists/bcms_setimes/list.bcms_setimes.attrib=ig_mpd=9_thresh=0.2_docnorm=T_tfidf=F.csv
0.375,0.325,0.0,0.0,0.0,0.0,0.0,200,../../lists/bcms_setimes/list.bcms_setimes.attrib=ig_mpd=9_thresh=0.2_docnorm=T_tfidf=T.csv
0.165,0.815,0.0,0.0,0.0,0.0,0.0,200,../../lists/bcms_setimes/list.bcms_setimes.attrib=ig_mpd=9_thresh=0.3_docnorm=F_tfidf=F.csv
0.185,0.815,0.0,0.0,0.0,0.0,0.0,200,../../lists/bcms_setimes/list.bcms_setimes.attrib=ig_mpd=9_thresh=0.3_docnorm=F_tfidf=T.csv
0.695,0.225,0.0,0.0,0.0,0.0,0.0,200,../../lists/bcms_setimes/list.bcms_setimes.attrib=ig_mpd=9_thresh=0.3_docnorm=T_tfidf=F.csv
0.46,0.32,0.0,0.0,0.0,0.0,0.0,200,../../lists/bcms_setimes/list.bcms_setimes.attrib=ig_mpd=9_thresh=0.3_docnorm=T_tfidf=T.csv
0.165,0.815,0.0,0.0,0.0,0.0,0.0,200,../../lists/bcms_setimes/list.bcms_setimes.attrib=ig_mpd=9_thresh=0.4_docnorm=F_tfidf=F.csv
0.185,0.815,0.0,0.0,0.0,0.0,0.0,200,../../lists/bcms_setimes/list.bcms_setimes.attrib=ig_mpd=9_thresh=0.4_docnorm=F_tfidf=T.csv
0.71,0.225,0.0,0.0,0.0,0.0,0.0,200,../../lists/bcms_setimes/list.bcms_setimes.attrib=ig_mpd=9_thresh=0.4_docnorm=T_tfidf=F.csv
0.55,0.295,0.0,0.0,0.0,0.0,0.0,200,../../lists/bcms_setimes/list.bcms_setimes.attrib=ig_mpd=9_thresh=0.4_docnorm=T_tfidf=T.csv
0.165,0.815,0.0,0.0,0.0,0.0,0.0,200,../../lists/bcms_setimes/list.bcms_setimes.attrib=ig_mpd=9_thresh=0.5_docnorm=F_tfidf=F.csv
0.185,0.815,0.0,0.0,0.0,0.0,0.0,200,../../lists/bcms_setimes/list.bcms_setimes.attrib=ig_mpd=9_thresh=0.5_docnorm=F_tfidf=T.csv
0.705,0.24,0.0,0.0,0.0,0.0,0.0,200,../../lists/bcms_setimes/list.bcms_setimes.attrib=ig_mpd=9_thresh=0.5_docnorm=T_tfidf=F.csv
0.595,0.285,0.0,0.0,0.0,0.0,0.0,200,../../lists/bcms_setimes/list.bcms_setimes.attrib=ig_mpd=9_thresh=0.5_docnorm=T_tfidf=T.csv
0.165,0.815,0.0,0.0,0.0,0.0,0.0,200,../../lists/bcms_setimes/list.bcms_setimes.attrib=ig_mpd=9_thresh=0.6_docnorm=F_tfidf=F.csv
0.185,0.815,0.0,0.0,0.0,0.0,0.0,200,../../lists/bcms_setimes/list.bcms_setimes.attrib=ig_mpd=9_thresh=0.6_docnorm=F_tfidf=T.csv
0.73,0.215,0.0,0.0,0.0,0.0,0.0,200,../../lists/bcms_setimes/list.bcms_setimes.attrib=ig_mpd=9_thresh=0.6_docnorm=T_tfidf=F.csv
0.625,0.295,0.0,0.0,0.0,0.0,0.0,200,../../lists/bcms_setimes/list.bcms_setimes.attrib=ig_mpd=9_thresh=0.6_docnorm=T_tfidf=T.csv
0.165,0.815,0.0,0.0,0.0,0.0,0.0,200,../../lists/bcms_setimes/list.bcms_setimes.attrib=ig_mpd=9_thresh=0.7_docnorm=F_tfidf=F.csv
0.185,0.815,0.0,0.0,0.0,0.0,0.0,200,../../lists/bcms_setimes/list.bcms_setimes.attrib=ig_mpd=9_thresh=0.7_docnorm=F_tfidf=T.csv
0.755,0.21,0.0,0.0,0.0,0.0,0.0,200,../../lists/bcms_setimes/list.bcms_setimes.attrib=ig_mpd=9_thresh=0.7_docnorm=T_tfidf=F.csv
0.675,0.26,0.0,0.0,0.0,0.0,0.0,200,../../lists/bcms_setimes/list.bcms_setimes.attrib=ig_mpd=9_thresh=0.7_docnorm=T_tfidf=T.csv
0.165,0.815,0.0,0.0,0.0,0.0,0.0,200,../../lists/bcms_setimes/list.bcms_setimes.attrib=ig_mpd=9_thresh=0.8_docnorm=F_tfidf=F.csv
0.185,0.815,0.0,0.0,0.0,0.0,0.0,200,../../lists/bcms_setimes/list.bcms_setimes.attrib=ig_mpd=9_thresh=0.8_docnorm=F_tfidf=T.csv
0.745,0.23,0.0,0.0,0.0,0.0,0.0,200,../../lists/bcms_setimes/list.bcms_setimes.attrib=ig_mpd=9_thresh=0.8_docnorm=T_tfidf=F.csv
0.67,0.28,0.0,0.0,0.0,0.0,0.0,200,../../lists/bcms_setimes/list.bcms_setimes.attrib=ig_mpd=9_thresh=0.8_docnorm=T_tfidf=T.csv
0.165,0.815,0.0,0.0,0.0,0.0,0.0,200,../../lists/bcms_setimes/list.bcms_setimes.attrib=ig_mpd=9_thresh=0.9_docnorm=F_tfidf=F.csv
0.185,0.815,0.0,0.0,0.0,0.0,0.0,200,../../lists/bcms_setimes/list.bcms_setimes.attrib=ig_mpd=9_thresh=0.9_docnorm=F_tfidf=T.csv
0.705,0.275,0.0,0.0,0.0,0.0,0.0,200,../../lists/bcms_setimes/list.bcms_setimes.attrib=ig_mpd=9_thresh=0.9_docnorm=T_tfidf=F.csv
0.64,0.32,0.0,0.0,0.0,0.0,0.0,200,../../lists/bcms_setimes/list.bcms_setimes.attrib=ig_mpd=9_thresh=0.9_docnorm=T_tfidf=T.csv
0.165,0.815,0.0,0.0,0.0,0.0,0.0,200,../../lists/bcms_setimes/list.bcms_setimes.attrib=ig_mpd=9_thresh=1.0_docnorm=F_tfidf=F.csv
0.185,0.815,0.0,0.0,0.0,0.0,0.0,200,../../lists/bcms_setimes/list.bcms_setimes.attrib=ig_mpd=9_thresh=1.0_docnorm=F_tfidf=T.csv
0.555,0.43,0.0,0.0,0.0,0.0,0.0,200,../../lists/bcms_setimes/list.bcms_setimes.attrib=ig_mpd=9_thresh=1.0_docnorm=T_tfidf=F.csv
0.525,0.445,0.0,0.0,0.0,0.0,0.0,200,../../lists/bcms_setimes/list.bcms_setimes.attrib=ig_mpd=9_thresh=1.0_docnorm=T_tfidf=T.csv
0.18,0.82,0.0,0.0,0.0,0.0,0.0,200,../../lists/bcms_setimes/list.bcms_setimes.attrib=lime_mpd=10_thresh=0.1_docnorm=F_tfidf=F.csv
0.18,0.82,0.0,0.0,0.0,0.0,0.0,200,../../lists/bcms_setimes/list.bcms_setimes.attrib=lime_mpd=10_thresh=0.1_docnorm=F_tfidf=T.csv
0.52,0.195,0.0,0.0,0.0,0.0,0.0,200,../../lists/bcms_setimes/list.bcms_setimes.attrib=lime_mpd=10_thresh=0.1_docnorm=T_tfidf=F.csv
0.43,0.295,0.0,0.0,0.0,0.0,0.0,200,../../lists/bcms_setimes/list.bcms_setimes.attrib=lime_mpd=10_thresh=0.1_docnorm=T_tfidf=T.csv
0.18,0.82,0.0,0.0,0.0,0.0,0.0,200,../../lists/bcms_setimes/list.bcms_setimes.attrib=lime_mpd=10_thresh=0.2_docnorm=F_tfidf=F.csv
0.18,0.82,0.0,0.0,0.0,0.0,0.0,200,../../lists/bcms_setimes/list.bcms_setimes.attrib=lime_mpd=10_thresh=0.2_docnorm=F_tfidf=T.csv
0.525,0.315,0.0,0.0,0.0,0.0,0.0,200,../../lists/bcms_setimes/list.bcms_setimes.attrib=lime_mpd=10_thresh=0.2_docnorm=T_tfidf=F.csv
0.425,0.38,0.0,0.0,0.0,0.0,0.0,200,../../lists/bcms_setimes/list.bcms_setimes.attrib=lime_mpd=10_thresh=0.2_docnorm=T_tfidf=T.csv
0.18,0.82,0.0,0.0,0.0,0.0,0.0,200,../../lists/bcms_setimes/list.bcms_setimes.attrib=lime_mpd=10_thresh=0.3_docnorm=F_tfidf=F.csv
0.18,0.82,0.0,0.0,0.0,0.0,0.0,200,../../lists/bcms_setimes/list.bcms_setimes.attrib=lime_mpd=10_thresh=0.3_docnorm=F_tfidf=T.csv
0.5,0.395,0.0,0.0,0.0,0.0,0.0,200,../../lists/bcms_setimes/list.bcms_setimes.attrib=lime_mpd=10_thresh=0.3_docnorm=T_tfidf=F.csv
0.45,0.4,0.0,0.0,0.0,0.0,0.0,200,../../lists/bcms_setimes/list.bcms_setimes.attrib=lime_mpd=10_thresh=0.3_docnorm=T_tfidf=T.csv
0.18,0.82,0.0,0.0,0.0,0.0,0.0,200,../../lists/bcms_setimes/list.bcms_setimes.attrib=lime_mpd=10_thresh=0.4_docnorm=F_tfidf=F.csv
0.18,0.82,0.0,0.0,0.0,0.0,0.0,200,../../lists/bcms_setimes/list.bcms_setimes.attrib=lime_mpd=10_thresh=0.4_docnorm=F_tfidf=T.csv
0.49,0.45,0.0,0.0,0.0,0.0,0.0,200,../../lists/bcms_setimes/list.bcms_setimes.attrib=lime_mpd=10_thresh=0.4_docnorm=T_tfidf=F.csv
0.46,0.41,0.0,0.0,0.0,0.0,0.0,200,../../lists/bcms_setimes/list.bcms_setimes.attrib=lime_mpd=10_thresh=0.4_docnorm=T_tfidf=T.csv
0.18,0.82,0.0,0.0,0.0,0.0,0.0,200,../../lists/bcms_setimes/list.bcms_setimes.attrib=lime_mpd=10_thresh=0.5_docnorm=F_tfidf=F.csv
0.18,0.82,0.0,0.0,0.0,0.0,0.0,200,../../lists/bcms_setimes/list.bcms_setimes.attrib=lime_mpd=10_thresh=0.5_docnorm=F_tfidf=T.csv
0.535,0.415,0.0,0.0,0.0,0.0,0.0,200,../../lists/bcms_setimes/list.bcms_setimes.attrib=lime_mpd=10_thresh=0.5_docnorm=T_tfidf=F.csv
0.47,0.44,0.0,0.0,0.0,0.0,0.0,200,../../lists/bcms_setimes/list.bcms_setimes.attrib=lime_mpd=10_thresh=0.5_docnorm=T_tfidf=T.csv
0.18,0.82,0.0,0.0,0.0,0.0,0.0,200,../../lists/bcms_setimes/list.bcms_setimes.attrib=lime_mpd=10_thresh=0.6_docnorm=F_tfidf=F.csv
0.18,0.82,0.0,0.0,0.0,0.0,0.0,200,../../lists/bcms_setimes/list.bcms_setimes.attrib=lime_mpd=10_thresh=0.6_docnorm=F_tfidf=T.csv
0.495,0.45,0.0,0.0,0.0,0.0,0.0,200,../../lists/bcms_setimes/list.bcms_setimes.attrib=lime_mpd=10_thresh=0.6_docnorm=T_tfidf=F.csv
0.455,0.48,0.0,0.0,0.0,0.0,0.0,200,../../lists/bcms_setimes/list.bcms_setimes.attrib=lime_mpd=10_thresh=0.6_docnorm=T_tfidf=T.csv
0.18,0.82,0.0,0.0,0.0,0.0,0.0,200,../../lists/bcms_setimes/list.bcms_setimes.attrib=lime_mpd=10_thresh=0.7_docnorm=F_tfidf=F.csv
0.18,0.82,0.0,0.0,0.0,0.0,0.0,200,../../lists/bcms_setimes/list.bcms_setimes.attrib=lime_mpd=10_thresh=0.7_docnorm=F_tfidf=T.csv
0.475,0.49,0.0,0.0,0.0,0.0,0.0,200,../../lists/bcms_setimes/list.bcms_setimes.attrib=lime_mpd=10_thresh=0.7_docnorm=T_tfidf=F.csv
0.45,0.48,0.0,0.0,0.0,0.0,0.0,200,../../lists/bcms_setimes/list.bcms_setimes.attrib=lime_mpd=10_thresh=0.7_docnorm=T_tfidf=T.csv
0.18,0.82,0.0,0.0,0.0,0.0,0.0,200,../../lists/bcms_setimes/list.bcms_setimes.attrib=lime_mpd=10_thresh=0.8_docnorm=F_tfidf=F.csv
0.18,0.82,0.0,0.0,0.0,0.0,0.0,200,../../lists/bcms_setimes/list.bcms_setimes.attrib=lime_mpd=10_thresh=0.8_docnorm=F_tfidf=T.csv
0.47,0.49,0.0,0.0,0.0,0.0,0.0,200,../../lists/bcms_setimes/list.bcms_setimes.attrib=lime_mpd=10_thresh=0.8_docnorm=T_tfidf=F.csv
0.415,0.555,0.0,0.0,0.0,0.0,0.0,200,../../lists/bcms_setimes/list.bcms_setimes.attrib=lime_mpd=10_thresh=0.8_docnorm=T_tfidf=T.csv
0.18,0.82,0.0,0.0,0.0,0.0,0.0,200,../../lists/bcms_setimes/list.bcms_setimes.attrib=lime_mpd=10_thresh=0.9_docnorm=F_tfidf=F.csv
0.18,0.82,0.0,0.0,0.0,0.0,0.0,200,../../lists/bcms_setimes/list.bcms_setimes.attrib=lime_mpd=10_thresh=0.9_docnorm=F_tfidf=T.csv
0.46,0.525,0.0,0.0,0.0,0.0,0.0,200,../../lists/bcms_setimes/list.bcms_setimes.attrib=lime_mpd=10_thresh=0.9_docnorm=T_tfidf=F.csv
0.445,0.54,0.0,0.0,0.0,0.0,0.0,200,../../lists/bcms_setimes/list.bcms_setimes.attrib=lime_mpd=10_thresh=0.9_docnorm=T_tfidf=T.csv
0.18,0.82,0.0,0.0,0.0,0.0,0.0,200,../../lists/bcms_setimes/list.bcms_setimes.attrib=lime_mpd=10_thresh=1.0_docnorm=F_tfidf=F.csv
0.18,0.82,0.0,0.0,0.0,0.0,0.0,200,../../lists/bcms_setimes/list.bcms_setimes.attrib=lime_mpd=10_thresh=1.0_docnorm=F_tfidf=T.csv
0.445,0.54,0.0,0.0,0.0,0.0,0.0,200,../../lists/bcms_setimes/list.bcms_setimes.attrib=lime_mpd=10_thresh=1.0_docnorm=T_tfidf=F.csv
0.425,0.545,0.0,0.0,0.0,0.0,0.0,200,../../lists/bcms_setimes/list.bcms_setimes.attrib=lime_mpd=10_thresh=1.0_docnorm=T_tfidf=T.csv
0.175,0.825,0.0,0.0,0.0,0.0,0.0,200,../../lists/bcms_setimes/list.bcms_setimes.attrib=lime_mpd=11_thresh=0.1_docnorm=F_tfidf=F.csv
0.18,0.82,0.0,0.0,0.0,0.0,0.0,200,../../lists/bcms_setimes/list.bcms_setimes.attrib=lime_mpd=11_thresh=0.1_docnorm=F_tfidf=T.csv
0.52,0.195,0.0,0.0,0.0,0.0,0.0,200,../../lists/bcms_setimes/list.bcms_setimes.attrib=lime_mpd=11_thresh=0.1_docnorm=T_tfidf=F.csv
0.44,0.285,0.0,0.0,0.0,0.0,0.0,200,../../lists/bcms_setimes/list.bcms_setimes.attrib=lime_mpd=11_thresh=0.1_docnorm=T_tfidf=T.csv
0.175,0.825,0.0,0.0,0.0,0.0,0.0,200,../../lists/bcms_setimes/list.bcms_setimes.attrib=lime_mpd=11_thresh=0.2_docnorm=F_tfidf=F.csv
0.18,0.82,0.0,0.0,0.0,0.0,0.0,200,../../lists/bcms_setimes/list.bcms_setimes.attrib=lime_mpd=11_thresh=0.2_docnorm=F_tfidf=T.csv
0.52,0.315,0.0,0.0,0.0,0.0,0.0,200,../../lists/bcms_setimes/list.bcms_setimes.attrib=lime_mpd=11_thresh=0.2_docnorm=T_tfidf=F.csv
0.42,0.39,0.0,0.0,0.0,0.0,0.0,200,../../lists/bcms_setimes/list.bcms_setimes.attrib=lime_mpd=11_thresh=0.2_docnorm=T_tfidf=T.csv
0.175,0.825,0.0,0.0,0.0,0.0,0.0,200,../../lists/bcms_setimes/list.bcms_setimes.attrib=lime_mpd=11_thresh=0.3_docnorm=F_tfidf=F.csv
0.18,0.82,0.0,0.0,0.0,0.0,0.0,200,../../lists/bcms_setimes/list.bcms_setimes.attrib=lime_mpd=11_thresh=0.3_docnorm=F_tfidf=T.csv
0.505,0.395,0.0,0.0,0.0,0.0,0.0,200,../../lists/bcms_setimes/list.bcms_setimes.attrib=lime_mpd=11_thresh=0.3_docnorm=T_tfidf=F.csv
0.455,0.405,0.0,0.0,0.0,0.0,0.0,200,../../lists/bcms_setimes/list.bcms_setimes.attrib=lime_mpd=11_thresh=0.3_docnorm=T_tfidf=T.csv
0.175,0.825,0.0,0.0,0.0,0.0,0.0,200,../../lists/bcms_setimes/list.bcms_setimes.attrib=lime_mpd=11_thresh=0.4_docnorm=F_tfidf=F.csv
0.18,0.82,0.0,0.0,0.0,0.0,0.0,200,../../lists/bcms_setimes/list.bcms_setimes.attrib=lime_mpd=11_thresh=0.4_docnorm=F_tfidf=T.csv
0.495,0.445,0.0,0.0,0.0,0.0,0.0,200,../../lists/bcms_setimes/list.bcms_setimes.attrib=lime_mpd=11_thresh=0.4_docnorm=T_tfidf=F.csv
0.455,0.41,0.0,0.0,0.0,0.0,0.0,200,../../lists/bcms_setimes/list.bcms_setimes.attrib=lime_mpd=11_thresh=0.4_docnorm=T_tfidf=T.csv
0.175,0.825,0.0,0.0,0.0,0.0,0.0,200,../../lists/bcms_setimes/list.bcms_setimes.attrib=lime_mpd=11_thresh=0.5_docnorm=F_tfidf=F.csv
0.18,0.82,0.0,0.0,0.0,0.0,0.0,200,../../lists/bcms_setimes/list.bcms_setimes.attrib=lime_mpd=11_thresh=0.5_docnorm=F_tfidf=T.csv
0.53,0.42,0.0,0.0,0.0,0.0,0.0,200,../../lists/bcms_setimes/list.bcms_setimes.attrib=lime_mpd=11_thresh=0.5_docnorm=T_tfidf=F.csv
0.465,0.45,0.0,0.0,0.0,0.0,0.0,200,../../lists/bcms_setimes/list.bcms_setimes.attrib=lime_mpd=11_thresh=0.5_docnorm=T_tfidf=T.csv
0.175,0.825,0.0,0.0,0.0,0.0,0.0,200,../../lists/bcms_setimes/list.bcms_setimes.attrib=lime_mpd=11_thresh=0.6_docnorm=F_tfidf=F.csv
0.18,0.82,0.0,0.0,0.0,0.0,0.0,200,../../lists/bcms_setimes/list.bcms_setimes.attrib=lime_mpd=11_thresh=0.6_docnorm=F_tfidf=T.csv
0.5,0.45,0.0,0.0,0.0,0.0,0.0,200,../../lists/bcms_setimes/list.bcms_setimes.attrib=lime_mpd=11_thresh=0.6_docnorm=T_tfidf=F.csv
0.455,0.48,0.0,0.0,0.0,0.0,0.0,200,../../lists/bcms_setimes/list.bcms_setimes.attrib=lime_mpd=11_thresh=0.6_docnorm=T_tfidf=T.csv
0.175,0.825,0.0,0.0,0.0,0.0,0.0,200,../../lists/bcms_setimes/list.bcms_setimes.attrib=lime_mpd=11_thresh=0.7_docnorm=F_tfidf=F.csv
0.18,0.82,0.0,0.0,0.0,0.0,0.0,200,../../lists/bcms_setimes/list.bcms_setimes.attrib=lime_mpd=11_thresh=0.7_docnorm=F_tfidf=T.csv
0.475,0.49,0.0,0.0,0.0,0.0,0.0,200,../../lists/bcms_setimes/list.bcms_setimes.attrib=lime_mpd=11_thresh=0.7_docnorm=T_tfidf=F.csv
0.45,0.48,0.0,0.0,0.0,0.0,0.0,200,../../lists/bcms_setimes/list.bcms_setimes.attrib=lime_mpd=11_thresh=0.7_docnorm=T_tfidf=T.csv
0.175,0.825,0.0,0.0,0.0,0.0,0.0,200,../../lists/bcms_setimes/list.bcms_setimes.attrib=lime_mpd=11_thresh=0.8_docnorm=F_tfidf=F.csv
0.18,0.82,0.0,0.0,0.0,0.0,0.0,200,../../lists/bcms_setimes/list.bcms_setimes.attrib=lime_mpd=11_thresh=0.8_docnorm=F_tfidf=T.csv
0.48,0.48,0.0,0.0,0.0,0.0,0.0,200,../../lists/bcms_setimes/list.bcms_setimes.attrib=lime_mpd=11_thresh=0.8_docnorm=T_tfidf=F.csv
0.415,0.56,0.0,0.0,0.0,0.0,0.0,200,../../lists/bcms_setimes/list.bcms_setimes.attrib=lime_mpd=11_thresh=0.8_docnorm=T_tfidf=T.csv
0.175,0.825,0.0,0.0,0.0,0.0,0.0,200,../../lists/bcms_setimes/list.bcms_setimes.attrib=lime_mpd=11_thresh=0.9_docnorm=F_tfidf=F.csv
0.18,0.82,0.0,0.0,0.0,0.0,0.0,200,../../lists/bcms_setimes/list.bcms_setimes.attrib=lime_mpd=11_thresh=0.9_docnorm=F_tfidf=T.csv
0.465,0.52,0.0,0.0,0.0,0.0,0.0,200,../../lists/bcms_setimes/list.bcms_setimes.attrib=lime_mpd=11_thresh=0.9_docnorm=T_tfidf=F.csv
0.445,0.54,0.0,0.0,0.0,0.0,0.0,200,../../lists/bcms_setimes/list.bcms_setimes.attrib=lime_mpd=11_thresh=0.9_docnorm=T_tfidf=T.csv
0.175,0.825,0.0,0.0,0.0,0.0,0.0,200,../../lists/bcms_setimes/list.bcms_setimes.attrib=lime_mpd=11_thresh=1.0_docnorm=F_tfidf=F.csv
0.18,0.82,0.0,0.0,0.0,0.0,0.0,200,../../lists/bcms_setimes/list.bcms_setimes.attrib=lime_mpd=11_thresh=1.0_docnorm=F_tfidf=T.csv
0.445,0.54,0.0,0.0,0.0,0.0,0.0,200,../../lists/bcms_setimes/list.bcms_setimes.attrib=lime_mpd=11_thresh=1.0_docnorm=T_tfidf=F.csv
0.435,0.54,0.0,0.0,0.0,0.0,0.0,200,../../lists/bcms_setimes/list.bcms_setimes.attrib=lime_mpd=11_thresh=1.0_docnorm=T_tfidf=T.csv
0.18,0.82,0.0,0.0,0.0,0.0,0.0,200,../../lists/bcms_setimes/list.bcms_setimes.attrib=lime_mpd=12_thresh=0.1_docnorm=F_tfidf=F.csv
0.18,0.82,0.0,0.0,0.0,0.0,0.0,200,../../lists/bcms_setimes/list.bcms_setimes.attrib=lime_mpd=12_thresh=0.1_docnorm=F_tfidf=T.csv
0.525,0.19,0.0,0.0,0.0,0.0,0.0,200,../../lists/bcms_setimes/list.bcms_setimes.attrib=lime_mpd=12_thresh=0.1_docnorm=T_tfidf=F.csv
0.44,0.285,0.0,0.0,0.0,0.0,0.0,200,../../lists/bcms_setimes/list.bcms_setimes.attrib=lime_mpd=12_thresh=0.1_docnorm=T_tfidf=T.csv
0.18,0.82,0.0,0.0,0.0,0.0,0.0,200,../../lists/bcms_setimes/list.bcms_setimes.attrib=lime_mpd=12_thresh=0.2_docnorm=F_tfidf=F.csv
0.18,0.82,0.0,0.0,0.0,0.0,0.0,200,../../lists/bcms_setimes/list.bcms_setimes.attrib=lime_mpd=12_thresh=0.2_docnorm=F_tfidf=T.csv
0.52,0.32,0.0,0.0,0.0,0.0,0.0,200,../../lists/bcms_setimes/list.bcms_setimes.attrib=lime_mpd=12_thresh=0.2_docnorm=T_tfidf=F.csv
0.41,0.395,0.0,0.0,0.0,0.0,0.0,200,../../lists/bcms_setimes/list.bcms_setimes.attrib=lime_mpd=12_thresh=0.2_docnorm=T_tfidf=T.csv
0.18,0.82,0.0,0.0,0.0,0.0,0.0,200,../../lists/bcms_setimes/list.bcms_setimes.attrib=lime_mpd=12_thresh=0.3_docnorm=F_tfidf=F.csv
0.18,0.82,0.0,0.0,0.0,0.0,0.0,200,../../lists/bcms_setimes/list.bcms_setimes.attrib=lime_mpd=12_thresh=0.3_docnorm=F_tfidf=T.csv
0.515,0.39,0.0,0.0,0.0,0.0,0.0,200,../../lists/bcms_setimes/list.bcms_setimes.attrib=lime_mpd=12_thresh=0.3_docnorm=T_tfidf=F.csv
0.46,0.4,0.0,0.0,0.0,0.0,0.0,200,../../lists/bcms_setimes/list.bcms_setimes.attrib=lime_mpd=12_thresh=0.3_docnorm=T_tfidf=T.csv
0.18,0.82,0.0,0.0,0.0,0.0,0.0,200,../../lists/bcms_setimes/list.bcms_setimes.attrib=lime_mpd=12_thresh=0.4_docnorm=F_tfidf=F.csv
0.18,0.82,0.0,0.0,0.0,0.0,0.0,200,../../lists/bcms_setimes/list.bcms_setimes.attrib=lime_mpd=12_thresh=0.4_docnorm=F_tfidf=T.csv
0.5,0.44,0.0,0.0,0.0,0.0,0.0,200,../../lists/bcms_setimes/list.bcms_setimes.attrib=lime_mpd=12_thresh=0.4_docnorm=T_tfidf=F.csv
0.45,0.42,0.0,0.0,0.0,0.0,0.0,200,../../lists/bcms_setimes/list.bcms_setimes.attrib=lime_mpd=12_thresh=0.4_docnorm=T_tfidf=T.csv
0.18,0.82,0.0,0.0,0.0,0.0,0.0,200,../../lists/bcms_setimes/list.bcms_setimes.attrib=lime_mpd=12_thresh=0.5_docnorm=F_tfidf=F.csv
0.18,0.82,0.0,0.0,0.0,0.0,0.0,200,../../lists/bcms_setimes/list.bcms_setimes.attrib=lime_mpd=12_thresh=0.5_docnorm=F_tfidf=T.csv
0.525,0.425,0.0,0.0,0.0,0.0,0.0,200,../../lists/bcms_setimes/list.bcms_setimes.attrib=lime_mpd=12_thresh=0.5_docnorm=T_tfidf=F.csv
0.47,0.45,0.0,0.0,0.0,0.0,0.0,200,../../lists/bcms_setimes/list.bcms_setimes.attrib=lime_mpd=12_thresh=0.5_docnorm=T_tfidf=T.csv
0.18,0.82,0.0,0.0,0.0,0.0,0.0,200,../../lists/bcms_setimes/list.bcms_setimes.attrib=lime_mpd=12_thresh=0.6_docnorm=F_tfidf=F.csv
0.18,0.82,0.0,0.0,0.0,0.0,0.0,200,../../lists/bcms_setimes/list.bcms_setimes.attrib=lime_mpd=12_thresh=0.6_docnorm=F_tfidf=T.csv
0.495,0.45,0.0,0.0,0.0,0.0,0.0,200,../../lists/bcms_setimes/list.bcms_setimes.attrib=lime_mpd=12_thresh=0.6_docnorm=T_tfidf=F.csv
0.45,0.48,0.0,0.0,0.0,0.0,0.0,200,../../lists/bcms_setimes/list.bcms_setimes.attrib=lime_mpd=12_thresh=0.6_docnorm=T_tfidf=T.csv
0.18,0.82,0.0,0.0,0.0,0.0,0.0,200,../../lists/bcms_setimes/list.bcms_setimes.attrib=lime_mpd=12_thresh=0.7_docnorm=F_tfidf=F.csv
0.18,0.82,0.0,0.0,0.0,0.0,0.0,200,../../lists/bcms_setimes/list.bcms_setimes.attrib=lime_mpd=12_thresh=0.7_docnorm=F_tfidf=T.csv
0.48,0.485,0.0,0.0,0.0,0.0,0.0,200,../../lists/bcms_setimes/list.bcms_setimes.attrib=lime_mpd=12_thresh=0.7_docnorm=T_tfidf=F.csv
0.455,0.475,0.0,0.0,0.0,0.0,0.0,200,../../lists/bcms_setimes/list.bcms_setimes.attrib=lime_mpd=12_thresh=0.7_docnorm=T_tfidf=T.csv
0.18,0.82,0.0,0.0,0.0,0.0,0.0,200,../../lists/bcms_setimes/list.bcms_setimes.attrib=lime_mpd=12_thresh=0.8_docnorm=F_tfidf=F.csv
0.18,0.82,0.0,0.0,0.0,0.0,0.0,200,../../lists/bcms_setimes/list.bcms_setimes.attrib=lime_mpd=12_thresh=0.8_docnorm=F_tfidf=T.csv
0.475,0.485,0.0,0.0,0.0,0.0,0.0,200,../../lists/bcms_setimes/list.bcms_setimes.attrib=lime_mpd=12_thresh=0.8_docnorm=T_tfidf=F.csv
0.42,0.555,0.0,0.0,0.0,0.0,0.0,200,../../lists/bcms_setimes/list.bcms_setimes.attrib=lime_mpd=12_thresh=0.8_docnorm=T_tfidf=T.csv
0.18,0.82,0.0,0.0,0.0,0.0,0.0,200,../../lists/bcms_setimes/list.bcms_setimes.attrib=lime_mpd=12_thresh=0.9_docnorm=F_tfidf=F.csv
0.18,0.82,0.0,0.0,0.0,0.0,0.0,200,../../lists/bcms_setimes/list.bcms_setimes.attrib=lime_mpd=12_thresh=0.9_docnorm=F_tfidf=T.csv
0.47,0.515,0.0,0.0,0.0,0.0,0.0,200,../../lists/bcms_setimes/list.bcms_setimes.attrib=lime_mpd=12_thresh=0.9_docnorm=T_tfidf=F.csv
0.455,0.53,0.0,0.0,0.0,0.0,0.0,200,../../lists/bcms_setimes/list.bcms_setimes.attrib=lime_mpd=12_thresh=0.9_docnorm=T_tfidf=T.csv
0.18,0.82,0.0,0.0,0.0,0.0,0.0,200,../../lists/bcms_setimes/list.bcms_setimes.attrib=lime_mpd=12_thresh=1.0_docnorm=F_tfidf=F.csv
0.18,0.82,0.0,0.0,0.0,0.0,0.0,200,../../lists/bcms_setimes/list.bcms_setimes.attrib=lime_mpd=12_thresh=1.0_docnorm=F_tfidf=T.csv
0.445,0.54,0.0,0.0,0.0,0.0,0.0,200,../../lists/bcms_setimes/list.bcms_setimes.attrib=lime_mpd=12_thresh=1.0_docnorm=T_tfidf=F.csv
0.445,0.53,0.0,0.0,0.0,0.0,0.0,200,../../lists/bcms_setimes/list.bcms_setimes.attrib=lime_mpd=12_thresh=1.0_docnorm=T_tfidf=T.csv
0.18,0.82,0.0,0.0,0.0,0.0,0.0,200,../../lists/bcms_setimes/list.bcms_setimes.attrib=lime_mpd=13_thresh=0.1_docnorm=F_tfidf=F.csv
0.18,0.82,0.0,0.0,0.0,0.0,0.0,200,../../lists/bcms_setimes/list.bcms_setimes.attrib=lime_mpd=13_thresh=0.1_docnorm=F_tfidf=T.csv
0.53,0.185,0.0,0.0,0.0,0.0,0.0,200,../../lists/bcms_setimes/list.bcms_setimes.attrib=lime_mpd=13_thresh=0.1_docnorm=T_tfidf=F.csv
0.44,0.285,0.0,0.0,0.0,0.0,0.0,200,../../lists/bcms_setimes/list.bcms_setimes.attrib=lime_mpd=13_thresh=0.1_docnorm=T_tfidf=T.csv
0.18,0.82,0.0,0.0,0.0,0.0,0.0,200,../../lists/bcms_setimes/list.bcms_setimes.attrib=lime_mpd=13_thresh=0.2_docnorm=F_tfidf=F.csv
0.18,0.82,0.0,0.0,0.0,0.0,0.0,200,../../lists/bcms_setimes/list.bcms_setimes.attrib=lime_mpd=13_thresh=0.2_docnorm=F_tfidf=T.csv
0.53,0.31,0.0,0.0,0.0,0.0,0.0,200,../../lists/bcms_setimes/list.bcms_setimes.attrib=lime_mpd=13_thresh=0.2_docnorm=T_tfidf=F.csv
0.425,0.375,0.0,0.0,0.0,0.0,0.0,200,../../lists/bcms_setimes/list.bcms_setimes.attrib=lime_mpd=13_thresh=0.2_docnorm=T_tfidf=T.csv
0.18,0.82,0.0,0.0,0.0,0.0,0.0,200,../../lists/bcms_setimes/list.bcms_setimes.attrib=lime_mpd=13_thresh=0.3_docnorm=F_tfidf=F.csv
0.18,0.82,0.0,0.0,0.0,0.0,0.0,200,../../lists/bcms_setimes/list.bcms_setimes.attrib=lime_mpd=13_thresh=0.3_docnorm=F_tfidf=T.csv
0.51,0.395,0.0,0.0,0.0,0.0,0.0,200,../../lists/bcms_setimes/list.bcms_setimes.attrib=lime_mpd=13_thresh=0.3_docnorm=T_tfidf=F.csv
0.455,0.405,0.0,0.0,0.0,0.0,0.0,200,../../lists/bcms_setimes/list.bcms_setimes.attrib=lime_mpd=13_thresh=0.3_docnorm=T_tfidf=T.csv
0.18,0.82,0.0,0.0,0.0,0.0,0.0,200,../../lists/bcms_setimes/list.bcms_setimes.attrib=lime_mpd=13_thresh=0.4_docnorm=F_tfidf=F.csv
0.18,0.82,0.0,0.0,0.0,0.0,0.0,200,../../lists/bcms_setimes/list.bcms_setimes.attrib=lime_mpd=13_thresh=0.4_docnorm=F_tfidf=T.csv
0.5,0.44,0.0,0.0,0.0,0.0,0.0,200,../../lists/bcms_setimes/list.bcms_setimes.attrib=lime_mpd=13_thresh=0.4_docnorm=T_tfidf=F.csv
0.455,0.41,0.0,0.0,0.0,0.0,0.0,200,../../lists/bcms_setimes/list.bcms_setimes.attrib=lime_mpd=13_thresh=0.4_docnorm=T_tfidf=T.csv
0.18,0.82,0.0,0.0,0.0,0.0,0.0,200,../../lists/bcms_setimes/list.bcms_setimes.attrib=lime_mpd=13_thresh=0.5_docnorm=F_tfidf=F.csv
0.18,0.82,0.0,0.0,0.0,0.0,0.0,200,../../lists/bcms_setimes/list.bcms_setimes.attrib=lime_mpd=13_thresh=0.5_docnorm=F_tfidf=T.csv
0.54,0.41,0.0,0.0,0.0,0.0,0.0,200,../../lists/bcms_setimes/list.bcms_setimes.attrib=lime_mpd=13_thresh=0.5_docnorm=T_tfidf=F.csv
0.47,0.45,0.0,0.0,0.0,0.0,0.0,200,../../lists/bcms_setimes/list.bcms_setimes.attrib=lime_mpd=13_thresh=0.5_docnorm=T_tfidf=T.csv
0.18,0.82,0.0,0.0,0.0,0.0,0.0,200,../../lists/bcms_setimes/list.bcms_setimes.attrib=lime_mpd=13_thresh=0.6_docnorm=F_tfidf=F.csv
0.18,0.82,0.0,0.0,0.0,0.0,0.0,200,../../lists/bcms_setimes/list.bcms_setimes.attrib=lime_mpd=13_thresh=0.6_docnorm=F_tfidf=T.csv
0.495,0.455,0.0,0.0,0.0,0.0,0.0,200,../../lists/bcms_setimes/list.bcms_setimes.attrib=lime_mpd=13_thresh=0.6_docnorm=T_tfidf=F.csv
0.455,0.475,0.0,0.0,0.0,0.0,0.0,200,../../lists/bcms_setimes/list.bcms_setimes.attrib=lime_mpd=13_thresh=0.6_docnorm=T_tfidf=T.csv
0.18,0.82,0.0,0.0,0.0,0.0,0.0,200,../../lists/bcms_setimes/list.bcms_setimes.attrib=lime_mpd=13_thresh=0.7_docnorm=F_tfidf=F.csv
0.18,0.82,0.0,0.0,0.0,0.0,0.0,200,../../lists/bcms_setimes/list.bcms_setimes.attrib=lime_mpd=13_thresh=0.7_docnorm=F_tfidf=T.csv
0.48,0.485,0.0,0.0,0.0,0.0,0.0,200,../../lists/bcms_setimes/list.bcms_setimes.attrib=lime_mpd=13_thresh=0.7_docnorm=T_tfidf=F.csv
0.455,0.475,0.0,0.0,0.0,0.0,0.0,200,../../lists/bcms_setimes/list.bcms_setimes.attrib=lime_mpd=13_thresh=0.7_docnorm=T_tfidf=T.csv
0.18,0.82,0.0,0.0,0.0,0.0,0.0,200,../../lists/bcms_setimes/list.bcms_setimes.attrib=lime_mpd=13_thresh=0.8_docnorm=F_tfidf=F.csv
0.18,0.82,0.0,0.0,0.0,0.0,0.0,200,../../lists/bcms_setimes/list.bcms_setimes.attrib=lime_mpd=13_thresh=0.8_docnorm=F_tfidf=T.csv
0.485,0.475,0.0,0.0,0.0,0.0,0.0,200,../../lists/bcms_setimes/list.bcms_setimes.attrib=lime_mpd=13_thresh=0.8_docnorm=T_tfidf=F.csv
0.425,0.55,0.0,0.0,0.0,0.0,0.0,200,../../lists/bcms_setimes/list.bcms_setimes.attrib=lime_mpd=13_thresh=0.8_docnorm=T_tfidf=T.csv
0.18,0.82,0.0,0.0,0.0,0.0,0.0,200,../../lists/bcms_setimes/list.bcms_setimes.attrib=lime_mpd=13_thresh=0.9_docnorm=F_tfidf=F.csv
0.18,0.82,0.0,0.0,0.0,0.0,0.0,200,../../lists/bcms_setimes/list.bcms_setimes.attrib=lime_mpd=13_thresh=0.9_docnorm=F_tfidf=T.csv
0.47,0.515,0.0,0.0,0.0,0.0,0.0,200,../../lists/bcms_setimes/list.bcms_setimes.attrib=lime_mpd=13_thresh=0.9_docnorm=T_tfidf=F.csv
0.45,0.535,0.0,0.0,0.0,0.0,0.0,200,../../lists/bcms_setimes/list.bcms_setimes.attrib=lime_mpd=13_thresh=0.9_docnorm=T_tfidf=T.csv
0.18,0.82,0.0,0.0,0.0,0.0,0.0,200,../../lists/bcms_setimes/list.bcms_setimes.attrib=lime_mpd=13_thresh=1.0_docnorm=F_tfidf=F.csv
0.18,0.82,0.0,0.0,0.0,0.0,0.0,200,../../lists/bcms_setimes/list.bcms_setimes.attrib=lime_mpd=13_thresh=1.0_docnorm=F_tfidf=T.csv
0.445,0.54,0.0,0.0,0.0,0.0,0.0,200,../../lists/bcms_setimes/list.bcms_setimes.attrib=lime_mpd=13_thresh=1.0_docnorm=T_tfidf=F.csv
0.44,0.535,0.0,0.0,0.0,0.0,0.0,200,../../lists/bcms_setimes/list.bcms_setimes.attrib=lime_mpd=13_thresh=1.0_docnorm=T_tfidf=T.csv
0.18,0.82,0.0,0.0,0.0,0.0,0.0,200,../../lists/bcms_setimes/list.bcms_setimes.attrib=lime_mpd=14_thresh=0.1_docnorm=F_tfidf=F.csv
0.18,0.82,0.0,0.0,0.0,0.0,0.0,200,../../lists/bcms_setimes/list.bcms_setimes.attrib=lime_mpd=14_thresh=0.1_docnorm=F_tfidf=T.csv
0.53,0.185,0.0,0.0,0.0,0.0,0.0,200,../../lists/bcms_setimes/list.bcms_setimes.attrib=lime_mpd=14_thresh=0.1_docnorm=T_tfidf=F.csv
0.44,0.285,0.0,0.0,0.0,0.0,0.0,200,../../lists/bcms_setimes/list.bcms_setimes.attrib=lime_mpd=14_thresh=0.1_docnorm=T_tfidf=T.csv
0.18,0.82,0.0,0.0,0.0,0.0,0.0,200,../../lists/bcms_setimes/list.bcms_setimes.attrib=lime_mpd=14_thresh=0.2_docnorm=F_tfidf=F.csv
0.18,0.82,0.0,0.0,0.0,0.0,0.0,200,../../lists/bcms_setimes/list.bcms_setimes.attrib=lime_mpd=14_thresh=0.2_docnorm=F_tfidf=T.csv
0.525,0.315,0.0,0.0,0.0,0.0,0.0,200,../../lists/bcms_setimes/list.bcms_setimes.attrib=lime_mpd=14_thresh=0.2_docnorm=T_tfidf=F.csv
0.42,0.385,0.0,0.0,0.0,0.0,0.0,200,../../lists/bcms_setimes/list.bcms_setimes.attrib=lime_mpd=14_thresh=0.2_docnorm=T_tfidf=T.csv
0.18,0.82,0.0,0.0,0.0,0.0,0.0,200,../../lists/bcms_setimes/list.bcms_setimes.attrib=lime_mpd=14_thresh=0.3_docnorm=F_tfidf=F.csv
0.18,0.82,0.0,0.0,0.0,0.0,0.0,200,../../lists/bcms_setimes/list.bcms_setimes.attrib=lime_mpd=14_thresh=0.3_docnorm=F_tfidf=T.csv
0.51,0.395,0.0,0.0,0.0,0.0,0.0,200,../../lists/bcms_setimes/list.bcms_setimes.attrib=lime_mpd=14_thresh=0.3_docnorm=T_tfidf=F.csv
0.45,0.41,0.0,0.0,0.0,0.0,0.0,200,../../lists/bcms_setimes/list.bcms_setimes.attrib=lime_mpd=14_thresh=0.3_docnorm=T_tfidf=T.csv
0.18,0.82,0.0,0.0,0.0,0.0,0.0,200,../../lists/bcms_setimes/list.bcms_setimes.attrib=lime_mpd=14_thresh=0.4_docnorm=F_tfidf=F.csv
0.18,0.82,0.0,0.0,0.0,0.0,0.0,200,../../lists/bcms_setimes/list.bcms_setimes.attrib=lime_mpd=14_thresh=0.4_docnorm=F_tfidf=T.csv
0.5,0.44,0.0,0.0,0.0,0.0,0.0,200,../../lists/bcms_setimes/list.bcms_setimes.attrib=lime_mpd=14_thresh=0.4_docnorm=T_tfidf=F.csv
0.46,0.41,0.0,0.0,0.0,0.0,0.0,200,../../lists/bcms_setimes/list.bcms_setimes.attrib=lime_mpd=14_thresh=0.4_docnorm=T_tfidf=T.csv
0.18,0.82,0.0,0.0,0.0,0.0,0.0,200,../../lists/bcms_setimes/list.bcms_setimes.attrib=lime_mpd=14_thresh=0.5_docnorm=F_tfidf=F.csv
0.18,0.82,0.0,0.0,0.0,0.0,0.0,200,../../lists/bcms_setimes/list.bcms_setimes.attrib=lime_mpd=14_thresh=0.5_docnorm=F_tfidf=T.csv
0.54,0.415,0.0,0.0,0.0,0.0,0.0,200,../../lists/bcms_setimes/list.bcms_setimes.attrib=lime_mpd=14_thresh=0.5_docnorm=T_tfidf=F.csv
0.465,0.455,0.0,0.0,0.0,0.0,0.0,200,../../lists/bcms_setimes/list.bcms_setimes.attrib=lime_mpd=14_thresh=0.5_docnorm=T_tfidf=T.csv
0.18,0.82,0.0,0.0,0.0,0.0,0.0,200,../../lists/bcms_setimes/list.bcms_setimes.attrib=lime_mpd=14_thresh=0.6_docnorm=F_tfidf=F.csv
0.18,0.82,0.0,0.0,0.0,0.0,0.0,200,../../lists/bcms_setimes/list.bcms_setimes.attrib=lime_mpd=14_thresh=0.6_docnorm=F_tfidf=T.csv
0.495,0.455,0.0,0.0,0.0,0.0,0.0,200,../../lists/bcms_setimes/list.bcms_setimes.attrib=lime_mpd=14_thresh=0.6_docnorm=T_tfidf=F.csv
0.455,0.475,0.0,0.0,0.0,0.0,0.0,200,../../lists/bcms_setimes/list.bcms_setimes.attrib=lime_mpd=14_thresh=0.6_docnorm=T_tfidf=T.csv
0.18,0.82,0.0,0.0,0.0,0.0,0.0,200,../../lists/bcms_setimes/list.bcms_setimes.attrib=lime_mpd=14_thresh=0.7_docnorm=F_tfidf=F.csv
0.18,0.82,0.0,0.0,0.0,0.0,0.0,200,../../lists/bcms_setimes/list.bcms_setimes.attrib=lime_mpd=14_thresh=0.7_docnorm=F_tfidf=T.csv
0.47,0.49,0.0,0.0,0.0,0.0,0.0,200,../../lists/bcms_setimes/list.bcms_setimes.attrib=lime_mpd=14_thresh=0.7_docnorm=T_tfidf=F.csv
0.455,0.475,0.0,0.0,0.0,0.0,0.0,200,../../lists/bcms_setimes/list.bcms_setimes.attrib=lime_mpd=14_thresh=0.7_docnorm=T_tfidf=T.csv
0.18,0.82,0.0,0.0,0.0,0.0,0.0,200,../../lists/bcms_setimes/list.bcms_setimes.attrib=lime_mpd=14_thresh=0.8_docnorm=F_tfidf=F.csv
0.18,0.82,0.0,0.0,0.0,0.0,0.0,200,../../lists/bcms_setimes/list.bcms_setimes.attrib=lime_mpd=14_thresh=0.8_docnorm=F_tfidf=T.csv
0.485,0.475,0.0,0.0,0.0,0.0,0.0,200,../../lists/bcms_setimes/list.bcms_setimes.attrib=lime_mpd=14_thresh=0.8_docnorm=T_tfidf=F.csv
0.425,0.55,0.0,0.0,0.0,0.0,0.0,200,../../lists/bcms_setimes/list.bcms_setimes.attrib=lime_mpd=14_thresh=0.8_docnorm=T_tfidf=T.csv
0.18,0.82,0.0,0.0,0.0,0.0,0.0,200,../../lists/bcms_setimes/list.bcms_setimes.attrib=lime_mpd=14_thresh=0.9_docnorm=F_tfidf=F.csv
0.18,0.82,0.0,0.0,0.0,0.0,0.0,200,../../lists/bcms_setimes/list.bcms_setimes.attrib=lime_mpd=14_thresh=0.9_docnorm=F_tfidf=T.csv
0.465,0.52,0.0,0.0,0.0,0.0,0.0,200,../../lists/bcms_setimes/list.bcms_setimes.attrib=lime_mpd=14_thresh=0.9_docnorm=T_tfidf=F.csv
0.45,0.535,0.0,0.0,0.0,0.0,0.0,200,../../lists/bcms_setimes/list.bcms_setimes.attrib=lime_mpd=14_thresh=0.9_docnorm=T_tfidf=T.csv
0.18,0.82,0.0,0.0,0.0,0.0,0.0,200,../../lists/bcms_setimes/list.bcms_setimes.attrib=lime_mpd=14_thresh=1.0_docnorm=F_tfidf=F.csv
0.18,0.82,0.0,0.0,0.0,0.0,0.0,200,../../lists/bcms_setimes/list.bcms_setimes.attrib=lime_mpd=14_thresh=1.0_docnorm=F_tfidf=T.csv
0.45,0.535,0.0,0.0,0.0,0.0,0.0,200,../../lists/bcms_setimes/list.bcms_setimes.attrib=lime_mpd=14_thresh=1.0_docnorm=T_tfidf=F.csv
0.44,0.535,0.0,0.0,0.0,0.0,0.0,200,../../lists/bcms_setimes/list.bcms_setimes.attrib=lime_mpd=14_thresh=1.0_docnorm=T_tfidf=T.csv
0.18,0.82,0.0,0.0,0.0,0.0,0.0,200,../../lists/bcms_setimes/list.bcms_setimes.attrib=lime_mpd=15_thresh=0.1_docnorm=F_tfidf=F.csv
0.18,0.82,0.0,0.0,0.0,0.0,0.0,200,../../lists/bcms_setimes/list.bcms_setimes.attrib=lime_mpd=15_thresh=0.1_docnorm=F_tfidf=T.csv
0.53,0.185,0.0,0.0,0.0,0.0,0.0,200,../../lists/bcms_setimes/list.bcms_setimes.attrib=lime_mpd=15_thresh=0.1_docnorm=T_tfidf=F.csv
0.44,0.285,0.0,0.0,0.0,0.0,0.0,200,../../lists/bcms_setimes/list.bcms_setimes.attrib=lime_mpd=15_thresh=0.1_docnorm=T_tfidf=T.csv
0.18,0.82,0.0,0.0,0.0,0.0,0.0,200,../../lists/bcms_setimes/list.bcms_setimes.attrib=lime_mpd=15_thresh=0.2_docnorm=F_tfidf=F.csv
0.18,0.82,0.0,0.0,0.0,0.0,0.0,200,../../lists/bcms_setimes/list.bcms_setimes.attrib=lime_mpd=15_thresh=0.2_docnorm=F_tfidf=T.csv
0.525,0.315,0.0,0.0,0.0,0.0,0.0,200,../../lists/bcms_setimes/list.bcms_setimes.attrib=lime_mpd=15_thresh=0.2_docnorm=T_tfidf=F.csv
0.42,0.38,0.0,0.0,0.0,0.0,0.0,200,../../lists/bcms_setimes/list.bcms_setimes.attrib=lime_mpd=15_thresh=0.2_docnorm=T_tfidf=T.csv
0.18,0.82,0.0,0.0,0.0,0.0,0.0,200,../../lists/bcms_setimes/list.bcms_setimes.attrib=lime_mpd=15_thresh=0.3_docnorm=F_tfidf=F.csv
0.18,0.82,0.0,0.0,0.0,0.0,0.0,200,../../lists/bcms_setimes/list.bcms_setimes.attrib=lime_mpd=15_thresh=0.3_docnorm=F_tfidf=T.csv
0.51,0.395,0.0,0.0,0.0,0.0,0.0,200,../../lists/bcms_setimes/list.bcms_setimes.attrib=lime_mpd=15_thresh=0.3_docnorm=T_tfidf=F.csv
0.475,0.385,0.0,0.0,0.0,0.0,0.0,200,../../lists/bcms_setimes/list.bcms_setimes.attrib=lime_mpd=15_thresh=0.3_docnorm=T_tfidf=T.csv
0.18,0.82,0.0,0.0,0.0,0.0,0.0,200,../../lists/bcms_setimes/list.bcms_setimes.attrib=lime_mpd=15_thresh=0.4_docnorm=F_tfidf=F.csv
0.18,0.82,0.0,0.0,0.0,0.0,0.0,200,../../lists/bcms_setimes/list.bcms_setimes.attrib=lime_mpd=15_thresh=0.4_docnorm=F_tfidf=T.csv
0.5,0.44,0.0,0.0,0.0,0.0,0.0,200,../../lists/bcms_setimes/list.bcms_setimes.attrib=lime_mpd=15_thresh=0.4_docnorm=T_tfidf=F.csv
0.465,0.405,0.0,0.0,0.0,0.0,0.0,200,../../lists/bcms_setimes/list.bcms_setimes.attrib=lime_mpd=15_thresh=0.4_docnorm=T_tfidf=T.csv
0.18,0.82,0.0,0.0,0.0,0.0,0.0,200,../../lists/bcms_setimes/list.bcms_setimes.attrib=lime_mpd=15_thresh=0.5_docnorm=F_tfidf=F.csv
0.18,0.82,0.0,0.0,0.0,0.0,0.0,200,../../lists/bcms_setimes/list.bcms_setimes.attrib=lime_mpd=15_thresh=0.5_docnorm=F_tfidf=T.csv
0.55,0.405,0.0,0.0,0.0,0.0,0.0,200,../../lists/bcms_setimes/list.bcms_setimes.attrib=lime_mpd=15_thresh=0.5_docnorm=T_tfidf=F.csv
0.465,0.455,0.0,0.0,0.0,0.0,0.0,200,../../lists/bcms_setimes/list.bcms_setimes.attrib=lime_mpd=15_thresh=0.5_docnorm=T_tfidf=T.csv
0.18,0.82,0.0,0.0,0.0,0.0,0.0,200,../../lists/bcms_setimes/list.bcms_setimes.attrib=lime_mpd=15_thresh=0.6_docnorm=F_tfidf=F.csv
0.18,0.82,0.0,0.0,0.0,0.0,0.0,200,../../lists/bcms_setimes/list.bcms_setimes.attrib=lime_mpd=15_thresh=0.6_docnorm=F_tfidf=T.csv
0.495,0.455,0.0,0.0,0.0,0.0,0.0,200,../../lists/bcms_setimes/list.bcms_setimes.attrib=lime_mpd=15_thresh=0.6_docnorm=T_tfidf=F.csv
0.45,0.48,0.0,0.0,0.0,0.0,0.0,200,../../lists/bcms_setimes/list.bcms_setimes.attrib=lime_mpd=15_thresh=0.6_docnorm=T_tfidf=T.csv
0.18,0.82,0.0,0.0,0.0,0.0,0.0,200,../../lists/bcms_setimes/list.bcms_setimes.attrib=lime_mpd=15_thresh=0.7_docnorm=F_tfidf=F.csv
0.18,0.82,0.0,0.0,0.0,0.0,0.0,200,../../lists/bcms_setimes/list.bcms_setimes.attrib=lime_mpd=15_thresh=0.7_docnorm=F_tfidf=T.csv
0.475,0.49,0.0,0.0,0.0,0.0,0.0,200,../../lists/bcms_setimes/list.bcms_setimes.attrib=lime_mpd=15_thresh=0.7_docnorm=T_tfidf=F.csv
0.455,0.475,0.0,0.0,0.0,0.0,0.0,200,../../lists/bcms_setimes/list.bcms_setimes.attrib=lime_mpd=15_thresh=0.7_docnorm=T_tfidf=T.csv
0.18,0.82,0.0,0.0,0.0,0.0,0.0,200,../../lists/bcms_setimes/list.bcms_setimes.attrib=lime_mpd=15_thresh=0.8_docnorm=F_tfidf=F.csv
0.18,0.82,0.0,0.0,0.0,0.0,0.0,200,../../lists/bcms_setimes/list.bcms_setimes.attrib=lime_mpd=15_thresh=0.8_docnorm=F_tfidf=T.csv
0.49,0.47,0.0,0.0,0.0,0.0,0.0,200,../../lists/bcms_setimes/list.bcms_setimes.attrib=lime_mpd=15_thresh=0.8_docnorm=T_tfidf=F.csv
0.43,0.545,0.0,0.0,0.0,0.0,0.0,200,../../lists/bcms_setimes/list.bcms_setimes.attrib=lime_mpd=15_thresh=0.8_docnorm=T_tfidf=T.csv
0.18,0.82,0.0,0.0,0.0,0.0,0.0,200,../../lists/bcms_setimes/list.bcms_setimes.attrib=lime_mpd=15_thresh=0.9_docnorm=F_tfidf=F.csv
0.18,0.82,0.0,0.0,0.0,0.0,0.0,200,../../lists/bcms_setimes/list.bcms_setimes.attrib=lime_mpd=15_thresh=0.9_docnorm=F_tfidf=T.csv
0.47,0.515,0.0,0.0,0.0,0.0,0.0,200,../../lists/bcms_setimes/list.bcms_setimes.attrib=lime_mpd=15_thresh=0.9_docnorm=T_tfidf=F.csv
0.455,0.53,0.0,0.0,0.0,0.0,0.0,200,../../lists/bcms_setimes/list.bcms_setimes.attrib=lime_mpd=15_thresh=0.9_docnorm=T_tfidf=T.csv
0.18,0.82,0.0,0.0,0.0,0.0,0.0,200,../../lists/bcms_setimes/list.bcms_setimes.attrib=lime_mpd=15_thresh=1.0_docnorm=F_tfidf=F.csv
0.18,0.82,0.0,0.0,0.0,0.0,0.0,200,../../lists/bcms_setimes/list.bcms_setimes.attrib=lime_mpd=15_thresh=1.0_docnorm=F_tfidf=T.csv
0.455,0.53,0.0,0.0,0.0,0.0,0.0,200,../../lists/bcms_setimes/list.bcms_setimes.attrib=lime_mpd=15_thresh=1.0_docnorm=T_tfidf=F.csv
0.44,0.535,0.0,0.0,0.0,0.0,0.0,200,../../lists/bcms_setimes/list.bcms_setimes.attrib=lime_mpd=15_thresh=1.0_docnorm=T_tfidf=T.csv
0.18,0.82,0.0,0.0,0.0,0.0,0.0,200,../../lists/bcms_setimes/list.bcms_setimes.attrib=lime_mpd=16_thresh=0.1_docnorm=F_tfidf=F.csv
0.185,0.815,0.0,0.0,0.0,0.0,0.0,200,../../lists/bcms_setimes/list.bcms_setimes.attrib=lime_mpd=16_thresh=0.1_docnorm=F_tfidf=T.csv
0.53,0.185,0.0,0.0,0.0,0.0,0.0,200,../../lists/bcms_setimes/list.bcms_setimes.attrib=lime_mpd=16_thresh=0.1_docnorm=T_tfidf=F.csv
0.44,0.285,0.0,0.0,0.0,0.0,0.0,200,../../lists/bcms_setimes/list.bcms_setimes.attrib=lime_mpd=16_thresh=0.1_docnorm=T_tfidf=T.csv
0.18,0.82,0.0,0.0,0.0,0.0,0.0,200,../../lists/bcms_setimes/list.bcms_setimes.attrib=lime_mpd=16_thresh=0.2_docnorm=F_tfidf=F.csv
0.185,0.815,0.0,0.0,0.0,0.0,0.0,200,../../lists/bcms_setimes/list.bcms_setimes.attrib=lime_mpd=16_thresh=0.2_docnorm=F_tfidf=T.csv
0.53,0.31,0.0,0.0,0.0,0.0,0.0,200,../../lists/bcms_setimes/list.bcms_setimes.attrib=lime_mpd=16_thresh=0.2_docnorm=T_tfidf=F.csv
0.425,0.375,0.0,0.0,0.0,0.0,0.0,200,../../lists/bcms_setimes/list.bcms_setimes.attrib=lime_mpd=16_thresh=0.2_docnorm=T_tfidf=T.csv
0.18,0.82,0.0,0.0,0.0,0.0,0.0,200,../../lists/bcms_setimes/list.bcms_setimes.attrib=lime_mpd=16_thresh=0.3_docnorm=F_tfidf=F.csv
0.185,0.815,0.0,0.0,0.0,0.0,0.0,200,../../lists/bcms_setimes/list.bcms_setimes.attrib=lime_mpd=16_thresh=0.3_docnorm=F_tfidf=T.csv
0.51,0.4,0.0,0.0,0.0,0.0,0.0,200,../../lists/bcms_setimes/list.bcms_setimes.attrib=lime_mpd=16_thresh=0.3_docnorm=T_tfidf=F.csv
0.47,0.39,0.0,0.0,0.0,0.0,0.0,200,../../lists/bcms_setimes/list.bcms_setimes.attrib=lime_mpd=16_thresh=0.3_docnorm=T_tfidf=T.csv
0.18,0.82,0.0,0.0,0.0,0.0,0.0,200,../../lists/bcms_setimes/list.bcms_setimes.attrib=lime_mpd=16_thresh=0.4_docnorm=F_tfidf=F.csv
0.185,0.815,0.0,0.0,0.0,0.0,0.0,200,../../lists/bcms_setimes/list.bcms_setimes.attrib=lime_mpd=16_thresh=0.4_docnorm=F_tfidf=T.csv
0.505,0.435,0.0,0.0,0.0,0.0,0.0,200,../../lists/bcms_setimes/list.bcms_setimes.attrib=lime_mpd=16_thresh=0.4_docnorm=T_tfidf=F.csv
0.47,0.4,0.0,0.0,0.0,0.0,0.0,200,../../lists/bcms_setimes/list.bcms_setimes.attrib=lime_mpd=16_thresh=0.4_docnorm=T_tfidf=T.csv
0.18,0.82,0.0,0.0,0.0,0.0,0.0,200,../../lists/bcms_setimes/list.bcms_setimes.attrib=lime_mpd=16_thresh=0.5_docnorm=F_tfidf=F.csv
0.185,0.815,0.0,0.0,0.0,0.0,0.0,200,../../lists/bcms_setimes/list.bcms_setimes.attrib=lime_mpd=16_thresh=0.5_docnorm=F_tfidf=T.csv
0.55,0.405,0.0,0.0,0.0,0.0,0.0,200,../../lists/bcms_setimes/list.bcms_setimes.attrib=lime_mpd=16_thresh=0.5_docnorm=T_tfidf=F.csv
0.465,0.455,0.0,0.0,0.0,0.0,0.0,200,../../lists/bcms_setimes/list.bcms_setimes.attrib=lime_mpd=16_thresh=0.5_docnorm=T_tfidf=T.csv
0.18,0.82,0.0,0.0,0.0,0.0,0.0,200,../../lists/bcms_setimes/list.bcms_setimes.attrib=lime_mpd=16_thresh=0.6_docnorm=F_tfidf=F.csv
0.185,0.815,0.0,0.0,0.0,0.0,0.0,200,../../lists/bcms_setimes/list.bcms_setimes.attrib=lime_mpd=16_thresh=0.6_docnorm=F_tfidf=T.csv
0.49,0.46,0.0,0.0,0.0,0.0,0.0,200,../../lists/bcms_setimes/list.bcms_setimes.attrib=lime_mpd=16_thresh=0.6_docnorm=T_tfidf=F.csv
0.44,0.49,0.0,0.0,0.0,0.0,0.0,200,../../lists/bcms_setimes/list.bcms_setimes.attrib=lime_mpd=16_thresh=0.6_docnorm=T_tfidf=T.csv
0.18,0.82,0.0,0.0,0.0,0.0,0.0,200,../../lists/bcms_setimes/list.bcms_setimes.attrib=lime_mpd=16_thresh=0.7_docnorm=F_tfidf=F.csv
0.185,0.815,0.0,0.0,0.0,0.0,0.0,200,../../lists/bcms_setimes/list.bcms_setimes.attrib=lime_mpd=16_thresh=0.7_docnorm=F_tfidf=T.csv
0.475,0.49,0.0,0.0,0.0,0.0,0.0,200,../../lists/bcms_setimes/list.bcms_setimes.attrib=lime_mpd=16_thresh=0.7_docnorm=T_tfidf=F.csv
0.455,0.475,0.0,0.0,0.0,0.0,0.0,200,../../lists/bcms_setimes/list.bcms_setimes.attrib=lime_mpd=16_thresh=0.7_docnorm=T_tfidf=T.csv
0.18,0.82,0.0,0.0,0.0,0.0,0.0,200,../../lists/bcms_setimes/list.bcms_setimes.attrib=lime_mpd=16_thresh=0.8_docnorm=F_tfidf=F.csv
0.185,0.815,0.0,0.0,0.0,0.0,0.0,200,../../lists/bcms_setimes/list.bcms_setimes.attrib=lime_mpd=16_thresh=0.8_docnorm=F_tfidf=T.csv
0.495,0.465,0.0,0.0,0.0,0.0,0.0,200,../../lists/bcms_setimes/list.bcms_setimes.attrib=lime_mpd=16_thresh=0.8_docnorm=T_tfidf=F.csv
0.43,0.545,0.0,0.0,0.0,0.0,0.0,200,../../lists/bcms_setimes/list.bcms_setimes.attrib=lime_mpd=16_thresh=0.8_docnorm=T_tfidf=T.csv
0.18,0.82,0.0,0.0,0.0,0.0,0.0,200,../../lists/bcms_setimes/list.bcms_setimes.attrib=lime_mpd=16_thresh=0.9_docnorm=F_tfidf=F.csv
0.185,0.815,0.0,0.0,0.0,0.0,0.0,200,../../lists/bcms_setimes/list.bcms_setimes.attrib=lime_mpd=16_thresh=0.9_docnorm=F_tfidf=T.csv
0.465,0.52,0.0,0.0,0.0,0.0,0.0,200,../../lists/bcms_setimes/list.bcms_setimes.attrib=lime_mpd=16_thresh=0.9_docnorm=T_tfidf=F.csv
0.45,0.535,0.0,0.0,0.0,0.0,0.0,200,../../lists/bcms_setimes/list.bcms_setimes.attrib=lime_mpd=16_thresh=0.9_docnorm=T_tfidf=T.csv
0.18,0.82,0.0,0.0,0.0,0.0,0.0,200,../../lists/bcms_setimes/list.bcms_setimes.attrib=lime_mpd=16_thresh=1.0_docnorm=F_tfidf=F.csv
0.185,0.815,0.0,0.0,0.0,0.0,0.0,200,../../lists/bcms_setimes/list.bcms_setimes.attrib=lime_mpd=16_thresh=1.0_docnorm=F_tfidf=T.csv
0.455,0.53,0.0,0.0,0.0,0.0,0.0,200,../../lists/bcms_setimes/list.bcms_setimes.attrib=lime_mpd=16_thresh=1.0_docnorm=T_tfidf=F.csv
0.435,0.54,0.0,0.0,0.0,0.0,0.0,200,../../lists/bcms_setimes/list.bcms_setimes.attrib=lime_mpd=16_thresh=1.0_docnorm=T_tfidf=T.csv
0.18,0.82,0.0,0.0,0.0,0.0,0.0,200,../../lists/bcms_setimes/list.bcms_setimes.attrib=lime_mpd=17_thresh=0.1_docnorm=F_tfidf=F.csv
0.185,0.815,0.0,0.0,0.0,0.0,0.0,200,../../lists/bcms_setimes/list.bcms_setimes.attrib=lime_mpd=17_thresh=0.1_docnorm=F_tfidf=T.csv
0.53,0.185,0.0,0.0,0.0,0.0,0.0,200,../../lists/bcms_setimes/list.bcms_setimes.attrib=lime_mpd=17_thresh=0.1_docnorm=T_tfidf=F.csv
0.44,0.285,0.0,0.0,0.0,0.0,0.0,200,../../lists/bcms_setimes/list.bcms_setimes.attrib=lime_mpd=17_thresh=0.1_docnorm=T_tfidf=T.csv
0.18,0.82,0.0,0.0,0.0,0.0,0.0,200,../../lists/bcms_setimes/list.bcms_setimes.attrib=lime_mpd=17_thresh=0.2_docnorm=F_tfidf=F.csv
0.185,0.815,0.0,0.0,0.0,0.0,0.0,200,../../lists/bcms_setimes/list.bcms_setimes.attrib=lime_mpd=17_thresh=0.2_docnorm=F_tfidf=T.csv
0.535,0.305,0.0,0.0,0.0,0.0,0.0,200,../../lists/bcms_setimes/list.bcms_setimes.attrib=lime_mpd=17_thresh=0.2_docnorm=T_tfidf=F.csv
0.43,0.37,0.0,0.0,0.0,0.0,0.0,200,../../lists/bcms_setimes/list.bcms_setimes.attrib=lime_mpd=17_thresh=0.2_docnorm=T_tfidf=T.csv
0.18,0.82,0.0,0.0,0.0,0.0,0.0,200,../../lists/bcms_setimes/list.bcms_setimes.attrib=lime_mpd=17_thresh=0.3_docnorm=F_tfidf=F.csv
0.185,0.815,0.0,0.0,0.0,0.0,0.0,200,../../lists/bcms_setimes/list.bcms_setimes.attrib=lime_mpd=17_thresh=0.3_docnorm=F_tfidf=T.csv
0.51,0.4,0.0,0.0,0.0,0.0,0.0,200,../../lists/bcms_setimes/list.bcms_setimes.attrib=lime_mpd=17_thresh=0.3_docnorm=T_tfidf=F.csv
0.47,0.39,0.0,0.0,0.0,0.0,0.0,200,../../lists/bcms_setimes/list.bcms_setimes.attrib=lime_mpd=17_thresh=0.3_docnorm=T_tfidf=T.csv
0.18,0.82,0.0,0.0,0.0,0.0,0.0,200,../../lists/bcms_setimes/list.bcms_setimes.attrib=lime_mpd=17_thresh=0.4_docnorm=F_tfidf=F.csv
0.185,0.815,0.0,0.0,0.0,0.0,0.0,200,../../lists/bcms_setimes/list.bcms_setimes.attrib=lime_mpd=17_thresh=0.4_docnorm=F_tfidf=T.csv
0.505,0.435,0.0,0.0,0.0,0.0,0.0,200,../../lists/bcms_setimes/list.bcms_setimes.attrib=lime_mpd=17_thresh=0.4_docnorm=T_tfidf=F.csv
0.47,0.4,0.0,0.0,0.0,0.0,0.0,200,../../lists/bcms_setimes/list.bcms_setimes.attrib=lime_mpd=17_thresh=0.4_docnorm=T_tfidf=T.csv
0.18,0.82,0.0,0.0,0.0,0.0,0.0,200,../../lists/bcms_setimes/list.bcms_setimes.attrib=lime_mpd=17_thresh=0.5_docnorm=F_tfidf=F.csv
0.185,0.815,0.0,0.0,0.0,0.0,0.0,200,../../lists/bcms_setimes/list.bcms_setimes.attrib=lime_mpd=17_thresh=0.5_docnorm=F_tfidf=T.csv
0.55,0.405,0.0,0.0,0.0,0.0,0.0,200,../../lists/bcms_setimes/list.bcms_setimes.attrib=lime_mpd=17_thresh=0.5_docnorm=T_tfidf=F.csv
0.47,0.45,0.0,0.0,0.0,0.0,0.0,200,../../lists/bcms_setimes/list.bcms_setimes.attrib=lime_mpd=17_thresh=0.5_docnorm=T_tfidf=T.csv
0.18,0.82,0.0,0.0,0.0,0.0,0.0,200,../../lists/bcms_setimes/list.bcms_setimes.attrib=lime_mpd=17_thresh=0.6_docnorm=F_tfidf=F.csv
0.185,0.815,0.0,0.0,0.0,0.0,0.0,200,../../lists/bcms_setimes/list.bcms_setimes.attrib=lime_mpd=17_thresh=0.6_docnorm=F_tfidf=T.csv
0.495,0.455,0.0,0.0,0.0,0.0,0.0,200,../../lists/bcms_setimes/list.bcms_setimes.attrib=lime_mpd=17_thresh=0.6_docnorm=T_tfidf=F.csv
0.445,0.485,0.0,0.0,0.0,0.0,0.0,200,../../lists/bcms_setimes/list.bcms_setimes.attrib=lime_mpd=17_thresh=0.6_docnorm=T_tfidf=T.csv
0.18,0.82,0.0,0.0,0.0,0.0,0.0,200,../../lists/bcms_setimes/list.bcms_setimes.attrib=lime_mpd=17_thresh=0.7_docnorm=F_tfidf=F.csv
0.185,0.815,0.0,0.0,0.0,0.0,0.0,200,../../lists/bcms_setimes/list.bcms_setimes.attrib=lime_mpd=17_thresh=0.7_docnorm=F_tfidf=T.csv
0.485,0.48,0.0,0.0,0.0,0.0,0.0,200,../../lists/bcms_setimes/list.bcms_setimes.attrib=lime_mpd=17_thresh=0.7_docnorm=T_tfidf=F.csv
0.46,0.47,0.0,0.0,0.0,0.0,0.0,200,../../lists/bcms_setimes/list.bcms_setimes.attrib=lime_mpd=17_thresh=0.7_docnorm=T_tfidf=T.csv
0.18,0.82,0.0,0.0,0.0,0.0,0.0,200,../../lists/bcms_setimes/list.bcms_setimes.attrib=lime_mpd=17_thresh=0.8_docnorm=F_tfidf=F.csv
0.185,0.815,0.0,0.0,0.0,0.0,0.0,200,../../lists/bcms_setimes/list.bcms_setimes.attrib=lime_mpd=17_thresh=0.8_docnorm=F_tfidf=T.csv
0.495,0.465,0.0,0.0,0.0,0.0,0.0,200,../../lists/bcms_setimes/list.bcms_setimes.attrib=lime_mpd=17_thresh=0.8_docnorm=T_tfidf=F.csv
0.435,0.54,0.0,0.0,0.0,0.0,0.0,200,../../lists/bcms_setimes/list.bcms_setimes.attrib=lime_mpd=17_thresh=0.8_docnorm=T_tfidf=T.csv
0.18,0.82,0.0,0.0,0.0,0.0,0.0,200,../../lists/bcms_setimes/list.bcms_setimes.attrib=lime_mpd=17_thresh=0.9_docnorm=F_tfidf=F.csv
0.185,0.815,0.0,0.0,0.0,0.0,0.0,200,../../lists/bcms_setimes/list.bcms_setimes.attrib=lime_mpd=17_thresh=0.9_docnorm=F_tfidf=T.csv
0.465,0.52,0.0,0.0,0.0,0.0,0.0,200,../../lists/bcms_setimes/list.bcms_setimes.attrib=lime_mpd=17_thresh=0.9_docnorm=T_tfidf=F.csv
0.455,0.535,0.0,0.0,0.0,0.0,0.0,200,../../lists/bcms_setimes/list.bcms_setimes.attrib=lime_mpd=17_thresh=0.9_docnorm=T_tfidf=T.csv
0.18,0.82,0.0,0.0,0.0,0.0,0.0,200,../../lists/bcms_setimes/list.bcms_setimes.attrib=lime_mpd=17_thresh=1.0_docnorm=F_tfidf=F.csv
0.185,0.815,0.0,0.0,0.0,0.0,0.0,200,../../lists/bcms_setimes/list.bcms_setimes.attrib=lime_mpd=17_thresh=1.0_docnorm=F_tfidf=T.csv
0.455,0.53,0.0,0.0,0.0,0.0,0.0,200,../../lists/bcms_setimes/list.bcms_setimes.attrib=lime_mpd=17_thresh=1.0_docnorm=T_tfidf=F.csv
0.435,0.54,0.0,0.0,0.0,0.0,0.0,200,../../lists/bcms_setimes/list.bcms_setimes.attrib=lime_mpd=17_thresh=1.0_docnorm=T_tfidf=T.csv
0.185,0.815,0.0,0.0,0.0,0.0,0.0,200,../../lists/bcms_setimes/list.bcms_setimes.attrib=lime_mpd=18_thresh=0.1_docnorm=F_tfidf=F.csv
0.185,0.815,0.0,0.0,0.0,0.0,0.0,200,../../lists/bcms_setimes/list.bcms_setimes.attrib=lime_mpd=18_thresh=0.1_docnorm=F_tfidf=T.csv
0.53,0.185,0.0,0.0,0.0,0.0,0.0,200,../../lists/bcms_setimes/list.bcms_setimes.attrib=lime_mpd=18_thresh=0.1_docnorm=T_tfidf=F.csv
0.435,0.285,0.0,0.0,0.0,0.0,0.0,200,../../lists/bcms_setimes/list.bcms_setimes.attrib=lime_mpd=18_thresh=0.1_docnorm=T_tfidf=T.csv
0.185,0.815,0.0,0.0,0.0,0.0,0.0,200,../../lists/bcms_setimes/list.bcms_setimes.attrib=lime_mpd=18_thresh=0.2_docnorm=F_tfidf=F.csv
0.185,0.815,0.0,0.0,0.0,0.0,0.0,200,../../lists/bcms_setimes/list.bcms_setimes.attrib=lime_mpd=18_thresh=0.2_docnorm=F_tfidf=T.csv
0.53,0.31,0.0,0.0,0.0,0.0,0.0,200,../../lists/bcms_setimes/list.bcms_setimes.attrib=lime_mpd=18_thresh=0.2_docnorm=T_tfidf=F.csv
0.425,0.38,0.0,0.0,0.0,0.0,0.0,200,../../lists/bcms_setimes/list.bcms_setimes.attrib=lime_mpd=18_thresh=0.2_docnorm=T_tfidf=T.csv
0.185,0.815,0.0,0.0,0.0,0.0,0.0,200,../../lists/bcms_setimes/list.bcms_setimes.attrib=lime_mpd=18_thresh=0.3_docnorm=F_tfidf=F.csv
0.185,0.815,0.0,0.0,0.0,0.0,0.0,200,../../lists/bcms_setimes/list.bcms_setimes.attrib=lime_mpd=18_thresh=0.3_docnorm=F_tfidf=T.csv
0.51,0.4,0.0,0.0,0.0,0.0,0.0,200,../../lists/bcms_setimes/list.bcms_setimes.attrib=lime_mpd=18_thresh=0.3_docnorm=T_tfidf=F.csv
0.47,0.39,0.0,0.0,0.0,0.0,0.0,200,../../lists/bcms_setimes/list.bcms_setimes.attrib=lime_mpd=18_thresh=0.3_docnorm=T_tfidf=T.csv
0.185,0.815,0.0,0.0,0.0,0.0,0.0,200,../../lists/bcms_setimes/list.bcms_setimes.attrib=lime_mpd=18_thresh=0.4_docnorm=F_tfidf=F.csv
0.185,0.815,0.0,0.0,0.0,0.0,0.0,200,../../lists/bcms_setimes/list.bcms_setimes.attrib=lime_mpd=18_thresh=0.4_docnorm=F_tfidf=T.csv
0.5,0.44,0.0,0.0,0.0,0.0,0.0,200,../../lists/bcms_setimes/list.bcms_setimes.attrib=lime_mpd=18_thresh=0.4_docnorm=T_tfidf=F.csv
0.465,0.405,0.0,0.0,0.0,0.0,0.0,200,../../lists/bcms_setimes/list.bcms_setimes.attrib=lime_mpd=18_thresh=0.4_docnorm=T_tfidf=T.csv
0.185,0.815,0.0,0.0,0.0,0.0,0.0,200,../../lists/bcms_setimes/list.bcms_setimes.attrib=lime_mpd=18_thresh=0.5_docnorm=F_tfidf=F.csv
0.185,0.815,0.0,0.0,0.0,0.0,0.0,200,../../lists/bcms_setimes/list.bcms_setimes.attrib=lime_mpd=18_thresh=0.5_docnorm=F_tfidf=T.csv
0.55,0.405,0.0,0.0,0.0,0.0,0.0,200,../../lists/bcms_setimes/list.bcms_setimes.attrib=lime_mpd=18_thresh=0.5_docnorm=T_tfidf=F.csv
0.47,0.45,0.0,0.0,0.0,0.0,0.0,200,../../lists/bcms_setimes/list.bcms_setimes.attrib=lime_mpd=18_thresh=0.5_docnorm=T_tfidf=T.csv
0.185,0.815,0.0,0.0,0.0,0.0,0.0,200,../../lists/bcms_setimes/list.bcms_setimes.attrib=lime_mpd=18_thresh=0.6_docnorm=F_tfidf=F.csv
0.185,0.815,0.0,0.0,0.0,0.0,0.0,200,../../lists/bcms_setimes/list.bcms_setimes.attrib=lime_mpd=18_thresh=0.6_docnorm=F_tfidf=T.csv
0.495,0.455,0.0,0.0,0.0,0.0,0.0,200,../../lists/bcms_setimes/list.bcms_setimes.attrib=lime_mpd=18_thresh=0.6_docnorm=T_tfidf=F.csv
0.44,0.485,0.0,0.0,0.0,0.0,0.0,200,../../lists/bcms_setimes/list.bcms_setimes.attrib=lime_mpd=18_thresh=0.6_docnorm=T_tfidf=T.csv
0.185,0.815,0.0,0.0,0.0,0.0,0.0,200,../../lists/bcms_setimes/list.bcms_setimes.attrib=lime_mpd=18_thresh=0.7_docnorm=F_tfidf=F.csv
0.185,0.815,0.0,0.0,0.0,0.0,0.0,200,../../lists/bcms_setimes/list.bcms_setimes.attrib=lime_mpd=18_thresh=0.7_docnorm=F_tfidf=T.csv
0.485,0.48,0.0,0.0,0.0,0.0,0.0,200,../../lists/bcms_setimes/list.bcms_setimes.attrib=lime_mpd=18_thresh=0.7_docnorm=T_tfidf=F.csv
0.46,0.47,0.0,0.0,0.0,0.0,0.0,200,../../lists/bcms_setimes/list.bcms_setimes.attrib=lime_mpd=18_thresh=0.7_docnorm=T_tfidf=T.csv
0.185,0.815,0.0,0.0,0.0,0.0,0.0,200,../../lists/bcms_setimes/list.bcms_setimes.attrib=lime_mpd=18_thresh=0.8_docnorm=F_tfidf=F.csv
0.185,0.815,0.0,0.0,0.0,0.0,0.0,200,../../lists/bcms_setimes/list.bcms_setimes.attrib=lime_mpd=18_thresh=0.8_docnorm=F_tfidf=T.csv
0.5,0.46,0.0,0.0,0.0,0.0,0.0,200,../../lists/bcms_setimes/list.bcms_setimes.attrib=lime_mpd=18_thresh=0.8_docnorm=T_tfidf=F.csv
0.43,0.545,0.0,0.0,0.0,0.0,0.0,200,../../lists/bcms_setimes/list.bcms_setimes.attrib=lime_mpd=18_thresh=0.8_docnorm=T_tfidf=T.csv
0.185,0.815,0.0,0.0,0.0,0.0,0.0,200,../../lists/bcms_setimes/list.bcms_setimes.attrib=lime_mpd=18_thresh=0.9_docnorm=F_tfidf=F.csv
0.185,0.815,0.0,0.0,0.0,0.0,0.0,200,../../lists/bcms_setimes/list.bcms_setimes.attrib=lime_mpd=18_thresh=0.9_docnorm=F_tfidf=T.csv
0.47,0.515,0.0,0.0,0.0,0.0,0.0,200,../../lists/bcms_setimes/list.bcms_setimes.attrib=lime_mpd=18_thresh=0.9_docnorm=T_tfidf=F.csv
0.45,0.54,0.0,0.0,0.0,0.0,0.0,200,../../lists/bcms_setimes/list.bcms_setimes.attrib=lime_mpd=18_thresh=0.9_docnorm=T_tfidf=T.csv
0.185,0.815,0.0,0.0,0.0,0.0,0.0,200,../../lists/bcms_setimes/list.bcms_setimes.attrib=lime_mpd=18_thresh=1.0_docnorm=F_tfidf=F.csv
0.185,0.815,0.0,0.0,0.0,0.0,0.0,200,../../lists/bcms_setimes/list.bcms_setimes.attrib=lime_mpd=18_thresh=1.0_docnorm=F_tfidf=T.csv
0.46,0.525,0.0,0.0,0.0,0.0,0.0,200,../../lists/bcms_setimes/list.bcms_setimes.attrib=lime_mpd=18_thresh=1.0_docnorm=T_tfidf=F.csv
0.435,0.54,0.0,0.0,0.0,0.0,0.0,200,../../lists/bcms_setimes/list.bcms_setimes.attrib=lime_mpd=18_thresh=1.0_docnorm=T_tfidf=T.csv
0.185,0.815,0.0,0.0,0.0,0.0,0.0,200,../../lists/bcms_setimes/list.bcms_setimes.attrib=lime_mpd=19_thresh=0.1_docnorm=F_tfidf=F.csv
0.185,0.815,0.0,0.0,0.0,0.0,0.0,200,../../lists/bcms_setimes/list.bcms_setimes.attrib=lime_mpd=19_thresh=0.1_docnorm=F_tfidf=T.csv
0.53,0.185,0.0,0.0,0.0,0.0,0.0,200,../../lists/bcms_setimes/list.bcms_setimes.attrib=lime_mpd=19_thresh=0.1_docnorm=T_tfidf=F.csv
0.435,0.285,0.0,0.0,0.0,0.0,0.0,200,../../lists/bcms_setimes/list.bcms_setimes.attrib=lime_mpd=19_thresh=0.1_docnorm=T_tfidf=T.csv
0.185,0.815,0.0,0.0,0.0,0.0,0.0,200,../../lists/bcms_setimes/list.bcms_setimes.attrib=lime_mpd=19_thresh=0.2_docnorm=F_tfidf=F.csv
0.185,0.815,0.0,0.0,0.0,0.0,0.0,200,../../lists/bcms_setimes/list.bcms_setimes.attrib=lime_mpd=19_thresh=0.2_docnorm=F_tfidf=T.csv
0.53,0.31,0.0,0.0,0.0,0.0,0.0,200,../../lists/bcms_setimes/list.bcms_setimes.attrib=lime_mpd=19_thresh=0.2_docnorm=T_tfidf=F.csv
0.425,0.38,0.0,0.0,0.0,0.0,0.0,200,../../lists/bcms_setimes/list.bcms_setimes.attrib=lime_mpd=19_thresh=0.2_docnorm=T_tfidf=T.csv
0.185,0.815,0.0,0.0,0.0,0.0,0.0,200,../../lists/bcms_setimes/list.bcms_setimes.attrib=lime_mpd=19_thresh=0.3_docnorm=F_tfidf=F.csv
0.185,0.815,0.0,0.0,0.0,0.0,0.0,200,../../lists/bcms_setimes/list.bcms_setimes.attrib=lime_mpd=19_thresh=0.3_docnorm=F_tfidf=T.csv
0.51,0.4,0.0,0.0,0.0,0.0,0.0,200,../../lists/bcms_setimes/list.bcms_setimes.attrib=lime_mpd=19_thresh=0.3_docnorm=T_tfidf=F.csv
0.47,0.39,0.0,0.0,0.0,0.0,0.0,200,../../lists/bcms_setimes/list.bcms_setimes.attrib=lime_mpd=19_thresh=0.3_docnorm=T_tfidf=T.csv
0.185,0.815,0.0,0.0,0.0,0.0,0.0,200,../../lists/bcms_setimes/list.bcms_setimes.attrib=lime_mpd=19_thresh=0.4_docnorm=F_tfidf=F.csv
0.185,0.815,0.0,0.0,0.0,0.0,0.0,200,../../lists/bcms_setimes/list.bcms_setimes.attrib=lime_mpd=19_thresh=0.4_docnorm=F_tfidf=T.csv
0.505,0.435,0.0,0.0,0.0,0.0,0.0,200,../../lists/bcms_setimes/list.bcms_setimes.attrib=lime_mpd=19_thresh=0.4_docnorm=T_tfidf=F.csv
0.47,0.4,0.0,0.0,0.0,0.0,0.0,200,../../lists/bcms_setimes/list.bcms_setimes.attrib=lime_mpd=19_thresh=0.4_docnorm=T_tfidf=T.csv
0.185,0.815,0.0,0.0,0.0,0.0,0.0,200,../../lists/bcms_setimes/list.bcms_setimes.attrib=lime_mpd=19_thresh=0.5_docnorm=F_tfidf=F.csv
0.185,0.815,0.0,0.0,0.0,0.0,0.0,200,../../lists/bcms_setimes/list.bcms_setimes.attrib=lime_mpd=19_thresh=0.5_docnorm=F_tfidf=T.csv
0.55,0.405,0.0,0.0,0.0,0.0,0.0,200,../../lists/bcms_setimes/list.bcms_setimes.attrib=lime_mpd=19_thresh=0.5_docnorm=T_tfidf=F.csv
0.47,0.445,0.0,0.0,0.0,0.0,0.0,200,../../lists/bcms_setimes/list.bcms_setimes.attrib=lime_mpd=19_thresh=0.5_docnorm=T_tfidf=T.csv
0.185,0.815,0.0,0.0,0.0,0.0,0.0,200,../../lists/bcms_setimes/list.bcms_setimes.attrib=lime_mpd=19_thresh=0.6_docnorm=F_tfidf=F.csv
0.185,0.815,0.0,0.0,0.0,0.0,0.0,200,../../lists/bcms_setimes/list.bcms_setimes.attrib=lime_mpd=19_thresh=0.6_docnorm=F_tfidf=T.csv
0.49,0.46,0.0,0.0,0.0,0.0,0.0,200,../../lists/bcms_setimes/list.bcms_setimes.attrib=lime_mpd=19_thresh=0.6_docnorm=T_tfidf=F.csv
0.445,0.48,0.0,0.0,0.0,0.0,0.0,200,../../lists/bcms_setimes/list.bcms_setimes.attrib=lime_mpd=19_thresh=0.6_docnorm=T_tfidf=T.csv
0.185,0.815,0.0,0.0,0.0,0.0,0.0,200,../../lists/bcms_setimes/list.bcms_setimes.attrib=lime_mpd=19_thresh=0.7_docnorm=F_tfidf=F.csv
0.185,0.815,0.0,0.0,0.0,0.0,0.0,200,../../lists/bcms_setimes/list.bcms_setimes.attrib=lime_mpd=19_thresh=0.7_docnorm=F_tfidf=T.csv
0.475,0.49,0.0,0.0,0.0,0.0,0.0,200,../../lists/bcms_setimes/list.bcms_setimes.attrib=lime_mpd=19_thresh=0.7_docnorm=T_tfidf=F.csv
0.46,0.47,0.0,0.0,0.0,0.0,0.0,200,../../lists/bcms_setimes/list.bcms_setimes.attrib=lime_mpd=19_thresh=0.7_docnorm=T_tfidf=T.csv
0.185,0.815,0.0,0.0,0.0,0.0,0.0,200,../../lists/bcms_setimes/list.bcms_setimes.attrib=lime_mpd=19_thresh=0.8_docnorm=F_tfidf=F.csv
0.185,0.815,0.0,0.0,0.0,0.0,0.0,200,../../lists/bcms_setimes/list.bcms_setimes.attrib=lime_mpd=19_thresh=0.8_docnorm=F_tfidf=T.csv
0.49,0.47,0.0,0.0,0.0,0.0,0.0,200,../../lists/bcms_setimes/list.bcms_setimes.attrib=lime_mpd=19_thresh=0.8_docnorm=T_tfidf=F.csv
0.42,0.555,0.0,0.0,0.0,0.0,0.0,200,../../lists/bcms_setimes/list.bcms_setimes.attrib=lime_mpd=19_thresh=0.8_docnorm=T_tfidf=T.csv
0.185,0.815,0.0,0.0,0.0,0.0,0.0,200,../../lists/bcms_setimes/list.bcms_setimes.attrib=lime_mpd=19_thresh=0.9_docnorm=F_tfidf=F.csv
0.185,0.815,0.0,0.0,0.0,0.0,0.0,200,../../lists/bcms_setimes/list.bcms_setimes.attrib=lime_mpd=19_thresh=0.9_docnorm=F_tfidf=T.csv
0.47,0.515,0.0,0.0,0.0,0.0,0.0,200,../../lists/bcms_setimes/list.bcms_setimes.attrib=lime_mpd=19_thresh=0.9_docnorm=T_tfidf=F.csv
0.445,0.545,0.0,0.0,0.0,0.0,0.0,200,../../lists/bcms_setimes/list.bcms_setimes.attrib=lime_mpd=19_thresh=0.9_docnorm=T_tfidf=T.csv
0.185,0.815,0.0,0.0,0.0,0.0,0.0,200,../../lists/bcms_setimes/list.bcms_setimes.attrib=lime_mpd=19_thresh=1.0_docnorm=F_tfidf=F.csv
0.185,0.815,0.0,0.0,0.0,0.0,0.0,200,../../lists/bcms_setimes/list.bcms_setimes.attrib=lime_mpd=19_thresh=1.0_docnorm=F_tfidf=T.csv
0.455,0.53,0.0,0.0,0.0,0.0,0.0,200,../../lists/bcms_setimes/list.bcms_setimes.attrib=lime_mpd=19_thresh=1.0_docnorm=T_tfidf=F.csv
0.435,0.54,0.0,0.0,0.0,0.0,0.0,200,../../lists/bcms_setimes/list.bcms_setimes.attrib=lime_mpd=19_thresh=1.0_docnorm=T_tfidf=T.csv
0.235,0.765,0.0,0.0,0.0,0.0,0.0,200,../../lists/bcms_setimes/list.bcms_setimes.attrib=lime_mpd=1_thresh=0.1_docnorm=F_tfidf=F.csv
0.22,0.78,0.0,0.0,0.0,0.0,0.0,200,../../lists/bcms_setimes/list.bcms_setimes.attrib=lime_mpd=1_thresh=0.1_docnorm=F_tfidf=T.csv
0.46,0.32,0.0,0.0,0.0,0.0,0.0,200,../../lists/bcms_setimes/list.bcms_setimes.attrib=lime_mpd=1_thresh=0.1_docnorm=T_tfidf=F.csv
0.385,0.395,0.0,0.0,0.0,0.0,0.0,200,../../lists/bcms_setimes/list.bcms_setimes.attrib=lime_mpd=1_thresh=0.1_docnorm=T_tfidf=T.csv
0.235,0.765,0.0,0.0,0.0,0.0,0.0,200,../../lists/bcms_setimes/list.bcms_setimes.attrib=lime_mpd=1_thresh=0.2_docnorm=F_tfidf=F.csv
0.22,0.78,0.0,0.0,0.0,0.0,0.0,200,../../lists/bcms_setimes/list.bcms_setimes.attrib=lime_mpd=1_thresh=0.2_docnorm=F_tfidf=T.csv
0.415,0.48,0.0,0.0,0.0,0.0,0.0,200,../../lists/bcms_setimes/list.bcms_setimes.attrib=lime_mpd=1_thresh=0.2_docnorm=T_tfidf=F.csv
0.4,0.465,0.0,0.0,0.0,0.0,0.0,200,../../lists/bcms_setimes/list.bcms_setimes.attrib=lime_mpd=1_thresh=0.2_docnorm=T_tfidf=T.csv
0.235,0.765,0.0,0.0,0.0,0.0,0.0,200,../../lists/bcms_setimes/list.bcms_setimes.attrib=lime_mpd=1_thresh=0.3_docnorm=F_tfidf=F.csv
0.22,0.78,0.0,0.0,0.0,0.0,0.0,200,../../lists/bcms_setimes/list.bcms_setimes.attrib=lime_mpd=1_thresh=0.3_docnorm=F_tfidf=T.csv
0.295,0.655,0.0,0.0,0.0,0.0,0.0,200,../../lists/bcms_setimes/list.bcms_setimes.attrib=lime_mpd=1_thresh=0.3_docnorm=T_tfidf=F.csv
0.375,0.54,0.0,0.0,0.0,0.0,0.0,200,../../lists/bcms_setimes/list.bcms_setimes.attrib=lime_mpd=1_thresh=0.3_docnorm=T_tfidf=T.csv
0.235,0.765,0.0,0.0,0.0,0.0,0.0,200,../../lists/bcms_setimes/list.bcms_setimes.attrib=lime_mpd=1_thresh=0.4_docnorm=F_tfidf=F.csv
0.22,0.78,0.0,0.0,0.0,0.0,0.0,200,../../lists/bcms_setimes/list.bcms_setimes.attrib=lime_mpd=1_thresh=0.4_docnorm=F_tfidf=T.csv
0.29,0.655,0.0,0.0,0.0,0.0,0.0,200,../../lists/bcms_setimes/list.bcms_setimes.attrib=lime_mpd=1_thresh=0.4_docnorm=T_tfidf=F.csv
0.38,0.585,0.0,0.0,0.0,0.0,0.0,200,../../lists/bcms_setimes/list.bcms_setimes.attrib=lime_mpd=1_thresh=0.4_docnorm=T_tfidf=T.csv
0.235,0.765,0.0,0.0,0.0,0.0,0.0,200,../../lists/bcms_setimes/list.bcms_setimes.attrib=lime_mpd=1_thresh=0.5_docnorm=F_tfidf=F.csv
0.22,0.78,0.0,0.0,0.0,0.0,0.0,200,../../lists/bcms_setimes/list.bcms_setimes.attrib=lime_mpd=1_thresh=0.5_docnorm=F_tfidf=T.csv
0.29,0.675,0.0,0.0,0.0,0.0,0.0,200,../../lists/bcms_setimes/list.bcms_setimes.attrib=lime_mpd=1_thresh=0.5_docnorm=T_tfidf=F.csv
0.345,0.63,0.0,0.0,0.0,0.0,0.0,200,../../lists/bcms_setimes/list.bcms_setimes.attrib=lime_mpd=1_thresh=0.5_docnorm=T_tfidf=T.csv
0.235,0.765,0.0,0.0,0.0,0.0,0.0,200,../../lists/bcms_setimes/list.bcms_setimes.attrib=lime_mpd=1_thresh=0.6_docnorm=F_tfidf=F.csv
0.22,0.78,0.0,0.0,0.0,0.0,0.0,200,../../lists/bcms_setimes/list.bcms_setimes.attrib=lime_mpd=1_thresh=0.6_docnorm=F_tfidf=T.csv
0.255,0.7,0.0,0.0,0.0,0.0,0.0,200,../../lists/bcms_setimes/list.bcms_setimes.attrib=lime_mpd=1_thresh=0.6_docnorm=T_tfidf=F.csv
0.31,0.66,0.0,0.0,0.0,0.0,0.0,200,../../lists/bcms_setimes/list.bcms_setimes.attrib=lime_mpd=1_thresh=0.6_docnorm=T_tfidf=T.csv
0.235,0.765,0.0,0.0,0.0,0.0,0.0,200,../../lists/bcms_setimes/list.bcms_setimes.attrib=lime_mpd=1_thresh=0.7_docnorm=F_tfidf=F.csv
0.22,0.78,0.0,0.0,0.0,0.0,0.0,200,../../lists/bcms_setimes/list.bcms_setimes.attrib=lime_mpd=1_thresh=0.7_docnorm=F_tfidf=T.csv
0.34,0.64,0.0,0.0,0.0,0.0,0.0,200,../../lists/bcms_setimes/list.bcms_setimes.attrib=lime_mpd=1_thresh=0.7_docnorm=T_tfidf=F.csv
0.37,0.615,0.0,0.0,0.0,0.0,0.0,200,../../lists/bcms_setimes/list.bcms_setimes.attrib=lime_mpd=1_thresh=0.7_docnorm=T_tfidf=T.csv
0.235,0.765,0.0,0.0,0.0,0.0,0.0,200,../../lists/bcms_setimes/list.bcms_setimes.attrib=lime_mpd=1_thresh=0.8_docnorm=F_tfidf=F.csv
0.22,0.78,0.0,0.0,0.0,0.0,0.0,200,../../lists/bcms_setimes/list.bcms_setimes.attrib=lime_mpd=1_thresh=0.8_docnorm=F_tfidf=T.csv
0.35,0.64,0.0,0.0,0.0,0.0,0.0,200,../../lists/bcms_setimes/list.bcms_setimes.attrib=lime_mpd=1_thresh=0.8_docnorm=T_tfidf=F.csv
0.385,0.6,0.0,0.0,0.0,0.0,0.0,200,../../lists/bcms_setimes/list.bcms_setimes.attrib=lime_mpd=1_thresh=0.8_docnorm=T_tfidf=T.csv
0.235,0.765,0.0,0.0,0.0,0.0,0.0,200,../../lists/bcms_setimes/list.bcms_setimes.attrib=lime_mpd=1_thresh=0.9_docnorm=F_tfidf=F.csv
0.22,0.78,0.0,0.0,0.0,0.0,0.0,200,../../lists/bcms_setimes/list.bcms_setimes.attrib=lime_mpd=1_thresh=0.9_docnorm=F_tfidf=T.csv
0.34,0.645,0.0,0.0,0.0,0.0,0.0,200,../../lists/bcms_setimes/list.bcms_setimes.attrib=lime_mpd=1_thresh=0.9_docnorm=T_tfidf=F.csv
0.395,0.59,0.0,0.0,0.0,0.0,0.0,200,../../lists/bcms_setimes/list.bcms_setimes.attrib=lime_mpd=1_thresh=0.9_docnorm=T_tfidf=T.csv
0.235,0.765,0.0,0.0,0.0,0.0,0.0,200,../../lists/bcms_setimes/list.bcms_setimes.attrib=lime_mpd=1_thresh=1.0_docnorm=F_tfidf=F.csv
0.22,0.78,0.0,0.0,0.0,0.0,0.0,200,../../lists/bcms_setimes/list.bcms_setimes.attrib=lime_mpd=1_thresh=1.0_docnorm=F_tfidf=T.csv
0.31,0.685,0.0,0.0,0.0,0.0,0.0,200,../../lists/bcms_setimes/list.bcms_setimes.attrib=lime_mpd=1_thresh=1.0_docnorm=T_tfidf=F.csv
0.355,0.64,0.0,0.0,0.0,0.0,0.0,200,../../lists/bcms_setimes/list.bcms_setimes.attrib=lime_mpd=1_thresh=1.0_docnorm=T_tfidf=T.csv
0.185,0.815,0.0,0.0,0.0,0.0,0.0,200,../../lists/bcms_setimes/list.bcms_setimes.attrib=lime_mpd=20_thresh=0.1_docnorm=F_tfidf=F.csv
0.185,0.815,0.0,0.0,0.0,0.0,0.0,200,../../lists/bcms_setimes/list.bcms_setimes.attrib=lime_mpd=20_thresh=0.1_docnorm=F_tfidf=T.csv
0.53,0.185,0.0,0.0,0.0,0.0,0.0,200,../../lists/bcms_setimes/list.bcms_setimes.attrib=lime_mpd=20_thresh=0.1_docnorm=T_tfidf=F.csv
0.435,0.285,0.0,0.0,0.0,0.0,0.0,200,../../lists/bcms_setimes/list.bcms_setimes.attrib=lime_mpd=20_thresh=0.1_docnorm=T_tfidf=T.csv
0.185,0.815,0.0,0.0,0.0,0.0,0.0,200,../../lists/bcms_setimes/list.bcms_setimes.attrib=lime_mpd=20_thresh=0.2_docnorm=F_tfidf=F.csv
0.185,0.815,0.0,0.0,0.0,0.0,0.0,200,../../lists/bcms_setimes/list.bcms_setimes.attrib=lime_mpd=20_thresh=0.2_docnorm=F_tfidf=T.csv
0.53,0.305,0.0,0.0,0.0,0.0,0.0,200,../../lists/bcms_setimes/list.bcms_setimes.attrib=lime_mpd=20_thresh=0.2_docnorm=T_tfidf=F.csv
0.42,0.38,0.0,0.0,0.0,0.0,0.0,200,../../lists/bcms_setimes/list.bcms_setimes.attrib=lime_mpd=20_thresh=0.2_docnorm=T_tfidf=T.csv
0.185,0.815,0.0,0.0,0.0,0.0,0.0,200,../../lists/bcms_setimes/list.bcms_setimes.attrib=lime_mpd=20_thresh=0.3_docnorm=F_tfidf=F.csv
0.185,0.815,0.0,0.0,0.0,0.0,0.0,200,../../lists/bcms_setimes/list.bcms_setimes.attrib=lime_mpd=20_thresh=0.3_docnorm=F_tfidf=T.csv
0.505,0.405,0.0,0.0,0.0,0.0,0.0,200,../../lists/bcms_setimes/list.bcms_setimes.attrib=lime_mpd=20_thresh=0.3_docnorm=T_tfidf=F.csv
0.47,0.39,0.0,0.0,0.0,0.0,0.0,200,../../lists/bcms_setimes/list.bcms_setimes.attrib=lime_mpd=20_thresh=0.3_docnorm=T_tfidf=T.csv
0.185,0.815,0.0,0.0,0.0,0.0,0.0,200,../../lists/bcms_setimes/list.bcms_setimes.attrib=lime_mpd=20_thresh=0.4_docnorm=F_tfidf=F.csv
0.185,0.815,0.0,0.0,0.0,0.0,0.0,200,../../lists/bcms_setimes/list.bcms_setimes.attrib=lime_mpd=20_thresh=0.4_docnorm=F_tfidf=T.csv
0.5,0.435,0.0,0.0,0.0,0.0,0.0,200,../../lists/bcms_setimes/list.bcms_setimes.attrib=lime_mpd=20_thresh=0.4_docnorm=T_tfidf=F.csv
0.465,0.4,0.0,0.0,0.0,0.0,0.0,200,../../lists/bcms_setimes/list.bcms_setimes.attrib=lime_mpd=20_thresh=0.4_docnorm=T_tfidf=T.csv
0.185,0.815,0.0,0.0,0.0,0.0,0.0,200,../../lists/bcms_setimes/list.bcms_setimes.attrib=lime_mpd=20_thresh=0.5_docnorm=F_tfidf=F.csv
0.185,0.815,0.0,0.0,0.0,0.0,0.0,200,../../lists/bcms_setimes/list.bcms_setimes.attrib=lime_mpd=20_thresh=0.5_docnorm=F_tfidf=T.csv
0.55,0.405,0.0,0.0,0.0,0.0,0.0,200,../../lists/bcms_setimes/list.bcms_setimes.attrib=lime_mpd=20_thresh=0.5_docnorm=T_tfidf=F.csv
0.47,0.445,0.0,0.0,0.0,0.0,0.0,200,../../lists/bcms_setimes/list.bcms_setimes.attrib=lime_mpd=20_thresh=0.5_docnorm=T_tfidf=T.csv
0.185,0.815,0.0,0.0,0.0,0.0,0.0,200,../../lists/bcms_setimes/list.bcms_setimes.attrib=lime_mpd=20_thresh=0.6_docnorm=F_tfidf=F.csv
0.185,0.815,0.0,0.0,0.0,0.0,0.0,200,../../lists/bcms_setimes/list.bcms_setimes.attrib=lime_mpd=20_thresh=0.6_docnorm=F_tfidf=T.csv
0.49,0.46,0.0,0.0,0.0,0.0,0.0,200,../../lists/bcms_setimes/list.bcms_setimes.attrib=lime_mpd=20_thresh=0.6_docnorm=T_tfidf=F.csv
0.445,0.48,0.0,0.0,0.0,0.0,0.0,200,../../lists/bcms_setimes/list.bcms_setimes.attrib=lime_mpd=20_thresh=0.6_docnorm=T_tfidf=T.csv
0.185,0.815,0.0,0.0,0.0,0.0,0.0,200,../../lists/bcms_setimes/list.bcms_setimes.attrib=lime_mpd=20_thresh=0.7_docnorm=F_tfidf=F.csv
0.185,0.815,0.0,0.0,0.0,0.0,0.0,200,../../lists/bcms_setimes/list.bcms_setimes.attrib=lime_mpd=20_thresh=0.7_docnorm=F_tfidf=T.csv
0.475,0.485,0.0,0.0,0.0,0.0,0.0,200,../../lists/bcms_setimes/list.bcms_setimes.attrib=lime_mpd=20_thresh=0.7_docnorm=T_tfidf=F.csv
0.46,0.47,0.0,0.0,0.0,0.0,0.0,200,../../lists/bcms_setimes/list.bcms_setimes.attrib=lime_mpd=20_thresh=0.7_docnorm=T_tfidf=T.csv
0.185,0.815,0.0,0.0,0.0,0.0,0.0,200,../../lists/bcms_setimes/list.bcms_setimes.attrib=lime_mpd=20_thresh=0.8_docnorm=F_tfidf=F.csv
0.185,0.815,0.0,0.0,0.0,0.0,0.0,200,../../lists/bcms_setimes/list.bcms_setimes.attrib=lime_mpd=20_thresh=0.8_docnorm=F_tfidf=T.csv
0.49,0.47,0.0,0.0,0.0,0.0,0.0,200,../../lists/bcms_setimes/list.bcms_setimes.attrib=lime_mpd=20_thresh=0.8_docnorm=T_tfidf=F.csv
0.425,0.55,0.0,0.0,0.0,0.0,0.0,200,../../lists/bcms_setimes/list.bcms_setimes.attrib=lime_mpd=20_thresh=0.8_docnorm=T_tfidf=T.csv
0.185,0.815,0.0,0.0,0.0,0.0,0.0,200,../../lists/bcms_setimes/list.bcms_setimes.attrib=lime_mpd=20_thresh=0.9_docnorm=F_tfidf=F.csv
0.185,0.815,0.0,0.0,0.0,0.0,0.0,200,../../lists/bcms_setimes/list.bcms_setimes.attrib=lime_mpd=20_thresh=0.9_docnorm=F_tfidf=T.csv
0.47,0.515,0.0,0.0,0.0,0.0,0.0,200,../../lists/bcms_setimes/list.bcms_setimes.attrib=lime_mpd=20_thresh=0.9_docnorm=T_tfidf=F.csv
0.445,0.545,0.0,0.0,0.0,0.0,0.0,200,../../lists/bcms_setimes/list.bcms_setimes.attrib=lime_mpd=20_thresh=0.9_docnorm=T_tfidf=T.csv
0.185,0.815,0.0,0.0,0.0,0.0,0.0,200,../../lists/bcms_setimes/list.bcms_setimes.attrib=lime_mpd=20_thresh=1.0_docnorm=F_tfidf=F.csv
0.185,0.815,0.0,0.0,0.0,0.0,0.0,200,../../lists/bcms_setimes/list.bcms_setimes.attrib=lime_mpd=20_thresh=1.0_docnorm=F_tfidf=T.csv
0.45,0.535,0.0,0.0,0.0,0.0,0.0,200,../../lists/bcms_setimes/list.bcms_setimes.attrib=lime_mpd=20_thresh=1.0_docnorm=T_tfidf=F.csv
0.44,0.535,0.0,0.0,0.0,0.0,0.0,200,../../lists/bcms_setimes/list.bcms_setimes.attrib=lime_mpd=20_thresh=1.0_docnorm=T_tfidf=T.csv
0.21,0.79,0.0,0.0,0.0,0.0,0.0,200,../../lists/bcms_setimes/list.bcms_setimes.attrib=lime_mpd=2_thresh=0.1_docnorm=F_tfidf=F.csv
0.205,0.795,0.0,0.0,0.0,0.0,0.0,200,../../lists/bcms_setimes/list.bcms_setimes.attrib=lime_mpd=2_thresh=0.1_docnorm=F_tfidf=T.csv
0.48,0.265,0.0,0.0,0.0,0.0,0.0,200,../../lists/bcms_setimes/list.bcms_setimes.attrib=lime_mpd=2_thresh=0.1_docnorm=T_tfidf=F.csv
0.37,0.35,0.0,0.0,0.0,0.0,0.0,200,../../lists/bcms_setimes/list.bcms_setimes.attrib=lime_mpd=2_thresh=0.1_docnorm=T_tfidf=T.csv
0.21,0.79,0.0,0.0,0.0,0.0,0.0,200,../../lists/bcms_setimes/list.bcms_setimes.attrib=lime_mpd=2_thresh=0.2_docnorm=F_tfidf=F.csv
0.205,0.795,0.0,0.0,0.0,0.0,0.0,200,../../lists/bcms_setimes/list.bcms_setimes.attrib=lime_mpd=2_thresh=0.2_docnorm=F_tfidf=T.csv
0.455,0.41,0.0,0.0,0.0,0.0,0.0,200,../../lists/bcms_setimes/list.bcms_setimes.attrib=lime_mpd=2_thresh=0.2_docnorm=T_tfidf=F.csv
0.38,0.48,0.0,0.0,0.0,0.0,0.0,200,../../lists/bcms_setimes/list.bcms_setimes.attrib=lime_mpd=2_thresh=0.2_docnorm=T_tfidf=T.csv
0.21,0.79,0.0,0.0,0.0,0.0,0.0,200,../../lists/bcms_setimes/list.bcms_setimes.attrib=lime_mpd=2_thresh=0.3_docnorm=F_tfidf=F.csv
0.205,0.795,0.0,0.0,0.0,0.0,0.0,200,../../lists/bcms_setimes/list.bcms_setimes.attrib=lime_mpd=2_thresh=0.3_docnorm=F_tfidf=T.csv
0.39,0.51,0.0,0.0,0.0,0.0,0.0,200,../../lists/bcms_setimes/list.bcms_setimes.attrib=lime_mpd=2_thresh=0.3_docnorm=T_tfidf=F.csv
0.43,0.46,0.0,0.0,0.0,0.0,0.0,200,../../lists/bcms_setimes/list.bcms_setimes.attrib=lime_mpd=2_thresh=0.3_docnorm=T_tfidf=T.csv
0.21,0.79,0.0,0.0,0.0,0.0,0.0,200,../../lists/bcms_setimes/list.bcms_setimes.attrib=lime_mpd=2_thresh=0.4_docnorm=F_tfidf=F.csv
0.205,0.795,0.0,0.0,0.0,0.0,0.0,200,../../lists/bcms_setimes/list.bcms_setimes.attrib=lime_mpd=2_thresh=0.4_docnorm=F_tfidf=T.csv
0.37,0.58,0.0,0.0,0.0,0.0,0.0,200,../../lists/bcms_setimes/list.bcms_setimes.attrib=lime_mpd=2_thresh=0.4_docnorm=T_tfidf=F.csv
0.375,0.525,0.0,0.0,0.0,0.0,0.0,200,../../lists/bcms_setimes/list.bcms_setimes.attrib=lime_mpd=2_thresh=0.4_docnorm=T_tfidf=T.csv
0.21,0.79,0.0,0.0,0.0,0.0,0.0,200,../../lists/bcms_setimes/list.bcms_setimes.attrib=lime_mpd=2_thresh=0.5_docnorm=F_tfidf=F.csv
0.205,0.795,0.0,0.0,0.0,0.0,0.0,200,../../lists/bcms_setimes/list.bcms_setimes.attrib=lime_mpd=2_thresh=0.5_docnorm=F_tfidf=T.csv
0.335,0.605,0.0,0.0,0.0,0.0,0.0,200,../../lists/bcms_setimes/list.bcms_setimes.attrib=lime_mpd=2_thresh=0.5_docnorm=T_tfidf=F.csv
0.38,0.55,0.0,0.0,0.0,0.0,0.0,200,../../lists/bcms_setimes/list.bcms_setimes.attrib=lime_mpd=2_thresh=0.5_docnorm=T_tfidf=T.csv
0.21,0.79,0.0,0.0,0.0,0.0,0.0,200,../../lists/bcms_setimes/list.bcms_setimes.attrib=lime_mpd=2_thresh=0.6_docnorm=F_tfidf=F.csv
0.205,0.795,0.0,0.0,0.0,0.0,0.0,200,../../lists/bcms_setimes/list.bcms_setimes.attrib=lime_mpd=2_thresh=0.6_docnorm=F_tfidf=T.csv
0.315,0.64,0.0,0.0,0.0,0.0,0.0,200,../../lists/bcms_setimes/list.bcms_setimes.attrib=lime_mpd=2_thresh=0.6_docnorm=T_tfidf=F.csv
0.36,0.605,0.0,0.0,0.0,0.0,0.0,200,../../lists/bcms_setimes/list.bcms_setimes.attrib=lime_mpd=2_thresh=0.6_docnorm=T_tfidf=T.csv
0.21,0.79,0.0,0.0,0.0,0.0,0.0,200,../../lists/bcms_setimes/list.bcms_setimes.attrib=lime_mpd=2_thresh=0.7_docnorm=F_tfidf=F.csv
0.205,0.795,0.0,0.0,0.0,0.0,0.0,200,../../lists/bcms_setimes/list.bcms_setimes.attrib=lime_mpd=2_thresh=0.7_docnorm=F_tfidf=T.csv
0.285,0.68,0.0,0.0,0.0,0.0,0.0,200,../../lists/bcms_setimes/list.bcms_setimes.attrib=lime_mpd=2_thresh=0.7_docnorm=T_tfidf=F.csv
0.345,0.63,0.0,0.0,0.0,0.0,0.0,200,../../lists/bcms_setimes/list.bcms_setimes.attrib=lime_mpd=2_thresh=0.7_docnorm=T_tfidf=T.csv
0.21,0.79,0.0,0.0,0.0,0.0,0.0,200,../../lists/bcms_setimes/list.bcms_setimes.attrib=lime_mpd=2_thresh=0.8_docnorm=F_tfidf=F.csv
0.205,0.795,0.0,0.0,0.0,0.0,0.0,200,../../lists/bcms_setimes/list.bcms_setimes.attrib=lime_mpd=2_thresh=0.8_docnorm=F_tfidf=T.csv
0.3,0.68,0.0,0.0,0.0,0.0,0.0,200,../../lists/bcms_setimes/list.bcms_setimes.attrib=lime_mpd=2_thresh=0.8_docnorm=T_tfidf=F.csv
0.34,0.64,0.0,0.0,0.0,0.0,0.0,200,../../lists/bcms_setimes/list.bcms_setimes.attrib=lime_mpd=2_thresh=0.8_docnorm=T_tfidf=T.csv
0.21,0.79,0.0,0.0,0.0,0.0,0.0,200,../../lists/bcms_setimes/list.bcms_setimes.attrib=lime_mpd=2_thresh=0.9_docnorm=F_tfidf=F.csv
0.205,0.795,0.0,0.0,0.0,0.0,0.0,200,../../lists/bcms_setimes/list.bcms_setimes.attrib=lime_mpd=2_thresh=0.9_docnorm=F_tfidf=T.csv
0.275,0.705,0.0,0.0,0.0,0.0,0.0,200,../../lists/bcms_setimes/list.bcms_setimes.attrib=lime_mpd=2_thresh=0.9_docnorm=T_tfidf=F.csv
0.33,0.655,0.0,0.0,0.0,0.0,0.0,200,../../lists/bcms_setimes/list.bcms_setimes.attrib=lime_mpd=2_thresh=0.9_docnorm=T_tfidf=T.csv
0.21,0.79,0.0,0.0,0.0,0.0,0.0,200,../../lists/bcms_setimes/list.bcms_setimes.attrib=lime_mpd=2_thresh=1.0_docnorm=F_tfidf=F.csv
0.22,0.78,0.0,0.0,0.0,0.0,0.0,200,../../lists/bcms_setimes/list.bcms_setimes.attrib=lime_mpd=2_thresh=1.0_docnorm=F_tfidf=T.csv
0.32,0.675,0.0,0.0,0.0,0.0,0.0,200,../../lists/bcms_setimes/list.bcms_setimes.attrib=lime_mpd=2_thresh=1.0_docnorm=T_tfidf=F.csv
0.36,0.64,0.0,0.0,0.0,0.0,0.0,200,../../lists/bcms_setimes/list.bcms_setimes.attrib=lime_mpd=2_thresh=1.0_docnorm=T_tfidf=T.csv
0.2,0.8,0.0,0.0,0.0,0.0,0.0,200,../../lists/bcms_setimes/list.bcms_setimes.attrib=lime_mpd=3_thresh=0.1_docnorm=F_tfidf=F.csv
0.19,0.81,0.0,0.0,0.0,0.0,0.0,200,../../lists/bcms_setimes/list.bcms_setimes.attrib=lime_mpd=3_thresh=0.1_docnorm=F_tfidf=T.csv
0.51,0.23,0.0,0.0,0.0,0.0,0.0,200,../../lists/bcms_setimes/list.bcms_setimes.attrib=lime_mpd=3_thresh=0.1_docnorm=T_tfidf=F.csv
0.37,0.38,0.0,0.0,0.0,0.0,0.0,200,../../lists/bcms_setimes/list.bcms_setimes.attrib=lime_mpd=3_thresh=0.1_docnorm=T_tfidf=T.csv
0.2,0.8,0.0,0.0,0.0,0.0,0.0,200,../../lists/bcms_setimes/list.bcms_setimes.attrib=lime_mpd=3_thresh=0.2_docnorm=F_tfidf=F.csv
0.19,0.81,0.0,0.0,0.0,0.0,0.0,200,../../lists/bcms_setimes/list.bcms_setimes.attrib=lime_mpd=3_thresh=0.2_docnorm=F_tfidf=T.csv
0.505,0.365,0.0,0.0,0.0,0.0,0.0,200,../../lists/bcms_setimes/list.bcms_setimes.attrib=lime_mpd=3_thresh=0.2_docnorm=T_tfidf=F.csv
0.42,0.405,0.0,0.0,0.0,0.0,0.0,200,../../lists/bcms_setimes/list.bcms_setimes.attrib=lime_mpd=3_thresh=0.2_docnorm=T_tfidf=T.csv
0.2,0.8,0.0,0.0,0.0,0.0,0.0,200,../../lists/bcms_setimes/list.bcms_setimes.attrib=lime_mpd=3_thresh=0.3_docnorm=F_tfidf=F.csv
0.19,0.81,0.0,0.0,0.0,0.0,0.0,200,../../lists/bcms_setimes/list.bcms_setimes.attrib=lime_mpd=3_thresh=0.3_docnorm=F_tfidf=T.csv
0.46,0.425,0.0,0.0,0.0,0.0,0.0,200,../../lists/bcms_setimes/list.bcms_setimes.attrib=lime_mpd=3_thresh=0.3_docnorm=T_tfidf=F.csv
0.4,0.445,0.0,0.0,0.0,0.0,0.0,200,../../lists/bcms_setimes/list.bcms_setimes.attrib=lime_mpd=3_thresh=0.3_docnorm=T_tfidf=T.csv
0.2,0.8,0.0,0.0,0.0,0.0,0.0,200,../../lists/bcms_setimes/list.bcms_setimes.attrib=lime_mpd=3_thresh=0.4_docnorm=F_tfidf=F.csv
0.19,0.81,0.0,0.0,0.0,0.0,0.0,200,../../lists/bcms_setimes/list.bcms_setimes.attrib=lime_mpd=3_thresh=0.4_docnorm=F_tfidf=T.csv
0.435,0.48,0.0,0.0,0.0,0.0,0.0,200,../../lists/bcms_setimes/list.bcms_setimes.attrib=lime_mpd=3_thresh=0.4_docnorm=T_tfidf=F.csv
0.405,0.475,0.0,0.0,0.0,0.0,0.0,200,../../lists/bcms_setimes/list.bcms_setimes.attrib=lime_mpd=3_thresh=0.4_docnorm=T_tfidf=T.csv
0.2,0.8,0.0,0.0,0.0,0.0,0.0,200,../../lists/bcms_setimes/list.bcms_setimes.attrib=lime_mpd=3_thresh=0.5_docnorm=F_tfidf=F.csv
0.19,0.81,0.0,0.0,0.0,0.0,0.0,200,../../lists/bcms_setimes/list.bcms_setimes.attrib=lime_mpd=3_thresh=0.5_docnorm=F_tfidf=T.csv
0.425,0.525,0.0,0.0,0.0,0.0,0.0,200,../../lists/bcms_setimes/list.bcms_setimes.attrib=lime_mpd=3_thresh=0.5_docnorm=T_tfidf=F.csv
0.36,0.555,0.0,0.0,0.0,0.0,0.0,200,../../lists/bcms_setimes/list.bcms_setimes.attrib=lime_mpd=3_thresh=0.5_docnorm=T_tfidf=T.csv
0.2,0.8,0.0,0.0,0.0,0.0,0.0,200,../../lists/bcms_setimes/list.bcms_setimes.attrib=lime_mpd=3_thresh=0.6_docnorm=F_tfidf=F.csv
0.19,0.81,0.0,0.0,0.0,0.0,0.0,200,../../lists/bcms_setimes/list.bcms_setimes.attrib=lime_mpd=3_thresh=0.6_docnorm=F_tfidf=T.csv
0.385,0.58,0.0,0.0,0.0,0.0,0.0,200,../../lists/bcms_setimes/list.bcms_setimes.attrib=lime_mpd=3_thresh=0.6_docnorm=T_tfidf=F.csv
0.425,0.525,0.0,0.0,0.0,0.0,0.0,200,../../lists/bcms_setimes/list.bcms_setimes.attrib=lime_mpd=3_thresh=0.6_docnorm=T_tfidf=T.csv
0.2,0.8,0.0,0.0,0.0,0.0,0.0,200,../../lists/bcms_setimes/list.bcms_setimes.attrib=lime_mpd=3_thresh=0.7_docnorm=F_tfidf=F.csv
0.19,0.81,0.0,0.0,0.0,0.0,0.0,200,../../lists/bcms_setimes/list.bcms_setimes.attrib=lime_mpd=3_thresh=0.7_docnorm=F_tfidf=T.csv
0.35,0.59,0.0,0.0,0.0,0.0,0.0,200,../../lists/bcms_setimes/list.bcms_setimes.attrib=lime_mpd=3_thresh=0.7_docnorm=T_tfidf=F.csv
0.365,0.605,0.0,0.0,0.0,0.0,0.0,200,../../lists/bcms_setimes/list.bcms_setimes.attrib=lime_mpd=3_thresh=0.7_docnorm=T_tfidf=T.csv
0.2,0.8,0.0,0.0,0.0,0.0,0.0,200,../../lists/bcms_setimes/list.bcms_setimes.attrib=lime_mpd=3_thresh=0.8_docnorm=F_tfidf=F.csv
0.19,0.81,0.0,0.0,0.0,0.0,0.0,200,../../lists/bcms_setimes/list.bcms_setimes.attrib=lime_mpd=3_thresh=0.8_docnorm=F_tfidf=T.csv
0.345,0.615,0.0,0.0,0.0,0.0,0.0,200,../../lists/bcms_setimes/list.bcms_setimes.attrib=lime_mpd=3_thresh=0.8_docnorm=T_tfidf=F.csv
0.355,0.615,0.0,0.0,0.0,0.0,0.0,200,../../lists/bcms_setimes/list.bcms_setimes.attrib=lime_mpd=3_thresh=0.8_docnorm=T_tfidf=T.csv
0.2,0.8,0.0,0.0,0.0,0.0,0.0,200,../../lists/bcms_setimes/list.bcms_setimes.attrib=lime_mpd=3_thresh=0.9_docnorm=F_tfidf=F.csv
0.19,0.81,0.0,0.0,0.0,0.0,0.0,200,../../lists/bcms_setimes/list.bcms_setimes.attrib=lime_mpd=3_thresh=0.9_docnorm=F_tfidf=T.csv
0.34,0.62,0.0,0.0,0.0,0.0,0.0,200,../../lists/bcms_setimes/list.bcms_setimes.attrib=lime_mpd=3_thresh=0.9_docnorm=T_tfidf=F.csv
0.4,0.575,0.0,0.0,0.0,0.0,0.0,200,../../lists/bcms_setimes/list.bcms_setimes.attrib=lime_mpd=3_thresh=0.9_docnorm=T_tfidf=T.csv
0.2,0.8,0.0,0.0,0.0,0.0,0.0,200,../../lists/bcms_setimes/list.bcms_setimes.attrib=lime_mpd=3_thresh=1.0_docnorm=F_tfidf=F.csv
0.19,0.81,0.0,0.0,0.0,0.0,0.0,200,../../lists/bcms_setimes/list.bcms_setimes.attrib=lime_mpd=3_thresh=1.0_docnorm=F_tfidf=T.csv
0.345,0.64,0.0,0.0,0.0,0.0,0.0,200,../../lists/bcms_setimes/list.bcms_setimes.attrib=lime_mpd=3_thresh=1.0_docnorm=T_tfidf=F.csv
0.38,0.6,0.0,0.0,0.0,0.0,0.0,200,../../lists/bcms_setimes/list.bcms_setimes.attrib=lime_mpd=3_thresh=1.0_docnorm=T_tfidf=T.csv
0.18,0.82,0.0,0.0,0.0,0.0,0.0,200,../../lists/bcms_setimes/list.bcms_setimes.attrib=lime_mpd=4_thresh=0.1_docnorm=F_tfidf=F.csv
0.185,0.815,0.0,0.0,0.0,0.0,0.0,200,../../lists/bcms_setimes/list.bcms_setimes.attrib=lime_mpd=4_thresh=0.1_docnorm=F_tfidf=T.csv
0.515,0.21,0.0,0.0,0.0,0.0,0.0,200,../../lists/bcms_setimes/list.bcms_setimes.attrib=lime_mpd=4_thresh=0.1_docnorm=T_tfidf=F.csv
0.405,0.345,0.0,0.0,0.0,0.0,0.0,200,../../lists/bcms_setimes/list.bcms_setimes.attrib=lime_mpd=4_thresh=0.1_docnorm=T_tfidf=T.csv
0.18,0.82,0.0,0.0,0.0,0.0,0.0,200,../../lists/bcms_setimes/list.bcms_setimes.attrib=lime_mpd=4_thresh=0.2_docnorm=F_tfidf=F.csv
0.185,0.815,0.0,0.0,0.0,0.0,0.0,200,../../lists/bcms_setimes/list.bcms_setimes.attrib=lime_mpd=4_thresh=0.2_docnorm=F_tfidf=T.csv
0.515,0.34,0.0,0.0,0.0,0.0,0.0,200,../../lists/bcms_setimes/list.bcms_setimes.attrib=lime_mpd=4_thresh=0.2_docnorm=T_tfidf=F.csv
0.39,0.41,0.0,0.0,0.0,0.0,0.0,200,../../lists/bcms_setimes/list.bcms_setimes.attrib=lime_mpd=4_thresh=0.2_docnorm=T_tfidf=T.csv
0.18,0.82,0.0,0.0,0.0,0.0,0.0,200,../../lists/bcms_setimes/list.bcms_setimes.attrib=lime_mpd=4_thresh=0.3_docnorm=F_tfidf=F.csv
0.185,0.815,0.0,0.0,0.0,0.0,0.0,200,../../lists/bcms_setimes/list.bcms_setimes.attrib=lime_mpd=4_thresh=0.3_docnorm=F_tfidf=T.csv
0.465,0.435,0.0,0.0,0.0,0.0,0.0,200,../../lists/bcms_setimes/list.bcms_setimes.attrib=lime_mpd=4_thresh=0.3_docnorm=T_tfidf=F.csv
0.42,0.44,0.0,0.0,0.0,0.0,0.0,200,../../lists/bcms_setimes/list.bcms_setimes.attrib=lime_mpd=4_thresh=0.3_docnorm=T_tfidf=T.csv
0.18,0.82,0.0,0.0,0.0,0.0,0.0,200,../../lists/bcms_setimes/list.bcms_setimes.attrib=lime_mpd=4_thresh=0.4_docnorm=F_tfidf=F.csv
0.185,0.815,0.0,0.0,0.0,0.0,0.0,200,../../lists/bcms_setimes/list.bcms_setimes.attrib=lime_mpd=4_thresh=0.4_docnorm=F_tfidf=T.csv
0.44,0.47,0.0,0.0,0.0,0.0,0.0,200,../../lists/bcms_setimes/list.bcms_setimes.attrib=lime_mpd=4_thresh=0.4_docnorm=T_tfidf=F.csv
0.405,0.46,0.0,0.0,0.0,0.0,0.0,200,../../lists/bcms_setimes/list.bcms_setimes.attrib=lime_mpd=4_thresh=0.4_docnorm=T_tfidf=T.csv
0.18,0.82,0.0,0.0,0.0,0.0,0.0,200,../../lists/bcms_setimes/list.bcms_setimes.attrib=lime_mpd=4_thresh=0.5_docnorm=F_tfidf=F.csv
0.185,0.815,0.0,0.0,0.0,0.0,0.0,200,../../lists/bcms_setimes/list.bcms_setimes.attrib=lime_mpd=4_thresh=0.5_docnorm=F_tfidf=T.csv
0.46,0.49,0.0,0.0,0.0,0.0,0.0,200,../../lists/bcms_setimes/list.bcms_setimes.attrib=lime_mpd=4_thresh=0.5_docnorm=T_tfidf=F.csv
0.415,0.485,0.0,0.0,0.0,0.0,0.0,200,../../lists/bcms_setimes/list.bcms_setimes.attrib=lime_mpd=4_thresh=0.5_docnorm=T_tfidf=T.csv
0.18,0.82,0.0,0.0,0.0,0.0,0.0,200,../../lists/bcms_setimes/list.bcms_setimes.attrib=lime_mpd=4_thresh=0.6_docnorm=F_tfidf=F.csv
0.185,0.815,0.0,0.0,0.0,0.0,0.0,200,../../lists/bcms_setimes/list.bcms_setimes.attrib=lime_mpd=4_thresh=0.6_docnorm=F_tfidf=T.csv
0.47,0.495,0.0,0.0,0.0,0.0,0.0,200,../../lists/bcms_setimes/list.bcms_setimes.attrib=lime_mpd=4_thresh=0.6_docnorm=T_tfidf=F.csv
0.415,0.52,0.0,0.0,0.0,0.0,0.0,200,../../lists/bcms_setimes/list.bcms_setimes.attrib=lime_mpd=4_thresh=0.6_docnorm=T_tfidf=T.csv
0.18,0.82,0.0,0.0,0.0,0.0,0.0,200,../../lists/bcms_setimes/list.bcms_setimes.attrib=lime_mpd=4_thresh=0.7_docnorm=F_tfidf=F.csv
0.185,0.815,0.0,0.0,0.0,0.0,0.0,200,../../lists/bcms_setimes/list.bcms_setimes.attrib=lime_mpd=4_thresh=0.7_docnorm=F_tfidf=T.csv
0.41,0.54,0.0,0.0,0.0,0.0,0.0,200,../../lists/bcms_setimes/list.bcms_setimes.attrib=lime_mpd=4_thresh=0.7_docnorm=T_tfidf=F.csv
0.405,0.56,0.0,0.0,0.0,0.0,0.0,200,../../lists/bcms_setimes/list.bcms_setimes.attrib=lime_mpd=4_thresh=0.7_docnorm=T_tfidf=T.csv
0.18,0.82,0.0,0.0,0.0,0.0,0.0,200,../../lists/bcms_setimes/list.bcms_setimes.attrib=lime_mpd=4_thresh=0.8_docnorm=F_tfidf=F.csv
0.185,0.815,0.0,0.0,0.0,0.0,0.0,200,../../lists/bcms_setimes/list.bcms_setimes.attrib=lime_mpd=4_thresh=0.8_docnorm=F_tfidf=T.csv
0.37,0.58,0.0,0.0,0.0,0.0,0.0,200,../../lists/bcms_setimes/list.bcms_setimes.attrib=lime_mpd=4_thresh=0.8_docnorm=T_tfidf=F.csv
0.36,0.61,0.0,0.0,0.0,0.0,0.0,200,../../lists/bcms_setimes/list.bcms_setimes.attrib=lime_mpd=4_thresh=0.8_docnorm=T_tfidf=T.csv
0.18,0.82,0.0,0.0,0.0,0.0,0.0,200,../../lists/bcms_setimes/list.bcms_setimes.attrib=lime_mpd=4_thresh=0.9_docnorm=F_tfidf=F.csv
0.185,0.815,0.0,0.0,0.0,0.0,0.0,200,../../lists/bcms_setimes/list.bcms_setimes.attrib=lime_mpd=4_thresh=0.9_docnorm=F_tfidf=T.csv
0.415,0.555,0.0,0.0,0.0,0.0,0.0,200,../../lists/bcms_setimes/list.bcms_setimes.attrib=lime_mpd=4_thresh=0.9_docnorm=T_tfidf=F.csv
0.42,0.565,0.0,0.0,0.0,0.0,0.0,200,../../lists/bcms_setimes/list.bcms_setimes.attrib=lime_mpd=4_thresh=0.9_docnorm=T_tfidf=T.csv
0.18,0.82,0.0,0.0,0.0,0.0,0.0,200,../../lists/bcms_setimes/list.bcms_setimes.attrib=lime_mpd=4_thresh=1.0_docnorm=F_tfidf=F.csv
0.185,0.815,0.0,0.0,0.0,0.0,0.0,200,../../lists/bcms_setimes/list.bcms_setimes.attrib=lime_mpd=4_thresh=1.0_docnorm=F_tfidf=T.csv
0.365,0.615,0.0,0.0,0.0,0.0,0.0,200,../../lists/bcms_setimes/list.bcms_setimes.attrib=lime_mpd=4_thresh=1.0_docnorm=T_tfidf=F.csv
0.365,0.605,0.0,0.0,0.0,0.0,0.0,200,../../lists/bcms_setimes/list.bcms_setimes.attrib=lime_mpd=4_thresh=1.0_docnorm=T_tfidf=T.csv
0.18,0.82,0.0,0.0,0.0,0.0,0.0,200,../../lists/bcms_setimes/list.bcms_setimes.attrib=lime_mpd=5_thresh=0.1_docnorm=F_tfidf=F.csv
0.185,0.815,0.0,0.0,0.0,0.0,0.0,200,../../lists/bcms_setimes/list.bcms_setimes.attrib=lime_mpd=5_thresh=0.1_docnorm=F_tfidf=T.csv
0.525,0.2,0.0,0.0,0.0,0.0,0.0,200,../../lists/bcms_setimes/list.bcms_setimes.attrib=lime_mpd=5_thresh=0.1_docnorm=T_tfidf=F.csv
0.415,0.325,0.0,0.0,0.0,0.0,0.0,200,../../lists/bcms_setimes/list.bcms_setimes.attrib=lime_mpd=5_thresh=0.1_docnorm=T_tfidf=T.csv
0.18,0.82,0.0,0.0,0.0,0.0,0.0,200,../../lists/bcms_setimes/list.bcms_setimes.attrib=lime_mpd=5_thresh=0.2_docnorm=F_tfidf=F.csv
0.185,0.815,0.0,0.0,0.0,0.0,0.0,200,../../lists/bcms_setimes/list.bcms_setimes.attrib=lime_mpd=5_thresh=0.2_docnorm=F_tfidf=T.csv
0.515,0.33,0.0,0.0,0.0,0.0,0.0,200,../../lists/bcms_setimes/list.bcms_setimes.attrib=lime_mpd=5_thresh=0.2_docnorm=T_tfidf=F.csv
0.39,0.415,0.0,0.0,0.0,0.0,0.0,200,../../lists/bcms_setimes/list.bcms_setimes.attrib=lime_mpd=5_thresh=0.2_docnorm=T_tfidf=T.csv
0.18,0.82,0.0,0.0,0.0,0.0,0.0,200,../../lists/bcms_setimes/list.bcms_setimes.attrib=lime_mpd=5_thresh=0.3_docnorm=F_tfidf=F.csv
0.185,0.815,0.0,0.0,0.0,0.0,0.0,200,../../lists/bcms_setimes/list.bcms_setimes.attrib=lime_mpd=5_thresh=0.3_docnorm=F_tfidf=T.csv
0.475,0.425,0.0,0.0,0.0,0.0,0.0,200,../../lists/bcms_setimes/list.bcms_setimes.attrib=lime_mpd=5_thresh=0.3_docnorm=T_tfidf=F.csv
0.445,0.405,0.0,0.0,0.0,0.0,0.0,200,../../lists/bcms_setimes/list.bcms_setimes.attrib=lime_mpd=5_thresh=0.3_docnorm=T_tfidf=T.csv
0.18,0.82,0.0,0.0,0.0,0.0,0.0,200,../../lists/bcms_setimes/list.bcms_setimes.attrib=lime_mpd=5_thresh=0.4_docnorm=F_tfidf=F.csv
0.185,0.815,0.0,0.0,0.0,0.0,0.0,200,../../lists/bcms_setimes/list.bcms_setimes.attrib=lime_mpd=5_thresh=0.4_docnorm=F_tfidf=T.csv
0.46,0.45,0.0,0.0,0.0,0.0,0.0,200,../../lists/bcms_setimes/list.bcms_setimes.attrib=lime_mpd=5_thresh=0.4_docnorm=T_tfidf=F.csv
0.44,0.415,0.0,0.0,0.0,0.0,0.0,200,../../lists/bcms_setimes/list.bcms_setimes.attrib=lime_mpd=5_thresh=0.4_docnorm=T_tfidf=T.csv
0.18,0.82,0.0,0.0,0.0,0.0,0.0,200,../../lists/bcms_setimes/list.bcms_setimes.attrib=lime_mpd=5_thresh=0.5_docnorm=F_tfidf=F.csv
0.185,0.815,0.0,0.0,0.0,0.0,0.0,200,../../lists/bcms_setimes/list.bcms_setimes.attrib=lime_mpd=5_thresh=0.5_docnorm=F_tfidf=T.csv
0.485,0.47,0.0,0.0,0.0,0.0,0.0,200,../../lists/bcms_setimes/list.bcms_setimes.attrib=lime_mpd=5_thresh=0.5_docnorm=T_tfidf=F.csv
0.42,0.49,0.0,0.0,0.0,0.0,0.0,200,../../lists/bcms_setimes/list.bcms_setimes.attrib=lime_mpd=5_thresh=0.5_docnorm=T_tfidf=T.csv
0.18,0.82,0.0,0.0,0.0,0.0,0.0,200,../../lists/bcms_setimes/list.bcms_setimes.attrib=lime_mpd=5_thresh=0.6_docnorm=F_tfidf=F.csv
0.185,0.815,0.0,0.0,0.0,0.0,0.0,200,../../lists/bcms_setimes/list.bcms_setimes.attrib=lime_mpd=5_thresh=0.6_docnorm=F_tfidf=T.csv
0.465,0.495,0.0,0.0,0.0,0.0,0.0,200,../../lists/bcms_setimes/list.bcms_setimes.attrib=lime_mpd=5_thresh=0.6_docnorm=T_tfidf=F.csv
0.425,0.515,0.0,0.0,0.0,0.0,0.0,200,../../lists/bcms_setimes/list.bcms_setimes.attrib=lime_mpd=5_thresh=0.6_docnorm=T_tfidf=T.csv
0.18,0.82,0.0,0.0,0.0,0.0,0.0,200,../../lists/bcms_setimes/list.bcms_setimes.attrib=lime_mpd=5_thresh=0.7_docnorm=F_tfidf=F.csv
0.185,0.815,0.0,0.0,0.0,0.0,0.0,200,../../lists/bcms_setimes/list.bcms_setimes.attrib=lime_mpd=5_thresh=0.7_docnorm=F_tfidf=T.csv
0.455,0.505,0.0,0.0,0.0,0.0,0.0,200,../../lists/bcms_setimes/list.bcms_setimes.attrib=lime_mpd=5_thresh=0.7_docnorm=T_tfidf=F.csv
0.43,0.525,0.0,0.0,0.0,0.0,0.0,200,../../lists/bcms_setimes/list.bcms_setimes.attrib=lime_mpd=5_thresh=0.7_docnorm=T_tfidf=T.csv
0.18,0.82,0.0,0.0,0.0,0.0,0.0,200,../../lists/bcms_setimes/list.bcms_setimes.attrib=lime_mpd=5_thresh=0.8_docnorm=F_tfidf=F.csv
0.185,0.815,0.0,0.0,0.0,0.0,0.0,200,../../lists/bcms_setimes/list.bcms_setimes.attrib=lime_mpd=5_thresh=0.8_docnorm=F_tfidf=T.csv
0.425,0.53,0.0,0.0,0.0,0.0,0.0,200,../../lists/bcms_setimes/list.bcms_setimes.attrib=lime_mpd=5_thresh=0.8_docnorm=T_tfidf=F.csv
0.385,0.585,0.0,0.0,0.0,0.0,0.0,200,../../lists/bcms_setimes/list.bcms_setimes.attrib=lime_mpd=5_thresh=0.8_docnorm=T_tfidf=T.csv
0.18,0.82,0.0,0.0,0.0,0.0,0.0,200,../../lists/bcms_setimes/list.bcms_setimes.attrib=lime_mpd=5_thresh=0.9_docnorm=F_tfidf=F.csv
0.185,0.815,0.0,0.0,0.0,0.0,0.0,200,../../lists/bcms_setimes/list.bcms_setimes.attrib=lime_mpd=5_thresh=0.9_docnorm=F_tfidf=T.csv
0.46,0.515,0.0,0.0,0.0,0.0,0.0,200,../../lists/bcms_setimes/list.bcms_setimes.attrib=lime_mpd=5_thresh=0.9_docnorm=T_tfidf=F.csv
0.42,0.57,0.0,0.0,0.0,0.0,0.0,200,../../lists/bcms_setimes/list.bcms_setimes.attrib=lime_mpd=5_thresh=0.9_docnorm=T_tfidf=T.csv
0.18,0.82,0.0,0.0,0.0,0.0,0.0,200,../../lists/bcms_setimes/list.bcms_setimes.attrib=lime_mpd=5_thresh=1.0_docnorm=F_tfidf=F.csv
0.185,0.815,0.0,0.0,0.0,0.0,0.0,200,../../lists/bcms_setimes/list.bcms_setimes.attrib=lime_mpd=5_thresh=1.0_docnorm=F_tfidf=T.csv
0.39,0.595,0.0,0.0,0.0,0.0,0.0,200,../../lists/bcms_setimes/list.bcms_setimes.attrib=lime_mpd=5_thresh=1.0_docnorm=T_tfidf=F.csv
0.415,0.56,0.0,0.0,0.0,0.0,0.0,200,../../lists/bcms_setimes/list.bcms_setimes.attrib=lime_mpd=5_thresh=1.0_docnorm=T_tfidf=T.csv
0.18,0.82,0.0,0.0,0.0,0.0,0.0,200,../../lists/bcms_setimes/list.bcms_setimes.attrib=lime_mpd=6_thresh=0.1_docnorm=F_tfidf=F.csv
0.185,0.815,0.0,0.0,0.0,0.0,0.0,200,../../lists/bcms_setimes/list.bcms_setimes.attrib=lime_mpd=6_thresh=0.1_docnorm=F_tfidf=T.csv
0.54,0.185,0.0,0.0,0.0,0.0,0.0,200,../../lists/bcms_setimes/list.bcms_setimes.attrib=lime_mpd=6_thresh=0.1_docnorm=T_tfidf=F.csv
0.425,0.325,0.0,0.0,0.0,0.0,0.0,200,../../lists/bcms_setimes/list.bcms_setimes.attrib=lime_mpd=6_thresh=0.1_docnorm=T_tfidf=T.csv
0.18,0.82,0.0,0.0,0.0,0.0,0.0,200,../../lists/bcms_setimes/list.bcms_setimes.attrib=lime_mpd=6_thresh=0.2_docnorm=F_tfidf=F.csv
0.185,0.815,0.0,0.0,0.0,0.0,0.0,200,../../lists/bcms_setimes/list.bcms_setimes.attrib=lime_mpd=6_thresh=0.2_docnorm=F_tfidf=T.csv
0.515,0.32,0.0,0.0,0.0,0.0,0.0,200,../../lists/bcms_setimes/list.bcms_setimes.attrib=lime_mpd=6_thresh=0.2_docnorm=T_tfidf=F.csv
0.39,0.425,0.0,0.0,0.0,0.0,0.0,200,../../lists/bcms_setimes/list.bcms_setimes.attrib=lime_mpd=6_thresh=0.2_docnorm=T_tfidf=T.csv
0.18,0.82,0.0,0.0,0.0,0.0,0.0,200,../../lists/bcms_setimes/list.bcms_setimes.attrib=lime_mpd=6_thresh=0.3_docnorm=F_tfidf=F.csv
0.185,0.815,0.0,0.0,0.0,0.0,0.0,200,../../lists/bcms_setimes/list.bcms_setimes.attrib=lime_mpd=6_thresh=0.3_docnorm=F_tfidf=T.csv
0.495,0.41,0.0,0.0,0.0,0.0,0.0,200,../../lists/bcms_setimes/list.bcms_setimes.attrib=lime_mpd=6_thresh=0.3_docnorm=T_tfidf=F.csv
0.445,0.405,0.0,0.0,0.0,0.0,0.0,200,../../lists/bcms_setimes/list.bcms_setimes.attrib=lime_mpd=6_thresh=0.3_docnorm=T_tfidf=T.csv
0.18,0.82,0.0,0.0,0.0,0.0,0.0,200,../../lists/bcms_setimes/list.bcms_setimes.attrib=lime_mpd=6_thresh=0.4_docnorm=F_tfidf=F.csv
0.185,0.815,0.0,0.0,0.0,0.0,0.0,200,../../lists/bcms_setimes/list.bcms_setimes.attrib=lime_mpd=6_thresh=0.4_docnorm=F_tfidf=T.csv
0.475,0.44,0.0,0.0,0.0,0.0,0.0,200,../../lists/bcms_setimes/list.bcms_setimes.attrib=lime_mpd=6_thresh=0.4_docnorm=T_tfidf=F.csv
0.435,0.42,0.0,0.0,0.0,0.0,0.0,200,../../lists/bcms_setimes/list.bcms_setimes.attrib=lime_mpd=6_thresh=0.4_docnorm=T_tfidf=T.csv
0.18,0.82,0.0,0.0,0.0,0.0,0.0,200,../../lists/bcms_setimes/list.bcms_setimes.attrib=lime_mpd=6_thresh=0.5_docnorm=F_tfidf=F.csv
0.185,0.815,0.0,0.0,0.0,0.0,0.0,200,../../lists/bcms_setimes/list.bcms_setimes.attrib=lime_mpd=6_thresh=0.5_docnorm=F_tfidf=T.csv
0.5,0.455,0.0,0.0,0.0,0.0,0.0,200,../../lists/bcms_setimes/list.bcms_setimes.attrib=lime_mpd=6_thresh=0.5_docnorm=T_tfidf=F.csv
0.455,0.445,0.0,0.0,0.0,0.0,0.0,200,../../lists/bcms_setimes/list.bcms_setimes.attrib=lime_mpd=6_thresh=0.5_docnorm=T_tfidf=T.csv
0.18,0.82,0.0,0.0,0.0,0.0,0.0,200,../../lists/bcms_setimes/list.bcms_setimes.attrib=lime_mpd=6_thresh=0.6_docnorm=F_tfidf=F.csv
0.185,0.815,0.0,0.0,0.0,0.0,0.0,200,../../lists/bcms_setimes/list.bcms_setimes.attrib=lime_mpd=6_thresh=0.6_docnorm=F_tfidf=T.csv
0.47,0.485,0.0,0.0,0.0,0.0,0.0,200,../../lists/bcms_setimes/list.bcms_setimes.attrib=lime_mpd=6_thresh=0.6_docnorm=T_tfidf=F.csv
0.45,0.48,0.0,0.0,0.0,0.0,0.0,200,../../lists/bcms_setimes/list.bcms_setimes.attrib=lime_mpd=6_thresh=0.6_docnorm=T_tfidf=T.csv
0.18,0.82,0.0,0.0,0.0,0.0,0.0,200,../../lists/bcms_setimes/list.bcms_setimes.attrib=lime_mpd=6_thresh=0.7_docnorm=F_tfidf=F.csv
0.185,0.815,0.0,0.0,0.0,0.0,0.0,200,../../lists/bcms_setimes/list.bcms_setimes.attrib=lime_mpd=6_thresh=0.7_docnorm=F_tfidf=T.csv
0.455,0.5,0.0,0.0,0.0,0.0,0.0,200,../../lists/bcms_setimes/list.bcms_setimes.attrib=lime_mpd=6_thresh=0.7_docnorm=T_tfidf=F.csv
0.455,0.495,0.0,0.0,0.0,0.0,0.0,200,../../lists/bcms_setimes/list.bcms_setimes.attrib=lime_mpd=6_thresh=0.7_docnorm=T_tfidf=T.csv
0.18,0.82,0.0,0.0,0.0,0.0,0.0,200,../../lists/bcms_setimes/list.bcms_setimes.attrib=lime_mpd=6_thresh=0.8_docnorm=F_tfidf=F.csv
0.185,0.815,0.0,0.0,0.0,0.0,0.0,200,../../lists/bcms_setimes/list.bcms_setimes.attrib=lime_mpd=6_thresh=0.8_docnorm=F_tfidf=T.csv
0.45,0.51,0.0,0.0,0.0,0.0,0.0,200,../../lists/bcms_setimes/list.bcms_setimes.attrib=lime_mpd=6_thresh=0.8_docnorm=T_tfidf=F.csv
0.415,0.55,0.0,0.0,0.0,0.0,0.0,200,../../lists/bcms_setimes/list.bcms_setimes.attrib=lime_mpd=6_thresh=0.8_docnorm=T_tfidf=T.csv
0.18,0.82,0.0,0.0,0.0,0.0,0.0,200,../../lists/bcms_setimes/list.bcms_setimes.attrib=lime_mpd=6_thresh=0.9_docnorm=F_tfidf=F.csv
0.185,0.815,0.0,0.0,0.0,0.0,0.0,200,../../lists/bcms_setimes/list.bcms_setimes.attrib=lime_mpd=6_thresh=0.9_docnorm=F_tfidf=T.csv
0.465,0.51,0.0,0.0,0.0,0.0,0.0,200,../../lists/bcms_setimes/list.bcms_setimes.attrib=lime_mpd=6_thresh=0.9_docnorm=T_tfidf=F.csv
0.43,0.56,0.0,0.0,0.0,0.0,0.0,200,../../lists/bcms_setimes/list.bcms_setimes.attrib=lime_mpd=6_thresh=0.9_docnorm=T_tfidf=T.csv
0.18,0.82,0.0,0.0,0.0,0.0,0.0,200,../../lists/bcms_setimes/list.bcms_setimes.attrib=lime_mpd=6_thresh=1.0_docnorm=F_tfidf=F.csv
0.185,0.815,0.0,0.0,0.0,0.0,0.0,200,../../lists/bcms_setimes/list.bcms_setimes.attrib=lime_mpd=6_thresh=1.0_docnorm=F_tfidf=T.csv
0.415,0.57,0.0,0.0,0.0,0.0,0.0,200,../../lists/bcms_setimes/list.bcms_setimes.attrib=lime_mpd=6_thresh=1.0_docnorm=T_tfidf=F.csv
0.425,0.55,0.0,0.0,0.0,0.0,0.0,200,../../lists/bcms_setimes/list.bcms_setimes.attrib=lime_mpd=6_thresh=1.0_docnorm=T_tfidf=T.csv
0.18,0.82,0.0,0.0,0.0,0.0,0.0,200,../../lists/bcms_setimes/list.bcms_setimes.attrib=lime_mpd=7_thresh=0.1_docnorm=F_tfidf=F.csv
0.185,0.815,0.0,0.0,0.0,0.0,0.0,200,../../lists/bcms_setimes/list.bcms_setimes.attrib=lime_mpd=7_thresh=0.1_docnorm=F_tfidf=T.csv
0.53,0.19,0.0,0.0,0.0,0.0,0.0,200,../../lists/bcms_setimes/list.bcms_setimes.attrib=lime_mpd=7_thresh=0.1_docnorm=T_tfidf=F.csv
0.43,0.31,0.0,0.0,0.0,0.0,0.0,200,../../lists/bcms_setimes/list.bcms_setimes.attrib=lime_mpd=7_thresh=0.1_docnorm=T_tfidf=T.csv
0.18,0.82,0.0,0.0,0.0,0.0,0.0,200,../../lists/bcms_setimes/list.bcms_setimes.attrib=lime_mpd=7_thresh=0.2_docnorm=F_tfidf=F.csv
0.185,0.815,0.0,0.0,0.0,0.0,0.0,200,../../lists/bcms_setimes/list.bcms_setimes.attrib=lime_mpd=7_thresh=0.2_docnorm=F_tfidf=T.csv
0.515,0.325,0.0,0.0,0.0,0.0,0.0,200,../../lists/bcms_setimes/list.bcms_setimes.attrib=lime_mpd=7_thresh=0.2_docnorm=T_tfidf=F.csv
0.395,0.405,0.0,0.0,0.0,0.0,0.0,200,../../lists/bcms_setimes/list.bcms_setimes.attrib=lime_mpd=7_thresh=0.2_docnorm=T_tfidf=T.csv
0.18,0.82,0.0,0.0,0.0,0.0,0.0,200,../../lists/bcms_setimes/list.bcms_setimes.attrib=lime_mpd=7_thresh=0.3_docnorm=F_tfidf=F.csv
0.185,0.815,0.0,0.0,0.0,0.0,0.0,200,../../lists/bcms_setimes/list.bcms_setimes.attrib=lime_mpd=7_thresh=0.3_docnorm=F_tfidf=T.csv
0.5,0.405,0.0,0.0,0.0,0.0,0.0,200,../../lists/bcms_setimes/list.bcms_setimes.attrib=lime_mpd=7_thresh=0.3_docnorm=T_tfidf=F.csv
0.445,0.42,0.0,0.0,0.0,0.0,0.0,200,../../lists/bcms_setimes/list.bcms_setimes.attrib=lime_mpd=7_thresh=0.3_docnorm=T_tfidf=T.csv
0.18,0.82,0.0,0.0,0.0,0.0,0.0,200,../../lists/bcms_setimes/list.bcms_setimes.attrib=lime_mpd=7_thresh=0.4_docnorm=F_tfidf=F.csv
0.185,0.815,0.0,0.0,0.0,0.0,0.0,200,../../lists/bcms_setimes/list.bcms_setimes.attrib=lime_mpd=7_thresh=0.4_docnorm=F_tfidf=T.csv
0.48,0.44,0.0,0.0,0.0,0.0,0.0,200,../../lists/bcms_setimes/list.bcms_setimes.attrib=lime_mpd=7_thresh=0.4_docnorm=T_tfidf=F.csv
0.45,0.42,0.0,0.0,0.0,0.0,0.0,200,../../lists/bcms_setimes/list.bcms_setimes.attrib=lime_mpd=7_thresh=0.4_docnorm=T_tfidf=T.csv
0.18,0.82,0.0,0.0,0.0,0.0,0.0,200,../../lists/bcms_setimes/list.bcms_setimes.attrib=lime_mpd=7_thresh=0.5_docnorm=F_tfidf=F.csv
0.185,0.815,0.0,0.0,0.0,0.0,0.0,200,../../lists/bcms_setimes/list.bcms_setimes.attrib=lime_mpd=7_thresh=0.5_docnorm=F_tfidf=T.csv
0.515,0.44,0.0,0.0,0.0,0.0,0.0,200,../../lists/bcms_setimes/list.bcms_setimes.attrib=lime_mpd=7_thresh=0.5_docnorm=T_tfidf=F.csv
0.46,0.44,0.0,0.0,0.0,0.0,0.0,200,../../lists/bcms_setimes/list.bcms_setimes.attrib=lime_mpd=7_thresh=0.5_docnorm=T_tfidf=T.csv
0.18,0.82,0.0,0.0,0.0,0.0,0.0,200,../../lists/bcms_setimes/list.bcms_setimes.attrib=lime_mpd=7_thresh=0.6_docnorm=F_tfidf=F.csv
0.185,0.815,0.0,0.0,0.0,0.0,0.0,200,../../lists/bcms_setimes/list.bcms_setimes.attrib=lime_mpd=7_thresh=0.6_docnorm=F_tfidf=T.csv
0.5,0.45,0.0,0.0,0.0,0.0,0.0,200,../../lists/bcms_setimes/list.bcms_setimes.attrib=lime_mpd=7_thresh=0.6_docnorm=T_tfidf=F.csv
0.465,0.47,0.0,0.0,0.0,0.0,0.0,200,../../lists/bcms_setimes/list.bcms_setimes.attrib=lime_mpd=7_thresh=0.6_docnorm=T_tfidf=T.csv
0.18,0.82,0.0,0.0,0.0,0.0,0.0,200,../../lists/bcms_setimes/list.bcms_setimes.attrib=lime_mpd=7_thresh=0.7_docnorm=F_tfidf=F.csv
0.185,0.815,0.0,0.0,0.0,0.0,0.0,200,../../lists/bcms_setimes/list.bcms_setimes.attrib=lime_mpd=7_thresh=0.7_docnorm=F_tfidf=T.csv
0.47,0.495,0.0,0.0,0.0,0.0,0.0,200,../../lists/bcms_setimes/list.bcms_setimes.attrib=lime_mpd=7_thresh=0.7_docnorm=T_tfidf=F.csv
0.445,0.505,0.0,0.0,0.0,0.0,0.0,200,../../lists/bcms_setimes/list.bcms_setimes.attrib=lime_mpd=7_thresh=0.7_docnorm=T_tfidf=T.csv
0.18,0.82,0.0,0.0,0.0,0.0,0.0,200,../../lists/bcms_setimes/list.bcms_setimes.attrib=lime_mpd=7_thresh=0.8_docnorm=F_tfidf=F.csv
0.185,0.815,0.0,0.0,0.0,0.0,0.0,200,../../lists/bcms_setimes/list.bcms_setimes.attrib=lime_mpd=7_thresh=0.8_docnorm=F_tfidf=T.csv
0.455,0.505,0.0,0.0,0.0,0.0,0.0,200,../../lists/bcms_setimes/list.bcms_setimes.attrib=lime_mpd=7_thresh=0.8_docnorm=T_tfidf=F.csv
0.405,0.56,0.0,0.0,0.0,0.0,0.0,200,../../lists/bcms_setimes/list.bcms_setimes.attrib=lime_mpd=7_thresh=0.8_docnorm=T_tfidf=T.csv
0.18,0.82,0.0,0.0,0.0,0.0,0.0,200,../../lists/bcms_setimes/list.bcms_setimes.attrib=lime_mpd=7_thresh=0.9_docnorm=F_tfidf=F.csv
0.185,0.815,0.0,0.0,0.0,0.0,0.0,200,../../lists/bcms_setimes/list.bcms_setimes.attrib=lime_mpd=7_thresh=0.9_docnorm=F_tfidf=T.csv
0.46,0.52,0.0,0.0,0.0,0.0,0.0,200,../../lists/bcms_setimes/list.bcms_setimes.attrib=lime_mpd=7_thresh=0.9_docnorm=T_tfidf=F.csv
0.435,0.555,0.0,0.0,0.0,0.0,0.0,200,../../lists/bcms_setimes/list.bcms_setimes.attrib=lime_mpd=7_thresh=0.9_docnorm=T_tfidf=T.csv
0.18,0.82,0.0,0.0,0.0,0.0,0.0,200,../../lists/bcms_setimes/list.bcms_setimes.attrib=lime_mpd=7_thresh=1.0_docnorm=F_tfidf=F.csv
0.185,0.815,0.0,0.0,0.0,0.0,0.0,200,../../lists/bcms_setimes/list.bcms_setimes.attrib=lime_mpd=7_thresh=1.0_docnorm=F_tfidf=T.csv
0.435,0.55,0.0,0.0,0.0,0.0,0.0,200,../../lists/bcms_setimes/list.bcms_setimes.attrib=lime_mpd=7_thresh=1.0_docnorm=T_tfidf=F.csv
0.42,0.55,0.0,0.0,0.0,0.0,0.0,200,../../lists/bcms_setimes/list.bcms_setimes.attrib=lime_mpd=7_thresh=1.0_docnorm=T_tfidf=T.csv
0.18,0.82,0.0,0.0,0.0,0.0,0.0,200,../../lists/bcms_setimes/list.bcms_setimes.attrib=lime_mpd=8_thresh=0.1_docnorm=F_tfidf=F.csv
0.18,0.82,0.0,0.0,0.0,0.0,0.0,200,../../lists/bcms_setimes/list.bcms_setimes.attrib=lime_mpd=8_thresh=0.1_docnorm=F_tfidf=T.csv
0.525,0.19,0.0,0.0,0.0,0.0,0.0,200,../../lists/bcms_setimes/list.bcms_setimes.attrib=lime_mpd=8_thresh=0.1_docnorm=T_tfidf=F.csv
0.43,0.305,0.0,0.0,0.0,0.0,0.0,200,../../lists/bcms_setimes/list.bcms_setimes.attrib=lime_mpd=8_thresh=0.1_docnorm=T_tfidf=T.csv
0.18,0.82,0.0,0.0,0.0,0.0,0.0,200,../../lists/bcms_setimes/list.bcms_setimes.attrib=lime_mpd=8_thresh=0.2_docnorm=F_tfidf=F.csv
0.18,0.82,0.0,0.0,0.0,0.0,0.0,200,../../lists/bcms_setimes/list.bcms_setimes.attrib=lime_mpd=8_thresh=0.2_docnorm=F_tfidf=T.csv
0.515,0.33,0.0,0.0,0.0,0.0,0.0,200,../../lists/bcms_setimes/list.bcms_setimes.attrib=lime_mpd=8_thresh=0.2_docnorm=T_tfidf=F.csv
0.41,0.39,0.0,0.0,0.0,0.0,0.0,200,../../lists/bcms_setimes/list.bcms_setimes.attrib=lime_mpd=8_thresh=0.2_docnorm=T_tfidf=T.csv
0.18,0.82,0.0,0.0,0.0,0.0,0.0,200,../../lists/bcms_setimes/list.bcms_setimes.attrib=lime_mpd=8_thresh=0.3_docnorm=F_tfidf=F.csv
0.18,0.82,0.0,0.0,0.0,0.0,0.0,200,../../lists/bcms_setimes/list.bcms_setimes.attrib=lime_mpd=8_thresh=0.3_docnorm=F_tfidf=T.csv
0.495,0.405,0.0,0.0,0.0,0.0,0.0,200,../../lists/bcms_setimes/list.bcms_setimes.attrib=lime_mpd=8_thresh=0.3_docnorm=T_tfidf=F.csv
0.435,0.425,0.0,0.0,0.0,0.0,0.0,200,../../lists/bcms_setimes/list.bcms_setimes.attrib=lime_mpd=8_thresh=0.3_docnorm=T_tfidf=T.csv
0.18,0.82,0.0,0.0,0.0,0.0,0.0,200,../../lists/bcms_setimes/list.bcms_setimes.attrib=lime_mpd=8_thresh=0.4_docnorm=F_tfidf=F.csv
0.18,0.82,0.0,0.0,0.0,0.0,0.0,200,../../lists/bcms_setimes/list.bcms_setimes.attrib=lime_mpd=8_thresh=0.4_docnorm=F_tfidf=T.csv
0.485,0.45,0.0,0.0,0.0,0.0,0.0,200,../../lists/bcms_setimes/list.bcms_setimes.attrib=lime_mpd=8_thresh=0.4_docnorm=T_tfidf=F.csv
0.45,0.43,0.0,0.0,0.0,0.0,0.0,200,../../lists/bcms_setimes/list.bcms_setimes.attrib=lime_mpd=8_thresh=0.4_docnorm=T_tfidf=T.csv
0.18,0.82,0.0,0.0,0.0,0.0,0.0,200,../../lists/bcms_setimes/list.bcms_setimes.attrib=lime_mpd=8_thresh=0.5_docnorm=F_tfidf=F.csv
0.18,0.82,0.0,0.0,0.0,0.0,0.0,200,../../lists/bcms_setimes/list.bcms_setimes.attrib=lime_mpd=8_thresh=0.5_docnorm=F_tfidf=T.csv
0.52,0.42,0.0,0.0,0.0,0.0,0.0,200,../../lists/bcms_setimes/list.bcms_setimes.attrib=lime_mpd=8_thresh=0.5_docnorm=T_tfidf=F.csv
0.465,0.435,0.0,0.0,0.0,0.0,0.0,200,../../lists/bcms_setimes/list.bcms_setimes.attrib=lime_mpd=8_thresh=0.5_docnorm=T_tfidf=T.csv
0.18,0.82,0.0,0.0,0.0,0.0,0.0,200,../../lists/bcms_setimes/list.bcms_setimes.attrib=lime_mpd=8_thresh=0.6_docnorm=F_tfidf=F.csv
0.18,0.82,0.0,0.0,0.0,0.0,0.0,200,../../lists/bcms_setimes/list.bcms_setimes.attrib=lime_mpd=8_thresh=0.6_docnorm=F_tfidf=T.csv
0.495,0.455,0.0,0.0,0.0,0.0,0.0,200,../../lists/bcms_setimes/list.bcms_setimes.attrib=lime_mpd=8_thresh=0.6_docnorm=T_tfidf=F.csv
0.47,0.47,0.0,0.0,0.0,0.0,0.0,200,../../lists/bcms_setimes/list.bcms_setimes.attrib=lime_mpd=8_thresh=0.6_docnorm=T_tfidf=T.csv
0.18,0.82,0.0,0.0,0.0,0.0,0.0,200,../../lists/bcms_setimes/list.bcms_setimes.attrib=lime_mpd=8_thresh=0.7_docnorm=F_tfidf=F.csv
0.18,0.82,0.0,0.0,0.0,0.0,0.0,200,../../lists/bcms_setimes/list.bcms_setimes.attrib=lime_mpd=8_thresh=0.7_docnorm=F_tfidf=T.csv
0.475,0.49,0.0,0.0,0.0,0.0,0.0,200,../../lists/bcms_setimes/list.bcms_setimes.attrib=lime_mpd=8_thresh=0.7_docnorm=T_tfidf=F.csv
0.455,0.48,0.0,0.0,0.0,0.0,0.0,200,../../lists/bcms_setimes/list.bcms_setimes.attrib=lime_mpd=8_thresh=0.7_docnorm=T_tfidf=T.csv
0.18,0.82,0.0,0.0,0.0,0.0,0.0,200,../../lists/bcms_setimes/list.bcms_setimes.attrib=lime_mpd=8_thresh=0.8_docnorm=F_tfidf=F.csv
0.18,0.82,0.0,0.0,0.0,0.0,0.0,200,../../lists/bcms_setimes/list.bcms_setimes.attrib=lime_mpd=8_thresh=0.8_docnorm=F_tfidf=T.csv
0.475,0.485,0.0,0.0,0.0,0.0,0.0,200,../../lists/bcms_setimes/list.bcms_setimes.attrib=lime_mpd=8_thresh=0.8_docnorm=T_tfidf=F.csv
0.4,0.565,0.0,0.0,0.0,0.0,0.0,200,../../lists/bcms_setimes/list.bcms_setimes.attrib=lime_mpd=8_thresh=0.8_docnorm=T_tfidf=T.csv
0.18,0.82,0.0,0.0,0.0,0.0,0.0,200,../../lists/bcms_setimes/list.bcms_setimes.attrib=lime_mpd=8_thresh=0.9_docnorm=F_tfidf=F.csv
0.18,0.82,0.0,0.0,0.0,0.0,0.0,200,../../lists/bcms_setimes/list.bcms_setimes.attrib=lime_mpd=8_thresh=0.9_docnorm=F_tfidf=T.csv
0.47,0.515,0.0,0.0,0.0,0.0,0.0,200,../../lists/bcms_setimes/list.bcms_setimes.attrib=lime_mpd=8_thresh=0.9_docnorm=T_tfidf=F.csv
0.445,0.54,0.0,0.0,0.0,0.0,0.0,200,../../lists/bcms_setimes/list.bcms_setimes.attrib=lime_mpd=8_thresh=0.9_docnorm=T_tfidf=T.csv
0.18,0.82,0.0,0.0,0.0,0.0,0.0,200,../../lists/bcms_setimes/list.bcms_setimes.attrib=lime_mpd=8_thresh=1.0_docnorm=F_tfidf=F.csv
0.18,0.82,0.0,0.0,0.0,0.0,0.0,200,../../lists/bcms_setimes/list.bcms_setimes.attrib=lime_mpd=8_thresh=1.0_docnorm=F_tfidf=T.csv
0.44,0.545,0.0,0.0,0.0,0.0,0.0,200,../../lists/bcms_setimes/list.bcms_setimes.attrib=lime_mpd=8_thresh=1.0_docnorm=T_tfidf=F.csv
0.425,0.545,0.0,0.0,0.0,0.0,0.0,200,../../lists/bcms_setimes/list.bcms_setimes.attrib=lime_mpd=8_thresh=1.0_docnorm=T_tfidf=T.csv
0.18,0.82,0.0,0.0,0.0,0.0,0.0,200,../../lists/bcms_setimes/list.bcms_setimes.attrib=lime_mpd=9_thresh=0.1_docnorm=F_tfidf=F.csv
0.18,0.82,0.0,0.0,0.0,0.0,0.0,200,../../lists/bcms_setimes/list.bcms_setimes.attrib=lime_mpd=9_thresh=0.1_docnorm=F_tfidf=T.csv
0.52,0.195,0.0,0.0,0.0,0.0,0.0,200,../../lists/bcms_setimes/list.bcms_setimes.attrib=lime_mpd=9_thresh=0.1_docnorm=T_tfidf=F.csv
0.43,0.3,0.0,0.0,0.0,0.0,0.0,200,../../lists/bcms_setimes/list.bcms_setimes.attrib=lime_mpd=9_thresh=0.1_docnorm=T_tfidf=T.csv
0.18,0.82,0.0,0.0,0.0,0.0,0.0,200,../../lists/bcms_setimes/list.bcms_setimes.attrib=lime_mpd=9_thresh=0.2_docnorm=F_tfidf=F.csv
0.18,0.82,0.0,0.0,0.0,0.0,0.0,200,../../lists/bcms_setimes/list.bcms_setimes.attrib=lime_mpd=9_thresh=0.2_docnorm=F_tfidf=T.csv
0.525,0.32,0.0,0.0,0.0,0.0,0.0,200,../../lists/bcms_setimes/list.bcms_setimes.attrib=lime_mpd=9_thresh=0.2_docnorm=T_tfidf=F.csv
0.435,0.37,0.0,0.0,0.0,0.0,0.0,200,../../lists/bcms_setimes/list.bcms_setimes.attrib=lime_mpd=9_thresh=0.2_docnorm=T_tfidf=T.csv
0.18,0.82,0.0,0.0,0.0,0.0,0.0,200,../../lists/bcms_setimes/list.bcms_setimes.attrib=lime_mpd=9_thresh=0.3_docnorm=F_tfidf=F.csv
0.18,0.82,0.0,0.0,0.0,0.0,0.0,200,../../lists/bcms_setimes/list.bcms_setimes.attrib=lime_mpd=9_thresh=0.3_docnorm=F_tfidf=T.csv
0.495,0.4,0.0,0.0,0.0,0.0,0.0,200,../../lists/bcms_setimes/list.bcms_setimes.attrib=lime_mpd=9_thresh=0.3_docnorm=T_tfidf=F.csv
0.44,0.41,0.0,0.0,0.0,0.0,0.0,200,../../lists/bcms_setimes/list.bcms_setimes.attrib=lime_mpd=9_thresh=0.3_docnorm=T_tfidf=T.csv
0.18,0.82,0.0,0.0,0.0,0.0,0.0,200,../../lists/bcms_setimes/list.bcms_setimes.attrib=lime_mpd=9_thresh=0.4_docnorm=F_tfidf=F.csv
0.18,0.82,0.0,0.0,0.0,0.0,0.0,200,../../lists/bcms_setimes/list.bcms_setimes.attrib=lime_mpd=9_thresh=0.4_docnorm=F_tfidf=T.csv
0.49,0.45,0.0,0.0,0.0,0.0,0.0,200,../../lists/bcms_setimes/list.bcms_setimes.attrib=lime_mpd=9_thresh=0.4_docnorm=T_tfidf=F.csv
0.455,0.42,0.0,0.0,0.0,0.0,0.0,200,../../lists/bcms_setimes/list.bcms_setimes.attrib=lime_mpd=9_thresh=0.4_docnorm=T_tfidf=T.csv
0.18,0.82,0.0,0.0,0.0,0.0,0.0,200,../../lists/bcms_setimes/list.bcms_setimes.attrib=lime_mpd=9_thresh=0.5_docnorm=F_tfidf=F.csv
0.18,0.82,0.0,0.0,0.0,0.0,0.0,200,../../lists/bcms_setimes/list.bcms_setimes.attrib=lime_mpd=9_thresh=0.5_docnorm=F_tfidf=T.csv
0.53,0.415,0.0,0.0,0.0,0.0,0.0,200,../../lists/bcms_setimes/list.bcms_setimes.attrib=lime_mpd=9_thresh=0.5_docnorm=T_tfidf=F.csv
0.46,0.44,0.0,0.0,0.0,0.0,0.0,200,../../lists/bcms_setimes/list.bcms_setimes.attrib=lime_mpd=9_thresh=0.5_docnorm=T_tfidf=T.csv
0.18,0.82,0.0,0.0,0.0,0.0,0.0,200,../../lists/bcms_setimes/list.bcms_setimes.attrib=lime_mpd=9_thresh=0.6_docnorm=F_tfidf=F.csv
0.18,0.82,0.0,0.0,0.0,0.0,0.0,200,../../lists/bcms_setimes/list.bcms_setimes.attrib=lime_mpd=9_thresh=0.6_docnorm=F_tfidf=T.csv
0.49,0.46,0.0,0.0,0.0,0.0,0.0,200,../../lists/bcms_setimes/list.bcms_setimes.attrib=lime_mpd=9_thresh=0.6_docnorm=T_tfidf=F.csv
0.475,0.47,0.0,0.0,0.0,0.0,0.0,200,../../lists/bcms_setimes/list.bcms_setimes.attrib=lime_mpd=9_thresh=0.6_docnorm=T_tfidf=T.csv
0.18,0.82,0.0,0.0,0.0,0.0,0.0,200,../../lists/bcms_setimes/list.bcms_setimes.attrib=lime_mpd=9_thresh=0.7_docnorm=F_tfidf=F.csv
0.18,0.82,0.0,0.0,0.0,0.0,0.0,200,../../lists/bcms_setimes/list.bcms_setimes.attrib=lime_mpd=9_thresh=0.7_docnorm=F_tfidf=T.csv
0.48,0.49,0.0,0.0,0.0,0.0,0.0,200,../../lists/bcms_setimes/list.bcms_setimes.attrib=lime_mpd=9_thresh=0.7_docnorm=T_tfidf=F.csv
0.45,0.49,0.0,0.0,0.0,0.0,0.0,200,../../lists/bcms_setimes/list.bcms_setimes.attrib=lime_mpd=9_thresh=0.7_docnorm=T_tfidf=T.csv
0.18,0.82,0.0,0.0,0.0,0.0,0.0,200,../../lists/bcms_setimes/list.bcms_setimes.attrib=lime_mpd=9_thresh=0.8_docnorm=F_tfidf=F.csv
0.18,0.82,0.0,0.0,0.0,0.0,0.0,200,../../lists/bcms_setimes/list.bcms_setimes.attrib=lime_mpd=9_thresh=0.8_docnorm=F_tfidf=T.csv
0.47,0.49,0.0,0.0,0.0,0.0,0.0,200,../../lists/bcms_setimes/list.bcms_setimes.attrib=lime_mpd=9_thresh=0.8_docnorm=T_tfidf=F.csv
0.4,0.57,0.0,0.0,0.0,0.0,0.0,200,../../lists/bcms_setimes/list.bcms_setimes.attrib=lime_mpd=9_thresh=0.8_docnorm=T_tfidf=T.csv
0.18,0.82,0.0,0.0,0.0,0.0,0.0,200,../../lists/bcms_setimes/list.bcms_setimes.attrib=lime_mpd=9_thresh=0.9_docnorm=F_tfidf=F.csv
0.18,0.82,0.0,0.0,0.0,0.0,0.0,200,../../lists/bcms_setimes/list.bcms_setimes.attrib=lime_mpd=9_thresh=0.9_docnorm=F_tfidf=T.csv
0.465,0.52,0.0,0.0,0.0,0.0,0.0,200,../../lists/bcms_setimes/list.bcms_setimes.attrib=lime_mpd=9_thresh=0.9_docnorm=T_tfidf=F.csv
0.445,0.54,0.0,0.0,0.0,0.0,0.0,200,../../lists/bcms_setimes/list.bcms_setimes.attrib=lime_mpd=9_thresh=0.9_docnorm=T_tfidf=T.csv
0.18,0.82,0.0,0.0,0.0,0.0,0.0,200,../../lists/bcms_setimes/list.bcms_setimes.attrib=lime_mpd=9_thresh=1.0_docnorm=F_tfidf=F.csv
0.18,0.82,0.0,0.0,0.0,0.0,0.0,200,../../lists/bcms_setimes/list.bcms_setimes.attrib=lime_mpd=9_thresh=1.0_docnorm=F_tfidf=T.csv
0.445,0.54,0.0,0.0,0.0,0.0,0.0,200,../../lists/bcms_setimes/list.bcms_setimes.attrib=lime_mpd=9_thresh=1.0_docnorm=T_tfidf=F.csv
0.425,0.545,0.0,0.0,0.0,0.0,0.0,200,../../lists/bcms_setimes/list.bcms_setimes.attrib=lime_mpd=9_thresh=1.0_docnorm=T_tfidf=T.csv
0.145,0.845,0.0,0.0,0.0,0.0,0.0,200,../../lists/bcms_setimes/list.bcms_setimes.attrib=loo_mpd=10_thresh=0.1_docnorm=F_tfidf=F.csv
0.165,0.795,0.0,0.0,0.0,0.0,0.0,200,../../lists/bcms_setimes/list.bcms_setimes.attrib=loo_mpd=10_thresh=0.1_docnorm=F_tfidf=T.csv
0.285,0.165,0.0,0.0,0.0,0.0,0.0,200,../../lists/bcms_setimes/list.bcms_setimes.attrib=loo_mpd=10_thresh=0.1_docnorm=T_tfidf=F.csv
0.24,0.26,0.0,0.0,0.0,0.0,0.0,200,../../lists/bcms_setimes/list.bcms_setimes.attrib=loo_mpd=10_thresh=0.1_docnorm=T_tfidf=T.csv
0.145,0.845,0.0,0.0,0.0,0.0,0.0,200,../../lists/bcms_setimes/list.bcms_setimes.attrib=loo_mpd=10_thresh=0.2_docnorm=F_tfidf=F.csv
0.165,0.795,0.0,0.0,0.0,0.0,0.0,200,../../lists/bcms_setimes/list.bcms_setimes.attrib=loo_mpd=10_thresh=0.2_docnorm=F_tfidf=T.csv
0.385,0.33,0.0,0.0,0.0,0.0,0.0,200,../../lists/bcms_setimes/list.bcms_setimes.attrib=loo_mpd=10_thresh=0.2_docnorm=T_tfidf=F.csv
0.325,0.37,0.0,0.0,0.0,0.0,0.0,200,../../lists/bcms_setimes/list.bcms_setimes.attrib=loo_mpd=10_thresh=0.2_docnorm=T_tfidf=T.csv
0.145,0.845,0.0,0.0,0.0,0.0,0.0,200,../../lists/bcms_setimes/list.bcms_setimes.attrib=loo_mpd=10_thresh=0.3_docnorm=F_tfidf=F.csv
0.165,0.795,0.0,0.0,0.0,0.0,0.0,200,../../lists/bcms_setimes/list.bcms_setimes.attrib=loo_mpd=10_thresh=0.3_docnorm=F_tfidf=T.csv
0.425,0.385,0.0,0.0,0.0,0.0,0.0,200,../../lists/bcms_setimes/list.bcms_setimes.attrib=loo_mpd=10_thresh=0.3_docnorm=T_tfidf=F.csv
0.31,0.435,0.0,0.0,0.0,0.0,0.0,200,../../lists/bcms_setimes/list.bcms_setimes.attrib=loo_mpd=10_thresh=0.3_docnorm=T_tfidf=T.csv
0.145,0.845,0.0,0.0,0.0,0.0,0.0,200,../../lists/bcms_setimes/list.bcms_setimes.attrib=loo_mpd=10_thresh=0.4_docnorm=F_tfidf=F.csv
0.165,0.795,0.0,0.0,0.0,0.0,0.0,200,../../lists/bcms_setimes/list.bcms_setimes.attrib=loo_mpd=10_thresh=0.4_docnorm=F_tfidf=T.csv
0.35,0.48,0.0,0.0,0.0,0.0,0.0,200,../../lists/bcms_setimes/list.bcms_setimes.attrib=loo_mpd=10_thresh=0.4_docnorm=T_tfidf=F.csv
0.295,0.46,0.0,0.0,0.0,0.0,0.0,200,../../lists/bcms_setimes/list.bcms_setimes.attrib=loo_mpd=10_thresh=0.4_docnorm=T_tfidf=T.csv
0.145,0.845,0.0,0.0,0.0,0.0,0.0,200,../../lists/bcms_setimes/list.bcms_setimes.attrib=loo_mpd=10_thresh=0.5_docnorm=F_tfidf=F.csv
0.165,0.795,0.0,0.0,0.0,0.0,0.0,200,../../lists/bcms_setimes/list.bcms_setimes.attrib=loo_mpd=10_thresh=0.5_docnorm=F_tfidf=T.csv
0.365,0.48,0.0,0.0,0.0,0.0,0.0,200,../../lists/bcms_setimes/list.bcms_setimes.attrib=loo_mpd=10_thresh=0.5_docnorm=T_tfidf=F.csv
0.29,0.475,0.0,0.0,0.0,0.0,0.0,200,../../lists/bcms_setimes/list.bcms_setimes.attrib=loo_mpd=10_thresh=0.5_docnorm=T_tfidf=T.csv
0.145,0.845,0.0,0.0,0.0,0.0,0.0,200,../../lists/bcms_setimes/list.bcms_setimes.attrib=loo_mpd=10_thresh=0.6_docnorm=F_tfidf=F.csv
0.165,0.795,0.0,0.0,0.0,0.0,0.0,200,../../lists/bcms_setimes/list.bcms_setimes.attrib=loo_mpd=10_thresh=0.6_docnorm=F_tfidf=T.csv
0.375,0.49,0.0,0.0,0.0,0.0,0.0,200,../../lists/bcms_setimes/list.bcms_setimes.attrib=loo_mpd=10_thresh=0.6_docnorm=T_tfidf=F.csv
0.315,0.485,0.0,0.0,0.0,0.0,0.0,200,../../lists/bcms_setimes/list.bcms_setimes.attrib=loo_mpd=10_thresh=0.6_docnorm=T_tfidf=T.csv
0.145,0.845,0.0,0.0,0.0,0.0,0.0,200,../../lists/bcms_setimes/list.bcms_setimes.attrib=loo_mpd=10_thresh=0.7_docnorm=F_tfidf=F.csv
0.165,0.795,0.0,0.0,0.0,0.0,0.0,200,../../lists/bcms_setimes/list.bcms_setimes.attrib=loo_mpd=10_thresh=0.7_docnorm=F_tfidf=T.csv
0.38,0.495,0.0,0.0,0.0,0.0,0.0,200,../../lists/bcms_setimes/list.bcms_setimes.attrib=loo_mpd=10_thresh=0.7_docnorm=T_tfidf=F.csv
0.305,0.555,0.0,0.0,0.0,0.0,0.0,200,../../lists/bcms_setimes/list.bcms_setimes.attrib=loo_mpd=10_thresh=0.7_docnorm=T_tfidf=T.csv
0.145,0.845,0.0,0.0,0.0,0.0,0.0,200,../../lists/bcms_setimes/list.bcms_setimes.attrib=loo_mpd=10_thresh=0.8_docnorm=F_tfidf=F.csv
0.165,0.795,0.0,0.0,0.0,0.0,0.0,200,../../lists/bcms_setimes/list.bcms_setimes.attrib=loo_mpd=10_thresh=0.8_docnorm=F_tfidf=T.csv
0.37,0.52,0.0,0.0,0.0,0.0,0.0,200,../../lists/bcms_setimes/list.bcms_setimes.attrib=loo_mpd=10_thresh=0.8_docnorm=T_tfidf=F.csv
0.32,0.565,0.0,0.0,0.0,0.0,0.0,200,../../lists/bcms_setimes/list.bcms_setimes.attrib=loo_mpd=10_thresh=0.8_docnorm=T_tfidf=T.csv
0.145,0.845,0.0,0.0,0.0,0.0,0.0,200,../../lists/bcms_setimes/list.bcms_setimes.attrib=loo_mpd=10_thresh=0.9_docnorm=F_tfidf=F.csv
0.165,0.795,0.0,0.0,0.0,0.0,0.0,200,../../lists/bcms_setimes/list.bcms_setimes.attrib=loo_mpd=10_thresh=0.9_docnorm=F_tfidf=T.csv
0.375,0.53,0.0,0.0,0.0,0.0,0.0,200,../../lists/bcms_setimes/list.bcms_setimes.attrib=loo_mpd=10_thresh=0.9_docnorm=T_tfidf=F.csv
0.335,0.55,0.0,0.0,0.0,0.0,0.0,200,../../lists/bcms_setimes/list.bcms_setimes.attrib=loo_mpd=10_thresh=0.9_docnorm=T_tfidf=T.csv
0.145,0.845,0.0,0.0,0.0,0.0,0.0,200,../../lists/bcms_setimes/list.bcms_setimes.attrib=loo_mpd=10_thresh=1.0_docnorm=F_tfidf=F.csv
0.165,0.82,0.0,0.0,0.0,0.0,0.0,200,../../lists/bcms_setimes/list.bcms_setimes.attrib=loo_mpd=10_thresh=1.0_docnorm=F_tfidf=T.csv
0.25,0.715,0.0,0.0,0.0,0.0,0.0,200,../../lists/bcms_setimes/list.bcms_setimes.attrib=loo_mpd=10_thresh=1.0_docnorm=T_tfidf=F.csv
0.27,0.69,0.0,0.0,0.0,0.0,0.0,200,../../lists/bcms_setimes/list.bcms_setimes.attrib=loo_mpd=10_thresh=1.0_docnorm=T_tfidf=T.csv
0.145,0.845,0.0,0.0,0.0,0.0,0.0,200,../../lists/bcms_setimes/list.bcms_setimes.attrib=loo_mpd=11_thresh=0.1_docnorm=F_tfidf=F.csv
0.165,0.795,0.0,0.0,0.0,0.0,0.0,200,../../lists/bcms_setimes/list.bcms_setimes.attrib=loo_mpd=11_thresh=0.1_docnorm=F_tfidf=T.csv
0.28,0.17,0.0,0.0,0.0,0.0,0.0,200,../../lists/bcms_setimes/list.bcms_setimes.attrib=loo_mpd=11_thresh=0.1_docnorm=T_tfidf=F.csv
0.235,0.26,0.0,0.0,0.0,0.0,0.0,200,../../lists/bcms_setimes/list.bcms_setimes.attrib=loo_mpd=11_thresh=0.1_docnorm=T_tfidf=T.csv
0.145,0.845,0.0,0.0,0.0,0.0,0.0,200,../../lists/bcms_setimes/list.bcms_setimes.attrib=loo_mpd=11_thresh=0.2_docnorm=F_tfidf=F.csv
0.165,0.795,0.0,0.0,0.0,0.0,0.0,200,../../lists/bcms_setimes/list.bcms_setimes.attrib=loo_mpd=11_thresh=0.2_docnorm=F_tfidf=T.csv
0.4,0.31,0.0,0.0,0.0,0.0,0.0,200,../../lists/bcms_setimes/list.bcms_setimes.attrib=loo_mpd=11_thresh=0.2_docnorm=T_tfidf=F.csv
0.315,0.375,0.0,0.0,0.0,0.0,0.0,200,../../lists/bcms_setimes/list.bcms_setimes.attrib=loo_mpd=11_thresh=0.2_docnorm=T_tfidf=T.csv
0.145,0.845,0.0,0.0,0.0,0.0,0.0,200,../../lists/bcms_setimes/list.bcms_setimes.attrib=loo_mpd=11_thresh=0.3_docnorm=F_tfidf=F.csv
0.165,0.795,0.0,0.0,0.0,0.0,0.0,200,../../lists/bcms_setimes/list.bcms_setimes.attrib=loo_mpd=11_thresh=0.3_docnorm=F_tfidf=T.csv
0.42,0.39,0.0,0.0,0.0,0.0,0.0,200,../../lists/bcms_setimes/list.bcms_setimes.attrib=loo_mpd=11_thresh=0.3_docnorm=T_tfidf=F.csv
0.305,0.44,0.0,0.0,0.0,0.0,0.0,200,../../lists/bcms_setimes/list.bcms_setimes.attrib=loo_mpd=11_thresh=0.3_docnorm=T_tfidf=T.csv
0.145,0.845,0.0,0.0,0.0,0.0,0.0,200,../../lists/bcms_setimes/list.bcms_setimes.attrib=loo_mpd=11_thresh=0.4_docnorm=F_tfidf=F.csv
0.165,0.795,0.0,0.0,0.0,0.0,0.0,200,../../lists/bcms_setimes/list.bcms_setimes.attrib=loo_mpd=11_thresh=0.4_docnorm=F_tfidf=T.csv
0.355,0.48,0.0,0.0,0.0,0.0,0.0,200,../../lists/bcms_setimes/list.bcms_setimes.attrib=loo_mpd=11_thresh=0.4_docnorm=T_tfidf=F.csv
0.31,0.45,0.0,0.0,0.0,0.0,0.0,200,../../lists/bcms_setimes/list.bcms_setimes.attrib=loo_mpd=11_thresh=0.4_docnorm=T_tfidf=T.csv
0.145,0.845,0.0,0.0,0.0,0.0,0.0,200,../../lists/bcms_setimes/list.bcms_setimes.attrib=loo_mpd=11_thresh=0.5_docnorm=F_tfidf=F.csv
0.165,0.795,0.0,0.0,0.0,0.0,0.0,200,../../lists/bcms_setimes/list.bcms_setimes.attrib=loo_mpd=11_thresh=0.5_docnorm=F_tfidf=T.csv
0.375,0.485,0.0,0.0,0.0,0.0,0.0,200,../../lists/bcms_setimes/list.bcms_setimes.attrib=loo_mpd=11_thresh=0.5_docnorm=T_tfidf=F.csv
0.285,0.475,0.0,0.0,0.0,0.0,0.0,200,../../lists/bcms_setimes/list.bcms_setimes.attrib=loo_mpd=11_thresh=0.5_docnorm=T_tfidf=T.csv
0.145,0.845,0.0,0.0,0.0,0.0,0.0,200,../../lists/bcms_setimes/list.bcms_setimes.attrib=loo_mpd=11_thresh=0.6_docnorm=F_tfidf=F.csv
0.165,0.795,0.0,0.0,0.0,0.0,0.0,200,../../lists/bcms_setimes/list.bcms_setimes.attrib=loo_mpd=11_thresh=0.6_docnorm=F_tfidf=T.csv
0.37,0.49,0.0,0.0,0.0,0.0,0.0,200,../../lists/bcms_setimes/list.bcms_setimes.attrib=loo_mpd=11_thresh=0.6_docnorm=T_tfidf=F.csv
0.315,0.48,0.0,0.0,0.0,0.0,0.0,200,../../lists/bcms_setimes/list.bcms_setimes.attrib=loo_mpd=11_thresh=0.6_docnorm=T_tfidf=T.csv
0.145,0.845,0.0,0.0,0.0,0.0,0.0,200,../../lists/bcms_setimes/list.bcms_setimes.attrib=loo_mpd=11_thresh=0.7_docnorm=F_tfidf=F.csv
0.165,0.795,0.0,0.0,0.0,0.0,0.0,200,../../lists/bcms_setimes/list.bcms_setimes.attrib=loo_mpd=11_thresh=0.7_docnorm=F_tfidf=T.csv
0.385,0.485,0.0,0.0,0.0,0.0,0.0,200,../../lists/bcms_setimes/list.bcms_setimes.attrib=loo_mpd=11_thresh=0.7_docnorm=T_tfidf=F.csv
0.325,0.525,0.0,0.0,0.0,0.0,0.0,200,../../lists/bcms_setimes/list.bcms_setimes.attrib=loo_mpd=11_thresh=0.7_docnorm=T_tfidf=T.csv
0.145,0.845,0.0,0.0,0.0,0.0,0.0,200,../../lists/bcms_setimes/list.bcms_setimes.attrib=loo_mpd=11_thresh=0.8_docnorm=F_tfidf=F.csv
0.165,0.795,0.0,0.0,0.0,0.0,0.0,200,../../lists/bcms_setimes/list.bcms_setimes.attrib=loo_mpd=11_thresh=0.8_docnorm=F_tfidf=T.csv
0.38,0.515,0.0,0.0,0.0,0.0,0.0,200,../../lists/bcms_setimes/list.bcms_setimes.attrib=loo_mpd=11_thresh=0.8_docnorm=T_tfidf=F.csv
0.335,0.545,0.0,0.0,0.0,0.0,0.0,200,../../lists/bcms_setimes/list.bcms_setimes.attrib=loo_mpd=11_thresh=0.8_docnorm=T_tfidf=T.csv
0.145,0.845,0.0,0.0,0.0,0.0,0.0,200,../../lists/bcms_setimes/list.bcms_setimes.attrib=loo_mpd=11_thresh=0.9_docnorm=F_tfidf=F.csv
0.165,0.795,0.0,0.0,0.0,0.0,0.0,200,../../lists/bcms_setimes/list.bcms_setimes.attrib=loo_mpd=11_thresh=0.9_docnorm=F_tfidf=T.csv
0.36,0.535,0.0,0.0,0.0,0.0,0.0,200,../../lists/bcms_setimes/list.bcms_setimes.attrib=loo_mpd=11_thresh=0.9_docnorm=T_tfidf=F.csv
0.33,0.55,0.0,0.0,0.0,0.0,0.0,200,../../lists/bcms_setimes/list.bcms_setimes.attrib=loo_mpd=11_thresh=0.9_docnorm=T_tfidf=T.csv
0.145,0.845,0.0,0.0,0.0,0.0,0.0,200,../../lists/bcms_setimes/list.bcms_setimes.attrib=loo_mpd=11_thresh=1.0_docnorm=F_tfidf=F.csv
0.17,0.81,0.0,0.0,0.0,0.0,0.0,200,../../lists/bcms_setimes/list.bcms_setimes.attrib=loo_mpd=11_thresh=1.0_docnorm=F_tfidf=T.csv
0.295,0.665,0.0,0.0,0.0,0.0,0.0,200,../../lists/bcms_setimes/list.bcms_setimes.attrib=loo_mpd=11_thresh=1.0_docnorm=T_tfidf=F.csv
0.3,0.665,0.0,0.0,0.0,0.0,0.0,200,../../lists/bcms_setimes/list.bcms_setimes.attrib=loo_mpd=11_thresh=1.0_docnorm=T_tfidf=T.csv
0.145,0.845,0.0,0.0,0.0,0.0,0.0,200,../../lists/bcms_setimes/list.bcms_setimes.attrib=loo_mpd=12_thresh=0.1_docnorm=F_tfidf=F.csv
0.16,0.805,0.0,0.0,0.0,0.0,0.0,200,../../lists/bcms_setimes/list.bcms_setimes.attrib=loo_mpd=12_thresh=0.1_docnorm=F_tfidf=T.csv
0.275,0.17,0.0,0.0,0.0,0.0,0.0,200,../../lists/bcms_setimes/list.bcms_setimes.attrib=loo_mpd=12_thresh=0.1_docnorm=T_tfidf=F.csv
0.24,0.26,0.0,0.0,0.0,0.0,0.0,200,../../lists/bcms_setimes/list.bcms_setimes.attrib=loo_mpd=12_thresh=0.1_docnorm=T_tfidf=T.csv
0.145,0.845,0.0,0.0,0.0,0.0,0.0,200,../../lists/bcms_setimes/list.bcms_setimes.attrib=loo_mpd=12_thresh=0.2_docnorm=F_tfidf=F.csv
0.16,0.805,0.0,0.0,0.0,0.0,0.0,200,../../lists/bcms_setimes/list.bcms_setimes.attrib=loo_mpd=12_thresh=0.2_docnorm=F_tfidf=T.csv
0.41,0.3,0.0,0.0,0.0,0.0,0.0,200,../../lists/bcms_setimes/list.bcms_setimes.attrib=loo_mpd=12_thresh=0.2_docnorm=T_tfidf=F.csv
0.31,0.37,0.0,0.0,0.0,0.0,0.0,200,../../lists/bcms_setimes/list.bcms_setimes.attrib=loo_mpd=12_thresh=0.2_docnorm=T_tfidf=T.csv
0.145,0.845,0.0,0.0,0.0,0.0,0.0,200,../../lists/bcms_setimes/list.bcms_setimes.attrib=loo_mpd=12_thresh=0.3_docnorm=F_tfidf=F.csv
0.16,0.805,0.0,0.0,0.0,0.0,0.0,200,../../lists/bcms_setimes/list.bcms_setimes.attrib=loo_mpd=12_thresh=0.3_docnorm=F_tfidf=T.csv
0.445,0.375,0.0,0.0,0.0,0.0,0.0,200,../../lists/bcms_setimes/list.bcms_setimes.attrib=loo_mpd=12_thresh=0.3_docnorm=T_tfidf=F.csv
0.305,0.44,0.0,0.0,0.0,0.0,0.0,200,../../lists/bcms_setimes/list.bcms_setimes.attrib=loo_mpd=12_thresh=0.3_docnorm=T_tfidf=T.csv
0.145,0.845,0.0,0.0,0.0,0.0,0.0,200,../../lists/bcms_setimes/list.bcms_setimes.attrib=loo_mpd=12_thresh=0.4_docnorm=F_tfidf=F.csv
0.16,0.805,0.0,0.0,0.0,0.0,0.0,200,../../lists/bcms_setimes/list.bcms_setimes.attrib=loo_mpd=12_thresh=0.4_docnorm=F_tfidf=T.csv
0.375,0.455,0.0,0.0,0.0,0.0,0.0,200,../../lists/bcms_setimes/list.bcms_setimes.attrib=loo_mpd=12_thresh=0.4_docnorm=T_tfidf=F.csv
0.305,0.45,0.0,0.0,0.0,0.0,0.0,200,../../lists/bcms_setimes/list.bcms_setimes.attrib=loo_mpd=12_thresh=0.4_docnorm=T_tfidf=T.csv
0.145,0.845,0.0,0.0,0.0,0.0,0.0,200,../../lists/bcms_setimes/list.bcms_setimes.attrib=loo_mpd=12_thresh=0.5_docnorm=F_tfidf=F.csv
0.16,0.805,0.0,0.0,0.0,0.0,0.0,200,../../lists/bcms_setimes/list.bcms_setimes.attrib=loo_mpd=12_thresh=0.5_docnorm=F_tfidf=T.csv
0.38,0.47,0.0,0.0,0.0,0.0,0.0,200,../../lists/bcms_setimes/list.bcms_setimes.attrib=loo_mpd=12_thresh=0.5_docnorm=T_tfidf=F.csv
0.305,0.46,0.0,0.0,0.0,0.0,0.0,200,../../lists/bcms_setimes/list.bcms_setimes.attrib=loo_mpd=12_thresh=0.5_docnorm=T_tfidf=T.csv
0.145,0.845,0.0,0.0,0.0,0.0,0.0,200,../../lists/bcms_setimes/list.bcms_setimes.attrib=loo_mpd=12_thresh=0.6_docnorm=F_tfidf=F.csv
0.16,0.805,0.0,0.0,0.0,0.0,0.0,200,../../lists/bcms_setimes/list.bcms_setimes.attrib=loo_mpd=12_thresh=0.6_docnorm=F_tfidf=T.csv
0.38,0.47,0.0,0.0,0.0,0.0,0.0,200,../../lists/bcms_setimes/list.bcms_setimes.attrib=loo_mpd=12_thresh=0.6_docnorm=T_tfidf=F.csv
0.31,0.485,0.0,0.0,0.0,0.0,0.0,200,../../lists/bcms_setimes/list.bcms_setimes.attrib=loo_mpd=12_thresh=0.6_docnorm=T_tfidf=T.csv
0.145,0.845,0.0,0.0,0.0,0.0,0.0,200,../../lists/bcms_setimes/list.bcms_setimes.attrib=loo_mpd=12_thresh=0.7_docnorm=F_tfidf=F.csv
0.16,0.805,0.0,0.0,0.0,0.0,0.0,200,../../lists/bcms_setimes/list.bcms_setimes.attrib=loo_mpd=12_thresh=0.7_docnorm=F_tfidf=T.csv
0.38,0.475,0.0,0.0,0.0,0.0,0.0,200,../../lists/bcms_setimes/list.bcms_setimes.attrib=loo_mpd=12_thresh=0.7_docnorm=T_tfidf=F.csv
0.32,0.515,0.0,0.0,0.0,0.0,0.0,200,../../lists/bcms_setimes/list.bcms_setimes.attrib=loo_mpd=12_thresh=0.7_docnorm=T_tfidf=T.csv
0.145,0.845,0.0,0.0,0.0,0.0,0.0,200,../../lists/bcms_setimes/list.bcms_setimes.attrib=loo_mpd=12_thresh=0.8_docnorm=F_tfidf=F.csv
0.16,0.805,0.0,0.0,0.0,0.0,0.0,200,../../lists/bcms_setimes/list.bcms_setimes.attrib=loo_mpd=12_thresh=0.8_docnorm=F_tfidf=T.csv
0.41,0.485,0.0,0.0,0.0,0.0,0.0,200,../../lists/bcms_setimes/list.bcms_setimes.attrib=loo_mpd=12_thresh=0.8_docnorm=T_tfidf=F.csv
0.35,0.535,0.0,0.0,0.0,0.0,0.0,200,../../lists/bcms_setimes/list.bcms_setimes.attrib=loo_mpd=12_thresh=0.8_docnorm=T_tfidf=T.csv
0.145,0.845,0.0,0.0,0.0,0.0,0.0,200,../../lists/bcms_setimes/list.bcms_setimes.attrib=loo_mpd=12_thresh=0.9_docnorm=F_tfidf=F.csv
0.16,0.805,0.0,0.0,0.0,0.0,0.0,200,../../lists/bcms_setimes/list.bcms_setimes.attrib=loo_mpd=12_thresh=0.9_docnorm=F_tfidf=T.csv
0.345,0.56,0.0,0.0,0.0,0.0,0.0,200,../../lists/bcms_setimes/list.bcms_setimes.attrib=loo_mpd=12_thresh=0.9_docnorm=T_tfidf=F.csv
0.3,0.585,0.0,0.0,0.0,0.0,0.0,200,../../lists/bcms_setimes/list.bcms_setimes.attrib=loo_mpd=12_thresh=0.9_docnorm=T_tfidf=T.csv
0.145,0.845,0.0,0.0,0.0,0.0,0.0,200,../../lists/bcms_setimes/list.bcms_setimes.attrib=loo_mpd=12_thresh=1.0_docnorm=F_tfidf=F.csv
0.165,0.81,0.0,0.0,0.0,0.0,0.0,200,../../lists/bcms_setimes/list.bcms_setimes.attrib=loo_mpd=12_thresh=1.0_docnorm=F_tfidf=T.csv
0.325,0.62,0.0,0.0,0.0,0.0,0.0,200,../../lists/bcms_setimes/list.bcms_setimes.attrib=loo_mpd=12_thresh=1.0_docnorm=T_tfidf=F.csv
0.32,0.625,0.0,0.0,0.0,0.0,0.0,200,../../lists/bcms_setimes/list.bcms_setimes.attrib=loo_mpd=12_thresh=1.0_docnorm=T_tfidf=T.csv
0.145,0.845,0.0,0.0,0.0,0.0,0.0,200,../../lists/bcms_setimes/list.bcms_setimes.attrib=loo_mpd=13_thresh=0.1_docnorm=F_tfidf=F.csv
0.16,0.805,0.0,0.0,0.0,0.0,0.0,200,../../lists/bcms_setimes/list.bcms_setimes.attrib=loo_mpd=13_thresh=0.1_docnorm=F_tfidf=T.csv
0.275,0.17,0.0,0.0,0.0,0.0,0.0,200,../../lists/bcms_setimes/list.bcms_setimes.attrib=loo_mpd=13_thresh=0.1_docnorm=T_tfidf=F.csv
0.235,0.265,0.0,0.0,0.0,0.0,0.0,200,../../lists/bcms_setimes/list.bcms_setimes.attrib=loo_mpd=13_thresh=0.1_docnorm=T_tfidf=T.csv
0.145,0.845,0.0,0.0,0.0,0.0,0.0,200,../../lists/bcms_setimes/list.bcms_setimes.attrib=loo_mpd=13_thresh=0.2_docnorm=F_tfidf=F.csv
0.16,0.805,0.0,0.0,0.0,0.0,0.0,200,../../lists/bcms_setimes/list.bcms_setimes.attrib=loo_mpd=13_thresh=0.2_docnorm=F_tfidf=T.csv
0.4,0.315,0.0,0.0,0.0,0.0,0.0,200,../../lists/bcms_setimes/list.bcms_setimes.attrib=loo_mpd=13_thresh=0.2_docnorm=T_tfidf=F.csv
0.305,0.385,0.0,0.0,0.0,0.0,0.0,200,../../lists/bcms_setimes/list.bcms_setimes.attrib=loo_mpd=13_thresh=0.2_docnorm=T_tfidf=T.csv
0.145,0.845,0.0,0.0,0.0,0.0,0.0,200,../../lists/bcms_setimes/list.bcms_setimes.attrib=loo_mpd=13_thresh=0.3_docnorm=F_tfidf=F.csv
0.16,0.805,0.0,0.0,0.0,0.0,0.0,200,../../lists/bcms_setimes/list.bcms_setimes.attrib=loo_mpd=13_thresh=0.3_docnorm=F_tfidf=T.csv
0.445,0.37,0.0,0.0,0.0,0.0,0.0,200,../../lists/bcms_setimes/list.bcms_setimes.attrib=loo_mpd=13_thresh=0.3_docnorm=T_tfidf=F.csv
0.31,0.44,0.0,0.0,0.0,0.0,0.0,200,../../lists/bcms_setimes/list.bcms_setimes.attrib=loo_mpd=13_thresh=0.3_docnorm=T_tfidf=T.csv
0.145,0.845,0.0,0.0,0.0,0.0,0.0,200,../../lists/bcms_setimes/list.bcms_setimes.attrib=loo_mpd=13_thresh=0.4_docnorm=F_tfidf=F.csv
0.16,0.805,0.0,0.0,0.0,0.0,0.0,200,../../lists/bcms_setimes/list.bcms_setimes.attrib=loo_mpd=13_thresh=0.4_docnorm=F_tfidf=T.csv
0.395,0.435,0.0,0.0,0.0,0.0,0.0,200,../../lists/bcms_setimes/list.bcms_setimes.attrib=loo_mpd=13_thresh=0.4_docnorm=T_tfidf=F.csv
0.31,0.44,0.0,0.0,0.0,0.0,0.0,200,../../lists/bcms_setimes/list.bcms_setimes.attrib=loo_mpd=13_thresh=0.4_docnorm=T_tfidf=T.csv
0.145,0.845,0.0,0.0,0.0,0.0,0.0,200,../../lists/bcms_setimes/list.bcms_setimes.attrib=loo_mpd=13_thresh=0.5_docnorm=F_tfidf=F.csv
0.16,0.805,0.0,0.0,0.0,0.0,0.0,200,../../lists/bcms_setimes/list.bcms_setimes.attrib=loo_mpd=13_thresh=0.5_docnorm=F_tfidf=T.csv
0.36,0.48,0.0,0.0,0.0,0.0,0.0,200,../../lists/bcms_setimes/list.bcms_setimes.attrib=loo_mpd=13_thresh=0.5_docnorm=T_tfidf=F.csv
0.31,0.45,0.0,0.0,0.0,0.0,0.0,200,../../lists/bcms_setimes/list.bcms_setimes.attrib=loo_mpd=13_thresh=0.5_docnorm=T_tfidf=T.csv
0.145,0.845,0.0,0.0,0.0,0.0,0.0,200,../../lists/bcms_setimes/list.bcms_setimes.attrib=loo_mpd=13_thresh=0.6_docnorm=F_tfidf=F.csv
0.16,0.805,0.0,0.0,0.0,0.0,0.0,200,../../lists/bcms_setimes/list.bcms_setimes.attrib=loo_mpd=13_thresh=0.6_docnorm=F_tfidf=T.csv
0.39,0.48,0.0,0.0,0.0,0.0,0.0,200,../../lists/bcms_setimes/list.bcms_setimes.attrib=loo_mpd=13_thresh=0.6_docnorm=T_tfidf=F.csv
0.305,0.475,0.0,0.0,0.0,0.0,0.0,200,../../lists/bcms_setimes/list.bcms_setimes.attrib=loo_mpd=13_thresh=0.6_docnorm=T_tfidf=T.csv
0.145,0.845,0.0,0.0,0.0,0.0,0.0,200,../../lists/bcms_setimes/list.bcms_setimes.attrib=loo_mpd=13_thresh=0.7_docnorm=F_tfidf=F.csv
0.16,0.805,0.0,0.0,0.0,0.0,0.0,200,../../lists/bcms_setimes/list.bcms_setimes.attrib=loo_mpd=13_thresh=0.7_docnorm=F_tfidf=T.csv
0.375,0.47,0.0,0.0,0.0,0.0,0.0,200,../../lists/bcms_setimes/list.bcms_setimes.attrib=loo_mpd=13_thresh=0.7_docnorm=T_tfidf=F.csv
0.34,0.49,0.0,0.0,0.0,0.0,0.0,200,../../lists/bcms_setimes/list.bcms_setimes.attrib=loo_mpd=13_thresh=0.7_docnorm=T_tfidf=T.csv
0.145,0.845,0.0,0.0,0.0,0.0,0.0,200,../../lists/bcms_setimes/list.bcms_setimes.attrib=loo_mpd=13_thresh=0.8_docnorm=F_tfidf=F.csv
0.16,0.805,0.0,0.0,0.0,0.0,0.0,200,../../lists/bcms_setimes/list.bcms_setimes.attrib=loo_mpd=13_thresh=0.8_docnorm=F_tfidf=T.csv
0.41,0.475,0.0,0.0,0.0,0.0,0.0,200,../../lists/bcms_setimes/list.bcms_setimes.attrib=loo_mpd=13_thresh=0.8_docnorm=T_tfidf=F.csv
0.355,0.52,0.0,0.0,0.0,0.0,0.0,200,../../lists/bcms_setimes/list.bcms_setimes.attrib=loo_mpd=13_thresh=0.8_docnorm=T_tfidf=T.csv
0.145,0.845,0.0,0.0,0.0,0.0,0.0,200,../../lists/bcms_setimes/list.bcms_setimes.attrib=loo_mpd=13_thresh=0.9_docnorm=F_tfidf=F.csv
0.16,0.805,0.0,0.0,0.0,0.0,0.0,200,../../lists/bcms_setimes/list.bcms_setimes.attrib=loo_mpd=13_thresh=0.9_docnorm=F_tfidf=T.csv
0.365,0.535,0.0,0.0,0.0,0.0,0.0,200,../../lists/bcms_setimes/list.bcms_setimes.attrib=loo_mpd=13_thresh=0.9_docnorm=T_tfidf=F.csv
0.32,0.565,0.0,0.0,0.0,0.0,0.0,200,../../lists/bcms_setimes/list.bcms_setimes.attrib=loo_mpd=13_thresh=0.9_docnorm=T_tfidf=T.csv
0.145,0.845,0.0,0.0,0.0,0.0,0.0,200,../../lists/bcms_setimes/list.bcms_setimes.attrib=loo_mpd=13_thresh=1.0_docnorm=F_tfidf=F.csv
0.165,0.81,0.0,0.0,0.0,0.0,0.0,200,../../lists/bcms_setimes/list.bcms_setimes.attrib=loo_mpd=13_thresh=1.0_docnorm=F_tfidf=T.csv
0.34,0.61,0.0,0.0,0.0,0.0,0.0,200,../../lists/bcms_setimes/list.bcms_setimes.attrib=loo_mpd=13_thresh=1.0_docnorm=T_tfidf=F.csv
0.32,0.625,0.0,0.0,0.0,0.0,0.0,200,../../lists/bcms_setimes/list.bcms_setimes.attrib=loo_mpd=13_thresh=1.0_docnorm=T_tfidf=T.csv
0.145,0.845,0.0,0.0,0.0,0.0,0.0,200,../../lists/bcms_setimes/list.bcms_setimes.attrib=loo_mpd=14_thresh=0.1_docnorm=F_tfidf=F.csv
0.16,0.805,0.0,0.0,0.0,0.0,0.0,200,../../lists/bcms_setimes/list.bcms_setimes.attrib=loo_mpd=14_thresh=0.1_docnorm=F_tfidf=T.csv
0.28,0.175,0.0,0.0,0.0,0.0,0.0,200,../../lists/bcms_setimes/list.bcms_setimes.attrib=loo_mpd=14_thresh=0.1_docnorm=T_tfidf=F.csv
0.235,0.265,0.0,0.0,0.0,0.0,0.0,200,../../lists/bcms_setimes/list.bcms_setimes.attrib=loo_mpd=14_thresh=0.1_docnorm=T_tfidf=T.csv
0.145,0.845,0.0,0.0,0.0,0.0,0.0,200,../../lists/bcms_setimes/list.bcms_setimes.attrib=loo_mpd=14_thresh=0.2_docnorm=F_tfidf=F.csv
0.16,0.805,0.0,0.0,0.0,0.0,0.0,200,../../lists/bcms_setimes/list.bcms_setimes.attrib=loo_mpd=14_thresh=0.2_docnorm=F_tfidf=T.csv
0.4,0.3,0.0,0.0,0.0,0.0,0.0,200,../../lists/bcms_setimes/list.bcms_setimes.attrib=loo_mpd=14_thresh=0.2_docnorm=T_tfidf=F.csv
0.305,0.37,0.0,0.0,0.0,0.0,0.0,200,../../lists/bcms_setimes/list.bcms_setimes.attrib=loo_mpd=14_thresh=0.2_docnorm=T_tfidf=T.csv
0.145,0.845,0.0,0.0,0.0,0.0,0.0,200,../../lists/bcms_setimes/list.bcms_setimes.attrib=loo_mpd=14_thresh=0.3_docnorm=F_tfidf=F.csv
0.16,0.805,0.0,0.0,0.0,0.0,0.0,200,../../lists/bcms_setimes/list.bcms_setimes.attrib=loo_mpd=14_thresh=0.3_docnorm=F_tfidf=T.csv
0.44,0.365,0.0,0.0,0.0,0.0,0.0,200,../../lists/bcms_setimes/list.bcms_setimes.attrib=loo_mpd=14_thresh=0.3_docnorm=T_tfidf=F.csv
0.31,0.43,0.0,0.0,0.0,0.0,0.0,200,../../lists/bcms_setimes/list.bcms_setimes.attrib=loo_mpd=14_thresh=0.3_docnorm=T_tfidf=T.csv
0.145,0.845,0.0,0.0,0.0,0.0,0.0,200,../../lists/bcms_setimes/list.bcms_setimes.attrib=loo_mpd=14_thresh=0.4_docnorm=F_tfidf=F.csv
0.16,0.805,0.0,0.0,0.0,0.0,0.0,200,../../lists/bcms_setimes/list.bcms_setimes.attrib=loo_mpd=14_thresh=0.4_docnorm=F_tfidf=T.csv
0.39,0.45,0.0,0.0,0.0,0.0,0.0,200,../../lists/bcms_setimes/list.bcms_setimes.attrib=loo_mpd=14_thresh=0.4_docnorm=T_tfidf=F.csv
0.31,0.44,0.0,0.0,0.0,0.0,0.0,200,../../lists/bcms_setimes/list.bcms_setimes.attrib=loo_mpd=14_thresh=0.4_docnorm=T_tfidf=T.csv
0.145,0.845,0.0,0.0,0.0,0.0,0.0,200,../../lists/bcms_setimes/list.bcms_setimes.attrib=loo_mpd=14_thresh=0.5_docnorm=F_tfidf=F.csv
0.16,0.805,0.0,0.0,0.0,0.0,0.0,200,../../lists/bcms_setimes/list.bcms_setimes.attrib=loo_mpd=14_thresh=0.5_docnorm=F_tfidf=T.csv
0.36,0.475,0.0,0.0,0.0,0.0,0.0,200,../../lists/bcms_setimes/list.bcms_setimes.attrib=loo_mpd=14_thresh=0.5_docnorm=T_tfidf=F.csv
0.31,0.465,0.0,0.0,0.0,0.0,0.0,200,../../lists/bcms_setimes/list.bcms_setimes.attrib=loo_mpd=14_thresh=0.5_docnorm=T_tfidf=T.csv
0.145,0.845,0.0,0.0,0.0,0.0,0.0,200,../../lists/bcms_setimes/list.bcms_setimes.attrib=loo_mpd=14_thresh=0.6_docnorm=F_tfidf=F.csv
0.16,0.805,0.0,0.0,0.0,0.0,0.0,200,../../lists/bcms_setimes/list.bcms_setimes.attrib=loo_mpd=14_thresh=0.6_docnorm=F_tfidf=T.csv
0.395,0.45,0.0,0.0,0.0,0.0,0.0,200,../../lists/bcms_setimes/list.bcms_setimes.attrib=loo_mpd=14_thresh=0.6_docnorm=T_tfidf=F.csv
0.305,0.47,0.0,0.0,0.0,0.0,0.0,200,../../lists/bcms_setimes/list.bcms_setimes.attrib=loo_mpd=14_thresh=0.6_docnorm=T_tfidf=T.csv
0.145,0.845,0.0,0.0,0.0,0.0,0.0,200,../../lists/bcms_setimes/list.bcms_setimes.attrib=loo_mpd=14_thresh=0.7_docnorm=F_tfidf=F.csv
0.16,0.805,0.0,0.0,0.0,0.0,0.0,200,../../lists/bcms_setimes/list.bcms_setimes.attrib=loo_mpd=14_thresh=0.7_docnorm=F_tfidf=T.csv
0.375,0.47,0.0,0.0,0.0,0.0,0.0,200,../../lists/bcms_setimes/list.bcms_setimes.attrib=loo_mpd=14_thresh=0.7_docnorm=T_tfidf=F.csv
0.33,0.49,0.0,0.0,0.0,0.0,0.0,200,../../lists/bcms_setimes/list.bcms_setimes.attrib=loo_mpd=14_thresh=0.7_docnorm=T_tfidf=T.csv
0.145,0.845,0.0,0.0,0.0,0.0,0.0,200,../../lists/bcms_setimes/list.bcms_setimes.attrib=loo_mpd=14_thresh=0.8_docnorm=F_tfidf=F.csv
0.16,0.805,0.0,0.0,0.0,0.0,0.0,200,../../lists/bcms_setimes/list.bcms_setimes.attrib=loo_mpd=14_thresh=0.8_docnorm=F_tfidf=T.csv
0.41,0.475,0.0,0.0,0.0,0.0,0.0,200,../../lists/bcms_setimes/list.bcms_setimes.attrib=loo_mpd=14_thresh=0.8_docnorm=T_tfidf=F.csv
0.345,0.525,0.0,0.0,0.0,0.0,0.0,200,../../lists/bcms_setimes/list.bcms_setimes.attrib=loo_mpd=14_thresh=0.8_docnorm=T_tfidf=T.csv
0.145,0.845,0.0,0.0,0.0,0.0,0.0,200,../../lists/bcms_setimes/list.bcms_setimes.attrib=loo_mpd=14_thresh=0.9_docnorm=F_tfidf=F.csv
0.16,0.805,0.0,0.0,0.0,0.0,0.0,200,../../lists/bcms_setimes/list.bcms_setimes.attrib=loo_mpd=14_thresh=0.9_docnorm=F_tfidf=T.csv
0.38,0.52,0.0,0.0,0.0,0.0,0.0,200,../../lists/bcms_setimes/list.bcms_setimes.attrib=loo_mpd=14_thresh=0.9_docnorm=T_tfidf=F.csv
0.335,0.545,0.0,0.0,0.0,0.0,0.0,200,../../lists/bcms_setimes/list.bcms_setimes.attrib=loo_mpd=14_thresh=0.9_docnorm=T_tfidf=T.csv
0.145,0.845,0.0,0.0,0.0,0.0,0.0,200,../../lists/bcms_setimes/list.bcms_setimes.attrib=loo_mpd=14_thresh=1.0_docnorm=F_tfidf=F.csv
0.17,0.81,0.0,0.0,0.0,0.0,0.0,200,../../lists/bcms_setimes/list.bcms_setimes.attrib=loo_mpd=14_thresh=1.0_docnorm=F_tfidf=T.csv
0.34,0.605,0.0,0.0,0.0,0.0,0.0,200,../../lists/bcms_setimes/list.bcms_setimes.attrib=loo_mpd=14_thresh=1.0_docnorm=T_tfidf=F.csv
0.33,0.61,0.0,0.0,0.0,0.0,0.0,200,../../lists/bcms_setimes/list.bcms_setimes.attrib=loo_mpd=14_thresh=1.0_docnorm=T_tfidf=T.csv
0.145,0.845,0.0,0.0,0.0,0.0,0.0,200,../../lists/bcms_setimes/list.bcms_setimes.attrib=loo_mpd=15_thresh=0.1_docnorm=F_tfidf=F.csv
0.16,0.805,0.0,0.0,0.0,0.0,0.0,200,../../lists/bcms_setimes/list.bcms_setimes.attrib=loo_mpd=15_thresh=0.1_docnorm=F_tfidf=T.csv
0.275,0.165,0.0,0.0,0.0,0.0,0.0,200,../../lists/bcms_setimes/list.bcms_setimes.attrib=loo_mpd=15_thresh=0.1_docnorm=T_tfidf=F.csv
0.24,0.25,0.0,0.0,0.0,0.0,0.0,200,../../lists/bcms_setimes/list.bcms_setimes.attrib=loo_mpd=15_thresh=0.1_docnorm=T_tfidf=T.csv
0.145,0.845,0.0,0.0,0.0,0.0,0.0,200,../../lists/bcms_setimes/list.bcms_setimes.attrib=loo_mpd=15_thresh=0.2_docnorm=F_tfidf=F.csv
0.16,0.805,0.0,0.0,0.0,0.0,0.0,200,../../lists/bcms_setimes/list.bcms_setimes.attrib=loo_mpd=15_thresh=0.2_docnorm=F_tfidf=T.csv
0.4,0.3,0.0,0.0,0.0,0.0,0.0,200,../../lists/bcms_setimes/list.bcms_setimes.attrib=loo_mpd=15_thresh=0.2_docnorm=T_tfidf=F.csv
0.3,0.39,0.0,0.0,0.0,0.0,0.0,200,../../lists/bcms_setimes/list.bcms_setimes.attrib=loo_mpd=15_thresh=0.2_docnorm=T_tfidf=T.csv
0.145,0.845,0.0,0.0,0.0,0.0,0.0,200,../../lists/bcms_setimes/list.bcms_setimes.attrib=loo_mpd=15_thresh=0.3_docnorm=F_tfidf=F.csv
0.16,0.805,0.0,0.0,0.0,0.0,0.0,200,../../lists/bcms_setimes/list.bcms_setimes.attrib=loo_mpd=15_thresh=0.3_docnorm=F_tfidf=T.csv
0.45,0.355,0.0,0.0,0.0,0.0,0.0,200,../../lists/bcms_setimes/list.bcms_setimes.attrib=loo_mpd=15_thresh=0.3_docnorm=T_tfidf=F.csv
0.325,0.42,0.0,0.0,0.0,0.0,0.0,200,../../lists/bcms_setimes/list.bcms_setimes.attrib=loo_mpd=15_thresh=0.3_docnorm=T_tfidf=T.csv
0.145,0.845,0.0,0.0,0.0,0.0,0.0,200,../../lists/bcms_setimes/list.bcms_setimes.attrib=loo_mpd=15_thresh=0.4_docnorm=F_tfidf=F.csv
0.16,0.805,0.0,0.0,0.0,0.0,0.0,200,../../lists/bcms_setimes/list.bcms_setimes.attrib=loo_mpd=15_thresh=0.4_docnorm=F_tfidf=T.csv
0.4,0.445,0.0,0.0,0.0,0.0,0.0,200,../../lists/bcms_setimes/list.bcms_setimes.attrib=loo_mpd=15_thresh=0.4_docnorm=T_tfidf=F.csv
0.3,0.44,0.0,0.0,0.0,0.0,0.0,200,../../lists/bcms_setimes/list.bcms_setimes.attrib=loo_mpd=15_thresh=0.4_docnorm=T_tfidf=T.csv
0.145,0.845,0.0,0.0,0.0,0.0,0.0,200,../../lists/bcms_setimes/list.bcms_setimes.attrib=loo_mpd=15_thresh=0.5_docnorm=F_tfidf=F.csv
0.16,0.805,0.0,0.0,0.0,0.0,0.0,200,../../lists/bcms_setimes/list.bcms_setimes.attrib=loo_mpd=15_thresh=0.5_docnorm=F_tfidf=T.csv
0.35,0.47,0.0,0.0,0.0,0.0,0.0,200,../../lists/bcms_setimes/list.bcms_setimes.attrib=loo_mpd=15_thresh=0.5_docnorm=T_tfidf=F.csv
0.295,0.48,0.0,0.0,0.0,0.0,0.0,200,../../lists/bcms_setimes/list.bcms_setimes.attrib=loo_mpd=15_thresh=0.5_docnorm=T_tfidf=T.csv
0.145,0.845,0.0,0.0,0.0,0.0,0.0,200,../../lists/bcms_setimes/list.bcms_setimes.attrib=loo_mpd=15_thresh=0.6_docnorm=F_tfidf=F.csv
0.16,0.805,0.0,0.0,0.0,0.0,0.0,200,../../lists/bcms_setimes/list.bcms_setimes.attrib=loo_mpd=15_thresh=0.6_docnorm=F_tfidf=T.csv
0.415,0.44,0.0,0.0,0.0,0.0,0.0,200,../../lists/bcms_setimes/list.bcms_setimes.attrib=loo_mpd=15_thresh=0.6_docnorm=T_tfidf=F.csv
0.305,0.475,0.0,0.0,0.0,0.0,0.0,200,../../lists/bcms_setimes/list.bcms_setimes.attrib=loo_mpd=15_thresh=0.6_docnorm=T_tfidf=T.csv
0.145,0.845,0.0,0.0,0.0,0.0,0.0,200,../../lists/bcms_setimes/list.bcms_setimes.attrib=loo_mpd=15_thresh=0.7_docnorm=F_tfidf=F.csv
0.16,0.805,0.0,0.0,0.0,0.0,0.0,200,../../lists/bcms_setimes/list.bcms_setimes.attrib=loo_mpd=15_thresh=0.7_docnorm=F_tfidf=T.csv
0.37,0.48,0.0,0.0,0.0,0.0,0.0,200,../../lists/bcms_setimes/list.bcms_setimes.attrib=loo_mpd=15_thresh=0.7_docnorm=T_tfidf=F.csv
0.33,0.485,0.0,0.0,0.0,0.0,0.0,200,../../lists/bcms_setimes/list.bcms_setimes.attrib=loo_mpd=15_thresh=0.7_docnorm=T_tfidf=T.csv
0.145,0.845,0.0,0.0,0.0,0.0,0.0,200,../../lists/bcms_setimes/list.bcms_setimes.attrib=loo_mpd=15_thresh=0.8_docnorm=F_tfidf=F.csv
0.16,0.805,0.0,0.0,0.0,0.0,0.0,200,../../lists/bcms_setimes/list.bcms_setimes.attrib=loo_mpd=15_thresh=0.8_docnorm=F_tfidf=T.csv
0.4,0.475,0.0,0.0,0.0,0.0,0.0,200,../../lists/bcms_setimes/list.bcms_setimes.attrib=loo_mpd=15_thresh=0.8_docnorm=T_tfidf=F.csv
0.35,0.52,0.0,0.0,0.0,0.0,0.0,200,../../lists/bcms_setimes/list.bcms_setimes.attrib=loo_mpd=15_thresh=0.8_docnorm=T_tfidf=T.csv
0.145,0.845,0.0,0.0,0.0,0.0,0.0,200,../../lists/bcms_setimes/list.bcms_setimes.attrib=loo_mpd=15_thresh=0.9_docnorm=F_tfidf=F.csv
0.16,0.805,0.0,0.0,0.0,0.0,0.0,200,../../lists/bcms_setimes/list.bcms_setimes.attrib=loo_mpd=15_thresh=0.9_docnorm=F_tfidf=T.csv
0.38,0.515,0.0,0.0,0.0,0.0,0.0,200,../../lists/bcms_setimes/list.bcms_setimes.attrib=loo_mpd=15_thresh=0.9_docnorm=T_tfidf=F.csv
0.33,0.55,0.0,0.0,0.0,0.0,0.0,200,../../lists/bcms_setimes/list.bcms_setimes.attrib=loo_mpd=15_thresh=0.9_docnorm=T_tfidf=T.csv
0.145,0.845,0.0,0.0,0.0,0.0,0.0,200,../../lists/bcms_setimes/list.bcms_setimes.attrib=loo_mpd=15_thresh=1.0_docnorm=F_tfidf=F.csv
0.17,0.81,0.0,0.0,0.0,0.0,0.0,200,../../lists/bcms_setimes/list.bcms_setimes.attrib=loo_mpd=15_thresh=1.0_docnorm=F_tfidf=T.csv
0.355,0.59,0.0,0.0,0.0,0.0,0.0,200,../../lists/bcms_setimes/list.bcms_setimes.attrib=loo_mpd=15_thresh=1.0_docnorm=T_tfidf=F.csv
0.33,0.605,0.0,0.0,0.0,0.0,0.0,200,../../lists/bcms_setimes/list.bcms_setimes.attrib=loo_mpd=15_thresh=1.0_docnorm=T_tfidf=T.csv
0.145,0.845,0.0,0.0,0.0,0.0,0.0,200,../../lists/bcms_setimes/list.bcms_setimes.attrib=loo_mpd=16_thresh=0.1_docnorm=F_tfidf=F.csv
0.16,0.805,0.0,0.0,0.0,0.0,0.0,200,../../lists/bcms_setimes/list.bcms_setimes.attrib=loo_mpd=16_thresh=0.1_docnorm=F_tfidf=T.csv
0.27,0.17,0.0,0.0,0.0,0.0,0.0,200,../../lists/bcms_setimes/list.bcms_setimes.attrib=loo_mpd=16_thresh=0.1_docnorm=T_tfidf=F.csv
0.24,0.25,0.0,0.0,0.0,0.0,0.0,200,../../lists/bcms_setimes/list.bcms_setimes.attrib=loo_mpd=16_thresh=0.1_docnorm=T_tfidf=T.csv
0.145,0.845,0.0,0.0,0.0,0.0,0.0,200,../../lists/bcms_setimes/list.bcms_setimes.attrib=loo_mpd=16_thresh=0.2_docnorm=F_tfidf=F.csv
0.16,0.805,0.0,0.0,0.0,0.0,0.0,200,../../lists/bcms_setimes/list.bcms_setimes.attrib=loo_mpd=16_thresh=0.2_docnorm=F_tfidf=T.csv
0.4,0.3,0.0,0.0,0.0,0.0,0.0,200,../../lists/bcms_setimes/list.bcms_setimes.attrib=loo_mpd=16_thresh=0.2_docnorm=T_tfidf=F.csv
0.305,0.385,0.0,0.0,0.0,0.0,0.0,200,../../lists/bcms_setimes/list.bcms_setimes.attrib=loo_mpd=16_thresh=0.2_docnorm=T_tfidf=T.csv
0.145,0.845,0.0,0.0,0.0,0.0,0.0,200,../../lists/bcms_setimes/list.bcms_setimes.attrib=loo_mpd=16_thresh=0.3_docnorm=F_tfidf=F.csv
0.16,0.805,0.0,0.0,0.0,0.0,0.0,200,../../lists/bcms_setimes/list.bcms_setimes.attrib=loo_mpd=16_thresh=0.3_docnorm=F_tfidf=T.csv
0.435,0.36,0.0,0.0,0.0,0.0,0.0,200,../../lists/bcms_setimes/list.bcms_setimes.attrib=loo_mpd=16_thresh=0.3_docnorm=T_tfidf=F.csv
0.315,0.415,0.0,0.0,0.0,0.0,0.0,200,../../lists/bcms_setimes/list.bcms_setimes.attrib=loo_mpd=16_thresh=0.3_docnorm=T_tfidf=T.csv
0.145,0.845,0.0,0.0,0.0,0.0,0.0,200,../../lists/bcms_setimes/list.bcms_setimes.attrib=loo_mpd=16_thresh=0.4_docnorm=F_tfidf=F.csv
0.16,0.805,0.0,0.0,0.0,0.0,0.0,200,../../lists/bcms_setimes/list.bcms_setimes.attrib=loo_mpd=16_thresh=0.4_docnorm=F_tfidf=T.csv
0.4,0.45,0.0,0.0,0.0,0.0,0.0,200,../../lists/bcms_setimes/list.bcms_setimes.attrib=loo_mpd=16_thresh=0.4_docnorm=T_tfidf=F.csv
0.31,0.435,0.0,0.0,0.0,0.0,0.0,200,../../lists/bcms_setimes/list.bcms_setimes.attrib=loo_mpd=16_thresh=0.4_docnorm=T_tfidf=T.csv
0.145,0.845,0.0,0.0,0.0,0.0,0.0,200,../../lists/bcms_setimes/list.bcms_setimes.attrib=loo_mpd=16_thresh=0.5_docnorm=F_tfidf=F.csv
0.16,0.805,0.0,0.0,0.0,0.0,0.0,200,../../lists/bcms_setimes/list.bcms_setimes.attrib=loo_mpd=16_thresh=0.5_docnorm=F_tfidf=T.csv
0.345,0.475,0.0,0.0,0.0,0.0,0.0,200,../../lists/bcms_setimes/list.bcms_setimes.attrib=loo_mpd=16_thresh=0.5_docnorm=T_tfidf=F.csv
0.3,0.465,0.0,0.0,0.0,0.0,0.0,200,../../lists/bcms_setimes/list.bcms_setimes.attrib=loo_mpd=16_thresh=0.5_docnorm=T_tfidf=T.csv
0.145,0.845,0.0,0.0,0.0,0.0,0.0,200,../../lists/bcms_setimes/list.bcms_setimes.attrib=loo_mpd=16_thresh=0.6_docnorm=F_tfidf=F.csv
0.16,0.805,0.0,0.0,0.0,0.0,0.0,200,../../lists/bcms_setimes/list.bcms_setimes.attrib=loo_mpd=16_thresh=0.6_docnorm=F_tfidf=T.csv
0.41,0.465,0.0,0.0,0.0,0.0,0.0,200,../../lists/bcms_setimes/list.bcms_setimes.attrib=loo_mpd=16_thresh=0.6_docnorm=T_tfidf=F.csv
0.31,0.485,0.0,0.0,0.0,0.0,0.0,200,../../lists/bcms_setimes/list.bcms_setimes.attrib=loo_mpd=16_thresh=0.6_docnorm=T_tfidf=T.csv
0.145,0.845,0.0,0.0,0.0,0.0,0.0,200,../../lists/bcms_setimes/list.bcms_setimes.attrib=loo_mpd=16_thresh=0.7_docnorm=F_tfidf=F.csv
0.16,0.805,0.0,0.0,0.0,0.0,0.0,200,../../lists/bcms_setimes/list.bcms_setimes.attrib=loo_mpd=16_thresh=0.7_docnorm=F_tfidf=T.csv
0.37,0.48,0.0,0.0,0.0,0.0,0.0,200,../../lists/bcms_setimes/list.bcms_setimes.attrib=loo_mpd=16_thresh=0.7_docnorm=T_tfidf=F.csv
0.335,0.48,0.0,0.0,0.0,0.0,0.0,200,../../lists/bcms_setimes/list.bcms_setimes.attrib=loo_mpd=16_thresh=0.7_docnorm=T_tfidf=T.csv
0.145,0.845,0.0,0.0,0.0,0.0,0.0,200,../../lists/bcms_setimes/list.bcms_setimes.attrib=loo_mpd=16_thresh=0.8_docnorm=F_tfidf=F.csv
0.16,0.805,0.0,0.0,0.0,0.0,0.0,200,../../lists/bcms_setimes/list.bcms_setimes.attrib=loo_mpd=16_thresh=0.8_docnorm=F_tfidf=T.csv
0.41,0.465,0.0,0.0,0.0,0.0,0.0,200,../../lists/bcms_setimes/list.bcms_setimes.attrib=loo_mpd=16_thresh=0.8_docnorm=T_tfidf=F.csv
0.34,0.52,0.0,0.0,0.0,0.0,0.0,200,../../lists/bcms_setimes/list.bcms_setimes.attrib=loo_mpd=16_thresh=0.8_docnorm=T_tfidf=T.csv
0.145,0.845,0.0,0.0,0.0,0.0,0.0,200,../../lists/bcms_setimes/list.bcms_setimes.attrib=loo_mpd=16_thresh=0.9_docnorm=F_tfidf=F.csv
0.16,0.805,0.0,0.0,0.0,0.0,0.0,200,../../lists/bcms_setimes/list.bcms_setimes.attrib=loo_mpd=16_thresh=0.9_docnorm=F_tfidf=T.csv
0.395,0.49,0.0,0.0,0.0,0.0,0.0,200,../../lists/bcms_setimes/list.bcms_setimes.attrib=loo_mpd=16_thresh=0.9_docnorm=T_tfidf=F.csv
0.335,0.55,0.0,0.0,0.0,0.0,0.0,200,../../lists/bcms_setimes/list.bcms_setimes.attrib=loo_mpd=16_thresh=0.9_docnorm=T_tfidf=T.csv
0.145,0.845,0.0,0.0,0.0,0.0,0.0,200,../../lists/bcms_setimes/list.bcms_setimes.attrib=loo_mpd=16_thresh=1.0_docnorm=F_tfidf=F.csv
0.17,0.81,0.0,0.0,0.0,0.0,0.0,200,../../lists/bcms_setimes/list.bcms_setimes.attrib=loo_mpd=16_thresh=1.0_docnorm=F_tfidf=T.csv
0.36,0.58,0.0,0.0,0.0,0.0,0.0,200,../../lists/bcms_setimes/list.bcms_setimes.attrib=loo_mpd=16_thresh=1.0_docnorm=T_tfidf=F.csv
0.325,0.615,0.0,0.0,0.0,0.0,0.0,200,../../lists/bcms_setimes/list.bcms_setimes.attrib=loo_mpd=16_thresh=1.0_docnorm=T_tfidf=T.csv
0.145,0.845,0.0,0.0,0.0,0.0,0.0,200,../../lists/bcms_setimes/list.bcms_setimes.attrib=loo_mpd=17_thresh=0.1_docnorm=F_tfidf=F.csv
0.16,0.805,0.0,0.0,0.0,0.0,0.0,200,../../lists/bcms_setimes/list.bcms_setimes.attrib=loo_mpd=17_thresh=0.1_docnorm=F_tfidf=T.csv
0.27,0.17,0.0,0.0,0.0,0.0,0.0,200,../../lists/bcms_setimes/list.bcms_setimes.attrib=loo_mpd=17_thresh=0.1_docnorm=T_tfidf=F.csv
0.235,0.25,0.0,0.0,0.0,0.0,0.0,200,../../lists/bcms_setimes/list.bcms_setimes.attrib=loo_mpd=17_thresh=0.1_docnorm=T_tfidf=T.csv
0.145,0.845,0.0,0.0,0.0,0.0,0.0,200,../../lists/bcms_setimes/list.bcms_setimes.attrib=loo_mpd=17_thresh=0.2_docnorm=F_tfidf=F.csv
0.16,0.805,0.0,0.0,0.0,0.0,0.0,200,../../lists/bcms_setimes/list.bcms_setimes.attrib=loo_mpd=17_thresh=0.2_docnorm=F_tfidf=T.csv
0.405,0.29,0.0,0.0,0.0,0.0,0.0,200,../../lists/bcms_setimes/list.bcms_setimes.attrib=loo_mpd=17_thresh=0.2_docnorm=T_tfidf=F.csv
0.31,0.37,0.0,0.0,0.0,0.0,0.0,200,../../lists/bcms_setimes/list.bcms_setimes.attrib=loo_mpd=17_thresh=0.2_docnorm=T_tfidf=T.csv
0.145,0.845,0.0,0.0,0.0,0.0,0.0,200,../../lists/bcms_setimes/list.bcms_setimes.attrib=loo_mpd=17_thresh=0.3_docnorm=F_tfidf=F.csv
0.16,0.805,0.0,0.0,0.0,0.0,0.0,200,../../lists/bcms_setimes/list.bcms_setimes.attrib=loo_mpd=17_thresh=0.3_docnorm=F_tfidf=T.csv
0.445,0.345,0.0,0.0,0.0,0.0,0.0,200,../../lists/bcms_setimes/list.bcms_setimes.attrib=loo_mpd=17_thresh=0.3_docnorm=T_tfidf=F.csv
0.315,0.41,0.0,0.0,0.0,0.0,0.0,200,../../lists/bcms_setimes/list.bcms_setimes.attrib=loo_mpd=17_thresh=0.3_docnorm=T_tfidf=T.csv
0.145,0.845,0.0,0.0,0.0,0.0,0.0,200,../../lists/bcms_setimes/list.bcms_setimes.attrib=loo_mpd=17_thresh=0.4_docnorm=F_tfidf=F.csv
0.16,0.805,0.0,0.0,0.0,0.0,0.0,200,../../lists/bcms_setimes/list.bcms_setimes.attrib=loo_mpd=17_thresh=0.4_docnorm=F_tfidf=T.csv
0.395,0.46,0.0,0.0,0.0,0.0,0.0,200,../../lists/bcms_setimes/list.bcms_setimes.attrib=loo_mpd=17_thresh=0.4_docnorm=T_tfidf=F.csv
0.31,0.45,0.0,0.0,0.0,0.0,0.0,200,../../lists/bcms_setimes/list.bcms_setimes.attrib=loo_mpd=17_thresh=0.4_docnorm=T_tfidf=T.csv
0.145,0.845,0.0,0.0,0.0,0.0,0.0,200,../../lists/bcms_setimes/list.bcms_setimes.attrib=loo_mpd=17_thresh=0.5_docnorm=F_tfidf=F.csv
0.16,0.805,0.0,0.0,0.0,0.0,0.0,200,../../lists/bcms_setimes/list.bcms_setimes.attrib=loo_mpd=17_thresh=0.5_docnorm=F_tfidf=T.csv
0.345,0.47,0.0,0.0,0.0,0.0,0.0,200,../../lists/bcms_setimes/list.bcms_setimes.attrib=loo_mpd=17_thresh=0.5_docnorm=T_tfidf=F.csv
0.295,0.47,0.0,0.0,0.0,0.0,0.0,200,../../lists/bcms_setimes/list.bcms_setimes.attrib=loo_mpd=17_thresh=0.5_docnorm=T_tfidf=T.csv
0.145,0.845,0.0,0.0,0.0,0.0,0.0,200,../../lists/bcms_setimes/list.bcms_setimes.attrib=loo_mpd=17_thresh=0.6_docnorm=F_tfidf=F.csv
0.16,0.805,0.0,0.0,0.0,0.0,0.0,200,../../lists/bcms_setimes/list.bcms_setimes.attrib=loo_mpd=17_thresh=0.6_docnorm=F_tfidf=T.csv
0.39,0.48,0.0,0.0,0.0,0.0,0.0,200,../../lists/bcms_setimes/list.bcms_setimes.attrib=loo_mpd=17_thresh=0.6_docnorm=T_tfidf=F.csv
0.305,0.485,0.0,0.0,0.0,0.0,0.0,200,../../lists/bcms_setimes/list.bcms_setimes.attrib=loo_mpd=17_thresh=0.6_docnorm=T_tfidf=T.csv
0.145,0.845,0.0,0.0,0.0,0.0,0.0,200,../../lists/bcms_setimes/list.bcms_setimes.attrib=loo_mpd=17_thresh=0.7_docnorm=F_tfidf=F.csv
0.16,0.805,0.0,0.0,0.0,0.0,0.0,200,../../lists/bcms_setimes/list.bcms_setimes.attrib=loo_mpd=17_thresh=0.7_docnorm=F_tfidf=T.csv
0.375,0.48,0.0,0.0,0.0,0.0,0.0,200,../../lists/bcms_setimes/list.bcms_setimes.attrib=loo_mpd=17_thresh=0.7_docnorm=T_tfidf=F.csv
0.335,0.485,0.0,0.0,0.0,0.0,0.0,200,../../lists/bcms_setimes/list.bcms_setimes.attrib=loo_mpd=17_thresh=0.7_docnorm=T_tfidf=T.csv
0.145,0.845,0.0,0.0,0.0,0.0,0.0,200,../../lists/bcms_setimes/list.bcms_setimes.attrib=loo_mpd=17_thresh=0.8_docnorm=F_tfidf=F.csv
0.16,0.805,0.0,0.0,0.0,0.0,0.0,200,../../lists/bcms_setimes/list.bcms_setimes.attrib=loo_mpd=17_thresh=0.8_docnorm=F_tfidf=T.csv
0.41,0.465,0.0,0.0,0.0,0.0,0.0,200,../../lists/bcms_setimes/list.bcms_setimes.attrib=loo_mpd=17_thresh=0.8_docnorm=T_tfidf=F.csv
0.335,0.525,0.0,0.0,0.0,0.0,0.0,200,../../lists/bcms_setimes/list.bcms_setimes.attrib=loo_mpd=17_thresh=0.8_docnorm=T_tfidf=T.csv
0.145,0.845,0.0,0.0,0.0,0.0,0.0,200,../../lists/bcms_setimes/list.bcms_setimes.attrib=loo_mpd=17_thresh=0.9_docnorm=F_tfidf=F.csv
0.16,0.805,0.0,0.0,0.0,0.0,0.0,200,../../lists/bcms_setimes/list.bcms_setimes.attrib=loo_mpd=17_thresh=0.9_docnorm=F_tfidf=T.csv
0.39,0.49,0.0,0.0,0.0,0.0,0.0,200,../../lists/bcms_setimes/list.bcms_setimes.attrib=loo_mpd=17_thresh=0.9_docnorm=T_tfidf=F.csv
0.34,0.545,0.0,0.0,0.0,0.0,0.0,200,../../lists/bcms_setimes/list.bcms_setimes.attrib=loo_mpd=17_thresh=0.9_docnorm=T_tfidf=T.csv
0.145,0.845,0.0,0.0,0.0,0.0,0.0,200,../../lists/bcms_setimes/list.bcms_setimes.attrib=loo_mpd=17_thresh=1.0_docnorm=F_tfidf=F.csv
0.175,0.805,0.0,0.0,0.0,0.0,0.0,200,../../lists/bcms_setimes/list.bcms_setimes.attrib=loo_mpd=17_thresh=1.0_docnorm=F_tfidf=T.csv
0.38,0.555,0.0,0.0,0.0,0.0,0.0,200,../../lists/bcms_setimes/list.bcms_setimes.attrib=loo_mpd=17_thresh=1.0_docnorm=T_tfidf=F.csv
0.325,0.61,0.0,0.0,0.0,0.0,0.0,200,../../lists/bcms_setimes/list.bcms_setimes.attrib=loo_mpd=17_thresh=1.0_docnorm=T_tfidf=T.csv
0.145,0.845,0.0,0.0,0.0,0.0,0.0,200,../../lists/bcms_setimes/list.bcms_setimes.attrib=loo_mpd=18_thresh=0.1_docnorm=F_tfidf=F.csv
0.16,0.805,0.0,0.0,0.0,0.0,0.0,200,../../lists/bcms_setimes/list.bcms_setimes.attrib=loo_mpd=18_thresh=0.1_docnorm=F_tfidf=T.csv
0.275,0.17,0.0,0.0,0.0,0.0,0.0,200,../../lists/bcms_setimes/list.bcms_setimes.attrib=loo_mpd=18_thresh=0.1_docnorm=T_tfidf=F.csv
0.235,0.25,0.0,0.0,0.0,0.0,0.0,200,../../lists/bcms_setimes/list.bcms_setimes.attrib=loo_mpd=18_thresh=0.1_docnorm=T_tfidf=T.csv
0.145,0.845,0.0,0.0,0.0,0.0,0.0,200,../../lists/bcms_setimes/list.bcms_setimes.attrib=loo_mpd=18_thresh=0.2_docnorm=F_tfidf=F.csv
0.16,0.805,0.0,0.0,0.0,0.0,0.0,200,../../lists/bcms_setimes/list.bcms_setimes.attrib=loo_mpd=18_thresh=0.2_docnorm=F_tfidf=T.csv
0.395,0.29,0.0,0.0,0.0,0.0,0.0,200,../../lists/bcms_setimes/list.bcms_setimes.attrib=loo_mpd=18_thresh=0.2_docnorm=T_tfidf=F.csv
0.32,0.37,0.0,0.0,0.0,0.0,0.0,200,../../lists/bcms_setimes/list.bcms_setimes.attrib=loo_mpd=18_thresh=0.2_docnorm=T_tfidf=T.csv
0.145,0.845,0.0,0.0,0.0,0.0,0.0,200,../../lists/bcms_setimes/list.bcms_setimes.attrib=loo_mpd=18_thresh=0.3_docnorm=F_tfidf=F.csv
0.16,0.805,0.0,0.0,0.0,0.0,0.0,200,../../lists/bcms_setimes/list.bcms_setimes.attrib=loo_mpd=18_thresh=0.3_docnorm=F_tfidf=T.csv
0.425,0.34,0.0,0.0,0.0,0.0,0.0,200,../../lists/bcms_setimes/list.bcms_setimes.attrib=loo_mpd=18_thresh=0.3_docnorm=T_tfidf=F.csv
0.315,0.42,0.0,0.0,0.0,0.0,0.0,200,../../lists/bcms_setimes/list.bcms_setimes.attrib=loo_mpd=18_thresh=0.3_docnorm=T_tfidf=T.csv
0.145,0.845,0.0,0.0,0.0,0.0,0.0,200,../../lists/bcms_setimes/list.bcms_setimes.attrib=loo_mpd=18_thresh=0.4_docnorm=F_tfidf=F.csv
0.16,0.805,0.0,0.0,0.0,0.0,0.0,200,../../lists/bcms_setimes/list.bcms_setimes.attrib=loo_mpd=18_thresh=0.4_docnorm=F_tfidf=T.csv
0.39,0.46,0.0,0.0,0.0,0.0,0.0,200,../../lists/bcms_setimes/list.bcms_setimes.attrib=loo_mpd=18_thresh=0.4_docnorm=T_tfidf=F.csv
0.3,0.455,0.0,0.0,0.0,0.0,0.0,200,../../lists/bcms_setimes/list.bcms_setimes.attrib=loo_mpd=18_thresh=0.4_docnorm=T_tfidf=T.csv
0.145,0.845,0.0,0.0,0.0,0.0,0.0,200,../../lists/bcms_setimes/list.bcms_setimes.attrib=loo_mpd=18_thresh=0.5_docnorm=F_tfidf=F.csv
0.16,0.805,0.0,0.0,0.0,0.0,0.0,200,../../lists/bcms_setimes/list.bcms_setimes.attrib=loo_mpd=18_thresh=0.5_docnorm=F_tfidf=T.csv
0.34,0.475,0.0,0.0,0.0,0.0,0.0,200,../../lists/bcms_setimes/list.bcms_setimes.attrib=loo_mpd=18_thresh=0.5_docnorm=T_tfidf=F.csv
0.3,0.45,0.0,0.0,0.0,0.0,0.0,200,../../lists/bcms_setimes/list.bcms_setimes.attrib=loo_mpd=18_thresh=0.5_docnorm=T_tfidf=T.csv
0.145,0.845,0.0,0.0,0.0,0.0,0.0,200,../../lists/bcms_setimes/list.bcms_setimes.attrib=loo_mpd=18_thresh=0.6_docnorm=F_tfidf=F.csv
0.16,0.805,0.0,0.0,0.0,0.0,0.0,200,../../lists/bcms_setimes/list.bcms_setimes.attrib=loo_mpd=18_thresh=0.6_docnorm=F_tfidf=T.csv
0.395,0.475,0.0,0.0,0.0,0.0,0.0,200,../../lists/bcms_setimes/list.bcms_setimes.attrib=loo_mpd=18_thresh=0.6_docnorm=T_tfidf=F.csv
0.3,0.485,0.0,0.0,0.0,0.0,0.0,200,../../lists/bcms_setimes/list.bcms_setimes.attrib=loo_mpd=18_thresh=0.6_docnorm=T_tfidf=T.csv
0.145,0.845,0.0,0.0,0.0,0.0,0.0,200,../../lists/bcms_setimes/list.bcms_setimes.attrib=loo_mpd=18_thresh=0.7_docnorm=F_tfidf=F.csv
0.16,0.805,0.0,0.0,0.0,0.0,0.0,200,../../lists/bcms_setimes/list.bcms_setimes.attrib=loo_mpd=18_thresh=0.7_docnorm=F_tfidf=T.csv
0.385,0.475,0.0,0.0,0.0,0.0,0.0,200,../../lists/bcms_setimes/list.bcms_setimes.attrib=loo_mpd=18_thresh=0.7_docnorm=T_tfidf=F.csv
0.335,0.485,0.0,0.0,0.0,0.0,0.0,200,../../lists/bcms_setimes/list.bcms_setimes.attrib=loo_mpd=18_thresh=0.7_docnorm=T_tfidf=T.csv
0.145,0.845,0.0,0.0,0.0,0.0,0.0,200,../../lists/bcms_setimes/list.bcms_setimes.attrib=loo_mpd=18_thresh=0.8_docnorm=F_tfidf=F.csv
0.16,0.805,0.0,0.0,0.0,0.0,0.0,200,../../lists/bcms_setimes/list.bcms_setimes.attrib=loo_mpd=18_thresh=0.8_docnorm=F_tfidf=T.csv
0.42,0.45,0.0,0.0,0.0,0.0,0.0,200,../../lists/bcms_setimes/list.bcms_setimes.attrib=loo_mpd=18_thresh=0.8_docnorm=T_tfidf=F.csv
0.35,0.5,0.0,0.0,0.0,0.0,0.0,200,../../lists/bcms_setimes/list.bcms_setimes.attrib=loo_mpd=18_thresh=0.8_docnorm=T_tfidf=T.csv
0.145,0.845,0.0,0.0,0.0,0.0,0.0,200,../../lists/bcms_setimes/list.bcms_setimes.attrib=loo_mpd=18_thresh=0.9_docnorm=F_tfidf=F.csv
0.16,0.805,0.0,0.0,0.0,0.0,0.0,200,../../lists/bcms_setimes/list.bcms_setimes.attrib=loo_mpd=18_thresh=0.9_docnorm=F_tfidf=T.csv
0.395,0.485,0.0,0.0,0.0,0.0,0.0,200,../../lists/bcms_setimes/list.bcms_setimes.attrib=loo_mpd=18_thresh=0.9_docnorm=T_tfidf=F.csv
0.34,0.545,0.0,0.0,0.0,0.0,0.0,200,../../lists/bcms_setimes/list.bcms_setimes.attrib=loo_mpd=18_thresh=0.9_docnorm=T_tfidf=T.csv
0.145,0.845,0.0,0.0,0.0,0.0,0.0,200,../../lists/bcms_setimes/list.bcms_setimes.attrib=loo_mpd=18_thresh=1.0_docnorm=F_tfidf=F.csv
0.175,0.8,0.0,0.0,0.0,0.0,0.0,200,../../lists/bcms_setimes/list.bcms_setimes.attrib=loo_mpd=18_thresh=1.0_docnorm=F_tfidf=T.csv
0.39,0.54,0.0,0.0,0.0,0.0,0.0,200,../../lists/bcms_setimes/list.bcms_setimes.attrib=loo_mpd=18_thresh=1.0_docnorm=T_tfidf=F.csv
0.34,0.59,0.0,0.0,0.0,0.0,0.0,200,../../lists/bcms_setimes/list.bcms_setimes.attrib=loo_mpd=18_thresh=1.0_docnorm=T_tfidf=T.csv
0.145,0.845,0.0,0.0,0.0,0.0,0.0,200,../../lists/bcms_setimes/list.bcms_setimes.attrib=loo_mpd=19_thresh=0.1_docnorm=F_tfidf=F.csv
0.16,0.805,0.0,0.0,0.0,0.0,0.0,200,../../lists/bcms_setimes/list.bcms_setimes.attrib=loo_mpd=19_thresh=0.1_docnorm=F_tfidf=T.csv
0.275,0.17,0.0,0.0,0.0,0.0,0.0,200,../../lists/bcms_setimes/list.bcms_setimes.attrib=loo_mpd=19_thresh=0.1_docnorm=T_tfidf=F.csv
0.24,0.25,0.0,0.0,0.0,0.0,0.0,200,../../lists/bcms_setimes/list.bcms_setimes.attrib=loo_mpd=19_thresh=0.1_docnorm=T_tfidf=T.csv
0.145,0.845,0.0,0.0,0.0,0.0,0.0,200,../../lists/bcms_setimes/list.bcms_setimes.attrib=loo_mpd=19_thresh=0.2_docnorm=F_tfidf=F.csv
0.16,0.805,0.0,0.0,0.0,0.0,0.0,200,../../lists/bcms_setimes/list.bcms_setimes.attrib=loo_mpd=19_thresh=0.2_docnorm=F_tfidf=T.csv
0.39,0.28,0.0,0.0,0.0,0.0,0.0,200,../../lists/bcms_setimes/list.bcms_setimes.attrib=loo_mpd=19_thresh=0.2_docnorm=T_tfidf=F.csv
0.31,0.38,0.0,0.0,0.0,0.0,0.0,200,../../lists/bcms_setimes/list.bcms_setimes.attrib=loo_mpd=19_thresh=0.2_docnorm=T_tfidf=T.csv
0.145,0.845,0.0,0.0,0.0,0.0,0.0,200,../../lists/bcms_setimes/list.bcms_setimes.attrib=loo_mpd=19_thresh=0.3_docnorm=F_tfidf=F.csv
0.16,0.805,0.0,0.0,0.0,0.0,0.0,200,../../lists/bcms_setimes/list.bcms_setimes.attrib=loo_mpd=19_thresh=0.3_docnorm=F_tfidf=T.csv
0.43,0.345,0.0,0.0,0.0,0.0,0.0,200,../../lists/bcms_setimes/list.bcms_setimes.attrib=loo_mpd=19_thresh=0.3_docnorm=T_tfidf=F.csv
0.325,0.405,0.0,0.0,0.0,0.0,0.0,200,../../lists/bcms_setimes/list.bcms_setimes.attrib=loo_mpd=19_thresh=0.3_docnorm=T_tfidf=T.csv
0.145,0.845,0.0,0.0,0.0,0.0,0.0,200,../../lists/bcms_setimes/list.bcms_setimes.attrib=loo_mpd=19_thresh=0.4_docnorm=F_tfidf=F.csv
0.16,0.805,0.0,0.0,0.0,0.0,0.0,200,../../lists/bcms_setimes/list.bcms_setimes.attrib=loo_mpd=19_thresh=0.4_docnorm=F_tfidf=T.csv
0.39,0.465,0.0,0.0,0.0,0.0,0.0,200,../../lists/bcms_setimes/list.bcms_setimes.attrib=loo_mpd=19_thresh=0.4_docnorm=T_tfidf=F.csv
0.315,0.435,0.0,0.0,0.0,0.0,0.0,200,../../lists/bcms_setimes/list.bcms_setimes.attrib=loo_mpd=19_thresh=0.4_docnorm=T_tfidf=T.csv
0.145,0.845,0.0,0.0,0.0,0.0,0.0,200,../../lists/bcms_setimes/list.bcms_setimes.attrib=loo_mpd=19_thresh=0.5_docnorm=F_tfidf=F.csv
0.16,0.805,0.0,0.0,0.0,0.0,0.0,200,../../lists/bcms_setimes/list.bcms_setimes.attrib=loo_mpd=19_thresh=0.5_docnorm=F_tfidf=T.csv
0.365,0.465,0.0,0.0,0.0,0.0,0.0,200,../../lists/bcms_setimes/list.bcms_setimes.attrib=loo_mpd=19_thresh=0.5_docnorm=T_tfidf=F.csv
0.31,0.445,0.0,0.0,0.0,0.0,0.0,200,../../lists/bcms_setimes/list.bcms_setimes.attrib=loo_mpd=19_thresh=0.5_docnorm=T_tfidf=T.csv
0.145,0.845,0.0,0.0,0.0,0.0,0.0,200,../../lists/bcms_setimes/list.bcms_setimes.attrib=loo_mpd=19_thresh=0.6_docnorm=F_tfidf=F.csv
0.16,0.805,0.0,0.0,0.0,0.0,0.0,200,../../lists/bcms_setimes/list.bcms_setimes.attrib=loo_mpd=19_thresh=0.6_docnorm=F_tfidf=T.csv
0.395,0.48,0.0,0.0,0.0,0.0,0.0,200,../../lists/bcms_setimes/list.bcms_setimes.attrib=loo_mpd=19_thresh=0.6_docnorm=T_tfidf=F.csv
0.29,0.495,0.0,0.0,0.0,0.0,0.0,200,../../lists/bcms_setimes/list.bcms_setimes.attrib=loo_mpd=19_thresh=0.6_docnorm=T_tfidf=T.csv
0.145,0.845,0.0,0.0,0.0,0.0,0.0,200,../../lists/bcms_setimes/list.bcms_setimes.attrib=loo_mpd=19_thresh=0.7_docnorm=F_tfidf=F.csv
0.16,0.805,0.0,0.0,0.0,0.0,0.0,200,../../lists/bcms_setimes/list.bcms_setimes.attrib=loo_mpd=19_thresh=0.7_docnorm=F_tfidf=T.csv
0.385,0.47,0.0,0.0,0.0,0.0,0.0,200,../../lists/bcms_setimes/list.bcms_setimes.attrib=loo_mpd=19_thresh=0.7_docnorm=T_tfidf=F.csv
0.34,0.475,0.0,0.0,0.0,0.0,0.0,200,../../lists/bcms_setimes/list.bcms_setimes.attrib=loo_mpd=19_thresh=0.7_docnorm=T_tfidf=T.csv
0.145,0.845,0.0,0.0,0.0,0.0,0.0,200,../../lists/bcms_setimes/list.bcms_setimes.attrib=loo_mpd=19_thresh=0.8_docnorm=F_tfidf=F.csv
0.16,0.805,0.0,0.0,0.0,0.0,0.0,200,../../lists/bcms_setimes/list.bcms_setimes.attrib=loo_mpd=19_thresh=0.8_docnorm=F_tfidf=T.csv
0.4,0.46,0.0,0.0,0.0,0.0,0.0,200,../../lists/bcms_setimes/list.bcms_setimes.attrib=loo_mpd=19_thresh=0.8_docnorm=T_tfidf=F.csv
0.34,0.51,0.0,0.0,0.0,0.0,0.0,200,../../lists/bcms_setimes/list.bcms_setimes.attrib=loo_mpd=19_thresh=0.8_docnorm=T_tfidf=T.csv
0.145,0.845,0.0,0.0,0.0,0.0,0.0,200,../../lists/bcms_setimes/list.bcms_setimes.attrib=loo_mpd=19_thresh=0.9_docnorm=F_tfidf=F.csv
0.16,0.805,0.0,0.0,0.0,0.0,0.0,200,../../lists/bcms_setimes/list.bcms_setimes.attrib=loo_mpd=19_thresh=0.9_docnorm=F_tfidf=T.csv
0.385,0.495,0.0,0.0,0.0,0.0,0.0,200,../../lists/bcms_setimes/list.bcms_setimes.attrib=loo_mpd=19_thresh=0.9_docnorm=T_tfidf=F.csv
0.34,0.55,0.0,0.0,0.0,0.0,0.0,200,../../lists/bcms_setimes/list.bcms_setimes.attrib=loo_mpd=19_thresh=0.9_docnorm=T_tfidf=T.csv
0.145,0.845,0.0,0.0,0.0,0.0,0.0,200,../../lists/bcms_setimes/list.bcms_setimes.attrib=loo_mpd=19_thresh=1.0_docnorm=F_tfidf=F.csv
0.17,0.8,0.0,0.0,0.0,0.0,0.0,200,../../lists/bcms_setimes/list.bcms_setimes.attrib=loo_mpd=19_thresh=1.0_docnorm=F_tfidf=T.csv
0.4,0.525,0.0,0.0,0.0,0.0,0.0,200,../../lists/bcms_setimes/list.bcms_setimes.attrib=loo_mpd=19_thresh=1.0_docnorm=T_tfidf=F.csv
0.34,0.585,0.0,0.0,0.0,0.0,0.0,200,../../lists/bcms_setimes/list.bcms_setimes.attrib=loo_mpd=19_thresh=1.0_docnorm=T_tfidf=T.csv
0.19,0.8,0.0,0.0,0.0,0.0,0.0,200,../../lists/bcms_setimes/list.bcms_setimes.attrib=loo_mpd=1_thresh=0.1_docnorm=F_tfidf=F.csv
0.205,0.75,0.0,0.0,0.0,0.0,0.0,200,../../lists/bcms_setimes/list.bcms_setimes.attrib=loo_mpd=1_thresh=0.1_docnorm=F_tfidf=T.csv
0.315,0.23,0.0,0.0,0.0,0.0,0.0,200,../../lists/bcms_setimes/list.bcms_setimes.attrib=loo_mpd=1_thresh=0.1_docnorm=T_tfidf=F.csv
0.265,0.33,0.0,0.0,0.0,0.0,0.0,200,../../lists/bcms_setimes/list.bcms_setimes.attrib=loo_mpd=1_thresh=0.1_docnorm=T_tfidf=T.csv
0.19,0.8,0.0,0.0,0.0,0.0,0.0,200,../../lists/bcms_setimes/list.bcms_setimes.attrib=loo_mpd=1_thresh=0.2_docnorm=F_tfidf=F.csv
0.205,0.75,0.0,0.0,0.0,0.0,0.0,200,../../lists/bcms_setimes/list.bcms_setimes.attrib=loo_mpd=1_thresh=0.2_docnorm=F_tfidf=T.csv
0.305,0.545,0.0,0.0,0.0,0.0,0.0,200,../../lists/bcms_setimes/list.bcms_setimes.attrib=loo_mpd=1_thresh=0.2_docnorm=T_tfidf=F.csv
0.28,0.51,0.0,0.0,0.0,0.0,0.0,200,../../lists/bcms_setimes/list.bcms_setimes.attrib=loo_mpd=1_thresh=0.2_docnorm=T_tfidf=T.csv
0.19,0.8,0.0,0.0,0.0,0.0,0.0,200,../../lists/bcms_setimes/list.bcms_setimes.attrib=loo_mpd=1_thresh=0.3_docnorm=F_tfidf=F.csv
0.205,0.75,0.0,0.0,0.0,0.0,0.0,200,../../lists/bcms_setimes/list.bcms_setimes.attrib=loo_mpd=1_thresh=0.3_docnorm=F_tfidf=T.csv
0.255,0.645,0.0,0.0,0.0,0.0,0.0,200,../../lists/bcms_setimes/list.bcms_setimes.attrib=loo_mpd=1_thresh=0.3_docnorm=T_tfidf=F.csv
0.24,0.6,0.0,0.0,0.0,0.0,0.0,200,../../lists/bcms_setimes/list.bcms_setimes.attrib=loo_mpd=1_thresh=0.3_docnorm=T_tfidf=T.csv
0.19,0.8,0.0,0.0,0.0,0.0,0.0,200,../../lists/bcms_setimes/list.bcms_setimes.attrib=loo_mpd=1_thresh=0.4_docnorm=F_tfidf=F.csv
0.205,0.75,0.0,0.0,0.0,0.0,0.0,200,../../lists/bcms_setimes/list.bcms_setimes.attrib=loo_mpd=1_thresh=0.4_docnorm=F_tfidf=T.csv
0.2,0.74,0.0,0.0,0.0,0.0,0.0,200,../../lists/bcms_setimes/list.bcms_setimes.attrib=loo_mpd=1_thresh=0.4_docnorm=T_tfidf=F.csv
0.205,0.66,0.0,0.0,0.0,0.0,0.0,200,../../lists/bcms_setimes/list.bcms_setimes.attrib=loo_mpd=1_thresh=0.4_docnorm=T_tfidf=T.csv
0.19,0.8,0.0,0.0,0.0,0.0,0.0,200,../../lists/bcms_setimes/list.bcms_setimes.attrib=loo_mpd=1_thresh=0.5_docnorm=F_tfidf=F.csv
0.205,0.75,0.0,0.0,0.0,0.0,0.0,200,../../lists/bcms_setimes/list.bcms_setimes.attrib=loo_mpd=1_thresh=0.5_docnorm=F_tfidf=T.csv
0.2,0.74,0.0,0.0,0.0,0.0,0.0,200,../../lists/bcms_setimes/list.bcms_setimes.attrib=loo_mpd=1_thresh=0.5_docnorm=T_tfidf=F.csv
0.245,0.63,0.0,0.0,0.0,0.0,0.0,200,../../lists/bcms_setimes/list.bcms_setimes.attrib=loo_mpd=1_thresh=0.5_docnorm=T_tfidf=T.csv
0.19,0.8,0.0,0.0,0.0,0.0,0.0,200,../../lists/bcms_setimes/list.bcms_setimes.attrib=loo_mpd=1_thresh=0.6_docnorm=F_tfidf=F.csv
0.2,0.755,0.0,0.0,0.0,0.0,0.0,200,../../lists/bcms_setimes/list.bcms_setimes.attrib=loo_mpd=1_thresh=0.6_docnorm=F_tfidf=T.csv
0.195,0.75,0.0,0.0,0.0,0.0,0.0,200,../../lists/bcms_setimes/list.bcms_setimes.attrib=loo_mpd=1_thresh=0.6_docnorm=T_tfidf=F.csv
0.28,0.615,0.0,0.0,0.0,0.0,0.0,200,../../lists/bcms_setimes/list.bcms_setimes.attrib=loo_mpd=1_thresh=0.6_docnorm=T_tfidf=T.csv
0.19,0.8,0.0,0.0,0.0,0.0,0.0,200,../../lists/bcms_setimes/list.bcms_setimes.attrib=loo_mpd=1_thresh=0.7_docnorm=F_tfidf=F.csv
0.2,0.755,0.0,0.0,0.0,0.0,0.0,200,../../lists/bcms_setimes/list.bcms_setimes.attrib=loo_mpd=1_thresh=0.7_docnorm=F_tfidf=T.csv
0.19,0.73,0.0,0.0,0.0,0.0,0.0,200,../../lists/bcms_setimes/list.bcms_setimes.attrib=loo_mpd=1_thresh=0.7_docnorm=T_tfidf=F.csv
0.29,0.62,0.0,0.0,0.0,0.0,0.0,200,../../lists/bcms_setimes/list.bcms_setimes.attrib=loo_mpd=1_thresh=0.7_docnorm=T_tfidf=T.csv
0.19,0.8,0.0,0.0,0.0,0.0,0.0,200,../../lists/bcms_setimes/list.bcms_setimes.attrib=loo_mpd=1_thresh=0.8_docnorm=F_tfidf=F.csv
0.205,0.755,0.0,0.0,0.0,0.0,0.0,200,../../lists/bcms_setimes/list.bcms_setimes.attrib=loo_mpd=1_thresh=0.8_docnorm=F_tfidf=T.csv
0.24,0.71,0.0,0.0,0.0,0.0,0.0,200,../../lists/bcms_setimes/list.bcms_setimes.attrib=loo_mpd=1_thresh=0.8_docnorm=T_tfidf=F.csv
0.32,0.61,0.0,0.0,0.0,0.0,0.0,200,../../lists/bcms_setimes/list.bcms_setimes.attrib=loo_mpd=1_thresh=0.8_docnorm=T_tfidf=T.csv
0.195,0.795,0.0,0.0,0.0,0.0,0.0,200,../../lists/bcms_setimes/list.bcms_setimes.attrib=loo_mpd=1_thresh=0.9_docnorm=F_tfidf=F.csv
0.215,0.755,0.0,0.0,0.0,0.0,0.0,200,../../lists/bcms_setimes/list.bcms_setimes.attrib=loo_mpd=1_thresh=0.9_docnorm=F_tfidf=T.csv
0.255,0.705,0.0,0.0,0.0,0.0,0.0,200,../../lists/bcms_setimes/list.bcms_setimes.attrib=loo_mpd=1_thresh=0.9_docnorm=T_tfidf=F.csv
0.295,0.66,0.0,0.0,0.0,0.0,0.0,200,../../lists/bcms_setimes/list.bcms_setimes.attrib=loo_mpd=1_thresh=0.9_docnorm=T_tfidf=T.csv
0.23,0.765,0.0,0.0,0.0,0.0,0.0,200,../../lists/bcms_setimes/list.bcms_setimes.attrib=loo_mpd=1_thresh=1.0_docnorm=F_tfidf=F.csv
0.23,0.765,0.0,0.0,0.0,0.0,0.0,200,../../lists/bcms_setimes/list.bcms_setimes.attrib=loo_mpd=1_thresh=1.0_docnorm=F_tfidf=T.csv
0.22,0.775,0.0,0.0,0.0,0.0,0.0,200,../../lists/bcms_setimes/list.bcms_setimes.attrib=loo_mpd=1_thresh=1.0_docnorm=T_tfidf=F.csv
0.225,0.77,0.0,0.0,0.0,0.0,0.0,200,../../lists/bcms_setimes/list.bcms_setimes.attrib=loo_mpd=1_thresh=1.0_docnorm=T_tfidf=T.csv
0.145,0.845,0.0,0.0,0.0,0.0,0.0,200,../../lists/bcms_setimes/list.bcms_setimes.attrib=loo_mpd=20_thresh=0.1_docnorm=F_tfidf=F.csv
0.16,0.805,0.0,0.0,0.0,0.0,0.0,200,../../lists/bcms_setimes/list.bcms_setimes.attrib=loo_mpd=20_thresh=0.1_docnorm=F_tfidf=T.csv
0.28,0.17,0.0,0.0,0.0,0.0,0.0,200,../../lists/bcms_setimes/list.bcms_setimes.attrib=loo_mpd=20_thresh=0.1_docnorm=T_tfidf=F.csv
0.235,0.25,0.0,0.0,0.0,0.0,0.0,200,../../lists/bcms_setimes/list.bcms_setimes.attrib=loo_mpd=20_thresh=0.1_docnorm=T_tfidf=T.csv
0.145,0.845,0.0,0.0,0.0,0.0,0.0,200,../../lists/bcms_setimes/list.bcms_setimes.attrib=loo_mpd=20_thresh=0.2_docnorm=F_tfidf=F.csv
0.16,0.805,0.0,0.0,0.0,0.0,0.0,200,../../lists/bcms_setimes/list.bcms_setimes.attrib=loo_mpd=20_thresh=0.2_docnorm=F_tfidf=T.csv
0.375,0.285,0.0,0.0,0.0,0.0,0.0,200,../../lists/bcms_setimes/list.bcms_setimes.attrib=loo_mpd=20_thresh=0.2_docnorm=T_tfidf=F.csv
0.305,0.38,0.0,0.0,0.0,0.0,0.0,200,../../lists/bcms_setimes/list.bcms_setimes.attrib=loo_mpd=20_thresh=0.2_docnorm=T_tfidf=T.csv
0.145,0.845,0.0,0.0,0.0,0.0,0.0,200,../../lists/bcms_setimes/list.bcms_setimes.attrib=loo_mpd=20_thresh=0.3_docnorm=F_tfidf=F.csv
0.16,0.805,0.0,0.0,0.0,0.0,0.0,200,../../lists/bcms_setimes/list.bcms_setimes.attrib=loo_mpd=20_thresh=0.3_docnorm=F_tfidf=T.csv
0.435,0.345,0.0,0.0,0.0,0.0,0.0,200,../../lists/bcms_setimes/list.bcms_setimes.attrib=loo_mpd=20_thresh=0.3_docnorm=T_tfidf=F.csv
0.33,0.39,0.0,0.0,0.0,0.0,0.0,200,../../lists/bcms_setimes/list.bcms_setimes.attrib=loo_mpd=20_thresh=0.3_docnorm=T_tfidf=T.csv
0.145,0.845,0.0,0.0,0.0,0.0,0.0,200,../../lists/bcms_setimes/list.bcms_setimes.attrib=loo_mpd=20_thresh=0.4_docnorm=F_tfidf=F.csv
0.16,0.805,0.0,0.0,0.0,0.0,0.0,200,../../lists/bcms_setimes/list.bcms_setimes.attrib=loo_mpd=20_thresh=0.4_docnorm=F_tfidf=T.csv
0.385,0.47,0.0,0.0,0.0,0.0,0.0,200,../../lists/bcms_setimes/list.bcms_setimes.attrib=loo_mpd=20_thresh=0.4_docnorm=T_tfidf=F.csv
0.3,0.445,0.0,0.0,0.0,0.0,0.0,200,../../lists/bcms_setimes/list.bcms_setimes.attrib=loo_mpd=20_thresh=0.4_docnorm=T_tfidf=T.csv
0.145,0.845,0.0,0.0,0.0,0.0,0.0,200,../../lists/bcms_setimes/list.bcms_setimes.attrib=loo_mpd=20_thresh=0.5_docnorm=F_tfidf=F.csv
0.16,0.805,0.0,0.0,0.0,0.0,0.0,200,../../lists/bcms_setimes/list.bcms_setimes.attrib=loo_mpd=20_thresh=0.5_docnorm=F_tfidf=T.csv
0.355,0.475,0.0,0.0,0.0,0.0,0.0,200,../../lists/bcms_setimes/list.bcms_setimes.attrib=loo_mpd=20_thresh=0.5_docnorm=T_tfidf=F.csv
0.31,0.44,0.0,0.0,0.0,0.0,0.0,200,../../lists/bcms_setimes/list.bcms_setimes.attrib=loo_mpd=20_thresh=0.5_docnorm=T_tfidf=T.csv
0.145,0.845,0.0,0.0,0.0,0.0,0.0,200,../../lists/bcms_setimes/list.bcms_setimes.attrib=loo_mpd=20_thresh=0.6_docnorm=F_tfidf=F.csv
0.16,0.805,0.0,0.0,0.0,0.0,0.0,200,../../lists/bcms_setimes/list.bcms_setimes.attrib=loo_mpd=20_thresh=0.6_docnorm=F_tfidf=T.csv
0.395,0.47,0.0,0.0,0.0,0.0,0.0,200,../../lists/bcms_setimes/list.bcms_setimes.attrib=loo_mpd=20_thresh=0.6_docnorm=T_tfidf=F.csv
0.285,0.495,0.0,0.0,0.0,0.0,0.0,200,../../lists/bcms_setimes/list.bcms_setimes.attrib=loo_mpd=20_thresh=0.6_docnorm=T_tfidf=T.csv
0.145,0.845,0.0,0.0,0.0,0.0,0.0,200,../../lists/bcms_setimes/list.bcms_setimes.attrib=loo_mpd=20_thresh=0.7_docnorm=F_tfidf=F.csv
0.16,0.805,0.0,0.0,0.0,0.0,0.0,200,../../lists/bcms_setimes/list.bcms_setimes.attrib=loo_mpd=20_thresh=0.7_docnorm=F_tfidf=T.csv
0.385,0.47,0.0,0.0,0.0,0.0,0.0,200,../../lists/bcms_setimes/list.bcms_setimes.attrib=loo_mpd=20_thresh=0.7_docnorm=T_tfidf=F.csv
0.335,0.485,0.0,0.0,0.0,0.0,0.0,200,../../lists/bcms_setimes/list.bcms_setimes.attrib=loo_mpd=20_thresh=0.7_docnorm=T_tfidf=T.csv
0.145,0.845,0.0,0.0,0.0,0.0,0.0,200,../../lists/bcms_setimes/list.bcms_setimes.attrib=loo_mpd=20_thresh=0.8_docnorm=F_tfidf=F.csv
0.16,0.805,0.0,0.0,0.0,0.0,0.0,200,../../lists/bcms_setimes/list.bcms_setimes.attrib=loo_mpd=20_thresh=0.8_docnorm=F_tfidf=T.csv
0.395,0.46,0.0,0.0,0.0,0.0,0.0,200,../../lists/bcms_setimes/list.bcms_setimes.attrib=loo_mpd=20_thresh=0.8_docnorm=T_tfidf=F.csv
0.335,0.51,0.0,0.0,0.0,0.0,0.0,200,../../lists/bcms_setimes/list.bcms_setimes.attrib=loo_mpd=20_thresh=0.8_docnorm=T_tfidf=T.csv
0.145,0.845,0.0,0.0,0.0,0.0,0.0,200,../../lists/bcms_setimes/list.bcms_setimes.attrib=loo_mpd=20_thresh=0.9_docnorm=F_tfidf=F.csv
0.16,0.805,0.0,0.0,0.0,0.0,0.0,200,../../lists/bcms_setimes/list.bcms_setimes.attrib=loo_mpd=20_thresh=0.9_docnorm=F_tfidf=T.csv
0.39,0.49,0.0,0.0,0.0,0.0,0.0,200,../../lists/bcms_setimes/list.bcms_setimes.attrib=loo_mpd=20_thresh=0.9_docnorm=T_tfidf=F.csv
0.34,0.555,0.0,0.0,0.0,0.0,0.0,200,../../lists/bcms_setimes/list.bcms_setimes.attrib=loo_mpd=20_thresh=0.9_docnorm=T_tfidf=T.csv
0.145,0.845,0.0,0.0,0.0,0.0,0.0,200,../../lists/bcms_setimes/list.bcms_setimes.attrib=loo_mpd=20_thresh=1.0_docnorm=F_tfidf=F.csv
0.17,0.8,0.0,0.0,0.0,0.0,0.0,200,../../lists/bcms_setimes/list.bcms_setimes.attrib=loo_mpd=20_thresh=1.0_docnorm=F_tfidf=T.csv
0.4,0.52,0.0,0.0,0.0,0.0,0.0,200,../../lists/bcms_setimes/list.bcms_setimes.attrib=loo_mpd=20_thresh=1.0_docnorm=T_tfidf=F.csv
0.35,0.57,0.0,0.0,0.0,0.0,0.0,200,../../lists/bcms_setimes/list.bcms_setimes.attrib=loo_mpd=20_thresh=1.0_docnorm=T_tfidf=T.csv
0.17,0.82,0.0,0.0,0.0,0.0,0.0,200,../../lists/bcms_setimes/list.bcms_setimes.attrib=loo_mpd=2_thresh=0.1_docnorm=F_tfidf=F.csv
0.185,0.775,0.0,0.0,0.0,0.0,0.0,200,../../lists/bcms_setimes/list.bcms_setimes.attrib=loo_mpd=2_thresh=0.1_docnorm=F_tfidf=T.csv
0.28,0.185,0.0,0.0,0.0,0.0,0.0,200,../../lists/bcms_setimes/list.bcms_setimes.attrib=loo_mpd=2_thresh=0.1_docnorm=T_tfidf=F.csv
0.24,0.335,0.0,0.0,0.0,0.0,0.0,200,../../lists/bcms_setimes/list.bcms_setimes.attrib=loo_mpd=2_thresh=0.1_docnorm=T_tfidf=T.csv
0.17,0.82,0.0,0.0,0.0,0.0,0.0,200,../../lists/bcms_setimes/list.bcms_setimes.attrib=loo_mpd=2_thresh=0.2_docnorm=F_tfidf=F.csv
0.185,0.775,0.0,0.0,0.0,0.0,0.0,200,../../lists/bcms_setimes/list.bcms_setimes.attrib=loo_mpd=2_thresh=0.2_docnorm=F_tfidf=T.csv
0.36,0.45,0.0,0.0,0.0,0.0,0.0,200,../../lists/bcms_setimes/list.bcms_setimes.attrib=loo_mpd=2_thresh=0.2_docnorm=T_tfidf=F.csv
0.275,0.46,0.0,0.0,0.0,0.0,0.0,200,../../lists/bcms_setimes/list.bcms_setimes.attrib=loo_mpd=2_thresh=0.2_docnorm=T_tfidf=T.csv
0.17,0.82,0.0,0.0,0.0,0.0,0.0,200,../../lists/bcms_setimes/list.bcms_setimes.attrib=loo_mpd=2_thresh=0.3_docnorm=F_tfidf=F.csv
0.185,0.775,0.0,0.0,0.0,0.0,0.0,200,../../lists/bcms_setimes/list.bcms_setimes.attrib=loo_mpd=2_thresh=0.3_docnorm=F_tfidf=T.csv
0.34,0.535,0.0,0.0,0.0,0.0,0.0,200,../../lists/bcms_setimes/list.bcms_setimes.attrib=loo_mpd=2_thresh=0.3_docnorm=T_tfidf=F.csv
0.27,0.545,0.0,0.0,0.0,0.0,0.0,200,../../lists/bcms_setimes/list.bcms_setimes.attrib=loo_mpd=2_thresh=0.3_docnorm=T_tfidf=T.csv
0.17,0.82,0.0,0.0,0.0,0.0,0.0,200,../../lists/bcms_setimes/list.bcms_setimes.attrib=loo_mpd=2_thresh=0.4_docnorm=F_tfidf=F.csv
0.185,0.775,0.0,0.0,0.0,0.0,0.0,200,../../lists/bcms_setimes/list.bcms_setimes.attrib=loo_mpd=2_thresh=0.4_docnorm=F_tfidf=T.csv
0.28,0.595,0.0,0.0,0.0,0.0,0.0,200,../../lists/bcms_setimes/list.bcms_setimes.attrib=loo_mpd=2_thresh=0.4_docnorm=T_tfidf=F.csv
0.245,0.57,0.0,0.0,0.0,0.0,0.0,200,../../lists/bcms_setimes/list.bcms_setimes.attrib=loo_mpd=2_thresh=0.4_docnorm=T_tfidf=T.csv
0.17,0.82,0.0,0.0,0.0,0.0,0.0,200,../../lists/bcms_setimes/list.bcms_setimes.attrib=loo_mpd=2_thresh=0.5_docnorm=F_tfidf=F.csv
0.185,0.775,0.0,0.0,0.0,0.0,0.0,200,../../lists/bcms_setimes/list.bcms_setimes.attrib=loo_mpd=2_thresh=0.5_docnorm=F_tfidf=T.csv
0.27,0.64,0.0,0.0,0.0,0.0,0.0,200,../../lists/bcms_setimes/list.bcms_setimes.attrib=loo_mpd=2_thresh=0.5_docnorm=T_tfidf=F.csv
0.235,0.615,0.0,0.0,0.0,0.0,0.0,200,../../lists/bcms_setimes/list.bcms_setimes.attrib=loo_mpd=2_thresh=0.5_docnorm=T_tfidf=T.csv
0.17,0.82,0.0,0.0,0.0,0.0,0.0,200,../../lists/bcms_setimes/list.bcms_setimes.attrib=loo_mpd=2_thresh=0.6_docnorm=F_tfidf=F.csv
0.18,0.78,0.0,0.0,0.0,0.0,0.0,200,../../lists/bcms_setimes/list.bcms_setimes.attrib=loo_mpd=2_thresh=0.6_docnorm=F_tfidf=T.csv
0.25,0.66,0.0,0.0,0.0,0.0,0.0,200,../../lists/bcms_setimes/list.bcms_setimes.attrib=loo_mpd=2_thresh=0.6_docnorm=T_tfidf=F.csv
0.26,0.615,0.0,0.0,0.0,0.0,0.0,200,../../lists/bcms_setimes/list.bcms_setimes.attrib=loo_mpd=2_thresh=0.6_docnorm=T_tfidf=T.csv
0.17,0.82,0.0,0.0,0.0,0.0,0.0,200,../../lists/bcms_setimes/list.bcms_setimes.attrib=loo_mpd=2_thresh=0.7_docnorm=F_tfidf=F.csv
0.18,0.78,0.0,0.0,0.0,0.0,0.0,200,../../lists/bcms_setimes/list.bcms_setimes.attrib=loo_mpd=2_thresh=0.7_docnorm=F_tfidf=T.csv
0.245,0.685,0.0,0.0,0.0,0.0,0.0,200,../../lists/bcms_setimes/list.bcms_setimes.attrib=loo_mpd=2_thresh=0.7_docnorm=T_tfidf=F.csv
0.28,0.6,0.0,0.0,0.0,0.0,0.0,200,../../lists/bcms_setimes/list.bcms_setimes.attrib=loo_mpd=2_thresh=0.7_docnorm=T_tfidf=T.csv
0.17,0.82,0.0,0.0,0.0,0.0,0.0,200,../../lists/bcms_setimes/list.bcms_setimes.attrib=loo_mpd=2_thresh=0.8_docnorm=F_tfidf=F.csv
0.18,0.78,0.0,0.0,0.0,0.0,0.0,200,../../lists/bcms_setimes/list.bcms_setimes.attrib=loo_mpd=2_thresh=0.8_docnorm=F_tfidf=T.csv
0.24,0.69,0.0,0.0,0.0,0.0,0.0,200,../../lists/bcms_setimes/list.bcms_setimes.attrib=loo_mpd=2_thresh=0.8_docnorm=T_tfidf=F.csv
0.295,0.605,0.0,0.0,0.0,0.0,0.0,200,../../lists/bcms_setimes/list.bcms_setimes.attrib=loo_mpd=2_thresh=0.8_docnorm=T_tfidf=T.csv
0.17,0.82,0.0,0.0,0.0,0.0,0.0,200,../../lists/bcms_setimes/list.bcms_setimes.attrib=loo_mpd=2_thresh=0.9_docnorm=F_tfidf=F.csv
0.185,0.78,0.0,0.0,0.0,0.0,0.0,200,../../lists/bcms_setimes/list.bcms_setimes.attrib=loo_mpd=2_thresh=0.9_docnorm=F_tfidf=T.csv
0.245,0.705,0.0,0.0,0.0,0.0,0.0,200,../../lists/bcms_setimes/list.bcms_setimes.attrib=loo_mpd=2_thresh=0.9_docnorm=T_tfidf=F.csv
0.305,0.64,0.0,0.0,0.0,0.0,0.0,200,../../lists/bcms_setimes/list.bcms_setimes.attrib=loo_mpd=2_thresh=0.9_docnorm=T_tfidf=T.csv
0.175,0.815,0.0,0.0,0.0,0.0,0.0,200,../../lists/bcms_setimes/list.bcms_setimes.attrib=loo_mpd=2_thresh=1.0_docnorm=F_tfidf=F.csv
0.19,0.8,0.0,0.0,0.0,0.0,0.0,200,../../lists/bcms_setimes/list.bcms_setimes.attrib=loo_mpd=2_thresh=1.0_docnorm=F_tfidf=T.csv
0.19,0.8,0.0,0.0,0.0,0.0,0.0,200,../../lists/bcms_setimes/list.bcms_setimes.attrib=loo_mpd=2_thresh=1.0_docnorm=T_tfidf=F.csv
0.185,0.805,0.0,0.0,0.0,0.0,0.0,200,../../lists/bcms_setimes/list.bcms_setimes.attrib=loo_mpd=2_thresh=1.0_docnorm=T_tfidf=T.csv
0.15,0.84,0.0,0.0,0.0,0.0,0.0,200,../../lists/bcms_setimes/list.bcms_setimes.attrib=loo_mpd=3_thresh=0.1_docnorm=F_tfidf=F.csv
0.18,0.78,0.0,0.0,0.0,0.0,0.0,200,../../lists/bcms_setimes/list.bcms_setimes.attrib=loo_mpd=3_thresh=0.1_docnorm=F_tfidf=T.csv
0.28,0.17,0.0,0.0,0.0,0.0,0.0,200,../../lists/bcms_setimes/list.bcms_setimes.attrib=loo_mpd=3_thresh=0.1_docnorm=T_tfidf=F.csv
0.25,0.28,0.0,0.0,0.0,0.0,0.0,200,../../lists/bcms_setimes/list.bcms_setimes.attrib=loo_mpd=3_thresh=0.1_docnorm=T_tfidf=T.csv
0.15,0.84,0.0,0.0,0.0,0.0,0.0,200,../../lists/bcms_setimes/list.bcms_setimes.attrib=loo_mpd=3_thresh=0.2_docnorm=F_tfidf=F.csv
0.18,0.78,0.0,0.0,0.0,0.0,0.0,200,../../lists/bcms_setimes/list.bcms_setimes.attrib=loo_mpd=3_thresh=0.2_docnorm=F_tfidf=T.csv
0.395,0.385,0.0,0.0,0.0,0.0,0.0,200,../../lists/bcms_setimes/list.bcms_setimes.attrib=loo_mpd=3_thresh=0.2_docnorm=T_tfidf=F.csv
0.305,0.425,0.0,0.0,0.0,0.0,0.0,200,../../lists/bcms_setimes/list.bcms_setimes.attrib=loo_mpd=3_thresh=0.2_docnorm=T_tfidf=T.csv
0.15,0.84,0.0,0.0,0.0,0.0,0.0,200,../../lists/bcms_setimes/list.bcms_setimes.attrib=loo_mpd=3_thresh=0.3_docnorm=F_tfidf=F.csv
0.18,0.78,0.0,0.0,0.0,0.0,0.0,200,../../lists/bcms_setimes/list.bcms_setimes.attrib=loo_mpd=3_thresh=0.3_docnorm=F_tfidf=T.csv
0.395,0.455,0.0,0.0,0.0,0.0,0.0,200,../../lists/bcms_setimes/list.bcms_setimes.attrib=loo_mpd=3_thresh=0.3_docnorm=T_tfidf=F.csv
0.27,0.5,0.0,0.0,0.0,0.0,0.0,200,../../lists/bcms_setimes/list.bcms_setimes.attrib=loo_mpd=3_thresh=0.3_docnorm=T_tfidf=T.csv
0.15,0.84,0.0,0.0,0.0,0.0,0.0,200,../../lists/bcms_setimes/list.bcms_setimes.attrib=loo_mpd=3_thresh=0.4_docnorm=F_tfidf=F.csv
0.18,0.78,0.0,0.0,0.0,0.0,0.0,200,../../lists/bcms_setimes/list.bcms_setimes.attrib=loo_mpd=3_thresh=0.4_docnorm=F_tfidf=T.csv
0.31,0.545,0.0,0.0,0.0,0.0,0.0,200,../../lists/bcms_setimes/list.bcms_setimes.attrib=loo_mpd=3_thresh=0.4_docnorm=T_tfidf=F.csv
0.28,0.515,0.0,0.0,0.0,0.0,0.0,200,../../lists/bcms_setimes/list.bcms_setimes.attrib=loo_mpd=3_thresh=0.4_docnorm=T_tfidf=T.csv
0.15,0.84,0.0,0.0,0.0,0.0,0.0,200,../../lists/bcms_setimes/list.bcms_setimes.attrib=loo_mpd=3_thresh=0.5_docnorm=F_tfidf=F.csv
0.18,0.78,0.0,0.0,0.0,0.0,0.0,200,../../lists/bcms_setimes/list.bcms_setimes.attrib=loo_mpd=3_thresh=0.5_docnorm=F_tfidf=T.csv
0.28,0.6,0.0,0.0,0.0,0.0,0.0,200,../../lists/bcms_setimes/list.bcms_setimes.attrib=loo_mpd=3_thresh=0.5_docnorm=T_tfidf=F.csv
0.26,0.565,0.0,0.0,0.0,0.0,0.0,200,../../lists/bcms_setimes/list.bcms_setimes.attrib=loo_mpd=3_thresh=0.5_docnorm=T_tfidf=T.csv
0.15,0.84,0.0,0.0,0.0,0.0,0.0,200,../../lists/bcms_setimes/list.bcms_setimes.attrib=loo_mpd=3_thresh=0.6_docnorm=F_tfidf=F.csv
0.175,0.785,0.0,0.0,0.0,0.0,0.0,200,../../lists/bcms_setimes/list.bcms_setimes.attrib=loo_mpd=3_thresh=0.6_docnorm=F_tfidf=T.csv
0.285,0.605,0.0,0.0,0.0,0.0,0.0,200,../../lists/bcms_setimes/list.bcms_setimes.attrib=loo_mpd=3_thresh=0.6_docnorm=T_tfidf=F.csv
0.285,0.59,0.0,0.0,0.0,0.0,0.0,200,../../lists/bcms_setimes/list.bcms_setimes.attrib=loo_mpd=3_thresh=0.6_docnorm=T_tfidf=T.csv
0.15,0.84,0.0,0.0,0.0,0.0,0.0,200,../../lists/bcms_setimes/list.bcms_setimes.attrib=loo_mpd=3_thresh=0.7_docnorm=F_tfidf=F.csv
0.175,0.785,0.0,0.0,0.0,0.0,0.0,200,../../lists/bcms_setimes/list.bcms_setimes.attrib=loo_mpd=3_thresh=0.7_docnorm=F_tfidf=T.csv
0.345,0.565,0.0,0.0,0.0,0.0,0.0,200,../../lists/bcms_setimes/list.bcms_setimes.attrib=loo_mpd=3_thresh=0.7_docnorm=T_tfidf=F.csv
0.285,0.595,0.0,0.0,0.0,0.0,0.0,200,../../lists/bcms_setimes/list.bcms_setimes.attrib=loo_mpd=3_thresh=0.7_docnorm=T_tfidf=T.csv
0.15,0.84,0.0,0.0,0.0,0.0,0.0,200,../../lists/bcms_setimes/list.bcms_setimes.attrib=loo_mpd=3_thresh=0.8_docnorm=F_tfidf=F.csv
0.175,0.785,0.0,0.0,0.0,0.0,0.0,200,../../lists/bcms_setimes/list.bcms_setimes.attrib=loo_mpd=3_thresh=0.8_docnorm=F_tfidf=T.csv
0.305,0.615,0.0,0.0,0.0,0.0,0.0,200,../../lists/bcms_setimes/list.bcms_setimes.attrib=loo_mpd=3_thresh=0.8_docnorm=T_tfidf=F.csv
0.295,0.595,0.0,0.0,0.0,0.0,0.0,200,../../lists/bcms_setimes/list.bcms_setimes.attrib=loo_mpd=3_thresh=0.8_docnorm=T_tfidf=T.csv
0.15,0.84,0.0,0.0,0.0,0.0,0.0,200,../../lists/bcms_setimes/list.bcms_setimes.attrib=loo_mpd=3_thresh=0.9_docnorm=F_tfidf=F.csv
0.18,0.785,0.0,0.0,0.0,0.0,0.0,200,../../lists/bcms_setimes/list.bcms_setimes.attrib=loo_mpd=3_thresh=0.9_docnorm=F_tfidf=T.csv
0.265,0.675,0.0,0.0,0.0,0.0,0.0,200,../../lists/bcms_setimes/list.bcms_setimes.attrib=loo_mpd=3_thresh=0.9_docnorm=T_tfidf=F.csv
0.31,0.615,0.0,0.0,0.0,0.0,0.0,200,../../lists/bcms_setimes/list.bcms_setimes.attrib=loo_mpd=3_thresh=0.9_docnorm=T_tfidf=T.csv
0.17,0.82,0.0,0.0,0.0,0.0,0.0,200,../../lists/bcms_setimes/list.bcms_setimes.attrib=loo_mpd=3_thresh=1.0_docnorm=F_tfidf=F.csv
0.165,0.825,0.0,0.0,0.0,0.0,0.0,200,../../lists/bcms_setimes/list.bcms_setimes.attrib=loo_mpd=3_thresh=1.0_docnorm=F_tfidf=T.csv
0.16,0.83,0.0,0.0,0.0,0.0,0.0,200,../../lists/bcms_setimes/list.bcms_setimes.attrib=loo_mpd=3_thresh=1.0_docnorm=T_tfidf=F.csv
0.165,0.825,0.0,0.0,0.0,0.0,0.0,200,../../lists/bcms_setimes/list.bcms_setimes.attrib=loo_mpd=3_thresh=1.0_docnorm=T_tfidf=T.csv
0.145,0.845,0.0,0.0,0.0,0.0,0.0,200,../../lists/bcms_setimes/list.bcms_setimes.attrib=loo_mpd=4_thresh=0.1_docnorm=F_tfidf=F.csv
0.175,0.785,0.0,0.0,0.0,0.0,0.0,200,../../lists/bcms_setimes/list.bcms_setimes.attrib=loo_mpd=4_thresh=0.1_docnorm=F_tfidf=T.csv
0.29,0.165,0.0,0.0,0.0,0.0,0.0,200,../../lists/bcms_setimes/list.bcms_setimes.attrib=loo_mpd=4_thresh=0.1_docnorm=T_tfidf=F.csv
0.23,0.295,0.0,0.0,0.0,0.0,0.0,200,../../lists/bcms_setimes/list.bcms_setimes.attrib=loo_mpd=4_thresh=0.1_docnorm=T_tfidf=T.csv
0.145,0.845,0.0,0.0,0.0,0.0,0.0,200,../../lists/bcms_setimes/list.bcms_setimes.attrib=loo_mpd=4_thresh=0.2_docnorm=F_tfidf=F.csv
0.175,0.785,0.0,0.0,0.0,0.0,0.0,200,../../lists/bcms_setimes/list.bcms_setimes.attrib=loo_mpd=4_thresh=0.2_docnorm=F_tfidf=T.csv
0.39,0.355,0.0,0.0,0.0,0.0,0.0,200,../../lists/bcms_setimes/list.bcms_setimes.attrib=loo_mpd=4_thresh=0.2_docnorm=T_tfidf=F.csv
0.305,0.425,0.0,0.0,0.0,0.0,0.0,200,../../lists/bcms_setimes/list.bcms_setimes.attrib=loo_mpd=4_thresh=0.2_docnorm=T_tfidf=T.csv
0.145,0.845,0.0,0.0,0.0,0.0,0.0,200,../../lists/bcms_setimes/list.bcms_setimes.attrib=loo_mpd=4_thresh=0.3_docnorm=F_tfidf=F.csv
0.175,0.785,0.0,0.0,0.0,0.0,0.0,200,../../lists/bcms_setimes/list.bcms_setimes.attrib=loo_mpd=4_thresh=0.3_docnorm=F_tfidf=T.csv
0.425,0.435,0.0,0.0,0.0,0.0,0.0,200,../../lists/bcms_setimes/list.bcms_setimes.attrib=loo_mpd=4_thresh=0.3_docnorm=T_tfidf=F.csv
0.32,0.45,0.0,0.0,0.0,0.0,0.0,200,../../lists/bcms_setimes/list.bcms_setimes.attrib=loo_mpd=4_thresh=0.3_docnorm=T_tfidf=T.csv
0.145,0.845,0.0,0.0,0.0,0.0,0.0,200,../../lists/bcms_setimes/list.bcms_setimes.attrib=loo_mpd=4_thresh=0.4_docnorm=F_tfidf=F.csv
0.175,0.785,0.0,0.0,0.0,0.0,0.0,200,../../lists/bcms_setimes/list.bcms_setimes.attrib=loo_mpd=4_thresh=0.4_docnorm=F_tfidf=T.csv
0.345,0.48,0.0,0.0,0.0,0.0,0.0,200,../../lists/bcms_setimes/list.bcms_setimes.attrib=loo_mpd=4_thresh=0.4_docnorm=T_tfidf=F.csv
0.285,0.47,0.0,0.0,0.0,0.0,0.0,200,../../lists/bcms_setimes/list.bcms_setimes.attrib=loo_mpd=4_thresh=0.4_docnorm=T_tfidf=T.csv
0.145,0.845,0.0,0.0,0.0,0.0,0.0,200,../../lists/bcms_setimes/list.bcms_setimes.attrib=loo_mpd=4_thresh=0.5_docnorm=F_tfidf=F.csv
0.175,0.785,0.0,0.0,0.0,0.0,0.0,200,../../lists/bcms_setimes/list.bcms_setimes.attrib=loo_mpd=4_thresh=0.5_docnorm=F_tfidf=T.csv
0.31,0.55,0.0,0.0,0.0,0.0,0.0,200,../../lists/bcms_setimes/list.bcms_setimes.attrib=loo_mpd=4_thresh=0.5_docnorm=T_tfidf=F.csv
0.255,0.545,0.0,0.0,0.0,0.0,0.0,200,../../lists/bcms_setimes/list.bcms_setimes.attrib=loo_mpd=4_thresh=0.5_docnorm=T_tfidf=T.csv
0.145,0.845,0.0,0.0,0.0,0.0,0.0,200,../../lists/bcms_setimes/list.bcms_setimes.attrib=loo_mpd=4_thresh=0.6_docnorm=F_tfidf=F.csv
0.175,0.785,0.0,0.0,0.0,0.0,0.0,200,../../lists/bcms_setimes/list.bcms_setimes.attrib=loo_mpd=4_thresh=0.6_docnorm=F_tfidf=T.csv
0.305,0.565,0.0,0.0,0.0,0.0,0.0,200,../../lists/bcms_setimes/list.bcms_setimes.attrib=loo_mpd=4_thresh=0.6_docnorm=T_tfidf=F.csv
0.275,0.585,0.0,0.0,0.0,0.0,0.0,200,../../lists/bcms_setimes/list.bcms_setimes.attrib=loo_mpd=4_thresh=0.6_docnorm=T_tfidf=T.csv
0.145,0.845,0.0,0.0,0.0,0.0,0.0,200,../../lists/bcms_setimes/list.bcms_setimes.attrib=loo_mpd=4_thresh=0.7_docnorm=F_tfidf=F.csv
0.175,0.785,0.0,0.0,0.0,0.0,0.0,200,../../lists/bcms_setimes/list.bcms_setimes.attrib=loo_mpd=4_thresh=0.7_docnorm=F_tfidf=T.csv
0.33,0.565,0.0,0.0,0.0,0.0,0.0,200,../../lists/bcms_setimes/list.bcms_setimes.attrib=loo_mpd=4_thresh=0.7_docnorm=T_tfidf=F.csv
0.295,0.585,0.0,0.0,0.0,0.0,0.0,200,../../lists/bcms_setimes/list.bcms_setimes.attrib=loo_mpd=4_thresh=0.7_docnorm=T_tfidf=T.csv
0.145,0.845,0.0,0.0,0.0,0.0,0.0,200,../../lists/bcms_setimes/list.bcms_setimes.attrib=loo_mpd=4_thresh=0.8_docnorm=F_tfidf=F.csv
0.175,0.785,0.0,0.0,0.0,0.0,0.0,200,../../lists/bcms_setimes/list.bcms_setimes.attrib=loo_mpd=4_thresh=0.8_docnorm=F_tfidf=T.csv
0.315,0.59,0.0,0.0,0.0,0.0,0.0,200,../../lists/bcms_setimes/list.bcms_setimes.attrib=loo_mpd=4_thresh=0.8_docnorm=T_tfidf=F.csv
0.3,0.585,0.0,0.0,0.0,0.0,0.0,200,../../lists/bcms_setimes/list.bcms_setimes.attrib=loo_mpd=4_thresh=0.8_docnorm=T_tfidf=T.csv
0.145,0.845,0.0,0.0,0.0,0.0,0.0,200,../../lists/bcms_setimes/list.bcms_setimes.attrib=loo_mpd=4_thresh=0.9_docnorm=F_tfidf=F.csv
0.175,0.79,0.0,0.0,0.0,0.0,0.0,200,../../lists/bcms_setimes/list.bcms_setimes.attrib=loo_mpd=4_thresh=0.9_docnorm=F_tfidf=T.csv
0.27,0.655,0.0,0.0,0.0,0.0,0.0,200,../../lists/bcms_setimes/list.bcms_setimes.attrib=loo_mpd=4_thresh=0.9_docnorm=T_tfidf=F.csv
0.3,0.605,0.0,0.0,0.0,0.0,0.0,200,../../lists/bcms_setimes/list.bcms_setimes.attrib=loo_mpd=4_thresh=0.9_docnorm=T_tfidf=T.csv
0.155,0.835,0.0,0.0,0.0,0.0,0.0,200,../../lists/bcms_setimes/list.bcms_setimes.attrib=loo_mpd=4_thresh=1.0_docnorm=F_tfidf=F.csv
0.165,0.825,0.0,0.0,0.0,0.0,0.0,200,../../lists/bcms_setimes/list.bcms_setimes.attrib=loo_mpd=4_thresh=1.0_docnorm=F_tfidf=T.csv
0.155,0.835,0.0,0.0,0.0,0.0,0.0,200,../../lists/bcms_setimes/list.bcms_setimes.attrib=loo_mpd=4_thresh=1.0_docnorm=T_tfidf=F.csv
0.165,0.825,0.0,0.0,0.0,0.0,0.0,200,../../lists/bcms_setimes/list.bcms_setimes.attrib=loo_mpd=4_thresh=1.0_docnorm=T_tfidf=T.csv
0.145,0.845,0.0,0.0,0.0,0.0,0.0,200,../../lists/bcms_setimes/list.bcms_setimes.attrib=loo_mpd=5_thresh=0.1_docnorm=F_tfidf=F.csv
0.17,0.79,0.0,0.0,0.0,0.0,0.0,200,../../lists/bcms_setimes/list.bcms_setimes.attrib=loo_mpd=5_thresh=0.1_docnorm=F_tfidf=T.csv
0.28,0.16,0.0,0.0,0.0,0.0,0.0,200,../../lists/bcms_setimes/list.bcms_setimes.attrib=loo_mpd=5_thresh=0.1_docnorm=T_tfidf=F.csv
0.24,0.295,0.0,0.0,0.0,0.0,0.0,200,../../lists/bcms_setimes/list.bcms_setimes.attrib=loo_mpd=5_thresh=0.1_docnorm=T_tfidf=T.csv
0.145,0.845,0.0,0.0,0.0,0.0,0.0,200,../../lists/bcms_setimes/list.bcms_setimes.attrib=loo_mpd=5_thresh=0.2_docnorm=F_tfidf=F.csv
0.17,0.79,0.0,0.0,0.0,0.0,0.0,200,../../lists/bcms_setimes/list.bcms_setimes.attrib=loo_mpd=5_thresh=0.2_docnorm=F_tfidf=T.csv
0.395,0.315,0.0,0.0,0.0,0.0,0.0,200,../../lists/bcms_setimes/list.bcms_setimes.attrib=loo_mpd=5_thresh=0.2_docnorm=T_tfidf=F.csv
0.305,0.4,0.0,0.0,0.0,0.0,0.0,200,../../lists/bcms_setimes/list.bcms_setimes.attrib=loo_mpd=5_thresh=0.2_docnorm=T_tfidf=T.csv
0.145,0.845,0.0,0.0,0.0,0.0,0.0,200,../../lists/bcms_setimes/list.bcms_setimes.attrib=loo_mpd=5_thresh=0.3_docnorm=F_tfidf=F.csv
0.17,0.79,0.0,0.0,0.0,0.0,0.0,200,../../lists/bcms_setimes/list.bcms_setimes.attrib=loo_mpd=5_thresh=0.3_docnorm=F_tfidf=T.csv
0.42,0.435,0.0,0.0,0.0,0.0,0.0,200,../../lists/bcms_setimes/list.bcms_setimes.attrib=loo_mpd=5_thresh=0.3_docnorm=T_tfidf=F.csv
0.32,0.42,0.0,0.0,0.0,0.0,0.0,200,../../lists/bcms_setimes/list.bcms_setimes.attrib=loo_mpd=5_thresh=0.3_docnorm=T_tfidf=T.csv
0.145,0.845,0.0,0.0,0.0,0.0,0.0,200,../../lists/bcms_setimes/list.bcms_setimes.attrib=loo_mpd=5_thresh=0.4_docnorm=F_tfidf=F.csv
0.17,0.79,0.0,0.0,0.0,0.0,0.0,200,../../lists/bcms_setimes/list.bcms_setimes.attrib=loo_mpd=5_thresh=0.4_docnorm=F_tfidf=T.csv
0.35,0.48,0.0,0.0,0.0,0.0,0.0,200,../../lists/bcms_setimes/list.bcms_setimes.attrib=loo_mpd=5_thresh=0.4_docnorm=T_tfidf=F.csv
0.28,0.485,0.0,0.0,0.0,0.0,0.0,200,../../lists/bcms_setimes/list.bcms_setimes.attrib=loo_mpd=5_thresh=0.4_docnorm=T_tfidf=T.csv
0.145,0.845,0.0,0.0,0.0,0.0,0.0,200,../../lists/bcms_setimes/list.bcms_setimes.attrib=loo_mpd=5_thresh=0.5_docnorm=F_tfidf=F.csv
0.17,0.79,0.0,0.0,0.0,0.0,0.0,200,../../lists/bcms_setimes/list.bcms_setimes.attrib=loo_mpd=5_thresh=0.5_docnorm=F_tfidf=T.csv
0.33,0.51,0.0,0.0,0.0,0.0,0.0,200,../../lists/bcms_setimes/list.bcms_setimes.attrib=loo_mpd=5_thresh=0.5_docnorm=T_tfidf=F.csv
0.265,0.54,0.0,0.0,0.0,0.0,0.0,200,../../lists/bcms_setimes/list.bcms_setimes.attrib=loo_mpd=5_thresh=0.5_docnorm=T_tfidf=T.csv
0.145,0.845,0.0,0.0,0.0,0.0,0.0,200,../../lists/bcms_setimes/list.bcms_setimes.attrib=loo_mpd=5_thresh=0.6_docnorm=F_tfidf=F.csv
0.17,0.79,0.0,0.0,0.0,0.0,0.0,200,../../lists/bcms_setimes/list.bcms_setimes.attrib=loo_mpd=5_thresh=0.6_docnorm=F_tfidf=T.csv
0.305,0.565,0.0,0.0,0.0,0.0,0.0,200,../../lists/bcms_setimes/list.bcms_setimes.attrib=loo_mpd=5_thresh=0.6_docnorm=T_tfidf=F.csv
0.285,0.555,0.0,0.0,0.0,0.0,0.0,200,../../lists/bcms_setimes/list.bcms_setimes.attrib=loo_mpd=5_thresh=0.6_docnorm=T_tfidf=T.csv
0.145,0.845,0.0,0.0,0.0,0.0,0.0,200,../../lists/bcms_setimes/list.bcms_setimes.attrib=loo_mpd=5_thresh=0.7_docnorm=F_tfidf=F.csv
0.17,0.79,0.0,0.0,0.0,0.0,0.0,200,../../lists/bcms_setimes/list.bcms_setimes.attrib=loo_mpd=5_thresh=0.7_docnorm=F_tfidf=T.csv
0.345,0.55,0.0,0.0,0.0,0.0,0.0,200,../../lists/bcms_setimes/list.bcms_setimes.attrib=loo_mpd=5_thresh=0.7_docnorm=T_tfidf=F.csv
0.295,0.59,0.0,0.0,0.0,0.0,0.0,200,../../lists/bcms_setimes/list.bcms_setimes.attrib=loo_mpd=5_thresh=0.7_docnorm=T_tfidf=T.csv
0.145,0.845,0.0,0.0,0.0,0.0,0.0,200,../../lists/bcms_setimes/list.bcms_setimes.attrib=loo_mpd=5_thresh=0.8_docnorm=F_tfidf=F.csv
0.17,0.79,0.0,0.0,0.0,0.0,0.0,200,../../lists/bcms_setimes/list.bcms_setimes.attrib=loo_mpd=5_thresh=0.8_docnorm=F_tfidf=T.csv
0.345,0.56,0.0,0.0,0.0,0.0,0.0,200,../../lists/bcms_setimes/list.bcms_setimes.attrib=loo_mpd=5_thresh=0.8_docnorm=T_tfidf=F.csv
0.295,0.595,0.0,0.0,0.0,0.0,0.0,200,../../lists/bcms_setimes/list.bcms_setimes.attrib=loo_mpd=5_thresh=0.8_docnorm=T_tfidf=T.csv
0.145,0.845,0.0,0.0,0.0,0.0,0.0,200,../../lists/bcms_setimes/list.bcms_setimes.attrib=loo_mpd=5_thresh=0.9_docnorm=F_tfidf=F.csv
0.17,0.79,0.0,0.0,0.0,0.0,0.0,200,../../lists/bcms_setimes/list.bcms_setimes.attrib=loo_mpd=5_thresh=0.9_docnorm=F_tfidf=T.csv
0.305,0.61,0.0,0.0,0.0,0.0,0.0,200,../../lists/bcms_setimes/list.bcms_setimes.attrib=loo_mpd=5_thresh=0.9_docnorm=T_tfidf=F.csv
0.315,0.57,0.0,0.0,0.0,0.0,0.0,200,../../lists/bcms_setimes/list.bcms_setimes.attrib=loo_mpd=5_thresh=0.9_docnorm=T_tfidf=T.csv
0.15,0.84,0.0,0.0,0.0,0.0,0.0,200,../../lists/bcms_setimes/list.bcms_setimes.attrib=loo_mpd=5_thresh=1.0_docnorm=F_tfidf=F.csv
0.165,0.825,0.0,0.0,0.0,0.0,0.0,200,../../lists/bcms_setimes/list.bcms_setimes.attrib=loo_mpd=5_thresh=1.0_docnorm=F_tfidf=T.csv
0.185,0.8,0.0,0.0,0.0,0.0,0.0,200,../../lists/bcms_setimes/list.bcms_setimes.attrib=loo_mpd=5_thresh=1.0_docnorm=T_tfidf=F.csv
0.185,0.795,0.0,0.0,0.0,0.0,0.0,200,../../lists/bcms_setimes/list.bcms_setimes.attrib=loo_mpd=5_thresh=1.0_docnorm=T_tfidf=T.csv
0.145,0.845,0.0,0.0,0.0,0.0,0.0,200,../../lists/bcms_setimes/list.bcms_setimes.attrib=loo_mpd=6_thresh=0.1_docnorm=F_tfidf=F.csv
0.16,0.8,0.0,0.0,0.0,0.0,0.0,200,../../lists/bcms_setimes/list.bcms_setimes.attrib=loo_mpd=6_thresh=0.1_docnorm=F_tfidf=T.csv
0.285,0.15,0.0,0.0,0.0,0.0,0.0,200,../../lists/bcms_setimes/list.bcms_setimes.attrib=loo_mpd=6_thresh=0.1_docnorm=T_tfidf=F.csv
0.245,0.28,0.0,0.0,0.0,0.0,0.0,200,../../lists/bcms_setimes/list.bcms_setimes.attrib=loo_mpd=6_thresh=0.1_docnorm=T_tfidf=T.csv
0.145,0.845,0.0,0.0,0.0,0.0,0.0,200,../../lists/bcms_setimes/list.bcms_setimes.attrib=loo_mpd=6_thresh=0.2_docnorm=F_tfidf=F.csv
0.16,0.8,0.0,0.0,0.0,0.0,0.0,200,../../lists/bcms_setimes/list.bcms_setimes.attrib=loo_mpd=6_thresh=0.2_docnorm=F_tfidf=T.csv
0.415,0.325,0.0,0.0,0.0,0.0,0.0,200,../../lists/bcms_setimes/list.bcms_setimes.attrib=loo_mpd=6_thresh=0.2_docnorm=T_tfidf=F.csv
0.31,0.405,0.0,0.0,0.0,0.0,0.0,200,../../lists/bcms_setimes/list.bcms_setimes.attrib=loo_mpd=6_thresh=0.2_docnorm=T_tfidf=T.csv
0.145,0.845,0.0,0.0,0.0,0.0,0.0,200,../../lists/bcms_setimes/list.bcms_setimes.attrib=loo_mpd=6_thresh=0.3_docnorm=F_tfidf=F.csv
0.16,0.8,0.0,0.0,0.0,0.0,0.0,200,../../lists/bcms_setimes/list.bcms_setimes.attrib=loo_mpd=6_thresh=0.3_docnorm=F_tfidf=T.csv
0.39,0.44,0.0,0.0,0.0,0.0,0.0,200,../../lists/bcms_setimes/list.bcms_setimes.attrib=loo_mpd=6_thresh=0.3_docnorm=T_tfidf=F.csv
0.31,0.45,0.0,0.0,0.0,0.0,0.0,200,../../lists/bcms_setimes/list.bcms_setimes.attrib=loo_mpd=6_thresh=0.3_docnorm=T_tfidf=T.csv
0.145,0.845,0.0,0.0,0.0,0.0,0.0,200,../../lists/bcms_setimes/list.bcms_setimes.attrib=loo_mpd=6_thresh=0.4_docnorm=F_tfidf=F.csv
0.16,0.8,0.0,0.0,0.0,0.0,0.0,200,../../lists/bcms_setimes/list.bcms_setimes.attrib=loo_mpd=6_thresh=0.4_docnorm=F_tfidf=T.csv
0.37,0.455,0.0,0.0,0.0,0.0,0.0,200,../../lists/bcms_setimes/list.bcms_setimes.attrib=loo_mpd=6_thresh=0.4_docnorm=T_tfidf=F.csv
0.305,0.455,0.0,0.0,0.0,0.0,0.0,200,../../lists/bcms_setimes/list.bcms_setimes.attrib=loo_mpd=6_thresh=0.4_docnorm=T_tfidf=T.csv
0.145,0.845,0.0,0.0,0.0,0.0,0.0,200,../../lists/bcms_setimes/list.bcms_setimes.attrib=loo_mpd=6_thresh=0.5_docnorm=F_tfidf=F.csv
0.16,0.8,0.0,0.0,0.0,0.0,0.0,200,../../lists/bcms_setimes/list.bcms_setimes.attrib=loo_mpd=6_thresh=0.5_docnorm=F_tfidf=T.csv
0.345,0.495,0.0,0.0,0.0,0.0,0.0,200,../../lists/bcms_setimes/list.bcms_setimes.attrib=loo_mpd=6_thresh=0.5_docnorm=T_tfidf=F.csv
0.29,0.49,0.0,0.0,0.0,0.0,0.0,200,../../lists/bcms_setimes/list.bcms_setimes.attrib=loo_mpd=6_thresh=0.5_docnorm=T_tfidf=T.csv
0.145,0.845,0.0,0.0,0.0,0.0,0.0,200,../../lists/bcms_setimes/list.bcms_setimes.attrib=loo_mpd=6_thresh=0.6_docnorm=F_tfidf=F.csv
0.16,0.8,0.0,0.0,0.0,0.0,0.0,200,../../lists/bcms_setimes/list.bcms_setimes.attrib=loo_mpd=6_thresh=0.6_docnorm=F_tfidf=T.csv
0.33,0.535,0.0,0.0,0.0,0.0,0.0,200,../../lists/bcms_setimes/list.bcms_setimes.attrib=loo_mpd=6_thresh=0.6_docnorm=T_tfidf=F.csv
0.27,0.56,0.0,0.0,0.0,0.0,0.0,200,../../lists/bcms_setimes/list.bcms_setimes.attrib=loo_mpd=6_thresh=0.6_docnorm=T_tfidf=T.csv
0.145,0.845,0.0,0.0,0.0,0.0,0.0,200,../../lists/bcms_setimes/list.bcms_setimes.attrib=loo_mpd=6_thresh=0.7_docnorm=F_tfidf=F.csv
0.16,0.8,0.0,0.0,0.0,0.0,0.0,200,../../lists/bcms_setimes/list.bcms_setimes.attrib=loo_mpd=6_thresh=0.7_docnorm=F_tfidf=T.csv
0.375,0.525,0.0,0.0,0.0,0.0,0.0,200,../../lists/bcms_setimes/list.bcms_setimes.attrib=loo_mpd=6_thresh=0.7_docnorm=T_tfidf=F.csv
0.32,0.57,0.0,0.0,0.0,0.0,0.0,200,../../lists/bcms_setimes/list.bcms_setimes.attrib=loo_mpd=6_thresh=0.7_docnorm=T_tfidf=T.csv
0.145,0.845,0.0,0.0,0.0,0.0,0.0,200,../../lists/bcms_setimes/list.bcms_setimes.attrib=loo_mpd=6_thresh=0.8_docnorm=F_tfidf=F.csv
0.16,0.8,0.0,0.0,0.0,0.0,0.0,200,../../lists/bcms_setimes/list.bcms_setimes.attrib=loo_mpd=6_thresh=0.8_docnorm=F_tfidf=T.csv
0.355,0.535,0.0,0.0,0.0,0.0,0.0,200,../../lists/bcms_setimes/list.bcms_setimes.attrib=loo_mpd=6_thresh=0.8_docnorm=T_tfidf=F.csv
0.295,0.585,0.0,0.0,0.0,0.0,0.0,200,../../lists/bcms_setimes/list.bcms_setimes.attrib=loo_mpd=6_thresh=0.8_docnorm=T_tfidf=T.csv
0.145,0.845,0.0,0.0,0.0,0.0,0.0,200,../../lists/bcms_setimes/list.bcms_setimes.attrib=loo_mpd=6_thresh=0.9_docnorm=F_tfidf=F.csv
0.16,0.8,0.0,0.0,0.0,0.0,0.0,200,../../lists/bcms_setimes/list.bcms_setimes.attrib=loo_mpd=6_thresh=0.9_docnorm=F_tfidf=T.csv
0.315,0.6,0.0,0.0,0.0,0.0,0.0,200,../../lists/bcms_setimes/list.bcms_setimes.attrib=loo_mpd=6_thresh=0.9_docnorm=T_tfidf=F.csv
0.315,0.58,0.0,0.0,0.0,0.0,0.0,200,../../lists/bcms_setimes/list.bcms_setimes.attrib=loo_mpd=6_thresh=0.9_docnorm=T_tfidf=T.csv
0.15,0.84,0.0,0.0,0.0,0.0,0.0,200,../../lists/bcms_setimes/list.bcms_setimes.attrib=loo_mpd=6_thresh=1.0_docnorm=F_tfidf=F.csv
0.17,0.82,0.0,0.0,0.0,0.0,0.0,200,../../lists/bcms_setimes/list.bcms_setimes.attrib=loo_mpd=6_thresh=1.0_docnorm=F_tfidf=T.csv
0.205,0.78,0.0,0.0,0.0,0.0,0.0,200,../../lists/bcms_setimes/list.bcms_setimes.attrib=loo_mpd=6_thresh=1.0_docnorm=T_tfidf=F.csv
0.21,0.77,0.0,0.0,0.0,0.0,0.0,200,../../lists/bcms_setimes/list.bcms_setimes.attrib=loo_mpd=6_thresh=1.0_docnorm=T_tfidf=T.csv
0.145,0.845,0.0,0.0,0.0,0.0,0.0,200,../../lists/bcms_setimes/list.bcms_setimes.attrib=loo_mpd=7_thresh=0.1_docnorm=F_tfidf=F.csv
0.16,0.8,0.0,0.0,0.0,0.0,0.0,200,../../lists/bcms_setimes/list.bcms_setimes.attrib=loo_mpd=7_thresh=0.1_docnorm=F_tfidf=T.csv
0.28,0.155,0.0,0.0,0.0,0.0,0.0,200,../../lists/bcms_setimes/list.bcms_setimes.attrib=loo_mpd=7_thresh=0.1_docnorm=T_tfidf=F.csv
0.245,0.28,0.0,0.0,0.0,0.0,0.0,200,../../lists/bcms_setimes/list.bcms_setimes.attrib=loo_mpd=7_thresh=0.1_docnorm=T_tfidf=T.csv
0.145,0.845,0.0,0.0,0.0,0.0,0.0,200,../../lists/bcms_setimes/list.bcms_setimes.attrib=loo_mpd=7_thresh=0.2_docnorm=F_tfidf=F.csv
0.16,0.8,0.0,0.0,0.0,0.0,0.0,200,../../lists/bcms_setimes/list.bcms_setimes.attrib=loo_mpd=7_thresh=0.2_docnorm=F_tfidf=T.csv
0.39,0.32,0.0,0.0,0.0,0.0,0.0,200,../../lists/bcms_setimes/list.bcms_setimes.attrib=loo_mpd=7_thresh=0.2_docnorm=T_tfidf=F.csv
0.315,0.38,0.0,0.0,0.0,0.0,0.0,200,../../lists/bcms_setimes/list.bcms_setimes.attrib=loo_mpd=7_thresh=0.2_docnorm=T_tfidf=T.csv
0.145,0.845,0.0,0.0,0.0,0.0,0.0,200,../../lists/bcms_setimes/list.bcms_setimes.attrib=loo_mpd=7_thresh=0.3_docnorm=F_tfidf=F.csv
0.16,0.8,0.0,0.0,0.0,0.0,0.0,200,../../lists/bcms_setimes/list.bcms_setimes.attrib=loo_mpd=7_thresh=0.3_docnorm=F_tfidf=T.csv
0.41,0.415,0.0,0.0,0.0,0.0,0.0,200,../../lists/bcms_setimes/list.bcms_setimes.attrib=loo_mpd=7_thresh=0.3_docnorm=T_tfidf=F.csv
0.305,0.45,0.0,0.0,0.0,0.0,0.0,200,../../lists/bcms_setimes/list.bcms_setimes.attrib=loo_mpd=7_thresh=0.3_docnorm=T_tfidf=T.csv
0.145,0.845,0.0,0.0,0.0,0.0,0.0,200,../../lists/bcms_setimes/list.bcms_setimes.attrib=loo_mpd=7_thresh=0.4_docnorm=F_tfidf=F.csv
0.16,0.8,0.0,0.0,0.0,0.0,0.0,200,../../lists/bcms_setimes/list.bcms_setimes.attrib=loo_mpd=7_thresh=0.4_docnorm=F_tfidf=T.csv
0.37,0.46,0.0,0.0,0.0,0.0,0.0,200,../../lists/bcms_setimes/list.bcms_setimes.attrib=loo_mpd=7_thresh=0.4_docnorm=T_tfidf=F.csv
0.31,0.445,0.0,0.0,0.0,0.0,0.0,200,../../lists/bcms_setimes/list.bcms_setimes.attrib=loo_mpd=7_thresh=0.4_docnorm=T_tfidf=T.csv
0.145,0.845,0.0,0.0,0.0,0.0,0.0,200,../../lists/bcms_setimes/list.bcms_setimes.attrib=loo_mpd=7_thresh=0.5_docnorm=F_tfidf=F.csv
0.16,0.8,0.0,0.0,0.0,0.0,0.0,200,../../lists/bcms_setimes/list.bcms_setimes.attrib=loo_mpd=7_thresh=0.5_docnorm=F_tfidf=T.csv
0.355,0.49,0.0,0.0,0.0,0.0,0.0,200,../../lists/bcms_setimes/list.bcms_setimes.attrib=loo_mpd=7_thresh=0.5_docnorm=T_tfidf=F.csv
0.305,0.5,0.0,0.0,0.0,0.0,0.0,200,../../lists/bcms_setimes/list.bcms_setimes.attrib=loo_mpd=7_thresh=0.5_docnorm=T_tfidf=T.csv
0.145,0.845,0.0,0.0,0.0,0.0,0.0,200,../../lists/bcms_setimes/list.bcms_setimes.attrib=loo_mpd=7_thresh=0.6_docnorm=F_tfidf=F.csv
0.16,0.8,0.0,0.0,0.0,0.0,0.0,200,../../lists/bcms_setimes/list.bcms_setimes.attrib=loo_mpd=7_thresh=0.6_docnorm=F_tfidf=T.csv
0.34,0.53,0.0,0.0,0.0,0.0,0.0,200,../../lists/bcms_setimes/list.bcms_setimes.attrib=loo_mpd=7_thresh=0.6_docnorm=T_tfidf=F.csv
0.285,0.52,0.0,0.0,0.0,0.0,0.0,200,../../lists/bcms_setimes/list.bcms_setimes.attrib=loo_mpd=7_thresh=0.6_docnorm=T_tfidf=T.csv
0.145,0.845,0.0,0.0,0.0,0.0,0.0,200,../../lists/bcms_setimes/list.bcms_setimes.attrib=loo_mpd=7_thresh=0.7_docnorm=F_tfidf=F.csv
0.16,0.8,0.0,0.0,0.0,0.0,0.0,200,../../lists/bcms_setimes/list.bcms_setimes.attrib=loo_mpd=7_thresh=0.7_docnorm=F_tfidf=T.csv
0.38,0.51,0.0,0.0,0.0,0.0,0.0,200,../../lists/bcms_setimes/list.bcms_setimes.attrib=loo_mpd=7_thresh=0.7_docnorm=T_tfidf=F.csv
0.33,0.55,0.0,0.0,0.0,0.0,0.0,200,../../lists/bcms_setimes/list.bcms_setimes.attrib=loo_mpd=7_thresh=0.7_docnorm=T_tfidf=T.csv
0.145,0.845,0.0,0.0,0.0,0.0,0.0,200,../../lists/bcms_setimes/list.bcms_setimes.attrib=loo_mpd=7_thresh=0.8_docnorm=F_tfidf=F.csv
0.16,0.8,0.0,0.0,0.0,0.0,0.0,200,../../lists/bcms_setimes/list.bcms_setimes.attrib=loo_mpd=7_thresh=0.8_docnorm=F_tfidf=T.csv
0.365,0.525,0.0,0.0,0.0,0.0,0.0,200,../../lists/bcms_setimes/list.bcms_setimes.attrib=loo_mpd=7_thresh=0.8_docnorm=T_tfidf=F.csv
0.305,0.58,0.0,0.0,0.0,0.0,0.0,200,../../lists/bcms_setimes/list.bcms_setimes.attrib=loo_mpd=7_thresh=0.8_docnorm=T_tfidf=T.csv
0.145,0.845,0.0,0.0,0.0,0.0,0.0,200,../../lists/bcms_setimes/list.bcms_setimes.attrib=loo_mpd=7_thresh=0.9_docnorm=F_tfidf=F.csv
0.16,0.8,0.0,0.0,0.0,0.0,0.0,200,../../lists/bcms_setimes/list.bcms_setimes.attrib=loo_mpd=7_thresh=0.9_docnorm=F_tfidf=T.csv
0.33,0.575,0.0,0.0,0.0,0.0,0.0,200,../../lists/bcms_setimes/list.bcms_setimes.attrib=loo_mpd=7_thresh=0.9_docnorm=T_tfidf=F.csv
0.305,0.585,0.0,0.0,0.0,0.0,0.0,200,../../lists/bcms_setimes/list.bcms_setimes.attrib=loo_mpd=7_thresh=0.9_docnorm=T_tfidf=T.csv
0.145,0.845,0.0,0.0,0.0,0.0,0.0,200,../../lists/bcms_setimes/list.bcms_setimes.attrib=loo_mpd=7_thresh=1.0_docnorm=F_tfidf=F.csv
0.165,0.825,0.0,0.0,0.0,0.0,0.0,200,../../lists/bcms_setimes/list.bcms_setimes.attrib=loo_mpd=7_thresh=1.0_docnorm=F_tfidf=T.csv
0.25,0.725,0.0,0.0,0.0,0.0,0.0,200,../../lists/bcms_setimes/list.bcms_setimes.attrib=loo_mpd=7_thresh=1.0_docnorm=T_tfidf=F.csv
0.235,0.735,0.0,0.0,0.0,0.0,0.0,200,../../lists/bcms_setimes/list.bcms_setimes.attrib=loo_mpd=7_thresh=1.0_docnorm=T_tfidf=T.csv
0.145,0.845,0.0,0.0,0.0,0.0,0.0,200,../../lists/bcms_setimes/list.bcms_setimes.attrib=loo_mpd=8_thresh=0.1_docnorm=F_tfidf=F.csv
0.16,0.8,0.0,0.0,0.0,0.0,0.0,200,../../lists/bcms_setimes/list.bcms_setimes.attrib=loo_mpd=8_thresh=0.1_docnorm=F_tfidf=T.csv
0.29,0.155,0.0,0.0,0.0,0.0,0.0,200,../../lists/bcms_setimes/list.bcms_setimes.attrib=loo_mpd=8_thresh=0.1_docnorm=T_tfidf=F.csv
0.235,0.275,0.0,0.0,0.0,0.0,0.0,200,../../lists/bcms_setimes/list.bcms_setimes.attrib=loo_mpd=8_thresh=0.1_docnorm=T_tfidf=T.csv
0.145,0.845,0.0,0.0,0.0,0.0,0.0,200,../../lists/bcms_setimes/list.bcms_setimes.attrib=loo_mpd=8_thresh=0.2_docnorm=F_tfidf=F.csv
0.16,0.8,0.0,0.0,0.0,0.0,0.0,200,../../lists/bcms_setimes/list.bcms_setimes.attrib=loo_mpd=8_thresh=0.2_docnorm=F_tfidf=T.csv
0.4,0.305,0.0,0.0,0.0,0.0,0.0,200,../../lists/bcms_setimes/list.bcms_setimes.attrib=loo_mpd=8_thresh=0.2_docnorm=T_tfidf=F.csv
0.31,0.38,0.0,0.0,0.0,0.0,0.0,200,../../lists/bcms_setimes/list.bcms_setimes.attrib=loo_mpd=8_thresh=0.2_docnorm=T_tfidf=T.csv
0.145,0.845,0.0,0.0,0.0,0.0,0.0,200,../../lists/bcms_setimes/list.bcms_setimes.attrib=loo_mpd=8_thresh=0.3_docnorm=F_tfidf=F.csv
0.16,0.8,0.0,0.0,0.0,0.0,0.0,200,../../lists/bcms_setimes/list.bcms_setimes.attrib=loo_mpd=8_thresh=0.3_docnorm=F_tfidf=T.csv
0.395,0.405,0.0,0.0,0.0,0.0,0.0,200,../../lists/bcms_setimes/list.bcms_setimes.attrib=loo_mpd=8_thresh=0.3_docnorm=T_tfidf=F.csv
0.315,0.425,0.0,0.0,0.0,0.0,0.0,200,../../lists/bcms_setimes/list.bcms_setimes.attrib=loo_mpd=8_thresh=0.3_docnorm=T_tfidf=T.csv
0.145,0.845,0.0,0.0,0.0,0.0,0.0,200,../../lists/bcms_setimes/list.bcms_setimes.attrib=loo_mpd=8_thresh=0.4_docnorm=F_tfidf=F.csv
0.16,0.8,0.0,0.0,0.0,0.0,0.0,200,../../lists/bcms_setimes/list.bcms_setimes.attrib=loo_mpd=8_thresh=0.4_docnorm=F_tfidf=T.csv
0.35,0.48,0.0,0.0,0.0,0.0,0.0,200,../../lists/bcms_setimes/list.bcms_setimes.attrib=loo_mpd=8_thresh=0.4_docnorm=T_tfidf=F.csv
0.295,0.465,0.0,0.0,0.0,0.0,0.0,200,../../lists/bcms_setimes/list.bcms_setimes.attrib=loo_mpd=8_thresh=0.4_docnorm=T_tfidf=T.csv
0.145,0.845,0.0,0.0,0.0,0.0,0.0,200,../../lists/bcms_setimes/list.bcms_setimes.attrib=loo_mpd=8_thresh=0.5_docnorm=F_tfidf=F.csv
0.16,0.8,0.0,0.0,0.0,0.0,0.0,200,../../lists/bcms_setimes/list.bcms_setimes.attrib=loo_mpd=8_thresh=0.5_docnorm=F_tfidf=T.csv
0.375,0.465,0.0,0.0,0.0,0.0,0.0,200,../../lists/bcms_setimes/list.bcms_setimes.attrib=loo_mpd=8_thresh=0.5_docnorm=T_tfidf=F.csv
0.295,0.48,0.0,0.0,0.0,0.0,0.0,200,../../lists/bcms_setimes/list.bcms_setimes.attrib=loo_mpd=8_thresh=0.5_docnorm=T_tfidf=T.csv
0.145,0.845,0.0,0.0,0.0,0.0,0.0,200,../../lists/bcms_setimes/list.bcms_setimes.attrib=loo_mpd=8_thresh=0.6_docnorm=F_tfidf=F.csv
0.16,0.8,0.0,0.0,0.0,0.0,0.0,200,../../lists/bcms_setimes/list.bcms_setimes.attrib=loo_mpd=8_thresh=0.6_docnorm=F_tfidf=T.csv
0.355,0.5,0.0,0.0,0.0,0.0,0.0,200,../../lists/bcms_setimes/list.bcms_setimes.attrib=loo_mpd=8_thresh=0.6_docnorm=T_tfidf=F.csv
0.31,0.5,0.0,0.0,0.0,0.0,0.0,200,../../lists/bcms_setimes/list.bcms_setimes.attrib=loo_mpd=8_thresh=0.6_docnorm=T_tfidf=T.csv
0.145,0.845,0.0,0.0,0.0,0.0,0.0,200,../../lists/bcms_setimes/list.bcms_setimes.attrib=loo_mpd=8_thresh=0.7_docnorm=F_tfidf=F.csv
0.16,0.8,0.0,0.0,0.0,0.0,0.0,200,../../lists/bcms_setimes/list.bcms_setimes.attrib=loo_mpd=8_thresh=0.7_docnorm=F_tfidf=T.csv
0.37,0.505,0.0,0.0,0.0,0.0,0.0,200,../../lists/bcms_setimes/list.bcms_setimes.attrib=loo_mpd=8_thresh=0.7_docnorm=T_tfidf=F.csv
0.315,0.555,0.0,0.0,0.0,0.0,0.0,200,../../lists/bcms_setimes/list.bcms_setimes.attrib=loo_mpd=8_thresh=0.7_docnorm=T_tfidf=T.csv
0.145,0.845,0.0,0.0,0.0,0.0,0.0,200,../../lists/bcms_setimes/list.bcms_setimes.attrib=loo_mpd=8_thresh=0.8_docnorm=F_tfidf=F.csv
0.16,0.8,0.0,0.0,0.0,0.0,0.0,200,../../lists/bcms_setimes/list.bcms_setimes.attrib=loo_mpd=8_thresh=0.8_docnorm=F_tfidf=T.csv
0.375,0.515,0.0,0.0,0.0,0.0,0.0,200,../../lists/bcms_setimes/list.bcms_setimes.attrib=loo_mpd=8_thresh=0.8_docnorm=T_tfidf=F.csv
0.315,0.57,0.0,0.0,0.0,0.0,0.0,200,../../lists/bcms_setimes/list.bcms_setimes.attrib=loo_mpd=8_thresh=0.8_docnorm=T_tfidf=T.csv
0.145,0.845,0.0,0.0,0.0,0.0,0.0,200,../../lists/bcms_setimes/list.bcms_setimes.attrib=loo_mpd=8_thresh=0.9_docnorm=F_tfidf=F.csv
0.16,0.8,0.0,0.0,0.0,0.0,0.0,200,../../lists/bcms_setimes/list.bcms_setimes.attrib=loo_mpd=8_thresh=0.9_docnorm=F_tfidf=T.csv
0.355,0.545,0.0,0.0,0.0,0.0,0.0,200,../../lists/bcms_setimes/list.bcms_setimes.attrib=loo_mpd=8_thresh=0.9_docnorm=T_tfidf=F.csv
0.315,0.575,0.0,0.0,0.0,0.0,0.0,200,../../lists/bcms_setimes/list.bcms_setimes.attrib=loo_mpd=8_thresh=0.9_docnorm=T_tfidf=T.csv
0.145,0.845,0.0,0.0,0.0,0.0,0.0,200,../../lists/bcms_setimes/list.bcms_setimes.attrib=loo_mpd=8_thresh=1.0_docnorm=F_tfidf=F.csv
0.16,0.83,0.0,0.0,0.0,0.0,0.0,200,../../lists/bcms_setimes/list.bcms_setimes.attrib=loo_mpd=8_thresh=1.0_docnorm=F_tfidf=T.csv
0.25,0.725,0.0,0.0,0.0,0.0,0.0,200,../../lists/bcms_setimes/list.bcms_setimes.attrib=loo_mpd=8_thresh=1.0_docnorm=T_tfidf=F.csv
0.26,0.705,0.0,0.0,0.0,0.0,0.0,200,../../lists/bcms_setimes/list.bcms_setimes.attrib=loo_mpd=8_thresh=1.0_docnorm=T_tfidf=T.csv
0.145,0.845,0.0,0.0,0.0,0.0,0.0,200,../../lists/bcms_setimes/list.bcms_setimes.attrib=loo_mpd=9_thresh=0.1_docnorm=F_tfidf=F.csv
0.16,0.8,0.0,0.0,0.0,0.0,0.0,200,../../lists/bcms_setimes/list.bcms_setimes.attrib=loo_mpd=9_thresh=0.1_docnorm=F_tfidf=T.csv
0.275,0.17,0.0,0.0,0.0,0.0,0.0,200,../../lists/bcms_setimes/list.bcms_setimes.attrib=loo_mpd=9_thresh=0.1_docnorm=T_tfidf=F.csv
0.24,0.255,0.0,0.0,0.0,0.0,0.0,200,../../lists/bcms_setimes/list.bcms_setimes.attrib=loo_mpd=9_thresh=0.1_docnorm=T_tfidf=T.csv
0.145,0.845,0.0,0.0,0.0,0.0,0.0,200,../../lists/bcms_setimes/list.bcms_setimes.attrib=loo_mpd=9_thresh=0.2_docnorm=F_tfidf=F.csv
0.16,0.8,0.0,0.0,0.0,0.0,0.0,200,../../lists/bcms_setimes/list.bcms_setimes.attrib=loo_mpd=9_thresh=0.2_docnorm=F_tfidf=T.csv
0.4,0.305,0.0,0.0,0.0,0.0,0.0,200,../../lists/bcms_setimes/list.bcms_setimes.attrib=loo_mpd=9_thresh=0.2_docnorm=T_tfidf=F.csv
0.315,0.38,0.0,0.0,0.0,0.0,0.0,200,../../lists/bcms_setimes/list.bcms_setimes.attrib=loo_mpd=9_thresh=0.2_docnorm=T_tfidf=T.csv
0.145,0.845,0.0,0.0,0.0,0.0,0.0,200,../../lists/bcms_setimes/list.bcms_setimes.attrib=loo_mpd=9_thresh=0.3_docnorm=F_tfidf=F.csv
0.16,0.8,0.0,0.0,0.0,0.0,0.0,200,../../lists/bcms_setimes/list.bcms_setimes.attrib=loo_mpd=9_thresh=0.3_docnorm=F_tfidf=T.csv
0.405,0.4,0.0,0.0,0.0,0.0,0.0,200,../../lists/bcms_setimes/list.bcms_setimes.attrib=loo_mpd=9_thresh=0.3_docnorm=T_tfidf=F.csv
0.31,0.43,0.0,0.0,0.0,0.0,0.0,200,../../lists/bcms_setimes/list.bcms_setimes.attrib=loo_mpd=9_thresh=0.3_docnorm=T_tfidf=T.csv
0.145,0.845,0.0,0.0,0.0,0.0,0.0,200,../../lists/bcms_setimes/list.bcms_setimes.attrib=loo_mpd=9_thresh=0.4_docnorm=F_tfidf=F.csv
0.16,0.8,0.0,0.0,0.0,0.0,0.0,200,../../lists/bcms_setimes/list.bcms_setimes.attrib=loo_mpd=9_thresh=0.4_docnorm=F_tfidf=T.csv
0.345,0.48,0.0,0.0,0.0,0.0,0.0,200,../../lists/bcms_setimes/list.bcms_setimes.attrib=loo_mpd=9_thresh=0.4_docnorm=T_tfidf=F.csv
0.3,0.46,0.0,0.0,0.0,0.0,0.0,200,../../lists/bcms_setimes/list.bcms_setimes.attrib=loo_mpd=9_thresh=0.4_docnorm=T_tfidf=T.csv
0.145,0.845,0.0,0.0,0.0,0.0,0.0,200,../../lists/bcms_setimes/list.bcms_setimes.attrib=loo_mpd=9_thresh=0.5_docnorm=F_tfidf=F.csv
0.16,0.8,0.0,0.0,0.0,0.0,0.0,200,../../lists/bcms_setimes/list.bcms_setimes.attrib=loo_mpd=9_thresh=0.5_docnorm=F_tfidf=T.csv
0.375,0.475,0.0,0.0,0.0,0.0,0.0,200,../../lists/bcms_setimes/list.bcms_setimes.attrib=loo_mpd=9_thresh=0.5_docnorm=T_tfidf=F.csv
0.28,0.495,0.0,0.0,0.0,0.0,0.0,200,../../lists/bcms_setimes/list.bcms_setimes.attrib=loo_mpd=9_thresh=0.5_docnorm=T_tfidf=T.csv
0.145,0.845,0.0,0.0,0.0,0.0,0.0,200,../../lists/bcms_setimes/list.bcms_setimes.attrib=loo_mpd=9_thresh=0.6_docnorm=F_tfidf=F.csv
0.16,0.8,0.0,0.0,0.0,0.0,0.0,200,../../lists/bcms_setimes/list.bcms_setimes.attrib=loo_mpd=9_thresh=0.6_docnorm=F_tfidf=T.csv
0.355,0.5,0.0,0.0,0.0,0.0,0.0,200,../../lists/bcms_setimes/list.bcms_setimes.attrib=loo_mpd=9_thresh=0.6_docnorm=T_tfidf=F.csv
0.32,0.5,0.0,0.0,0.0,0.0,0.0,200,../../lists/bcms_setimes/list.bcms_setimes.attrib=loo_mpd=9_thresh=0.6_docnorm=T_tfidf=T.csv
0.145,0.845,0.0,0.0,0.0,0.0,0.0,200,../../lists/bcms_setimes/list.bcms_setimes.attrib=loo_mpd=9_thresh=0.7_docnorm=F_tfidf=F.csv
0.16,0.8,0.0,0.0,0.0,0.0,0.0,200,../../lists/bcms_setimes/list.bcms_setimes.attrib=loo_mpd=9_thresh=0.7_docnorm=F_tfidf=T.csv
0.375,0.495,0.0,0.0,0.0,0.0,0.0,200,../../lists/bcms_setimes/list.bcms_setimes.attrib=loo_mpd=9_thresh=0.7_docnorm=T_tfidf=F.csv
0.3,0.56,0.0,0.0,0.0,0.0,0.0,200,../../lists/bcms_setimes/list.bcms_setimes.attrib=loo_mpd=9_thresh=0.7_docnorm=T_tfidf=T.csv
0.145,0.845,0.0,0.0,0.0,0.0,0.0,200,../../lists/bcms_setimes/list.bcms_setimes.attrib=loo_mpd=9_thresh=0.8_docnorm=F_tfidf=F.csv
0.16,0.8,0.0,0.0,0.0,0.0,0.0,200,../../lists/bcms_setimes/list.bcms_setimes.attrib=loo_mpd=9_thresh=0.8_docnorm=F_tfidf=T.csv
0.37,0.53,0.0,0.0,0.0,0.0,0.0,200,../../lists/bcms_setimes/list.bcms_setimes.attrib=loo_mpd=9_thresh=0.8_docnorm=T_tfidf=F.csv
0.32,0.57,0.0,0.0,0.0,0.0,0.0,200,../../lists/bcms_setimes/list.bcms_setimes.attrib=loo_mpd=9_thresh=0.8_docnorm=T_tfidf=T.csv
0.145,0.845,0.0,0.0,0.0,0.0,0.0,200,../../lists/bcms_setimes/list.bcms_setimes.attrib=loo_mpd=9_thresh=0.9_docnorm=F_tfidf=F.csv
0.16,0.8,0.0,0.0,0.0,0.0,0.0,200,../../lists/bcms_setimes/list.bcms_setimes.attrib=loo_mpd=9_thresh=0.9_docnorm=F_tfidf=T.csv
0.365,0.535,0.0,0.0,0.0,0.0,0.0,200,../../lists/bcms_setimes/list.bcms_setimes.attrib=loo_mpd=9_thresh=0.9_docnorm=T_tfidf=F.csv
0.325,0.56,0.0,0.0,0.0,0.0,0.0,200,../../lists/bcms_setimes/list.bcms_setimes.attrib=loo_mpd=9_thresh=0.9_docnorm=T_tfidf=T.csv
0.145,0.845,0.0,0.0,0.0,0.0,0.0,200,../../lists/bcms_setimes/list.bcms_setimes.attrib=loo_mpd=9_thresh=1.0_docnorm=F_tfidf=F.csv
0.165,0.825,0.0,0.0,0.0,0.0,0.0,200,../../lists/bcms_setimes/list.bcms_setimes.attrib=loo_mpd=9_thresh=1.0_docnorm=F_tfidf=T.csv
0.26,0.71,0.0,0.0,0.0,0.0,0.0,200,../../lists/bcms_setimes/list.bcms_setimes.attrib=loo_mpd=9_thresh=1.0_docnorm=T_tfidf=F.csv
0.25,0.72,0.0,0.0,0.0,0.0,0.0,200,../../lists/bcms_setimes/list.bcms_setimes.attrib=loo_mpd=9_thresh=1.0_docnorm=T_tfidf=T.csv
0.17,0.83,0.0,0.0,0.0,0.0,0.0,200,../../lists/bcms_setimes/list.bcms_setimes.attrib=shap_mpd=10_thresh=0.1_docnorm=F_tfidf=F.csv
0.19,0.8,0.0,0.0,0.0,0.0,0.0,200,../../lists/bcms_setimes/list.bcms_setimes.attrib=shap_mpd=10_thresh=0.1_docnorm=F_tfidf=T.csv
0.325,0.125,0.0,0.0,0.0,0.0,0.0,200,../../lists/bcms_setimes/list.bcms_setimes.attrib=shap_mpd=10_thresh=0.1_docnorm=T_tfidf=F.csv
0.23,0.225,0.0,0.0,0.0,0.0,0.0,200,../../lists/bcms_setimes/list.bcms_setimes.attrib=shap_mpd=10_thresh=0.1_docnorm=T_tfidf=T.csv
0.17,0.83,0.0,0.0,0.0,0.0,0.0,200,../../lists/bcms_setimes/list.bcms_setimes.attrib=shap_mpd=10_thresh=0.2_docnorm=F_tfidf=F.csv
0.19,0.8,0.0,0.0,0.0,0.0,0.0,200,../../lists/bcms_setimes/list.bcms_setimes.attrib=shap_mpd=10_thresh=0.2_docnorm=F_tfidf=T.csv
0.425,0.275,0.0,0.0,0.0,0.0,0.0,200,../../lists/bcms_setimes/list.bcms_setimes.attrib=shap_mpd=10_thresh=0.2_docnorm=T_tfidf=F.csv
0.345,0.31,0.0,0.0,0.0,0.0,0.0,200,../../lists/bcms_setimes/list.bcms_setimes.attrib=shap_mpd=10_thresh=0.2_docnorm=T_tfidf=T.csv
0.17,0.83,0.0,0.0,0.0,0.0,0.0,200,../../lists/bcms_setimes/list.bcms_setimes.attrib=shap_mpd=10_thresh=0.3_docnorm=F_tfidf=F.csv
0.19,0.8,0.0,0.0,0.0,0.0,0.0,200,../../lists/bcms_setimes/list.bcms_setimes.attrib=shap_mpd=10_thresh=0.3_docnorm=F_tfidf=T.csv
0.45,0.315,0.0,0.0,0.0,0.0,0.0,200,../../lists/bcms_setimes/list.bcms_setimes.attrib=shap_mpd=10_thresh=0.3_docnorm=T_tfidf=F.csv
0.365,0.36,0.0,0.0,0.0,0.0,0.0,200,../../lists/bcms_setimes/list.bcms_setimes.attrib=shap_mpd=10_thresh=0.3_docnorm=T_tfidf=T.csv
0.17,0.83,0.0,0.0,0.0,0.0,0.0,200,../../lists/bcms_setimes/list.bcms_setimes.attrib=shap_mpd=10_thresh=0.4_docnorm=F_tfidf=F.csv
0.19,0.8,0.0,0.0,0.0,0.0,0.0,200,../../lists/bcms_setimes/list.bcms_setimes.attrib=shap_mpd=10_thresh=0.4_docnorm=F_tfidf=T.csv
0.435,0.37,0.0,0.0,0.0,0.0,0.0,200,../../lists/bcms_setimes/list.bcms_setimes.attrib=shap_mpd=10_thresh=0.4_docnorm=T_tfidf=F.csv
0.37,0.355,0.0,0.0,0.0,0.0,0.0,200,../../lists/bcms_setimes/list.bcms_setimes.attrib=shap_mpd=10_thresh=0.4_docnorm=T_tfidf=T.csv
0.17,0.83,0.0,0.0,0.0,0.0,0.0,200,../../lists/bcms_setimes/list.bcms_setimes.attrib=shap_mpd=10_thresh=0.5_docnorm=F_tfidf=F.csv
0.19,0.8,0.0,0.0,0.0,0.0,0.0,200,../../lists/bcms_setimes/list.bcms_setimes.attrib=shap_mpd=10_thresh=0.5_docnorm=F_tfidf=T.csv
0.49,0.38,0.0,0.0,0.0,0.0,0.0,200,../../lists/bcms_setimes/list.bcms_setimes.attrib=shap_mpd=10_thresh=0.5_docnorm=T_tfidf=F.csv
0.385,0.39,0.0,0.0,0.0,0.0,0.0,200,../../lists/bcms_setimes/list.bcms_setimes.attrib=shap_mpd=10_thresh=0.5_docnorm=T_tfidf=T.csv
0.17,0.83,0.0,0.0,0.0,0.0,0.0,200,../../lists/bcms_setimes/list.bcms_setimes.attrib=shap_mpd=10_thresh=0.6_docnorm=F_tfidf=F.csv
0.19,0.8,0.0,0.0,0.0,0.0,0.0,200,../../lists/bcms_setimes/list.bcms_setimes.attrib=shap_mpd=10_thresh=0.6_docnorm=F_tfidf=T.csv
0.475,0.37,0.0,0.0,0.0,0.0,0.0,200,../../lists/bcms_setimes/list.bcms_setimes.attrib=shap_mpd=10_thresh=0.6_docnorm=T_tfidf=F.csv
0.385,0.4,0.0,0.0,0.0,0.0,0.0,200,../../lists/bcms_setimes/list.bcms_setimes.attrib=shap_mpd=10_thresh=0.6_docnorm=T_tfidf=T.csv
0.17,0.83,0.0,0.0,0.0,0.0,0.0,200,../../lists/bcms_setimes/list.bcms_setimes.attrib=shap_mpd=10_thresh=0.7_docnorm=F_tfidf=F.csv
0.19,0.8,0.0,0.0,0.0,0.0,0.0,200,../../lists/bcms_setimes/list.bcms_setimes.attrib=shap_mpd=10_thresh=0.7_docnorm=F_tfidf=T.csv
0.475,0.4,0.0,0.0,0.0,0.0,0.0,200,../../lists/bcms_setimes/list.bcms_setimes.attrib=shap_mpd=10_thresh=0.7_docnorm=T_tfidf=F.csv
0.375,0.43,0.0,0.0,0.0,0.0,0.0,200,../../lists/bcms_setimes/list.bcms_setimes.attrib=shap_mpd=10_thresh=0.7_docnorm=T_tfidf=T.csv
0.17,0.83,0.0,0.0,0.0,0.0,0.0,200,../../lists/bcms_setimes/list.bcms_setimes.attrib=shap_mpd=10_thresh=0.8_docnorm=F_tfidf=F.csv
0.19,0.8,0.0,0.0,0.0,0.0,0.0,200,../../lists/bcms_setimes/list.bcms_setimes.attrib=shap_mpd=10_thresh=0.8_docnorm=F_tfidf=T.csv
0.475,0.42,0.0,0.0,0.0,0.0,0.0,200,../../lists/bcms_setimes/list.bcms_setimes.attrib=shap_mpd=10_thresh=0.8_docnorm=T_tfidf=F.csv
0.39,0.45,0.0,0.0,0.0,0.0,0.0,200,../../lists/bcms_setimes/list.bcms_setimes.attrib=shap_mpd=10_thresh=0.8_docnorm=T_tfidf=T.csv
0.17,0.83,0.0,0.0,0.0,0.0,0.0,200,../../lists/bcms_setimes/list.bcms_setimes.attrib=shap_mpd=10_thresh=0.9_docnorm=F_tfidf=F.csv
0.19,0.8,0.0,0.0,0.0,0.0,0.0,200,../../lists/bcms_setimes/list.bcms_setimes.attrib=shap_mpd=10_thresh=0.9_docnorm=F_tfidf=T.csv
0.475,0.425,0.0,0.0,0.0,0.0,0.0,200,../../lists/bcms_setimes/list.bcms_setimes.attrib=shap_mpd=10_thresh=0.9_docnorm=T_tfidf=F.csv
0.43,0.435,0.0,0.0,0.0,0.0,0.0,200,../../lists/bcms_setimes/list.bcms_setimes.attrib=shap_mpd=10_thresh=0.9_docnorm=T_tfidf=T.csv
0.17,0.83,0.0,0.0,0.0,0.0,0.0,200,../../lists/bcms_setimes/list.bcms_setimes.attrib=shap_mpd=10_thresh=1.0_docnorm=F_tfidf=F.csv
0.19,0.8,0.0,0.0,0.0,0.0,0.0,200,../../lists/bcms_setimes/list.bcms_setimes.attrib=shap_mpd=10_thresh=1.0_docnorm=F_tfidf=T.csv
0.45,0.505,0.0,0.0,0.0,0.0,0.0,200,../../lists/bcms_setimes/list.bcms_setimes.attrib=shap_mpd=10_thresh=1.0_docnorm=T_tfidf=F.csv
0.42,0.495,0.0,0.0,0.0,0.0,0.0,200,../../lists/bcms_setimes/list.bcms_setimes.attrib=shap_mpd=10_thresh=1.0_docnorm=T_tfidf=T.csv
0.17,0.83,0.0,0.0,0.0,0.0,0.0,200,../../lists/bcms_setimes/list.bcms_setimes.attrib=shap_mpd=11_thresh=0.1_docnorm=F_tfidf=F.csv
0.19,0.8,0.0,0.0,0.0,0.0,0.0,200,../../lists/bcms_setimes/list.bcms_setimes.attrib=shap_mpd=11_thresh=0.1_docnorm=F_tfidf=T.csv
0.325,0.125,0.0,0.0,0.0,0.0,0.0,200,../../lists/bcms_setimes/list.bcms_setimes.attrib=shap_mpd=11_thresh=0.1_docnorm=T_tfidf=F.csv
0.23,0.225,0.0,0.0,0.0,0.0,0.0,200,../../lists/bcms_setimes/list.bcms_setimes.attrib=shap_mpd=11_thresh=0.1_docnorm=T_tfidf=T.csv
0.17,0.83,0.0,0.0,0.0,0.0,0.0,200,../../lists/bcms_setimes/list.bcms_setimes.attrib=shap_mpd=11_thresh=0.2_docnorm=F_tfidf=F.csv
0.19,0.8,0.0,0.0,0.0,0.0,0.0,200,../../lists/bcms_setimes/list.bcms_setimes.attrib=shap_mpd=11_thresh=0.2_docnorm=F_tfidf=T.csv
0.43,0.265,0.0,0.0,0.0,0.0,0.0,200,../../lists/bcms_setimes/list.bcms_setimes.attrib=shap_mpd=11_thresh=0.2_docnorm=T_tfidf=F.csv
0.335,0.32,0.0,0.0,0.0,0.0,0.0,200,../../lists/bcms_setimes/list.bcms_setimes.attrib=shap_mpd=11_thresh=0.2_docnorm=T_tfidf=T.csv
0.17,0.83,0.0,0.0,0.0,0.0,0.0,200,../../lists/bcms_setimes/list.bcms_setimes.attrib=shap_mpd=11_thresh=0.3_docnorm=F_tfidf=F.csv
0.19,0.8,0.0,0.0,0.0,0.0,0.0,200,../../lists/bcms_setimes/list.bcms_setimes.attrib=shap_mpd=11_thresh=0.3_docnorm=F_tfidf=T.csv
0.445,0.31,0.0,0.0,0.0,0.0,0.0,200,../../lists/bcms_setimes/list.bcms_setimes.attrib=shap_mpd=11_thresh=0.3_docnorm=T_tfidf=F.csv
0.385,0.335,0.0,0.0,0.0,0.0,0.0,200,../../lists/bcms_setimes/list.bcms_setimes.attrib=shap_mpd=11_thresh=0.3_docnorm=T_tfidf=T.csv
0.17,0.83,0.0,0.0,0.0,0.0,0.0,200,../../lists/bcms_setimes/list.bcms_setimes.attrib=shap_mpd=11_thresh=0.4_docnorm=F_tfidf=F.csv
0.19,0.8,0.0,0.0,0.0,0.0,0.0,200,../../lists/bcms_setimes/list.bcms_setimes.attrib=shap_mpd=11_thresh=0.4_docnorm=F_tfidf=T.csv
0.43,0.36,0.0,0.0,0.0,0.0,0.0,200,../../lists/bcms_setimes/list.bcms_setimes.attrib=shap_mpd=11_thresh=0.4_docnorm=T_tfidf=F.csv
0.37,0.35,0.0,0.0,0.0,0.0,0.0,200,../../lists/bcms_setimes/list.bcms_setimes.attrib=shap_mpd=11_thresh=0.4_docnorm=T_tfidf=T.csv
0.17,0.83,0.0,0.0,0.0,0.0,0.0,200,../../lists/bcms_setimes/list.bcms_setimes.attrib=shap_mpd=11_thresh=0.5_docnorm=F_tfidf=F.csv
0.19,0.8,0.0,0.0,0.0,0.0,0.0,200,../../lists/bcms_setimes/list.bcms_setimes.attrib=shap_mpd=11_thresh=0.5_docnorm=F_tfidf=T.csv
0.48,0.38,0.0,0.0,0.0,0.0,0.0,200,../../lists/bcms_setimes/list.bcms_setimes.attrib=shap_mpd=11_thresh=0.5_docnorm=T_tfidf=F.csv
0.38,0.38,0.0,0.0,0.0,0.0,0.0,200,../../lists/bcms_setimes/list.bcms_setimes.attrib=shap_mpd=11_thresh=0.5_docnorm=T_tfidf=T.csv
0.17,0.83,0.0,0.0,0.0,0.0,0.0,200,../../lists/bcms_setimes/list.bcms_setimes.attrib=shap_mpd=11_thresh=0.6_docnorm=F_tfidf=F.csv
0.19,0.8,0.0,0.0,0.0,0.0,0.0,200,../../lists/bcms_setimes/list.bcms_setimes.attrib=shap_mpd=11_thresh=0.6_docnorm=F_tfidf=T.csv
0.48,0.365,0.0,0.0,0.0,0.0,0.0,200,../../lists/bcms_setimes/list.bcms_setimes.attrib=shap_mpd=11_thresh=0.6_docnorm=T_tfidf=F.csv
0.4,0.385,0.0,0.0,0.0,0.0,0.0,200,../../lists/bcms_setimes/list.bcms_setimes.attrib=shap_mpd=11_thresh=0.6_docnorm=T_tfidf=T.csv
0.17,0.83,0.0,0.0,0.0,0.0,0.0,200,../../lists/bcms_setimes/list.bcms_setimes.attrib=shap_mpd=11_thresh=0.7_docnorm=F_tfidf=F.csv
0.19,0.8,0.0,0.0,0.0,0.0,0.0,200,../../lists/bcms_setimes/list.bcms_setimes.attrib=shap_mpd=11_thresh=0.7_docnorm=F_tfidf=T.csv
0.485,0.395,0.0,0.0,0.0,0.0,0.0,200,../../lists/bcms_setimes/list.bcms_setimes.attrib=shap_mpd=11_thresh=0.7_docnorm=T_tfidf=F.csv
0.39,0.425,0.0,0.0,0.0,0.0,0.0,200,../../lists/bcms_setimes/list.bcms_setimes.attrib=shap_mpd=11_thresh=0.7_docnorm=T_tfidf=T.csv
0.17,0.83,0.0,0.0,0.0,0.0,0.0,200,../../lists/bcms_setimes/list.bcms_setimes.attrib=shap_mpd=11_thresh=0.8_docnorm=F_tfidf=F.csv
0.19,0.8,0.0,0.0,0.0,0.0,0.0,200,../../lists/bcms_setimes/list.bcms_setimes.attrib=shap_mpd=11_thresh=0.8_docnorm=F_tfidf=T.csv
0.475,0.425,0.0,0.0,0.0,0.0,0.0,200,../../lists/bcms_setimes/list.bcms_setimes.attrib=shap_mpd=11_thresh=0.8_docnorm=T_tfidf=F.csv
0.385,0.45,0.0,0.0,0.0,0.0,0.0,200,../../lists/bcms_setimes/list.bcms_setimes.attrib=shap_mpd=11_thresh=0.8_docnorm=T_tfidf=T.csv
0.17,0.83,0.0,0.0,0.0,0.0,0.0,200,../../lists/bcms_setimes/list.bcms_setimes.attrib=shap_mpd=11_thresh=0.9_docnorm=F_tfidf=F.csv
0.19,0.8,0.0,0.0,0.0,0.0,0.0,200,../../lists/bcms_setimes/list.bcms_setimes.attrib=shap_mpd=11_thresh=0.9_docnorm=F_tfidf=T.csv
0.475,0.425,0.0,0.0,0.0,0.0,0.0,200,../../lists/bcms_setimes/list.bcms_setimes.attrib=shap_mpd=11_thresh=0.9_docnorm=T_tfidf=F.csv
0.435,0.435,0.0,0.0,0.0,0.0,0.0,200,../../lists/bcms_setimes/list.bcms_setimes.attrib=shap_mpd=11_thresh=0.9_docnorm=T_tfidf=T.csv
0.17,0.83,0.0,0.0,0.0,0.0,0.0,200,../../lists/bcms_setimes/list.bcms_setimes.attrib=shap_mpd=11_thresh=1.0_docnorm=F_tfidf=F.csv
0.19,0.8,0.0,0.0,0.0,0.0,0.0,200,../../lists/bcms_setimes/list.bcms_setimes.attrib=shap_mpd=11_thresh=1.0_docnorm=F_tfidf=T.csv
0.455,0.495,0.0,0.0,0.0,0.0,0.0,200,../../lists/bcms_setimes/list.bcms_setimes.attrib=shap_mpd=11_thresh=1.0_docnorm=T_tfidf=F.csv
0.425,0.49,0.0,0.0,0.0,0.0,0.0,200,../../lists/bcms_setimes/list.bcms_setimes.attrib=shap_mpd=11_thresh=1.0_docnorm=T_tfidf=T.csv
0.17,0.83,0.0,0.0,0.0,0.0,0.0,200,../../lists/bcms_setimes/list.bcms_setimes.attrib=shap_mpd=12_thresh=0.1_docnorm=F_tfidf=F.csv
0.195,0.795,0.0,0.0,0.0,0.0,0.0,200,../../lists/bcms_setimes/list.bcms_setimes.attrib=shap_mpd=12_thresh=0.1_docnorm=F_tfidf=T.csv
0.325,0.125,0.0,0.0,0.0,0.0,0.0,200,../../lists/bcms_setimes/list.bcms_setimes.attrib=shap_mpd=12_thresh=0.1_docnorm=T_tfidf=F.csv
0.235,0.225,0.0,0.0,0.0,0.0,0.0,200,../../lists/bcms_setimes/list.bcms_setimes.attrib=shap_mpd=12_thresh=0.1_docnorm=T_tfidf=T.csv
0.17,0.83,0.0,0.0,0.0,0.0,0.0,200,../../lists/bcms_setimes/list.bcms_setimes.attrib=shap_mpd=12_thresh=0.2_docnorm=F_tfidf=F.csv
0.195,0.795,0.0,0.0,0.0,0.0,0.0,200,../../lists/bcms_setimes/list.bcms_setimes.attrib=shap_mpd=12_thresh=0.2_docnorm=F_tfidf=T.csv
0.42,0.275,0.0,0.0,0.0,0.0,0.0,200,../../lists/bcms_setimes/list.bcms_setimes.attrib=shap_mpd=12_thresh=0.2_docnorm=T_tfidf=F.csv
0.335,0.315,0.0,0.0,0.0,0.0,0.0,200,../../lists/bcms_setimes/list.bcms_setimes.attrib=shap_mpd=12_thresh=0.2_docnorm=T_tfidf=T.csv
0.17,0.83,0.0,0.0,0.0,0.0,0.0,200,../../lists/bcms_setimes/list.bcms_setimes.attrib=shap_mpd=12_thresh=0.3_docnorm=F_tfidf=F.csv
0.195,0.795,0.0,0.0,0.0,0.0,0.0,200,../../lists/bcms_setimes/list.bcms_setimes.attrib=shap_mpd=12_thresh=0.3_docnorm=F_tfidf=T.csv
0.445,0.31,0.0,0.0,0.0,0.0,0.0,200,../../lists/bcms_setimes/list.bcms_setimes.attrib=shap_mpd=12_thresh=0.3_docnorm=T_tfidf=F.csv
0.37,0.35,0.0,0.0,0.0,0.0,0.0,200,../../lists/bcms_setimes/list.bcms_setimes.attrib=shap_mpd=12_thresh=0.3_docnorm=T_tfidf=T.csv
0.17,0.83,0.0,0.0,0.0,0.0,0.0,200,../../lists/bcms_setimes/list.bcms_setimes.attrib=shap_mpd=12_thresh=0.4_docnorm=F_tfidf=F.csv
0.195,0.795,0.0,0.0,0.0,0.0,0.0,200,../../lists/bcms_setimes/list.bcms_setimes.attrib=shap_mpd=12_thresh=0.4_docnorm=F_tfidf=T.csv
0.435,0.335,0.0,0.0,0.0,0.0,0.0,200,../../lists/bcms_setimes/list.bcms_setimes.attrib=shap_mpd=12_thresh=0.4_docnorm=T_tfidf=F.csv
0.365,0.355,0.0,0.0,0.0,0.0,0.0,200,../../lists/bcms_setimes/list.bcms_setimes.attrib=shap_mpd=12_thresh=0.4_docnorm=T_tfidf=T.csv
0.17,0.83,0.0,0.0,0.0,0.0,0.0,200,../../lists/bcms_setimes/list.bcms_setimes.attrib=shap_mpd=12_thresh=0.5_docnorm=F_tfidf=F.csv
0.195,0.795,0.0,0.0,0.0,0.0,0.0,200,../../lists/bcms_setimes/list.bcms_setimes.attrib=shap_mpd=12_thresh=0.5_docnorm=F_tfidf=T.csv
0.475,0.38,0.0,0.0,0.0,0.0,0.0,200,../../lists/bcms_setimes/list.bcms_setimes.attrib=shap_mpd=12_thresh=0.5_docnorm=T_tfidf=F.csv
0.36,0.39,0.0,0.0,0.0,0.0,0.0,200,../../lists/bcms_setimes/list.bcms_setimes.attrib=shap_mpd=12_thresh=0.5_docnorm=T_tfidf=T.csv
0.17,0.83,0.0,0.0,0.0,0.0,0.0,200,../../lists/bcms_setimes/list.bcms_setimes.attrib=shap_mpd=12_thresh=0.6_docnorm=F_tfidf=F.csv
0.195,0.795,0.0,0.0,0.0,0.0,0.0,200,../../lists/bcms_setimes/list.bcms_setimes.attrib=shap_mpd=12_thresh=0.6_docnorm=F_tfidf=T.csv
0.47,0.37,0.0,0.0,0.0,0.0,0.0,200,../../lists/bcms_setimes/list.bcms_setimes.attrib=shap_mpd=12_thresh=0.6_docnorm=T_tfidf=F.csv
0.405,0.385,0.0,0.0,0.0,0.0,0.0,200,../../lists/bcms_setimes/list.bcms_setimes.attrib=shap_mpd=12_thresh=0.6_docnorm=T_tfidf=T.csv
0.17,0.83,0.0,0.0,0.0,0.0,0.0,200,../../lists/bcms_setimes/list.bcms_setimes.attrib=shap_mpd=12_thresh=0.7_docnorm=F_tfidf=F.csv
0.195,0.795,0.0,0.0,0.0,0.0,0.0,200,../../lists/bcms_setimes/list.bcms_setimes.attrib=shap_mpd=12_thresh=0.7_docnorm=F_tfidf=T.csv
0.495,0.385,0.0,0.0,0.0,0.0,0.0,200,../../lists/bcms_setimes/list.bcms_setimes.attrib=shap_mpd=12_thresh=0.7_docnorm=T_tfidf=F.csv
0.395,0.42,0.0,0.0,0.0,0.0,0.0,200,../../lists/bcms_setimes/list.bcms_setimes.attrib=shap_mpd=12_thresh=0.7_docnorm=T_tfidf=T.csv
0.17,0.83,0.0,0.0,0.0,0.0,0.0,200,../../lists/bcms_setimes/list.bcms_setimes.attrib=shap_mpd=12_thresh=0.8_docnorm=F_tfidf=F.csv
0.195,0.795,0.0,0.0,0.0,0.0,0.0,200,../../lists/bcms_setimes/list.bcms_setimes.attrib=shap_mpd=12_thresh=0.8_docnorm=F_tfidf=T.csv
0.475,0.415,0.0,0.0,0.0,0.0,0.0,200,../../lists/bcms_setimes/list.bcms_setimes.attrib=shap_mpd=12_thresh=0.8_docnorm=T_tfidf=F.csv
0.395,0.44,0.0,0.0,0.0,0.0,0.0,200,../../lists/bcms_setimes/list.bcms_setimes.attrib=shap_mpd=12_thresh=0.8_docnorm=T_tfidf=T.csv
0.17,0.83,0.0,0.0,0.0,0.0,0.0,200,../../lists/bcms_setimes/list.bcms_setimes.attrib=shap_mpd=12_thresh=0.9_docnorm=F_tfidf=F.csv
0.195,0.795,0.0,0.0,0.0,0.0,0.0,200,../../lists/bcms_setimes/list.bcms_setimes.attrib=shap_mpd=12_thresh=0.9_docnorm=F_tfidf=T.csv
0.485,0.415,0.0,0.0,0.0,0.0,0.0,200,../../lists/bcms_setimes/list.bcms_setimes.attrib=shap_mpd=12_thresh=0.9_docnorm=T_tfidf=F.csv
0.42,0.445,0.0,0.0,0.0,0.0,0.0,200,../../lists/bcms_setimes/list.bcms_setimes.attrib=shap_mpd=12_thresh=0.9_docnorm=T_tfidf=T.csv
0.17,0.83,0.0,0.0,0.0,0.0,0.0,200,../../lists/bcms_setimes/list.bcms_setimes.attrib=shap_mpd=12_thresh=1.0_docnorm=F_tfidf=F.csv
0.195,0.795,0.0,0.0,0.0,0.0,0.0,200,../../lists/bcms_setimes/list.bcms_setimes.attrib=shap_mpd=12_thresh=1.0_docnorm=F_tfidf=T.csv
0.455,0.49,0.0,0.0,0.0,0.0,0.0,200,../../lists/bcms_setimes/list.bcms_setimes.attrib=shap_mpd=12_thresh=1.0_docnorm=T_tfidf=F.csv
0.43,0.48,0.0,0.0,0.0,0.0,0.0,200,../../lists/bcms_setimes/list.bcms_setimes.attrib=shap_mpd=12_thresh=1.0_docnorm=T_tfidf=T.csv
0.17,0.83,0.0,0.0,0.0,0.0,0.0,200,../../lists/bcms_setimes/list.bcms_setimes.attrib=shap_mpd=13_thresh=0.1_docnorm=F_tfidf=F.csv
0.2,0.79,0.0,0.0,0.0,0.0,0.0,200,../../lists/bcms_setimes/list.bcms_setimes.attrib=shap_mpd=13_thresh=0.1_docnorm=F_tfidf=T.csv
0.325,0.125,0.0,0.0,0.0,0.0,0.0,200,../../lists/bcms_setimes/list.bcms_setimes.attrib=shap_mpd=13_thresh=0.1_docnorm=T_tfidf=F.csv
0.24,0.22,0.0,0.0,0.0,0.0,0.0,200,../../lists/bcms_setimes/list.bcms_setimes.attrib=shap_mpd=13_thresh=0.1_docnorm=T_tfidf=T.csv
0.17,0.83,0.0,0.0,0.0,0.0,0.0,200,../../lists/bcms_setimes/list.bcms_setimes.attrib=shap_mpd=13_thresh=0.2_docnorm=F_tfidf=F.csv
0.2,0.79,0.0,0.0,0.0,0.0,0.0,200,../../lists/bcms_setimes/list.bcms_setimes.attrib=shap_mpd=13_thresh=0.2_docnorm=F_tfidf=T.csv
0.42,0.28,0.0,0.0,0.0,0.0,0.0,200,../../lists/bcms_setimes/list.bcms_setimes.attrib=shap_mpd=13_thresh=0.2_docnorm=T_tfidf=F.csv
0.33,0.32,0.0,0.0,0.0,0.0,0.0,200,../../lists/bcms_setimes/list.bcms_setimes.attrib=shap_mpd=13_thresh=0.2_docnorm=T_tfidf=T.csv
0.17,0.83,0.0,0.0,0.0,0.0,0.0,200,../../lists/bcms_setimes/list.bcms_setimes.attrib=shap_mpd=13_thresh=0.3_docnorm=F_tfidf=F.csv
0.2,0.79,0.0,0.0,0.0,0.0,0.0,200,../../lists/bcms_setimes/list.bcms_setimes.attrib=shap_mpd=13_thresh=0.3_docnorm=F_tfidf=T.csv
0.445,0.305,0.0,0.0,0.0,0.0,0.0,200,../../lists/bcms_setimes/list.bcms_setimes.attrib=shap_mpd=13_thresh=0.3_docnorm=T_tfidf=F.csv
0.375,0.335,0.0,0.0,0.0,0.0,0.0,200,../../lists/bcms_setimes/list.bcms_setimes.attrib=shap_mpd=13_thresh=0.3_docnorm=T_tfidf=T.csv
0.17,0.83,0.0,0.0,0.0,0.0,0.0,200,../../lists/bcms_setimes/list.bcms_setimes.attrib=shap_mpd=13_thresh=0.4_docnorm=F_tfidf=F.csv
0.2,0.79,0.0,0.0,0.0,0.0,0.0,200,../../lists/bcms_setimes/list.bcms_setimes.attrib=shap_mpd=13_thresh=0.4_docnorm=F_tfidf=T.csv
0.44,0.33,0.0,0.0,0.0,0.0,0.0,200,../../lists/bcms_setimes/list.bcms_setimes.attrib=shap_mpd=13_thresh=0.4_docnorm=T_tfidf=F.csv
0.365,0.355,0.0,0.0,0.0,0.0,0.0,200,../../lists/bcms_setimes/list.bcms_setimes.attrib=shap_mpd=13_thresh=0.4_docnorm=T_tfidf=T.csv
0.17,0.83,0.0,0.0,0.0,0.0,0.0,200,../../lists/bcms_setimes/list.bcms_setimes.attrib=shap_mpd=13_thresh=0.5_docnorm=F_tfidf=F.csv
0.2,0.79,0.0,0.0,0.0,0.0,0.0,200,../../lists/bcms_setimes/list.bcms_setimes.attrib=shap_mpd=13_thresh=0.5_docnorm=F_tfidf=T.csv
0.48,0.37,0.0,0.0,0.0,0.0,0.0,200,../../lists/bcms_setimes/list.bcms_setimes.attrib=shap_mpd=13_thresh=0.5_docnorm=T_tfidf=F.csv
0.365,0.385,0.0,0.0,0.0,0.0,0.0,200,../../lists/bcms_setimes/list.bcms_setimes.attrib=shap_mpd=13_thresh=0.5_docnorm=T_tfidf=T.csv
0.17,0.83,0.0,0.0,0.0,0.0,0.0,200,../../lists/bcms_setimes/list.bcms_setimes.attrib=shap_mpd=13_thresh=0.6_docnorm=F_tfidf=F.csv
0.2,0.79,0.0,0.0,0.0,0.0,0.0,200,../../lists/bcms_setimes/list.bcms_setimes.attrib=shap_mpd=13_thresh=0.6_docnorm=F_tfidf=T.csv
0.455,0.39,0.0,0.0,0.0,0.0,0.0,200,../../lists/bcms_setimes/list.bcms_setimes.attrib=shap_mpd=13_thresh=0.6_docnorm=T_tfidf=F.csv
0.405,0.385,0.0,0.0,0.0,0.0,0.0,200,../../lists/bcms_setimes/list.bcms_setimes.attrib=shap_mpd=13_thresh=0.6_docnorm=T_tfidf=T.csv
0.17,0.83,0.0,0.0,0.0,0.0,0.0,200,../../lists/bcms_setimes/list.bcms_setimes.attrib=shap_mpd=13_thresh=0.7_docnorm=F_tfidf=F.csv
0.2,0.79,0.0,0.0,0.0,0.0,0.0,200,../../lists/bcms_setimes/list.bcms_setimes.attrib=shap_mpd=13_thresh=0.7_docnorm=F_tfidf=T.csv
0.48,0.395,0.0,0.0,0.0,0.0,0.0,200,../../lists/bcms_setimes/list.bcms_setimes.attrib=shap_mpd=13_thresh=0.7_docnorm=T_tfidf=F.csv
0.385,0.425,0.0,0.0,0.0,0.0,0.0,200,../../lists/bcms_setimes/list.bcms_setimes.attrib=shap_mpd=13_thresh=0.7_docnorm=T_tfidf=T.csv
0.17,0.83,0.0,0.0,0.0,0.0,0.0,200,../../lists/bcms_setimes/list.bcms_setimes.attrib=shap_mpd=13_thresh=0.8_docnorm=F_tfidf=F.csv
0.2,0.79,0.0,0.0,0.0,0.0,0.0,200,../../lists/bcms_setimes/list.bcms_setimes.attrib=shap_mpd=13_thresh=0.8_docnorm=F_tfidf=T.csv
0.475,0.41,0.0,0.0,0.0,0.0,0.0,200,../../lists/bcms_setimes/list.bcms_setimes.attrib=shap_mpd=13_thresh=0.8_docnorm=T_tfidf=F.csv
0.41,0.43,0.0,0.0,0.0,0.0,0.0,200,../../lists/bcms_setimes/list.bcms_setimes.attrib=shap_mpd=13_thresh=0.8_docnorm=T_tfidf=T.csv
0.17,0.83,0.0,0.0,0.0,0.0,0.0,200,../../lists/bcms_setimes/list.bcms_setimes.attrib=shap_mpd=13_thresh=0.9_docnorm=F_tfidf=F.csv
0.2,0.79,0.0,0.0,0.0,0.0,0.0,200,../../lists/bcms_setimes/list.bcms_setimes.attrib=shap_mpd=13_thresh=0.9_docnorm=F_tfidf=T.csv
0.49,0.415,0.0,0.0,0.0,0.0,0.0,200,../../lists/bcms_setimes/list.bcms_setimes.attrib=shap_mpd=13_thresh=0.9_docnorm=T_tfidf=F.csv
0.42,0.44,0.0,0.0,0.0,0.0,0.0,200,../../lists/bcms_setimes/list.bcms_setimes.attrib=shap_mpd=13_thresh=0.9_docnorm=T_tfidf=T.csv
0.17,0.83,0.0,0.0,0.0,0.0,0.0,200,../../lists/bcms_setimes/list.bcms_setimes.attrib=shap_mpd=13_thresh=1.0_docnorm=F_tfidf=F.csv
0.2,0.79,0.0,0.0,0.0,0.0,0.0,200,../../lists/bcms_setimes/list.bcms_setimes.attrib=shap_mpd=13_thresh=1.0_docnorm=F_tfidf=T.csv
0.44,0.495,0.0,0.0,0.0,0.0,0.0,200,../../lists/bcms_setimes/list.bcms_setimes.attrib=shap_mpd=13_thresh=1.0_docnorm=T_tfidf=F.csv
0.425,0.48,0.0,0.0,0.0,0.0,0.0,200,../../lists/bcms_setimes/list.bcms_setimes.attrib=shap_mpd=13_thresh=1.0_docnorm=T_tfidf=T.csv
0.175,0.825,0.0,0.0,0.0,0.0,0.0,200,../../lists/bcms_setimes/list.bcms_setimes.attrib=shap_mpd=14_thresh=0.1_docnorm=F_tfidf=F.csv
0.2,0.79,0.0,0.0,0.0,0.0,0.0,200,../../lists/bcms_setimes/list.bcms_setimes.attrib=shap_mpd=14_thresh=0.1_docnorm=F_tfidf=T.csv
0.325,0.125,0.0,0.0,0.0,0.0,0.0,200,../../lists/bcms_setimes/list.bcms_setimes.attrib=shap_mpd=14_thresh=0.1_docnorm=T_tfidf=F.csv
0.245,0.215,0.0,0.0,0.0,0.0,0.0,200,../../lists/bcms_setimes/list.bcms_setimes.attrib=shap_mpd=14_thresh=0.1_docnorm=T_tfidf=T.csv
0.175,0.825,0.0,0.0,0.0,0.0,0.0,200,../../lists/bcms_setimes/list.bcms_setimes.attrib=shap_mpd=14_thresh=0.2_docnorm=F_tfidf=F.csv
0.2,0.79,0.0,0.0,0.0,0.0,0.0,200,../../lists/bcms_setimes/list.bcms_setimes.attrib=shap_mpd=14_thresh=0.2_docnorm=F_tfidf=T.csv
0.425,0.28,0.0,0.0,0.0,0.0,0.0,200,../../lists/bcms_setimes/list.bcms_setimes.attrib=shap_mpd=14_thresh=0.2_docnorm=T_tfidf=F.csv
0.335,0.31,0.0,0.0,0.0,0.0,0.0,200,../../lists/bcms_setimes/list.bcms_setimes.attrib=shap_mpd=14_thresh=0.2_docnorm=T_tfidf=T.csv
0.175,0.825,0.0,0.0,0.0,0.0,0.0,200,../../lists/bcms_setimes/list.bcms_setimes.attrib=shap_mpd=14_thresh=0.3_docnorm=F_tfidf=F.csv
0.2,0.79,0.0,0.0,0.0,0.0,0.0,200,../../lists/bcms_setimes/list.bcms_setimes.attrib=shap_mpd=14_thresh=0.3_docnorm=F_tfidf=T.csv
0.445,0.305,0.0,0.0,0.0,0.0,0.0,200,../../lists/bcms_setimes/list.bcms_setimes.attrib=shap_mpd=14_thresh=0.3_docnorm=T_tfidf=F.csv
0.37,0.335,0.0,0.0,0.0,0.0,0.0,200,../../lists/bcms_setimes/list.bcms_setimes.attrib=shap_mpd=14_thresh=0.3_docnorm=T_tfidf=T.csv
0.175,0.825,0.0,0.0,0.0,0.0,0.0,200,../../lists/bcms_setimes/list.bcms_setimes.attrib=shap_mpd=14_thresh=0.4_docnorm=F_tfidf=F.csv
0.2,0.79,0.0,0.0,0.0,0.0,0.0,200,../../lists/bcms_setimes/list.bcms_setimes.attrib=shap_mpd=14_thresh=0.4_docnorm=F_tfidf=T.csv
0.45,0.325,0.0,0.0,0.0,0.0,0.0,200,../../lists/bcms_setimes/list.bcms_setimes.attrib=shap_mpd=14_thresh=0.4_docnorm=T_tfidf=F.csv
0.37,0.355,0.0,0.0,0.0,0.0,0.0,200,../../lists/bcms_setimes/list.bcms_setimes.attrib=shap_mpd=14_thresh=0.4_docnorm=T_tfidf=T.csv
0.175,0.825,0.0,0.0,0.0,0.0,0.0,200,../../lists/bcms_setimes/list.bcms_setimes.attrib=shap_mpd=14_thresh=0.5_docnorm=F_tfidf=F.csv
0.2,0.79,0.0,0.0,0.0,0.0,0.0,200,../../lists/bcms_setimes/list.bcms_setimes.attrib=shap_mpd=14_thresh=0.5_docnorm=F_tfidf=T.csv
0.47,0.38,0.0,0.0,0.0,0.0,0.0,200,../../lists/bcms_setimes/list.bcms_setimes.attrib=shap_mpd=14_thresh=0.5_docnorm=T_tfidf=F.csv
0.355,0.385,0.0,0.0,0.0,0.0,0.0,200,../../lists/bcms_setimes/list.bcms_setimes.attrib=shap_mpd=14_thresh=0.5_docnorm=T_tfidf=T.csv
0.175,0.825,0.0,0.0,0.0,0.0,0.0,200,../../lists/bcms_setimes/list.bcms_setimes.attrib=shap_mpd=14_thresh=0.6_docnorm=F_tfidf=F.csv
0.2,0.79,0.0,0.0,0.0,0.0,0.0,200,../../lists/bcms_setimes/list.bcms_setimes.attrib=shap_mpd=14_thresh=0.6_docnorm=F_tfidf=T.csv
0.465,0.38,0.0,0.0,0.0,0.0,0.0,200,../../lists/bcms_setimes/list.bcms_setimes.attrib=shap_mpd=14_thresh=0.6_docnorm=T_tfidf=F.csv
0.405,0.38,0.0,0.0,0.0,0.0,0.0,200,../../lists/bcms_setimes/list.bcms_setimes.attrib=shap_mpd=14_thresh=0.6_docnorm=T_tfidf=T.csv
0.175,0.825,0.0,0.0,0.0,0.0,0.0,200,../../lists/bcms_setimes/list.bcms_setimes.attrib=shap_mpd=14_thresh=0.7_docnorm=F_tfidf=F.csv
0.2,0.79,0.0,0.0,0.0,0.0,0.0,200,../../lists/bcms_setimes/list.bcms_setimes.attrib=shap_mpd=14_thresh=0.7_docnorm=F_tfidf=T.csv
0.485,0.4,0.0,0.0,0.0,0.0,0.0,200,../../lists/bcms_setimes/list.bcms_setimes.attrib=shap_mpd=14_thresh=0.7_docnorm=T_tfidf=F.csv
0.37,0.435,0.0,0.0,0.0,0.0,0.0,200,../../lists/bcms_setimes/list.bcms_setimes.attrib=shap_mpd=14_thresh=0.7_docnorm=T_tfidf=T.csv
0.175,0.825,0.0,0.0,0.0,0.0,0.0,200,../../lists/bcms_setimes/list.bcms_setimes.attrib=shap_mpd=14_thresh=0.8_docnorm=F_tfidf=F.csv
0.2,0.79,0.0,0.0,0.0,0.0,0.0,200,../../lists/bcms_setimes/list.bcms_setimes.attrib=shap_mpd=14_thresh=0.8_docnorm=F_tfidf=T.csv
0.49,0.4,0.0,0.0,0.0,0.0,0.0,200,../../lists/bcms_setimes/list.bcms_setimes.attrib=shap_mpd=14_thresh=0.8_docnorm=T_tfidf=F.csv
0.41,0.425,0.0,0.0,0.0,0.0,0.0,200,../../lists/bcms_setimes/list.bcms_setimes.attrib=shap_mpd=14_thresh=0.8_docnorm=T_tfidf=T.csv
0.175,0.825,0.0,0.0,0.0,0.0,0.0,200,../../lists/bcms_setimes/list.bcms_setimes.attrib=shap_mpd=14_thresh=0.9_docnorm=F_tfidf=F.csv
0.2,0.79,0.0,0.0,0.0,0.0,0.0,200,../../lists/bcms_setimes/list.bcms_setimes.attrib=shap_mpd=14_thresh=0.9_docnorm=F_tfidf=T.csv
0.49,0.41,0.0,0.0,0.0,0.0,0.0,200,../../lists/bcms_setimes/list.bcms_setimes.attrib=shap_mpd=14_thresh=0.9_docnorm=T_tfidf=F.csv
0.41,0.44,0.0,0.0,0.0,0.0,0.0,200,../../lists/bcms_setimes/list.bcms_setimes.attrib=shap_mpd=14_thresh=0.9_docnorm=T_tfidf=T.csv
0.175,0.825,0.0,0.0,0.0,0.0,0.0,200,../../lists/bcms_setimes/list.bcms_setimes.attrib=shap_mpd=14_thresh=1.0_docnorm=F_tfidf=F.csv
0.2,0.79,0.0,0.0,0.0,0.0,0.0,200,../../lists/bcms_setimes/list.bcms_setimes.attrib=shap_mpd=14_thresh=1.0_docnorm=F_tfidf=T.csv
0.45,0.48,0.0,0.0,0.0,0.0,0.0,200,../../lists/bcms_setimes/list.bcms_setimes.attrib=shap_mpd=14_thresh=1.0_docnorm=T_tfidf=F.csv
0.43,0.475,0.0,0.0,0.0,0.0,0.0,200,../../lists/bcms_setimes/list.bcms_setimes.attrib=shap_mpd=14_thresh=1.0_docnorm=T_tfidf=T.csv
0.175,0.825,0.0,0.0,0.0,0.0,0.0,200,../../lists/bcms_setimes/list.bcms_setimes.attrib=shap_mpd=15_thresh=0.1_docnorm=F_tfidf=F.csv
0.195,0.795,0.0,0.0,0.0,0.0,0.0,200,../../lists/bcms_setimes/list.bcms_setimes.attrib=shap_mpd=15_thresh=0.1_docnorm=F_tfidf=T.csv
0.325,0.125,0.0,0.0,0.0,0.0,0.0,200,../../lists/bcms_setimes/list.bcms_setimes.attrib=shap_mpd=15_thresh=0.1_docnorm=T_tfidf=F.csv
0.25,0.215,0.0,0.0,0.0,0.0,0.0,200,../../lists/bcms_setimes/list.bcms_setimes.attrib=shap_mpd=15_thresh=0.1_docnorm=T_tfidf=T.csv
0.175,0.825,0.0,0.0,0.0,0.0,0.0,200,../../lists/bcms_setimes/list.bcms_setimes.attrib=shap_mpd=15_thresh=0.2_docnorm=F_tfidf=F.csv
0.195,0.795,0.0,0.0,0.0,0.0,0.0,200,../../lists/bcms_setimes/list.bcms_setimes.attrib=shap_mpd=15_thresh=0.2_docnorm=F_tfidf=T.csv
0.415,0.285,0.0,0.0,0.0,0.0,0.0,200,../../lists/bcms_setimes/list.bcms_setimes.attrib=shap_mpd=15_thresh=0.2_docnorm=T_tfidf=F.csv
0.33,0.315,0.0,0.0,0.0,0.0,0.0,200,../../lists/bcms_setimes/list.bcms_setimes.attrib=shap_mpd=15_thresh=0.2_docnorm=T_tfidf=T.csv
0.175,0.825,0.0,0.0,0.0,0.0,0.0,200,../../lists/bcms_setimes/list.bcms_setimes.attrib=shap_mpd=15_thresh=0.3_docnorm=F_tfidf=F.csv
0.195,0.795,0.0,0.0,0.0,0.0,0.0,200,../../lists/bcms_setimes/list.bcms_setimes.attrib=shap_mpd=15_thresh=0.3_docnorm=F_tfidf=T.csv
0.43,0.31,0.0,0.0,0.0,0.0,0.0,200,../../lists/bcms_setimes/list.bcms_setimes.attrib=shap_mpd=15_thresh=0.3_docnorm=T_tfidf=F.csv
0.385,0.325,0.0,0.0,0.0,0.0,0.0,200,../../lists/bcms_setimes/list.bcms_setimes.attrib=shap_mpd=15_thresh=0.3_docnorm=T_tfidf=T.csv
0.175,0.825,0.0,0.0,0.0,0.0,0.0,200,../../lists/bcms_setimes/list.bcms_setimes.attrib=shap_mpd=15_thresh=0.4_docnorm=F_tfidf=F.csv
0.195,0.795,0.0,0.0,0.0,0.0,0.0,200,../../lists/bcms_setimes/list.bcms_setimes.attrib=shap_mpd=15_thresh=0.4_docnorm=F_tfidf=T.csv
0.44,0.34,0.0,0.0,0.0,0.0,0.0,200,../../lists/bcms_setimes/list.bcms_setimes.attrib=shap_mpd=15_thresh=0.4_docnorm=T_tfidf=F.csv
0.365,0.355,0.0,0.0,0.0,0.0,0.0,200,../../lists/bcms_setimes/list.bcms_setimes.attrib=shap_mpd=15_thresh=0.4_docnorm=T_tfidf=T.csv
0.175,0.825,0.0,0.0,0.0,0.0,0.0,200,../../lists/bcms_setimes/list.bcms_setimes.attrib=shap_mpd=15_thresh=0.5_docnorm=F_tfidf=F.csv
0.195,0.795,0.0,0.0,0.0,0.0,0.0,200,../../lists/bcms_setimes/list.bcms_setimes.attrib=shap_mpd=15_thresh=0.5_docnorm=F_tfidf=T.csv
0.48,0.37,0.0,0.0,0.0,0.0,0.0,200,../../lists/bcms_setimes/list.bcms_setimes.attrib=shap_mpd=15_thresh=0.5_docnorm=T_tfidf=F.csv
0.355,0.395,0.0,0.0,0.0,0.0,0.0,200,../../lists/bcms_setimes/list.bcms_setimes.attrib=shap_mpd=15_thresh=0.5_docnorm=T_tfidf=T.csv
0.175,0.825,0.0,0.0,0.0,0.0,0.0,200,../../lists/bcms_setimes/list.bcms_setimes.attrib=shap_mpd=15_thresh=0.6_docnorm=F_tfidf=F.csv
0.195,0.795,0.0,0.0,0.0,0.0,0.0,200,../../lists/bcms_setimes/list.bcms_setimes.attrib=shap_mpd=15_thresh=0.6_docnorm=F_tfidf=T.csv
0.475,0.375,0.0,0.0,0.0,0.0,0.0,200,../../lists/bcms_setimes/list.bcms_setimes.attrib=shap_mpd=15_thresh=0.6_docnorm=T_tfidf=F.csv
0.395,0.39,0.0,0.0,0.0,0.0,0.0,200,../../lists/bcms_setimes/list.bcms_setimes.attrib=shap_mpd=15_thresh=0.6_docnorm=T_tfidf=T.csv
0.175,0.825,0.0,0.0,0.0,0.0,0.0,200,../../lists/bcms_setimes/list.bcms_setimes.attrib=shap_mpd=15_thresh=0.7_docnorm=F_tfidf=F.csv
0.195,0.795,0.0,0.0,0.0,0.0,0.0,200,../../lists/bcms_setimes/list.bcms_setimes.attrib=shap_mpd=15_thresh=0.7_docnorm=F_tfidf=T.csv
0.485,0.4,0.0,0.0,0.0,0.0,0.0,200,../../lists/bcms_setimes/list.bcms_setimes.attrib=shap_mpd=15_thresh=0.7_docnorm=T_tfidf=F.csv
0.385,0.415,0.0,0.0,0.0,0.0,0.0,200,../../lists/bcms_setimes/list.bcms_setimes.attrib=shap_mpd=15_thresh=0.7_docnorm=T_tfidf=T.csv
0.175,0.825,0.0,0.0,0.0,0.0,0.0,200,../../lists/bcms_setimes/list.bcms_setimes.attrib=shap_mpd=15_thresh=0.8_docnorm=F_tfidf=F.csv
0.195,0.795,0.0,0.0,0.0,0.0,0.0,200,../../lists/bcms_setimes/list.bcms_setimes.attrib=shap_mpd=15_thresh=0.8_docnorm=F_tfidf=T.csv
0.48,0.41,0.0,0.0,0.0,0.0,0.0,200,../../lists/bcms_setimes/list.bcms_setimes.attrib=shap_mpd=15_thresh=0.8_docnorm=T_tfidf=F.csv
0.42,0.415,0.0,0.0,0.0,0.0,0.0,200,../../lists/bcms_setimes/list.bcms_setimes.attrib=shap_mpd=15_thresh=0.8_docnorm=T_tfidf=T.csv
0.175,0.825,0.0,0.0,0.0,0.0,0.0,200,../../lists/bcms_setimes/list.bcms_setimes.attrib=shap_mpd=15_thresh=0.9_docnorm=F_tfidf=F.csv
0.195,0.795,0.0,0.0,0.0,0.0,0.0,200,../../lists/bcms_setimes/list.bcms_setimes.attrib=shap_mpd=15_thresh=0.9_docnorm=F_tfidf=T.csv
0.48,0.415,0.0,0.0,0.0,0.0,0.0,200,../../lists/bcms_setimes/list.bcms_setimes.attrib=shap_mpd=15_thresh=0.9_docnorm=T_tfidf=F.csv
0.415,0.435,0.0,0.0,0.0,0.0,0.0,200,../../lists/bcms_setimes/list.bcms_setimes.attrib=shap_mpd=15_thresh=0.9_docnorm=T_tfidf=T.csv
0.175,0.825,0.0,0.0,0.0,0.0,0.0,200,../../lists/bcms_setimes/list.bcms_setimes.attrib=shap_mpd=15_thresh=1.0_docnorm=F_tfidf=F.csv
0.195,0.795,0.0,0.0,0.0,0.0,0.0,200,../../lists/bcms_setimes/list.bcms_setimes.attrib=shap_mpd=15_thresh=1.0_docnorm=F_tfidf=T.csv
0.46,0.47,0.0,0.0,0.0,0.0,0.0,200,../../lists/bcms_setimes/list.bcms_setimes.attrib=shap_mpd=15_thresh=1.0_docnorm=T_tfidf=F.csv
0.425,0.48,0.0,0.0,0.0,0.0,0.0,200,../../lists/bcms_setimes/list.bcms_setimes.attrib=shap_mpd=15_thresh=1.0_docnorm=T_tfidf=T.csv
0.18,0.82,0.0,0.0,0.0,0.0,0.0,200,../../lists/bcms_setimes/list.bcms_setimes.attrib=shap_mpd=16_thresh=0.1_docnorm=F_tfidf=F.csv
0.195,0.795,0.0,0.0,0.0,0.0,0.0,200,../../lists/bcms_setimes/list.bcms_setimes.attrib=shap_mpd=16_thresh=0.1_docnorm=F_tfidf=T.csv
0.325,0.125,0.0,0.0,0.0,0.0,0.0,200,../../lists/bcms_setimes/list.bcms_setimes.attrib=shap_mpd=16_thresh=0.1_docnorm=T_tfidf=F.csv
0.25,0.215,0.0,0.0,0.0,0.0,0.0,200,../../lists/bcms_setimes/list.bcms_setimes.attrib=shap_mpd=16_thresh=0.1_docnorm=T_tfidf=T.csv
0.18,0.82,0.0,0.0,0.0,0.0,0.0,200,../../lists/bcms_setimes/list.bcms_setimes.attrib=shap_mpd=16_thresh=0.2_docnorm=F_tfidf=F.csv
0.195,0.795,0.0,0.0,0.0,0.0,0.0,200,../../lists/bcms_setimes/list.bcms_setimes.attrib=shap_mpd=16_thresh=0.2_docnorm=F_tfidf=T.csv
0.42,0.27,0.0,0.0,0.0,0.0,0.0,200,../../lists/bcms_setimes/list.bcms_setimes.attrib=shap_mpd=16_thresh=0.2_docnorm=T_tfidf=F.csv
0.325,0.315,0.0,0.0,0.0,0.0,0.0,200,../../lists/bcms_setimes/list.bcms_setimes.attrib=shap_mpd=16_thresh=0.2_docnorm=T_tfidf=T.csv
0.18,0.82,0.0,0.0,0.0,0.0,0.0,200,../../lists/bcms_setimes/list.bcms_setimes.attrib=shap_mpd=16_thresh=0.3_docnorm=F_tfidf=F.csv
0.195,0.795,0.0,0.0,0.0,0.0,0.0,200,../../lists/bcms_setimes/list.bcms_setimes.attrib=shap_mpd=16_thresh=0.3_docnorm=F_tfidf=T.csv
0.43,0.305,0.0,0.0,0.0,0.0,0.0,200,../../lists/bcms_setimes/list.bcms_setimes.attrib=shap_mpd=16_thresh=0.3_docnorm=T_tfidf=F.csv
0.385,0.325,0.0,0.0,0.0,0.0,0.0,200,../../lists/bcms_setimes/list.bcms_setimes.attrib=shap_mpd=16_thresh=0.3_docnorm=T_tfidf=T.csv
0.18,0.82,0.0,0.0,0.0,0.0,0.0,200,../../lists/bcms_setimes/list.bcms_setimes.attrib=shap_mpd=16_thresh=0.4_docnorm=F_tfidf=F.csv
0.195,0.795,0.0,0.0,0.0,0.0,0.0,200,../../lists/bcms_setimes/list.bcms_setimes.attrib=shap_mpd=16_thresh=0.4_docnorm=F_tfidf=T.csv
0.435,0.345,0.0,0.0,0.0,0.0,0.0,200,../../lists/bcms_setimes/list.bcms_setimes.attrib=shap_mpd=16_thresh=0.4_docnorm=T_tfidf=F.csv
0.365,0.355,0.0,0.0,0.0,0.0,0.0,200,../../lists/bcms_setimes/list.bcms_setimes.attrib=shap_mpd=16_thresh=0.4_docnorm=T_tfidf=T.csv
0.18,0.82,0.0,0.0,0.0,0.0,0.0,200,../../lists/bcms_setimes/list.bcms_setimes.attrib=shap_mpd=16_thresh=0.5_docnorm=F_tfidf=F.csv
0.195,0.795,0.0,0.0,0.0,0.0,0.0,200,../../lists/bcms_setimes/list.bcms_setimes.attrib=shap_mpd=16_thresh=0.5_docnorm=F_tfidf=T.csv
0.475,0.37,0.0,0.0,0.0,0.0,0.0,200,../../lists/bcms_setimes/list.bcms_setimes.attrib=shap_mpd=16_thresh=0.5_docnorm=T_tfidf=F.csv
0.355,0.395,0.0,0.0,0.0,0.0,0.0,200,../../lists/bcms_setimes/list.bcms_setimes.attrib=shap_mpd=16_thresh=0.5_docnorm=T_tfidf=T.csv
0.18,0.82,0.0,0.0,0.0,0.0,0.0,200,../../lists/bcms_setimes/list.bcms_setimes.attrib=shap_mpd=16_thresh=0.6_docnorm=F_tfidf=F.csv
0.195,0.795,0.0,0.0,0.0,0.0,0.0,200,../../lists/bcms_setimes/list.bcms_setimes.attrib=shap_mpd=16_thresh=0.6_docnorm=F_tfidf=T.csv
0.475,0.375,0.0,0.0,0.0,0.0,0.0,200,../../lists/bcms_setimes/list.bcms_setimes.attrib=shap_mpd=16_thresh=0.6_docnorm=T_tfidf=F.csv
0.395,0.39,0.0,0.0,0.0,0.0,0.0,200,../../lists/bcms_setimes/list.bcms_setimes.attrib=shap_mpd=16_thresh=0.6_docnorm=T_tfidf=T.csv
0.18,0.82,0.0,0.0,0.0,0.0,0.0,200,../../lists/bcms_setimes/list.bcms_setimes.attrib=shap_mpd=16_thresh=0.7_docnorm=F_tfidf=F.csv
0.195,0.795,0.0,0.0,0.0,0.0,0.0,200,../../lists/bcms_setimes/list.bcms_setimes.attrib=shap_mpd=16_thresh=0.7_docnorm=F_tfidf=T.csv
0.49,0.395,0.0,0.0,0.0,0.0,0.0,200,../../lists/bcms_setimes/list.bcms_setimes.attrib=shap_mpd=16_thresh=0.7_docnorm=T_tfidf=F.csv
0.39,0.41,0.0,0.0,0.0,0.0,0.0,200,../../lists/bcms_setimes/list.bcms_setimes.attrib=shap_mpd=16_thresh=0.7_docnorm=T_tfidf=T.csv
0.18,0.82,0.0,0.0,0.0,0.0,0.0,200,../../lists/bcms_setimes/list.bcms_setimes.attrib=shap_mpd=16_thresh=0.8_docnorm=F_tfidf=F.csv
0.195,0.795,0.0,0.0,0.0,0.0,0.0,200,../../lists/bcms_setimes/list.bcms_setimes.attrib=shap_mpd=16_thresh=0.8_docnorm=F_tfidf=T.csv
0.49,0.4,0.0,0.0,0.0,0.0,0.0,200,../../lists/bcms_setimes/list.bcms_setimes.attrib=shap_mpd=16_thresh=0.8_docnorm=T_tfidf=F.csv
0.425,0.41,0.0,0.0,0.0,0.0,0.0,200,../../lists/bcms_setimes/list.bcms_setimes.attrib=shap_mpd=16_thresh=0.8_docnorm=T_tfidf=T.csv
0.18,0.82,0.0,0.0,0.0,0.0,0.0,200,../../lists/bcms_setimes/list.bcms_setimes.attrib=shap_mpd=16_thresh=0.9_docnorm=F_tfidf=F.csv
0.195,0.795,0.0,0.0,0.0,0.0,0.0,200,../../lists/bcms_setimes/list.bcms_setimes.attrib=shap_mpd=16_thresh=0.9_docnorm=F_tfidf=T.csv
0.48,0.415,0.0,0.0,0.0,0.0,0.0,200,../../lists/bcms_setimes/list.bcms_setimes.attrib=shap_mpd=16_thresh=0.9_docnorm=T_tfidf=F.csv
0.41,0.44,0.0,0.0,0.0,0.0,0.0,200,../../lists/bcms_setimes/list.bcms_setimes.attrib=shap_mpd=16_thresh=0.9_docnorm=T_tfidf=T.csv
0.18,0.82,0.0,0.0,0.0,0.0,0.0,200,../../lists/bcms_setimes/list.bcms_setimes.attrib=shap_mpd=16_thresh=1.0_docnorm=F_tfidf=F.csv
0.195,0.795,0.0,0.0,0.0,0.0,0.0,200,../../lists/bcms_setimes/list.bcms_setimes.attrib=shap_mpd=16_thresh=1.0_docnorm=F_tfidf=T.csv
0.46,0.475,0.0,0.0,0.0,0.0,0.0,200,../../lists/bcms_setimes/list.bcms_setimes.attrib=shap_mpd=16_thresh=1.0_docnorm=T_tfidf=F.csv
0.425,0.48,0.0,0.0,0.0,0.0,0.0,200,../../lists/bcms_setimes/list.bcms_setimes.attrib=shap_mpd=16_thresh=1.0_docnorm=T_tfidf=T.csv
0.18,0.82,0.0,0.0,0.0,0.0,0.0,200,../../lists/bcms_setimes/list.bcms_setimes.attrib=shap_mpd=17_thresh=0.1_docnorm=F_tfidf=F.csv
0.195,0.795,0.0,0.0,0.0,0.0,0.0,200,../../lists/bcms_setimes/list.bcms_setimes.attrib=shap_mpd=17_thresh=0.1_docnorm=F_tfidf=T.csv
0.33,0.12,0.0,0.0,0.0,0.0,0.0,200,../../lists/bcms_setimes/list.bcms_setimes.attrib=shap_mpd=17_thresh=0.1_docnorm=T_tfidf=F.csv
0.255,0.21,0.0,0.0,0.0,0.0,0.0,200,../../lists/bcms_setimes/list.bcms_setimes.attrib=shap_mpd=17_thresh=0.1_docnorm=T_tfidf=T.csv
0.18,0.82,0.0,0.0,0.0,0.0,0.0,200,../../lists/bcms_setimes/list.bcms_setimes.attrib=shap_mpd=17_thresh=0.2_docnorm=F_tfidf=F.csv
0.195,0.795,0.0,0.0,0.0,0.0,0.0,200,../../lists/bcms_setimes/list.bcms_setimes.attrib=shap_mpd=17_thresh=0.2_docnorm=F_tfidf=T.csv
0.42,0.27,0.0,0.0,0.0,0.0,0.0,200,../../lists/bcms_setimes/list.bcms_setimes.attrib=shap_mpd=17_thresh=0.2_docnorm=T_tfidf=F.csv
0.33,0.315,0.0,0.0,0.0,0.0,0.0,200,../../lists/bcms_setimes/list.bcms_setimes.attrib=shap_mpd=17_thresh=0.2_docnorm=T_tfidf=T.csv
0.18,0.82,0.0,0.0,0.0,0.0,0.0,200,../../lists/bcms_setimes/list.bcms_setimes.attrib=shap_mpd=17_thresh=0.3_docnorm=F_tfidf=F.csv
0.195,0.795,0.0,0.0,0.0,0.0,0.0,200,../../lists/bcms_setimes/list.bcms_setimes.attrib=shap_mpd=17_thresh=0.3_docnorm=F_tfidf=T.csv
0.44,0.295,0.0,0.0,0.0,0.0,0.0,200,../../lists/bcms_setimes/list.bcms_setimes.attrib=shap_mpd=17_thresh=0.3_docnorm=T_tfidf=F.csv
0.385,0.325,0.0,0.0,0.0,0.0,0.0,200,../../lists/bcms_setimes/list.bcms_setimes.attrib=shap_mpd=17_thresh=0.3_docnorm=T_tfidf=T.csv
0.18,0.82,0.0,0.0,0.0,0.0,0.0,200,../../lists/bcms_setimes/list.bcms_setimes.attrib=shap_mpd=17_thresh=0.4_docnorm=F_tfidf=F.csv
0.195,0.795,0.0,0.0,0.0,0.0,0.0,200,../../lists/bcms_setimes/list.bcms_setimes.attrib=shap_mpd=17_thresh=0.4_docnorm=F_tfidf=T.csv
0.44,0.345,0.0,0.0,0.0,0.0,0.0,200,../../lists/bcms_setimes/list.bcms_setimes.attrib=shap_mpd=17_thresh=0.4_docnorm=T_tfidf=F.csv
0.37,0.35,0.0,0.0,0.0,0.0,0.0,200,../../lists/bcms_setimes/list.bcms_setimes.attrib=shap_mpd=17_thresh=0.4_docnorm=T_tfidf=T.csv
0.18,0.82,0.0,0.0,0.0,0.0,0.0,200,../../lists/bcms_setimes/list.bcms_setimes.attrib=shap_mpd=17_thresh=0.5_docnorm=F_tfidf=F.csv
0.195,0.795,0.0,0.0,0.0,0.0,0.0,200,../../lists/bcms_setimes/list.bcms_setimes.attrib=shap_mpd=17_thresh=0.5_docnorm=F_tfidf=T.csv
0.485,0.36,0.0,0.0,0.0,0.0,0.0,200,../../lists/bcms_setimes/list.bcms_setimes.attrib=shap_mpd=17_thresh=0.5_docnorm=T_tfidf=F.csv
0.355,0.395,0.0,0.0,0.0,0.0,0.0,200,../../lists/bcms_setimes/list.bcms_setimes.attrib=shap_mpd=17_thresh=0.5_docnorm=T_tfidf=T.csv
0.18,0.82,0.0,0.0,0.0,0.0,0.0,200,../../lists/bcms_setimes/list.bcms_setimes.attrib=shap_mpd=17_thresh=0.6_docnorm=F_tfidf=F.csv
0.195,0.795,0.0,0.0,0.0,0.0,0.0,200,../../lists/bcms_setimes/list.bcms_setimes.attrib=shap_mpd=17_thresh=0.6_docnorm=F_tfidf=T.csv
0.47,0.38,0.0,0.0,0.0,0.0,0.0,200,../../lists/bcms_setimes/list.bcms_setimes.attrib=shap_mpd=17_thresh=0.6_docnorm=T_tfidf=F.csv
0.39,0.39,0.0,0.0,0.0,0.0,0.0,200,../../lists/bcms_setimes/list.bcms_setimes.attrib=shap_mpd=17_thresh=0.6_docnorm=T_tfidf=T.csv
0.18,0.82,0.0,0.0,0.0,0.0,0.0,200,../../lists/bcms_setimes/list.bcms_setimes.attrib=shap_mpd=17_thresh=0.7_docnorm=F_tfidf=F.csv
0.195,0.795,0.0,0.0,0.0,0.0,0.0,200,../../lists/bcms_setimes/list.bcms_setimes.attrib=shap_mpd=17_thresh=0.7_docnorm=F_tfidf=T.csv
0.495,0.385,0.0,0.0,0.0,0.0,0.0,200,../../lists/bcms_setimes/list.bcms_setimes.attrib=shap_mpd=17_thresh=0.7_docnorm=T_tfidf=F.csv
0.39,0.41,0.0,0.0,0.0,0.0,0.0,200,../../lists/bcms_setimes/list.bcms_setimes.attrib=shap_mpd=17_thresh=0.7_docnorm=T_tfidf=T.csv
0.18,0.82,0.0,0.0,0.0,0.0,0.0,200,../../lists/bcms_setimes/list.bcms_setimes.attrib=shap_mpd=17_thresh=0.8_docnorm=F_tfidf=F.csv
0.195,0.795,0.0,0.0,0.0,0.0,0.0,200,../../lists/bcms_setimes/list.bcms_setimes.attrib=shap_mpd=17_thresh=0.8_docnorm=F_tfidf=T.csv
0.49,0.4,0.0,0.0,0.0,0.0,0.0,200,../../lists/bcms_setimes/list.bcms_setimes.attrib=shap_mpd=17_thresh=0.8_docnorm=T_tfidf=F.csv
0.425,0.41,0.0,0.0,0.0,0.0,0.0,200,../../lists/bcms_setimes/list.bcms_setimes.attrib=shap_mpd=17_thresh=0.8_docnorm=T_tfidf=T.csv
0.18,0.82,0.0,0.0,0.0,0.0,0.0,200,../../lists/bcms_setimes/list.bcms_setimes.attrib=shap_mpd=17_thresh=0.9_docnorm=F_tfidf=F.csv
0.195,0.795,0.0,0.0,0.0,0.0,0.0,200,../../lists/bcms_setimes/list.bcms_setimes.attrib=shap_mpd=17_thresh=0.9_docnorm=F_tfidf=T.csv
0.48,0.415,0.0,0.0,0.0,0.0,0.0,200,../../lists/bcms_setimes/list.bcms_setimes.attrib=shap_mpd=17_thresh=0.9_docnorm=T_tfidf=F.csv
0.41,0.44,0.0,0.0,0.0,0.0,0.0,200,../../lists/bcms_setimes/list.bcms_setimes.attrib=shap_mpd=17_thresh=0.9_docnorm=T_tfidf=T.csv
0.18,0.82,0.0,0.0,0.0,0.0,0.0,200,../../lists/bcms_setimes/list.bcms_setimes.attrib=shap_mpd=17_thresh=1.0_docnorm=F_tfidf=F.csv
0.195,0.795,0.0,0.0,0.0,0.0,0.0,200,../../lists/bcms_setimes/list.bcms_setimes.attrib=shap_mpd=17_thresh=1.0_docnorm=F_tfidf=T.csv
0.465,0.47,0.0,0.0,0.0,0.0,0.0,200,../../lists/bcms_setimes/list.bcms_setimes.attrib=shap_mpd=17_thresh=1.0_docnorm=T_tfidf=F.csv
0.43,0.475,0.0,0.0,0.0,0.0,0.0,200,../../lists/bcms_setimes/list.bcms_setimes.attrib=shap_mpd=17_thresh=1.0_docnorm=T_tfidf=T.csv
0.18,0.82,0.0,0.0,0.0,0.0,0.0,200,../../lists/bcms_setimes/list.bcms_setimes.attrib=shap_mpd=18_thresh=0.1_docnorm=F_tfidf=F.csv
0.195,0.795,0.0,0.0,0.0,0.0,0.0,200,../../lists/bcms_setimes/list.bcms_setimes.attrib=shap_mpd=18_thresh=0.1_docnorm=F_tfidf=T.csv
0.33,0.12,0.0,0.0,0.0,0.0,0.0,200,../../lists/bcms_setimes/list.bcms_setimes.attrib=shap_mpd=18_thresh=0.1_docnorm=T_tfidf=F.csv
0.255,0.21,0.0,0.0,0.0,0.0,0.0,200,../../lists/bcms_setimes/list.bcms_setimes.attrib=shap_mpd=18_thresh=0.1_docnorm=T_tfidf=T.csv
0.18,0.82,0.0,0.0,0.0,0.0,0.0,200,../../lists/bcms_setimes/list.bcms_setimes.attrib=shap_mpd=18_thresh=0.2_docnorm=F_tfidf=F.csv
0.195,0.795,0.0,0.0,0.0,0.0,0.0,200,../../lists/bcms_setimes/list.bcms_setimes.attrib=shap_mpd=18_thresh=0.2_docnorm=F_tfidf=T.csv
0.42,0.27,0.0,0.0,0.0,0.0,0.0,200,../../lists/bcms_setimes/list.bcms_setimes.attrib=shap_mpd=18_thresh=0.2_docnorm=T_tfidf=F.csv
0.32,0.315,0.0,0.0,0.0,0.0,0.0,200,../../lists/bcms_setimes/list.bcms_setimes.attrib=shap_mpd=18_thresh=0.2_docnorm=T_tfidf=T.csv
0.18,0.82,0.0,0.0,0.0,0.0,0.0,200,../../lists/bcms_setimes/list.bcms_setimes.attrib=shap_mpd=18_thresh=0.3_docnorm=F_tfidf=F.csv
0.195,0.795,0.0,0.0,0.0,0.0,0.0,200,../../lists/bcms_setimes/list.bcms_setimes.attrib=shap_mpd=18_thresh=0.3_docnorm=F_tfidf=T.csv
0.44,0.29,0.0,0.0,0.0,0.0,0.0,200,../../lists/bcms_setimes/list.bcms_setimes.attrib=shap_mpd=18_thresh=0.3_docnorm=T_tfidf=F.csv
0.385,0.325,0.0,0.0,0.0,0.0,0.0,200,../../lists/bcms_setimes/list.bcms_setimes.attrib=shap_mpd=18_thresh=0.3_docnorm=T_tfidf=T.csv
0.18,0.82,0.0,0.0,0.0,0.0,0.0,200,../../lists/bcms_setimes/list.bcms_setimes.attrib=shap_mpd=18_thresh=0.4_docnorm=F_tfidf=F.csv
0.195,0.795,0.0,0.0,0.0,0.0,0.0,200,../../lists/bcms_setimes/list.bcms_setimes.attrib=shap_mpd=18_thresh=0.4_docnorm=F_tfidf=T.csv
0.45,0.335,0.0,0.0,0.0,0.0,0.0,200,../../lists/bcms_setimes/list.bcms_setimes.attrib=shap_mpd=18_thresh=0.4_docnorm=T_tfidf=F.csv
0.37,0.35,0.0,0.0,0.0,0.0,0.0,200,../../lists/bcms_setimes/list.bcms_setimes.attrib=shap_mpd=18_thresh=0.4_docnorm=T_tfidf=T.csv
0.18,0.82,0.0,0.0,0.0,0.0,0.0,200,../../lists/bcms_setimes/list.bcms_setimes.attrib=shap_mpd=18_thresh=0.5_docnorm=F_tfidf=F.csv
0.195,0.795,0.0,0.0,0.0,0.0,0.0,200,../../lists/bcms_setimes/list.bcms_setimes.attrib=shap_mpd=18_thresh=0.5_docnorm=F_tfidf=T.csv
0.485,0.355,0.0,0.0,0.0,0.0,0.0,200,../../lists/bcms_setimes/list.bcms_setimes.attrib=shap_mpd=18_thresh=0.5_docnorm=T_tfidf=F.csv
0.355,0.39,0.0,0.0,0.0,0.0,0.0,200,../../lists/bcms_setimes/list.bcms_setimes.attrib=shap_mpd=18_thresh=0.5_docnorm=T_tfidf=T.csv
0.18,0.82,0.0,0.0,0.0,0.0,0.0,200,../../lists/bcms_setimes/list.bcms_setimes.attrib=shap_mpd=18_thresh=0.6_docnorm=F_tfidf=F.csv
0.195,0.795,0.0,0.0,0.0,0.0,0.0,200,../../lists/bcms_setimes/list.bcms_setimes.attrib=shap_mpd=18_thresh=0.6_docnorm=F_tfidf=T.csv
0.465,0.38,0.0,0.0,0.0,0.0,0.0,200,../../lists/bcms_setimes/list.bcms_setimes.attrib=shap_mpd=18_thresh=0.6_docnorm=T_tfidf=F.csv
0.395,0.39,0.0,0.0,0.0,0.0,0.0,200,../../lists/bcms_setimes/list.bcms_setimes.attrib=shap_mpd=18_thresh=0.6_docnorm=T_tfidf=T.csv
0.18,0.82,0.0,0.0,0.0,0.0,0.0,200,../../lists/bcms_setimes/list.bcms_setimes.attrib=shap_mpd=18_thresh=0.7_docnorm=F_tfidf=F.csv
0.195,0.795,0.0,0.0,0.0,0.0,0.0,200,../../lists/bcms_setimes/list.bcms_setimes.attrib=shap_mpd=18_thresh=0.7_docnorm=F_tfidf=T.csv
0.49,0.39,0.0,0.0,0.0,0.0,0.0,200,../../lists/bcms_setimes/list.bcms_setimes.attrib=shap_mpd=18_thresh=0.7_docnorm=T_tfidf=F.csv
0.395,0.4,0.0,0.0,0.0,0.0,0.0,200,../../lists/bcms_setimes/list.bcms_setimes.attrib=shap_mpd=18_thresh=0.7_docnorm=T_tfidf=T.csv
0.18,0.82,0.0,0.0,0.0,0.0,0.0,200,../../lists/bcms_setimes/list.bcms_setimes.attrib=shap_mpd=18_thresh=0.8_docnorm=F_tfidf=F.csv
0.195,0.795,0.0,0.0,0.0,0.0,0.0,200,../../lists/bcms_setimes/list.bcms_setimes.attrib=shap_mpd=18_thresh=0.8_docnorm=F_tfidf=T.csv
0.485,0.405,0.0,0.0,0.0,0.0,0.0,200,../../lists/bcms_setimes/list.bcms_setimes.attrib=shap_mpd=18_thresh=0.8_docnorm=T_tfidf=F.csv
0.425,0.415,0.0,0.0,0.0,0.0,0.0,200,../../lists/bcms_setimes/list.bcms_setimes.attrib=shap_mpd=18_thresh=0.8_docnorm=T_tfidf=T.csv
0.18,0.82,0.0,0.0,0.0,0.0,0.0,200,../../lists/bcms_setimes/list.bcms_setimes.attrib=shap_mpd=18_thresh=0.9_docnorm=F_tfidf=F.csv
0.195,0.795,0.0,0.0,0.0,0.0,0.0,200,../../lists/bcms_setimes/list.bcms_setimes.attrib=shap_mpd=18_thresh=0.9_docnorm=F_tfidf=T.csv
0.475,0.415,0.0,0.0,0.0,0.0,0.0,200,../../lists/bcms_setimes/list.bcms_setimes.attrib=shap_mpd=18_thresh=0.9_docnorm=T_tfidf=F.csv
0.415,0.435,0.0,0.0,0.0,0.0,0.0,200,../../lists/bcms_setimes/list.bcms_setimes.attrib=shap_mpd=18_thresh=0.9_docnorm=T_tfidf=T.csv
0.18,0.82,0.0,0.0,0.0,0.0,0.0,200,../../lists/bcms_setimes/list.bcms_setimes.attrib=shap_mpd=18_thresh=1.0_docnorm=F_tfidf=F.csv
0.195,0.795,0.0,0.0,0.0,0.0,0.0,200,../../lists/bcms_setimes/list.bcms_setimes.attrib=shap_mpd=18_thresh=1.0_docnorm=F_tfidf=T.csv
0.465,0.465,0.0,0.0,0.0,0.0,0.0,200,../../lists/bcms_setimes/list.bcms_setimes.attrib=shap_mpd=18_thresh=1.0_docnorm=T_tfidf=F.csv
0.435,0.47,0.0,0.0,0.0,0.0,0.0,200,../../lists/bcms_setimes/list.bcms_setimes.attrib=shap_mpd=18_thresh=1.0_docnorm=T_tfidf=T.csv
0.18,0.82,0.0,0.0,0.0,0.0,0.0,200,../../lists/bcms_setimes/list.bcms_setimes.attrib=shap_mpd=19_thresh=0.1_docnorm=F_tfidf=F.csv
0.195,0.795,0.0,0.0,0.0,0.0,0.0,200,../../lists/bcms_setimes/list.bcms_setimes.attrib=shap_mpd=19_thresh=0.1_docnorm=F_tfidf=T.csv
0.33,0.12,0.0,0.0,0.0,0.0,0.0,200,../../lists/bcms_setimes/list.bcms_setimes.attrib=shap_mpd=19_thresh=0.1_docnorm=T_tfidf=F.csv
0.255,0.21,0.0,0.0,0.0,0.0,0.0,200,../../lists/bcms_setimes/list.bcms_setimes.attrib=shap_mpd=19_thresh=0.1_docnorm=T_tfidf=T.csv
0.18,0.82,0.0,0.0,0.0,0.0,0.0,200,../../lists/bcms_setimes/list.bcms_setimes.attrib=shap_mpd=19_thresh=0.2_docnorm=F_tfidf=F.csv
0.195,0.795,0.0,0.0,0.0,0.0,0.0,200,../../lists/bcms_setimes/list.bcms_setimes.attrib=shap_mpd=19_thresh=0.2_docnorm=F_tfidf=T.csv
0.42,0.27,0.0,0.0,0.0,0.0,0.0,200,../../lists/bcms_setimes/list.bcms_setimes.attrib=shap_mpd=19_thresh=0.2_docnorm=T_tfidf=F.csv
0.315,0.32,0.0,0.0,0.0,0.0,0.0,200,../../lists/bcms_setimes/list.bcms_setimes.attrib=shap_mpd=19_thresh=0.2_docnorm=T_tfidf=T.csv
0.18,0.82,0.0,0.0,0.0,0.0,0.0,200,../../lists/bcms_setimes/list.bcms_setimes.attrib=shap_mpd=19_thresh=0.3_docnorm=F_tfidf=F.csv
0.195,0.795,0.0,0.0,0.0,0.0,0.0,200,../../lists/bcms_setimes/list.bcms_setimes.attrib=shap_mpd=19_thresh=0.3_docnorm=F_tfidf=T.csv
0.435,0.295,0.0,0.0,0.0,0.0,0.0,200,../../lists/bcms_setimes/list.bcms_setimes.attrib=shap_mpd=19_thresh=0.3_docnorm=T_tfidf=F.csv
0.38,0.325,0.0,0.0,0.0,0.0,0.0,200,../../lists/bcms_setimes/list.bcms_setimes.attrib=shap_mpd=19_thresh=0.3_docnorm=T_tfidf=T.csv
0.18,0.82,0.0,0.0,0.0,0.0,0.0,200,../../lists/bcms_setimes/list.bcms_setimes.attrib=shap_mpd=19_thresh=0.4_docnorm=F_tfidf=F.csv
0.195,0.795,0.0,0.0,0.0,0.0,0.0,200,../../lists/bcms_setimes/list.bcms_setimes.attrib=shap_mpd=19_thresh=0.4_docnorm=F_tfidf=T.csv
0.45,0.33,0.0,0.0,0.0,0.0,0.0,200,../../lists/bcms_setimes/list.bcms_setimes.attrib=shap_mpd=19_thresh=0.4_docnorm=T_tfidf=F.csv
0.37,0.35,0.0,0.0,0.0,0.0,0.0,200,../../lists/bcms_setimes/list.bcms_setimes.attrib=shap_mpd=19_thresh=0.4_docnorm=T_tfidf=T.csv
0.18,0.82,0.0,0.0,0.0,0.0,0.0,200,../../lists/bcms_setimes/list.bcms_setimes.attrib=shap_mpd=19_thresh=0.5_docnorm=F_tfidf=F.csv
0.195,0.795,0.0,0.0,0.0,0.0,0.0,200,../../lists/bcms_setimes/list.bcms_setimes.attrib=shap_mpd=19_thresh=0.5_docnorm=F_tfidf=T.csv
0.485,0.355,0.0,0.0,0.0,0.0,0.0,200,../../lists/bcms_setimes/list.bcms_setimes.attrib=shap_mpd=19_thresh=0.5_docnorm=T_tfidf=F.csv
0.355,0.385,0.0,0.0,0.0,0.0,0.0,200,../../lists/bcms_setimes/list.bcms_setimes.attrib=shap_mpd=19_thresh=0.5_docnorm=T_tfidf=T.csv
0.18,0.82,0.0,0.0,0.0,0.0,0.0,200,../../lists/bcms_setimes/list.bcms_setimes.attrib=shap_mpd=19_thresh=0.6_docnorm=F_tfidf=F.csv
0.195,0.795,0.0,0.0,0.0,0.0,0.0,200,../../lists/bcms_setimes/list.bcms_setimes.attrib=shap_mpd=19_thresh=0.6_docnorm=F_tfidf=T.csv
0.46,0.385,0.0,0.0,0.0,0.0,0.0,200,../../lists/bcms_setimes/list.bcms_setimes.attrib=shap_mpd=19_thresh=0.6_docnorm=T_tfidf=F.csv
0.39,0.395,0.0,0.0,0.0,0.0,0.0,200,../../lists/bcms_setimes/list.bcms_setimes.attrib=shap_mpd=19_thresh=0.6_docnorm=T_tfidf=T.csv
0.18,0.82,0.0,0.0,0.0,0.0,0.0,200,../../lists/bcms_setimes/list.bcms_setimes.attrib=shap_mpd=19_thresh=0.7_docnorm=F_tfidf=F.csv
0.195,0.795,0.0,0.0,0.0,0.0,0.0,200,../../lists/bcms_setimes/list.bcms_setimes.attrib=shap_mpd=19_thresh=0.7_docnorm=F_tfidf=T.csv
0.48,0.395,0.0,0.0,0.0,0.0,0.0,200,../../lists/bcms_setimes/list.bcms_setimes.attrib=shap_mpd=19_thresh=0.7_docnorm=T_tfidf=F.csv
0.385,0.41,0.0,0.0,0.0,0.0,0.0,200,../../lists/bcms_setimes/list.bcms_setimes.attrib=shap_mpd=19_thresh=0.7_docnorm=T_tfidf=T.csv
0.18,0.82,0.0,0.0,0.0,0.0,0.0,200,../../lists/bcms_setimes/list.bcms_setimes.attrib=shap_mpd=19_thresh=0.8_docnorm=F_tfidf=F.csv
0.195,0.795,0.0,0.0,0.0,0.0,0.0,200,../../lists/bcms_setimes/list.bcms_setimes.attrib=shap_mpd=19_thresh=0.8_docnorm=F_tfidf=T.csv
0.485,0.405,0.0,0.0,0.0,0.0,0.0,200,../../lists/bcms_setimes/list.bcms_setimes.attrib=shap_mpd=19_thresh=0.8_docnorm=T_tfidf=F.csv
0.42,0.415,0.0,0.0,0.0,0.0,0.0,200,../../lists/bcms_setimes/list.bcms_setimes.attrib=shap_mpd=19_thresh=0.8_docnorm=T_tfidf=T.csv
0.18,0.82,0.0,0.0,0.0,0.0,0.0,200,../../lists/bcms_setimes/list.bcms_setimes.attrib=shap_mpd=19_thresh=0.9_docnorm=F_tfidf=F.csv
0.195,0.795,0.0,0.0,0.0,0.0,0.0,200,../../lists/bcms_setimes/list.bcms_setimes.attrib=shap_mpd=19_thresh=0.9_docnorm=F_tfidf=T.csv
0.475,0.41,0.0,0.0,0.0,0.0,0.0,200,../../lists/bcms_setimes/list.bcms_setimes.attrib=shap_mpd=19_thresh=0.9_docnorm=T_tfidf=F.csv
0.415,0.435,0.0,0.0,0.0,0.0,0.0,200,../../lists/bcms_setimes/list.bcms_setimes.attrib=shap_mpd=19_thresh=0.9_docnorm=T_tfidf=T.csv
0.18,0.82,0.0,0.0,0.0,0.0,0.0,200,../../lists/bcms_setimes/list.bcms_setimes.attrib=shap_mpd=19_thresh=1.0_docnorm=F_tfidf=F.csv
0.195,0.795,0.0,0.0,0.0,0.0,0.0,200,../../lists/bcms_setimes/list.bcms_setimes.attrib=shap_mpd=19_thresh=1.0_docnorm=F_tfidf=T.csv
0.465,0.47,0.0,0.0,0.0,0.0,0.0,200,../../lists/bcms_setimes/list.bcms_setimes.attrib=shap_mpd=19_thresh=1.0_docnorm=T_tfidf=F.csv
0.435,0.47,0.0,0.0,0.0,0.0,0.0,200,../../lists/bcms_setimes/list.bcms_setimes.attrib=shap_mpd=19_thresh=1.0_docnorm=T_tfidf=T.csv
0.22,0.775,0.0,0.0,0.0,0.0,0.0,200,../../lists/bcms_setimes/list.bcms_setimes.attrib=shap_mpd=1_thresh=0.1_docnorm=F_tfidf=F.csv
0.24,0.745,0.0,0.0,0.0,0.0,0.0,200,../../lists/bcms_setimes/list.bcms_setimes.attrib=shap_mpd=1_thresh=0.1_docnorm=F_tfidf=T.csv
0.37,0.215,0.0,0.0,0.0,0.0,0.0,200,../../lists/bcms_setimes/list.bcms_setimes.attrib=shap_mpd=1_thresh=0.1_docnorm=T_tfidf=F.csv
0.275,0.32,0.0,0.0,0.0,0.0,0.0,200,../../lists/bcms_setimes/list.bcms_setimes.attrib=shap_mpd=1_thresh=0.1_docnorm=T_tfidf=T.csv
0.22,0.775,0.0,0.0,0.0,0.0,0.0,200,../../lists/bcms_setimes/list.bcms_setimes.attrib=shap_mpd=1_thresh=0.2_docnorm=F_tfidf=F.csv
0.24,0.745,0.0,0.0,0.0,0.0,0.0,200,../../lists/bcms_setimes/list.bcms_setimes.attrib=shap_mpd=1_thresh=0.2_docnorm=F_tfidf=T.csv
0.425,0.395,0.0,0.0,0.0,0.0,0.0,200,../../lists/bcms_setimes/list.bcms_setimes.attrib=shap_mpd=1_thresh=0.2_docnorm=T_tfidf=F.csv
0.35,0.38,0.0,0.0,0.0,0.0,0.0,200,../../lists/bcms_setimes/list.bcms_setimes.attrib=shap_mpd=1_thresh=0.2_docnorm=T_tfidf=T.csv
0.22,0.775,0.0,0.0,0.0,0.0,0.0,200,../../lists/bcms_setimes/list.bcms_setimes.attrib=shap_mpd=1_thresh=0.3_docnorm=F_tfidf=F.csv
0.24,0.745,0.0,0.0,0.0,0.0,0.0,200,../../lists/bcms_setimes/list.bcms_setimes.attrib=shap_mpd=1_thresh=0.3_docnorm=F_tfidf=T.csv
0.375,0.455,0.0,0.0,0.0,0.0,0.0,200,../../lists/bcms_setimes/list.bcms_setimes.attrib=shap_mpd=1_thresh=0.3_docnorm=T_tfidf=F.csv
0.29,0.47,0.0,0.0,0.0,0.0,0.0,200,../../lists/bcms_setimes/list.bcms_setimes.attrib=shap_mpd=1_thresh=0.3_docnorm=T_tfidf=T.csv
0.22,0.775,0.0,0.0,0.0,0.0,0.0,200,../../lists/bcms_setimes/list.bcms_setimes.attrib=shap_mpd=1_thresh=0.4_docnorm=F_tfidf=F.csv
0.24,0.745,0.0,0.0,0.0,0.0,0.0,200,../../lists/bcms_setimes/list.bcms_setimes.attrib=shap_mpd=1_thresh=0.4_docnorm=F_tfidf=T.csv
0.36,0.49,0.0,0.0,0.0,0.0,0.0,200,../../lists/bcms_setimes/list.bcms_setimes.attrib=shap_mpd=1_thresh=0.4_docnorm=T_tfidf=F.csv
0.335,0.49,0.0,0.0,0.0,0.0,0.0,200,../../lists/bcms_setimes/list.bcms_setimes.attrib=shap_mpd=1_thresh=0.4_docnorm=T_tfidf=T.csv
0.22,0.775,0.0,0.0,0.0,0.0,0.0,200,../../lists/bcms_setimes/list.bcms_setimes.attrib=shap_mpd=1_thresh=0.5_docnorm=F_tfidf=F.csv
0.24,0.745,0.0,0.0,0.0,0.0,0.0,200,../../lists/bcms_setimes/list.bcms_setimes.attrib=shap_mpd=1_thresh=0.5_docnorm=F_tfidf=T.csv
0.355,0.515,0.0,0.0,0.0,0.0,0.0,200,../../lists/bcms_setimes/list.bcms_setimes.attrib=shap_mpd=1_thresh=0.5_docnorm=T_tfidf=F.csv
0.36,0.505,0.0,0.0,0.0,0.0,0.0,200,../../lists/bcms_setimes/list.bcms_setimes.attrib=shap_mpd=1_thresh=0.5_docnorm=T_tfidf=T.csv
0.22,0.775,0.0,0.0,0.0,0.0,0.0,200,../../lists/bcms_setimes/list.bcms_setimes.attrib=shap_mpd=1_thresh=0.6_docnorm=F_tfidf=F.csv
0.24,0.745,0.0,0.0,0.0,0.0,0.0,200,../../lists/bcms_setimes/list.bcms_setimes.attrib=shap_mpd=1_thresh=0.6_docnorm=F_tfidf=T.csv
0.39,0.505,0.0,0.0,0.0,0.0,0.0,200,../../lists/bcms_setimes/list.bcms_setimes.attrib=shap_mpd=1_thresh=0.6_docnorm=T_tfidf=F.csv
0.39,0.49,0.0,0.0,0.0,0.0,0.0,200,../../lists/bcms_setimes/list.bcms_setimes.attrib=shap_mpd=1_thresh=0.6_docnorm=T_tfidf=T.csv
0.22,0.775,0.0,0.0,0.0,0.0,0.0,200,../../lists/bcms_setimes/list.bcms_setimes.attrib=shap_mpd=1_thresh=0.7_docnorm=F_tfidf=F.csv
0.24,0.745,0.0,0.0,0.0,0.0,0.0,200,../../lists/bcms_setimes/list.bcms_setimes.attrib=shap_mpd=1_thresh=0.7_docnorm=F_tfidf=T.csv
0.435,0.505,0.0,0.0,0.0,0.0,0.0,200,../../lists/bcms_setimes/list.bcms_setimes.attrib=shap_mpd=1_thresh=0.7_docnorm=T_tfidf=F.csv
0.38,0.53,0.0,0.0,0.0,0.0,0.0,200,../../lists/bcms_setimes/list.bcms_setimes.attrib=shap_mpd=1_thresh=0.7_docnorm=T_tfidf=T.csv
0.22,0.775,0.0,0.0,0.0,0.0,0.0,200,../../lists/bcms_setimes/list.bcms_setimes.attrib=shap_mpd=1_thresh=0.8_docnorm=F_tfidf=F.csv
0.24,0.745,0.0,0.0,0.0,0.0,0.0,200,../../lists/bcms_setimes/list.bcms_setimes.attrib=shap_mpd=1_thresh=0.8_docnorm=F_tfidf=T.csv
0.41,0.55,0.0,0.0,0.0,0.0,0.0,200,../../lists/bcms_setimes/list.bcms_setimes.attrib=shap_mpd=1_thresh=0.8_docnorm=T_tfidf=F.csv
0.46,0.48,0.0,0.0,0.0,0.0,0.0,200,../../lists/bcms_setimes/list.bcms_setimes.attrib=shap_mpd=1_thresh=0.8_docnorm=T_tfidf=T.csv
0.22,0.775,0.0,0.0,0.0,0.0,0.0,200,../../lists/bcms_setimes/list.bcms_setimes.attrib=shap_mpd=1_thresh=0.9_docnorm=F_tfidf=F.csv
0.24,0.745,0.0,0.0,0.0,0.0,0.0,200,../../lists/bcms_setimes/list.bcms_setimes.attrib=shap_mpd=1_thresh=0.9_docnorm=F_tfidf=T.csv
0.39,0.57,0.0,0.0,0.0,0.0,0.0,200,../../lists/bcms_setimes/list.bcms_setimes.attrib=shap_mpd=1_thresh=0.9_docnorm=T_tfidf=F.csv
0.44,0.51,0.0,0.0,0.0,0.0,0.0,200,../../lists/bcms_setimes/list.bcms_setimes.attrib=shap_mpd=1_thresh=0.9_docnorm=T_tfidf=T.csv
0.235,0.765,0.0,0.0,0.0,0.0,0.0,200,../../lists/bcms_setimes/list.bcms_setimes.attrib=shap_mpd=1_thresh=1.0_docnorm=F_tfidf=F.csv
0.245,0.755,0.0,0.0,0.0,0.0,0.0,200,../../lists/bcms_setimes/list.bcms_setimes.attrib=shap_mpd=1_thresh=1.0_docnorm=F_tfidf=T.csv
0.255,0.74,0.0,0.0,0.0,0.0,0.0,200,../../lists/bcms_setimes/list.bcms_setimes.attrib=shap_mpd=1_thresh=1.0_docnorm=T_tfidf=F.csv
0.275,0.72,0.0,0.0,0.0,0.0,0.0,200,../../lists/bcms_setimes/list.bcms_setimes.attrib=shap_mpd=1_thresh=1.0_docnorm=T_tfidf=T.csv
0.18,0.82,0.0,0.0,0.0,0.0,0.0,200,../../lists/bcms_setimes/list.bcms_setimes.attrib=shap_mpd=20_thresh=0.1_docnorm=F_tfidf=F.csv
0.195,0.795,0.0,0.0,0.0,0.0,0.0,200,../../lists/bcms_setimes/list.bcms_setimes.attrib=shap_mpd=20_thresh=0.1_docnorm=F_tfidf=T.csv
0.33,0.12,0.0,0.0,0.0,0.0,0.0,200,../../lists/bcms_setimes/list.bcms_setimes.attrib=shap_mpd=20_thresh=0.1_docnorm=T_tfidf=F.csv
0.255,0.21,0.0,0.0,0.0,0.0,0.0,200,../../lists/bcms_setimes/list.bcms_setimes.attrib=shap_mpd=20_thresh=0.1_docnorm=T_tfidf=T.csv
0.18,0.82,0.0,0.0,0.0,0.0,0.0,200,../../lists/bcms_setimes/list.bcms_setimes.attrib=shap_mpd=20_thresh=0.2_docnorm=F_tfidf=F.csv
0.195,0.795,0.0,0.0,0.0,0.0,0.0,200,../../lists/bcms_setimes/list.bcms_setimes.attrib=shap_mpd=20_thresh=0.2_docnorm=F_tfidf=T.csv
0.415,0.27,0.0,0.0,0.0,0.0,0.0,200,../../lists/bcms_setimes/list.bcms_setimes.attrib=shap_mpd=20_thresh=0.2_docnorm=T_tfidf=F.csv
0.315,0.32,0.0,0.0,0.0,0.0,0.0,200,../../lists/bcms_setimes/list.bcms_setimes.attrib=shap_mpd=20_thresh=0.2_docnorm=T_tfidf=T.csv
0.18,0.82,0.0,0.0,0.0,0.0,0.0,200,../../lists/bcms_setimes/list.bcms_setimes.attrib=shap_mpd=20_thresh=0.3_docnorm=F_tfidf=F.csv
0.195,0.795,0.0,0.0,0.0,0.0,0.0,200,../../lists/bcms_setimes/list.bcms_setimes.attrib=shap_mpd=20_thresh=0.3_docnorm=F_tfidf=T.csv
0.44,0.29,0.0,0.0,0.0,0.0,0.0,200,../../lists/bcms_setimes/list.bcms_setimes.attrib=shap_mpd=20_thresh=0.3_docnorm=T_tfidf=F.csv
0.39,0.32,0.0,0.0,0.0,0.0,0.0,200,../../lists/bcms_setimes/list.bcms_setimes.attrib=shap_mpd=20_thresh=0.3_docnorm=T_tfidf=T.csv
0.18,0.82,0.0,0.0,0.0,0.0,0.0,200,../../lists/bcms_setimes/list.bcms_setimes.attrib=shap_mpd=20_thresh=0.4_docnorm=F_tfidf=F.csv
0.195,0.795,0.0,0.0,0.0,0.0,0.0,200,../../lists/bcms_setimes/list.bcms_setimes.attrib=shap_mpd=20_thresh=0.4_docnorm=F_tfidf=T.csv
0.45,0.33,0.0,0.0,0.0,0.0,0.0,200,../../lists/bcms_setimes/list.bcms_setimes.attrib=shap_mpd=20_thresh=0.4_docnorm=T_tfidf=F.csv
0.37,0.35,0.0,0.0,0.0,0.0,0.0,200,../../lists/bcms_setimes/list.bcms_setimes.attrib=shap_mpd=20_thresh=0.4_docnorm=T_tfidf=T.csv
0.18,0.82,0.0,0.0,0.0,0.0,0.0,200,../../lists/bcms_setimes/list.bcms_setimes.attrib=shap_mpd=20_thresh=0.5_docnorm=F_tfidf=F.csv
0.195,0.795,0.0,0.0,0.0,0.0,0.0,200,../../lists/bcms_setimes/list.bcms_setimes.attrib=shap_mpd=20_thresh=0.5_docnorm=F_tfidf=T.csv
0.485,0.355,0.0,0.0,0.0,0.0,0.0,200,../../lists/bcms_setimes/list.bcms_setimes.attrib=shap_mpd=20_thresh=0.5_docnorm=T_tfidf=F.csv
0.36,0.385,0.0,0.0,0.0,0.0,0.0,200,../../lists/bcms_setimes/list.bcms_setimes.attrib=shap_mpd=20_thresh=0.5_docnorm=T_tfidf=T.csv
0.18,0.82,0.0,0.0,0.0,0.0,0.0,200,../../lists/bcms_setimes/list.bcms_setimes.attrib=shap_mpd=20_thresh=0.6_docnorm=F_tfidf=F.csv
0.195,0.795,0.0,0.0,0.0,0.0,0.0,200,../../lists/bcms_setimes/list.bcms_setimes.attrib=shap_mpd=20_thresh=0.6_docnorm=F_tfidf=T.csv
0.47,0.38,0.0,0.0,0.0,0.0,0.0,200,../../lists/bcms_setimes/list.bcms_setimes.attrib=shap_mpd=20_thresh=0.6_docnorm=T_tfidf=F.csv
0.38,0.4,0.0,0.0,0.0,0.0,0.0,200,../../lists/bcms_setimes/list.bcms_setimes.attrib=shap_mpd=20_thresh=0.6_docnorm=T_tfidf=T.csv
0.18,0.82,0.0,0.0,0.0,0.0,0.0,200,../../lists/bcms_setimes/list.bcms_setimes.attrib=shap_mpd=20_thresh=0.7_docnorm=F_tfidf=F.csv
0.195,0.795,0.0,0.0,0.0,0.0,0.0,200,../../lists/bcms_setimes/list.bcms_setimes.attrib=shap_mpd=20_thresh=0.7_docnorm=F_tfidf=T.csv
0.48,0.395,0.0,0.0,0.0,0.0,0.0,200,../../lists/bcms_setimes/list.bcms_setimes.attrib=shap_mpd=20_thresh=0.7_docnorm=T_tfidf=F.csv
0.385,0.415,0.0,0.0,0.0,0.0,0.0,200,../../lists/bcms_setimes/list.bcms_setimes.attrib=shap_mpd=20_thresh=0.7_docnorm=T_tfidf=T.csv
0.18,0.82,0.0,0.0,0.0,0.0,0.0,200,../../lists/bcms_setimes/list.bcms_setimes.attrib=shap_mpd=20_thresh=0.8_docnorm=F_tfidf=F.csv
0.195,0.795,0.0,0.0,0.0,0.0,0.0,200,../../lists/bcms_setimes/list.bcms_setimes.attrib=shap_mpd=20_thresh=0.8_docnorm=F_tfidf=T.csv
0.485,0.405,0.0,0.0,0.0,0.0,0.0,200,../../lists/bcms_setimes/list.bcms_setimes.attrib=shap_mpd=20_thresh=0.8_docnorm=T_tfidf=F.csv
0.425,0.41,0.0,0.0,0.0,0.0,0.0,200,../../lists/bcms_setimes/list.bcms_setimes.attrib=shap_mpd=20_thresh=0.8_docnorm=T_tfidf=T.csv
0.18,0.82,0.0,0.0,0.0,0.0,0.0,200,../../lists/bcms_setimes/list.bcms_setimes.attrib=shap_mpd=20_thresh=0.9_docnorm=F_tfidf=F.csv
0.195,0.795,0.0,0.0,0.0,0.0,0.0,200,../../lists/bcms_setimes/list.bcms_setimes.attrib=shap_mpd=20_thresh=0.9_docnorm=F_tfidf=T.csv
0.475,0.41,0.0,0.0,0.0,0.0,0.0,200,../../lists/bcms_setimes/list.bcms_setimes.attrib=shap_mpd=20_thresh=0.9_docnorm=T_tfidf=F.csv
0.415,0.435,0.0,0.0,0.0,0.0,0.0,200,../../lists/bcms_setimes/list.bcms_setimes.attrib=shap_mpd=20_thresh=0.9_docnorm=T_tfidf=T.csv
0.18,0.82,0.0,0.0,0.0,0.0,0.0,200,../../lists/bcms_setimes/list.bcms_setimes.attrib=shap_mpd=20_thresh=1.0_docnorm=F_tfidf=F.csv
0.195,0.795,0.0,0.0,0.0,0.0,0.0,200,../../lists/bcms_setimes/list.bcms_setimes.attrib=shap_mpd=20_thresh=1.0_docnorm=F_tfidf=T.csv
0.465,0.47,0.0,0.0,0.0,0.0,0.0,200,../../lists/bcms_setimes/list.bcms_setimes.attrib=shap_mpd=20_thresh=1.0_docnorm=T_tfidf=F.csv
0.445,0.46,0.0,0.0,0.0,0.0,0.0,200,../../lists/bcms_setimes/list.bcms_setimes.attrib=shap_mpd=20_thresh=1.0_docnorm=T_tfidf=T.csv
0.205,0.79,0.0,0.0,0.0,0.0,0.0,200,../../lists/bcms_setimes/list.bcms_setimes.attrib=shap_mpd=2_thresh=0.1_docnorm=F_tfidf=F.csv
0.215,0.775,0.0,0.0,0.0,0.0,0.0,200,../../lists/bcms_setimes/list.bcms_setimes.attrib=shap_mpd=2_thresh=0.1_docnorm=F_tfidf=T.csv
0.315,0.19,0.0,0.0,0.0,0.0,0.0,200,../../lists/bcms_setimes/list.bcms_setimes.attrib=shap_mpd=2_thresh=0.1_docnorm=T_tfidf=F.csv
0.22,0.315,0.0,0.0,0.0,0.0,0.0,200,../../lists/bcms_setimes/list.bcms_setimes.attrib=shap_mpd=2_thresh=0.1_docnorm=T_tfidf=T.csv
0.205,0.79,0.0,0.0,0.0,0.0,0.0,200,../../lists/bcms_setimes/list.bcms_setimes.attrib=shap_mpd=2_thresh=0.2_docnorm=F_tfidf=F.csv
0.215,0.775,0.0,0.0,0.0,0.0,0.0,200,../../lists/bcms_setimes/list.bcms_setimes.attrib=shap_mpd=2_thresh=0.2_docnorm=F_tfidf=T.csv
0.425,0.34,0.0,0.0,0.0,0.0,0.0,200,../../lists/bcms_setimes/list.bcms_setimes.attrib=shap_mpd=2_thresh=0.2_docnorm=T_tfidf=F.csv
0.305,0.36,0.0,0.0,0.0,0.0,0.0,200,../../lists/bcms_setimes/list.bcms_setimes.attrib=shap_mpd=2_thresh=0.2_docnorm=T_tfidf=T.csv
0.205,0.79,0.0,0.0,0.0,0.0,0.0,200,../../lists/bcms_setimes/list.bcms_setimes.attrib=shap_mpd=2_thresh=0.3_docnorm=F_tfidf=F.csv
0.215,0.775,0.0,0.0,0.0,0.0,0.0,200,../../lists/bcms_setimes/list.bcms_setimes.attrib=shap_mpd=2_thresh=0.3_docnorm=F_tfidf=T.csv
0.465,0.36,0.0,0.0,0.0,0.0,0.0,200,../../lists/bcms_setimes/list.bcms_setimes.attrib=shap_mpd=2_thresh=0.3_docnorm=T_tfidf=F.csv
0.33,0.42,0.0,0.0,0.0,0.0,0.0,200,../../lists/bcms_setimes/list.bcms_setimes.attrib=shap_mpd=2_thresh=0.3_docnorm=T_tfidf=T.csv
0.205,0.79,0.0,0.0,0.0,0.0,0.0,200,../../lists/bcms_setimes/list.bcms_setimes.attrib=shap_mpd=2_thresh=0.4_docnorm=F_tfidf=F.csv
0.215,0.775,0.0,0.0,0.0,0.0,0.0,200,../../lists/bcms_setimes/list.bcms_setimes.attrib=shap_mpd=2_thresh=0.4_docnorm=F_tfidf=T.csv
0.415,0.435,0.0,0.0,0.0,0.0,0.0,200,../../lists/bcms_setimes/list.bcms_setimes.attrib=shap_mpd=2_thresh=0.4_docnorm=T_tfidf=F.csv
0.345,0.44,0.0,0.0,0.0,0.0,0.0,200,../../lists/bcms_setimes/list.bcms_setimes.attrib=shap_mpd=2_thresh=0.4_docnorm=T_tfidf=T.csv
0.205,0.79,0.0,0.0,0.0,0.0,0.0,200,../../lists/bcms_setimes/list.bcms_setimes.attrib=shap_mpd=2_thresh=0.5_docnorm=F_tfidf=F.csv
0.215,0.775,0.0,0.0,0.0,0.0,0.0,200,../../lists/bcms_setimes/list.bcms_setimes.attrib=shap_mpd=2_thresh=0.5_docnorm=F_tfidf=T.csv
0.37,0.48,0.0,0.0,0.0,0.0,0.0,200,../../lists/bcms_setimes/list.bcms_setimes.attrib=shap_mpd=2_thresh=0.5_docnorm=T_tfidf=F.csv
0.33,0.485,0.0,0.0,0.0,0.0,0.0,200,../../lists/bcms_setimes/list.bcms_setimes.attrib=shap_mpd=2_thresh=0.5_docnorm=T_tfidf=T.csv
0.205,0.79,0.0,0.0,0.0,0.0,0.0,200,../../lists/bcms_setimes/list.bcms_setimes.attrib=shap_mpd=2_thresh=0.6_docnorm=F_tfidf=F.csv
0.215,0.775,0.0,0.0,0.0,0.0,0.0,200,../../lists/bcms_setimes/list.bcms_setimes.attrib=shap_mpd=2_thresh=0.6_docnorm=F_tfidf=T.csv
0.395,0.495,0.0,0.0,0.0,0.0,0.0,200,../../lists/bcms_setimes/list.bcms_setimes.attrib=shap_mpd=2_thresh=0.6_docnorm=T_tfidf=F.csv
0.33,0.525,0.0,0.0,0.0,0.0,0.0,200,../../lists/bcms_setimes/list.bcms_setimes.attrib=shap_mpd=2_thresh=0.6_docnorm=T_tfidf=T.csv
0.205,0.79,0.0,0.0,0.0,0.0,0.0,200,../../lists/bcms_setimes/list.bcms_setimes.attrib=shap_mpd=2_thresh=0.7_docnorm=F_tfidf=F.csv
0.215,0.775,0.0,0.0,0.0,0.0,0.0,200,../../lists/bcms_setimes/list.bcms_setimes.attrib=shap_mpd=2_thresh=0.7_docnorm=F_tfidf=T.csv
0.395,0.505,0.0,0.0,0.0,0.0,0.0,200,../../lists/bcms_setimes/list.bcms_setimes.attrib=shap_mpd=2_thresh=0.7_docnorm=T_tfidf=F.csv
0.39,0.48,0.0,0.0,0.0,0.0,0.0,200,../../lists/bcms_setimes/list.bcms_setimes.attrib=shap_mpd=2_thresh=0.7_docnorm=T_tfidf=T.csv
0.205,0.79,0.0,0.0,0.0,0.0,0.0,200,../../lists/bcms_setimes/list.bcms_setimes.attrib=shap_mpd=2_thresh=0.8_docnorm=F_tfidf=F.csv
0.215,0.775,0.0,0.0,0.0,0.0,0.0,200,../../lists/bcms_setimes/list.bcms_setimes.attrib=shap_mpd=2_thresh=0.8_docnorm=F_tfidf=T.csv
0.405,0.505,0.0,0.0,0.0,0.0,0.0,200,../../lists/bcms_setimes/list.bcms_setimes.attrib=shap_mpd=2_thresh=0.8_docnorm=T_tfidf=F.csv
0.4,0.49,0.0,0.0,0.0,0.0,0.0,200,../../lists/bcms_setimes/list.bcms_setimes.attrib=shap_mpd=2_thresh=0.8_docnorm=T_tfidf=T.csv
0.205,0.79,0.0,0.0,0.0,0.0,0.0,200,../../lists/bcms_setimes/list.bcms_setimes.attrib=shap_mpd=2_thresh=0.9_docnorm=F_tfidf=F.csv
0.215,0.775,0.0,0.0,0.0,0.0,0.0,200,../../lists/bcms_setimes/list.bcms_setimes.attrib=shap_mpd=2_thresh=0.9_docnorm=F_tfidf=T.csv
0.405,0.545,0.0,0.0,0.0,0.0,0.0,200,../../lists/bcms_setimes/list.bcms_setimes.attrib=shap_mpd=2_thresh=0.9_docnorm=T_tfidf=F.csv
0.425,0.505,0.0,0.0,0.0,0.0,0.0,200,../../lists/bcms_setimes/list.bcms_setimes.attrib=shap_mpd=2_thresh=0.9_docnorm=T_tfidf=T.csv
0.21,0.785,0.0,0.0,0.0,0.0,0.0,200,../../lists/bcms_setimes/list.bcms_setimes.attrib=shap_mpd=2_thresh=1.0_docnorm=F_tfidf=F.csv
0.215,0.775,0.0,0.0,0.0,0.0,0.0,200,../../lists/bcms_setimes/list.bcms_setimes.attrib=shap_mpd=2_thresh=1.0_docnorm=F_tfidf=T.csv
0.355,0.62,0.0,0.0,0.0,0.0,0.0,200,../../lists/bcms_setimes/list.bcms_setimes.attrib=shap_mpd=2_thresh=1.0_docnorm=T_tfidf=F.csv
0.345,0.625,0.0,0.0,0.0,0.0,0.0,200,../../lists/bcms_setimes/list.bcms_setimes.attrib=shap_mpd=2_thresh=1.0_docnorm=T_tfidf=T.csv
0.2,0.795,0.0,0.0,0.0,0.0,0.0,200,../../lists/bcms_setimes/list.bcms_setimes.attrib=shap_mpd=3_thresh=0.1_docnorm=F_tfidf=F.csv
0.205,0.785,0.0,0.0,0.0,0.0,0.0,200,../../lists/bcms_setimes/list.bcms_setimes.attrib=shap_mpd=3_thresh=0.1_docnorm=F_tfidf=T.csv
0.315,0.165,0.0,0.0,0.0,0.0,0.0,200,../../lists/bcms_setimes/list.bcms_setimes.attrib=shap_mpd=3_thresh=0.1_docnorm=T_tfidf=F.csv
0.225,0.28,0.0,0.0,0.0,0.0,0.0,200,../../lists/bcms_setimes/list.bcms_setimes.attrib=shap_mpd=3_thresh=0.1_docnorm=T_tfidf=T.csv
0.2,0.795,0.0,0.0,0.0,0.0,0.0,200,../../lists/bcms_setimes/list.bcms_setimes.attrib=shap_mpd=3_thresh=0.2_docnorm=F_tfidf=F.csv
0.205,0.785,0.0,0.0,0.0,0.0,0.0,200,../../lists/bcms_setimes/list.bcms_setimes.attrib=shap_mpd=3_thresh=0.2_docnorm=F_tfidf=T.csv
0.48,0.315,0.0,0.0,0.0,0.0,0.0,200,../../lists/bcms_setimes/list.bcms_setimes.attrib=shap_mpd=3_thresh=0.2_docnorm=T_tfidf=F.csv
0.325,0.37,0.0,0.0,0.0,0.0,0.0,200,../../lists/bcms_setimes/list.bcms_setimes.attrib=shap_mpd=3_thresh=0.2_docnorm=T_tfidf=T.csv
0.2,0.795,0.0,0.0,0.0,0.0,0.0,200,../../lists/bcms_setimes/list.bcms_setimes.attrib=shap_mpd=3_thresh=0.3_docnorm=F_tfidf=F.csv
0.205,0.785,0.0,0.0,0.0,0.0,0.0,200,../../lists/bcms_setimes/list.bcms_setimes.attrib=shap_mpd=3_thresh=0.3_docnorm=F_tfidf=T.csv
0.445,0.33,0.0,0.0,0.0,0.0,0.0,200,../../lists/bcms_setimes/list.bcms_setimes.attrib=shap_mpd=3_thresh=0.3_docnorm=T_tfidf=F.csv
0.36,0.35,0.0,0.0,0.0,0.0,0.0,200,../../lists/bcms_setimes/list.bcms_setimes.attrib=shap_mpd=3_thresh=0.3_docnorm=T_tfidf=T.csv
0.2,0.795,0.0,0.0,0.0,0.0,0.0,200,../../lists/bcms_setimes/list.bcms_setimes.attrib=shap_mpd=3_thresh=0.4_docnorm=F_tfidf=F.csv
0.205,0.785,0.0,0.0,0.0,0.0,0.0,200,../../lists/bcms_setimes/list.bcms_setimes.attrib=shap_mpd=3_thresh=0.4_docnorm=F_tfidf=T.csv
0.42,0.425,0.0,0.0,0.0,0.0,0.0,200,../../lists/bcms_setimes/list.bcms_setimes.attrib=shap_mpd=3_thresh=0.4_docnorm=T_tfidf=F.csv
0.335,0.43,0.0,0.0,0.0,0.0,0.0,200,../../lists/bcms_setimes/list.bcms_setimes.attrib=shap_mpd=3_thresh=0.4_docnorm=T_tfidf=T.csv
0.2,0.795,0.0,0.0,0.0,0.0,0.0,200,../../lists/bcms_setimes/list.bcms_setimes.attrib=shap_mpd=3_thresh=0.5_docnorm=F_tfidf=F.csv
0.205,0.785,0.0,0.0,0.0,0.0,0.0,200,../../lists/bcms_setimes/list.bcms_setimes.attrib=shap_mpd=3_thresh=0.5_docnorm=F_tfidf=T.csv
0.42,0.45,0.0,0.0,0.0,0.0,0.0,200,../../lists/bcms_setimes/list.bcms_setimes.attrib=shap_mpd=3_thresh=0.5_docnorm=T_tfidf=F.csv
0.35,0.43,0.0,0.0,0.0,0.0,0.0,200,../../lists/bcms_setimes/list.bcms_setimes.attrib=shap_mpd=3_thresh=0.5_docnorm=T_tfidf=T.csv
0.2,0.795,0.0,0.0,0.0,0.0,0.0,200,../../lists/bcms_setimes/list.bcms_setimes.attrib=shap_mpd=3_thresh=0.6_docnorm=F_tfidf=F.csv
0.205,0.785,0.0,0.0,0.0,0.0,0.0,200,../../lists/bcms_setimes/list.bcms_setimes.attrib=shap_mpd=3_thresh=0.6_docnorm=F_tfidf=T.csv
0.425,0.475,0.0,0.0,0.0,0.0,0.0,200,../../lists/bcms_setimes/list.bcms_setimes.attrib=shap_mpd=3_thresh=0.6_docnorm=T_tfidf=F.csv
0.32,0.495,0.0,0.0,0.0,0.0,0.0,200,../../lists/bcms_setimes/list.bcms_setimes.attrib=shap_mpd=3_thresh=0.6_docnorm=T_tfidf=T.csv
0.2,0.795,0.0,0.0,0.0,0.0,0.0,200,../../lists/bcms_setimes/list.bcms_setimes.attrib=shap_mpd=3_thresh=0.7_docnorm=F_tfidf=F.csv
0.205,0.785,0.0,0.0,0.0,0.0,0.0,200,../../lists/bcms_setimes/list.bcms_setimes.attrib=shap_mpd=3_thresh=0.7_docnorm=F_tfidf=T.csv
0.45,0.45,0.0,0.0,0.0,0.0,0.0,200,../../lists/bcms_setimes/list.bcms_setimes.attrib=shap_mpd=3_thresh=0.7_docnorm=T_tfidf=F.csv
0.37,0.485,0.0,0.0,0.0,0.0,0.0,200,../../lists/bcms_setimes/list.bcms_setimes.attrib=shap_mpd=3_thresh=0.7_docnorm=T_tfidf=T.csv
0.2,0.795,0.0,0.0,0.0,0.0,0.0,200,../../lists/bcms_setimes/list.bcms_setimes.attrib=shap_mpd=3_thresh=0.8_docnorm=F_tfidf=F.csv
0.205,0.785,0.0,0.0,0.0,0.0,0.0,200,../../lists/bcms_setimes/list.bcms_setimes.attrib=shap_mpd=3_thresh=0.8_docnorm=F_tfidf=T.csv
0.45,0.465,0.0,0.0,0.0,0.0,0.0,200,../../lists/bcms_setimes/list.bcms_setimes.attrib=shap_mpd=3_thresh=0.8_docnorm=T_tfidf=F.csv
0.41,0.46,0.0,0.0,0.0,0.0,0.0,200,../../lists/bcms_setimes/list.bcms_setimes.attrib=shap_mpd=3_thresh=0.8_docnorm=T_tfidf=T.csv
0.2,0.795,0.0,0.0,0.0,0.0,0.0,200,../../lists/bcms_setimes/list.bcms_setimes.attrib=shap_mpd=3_thresh=0.9_docnorm=F_tfidf=F.csv
0.205,0.785,0.0,0.0,0.0,0.0,0.0,200,../../lists/bcms_setimes/list.bcms_setimes.attrib=shap_mpd=3_thresh=0.9_docnorm=F_tfidf=T.csv
0.435,0.49,0.0,0.0,0.0,0.0,0.0,200,../../lists/bcms_setimes/list.bcms_setimes.attrib=shap_mpd=3_thresh=0.9_docnorm=T_tfidf=F.csv
0.44,0.46,0.0,0.0,0.0,0.0,0.0,200,../../lists/bcms_setimes/list.bcms_setimes.attrib=shap_mpd=3_thresh=0.9_docnorm=T_tfidf=T.csv
0.2,0.795,0.0,0.0,0.0,0.0,0.0,200,../../lists/bcms_setimes/list.bcms_setimes.attrib=shap_mpd=3_thresh=1.0_docnorm=F_tfidf=F.csv
0.205,0.785,0.0,0.0,0.0,0.0,0.0,200,../../lists/bcms_setimes/list.bcms_setimes.attrib=shap_mpd=3_thresh=1.0_docnorm=F_tfidf=T.csv
0.395,0.575,0.0,0.0,0.0,0.0,0.0,200,../../lists/bcms_setimes/list.bcms_setimes.attrib=shap_mpd=3_thresh=1.0_docnorm=T_tfidf=F.csv
0.415,0.55,0.0,0.0,0.0,0.0,0.0,200,../../lists/bcms_setimes/list.bcms_setimes.attrib=shap_mpd=3_thresh=1.0_docnorm=T_tfidf=T.csv
0.195,0.805,0.0,0.0,0.0,0.0,0.0,200,../../lists/bcms_setimes/list.bcms_setimes.attrib=shap_mpd=4_thresh=0.1_docnorm=F_tfidf=F.csv
0.195,0.795,0.0,0.0,0.0,0.0,0.0,200,../../lists/bcms_setimes/list.bcms_setimes.attrib=shap_mpd=4_thresh=0.1_docnorm=F_tfidf=T.csv
0.32,0.145,0.0,0.0,0.0,0.0,0.0,200,../../lists/bcms_setimes/list.bcms_setimes.attrib=shap_mpd=4_thresh=0.1_docnorm=T_tfidf=F.csv
0.235,0.265,0.0,0.0,0.0,0.0,0.0,200,../../lists/bcms_setimes/list.bcms_setimes.attrib=shap_mpd=4_thresh=0.1_docnorm=T_tfidf=T.csv
0.195,0.805,0.0,0.0,0.0,0.0,0.0,200,../../lists/bcms_setimes/list.bcms_setimes.attrib=shap_mpd=4_thresh=0.2_docnorm=F_tfidf=F.csv
0.195,0.795,0.0,0.0,0.0,0.0,0.0,200,../../lists/bcms_setimes/list.bcms_setimes.attrib=shap_mpd=4_thresh=0.2_docnorm=F_tfidf=T.csv
0.47,0.305,0.0,0.0,0.0,0.0,0.0,200,../../lists/bcms_setimes/list.bcms_setimes.attrib=shap_mpd=4_thresh=0.2_docnorm=T_tfidf=F.csv
0.32,0.375,0.0,0.0,0.0,0.0,0.0,200,../../lists/bcms_setimes/list.bcms_setimes.attrib=shap_mpd=4_thresh=0.2_docnorm=T_tfidf=T.csv
0.195,0.805,0.0,0.0,0.0,0.0,0.0,200,../../lists/bcms_setimes/list.bcms_setimes.attrib=shap_mpd=4_thresh=0.3_docnorm=F_tfidf=F.csv
0.195,0.795,0.0,0.0,0.0,0.0,0.0,200,../../lists/bcms_setimes/list.bcms_setimes.attrib=shap_mpd=4_thresh=0.3_docnorm=F_tfidf=T.csv
0.435,0.325,0.0,0.0,0.0,0.0,0.0,200,../../lists/bcms_setimes/list.bcms_setimes.attrib=shap_mpd=4_thresh=0.3_docnorm=T_tfidf=F.csv
0.34,0.335,0.0,0.0,0.0,0.0,0.0,200,../../lists/bcms_setimes/list.bcms_setimes.attrib=shap_mpd=4_thresh=0.3_docnorm=T_tfidf=T.csv
0.195,0.805,0.0,0.0,0.0,0.0,0.0,200,../../lists/bcms_setimes/list.bcms_setimes.attrib=shap_mpd=4_thresh=0.4_docnorm=F_tfidf=F.csv
0.195,0.795,0.0,0.0,0.0,0.0,0.0,200,../../lists/bcms_setimes/list.bcms_setimes.attrib=shap_mpd=4_thresh=0.4_docnorm=F_tfidf=T.csv
0.445,0.39,0.0,0.0,0.0,0.0,0.0,200,../../lists/bcms_setimes/list.bcms_setimes.attrib=shap_mpd=4_thresh=0.4_docnorm=T_tfidf=F.csv
0.325,0.4,0.0,0.0,0.0,0.0,0.0,200,../../lists/bcms_setimes/list.bcms_setimes.attrib=shap_mpd=4_thresh=0.4_docnorm=T_tfidf=T.csv
0.195,0.805,0.0,0.0,0.0,0.0,0.0,200,../../lists/bcms_setimes/list.bcms_setimes.attrib=shap_mpd=4_thresh=0.5_docnorm=F_tfidf=F.csv
0.195,0.795,0.0,0.0,0.0,0.0,0.0,200,../../lists/bcms_setimes/list.bcms_setimes.attrib=shap_mpd=4_thresh=0.5_docnorm=F_tfidf=T.csv
0.45,0.4,0.0,0.0,0.0,0.0,0.0,200,../../lists/bcms_setimes/list.bcms_setimes.attrib=shap_mpd=4_thresh=0.5_docnorm=T_tfidf=F.csv
0.35,0.425,0.0,0.0,0.0,0.0,0.0,200,../../lists/bcms_setimes/list.bcms_setimes.attrib=shap_mpd=4_thresh=0.5_docnorm=T_tfidf=T.csv
0.195,0.805,0.0,0.0,0.0,0.0,0.0,200,../../lists/bcms_setimes/list.bcms_setimes.attrib=shap_mpd=4_thresh=0.6_docnorm=F_tfidf=F.csv
0.195,0.795,0.0,0.0,0.0,0.0,0.0,200,../../lists/bcms_setimes/list.bcms_setimes.attrib=shap_mpd=4_thresh=0.6_docnorm=F_tfidf=T.csv
0.44,0.44,0.0,0.0,0.0,0.0,0.0,200,../../lists/bcms_setimes/list.bcms_setimes.attrib=shap_mpd=4_thresh=0.6_docnorm=T_tfidf=F.csv
0.34,0.47,0.0,0.0,0.0,0.0,0.0,200,../../lists/bcms_setimes/list.bcms_setimes.attrib=shap_mpd=4_thresh=0.6_docnorm=T_tfidf=T.csv
0.195,0.805,0.0,0.0,0.0,0.0,0.0,200,../../lists/bcms_setimes/list.bcms_setimes.attrib=shap_mpd=4_thresh=0.7_docnorm=F_tfidf=F.csv
0.195,0.795,0.0,0.0,0.0,0.0,0.0,200,../../lists/bcms_setimes/list.bcms_setimes.attrib=shap_mpd=4_thresh=0.7_docnorm=F_tfidf=T.csv
0.46,0.43,0.0,0.0,0.0,0.0,0.0,200,../../lists/bcms_setimes/list.bcms_setimes.attrib=shap_mpd=4_thresh=0.7_docnorm=T_tfidf=F.csv
0.335,0.5,0.0,0.0,0.0,0.0,0.0,200,../../lists/bcms_setimes/list.bcms_setimes.attrib=shap_mpd=4_thresh=0.7_docnorm=T_tfidf=T.csv
0.195,0.805,0.0,0.0,0.0,0.0,0.0,200,../../lists/bcms_setimes/list.bcms_setimes.attrib=shap_mpd=4_thresh=0.8_docnorm=F_tfidf=F.csv
0.195,0.795,0.0,0.0,0.0,0.0,0.0,200,../../lists/bcms_setimes/list.bcms_setimes.attrib=shap_mpd=4_thresh=0.8_docnorm=F_tfidf=T.csv
0.465,0.44,0.0,0.0,0.0,0.0,0.0,200,../../lists/bcms_setimes/list.bcms_setimes.attrib=shap_mpd=4_thresh=0.8_docnorm=T_tfidf=F.csv
0.395,0.475,0.0,0.0,0.0,0.0,0.0,200,../../lists/bcms_setimes/list.bcms_setimes.attrib=shap_mpd=4_thresh=0.8_docnorm=T_tfidf=T.csv
0.195,0.805,0.0,0.0,0.0,0.0,0.0,200,../../lists/bcms_setimes/list.bcms_setimes.attrib=shap_mpd=4_thresh=0.9_docnorm=F_tfidf=F.csv
0.195,0.795,0.0,0.0,0.0,0.0,0.0,200,../../lists/bcms_setimes/list.bcms_setimes.attrib=shap_mpd=4_thresh=0.9_docnorm=F_tfidf=T.csv
0.44,0.485,0.0,0.0,0.0,0.0,0.0,200,../../lists/bcms_setimes/list.bcms_setimes.attrib=shap_mpd=4_thresh=0.9_docnorm=T_tfidf=F.csv
0.415,0.475,0.0,0.0,0.0,0.0,0.0,200,../../lists/bcms_setimes/list.bcms_setimes.attrib=shap_mpd=4_thresh=0.9_docnorm=T_tfidf=T.csv
0.195,0.805,0.0,0.0,0.0,0.0,0.0,200,../../lists/bcms_setimes/list.bcms_setimes.attrib=shap_mpd=4_thresh=1.0_docnorm=F_tfidf=F.csv
0.195,0.795,0.0,0.0,0.0,0.0,0.0,200,../../lists/bcms_setimes/list.bcms_setimes.attrib=shap_mpd=4_thresh=1.0_docnorm=F_tfidf=T.csv
0.455,0.51,0.0,0.0,0.0,0.0,0.0,200,../../lists/bcms_setimes/list.bcms_setimes.attrib=shap_mpd=4_thresh=1.0_docnorm=T_tfidf=F.csv
0.44,0.51,0.0,0.0,0.0,0.0,0.0,200,../../lists/bcms_setimes/list.bcms_setimes.attrib=shap_mpd=4_thresh=1.0_docnorm=T_tfidf=T.csv
0.185,0.815,0.0,0.0,0.0,0.0,0.0,200,../../lists/bcms_setimes/list.bcms_setimes.attrib=shap_mpd=5_thresh=0.1_docnorm=F_tfidf=F.csv
0.19,0.8,0.0,0.0,0.0,0.0,0.0,200,../../lists/bcms_setimes/list.bcms_setimes.attrib=shap_mpd=5_thresh=0.1_docnorm=F_tfidf=T.csv
0.33,0.13,0.0,0.0,0.0,0.0,0.0,200,../../lists/bcms_setimes/list.bcms_setimes.attrib=shap_mpd=5_thresh=0.1_docnorm=T_tfidf=F.csv
0.23,0.255,0.0,0.0,0.0,0.0,0.0,200,../../lists/bcms_setimes/list.bcms_setimes.attrib=shap_mpd=5_thresh=0.1_docnorm=T_tfidf=T.csv
0.185,0.815,0.0,0.0,0.0,0.0,0.0,200,../../lists/bcms_setimes/list.bcms_setimes.attrib=shap_mpd=5_thresh=0.2_docnorm=F_tfidf=F.csv
0.19,0.8,0.0,0.0,0.0,0.0,0.0,200,../../lists/bcms_setimes/list.bcms_setimes.attrib=shap_mpd=5_thresh=0.2_docnorm=F_tfidf=T.csv
0.45,0.31,0.0,0.0,0.0,0.0,0.0,200,../../lists/bcms_setimes/list.bcms_setimes.attrib=shap_mpd=5_thresh=0.2_docnorm=T_tfidf=F.csv
0.335,0.365,0.0,0.0,0.0,0.0,0.0,200,../../lists/bcms_setimes/list.bcms_setimes.attrib=shap_mpd=5_thresh=0.2_docnorm=T_tfidf=T.csv
0.185,0.815,0.0,0.0,0.0,0.0,0.0,200,../../lists/bcms_setimes/list.bcms_setimes.attrib=shap_mpd=5_thresh=0.3_docnorm=F_tfidf=F.csv
0.19,0.8,0.0,0.0,0.0,0.0,0.0,200,../../lists/bcms_setimes/list.bcms_setimes.attrib=shap_mpd=5_thresh=0.3_docnorm=F_tfidf=T.csv
0.42,0.34,0.0,0.0,0.0,0.0,0.0,200,../../lists/bcms_setimes/list.bcms_setimes.attrib=shap_mpd=5_thresh=0.3_docnorm=T_tfidf=F.csv
0.35,0.36,0.0,0.0,0.0,0.0,0.0,200,../../lists/bcms_setimes/list.bcms_setimes.attrib=shap_mpd=5_thresh=0.3_docnorm=T_tfidf=T.csv
0.185,0.815,0.0,0.0,0.0,0.0,0.0,200,../../lists/bcms_setimes/list.bcms_setimes.attrib=shap_mpd=5_thresh=0.4_docnorm=F_tfidf=F.csv
0.19,0.8,0.0,0.0,0.0,0.0,0.0,200,../../lists/bcms_setimes/list.bcms_setimes.attrib=shap_mpd=5_thresh=0.4_docnorm=F_tfidf=T.csv
0.44,0.395,0.0,0.0,0.0,0.0,0.0,200,../../lists/bcms_setimes/list.bcms_setimes.attrib=shap_mpd=5_thresh=0.4_docnorm=T_tfidf=F.csv
0.355,0.35,0.0,0.0,0.0,0.0,0.0,200,../../lists/bcms_setimes/list.bcms_setimes.attrib=shap_mpd=5_thresh=0.4_docnorm=T_tfidf=T.csv
0.185,0.815,0.0,0.0,0.0,0.0,0.0,200,../../lists/bcms_setimes/list.bcms_setimes.attrib=shap_mpd=5_thresh=0.5_docnorm=F_tfidf=F.csv
0.19,0.8,0.0,0.0,0.0,0.0,0.0,200,../../lists/bcms_setimes/list.bcms_setimes.attrib=shap_mpd=5_thresh=0.5_docnorm=F_tfidf=T.csv
0.47,0.38,0.0,0.0,0.0,0.0,0.0,200,../../lists/bcms_setimes/list.bcms_setimes.attrib=shap_mpd=5_thresh=0.5_docnorm=T_tfidf=F.csv
0.34,0.425,0.0,0.0,0.0,0.0,0.0,200,../../lists/bcms_setimes/list.bcms_setimes.attrib=shap_mpd=5_thresh=0.5_docnorm=T_tfidf=T.csv
0.185,0.815,0.0,0.0,0.0,0.0,0.0,200,../../lists/bcms_setimes/list.bcms_setimes.attrib=shap_mpd=5_thresh=0.6_docnorm=F_tfidf=F.csv
0.19,0.8,0.0,0.0,0.0,0.0,0.0,200,../../lists/bcms_setimes/list.bcms_setimes.attrib=shap_mpd=5_thresh=0.6_docnorm=F_tfidf=T.csv
0.465,0.41,0.0,0.0,0.0,0.0,0.0,200,../../lists/bcms_setimes/list.bcms_setimes.attrib=shap_mpd=5_thresh=0.6_docnorm=T_tfidf=F.csv
0.355,0.455,0.0,0.0,0.0,0.0,0.0,200,../../lists/bcms_setimes/list.bcms_setimes.attrib=shap_mpd=5_thresh=0.6_docnorm=T_tfidf=T.csv
0.185,0.815,0.0,0.0,0.0,0.0,0.0,200,../../lists/bcms_setimes/list.bcms_setimes.attrib=shap_mpd=5_thresh=0.7_docnorm=F_tfidf=F.csv
0.19,0.8,0.0,0.0,0.0,0.0,0.0,200,../../lists/bcms_setimes/list.bcms_setimes.attrib=shap_mpd=5_thresh=0.7_docnorm=F_tfidf=T.csv
0.46,0.43,0.0,0.0,0.0,0.0,0.0,200,../../lists/bcms_setimes/list.bcms_setimes.attrib=shap_mpd=5_thresh=0.7_docnorm=T_tfidf=F.csv
0.32,0.495,0.0,0.0,0.0,0.0,0.0,200,../../lists/bcms_setimes/list.bcms_setimes.attrib=shap_mpd=5_thresh=0.7_docnorm=T_tfidf=T.csv
0.185,0.815,0.0,0.0,0.0,0.0,0.0,200,../../lists/bcms_setimes/list.bcms_setimes.attrib=shap_mpd=5_thresh=0.8_docnorm=F_tfidf=F.csv
0.19,0.8,0.0,0.0,0.0,0.0,0.0,200,../../lists/bcms_setimes/list.bcms_setimes.attrib=shap_mpd=5_thresh=0.8_docnorm=F_tfidf=T.csv
0.465,0.43,0.0,0.0,0.0,0.0,0.0,200,../../lists/bcms_setimes/list.bcms_setimes.attrib=shap_mpd=5_thresh=0.8_docnorm=T_tfidf=F.csv
0.385,0.46,0.0,0.0,0.0,0.0,0.0,200,../../lists/bcms_setimes/list.bcms_setimes.attrib=shap_mpd=5_thresh=0.8_docnorm=T_tfidf=T.csv
0.185,0.815,0.0,0.0,0.0,0.0,0.0,200,../../lists/bcms_setimes/list.bcms_setimes.attrib=shap_mpd=5_thresh=0.9_docnorm=F_tfidf=F.csv
0.19,0.8,0.0,0.0,0.0,0.0,0.0,200,../../lists/bcms_setimes/list.bcms_setimes.attrib=shap_mpd=5_thresh=0.9_docnorm=F_tfidf=T.csv
0.45,0.47,0.0,0.0,0.0,0.0,0.0,200,../../lists/bcms_setimes/list.bcms_setimes.attrib=shap_mpd=5_thresh=0.9_docnorm=T_tfidf=F.csv
0.405,0.485,0.0,0.0,0.0,0.0,0.0,200,../../lists/bcms_setimes/list.bcms_setimes.attrib=shap_mpd=5_thresh=0.9_docnorm=T_tfidf=T.csv
0.185,0.815,0.0,0.0,0.0,0.0,0.0,200,../../lists/bcms_setimes/list.bcms_setimes.attrib=shap_mpd=5_thresh=1.0_docnorm=F_tfidf=F.csv
0.19,0.8,0.0,0.0,0.0,0.0,0.0,200,../../lists/bcms_setimes/list.bcms_setimes.attrib=shap_mpd=5_thresh=1.0_docnorm=F_tfidf=T.csv
0.44,0.515,0.0,0.0,0.0,0.0,0.0,200,../../lists/bcms_setimes/list.bcms_setimes.attrib=shap_mpd=5_thresh=1.0_docnorm=T_tfidf=F.csv
0.435,0.52,0.0,0.0,0.0,0.0,0.0,200,../../lists/bcms_setimes/list.bcms_setimes.attrib=shap_mpd=5_thresh=1.0_docnorm=T_tfidf=T.csv
0.18,0.82,0.0,0.0,0.0,0.0,0.0,200,../../lists/bcms_setimes/list.bcms_setimes.attrib=shap_mpd=6_thresh=0.1_docnorm=F_tfidf=F.csv
0.19,0.8,0.0,0.0,0.0,0.0,0.0,200,../../lists/bcms_setimes/list.bcms_setimes.attrib=shap_mpd=6_thresh=0.1_docnorm=F_tfidf=T.csv
0.335,0.12,0.0,0.0,0.0,0.0,0.0,200,../../lists/bcms_setimes/list.bcms_setimes.attrib=shap_mpd=6_thresh=0.1_docnorm=T_tfidf=F.csv
0.23,0.245,0.0,0.0,0.0,0.0,0.0,200,../../lists/bcms_setimes/list.bcms_setimes.attrib=shap_mpd=6_thresh=0.1_docnorm=T_tfidf=T.csv
0.18,0.82,0.0,0.0,0.0,0.0,0.0,200,../../lists/bcms_setimes/list.bcms_setimes.attrib=shap_mpd=6_thresh=0.2_docnorm=F_tfidf=F.csv
0.19,0.8,0.0,0.0,0.0,0.0,0.0,200,../../lists/bcms_setimes/list.bcms_setimes.attrib=shap_mpd=6_thresh=0.2_docnorm=F_tfidf=T.csv
0.44,0.295,0.0,0.0,0.0,0.0,0.0,200,../../lists/bcms_setimes/list.bcms_setimes.attrib=shap_mpd=6_thresh=0.2_docnorm=T_tfidf=F.csv
0.345,0.345,0.0,0.0,0.0,0.0,0.0,200,../../lists/bcms_setimes/list.bcms_setimes.attrib=shap_mpd=6_thresh=0.2_docnorm=T_tfidf=T.csv
0.18,0.82,0.0,0.0,0.0,0.0,0.0,200,../../lists/bcms_setimes/list.bcms_setimes.attrib=shap_mpd=6_thresh=0.3_docnorm=F_tfidf=F.csv
0.19,0.8,0.0,0.0,0.0,0.0,0.0,200,../../lists/bcms_setimes/list.bcms_setimes.attrib=shap_mpd=6_thresh=0.3_docnorm=F_tfidf=T.csv
0.415,0.35,0.0,0.0,0.0,0.0,0.0,200,../../lists/bcms_setimes/list.bcms_setimes.attrib=shap_mpd=6_thresh=0.3_docnorm=T_tfidf=F.csv
0.375,0.37,0.0,0.0,0.0,0.0,0.0,200,../../lists/bcms_setimes/list.bcms_setimes.attrib=shap_mpd=6_thresh=0.3_docnorm=T_tfidf=T.csv
0.18,0.82,0.0,0.0,0.0,0.0,0.0,200,../../lists/bcms_setimes/list.bcms_setimes.attrib=shap_mpd=6_thresh=0.4_docnorm=F_tfidf=F.csv
0.19,0.8,0.0,0.0,0.0,0.0,0.0,200,../../lists/bcms_setimes/list.bcms_setimes.attrib=shap_mpd=6_thresh=0.4_docnorm=F_tfidf=T.csv
0.445,0.38,0.0,0.0,0.0,0.0,0.0,200,../../lists/bcms_setimes/list.bcms_setimes.attrib=shap_mpd=6_thresh=0.4_docnorm=T_tfidf=F.csv
0.355,0.355,0.0,0.0,0.0,0.0,0.0,200,../../lists/bcms_setimes/list.bcms_setimes.attrib=shap_mpd=6_thresh=0.4_docnorm=T_tfidf=T.csv
0.18,0.82,0.0,0.0,0.0,0.0,0.0,200,../../lists/bcms_setimes/list.bcms_setimes.attrib=shap_mpd=6_thresh=0.5_docnorm=F_tfidf=F.csv
0.19,0.8,0.0,0.0,0.0,0.0,0.0,200,../../lists/bcms_setimes/list.bcms_setimes.attrib=shap_mpd=6_thresh=0.5_docnorm=F_tfidf=T.csv
0.49,0.38,0.0,0.0,0.0,0.0,0.0,200,../../lists/bcms_setimes/list.bcms_setimes.attrib=shap_mpd=6_thresh=0.5_docnorm=T_tfidf=F.csv
0.35,0.4,0.0,0.0,0.0,0.0,0.0,200,../../lists/bcms_setimes/list.bcms_setimes.attrib=shap_mpd=6_thresh=0.5_docnorm=T_tfidf=T.csv
0.18,0.82,0.0,0.0,0.0,0.0,0.0,200,../../lists/bcms_setimes/list.bcms_setimes.attrib=shap_mpd=6_thresh=0.6_docnorm=F_tfidf=F.csv
0.19,0.8,0.0,0.0,0.0,0.0,0.0,200,../../lists/bcms_setimes/list.bcms_setimes.attrib=shap_mpd=6_thresh=0.6_docnorm=F_tfidf=T.csv
0.47,0.395,0.0,0.0,0.0,0.0,0.0,200,../../lists/bcms_setimes/list.bcms_setimes.attrib=shap_mpd=6_thresh=0.6_docnorm=T_tfidf=F.csv
0.37,0.445,0.0,0.0,0.0,0.0,0.0,200,../../lists/bcms_setimes/list.bcms_setimes.attrib=shap_mpd=6_thresh=0.6_docnorm=T_tfidf=T.csv
0.18,0.82,0.0,0.0,0.0,0.0,0.0,200,../../lists/bcms_setimes/list.bcms_setimes.attrib=shap_mpd=6_thresh=0.7_docnorm=F_tfidf=F.csv
0.19,0.8,0.0,0.0,0.0,0.0,0.0,200,../../lists/bcms_setimes/list.bcms_setimes.attrib=shap_mpd=6_thresh=0.7_docnorm=F_tfidf=T.csv
0.46,0.425,0.0,0.0,0.0,0.0,0.0,200,../../lists/bcms_setimes/list.bcms_setimes.attrib=shap_mpd=6_thresh=0.7_docnorm=T_tfidf=F.csv
0.325,0.475,0.0,0.0,0.0,0.0,0.0,200,../../lists/bcms_setimes/list.bcms_setimes.attrib=shap_mpd=6_thresh=0.7_docnorm=T_tfidf=T.csv
0.18,0.82,0.0,0.0,0.0,0.0,0.0,200,../../lists/bcms_setimes/list.bcms_setimes.attrib=shap_mpd=6_thresh=0.8_docnorm=F_tfidf=F.csv
0.19,0.8,0.0,0.0,0.0,0.0,0.0,200,../../lists/bcms_setimes/list.bcms_setimes.attrib=shap_mpd=6_thresh=0.8_docnorm=F_tfidf=T.csv
0.47,0.425,0.0,0.0,0.0,0.0,0.0,200,../../lists/bcms_setimes/list.bcms_setimes.attrib=shap_mpd=6_thresh=0.8_docnorm=T_tfidf=F.csv
0.39,0.44,0.0,0.0,0.0,0.0,0.0,200,../../lists/bcms_setimes/list.bcms_setimes.attrib=shap_mpd=6_thresh=0.8_docnorm=T_tfidf=T.csv
0.18,0.82,0.0,0.0,0.0,0.0,0.0,200,../../lists/bcms_setimes/list.bcms_setimes.attrib=shap_mpd=6_thresh=0.9_docnorm=F_tfidf=F.csv
0.19,0.8,0.0,0.0,0.0,0.0,0.0,200,../../lists/bcms_setimes/list.bcms_setimes.attrib=shap_mpd=6_thresh=0.9_docnorm=F_tfidf=T.csv
0.48,0.435,0.0,0.0,0.0,0.0,0.0,200,../../lists/bcms_setimes/list.bcms_setimes.attrib=shap_mpd=6_thresh=0.9_docnorm=T_tfidf=F.csv
0.405,0.46,0.0,0.0,0.0,0.0,0.0,200,../../lists/bcms_setimes/list.bcms_setimes.attrib=shap_mpd=6_thresh=0.9_docnorm=T_tfidf=T.csv
0.18,0.82,0.0,0.0,0.0,0.0,0.0,200,../../lists/bcms_setimes/list.bcms_setimes.attrib=shap_mpd=6_thresh=1.0_docnorm=F_tfidf=F.csv
0.19,0.8,0.0,0.0,0.0,0.0,0.0,200,../../lists/bcms_setimes/list.bcms_setimes.attrib=shap_mpd=6_thresh=1.0_docnorm=F_tfidf=T.csv
0.425,0.54,0.0,0.0,0.0,0.0,0.0,200,../../lists/bcms_setimes/list.bcms_setimes.attrib=shap_mpd=6_thresh=1.0_docnorm=T_tfidf=F.csv
0.43,0.515,0.0,0.0,0.0,0.0,0.0,200,../../lists/bcms_setimes/list.bcms_setimes.attrib=shap_mpd=6_thresh=1.0_docnorm=T_tfidf=T.csv
0.18,0.82,0.0,0.0,0.0,0.0,0.0,200,../../lists/bcms_setimes/list.bcms_setimes.attrib=shap_mpd=7_thresh=0.1_docnorm=F_tfidf=F.csv
0.19,0.8,0.0,0.0,0.0,0.0,0.0,200,../../lists/bcms_setimes/list.bcms_setimes.attrib=shap_mpd=7_thresh=0.1_docnorm=F_tfidf=T.csv
0.33,0.125,0.0,0.0,0.0,0.0,0.0,200,../../lists/bcms_setimes/list.bcms_setimes.attrib=shap_mpd=7_thresh=0.1_docnorm=T_tfidf=F.csv
0.23,0.235,0.0,0.0,0.0,0.0,0.0,200,../../lists/bcms_setimes/list.bcms_setimes.attrib=shap_mpd=7_thresh=0.1_docnorm=T_tfidf=T.csv
0.18,0.82,0.0,0.0,0.0,0.0,0.0,200,../../lists/bcms_setimes/list.bcms_setimes.attrib=shap_mpd=7_thresh=0.2_docnorm=F_tfidf=F.csv
0.19,0.8,0.0,0.0,0.0,0.0,0.0,200,../../lists/bcms_setimes/list.bcms_setimes.attrib=shap_mpd=7_thresh=0.2_docnorm=F_tfidf=T.csv
0.445,0.29,0.0,0.0,0.0,0.0,0.0,200,../../lists/bcms_setimes/list.bcms_setimes.attrib=shap_mpd=7_thresh=0.2_docnorm=T_tfidf=F.csv
0.335,0.345,0.0,0.0,0.0,0.0,0.0,200,../../lists/bcms_setimes/list.bcms_setimes.attrib=shap_mpd=7_thresh=0.2_docnorm=T_tfidf=T.csv
0.18,0.82,0.0,0.0,0.0,0.0,0.0,200,../../lists/bcms_setimes/list.bcms_setimes.attrib=shap_mpd=7_thresh=0.3_docnorm=F_tfidf=F.csv
0.19,0.8,0.0,0.0,0.0,0.0,0.0,200,../../lists/bcms_setimes/list.bcms_setimes.attrib=shap_mpd=7_thresh=0.3_docnorm=F_tfidf=T.csv
0.44,0.33,0.0,0.0,0.0,0.0,0.0,200,../../lists/bcms_setimes/list.bcms_setimes.attrib=shap_mpd=7_thresh=0.3_docnorm=T_tfidf=F.csv
0.36,0.37,0.0,0.0,0.0,0.0,0.0,200,../../lists/bcms_setimes/list.bcms_setimes.attrib=shap_mpd=7_thresh=0.3_docnorm=T_tfidf=T.csv
0.18,0.82,0.0,0.0,0.0,0.0,0.0,200,../../lists/bcms_setimes/list.bcms_setimes.attrib=shap_mpd=7_thresh=0.4_docnorm=F_tfidf=F.csv
0.19,0.8,0.0,0.0,0.0,0.0,0.0,200,../../lists/bcms_setimes/list.bcms_setimes.attrib=shap_mpd=7_thresh=0.4_docnorm=F_tfidf=T.csv
0.445,0.365,0.0,0.0,0.0,0.0,0.0,200,../../lists/bcms_setimes/list.bcms_setimes.attrib=shap_mpd=7_thresh=0.4_docnorm=T_tfidf=F.csv
0.36,0.355,0.0,0.0,0.0,0.0,0.0,200,../../lists/bcms_setimes/list.bcms_setimes.attrib=shap_mpd=7_thresh=0.4_docnorm=T_tfidf=T.csv
0.18,0.82,0.0,0.0,0.0,0.0,0.0,200,../../lists/bcms_setimes/list.bcms_setimes.attrib=shap_mpd=7_thresh=0.5_docnorm=F_tfidf=F.csv
0.19,0.8,0.0,0.0,0.0,0.0,0.0,200,../../lists/bcms_setimes/list.bcms_setimes.attrib=shap_mpd=7_thresh=0.5_docnorm=F_tfidf=T.csv
0.475,0.385,0.0,0.0,0.0,0.0,0.0,200,../../lists/bcms_setimes/list.bcms_setimes.attrib=shap_mpd=7_thresh=0.5_docnorm=T_tfidf=F.csv
0.345,0.395,0.0,0.0,0.0,0.0,0.0,200,../../lists/bcms_setimes/list.bcms_setimes.attrib=shap_mpd=7_thresh=0.5_docnorm=T_tfidf=T.csv
0.18,0.82,0.0,0.0,0.0,0.0,0.0,200,../../lists/bcms_setimes/list.bcms_setimes.attrib=shap_mpd=7_thresh=0.6_docnorm=F_tfidf=F.csv
0.19,0.8,0.0,0.0,0.0,0.0,0.0,200,../../lists/bcms_setimes/list.bcms_setimes.attrib=shap_mpd=7_thresh=0.6_docnorm=F_tfidf=T.csv
0.445,0.405,0.0,0.0,0.0,0.0,0.0,200,../../lists/bcms_setimes/list.bcms_setimes.attrib=shap_mpd=7_thresh=0.6_docnorm=T_tfidf=F.csv
0.38,0.425,0.0,0.0,0.0,0.0,0.0,200,../../lists/bcms_setimes/list.bcms_setimes.attrib=shap_mpd=7_thresh=0.6_docnorm=T_tfidf=T.csv
0.18,0.82,0.0,0.0,0.0,0.0,0.0,200,../../lists/bcms_setimes/list.bcms_setimes.attrib=shap_mpd=7_thresh=0.7_docnorm=F_tfidf=F.csv
0.19,0.8,0.0,0.0,0.0,0.0,0.0,200,../../lists/bcms_setimes/list.bcms_setimes.attrib=shap_mpd=7_thresh=0.7_docnorm=F_tfidf=T.csv
0.47,0.41,0.0,0.0,0.0,0.0,0.0,200,../../lists/bcms_setimes/list.bcms_setimes.attrib=shap_mpd=7_thresh=0.7_docnorm=T_tfidf=F.csv
0.345,0.445,0.0,0.0,0.0,0.0,0.0,200,../../lists/bcms_setimes/list.bcms_setimes.attrib=shap_mpd=7_thresh=0.7_docnorm=T_tfidf=T.csv
0.18,0.82,0.0,0.0,0.0,0.0,0.0,200,../../lists/bcms_setimes/list.bcms_setimes.attrib=shap_mpd=7_thresh=0.8_docnorm=F_tfidf=F.csv
0.19,0.8,0.0,0.0,0.0,0.0,0.0,200,../../lists/bcms_setimes/list.bcms_setimes.attrib=shap_mpd=7_thresh=0.8_docnorm=F_tfidf=T.csv
0.47,0.435,0.0,0.0,0.0,0.0,0.0,200,../../lists/bcms_setimes/list.bcms_setimes.attrib=shap_mpd=7_thresh=0.8_docnorm=T_tfidf=F.csv
0.395,0.44,0.0,0.0,0.0,0.0,0.0,200,../../lists/bcms_setimes/list.bcms_setimes.attrib=shap_mpd=7_thresh=0.8_docnorm=T_tfidf=T.csv
0.18,0.82,0.0,0.0,0.0,0.0,0.0,200,../../lists/bcms_setimes/list.bcms_setimes.attrib=shap_mpd=7_thresh=0.9_docnorm=F_tfidf=F.csv
0.19,0.8,0.0,0.0,0.0,0.0,0.0,200,../../lists/bcms_setimes/list.bcms_setimes.attrib=shap_mpd=7_thresh=0.9_docnorm=F_tfidf=T.csv
0.465,0.44,0.0,0.0,0.0,0.0,0.0,200,../../lists/bcms_setimes/list.bcms_setimes.attrib=shap_mpd=7_thresh=0.9_docnorm=T_tfidf=F.csv
0.415,0.445,0.0,0.0,0.0,0.0,0.0,200,../../lists/bcms_setimes/list.bcms_setimes.attrib=shap_mpd=7_thresh=0.9_docnorm=T_tfidf=T.csv
0.18,0.82,0.0,0.0,0.0,0.0,0.0,200,../../lists/bcms_setimes/list.bcms_setimes.attrib=shap_mpd=7_thresh=1.0_docnorm=F_tfidf=F.csv
0.19,0.8,0.0,0.0,0.0,0.0,0.0,200,../../lists/bcms_setimes/list.bcms_setimes.attrib=shap_mpd=7_thresh=1.0_docnorm=F_tfidf=T.csv
0.42,0.535,0.0,0.0,0.0,0.0,0.0,200,../../lists/bcms_setimes/list.bcms_setimes.attrib=shap_mpd=7_thresh=1.0_docnorm=T_tfidf=F.csv
0.405,0.525,0.0,0.0,0.0,0.0,0.0,200,../../lists/bcms_setimes/list.bcms_setimes.attrib=shap_mpd=7_thresh=1.0_docnorm=T_tfidf=T.csv
0.175,0.825,0.0,0.0,0.0,0.0,0.0,200,../../lists/bcms_setimes/list.bcms_setimes.attrib=shap_mpd=8_thresh=0.1_docnorm=F_tfidf=F.csv
0.19,0.8,0.0,0.0,0.0,0.0,0.0,200,../../lists/bcms_setimes/list.bcms_setimes.attrib=shap_mpd=8_thresh=0.1_docnorm=F_tfidf=T.csv
0.33,0.125,0.0,0.0,0.0,0.0,0.0,200,../../lists/bcms_setimes/list.bcms_setimes.attrib=shap_mpd=8_thresh=0.1_docnorm=T_tfidf=F.csv
0.22,0.24,0.0,0.0,0.0,0.0,0.0,200,../../lists/bcms_setimes/list.bcms_setimes.attrib=shap_mpd=8_thresh=0.1_docnorm=T_tfidf=T.csv
0.175,0.825,0.0,0.0,0.0,0.0,0.0,200,../../lists/bcms_setimes/list.bcms_setimes.attrib=shap_mpd=8_thresh=0.2_docnorm=F_tfidf=F.csv
0.19,0.8,0.0,0.0,0.0,0.0,0.0,200,../../lists/bcms_setimes/list.bcms_setimes.attrib=shap_mpd=8_thresh=0.2_docnorm=F_tfidf=T.csv
0.445,0.285,0.0,0.0,0.0,0.0,0.0,200,../../lists/bcms_setimes/list.bcms_setimes.attrib=shap_mpd=8_thresh=0.2_docnorm=T_tfidf=F.csv
0.325,0.345,0.0,0.0,0.0,0.0,0.0,200,../../lists/bcms_setimes/list.bcms_setimes.attrib=shap_mpd=8_thresh=0.2_docnorm=T_tfidf=T.csv
0.175,0.825,0.0,0.0,0.0,0.0,0.0,200,../../lists/bcms_setimes/list.bcms_setimes.attrib=shap_mpd=8_thresh=0.3_docnorm=F_tfidf=F.csv
0.19,0.8,0.0,0.0,0.0,0.0,0.0,200,../../lists/bcms_setimes/list.bcms_setimes.attrib=shap_mpd=8_thresh=0.3_docnorm=F_tfidf=T.csv
0.44,0.33,0.0,0.0,0.0,0.0,0.0,200,../../lists/bcms_setimes/list.bcms_setimes.attrib=shap_mpd=8_thresh=0.3_docnorm=T_tfidf=F.csv
0.365,0.365,0.0,0.0,0.0,0.0,0.0,200,../../lists/bcms_setimes/list.bcms_setimes.attrib=shap_mpd=8_thresh=0.3_docnorm=T_tfidf=T.csv
0.175,0.825,0.0,0.0,0.0,0.0,0.0,200,../../lists/bcms_setimes/list.bcms_setimes.attrib=shap_mpd=8_thresh=0.4_docnorm=F_tfidf=F.csv
0.19,0.8,0.0,0.0,0.0,0.0,0.0,200,../../lists/bcms_setimes/list.bcms_setimes.attrib=shap_mpd=8_thresh=0.4_docnorm=F_tfidf=T.csv
0.445,0.37,0.0,0.0,0.0,0.0,0.0,200,../../lists/bcms_setimes/list.bcms_setimes.attrib=shap_mpd=8_thresh=0.4_docnorm=T_tfidf=F.csv
0.365,0.35,0.0,0.0,0.0,0.0,0.0,200,../../lists/bcms_setimes/list.bcms_setimes.attrib=shap_mpd=8_thresh=0.4_docnorm=T_tfidf=T.csv
0.175,0.825,0.0,0.0,0.0,0.0,0.0,200,../../lists/bcms_setimes/list.bcms_setimes.attrib=shap_mpd=8_thresh=0.5_docnorm=F_tfidf=F.csv
0.19,0.8,0.0,0.0,0.0,0.0,0.0,200,../../lists/bcms_setimes/list.bcms_setimes.attrib=shap_mpd=8_thresh=0.5_docnorm=F_tfidf=T.csv
0.485,0.39,0.0,0.0,0.0,0.0,0.0,200,../../lists/bcms_setimes/list.bcms_setimes.attrib=shap_mpd=8_thresh=0.5_docnorm=T_tfidf=F.csv
0.35,0.39,0.0,0.0,0.0,0.0,0.0,200,../../lists/bcms_setimes/list.bcms_setimes.attrib=shap_mpd=8_thresh=0.5_docnorm=T_tfidf=T.csv
0.175,0.825,0.0,0.0,0.0,0.0,0.0,200,../../lists/bcms_setimes/list.bcms_setimes.attrib=shap_mpd=8_thresh=0.6_docnorm=F_tfidf=F.csv
0.19,0.8,0.0,0.0,0.0,0.0,0.0,200,../../lists/bcms_setimes/list.bcms_setimes.attrib=shap_mpd=8_thresh=0.6_docnorm=F_tfidf=T.csv
0.445,0.41,0.0,0.0,0.0,0.0,0.0,200,../../lists/bcms_setimes/list.bcms_setimes.attrib=shap_mpd=8_thresh=0.6_docnorm=T_tfidf=F.csv
0.385,0.4,0.0,0.0,0.0,0.0,0.0,200,../../lists/bcms_setimes/list.bcms_setimes.attrib=shap_mpd=8_thresh=0.6_docnorm=T_tfidf=T.csv
0.175,0.825,0.0,0.0,0.0,0.0,0.0,200,../../lists/bcms_setimes/list.bcms_setimes.attrib=shap_mpd=8_thresh=0.7_docnorm=F_tfidf=F.csv
0.19,0.8,0.0,0.0,0.0,0.0,0.0,200,../../lists/bcms_setimes/list.bcms_setimes.attrib=shap_mpd=8_thresh=0.7_docnorm=F_tfidf=T.csv
0.475,0.4,0.0,0.0,0.0,0.0,0.0,200,../../lists/bcms_setimes/list.bcms_setimes.attrib=shap_mpd=8_thresh=0.7_docnorm=T_tfidf=F.csv
0.35,0.445,0.0,0.0,0.0,0.0,0.0,200,../../lists/bcms_setimes/list.bcms_setimes.attrib=shap_mpd=8_thresh=0.7_docnorm=T_tfidf=T.csv
0.175,0.825,0.0,0.0,0.0,0.0,0.0,200,../../lists/bcms_setimes/list.bcms_setimes.attrib=shap_mpd=8_thresh=0.8_docnorm=F_tfidf=F.csv
0.19,0.8,0.0,0.0,0.0,0.0,0.0,200,../../lists/bcms_setimes/list.bcms_setimes.attrib=shap_mpd=8_thresh=0.8_docnorm=F_tfidf=T.csv
0.48,0.425,0.0,0.0,0.0,0.0,0.0,200,../../lists/bcms_setimes/list.bcms_setimes.attrib=shap_mpd=8_thresh=0.8_docnorm=T_tfidf=F.csv
0.395,0.45,0.0,0.0,0.0,0.0,0.0,200,../../lists/bcms_setimes/list.bcms_setimes.attrib=shap_mpd=8_thresh=0.8_docnorm=T_tfidf=T.csv
0.175,0.825,0.0,0.0,0.0,0.0,0.0,200,../../lists/bcms_setimes/list.bcms_setimes.attrib=shap_mpd=8_thresh=0.9_docnorm=F_tfidf=F.csv
0.19,0.8,0.0,0.0,0.0,0.0,0.0,200,../../lists/bcms_setimes/list.bcms_setimes.attrib=shap_mpd=8_thresh=0.9_docnorm=F_tfidf=T.csv
0.455,0.45,0.0,0.0,0.0,0.0,0.0,200,../../lists/bcms_setimes/list.bcms_setimes.attrib=shap_mpd=8_thresh=0.9_docnorm=T_tfidf=F.csv
0.42,0.455,0.0,0.0,0.0,0.0,0.0,200,../../lists/bcms_setimes/list.bcms_setimes.attrib=shap_mpd=8_thresh=0.9_docnorm=T_tfidf=T.csv
0.175,0.825,0.0,0.0,0.0,0.0,0.0,200,../../lists/bcms_setimes/list.bcms_setimes.attrib=shap_mpd=8_thresh=1.0_docnorm=F_tfidf=F.csv
0.19,0.8,0.0,0.0,0.0,0.0,0.0,200,../../lists/bcms_setimes/list.bcms_setimes.attrib=shap_mpd=8_thresh=1.0_docnorm=F_tfidf=T.csv
0.44,0.515,0.0,0.0,0.0,0.0,0.0,200,../../lists/bcms_setimes/list.bcms_setimes.attrib=shap_mpd=8_thresh=1.0_docnorm=T_tfidf=F.csv
0.415,0.51,0.0,0.0,0.0,0.0,0.0,200,../../lists/bcms_setimes/list.bcms_setimes.attrib=shap_mpd=8_thresh=1.0_docnorm=T_tfidf=T.csv
0.17,0.83,0.0,0.0,0.0,0.0,0.0,200,../../lists/bcms_setimes/list.bcms_setimes.attrib=shap_mpd=9_thresh=0.1_docnorm=F_tfidf=F.csv
0.19,0.8,0.0,0.0,0.0,0.0,0.0,200,../../lists/bcms_setimes/list.bcms_setimes.attrib=shap_mpd=9_thresh=0.1_docnorm=F_tfidf=T.csv
0.33,0.125,0.0,0.0,0.0,0.0,0.0,200,../../lists/bcms_setimes/list.bcms_setimes.attrib=shap_mpd=9_thresh=0.1_docnorm=T_tfidf=F.csv
0.23,0.23,0.0,0.0,0.0,0.0,0.0,200,../../lists/bcms_setimes/list.bcms_setimes.attrib=shap_mpd=9_thresh=0.1_docnorm=T_tfidf=T.csv
0.17,0.83,0.0,0.0,0.0,0.0,0.0,200,../../lists/bcms_setimes/list.bcms_setimes.attrib=shap_mpd=9_thresh=0.2_docnorm=F_tfidf=F.csv
0.19,0.8,0.0,0.0,0.0,0.0,0.0,200,../../lists/bcms_setimes/list.bcms_setimes.attrib=shap_mpd=9_thresh=0.2_docnorm=F_tfidf=T.csv
0.43,0.275,0.0,0.0,0.0,0.0,0.0,200,../../lists/bcms_setimes/list.bcms_setimes.attrib=shap_mpd=9_thresh=0.2_docnorm=T_tfidf=F.csv
0.335,0.33,0.0,0.0,0.0,0.0,0.0,200,../../lists/bcms_setimes/list.bcms_setimes.attrib=shap_mpd=9_thresh=0.2_docnorm=T_tfidf=T.csv
0.17,0.83,0.0,0.0,0.0,0.0,0.0,200,../../lists/bcms_setimes/list.bcms_setimes.attrib=shap_mpd=9_thresh=0.3_docnorm=F_tfidf=F.csv
0.19,0.8,0.0,0.0,0.0,0.0,0.0,200,../../lists/bcms_setimes/list.bcms_setimes.attrib=shap_mpd=9_thresh=0.3_docnorm=F_tfidf=T.csv
0.44,0.325,0.0,0.0,0.0,0.0,0.0,200,../../lists/bcms_setimes/list.bcms_setimes.attrib=shap_mpd=9_thresh=0.3_docnorm=T_tfidf=F.csv
0.36,0.37,0.0,0.0,0.0,0.0,0.0,200,../../lists/bcms_setimes/list.bcms_setimes.attrib=shap_mpd=9_thresh=0.3_docnorm=T_tfidf=T.csv
0.17,0.83,0.0,0.0,0.0,0.0,0.0,200,../../lists/bcms_setimes/list.bcms_setimes.attrib=shap_mpd=9_thresh=0.4_docnorm=F_tfidf=F.csv
0.19,0.8,0.0,0.0,0.0,0.0,0.0,200,../../lists/bcms_setimes/list.bcms_setimes.attrib=shap_mpd=9_thresh=0.4_docnorm=F_tfidf=T.csv
0.435,0.375,0.0,0.0,0.0,0.0,0.0,200,../../lists/bcms_setimes/list.bcms_setimes.attrib=shap_mpd=9_thresh=0.4_docnorm=T_tfidf=F.csv
0.355,0.365,0.0,0.0,0.0,0.0,0.0,200,../../lists/bcms_setimes/list.bcms_setimes.attrib=shap_mpd=9_thresh=0.4_docnorm=T_tfidf=T.csv
0.17,0.83,0.0,0.0,0.0,0.0,0.0,200,../../lists/bcms_setimes/list.bcms_setimes.attrib=shap_mpd=9_thresh=0.5_docnorm=F_tfidf=F.csv
0.19,0.8,0.0,0.0,0.0,0.0,0.0,200,../../lists/bcms_setimes/list.bcms_setimes.attrib=shap_mpd=9_thresh=0.5_docnorm=F_tfidf=T.csv
0.495,0.375,0.0,0.0,0.0,0.0,0.0,200,../../lists/bcms_setimes/list.bcms_setimes.attrib=shap_mpd=9_thresh=0.5_docnorm=T_tfidf=F.csv
0.365,0.4,0.0,0.0,0.0,0.0,0.0,200,../../lists/bcms_setimes/list.bcms_setimes.attrib=shap_mpd=9_thresh=0.5_docnorm=T_tfidf=T.csv
0.17,0.83,0.0,0.0,0.0,0.0,0.0,200,../../lists/bcms_setimes/list.bcms_setimes.attrib=shap_mpd=9_thresh=0.6_docnorm=F_tfidf=F.csv
0.19,0.8,0.0,0.0,0.0,0.0,0.0,200,../../lists/bcms_setimes/list.bcms_setimes.attrib=shap_mpd=9_thresh=0.6_docnorm=F_tfidf=T.csv
0.485,0.37,0.0,0.0,0.0,0.0,0.0,200,../../lists/bcms_setimes/list.bcms_setimes.attrib=shap_mpd=9_thresh=0.6_docnorm=T_tfidf=F.csv
0.395,0.395,0.0,0.0,0.0,0.0,0.0,200,../../lists/bcms_setimes/list.bcms_setimes.attrib=shap_mpd=9_thresh=0.6_docnorm=T_tfidf=T.csv
0.17,0.83,0.0,0.0,0.0,0.0,0.0,200,../../lists/bcms_setimes/list.bcms_setimes.attrib=shap_mpd=9_thresh=0.7_docnorm=F_tfidf=F.csv
0.19,0.8,0.0,0.0,0.0,0.0,0.0,200,../../lists/bcms_setimes/list.bcms_setimes.attrib=shap_mpd=9_thresh=0.7_docnorm=F_tfidf=T.csv
0.46,0.41,0.0,0.0,0.0,0.0,0.0,200,../../lists/bcms_setimes/list.bcms_setimes.attrib=shap_mpd=9_thresh=0.7_docnorm=T_tfidf=F.csv
0.355,0.45,0.0,0.0,0.0,0.0,0.0,200,../../lists/bcms_setimes/list.bcms_setimes.attrib=shap_mpd=9_thresh=0.7_docnorm=T_tfidf=T.csv
0.17,0.83,0.0,0.0,0.0,0.0,0.0,200,../../lists/bcms_setimes/list.bcms_setimes.attrib=shap_mpd=9_thresh=0.8_docnorm=F_tfidf=F.csv
0.19,0.8,0.0,0.0,0.0,0.0,0.0,200,../../lists/bcms_setimes/list.bcms_setimes.attrib=shap_mpd=9_thresh=0.8_docnorm=F_tfidf=T.csv
0.47,0.435,0.0,0.0,0.0,0.0,0.0,200,../../lists/bcms_setimes/list.bcms_setimes.attrib=shap_mpd=9_thresh=0.8_docnorm=T_tfidf=F.csv
0.38,0.46,0.0,0.0,0.0,0.0,0.0,200,../../lists/bcms_setimes/list.bcms_setimes.attrib=shap_mpd=9_thresh=0.8_docnorm=T_tfidf=T.csv
0.17,0.83,0.0,0.0,0.0,0.0,0.0,200,../../lists/bcms_setimes/list.bcms_setimes.attrib=shap_mpd=9_thresh=0.9_docnorm=F_tfidf=F.csv
0.19,0.8,0.0,0.0,0.0,0.0,0.0,200,../../lists/bcms_setimes/list.bcms_setimes.attrib=shap_mpd=9_thresh=0.9_docnorm=F_tfidf=T.csv
0.46,0.44,0.0,0.0,0.0,0.0,0.0,200,../../lists/bcms_setimes/list.bcms_setimes.attrib=shap_mpd=9_thresh=0.9_docnorm=T_tfidf=F.csv
0.435,0.44,0.0,0.0,0.0,0.0,0.0,200,../../lists/bcms_setimes/list.bcms_setimes.attrib=shap_mpd=9_thresh=0.9_docnorm=T_tfidf=T.csv
0.17,0.83,0.0,0.0,0.0,0.0,0.0,200,../../lists/bcms_setimes/list.bcms_setimes.attrib=shap_mpd=9_thresh=1.0_docnorm=F_tfidf=F.csv
0.19,0.8,0.0,0.0,0.0,0.0,0.0,200,../../lists/bcms_setimes/list.bcms_setimes.attrib=shap_mpd=9_thresh=1.0_docnorm=F_tfidf=T.csv
0.45,0.505,0.0,0.0,0.0,0.0,0.0,200,../../lists/bcms_setimes/list.bcms_setimes.attrib=shap_mpd=9_thresh=1.0_docnorm=T_tfidf=F.csv
0.415,0.51,0.0,0.0,0.0,0.0,0.0,200,../../lists/bcms_setimes/list.bcms_setimes.attrib=shap_mpd=9_thresh=1.0_docnorm=T_tfidf=T.csv
