prop_wl,prop_bl,prop_happaxes,prop_lt2,prop_lt3,prop_lt4,prop_lt5,num_extracted,fname
0.285,0.66,0.0,0.0,0.0,0.0,0.0,200,../../lists/estonian_voro/list.estonian_voro.attrib=ig_mpd=10_thresh=0.1_docnorm=F_tfidf=F.csv
0.345,0.585,0.0,0.0,0.0,0.0,0.0,200,../../lists/estonian_voro/list.estonian_voro.attrib=ig_mpd=10_thresh=0.1_docnorm=F_tfidf=T.csv
0.245,0.01,0.855,0.94,0.95,0.955,0.955,200,../../lists/estonian_voro/list.estonian_voro.attrib=ig_mpd=10_thresh=0.1_docnorm=T_tfidf=F.csv
0.275,0.015,0.85,0.93,0.95,0.955,0.955,200,../../lists/estonian_voro/list.estonian_voro.attrib=ig_mpd=10_thresh=0.1_docnorm=T_tfidf=T.csv
0.285,0.66,0.0,0.0,0.0,0.0,0.0,200,../../lists/estonian_voro/list.estonian_voro.attrib=ig_mpd=10_thresh=0.2_docnorm=F_tfidf=F.csv
0.345,0.585,0.0,0.0,0.0,0.0,0.0,200,../../lists/estonian_voro/list.estonian_voro.attrib=ig_mpd=10_thresh=0.2_docnorm=F_tfidf=T.csv
0.585,0.1,0.0,0.3,0.615,0.78,0.815,200,../../lists/estonian_voro/list.estonian_voro.attrib=ig_mpd=10_thresh=0.2_docnorm=T_tfidf=F.csv
0.595,0.1,0.0,0.4,0.7,0.805,0.86,200,../../lists/estonian_voro/list.estonian_voro.attrib=ig_mpd=10_thresh=0.2_docnorm=T_tfidf=T.csv
0.285,0.66,0.0,0.0,0.0,0.0,0.0,200,../../lists/estonian_voro/list.estonian_voro.attrib=ig_mpd=10_thresh=0.3_docnorm=F_tfidf=F.csv
0.345,0.585,0.0,0.0,0.0,0.0,0.0,200,../../lists/estonian_voro/list.estonian_voro.attrib=ig_mpd=10_thresh=0.3_docnorm=F_tfidf=T.csv
0.605,0.135,0.0,0.0,0.005,0.2,0.35,200,../../lists/estonian_voro/list.estonian_voro.attrib=ig_mpd=10_thresh=0.3_docnorm=T_tfidf=F.csv
0.67,0.155,0.0,0.0,0.02,0.225,0.41,200,../../lists/estonian_voro/list.estonian_voro.attrib=ig_mpd=10_thresh=0.3_docnorm=T_tfidf=T.csv
0.285,0.66,0.0,0.0,0.0,0.0,0.0,200,../../lists/estonian_voro/list.estonian_voro.attrib=ig_mpd=10_thresh=0.4_docnorm=F_tfidf=F.csv
0.345,0.585,0.0,0.0,0.0,0.0,0.0,200,../../lists/estonian_voro/list.estonian_voro.attrib=ig_mpd=10_thresh=0.4_docnorm=F_tfidf=T.csv
0.675,0.11,0.0,0.0,0.0,0.0,0.05,200,../../lists/estonian_voro/list.estonian_voro.attrib=ig_mpd=10_thresh=0.4_docnorm=T_tfidf=F.csv
0.685,0.155,0.0,0.0,0.0,0.0,0.11,200,../../lists/estonian_voro/list.estonian_voro.attrib=ig_mpd=10_thresh=0.4_docnorm=T_tfidf=T.csv
0.285,0.66,0.0,0.0,0.0,0.0,0.0,200,../../lists/estonian_voro/list.estonian_voro.attrib=ig_mpd=10_thresh=0.5_docnorm=F_tfidf=F.csv
0.345,0.585,0.0,0.0,0.0,0.0,0.0,200,../../lists/estonian_voro/list.estonian_voro.attrib=ig_mpd=10_thresh=0.5_docnorm=F_tfidf=T.csv
0.7,0.145,0.0,0.0,0.0,0.0,0.0,200,../../lists/estonian_voro/list.estonian_voro.attrib=ig_mpd=10_thresh=0.5_docnorm=T_tfidf=F.csv
0.71,0.195,0.0,0.0,0.0,0.0,0.0,200,../../lists/estonian_voro/list.estonian_voro.attrib=ig_mpd=10_thresh=0.5_docnorm=T_tfidf=T.csv
0.285,0.66,0.0,0.0,0.0,0.0,0.0,200,../../lists/estonian_voro/list.estonian_voro.attrib=ig_mpd=10_thresh=0.6_docnorm=F_tfidf=F.csv
0.345,0.585,0.0,0.0,0.0,0.0,0.0,200,../../lists/estonian_voro/list.estonian_voro.attrib=ig_mpd=10_thresh=0.6_docnorm=F_tfidf=T.csv
0.685,0.2,0.0,0.0,0.0,0.0,0.0,200,../../lists/estonian_voro/list.estonian_voro.attrib=ig_mpd=10_thresh=0.6_docnorm=T_tfidf=F.csv
0.715,0.215,0.0,0.0,0.0,0.0,0.0,200,../../lists/estonian_voro/list.estonian_voro.attrib=ig_mpd=10_thresh=0.6_docnorm=T_tfidf=T.csv
0.285,0.66,0.0,0.0,0.0,0.0,0.0,200,../../lists/estonian_voro/list.estonian_voro.attrib=ig_mpd=10_thresh=0.7_docnorm=F_tfidf=F.csv
0.345,0.59,0.0,0.0,0.0,0.0,0.0,200,../../lists/estonian_voro/list.estonian_voro.attrib=ig_mpd=10_thresh=0.7_docnorm=F_tfidf=T.csv
0.705,0.215,0.0,0.0,0.0,0.0,0.0,200,../../lists/estonian_voro/list.estonian_voro.attrib=ig_mpd=10_thresh=0.7_docnorm=T_tfidf=F.csv
0.735,0.21,0.0,0.0,0.0,0.0,0.0,200,../../lists/estonian_voro/list.estonian_voro.attrib=ig_mpd=10_thresh=0.7_docnorm=T_tfidf=T.csv
0.285,0.66,0.0,0.0,0.0,0.0,0.0,200,../../lists/estonian_voro/list.estonian_voro.attrib=ig_mpd=10_thresh=0.8_docnorm=F_tfidf=F.csv
0.345,0.59,0.0,0.0,0.0,0.0,0.0,200,../../lists/estonian_voro/list.estonian_voro.attrib=ig_mpd=10_thresh=0.8_docnorm=F_tfidf=T.csv
0.635,0.305,0.0,0.0,0.0,0.0,0.0,200,../../lists/estonian_voro/list.estonian_voro.attrib=ig_mpd=10_thresh=0.8_docnorm=T_tfidf=F.csv
0.69,0.245,0.0,0.0,0.0,0.0,0.0,200,../../lists/estonian_voro/list.estonian_voro.attrib=ig_mpd=10_thresh=0.8_docnorm=T_tfidf=T.csv
0.275,0.67,0.0,0.0,0.0,0.0,0.0,200,../../lists/estonian_voro/list.estonian_voro.attrib=ig_mpd=10_thresh=0.9_docnorm=F_tfidf=F.csv
0.33,0.6,0.0,0.0,0.0,0.0,0.0,200,../../lists/estonian_voro/list.estonian_voro.attrib=ig_mpd=10_thresh=0.9_docnorm=F_tfidf=T.csv
0.55,0.385,0.0,0.0,0.0,0.0,0.0,200,../../lists/estonian_voro/list.estonian_voro.attrib=ig_mpd=10_thresh=0.9_docnorm=T_tfidf=F.csv
0.6,0.32,0.0,0.0,0.0,0.0,0.0,200,../../lists/estonian_voro/list.estonian_voro.attrib=ig_mpd=10_thresh=0.9_docnorm=T_tfidf=T.csv
0.25,0.695,0.0,0.0,0.0,0.0,0.0,200,../../lists/estonian_voro/list.estonian_voro.attrib=ig_mpd=10_thresh=1.0_docnorm=F_tfidf=F.csv
0.285,0.655,0.0,0.0,0.0,0.0,0.0,200,../../lists/estonian_voro/list.estonian_voro.attrib=ig_mpd=10_thresh=1.0_docnorm=F_tfidf=T.csv
0.32,0.62,0.0,0.0,0.0,0.0,0.0,200,../../lists/estonian_voro/list.estonian_voro.attrib=ig_mpd=10_thresh=1.0_docnorm=T_tfidf=F.csv
0.33,0.61,0.0,0.0,0.0,0.0,0.0,200,../../lists/estonian_voro/list.estonian_voro.attrib=ig_mpd=10_thresh=1.0_docnorm=T_tfidf=T.csv
0.285,0.66,0.0,0.0,0.0,0.0,0.0,200,../../lists/estonian_voro/list.estonian_voro.attrib=ig_mpd=11_thresh=0.1_docnorm=F_tfidf=F.csv
0.345,0.585,0.0,0.0,0.0,0.0,0.0,200,../../lists/estonian_voro/list.estonian_voro.attrib=ig_mpd=11_thresh=0.1_docnorm=F_tfidf=T.csv
0.24,0.01,0.86,0.94,0.95,0.955,0.955,200,../../lists/estonian_voro/list.estonian_voro.attrib=ig_mpd=11_thresh=0.1_docnorm=T_tfidf=F.csv
0.275,0.015,0.85,0.93,0.95,0.955,0.955,200,../../lists/estonian_voro/list.estonian_voro.attrib=ig_mpd=11_thresh=0.1_docnorm=T_tfidf=T.csv
0.285,0.66,0.0,0.0,0.0,0.0,0.0,200,../../lists/estonian_voro/list.estonian_voro.attrib=ig_mpd=11_thresh=0.2_docnorm=F_tfidf=F.csv
0.345,0.585,0.0,0.0,0.0,0.0,0.0,200,../../lists/estonian_voro/list.estonian_voro.attrib=ig_mpd=11_thresh=0.2_docnorm=F_tfidf=T.csv
0.595,0.095,0.0,0.305,0.61,0.77,0.815,200,../../lists/estonian_voro/list.estonian_voro.attrib=ig_mpd=11_thresh=0.2_docnorm=T_tfidf=F.csv
0.595,0.1,0.0,0.41,0.705,0.81,0.865,200,../../lists/estonian_voro/list.estonian_voro.attrib=ig_mpd=11_thresh=0.2_docnorm=T_tfidf=T.csv
0.285,0.66,0.0,0.0,0.0,0.0,0.0,200,../../lists/estonian_voro/list.estonian_voro.attrib=ig_mpd=11_thresh=0.3_docnorm=F_tfidf=F.csv
0.345,0.585,0.0,0.0,0.0,0.0,0.0,200,../../lists/estonian_voro/list.estonian_voro.attrib=ig_mpd=11_thresh=0.3_docnorm=F_tfidf=T.csv
0.605,0.14,0.0,0.0,0.005,0.195,0.34,200,../../lists/estonian_voro/list.estonian_voro.attrib=ig_mpd=11_thresh=0.3_docnorm=T_tfidf=F.csv
0.665,0.165,0.0,0.0,0.02,0.225,0.41,200,../../lists/estonian_voro/list.estonian_voro.attrib=ig_mpd=11_thresh=0.3_docnorm=T_tfidf=T.csv
0.285,0.66,0.0,0.0,0.0,0.0,0.0,200,../../lists/estonian_voro/list.estonian_voro.attrib=ig_mpd=11_thresh=0.4_docnorm=F_tfidf=F.csv
0.345,0.585,0.0,0.0,0.0,0.0,0.0,200,../../lists/estonian_voro/list.estonian_voro.attrib=ig_mpd=11_thresh=0.4_docnorm=F_tfidf=T.csv
0.67,0.11,0.0,0.0,0.0,0.0,0.05,200,../../lists/estonian_voro/list.estonian_voro.attrib=ig_mpd=11_thresh=0.4_docnorm=T_tfidf=F.csv
0.685,0.16,0.0,0.0,0.0,0.0,0.115,200,../../lists/estonian_voro/list.estonian_voro.attrib=ig_mpd=11_thresh=0.4_docnorm=T_tfidf=T.csv
0.285,0.66,0.0,0.0,0.0,0.0,0.0,200,../../lists/estonian_voro/list.estonian_voro.attrib=ig_mpd=11_thresh=0.5_docnorm=F_tfidf=F.csv
0.345,0.585,0.0,0.0,0.0,0.0,0.0,200,../../lists/estonian_voro/list.estonian_voro.attrib=ig_mpd=11_thresh=0.5_docnorm=F_tfidf=T.csv
0.68,0.16,0.0,0.0,0.0,0.0,0.0,200,../../lists/estonian_voro/list.estonian_voro.attrib=ig_mpd=11_thresh=0.5_docnorm=T_tfidf=F.csv
0.715,0.19,0.0,0.0,0.0,0.0,0.0,200,../../lists/estonian_voro/list.estonian_voro.attrib=ig_mpd=11_thresh=0.5_docnorm=T_tfidf=T.csv
0.285,0.66,0.0,0.0,0.0,0.0,0.0,200,../../lists/estonian_voro/list.estonian_voro.attrib=ig_mpd=11_thresh=0.6_docnorm=F_tfidf=F.csv
0.345,0.585,0.0,0.0,0.0,0.0,0.0,200,../../lists/estonian_voro/list.estonian_voro.attrib=ig_mpd=11_thresh=0.6_docnorm=F_tfidf=T.csv
0.675,0.21,0.0,0.0,0.0,0.0,0.0,200,../../lists/estonian_voro/list.estonian_voro.attrib=ig_mpd=11_thresh=0.6_docnorm=T_tfidf=F.csv
0.71,0.215,0.0,0.0,0.0,0.0,0.0,200,../../lists/estonian_voro/list.estonian_voro.attrib=ig_mpd=11_thresh=0.6_docnorm=T_tfidf=T.csv
0.285,0.66,0.0,0.0,0.0,0.0,0.0,200,../../lists/estonian_voro/list.estonian_voro.attrib=ig_mpd=11_thresh=0.7_docnorm=F_tfidf=F.csv
0.345,0.59,0.0,0.0,0.0,0.0,0.0,200,../../lists/estonian_voro/list.estonian_voro.attrib=ig_mpd=11_thresh=0.7_docnorm=F_tfidf=T.csv
0.7,0.22,0.0,0.0,0.0,0.0,0.0,200,../../lists/estonian_voro/list.estonian_voro.attrib=ig_mpd=11_thresh=0.7_docnorm=T_tfidf=F.csv
0.745,0.2,0.0,0.0,0.0,0.0,0.0,200,../../lists/estonian_voro/list.estonian_voro.attrib=ig_mpd=11_thresh=0.7_docnorm=T_tfidf=T.csv
0.285,0.66,0.0,0.0,0.0,0.0,0.0,200,../../lists/estonian_voro/list.estonian_voro.attrib=ig_mpd=11_thresh=0.8_docnorm=F_tfidf=F.csv
0.345,0.59,0.0,0.0,0.0,0.0,0.0,200,../../lists/estonian_voro/list.estonian_voro.attrib=ig_mpd=11_thresh=0.8_docnorm=F_tfidf=T.csv
0.645,0.295,0.0,0.0,0.0,0.0,0.0,200,../../lists/estonian_voro/list.estonian_voro.attrib=ig_mpd=11_thresh=0.8_docnorm=T_tfidf=F.csv
0.69,0.245,0.0,0.0,0.0,0.0,0.0,200,../../lists/estonian_voro/list.estonian_voro.attrib=ig_mpd=11_thresh=0.8_docnorm=T_tfidf=T.csv
0.275,0.665,0.0,0.0,0.0,0.0,0.0,200,../../lists/estonian_voro/list.estonian_voro.attrib=ig_mpd=11_thresh=0.9_docnorm=F_tfidf=F.csv
0.33,0.6,0.0,0.0,0.0,0.0,0.0,200,../../lists/estonian_voro/list.estonian_voro.attrib=ig_mpd=11_thresh=0.9_docnorm=F_tfidf=T.csv
0.55,0.38,0.0,0.0,0.0,0.0,0.0,200,../../lists/estonian_voro/list.estonian_voro.attrib=ig_mpd=11_thresh=0.9_docnorm=T_tfidf=F.csv
0.6,0.32,0.0,0.0,0.0,0.0,0.0,200,../../lists/estonian_voro/list.estonian_voro.attrib=ig_mpd=11_thresh=0.9_docnorm=T_tfidf=T.csv
0.25,0.695,0.0,0.0,0.0,0.0,0.0,200,../../lists/estonian_voro/list.estonian_voro.attrib=ig_mpd=11_thresh=1.0_docnorm=F_tfidf=F.csv
0.285,0.655,0.0,0.0,0.0,0.0,0.0,200,../../lists/estonian_voro/list.estonian_voro.attrib=ig_mpd=11_thresh=1.0_docnorm=F_tfidf=T.csv
0.325,0.61,0.0,0.0,0.0,0.0,0.0,200,../../lists/estonian_voro/list.estonian_voro.attrib=ig_mpd=11_thresh=1.0_docnorm=T_tfidf=F.csv
0.325,0.61,0.0,0.0,0.0,0.0,0.0,200,../../lists/estonian_voro/list.estonian_voro.attrib=ig_mpd=11_thresh=1.0_docnorm=T_tfidf=T.csv
0.285,0.66,0.0,0.0,0.0,0.0,0.0,200,../../lists/estonian_voro/list.estonian_voro.attrib=ig_mpd=12_thresh=0.1_docnorm=F_tfidf=F.csv
0.345,0.585,0.0,0.0,0.0,0.0,0.0,200,../../lists/estonian_voro/list.estonian_voro.attrib=ig_mpd=12_thresh=0.1_docnorm=F_tfidf=T.csv
0.235,0.01,0.865,0.945,0.955,0.955,0.955,200,../../lists/estonian_voro/list.estonian_voro.attrib=ig_mpd=12_thresh=0.1_docnorm=T_tfidf=F.csv
0.275,0.015,0.85,0.93,0.95,0.955,0.955,200,../../lists/estonian_voro/list.estonian_voro.attrib=ig_mpd=12_thresh=0.1_docnorm=T_tfidf=T.csv
0.285,0.66,0.0,0.0,0.0,0.0,0.0,200,../../lists/estonian_voro/list.estonian_voro.attrib=ig_mpd=12_thresh=0.2_docnorm=F_tfidf=F.csv
0.345,0.585,0.0,0.0,0.0,0.0,0.0,200,../../lists/estonian_voro/list.estonian_voro.attrib=ig_mpd=12_thresh=0.2_docnorm=F_tfidf=T.csv
0.6,0.095,0.0,0.315,0.62,0.78,0.82,200,../../lists/estonian_voro/list.estonian_voro.attrib=ig_mpd=12_thresh=0.2_docnorm=T_tfidf=F.csv
0.595,0.1,0.0,0.41,0.705,0.81,0.865,200,../../lists/estonian_voro/list.estonian_voro.attrib=ig_mpd=12_thresh=0.2_docnorm=T_tfidf=T.csv
0.285,0.66,0.0,0.0,0.0,0.0,0.0,200,../../lists/estonian_voro/list.estonian_voro.attrib=ig_mpd=12_thresh=0.3_docnorm=F_tfidf=F.csv
0.345,0.585,0.0,0.0,0.0,0.0,0.0,200,../../lists/estonian_voro/list.estonian_voro.attrib=ig_mpd=12_thresh=0.3_docnorm=F_tfidf=T.csv
0.615,0.13,0.0,0.0,0.005,0.195,0.335,200,../../lists/estonian_voro/list.estonian_voro.attrib=ig_mpd=12_thresh=0.3_docnorm=T_tfidf=F.csv
0.665,0.165,0.0,0.0,0.02,0.23,0.405,200,../../lists/estonian_voro/list.estonian_voro.attrib=ig_mpd=12_thresh=0.3_docnorm=T_tfidf=T.csv
0.285,0.66,0.0,0.0,0.0,0.0,0.0,200,../../lists/estonian_voro/list.estonian_voro.attrib=ig_mpd=12_thresh=0.4_docnorm=F_tfidf=F.csv
0.345,0.585,0.0,0.0,0.0,0.0,0.0,200,../../lists/estonian_voro/list.estonian_voro.attrib=ig_mpd=12_thresh=0.4_docnorm=F_tfidf=T.csv
0.66,0.125,0.0,0.0,0.0,0.0,0.05,200,../../lists/estonian_voro/list.estonian_voro.attrib=ig_mpd=12_thresh=0.4_docnorm=T_tfidf=F.csv
0.68,0.16,0.0,0.0,0.0,0.0,0.12,200,../../lists/estonian_voro/list.estonian_voro.attrib=ig_mpd=12_thresh=0.4_docnorm=T_tfidf=T.csv
0.285,0.66,0.0,0.0,0.0,0.0,0.0,200,../../lists/estonian_voro/list.estonian_voro.attrib=ig_mpd=12_thresh=0.5_docnorm=F_tfidf=F.csv
0.345,0.585,0.0,0.0,0.0,0.0,0.0,200,../../lists/estonian_voro/list.estonian_voro.attrib=ig_mpd=12_thresh=0.5_docnorm=F_tfidf=T.csv
0.68,0.16,0.0,0.0,0.0,0.0,0.0,200,../../lists/estonian_voro/list.estonian_voro.attrib=ig_mpd=12_thresh=0.5_docnorm=T_tfidf=F.csv
0.725,0.18,0.0,0.0,0.0,0.0,0.0,200,../../lists/estonian_voro/list.estonian_voro.attrib=ig_mpd=12_thresh=0.5_docnorm=T_tfidf=T.csv
0.285,0.66,0.0,0.0,0.0,0.0,0.0,200,../../lists/estonian_voro/list.estonian_voro.attrib=ig_mpd=12_thresh=0.6_docnorm=F_tfidf=F.csv
0.345,0.585,0.0,0.0,0.0,0.0,0.0,200,../../lists/estonian_voro/list.estonian_voro.attrib=ig_mpd=12_thresh=0.6_docnorm=F_tfidf=T.csv
0.685,0.2,0.0,0.0,0.0,0.0,0.0,200,../../lists/estonian_voro/list.estonian_voro.attrib=ig_mpd=12_thresh=0.6_docnorm=T_tfidf=F.csv
0.705,0.215,0.0,0.0,0.0,0.0,0.0,200,../../lists/estonian_voro/list.estonian_voro.attrib=ig_mpd=12_thresh=0.6_docnorm=T_tfidf=T.csv
0.285,0.66,0.0,0.0,0.0,0.0,0.0,200,../../lists/estonian_voro/list.estonian_voro.attrib=ig_mpd=12_thresh=0.7_docnorm=F_tfidf=F.csv
0.345,0.59,0.0,0.0,0.0,0.0,0.0,200,../../lists/estonian_voro/list.estonian_voro.attrib=ig_mpd=12_thresh=0.7_docnorm=F_tfidf=T.csv
0.705,0.215,0.0,0.0,0.0,0.0,0.0,200,../../lists/estonian_voro/list.estonian_voro.attrib=ig_mpd=12_thresh=0.7_docnorm=T_tfidf=F.csv
0.745,0.2,0.0,0.0,0.0,0.0,0.0,200,../../lists/estonian_voro/list.estonian_voro.attrib=ig_mpd=12_thresh=0.7_docnorm=T_tfidf=T.csv
0.285,0.66,0.0,0.0,0.0,0.0,0.0,200,../../lists/estonian_voro/list.estonian_voro.attrib=ig_mpd=12_thresh=0.8_docnorm=F_tfidf=F.csv
0.345,0.59,0.0,0.0,0.0,0.0,0.0,200,../../lists/estonian_voro/list.estonian_voro.attrib=ig_mpd=12_thresh=0.8_docnorm=F_tfidf=T.csv
0.655,0.285,0.0,0.0,0.0,0.0,0.0,200,../../lists/estonian_voro/list.estonian_voro.attrib=ig_mpd=12_thresh=0.8_docnorm=T_tfidf=F.csv
0.695,0.245,0.0,0.0,0.0,0.0,0.0,200,../../lists/estonian_voro/list.estonian_voro.attrib=ig_mpd=12_thresh=0.8_docnorm=T_tfidf=T.csv
0.275,0.665,0.0,0.0,0.0,0.0,0.0,200,../../lists/estonian_voro/list.estonian_voro.attrib=ig_mpd=12_thresh=0.9_docnorm=F_tfidf=F.csv
0.33,0.6,0.0,0.0,0.0,0.0,0.0,200,../../lists/estonian_voro/list.estonian_voro.attrib=ig_mpd=12_thresh=0.9_docnorm=F_tfidf=T.csv
0.545,0.375,0.0,0.0,0.0,0.0,0.0,200,../../lists/estonian_voro/list.estonian_voro.attrib=ig_mpd=12_thresh=0.9_docnorm=T_tfidf=F.csv
0.61,0.31,0.0,0.0,0.0,0.0,0.0,200,../../lists/estonian_voro/list.estonian_voro.attrib=ig_mpd=12_thresh=0.9_docnorm=T_tfidf=T.csv
0.25,0.695,0.0,0.0,0.0,0.0,0.0,200,../../lists/estonian_voro/list.estonian_voro.attrib=ig_mpd=12_thresh=1.0_docnorm=F_tfidf=F.csv
0.285,0.655,0.0,0.0,0.0,0.0,0.0,200,../../lists/estonian_voro/list.estonian_voro.attrib=ig_mpd=12_thresh=1.0_docnorm=F_tfidf=T.csv
0.335,0.6,0.0,0.0,0.0,0.0,0.0,200,../../lists/estonian_voro/list.estonian_voro.attrib=ig_mpd=12_thresh=1.0_docnorm=T_tfidf=F.csv
0.34,0.595,0.0,0.0,0.0,0.0,0.0,200,../../lists/estonian_voro/list.estonian_voro.attrib=ig_mpd=12_thresh=1.0_docnorm=T_tfidf=T.csv
0.285,0.66,0.0,0.0,0.0,0.0,0.0,200,../../lists/estonian_voro/list.estonian_voro.attrib=ig_mpd=13_thresh=0.1_docnorm=F_tfidf=F.csv
0.345,0.585,0.0,0.0,0.0,0.0,0.0,200,../../lists/estonian_voro/list.estonian_voro.attrib=ig_mpd=13_thresh=0.1_docnorm=F_tfidf=T.csv
0.235,0.01,0.865,0.945,0.955,0.955,0.955,200,../../lists/estonian_voro/list.estonian_voro.attrib=ig_mpd=13_thresh=0.1_docnorm=T_tfidf=F.csv
0.275,0.015,0.85,0.93,0.95,0.955,0.955,200,../../lists/estonian_voro/list.estonian_voro.attrib=ig_mpd=13_thresh=0.1_docnorm=T_tfidf=T.csv
0.285,0.66,0.0,0.0,0.0,0.0,0.0,200,../../lists/estonian_voro/list.estonian_voro.attrib=ig_mpd=13_thresh=0.2_docnorm=F_tfidf=F.csv
0.345,0.585,0.0,0.0,0.0,0.0,0.0,200,../../lists/estonian_voro/list.estonian_voro.attrib=ig_mpd=13_thresh=0.2_docnorm=F_tfidf=T.csv
0.605,0.09,0.0,0.325,0.635,0.79,0.83,200,../../lists/estonian_voro/list.estonian_voro.attrib=ig_mpd=13_thresh=0.2_docnorm=T_tfidf=F.csv
0.595,0.1,0.0,0.42,0.715,0.81,0.865,200,../../lists/estonian_voro/list.estonian_voro.attrib=ig_mpd=13_thresh=0.2_docnorm=T_tfidf=T.csv
0.285,0.66,0.0,0.0,0.0,0.0,0.0,200,../../lists/estonian_voro/list.estonian_voro.attrib=ig_mpd=13_thresh=0.3_docnorm=F_tfidf=F.csv
0.345,0.585,0.0,0.0,0.0,0.0,0.0,200,../../lists/estonian_voro/list.estonian_voro.attrib=ig_mpd=13_thresh=0.3_docnorm=F_tfidf=T.csv
0.62,0.125,0.0,0.0,0.005,0.205,0.345,200,../../lists/estonian_voro/list.estonian_voro.attrib=ig_mpd=13_thresh=0.3_docnorm=T_tfidf=F.csv
0.665,0.165,0.0,0.0,0.02,0.24,0.405,200,../../lists/estonian_voro/list.estonian_voro.attrib=ig_mpd=13_thresh=0.3_docnorm=T_tfidf=T.csv
0.285,0.66,0.0,0.0,0.0,0.0,0.0,200,../../lists/estonian_voro/list.estonian_voro.attrib=ig_mpd=13_thresh=0.4_docnorm=F_tfidf=F.csv
0.345,0.585,0.0,0.0,0.0,0.0,0.0,200,../../lists/estonian_voro/list.estonian_voro.attrib=ig_mpd=13_thresh=0.4_docnorm=F_tfidf=T.csv
0.65,0.125,0.0,0.0,0.0,0.0,0.05,200,../../lists/estonian_voro/list.estonian_voro.attrib=ig_mpd=13_thresh=0.4_docnorm=T_tfidf=F.csv
0.685,0.16,0.0,0.0,0.0,0.0,0.12,200,../../lists/estonian_voro/list.estonian_voro.attrib=ig_mpd=13_thresh=0.4_docnorm=T_tfidf=T.csv
0.285,0.66,0.0,0.0,0.0,0.0,0.0,200,../../lists/estonian_voro/list.estonian_voro.attrib=ig_mpd=13_thresh=0.5_docnorm=F_tfidf=F.csv
0.345,0.585,0.0,0.0,0.0,0.0,0.0,200,../../lists/estonian_voro/list.estonian_voro.attrib=ig_mpd=13_thresh=0.5_docnorm=F_tfidf=T.csv
0.695,0.16,0.0,0.0,0.0,0.0,0.0,200,../../lists/estonian_voro/list.estonian_voro.attrib=ig_mpd=13_thresh=0.5_docnorm=T_tfidf=F.csv
0.735,0.165,0.0,0.0,0.0,0.0,0.0,200,../../lists/estonian_voro/list.estonian_voro.attrib=ig_mpd=13_thresh=0.5_docnorm=T_tfidf=T.csv
0.285,0.66,0.0,0.0,0.0,0.0,0.0,200,../../lists/estonian_voro/list.estonian_voro.attrib=ig_mpd=13_thresh=0.6_docnorm=F_tfidf=F.csv
0.345,0.585,0.0,0.0,0.0,0.0,0.0,200,../../lists/estonian_voro/list.estonian_voro.attrib=ig_mpd=13_thresh=0.6_docnorm=F_tfidf=T.csv
0.68,0.21,0.0,0.0,0.0,0.0,0.0,200,../../lists/estonian_voro/list.estonian_voro.attrib=ig_mpd=13_thresh=0.6_docnorm=T_tfidf=F.csv
0.705,0.215,0.0,0.0,0.0,0.0,0.0,200,../../lists/estonian_voro/list.estonian_voro.attrib=ig_mpd=13_thresh=0.6_docnorm=T_tfidf=T.csv
0.285,0.66,0.0,0.0,0.0,0.0,0.0,200,../../lists/estonian_voro/list.estonian_voro.attrib=ig_mpd=13_thresh=0.7_docnorm=F_tfidf=F.csv
0.345,0.59,0.0,0.0,0.0,0.0,0.0,200,../../lists/estonian_voro/list.estonian_voro.attrib=ig_mpd=13_thresh=0.7_docnorm=F_tfidf=T.csv
0.705,0.215,0.0,0.0,0.0,0.0,0.0,200,../../lists/estonian_voro/list.estonian_voro.attrib=ig_mpd=13_thresh=0.7_docnorm=T_tfidf=F.csv
0.745,0.2,0.0,0.0,0.0,0.0,0.0,200,../../lists/estonian_voro/list.estonian_voro.attrib=ig_mpd=13_thresh=0.7_docnorm=T_tfidf=T.csv
0.285,0.66,0.0,0.0,0.0,0.0,0.0,200,../../lists/estonian_voro/list.estonian_voro.attrib=ig_mpd=13_thresh=0.8_docnorm=F_tfidf=F.csv
0.345,0.59,0.0,0.0,0.0,0.0,0.0,200,../../lists/estonian_voro/list.estonian_voro.attrib=ig_mpd=13_thresh=0.8_docnorm=F_tfidf=T.csv
0.655,0.28,0.0,0.0,0.0,0.0,0.0,200,../../lists/estonian_voro/list.estonian_voro.attrib=ig_mpd=13_thresh=0.8_docnorm=T_tfidf=F.csv
0.7,0.24,0.0,0.0,0.0,0.0,0.0,200,../../lists/estonian_voro/list.estonian_voro.attrib=ig_mpd=13_thresh=0.8_docnorm=T_tfidf=T.csv
0.275,0.665,0.0,0.0,0.0,0.0,0.0,200,../../lists/estonian_voro/list.estonian_voro.attrib=ig_mpd=13_thresh=0.9_docnorm=F_tfidf=F.csv
0.33,0.6,0.0,0.0,0.0,0.0,0.0,200,../../lists/estonian_voro/list.estonian_voro.attrib=ig_mpd=13_thresh=0.9_docnorm=F_tfidf=T.csv
0.55,0.37,0.0,0.0,0.0,0.0,0.0,200,../../lists/estonian_voro/list.estonian_voro.attrib=ig_mpd=13_thresh=0.9_docnorm=T_tfidf=F.csv
0.61,0.31,0.0,0.0,0.0,0.0,0.0,200,../../lists/estonian_voro/list.estonian_voro.attrib=ig_mpd=13_thresh=0.9_docnorm=T_tfidf=T.csv
0.255,0.69,0.0,0.0,0.0,0.0,0.0,200,../../lists/estonian_voro/list.estonian_voro.attrib=ig_mpd=13_thresh=1.0_docnorm=F_tfidf=F.csv
0.285,0.66,0.0,0.0,0.0,0.0,0.0,200,../../lists/estonian_voro/list.estonian_voro.attrib=ig_mpd=13_thresh=1.0_docnorm=F_tfidf=T.csv
0.34,0.595,0.0,0.0,0.0,0.0,0.0,200,../../lists/estonian_voro/list.estonian_voro.attrib=ig_mpd=13_thresh=1.0_docnorm=T_tfidf=F.csv
0.345,0.595,0.0,0.0,0.0,0.0,0.0,200,../../lists/estonian_voro/list.estonian_voro.attrib=ig_mpd=13_thresh=1.0_docnorm=T_tfidf=T.csv
0.285,0.655,0.0,0.0,0.0,0.0,0.0,200,../../lists/estonian_voro/list.estonian_voro.attrib=ig_mpd=14_thresh=0.1_docnorm=F_tfidf=F.csv
0.345,0.585,0.0,0.0,0.0,0.0,0.0,200,../../lists/estonian_voro/list.estonian_voro.attrib=ig_mpd=14_thresh=0.1_docnorm=F_tfidf=T.csv
0.235,0.01,0.87,0.945,0.955,0.955,0.955,200,../../lists/estonian_voro/list.estonian_voro.attrib=ig_mpd=14_thresh=0.1_docnorm=T_tfidf=F.csv
0.28,0.015,0.85,0.93,0.95,0.955,0.955,200,../../lists/estonian_voro/list.estonian_voro.attrib=ig_mpd=14_thresh=0.1_docnorm=T_tfidf=T.csv
0.285,0.655,0.0,0.0,0.0,0.0,0.0,200,../../lists/estonian_voro/list.estonian_voro.attrib=ig_mpd=14_thresh=0.2_docnorm=F_tfidf=F.csv
0.345,0.585,0.0,0.0,0.0,0.0,0.0,200,../../lists/estonian_voro/list.estonian_voro.attrib=ig_mpd=14_thresh=0.2_docnorm=F_tfidf=T.csv
0.6,0.09,0.0,0.335,0.645,0.8,0.84,200,../../lists/estonian_voro/list.estonian_voro.attrib=ig_mpd=14_thresh=0.2_docnorm=T_tfidf=F.csv
0.6,0.1,0.0,0.42,0.715,0.81,0.865,200,../../lists/estonian_voro/list.estonian_voro.attrib=ig_mpd=14_thresh=0.2_docnorm=T_tfidf=T.csv
0.285,0.655,0.0,0.0,0.0,0.0,0.0,200,../../lists/estonian_voro/list.estonian_voro.attrib=ig_mpd=14_thresh=0.3_docnorm=F_tfidf=F.csv
0.345,0.585,0.0,0.0,0.0,0.0,0.0,200,../../lists/estonian_voro/list.estonian_voro.attrib=ig_mpd=14_thresh=0.3_docnorm=F_tfidf=T.csv
0.62,0.12,0.0,0.0,0.005,0.22,0.36,200,../../lists/estonian_voro/list.estonian_voro.attrib=ig_mpd=14_thresh=0.3_docnorm=T_tfidf=F.csv
0.675,0.16,0.0,0.0,0.02,0.25,0.415,200,../../lists/estonian_voro/list.estonian_voro.attrib=ig_mpd=14_thresh=0.3_docnorm=T_tfidf=T.csv
0.285,0.655,0.0,0.0,0.0,0.0,0.0,200,../../lists/estonian_voro/list.estonian_voro.attrib=ig_mpd=14_thresh=0.4_docnorm=F_tfidf=F.csv
0.345,0.585,0.0,0.0,0.0,0.0,0.0,200,../../lists/estonian_voro/list.estonian_voro.attrib=ig_mpd=14_thresh=0.4_docnorm=F_tfidf=T.csv
0.645,0.125,0.0,0.0,0.0,0.0,0.055,200,../../lists/estonian_voro/list.estonian_voro.attrib=ig_mpd=14_thresh=0.4_docnorm=T_tfidf=F.csv
0.68,0.16,0.0,0.0,0.0,0.0,0.13,200,../../lists/estonian_voro/list.estonian_voro.attrib=ig_mpd=14_thresh=0.4_docnorm=T_tfidf=T.csv
0.285,0.655,0.0,0.0,0.0,0.0,0.0,200,../../lists/estonian_voro/list.estonian_voro.attrib=ig_mpd=14_thresh=0.5_docnorm=F_tfidf=F.csv
0.345,0.585,0.0,0.0,0.0,0.0,0.0,200,../../lists/estonian_voro/list.estonian_voro.attrib=ig_mpd=14_thresh=0.5_docnorm=F_tfidf=T.csv
0.695,0.16,0.0,0.0,0.0,0.0,0.0,200,../../lists/estonian_voro/list.estonian_voro.attrib=ig_mpd=14_thresh=0.5_docnorm=T_tfidf=F.csv
0.735,0.165,0.0,0.0,0.0,0.0,0.0,200,../../lists/estonian_voro/list.estonian_voro.attrib=ig_mpd=14_thresh=0.5_docnorm=T_tfidf=T.csv
0.285,0.655,0.0,0.0,0.0,0.0,0.0,200,../../lists/estonian_voro/list.estonian_voro.attrib=ig_mpd=14_thresh=0.6_docnorm=F_tfidf=F.csv
0.345,0.585,0.0,0.0,0.0,0.0,0.0,200,../../lists/estonian_voro/list.estonian_voro.attrib=ig_mpd=14_thresh=0.6_docnorm=F_tfidf=T.csv
0.67,0.215,0.0,0.0,0.0,0.0,0.0,200,../../lists/estonian_voro/list.estonian_voro.attrib=ig_mpd=14_thresh=0.6_docnorm=T_tfidf=F.csv
0.7,0.22,0.0,0.0,0.0,0.0,0.0,200,../../lists/estonian_voro/list.estonian_voro.attrib=ig_mpd=14_thresh=0.6_docnorm=T_tfidf=T.csv
0.285,0.655,0.0,0.0,0.0,0.0,0.0,200,../../lists/estonian_voro/list.estonian_voro.attrib=ig_mpd=14_thresh=0.7_docnorm=F_tfidf=F.csv
0.345,0.59,0.0,0.0,0.0,0.0,0.0,200,../../lists/estonian_voro/list.estonian_voro.attrib=ig_mpd=14_thresh=0.7_docnorm=F_tfidf=T.csv
0.705,0.215,0.0,0.0,0.0,0.0,0.0,200,../../lists/estonian_voro/list.estonian_voro.attrib=ig_mpd=14_thresh=0.7_docnorm=T_tfidf=F.csv
0.74,0.2,0.0,0.0,0.0,0.0,0.0,200,../../lists/estonian_voro/list.estonian_voro.attrib=ig_mpd=14_thresh=0.7_docnorm=T_tfidf=T.csv
0.285,0.655,0.0,0.0,0.0,0.0,0.0,200,../../lists/estonian_voro/list.estonian_voro.attrib=ig_mpd=14_thresh=0.8_docnorm=F_tfidf=F.csv
0.345,0.59,0.0,0.0,0.0,0.0,0.0,200,../../lists/estonian_voro/list.estonian_voro.attrib=ig_mpd=14_thresh=0.8_docnorm=F_tfidf=T.csv
0.66,0.275,0.0,0.0,0.0,0.0,0.0,200,../../lists/estonian_voro/list.estonian_voro.attrib=ig_mpd=14_thresh=0.8_docnorm=T_tfidf=F.csv
0.7,0.24,0.0,0.0,0.0,0.0,0.0,200,../../lists/estonian_voro/list.estonian_voro.attrib=ig_mpd=14_thresh=0.8_docnorm=T_tfidf=T.csv
0.275,0.665,0.0,0.0,0.0,0.0,0.0,200,../../lists/estonian_voro/list.estonian_voro.attrib=ig_mpd=14_thresh=0.9_docnorm=F_tfidf=F.csv
0.33,0.6,0.0,0.0,0.0,0.0,0.0,200,../../lists/estonian_voro/list.estonian_voro.attrib=ig_mpd=14_thresh=0.9_docnorm=F_tfidf=T.csv
0.545,0.375,0.0,0.0,0.0,0.0,0.0,200,../../lists/estonian_voro/list.estonian_voro.attrib=ig_mpd=14_thresh=0.9_docnorm=T_tfidf=F.csv
0.605,0.315,0.0,0.0,0.0,0.0,0.0,200,../../lists/estonian_voro/list.estonian_voro.attrib=ig_mpd=14_thresh=0.9_docnorm=T_tfidf=T.csv
0.255,0.69,0.0,0.0,0.0,0.0,0.0,200,../../lists/estonian_voro/list.estonian_voro.attrib=ig_mpd=14_thresh=1.0_docnorm=F_tfidf=F.csv
0.285,0.66,0.0,0.0,0.0,0.0,0.0,200,../../lists/estonian_voro/list.estonian_voro.attrib=ig_mpd=14_thresh=1.0_docnorm=F_tfidf=T.csv
0.35,0.585,0.0,0.0,0.0,0.0,0.0,200,../../lists/estonian_voro/list.estonian_voro.attrib=ig_mpd=14_thresh=1.0_docnorm=T_tfidf=F.csv
0.355,0.585,0.0,0.0,0.0,0.0,0.0,200,../../lists/estonian_voro/list.estonian_voro.attrib=ig_mpd=14_thresh=1.0_docnorm=T_tfidf=T.csv
0.285,0.655,0.0,0.0,0.0,0.0,0.0,200,../../lists/estonian_voro/list.estonian_voro.attrib=ig_mpd=15_thresh=0.1_docnorm=F_tfidf=F.csv
0.345,0.585,0.0,0.0,0.0,0.0,0.0,200,../../lists/estonian_voro/list.estonian_voro.attrib=ig_mpd=15_thresh=0.1_docnorm=F_tfidf=T.csv
0.235,0.01,0.87,0.945,0.955,0.955,0.955,200,../../lists/estonian_voro/list.estonian_voro.attrib=ig_mpd=15_thresh=0.1_docnorm=T_tfidf=F.csv
0.28,0.015,0.85,0.93,0.95,0.955,0.955,200,../../lists/estonian_voro/list.estonian_voro.attrib=ig_mpd=15_thresh=0.1_docnorm=T_tfidf=T.csv
0.285,0.655,0.0,0.0,0.0,0.0,0.0,200,../../lists/estonian_voro/list.estonian_voro.attrib=ig_mpd=15_thresh=0.2_docnorm=F_tfidf=F.csv
0.345,0.585,0.0,0.0,0.0,0.0,0.0,200,../../lists/estonian_voro/list.estonian_voro.attrib=ig_mpd=15_thresh=0.2_docnorm=F_tfidf=T.csv
0.595,0.09,0.0,0.34,0.65,0.8,0.84,200,../../lists/estonian_voro/list.estonian_voro.attrib=ig_mpd=15_thresh=0.2_docnorm=T_tfidf=F.csv
0.6,0.1,0.0,0.42,0.715,0.81,0.865,200,../../lists/estonian_voro/list.estonian_voro.attrib=ig_mpd=15_thresh=0.2_docnorm=T_tfidf=T.csv
0.285,0.655,0.0,0.0,0.0,0.0,0.0,200,../../lists/estonian_voro/list.estonian_voro.attrib=ig_mpd=15_thresh=0.3_docnorm=F_tfidf=F.csv
0.345,0.585,0.0,0.0,0.0,0.0,0.0,200,../../lists/estonian_voro/list.estonian_voro.attrib=ig_mpd=15_thresh=0.3_docnorm=F_tfidf=T.csv
0.62,0.12,0.0,0.0,0.005,0.225,0.365,200,../../lists/estonian_voro/list.estonian_voro.attrib=ig_mpd=15_thresh=0.3_docnorm=T_tfidf=F.csv
0.685,0.15,0.0,0.0,0.02,0.25,0.43,200,../../lists/estonian_voro/list.estonian_voro.attrib=ig_mpd=15_thresh=0.3_docnorm=T_tfidf=T.csv
0.285,0.655,0.0,0.0,0.0,0.0,0.0,200,../../lists/estonian_voro/list.estonian_voro.attrib=ig_mpd=15_thresh=0.4_docnorm=F_tfidf=F.csv
0.345,0.585,0.0,0.0,0.0,0.0,0.0,200,../../lists/estonian_voro/list.estonian_voro.attrib=ig_mpd=15_thresh=0.4_docnorm=F_tfidf=T.csv
0.655,0.12,0.0,0.0,0.0,0.0,0.05,200,../../lists/estonian_voro/list.estonian_voro.attrib=ig_mpd=15_thresh=0.4_docnorm=T_tfidf=F.csv
0.68,0.16,0.0,0.0,0.0,0.0,0.13,200,../../lists/estonian_voro/list.estonian_voro.attrib=ig_mpd=15_thresh=0.4_docnorm=T_tfidf=T.csv
0.285,0.655,0.0,0.0,0.0,0.0,0.0,200,../../lists/estonian_voro/list.estonian_voro.attrib=ig_mpd=15_thresh=0.5_docnorm=F_tfidf=F.csv
0.345,0.585,0.0,0.0,0.0,0.0,0.0,200,../../lists/estonian_voro/list.estonian_voro.attrib=ig_mpd=15_thresh=0.5_docnorm=F_tfidf=T.csv
0.7,0.15,0.0,0.0,0.0,0.0,0.0,200,../../lists/estonian_voro/list.estonian_voro.attrib=ig_mpd=15_thresh=0.5_docnorm=T_tfidf=F.csv
0.73,0.17,0.0,0.0,0.0,0.0,0.0,200,../../lists/estonian_voro/list.estonian_voro.attrib=ig_mpd=15_thresh=0.5_docnorm=T_tfidf=T.csv
0.285,0.655,0.0,0.0,0.0,0.0,0.0,200,../../lists/estonian_voro/list.estonian_voro.attrib=ig_mpd=15_thresh=0.6_docnorm=F_tfidf=F.csv
0.345,0.585,0.0,0.0,0.0,0.0,0.0,200,../../lists/estonian_voro/list.estonian_voro.attrib=ig_mpd=15_thresh=0.6_docnorm=F_tfidf=T.csv
0.655,0.22,0.0,0.0,0.0,0.0,0.0,200,../../lists/estonian_voro/list.estonian_voro.attrib=ig_mpd=15_thresh=0.6_docnorm=T_tfidf=F.csv
0.71,0.21,0.0,0.0,0.0,0.0,0.0,200,../../lists/estonian_voro/list.estonian_voro.attrib=ig_mpd=15_thresh=0.6_docnorm=T_tfidf=T.csv
0.285,0.655,0.0,0.0,0.0,0.0,0.0,200,../../lists/estonian_voro/list.estonian_voro.attrib=ig_mpd=15_thresh=0.7_docnorm=F_tfidf=F.csv
0.345,0.59,0.0,0.0,0.0,0.0,0.0,200,../../lists/estonian_voro/list.estonian_voro.attrib=ig_mpd=15_thresh=0.7_docnorm=F_tfidf=T.csv
0.705,0.215,0.0,0.0,0.0,0.0,0.0,200,../../lists/estonian_voro/list.estonian_voro.attrib=ig_mpd=15_thresh=0.7_docnorm=T_tfidf=F.csv
0.74,0.2,0.0,0.0,0.0,0.0,0.0,200,../../lists/estonian_voro/list.estonian_voro.attrib=ig_mpd=15_thresh=0.7_docnorm=T_tfidf=T.csv
0.285,0.655,0.0,0.0,0.0,0.0,0.0,200,../../lists/estonian_voro/list.estonian_voro.attrib=ig_mpd=15_thresh=0.8_docnorm=F_tfidf=F.csv
0.345,0.59,0.0,0.0,0.0,0.0,0.0,200,../../lists/estonian_voro/list.estonian_voro.attrib=ig_mpd=15_thresh=0.8_docnorm=F_tfidf=T.csv
0.665,0.275,0.0,0.0,0.0,0.0,0.0,200,../../lists/estonian_voro/list.estonian_voro.attrib=ig_mpd=15_thresh=0.8_docnorm=T_tfidf=F.csv
0.695,0.25,0.0,0.0,0.0,0.0,0.0,200,../../lists/estonian_voro/list.estonian_voro.attrib=ig_mpd=15_thresh=0.8_docnorm=T_tfidf=T.csv
0.275,0.665,0.0,0.0,0.0,0.0,0.0,200,../../lists/estonian_voro/list.estonian_voro.attrib=ig_mpd=15_thresh=0.9_docnorm=F_tfidf=F.csv
0.33,0.6,0.0,0.0,0.0,0.0,0.0,200,../../lists/estonian_voro/list.estonian_voro.attrib=ig_mpd=15_thresh=0.9_docnorm=F_tfidf=T.csv
0.545,0.375,0.0,0.0,0.0,0.0,0.0,200,../../lists/estonian_voro/list.estonian_voro.attrib=ig_mpd=15_thresh=0.9_docnorm=T_tfidf=F.csv
0.605,0.31,0.0,0.0,0.0,0.0,0.0,200,../../lists/estonian_voro/list.estonian_voro.attrib=ig_mpd=15_thresh=0.9_docnorm=T_tfidf=T.csv
0.26,0.685,0.0,0.0,0.0,0.0,0.0,200,../../lists/estonian_voro/list.estonian_voro.attrib=ig_mpd=15_thresh=1.0_docnorm=F_tfidf=F.csv
0.29,0.655,0.0,0.0,0.0,0.0,0.0,200,../../lists/estonian_voro/list.estonian_voro.attrib=ig_mpd=15_thresh=1.0_docnorm=F_tfidf=T.csv
0.36,0.575,0.0,0.0,0.0,0.0,0.0,200,../../lists/estonian_voro/list.estonian_voro.attrib=ig_mpd=15_thresh=1.0_docnorm=T_tfidf=F.csv
0.365,0.575,0.0,0.0,0.0,0.0,0.0,200,../../lists/estonian_voro/list.estonian_voro.attrib=ig_mpd=15_thresh=1.0_docnorm=T_tfidf=T.csv
0.29,0.65,0.0,0.0,0.0,0.0,0.0,200,../../lists/estonian_voro/list.estonian_voro.attrib=ig_mpd=16_thresh=0.1_docnorm=F_tfidf=F.csv
0.345,0.585,0.0,0.0,0.0,0.0,0.0,200,../../lists/estonian_voro/list.estonian_voro.attrib=ig_mpd=16_thresh=0.1_docnorm=F_tfidf=T.csv
0.235,0.01,0.87,0.945,0.955,0.955,0.955,200,../../lists/estonian_voro/list.estonian_voro.attrib=ig_mpd=16_thresh=0.1_docnorm=T_tfidf=F.csv
0.28,0.015,0.85,0.93,0.95,0.955,0.955,200,../../lists/estonian_voro/list.estonian_voro.attrib=ig_mpd=16_thresh=0.1_docnorm=T_tfidf=T.csv
0.29,0.65,0.0,0.0,0.0,0.0,0.0,200,../../lists/estonian_voro/list.estonian_voro.attrib=ig_mpd=16_thresh=0.2_docnorm=F_tfidf=F.csv
0.345,0.585,0.0,0.0,0.0,0.0,0.0,200,../../lists/estonian_voro/list.estonian_voro.attrib=ig_mpd=16_thresh=0.2_docnorm=F_tfidf=T.csv
0.6,0.09,0.0,0.34,0.645,0.8,0.84,200,../../lists/estonian_voro/list.estonian_voro.attrib=ig_mpd=16_thresh=0.2_docnorm=T_tfidf=F.csv
0.595,0.1,0.0,0.425,0.715,0.81,0.865,200,../../lists/estonian_voro/list.estonian_voro.attrib=ig_mpd=16_thresh=0.2_docnorm=T_tfidf=T.csv
0.29,0.65,0.0,0.0,0.0,0.0,0.0,200,../../lists/estonian_voro/list.estonian_voro.attrib=ig_mpd=16_thresh=0.3_docnorm=F_tfidf=F.csv
0.345,0.585,0.0,0.0,0.0,0.0,0.0,200,../../lists/estonian_voro/list.estonian_voro.attrib=ig_mpd=16_thresh=0.3_docnorm=F_tfidf=T.csv
0.635,0.115,0.0,0.0,0.01,0.225,0.37,200,../../lists/estonian_voro/list.estonian_voro.attrib=ig_mpd=16_thresh=0.3_docnorm=T_tfidf=F.csv
0.685,0.15,0.0,0.0,0.02,0.25,0.43,200,../../lists/estonian_voro/list.estonian_voro.attrib=ig_mpd=16_thresh=0.3_docnorm=T_tfidf=T.csv
0.29,0.65,0.0,0.0,0.0,0.0,0.0,200,../../lists/estonian_voro/list.estonian_voro.attrib=ig_mpd=16_thresh=0.4_docnorm=F_tfidf=F.csv
0.345,0.585,0.0,0.0,0.0,0.0,0.0,200,../../lists/estonian_voro/list.estonian_voro.attrib=ig_mpd=16_thresh=0.4_docnorm=F_tfidf=T.csv
0.655,0.12,0.0,0.0,0.0,0.0,0.05,200,../../lists/estonian_voro/list.estonian_voro.attrib=ig_mpd=16_thresh=0.4_docnorm=T_tfidf=F.csv
0.68,0.16,0.0,0.0,0.0,0.0,0.13,200,../../lists/estonian_voro/list.estonian_voro.attrib=ig_mpd=16_thresh=0.4_docnorm=T_tfidf=T.csv
0.29,0.65,0.0,0.0,0.0,0.0,0.0,200,../../lists/estonian_voro/list.estonian_voro.attrib=ig_mpd=16_thresh=0.5_docnorm=F_tfidf=F.csv
0.345,0.585,0.0,0.0,0.0,0.0,0.0,200,../../lists/estonian_voro/list.estonian_voro.attrib=ig_mpd=16_thresh=0.5_docnorm=F_tfidf=T.csv
0.7,0.145,0.0,0.0,0.0,0.0,0.0,200,../../lists/estonian_voro/list.estonian_voro.attrib=ig_mpd=16_thresh=0.5_docnorm=T_tfidf=F.csv
0.735,0.17,0.0,0.0,0.0,0.0,0.0,200,../../lists/estonian_voro/list.estonian_voro.attrib=ig_mpd=16_thresh=0.5_docnorm=T_tfidf=T.csv
0.29,0.65,0.0,0.0,0.0,0.0,0.0,200,../../lists/estonian_voro/list.estonian_voro.attrib=ig_mpd=16_thresh=0.6_docnorm=F_tfidf=F.csv
0.345,0.585,0.0,0.0,0.0,0.0,0.0,200,../../lists/estonian_voro/list.estonian_voro.attrib=ig_mpd=16_thresh=0.6_docnorm=F_tfidf=T.csv
0.66,0.22,0.0,0.0,0.0,0.0,0.0,200,../../lists/estonian_voro/list.estonian_voro.attrib=ig_mpd=16_thresh=0.6_docnorm=T_tfidf=F.csv
0.715,0.205,0.0,0.0,0.0,0.0,0.0,200,../../lists/estonian_voro/list.estonian_voro.attrib=ig_mpd=16_thresh=0.6_docnorm=T_tfidf=T.csv
0.29,0.65,0.0,0.0,0.0,0.0,0.0,200,../../lists/estonian_voro/list.estonian_voro.attrib=ig_mpd=16_thresh=0.7_docnorm=F_tfidf=F.csv
0.35,0.585,0.0,0.0,0.0,0.0,0.0,200,../../lists/estonian_voro/list.estonian_voro.attrib=ig_mpd=16_thresh=0.7_docnorm=F_tfidf=T.csv
0.71,0.205,0.0,0.0,0.0,0.0,0.0,200,../../lists/estonian_voro/list.estonian_voro.attrib=ig_mpd=16_thresh=0.7_docnorm=T_tfidf=F.csv
0.735,0.205,0.0,0.0,0.0,0.0,0.0,200,../../lists/estonian_voro/list.estonian_voro.attrib=ig_mpd=16_thresh=0.7_docnorm=T_tfidf=T.csv
0.29,0.65,0.0,0.0,0.0,0.0,0.0,200,../../lists/estonian_voro/list.estonian_voro.attrib=ig_mpd=16_thresh=0.8_docnorm=F_tfidf=F.csv
0.35,0.585,0.0,0.0,0.0,0.0,0.0,200,../../lists/estonian_voro/list.estonian_voro.attrib=ig_mpd=16_thresh=0.8_docnorm=F_tfidf=T.csv
0.67,0.275,0.0,0.0,0.0,0.0,0.0,200,../../lists/estonian_voro/list.estonian_voro.attrib=ig_mpd=16_thresh=0.8_docnorm=T_tfidf=F.csv
0.7,0.245,0.0,0.0,0.0,0.0,0.0,200,../../lists/estonian_voro/list.estonian_voro.attrib=ig_mpd=16_thresh=0.8_docnorm=T_tfidf=T.csv
0.275,0.665,0.0,0.0,0.0,0.0,0.0,200,../../lists/estonian_voro/list.estonian_voro.attrib=ig_mpd=16_thresh=0.9_docnorm=F_tfidf=F.csv
0.33,0.6,0.0,0.0,0.0,0.0,0.0,200,../../lists/estonian_voro/list.estonian_voro.attrib=ig_mpd=16_thresh=0.9_docnorm=F_tfidf=T.csv
0.565,0.355,0.0,0.0,0.0,0.0,0.0,200,../../lists/estonian_voro/list.estonian_voro.attrib=ig_mpd=16_thresh=0.9_docnorm=T_tfidf=F.csv
0.6,0.315,0.0,0.0,0.0,0.0,0.0,200,../../lists/estonian_voro/list.estonian_voro.attrib=ig_mpd=16_thresh=0.9_docnorm=T_tfidf=T.csv
0.255,0.69,0.0,0.0,0.0,0.0,0.0,200,../../lists/estonian_voro/list.estonian_voro.attrib=ig_mpd=16_thresh=1.0_docnorm=F_tfidf=F.csv
0.285,0.66,0.0,0.0,0.0,0.0,0.0,200,../../lists/estonian_voro/list.estonian_voro.attrib=ig_mpd=16_thresh=1.0_docnorm=F_tfidf=T.csv
0.355,0.58,0.0,0.0,0.0,0.0,0.0,200,../../lists/estonian_voro/list.estonian_voro.attrib=ig_mpd=16_thresh=1.0_docnorm=T_tfidf=F.csv
0.35,0.59,0.0,0.0,0.0,0.0,0.0,200,../../lists/estonian_voro/list.estonian_voro.attrib=ig_mpd=16_thresh=1.0_docnorm=T_tfidf=T.csv
0.29,0.655,0.0,0.0,0.0,0.0,0.0,200,../../lists/estonian_voro/list.estonian_voro.attrib=ig_mpd=17_thresh=0.1_docnorm=F_tfidf=F.csv
0.345,0.585,0.0,0.0,0.0,0.0,0.0,200,../../lists/estonian_voro/list.estonian_voro.attrib=ig_mpd=17_thresh=0.1_docnorm=F_tfidf=T.csv
0.235,0.01,0.87,0.945,0.955,0.955,0.955,200,../../lists/estonian_voro/list.estonian_voro.attrib=ig_mpd=17_thresh=0.1_docnorm=T_tfidf=F.csv
0.275,0.015,0.85,0.93,0.95,0.955,0.955,200,../../lists/estonian_voro/list.estonian_voro.attrib=ig_mpd=17_thresh=0.1_docnorm=T_tfidf=T.csv
0.29,0.655,0.0,0.0,0.0,0.0,0.0,200,../../lists/estonian_voro/list.estonian_voro.attrib=ig_mpd=17_thresh=0.2_docnorm=F_tfidf=F.csv
0.345,0.585,0.0,0.0,0.0,0.0,0.0,200,../../lists/estonian_voro/list.estonian_voro.attrib=ig_mpd=17_thresh=0.2_docnorm=F_tfidf=T.csv
0.595,0.085,0.0,0.345,0.655,0.81,0.845,200,../../lists/estonian_voro/list.estonian_voro.attrib=ig_mpd=17_thresh=0.2_docnorm=T_tfidf=F.csv
0.59,0.1,0.0,0.425,0.715,0.81,0.865,200,../../lists/estonian_voro/list.estonian_voro.attrib=ig_mpd=17_thresh=0.2_docnorm=T_tfidf=T.csv
0.29,0.655,0.0,0.0,0.0,0.0,0.0,200,../../lists/estonian_voro/list.estonian_voro.attrib=ig_mpd=17_thresh=0.3_docnorm=F_tfidf=F.csv
0.345,0.585,0.0,0.0,0.0,0.0,0.0,200,../../lists/estonian_voro/list.estonian_voro.attrib=ig_mpd=17_thresh=0.3_docnorm=F_tfidf=T.csv
0.63,0.11,0.0,0.0,0.01,0.225,0.375,200,../../lists/estonian_voro/list.estonian_voro.attrib=ig_mpd=17_thresh=0.3_docnorm=T_tfidf=F.csv
0.685,0.15,0.0,0.0,0.02,0.255,0.435,200,../../lists/estonian_voro/list.estonian_voro.attrib=ig_mpd=17_thresh=0.3_docnorm=T_tfidf=T.csv
0.29,0.655,0.0,0.0,0.0,0.0,0.0,200,../../lists/estonian_voro/list.estonian_voro.attrib=ig_mpd=17_thresh=0.4_docnorm=F_tfidf=F.csv
0.345,0.585,0.0,0.0,0.0,0.0,0.0,200,../../lists/estonian_voro/list.estonian_voro.attrib=ig_mpd=17_thresh=0.4_docnorm=F_tfidf=T.csv
0.655,0.12,0.0,0.0,0.0,0.0,0.05,200,../../lists/estonian_voro/list.estonian_voro.attrib=ig_mpd=17_thresh=0.4_docnorm=T_tfidf=F.csv
0.68,0.16,0.0,0.0,0.0,0.0,0.13,200,../../lists/estonian_voro/list.estonian_voro.attrib=ig_mpd=17_thresh=0.4_docnorm=T_tfidf=T.csv
0.29,0.655,0.0,0.0,0.0,0.0,0.0,200,../../lists/estonian_voro/list.estonian_voro.attrib=ig_mpd=17_thresh=0.5_docnorm=F_tfidf=F.csv
0.345,0.585,0.0,0.0,0.0,0.0,0.0,200,../../lists/estonian_voro/list.estonian_voro.attrib=ig_mpd=17_thresh=0.5_docnorm=F_tfidf=T.csv
0.71,0.14,0.0,0.0,0.0,0.0,0.0,200,../../lists/estonian_voro/list.estonian_voro.attrib=ig_mpd=17_thresh=0.5_docnorm=T_tfidf=F.csv
0.735,0.17,0.0,0.0,0.0,0.0,0.0,200,../../lists/estonian_voro/list.estonian_voro.attrib=ig_mpd=17_thresh=0.5_docnorm=T_tfidf=T.csv
0.29,0.655,0.0,0.0,0.0,0.0,0.0,200,../../lists/estonian_voro/list.estonian_voro.attrib=ig_mpd=17_thresh=0.6_docnorm=F_tfidf=F.csv
0.345,0.585,0.0,0.0,0.0,0.0,0.0,200,../../lists/estonian_voro/list.estonian_voro.attrib=ig_mpd=17_thresh=0.6_docnorm=F_tfidf=T.csv
0.66,0.22,0.0,0.0,0.0,0.0,0.0,200,../../lists/estonian_voro/list.estonian_voro.attrib=ig_mpd=17_thresh=0.6_docnorm=T_tfidf=F.csv
0.715,0.205,0.0,0.0,0.0,0.0,0.0,200,../../lists/estonian_voro/list.estonian_voro.attrib=ig_mpd=17_thresh=0.6_docnorm=T_tfidf=T.csv
0.29,0.655,0.0,0.0,0.0,0.0,0.0,200,../../lists/estonian_voro/list.estonian_voro.attrib=ig_mpd=17_thresh=0.7_docnorm=F_tfidf=F.csv
0.35,0.585,0.0,0.0,0.0,0.0,0.0,200,../../lists/estonian_voro/list.estonian_voro.attrib=ig_mpd=17_thresh=0.7_docnorm=F_tfidf=T.csv
0.705,0.205,0.0,0.0,0.0,0.0,0.0,200,../../lists/estonian_voro/list.estonian_voro.attrib=ig_mpd=17_thresh=0.7_docnorm=T_tfidf=F.csv
0.74,0.2,0.0,0.0,0.0,0.0,0.0,200,../../lists/estonian_voro/list.estonian_voro.attrib=ig_mpd=17_thresh=0.7_docnorm=T_tfidf=T.csv
0.29,0.655,0.0,0.0,0.0,0.0,0.0,200,../../lists/estonian_voro/list.estonian_voro.attrib=ig_mpd=17_thresh=0.8_docnorm=F_tfidf=F.csv
0.35,0.585,0.0,0.0,0.0,0.0,0.0,200,../../lists/estonian_voro/list.estonian_voro.attrib=ig_mpd=17_thresh=0.8_docnorm=F_tfidf=T.csv
0.67,0.275,0.0,0.0,0.0,0.0,0.0,200,../../lists/estonian_voro/list.estonian_voro.attrib=ig_mpd=17_thresh=0.8_docnorm=T_tfidf=F.csv
0.7,0.245,0.0,0.0,0.0,0.0,0.0,200,../../lists/estonian_voro/list.estonian_voro.attrib=ig_mpd=17_thresh=0.8_docnorm=T_tfidf=T.csv
0.275,0.665,0.0,0.0,0.0,0.0,0.0,200,../../lists/estonian_voro/list.estonian_voro.attrib=ig_mpd=17_thresh=0.9_docnorm=F_tfidf=F.csv
0.335,0.595,0.0,0.0,0.0,0.0,0.0,200,../../lists/estonian_voro/list.estonian_voro.attrib=ig_mpd=17_thresh=0.9_docnorm=F_tfidf=T.csv
0.57,0.35,0.0,0.0,0.0,0.0,0.0,200,../../lists/estonian_voro/list.estonian_voro.attrib=ig_mpd=17_thresh=0.9_docnorm=T_tfidf=F.csv
0.6,0.315,0.0,0.0,0.0,0.0,0.0,200,../../lists/estonian_voro/list.estonian_voro.attrib=ig_mpd=17_thresh=0.9_docnorm=T_tfidf=T.csv
0.26,0.685,0.0,0.0,0.0,0.0,0.0,200,../../lists/estonian_voro/list.estonian_voro.attrib=ig_mpd=17_thresh=1.0_docnorm=F_tfidf=F.csv
0.29,0.655,0.0,0.0,0.0,0.0,0.0,200,../../lists/estonian_voro/list.estonian_voro.attrib=ig_mpd=17_thresh=1.0_docnorm=F_tfidf=T.csv
0.35,0.585,0.0,0.0,0.0,0.0,0.0,200,../../lists/estonian_voro/list.estonian_voro.attrib=ig_mpd=17_thresh=1.0_docnorm=T_tfidf=F.csv
0.35,0.59,0.0,0.0,0.0,0.0,0.0,200,../../lists/estonian_voro/list.estonian_voro.attrib=ig_mpd=17_thresh=1.0_docnorm=T_tfidf=T.csv
0.29,0.655,0.0,0.0,0.0,0.0,0.0,200,../../lists/estonian_voro/list.estonian_voro.attrib=ig_mpd=18_thresh=0.1_docnorm=F_tfidf=F.csv
0.345,0.585,0.0,0.0,0.0,0.0,0.0,200,../../lists/estonian_voro/list.estonian_voro.attrib=ig_mpd=18_thresh=0.1_docnorm=F_tfidf=T.csv
0.235,0.01,0.87,0.945,0.955,0.955,0.955,200,../../lists/estonian_voro/list.estonian_voro.attrib=ig_mpd=18_thresh=0.1_docnorm=T_tfidf=F.csv
0.275,0.015,0.85,0.93,0.95,0.955,0.955,200,../../lists/estonian_voro/list.estonian_voro.attrib=ig_mpd=18_thresh=0.1_docnorm=T_tfidf=T.csv
0.29,0.655,0.0,0.0,0.0,0.0,0.0,200,../../lists/estonian_voro/list.estonian_voro.attrib=ig_mpd=18_thresh=0.2_docnorm=F_tfidf=F.csv
0.345,0.585,0.0,0.0,0.0,0.0,0.0,200,../../lists/estonian_voro/list.estonian_voro.attrib=ig_mpd=18_thresh=0.2_docnorm=F_tfidf=T.csv
0.595,0.085,0.0,0.355,0.66,0.81,0.845,200,../../lists/estonian_voro/list.estonian_voro.attrib=ig_mpd=18_thresh=0.2_docnorm=T_tfidf=F.csv
0.595,0.095,0.0,0.425,0.72,0.815,0.87,200,../../lists/estonian_voro/list.estonian_voro.attrib=ig_mpd=18_thresh=0.2_docnorm=T_tfidf=T.csv
0.29,0.655,0.0,0.0,0.0,0.0,0.0,200,../../lists/estonian_voro/list.estonian_voro.attrib=ig_mpd=18_thresh=0.3_docnorm=F_tfidf=F.csv
0.345,0.585,0.0,0.0,0.0,0.0,0.0,200,../../lists/estonian_voro/list.estonian_voro.attrib=ig_mpd=18_thresh=0.3_docnorm=F_tfidf=T.csv
0.635,0.11,0.0,0.0,0.01,0.23,0.375,200,../../lists/estonian_voro/list.estonian_voro.attrib=ig_mpd=18_thresh=0.3_docnorm=T_tfidf=F.csv
0.685,0.15,0.0,0.0,0.02,0.26,0.44,200,../../lists/estonian_voro/list.estonian_voro.attrib=ig_mpd=18_thresh=0.3_docnorm=T_tfidf=T.csv
0.29,0.655,0.0,0.0,0.0,0.0,0.0,200,../../lists/estonian_voro/list.estonian_voro.attrib=ig_mpd=18_thresh=0.4_docnorm=F_tfidf=F.csv
0.345,0.585,0.0,0.0,0.0,0.0,0.0,200,../../lists/estonian_voro/list.estonian_voro.attrib=ig_mpd=18_thresh=0.4_docnorm=F_tfidf=T.csv
0.665,0.11,0.0,0.0,0.0,0.0,0.055,200,../../lists/estonian_voro/list.estonian_voro.attrib=ig_mpd=18_thresh=0.4_docnorm=T_tfidf=F.csv
0.685,0.15,0.0,0.0,0.0,0.0,0.13,200,../../lists/estonian_voro/list.estonian_voro.attrib=ig_mpd=18_thresh=0.4_docnorm=T_tfidf=T.csv
0.29,0.655,0.0,0.0,0.0,0.0,0.0,200,../../lists/estonian_voro/list.estonian_voro.attrib=ig_mpd=18_thresh=0.5_docnorm=F_tfidf=F.csv
0.345,0.585,0.0,0.0,0.0,0.0,0.0,200,../../lists/estonian_voro/list.estonian_voro.attrib=ig_mpd=18_thresh=0.5_docnorm=F_tfidf=T.csv
0.695,0.145,0.0,0.0,0.0,0.0,0.0,200,../../lists/estonian_voro/list.estonian_voro.attrib=ig_mpd=18_thresh=0.5_docnorm=T_tfidf=F.csv
0.74,0.165,0.0,0.0,0.0,0.0,0.0,200,../../lists/estonian_voro/list.estonian_voro.attrib=ig_mpd=18_thresh=0.5_docnorm=T_tfidf=T.csv
0.29,0.655,0.0,0.0,0.0,0.0,0.0,200,../../lists/estonian_voro/list.estonian_voro.attrib=ig_mpd=18_thresh=0.6_docnorm=F_tfidf=F.csv
0.345,0.585,0.0,0.0,0.0,0.0,0.0,200,../../lists/estonian_voro/list.estonian_voro.attrib=ig_mpd=18_thresh=0.6_docnorm=F_tfidf=T.csv
0.67,0.21,0.0,0.0,0.0,0.0,0.0,200,../../lists/estonian_voro/list.estonian_voro.attrib=ig_mpd=18_thresh=0.6_docnorm=T_tfidf=F.csv
0.715,0.205,0.0,0.0,0.0,0.0,0.0,200,../../lists/estonian_voro/list.estonian_voro.attrib=ig_mpd=18_thresh=0.6_docnorm=T_tfidf=T.csv
0.29,0.655,0.0,0.0,0.0,0.0,0.0,200,../../lists/estonian_voro/list.estonian_voro.attrib=ig_mpd=18_thresh=0.7_docnorm=F_tfidf=F.csv
0.35,0.585,0.0,0.0,0.0,0.0,0.0,200,../../lists/estonian_voro/list.estonian_voro.attrib=ig_mpd=18_thresh=0.7_docnorm=F_tfidf=T.csv
0.71,0.2,0.0,0.0,0.0,0.0,0.0,200,../../lists/estonian_voro/list.estonian_voro.attrib=ig_mpd=18_thresh=0.7_docnorm=T_tfidf=F.csv
0.74,0.2,0.0,0.0,0.0,0.0,0.0,200,../../lists/estonian_voro/list.estonian_voro.attrib=ig_mpd=18_thresh=0.7_docnorm=T_tfidf=T.csv
0.29,0.655,0.0,0.0,0.0,0.0,0.0,200,../../lists/estonian_voro/list.estonian_voro.attrib=ig_mpd=18_thresh=0.8_docnorm=F_tfidf=F.csv
0.35,0.585,0.0,0.0,0.0,0.0,0.0,200,../../lists/estonian_voro/list.estonian_voro.attrib=ig_mpd=18_thresh=0.8_docnorm=F_tfidf=T.csv
0.66,0.275,0.0,0.0,0.0,0.0,0.0,200,../../lists/estonian_voro/list.estonian_voro.attrib=ig_mpd=18_thresh=0.8_docnorm=T_tfidf=F.csv
0.7,0.24,0.0,0.0,0.0,0.0,0.0,200,../../lists/estonian_voro/list.estonian_voro.attrib=ig_mpd=18_thresh=0.8_docnorm=T_tfidf=T.csv
0.275,0.665,0.0,0.0,0.0,0.0,0.0,200,../../lists/estonian_voro/list.estonian_voro.attrib=ig_mpd=18_thresh=0.9_docnorm=F_tfidf=F.csv
0.335,0.595,0.0,0.0,0.0,0.0,0.0,200,../../lists/estonian_voro/list.estonian_voro.attrib=ig_mpd=18_thresh=0.9_docnorm=F_tfidf=T.csv
0.57,0.35,0.0,0.0,0.0,0.0,0.0,200,../../lists/estonian_voro/list.estonian_voro.attrib=ig_mpd=18_thresh=0.9_docnorm=T_tfidf=F.csv
0.6,0.315,0.0,0.0,0.0,0.0,0.0,200,../../lists/estonian_voro/list.estonian_voro.attrib=ig_mpd=18_thresh=0.9_docnorm=T_tfidf=T.csv
0.26,0.685,0.0,0.0,0.0,0.0,0.0,200,../../lists/estonian_voro/list.estonian_voro.attrib=ig_mpd=18_thresh=1.0_docnorm=F_tfidf=F.csv
0.29,0.655,0.0,0.0,0.0,0.0,0.0,200,../../lists/estonian_voro/list.estonian_voro.attrib=ig_mpd=18_thresh=1.0_docnorm=F_tfidf=T.csv
0.35,0.58,0.0,0.0,0.0,0.0,0.0,200,../../lists/estonian_voro/list.estonian_voro.attrib=ig_mpd=18_thresh=1.0_docnorm=T_tfidf=F.csv
0.35,0.59,0.0,0.0,0.0,0.0,0.0,200,../../lists/estonian_voro/list.estonian_voro.attrib=ig_mpd=18_thresh=1.0_docnorm=T_tfidf=T.csv
0.29,0.655,0.0,0.0,0.0,0.0,0.0,200,../../lists/estonian_voro/list.estonian_voro.attrib=ig_mpd=19_thresh=0.1_docnorm=F_tfidf=F.csv
0.345,0.585,0.0,0.0,0.0,0.0,0.0,200,../../lists/estonian_voro/list.estonian_voro.attrib=ig_mpd=19_thresh=0.1_docnorm=F_tfidf=T.csv
0.235,0.01,0.87,0.945,0.955,0.955,0.955,200,../../lists/estonian_voro/list.estonian_voro.attrib=ig_mpd=19_thresh=0.1_docnorm=T_tfidf=F.csv
0.275,0.015,0.85,0.93,0.95,0.955,0.955,200,../../lists/estonian_voro/list.estonian_voro.attrib=ig_mpd=19_thresh=0.1_docnorm=T_tfidf=T.csv
0.29,0.655,0.0,0.0,0.0,0.0,0.0,200,../../lists/estonian_voro/list.estonian_voro.attrib=ig_mpd=19_thresh=0.2_docnorm=F_tfidf=F.csv
0.345,0.585,0.0,0.0,0.0,0.0,0.0,200,../../lists/estonian_voro/list.estonian_voro.attrib=ig_mpd=19_thresh=0.2_docnorm=F_tfidf=T.csv
0.6,0.085,0.0,0.36,0.665,0.81,0.845,200,../../lists/estonian_voro/list.estonian_voro.attrib=ig_mpd=19_thresh=0.2_docnorm=T_tfidf=F.csv
0.595,0.095,0.0,0.425,0.72,0.815,0.87,200,../../lists/estonian_voro/list.estonian_voro.attrib=ig_mpd=19_thresh=0.2_docnorm=T_tfidf=T.csv
0.29,0.655,0.0,0.0,0.0,0.0,0.0,200,../../lists/estonian_voro/list.estonian_voro.attrib=ig_mpd=19_thresh=0.3_docnorm=F_tfidf=F.csv
0.345,0.585,0.0,0.0,0.0,0.0,0.0,200,../../lists/estonian_voro/list.estonian_voro.attrib=ig_mpd=19_thresh=0.3_docnorm=F_tfidf=T.csv
0.63,0.11,0.0,0.0,0.01,0.23,0.375,200,../../lists/estonian_voro/list.estonian_voro.attrib=ig_mpd=19_thresh=0.3_docnorm=T_tfidf=F.csv
0.685,0.15,0.0,0.0,0.02,0.26,0.445,200,../../lists/estonian_voro/list.estonian_voro.attrib=ig_mpd=19_thresh=0.3_docnorm=T_tfidf=T.csv
0.29,0.655,0.0,0.0,0.0,0.0,0.0,200,../../lists/estonian_voro/list.estonian_voro.attrib=ig_mpd=19_thresh=0.4_docnorm=F_tfidf=F.csv
0.345,0.585,0.0,0.0,0.0,0.0,0.0,200,../../lists/estonian_voro/list.estonian_voro.attrib=ig_mpd=19_thresh=0.4_docnorm=F_tfidf=T.csv
0.665,0.11,0.0,0.0,0.0,0.0,0.06,200,../../lists/estonian_voro/list.estonian_voro.attrib=ig_mpd=19_thresh=0.4_docnorm=T_tfidf=F.csv
0.685,0.15,0.0,0.0,0.0,0.0,0.13,200,../../lists/estonian_voro/list.estonian_voro.attrib=ig_mpd=19_thresh=0.4_docnorm=T_tfidf=T.csv
0.29,0.655,0.0,0.0,0.0,0.0,0.0,200,../../lists/estonian_voro/list.estonian_voro.attrib=ig_mpd=19_thresh=0.5_docnorm=F_tfidf=F.csv
0.345,0.585,0.0,0.0,0.0,0.0,0.0,200,../../lists/estonian_voro/list.estonian_voro.attrib=ig_mpd=19_thresh=0.5_docnorm=F_tfidf=T.csv
0.685,0.155,0.0,0.0,0.0,0.0,0.0,200,../../lists/estonian_voro/list.estonian_voro.attrib=ig_mpd=19_thresh=0.5_docnorm=T_tfidf=F.csv
0.73,0.18,0.0,0.0,0.0,0.0,0.0,200,../../lists/estonian_voro/list.estonian_voro.attrib=ig_mpd=19_thresh=0.5_docnorm=T_tfidf=T.csv
0.29,0.655,0.0,0.0,0.0,0.0,0.0,200,../../lists/estonian_voro/list.estonian_voro.attrib=ig_mpd=19_thresh=0.6_docnorm=F_tfidf=F.csv
0.345,0.585,0.0,0.0,0.0,0.0,0.0,200,../../lists/estonian_voro/list.estonian_voro.attrib=ig_mpd=19_thresh=0.6_docnorm=F_tfidf=T.csv
0.68,0.205,0.0,0.0,0.0,0.0,0.0,200,../../lists/estonian_voro/list.estonian_voro.attrib=ig_mpd=19_thresh=0.6_docnorm=T_tfidf=F.csv
0.715,0.205,0.0,0.0,0.0,0.0,0.0,200,../../lists/estonian_voro/list.estonian_voro.attrib=ig_mpd=19_thresh=0.6_docnorm=T_tfidf=T.csv
0.29,0.655,0.0,0.0,0.0,0.0,0.0,200,../../lists/estonian_voro/list.estonian_voro.attrib=ig_mpd=19_thresh=0.7_docnorm=F_tfidf=F.csv
0.35,0.585,0.0,0.0,0.0,0.0,0.0,200,../../lists/estonian_voro/list.estonian_voro.attrib=ig_mpd=19_thresh=0.7_docnorm=F_tfidf=T.csv
0.715,0.2,0.0,0.0,0.0,0.0,0.0,200,../../lists/estonian_voro/list.estonian_voro.attrib=ig_mpd=19_thresh=0.7_docnorm=T_tfidf=F.csv
0.74,0.2,0.0,0.0,0.0,0.0,0.0,200,../../lists/estonian_voro/list.estonian_voro.attrib=ig_mpd=19_thresh=0.7_docnorm=T_tfidf=T.csv
0.29,0.655,0.0,0.0,0.0,0.0,0.0,200,../../lists/estonian_voro/list.estonian_voro.attrib=ig_mpd=19_thresh=0.8_docnorm=F_tfidf=F.csv
0.35,0.585,0.0,0.0,0.0,0.0,0.0,200,../../lists/estonian_voro/list.estonian_voro.attrib=ig_mpd=19_thresh=0.8_docnorm=F_tfidf=T.csv
0.66,0.275,0.0,0.0,0.0,0.0,0.0,200,../../lists/estonian_voro/list.estonian_voro.attrib=ig_mpd=19_thresh=0.8_docnorm=T_tfidf=F.csv
0.7,0.24,0.0,0.0,0.0,0.0,0.0,200,../../lists/estonian_voro/list.estonian_voro.attrib=ig_mpd=19_thresh=0.8_docnorm=T_tfidf=T.csv
0.28,0.66,0.0,0.0,0.0,0.0,0.0,200,../../lists/estonian_voro/list.estonian_voro.attrib=ig_mpd=19_thresh=0.9_docnorm=F_tfidf=F.csv
0.335,0.595,0.0,0.0,0.0,0.0,0.0,200,../../lists/estonian_voro/list.estonian_voro.attrib=ig_mpd=19_thresh=0.9_docnorm=F_tfidf=T.csv
0.57,0.35,0.0,0.0,0.0,0.0,0.0,200,../../lists/estonian_voro/list.estonian_voro.attrib=ig_mpd=19_thresh=0.9_docnorm=T_tfidf=F.csv
0.6,0.315,0.0,0.0,0.0,0.0,0.0,200,../../lists/estonian_voro/list.estonian_voro.attrib=ig_mpd=19_thresh=0.9_docnorm=T_tfidf=T.csv
0.26,0.685,0.0,0.0,0.0,0.0,0.0,200,../../lists/estonian_voro/list.estonian_voro.attrib=ig_mpd=19_thresh=1.0_docnorm=F_tfidf=F.csv
0.29,0.655,0.0,0.0,0.0,0.0,0.0,200,../../lists/estonian_voro/list.estonian_voro.attrib=ig_mpd=19_thresh=1.0_docnorm=F_tfidf=T.csv
0.355,0.58,0.0,0.0,0.0,0.0,0.0,200,../../lists/estonian_voro/list.estonian_voro.attrib=ig_mpd=19_thresh=1.0_docnorm=T_tfidf=F.csv
0.36,0.58,0.0,0.0,0.0,0.0,0.0,200,../../lists/estonian_voro/list.estonian_voro.attrib=ig_mpd=19_thresh=1.0_docnorm=T_tfidf=T.csv
0.415,0.515,0.0,0.0,0.0,0.0,0.0,200,../../lists/estonian_voro/list.estonian_voro.attrib=ig_mpd=1_thresh=0.1_docnorm=F_tfidf=F.csv
0.455,0.445,0.0,0.0,0.015,0.015,0.015,200,../../lists/estonian_voro/list.estonian_voro.attrib=ig_mpd=1_thresh=0.1_docnorm=F_tfidf=T.csv
0.385,0.035,0.44,0.72,0.845,0.875,0.895,200,../../lists/estonian_voro/list.estonian_voro.attrib=ig_mpd=1_thresh=0.1_docnorm=T_tfidf=F.csv
0.36,0.09,0.395,0.635,0.725,0.75,0.81,200,../../lists/estonian_voro/list.estonian_voro.attrib=ig_mpd=1_thresh=0.1_docnorm=T_tfidf=T.csv
0.415,0.515,0.0,0.0,0.0,0.0,0.0,200,../../lists/estonian_voro/list.estonian_voro.attrib=ig_mpd=1_thresh=0.2_docnorm=F_tfidf=F.csv
0.455,0.445,0.0,0.0,0.015,0.015,0.015,200,../../lists/estonian_voro/list.estonian_voro.attrib=ig_mpd=1_thresh=0.2_docnorm=F_tfidf=T.csv
0.64,0.11,0.0,0.005,0.135,0.265,0.335,200,../../lists/estonian_voro/list.estonian_voro.attrib=ig_mpd=1_thresh=0.2_docnorm=T_tfidf=F.csv
0.685,0.13,0.0,0.005,0.17,0.275,0.385,200,../../lists/estonian_voro/list.estonian_voro.attrib=ig_mpd=1_thresh=0.2_docnorm=T_tfidf=T.csv
0.415,0.515,0.0,0.0,0.0,0.0,0.0,200,../../lists/estonian_voro/list.estonian_voro.attrib=ig_mpd=1_thresh=0.3_docnorm=F_tfidf=F.csv
0.47,0.45,0.0,0.0,0.0,0.0,0.0,200,../../lists/estonian_voro/list.estonian_voro.attrib=ig_mpd=1_thresh=0.3_docnorm=F_tfidf=T.csv
0.705,0.16,0.0,0.0,0.0,0.02,0.035,200,../../lists/estonian_voro/list.estonian_voro.attrib=ig_mpd=1_thresh=0.3_docnorm=T_tfidf=F.csv
0.745,0.175,0.0,0.0,0.0,0.02,0.03,200,../../lists/estonian_voro/list.estonian_voro.attrib=ig_mpd=1_thresh=0.3_docnorm=T_tfidf=T.csv
0.415,0.515,0.0,0.0,0.0,0.0,0.0,200,../../lists/estonian_voro/list.estonian_voro.attrib=ig_mpd=1_thresh=0.4_docnorm=F_tfidf=F.csv
0.47,0.45,0.0,0.0,0.0,0.0,0.0,200,../../lists/estonian_voro/list.estonian_voro.attrib=ig_mpd=1_thresh=0.4_docnorm=F_tfidf=T.csv
0.7,0.195,0.0,0.0,0.0,0.0,0.0,200,../../lists/estonian_voro/list.estonian_voro.attrib=ig_mpd=1_thresh=0.4_docnorm=T_tfidf=F.csv
0.74,0.165,0.0,0.0,0.0,0.0,0.0,200,../../lists/estonian_voro/list.estonian_voro.attrib=ig_mpd=1_thresh=0.4_docnorm=T_tfidf=T.csv
0.415,0.515,0.0,0.0,0.0,0.0,0.0,200,../../lists/estonian_voro/list.estonian_voro.attrib=ig_mpd=1_thresh=0.5_docnorm=F_tfidf=F.csv
0.47,0.45,0.0,0.0,0.0,0.0,0.0,200,../../lists/estonian_voro/list.estonian_voro.attrib=ig_mpd=1_thresh=0.5_docnorm=F_tfidf=T.csv
0.65,0.265,0.0,0.0,0.0,0.0,0.0,200,../../lists/estonian_voro/list.estonian_voro.attrib=ig_mpd=1_thresh=0.5_docnorm=T_tfidf=F.csv
0.68,0.23,0.0,0.0,0.0,0.0,0.0,200,../../lists/estonian_voro/list.estonian_voro.attrib=ig_mpd=1_thresh=0.5_docnorm=T_tfidf=T.csv
0.415,0.515,0.0,0.0,0.0,0.0,0.0,200,../../lists/estonian_voro/list.estonian_voro.attrib=ig_mpd=1_thresh=0.6_docnorm=F_tfidf=F.csv
0.46,0.465,0.0,0.0,0.0,0.0,0.0,200,../../lists/estonian_voro/list.estonian_voro.attrib=ig_mpd=1_thresh=0.6_docnorm=F_tfidf=T.csv
0.55,0.39,0.0,0.0,0.0,0.0,0.0,200,../../lists/estonian_voro/list.estonian_voro.attrib=ig_mpd=1_thresh=0.6_docnorm=T_tfidf=F.csv
0.61,0.335,0.0,0.0,0.0,0.0,0.0,200,../../lists/estonian_voro/list.estonian_voro.attrib=ig_mpd=1_thresh=0.6_docnorm=T_tfidf=T.csv
0.39690721649484534,0.5309278350515464,0.0,0.0,0.0,0.0,0.0,194,../../lists/estonian_voro/list.estonian_voro.attrib=ig_mpd=1_thresh=0.7_docnorm=F_tfidf=F.csv
0.40932642487046633,0.5129533678756477,0.0,0.0,0.0,0.0,0.0,193,../../lists/estonian_voro/list.estonian_voro.attrib=ig_mpd=1_thresh=0.7_docnorm=F_tfidf=T.csv
0.422680412371134,0.5,0.0,0.0,0.0,0.0,0.0,194,../../lists/estonian_voro/list.estonian_voro.attrib=ig_mpd=1_thresh=0.7_docnorm=T_tfidf=F.csv
0.43523316062176165,0.49222797927461137,0.0,0.0,0.0,0.0,0.0,193,../../lists/estonian_voro/list.estonian_voro.attrib=ig_mpd=1_thresh=0.7_docnorm=T_tfidf=T.csv
0.3116883116883117,0.6233766233766234,0.0,0.0,0.0,0.0,0.0,154,../../lists/estonian_voro/list.estonian_voro.attrib=ig_mpd=1_thresh=0.8_docnorm=F_tfidf=F.csv
0.3202614379084967,0.6143790849673203,0.0,0.0,0.0,0.0,0.0,153,../../lists/estonian_voro/list.estonian_voro.attrib=ig_mpd=1_thresh=0.8_docnorm=F_tfidf=T.csv
0.3116883116883117,0.6233766233766234,0.0,0.0,0.0,0.0,0.0,154,../../lists/estonian_voro/list.estonian_voro.attrib=ig_mpd=1_thresh=0.8_docnorm=T_tfidf=F.csv
0.3202614379084967,0.6143790849673203,0.0,0.0,0.0,0.0,0.0,153,../../lists/estonian_voro/list.estonian_voro.attrib=ig_mpd=1_thresh=0.8_docnorm=T_tfidf=T.csv
0.25301204819277107,0.6867469879518072,0.0,0.0,0.0,0.0,0.0,83,../../lists/estonian_voro/list.estonian_voro.attrib=ig_mpd=1_thresh=0.9_docnorm=F_tfidf=F.csv
0.25925925925925924,0.6790123456790124,0.0,0.0,0.0,0.0,0.0,81,../../lists/estonian_voro/list.estonian_voro.attrib=ig_mpd=1_thresh=0.9_docnorm=F_tfidf=T.csv
0.25301204819277107,0.6867469879518072,0.0,0.0,0.0,0.0,0.0,83,../../lists/estonian_voro/list.estonian_voro.attrib=ig_mpd=1_thresh=0.9_docnorm=T_tfidf=F.csv
0.25925925925925924,0.6790123456790124,0.0,0.0,0.0,0.0,0.0,81,../../lists/estonian_voro/list.estonian_voro.attrib=ig_mpd=1_thresh=0.9_docnorm=T_tfidf=T.csv
0.13043478260869565,0.8260869565217391,0.0,0.0,0.0,0.0,0.0,23,../../lists/estonian_voro/list.estonian_voro.attrib=ig_mpd=1_thresh=1.0_docnorm=F_tfidf=F.csv
0.13043478260869565,0.8260869565217391,0.0,0.0,0.0,0.0,0.0,23,../../lists/estonian_voro/list.estonian_voro.attrib=ig_mpd=1_thresh=1.0_docnorm=F_tfidf=T.csv
0.13043478260869565,0.8260869565217391,0.0,0.0,0.0,0.0,0.0,23,../../lists/estonian_voro/list.estonian_voro.attrib=ig_mpd=1_thresh=1.0_docnorm=T_tfidf=F.csv
0.13043478260869565,0.8260869565217391,0.0,0.0,0.0,0.0,0.0,23,../../lists/estonian_voro/list.estonian_voro.attrib=ig_mpd=1_thresh=1.0_docnorm=T_tfidf=T.csv
0.29,0.655,0.0,0.0,0.0,0.0,0.0,200,../../lists/estonian_voro/list.estonian_voro.attrib=ig_mpd=20_thresh=0.1_docnorm=F_tfidf=F.csv
0.345,0.585,0.0,0.0,0.0,0.0,0.0,200,../../lists/estonian_voro/list.estonian_voro.attrib=ig_mpd=20_thresh=0.1_docnorm=F_tfidf=T.csv
0.235,0.01,0.87,0.945,0.955,0.955,0.955,200,../../lists/estonian_voro/list.estonian_voro.attrib=ig_mpd=20_thresh=0.1_docnorm=T_tfidf=F.csv
0.275,0.015,0.85,0.93,0.95,0.955,0.955,200,../../lists/estonian_voro/list.estonian_voro.attrib=ig_mpd=20_thresh=0.1_docnorm=T_tfidf=T.csv
0.29,0.655,0.0,0.0,0.0,0.0,0.0,200,../../lists/estonian_voro/list.estonian_voro.attrib=ig_mpd=20_thresh=0.2_docnorm=F_tfidf=F.csv
0.345,0.585,0.0,0.0,0.0,0.0,0.0,200,../../lists/estonian_voro/list.estonian_voro.attrib=ig_mpd=20_thresh=0.2_docnorm=F_tfidf=T.csv
0.605,0.085,0.0,0.365,0.675,0.82,0.855,200,../../lists/estonian_voro/list.estonian_voro.attrib=ig_mpd=20_thresh=0.2_docnorm=T_tfidf=F.csv
0.595,0.09,0.0,0.43,0.72,0.82,0.87,200,../../lists/estonian_voro/list.estonian_voro.attrib=ig_mpd=20_thresh=0.2_docnorm=T_tfidf=T.csv
0.29,0.655,0.0,0.0,0.0,0.0,0.0,200,../../lists/estonian_voro/list.estonian_voro.attrib=ig_mpd=20_thresh=0.3_docnorm=F_tfidf=F.csv
0.345,0.585,0.0,0.0,0.0,0.0,0.0,200,../../lists/estonian_voro/list.estonian_voro.attrib=ig_mpd=20_thresh=0.3_docnorm=F_tfidf=T.csv
0.645,0.11,0.0,0.0,0.01,0.24,0.385,200,../../lists/estonian_voro/list.estonian_voro.attrib=ig_mpd=20_thresh=0.3_docnorm=T_tfidf=F.csv
0.675,0.16,0.0,0.0,0.02,0.26,0.445,200,../../lists/estonian_voro/list.estonian_voro.attrib=ig_mpd=20_thresh=0.3_docnorm=T_tfidf=T.csv
0.29,0.655,0.0,0.0,0.0,0.0,0.0,200,../../lists/estonian_voro/list.estonian_voro.attrib=ig_mpd=20_thresh=0.4_docnorm=F_tfidf=F.csv
0.345,0.585,0.0,0.0,0.0,0.0,0.0,200,../../lists/estonian_voro/list.estonian_voro.attrib=ig_mpd=20_thresh=0.4_docnorm=F_tfidf=T.csv
0.665,0.11,0.0,0.0,0.0,0.0,0.065,200,../../lists/estonian_voro/list.estonian_voro.attrib=ig_mpd=20_thresh=0.4_docnorm=T_tfidf=F.csv
0.685,0.15,0.0,0.0,0.0,0.0,0.13,200,../../lists/estonian_voro/list.estonian_voro.attrib=ig_mpd=20_thresh=0.4_docnorm=T_tfidf=T.csv
0.29,0.655,0.0,0.0,0.0,0.0,0.0,200,../../lists/estonian_voro/list.estonian_voro.attrib=ig_mpd=20_thresh=0.5_docnorm=F_tfidf=F.csv
0.345,0.585,0.0,0.0,0.0,0.0,0.0,200,../../lists/estonian_voro/list.estonian_voro.attrib=ig_mpd=20_thresh=0.5_docnorm=F_tfidf=T.csv
0.69,0.15,0.0,0.0,0.0,0.0,0.0,200,../../lists/estonian_voro/list.estonian_voro.attrib=ig_mpd=20_thresh=0.5_docnorm=T_tfidf=F.csv
0.73,0.18,0.0,0.0,0.0,0.0,0.0,200,../../lists/estonian_voro/list.estonian_voro.attrib=ig_mpd=20_thresh=0.5_docnorm=T_tfidf=T.csv
0.29,0.655,0.0,0.0,0.0,0.0,0.0,200,../../lists/estonian_voro/list.estonian_voro.attrib=ig_mpd=20_thresh=0.6_docnorm=F_tfidf=F.csv
0.345,0.585,0.0,0.0,0.0,0.0,0.0,200,../../lists/estonian_voro/list.estonian_voro.attrib=ig_mpd=20_thresh=0.6_docnorm=F_tfidf=T.csv
0.675,0.205,0.0,0.0,0.0,0.0,0.0,200,../../lists/estonian_voro/list.estonian_voro.attrib=ig_mpd=20_thresh=0.6_docnorm=T_tfidf=F.csv
0.715,0.205,0.0,0.0,0.0,0.0,0.0,200,../../lists/estonian_voro/list.estonian_voro.attrib=ig_mpd=20_thresh=0.6_docnorm=T_tfidf=T.csv
0.29,0.655,0.0,0.0,0.0,0.0,0.0,200,../../lists/estonian_voro/list.estonian_voro.attrib=ig_mpd=20_thresh=0.7_docnorm=F_tfidf=F.csv
0.35,0.585,0.0,0.0,0.0,0.0,0.0,200,../../lists/estonian_voro/list.estonian_voro.attrib=ig_mpd=20_thresh=0.7_docnorm=F_tfidf=T.csv
0.715,0.2,0.0,0.0,0.0,0.0,0.0,200,../../lists/estonian_voro/list.estonian_voro.attrib=ig_mpd=20_thresh=0.7_docnorm=T_tfidf=F.csv
0.74,0.2,0.0,0.0,0.0,0.0,0.0,200,../../lists/estonian_voro/list.estonian_voro.attrib=ig_mpd=20_thresh=0.7_docnorm=T_tfidf=T.csv
0.29,0.655,0.0,0.0,0.0,0.0,0.0,200,../../lists/estonian_voro/list.estonian_voro.attrib=ig_mpd=20_thresh=0.8_docnorm=F_tfidf=F.csv
0.35,0.585,0.0,0.0,0.0,0.0,0.0,200,../../lists/estonian_voro/list.estonian_voro.attrib=ig_mpd=20_thresh=0.8_docnorm=F_tfidf=T.csv
0.66,0.275,0.0,0.0,0.0,0.0,0.0,200,../../lists/estonian_voro/list.estonian_voro.attrib=ig_mpd=20_thresh=0.8_docnorm=T_tfidf=F.csv
0.7,0.24,0.0,0.0,0.0,0.0,0.0,200,../../lists/estonian_voro/list.estonian_voro.attrib=ig_mpd=20_thresh=0.8_docnorm=T_tfidf=T.csv
0.285,0.655,0.0,0.0,0.0,0.0,0.0,200,../../lists/estonian_voro/list.estonian_voro.attrib=ig_mpd=20_thresh=0.9_docnorm=F_tfidf=F.csv
0.335,0.595,0.0,0.0,0.0,0.0,0.0,200,../../lists/estonian_voro/list.estonian_voro.attrib=ig_mpd=20_thresh=0.9_docnorm=F_tfidf=T.csv
0.57,0.345,0.0,0.0,0.0,0.0,0.0,200,../../lists/estonian_voro/list.estonian_voro.attrib=ig_mpd=20_thresh=0.9_docnorm=T_tfidf=F.csv
0.6,0.315,0.0,0.0,0.0,0.0,0.0,200,../../lists/estonian_voro/list.estonian_voro.attrib=ig_mpd=20_thresh=0.9_docnorm=T_tfidf=T.csv
0.26,0.685,0.0,0.0,0.0,0.0,0.0,200,../../lists/estonian_voro/list.estonian_voro.attrib=ig_mpd=20_thresh=1.0_docnorm=F_tfidf=F.csv
0.29,0.655,0.0,0.0,0.0,0.0,0.0,200,../../lists/estonian_voro/list.estonian_voro.attrib=ig_mpd=20_thresh=1.0_docnorm=F_tfidf=T.csv
0.355,0.58,0.0,0.0,0.0,0.0,0.0,200,../../lists/estonian_voro/list.estonian_voro.attrib=ig_mpd=20_thresh=1.0_docnorm=T_tfidf=F.csv
0.36,0.58,0.0,0.0,0.0,0.0,0.0,200,../../lists/estonian_voro/list.estonian_voro.attrib=ig_mpd=20_thresh=1.0_docnorm=T_tfidf=T.csv
0.34,0.595,0.0,0.0,0.0,0.0,0.0,200,../../lists/estonian_voro/list.estonian_voro.attrib=ig_mpd=2_thresh=0.1_docnorm=F_tfidf=F.csv
0.415,0.51,0.0,0.0,0.0,0.0,0.0,200,../../lists/estonian_voro/list.estonian_voro.attrib=ig_mpd=2_thresh=0.1_docnorm=F_tfidf=T.csv
0.3,0.025,0.655,0.855,0.905,0.92,0.93,200,../../lists/estonian_voro/list.estonian_voro.attrib=ig_mpd=2_thresh=0.1_docnorm=T_tfidf=F.csv
0.3,0.04,0.71,0.865,0.895,0.905,0.92,200,../../lists/estonian_voro/list.estonian_voro.attrib=ig_mpd=2_thresh=0.1_docnorm=T_tfidf=T.csv
0.34,0.595,0.0,0.0,0.0,0.0,0.0,200,../../lists/estonian_voro/list.estonian_voro.attrib=ig_mpd=2_thresh=0.2_docnorm=F_tfidf=F.csv
0.415,0.51,0.0,0.0,0.0,0.0,0.0,200,../../lists/estonian_voro/list.estonian_voro.attrib=ig_mpd=2_thresh=0.2_docnorm=F_tfidf=T.csv
0.605,0.1,0.0,0.035,0.3,0.475,0.56,200,../../lists/estonian_voro/list.estonian_voro.attrib=ig_mpd=2_thresh=0.2_docnorm=T_tfidf=F.csv
0.575,0.145,0.0,0.04,0.375,0.525,0.65,200,../../lists/estonian_voro/list.estonian_voro.attrib=ig_mpd=2_thresh=0.2_docnorm=T_tfidf=T.csv
0.34,0.595,0.0,0.0,0.0,0.0,0.0,200,../../lists/estonian_voro/list.estonian_voro.attrib=ig_mpd=2_thresh=0.3_docnorm=F_tfidf=F.csv
0.415,0.51,0.0,0.0,0.0,0.0,0.0,200,../../lists/estonian_voro/list.estonian_voro.attrib=ig_mpd=2_thresh=0.3_docnorm=F_tfidf=T.csv
0.68,0.1,0.0,0.0,0.0,0.075,0.145,200,../../lists/estonian_voro/list.estonian_voro.attrib=ig_mpd=2_thresh=0.3_docnorm=T_tfidf=F.csv
0.735,0.135,0.0,0.0,0.0,0.07,0.155,200,../../lists/estonian_voro/list.estonian_voro.attrib=ig_mpd=2_thresh=0.3_docnorm=T_tfidf=T.csv
0.34,0.595,0.0,0.0,0.0,0.0,0.0,200,../../lists/estonian_voro/list.estonian_voro.attrib=ig_mpd=2_thresh=0.4_docnorm=F_tfidf=F.csv
0.415,0.51,0.0,0.0,0.0,0.0,0.0,200,../../lists/estonian_voro/list.estonian_voro.attrib=ig_mpd=2_thresh=0.4_docnorm=F_tfidf=T.csv
0.735,0.125,0.0,0.0,0.0,0.0,0.0,200,../../lists/estonian_voro/list.estonian_voro.attrib=ig_mpd=2_thresh=0.4_docnorm=T_tfidf=F.csv
0.75,0.18,0.0,0.0,0.0,0.0,0.0,200,../../lists/estonian_voro/list.estonian_voro.attrib=ig_mpd=2_thresh=0.4_docnorm=T_tfidf=T.csv
0.34,0.595,0.0,0.0,0.0,0.0,0.0,200,../../lists/estonian_voro/list.estonian_voro.attrib=ig_mpd=2_thresh=0.5_docnorm=F_tfidf=F.csv
0.415,0.51,0.0,0.0,0.0,0.0,0.0,200,../../lists/estonian_voro/list.estonian_voro.attrib=ig_mpd=2_thresh=0.5_docnorm=F_tfidf=T.csv
0.685,0.2,0.0,0.0,0.0,0.0,0.0,200,../../lists/estonian_voro/list.estonian_voro.attrib=ig_mpd=2_thresh=0.5_docnorm=T_tfidf=F.csv
0.75,0.16,0.0,0.0,0.0,0.0,0.0,200,../../lists/estonian_voro/list.estonian_voro.attrib=ig_mpd=2_thresh=0.5_docnorm=T_tfidf=T.csv
0.34,0.595,0.0,0.0,0.0,0.0,0.0,200,../../lists/estonian_voro/list.estonian_voro.attrib=ig_mpd=2_thresh=0.6_docnorm=F_tfidf=F.csv
0.415,0.51,0.0,0.0,0.0,0.0,0.0,200,../../lists/estonian_voro/list.estonian_voro.attrib=ig_mpd=2_thresh=0.6_docnorm=F_tfidf=T.csv
0.675,0.235,0.0,0.0,0.0,0.0,0.0,200,../../lists/estonian_voro/list.estonian_voro.attrib=ig_mpd=2_thresh=0.6_docnorm=T_tfidf=F.csv
0.715,0.205,0.0,0.0,0.0,0.0,0.0,200,../../lists/estonian_voro/list.estonian_voro.attrib=ig_mpd=2_thresh=0.6_docnorm=T_tfidf=T.csv
0.34,0.595,0.0,0.0,0.0,0.0,0.0,200,../../lists/estonian_voro/list.estonian_voro.attrib=ig_mpd=2_thresh=0.7_docnorm=F_tfidf=F.csv
0.41,0.515,0.0,0.0,0.0,0.0,0.0,200,../../lists/estonian_voro/list.estonian_voro.attrib=ig_mpd=2_thresh=0.7_docnorm=F_tfidf=T.csv
0.625,0.31,0.0,0.0,0.0,0.0,0.0,200,../../lists/estonian_voro/list.estonian_voro.attrib=ig_mpd=2_thresh=0.7_docnorm=T_tfidf=F.csv
0.655,0.265,0.0,0.0,0.0,0.0,0.0,200,../../lists/estonian_voro/list.estonian_voro.attrib=ig_mpd=2_thresh=0.7_docnorm=T_tfidf=T.csv
0.34,0.595,0.0,0.0,0.0,0.0,0.0,200,../../lists/estonian_voro/list.estonian_voro.attrib=ig_mpd=2_thresh=0.8_docnorm=F_tfidf=F.csv
0.395,0.525,0.0,0.0,0.0,0.0,0.0,200,../../lists/estonian_voro/list.estonian_voro.attrib=ig_mpd=2_thresh=0.8_docnorm=F_tfidf=T.csv
0.505,0.43,0.0,0.0,0.0,0.0,0.0,200,../../lists/estonian_voro/list.estonian_voro.attrib=ig_mpd=2_thresh=0.8_docnorm=T_tfidf=F.csv
0.525,0.39,0.0,0.0,0.0,0.0,0.0,200,../../lists/estonian_voro/list.estonian_voro.attrib=ig_mpd=2_thresh=0.8_docnorm=T_tfidf=T.csv
0.335,0.595,0.0,0.0,0.0,0.0,0.0,200,../../lists/estonian_voro/list.estonian_voro.attrib=ig_mpd=2_thresh=0.9_docnorm=F_tfidf=F.csv
0.335,0.595,0.0,0.0,0.0,0.0,0.0,200,../../lists/estonian_voro/list.estonian_voro.attrib=ig_mpd=2_thresh=0.9_docnorm=F_tfidf=T.csv
0.36,0.565,0.0,0.0,0.0,0.0,0.0,200,../../lists/estonian_voro/list.estonian_voro.attrib=ig_mpd=2_thresh=0.9_docnorm=T_tfidf=F.csv
0.385,0.545,0.0,0.0,0.0,0.0,0.0,200,../../lists/estonian_voro/list.estonian_voro.attrib=ig_mpd=2_thresh=0.9_docnorm=T_tfidf=T.csv
0.22077922077922077,0.7272727272727273,0.0,0.0,0.0,0.0,0.0,77,../../lists/estonian_voro/list.estonian_voro.attrib=ig_mpd=2_thresh=1.0_docnorm=F_tfidf=F.csv
0.22077922077922077,0.7272727272727273,0.0,0.0,0.0,0.0,0.0,77,../../lists/estonian_voro/list.estonian_voro.attrib=ig_mpd=2_thresh=1.0_docnorm=F_tfidf=T.csv
0.22077922077922077,0.7272727272727273,0.0,0.0,0.0,0.0,0.0,77,../../lists/estonian_voro/list.estonian_voro.attrib=ig_mpd=2_thresh=1.0_docnorm=T_tfidf=F.csv
0.22077922077922077,0.7272727272727273,0.0,0.0,0.0,0.0,0.0,77,../../lists/estonian_voro/list.estonian_voro.attrib=ig_mpd=2_thresh=1.0_docnorm=T_tfidf=T.csv
0.325,0.61,0.0,0.0,0.0,0.0,0.0,200,../../lists/estonian_voro/list.estonian_voro.attrib=ig_mpd=3_thresh=0.1_docnorm=F_tfidf=F.csv
0.365,0.565,0.0,0.0,0.0,0.0,0.0,200,../../lists/estonian_voro/list.estonian_voro.attrib=ig_mpd=3_thresh=0.1_docnorm=F_tfidf=T.csv
0.28,0.015,0.76,0.905,0.935,0.945,0.95,200,../../lists/estonian_voro/list.estonian_voro.attrib=ig_mpd=3_thresh=0.1_docnorm=T_tfidf=F.csv
0.295,0.03,0.795,0.885,0.915,0.925,0.935,200,../../lists/estonian_voro/list.estonian_voro.attrib=ig_mpd=3_thresh=0.1_docnorm=T_tfidf=T.csv
0.325,0.61,0.0,0.0,0.0,0.0,0.0,200,../../lists/estonian_voro/list.estonian_voro.attrib=ig_mpd=3_thresh=0.2_docnorm=F_tfidf=F.csv
0.365,0.565,0.0,0.0,0.0,0.0,0.0,200,../../lists/estonian_voro/list.estonian_voro.attrib=ig_mpd=3_thresh=0.2_docnorm=F_tfidf=T.csv
0.575,0.115,0.0,0.13,0.44,0.635,0.7,200,../../lists/estonian_voro/list.estonian_voro.attrib=ig_mpd=3_thresh=0.2_docnorm=T_tfidf=F.csv
0.57,0.115,0.0,0.26,0.575,0.69,0.78,200,../../lists/estonian_voro/list.estonian_voro.attrib=ig_mpd=3_thresh=0.2_docnorm=T_tfidf=T.csv
0.325,0.61,0.0,0.0,0.0,0.0,0.0,200,../../lists/estonian_voro/list.estonian_voro.attrib=ig_mpd=3_thresh=0.3_docnorm=F_tfidf=F.csv
0.365,0.565,0.0,0.0,0.0,0.0,0.0,200,../../lists/estonian_voro/list.estonian_voro.attrib=ig_mpd=3_thresh=0.3_docnorm=F_tfidf=T.csv
0.665,0.085,0.0,0.0,0.0,0.135,0.24,200,../../lists/estonian_voro/list.estonian_voro.attrib=ig_mpd=3_thresh=0.3_docnorm=T_tfidf=F.csv
0.71,0.135,0.0,0.0,0.005,0.165,0.33,200,../../lists/estonian_voro/list.estonian_voro.attrib=ig_mpd=3_thresh=0.3_docnorm=T_tfidf=T.csv
0.325,0.61,0.0,0.0,0.0,0.0,0.0,200,../../lists/estonian_voro/list.estonian_voro.attrib=ig_mpd=3_thresh=0.4_docnorm=F_tfidf=F.csv
0.365,0.565,0.0,0.0,0.0,0.0,0.0,200,../../lists/estonian_voro/list.estonian_voro.attrib=ig_mpd=3_thresh=0.4_docnorm=F_tfidf=T.csv
0.69,0.13,0.0,0.0,0.0,0.0,0.005,200,../../lists/estonian_voro/list.estonian_voro.attrib=ig_mpd=3_thresh=0.4_docnorm=T_tfidf=F.csv
0.73,0.165,0.0,0.0,0.0,0.0,0.03,200,../../lists/estonian_voro/list.estonian_voro.attrib=ig_mpd=3_thresh=0.4_docnorm=T_tfidf=T.csv
0.325,0.61,0.0,0.0,0.0,0.0,0.0,200,../../lists/estonian_voro/list.estonian_voro.attrib=ig_mpd=3_thresh=0.5_docnorm=F_tfidf=F.csv
0.365,0.565,0.0,0.0,0.0,0.0,0.0,200,../../lists/estonian_voro/list.estonian_voro.attrib=ig_mpd=3_thresh=0.5_docnorm=F_tfidf=T.csv
0.71,0.165,0.0,0.0,0.0,0.0,0.0,200,../../lists/estonian_voro/list.estonian_voro.attrib=ig_mpd=3_thresh=0.5_docnorm=T_tfidf=F.csv
0.71,0.205,0.0,0.0,0.0,0.0,0.0,200,../../lists/estonian_voro/list.estonian_voro.attrib=ig_mpd=3_thresh=0.5_docnorm=T_tfidf=T.csv
0.325,0.61,0.0,0.0,0.0,0.0,0.0,200,../../lists/estonian_voro/list.estonian_voro.attrib=ig_mpd=3_thresh=0.6_docnorm=F_tfidf=F.csv
0.365,0.565,0.0,0.0,0.0,0.0,0.0,200,../../lists/estonian_voro/list.estonian_voro.attrib=ig_mpd=3_thresh=0.6_docnorm=F_tfidf=T.csv
0.69,0.21,0.0,0.0,0.0,0.0,0.0,200,../../lists/estonian_voro/list.estonian_voro.attrib=ig_mpd=3_thresh=0.6_docnorm=T_tfidf=F.csv
0.735,0.185,0.0,0.0,0.0,0.0,0.0,200,../../lists/estonian_voro/list.estonian_voro.attrib=ig_mpd=3_thresh=0.6_docnorm=T_tfidf=T.csv
0.325,0.61,0.0,0.0,0.0,0.0,0.0,200,../../lists/estonian_voro/list.estonian_voro.attrib=ig_mpd=3_thresh=0.7_docnorm=F_tfidf=F.csv
0.365,0.565,0.0,0.0,0.0,0.0,0.0,200,../../lists/estonian_voro/list.estonian_voro.attrib=ig_mpd=3_thresh=0.7_docnorm=F_tfidf=T.csv
0.645,0.28,0.0,0.0,0.0,0.0,0.0,200,../../lists/estonian_voro/list.estonian_voro.attrib=ig_mpd=3_thresh=0.7_docnorm=T_tfidf=F.csv
0.72,0.205,0.0,0.0,0.0,0.0,0.0,200,../../lists/estonian_voro/list.estonian_voro.attrib=ig_mpd=3_thresh=0.7_docnorm=T_tfidf=T.csv
0.325,0.61,0.0,0.0,0.0,0.0,0.0,200,../../lists/estonian_voro/list.estonian_voro.attrib=ig_mpd=3_thresh=0.8_docnorm=F_tfidf=F.csv
0.375,0.555,0.0,0.0,0.0,0.0,0.0,200,../../lists/estonian_voro/list.estonian_voro.attrib=ig_mpd=3_thresh=0.8_docnorm=F_tfidf=T.csv
0.59,0.335,0.0,0.0,0.0,0.0,0.0,200,../../lists/estonian_voro/list.estonian_voro.attrib=ig_mpd=3_thresh=0.8_docnorm=T_tfidf=F.csv
0.68,0.255,0.0,0.0,0.0,0.0,0.0,200,../../lists/estonian_voro/list.estonian_voro.attrib=ig_mpd=3_thresh=0.8_docnorm=T_tfidf=T.csv
0.32,0.615,0.0,0.0,0.0,0.0,0.0,200,../../lists/estonian_voro/list.estonian_voro.attrib=ig_mpd=3_thresh=0.9_docnorm=F_tfidf=F.csv
0.375,0.56,0.0,0.0,0.0,0.0,0.0,200,../../lists/estonian_voro/list.estonian_voro.attrib=ig_mpd=3_thresh=0.9_docnorm=F_tfidf=T.csv
0.43,0.5,0.0,0.0,0.0,0.0,0.0,200,../../lists/estonian_voro/list.estonian_voro.attrib=ig_mpd=3_thresh=0.9_docnorm=T_tfidf=F.csv
0.51,0.43,0.0,0.0,0.0,0.0,0.0,200,../../lists/estonian_voro/list.estonian_voro.attrib=ig_mpd=3_thresh=0.9_docnorm=T_tfidf=T.csv
0.21714285714285714,0.7314285714285714,0.0,0.0,0.0,0.0,0.0,175,../../lists/estonian_voro/list.estonian_voro.attrib=ig_mpd=3_thresh=1.0_docnorm=F_tfidf=F.csv
0.22857142857142856,0.7257142857142858,0.0,0.0,0.0,0.0,0.0,175,../../lists/estonian_voro/list.estonian_voro.attrib=ig_mpd=3_thresh=1.0_docnorm=F_tfidf=T.csv
0.22857142857142856,0.72,0.0,0.0,0.0,0.0,0.0,175,../../lists/estonian_voro/list.estonian_voro.attrib=ig_mpd=3_thresh=1.0_docnorm=T_tfidf=F.csv
0.22857142857142856,0.7257142857142858,0.0,0.0,0.0,0.0,0.0,175,../../lists/estonian_voro/list.estonian_voro.attrib=ig_mpd=3_thresh=1.0_docnorm=T_tfidf=T.csv
0.315,0.63,0.0,0.0,0.0,0.0,0.0,200,../../lists/estonian_voro/list.estonian_voro.attrib=ig_mpd=4_thresh=0.1_docnorm=F_tfidf=F.csv
0.35,0.58,0.0,0.0,0.0,0.0,0.0,200,../../lists/estonian_voro/list.estonian_voro.attrib=ig_mpd=4_thresh=0.1_docnorm=F_tfidf=T.csv
0.27,0.015,0.79,0.92,0.935,0.945,0.95,200,../../lists/estonian_voro/list.estonian_voro.attrib=ig_mpd=4_thresh=0.1_docnorm=T_tfidf=F.csv
0.28,0.02,0.825,0.915,0.935,0.945,0.95,200,../../lists/estonian_voro/list.estonian_voro.attrib=ig_mpd=4_thresh=0.1_docnorm=T_tfidf=T.csv
0.315,0.63,0.0,0.0,0.0,0.0,0.0,200,../../lists/estonian_voro/list.estonian_voro.attrib=ig_mpd=4_thresh=0.2_docnorm=F_tfidf=F.csv
0.35,0.58,0.0,0.0,0.0,0.0,0.0,200,../../lists/estonian_voro/list.estonian_voro.attrib=ig_mpd=4_thresh=0.2_docnorm=F_tfidf=T.csv
0.58,0.11,0.0,0.2,0.5,0.7,0.755,200,../../lists/estonian_voro/list.estonian_voro.attrib=ig_mpd=4_thresh=0.2_docnorm=T_tfidf=F.csv
0.57,0.11,0.0,0.295,0.59,0.725,0.815,200,../../lists/estonian_voro/list.estonian_voro.attrib=ig_mpd=4_thresh=0.2_docnorm=T_tfidf=T.csv
0.315,0.63,0.0,0.0,0.0,0.0,0.0,200,../../lists/estonian_voro/list.estonian_voro.attrib=ig_mpd=4_thresh=0.3_docnorm=F_tfidf=F.csv
0.35,0.58,0.0,0.0,0.0,0.0,0.0,200,../../lists/estonian_voro/list.estonian_voro.attrib=ig_mpd=4_thresh=0.3_docnorm=F_tfidf=T.csv
0.65,0.095,0.0,0.0,0.0,0.14,0.265,200,../../lists/estonian_voro/list.estonian_voro.attrib=ig_mpd=4_thresh=0.3_docnorm=T_tfidf=F.csv
0.675,0.16,0.0,0.0,0.01,0.195,0.375,200,../../lists/estonian_voro/list.estonian_voro.attrib=ig_mpd=4_thresh=0.3_docnorm=T_tfidf=T.csv
0.315,0.63,0.0,0.0,0.0,0.0,0.0,200,../../lists/estonian_voro/list.estonian_voro.attrib=ig_mpd=4_thresh=0.4_docnorm=F_tfidf=F.csv
0.35,0.58,0.0,0.0,0.0,0.0,0.0,200,../../lists/estonian_voro/list.estonian_voro.attrib=ig_mpd=4_thresh=0.4_docnorm=F_tfidf=T.csv
0.68,0.12,0.0,0.0,0.0,0.0,0.015,200,../../lists/estonian_voro/list.estonian_voro.attrib=ig_mpd=4_thresh=0.4_docnorm=T_tfidf=F.csv
0.725,0.16,0.0,0.0,0.0,0.0,0.055,200,../../lists/estonian_voro/list.estonian_voro.attrib=ig_mpd=4_thresh=0.4_docnorm=T_tfidf=T.csv
0.315,0.63,0.0,0.0,0.0,0.0,0.0,200,../../lists/estonian_voro/list.estonian_voro.attrib=ig_mpd=4_thresh=0.5_docnorm=F_tfidf=F.csv
0.35,0.58,0.0,0.0,0.0,0.0,0.0,200,../../lists/estonian_voro/list.estonian_voro.attrib=ig_mpd=4_thresh=0.5_docnorm=F_tfidf=T.csv
0.695,0.155,0.0,0.0,0.0,0.0,0.0,200,../../lists/estonian_voro/list.estonian_voro.attrib=ig_mpd=4_thresh=0.5_docnorm=T_tfidf=F.csv
0.715,0.195,0.0,0.0,0.0,0.0,0.0,200,../../lists/estonian_voro/list.estonian_voro.attrib=ig_mpd=4_thresh=0.5_docnorm=T_tfidf=T.csv
0.315,0.63,0.0,0.0,0.0,0.0,0.0,200,../../lists/estonian_voro/list.estonian_voro.attrib=ig_mpd=4_thresh=0.6_docnorm=F_tfidf=F.csv
0.35,0.58,0.0,0.0,0.0,0.0,0.0,200,../../lists/estonian_voro/list.estonian_voro.attrib=ig_mpd=4_thresh=0.6_docnorm=F_tfidf=T.csv
0.7,0.21,0.0,0.0,0.0,0.0,0.0,200,../../lists/estonian_voro/list.estonian_voro.attrib=ig_mpd=4_thresh=0.6_docnorm=T_tfidf=F.csv
0.74,0.19,0.0,0.0,0.0,0.0,0.0,200,../../lists/estonian_voro/list.estonian_voro.attrib=ig_mpd=4_thresh=0.6_docnorm=T_tfidf=T.csv
0.315,0.63,0.0,0.0,0.0,0.0,0.0,200,../../lists/estonian_voro/list.estonian_voro.attrib=ig_mpd=4_thresh=0.7_docnorm=F_tfidf=F.csv
0.35,0.585,0.0,0.0,0.0,0.0,0.0,200,../../lists/estonian_voro/list.estonian_voro.attrib=ig_mpd=4_thresh=0.7_docnorm=F_tfidf=T.csv
0.655,0.27,0.0,0.0,0.0,0.0,0.0,200,../../lists/estonian_voro/list.estonian_voro.attrib=ig_mpd=4_thresh=0.7_docnorm=T_tfidf=F.csv
0.72,0.205,0.0,0.0,0.0,0.0,0.0,200,../../lists/estonian_voro/list.estonian_voro.attrib=ig_mpd=4_thresh=0.7_docnorm=T_tfidf=T.csv
0.315,0.63,0.0,0.0,0.0,0.0,0.0,200,../../lists/estonian_voro/list.estonian_voro.attrib=ig_mpd=4_thresh=0.8_docnorm=F_tfidf=F.csv
0.35,0.585,0.0,0.0,0.0,0.0,0.0,200,../../lists/estonian_voro/list.estonian_voro.attrib=ig_mpd=4_thresh=0.8_docnorm=F_tfidf=T.csv
0.62,0.32,0.0,0.0,0.0,0.0,0.0,200,../../lists/estonian_voro/list.estonian_voro.attrib=ig_mpd=4_thresh=0.8_docnorm=T_tfidf=F.csv
0.68,0.255,0.0,0.0,0.0,0.0,0.0,200,../../lists/estonian_voro/list.estonian_voro.attrib=ig_mpd=4_thresh=0.8_docnorm=T_tfidf=T.csv
0.31,0.635,0.0,0.0,0.0,0.0,0.0,200,../../lists/estonian_voro/list.estonian_voro.attrib=ig_mpd=4_thresh=0.9_docnorm=F_tfidf=F.csv
0.35,0.58,0.0,0.0,0.0,0.0,0.0,200,../../lists/estonian_voro/list.estonian_voro.attrib=ig_mpd=4_thresh=0.9_docnorm=F_tfidf=T.csv
0.475,0.445,0.0,0.0,0.0,0.0,0.0,200,../../lists/estonian_voro/list.estonian_voro.attrib=ig_mpd=4_thresh=0.9_docnorm=T_tfidf=F.csv
0.55,0.375,0.0,0.0,0.0,0.0,0.0,200,../../lists/estonian_voro/list.estonian_voro.attrib=ig_mpd=4_thresh=0.9_docnorm=T_tfidf=T.csv
0.235,0.72,0.0,0.0,0.0,0.0,0.0,200,../../lists/estonian_voro/list.estonian_voro.attrib=ig_mpd=4_thresh=1.0_docnorm=F_tfidf=F.csv
0.235,0.715,0.0,0.0,0.0,0.0,0.0,200,../../lists/estonian_voro/list.estonian_voro.attrib=ig_mpd=4_thresh=1.0_docnorm=F_tfidf=T.csv
0.265,0.69,0.0,0.0,0.0,0.0,0.0,200,../../lists/estonian_voro/list.estonian_voro.attrib=ig_mpd=4_thresh=1.0_docnorm=T_tfidf=F.csv
0.27,0.68,0.0,0.0,0.0,0.0,0.0,200,../../lists/estonian_voro/list.estonian_voro.attrib=ig_mpd=4_thresh=1.0_docnorm=T_tfidf=T.csv
0.295,0.65,0.0,0.0,0.0,0.0,0.0,200,../../lists/estonian_voro/list.estonian_voro.attrib=ig_mpd=5_thresh=0.1_docnorm=F_tfidf=F.csv
0.34,0.59,0.0,0.0,0.0,0.0,0.0,200,../../lists/estonian_voro/list.estonian_voro.attrib=ig_mpd=5_thresh=0.1_docnorm=F_tfidf=T.csv
0.255,0.015,0.815,0.92,0.935,0.945,0.95,200,../../lists/estonian_voro/list.estonian_voro.attrib=ig_mpd=5_thresh=0.1_docnorm=T_tfidf=F.csv
0.275,0.02,0.835,0.92,0.94,0.95,0.95,200,../../lists/estonian_voro/list.estonian_voro.attrib=ig_mpd=5_thresh=0.1_docnorm=T_tfidf=T.csv
0.295,0.65,0.0,0.0,0.0,0.0,0.0,200,../../lists/estonian_voro/list.estonian_voro.attrib=ig_mpd=5_thresh=0.2_docnorm=F_tfidf=F.csv
0.34,0.59,0.0,0.0,0.0,0.0,0.0,200,../../lists/estonian_voro/list.estonian_voro.attrib=ig_mpd=5_thresh=0.2_docnorm=F_tfidf=T.csv
0.57,0.11,0.0,0.235,0.545,0.74,0.785,200,../../lists/estonian_voro/list.estonian_voro.attrib=ig_mpd=5_thresh=0.2_docnorm=T_tfidf=F.csv
0.57,0.11,0.0,0.33,0.645,0.765,0.835,200,../../lists/estonian_voro/list.estonian_voro.attrib=ig_mpd=5_thresh=0.2_docnorm=T_tfidf=T.csv
0.295,0.65,0.0,0.0,0.0,0.0,0.0,200,../../lists/estonian_voro/list.estonian_voro.attrib=ig_mpd=5_thresh=0.3_docnorm=F_tfidf=F.csv
0.34,0.59,0.0,0.0,0.0,0.0,0.0,200,../../lists/estonian_voro/list.estonian_voro.attrib=ig_mpd=5_thresh=0.3_docnorm=F_tfidf=T.csv
0.635,0.105,0.0,0.0,0.005,0.17,0.31,200,../../lists/estonian_voro/list.estonian_voro.attrib=ig_mpd=5_thresh=0.3_docnorm=T_tfidf=F.csv
0.66,0.17,0.0,0.0,0.015,0.2,0.385,200,../../lists/estonian_voro/list.estonian_voro.attrib=ig_mpd=5_thresh=0.3_docnorm=T_tfidf=T.csv
0.295,0.65,0.0,0.0,0.0,0.0,0.0,200,../../lists/estonian_voro/list.estonian_voro.attrib=ig_mpd=5_thresh=0.4_docnorm=F_tfidf=F.csv
0.34,0.59,0.0,0.0,0.0,0.0,0.0,200,../../lists/estonian_voro/list.estonian_voro.attrib=ig_mpd=5_thresh=0.4_docnorm=F_tfidf=T.csv
0.685,0.125,0.0,0.0,0.0,0.0,0.025,200,../../lists/estonian_voro/list.estonian_voro.attrib=ig_mpd=5_thresh=0.4_docnorm=T_tfidf=F.csv
0.71,0.165,0.0,0.0,0.0,0.0,0.07,200,../../lists/estonian_voro/list.estonian_voro.attrib=ig_mpd=5_thresh=0.4_docnorm=T_tfidf=T.csv
0.295,0.65,0.0,0.0,0.0,0.0,0.0,200,../../lists/estonian_voro/list.estonian_voro.attrib=ig_mpd=5_thresh=0.5_docnorm=F_tfidf=F.csv
0.34,0.59,0.0,0.0,0.0,0.0,0.0,200,../../lists/estonian_voro/list.estonian_voro.attrib=ig_mpd=5_thresh=0.5_docnorm=F_tfidf=T.csv
0.68,0.165,0.0,0.0,0.0,0.0,0.0,200,../../lists/estonian_voro/list.estonian_voro.attrib=ig_mpd=5_thresh=0.5_docnorm=T_tfidf=F.csv
0.715,0.195,0.0,0.0,0.0,0.0,0.0,200,../../lists/estonian_voro/list.estonian_voro.attrib=ig_mpd=5_thresh=0.5_docnorm=T_tfidf=T.csv
0.295,0.65,0.0,0.0,0.0,0.0,0.0,200,../../lists/estonian_voro/list.estonian_voro.attrib=ig_mpd=5_thresh=0.6_docnorm=F_tfidf=F.csv
0.34,0.59,0.0,0.0,0.0,0.0,0.0,200,../../lists/estonian_voro/list.estonian_voro.attrib=ig_mpd=5_thresh=0.6_docnorm=F_tfidf=T.csv
0.71,0.19,0.0,0.0,0.0,0.0,0.0,200,../../lists/estonian_voro/list.estonian_voro.attrib=ig_mpd=5_thresh=0.6_docnorm=T_tfidf=F.csv
0.73,0.2,0.0,0.0,0.0,0.0,0.0,200,../../lists/estonian_voro/list.estonian_voro.attrib=ig_mpd=5_thresh=0.6_docnorm=T_tfidf=T.csv
0.295,0.65,0.0,0.0,0.0,0.0,0.0,200,../../lists/estonian_voro/list.estonian_voro.attrib=ig_mpd=5_thresh=0.7_docnorm=F_tfidf=F.csv
0.345,0.59,0.0,0.0,0.0,0.0,0.0,200,../../lists/estonian_voro/list.estonian_voro.attrib=ig_mpd=5_thresh=0.7_docnorm=F_tfidf=T.csv
0.67,0.24,0.0,0.0,0.0,0.0,0.0,200,../../lists/estonian_voro/list.estonian_voro.attrib=ig_mpd=5_thresh=0.7_docnorm=T_tfidf=F.csv
0.715,0.21,0.0,0.0,0.0,0.0,0.0,200,../../lists/estonian_voro/list.estonian_voro.attrib=ig_mpd=5_thresh=0.7_docnorm=T_tfidf=T.csv
0.295,0.65,0.0,0.0,0.0,0.0,0.0,200,../../lists/estonian_voro/list.estonian_voro.attrib=ig_mpd=5_thresh=0.8_docnorm=F_tfidf=F.csv
0.345,0.59,0.0,0.0,0.0,0.0,0.0,200,../../lists/estonian_voro/list.estonian_voro.attrib=ig_mpd=5_thresh=0.8_docnorm=F_tfidf=T.csv
0.615,0.315,0.0,0.0,0.0,0.0,0.0,200,../../lists/estonian_voro/list.estonian_voro.attrib=ig_mpd=5_thresh=0.8_docnorm=T_tfidf=F.csv
0.67,0.26,0.0,0.0,0.0,0.0,0.0,200,../../lists/estonian_voro/list.estonian_voro.attrib=ig_mpd=5_thresh=0.8_docnorm=T_tfidf=T.csv
0.29,0.655,0.0,0.0,0.0,0.0,0.0,200,../../lists/estonian_voro/list.estonian_voro.attrib=ig_mpd=5_thresh=0.9_docnorm=F_tfidf=F.csv
0.345,0.585,0.0,0.0,0.0,0.0,0.0,200,../../lists/estonian_voro/list.estonian_voro.attrib=ig_mpd=5_thresh=0.9_docnorm=F_tfidf=T.csv
0.52,0.41,0.0,0.0,0.0,0.0,0.0,200,../../lists/estonian_voro/list.estonian_voro.attrib=ig_mpd=5_thresh=0.9_docnorm=T_tfidf=F.csv
0.6,0.325,0.0,0.0,0.0,0.0,0.0,200,../../lists/estonian_voro/list.estonian_voro.attrib=ig_mpd=5_thresh=0.9_docnorm=T_tfidf=T.csv
0.225,0.73,0.0,0.0,0.0,0.0,0.0,200,../../lists/estonian_voro/list.estonian_voro.attrib=ig_mpd=5_thresh=1.0_docnorm=F_tfidf=F.csv
0.25,0.695,0.0,0.0,0.0,0.0,0.0,200,../../lists/estonian_voro/list.estonian_voro.attrib=ig_mpd=5_thresh=1.0_docnorm=F_tfidf=T.csv
0.27,0.675,0.0,0.0,0.0,0.0,0.0,200,../../lists/estonian_voro/list.estonian_voro.attrib=ig_mpd=5_thresh=1.0_docnorm=T_tfidf=F.csv
0.3,0.64,0.0,0.0,0.0,0.0,0.0,200,../../lists/estonian_voro/list.estonian_voro.attrib=ig_mpd=5_thresh=1.0_docnorm=T_tfidf=T.csv
0.285,0.66,0.0,0.0,0.0,0.0,0.0,200,../../lists/estonian_voro/list.estonian_voro.attrib=ig_mpd=6_thresh=0.1_docnorm=F_tfidf=F.csv
0.34,0.59,0.0,0.0,0.0,0.0,0.0,200,../../lists/estonian_voro/list.estonian_voro.attrib=ig_mpd=6_thresh=0.1_docnorm=F_tfidf=T.csv
0.25,0.015,0.835,0.93,0.945,0.95,0.95,200,../../lists/estonian_voro/list.estonian_voro.attrib=ig_mpd=6_thresh=0.1_docnorm=T_tfidf=F.csv
0.275,0.015,0.845,0.93,0.95,0.955,0.955,200,../../lists/estonian_voro/list.estonian_voro.attrib=ig_mpd=6_thresh=0.1_docnorm=T_tfidf=T.csv
0.285,0.66,0.0,0.0,0.0,0.0,0.0,200,../../lists/estonian_voro/list.estonian_voro.attrib=ig_mpd=6_thresh=0.2_docnorm=F_tfidf=F.csv
0.34,0.59,0.0,0.0,0.0,0.0,0.0,200,../../lists/estonian_voro/list.estonian_voro.attrib=ig_mpd=6_thresh=0.2_docnorm=F_tfidf=T.csv
0.575,0.105,0.0,0.265,0.565,0.745,0.8,200,../../lists/estonian_voro/list.estonian_voro.attrib=ig_mpd=6_thresh=0.2_docnorm=T_tfidf=F.csv
0.565,0.12,0.0,0.355,0.65,0.77,0.835,200,../../lists/estonian_voro/list.estonian_voro.attrib=ig_mpd=6_thresh=0.2_docnorm=T_tfidf=T.csv
0.285,0.66,0.0,0.0,0.0,0.0,0.0,200,../../lists/estonian_voro/list.estonian_voro.attrib=ig_mpd=6_thresh=0.3_docnorm=F_tfidf=F.csv
0.34,0.59,0.0,0.0,0.0,0.0,0.0,200,../../lists/estonian_voro/list.estonian_voro.attrib=ig_mpd=6_thresh=0.3_docnorm=F_tfidf=T.csv
0.64,0.105,0.0,0.0,0.005,0.18,0.315,200,../../lists/estonian_voro/list.estonian_voro.attrib=ig_mpd=6_thresh=0.3_docnorm=T_tfidf=F.csv
0.665,0.16,0.0,0.0,0.015,0.2,0.395,200,../../lists/estonian_voro/list.estonian_voro.attrib=ig_mpd=6_thresh=0.3_docnorm=T_tfidf=T.csv
0.285,0.66,0.0,0.0,0.0,0.0,0.0,200,../../lists/estonian_voro/list.estonian_voro.attrib=ig_mpd=6_thresh=0.4_docnorm=F_tfidf=F.csv
0.34,0.59,0.0,0.0,0.0,0.0,0.0,200,../../lists/estonian_voro/list.estonian_voro.attrib=ig_mpd=6_thresh=0.4_docnorm=F_tfidf=T.csv
0.7,0.105,0.0,0.0,0.0,0.0,0.03,200,../../lists/estonian_voro/list.estonian_voro.attrib=ig_mpd=6_thresh=0.4_docnorm=T_tfidf=F.csv
0.71,0.165,0.0,0.0,0.0,0.0,0.075,200,../../lists/estonian_voro/list.estonian_voro.attrib=ig_mpd=6_thresh=0.4_docnorm=T_tfidf=T.csv
0.285,0.66,0.0,0.0,0.0,0.0,0.0,200,../../lists/estonian_voro/list.estonian_voro.attrib=ig_mpd=6_thresh=0.5_docnorm=F_tfidf=F.csv
0.34,0.59,0.0,0.0,0.0,0.0,0.0,200,../../lists/estonian_voro/list.estonian_voro.attrib=ig_mpd=6_thresh=0.5_docnorm=F_tfidf=T.csv
0.675,0.165,0.0,0.0,0.0,0.0,0.0,200,../../lists/estonian_voro/list.estonian_voro.attrib=ig_mpd=6_thresh=0.5_docnorm=T_tfidf=F.csv
0.71,0.195,0.0,0.0,0.0,0.0,0.0,200,../../lists/estonian_voro/list.estonian_voro.attrib=ig_mpd=6_thresh=0.5_docnorm=T_tfidf=T.csv
0.285,0.66,0.0,0.0,0.0,0.0,0.0,200,../../lists/estonian_voro/list.estonian_voro.attrib=ig_mpd=6_thresh=0.6_docnorm=F_tfidf=F.csv
0.34,0.59,0.0,0.0,0.0,0.0,0.0,200,../../lists/estonian_voro/list.estonian_voro.attrib=ig_mpd=6_thresh=0.6_docnorm=F_tfidf=T.csv
0.7,0.195,0.0,0.0,0.0,0.0,0.0,200,../../lists/estonian_voro/list.estonian_voro.attrib=ig_mpd=6_thresh=0.6_docnorm=T_tfidf=F.csv
0.725,0.205,0.0,0.0,0.0,0.0,0.0,200,../../lists/estonian_voro/list.estonian_voro.attrib=ig_mpd=6_thresh=0.6_docnorm=T_tfidf=T.csv
0.285,0.66,0.0,0.0,0.0,0.0,0.0,200,../../lists/estonian_voro/list.estonian_voro.attrib=ig_mpd=6_thresh=0.7_docnorm=F_tfidf=F.csv
0.34,0.595,0.0,0.0,0.0,0.0,0.0,200,../../lists/estonian_voro/list.estonian_voro.attrib=ig_mpd=6_thresh=0.7_docnorm=F_tfidf=T.csv
0.69,0.22,0.0,0.0,0.0,0.0,0.0,200,../../lists/estonian_voro/list.estonian_voro.attrib=ig_mpd=6_thresh=0.7_docnorm=T_tfidf=F.csv
0.705,0.23,0.0,0.0,0.0,0.0,0.0,200,../../lists/estonian_voro/list.estonian_voro.attrib=ig_mpd=6_thresh=0.7_docnorm=T_tfidf=T.csv
0.285,0.66,0.0,0.0,0.0,0.0,0.0,200,../../lists/estonian_voro/list.estonian_voro.attrib=ig_mpd=6_thresh=0.8_docnorm=F_tfidf=F.csv
0.34,0.595,0.0,0.0,0.0,0.0,0.0,200,../../lists/estonian_voro/list.estonian_voro.attrib=ig_mpd=6_thresh=0.8_docnorm=F_tfidf=T.csv
0.635,0.295,0.0,0.0,0.0,0.0,0.0,200,../../lists/estonian_voro/list.estonian_voro.attrib=ig_mpd=6_thresh=0.8_docnorm=T_tfidf=F.csv
0.69,0.245,0.0,0.0,0.0,0.0,0.0,200,../../lists/estonian_voro/list.estonian_voro.attrib=ig_mpd=6_thresh=0.8_docnorm=T_tfidf=T.csv
0.28,0.665,0.0,0.0,0.0,0.0,0.0,200,../../lists/estonian_voro/list.estonian_voro.attrib=ig_mpd=6_thresh=0.9_docnorm=F_tfidf=F.csv
0.345,0.585,0.0,0.0,0.0,0.0,0.0,200,../../lists/estonian_voro/list.estonian_voro.attrib=ig_mpd=6_thresh=0.9_docnorm=F_tfidf=T.csv
0.525,0.405,0.0,0.0,0.0,0.0,0.0,200,../../lists/estonian_voro/list.estonian_voro.attrib=ig_mpd=6_thresh=0.9_docnorm=T_tfidf=F.csv
0.61,0.31,0.0,0.0,0.0,0.0,0.0,200,../../lists/estonian_voro/list.estonian_voro.attrib=ig_mpd=6_thresh=0.9_docnorm=T_tfidf=T.csv
0.23,0.725,0.0,0.0,0.0,0.0,0.0,200,../../lists/estonian_voro/list.estonian_voro.attrib=ig_mpd=6_thresh=1.0_docnorm=F_tfidf=F.csv
0.265,0.68,0.0,0.0,0.0,0.0,0.0,200,../../lists/estonian_voro/list.estonian_voro.attrib=ig_mpd=6_thresh=1.0_docnorm=F_tfidf=T.csv
0.27,0.675,0.0,0.0,0.0,0.0,0.0,200,../../lists/estonian_voro/list.estonian_voro.attrib=ig_mpd=6_thresh=1.0_docnorm=T_tfidf=F.csv
0.3,0.635,0.0,0.0,0.0,0.0,0.0,200,../../lists/estonian_voro/list.estonian_voro.attrib=ig_mpd=6_thresh=1.0_docnorm=T_tfidf=T.csv
0.285,0.66,0.0,0.0,0.0,0.0,0.0,200,../../lists/estonian_voro/list.estonian_voro.attrib=ig_mpd=7_thresh=0.1_docnorm=F_tfidf=F.csv
0.35,0.58,0.0,0.0,0.0,0.0,0.0,200,../../lists/estonian_voro/list.estonian_voro.attrib=ig_mpd=7_thresh=0.1_docnorm=F_tfidf=T.csv
0.255,0.01,0.84,0.935,0.95,0.955,0.955,200,../../lists/estonian_voro/list.estonian_voro.attrib=ig_mpd=7_thresh=0.1_docnorm=T_tfidf=F.csv
0.275,0.015,0.85,0.93,0.95,0.955,0.955,200,../../lists/estonian_voro/list.estonian_voro.attrib=ig_mpd=7_thresh=0.1_docnorm=T_tfidf=T.csv
0.285,0.66,0.0,0.0,0.0,0.0,0.0,200,../../lists/estonian_voro/list.estonian_voro.attrib=ig_mpd=7_thresh=0.2_docnorm=F_tfidf=F.csv
0.35,0.58,0.0,0.0,0.0,0.0,0.0,200,../../lists/estonian_voro/list.estonian_voro.attrib=ig_mpd=7_thresh=0.2_docnorm=F_tfidf=T.csv
0.575,0.12,0.0,0.28,0.575,0.755,0.805,200,../../lists/estonian_voro/list.estonian_voro.attrib=ig_mpd=7_thresh=0.2_docnorm=T_tfidf=F.csv
0.57,0.12,0.0,0.37,0.67,0.775,0.835,200,../../lists/estonian_voro/list.estonian_voro.attrib=ig_mpd=7_thresh=0.2_docnorm=T_tfidf=T.csv
0.285,0.66,0.0,0.0,0.0,0.0,0.0,200,../../lists/estonian_voro/list.estonian_voro.attrib=ig_mpd=7_thresh=0.3_docnorm=F_tfidf=F.csv
0.35,0.58,0.0,0.0,0.0,0.0,0.0,200,../../lists/estonian_voro/list.estonian_voro.attrib=ig_mpd=7_thresh=0.3_docnorm=F_tfidf=T.csv
0.635,0.12,0.0,0.0,0.005,0.185,0.325,200,../../lists/estonian_voro/list.estonian_voro.attrib=ig_mpd=7_thresh=0.3_docnorm=T_tfidf=F.csv
0.665,0.155,0.0,0.0,0.02,0.215,0.405,200,../../lists/estonian_voro/list.estonian_voro.attrib=ig_mpd=7_thresh=0.3_docnorm=T_tfidf=T.csv
0.285,0.66,0.0,0.0,0.0,0.0,0.0,200,../../lists/estonian_voro/list.estonian_voro.attrib=ig_mpd=7_thresh=0.4_docnorm=F_tfidf=F.csv
0.35,0.58,0.0,0.0,0.0,0.0,0.0,200,../../lists/estonian_voro/list.estonian_voro.attrib=ig_mpd=7_thresh=0.4_docnorm=F_tfidf=T.csv
0.695,0.1,0.0,0.0,0.0,0.0,0.03,200,../../lists/estonian_voro/list.estonian_voro.attrib=ig_mpd=7_thresh=0.4_docnorm=T_tfidf=F.csv
0.695,0.165,0.0,0.0,0.0,0.0,0.09,200,../../lists/estonian_voro/list.estonian_voro.attrib=ig_mpd=7_thresh=0.4_docnorm=T_tfidf=T.csv
0.285,0.66,0.0,0.0,0.0,0.0,0.0,200,../../lists/estonian_voro/list.estonian_voro.attrib=ig_mpd=7_thresh=0.5_docnorm=F_tfidf=F.csv
0.35,0.58,0.0,0.0,0.0,0.0,0.0,200,../../lists/estonian_voro/list.estonian_voro.attrib=ig_mpd=7_thresh=0.5_docnorm=F_tfidf=T.csv
0.675,0.16,0.0,0.0,0.0,0.0,0.0,200,../../lists/estonian_voro/list.estonian_voro.attrib=ig_mpd=7_thresh=0.5_docnorm=T_tfidf=F.csv
0.715,0.185,0.0,0.0,0.0,0.0,0.0,200,../../lists/estonian_voro/list.estonian_voro.attrib=ig_mpd=7_thresh=0.5_docnorm=T_tfidf=T.csv
0.285,0.66,0.0,0.0,0.0,0.0,0.0,200,../../lists/estonian_voro/list.estonian_voro.attrib=ig_mpd=7_thresh=0.6_docnorm=F_tfidf=F.csv
0.35,0.58,0.0,0.0,0.0,0.0,0.0,200,../../lists/estonian_voro/list.estonian_voro.attrib=ig_mpd=7_thresh=0.6_docnorm=F_tfidf=T.csv
0.69,0.205,0.0,0.0,0.0,0.0,0.0,200,../../lists/estonian_voro/list.estonian_voro.attrib=ig_mpd=7_thresh=0.6_docnorm=T_tfidf=F.csv
0.735,0.195,0.0,0.0,0.0,0.0,0.0,200,../../lists/estonian_voro/list.estonian_voro.attrib=ig_mpd=7_thresh=0.6_docnorm=T_tfidf=T.csv
0.285,0.66,0.0,0.0,0.0,0.0,0.0,200,../../lists/estonian_voro/list.estonian_voro.attrib=ig_mpd=7_thresh=0.7_docnorm=F_tfidf=F.csv
0.35,0.585,0.0,0.0,0.0,0.0,0.0,200,../../lists/estonian_voro/list.estonian_voro.attrib=ig_mpd=7_thresh=0.7_docnorm=F_tfidf=T.csv
0.695,0.215,0.0,0.0,0.0,0.0,0.0,200,../../lists/estonian_voro/list.estonian_voro.attrib=ig_mpd=7_thresh=0.7_docnorm=T_tfidf=F.csv
0.72,0.22,0.0,0.0,0.0,0.0,0.0,200,../../lists/estonian_voro/list.estonian_voro.attrib=ig_mpd=7_thresh=0.7_docnorm=T_tfidf=T.csv
0.285,0.66,0.0,0.0,0.0,0.0,0.0,200,../../lists/estonian_voro/list.estonian_voro.attrib=ig_mpd=7_thresh=0.8_docnorm=F_tfidf=F.csv
0.35,0.585,0.0,0.0,0.0,0.0,0.0,200,../../lists/estonian_voro/list.estonian_voro.attrib=ig_mpd=7_thresh=0.8_docnorm=F_tfidf=T.csv
0.63,0.305,0.0,0.0,0.0,0.0,0.0,200,../../lists/estonian_voro/list.estonian_voro.attrib=ig_mpd=7_thresh=0.8_docnorm=T_tfidf=F.csv
0.69,0.245,0.0,0.0,0.0,0.0,0.0,200,../../lists/estonian_voro/list.estonian_voro.attrib=ig_mpd=7_thresh=0.8_docnorm=T_tfidf=T.csv
0.28,0.665,0.0,0.0,0.0,0.0,0.0,200,../../lists/estonian_voro/list.estonian_voro.attrib=ig_mpd=7_thresh=0.9_docnorm=F_tfidf=F.csv
0.345,0.585,0.0,0.0,0.0,0.0,0.0,200,../../lists/estonian_voro/list.estonian_voro.attrib=ig_mpd=7_thresh=0.9_docnorm=F_tfidf=T.csv
0.515,0.41,0.0,0.0,0.0,0.0,0.0,200,../../lists/estonian_voro/list.estonian_voro.attrib=ig_mpd=7_thresh=0.9_docnorm=T_tfidf=F.csv
0.6,0.32,0.0,0.0,0.0,0.0,0.0,200,../../lists/estonian_voro/list.estonian_voro.attrib=ig_mpd=7_thresh=0.9_docnorm=T_tfidf=T.csv
0.245,0.705,0.0,0.0,0.0,0.0,0.0,200,../../lists/estonian_voro/list.estonian_voro.attrib=ig_mpd=7_thresh=1.0_docnorm=F_tfidf=F.csv
0.28,0.665,0.0,0.0,0.0,0.0,0.0,200,../../lists/estonian_voro/list.estonian_voro.attrib=ig_mpd=7_thresh=1.0_docnorm=F_tfidf=T.csv
0.305,0.64,0.0,0.0,0.0,0.0,0.0,200,../../lists/estonian_voro/list.estonian_voro.attrib=ig_mpd=7_thresh=1.0_docnorm=T_tfidf=F.csv
0.335,0.605,0.0,0.0,0.0,0.0,0.0,200,../../lists/estonian_voro/list.estonian_voro.attrib=ig_mpd=7_thresh=1.0_docnorm=T_tfidf=T.csv
0.285,0.66,0.0,0.0,0.0,0.0,0.0,200,../../lists/estonian_voro/list.estonian_voro.attrib=ig_mpd=8_thresh=0.1_docnorm=F_tfidf=F.csv
0.345,0.585,0.0,0.0,0.0,0.0,0.0,200,../../lists/estonian_voro/list.estonian_voro.attrib=ig_mpd=8_thresh=0.1_docnorm=F_tfidf=T.csv
0.25,0.01,0.84,0.935,0.95,0.955,0.955,200,../../lists/estonian_voro/list.estonian_voro.attrib=ig_mpd=8_thresh=0.1_docnorm=T_tfidf=F.csv
0.275,0.015,0.85,0.93,0.95,0.955,0.955,200,../../lists/estonian_voro/list.estonian_voro.attrib=ig_mpd=8_thresh=0.1_docnorm=T_tfidf=T.csv
0.285,0.66,0.0,0.0,0.0,0.0,0.0,200,../../lists/estonian_voro/list.estonian_voro.attrib=ig_mpd=8_thresh=0.2_docnorm=F_tfidf=F.csv
0.345,0.585,0.0,0.0,0.0,0.0,0.0,200,../../lists/estonian_voro/list.estonian_voro.attrib=ig_mpd=8_thresh=0.2_docnorm=F_tfidf=T.csv
0.58,0.1,0.0,0.295,0.595,0.765,0.81,200,../../lists/estonian_voro/list.estonian_voro.attrib=ig_mpd=8_thresh=0.2_docnorm=T_tfidf=F.csv
0.585,0.105,0.0,0.39,0.69,0.795,0.85,200,../../lists/estonian_voro/list.estonian_voro.attrib=ig_mpd=8_thresh=0.2_docnorm=T_tfidf=T.csv
0.285,0.66,0.0,0.0,0.0,0.0,0.0,200,../../lists/estonian_voro/list.estonian_voro.attrib=ig_mpd=8_thresh=0.3_docnorm=F_tfidf=F.csv
0.345,0.585,0.0,0.0,0.0,0.0,0.0,200,../../lists/estonian_voro/list.estonian_voro.attrib=ig_mpd=8_thresh=0.3_docnorm=F_tfidf=T.csv
0.615,0.125,0.0,0.0,0.005,0.185,0.32,200,../../lists/estonian_voro/list.estonian_voro.attrib=ig_mpd=8_thresh=0.3_docnorm=T_tfidf=F.csv
0.67,0.15,0.0,0.0,0.02,0.225,0.415,200,../../lists/estonian_voro/list.estonian_voro.attrib=ig_mpd=8_thresh=0.3_docnorm=T_tfidf=T.csv
0.285,0.66,0.0,0.0,0.0,0.0,0.0,200,../../lists/estonian_voro/list.estonian_voro.attrib=ig_mpd=8_thresh=0.4_docnorm=F_tfidf=F.csv
0.345,0.585,0.0,0.0,0.0,0.0,0.0,200,../../lists/estonian_voro/list.estonian_voro.attrib=ig_mpd=8_thresh=0.4_docnorm=F_tfidf=T.csv
0.67,0.11,0.0,0.0,0.0,0.0,0.035,200,../../lists/estonian_voro/list.estonian_voro.attrib=ig_mpd=8_thresh=0.4_docnorm=T_tfidf=F.csv
0.695,0.155,0.0,0.0,0.0,0.0,0.11,200,../../lists/estonian_voro/list.estonian_voro.attrib=ig_mpd=8_thresh=0.4_docnorm=T_tfidf=T.csv
0.285,0.66,0.0,0.0,0.0,0.0,0.0,200,../../lists/estonian_voro/list.estonian_voro.attrib=ig_mpd=8_thresh=0.5_docnorm=F_tfidf=F.csv
0.345,0.585,0.0,0.0,0.0,0.0,0.0,200,../../lists/estonian_voro/list.estonian_voro.attrib=ig_mpd=8_thresh=0.5_docnorm=F_tfidf=T.csv
0.68,0.16,0.0,0.0,0.0,0.0,0.0,200,../../lists/estonian_voro/list.estonian_voro.attrib=ig_mpd=8_thresh=0.5_docnorm=T_tfidf=F.csv
0.71,0.195,0.0,0.0,0.0,0.0,0.0,200,../../lists/estonian_voro/list.estonian_voro.attrib=ig_mpd=8_thresh=0.5_docnorm=T_tfidf=T.csv
0.285,0.66,0.0,0.0,0.0,0.0,0.0,200,../../lists/estonian_voro/list.estonian_voro.attrib=ig_mpd=8_thresh=0.6_docnorm=F_tfidf=F.csv
0.345,0.585,0.0,0.0,0.0,0.0,0.0,200,../../lists/estonian_voro/list.estonian_voro.attrib=ig_mpd=8_thresh=0.6_docnorm=F_tfidf=T.csv
0.69,0.205,0.0,0.0,0.0,0.0,0.0,200,../../lists/estonian_voro/list.estonian_voro.attrib=ig_mpd=8_thresh=0.6_docnorm=T_tfidf=F.csv
0.73,0.2,0.0,0.0,0.0,0.0,0.0,200,../../lists/estonian_voro/list.estonian_voro.attrib=ig_mpd=8_thresh=0.6_docnorm=T_tfidf=T.csv
0.285,0.66,0.0,0.0,0.0,0.0,0.0,200,../../lists/estonian_voro/list.estonian_voro.attrib=ig_mpd=8_thresh=0.7_docnorm=F_tfidf=F.csv
0.345,0.59,0.0,0.0,0.0,0.0,0.0,200,../../lists/estonian_voro/list.estonian_voro.attrib=ig_mpd=8_thresh=0.7_docnorm=F_tfidf=T.csv
0.7,0.22,0.0,0.0,0.0,0.0,0.0,200,../../lists/estonian_voro/list.estonian_voro.attrib=ig_mpd=8_thresh=0.7_docnorm=T_tfidf=F.csv
0.725,0.215,0.0,0.0,0.0,0.0,0.0,200,../../lists/estonian_voro/list.estonian_voro.attrib=ig_mpd=8_thresh=0.7_docnorm=T_tfidf=T.csv
0.285,0.66,0.0,0.0,0.0,0.0,0.0,200,../../lists/estonian_voro/list.estonian_voro.attrib=ig_mpd=8_thresh=0.8_docnorm=F_tfidf=F.csv
0.345,0.59,0.0,0.0,0.0,0.0,0.0,200,../../lists/estonian_voro/list.estonian_voro.attrib=ig_mpd=8_thresh=0.8_docnorm=F_tfidf=T.csv
0.63,0.305,0.0,0.0,0.0,0.0,0.0,200,../../lists/estonian_voro/list.estonian_voro.attrib=ig_mpd=8_thresh=0.8_docnorm=T_tfidf=F.csv
0.69,0.245,0.0,0.0,0.0,0.0,0.0,200,../../lists/estonian_voro/list.estonian_voro.attrib=ig_mpd=8_thresh=0.8_docnorm=T_tfidf=T.csv
0.28,0.665,0.0,0.0,0.0,0.0,0.0,200,../../lists/estonian_voro/list.estonian_voro.attrib=ig_mpd=8_thresh=0.9_docnorm=F_tfidf=F.csv
0.345,0.585,0.0,0.0,0.0,0.0,0.0,200,../../lists/estonian_voro/list.estonian_voro.attrib=ig_mpd=8_thresh=0.9_docnorm=F_tfidf=T.csv
0.52,0.41,0.0,0.0,0.0,0.0,0.0,200,../../lists/estonian_voro/list.estonian_voro.attrib=ig_mpd=8_thresh=0.9_docnorm=T_tfidf=F.csv
0.59,0.325,0.0,0.0,0.0,0.0,0.0,200,../../lists/estonian_voro/list.estonian_voro.attrib=ig_mpd=8_thresh=0.9_docnorm=T_tfidf=T.csv
0.255,0.695,0.0,0.0,0.0,0.0,0.0,200,../../lists/estonian_voro/list.estonian_voro.attrib=ig_mpd=8_thresh=1.0_docnorm=F_tfidf=F.csv
0.285,0.66,0.0,0.0,0.0,0.0,0.0,200,../../lists/estonian_voro/list.estonian_voro.attrib=ig_mpd=8_thresh=1.0_docnorm=F_tfidf=T.csv
0.315,0.63,0.0,0.0,0.0,0.0,0.0,200,../../lists/estonian_voro/list.estonian_voro.attrib=ig_mpd=8_thresh=1.0_docnorm=T_tfidf=F.csv
0.335,0.605,0.0,0.0,0.0,0.0,0.0,200,../../lists/estonian_voro/list.estonian_voro.attrib=ig_mpd=8_thresh=1.0_docnorm=T_tfidf=T.csv
0.29,0.655,0.0,0.0,0.0,0.0,0.0,200,../../lists/estonian_voro/list.estonian_voro.attrib=ig_mpd=9_thresh=0.1_docnorm=F_tfidf=F.csv
0.345,0.585,0.0,0.0,0.0,0.0,0.0,200,../../lists/estonian_voro/list.estonian_voro.attrib=ig_mpd=9_thresh=0.1_docnorm=F_tfidf=T.csv
0.255,0.01,0.85,0.94,0.95,0.955,0.955,200,../../lists/estonian_voro/list.estonian_voro.attrib=ig_mpd=9_thresh=0.1_docnorm=T_tfidf=F.csv
0.275,0.015,0.85,0.93,0.95,0.955,0.955,200,../../lists/estonian_voro/list.estonian_voro.attrib=ig_mpd=9_thresh=0.1_docnorm=T_tfidf=T.csv
0.29,0.655,0.0,0.0,0.0,0.0,0.0,200,../../lists/estonian_voro/list.estonian_voro.attrib=ig_mpd=9_thresh=0.2_docnorm=F_tfidf=F.csv
0.345,0.585,0.0,0.0,0.0,0.0,0.0,200,../../lists/estonian_voro/list.estonian_voro.attrib=ig_mpd=9_thresh=0.2_docnorm=F_tfidf=T.csv
0.57,0.1,0.0,0.3,0.61,0.77,0.805,200,../../lists/estonian_voro/list.estonian_voro.attrib=ig_mpd=9_thresh=0.2_docnorm=T_tfidf=F.csv
0.585,0.105,0.0,0.395,0.695,0.8,0.855,200,../../lists/estonian_voro/list.estonian_voro.attrib=ig_mpd=9_thresh=0.2_docnorm=T_tfidf=T.csv
0.29,0.655,0.0,0.0,0.0,0.0,0.0,200,../../lists/estonian_voro/list.estonian_voro.attrib=ig_mpd=9_thresh=0.3_docnorm=F_tfidf=F.csv
0.345,0.585,0.0,0.0,0.0,0.0,0.0,200,../../lists/estonian_voro/list.estonian_voro.attrib=ig_mpd=9_thresh=0.3_docnorm=F_tfidf=T.csv
0.605,0.135,0.0,0.0,0.005,0.195,0.34,200,../../lists/estonian_voro/list.estonian_voro.attrib=ig_mpd=9_thresh=0.3_docnorm=T_tfidf=F.csv
0.675,0.145,0.0,0.0,0.02,0.225,0.415,200,../../lists/estonian_voro/list.estonian_voro.attrib=ig_mpd=9_thresh=0.3_docnorm=T_tfidf=T.csv
0.29,0.655,0.0,0.0,0.0,0.0,0.0,200,../../lists/estonian_voro/list.estonian_voro.attrib=ig_mpd=9_thresh=0.4_docnorm=F_tfidf=F.csv
0.345,0.585,0.0,0.0,0.0,0.0,0.0,200,../../lists/estonian_voro/list.estonian_voro.attrib=ig_mpd=9_thresh=0.4_docnorm=F_tfidf=T.csv
0.66,0.115,0.0,0.0,0.0,0.0,0.04,200,../../lists/estonian_voro/list.estonian_voro.attrib=ig_mpd=9_thresh=0.4_docnorm=T_tfidf=F.csv
0.685,0.16,0.0,0.0,0.0,0.0,0.11,200,../../lists/estonian_voro/list.estonian_voro.attrib=ig_mpd=9_thresh=0.4_docnorm=T_tfidf=T.csv
0.29,0.655,0.0,0.0,0.0,0.0,0.0,200,../../lists/estonian_voro/list.estonian_voro.attrib=ig_mpd=9_thresh=0.5_docnorm=F_tfidf=F.csv
0.345,0.585,0.0,0.0,0.0,0.0,0.0,200,../../lists/estonian_voro/list.estonian_voro.attrib=ig_mpd=9_thresh=0.5_docnorm=F_tfidf=T.csv
0.68,0.16,0.0,0.0,0.0,0.0,0.0,200,../../lists/estonian_voro/list.estonian_voro.attrib=ig_mpd=9_thresh=0.5_docnorm=T_tfidf=F.csv
0.71,0.195,0.0,0.0,0.0,0.0,0.0,200,../../lists/estonian_voro/list.estonian_voro.attrib=ig_mpd=9_thresh=0.5_docnorm=T_tfidf=T.csv
0.29,0.655,0.0,0.0,0.0,0.0,0.0,200,../../lists/estonian_voro/list.estonian_voro.attrib=ig_mpd=9_thresh=0.6_docnorm=F_tfidf=F.csv
0.345,0.585,0.0,0.0,0.0,0.0,0.0,200,../../lists/estonian_voro/list.estonian_voro.attrib=ig_mpd=9_thresh=0.6_docnorm=F_tfidf=T.csv
0.68,0.215,0.0,0.0,0.0,0.0,0.0,200,../../lists/estonian_voro/list.estonian_voro.attrib=ig_mpd=9_thresh=0.6_docnorm=T_tfidf=F.csv
0.71,0.225,0.0,0.0,0.0,0.0,0.0,200,../../lists/estonian_voro/list.estonian_voro.attrib=ig_mpd=9_thresh=0.6_docnorm=T_tfidf=T.csv
0.29,0.655,0.0,0.0,0.0,0.0,0.0,200,../../lists/estonian_voro/list.estonian_voro.attrib=ig_mpd=9_thresh=0.7_docnorm=F_tfidf=F.csv
0.34,0.595,0.0,0.0,0.0,0.0,0.0,200,../../lists/estonian_voro/list.estonian_voro.attrib=ig_mpd=9_thresh=0.7_docnorm=F_tfidf=T.csv
0.695,0.22,0.0,0.0,0.0,0.0,0.0,200,../../lists/estonian_voro/list.estonian_voro.attrib=ig_mpd=9_thresh=0.7_docnorm=T_tfidf=F.csv
0.735,0.21,0.0,0.0,0.0,0.0,0.0,200,../../lists/estonian_voro/list.estonian_voro.attrib=ig_mpd=9_thresh=0.7_docnorm=T_tfidf=T.csv
0.29,0.655,0.0,0.0,0.0,0.0,0.0,200,../../lists/estonian_voro/list.estonian_voro.attrib=ig_mpd=9_thresh=0.8_docnorm=F_tfidf=F.csv
0.34,0.595,0.0,0.0,0.0,0.0,0.0,200,../../lists/estonian_voro/list.estonian_voro.attrib=ig_mpd=9_thresh=0.8_docnorm=F_tfidf=T.csv
0.635,0.305,0.0,0.0,0.0,0.0,0.0,200,../../lists/estonian_voro/list.estonian_voro.attrib=ig_mpd=9_thresh=0.8_docnorm=T_tfidf=F.csv
0.69,0.245,0.0,0.0,0.0,0.0,0.0,200,../../lists/estonian_voro/list.estonian_voro.attrib=ig_mpd=9_thresh=0.8_docnorm=T_tfidf=T.csv
0.28,0.665,0.0,0.0,0.0,0.0,0.0,200,../../lists/estonian_voro/list.estonian_voro.attrib=ig_mpd=9_thresh=0.9_docnorm=F_tfidf=F.csv
0.34,0.59,0.0,0.0,0.0,0.0,0.0,200,../../lists/estonian_voro/list.estonian_voro.attrib=ig_mpd=9_thresh=0.9_docnorm=F_tfidf=T.csv
0.54,0.395,0.0,0.0,0.0,0.0,0.0,200,../../lists/estonian_voro/list.estonian_voro.attrib=ig_mpd=9_thresh=0.9_docnorm=T_tfidf=F.csv
0.6,0.32,0.0,0.0,0.0,0.0,0.0,200,../../lists/estonian_voro/list.estonian_voro.attrib=ig_mpd=9_thresh=0.9_docnorm=T_tfidf=T.csv
0.25,0.695,0.0,0.0,0.0,0.0,0.0,200,../../lists/estonian_voro/list.estonian_voro.attrib=ig_mpd=9_thresh=1.0_docnorm=F_tfidf=F.csv
0.285,0.655,0.0,0.0,0.0,0.0,0.0,200,../../lists/estonian_voro/list.estonian_voro.attrib=ig_mpd=9_thresh=1.0_docnorm=F_tfidf=T.csv
0.315,0.625,0.0,0.0,0.0,0.0,0.0,200,../../lists/estonian_voro/list.estonian_voro.attrib=ig_mpd=9_thresh=1.0_docnorm=T_tfidf=F.csv
0.33,0.61,0.0,0.0,0.0,0.0,0.0,200,../../lists/estonian_voro/list.estonian_voro.attrib=ig_mpd=9_thresh=1.0_docnorm=T_tfidf=T.csv
0.32,0.625,0.005,0.005,0.005,0.005,0.005,200,../../lists/estonian_voro/list.estonian_voro.attrib=lime_mpd=10_thresh=0.1_docnorm=F_tfidf=F.csv
0.375,0.545,0.005,0.005,0.015,0.015,0.015,200,../../lists/estonian_voro/list.estonian_voro.attrib=lime_mpd=10_thresh=0.1_docnorm=F_tfidf=T.csv
0.435,0.01,0.895,0.975,0.99,0.99,0.995,200,../../lists/estonian_voro/list.estonian_voro.attrib=lime_mpd=10_thresh=0.1_docnorm=T_tfidf=F.csv
0.455,0.005,0.915,0.975,0.995,0.995,0.995,200,../../lists/estonian_voro/list.estonian_voro.attrib=lime_mpd=10_thresh=0.1_docnorm=T_tfidf=T.csv
0.32,0.625,0.005,0.005,0.005,0.005,0.005,200,../../lists/estonian_voro/list.estonian_voro.attrib=lime_mpd=10_thresh=0.2_docnorm=F_tfidf=F.csv
0.375,0.545,0.005,0.005,0.015,0.015,0.015,200,../../lists/estonian_voro/list.estonian_voro.attrib=lime_mpd=10_thresh=0.2_docnorm=F_tfidf=T.csv
0.655,0.07,0.0,0.26,0.61,0.775,0.885,200,../../lists/estonian_voro/list.estonian_voro.attrib=lime_mpd=10_thresh=0.2_docnorm=T_tfidf=F.csv
0.665,0.085,0.0,0.265,0.605,0.75,0.88,200,../../lists/estonian_voro/list.estonian_voro.attrib=lime_mpd=10_thresh=0.2_docnorm=T_tfidf=T.csv
0.32,0.625,0.005,0.005,0.005,0.005,0.005,200,../../lists/estonian_voro/list.estonian_voro.attrib=lime_mpd=10_thresh=0.3_docnorm=F_tfidf=F.csv
0.375,0.555,0.005,0.005,0.005,0.005,0.005,200,../../lists/estonian_voro/list.estonian_voro.attrib=lime_mpd=10_thresh=0.3_docnorm=F_tfidf=T.csv
0.77,0.09,0.0,0.0,0.025,0.25,0.46,200,../../lists/estonian_voro/list.estonian_voro.attrib=lime_mpd=10_thresh=0.3_docnorm=T_tfidf=F.csv
0.765,0.095,0.0,0.0,0.025,0.24,0.49,200,../../lists/estonian_voro/list.estonian_voro.attrib=lime_mpd=10_thresh=0.3_docnorm=T_tfidf=T.csv
0.32,0.625,0.005,0.005,0.005,0.005,0.005,200,../../lists/estonian_voro/list.estonian_voro.attrib=lime_mpd=10_thresh=0.4_docnorm=F_tfidf=F.csv
0.375,0.555,0.005,0.005,0.005,0.005,0.005,200,../../lists/estonian_voro/list.estonian_voro.attrib=lime_mpd=10_thresh=0.4_docnorm=F_tfidf=T.csv
0.715,0.135,0.0,0.0,0.0,0.005,0.155,200,../../lists/estonian_voro/list.estonian_voro.attrib=lime_mpd=10_thresh=0.4_docnorm=T_tfidf=F.csv
0.735,0.13,0.0,0.0,0.0,0.0,0.16,200,../../lists/estonian_voro/list.estonian_voro.attrib=lime_mpd=10_thresh=0.4_docnorm=T_tfidf=T.csv
0.315,0.63,0.005,0.005,0.005,0.005,0.005,200,../../lists/estonian_voro/list.estonian_voro.attrib=lime_mpd=10_thresh=0.5_docnorm=F_tfidf=F.csv
0.37,0.56,0.005,0.005,0.005,0.005,0.005,200,../../lists/estonian_voro/list.estonian_voro.attrib=lime_mpd=10_thresh=0.5_docnorm=F_tfidf=T.csv
0.715,0.18,0.0,0.0,0.0,0.0,0.005,200,../../lists/estonian_voro/list.estonian_voro.attrib=lime_mpd=10_thresh=0.5_docnorm=T_tfidf=F.csv
0.705,0.19,0.0,0.0,0.0,0.0,0.005,200,../../lists/estonian_voro/list.estonian_voro.attrib=lime_mpd=10_thresh=0.5_docnorm=T_tfidf=T.csv
0.315,0.63,0.005,0.005,0.005,0.005,0.005,200,../../lists/estonian_voro/list.estonian_voro.attrib=lime_mpd=10_thresh=0.6_docnorm=F_tfidf=F.csv
0.37,0.56,0.005,0.005,0.005,0.005,0.005,200,../../lists/estonian_voro/list.estonian_voro.attrib=lime_mpd=10_thresh=0.6_docnorm=F_tfidf=T.csv
0.695,0.22,0.0,0.0,0.0,0.0,0.0,200,../../lists/estonian_voro/list.estonian_voro.attrib=lime_mpd=10_thresh=0.6_docnorm=T_tfidf=F.csv
0.695,0.23,0.0,0.0,0.0,0.0,0.0,200,../../lists/estonian_voro/list.estonian_voro.attrib=lime_mpd=10_thresh=0.6_docnorm=T_tfidf=T.csv
0.315,0.63,0.005,0.005,0.005,0.005,0.005,200,../../lists/estonian_voro/list.estonian_voro.attrib=lime_mpd=10_thresh=0.7_docnorm=F_tfidf=F.csv
0.375,0.555,0.005,0.005,0.005,0.005,0.005,200,../../lists/estonian_voro/list.estonian_voro.attrib=lime_mpd=10_thresh=0.7_docnorm=F_tfidf=T.csv
0.65,0.265,0.0,0.0,0.0,0.0,0.0,200,../../lists/estonian_voro/list.estonian_voro.attrib=lime_mpd=10_thresh=0.7_docnorm=T_tfidf=F.csv
0.67,0.26,0.0,0.0,0.0,0.0,0.0,200,../../lists/estonian_voro/list.estonian_voro.attrib=lime_mpd=10_thresh=0.7_docnorm=T_tfidf=T.csv
0.31,0.635,0.005,0.005,0.005,0.005,0.005,200,../../lists/estonian_voro/list.estonian_voro.attrib=lime_mpd=10_thresh=0.8_docnorm=F_tfidf=F.csv
0.36,0.57,0.005,0.005,0.005,0.005,0.005,200,../../lists/estonian_voro/list.estonian_voro.attrib=lime_mpd=10_thresh=0.8_docnorm=F_tfidf=T.csv
0.63,0.29,0.0,0.0,0.0,0.0,0.0,200,../../lists/estonian_voro/list.estonian_voro.attrib=lime_mpd=10_thresh=0.8_docnorm=T_tfidf=F.csv
0.63,0.3,0.0,0.0,0.0,0.0,0.0,200,../../lists/estonian_voro/list.estonian_voro.attrib=lime_mpd=10_thresh=0.8_docnorm=T_tfidf=T.csv
0.31,0.635,0.005,0.005,0.005,0.005,0.005,200,../../lists/estonian_voro/list.estonian_voro.attrib=lime_mpd=10_thresh=0.9_docnorm=F_tfidf=F.csv
0.36,0.57,0.005,0.005,0.005,0.005,0.005,200,../../lists/estonian_voro/list.estonian_voro.attrib=lime_mpd=10_thresh=0.9_docnorm=F_tfidf=T.csv
0.51,0.41,0.0,0.0,0.0,0.0,0.0,200,../../lists/estonian_voro/list.estonian_voro.attrib=lime_mpd=10_thresh=0.9_docnorm=T_tfidf=F.csv
0.555,0.35,0.0,0.0,0.0,0.0,0.0,200,../../lists/estonian_voro/list.estonian_voro.attrib=lime_mpd=10_thresh=0.9_docnorm=T_tfidf=T.csv
0.285,0.66,0.005,0.005,0.005,0.005,0.005,200,../../lists/estonian_voro/list.estonian_voro.attrib=lime_mpd=10_thresh=1.0_docnorm=F_tfidf=F.csv
0.305,0.625,0.005,0.005,0.005,0.005,0.005,200,../../lists/estonian_voro/list.estonian_voro.attrib=lime_mpd=10_thresh=1.0_docnorm=F_tfidf=T.csv
0.41,0.53,0.0,0.0,0.0,0.0,0.0,200,../../lists/estonian_voro/list.estonian_voro.attrib=lime_mpd=10_thresh=1.0_docnorm=T_tfidf=F.csv
0.43,0.515,0.0,0.0,0.0,0.0,0.0,200,../../lists/estonian_voro/list.estonian_voro.attrib=lime_mpd=10_thresh=1.0_docnorm=T_tfidf=T.csv
0.32,0.625,0.005,0.005,0.005,0.005,0.005,200,../../lists/estonian_voro/list.estonian_voro.attrib=lime_mpd=11_thresh=0.1_docnorm=F_tfidf=F.csv
0.375,0.545,0.005,0.005,0.015,0.015,0.015,200,../../lists/estonian_voro/list.estonian_voro.attrib=lime_mpd=11_thresh=0.1_docnorm=F_tfidf=T.csv
0.435,0.01,0.895,0.975,0.99,0.99,0.995,200,../../lists/estonian_voro/list.estonian_voro.attrib=lime_mpd=11_thresh=0.1_docnorm=T_tfidf=F.csv
0.455,0.005,0.915,0.975,0.995,0.995,0.995,200,../../lists/estonian_voro/list.estonian_voro.attrib=lime_mpd=11_thresh=0.1_docnorm=T_tfidf=T.csv
0.32,0.625,0.005,0.005,0.005,0.005,0.005,200,../../lists/estonian_voro/list.estonian_voro.attrib=lime_mpd=11_thresh=0.2_docnorm=F_tfidf=F.csv
0.375,0.545,0.005,0.005,0.015,0.015,0.015,200,../../lists/estonian_voro/list.estonian_voro.attrib=lime_mpd=11_thresh=0.2_docnorm=F_tfidf=T.csv
0.66,0.07,0.0,0.26,0.615,0.78,0.885,200,../../lists/estonian_voro/list.estonian_voro.attrib=lime_mpd=11_thresh=0.2_docnorm=T_tfidf=F.csv
0.67,0.08,0.0,0.265,0.61,0.755,0.885,200,../../lists/estonian_voro/list.estonian_voro.attrib=lime_mpd=11_thresh=0.2_docnorm=T_tfidf=T.csv
0.32,0.625,0.005,0.005,0.005,0.005,0.005,200,../../lists/estonian_voro/list.estonian_voro.attrib=lime_mpd=11_thresh=0.3_docnorm=F_tfidf=F.csv
0.375,0.555,0.005,0.005,0.005,0.005,0.005,200,../../lists/estonian_voro/list.estonian_voro.attrib=lime_mpd=11_thresh=0.3_docnorm=F_tfidf=T.csv
0.76,0.095,0.0,0.0,0.025,0.24,0.45,200,../../lists/estonian_voro/list.estonian_voro.attrib=lime_mpd=11_thresh=0.3_docnorm=T_tfidf=F.csv
0.76,0.1,0.0,0.0,0.025,0.24,0.485,200,../../lists/estonian_voro/list.estonian_voro.attrib=lime_mpd=11_thresh=0.3_docnorm=T_tfidf=T.csv
0.32,0.625,0.005,0.005,0.005,0.005,0.005,200,../../lists/estonian_voro/list.estonian_voro.attrib=lime_mpd=11_thresh=0.4_docnorm=F_tfidf=F.csv
0.375,0.555,0.005,0.005,0.005,0.005,0.005,200,../../lists/estonian_voro/list.estonian_voro.attrib=lime_mpd=11_thresh=0.4_docnorm=F_tfidf=T.csv
0.71,0.135,0.0,0.0,0.0,0.005,0.15,200,../../lists/estonian_voro/list.estonian_voro.attrib=lime_mpd=11_thresh=0.4_docnorm=T_tfidf=F.csv
0.735,0.13,0.0,0.0,0.0,0.0,0.165,200,../../lists/estonian_voro/list.estonian_voro.attrib=lime_mpd=11_thresh=0.4_docnorm=T_tfidf=T.csv
0.315,0.63,0.005,0.005,0.005,0.005,0.005,200,../../lists/estonian_voro/list.estonian_voro.attrib=lime_mpd=11_thresh=0.5_docnorm=F_tfidf=F.csv
0.37,0.56,0.005,0.005,0.005,0.005,0.005,200,../../lists/estonian_voro/list.estonian_voro.attrib=lime_mpd=11_thresh=0.5_docnorm=F_tfidf=T.csv
0.71,0.185,0.0,0.0,0.0,0.0,0.005,200,../../lists/estonian_voro/list.estonian_voro.attrib=lime_mpd=11_thresh=0.5_docnorm=T_tfidf=F.csv
0.715,0.185,0.0,0.0,0.0,0.0,0.005,200,../../lists/estonian_voro/list.estonian_voro.attrib=lime_mpd=11_thresh=0.5_docnorm=T_tfidf=T.csv
0.315,0.63,0.005,0.005,0.005,0.005,0.005,200,../../lists/estonian_voro/list.estonian_voro.attrib=lime_mpd=11_thresh=0.6_docnorm=F_tfidf=F.csv
0.37,0.56,0.005,0.005,0.005,0.005,0.005,200,../../lists/estonian_voro/list.estonian_voro.attrib=lime_mpd=11_thresh=0.6_docnorm=F_tfidf=T.csv
0.7,0.215,0.0,0.0,0.0,0.0,0.0,200,../../lists/estonian_voro/list.estonian_voro.attrib=lime_mpd=11_thresh=0.6_docnorm=T_tfidf=F.csv
0.7,0.225,0.0,0.0,0.0,0.0,0.0,200,../../lists/estonian_voro/list.estonian_voro.attrib=lime_mpd=11_thresh=0.6_docnorm=T_tfidf=T.csv
0.315,0.63,0.005,0.005,0.005,0.005,0.005,200,../../lists/estonian_voro/list.estonian_voro.attrib=lime_mpd=11_thresh=0.7_docnorm=F_tfidf=F.csv
0.375,0.555,0.005,0.005,0.005,0.005,0.005,200,../../lists/estonian_voro/list.estonian_voro.attrib=lime_mpd=11_thresh=0.7_docnorm=F_tfidf=T.csv
0.655,0.26,0.0,0.0,0.0,0.0,0.0,200,../../lists/estonian_voro/list.estonian_voro.attrib=lime_mpd=11_thresh=0.7_docnorm=T_tfidf=F.csv
0.665,0.265,0.0,0.0,0.0,0.0,0.0,200,../../lists/estonian_voro/list.estonian_voro.attrib=lime_mpd=11_thresh=0.7_docnorm=T_tfidf=T.csv
0.31,0.635,0.005,0.005,0.005,0.005,0.005,200,../../lists/estonian_voro/list.estonian_voro.attrib=lime_mpd=11_thresh=0.8_docnorm=F_tfidf=F.csv
0.36,0.57,0.005,0.005,0.005,0.005,0.005,200,../../lists/estonian_voro/list.estonian_voro.attrib=lime_mpd=11_thresh=0.8_docnorm=F_tfidf=T.csv
0.635,0.285,0.0,0.0,0.0,0.0,0.0,200,../../lists/estonian_voro/list.estonian_voro.attrib=lime_mpd=11_thresh=0.8_docnorm=T_tfidf=F.csv
0.635,0.3,0.0,0.0,0.0,0.0,0.0,200,../../lists/estonian_voro/list.estonian_voro.attrib=lime_mpd=11_thresh=0.8_docnorm=T_tfidf=T.csv
0.31,0.635,0.005,0.005,0.005,0.005,0.005,200,../../lists/estonian_voro/list.estonian_voro.attrib=lime_mpd=11_thresh=0.9_docnorm=F_tfidf=F.csv
0.36,0.57,0.005,0.005,0.005,0.005,0.005,200,../../lists/estonian_voro/list.estonian_voro.attrib=lime_mpd=11_thresh=0.9_docnorm=F_tfidf=T.csv
0.525,0.39,0.0,0.0,0.0,0.0,0.0,200,../../lists/estonian_voro/list.estonian_voro.attrib=lime_mpd=11_thresh=0.9_docnorm=T_tfidf=F.csv
0.555,0.355,0.0,0.0,0.0,0.0,0.0,200,../../lists/estonian_voro/list.estonian_voro.attrib=lime_mpd=11_thresh=0.9_docnorm=T_tfidf=T.csv
0.29,0.655,0.005,0.005,0.005,0.005,0.005,200,../../lists/estonian_voro/list.estonian_voro.attrib=lime_mpd=11_thresh=1.0_docnorm=F_tfidf=F.csv
0.305,0.625,0.005,0.005,0.005,0.005,0.005,200,../../lists/estonian_voro/list.estonian_voro.attrib=lime_mpd=11_thresh=1.0_docnorm=F_tfidf=T.csv
0.42,0.52,0.0,0.0,0.0,0.0,0.0,200,../../lists/estonian_voro/list.estonian_voro.attrib=lime_mpd=11_thresh=1.0_docnorm=T_tfidf=F.csv
0.44,0.505,0.0,0.0,0.0,0.0,0.0,200,../../lists/estonian_voro/list.estonian_voro.attrib=lime_mpd=11_thresh=1.0_docnorm=T_tfidf=T.csv
0.32,0.625,0.005,0.005,0.005,0.005,0.005,200,../../lists/estonian_voro/list.estonian_voro.attrib=lime_mpd=12_thresh=0.1_docnorm=F_tfidf=F.csv
0.375,0.545,0.005,0.005,0.015,0.015,0.015,200,../../lists/estonian_voro/list.estonian_voro.attrib=lime_mpd=12_thresh=0.1_docnorm=F_tfidf=T.csv
0.435,0.01,0.895,0.975,0.99,0.99,0.995,200,../../lists/estonian_voro/list.estonian_voro.attrib=lime_mpd=12_thresh=0.1_docnorm=T_tfidf=F.csv
0.455,0.005,0.915,0.975,0.995,0.995,0.995,200,../../lists/estonian_voro/list.estonian_voro.attrib=lime_mpd=12_thresh=0.1_docnorm=T_tfidf=T.csv
0.32,0.625,0.005,0.005,0.005,0.005,0.005,200,../../lists/estonian_voro/list.estonian_voro.attrib=lime_mpd=12_thresh=0.2_docnorm=F_tfidf=F.csv
0.375,0.545,0.005,0.005,0.015,0.015,0.015,200,../../lists/estonian_voro/list.estonian_voro.attrib=lime_mpd=12_thresh=0.2_docnorm=F_tfidf=T.csv
0.665,0.07,0.0,0.26,0.61,0.775,0.88,200,../../lists/estonian_voro/list.estonian_voro.attrib=lime_mpd=12_thresh=0.2_docnorm=T_tfidf=F.csv
0.67,0.085,0.0,0.265,0.6,0.745,0.88,200,../../lists/estonian_voro/list.estonian_voro.attrib=lime_mpd=12_thresh=0.2_docnorm=T_tfidf=T.csv
0.32,0.625,0.005,0.005,0.005,0.005,0.005,200,../../lists/estonian_voro/list.estonian_voro.attrib=lime_mpd=12_thresh=0.3_docnorm=F_tfidf=F.csv
0.375,0.555,0.005,0.005,0.005,0.005,0.005,200,../../lists/estonian_voro/list.estonian_voro.attrib=lime_mpd=12_thresh=0.3_docnorm=F_tfidf=T.csv
0.755,0.1,0.0,0.0,0.025,0.235,0.45,200,../../lists/estonian_voro/list.estonian_voro.attrib=lime_mpd=12_thresh=0.3_docnorm=T_tfidf=F.csv
0.755,0.105,0.0,0.0,0.025,0.235,0.48,200,../../lists/estonian_voro/list.estonian_voro.attrib=lime_mpd=12_thresh=0.3_docnorm=T_tfidf=T.csv
0.32,0.625,0.005,0.005,0.005,0.005,0.005,200,../../lists/estonian_voro/list.estonian_voro.attrib=lime_mpd=12_thresh=0.4_docnorm=F_tfidf=F.csv
0.375,0.555,0.005,0.005,0.005,0.005,0.005,200,../../lists/estonian_voro/list.estonian_voro.attrib=lime_mpd=12_thresh=0.4_docnorm=F_tfidf=T.csv
0.71,0.135,0.0,0.0,0.0,0.005,0.15,200,../../lists/estonian_voro/list.estonian_voro.attrib=lime_mpd=12_thresh=0.4_docnorm=T_tfidf=F.csv
0.725,0.14,0.0,0.0,0.0,0.0,0.165,200,../../lists/estonian_voro/list.estonian_voro.attrib=lime_mpd=12_thresh=0.4_docnorm=T_tfidf=T.csv
0.315,0.63,0.005,0.005,0.005,0.005,0.005,200,../../lists/estonian_voro/list.estonian_voro.attrib=lime_mpd=12_thresh=0.5_docnorm=F_tfidf=F.csv
0.37,0.56,0.005,0.005,0.005,0.005,0.005,200,../../lists/estonian_voro/list.estonian_voro.attrib=lime_mpd=12_thresh=0.5_docnorm=F_tfidf=T.csv
0.71,0.185,0.0,0.0,0.0,0.0,0.005,200,../../lists/estonian_voro/list.estonian_voro.attrib=lime_mpd=12_thresh=0.5_docnorm=T_tfidf=F.csv
0.725,0.175,0.0,0.0,0.0,0.0,0.005,200,../../lists/estonian_voro/list.estonian_voro.attrib=lime_mpd=12_thresh=0.5_docnorm=T_tfidf=T.csv
0.315,0.63,0.005,0.005,0.005,0.005,0.005,200,../../lists/estonian_voro/list.estonian_voro.attrib=lime_mpd=12_thresh=0.6_docnorm=F_tfidf=F.csv
0.37,0.56,0.005,0.005,0.005,0.005,0.005,200,../../lists/estonian_voro/list.estonian_voro.attrib=lime_mpd=12_thresh=0.6_docnorm=F_tfidf=T.csv
0.705,0.205,0.0,0.0,0.0,0.0,0.0,200,../../lists/estonian_voro/list.estonian_voro.attrib=lime_mpd=12_thresh=0.6_docnorm=T_tfidf=F.csv
0.69,0.225,0.0,0.0,0.0,0.0,0.0,200,../../lists/estonian_voro/list.estonian_voro.attrib=lime_mpd=12_thresh=0.6_docnorm=T_tfidf=T.csv
0.315,0.63,0.005,0.005,0.005,0.005,0.005,200,../../lists/estonian_voro/list.estonian_voro.attrib=lime_mpd=12_thresh=0.7_docnorm=F_tfidf=F.csv
0.375,0.555,0.005,0.005,0.005,0.005,0.005,200,../../lists/estonian_voro/list.estonian_voro.attrib=lime_mpd=12_thresh=0.7_docnorm=F_tfidf=T.csv
0.655,0.265,0.0,0.0,0.0,0.0,0.0,200,../../lists/estonian_voro/list.estonian_voro.attrib=lime_mpd=12_thresh=0.7_docnorm=T_tfidf=F.csv
0.665,0.265,0.0,0.0,0.0,0.0,0.0,200,../../lists/estonian_voro/list.estonian_voro.attrib=lime_mpd=12_thresh=0.7_docnorm=T_tfidf=T.csv
0.31,0.635,0.005,0.005,0.005,0.005,0.005,200,../../lists/estonian_voro/list.estonian_voro.attrib=lime_mpd=12_thresh=0.8_docnorm=F_tfidf=F.csv
0.36,0.57,0.005,0.005,0.005,0.005,0.005,200,../../lists/estonian_voro/list.estonian_voro.attrib=lime_mpd=12_thresh=0.8_docnorm=F_tfidf=T.csv
0.63,0.285,0.0,0.0,0.0,0.0,0.0,200,../../lists/estonian_voro/list.estonian_voro.attrib=lime_mpd=12_thresh=0.8_docnorm=T_tfidf=F.csv
0.64,0.29,0.0,0.0,0.0,0.0,0.0,200,../../lists/estonian_voro/list.estonian_voro.attrib=lime_mpd=12_thresh=0.8_docnorm=T_tfidf=T.csv
0.31,0.635,0.005,0.005,0.005,0.005,0.005,200,../../lists/estonian_voro/list.estonian_voro.attrib=lime_mpd=12_thresh=0.9_docnorm=F_tfidf=F.csv
0.36,0.57,0.005,0.005,0.005,0.005,0.005,200,../../lists/estonian_voro/list.estonian_voro.attrib=lime_mpd=12_thresh=0.9_docnorm=F_tfidf=T.csv
0.53,0.385,0.0,0.0,0.0,0.0,0.0,200,../../lists/estonian_voro/list.estonian_voro.attrib=lime_mpd=12_thresh=0.9_docnorm=T_tfidf=F.csv
0.565,0.35,0.0,0.0,0.0,0.0,0.0,200,../../lists/estonian_voro/list.estonian_voro.attrib=lime_mpd=12_thresh=0.9_docnorm=T_tfidf=T.csv
0.29,0.655,0.005,0.005,0.005,0.005,0.005,200,../../lists/estonian_voro/list.estonian_voro.attrib=lime_mpd=12_thresh=1.0_docnorm=F_tfidf=F.csv
0.31,0.62,0.005,0.005,0.005,0.005,0.005,200,../../lists/estonian_voro/list.estonian_voro.attrib=lime_mpd=12_thresh=1.0_docnorm=F_tfidf=T.csv
0.42,0.52,0.0,0.0,0.0,0.0,0.0,200,../../lists/estonian_voro/list.estonian_voro.attrib=lime_mpd=12_thresh=1.0_docnorm=T_tfidf=F.csv
0.44,0.505,0.0,0.0,0.0,0.0,0.0,200,../../lists/estonian_voro/list.estonian_voro.attrib=lime_mpd=12_thresh=1.0_docnorm=T_tfidf=T.csv
0.32,0.625,0.005,0.005,0.005,0.005,0.005,200,../../lists/estonian_voro/list.estonian_voro.attrib=lime_mpd=13_thresh=0.1_docnorm=F_tfidf=F.csv
0.375,0.545,0.005,0.005,0.015,0.015,0.015,200,../../lists/estonian_voro/list.estonian_voro.attrib=lime_mpd=13_thresh=0.1_docnorm=F_tfidf=T.csv
0.435,0.01,0.895,0.975,0.99,0.99,0.995,200,../../lists/estonian_voro/list.estonian_voro.attrib=lime_mpd=13_thresh=0.1_docnorm=T_tfidf=F.csv
0.455,0.005,0.915,0.975,0.995,0.995,0.995,200,../../lists/estonian_voro/list.estonian_voro.attrib=lime_mpd=13_thresh=0.1_docnorm=T_tfidf=T.csv
0.32,0.625,0.005,0.005,0.005,0.005,0.005,200,../../lists/estonian_voro/list.estonian_voro.attrib=lime_mpd=13_thresh=0.2_docnorm=F_tfidf=F.csv
0.375,0.545,0.005,0.005,0.015,0.015,0.015,200,../../lists/estonian_voro/list.estonian_voro.attrib=lime_mpd=13_thresh=0.2_docnorm=F_tfidf=T.csv
0.67,0.07,0.0,0.265,0.61,0.775,0.88,200,../../lists/estonian_voro/list.estonian_voro.attrib=lime_mpd=13_thresh=0.2_docnorm=T_tfidf=F.csv
0.67,0.085,0.0,0.27,0.605,0.75,0.88,200,../../lists/estonian_voro/list.estonian_voro.attrib=lime_mpd=13_thresh=0.2_docnorm=T_tfidf=T.csv
0.32,0.625,0.005,0.005,0.005,0.005,0.005,200,../../lists/estonian_voro/list.estonian_voro.attrib=lime_mpd=13_thresh=0.3_docnorm=F_tfidf=F.csv
0.375,0.555,0.005,0.005,0.005,0.005,0.005,200,../../lists/estonian_voro/list.estonian_voro.attrib=lime_mpd=13_thresh=0.3_docnorm=F_tfidf=T.csv
0.745,0.11,0.0,0.0,0.025,0.25,0.47,200,../../lists/estonian_voro/list.estonian_voro.attrib=lime_mpd=13_thresh=0.3_docnorm=T_tfidf=F.csv
0.745,0.11,0.0,0.0,0.025,0.24,0.485,200,../../lists/estonian_voro/list.estonian_voro.attrib=lime_mpd=13_thresh=0.3_docnorm=T_tfidf=T.csv
0.32,0.625,0.005,0.005,0.005,0.005,0.005,200,../../lists/estonian_voro/list.estonian_voro.attrib=lime_mpd=13_thresh=0.4_docnorm=F_tfidf=F.csv
0.375,0.555,0.005,0.005,0.005,0.005,0.005,200,../../lists/estonian_voro/list.estonian_voro.attrib=lime_mpd=13_thresh=0.4_docnorm=F_tfidf=T.csv
0.71,0.135,0.0,0.0,0.0,0.005,0.15,200,../../lists/estonian_voro/list.estonian_voro.attrib=lime_mpd=13_thresh=0.4_docnorm=T_tfidf=F.csv
0.73,0.135,0.0,0.0,0.0,0.0,0.165,200,../../lists/estonian_voro/list.estonian_voro.attrib=lime_mpd=13_thresh=0.4_docnorm=T_tfidf=T.csv
0.315,0.63,0.005,0.005,0.005,0.005,0.005,200,../../lists/estonian_voro/list.estonian_voro.attrib=lime_mpd=13_thresh=0.5_docnorm=F_tfidf=F.csv
0.37,0.56,0.005,0.005,0.005,0.005,0.005,200,../../lists/estonian_voro/list.estonian_voro.attrib=lime_mpd=13_thresh=0.5_docnorm=F_tfidf=T.csv
0.715,0.18,0.0,0.0,0.0,0.0,0.005,200,../../lists/estonian_voro/list.estonian_voro.attrib=lime_mpd=13_thresh=0.5_docnorm=T_tfidf=F.csv
0.73,0.17,0.0,0.0,0.0,0.0,0.005,200,../../lists/estonian_voro/list.estonian_voro.attrib=lime_mpd=13_thresh=0.5_docnorm=T_tfidf=T.csv
0.315,0.63,0.005,0.005,0.005,0.005,0.005,200,../../lists/estonian_voro/list.estonian_voro.attrib=lime_mpd=13_thresh=0.6_docnorm=F_tfidf=F.csv
0.37,0.56,0.005,0.005,0.005,0.005,0.005,200,../../lists/estonian_voro/list.estonian_voro.attrib=lime_mpd=13_thresh=0.6_docnorm=F_tfidf=T.csv
0.705,0.205,0.0,0.0,0.0,0.0,0.0,200,../../lists/estonian_voro/list.estonian_voro.attrib=lime_mpd=13_thresh=0.6_docnorm=T_tfidf=F.csv
0.695,0.225,0.0,0.0,0.0,0.0,0.0,200,../../lists/estonian_voro/list.estonian_voro.attrib=lime_mpd=13_thresh=0.6_docnorm=T_tfidf=T.csv
0.315,0.63,0.005,0.005,0.005,0.005,0.005,200,../../lists/estonian_voro/list.estonian_voro.attrib=lime_mpd=13_thresh=0.7_docnorm=F_tfidf=F.csv
0.375,0.555,0.005,0.005,0.005,0.005,0.005,200,../../lists/estonian_voro/list.estonian_voro.attrib=lime_mpd=13_thresh=0.7_docnorm=F_tfidf=T.csv
0.655,0.27,0.0,0.0,0.0,0.0,0.0,200,../../lists/estonian_voro/list.estonian_voro.attrib=lime_mpd=13_thresh=0.7_docnorm=T_tfidf=F.csv
0.665,0.265,0.0,0.0,0.0,0.0,0.0,200,../../lists/estonian_voro/list.estonian_voro.attrib=lime_mpd=13_thresh=0.7_docnorm=T_tfidf=T.csv
0.31,0.635,0.005,0.005,0.005,0.005,0.005,200,../../lists/estonian_voro/list.estonian_voro.attrib=lime_mpd=13_thresh=0.8_docnorm=F_tfidf=F.csv
0.36,0.57,0.005,0.005,0.005,0.005,0.005,200,../../lists/estonian_voro/list.estonian_voro.attrib=lime_mpd=13_thresh=0.8_docnorm=F_tfidf=T.csv
0.625,0.285,0.0,0.0,0.0,0.0,0.0,200,../../lists/estonian_voro/list.estonian_voro.attrib=lime_mpd=13_thresh=0.8_docnorm=T_tfidf=F.csv
0.64,0.29,0.0,0.0,0.0,0.0,0.0,200,../../lists/estonian_voro/list.estonian_voro.attrib=lime_mpd=13_thresh=0.8_docnorm=T_tfidf=T.csv
0.305,0.64,0.005,0.005,0.005,0.005,0.005,200,../../lists/estonian_voro/list.estonian_voro.attrib=lime_mpd=13_thresh=0.9_docnorm=F_tfidf=F.csv
0.36,0.57,0.005,0.005,0.005,0.005,0.005,200,../../lists/estonian_voro/list.estonian_voro.attrib=lime_mpd=13_thresh=0.9_docnorm=F_tfidf=T.csv
0.525,0.385,0.0,0.0,0.0,0.0,0.0,200,../../lists/estonian_voro/list.estonian_voro.attrib=lime_mpd=13_thresh=0.9_docnorm=T_tfidf=F.csv
0.57,0.355,0.0,0.0,0.0,0.0,0.0,200,../../lists/estonian_voro/list.estonian_voro.attrib=lime_mpd=13_thresh=0.9_docnorm=T_tfidf=T.csv
0.29,0.655,0.005,0.005,0.005,0.005,0.005,200,../../lists/estonian_voro/list.estonian_voro.attrib=lime_mpd=13_thresh=1.0_docnorm=F_tfidf=F.csv
0.31,0.62,0.005,0.005,0.005,0.005,0.005,200,../../lists/estonian_voro/list.estonian_voro.attrib=lime_mpd=13_thresh=1.0_docnorm=F_tfidf=T.csv
0.435,0.505,0.0,0.0,0.0,0.0,0.0,200,../../lists/estonian_voro/list.estonian_voro.attrib=lime_mpd=13_thresh=1.0_docnorm=T_tfidf=F.csv
0.445,0.5,0.0,0.0,0.0,0.0,0.0,200,../../lists/estonian_voro/list.estonian_voro.attrib=lime_mpd=13_thresh=1.0_docnorm=T_tfidf=T.csv
0.32,0.625,0.005,0.005,0.005,0.005,0.005,200,../../lists/estonian_voro/list.estonian_voro.attrib=lime_mpd=14_thresh=0.1_docnorm=F_tfidf=F.csv
0.375,0.545,0.005,0.005,0.015,0.015,0.015,200,../../lists/estonian_voro/list.estonian_voro.attrib=lime_mpd=14_thresh=0.1_docnorm=F_tfidf=T.csv
0.44,0.005,0.9,0.98,0.995,0.995,0.995,200,../../lists/estonian_voro/list.estonian_voro.attrib=lime_mpd=14_thresh=0.1_docnorm=T_tfidf=F.csv
0.455,0.005,0.915,0.975,0.995,0.995,0.995,200,../../lists/estonian_voro/list.estonian_voro.attrib=lime_mpd=14_thresh=0.1_docnorm=T_tfidf=T.csv
0.32,0.625,0.005,0.005,0.005,0.005,0.005,200,../../lists/estonian_voro/list.estonian_voro.attrib=lime_mpd=14_thresh=0.2_docnorm=F_tfidf=F.csv
0.375,0.545,0.005,0.005,0.015,0.015,0.015,200,../../lists/estonian_voro/list.estonian_voro.attrib=lime_mpd=14_thresh=0.2_docnorm=F_tfidf=T.csv
0.67,0.07,0.0,0.265,0.61,0.775,0.88,200,../../lists/estonian_voro/list.estonian_voro.attrib=lime_mpd=14_thresh=0.2_docnorm=T_tfidf=F.csv
0.665,0.085,0.0,0.27,0.605,0.75,0.88,200,../../lists/estonian_voro/list.estonian_voro.attrib=lime_mpd=14_thresh=0.2_docnorm=T_tfidf=T.csv
0.32,0.625,0.005,0.005,0.005,0.005,0.005,200,../../lists/estonian_voro/list.estonian_voro.attrib=lime_mpd=14_thresh=0.3_docnorm=F_tfidf=F.csv
0.375,0.555,0.005,0.005,0.005,0.005,0.005,200,../../lists/estonian_voro/list.estonian_voro.attrib=lime_mpd=14_thresh=0.3_docnorm=F_tfidf=T.csv
0.75,0.11,0.0,0.0,0.025,0.25,0.47,200,../../lists/estonian_voro/list.estonian_voro.attrib=lime_mpd=14_thresh=0.3_docnorm=T_tfidf=F.csv
0.75,0.105,0.0,0.0,0.025,0.24,0.495,200,../../lists/estonian_voro/list.estonian_voro.attrib=lime_mpd=14_thresh=0.3_docnorm=T_tfidf=T.csv
0.32,0.625,0.005,0.005,0.005,0.005,0.005,200,../../lists/estonian_voro/list.estonian_voro.attrib=lime_mpd=14_thresh=0.4_docnorm=F_tfidf=F.csv
0.375,0.555,0.005,0.005,0.005,0.005,0.005,200,../../lists/estonian_voro/list.estonian_voro.attrib=lime_mpd=14_thresh=0.4_docnorm=F_tfidf=T.csv
0.71,0.135,0.0,0.0,0.0,0.005,0.15,200,../../lists/estonian_voro/list.estonian_voro.attrib=lime_mpd=14_thresh=0.4_docnorm=T_tfidf=F.csv
0.73,0.135,0.0,0.0,0.0,0.0,0.17,200,../../lists/estonian_voro/list.estonian_voro.attrib=lime_mpd=14_thresh=0.4_docnorm=T_tfidf=T.csv
0.315,0.63,0.005,0.005,0.005,0.005,0.005,200,../../lists/estonian_voro/list.estonian_voro.attrib=lime_mpd=14_thresh=0.5_docnorm=F_tfidf=F.csv
0.37,0.56,0.005,0.005,0.005,0.005,0.005,200,../../lists/estonian_voro/list.estonian_voro.attrib=lime_mpd=14_thresh=0.5_docnorm=F_tfidf=T.csv
0.72,0.175,0.0,0.0,0.0,0.0,0.005,200,../../lists/estonian_voro/list.estonian_voro.attrib=lime_mpd=14_thresh=0.5_docnorm=T_tfidf=F.csv
0.735,0.165,0.0,0.0,0.0,0.0,0.005,200,../../lists/estonian_voro/list.estonian_voro.attrib=lime_mpd=14_thresh=0.5_docnorm=T_tfidf=T.csv
0.315,0.63,0.005,0.005,0.005,0.005,0.005,200,../../lists/estonian_voro/list.estonian_voro.attrib=lime_mpd=14_thresh=0.6_docnorm=F_tfidf=F.csv
0.37,0.56,0.005,0.005,0.005,0.005,0.005,200,../../lists/estonian_voro/list.estonian_voro.attrib=lime_mpd=14_thresh=0.6_docnorm=F_tfidf=T.csv
0.705,0.205,0.0,0.0,0.0,0.0,0.0,200,../../lists/estonian_voro/list.estonian_voro.attrib=lime_mpd=14_thresh=0.6_docnorm=T_tfidf=F.csv
0.69,0.23,0.0,0.0,0.0,0.0,0.0,200,../../lists/estonian_voro/list.estonian_voro.attrib=lime_mpd=14_thresh=0.6_docnorm=T_tfidf=T.csv
0.315,0.63,0.005,0.005,0.005,0.005,0.005,200,../../lists/estonian_voro/list.estonian_voro.attrib=lime_mpd=14_thresh=0.7_docnorm=F_tfidf=F.csv
0.37,0.56,0.005,0.005,0.005,0.005,0.005,200,../../lists/estonian_voro/list.estonian_voro.attrib=lime_mpd=14_thresh=0.7_docnorm=F_tfidf=T.csv
0.65,0.275,0.0,0.0,0.0,0.0,0.0,200,../../lists/estonian_voro/list.estonian_voro.attrib=lime_mpd=14_thresh=0.7_docnorm=T_tfidf=F.csv
0.665,0.27,0.0,0.0,0.0,0.0,0.0,200,../../lists/estonian_voro/list.estonian_voro.attrib=lime_mpd=14_thresh=0.7_docnorm=T_tfidf=T.csv
0.31,0.635,0.005,0.005,0.005,0.005,0.005,200,../../lists/estonian_voro/list.estonian_voro.attrib=lime_mpd=14_thresh=0.8_docnorm=F_tfidf=F.csv
0.36,0.57,0.005,0.005,0.005,0.005,0.005,200,../../lists/estonian_voro/list.estonian_voro.attrib=lime_mpd=14_thresh=0.8_docnorm=F_tfidf=T.csv
0.62,0.29,0.0,0.0,0.0,0.0,0.0,200,../../lists/estonian_voro/list.estonian_voro.attrib=lime_mpd=14_thresh=0.8_docnorm=T_tfidf=F.csv
0.635,0.29,0.0,0.0,0.0,0.0,0.0,200,../../lists/estonian_voro/list.estonian_voro.attrib=lime_mpd=14_thresh=0.8_docnorm=T_tfidf=T.csv
0.305,0.64,0.005,0.005,0.005,0.005,0.005,200,../../lists/estonian_voro/list.estonian_voro.attrib=lime_mpd=14_thresh=0.9_docnorm=F_tfidf=F.csv
0.36,0.57,0.005,0.005,0.005,0.005,0.005,200,../../lists/estonian_voro/list.estonian_voro.attrib=lime_mpd=14_thresh=0.9_docnorm=F_tfidf=T.csv
0.54,0.375,0.0,0.0,0.0,0.0,0.0,200,../../lists/estonian_voro/list.estonian_voro.attrib=lime_mpd=14_thresh=0.9_docnorm=T_tfidf=F.csv
0.57,0.36,0.0,0.0,0.0,0.0,0.0,200,../../lists/estonian_voro/list.estonian_voro.attrib=lime_mpd=14_thresh=0.9_docnorm=T_tfidf=T.csv
0.29,0.655,0.005,0.005,0.005,0.005,0.005,200,../../lists/estonian_voro/list.estonian_voro.attrib=lime_mpd=14_thresh=1.0_docnorm=F_tfidf=F.csv
0.315,0.615,0.005,0.005,0.005,0.005,0.005,200,../../lists/estonian_voro/list.estonian_voro.attrib=lime_mpd=14_thresh=1.0_docnorm=F_tfidf=T.csv
0.445,0.49,0.0,0.0,0.0,0.0,0.0,200,../../lists/estonian_voro/list.estonian_voro.attrib=lime_mpd=14_thresh=1.0_docnorm=T_tfidf=F.csv
0.45,0.49,0.0,0.0,0.0,0.0,0.0,200,../../lists/estonian_voro/list.estonian_voro.attrib=lime_mpd=14_thresh=1.0_docnorm=T_tfidf=T.csv
0.32,0.625,0.005,0.005,0.005,0.005,0.005,200,../../lists/estonian_voro/list.estonian_voro.attrib=lime_mpd=15_thresh=0.1_docnorm=F_tfidf=F.csv
0.375,0.545,0.005,0.005,0.015,0.015,0.015,200,../../lists/estonian_voro/list.estonian_voro.attrib=lime_mpd=15_thresh=0.1_docnorm=F_tfidf=T.csv
0.44,0.005,0.9,0.98,0.995,0.995,0.995,200,../../lists/estonian_voro/list.estonian_voro.attrib=lime_mpd=15_thresh=0.1_docnorm=T_tfidf=F.csv
0.455,0.005,0.915,0.975,0.995,0.995,0.995,200,../../lists/estonian_voro/list.estonian_voro.attrib=lime_mpd=15_thresh=0.1_docnorm=T_tfidf=T.csv
0.32,0.625,0.005,0.005,0.005,0.005,0.005,200,../../lists/estonian_voro/list.estonian_voro.attrib=lime_mpd=15_thresh=0.2_docnorm=F_tfidf=F.csv
0.375,0.545,0.005,0.005,0.015,0.015,0.015,200,../../lists/estonian_voro/list.estonian_voro.attrib=lime_mpd=15_thresh=0.2_docnorm=F_tfidf=T.csv
0.665,0.075,0.0,0.265,0.605,0.77,0.875,200,../../lists/estonian_voro/list.estonian_voro.attrib=lime_mpd=15_thresh=0.2_docnorm=T_tfidf=F.csv
0.665,0.085,0.0,0.27,0.605,0.75,0.88,200,../../lists/estonian_voro/list.estonian_voro.attrib=lime_mpd=15_thresh=0.2_docnorm=T_tfidf=T.csv
0.32,0.625,0.005,0.005,0.005,0.005,0.005,200,../../lists/estonian_voro/list.estonian_voro.attrib=lime_mpd=15_thresh=0.3_docnorm=F_tfidf=F.csv
0.375,0.555,0.005,0.005,0.005,0.005,0.005,200,../../lists/estonian_voro/list.estonian_voro.attrib=lime_mpd=15_thresh=0.3_docnorm=F_tfidf=T.csv
0.75,0.105,0.0,0.0,0.025,0.255,0.475,200,../../lists/estonian_voro/list.estonian_voro.attrib=lime_mpd=15_thresh=0.3_docnorm=T_tfidf=F.csv
0.75,0.105,0.0,0.0,0.025,0.24,0.495,200,../../lists/estonian_voro/list.estonian_voro.attrib=lime_mpd=15_thresh=0.3_docnorm=T_tfidf=T.csv
0.32,0.625,0.005,0.005,0.005,0.005,0.005,200,../../lists/estonian_voro/list.estonian_voro.attrib=lime_mpd=15_thresh=0.4_docnorm=F_tfidf=F.csv
0.375,0.555,0.005,0.005,0.005,0.005,0.005,200,../../lists/estonian_voro/list.estonian_voro.attrib=lime_mpd=15_thresh=0.4_docnorm=F_tfidf=T.csv
0.715,0.13,0.0,0.0,0.0,0.005,0.15,200,../../lists/estonian_voro/list.estonian_voro.attrib=lime_mpd=15_thresh=0.4_docnorm=T_tfidf=F.csv
0.735,0.13,0.0,0.0,0.0,0.0,0.17,200,../../lists/estonian_voro/list.estonian_voro.attrib=lime_mpd=15_thresh=0.4_docnorm=T_tfidf=T.csv
0.315,0.63,0.005,0.005,0.005,0.005,0.005,200,../../lists/estonian_voro/list.estonian_voro.attrib=lime_mpd=15_thresh=0.5_docnorm=F_tfidf=F.csv
0.37,0.56,0.005,0.005,0.005,0.005,0.005,200,../../lists/estonian_voro/list.estonian_voro.attrib=lime_mpd=15_thresh=0.5_docnorm=F_tfidf=T.csv
0.725,0.175,0.0,0.0,0.0,0.0,0.005,200,../../lists/estonian_voro/list.estonian_voro.attrib=lime_mpd=15_thresh=0.5_docnorm=T_tfidf=F.csv
0.73,0.17,0.0,0.0,0.0,0.0,0.005,200,../../lists/estonian_voro/list.estonian_voro.attrib=lime_mpd=15_thresh=0.5_docnorm=T_tfidf=T.csv
0.315,0.63,0.005,0.005,0.005,0.005,0.005,200,../../lists/estonian_voro/list.estonian_voro.attrib=lime_mpd=15_thresh=0.6_docnorm=F_tfidf=F.csv
0.37,0.56,0.005,0.005,0.005,0.005,0.005,200,../../lists/estonian_voro/list.estonian_voro.attrib=lime_mpd=15_thresh=0.6_docnorm=F_tfidf=T.csv
0.705,0.205,0.0,0.0,0.0,0.0,0.0,200,../../lists/estonian_voro/list.estonian_voro.attrib=lime_mpd=15_thresh=0.6_docnorm=T_tfidf=F.csv
0.685,0.235,0.0,0.0,0.0,0.0,0.0,200,../../lists/estonian_voro/list.estonian_voro.attrib=lime_mpd=15_thresh=0.6_docnorm=T_tfidf=T.csv
0.315,0.63,0.005,0.005,0.005,0.005,0.005,200,../../lists/estonian_voro/list.estonian_voro.attrib=lime_mpd=15_thresh=0.7_docnorm=F_tfidf=F.csv
0.37,0.56,0.005,0.005,0.005,0.005,0.005,200,../../lists/estonian_voro/list.estonian_voro.attrib=lime_mpd=15_thresh=0.7_docnorm=F_tfidf=T.csv
0.665,0.26,0.0,0.0,0.0,0.0,0.0,200,../../lists/estonian_voro/list.estonian_voro.attrib=lime_mpd=15_thresh=0.7_docnorm=T_tfidf=F.csv
0.67,0.265,0.0,0.0,0.0,0.0,0.0,200,../../lists/estonian_voro/list.estonian_voro.attrib=lime_mpd=15_thresh=0.7_docnorm=T_tfidf=T.csv
0.31,0.635,0.005,0.005,0.005,0.005,0.005,200,../../lists/estonian_voro/list.estonian_voro.attrib=lime_mpd=15_thresh=0.8_docnorm=F_tfidf=F.csv
0.36,0.57,0.005,0.005,0.005,0.005,0.005,200,../../lists/estonian_voro/list.estonian_voro.attrib=lime_mpd=15_thresh=0.8_docnorm=F_tfidf=T.csv
0.62,0.295,0.0,0.0,0.0,0.0,0.0,200,../../lists/estonian_voro/list.estonian_voro.attrib=lime_mpd=15_thresh=0.8_docnorm=T_tfidf=F.csv
0.635,0.29,0.0,0.0,0.0,0.0,0.0,200,../../lists/estonian_voro/list.estonian_voro.attrib=lime_mpd=15_thresh=0.8_docnorm=T_tfidf=T.csv
0.305,0.64,0.005,0.005,0.005,0.005,0.005,200,../../lists/estonian_voro/list.estonian_voro.attrib=lime_mpd=15_thresh=0.9_docnorm=F_tfidf=F.csv
0.36,0.57,0.005,0.005,0.005,0.005,0.005,200,../../lists/estonian_voro/list.estonian_voro.attrib=lime_mpd=15_thresh=0.9_docnorm=F_tfidf=T.csv
0.545,0.375,0.0,0.0,0.0,0.0,0.0,200,../../lists/estonian_voro/list.estonian_voro.attrib=lime_mpd=15_thresh=0.9_docnorm=T_tfidf=F.csv
0.57,0.365,0.0,0.0,0.0,0.0,0.0,200,../../lists/estonian_voro/list.estonian_voro.attrib=lime_mpd=15_thresh=0.9_docnorm=T_tfidf=T.csv
0.29,0.655,0.005,0.005,0.005,0.005,0.005,200,../../lists/estonian_voro/list.estonian_voro.attrib=lime_mpd=15_thresh=1.0_docnorm=F_tfidf=F.csv
0.315,0.615,0.005,0.005,0.005,0.005,0.005,200,../../lists/estonian_voro/list.estonian_voro.attrib=lime_mpd=15_thresh=1.0_docnorm=F_tfidf=T.csv
0.445,0.49,0.0,0.0,0.0,0.0,0.0,200,../../lists/estonian_voro/list.estonian_voro.attrib=lime_mpd=15_thresh=1.0_docnorm=T_tfidf=F.csv
0.455,0.485,0.0,0.0,0.0,0.0,0.0,200,../../lists/estonian_voro/list.estonian_voro.attrib=lime_mpd=15_thresh=1.0_docnorm=T_tfidf=T.csv
0.32,0.625,0.005,0.005,0.005,0.005,0.005,200,../../lists/estonian_voro/list.estonian_voro.attrib=lime_mpd=16_thresh=0.1_docnorm=F_tfidf=F.csv
0.375,0.545,0.005,0.005,0.015,0.015,0.015,200,../../lists/estonian_voro/list.estonian_voro.attrib=lime_mpd=16_thresh=0.1_docnorm=F_tfidf=T.csv
0.445,0.005,0.905,0.985,0.995,0.995,0.995,200,../../lists/estonian_voro/list.estonian_voro.attrib=lime_mpd=16_thresh=0.1_docnorm=T_tfidf=F.csv
0.455,0.005,0.915,0.975,0.995,0.995,0.995,200,../../lists/estonian_voro/list.estonian_voro.attrib=lime_mpd=16_thresh=0.1_docnorm=T_tfidf=T.csv
0.32,0.625,0.005,0.005,0.005,0.005,0.005,200,../../lists/estonian_voro/list.estonian_voro.attrib=lime_mpd=16_thresh=0.2_docnorm=F_tfidf=F.csv
0.375,0.545,0.005,0.005,0.015,0.015,0.015,200,../../lists/estonian_voro/list.estonian_voro.attrib=lime_mpd=16_thresh=0.2_docnorm=F_tfidf=T.csv
0.665,0.07,0.0,0.265,0.61,0.775,0.885,200,../../lists/estonian_voro/list.estonian_voro.attrib=lime_mpd=16_thresh=0.2_docnorm=T_tfidf=F.csv
0.67,0.085,0.0,0.27,0.605,0.75,0.88,200,../../lists/estonian_voro/list.estonian_voro.attrib=lime_mpd=16_thresh=0.2_docnorm=T_tfidf=T.csv
0.32,0.625,0.005,0.005,0.005,0.005,0.005,200,../../lists/estonian_voro/list.estonian_voro.attrib=lime_mpd=16_thresh=0.3_docnorm=F_tfidf=F.csv
0.375,0.555,0.005,0.005,0.005,0.005,0.005,200,../../lists/estonian_voro/list.estonian_voro.attrib=lime_mpd=16_thresh=0.3_docnorm=F_tfidf=T.csv
0.75,0.105,0.0,0.0,0.025,0.26,0.48,200,../../lists/estonian_voro/list.estonian_voro.attrib=lime_mpd=16_thresh=0.3_docnorm=T_tfidf=F.csv
0.75,0.105,0.0,0.0,0.025,0.24,0.5,200,../../lists/estonian_voro/list.estonian_voro.attrib=lime_mpd=16_thresh=0.3_docnorm=T_tfidf=T.csv
0.32,0.625,0.005,0.005,0.005,0.005,0.005,200,../../lists/estonian_voro/list.estonian_voro.attrib=lime_mpd=16_thresh=0.4_docnorm=F_tfidf=F.csv
0.375,0.555,0.005,0.005,0.005,0.005,0.005,200,../../lists/estonian_voro/list.estonian_voro.attrib=lime_mpd=16_thresh=0.4_docnorm=F_tfidf=T.csv
0.715,0.13,0.0,0.0,0.0,0.005,0.15,200,../../lists/estonian_voro/list.estonian_voro.attrib=lime_mpd=16_thresh=0.4_docnorm=T_tfidf=F.csv
0.735,0.13,0.0,0.0,0.0,0.0,0.17,200,../../lists/estonian_voro/list.estonian_voro.attrib=lime_mpd=16_thresh=0.4_docnorm=T_tfidf=T.csv
0.315,0.63,0.005,0.005,0.005,0.005,0.005,200,../../lists/estonian_voro/list.estonian_voro.attrib=lime_mpd=16_thresh=0.5_docnorm=F_tfidf=F.csv
0.37,0.56,0.005,0.005,0.005,0.005,0.005,200,../../lists/estonian_voro/list.estonian_voro.attrib=lime_mpd=16_thresh=0.5_docnorm=F_tfidf=T.csv
0.715,0.185,0.0,0.0,0.0,0.0,0.005,200,../../lists/estonian_voro/list.estonian_voro.attrib=lime_mpd=16_thresh=0.5_docnorm=T_tfidf=F.csv
0.73,0.17,0.0,0.0,0.0,0.0,0.005,200,../../lists/estonian_voro/list.estonian_voro.attrib=lime_mpd=16_thresh=0.5_docnorm=T_tfidf=T.csv
0.315,0.63,0.005,0.005,0.005,0.005,0.005,200,../../lists/estonian_voro/list.estonian_voro.attrib=lime_mpd=16_thresh=0.6_docnorm=F_tfidf=F.csv
0.37,0.56,0.005,0.005,0.005,0.005,0.005,200,../../lists/estonian_voro/list.estonian_voro.attrib=lime_mpd=16_thresh=0.6_docnorm=F_tfidf=T.csv
0.705,0.205,0.0,0.0,0.0,0.0,0.0,200,../../lists/estonian_voro/list.estonian_voro.attrib=lime_mpd=16_thresh=0.6_docnorm=T_tfidf=F.csv
0.685,0.235,0.0,0.0,0.0,0.0,0.0,200,../../lists/estonian_voro/list.estonian_voro.attrib=lime_mpd=16_thresh=0.6_docnorm=T_tfidf=T.csv
0.315,0.63,0.005,0.005,0.005,0.005,0.005,200,../../lists/estonian_voro/list.estonian_voro.attrib=lime_mpd=16_thresh=0.7_docnorm=F_tfidf=F.csv
0.37,0.56,0.005,0.005,0.005,0.005,0.005,200,../../lists/estonian_voro/list.estonian_voro.attrib=lime_mpd=16_thresh=0.7_docnorm=F_tfidf=T.csv
0.665,0.255,0.0,0.0,0.0,0.0,0.0,200,../../lists/estonian_voro/list.estonian_voro.attrib=lime_mpd=16_thresh=0.7_docnorm=T_tfidf=F.csv
0.67,0.265,0.0,0.0,0.0,0.0,0.0,200,../../lists/estonian_voro/list.estonian_voro.attrib=lime_mpd=16_thresh=0.7_docnorm=T_tfidf=T.csv
0.315,0.63,0.005,0.005,0.005,0.005,0.005,200,../../lists/estonian_voro/list.estonian_voro.attrib=lime_mpd=16_thresh=0.8_docnorm=F_tfidf=F.csv
0.36,0.57,0.005,0.005,0.005,0.005,0.005,200,../../lists/estonian_voro/list.estonian_voro.attrib=lime_mpd=16_thresh=0.8_docnorm=F_tfidf=T.csv
0.625,0.295,0.0,0.0,0.0,0.0,0.0,200,../../lists/estonian_voro/list.estonian_voro.attrib=lime_mpd=16_thresh=0.8_docnorm=T_tfidf=F.csv
0.64,0.29,0.0,0.0,0.0,0.0,0.0,200,../../lists/estonian_voro/list.estonian_voro.attrib=lime_mpd=16_thresh=0.8_docnorm=T_tfidf=T.csv
0.305,0.64,0.005,0.005,0.005,0.005,0.005,200,../../lists/estonian_voro/list.estonian_voro.attrib=lime_mpd=16_thresh=0.9_docnorm=F_tfidf=F.csv
0.36,0.57,0.005,0.005,0.005,0.005,0.005,200,../../lists/estonian_voro/list.estonian_voro.attrib=lime_mpd=16_thresh=0.9_docnorm=F_tfidf=T.csv
0.56,0.365,0.0,0.0,0.0,0.0,0.0,200,../../lists/estonian_voro/list.estonian_voro.attrib=lime_mpd=16_thresh=0.9_docnorm=T_tfidf=F.csv
0.575,0.36,0.0,0.0,0.0,0.0,0.0,200,../../lists/estonian_voro/list.estonian_voro.attrib=lime_mpd=16_thresh=0.9_docnorm=T_tfidf=T.csv
0.29,0.655,0.005,0.005,0.005,0.005,0.005,200,../../lists/estonian_voro/list.estonian_voro.attrib=lime_mpd=16_thresh=1.0_docnorm=F_tfidf=F.csv
0.315,0.615,0.005,0.005,0.005,0.005,0.005,200,../../lists/estonian_voro/list.estonian_voro.attrib=lime_mpd=16_thresh=1.0_docnorm=F_tfidf=T.csv
0.45,0.485,0.0,0.0,0.0,0.0,0.0,200,../../lists/estonian_voro/list.estonian_voro.attrib=lime_mpd=16_thresh=1.0_docnorm=T_tfidf=F.csv
0.455,0.485,0.0,0.0,0.0,0.0,0.0,200,../../lists/estonian_voro/list.estonian_voro.attrib=lime_mpd=16_thresh=1.0_docnorm=T_tfidf=T.csv
0.32,0.625,0.005,0.005,0.005,0.005,0.005,200,../../lists/estonian_voro/list.estonian_voro.attrib=lime_mpd=17_thresh=0.1_docnorm=F_tfidf=F.csv
0.375,0.545,0.005,0.005,0.015,0.015,0.015,200,../../lists/estonian_voro/list.estonian_voro.attrib=lime_mpd=17_thresh=0.1_docnorm=F_tfidf=T.csv
0.445,0.005,0.905,0.985,0.995,0.995,0.995,200,../../lists/estonian_voro/list.estonian_voro.attrib=lime_mpd=17_thresh=0.1_docnorm=T_tfidf=F.csv
0.455,0.005,0.915,0.975,0.995,0.995,0.995,200,../../lists/estonian_voro/list.estonian_voro.attrib=lime_mpd=17_thresh=0.1_docnorm=T_tfidf=T.csv
0.32,0.625,0.005,0.005,0.005,0.005,0.005,200,../../lists/estonian_voro/list.estonian_voro.attrib=lime_mpd=17_thresh=0.2_docnorm=F_tfidf=F.csv
0.375,0.545,0.005,0.005,0.015,0.015,0.015,200,../../lists/estonian_voro/list.estonian_voro.attrib=lime_mpd=17_thresh=0.2_docnorm=F_tfidf=T.csv
0.665,0.07,0.0,0.265,0.61,0.775,0.885,200,../../lists/estonian_voro/list.estonian_voro.attrib=lime_mpd=17_thresh=0.2_docnorm=T_tfidf=F.csv
0.67,0.085,0.0,0.27,0.605,0.75,0.88,200,../../lists/estonian_voro/list.estonian_voro.attrib=lime_mpd=17_thresh=0.2_docnorm=T_tfidf=T.csv
0.32,0.625,0.005,0.005,0.005,0.005,0.005,200,../../lists/estonian_voro/list.estonian_voro.attrib=lime_mpd=17_thresh=0.3_docnorm=F_tfidf=F.csv
0.375,0.555,0.005,0.005,0.005,0.005,0.005,200,../../lists/estonian_voro/list.estonian_voro.attrib=lime_mpd=17_thresh=0.3_docnorm=F_tfidf=T.csv
0.75,0.105,0.0,0.0,0.025,0.26,0.48,200,../../lists/estonian_voro/list.estonian_voro.attrib=lime_mpd=17_thresh=0.3_docnorm=T_tfidf=F.csv
0.75,0.105,0.0,0.0,0.025,0.24,0.5,200,../../lists/estonian_voro/list.estonian_voro.attrib=lime_mpd=17_thresh=0.3_docnorm=T_tfidf=T.csv
0.32,0.625,0.005,0.005,0.005,0.005,0.005,200,../../lists/estonian_voro/list.estonian_voro.attrib=lime_mpd=17_thresh=0.4_docnorm=F_tfidf=F.csv
0.375,0.555,0.005,0.005,0.005,0.005,0.005,200,../../lists/estonian_voro/list.estonian_voro.attrib=lime_mpd=17_thresh=0.4_docnorm=F_tfidf=T.csv
0.72,0.135,0.0,0.0,0.0,0.005,0.15,200,../../lists/estonian_voro/list.estonian_voro.attrib=lime_mpd=17_thresh=0.4_docnorm=T_tfidf=F.csv
0.735,0.13,0.0,0.0,0.0,0.0,0.17,200,../../lists/estonian_voro/list.estonian_voro.attrib=lime_mpd=17_thresh=0.4_docnorm=T_tfidf=T.csv
0.315,0.63,0.005,0.005,0.005,0.005,0.005,200,../../lists/estonian_voro/list.estonian_voro.attrib=lime_mpd=17_thresh=0.5_docnorm=F_tfidf=F.csv
0.37,0.56,0.005,0.005,0.005,0.005,0.005,200,../../lists/estonian_voro/list.estonian_voro.attrib=lime_mpd=17_thresh=0.5_docnorm=F_tfidf=T.csv
0.715,0.185,0.0,0.0,0.0,0.0,0.005,200,../../lists/estonian_voro/list.estonian_voro.attrib=lime_mpd=17_thresh=0.5_docnorm=T_tfidf=F.csv
0.73,0.175,0.0,0.0,0.0,0.0,0.005,200,../../lists/estonian_voro/list.estonian_voro.attrib=lime_mpd=17_thresh=0.5_docnorm=T_tfidf=T.csv
0.315,0.63,0.005,0.005,0.005,0.005,0.005,200,../../lists/estonian_voro/list.estonian_voro.attrib=lime_mpd=17_thresh=0.6_docnorm=F_tfidf=F.csv
0.37,0.56,0.005,0.005,0.005,0.005,0.005,200,../../lists/estonian_voro/list.estonian_voro.attrib=lime_mpd=17_thresh=0.6_docnorm=F_tfidf=T.csv
0.7,0.21,0.0,0.0,0.0,0.0,0.0,200,../../lists/estonian_voro/list.estonian_voro.attrib=lime_mpd=17_thresh=0.6_docnorm=T_tfidf=F.csv
0.68,0.24,0.0,0.0,0.0,0.0,0.0,200,../../lists/estonian_voro/list.estonian_voro.attrib=lime_mpd=17_thresh=0.6_docnorm=T_tfidf=T.csv
0.315,0.63,0.005,0.005,0.005,0.005,0.005,200,../../lists/estonian_voro/list.estonian_voro.attrib=lime_mpd=17_thresh=0.7_docnorm=F_tfidf=F.csv
0.37,0.56,0.005,0.005,0.005,0.005,0.005,200,../../lists/estonian_voro/list.estonian_voro.attrib=lime_mpd=17_thresh=0.7_docnorm=F_tfidf=T.csv
0.665,0.255,0.0,0.0,0.0,0.0,0.0,200,../../lists/estonian_voro/list.estonian_voro.attrib=lime_mpd=17_thresh=0.7_docnorm=T_tfidf=F.csv
0.67,0.265,0.0,0.0,0.0,0.0,0.0,200,../../lists/estonian_voro/list.estonian_voro.attrib=lime_mpd=17_thresh=0.7_docnorm=T_tfidf=T.csv
0.315,0.63,0.005,0.005,0.005,0.005,0.005,200,../../lists/estonian_voro/list.estonian_voro.attrib=lime_mpd=17_thresh=0.8_docnorm=F_tfidf=F.csv
0.36,0.57,0.005,0.005,0.005,0.005,0.005,200,../../lists/estonian_voro/list.estonian_voro.attrib=lime_mpd=17_thresh=0.8_docnorm=F_tfidf=T.csv
0.625,0.295,0.0,0.0,0.0,0.0,0.0,200,../../lists/estonian_voro/list.estonian_voro.attrib=lime_mpd=17_thresh=0.8_docnorm=T_tfidf=F.csv
0.64,0.29,0.0,0.0,0.0,0.0,0.0,200,../../lists/estonian_voro/list.estonian_voro.attrib=lime_mpd=17_thresh=0.8_docnorm=T_tfidf=T.csv
0.305,0.64,0.005,0.005,0.005,0.005,0.005,200,../../lists/estonian_voro/list.estonian_voro.attrib=lime_mpd=17_thresh=0.9_docnorm=F_tfidf=F.csv
0.36,0.57,0.005,0.005,0.005,0.005,0.005,200,../../lists/estonian_voro/list.estonian_voro.attrib=lime_mpd=17_thresh=0.9_docnorm=F_tfidf=T.csv
0.56,0.36,0.0,0.0,0.0,0.0,0.0,200,../../lists/estonian_voro/list.estonian_voro.attrib=lime_mpd=17_thresh=0.9_docnorm=T_tfidf=F.csv
0.575,0.355,0.0,0.0,0.0,0.0,0.0,200,../../lists/estonian_voro/list.estonian_voro.attrib=lime_mpd=17_thresh=0.9_docnorm=T_tfidf=T.csv
0.29,0.655,0.005,0.005,0.005,0.005,0.005,200,../../lists/estonian_voro/list.estonian_voro.attrib=lime_mpd=17_thresh=1.0_docnorm=F_tfidf=F.csv
0.315,0.615,0.005,0.005,0.005,0.005,0.005,200,../../lists/estonian_voro/list.estonian_voro.attrib=lime_mpd=17_thresh=1.0_docnorm=F_tfidf=T.csv
0.445,0.49,0.0,0.0,0.0,0.0,0.0,200,../../lists/estonian_voro/list.estonian_voro.attrib=lime_mpd=17_thresh=1.0_docnorm=T_tfidf=F.csv
0.455,0.485,0.0,0.0,0.0,0.0,0.0,200,../../lists/estonian_voro/list.estonian_voro.attrib=lime_mpd=17_thresh=1.0_docnorm=T_tfidf=T.csv
0.32,0.625,0.005,0.005,0.005,0.005,0.005,200,../../lists/estonian_voro/list.estonian_voro.attrib=lime_mpd=18_thresh=0.1_docnorm=F_tfidf=F.csv
0.375,0.545,0.005,0.005,0.015,0.015,0.015,200,../../lists/estonian_voro/list.estonian_voro.attrib=lime_mpd=18_thresh=0.1_docnorm=F_tfidf=T.csv
0.445,0.005,0.905,0.985,0.995,0.995,0.995,200,../../lists/estonian_voro/list.estonian_voro.attrib=lime_mpd=18_thresh=0.1_docnorm=T_tfidf=F.csv
0.455,0.005,0.915,0.975,0.995,0.995,0.995,200,../../lists/estonian_voro/list.estonian_voro.attrib=lime_mpd=18_thresh=0.1_docnorm=T_tfidf=T.csv
0.32,0.625,0.005,0.005,0.005,0.005,0.005,200,../../lists/estonian_voro/list.estonian_voro.attrib=lime_mpd=18_thresh=0.2_docnorm=F_tfidf=F.csv
0.375,0.545,0.005,0.005,0.015,0.015,0.015,200,../../lists/estonian_voro/list.estonian_voro.attrib=lime_mpd=18_thresh=0.2_docnorm=F_tfidf=T.csv
0.665,0.07,0.0,0.265,0.61,0.775,0.885,200,../../lists/estonian_voro/list.estonian_voro.attrib=lime_mpd=18_thresh=0.2_docnorm=T_tfidf=F.csv
0.675,0.08,0.0,0.27,0.605,0.75,0.885,200,../../lists/estonian_voro/list.estonian_voro.attrib=lime_mpd=18_thresh=0.2_docnorm=T_tfidf=T.csv
0.32,0.625,0.005,0.005,0.005,0.005,0.005,200,../../lists/estonian_voro/list.estonian_voro.attrib=lime_mpd=18_thresh=0.3_docnorm=F_tfidf=F.csv
0.375,0.555,0.005,0.005,0.005,0.005,0.005,200,../../lists/estonian_voro/list.estonian_voro.attrib=lime_mpd=18_thresh=0.3_docnorm=F_tfidf=T.csv
0.755,0.105,0.0,0.0,0.025,0.265,0.485,200,../../lists/estonian_voro/list.estonian_voro.attrib=lime_mpd=18_thresh=0.3_docnorm=T_tfidf=F.csv
0.75,0.105,0.0,0.0,0.025,0.24,0.5,200,../../lists/estonian_voro/list.estonian_voro.attrib=lime_mpd=18_thresh=0.3_docnorm=T_tfidf=T.csv
0.32,0.625,0.005,0.005,0.005,0.005,0.005,200,../../lists/estonian_voro/list.estonian_voro.attrib=lime_mpd=18_thresh=0.4_docnorm=F_tfidf=F.csv
0.375,0.555,0.005,0.005,0.005,0.005,0.005,200,../../lists/estonian_voro/list.estonian_voro.attrib=lime_mpd=18_thresh=0.4_docnorm=F_tfidf=T.csv
0.72,0.135,0.0,0.0,0.0,0.005,0.155,200,../../lists/estonian_voro/list.estonian_voro.attrib=lime_mpd=18_thresh=0.4_docnorm=T_tfidf=F.csv
0.73,0.135,0.0,0.0,0.0,0.0,0.17,200,../../lists/estonian_voro/list.estonian_voro.attrib=lime_mpd=18_thresh=0.4_docnorm=T_tfidf=T.csv
0.315,0.63,0.005,0.005,0.005,0.005,0.005,200,../../lists/estonian_voro/list.estonian_voro.attrib=lime_mpd=18_thresh=0.5_docnorm=F_tfidf=F.csv
0.37,0.56,0.005,0.005,0.005,0.005,0.005,200,../../lists/estonian_voro/list.estonian_voro.attrib=lime_mpd=18_thresh=0.5_docnorm=F_tfidf=T.csv
0.72,0.185,0.0,0.0,0.0,0.0,0.005,200,../../lists/estonian_voro/list.estonian_voro.attrib=lime_mpd=18_thresh=0.5_docnorm=T_tfidf=F.csv
0.73,0.175,0.0,0.0,0.0,0.0,0.005,200,../../lists/estonian_voro/list.estonian_voro.attrib=lime_mpd=18_thresh=0.5_docnorm=T_tfidf=T.csv
0.315,0.63,0.005,0.005,0.005,0.005,0.005,200,../../lists/estonian_voro/list.estonian_voro.attrib=lime_mpd=18_thresh=0.6_docnorm=F_tfidf=F.csv
0.37,0.56,0.005,0.005,0.005,0.005,0.005,200,../../lists/estonian_voro/list.estonian_voro.attrib=lime_mpd=18_thresh=0.6_docnorm=F_tfidf=T.csv
0.695,0.21,0.0,0.0,0.0,0.0,0.0,200,../../lists/estonian_voro/list.estonian_voro.attrib=lime_mpd=18_thresh=0.6_docnorm=T_tfidf=F.csv
0.685,0.235,0.0,0.0,0.0,0.0,0.0,200,../../lists/estonian_voro/list.estonian_voro.attrib=lime_mpd=18_thresh=0.6_docnorm=T_tfidf=T.csv
0.315,0.63,0.005,0.005,0.005,0.005,0.005,200,../../lists/estonian_voro/list.estonian_voro.attrib=lime_mpd=18_thresh=0.7_docnorm=F_tfidf=F.csv
0.37,0.56,0.005,0.005,0.005,0.005,0.005,200,../../lists/estonian_voro/list.estonian_voro.attrib=lime_mpd=18_thresh=0.7_docnorm=F_tfidf=T.csv
0.665,0.25,0.0,0.0,0.0,0.0,0.0,200,../../lists/estonian_voro/list.estonian_voro.attrib=lime_mpd=18_thresh=0.7_docnorm=T_tfidf=F.csv
0.675,0.26,0.0,0.0,0.0,0.0,0.0,200,../../lists/estonian_voro/list.estonian_voro.attrib=lime_mpd=18_thresh=0.7_docnorm=T_tfidf=T.csv
0.315,0.63,0.005,0.005,0.005,0.005,0.005,200,../../lists/estonian_voro/list.estonian_voro.attrib=lime_mpd=18_thresh=0.8_docnorm=F_tfidf=F.csv
0.36,0.57,0.005,0.005,0.005,0.005,0.005,200,../../lists/estonian_voro/list.estonian_voro.attrib=lime_mpd=18_thresh=0.8_docnorm=F_tfidf=T.csv
0.615,0.305,0.0,0.0,0.0,0.0,0.0,200,../../lists/estonian_voro/list.estonian_voro.attrib=lime_mpd=18_thresh=0.8_docnorm=T_tfidf=F.csv
0.635,0.3,0.0,0.0,0.0,0.0,0.0,200,../../lists/estonian_voro/list.estonian_voro.attrib=lime_mpd=18_thresh=0.8_docnorm=T_tfidf=T.csv
0.305,0.64,0.005,0.005,0.005,0.005,0.005,200,../../lists/estonian_voro/list.estonian_voro.attrib=lime_mpd=18_thresh=0.9_docnorm=F_tfidf=F.csv
0.36,0.57,0.005,0.005,0.005,0.005,0.005,200,../../lists/estonian_voro/list.estonian_voro.attrib=lime_mpd=18_thresh=0.9_docnorm=F_tfidf=T.csv
0.56,0.36,0.0,0.0,0.0,0.0,0.0,200,../../lists/estonian_voro/list.estonian_voro.attrib=lime_mpd=18_thresh=0.9_docnorm=T_tfidf=F.csv
0.58,0.35,0.0,0.0,0.0,0.0,0.0,200,../../lists/estonian_voro/list.estonian_voro.attrib=lime_mpd=18_thresh=0.9_docnorm=T_tfidf=T.csv
0.29,0.655,0.005,0.005,0.005,0.005,0.005,200,../../lists/estonian_voro/list.estonian_voro.attrib=lime_mpd=18_thresh=1.0_docnorm=F_tfidf=F.csv
0.315,0.615,0.005,0.005,0.005,0.005,0.005,200,../../lists/estonian_voro/list.estonian_voro.attrib=lime_mpd=18_thresh=1.0_docnorm=F_tfidf=T.csv
0.445,0.49,0.0,0.0,0.0,0.0,0.0,200,../../lists/estonian_voro/list.estonian_voro.attrib=lime_mpd=18_thresh=1.0_docnorm=T_tfidf=F.csv
0.455,0.485,0.0,0.0,0.0,0.0,0.0,200,../../lists/estonian_voro/list.estonian_voro.attrib=lime_mpd=18_thresh=1.0_docnorm=T_tfidf=T.csv
0.32,0.625,0.005,0.005,0.005,0.005,0.005,200,../../lists/estonian_voro/list.estonian_voro.attrib=lime_mpd=19_thresh=0.1_docnorm=F_tfidf=F.csv
0.375,0.545,0.005,0.005,0.015,0.015,0.015,200,../../lists/estonian_voro/list.estonian_voro.attrib=lime_mpd=19_thresh=0.1_docnorm=F_tfidf=T.csv
0.445,0.005,0.905,0.985,0.995,0.995,0.995,200,../../lists/estonian_voro/list.estonian_voro.attrib=lime_mpd=19_thresh=0.1_docnorm=T_tfidf=F.csv
0.455,0.005,0.915,0.975,0.995,0.995,0.995,200,../../lists/estonian_voro/list.estonian_voro.attrib=lime_mpd=19_thresh=0.1_docnorm=T_tfidf=T.csv
0.32,0.625,0.005,0.005,0.005,0.005,0.005,200,../../lists/estonian_voro/list.estonian_voro.attrib=lime_mpd=19_thresh=0.2_docnorm=F_tfidf=F.csv
0.375,0.545,0.005,0.005,0.015,0.015,0.015,200,../../lists/estonian_voro/list.estonian_voro.attrib=lime_mpd=19_thresh=0.2_docnorm=F_tfidf=T.csv
0.665,0.07,0.0,0.265,0.61,0.775,0.89,200,../../lists/estonian_voro/list.estonian_voro.attrib=lime_mpd=19_thresh=0.2_docnorm=T_tfidf=F.csv
0.675,0.08,0.0,0.27,0.605,0.75,0.885,200,../../lists/estonian_voro/list.estonian_voro.attrib=lime_mpd=19_thresh=0.2_docnorm=T_tfidf=T.csv
0.32,0.625,0.005,0.005,0.005,0.005,0.005,200,../../lists/estonian_voro/list.estonian_voro.attrib=lime_mpd=19_thresh=0.3_docnorm=F_tfidf=F.csv
0.375,0.555,0.005,0.005,0.005,0.005,0.005,200,../../lists/estonian_voro/list.estonian_voro.attrib=lime_mpd=19_thresh=0.3_docnorm=F_tfidf=T.csv
0.75,0.11,0.0,0.0,0.025,0.265,0.48,200,../../lists/estonian_voro/list.estonian_voro.attrib=lime_mpd=19_thresh=0.3_docnorm=T_tfidf=F.csv
0.74,0.11,0.0,0.0,0.025,0.24,0.49,200,../../lists/estonian_voro/list.estonian_voro.attrib=lime_mpd=19_thresh=0.3_docnorm=T_tfidf=T.csv
0.32,0.625,0.005,0.005,0.005,0.005,0.005,200,../../lists/estonian_voro/list.estonian_voro.attrib=lime_mpd=19_thresh=0.4_docnorm=F_tfidf=F.csv
0.375,0.555,0.005,0.005,0.005,0.005,0.005,200,../../lists/estonian_voro/list.estonian_voro.attrib=lime_mpd=19_thresh=0.4_docnorm=F_tfidf=T.csv
0.72,0.135,0.0,0.0,0.0,0.005,0.155,200,../../lists/estonian_voro/list.estonian_voro.attrib=lime_mpd=19_thresh=0.4_docnorm=T_tfidf=F.csv
0.73,0.135,0.0,0.0,0.0,0.0,0.17,200,../../lists/estonian_voro/list.estonian_voro.attrib=lime_mpd=19_thresh=0.4_docnorm=T_tfidf=T.csv
0.315,0.63,0.005,0.005,0.005,0.005,0.005,200,../../lists/estonian_voro/list.estonian_voro.attrib=lime_mpd=19_thresh=0.5_docnorm=F_tfidf=F.csv
0.37,0.56,0.005,0.005,0.005,0.005,0.005,200,../../lists/estonian_voro/list.estonian_voro.attrib=lime_mpd=19_thresh=0.5_docnorm=F_tfidf=T.csv
0.725,0.18,0.0,0.0,0.0,0.0,0.005,200,../../lists/estonian_voro/list.estonian_voro.attrib=lime_mpd=19_thresh=0.5_docnorm=T_tfidf=F.csv
0.735,0.17,0.0,0.0,0.0,0.0,0.005,200,../../lists/estonian_voro/list.estonian_voro.attrib=lime_mpd=19_thresh=0.5_docnorm=T_tfidf=T.csv
0.315,0.63,0.005,0.005,0.005,0.005,0.005,200,../../lists/estonian_voro/list.estonian_voro.attrib=lime_mpd=19_thresh=0.6_docnorm=F_tfidf=F.csv
0.37,0.56,0.005,0.005,0.005,0.005,0.005,200,../../lists/estonian_voro/list.estonian_voro.attrib=lime_mpd=19_thresh=0.6_docnorm=F_tfidf=T.csv
0.695,0.21,0.0,0.0,0.0,0.0,0.0,200,../../lists/estonian_voro/list.estonian_voro.attrib=lime_mpd=19_thresh=0.6_docnorm=T_tfidf=F.csv
0.69,0.235,0.0,0.0,0.0,0.0,0.0,200,../../lists/estonian_voro/list.estonian_voro.attrib=lime_mpd=19_thresh=0.6_docnorm=T_tfidf=T.csv
0.315,0.63,0.005,0.005,0.005,0.005,0.005,200,../../lists/estonian_voro/list.estonian_voro.attrib=lime_mpd=19_thresh=0.7_docnorm=F_tfidf=F.csv
0.37,0.56,0.005,0.005,0.005,0.005,0.005,200,../../lists/estonian_voro/list.estonian_voro.attrib=lime_mpd=19_thresh=0.7_docnorm=F_tfidf=T.csv
0.66,0.25,0.0,0.0,0.0,0.0,0.0,200,../../lists/estonian_voro/list.estonian_voro.attrib=lime_mpd=19_thresh=0.7_docnorm=T_tfidf=F.csv
0.675,0.255,0.0,0.0,0.0,0.0,0.0,200,../../lists/estonian_voro/list.estonian_voro.attrib=lime_mpd=19_thresh=0.7_docnorm=T_tfidf=T.csv
0.315,0.63,0.005,0.005,0.005,0.005,0.005,200,../../lists/estonian_voro/list.estonian_voro.attrib=lime_mpd=19_thresh=0.8_docnorm=F_tfidf=F.csv
0.36,0.57,0.005,0.005,0.005,0.005,0.005,200,../../lists/estonian_voro/list.estonian_voro.attrib=lime_mpd=19_thresh=0.8_docnorm=F_tfidf=T.csv
0.615,0.305,0.0,0.0,0.0,0.0,0.0,200,../../lists/estonian_voro/list.estonian_voro.attrib=lime_mpd=19_thresh=0.8_docnorm=T_tfidf=F.csv
0.635,0.3,0.0,0.0,0.0,0.0,0.0,200,../../lists/estonian_voro/list.estonian_voro.attrib=lime_mpd=19_thresh=0.8_docnorm=T_tfidf=T.csv
0.305,0.64,0.005,0.005,0.005,0.005,0.005,200,../../lists/estonian_voro/list.estonian_voro.attrib=lime_mpd=19_thresh=0.9_docnorm=F_tfidf=F.csv
0.36,0.57,0.005,0.005,0.005,0.005,0.005,200,../../lists/estonian_voro/list.estonian_voro.attrib=lime_mpd=19_thresh=0.9_docnorm=F_tfidf=T.csv
0.56,0.36,0.0,0.0,0.0,0.0,0.0,200,../../lists/estonian_voro/list.estonian_voro.attrib=lime_mpd=19_thresh=0.9_docnorm=T_tfidf=F.csv
0.575,0.355,0.0,0.0,0.0,0.0,0.0,200,../../lists/estonian_voro/list.estonian_voro.attrib=lime_mpd=19_thresh=0.9_docnorm=T_tfidf=T.csv
0.29,0.655,0.005,0.005,0.005,0.005,0.005,200,../../lists/estonian_voro/list.estonian_voro.attrib=lime_mpd=19_thresh=1.0_docnorm=F_tfidf=F.csv
0.315,0.615,0.005,0.005,0.005,0.005,0.005,200,../../lists/estonian_voro/list.estonian_voro.attrib=lime_mpd=19_thresh=1.0_docnorm=F_tfidf=T.csv
0.445,0.49,0.0,0.0,0.0,0.0,0.0,200,../../lists/estonian_voro/list.estonian_voro.attrib=lime_mpd=19_thresh=1.0_docnorm=T_tfidf=F.csv
0.455,0.485,0.0,0.0,0.0,0.0,0.0,200,../../lists/estonian_voro/list.estonian_voro.attrib=lime_mpd=19_thresh=1.0_docnorm=T_tfidf=T.csv
0.39,0.545,0.005,0.01,0.015,0.015,0.015,200,../../lists/estonian_voro/list.estonian_voro.attrib=lime_mpd=1_thresh=0.1_docnorm=F_tfidf=F.csv
0.43,0.445,0.01,0.04,0.06,0.065,0.075,200,../../lists/estonian_voro/list.estonian_voro.attrib=lime_mpd=1_thresh=0.1_docnorm=F_tfidf=T.csv
0.495,0.025,0.66,0.83,0.91,0.935,0.955,200,../../lists/estonian_voro/list.estonian_voro.attrib=lime_mpd=1_thresh=0.1_docnorm=T_tfidf=F.csv
0.5,0.025,0.67,0.845,0.905,0.92,0.945,200,../../lists/estonian_voro/list.estonian_voro.attrib=lime_mpd=1_thresh=0.1_docnorm=T_tfidf=T.csv
0.39,0.545,0.005,0.01,0.015,0.015,0.015,200,../../lists/estonian_voro/list.estonian_voro.attrib=lime_mpd=1_thresh=0.2_docnorm=F_tfidf=F.csv
0.44,0.455,0.005,0.015,0.03,0.03,0.045,200,../../lists/estonian_voro/list.estonian_voro.attrib=lime_mpd=1_thresh=0.2_docnorm=F_tfidf=T.csv
0.705,0.135,0.0,0.025,0.11,0.17,0.32,200,../../lists/estonian_voro/list.estonian_voro.attrib=lime_mpd=1_thresh=0.2_docnorm=T_tfidf=F.csv
0.695,0.145,0.0,0.025,0.105,0.175,0.32,200,../../lists/estonian_voro/list.estonian_voro.attrib=lime_mpd=1_thresh=0.2_docnorm=T_tfidf=T.csv
0.39,0.55,0.005,0.005,0.005,0.005,0.005,200,../../lists/estonian_voro/list.estonian_voro.attrib=lime_mpd=1_thresh=0.3_docnorm=F_tfidf=F.csv
0.445,0.475,0.005,0.005,0.005,0.005,0.005,200,../../lists/estonian_voro/list.estonian_voro.attrib=lime_mpd=1_thresh=0.3_docnorm=F_tfidf=T.csv
0.64,0.275,0.0,0.0,0.0,0.0,0.015,200,../../lists/estonian_voro/list.estonian_voro.attrib=lime_mpd=1_thresh=0.3_docnorm=T_tfidf=F.csv
0.7,0.22,0.0,0.0,0.0,0.0,0.02,200,../../lists/estonian_voro/list.estonian_voro.attrib=lime_mpd=1_thresh=0.3_docnorm=T_tfidf=T.csv
0.38,0.56,0.005,0.005,0.005,0.005,0.005,200,../../lists/estonian_voro/list.estonian_voro.attrib=lime_mpd=1_thresh=0.4_docnorm=F_tfidf=F.csv
0.43,0.5,0.005,0.005,0.005,0.005,0.005,200,../../lists/estonian_voro/list.estonian_voro.attrib=lime_mpd=1_thresh=0.4_docnorm=F_tfidf=T.csv
0.61,0.32,0.0,0.0,0.0,0.0,0.0,200,../../lists/estonian_voro/list.estonian_voro.attrib=lime_mpd=1_thresh=0.4_docnorm=T_tfidf=F.csv
0.64,0.29,0.0,0.0,0.0,0.0,0.0,200,../../lists/estonian_voro/list.estonian_voro.attrib=lime_mpd=1_thresh=0.4_docnorm=T_tfidf=T.csv
0.4,0.54,0.005,0.005,0.005,0.005,0.005,200,../../lists/estonian_voro/list.estonian_voro.attrib=lime_mpd=1_thresh=0.5_docnorm=F_tfidf=F.csv
0.445,0.485,0.005,0.005,0.005,0.005,0.005,200,../../lists/estonian_voro/list.estonian_voro.attrib=lime_mpd=1_thresh=0.5_docnorm=F_tfidf=T.csv
0.5,0.425,0.0,0.0,0.0,0.0,0.0,200,../../lists/estonian_voro/list.estonian_voro.attrib=lime_mpd=1_thresh=0.5_docnorm=T_tfidf=F.csv
0.55,0.39,0.0,0.0,0.0,0.0,0.0,200,../../lists/estonian_voro/list.estonian_voro.attrib=lime_mpd=1_thresh=0.5_docnorm=T_tfidf=T.csv
0.39,0.55,0.005,0.005,0.005,0.005,0.005,200,../../lists/estonian_voro/list.estonian_voro.attrib=lime_mpd=1_thresh=0.6_docnorm=F_tfidf=F.csv
0.42,0.505,0.005,0.005,0.005,0.005,0.005,200,../../lists/estonian_voro/list.estonian_voro.attrib=lime_mpd=1_thresh=0.6_docnorm=F_tfidf=T.csv
0.48,0.455,0.0,0.0,0.0,0.0,0.0,200,../../lists/estonian_voro/list.estonian_voro.attrib=lime_mpd=1_thresh=0.6_docnorm=T_tfidf=F.csv
0.51,0.415,0.0,0.0,0.0,0.0,0.0,200,../../lists/estonian_voro/list.estonian_voro.attrib=lime_mpd=1_thresh=0.6_docnorm=T_tfidf=T.csv
0.37,0.57,0.005,0.005,0.005,0.005,0.005,200,../../lists/estonian_voro/list.estonian_voro.attrib=lime_mpd=1_thresh=0.7_docnorm=F_tfidf=F.csv
0.395,0.525,0.005,0.005,0.005,0.005,0.005,200,../../lists/estonian_voro/list.estonian_voro.attrib=lime_mpd=1_thresh=0.7_docnorm=F_tfidf=T.csv
0.45,0.485,0.0,0.0,0.0,0.0,0.0,200,../../lists/estonian_voro/list.estonian_voro.attrib=lime_mpd=1_thresh=0.7_docnorm=T_tfidf=F.csv
0.475,0.46,0.0,0.0,0.0,0.0,0.0,200,../../lists/estonian_voro/list.estonian_voro.attrib=lime_mpd=1_thresh=0.7_docnorm=T_tfidf=T.csv
0.34554973821989526,0.581151832460733,0.005235602094240838,0.005235602094240838,0.005235602094240838,0.005235602094240838,0.005235602094240838,191,../../lists/estonian_voro/list.estonian_voro.attrib=lime_mpd=1_thresh=0.8_docnorm=F_tfidf=F.csv
0.3507853403141361,0.5759162303664922,0.005235602094240838,0.005235602094240838,0.005235602094240838,0.005235602094240838,0.005235602094240838,191,../../lists/estonian_voro/list.estonian_voro.attrib=lime_mpd=1_thresh=0.8_docnorm=F_tfidf=T.csv
0.39790575916230364,0.5497382198952879,0.0,0.0,0.0,0.0,0.0,191,../../lists/estonian_voro/list.estonian_voro.attrib=lime_mpd=1_thresh=0.8_docnorm=T_tfidf=F.csv
0.41361256544502617,0.5340314136125655,0.0,0.0,0.0,0.0,0.0,191,../../lists/estonian_voro/list.estonian_voro.attrib=lime_mpd=1_thresh=0.8_docnorm=T_tfidf=T.csv
0.31543624161073824,0.610738255033557,0.006711409395973154,0.006711409395973154,0.006711409395973154,0.006711409395973154,0.006711409395973154,149,../../lists/estonian_voro/list.estonian_voro.attrib=lime_mpd=1_thresh=0.9_docnorm=F_tfidf=F.csv
0.31543624161073824,0.610738255033557,0.006711409395973154,0.006711409395973154,0.006711409395973154,0.006711409395973154,0.006711409395973154,149,../../lists/estonian_voro/list.estonian_voro.attrib=lime_mpd=1_thresh=0.9_docnorm=F_tfidf=T.csv
0.31543624161073824,0.610738255033557,0.006711409395973154,0.006711409395973154,0.006711409395973154,0.006711409395973154,0.006711409395973154,149,../../lists/estonian_voro/list.estonian_voro.attrib=lime_mpd=1_thresh=0.9_docnorm=T_tfidf=F.csv
0.31543624161073824,0.610738255033557,0.006711409395973154,0.006711409395973154,0.006711409395973154,0.006711409395973154,0.006711409395973154,149,../../lists/estonian_voro/list.estonian_voro.attrib=lime_mpd=1_thresh=0.9_docnorm=T_tfidf=T.csv
0.2,0.7333333333333333,0.022222222222222223,0.022222222222222223,0.022222222222222223,0.022222222222222223,0.022222222222222223,45,../../lists/estonian_voro/list.estonian_voro.attrib=lime_mpd=1_thresh=1.0_docnorm=F_tfidf=F.csv
0.2,0.7333333333333333,0.022222222222222223,0.022222222222222223,0.022222222222222223,0.022222222222222223,0.022222222222222223,45,../../lists/estonian_voro/list.estonian_voro.attrib=lime_mpd=1_thresh=1.0_docnorm=F_tfidf=T.csv
0.2,0.7333333333333333,0.022222222222222223,0.022222222222222223,0.022222222222222223,0.022222222222222223,0.022222222222222223,45,../../lists/estonian_voro/list.estonian_voro.attrib=lime_mpd=1_thresh=1.0_docnorm=T_tfidf=F.csv
0.2,0.7333333333333333,0.022222222222222223,0.022222222222222223,0.022222222222222223,0.022222222222222223,0.022222222222222223,45,../../lists/estonian_voro/list.estonian_voro.attrib=lime_mpd=1_thresh=1.0_docnorm=T_tfidf=T.csv
0.32,0.625,0.005,0.005,0.005,0.005,0.005,200,../../lists/estonian_voro/list.estonian_voro.attrib=lime_mpd=20_thresh=0.1_docnorm=F_tfidf=F.csv
0.375,0.545,0.005,0.005,0.015,0.015,0.015,200,../../lists/estonian_voro/list.estonian_voro.attrib=lime_mpd=20_thresh=0.1_docnorm=F_tfidf=T.csv
0.445,0.005,0.905,0.985,0.995,0.995,0.995,200,../../lists/estonian_voro/list.estonian_voro.attrib=lime_mpd=20_thresh=0.1_docnorm=T_tfidf=F.csv
0.455,0.005,0.915,0.975,0.995,0.995,0.995,200,../../lists/estonian_voro/list.estonian_voro.attrib=lime_mpd=20_thresh=0.1_docnorm=T_tfidf=T.csv
0.32,0.625,0.005,0.005,0.005,0.005,0.005,200,../../lists/estonian_voro/list.estonian_voro.attrib=lime_mpd=20_thresh=0.2_docnorm=F_tfidf=F.csv
0.375,0.545,0.005,0.005,0.015,0.015,0.015,200,../../lists/estonian_voro/list.estonian_voro.attrib=lime_mpd=20_thresh=0.2_docnorm=F_tfidf=T.csv
0.665,0.07,0.0,0.265,0.61,0.775,0.89,200,../../lists/estonian_voro/list.estonian_voro.attrib=lime_mpd=20_thresh=0.2_docnorm=T_tfidf=F.csv
0.675,0.08,0.0,0.27,0.605,0.75,0.885,200,../../lists/estonian_voro/list.estonian_voro.attrib=lime_mpd=20_thresh=0.2_docnorm=T_tfidf=T.csv
0.32,0.625,0.005,0.005,0.005,0.005,0.005,200,../../lists/estonian_voro/list.estonian_voro.attrib=lime_mpd=20_thresh=0.3_docnorm=F_tfidf=F.csv
0.375,0.555,0.005,0.005,0.005,0.005,0.005,200,../../lists/estonian_voro/list.estonian_voro.attrib=lime_mpd=20_thresh=0.3_docnorm=F_tfidf=T.csv
0.755,0.105,0.0,0.0,0.025,0.265,0.485,200,../../lists/estonian_voro/list.estonian_voro.attrib=lime_mpd=20_thresh=0.3_docnorm=T_tfidf=F.csv
0.745,0.11,0.0,0.0,0.025,0.24,0.495,200,../../lists/estonian_voro/list.estonian_voro.attrib=lime_mpd=20_thresh=0.3_docnorm=T_tfidf=T.csv
0.32,0.625,0.005,0.005,0.005,0.005,0.005,200,../../lists/estonian_voro/list.estonian_voro.attrib=lime_mpd=20_thresh=0.4_docnorm=F_tfidf=F.csv
0.375,0.555,0.005,0.005,0.005,0.005,0.005,200,../../lists/estonian_voro/list.estonian_voro.attrib=lime_mpd=20_thresh=0.4_docnorm=F_tfidf=T.csv
0.72,0.135,0.0,0.0,0.0,0.005,0.155,200,../../lists/estonian_voro/list.estonian_voro.attrib=lime_mpd=20_thresh=0.4_docnorm=T_tfidf=F.csv
0.73,0.135,0.0,0.0,0.0,0.0,0.175,200,../../lists/estonian_voro/list.estonian_voro.attrib=lime_mpd=20_thresh=0.4_docnorm=T_tfidf=T.csv
0.315,0.63,0.005,0.005,0.005,0.005,0.005,200,../../lists/estonian_voro/list.estonian_voro.attrib=lime_mpd=20_thresh=0.5_docnorm=F_tfidf=F.csv
0.37,0.56,0.005,0.005,0.005,0.005,0.005,200,../../lists/estonian_voro/list.estonian_voro.attrib=lime_mpd=20_thresh=0.5_docnorm=F_tfidf=T.csv
0.725,0.18,0.0,0.0,0.0,0.0,0.005,200,../../lists/estonian_voro/list.estonian_voro.attrib=lime_mpd=20_thresh=0.5_docnorm=T_tfidf=F.csv
0.735,0.17,0.0,0.0,0.0,0.0,0.005,200,../../lists/estonian_voro/list.estonian_voro.attrib=lime_mpd=20_thresh=0.5_docnorm=T_tfidf=T.csv
0.315,0.63,0.005,0.005,0.005,0.005,0.005,200,../../lists/estonian_voro/list.estonian_voro.attrib=lime_mpd=20_thresh=0.6_docnorm=F_tfidf=F.csv
0.37,0.56,0.005,0.005,0.005,0.005,0.005,200,../../lists/estonian_voro/list.estonian_voro.attrib=lime_mpd=20_thresh=0.6_docnorm=F_tfidf=T.csv
0.695,0.21,0.0,0.0,0.0,0.0,0.0,200,../../lists/estonian_voro/list.estonian_voro.attrib=lime_mpd=20_thresh=0.6_docnorm=T_tfidf=F.csv
0.69,0.235,0.0,0.0,0.0,0.0,0.0,200,../../lists/estonian_voro/list.estonian_voro.attrib=lime_mpd=20_thresh=0.6_docnorm=T_tfidf=T.csv
0.315,0.63,0.005,0.005,0.005,0.005,0.005,200,../../lists/estonian_voro/list.estonian_voro.attrib=lime_mpd=20_thresh=0.7_docnorm=F_tfidf=F.csv
0.37,0.56,0.005,0.005,0.005,0.005,0.005,200,../../lists/estonian_voro/list.estonian_voro.attrib=lime_mpd=20_thresh=0.7_docnorm=F_tfidf=T.csv
0.66,0.25,0.0,0.0,0.0,0.0,0.0,200,../../lists/estonian_voro/list.estonian_voro.attrib=lime_mpd=20_thresh=0.7_docnorm=T_tfidf=F.csv
0.675,0.255,0.0,0.0,0.0,0.0,0.0,200,../../lists/estonian_voro/list.estonian_voro.attrib=lime_mpd=20_thresh=0.7_docnorm=T_tfidf=T.csv
0.315,0.63,0.005,0.005,0.005,0.005,0.005,200,../../lists/estonian_voro/list.estonian_voro.attrib=lime_mpd=20_thresh=0.8_docnorm=F_tfidf=F.csv
0.36,0.57,0.005,0.005,0.005,0.005,0.005,200,../../lists/estonian_voro/list.estonian_voro.attrib=lime_mpd=20_thresh=0.8_docnorm=F_tfidf=T.csv
0.62,0.3,0.0,0.0,0.0,0.0,0.0,200,../../lists/estonian_voro/list.estonian_voro.attrib=lime_mpd=20_thresh=0.8_docnorm=T_tfidf=F.csv
0.635,0.3,0.0,0.0,0.0,0.0,0.0,200,../../lists/estonian_voro/list.estonian_voro.attrib=lime_mpd=20_thresh=0.8_docnorm=T_tfidf=T.csv
0.305,0.64,0.005,0.005,0.005,0.005,0.005,200,../../lists/estonian_voro/list.estonian_voro.attrib=lime_mpd=20_thresh=0.9_docnorm=F_tfidf=F.csv
0.36,0.57,0.005,0.005,0.005,0.005,0.005,200,../../lists/estonian_voro/list.estonian_voro.attrib=lime_mpd=20_thresh=0.9_docnorm=F_tfidf=T.csv
0.56,0.36,0.0,0.0,0.0,0.0,0.0,200,../../lists/estonian_voro/list.estonian_voro.attrib=lime_mpd=20_thresh=0.9_docnorm=T_tfidf=F.csv
0.585,0.345,0.0,0.0,0.0,0.0,0.0,200,../../lists/estonian_voro/list.estonian_voro.attrib=lime_mpd=20_thresh=0.9_docnorm=T_tfidf=T.csv
0.29,0.655,0.005,0.005,0.005,0.005,0.005,200,../../lists/estonian_voro/list.estonian_voro.attrib=lime_mpd=20_thresh=1.0_docnorm=F_tfidf=F.csv
0.315,0.615,0.005,0.005,0.005,0.005,0.005,200,../../lists/estonian_voro/list.estonian_voro.attrib=lime_mpd=20_thresh=1.0_docnorm=F_tfidf=T.csv
0.44,0.49,0.0,0.0,0.0,0.0,0.0,200,../../lists/estonian_voro/list.estonian_voro.attrib=lime_mpd=20_thresh=1.0_docnorm=T_tfidf=F.csv
0.455,0.485,0.0,0.0,0.0,0.0,0.0,200,../../lists/estonian_voro/list.estonian_voro.attrib=lime_mpd=20_thresh=1.0_docnorm=T_tfidf=T.csv
0.365,0.575,0.005,0.005,0.005,0.005,0.005,200,../../lists/estonian_voro/list.estonian_voro.attrib=lime_mpd=2_thresh=0.1_docnorm=F_tfidf=F.csv
0.39,0.525,0.005,0.01,0.02,0.02,0.02,200,../../lists/estonian_voro/list.estonian_voro.attrib=lime_mpd=2_thresh=0.1_docnorm=F_tfidf=T.csv
0.435,0.01,0.84,0.94,0.97,0.97,0.98,200,../../lists/estonian_voro/list.estonian_voro.attrib=lime_mpd=2_thresh=0.1_docnorm=T_tfidf=F.csv
0.47,0.01,0.85,0.95,0.98,0.985,0.99,200,../../lists/estonian_voro/list.estonian_voro.attrib=lime_mpd=2_thresh=0.1_docnorm=T_tfidf=T.csv
0.365,0.575,0.005,0.005,0.005,0.005,0.005,200,../../lists/estonian_voro/list.estonian_voro.attrib=lime_mpd=2_thresh=0.2_docnorm=F_tfidf=F.csv
0.39,0.525,0.005,0.01,0.02,0.02,0.02,200,../../lists/estonian_voro/list.estonian_voro.attrib=lime_mpd=2_thresh=0.2_docnorm=F_tfidf=T.csv
0.68,0.12,0.0,0.095,0.34,0.505,0.645,200,../../lists/estonian_voro/list.estonian_voro.attrib=lime_mpd=2_thresh=0.2_docnorm=T_tfidf=F.csv
0.71,0.105,0.0,0.095,0.32,0.48,0.68,200,../../lists/estonian_voro/list.estonian_voro.attrib=lime_mpd=2_thresh=0.2_docnorm=T_tfidf=T.csv
0.365,0.575,0.005,0.005,0.005,0.005,0.005,200,../../lists/estonian_voro/list.estonian_voro.attrib=lime_mpd=2_thresh=0.3_docnorm=F_tfidf=F.csv
0.395,0.53,0.005,0.005,0.005,0.005,0.005,200,../../lists/estonian_voro/list.estonian_voro.attrib=lime_mpd=2_thresh=0.3_docnorm=F_tfidf=T.csv
0.68,0.17,0.0,0.0,0.005,0.04,0.19,200,../../lists/estonian_voro/list.estonian_voro.attrib=lime_mpd=2_thresh=0.3_docnorm=T_tfidf=F.csv
0.715,0.14,0.0,0.0,0.005,0.045,0.21,200,../../lists/estonian_voro/list.estonian_voro.attrib=lime_mpd=2_thresh=0.3_docnorm=T_tfidf=T.csv
0.36,0.58,0.005,0.005,0.005,0.005,0.005,200,../../lists/estonian_voro/list.estonian_voro.attrib=lime_mpd=2_thresh=0.4_docnorm=F_tfidf=F.csv
0.39,0.535,0.005,0.005,0.005,0.005,0.005,200,../../lists/estonian_voro/list.estonian_voro.attrib=lime_mpd=2_thresh=0.4_docnorm=F_tfidf=T.csv
0.65,0.25,0.0,0.0,0.0,0.0,0.0,200,../../lists/estonian_voro/list.estonian_voro.attrib=lime_mpd=2_thresh=0.4_docnorm=T_tfidf=F.csv
0.695,0.21,0.0,0.0,0.0,0.0,0.01,200,../../lists/estonian_voro/list.estonian_voro.attrib=lime_mpd=2_thresh=0.4_docnorm=T_tfidf=T.csv
0.36,0.58,0.005,0.005,0.005,0.005,0.005,200,../../lists/estonian_voro/list.estonian_voro.attrib=lime_mpd=2_thresh=0.5_docnorm=F_tfidf=F.csv
0.39,0.535,0.005,0.005,0.005,0.005,0.005,200,../../lists/estonian_voro/list.estonian_voro.attrib=lime_mpd=2_thresh=0.5_docnorm=F_tfidf=T.csv
0.65,0.295,0.0,0.0,0.0,0.0,0.0,200,../../lists/estonian_voro/list.estonian_voro.attrib=lime_mpd=2_thresh=0.5_docnorm=T_tfidf=F.csv
0.685,0.245,0.0,0.0,0.0,0.0,0.0,200,../../lists/estonian_voro/list.estonian_voro.attrib=lime_mpd=2_thresh=0.5_docnorm=T_tfidf=T.csv
0.36,0.58,0.005,0.005,0.005,0.005,0.005,200,../../lists/estonian_voro/list.estonian_voro.attrib=lime_mpd=2_thresh=0.6_docnorm=F_tfidf=F.csv
0.385,0.54,0.005,0.005,0.005,0.005,0.005,200,../../lists/estonian_voro/list.estonian_voro.attrib=lime_mpd=2_thresh=0.6_docnorm=F_tfidf=T.csv
0.57,0.355,0.0,0.0,0.0,0.0,0.0,200,../../lists/estonian_voro/list.estonian_voro.attrib=lime_mpd=2_thresh=0.6_docnorm=T_tfidf=F.csv
0.61,0.315,0.0,0.0,0.0,0.0,0.0,200,../../lists/estonian_voro/list.estonian_voro.attrib=lime_mpd=2_thresh=0.6_docnorm=T_tfidf=T.csv
0.36,0.58,0.005,0.005,0.005,0.005,0.005,200,../../lists/estonian_voro/list.estonian_voro.attrib=lime_mpd=2_thresh=0.7_docnorm=F_tfidf=F.csv
0.375,0.55,0.005,0.005,0.005,0.005,0.005,200,../../lists/estonian_voro/list.estonian_voro.attrib=lime_mpd=2_thresh=0.7_docnorm=F_tfidf=T.csv
0.51,0.42,0.0,0.0,0.0,0.0,0.0,200,../../lists/estonian_voro/list.estonian_voro.attrib=lime_mpd=2_thresh=0.7_docnorm=T_tfidf=F.csv
0.595,0.34,0.0,0.0,0.0,0.0,0.0,200,../../lists/estonian_voro/list.estonian_voro.attrib=lime_mpd=2_thresh=0.7_docnorm=T_tfidf=T.csv
0.36,0.58,0.005,0.005,0.005,0.005,0.005,200,../../lists/estonian_voro/list.estonian_voro.attrib=lime_mpd=2_thresh=0.8_docnorm=F_tfidf=F.csv
0.365,0.555,0.005,0.005,0.005,0.005,0.005,200,../../lists/estonian_voro/list.estonian_voro.attrib=lime_mpd=2_thresh=0.8_docnorm=F_tfidf=T.csv
0.445,0.485,0.0,0.0,0.0,0.0,0.0,200,../../lists/estonian_voro/list.estonian_voro.attrib=lime_mpd=2_thresh=0.8_docnorm=T_tfidf=F.csv
0.49,0.445,0.0,0.0,0.0,0.0,0.0,200,../../lists/estonian_voro/list.estonian_voro.attrib=lime_mpd=2_thresh=0.8_docnorm=T_tfidf=T.csv
0.34,0.6,0.005,0.005,0.005,0.005,0.005,200,../../lists/estonian_voro/list.estonian_voro.attrib=lime_mpd=2_thresh=0.9_docnorm=F_tfidf=F.csv
0.365,0.555,0.005,0.005,0.005,0.005,0.005,200,../../lists/estonian_voro/list.estonian_voro.attrib=lime_mpd=2_thresh=0.9_docnorm=F_tfidf=T.csv
0.445,0.495,0.0,0.0,0.0,0.0,0.0,200,../../lists/estonian_voro/list.estonian_voro.attrib=lime_mpd=2_thresh=0.9_docnorm=T_tfidf=F.csv
0.475,0.465,0.0,0.0,0.0,0.0,0.0,200,../../lists/estonian_voro/list.estonian_voro.attrib=lime_mpd=2_thresh=0.9_docnorm=T_tfidf=T.csv
0.296875,0.640625,0.0078125,0.0078125,0.0078125,0.0078125,0.0078125,128,../../lists/estonian_voro/list.estonian_voro.attrib=lime_mpd=2_thresh=1.0_docnorm=F_tfidf=F.csv
0.296875,0.640625,0.0078125,0.0078125,0.0078125,0.0078125,0.0078125,128,../../lists/estonian_voro/list.estonian_voro.attrib=lime_mpd=2_thresh=1.0_docnorm=F_tfidf=T.csv
0.296875,0.640625,0.0078125,0.0078125,0.0078125,0.0078125,0.0078125,128,../../lists/estonian_voro/list.estonian_voro.attrib=lime_mpd=2_thresh=1.0_docnorm=T_tfidf=F.csv
0.296875,0.640625,0.0078125,0.0078125,0.0078125,0.0078125,0.0078125,128,../../lists/estonian_voro/list.estonian_voro.attrib=lime_mpd=2_thresh=1.0_docnorm=T_tfidf=T.csv
0.34,0.6,0.005,0.005,0.005,0.005,0.005,200,../../lists/estonian_voro/list.estonian_voro.attrib=lime_mpd=3_thresh=0.1_docnorm=F_tfidf=F.csv
0.38,0.535,0.005,0.01,0.02,0.02,0.02,200,../../lists/estonian_voro/list.estonian_voro.attrib=lime_mpd=3_thresh=0.1_docnorm=F_tfidf=T.csv
0.43,0.01,0.86,0.95,0.975,0.975,0.985,200,../../lists/estonian_voro/list.estonian_voro.attrib=lime_mpd=3_thresh=0.1_docnorm=T_tfidf=F.csv
0.465,0.005,0.88,0.955,0.985,0.99,0.995,200,../../lists/estonian_voro/list.estonian_voro.attrib=lime_mpd=3_thresh=0.1_docnorm=T_tfidf=T.csv
0.34,0.6,0.005,0.005,0.005,0.005,0.005,200,../../lists/estonian_voro/list.estonian_voro.attrib=lime_mpd=3_thresh=0.2_docnorm=F_tfidf=F.csv
0.38,0.535,0.005,0.01,0.02,0.02,0.02,200,../../lists/estonian_voro/list.estonian_voro.attrib=lime_mpd=3_thresh=0.2_docnorm=F_tfidf=T.csv
0.665,0.11,0.0,0.165,0.465,0.645,0.765,200,../../lists/estonian_voro/list.estonian_voro.attrib=lime_mpd=3_thresh=0.2_docnorm=T_tfidf=F.csv
0.67,0.115,0.0,0.155,0.455,0.62,0.775,200,../../lists/estonian_voro/list.estonian_voro.attrib=lime_mpd=3_thresh=0.2_docnorm=T_tfidf=T.csv
0.34,0.6,0.005,0.005,0.005,0.005,0.005,200,../../lists/estonian_voro/list.estonian_voro.attrib=lime_mpd=3_thresh=0.3_docnorm=F_tfidf=F.csv
0.39,0.535,0.005,0.005,0.005,0.005,0.005,200,../../lists/estonian_voro/list.estonian_voro.attrib=lime_mpd=3_thresh=0.3_docnorm=F_tfidf=T.csv
0.665,0.185,0.0,0.0,0.01,0.1,0.265,200,../../lists/estonian_voro/list.estonian_voro.attrib=lime_mpd=3_thresh=0.3_docnorm=T_tfidf=F.csv
0.705,0.17,0.0,0.0,0.01,0.115,0.3,200,../../lists/estonian_voro/list.estonian_voro.attrib=lime_mpd=3_thresh=0.3_docnorm=T_tfidf=T.csv
0.34,0.6,0.005,0.005,0.005,0.005,0.005,200,../../lists/estonian_voro/list.estonian_voro.attrib=lime_mpd=3_thresh=0.4_docnorm=F_tfidf=F.csv
0.39,0.535,0.005,0.005,0.005,0.005,0.005,200,../../lists/estonian_voro/list.estonian_voro.attrib=lime_mpd=3_thresh=0.4_docnorm=F_tfidf=T.csv
0.665,0.225,0.0,0.0,0.0,0.0,0.04,200,../../lists/estonian_voro/list.estonian_voro.attrib=lime_mpd=3_thresh=0.4_docnorm=T_tfidf=F.csv
0.7,0.19,0.0,0.0,0.0,0.0,0.045,200,../../lists/estonian_voro/list.estonian_voro.attrib=lime_mpd=3_thresh=0.4_docnorm=T_tfidf=T.csv
0.34,0.6,0.005,0.005,0.005,0.005,0.005,200,../../lists/estonian_voro/list.estonian_voro.attrib=lime_mpd=3_thresh=0.5_docnorm=F_tfidf=F.csv
0.38,0.545,0.005,0.005,0.005,0.005,0.005,200,../../lists/estonian_voro/list.estonian_voro.attrib=lime_mpd=3_thresh=0.5_docnorm=F_tfidf=T.csv
0.64,0.27,0.0,0.0,0.0,0.0,0.0,200,../../lists/estonian_voro/list.estonian_voro.attrib=lime_mpd=3_thresh=0.5_docnorm=T_tfidf=F.csv
0.65,0.265,0.0,0.0,0.0,0.0,0.0,200,../../lists/estonian_voro/list.estonian_voro.attrib=lime_mpd=3_thresh=0.5_docnorm=T_tfidf=T.csv
0.34,0.6,0.005,0.005,0.005,0.005,0.005,200,../../lists/estonian_voro/list.estonian_voro.attrib=lime_mpd=3_thresh=0.6_docnorm=F_tfidf=F.csv
0.38,0.545,0.005,0.005,0.005,0.005,0.005,200,../../lists/estonian_voro/list.estonian_voro.attrib=lime_mpd=3_thresh=0.6_docnorm=F_tfidf=T.csv
0.6,0.33,0.0,0.0,0.0,0.0,0.0,200,../../lists/estonian_voro/list.estonian_voro.attrib=lime_mpd=3_thresh=0.6_docnorm=T_tfidf=F.csv
0.635,0.285,0.0,0.0,0.0,0.0,0.0,200,../../lists/estonian_voro/list.estonian_voro.attrib=lime_mpd=3_thresh=0.6_docnorm=T_tfidf=T.csv
0.34,0.6,0.005,0.005,0.005,0.005,0.005,200,../../lists/estonian_voro/list.estonian_voro.attrib=lime_mpd=3_thresh=0.7_docnorm=F_tfidf=F.csv
0.375,0.55,0.005,0.005,0.005,0.005,0.005,200,../../lists/estonian_voro/list.estonian_voro.attrib=lime_mpd=3_thresh=0.7_docnorm=F_tfidf=T.csv
0.585,0.345,0.0,0.0,0.0,0.0,0.0,200,../../lists/estonian_voro/list.estonian_voro.attrib=lime_mpd=3_thresh=0.7_docnorm=T_tfidf=F.csv
0.625,0.305,0.0,0.0,0.0,0.0,0.0,200,../../lists/estonian_voro/list.estonian_voro.attrib=lime_mpd=3_thresh=0.7_docnorm=T_tfidf=T.csv
0.34,0.6,0.005,0.005,0.005,0.005,0.005,200,../../lists/estonian_voro/list.estonian_voro.attrib=lime_mpd=3_thresh=0.8_docnorm=F_tfidf=F.csv
0.36,0.565,0.005,0.005,0.005,0.005,0.005,200,../../lists/estonian_voro/list.estonian_voro.attrib=lime_mpd=3_thresh=0.8_docnorm=F_tfidf=T.csv
0.49,0.44,0.0,0.0,0.0,0.0,0.0,200,../../lists/estonian_voro/list.estonian_voro.attrib=lime_mpd=3_thresh=0.8_docnorm=T_tfidf=F.csv
0.565,0.365,0.0,0.0,0.0,0.0,0.0,200,../../lists/estonian_voro/list.estonian_voro.attrib=lime_mpd=3_thresh=0.8_docnorm=T_tfidf=T.csv
0.335,0.605,0.005,0.005,0.005,0.005,0.005,200,../../lists/estonian_voro/list.estonian_voro.attrib=lime_mpd=3_thresh=0.9_docnorm=F_tfidf=F.csv
0.35,0.575,0.005,0.005,0.005,0.005,0.005,200,../../lists/estonian_voro/list.estonian_voro.attrib=lime_mpd=3_thresh=0.9_docnorm=F_tfidf=T.csv
0.435,0.495,0.0,0.0,0.0,0.0,0.0,200,../../lists/estonian_voro/list.estonian_voro.attrib=lime_mpd=3_thresh=0.9_docnorm=T_tfidf=F.csv
0.485,0.445,0.0,0.0,0.0,0.0,0.0,200,../../lists/estonian_voro/list.estonian_voro.attrib=lime_mpd=3_thresh=0.9_docnorm=T_tfidf=T.csv
0.27461139896373055,0.6683937823834197,0.0051813471502590676,0.0051813471502590676,0.0051813471502590676,0.0051813471502590676,0.0051813471502590676,193,../../lists/estonian_voro/list.estonian_voro.attrib=lime_mpd=3_thresh=1.0_docnorm=F_tfidf=F.csv
0.2864583333333333,0.6510416666666666,0.005208333333333333,0.005208333333333333,0.005208333333333333,0.005208333333333333,0.005208333333333333,192,../../lists/estonian_voro/list.estonian_voro.attrib=lime_mpd=3_thresh=1.0_docnorm=F_tfidf=T.csv
0.32642487046632124,0.6269430051813472,0.0,0.0,0.0,0.0,0.0,193,../../lists/estonian_voro/list.estonian_voro.attrib=lime_mpd=3_thresh=1.0_docnorm=T_tfidf=F.csv
0.3333333333333333,0.625,0.0,0.0,0.0,0.0,0.0,192,../../lists/estonian_voro/list.estonian_voro.attrib=lime_mpd=3_thresh=1.0_docnorm=T_tfidf=T.csv
0.33,0.61,0.005,0.005,0.005,0.005,0.005,200,../../lists/estonian_voro/list.estonian_voro.attrib=lime_mpd=4_thresh=0.1_docnorm=F_tfidf=F.csv
0.375,0.545,0.005,0.005,0.015,0.015,0.015,200,../../lists/estonian_voro/list.estonian_voro.attrib=lime_mpd=4_thresh=0.1_docnorm=F_tfidf=T.csv
0.42,0.01,0.88,0.97,0.985,0.985,0.99,200,../../lists/estonian_voro/list.estonian_voro.attrib=lime_mpd=4_thresh=0.1_docnorm=T_tfidf=F.csv
0.455,0.005,0.895,0.955,0.985,0.99,0.995,200,../../lists/estonian_voro/list.estonian_voro.attrib=lime_mpd=4_thresh=0.1_docnorm=T_tfidf=T.csv
0.33,0.61,0.005,0.005,0.005,0.005,0.005,200,../../lists/estonian_voro/list.estonian_voro.attrib=lime_mpd=4_thresh=0.2_docnorm=F_tfidf=F.csv
0.375,0.545,0.005,0.005,0.015,0.015,0.015,200,../../lists/estonian_voro/list.estonian_voro.attrib=lime_mpd=4_thresh=0.2_docnorm=F_tfidf=T.csv
0.67,0.09,0.0,0.2,0.52,0.675,0.805,200,../../lists/estonian_voro/list.estonian_voro.attrib=lime_mpd=4_thresh=0.2_docnorm=T_tfidf=F.csv
0.69,0.095,0.0,0.215,0.515,0.66,0.815,200,../../lists/estonian_voro/list.estonian_voro.attrib=lime_mpd=4_thresh=0.2_docnorm=T_tfidf=T.csv
0.33,0.61,0.005,0.005,0.005,0.005,0.005,200,../../lists/estonian_voro/list.estonian_voro.attrib=lime_mpd=4_thresh=0.3_docnorm=F_tfidf=F.csv
0.375,0.555,0.005,0.005,0.005,0.005,0.005,200,../../lists/estonian_voro/list.estonian_voro.attrib=lime_mpd=4_thresh=0.3_docnorm=F_tfidf=T.csv
0.71,0.13,0.0,0.0,0.015,0.14,0.325,200,../../lists/estonian_voro/list.estonian_voro.attrib=lime_mpd=4_thresh=0.3_docnorm=T_tfidf=F.csv
0.755,0.11,0.0,0.0,0.015,0.15,0.37,200,../../lists/estonian_voro/list.estonian_voro.attrib=lime_mpd=4_thresh=0.3_docnorm=T_tfidf=T.csv
0.33,0.61,0.005,0.005,0.005,0.005,0.005,200,../../lists/estonian_voro/list.estonian_voro.attrib=lime_mpd=4_thresh=0.4_docnorm=F_tfidf=F.csv
0.375,0.555,0.005,0.005,0.005,0.005,0.005,200,../../lists/estonian_voro/list.estonian_voro.attrib=lime_mpd=4_thresh=0.4_docnorm=F_tfidf=T.csv
0.685,0.175,0.0,0.0,0.0,0.0,0.085,200,../../lists/estonian_voro/list.estonian_voro.attrib=lime_mpd=4_thresh=0.4_docnorm=T_tfidf=F.csv
0.7,0.17,0.0,0.0,0.0,0.0,0.095,200,../../lists/estonian_voro/list.estonian_voro.attrib=lime_mpd=4_thresh=0.4_docnorm=T_tfidf=T.csv
0.325,0.615,0.005,0.005,0.005,0.005,0.005,200,../../lists/estonian_voro/list.estonian_voro.attrib=lime_mpd=4_thresh=0.5_docnorm=F_tfidf=F.csv
0.375,0.555,0.005,0.005,0.005,0.005,0.005,200,../../lists/estonian_voro/list.estonian_voro.attrib=lime_mpd=4_thresh=0.5_docnorm=F_tfidf=T.csv
0.665,0.235,0.0,0.0,0.0,0.0,0.005,200,../../lists/estonian_voro/list.estonian_voro.attrib=lime_mpd=4_thresh=0.5_docnorm=T_tfidf=F.csv
0.7,0.22,0.0,0.0,0.0,0.0,0.005,200,../../lists/estonian_voro/list.estonian_voro.attrib=lime_mpd=4_thresh=0.5_docnorm=T_tfidf=T.csv
0.325,0.615,0.005,0.005,0.005,0.005,0.005,200,../../lists/estonian_voro/list.estonian_voro.attrib=lime_mpd=4_thresh=0.6_docnorm=F_tfidf=F.csv
0.375,0.555,0.005,0.005,0.005,0.005,0.005,200,../../lists/estonian_voro/list.estonian_voro.attrib=lime_mpd=4_thresh=0.6_docnorm=F_tfidf=T.csv
0.665,0.26,0.0,0.0,0.0,0.0,0.0,200,../../lists/estonian_voro/list.estonian_voro.attrib=lime_mpd=4_thresh=0.6_docnorm=T_tfidf=F.csv
0.68,0.24,0.0,0.0,0.0,0.0,0.0,200,../../lists/estonian_voro/list.estonian_voro.attrib=lime_mpd=4_thresh=0.6_docnorm=T_tfidf=T.csv
0.325,0.615,0.005,0.005,0.005,0.005,0.005,200,../../lists/estonian_voro/list.estonian_voro.attrib=lime_mpd=4_thresh=0.7_docnorm=F_tfidf=F.csv
0.375,0.555,0.005,0.005,0.005,0.005,0.005,200,../../lists/estonian_voro/list.estonian_voro.attrib=lime_mpd=4_thresh=0.7_docnorm=F_tfidf=T.csv
0.6,0.315,0.0,0.0,0.0,0.0,0.0,200,../../lists/estonian_voro/list.estonian_voro.attrib=lime_mpd=4_thresh=0.7_docnorm=T_tfidf=F.csv
0.65,0.28,0.0,0.0,0.0,0.0,0.0,200,../../lists/estonian_voro/list.estonian_voro.attrib=lime_mpd=4_thresh=0.7_docnorm=T_tfidf=T.csv
0.32,0.62,0.005,0.005,0.005,0.005,0.005,200,../../lists/estonian_voro/list.estonian_voro.attrib=lime_mpd=4_thresh=0.8_docnorm=F_tfidf=F.csv
0.355,0.575,0.005,0.005,0.005,0.005,0.005,200,../../lists/estonian_voro/list.estonian_voro.attrib=lime_mpd=4_thresh=0.8_docnorm=F_tfidf=T.csv
0.56,0.365,0.0,0.0,0.0,0.0,0.0,200,../../lists/estonian_voro/list.estonian_voro.attrib=lime_mpd=4_thresh=0.8_docnorm=T_tfidf=F.csv
0.6,0.335,0.0,0.0,0.0,0.0,0.0,200,../../lists/estonian_voro/list.estonian_voro.attrib=lime_mpd=4_thresh=0.8_docnorm=T_tfidf=T.csv
0.32,0.62,0.005,0.005,0.005,0.005,0.005,200,../../lists/estonian_voro/list.estonian_voro.attrib=lime_mpd=4_thresh=0.9_docnorm=F_tfidf=F.csv
0.345,0.585,0.005,0.005,0.005,0.005,0.005,200,../../lists/estonian_voro/list.estonian_voro.attrib=lime_mpd=4_thresh=0.9_docnorm=F_tfidf=T.csv
0.48,0.45,0.0,0.0,0.0,0.0,0.0,200,../../lists/estonian_voro/list.estonian_voro.attrib=lime_mpd=4_thresh=0.9_docnorm=T_tfidf=F.csv
0.525,0.405,0.0,0.0,0.0,0.0,0.0,200,../../lists/estonian_voro/list.estonian_voro.attrib=lime_mpd=4_thresh=0.9_docnorm=T_tfidf=T.csv
0.275,0.67,0.005,0.005,0.005,0.005,0.005,200,../../lists/estonian_voro/list.estonian_voro.attrib=lime_mpd=4_thresh=1.0_docnorm=F_tfidf=F.csv
0.295,0.635,0.005,0.005,0.005,0.005,0.005,200,../../lists/estonian_voro/list.estonian_voro.attrib=lime_mpd=4_thresh=1.0_docnorm=F_tfidf=T.csv
0.335,0.61,0.0,0.0,0.0,0.0,0.0,200,../../lists/estonian_voro/list.estonian_voro.attrib=lime_mpd=4_thresh=1.0_docnorm=T_tfidf=F.csv
0.355,0.595,0.0,0.0,0.0,0.0,0.0,200,../../lists/estonian_voro/list.estonian_voro.attrib=lime_mpd=4_thresh=1.0_docnorm=T_tfidf=T.csv
0.325,0.615,0.005,0.005,0.005,0.005,0.005,200,../../lists/estonian_voro/list.estonian_voro.attrib=lime_mpd=5_thresh=0.1_docnorm=F_tfidf=F.csv
0.375,0.545,0.005,0.005,0.015,0.015,0.015,200,../../lists/estonian_voro/list.estonian_voro.attrib=lime_mpd=5_thresh=0.1_docnorm=F_tfidf=T.csv
0.425,0.01,0.885,0.975,0.99,0.99,0.995,200,../../lists/estonian_voro/list.estonian_voro.attrib=lime_mpd=5_thresh=0.1_docnorm=T_tfidf=F.csv
0.45,0.01,0.9,0.96,0.985,0.99,0.99,200,../../lists/estonian_voro/list.estonian_voro.attrib=lime_mpd=5_thresh=0.1_docnorm=T_tfidf=T.csv
0.325,0.615,0.005,0.005,0.005,0.005,0.005,200,../../lists/estonian_voro/list.estonian_voro.attrib=lime_mpd=5_thresh=0.2_docnorm=F_tfidf=F.csv
0.375,0.545,0.005,0.005,0.015,0.015,0.015,200,../../lists/estonian_voro/list.estonian_voro.attrib=lime_mpd=5_thresh=0.2_docnorm=F_tfidf=T.csv
0.64,0.08,0.0,0.205,0.55,0.715,0.835,200,../../lists/estonian_voro/list.estonian_voro.attrib=lime_mpd=5_thresh=0.2_docnorm=T_tfidf=F.csv
0.68,0.095,0.0,0.22,0.555,0.71,0.85,200,../../lists/estonian_voro/list.estonian_voro.attrib=lime_mpd=5_thresh=0.2_docnorm=T_tfidf=T.csv
0.325,0.615,0.005,0.005,0.005,0.005,0.005,200,../../lists/estonian_voro/list.estonian_voro.attrib=lime_mpd=5_thresh=0.3_docnorm=F_tfidf=F.csv
0.375,0.555,0.005,0.005,0.005,0.005,0.005,200,../../lists/estonian_voro/list.estonian_voro.attrib=lime_mpd=5_thresh=0.3_docnorm=F_tfidf=T.csv
0.73,0.12,0.0,0.0,0.02,0.19,0.38,200,../../lists/estonian_voro/list.estonian_voro.attrib=lime_mpd=5_thresh=0.3_docnorm=T_tfidf=F.csv
0.765,0.11,0.0,0.0,0.015,0.18,0.41,200,../../lists/estonian_voro/list.estonian_voro.attrib=lime_mpd=5_thresh=0.3_docnorm=T_tfidf=T.csv
0.325,0.615,0.005,0.005,0.005,0.005,0.005,200,../../lists/estonian_voro/list.estonian_voro.attrib=lime_mpd=5_thresh=0.4_docnorm=F_tfidf=F.csv
0.375,0.555,0.005,0.005,0.005,0.005,0.005,200,../../lists/estonian_voro/list.estonian_voro.attrib=lime_mpd=5_thresh=0.4_docnorm=F_tfidf=T.csv
0.705,0.155,0.0,0.0,0.0,0.0,0.11,200,../../lists/estonian_voro/list.estonian_voro.attrib=lime_mpd=5_thresh=0.4_docnorm=T_tfidf=F.csv
0.715,0.15,0.0,0.0,0.0,0.0,0.12,200,../../lists/estonian_voro/list.estonian_voro.attrib=lime_mpd=5_thresh=0.4_docnorm=T_tfidf=T.csv
0.32,0.62,0.005,0.005,0.005,0.005,0.005,200,../../lists/estonian_voro/list.estonian_voro.attrib=lime_mpd=5_thresh=0.5_docnorm=F_tfidf=F.csv
0.37,0.56,0.005,0.005,0.005,0.005,0.005,200,../../lists/estonian_voro/list.estonian_voro.attrib=lime_mpd=5_thresh=0.5_docnorm=F_tfidf=T.csv
0.67,0.23,0.0,0.0,0.0,0.0,0.005,200,../../lists/estonian_voro/list.estonian_voro.attrib=lime_mpd=5_thresh=0.5_docnorm=T_tfidf=F.csv
0.685,0.225,0.0,0.0,0.0,0.0,0.005,200,../../lists/estonian_voro/list.estonian_voro.attrib=lime_mpd=5_thresh=0.5_docnorm=T_tfidf=T.csv
0.32,0.62,0.005,0.005,0.005,0.005,0.005,200,../../lists/estonian_voro/list.estonian_voro.attrib=lime_mpd=5_thresh=0.6_docnorm=F_tfidf=F.csv
0.37,0.56,0.005,0.005,0.005,0.005,0.005,200,../../lists/estonian_voro/list.estonian_voro.attrib=lime_mpd=5_thresh=0.6_docnorm=F_tfidf=T.csv
0.68,0.23,0.0,0.0,0.0,0.0,0.0,200,../../lists/estonian_voro/list.estonian_voro.attrib=lime_mpd=5_thresh=0.6_docnorm=T_tfidf=F.csv
0.665,0.25,0.0,0.0,0.0,0.0,0.0,200,../../lists/estonian_voro/list.estonian_voro.attrib=lime_mpd=5_thresh=0.6_docnorm=T_tfidf=T.csv
0.32,0.62,0.005,0.005,0.005,0.005,0.005,200,../../lists/estonian_voro/list.estonian_voro.attrib=lime_mpd=5_thresh=0.7_docnorm=F_tfidf=F.csv
0.375,0.555,0.005,0.005,0.005,0.005,0.005,200,../../lists/estonian_voro/list.estonian_voro.attrib=lime_mpd=5_thresh=0.7_docnorm=F_tfidf=T.csv
0.645,0.265,0.0,0.0,0.0,0.0,0.0,200,../../lists/estonian_voro/list.estonian_voro.attrib=lime_mpd=5_thresh=0.7_docnorm=T_tfidf=F.csv
0.675,0.25,0.0,0.0,0.0,0.0,0.0,200,../../lists/estonian_voro/list.estonian_voro.attrib=lime_mpd=5_thresh=0.7_docnorm=T_tfidf=T.csv
0.31,0.63,0.005,0.005,0.005,0.005,0.005,200,../../lists/estonian_voro/list.estonian_voro.attrib=lime_mpd=5_thresh=0.8_docnorm=F_tfidf=F.csv
0.355,0.575,0.005,0.005,0.005,0.005,0.005,200,../../lists/estonian_voro/list.estonian_voro.attrib=lime_mpd=5_thresh=0.8_docnorm=F_tfidf=T.csv
0.56,0.345,0.0,0.0,0.0,0.0,0.0,200,../../lists/estonian_voro/list.estonian_voro.attrib=lime_mpd=5_thresh=0.8_docnorm=T_tfidf=F.csv
0.585,0.33,0.0,0.0,0.0,0.0,0.0,200,../../lists/estonian_voro/list.estonian_voro.attrib=lime_mpd=5_thresh=0.8_docnorm=T_tfidf=T.csv
0.31,0.63,0.005,0.005,0.005,0.005,0.005,200,../../lists/estonian_voro/list.estonian_voro.attrib=lime_mpd=5_thresh=0.9_docnorm=F_tfidf=F.csv
0.355,0.575,0.005,0.005,0.005,0.005,0.005,200,../../lists/estonian_voro/list.estonian_voro.attrib=lime_mpd=5_thresh=0.9_docnorm=F_tfidf=T.csv
0.5,0.43,0.0,0.0,0.0,0.0,0.0,200,../../lists/estonian_voro/list.estonian_voro.attrib=lime_mpd=5_thresh=0.9_docnorm=T_tfidf=F.csv
0.545,0.375,0.0,0.0,0.0,0.0,0.0,200,../../lists/estonian_voro/list.estonian_voro.attrib=lime_mpd=5_thresh=0.9_docnorm=T_tfidf=T.csv
0.27,0.675,0.005,0.005,0.005,0.005,0.005,200,../../lists/estonian_voro/list.estonian_voro.attrib=lime_mpd=5_thresh=1.0_docnorm=F_tfidf=F.csv
0.29,0.64,0.005,0.005,0.005,0.005,0.005,200,../../lists/estonian_voro/list.estonian_voro.attrib=lime_mpd=5_thresh=1.0_docnorm=F_tfidf=T.csv
0.36,0.58,0.0,0.0,0.0,0.0,0.0,200,../../lists/estonian_voro/list.estonian_voro.attrib=lime_mpd=5_thresh=1.0_docnorm=T_tfidf=F.csv
0.38,0.57,0.0,0.0,0.0,0.0,0.0,200,../../lists/estonian_voro/list.estonian_voro.attrib=lime_mpd=5_thresh=1.0_docnorm=T_tfidf=T.csv
0.325,0.615,0.005,0.005,0.005,0.005,0.005,200,../../lists/estonian_voro/list.estonian_voro.attrib=lime_mpd=6_thresh=0.1_docnorm=F_tfidf=F.csv
0.37,0.55,0.005,0.005,0.015,0.015,0.015,200,../../lists/estonian_voro/list.estonian_voro.attrib=lime_mpd=6_thresh=0.1_docnorm=F_tfidf=T.csv
0.43,0.01,0.89,0.975,0.99,0.99,0.995,200,../../lists/estonian_voro/list.estonian_voro.attrib=lime_mpd=6_thresh=0.1_docnorm=T_tfidf=F.csv
0.455,0.005,0.905,0.965,0.99,0.995,0.995,200,../../lists/estonian_voro/list.estonian_voro.attrib=lime_mpd=6_thresh=0.1_docnorm=T_tfidf=T.csv
0.325,0.615,0.005,0.005,0.005,0.005,0.005,200,../../lists/estonian_voro/list.estonian_voro.attrib=lime_mpd=6_thresh=0.2_docnorm=F_tfidf=F.csv
0.37,0.55,0.005,0.005,0.015,0.015,0.015,200,../../lists/estonian_voro/list.estonian_voro.attrib=lime_mpd=6_thresh=0.2_docnorm=F_tfidf=T.csv
0.66,0.07,0.0,0.23,0.575,0.74,0.86,200,../../lists/estonian_voro/list.estonian_voro.attrib=lime_mpd=6_thresh=0.2_docnorm=T_tfidf=F.csv
0.685,0.08,0.0,0.23,0.57,0.73,0.87,200,../../lists/estonian_voro/list.estonian_voro.attrib=lime_mpd=6_thresh=0.2_docnorm=T_tfidf=T.csv
0.325,0.615,0.005,0.005,0.005,0.005,0.005,200,../../lists/estonian_voro/list.estonian_voro.attrib=lime_mpd=6_thresh=0.3_docnorm=F_tfidf=F.csv
0.375,0.555,0.005,0.005,0.005,0.005,0.005,200,../../lists/estonian_voro/list.estonian_voro.attrib=lime_mpd=6_thresh=0.3_docnorm=F_tfidf=T.csv
0.73,0.11,0.0,0.0,0.02,0.21,0.41,200,../../lists/estonian_voro/list.estonian_voro.attrib=lime_mpd=6_thresh=0.3_docnorm=T_tfidf=F.csv
0.765,0.105,0.0,0.0,0.015,0.21,0.445,200,../../lists/estonian_voro/list.estonian_voro.attrib=lime_mpd=6_thresh=0.3_docnorm=T_tfidf=T.csv
0.325,0.615,0.005,0.005,0.005,0.005,0.005,200,../../lists/estonian_voro/list.estonian_voro.attrib=lime_mpd=6_thresh=0.4_docnorm=F_tfidf=F.csv
0.375,0.555,0.005,0.005,0.005,0.005,0.005,200,../../lists/estonian_voro/list.estonian_voro.attrib=lime_mpd=6_thresh=0.4_docnorm=F_tfidf=T.csv
0.71,0.14,0.0,0.0,0.0,0.0,0.125,200,../../lists/estonian_voro/list.estonian_voro.attrib=lime_mpd=6_thresh=0.4_docnorm=T_tfidf=F.csv
0.72,0.15,0.0,0.0,0.0,0.0,0.135,200,../../lists/estonian_voro/list.estonian_voro.attrib=lime_mpd=6_thresh=0.4_docnorm=T_tfidf=T.csv
0.32,0.62,0.005,0.005,0.005,0.005,0.005,200,../../lists/estonian_voro/list.estonian_voro.attrib=lime_mpd=6_thresh=0.5_docnorm=F_tfidf=F.csv
0.37,0.56,0.005,0.005,0.005,0.005,0.005,200,../../lists/estonian_voro/list.estonian_voro.attrib=lime_mpd=6_thresh=0.5_docnorm=F_tfidf=T.csv
0.68,0.215,0.0,0.0,0.0,0.0,0.005,200,../../lists/estonian_voro/list.estonian_voro.attrib=lime_mpd=6_thresh=0.5_docnorm=T_tfidf=F.csv
0.7,0.195,0.0,0.0,0.0,0.0,0.005,200,../../lists/estonian_voro/list.estonian_voro.attrib=lime_mpd=6_thresh=0.5_docnorm=T_tfidf=T.csv
0.32,0.62,0.005,0.005,0.005,0.005,0.005,200,../../lists/estonian_voro/list.estonian_voro.attrib=lime_mpd=6_thresh=0.6_docnorm=F_tfidf=F.csv
0.37,0.56,0.005,0.005,0.005,0.005,0.005,200,../../lists/estonian_voro/list.estonian_voro.attrib=lime_mpd=6_thresh=0.6_docnorm=F_tfidf=T.csv
0.705,0.22,0.0,0.0,0.0,0.0,0.0,200,../../lists/estonian_voro/list.estonian_voro.attrib=lime_mpd=6_thresh=0.6_docnorm=T_tfidf=F.csv
0.695,0.235,0.0,0.0,0.0,0.0,0.0,200,../../lists/estonian_voro/list.estonian_voro.attrib=lime_mpd=6_thresh=0.6_docnorm=T_tfidf=T.csv
0.32,0.62,0.005,0.005,0.005,0.005,0.005,200,../../lists/estonian_voro/list.estonian_voro.attrib=lime_mpd=6_thresh=0.7_docnorm=F_tfidf=F.csv
0.375,0.555,0.005,0.005,0.005,0.005,0.005,200,../../lists/estonian_voro/list.estonian_voro.attrib=lime_mpd=6_thresh=0.7_docnorm=F_tfidf=T.csv
0.645,0.26,0.0,0.0,0.0,0.0,0.0,200,../../lists/estonian_voro/list.estonian_voro.attrib=lime_mpd=6_thresh=0.7_docnorm=T_tfidf=F.csv
0.67,0.255,0.0,0.0,0.0,0.0,0.0,200,../../lists/estonian_voro/list.estonian_voro.attrib=lime_mpd=6_thresh=0.7_docnorm=T_tfidf=T.csv
0.315,0.625,0.005,0.005,0.005,0.005,0.005,200,../../lists/estonian_voro/list.estonian_voro.attrib=lime_mpd=6_thresh=0.8_docnorm=F_tfidf=F.csv
0.36,0.57,0.005,0.005,0.005,0.005,0.005,200,../../lists/estonian_voro/list.estonian_voro.attrib=lime_mpd=6_thresh=0.8_docnorm=F_tfidf=T.csv
0.57,0.335,0.0,0.0,0.0,0.0,0.0,200,../../lists/estonian_voro/list.estonian_voro.attrib=lime_mpd=6_thresh=0.8_docnorm=T_tfidf=F.csv
0.6,0.31,0.0,0.0,0.0,0.0,0.0,200,../../lists/estonian_voro/list.estonian_voro.attrib=lime_mpd=6_thresh=0.8_docnorm=T_tfidf=T.csv
0.31,0.63,0.005,0.005,0.005,0.005,0.005,200,../../lists/estonian_voro/list.estonian_voro.attrib=lime_mpd=6_thresh=0.9_docnorm=F_tfidf=F.csv
0.36,0.57,0.005,0.005,0.005,0.005,0.005,200,../../lists/estonian_voro/list.estonian_voro.attrib=lime_mpd=6_thresh=0.9_docnorm=F_tfidf=T.csv
0.52,0.405,0.0,0.0,0.0,0.0,0.0,200,../../lists/estonian_voro/list.estonian_voro.attrib=lime_mpd=6_thresh=0.9_docnorm=T_tfidf=F.csv
0.545,0.38,0.0,0.0,0.0,0.0,0.0,200,../../lists/estonian_voro/list.estonian_voro.attrib=lime_mpd=6_thresh=0.9_docnorm=T_tfidf=T.csv
0.28,0.665,0.005,0.005,0.005,0.005,0.005,200,../../lists/estonian_voro/list.estonian_voro.attrib=lime_mpd=6_thresh=1.0_docnorm=F_tfidf=F.csv
0.3,0.63,0.005,0.005,0.005,0.005,0.005,200,../../lists/estonian_voro/list.estonian_voro.attrib=lime_mpd=6_thresh=1.0_docnorm=F_tfidf=T.csv
0.4,0.54,0.0,0.0,0.0,0.0,0.0,200,../../lists/estonian_voro/list.estonian_voro.attrib=lime_mpd=6_thresh=1.0_docnorm=T_tfidf=F.csv
0.405,0.545,0.0,0.0,0.0,0.0,0.0,200,../../lists/estonian_voro/list.estonian_voro.attrib=lime_mpd=6_thresh=1.0_docnorm=T_tfidf=T.csv
0.32,0.625,0.005,0.005,0.005,0.005,0.005,200,../../lists/estonian_voro/list.estonian_voro.attrib=lime_mpd=7_thresh=0.1_docnorm=F_tfidf=F.csv
0.37,0.55,0.005,0.005,0.015,0.015,0.015,200,../../lists/estonian_voro/list.estonian_voro.attrib=lime_mpd=7_thresh=0.1_docnorm=F_tfidf=T.csv
0.435,0.01,0.895,0.975,0.99,0.99,0.995,200,../../lists/estonian_voro/list.estonian_voro.attrib=lime_mpd=7_thresh=0.1_docnorm=T_tfidf=F.csv
0.455,0.005,0.91,0.97,0.99,0.995,0.995,200,../../lists/estonian_voro/list.estonian_voro.attrib=lime_mpd=7_thresh=0.1_docnorm=T_tfidf=T.csv
0.32,0.625,0.005,0.005,0.005,0.005,0.005,200,../../lists/estonian_voro/list.estonian_voro.attrib=lime_mpd=7_thresh=0.2_docnorm=F_tfidf=F.csv
0.37,0.55,0.005,0.005,0.015,0.015,0.015,200,../../lists/estonian_voro/list.estonian_voro.attrib=lime_mpd=7_thresh=0.2_docnorm=F_tfidf=T.csv
0.665,0.07,0.0,0.23,0.58,0.75,0.865,200,../../lists/estonian_voro/list.estonian_voro.attrib=lime_mpd=7_thresh=0.2_docnorm=T_tfidf=F.csv
0.68,0.08,0.0,0.24,0.575,0.725,0.87,200,../../lists/estonian_voro/list.estonian_voro.attrib=lime_mpd=7_thresh=0.2_docnorm=T_tfidf=T.csv
0.32,0.625,0.005,0.005,0.005,0.005,0.005,200,../../lists/estonian_voro/list.estonian_voro.attrib=lime_mpd=7_thresh=0.3_docnorm=F_tfidf=F.csv
0.375,0.555,0.005,0.005,0.005,0.005,0.005,200,../../lists/estonian_voro/list.estonian_voro.attrib=lime_mpd=7_thresh=0.3_docnorm=F_tfidf=T.csv
0.74,0.105,0.0,0.0,0.02,0.215,0.43,200,../../lists/estonian_voro/list.estonian_voro.attrib=lime_mpd=7_thresh=0.3_docnorm=T_tfidf=F.csv
0.76,0.1,0.0,0.0,0.015,0.215,0.475,200,../../lists/estonian_voro/list.estonian_voro.attrib=lime_mpd=7_thresh=0.3_docnorm=T_tfidf=T.csv
0.32,0.625,0.005,0.005,0.005,0.005,0.005,200,../../lists/estonian_voro/list.estonian_voro.attrib=lime_mpd=7_thresh=0.4_docnorm=F_tfidf=F.csv
0.375,0.555,0.005,0.005,0.005,0.005,0.005,200,../../lists/estonian_voro/list.estonian_voro.attrib=lime_mpd=7_thresh=0.4_docnorm=F_tfidf=T.csv
0.72,0.125,0.0,0.0,0.0,0.0,0.135,200,../../lists/estonian_voro/list.estonian_voro.attrib=lime_mpd=7_thresh=0.4_docnorm=T_tfidf=F.csv
0.725,0.14,0.0,0.0,0.0,0.0,0.15,200,../../lists/estonian_voro/list.estonian_voro.attrib=lime_mpd=7_thresh=0.4_docnorm=T_tfidf=T.csv
0.315,0.63,0.005,0.005,0.005,0.005,0.005,200,../../lists/estonian_voro/list.estonian_voro.attrib=lime_mpd=7_thresh=0.5_docnorm=F_tfidf=F.csv
0.37,0.56,0.005,0.005,0.005,0.005,0.005,200,../../lists/estonian_voro/list.estonian_voro.attrib=lime_mpd=7_thresh=0.5_docnorm=F_tfidf=T.csv
0.69,0.21,0.0,0.0,0.0,0.0,0.005,200,../../lists/estonian_voro/list.estonian_voro.attrib=lime_mpd=7_thresh=0.5_docnorm=T_tfidf=F.csv
0.695,0.195,0.0,0.0,0.0,0.0,0.005,200,../../lists/estonian_voro/list.estonian_voro.attrib=lime_mpd=7_thresh=0.5_docnorm=T_tfidf=T.csv
0.315,0.63,0.005,0.005,0.005,0.005,0.005,200,../../lists/estonian_voro/list.estonian_voro.attrib=lime_mpd=7_thresh=0.6_docnorm=F_tfidf=F.csv
0.37,0.56,0.005,0.005,0.005,0.005,0.005,200,../../lists/estonian_voro/list.estonian_voro.attrib=lime_mpd=7_thresh=0.6_docnorm=F_tfidf=T.csv
0.695,0.22,0.0,0.0,0.0,0.0,0.0,200,../../lists/estonian_voro/list.estonian_voro.attrib=lime_mpd=7_thresh=0.6_docnorm=T_tfidf=F.csv
0.685,0.24,0.0,0.0,0.0,0.0,0.0,200,../../lists/estonian_voro/list.estonian_voro.attrib=lime_mpd=7_thresh=0.6_docnorm=T_tfidf=T.csv
0.315,0.63,0.005,0.005,0.005,0.005,0.005,200,../../lists/estonian_voro/list.estonian_voro.attrib=lime_mpd=7_thresh=0.7_docnorm=F_tfidf=F.csv
0.375,0.555,0.005,0.005,0.005,0.005,0.005,200,../../lists/estonian_voro/list.estonian_voro.attrib=lime_mpd=7_thresh=0.7_docnorm=F_tfidf=T.csv
0.635,0.275,0.0,0.0,0.0,0.0,0.0,200,../../lists/estonian_voro/list.estonian_voro.attrib=lime_mpd=7_thresh=0.7_docnorm=T_tfidf=F.csv
0.67,0.265,0.0,0.0,0.0,0.0,0.0,200,../../lists/estonian_voro/list.estonian_voro.attrib=lime_mpd=7_thresh=0.7_docnorm=T_tfidf=T.csv
0.315,0.63,0.005,0.005,0.005,0.005,0.005,200,../../lists/estonian_voro/list.estonian_voro.attrib=lime_mpd=7_thresh=0.8_docnorm=F_tfidf=F.csv
0.36,0.57,0.005,0.005,0.005,0.005,0.005,200,../../lists/estonian_voro/list.estonian_voro.attrib=lime_mpd=7_thresh=0.8_docnorm=F_tfidf=T.csv
0.59,0.315,0.0,0.0,0.0,0.0,0.0,200,../../lists/estonian_voro/list.estonian_voro.attrib=lime_mpd=7_thresh=0.8_docnorm=T_tfidf=F.csv
0.63,0.29,0.0,0.0,0.0,0.0,0.0,200,../../lists/estonian_voro/list.estonian_voro.attrib=lime_mpd=7_thresh=0.8_docnorm=T_tfidf=T.csv
0.305,0.64,0.005,0.005,0.005,0.005,0.005,200,../../lists/estonian_voro/list.estonian_voro.attrib=lime_mpd=7_thresh=0.9_docnorm=F_tfidf=F.csv
0.36,0.57,0.005,0.005,0.005,0.005,0.005,200,../../lists/estonian_voro/list.estonian_voro.attrib=lime_mpd=7_thresh=0.9_docnorm=F_tfidf=T.csv
0.505,0.41,0.0,0.0,0.0,0.0,0.0,200,../../lists/estonian_voro/list.estonian_voro.attrib=lime_mpd=7_thresh=0.9_docnorm=T_tfidf=F.csv
0.55,0.37,0.0,0.0,0.0,0.0,0.0,200,../../lists/estonian_voro/list.estonian_voro.attrib=lime_mpd=7_thresh=0.9_docnorm=T_tfidf=T.csv
0.275,0.67,0.005,0.005,0.005,0.005,0.005,200,../../lists/estonian_voro/list.estonian_voro.attrib=lime_mpd=7_thresh=1.0_docnorm=F_tfidf=F.csv
0.3,0.63,0.005,0.005,0.005,0.005,0.005,200,../../lists/estonian_voro/list.estonian_voro.attrib=lime_mpd=7_thresh=1.0_docnorm=F_tfidf=T.csv
0.395,0.54,0.0,0.0,0.0,0.0,0.0,200,../../lists/estonian_voro/list.estonian_voro.attrib=lime_mpd=7_thresh=1.0_docnorm=T_tfidf=F.csv
0.41,0.535,0.0,0.0,0.0,0.0,0.0,200,../../lists/estonian_voro/list.estonian_voro.attrib=lime_mpd=7_thresh=1.0_docnorm=T_tfidf=T.csv
0.32,0.625,0.005,0.005,0.005,0.005,0.005,200,../../lists/estonian_voro/list.estonian_voro.attrib=lime_mpd=8_thresh=0.1_docnorm=F_tfidf=F.csv
0.37,0.55,0.005,0.005,0.015,0.015,0.015,200,../../lists/estonian_voro/list.estonian_voro.attrib=lime_mpd=8_thresh=0.1_docnorm=F_tfidf=T.csv
0.435,0.01,0.895,0.975,0.99,0.99,0.995,200,../../lists/estonian_voro/list.estonian_voro.attrib=lime_mpd=8_thresh=0.1_docnorm=T_tfidf=F.csv
0.455,0.005,0.915,0.975,0.995,0.995,0.995,200,../../lists/estonian_voro/list.estonian_voro.attrib=lime_mpd=8_thresh=0.1_docnorm=T_tfidf=T.csv
0.32,0.625,0.005,0.005,0.005,0.005,0.005,200,../../lists/estonian_voro/list.estonian_voro.attrib=lime_mpd=8_thresh=0.2_docnorm=F_tfidf=F.csv
0.37,0.55,0.005,0.005,0.015,0.015,0.015,200,../../lists/estonian_voro/list.estonian_voro.attrib=lime_mpd=8_thresh=0.2_docnorm=F_tfidf=T.csv
0.66,0.07,0.0,0.245,0.6,0.77,0.88,200,../../lists/estonian_voro/list.estonian_voro.attrib=lime_mpd=8_thresh=0.2_docnorm=T_tfidf=F.csv
0.665,0.08,0.0,0.25,0.595,0.735,0.875,200,../../lists/estonian_voro/list.estonian_voro.attrib=lime_mpd=8_thresh=0.2_docnorm=T_tfidf=T.csv
0.32,0.625,0.005,0.005,0.005,0.005,0.005,200,../../lists/estonian_voro/list.estonian_voro.attrib=lime_mpd=8_thresh=0.3_docnorm=F_tfidf=F.csv
0.375,0.555,0.005,0.005,0.005,0.005,0.005,200,../../lists/estonian_voro/list.estonian_voro.attrib=lime_mpd=8_thresh=0.3_docnorm=F_tfidf=T.csv
0.745,0.105,0.0,0.0,0.02,0.22,0.435,200,../../lists/estonian_voro/list.estonian_voro.attrib=lime_mpd=8_thresh=0.3_docnorm=T_tfidf=F.csv
0.765,0.095,0.0,0.0,0.02,0.23,0.49,200,../../lists/estonian_voro/list.estonian_voro.attrib=lime_mpd=8_thresh=0.3_docnorm=T_tfidf=T.csv
0.32,0.625,0.005,0.005,0.005,0.005,0.005,200,../../lists/estonian_voro/list.estonian_voro.attrib=lime_mpd=8_thresh=0.4_docnorm=F_tfidf=F.csv
0.375,0.555,0.005,0.005,0.005,0.005,0.005,200,../../lists/estonian_voro/list.estonian_voro.attrib=lime_mpd=8_thresh=0.4_docnorm=F_tfidf=T.csv
0.715,0.13,0.0,0.0,0.0,0.0,0.145,200,../../lists/estonian_voro/list.estonian_voro.attrib=lime_mpd=8_thresh=0.4_docnorm=T_tfidf=F.csv
0.73,0.135,0.0,0.0,0.0,0.0,0.16,200,../../lists/estonian_voro/list.estonian_voro.attrib=lime_mpd=8_thresh=0.4_docnorm=T_tfidf=T.csv
0.315,0.63,0.005,0.005,0.005,0.005,0.005,200,../../lists/estonian_voro/list.estonian_voro.attrib=lime_mpd=8_thresh=0.5_docnorm=F_tfidf=F.csv
0.37,0.56,0.005,0.005,0.005,0.005,0.005,200,../../lists/estonian_voro/list.estonian_voro.attrib=lime_mpd=8_thresh=0.5_docnorm=F_tfidf=T.csv
0.7,0.2,0.0,0.0,0.0,0.0,0.005,200,../../lists/estonian_voro/list.estonian_voro.attrib=lime_mpd=8_thresh=0.5_docnorm=T_tfidf=F.csv
0.71,0.19,0.0,0.0,0.0,0.0,0.005,200,../../lists/estonian_voro/list.estonian_voro.attrib=lime_mpd=8_thresh=0.5_docnorm=T_tfidf=T.csv
0.315,0.63,0.005,0.005,0.005,0.005,0.005,200,../../lists/estonian_voro/list.estonian_voro.attrib=lime_mpd=8_thresh=0.6_docnorm=F_tfidf=F.csv
0.37,0.56,0.005,0.005,0.005,0.005,0.005,200,../../lists/estonian_voro/list.estonian_voro.attrib=lime_mpd=8_thresh=0.6_docnorm=F_tfidf=T.csv
0.675,0.23,0.0,0.0,0.0,0.0,0.0,200,../../lists/estonian_voro/list.estonian_voro.attrib=lime_mpd=8_thresh=0.6_docnorm=T_tfidf=F.csv
0.675,0.25,0.0,0.0,0.0,0.0,0.0,200,../../lists/estonian_voro/list.estonian_voro.attrib=lime_mpd=8_thresh=0.6_docnorm=T_tfidf=T.csv
0.315,0.63,0.005,0.005,0.005,0.005,0.005,200,../../lists/estonian_voro/list.estonian_voro.attrib=lime_mpd=8_thresh=0.7_docnorm=F_tfidf=F.csv
0.375,0.555,0.005,0.005,0.005,0.005,0.005,200,../../lists/estonian_voro/list.estonian_voro.attrib=lime_mpd=8_thresh=0.7_docnorm=F_tfidf=T.csv
0.645,0.275,0.0,0.0,0.0,0.0,0.0,200,../../lists/estonian_voro/list.estonian_voro.attrib=lime_mpd=8_thresh=0.7_docnorm=T_tfidf=F.csv
0.675,0.265,0.0,0.0,0.0,0.0,0.0,200,../../lists/estonian_voro/list.estonian_voro.attrib=lime_mpd=8_thresh=0.7_docnorm=T_tfidf=T.csv
0.315,0.63,0.005,0.005,0.005,0.005,0.005,200,../../lists/estonian_voro/list.estonian_voro.attrib=lime_mpd=8_thresh=0.8_docnorm=F_tfidf=F.csv
0.36,0.57,0.005,0.005,0.005,0.005,0.005,200,../../lists/estonian_voro/list.estonian_voro.attrib=lime_mpd=8_thresh=0.8_docnorm=F_tfidf=T.csv
0.605,0.3,0.0,0.0,0.0,0.0,0.0,200,../../lists/estonian_voro/list.estonian_voro.attrib=lime_mpd=8_thresh=0.8_docnorm=T_tfidf=F.csv
0.615,0.295,0.0,0.0,0.0,0.0,0.0,200,../../lists/estonian_voro/list.estonian_voro.attrib=lime_mpd=8_thresh=0.8_docnorm=T_tfidf=T.csv
0.31,0.635,0.005,0.005,0.005,0.005,0.005,200,../../lists/estonian_voro/list.estonian_voro.attrib=lime_mpd=8_thresh=0.9_docnorm=F_tfidf=F.csv
0.36,0.57,0.005,0.005,0.005,0.005,0.005,200,../../lists/estonian_voro/list.estonian_voro.attrib=lime_mpd=8_thresh=0.9_docnorm=F_tfidf=T.csv
0.505,0.41,0.0,0.0,0.0,0.0,0.0,200,../../lists/estonian_voro/list.estonian_voro.attrib=lime_mpd=8_thresh=0.9_docnorm=T_tfidf=F.csv
0.55,0.36,0.0,0.0,0.0,0.0,0.0,200,../../lists/estonian_voro/list.estonian_voro.attrib=lime_mpd=8_thresh=0.9_docnorm=T_tfidf=T.csv
0.275,0.67,0.005,0.005,0.005,0.005,0.005,200,../../lists/estonian_voro/list.estonian_voro.attrib=lime_mpd=8_thresh=1.0_docnorm=F_tfidf=F.csv
0.3,0.63,0.005,0.005,0.005,0.005,0.005,200,../../lists/estonian_voro/list.estonian_voro.attrib=lime_mpd=8_thresh=1.0_docnorm=F_tfidf=T.csv
0.4,0.54,0.0,0.0,0.0,0.0,0.0,200,../../lists/estonian_voro/list.estonian_voro.attrib=lime_mpd=8_thresh=1.0_docnorm=T_tfidf=F.csv
0.42,0.525,0.0,0.0,0.0,0.0,0.0,200,../../lists/estonian_voro/list.estonian_voro.attrib=lime_mpd=8_thresh=1.0_docnorm=T_tfidf=T.csv
0.32,0.625,0.005,0.005,0.005,0.005,0.005,200,../../lists/estonian_voro/list.estonian_voro.attrib=lime_mpd=9_thresh=0.1_docnorm=F_tfidf=F.csv
0.375,0.545,0.005,0.005,0.015,0.015,0.015,200,../../lists/estonian_voro/list.estonian_voro.attrib=lime_mpd=9_thresh=0.1_docnorm=F_tfidf=T.csv
0.435,0.01,0.895,0.975,0.99,0.99,0.995,200,../../lists/estonian_voro/list.estonian_voro.attrib=lime_mpd=9_thresh=0.1_docnorm=T_tfidf=F.csv
0.455,0.005,0.915,0.975,0.995,0.995,0.995,200,../../lists/estonian_voro/list.estonian_voro.attrib=lime_mpd=9_thresh=0.1_docnorm=T_tfidf=T.csv
0.32,0.625,0.005,0.005,0.005,0.005,0.005,200,../../lists/estonian_voro/list.estonian_voro.attrib=lime_mpd=9_thresh=0.2_docnorm=F_tfidf=F.csv
0.375,0.545,0.005,0.005,0.015,0.015,0.015,200,../../lists/estonian_voro/list.estonian_voro.attrib=lime_mpd=9_thresh=0.2_docnorm=F_tfidf=T.csv
0.65,0.07,0.0,0.255,0.6,0.765,0.875,200,../../lists/estonian_voro/list.estonian_voro.attrib=lime_mpd=9_thresh=0.2_docnorm=T_tfidf=F.csv
0.67,0.08,0.0,0.26,0.605,0.75,0.885,200,../../lists/estonian_voro/list.estonian_voro.attrib=lime_mpd=9_thresh=0.2_docnorm=T_tfidf=T.csv
0.32,0.625,0.005,0.005,0.005,0.005,0.005,200,../../lists/estonian_voro/list.estonian_voro.attrib=lime_mpd=9_thresh=0.3_docnorm=F_tfidf=F.csv
0.375,0.555,0.005,0.005,0.005,0.005,0.005,200,../../lists/estonian_voro/list.estonian_voro.attrib=lime_mpd=9_thresh=0.3_docnorm=F_tfidf=T.csv
0.75,0.105,0.0,0.0,0.025,0.24,0.455,200,../../lists/estonian_voro/list.estonian_voro.attrib=lime_mpd=9_thresh=0.3_docnorm=T_tfidf=F.csv
0.77,0.095,0.0,0.0,0.025,0.24,0.5,200,../../lists/estonian_voro/list.estonian_voro.attrib=lime_mpd=9_thresh=0.3_docnorm=T_tfidf=T.csv
0.32,0.625,0.005,0.005,0.005,0.005,0.005,200,../../lists/estonian_voro/list.estonian_voro.attrib=lime_mpd=9_thresh=0.4_docnorm=F_tfidf=F.csv
0.375,0.555,0.005,0.005,0.005,0.005,0.005,200,../../lists/estonian_voro/list.estonian_voro.attrib=lime_mpd=9_thresh=0.4_docnorm=F_tfidf=T.csv
0.705,0.135,0.0,0.0,0.0,0.005,0.15,200,../../lists/estonian_voro/list.estonian_voro.attrib=lime_mpd=9_thresh=0.4_docnorm=T_tfidf=F.csv
0.725,0.135,0.0,0.0,0.0,0.0,0.16,200,../../lists/estonian_voro/list.estonian_voro.attrib=lime_mpd=9_thresh=0.4_docnorm=T_tfidf=T.csv
0.315,0.63,0.005,0.005,0.005,0.005,0.005,200,../../lists/estonian_voro/list.estonian_voro.attrib=lime_mpd=9_thresh=0.5_docnorm=F_tfidf=F.csv
0.37,0.56,0.005,0.005,0.005,0.005,0.005,200,../../lists/estonian_voro/list.estonian_voro.attrib=lime_mpd=9_thresh=0.5_docnorm=F_tfidf=T.csv
0.695,0.2,0.0,0.0,0.0,0.0,0.005,200,../../lists/estonian_voro/list.estonian_voro.attrib=lime_mpd=9_thresh=0.5_docnorm=T_tfidf=F.csv
0.705,0.185,0.0,0.0,0.0,0.0,0.005,200,../../lists/estonian_voro/list.estonian_voro.attrib=lime_mpd=9_thresh=0.5_docnorm=T_tfidf=T.csv
0.315,0.63,0.005,0.005,0.005,0.005,0.005,200,../../lists/estonian_voro/list.estonian_voro.attrib=lime_mpd=9_thresh=0.6_docnorm=F_tfidf=F.csv
0.37,0.56,0.005,0.005,0.005,0.005,0.005,200,../../lists/estonian_voro/list.estonian_voro.attrib=lime_mpd=9_thresh=0.6_docnorm=F_tfidf=T.csv
0.675,0.225,0.0,0.0,0.0,0.0,0.0,200,../../lists/estonian_voro/list.estonian_voro.attrib=lime_mpd=9_thresh=0.6_docnorm=T_tfidf=F.csv
0.675,0.245,0.0,0.0,0.0,0.0,0.0,200,../../lists/estonian_voro/list.estonian_voro.attrib=lime_mpd=9_thresh=0.6_docnorm=T_tfidf=T.csv
0.315,0.63,0.005,0.005,0.005,0.005,0.005,200,../../lists/estonian_voro/list.estonian_voro.attrib=lime_mpd=9_thresh=0.7_docnorm=F_tfidf=F.csv
0.375,0.555,0.005,0.005,0.005,0.005,0.005,200,../../lists/estonian_voro/list.estonian_voro.attrib=lime_mpd=9_thresh=0.7_docnorm=F_tfidf=T.csv
0.65,0.27,0.0,0.0,0.0,0.0,0.0,200,../../lists/estonian_voro/list.estonian_voro.attrib=lime_mpd=9_thresh=0.7_docnorm=T_tfidf=F.csv
0.68,0.255,0.0,0.0,0.0,0.0,0.0,200,../../lists/estonian_voro/list.estonian_voro.attrib=lime_mpd=9_thresh=0.7_docnorm=T_tfidf=T.csv
0.31,0.635,0.005,0.005,0.005,0.005,0.005,200,../../lists/estonian_voro/list.estonian_voro.attrib=lime_mpd=9_thresh=0.8_docnorm=F_tfidf=F.csv
0.36,0.57,0.005,0.005,0.005,0.005,0.005,200,../../lists/estonian_voro/list.estonian_voro.attrib=lime_mpd=9_thresh=0.8_docnorm=F_tfidf=T.csv
0.62,0.29,0.0,0.0,0.0,0.0,0.0,200,../../lists/estonian_voro/list.estonian_voro.attrib=lime_mpd=9_thresh=0.8_docnorm=T_tfidf=F.csv
0.63,0.295,0.0,0.0,0.0,0.0,0.0,200,../../lists/estonian_voro/list.estonian_voro.attrib=lime_mpd=9_thresh=0.8_docnorm=T_tfidf=T.csv
0.305,0.64,0.005,0.005,0.005,0.005,0.005,200,../../lists/estonian_voro/list.estonian_voro.attrib=lime_mpd=9_thresh=0.9_docnorm=F_tfidf=F.csv
0.36,0.57,0.005,0.005,0.005,0.005,0.005,200,../../lists/estonian_voro/list.estonian_voro.attrib=lime_mpd=9_thresh=0.9_docnorm=F_tfidf=T.csv
0.5,0.42,0.0,0.0,0.0,0.0,0.0,200,../../lists/estonian_voro/list.estonian_voro.attrib=lime_mpd=9_thresh=0.9_docnorm=T_tfidf=F.csv
0.555,0.36,0.0,0.0,0.0,0.0,0.0,200,../../lists/estonian_voro/list.estonian_voro.attrib=lime_mpd=9_thresh=0.9_docnorm=T_tfidf=T.csv
0.28,0.665,0.005,0.005,0.005,0.005,0.005,200,../../lists/estonian_voro/list.estonian_voro.attrib=lime_mpd=9_thresh=1.0_docnorm=F_tfidf=F.csv
0.305,0.625,0.005,0.005,0.005,0.005,0.005,200,../../lists/estonian_voro/list.estonian_voro.attrib=lime_mpd=9_thresh=1.0_docnorm=F_tfidf=T.csv
0.405,0.535,0.0,0.0,0.0,0.0,0.0,200,../../lists/estonian_voro/list.estonian_voro.attrib=lime_mpd=9_thresh=1.0_docnorm=T_tfidf=F.csv
0.43,0.515,0.0,0.0,0.0,0.0,0.0,200,../../lists/estonian_voro/list.estonian_voro.attrib=lime_mpd=9_thresh=1.0_docnorm=T_tfidf=T.csv
0.355,0.53,0.0,0.035,0.055,0.055,0.07,200,../../lists/estonian_voro/list.estonian_voro.attrib=loo_mpd=10_thresh=0.1_docnorm=F_tfidf=F.csv
0.425,0.38,0.05,0.105,0.14,0.145,0.185,200,../../lists/estonian_voro/list.estonian_voro.attrib=loo_mpd=10_thresh=0.1_docnorm=F_tfidf=T.csv
0.425,0.015,0.89,0.955,0.995,0.995,0.995,200,../../lists/estonian_voro/list.estonian_voro.attrib=loo_mpd=10_thresh=0.1_docnorm=T_tfidf=F.csv
0.405,0.03,0.85,0.93,0.97,0.975,0.975,200,../../lists/estonian_voro/list.estonian_voro.attrib=loo_mpd=10_thresh=0.1_docnorm=T_tfidf=T.csv
0.37,0.53,0.0,0.01,0.03,0.035,0.05,200,../../lists/estonian_voro/list.estonian_voro.attrib=loo_mpd=10_thresh=0.2_docnorm=F_tfidf=F.csv
0.43,0.415,0.0,0.03,0.075,0.085,0.125,200,../../lists/estonian_voro/list.estonian_voro.attrib=loo_mpd=10_thresh=0.2_docnorm=F_tfidf=T.csv
0.645,0.06,0.0,0.2,0.51,0.705,0.82,200,../../lists/estonian_voro/list.estonian_voro.attrib=loo_mpd=10_thresh=0.2_docnorm=T_tfidf=F.csv
0.685,0.075,0.0,0.175,0.475,0.64,0.785,200,../../lists/estonian_voro/list.estonian_voro.attrib=loo_mpd=10_thresh=0.2_docnorm=T_tfidf=T.csv
0.375,0.55,0.0,0.0,0.0,0.005,0.02,200,../../lists/estonian_voro/list.estonian_voro.attrib=loo_mpd=10_thresh=0.3_docnorm=F_tfidf=F.csv
0.455,0.44,0.0,0.0,0.0,0.01,0.07,200,../../lists/estonian_voro/list.estonian_voro.attrib=loo_mpd=10_thresh=0.3_docnorm=F_tfidf=T.csv
0.71,0.135,0.0,0.0,0.005,0.18,0.375,200,../../lists/estonian_voro/list.estonian_voro.attrib=loo_mpd=10_thresh=0.3_docnorm=T_tfidf=F.csv
0.72,0.135,0.0,0.0,0.005,0.175,0.37,200,../../lists/estonian_voro/list.estonian_voro.attrib=loo_mpd=10_thresh=0.3_docnorm=T_tfidf=T.csv
0.38,0.55,0.0,0.0,0.0,0.0,0.0,200,../../lists/estonian_voro/list.estonian_voro.attrib=loo_mpd=10_thresh=0.4_docnorm=F_tfidf=F.csv
0.44,0.46,0.0,0.0,0.0,0.0,0.03,200,../../lists/estonian_voro/list.estonian_voro.attrib=loo_mpd=10_thresh=0.4_docnorm=F_tfidf=T.csv
0.695,0.15,0.0,0.0,0.0,0.0,0.12,200,../../lists/estonian_voro/list.estonian_voro.attrib=loo_mpd=10_thresh=0.4_docnorm=T_tfidf=F.csv
0.715,0.155,0.0,0.0,0.0,0.0,0.115,200,../../lists/estonian_voro/list.estonian_voro.attrib=loo_mpd=10_thresh=0.4_docnorm=T_tfidf=T.csv
0.375,0.56,0.0,0.0,0.0,0.0,0.0,200,../../lists/estonian_voro/list.estonian_voro.attrib=loo_mpd=10_thresh=0.5_docnorm=F_tfidf=F.csv
0.42,0.48,0.0,0.0,0.0,0.0,0.0,200,../../lists/estonian_voro/list.estonian_voro.attrib=loo_mpd=10_thresh=0.5_docnorm=F_tfidf=T.csv
0.65,0.2,0.0,0.0,0.0,0.0,0.0,200,../../lists/estonian_voro/list.estonian_voro.attrib=loo_mpd=10_thresh=0.5_docnorm=T_tfidf=F.csv
0.69,0.185,0.0,0.0,0.0,0.0,0.0,200,../../lists/estonian_voro/list.estonian_voro.attrib=loo_mpd=10_thresh=0.5_docnorm=T_tfidf=T.csv
0.365,0.57,0.0,0.0,0.0,0.0,0.0,200,../../lists/estonian_voro/list.estonian_voro.attrib=loo_mpd=10_thresh=0.6_docnorm=F_tfidf=F.csv
0.405,0.5,0.0,0.0,0.0,0.0,0.0,200,../../lists/estonian_voro/list.estonian_voro.attrib=loo_mpd=10_thresh=0.6_docnorm=F_tfidf=T.csv
0.625,0.255,0.0,0.0,0.0,0.0,0.0,200,../../lists/estonian_voro/list.estonian_voro.attrib=loo_mpd=10_thresh=0.6_docnorm=T_tfidf=F.csv
0.64,0.25,0.0,0.0,0.0,0.0,0.0,200,../../lists/estonian_voro/list.estonian_voro.attrib=loo_mpd=10_thresh=0.6_docnorm=T_tfidf=T.csv
0.355,0.58,0.0,0.0,0.0,0.0,0.0,200,../../lists/estonian_voro/list.estonian_voro.attrib=loo_mpd=10_thresh=0.7_docnorm=F_tfidf=F.csv
0.42,0.505,0.0,0.0,0.0,0.0,0.0,200,../../lists/estonian_voro/list.estonian_voro.attrib=loo_mpd=10_thresh=0.7_docnorm=F_tfidf=T.csv
0.615,0.295,0.0,0.0,0.0,0.0,0.0,200,../../lists/estonian_voro/list.estonian_voro.attrib=loo_mpd=10_thresh=0.7_docnorm=T_tfidf=F.csv
0.625,0.3,0.0,0.0,0.0,0.0,0.0,200,../../lists/estonian_voro/list.estonian_voro.attrib=loo_mpd=10_thresh=0.7_docnorm=T_tfidf=T.csv
0.33,0.605,0.0,0.0,0.0,0.0,0.0,200,../../lists/estonian_voro/list.estonian_voro.attrib=loo_mpd=10_thresh=0.8_docnorm=F_tfidf=F.csv
0.36,0.555,0.0,0.0,0.0,0.0,0.0,200,../../lists/estonian_voro/list.estonian_voro.attrib=loo_mpd=10_thresh=0.8_docnorm=F_tfidf=T.csv
0.565,0.35,0.0,0.0,0.0,0.0,0.0,200,../../lists/estonian_voro/list.estonian_voro.attrib=loo_mpd=10_thresh=0.8_docnorm=T_tfidf=F.csv
0.565,0.36,0.0,0.0,0.0,0.0,0.0,200,../../lists/estonian_voro/list.estonian_voro.attrib=loo_mpd=10_thresh=0.8_docnorm=T_tfidf=T.csv
0.32,0.615,0.0,0.0,0.0,0.0,0.0,200,../../lists/estonian_voro/list.estonian_voro.attrib=loo_mpd=10_thresh=0.9_docnorm=F_tfidf=F.csv
0.335,0.59,0.0,0.0,0.0,0.0,0.0,200,../../lists/estonian_voro/list.estonian_voro.attrib=loo_mpd=10_thresh=0.9_docnorm=F_tfidf=T.csv
0.49,0.445,0.0,0.0,0.0,0.0,0.0,200,../../lists/estonian_voro/list.estonian_voro.attrib=loo_mpd=10_thresh=0.9_docnorm=T_tfidf=F.csv
0.48,0.445,0.0,0.0,0.0,0.0,0.0,200,../../lists/estonian_voro/list.estonian_voro.attrib=loo_mpd=10_thresh=0.9_docnorm=T_tfidf=T.csv
0.28,0.665,0.0,0.0,0.0,0.0,0.0,200,../../lists/estonian_voro/list.estonian_voro.attrib=loo_mpd=10_thresh=1.0_docnorm=F_tfidf=F.csv
0.285,0.66,0.0,0.0,0.0,0.0,0.0,200,../../lists/estonian_voro/list.estonian_voro.attrib=loo_mpd=10_thresh=1.0_docnorm=F_tfidf=T.csv
0.32,0.615,0.0,0.0,0.0,0.0,0.0,200,../../lists/estonian_voro/list.estonian_voro.attrib=loo_mpd=10_thresh=1.0_docnorm=T_tfidf=F.csv
0.33,0.615,0.0,0.0,0.0,0.0,0.0,200,../../lists/estonian_voro/list.estonian_voro.attrib=loo_mpd=10_thresh=1.0_docnorm=T_tfidf=T.csv
0.355,0.53,0.0,0.035,0.055,0.055,0.07,200,../../lists/estonian_voro/list.estonian_voro.attrib=loo_mpd=11_thresh=0.1_docnorm=F_tfidf=F.csv
0.425,0.38,0.05,0.105,0.14,0.145,0.185,200,../../lists/estonian_voro/list.estonian_voro.attrib=loo_mpd=11_thresh=0.1_docnorm=F_tfidf=T.csv
0.42,0.015,0.89,0.96,0.995,0.995,0.995,200,../../lists/estonian_voro/list.estonian_voro.attrib=loo_mpd=11_thresh=0.1_docnorm=T_tfidf=F.csv
0.405,0.025,0.855,0.935,0.975,0.98,0.98,200,../../lists/estonian_voro/list.estonian_voro.attrib=loo_mpd=11_thresh=0.1_docnorm=T_tfidf=T.csv
0.37,0.53,0.0,0.01,0.03,0.035,0.05,200,../../lists/estonian_voro/list.estonian_voro.attrib=loo_mpd=11_thresh=0.2_docnorm=F_tfidf=F.csv
0.43,0.415,0.0,0.03,0.075,0.085,0.125,200,../../lists/estonian_voro/list.estonian_voro.attrib=loo_mpd=11_thresh=0.2_docnorm=F_tfidf=T.csv
0.64,0.065,0.0,0.205,0.515,0.715,0.83,200,../../lists/estonian_voro/list.estonian_voro.attrib=loo_mpd=11_thresh=0.2_docnorm=T_tfidf=F.csv
0.685,0.075,0.0,0.18,0.48,0.645,0.795,200,../../lists/estonian_voro/list.estonian_voro.attrib=loo_mpd=11_thresh=0.2_docnorm=T_tfidf=T.csv
0.375,0.55,0.0,0.0,0.0,0.005,0.02,200,../../lists/estonian_voro/list.estonian_voro.attrib=loo_mpd=11_thresh=0.3_docnorm=F_tfidf=F.csv
0.455,0.44,0.0,0.0,0.0,0.01,0.07,200,../../lists/estonian_voro/list.estonian_voro.attrib=loo_mpd=11_thresh=0.3_docnorm=F_tfidf=T.csv
0.71,0.13,0.0,0.0,0.005,0.185,0.39,200,../../lists/estonian_voro/list.estonian_voro.attrib=loo_mpd=11_thresh=0.3_docnorm=T_tfidf=F.csv
0.715,0.14,0.0,0.0,0.005,0.185,0.395,200,../../lists/estonian_voro/list.estonian_voro.attrib=loo_mpd=11_thresh=0.3_docnorm=T_tfidf=T.csv
0.375,0.555,0.0,0.0,0.0,0.0,0.0,200,../../lists/estonian_voro/list.estonian_voro.attrib=loo_mpd=11_thresh=0.4_docnorm=F_tfidf=F.csv
0.44,0.46,0.0,0.0,0.0,0.0,0.03,200,../../lists/estonian_voro/list.estonian_voro.attrib=loo_mpd=11_thresh=0.4_docnorm=F_tfidf=T.csv
0.695,0.15,0.0,0.0,0.0,0.0,0.12,200,../../lists/estonian_voro/list.estonian_voro.attrib=loo_mpd=11_thresh=0.4_docnorm=T_tfidf=F.csv
0.72,0.15,0.0,0.0,0.0,0.0,0.12,200,../../lists/estonian_voro/list.estonian_voro.attrib=loo_mpd=11_thresh=0.4_docnorm=T_tfidf=T.csv
0.375,0.56,0.0,0.0,0.0,0.0,0.0,200,../../lists/estonian_voro/list.estonian_voro.attrib=loo_mpd=11_thresh=0.5_docnorm=F_tfidf=F.csv
0.42,0.48,0.0,0.0,0.0,0.0,0.0,200,../../lists/estonian_voro/list.estonian_voro.attrib=loo_mpd=11_thresh=0.5_docnorm=F_tfidf=T.csv
0.655,0.19,0.0,0.0,0.0,0.0,0.0,200,../../lists/estonian_voro/list.estonian_voro.attrib=loo_mpd=11_thresh=0.5_docnorm=T_tfidf=F.csv
0.69,0.185,0.0,0.0,0.0,0.0,0.0,200,../../lists/estonian_voro/list.estonian_voro.attrib=loo_mpd=11_thresh=0.5_docnorm=T_tfidf=T.csv
0.365,0.57,0.0,0.0,0.0,0.0,0.0,200,../../lists/estonian_voro/list.estonian_voro.attrib=loo_mpd=11_thresh=0.6_docnorm=F_tfidf=F.csv
0.405,0.5,0.0,0.0,0.0,0.0,0.0,200,../../lists/estonian_voro/list.estonian_voro.attrib=loo_mpd=11_thresh=0.6_docnorm=F_tfidf=T.csv
0.64,0.24,0.0,0.0,0.0,0.0,0.0,200,../../lists/estonian_voro/list.estonian_voro.attrib=loo_mpd=11_thresh=0.6_docnorm=T_tfidf=F.csv
0.645,0.255,0.0,0.0,0.0,0.0,0.0,200,../../lists/estonian_voro/list.estonian_voro.attrib=loo_mpd=11_thresh=0.6_docnorm=T_tfidf=T.csv
0.355,0.58,0.0,0.0,0.0,0.0,0.0,200,../../lists/estonian_voro/list.estonian_voro.attrib=loo_mpd=11_thresh=0.7_docnorm=F_tfidf=F.csv
0.41,0.505,0.0,0.0,0.0,0.0,0.0,200,../../lists/estonian_voro/list.estonian_voro.attrib=loo_mpd=11_thresh=0.7_docnorm=F_tfidf=T.csv
0.61,0.3,0.0,0.0,0.0,0.0,0.0,200,../../lists/estonian_voro/list.estonian_voro.attrib=loo_mpd=11_thresh=0.7_docnorm=T_tfidf=F.csv
0.62,0.295,0.0,0.0,0.0,0.0,0.0,200,../../lists/estonian_voro/list.estonian_voro.attrib=loo_mpd=11_thresh=0.7_docnorm=T_tfidf=T.csv
0.33,0.605,0.0,0.0,0.0,0.0,0.0,200,../../lists/estonian_voro/list.estonian_voro.attrib=loo_mpd=11_thresh=0.8_docnorm=F_tfidf=F.csv
0.36,0.555,0.0,0.0,0.0,0.0,0.0,200,../../lists/estonian_voro/list.estonian_voro.attrib=loo_mpd=11_thresh=0.8_docnorm=F_tfidf=T.csv
0.565,0.355,0.0,0.0,0.0,0.0,0.0,200,../../lists/estonian_voro/list.estonian_voro.attrib=loo_mpd=11_thresh=0.8_docnorm=T_tfidf=F.csv
0.575,0.345,0.0,0.0,0.0,0.0,0.0,200,../../lists/estonian_voro/list.estonian_voro.attrib=loo_mpd=11_thresh=0.8_docnorm=T_tfidf=T.csv
0.32,0.615,0.0,0.0,0.0,0.0,0.0,200,../../lists/estonian_voro/list.estonian_voro.attrib=loo_mpd=11_thresh=0.9_docnorm=F_tfidf=F.csv
0.335,0.59,0.0,0.0,0.0,0.0,0.0,200,../../lists/estonian_voro/list.estonian_voro.attrib=loo_mpd=11_thresh=0.9_docnorm=F_tfidf=T.csv
0.49,0.44,0.0,0.0,0.0,0.0,0.0,200,../../lists/estonian_voro/list.estonian_voro.attrib=loo_mpd=11_thresh=0.9_docnorm=T_tfidf=F.csv
0.475,0.445,0.0,0.0,0.0,0.0,0.0,200,../../lists/estonian_voro/list.estonian_voro.attrib=loo_mpd=11_thresh=0.9_docnorm=T_tfidf=T.csv
0.28,0.665,0.0,0.0,0.0,0.0,0.0,200,../../lists/estonian_voro/list.estonian_voro.attrib=loo_mpd=11_thresh=1.0_docnorm=F_tfidf=F.csv
0.29,0.655,0.0,0.0,0.0,0.0,0.0,200,../../lists/estonian_voro/list.estonian_voro.attrib=loo_mpd=11_thresh=1.0_docnorm=F_tfidf=T.csv
0.32,0.62,0.0,0.0,0.0,0.0,0.0,200,../../lists/estonian_voro/list.estonian_voro.attrib=loo_mpd=11_thresh=1.0_docnorm=T_tfidf=F.csv
0.335,0.61,0.0,0.0,0.0,0.0,0.0,200,../../lists/estonian_voro/list.estonian_voro.attrib=loo_mpd=11_thresh=1.0_docnorm=T_tfidf=T.csv
0.355,0.53,0.0,0.035,0.055,0.055,0.07,200,../../lists/estonian_voro/list.estonian_voro.attrib=loo_mpd=12_thresh=0.1_docnorm=F_tfidf=F.csv
0.425,0.38,0.05,0.105,0.14,0.145,0.185,200,../../lists/estonian_voro/list.estonian_voro.attrib=loo_mpd=12_thresh=0.1_docnorm=F_tfidf=T.csv
0.42,0.015,0.89,0.96,0.995,0.995,0.995,200,../../lists/estonian_voro/list.estonian_voro.attrib=loo_mpd=12_thresh=0.1_docnorm=T_tfidf=F.csv
0.405,0.025,0.855,0.935,0.975,0.98,0.98,200,../../lists/estonian_voro/list.estonian_voro.attrib=loo_mpd=12_thresh=0.1_docnorm=T_tfidf=T.csv
0.37,0.53,0.0,0.01,0.03,0.035,0.05,200,../../lists/estonian_voro/list.estonian_voro.attrib=loo_mpd=12_thresh=0.2_docnorm=F_tfidf=F.csv
0.43,0.415,0.0,0.03,0.075,0.085,0.125,200,../../lists/estonian_voro/list.estonian_voro.attrib=loo_mpd=12_thresh=0.2_docnorm=F_tfidf=T.csv
0.635,0.075,0.0,0.205,0.525,0.725,0.825,200,../../lists/estonian_voro/list.estonian_voro.attrib=loo_mpd=12_thresh=0.2_docnorm=T_tfidf=F.csv
0.68,0.075,0.0,0.18,0.485,0.645,0.79,200,../../lists/estonian_voro/list.estonian_voro.attrib=loo_mpd=12_thresh=0.2_docnorm=T_tfidf=T.csv
0.375,0.55,0.0,0.0,0.0,0.005,0.02,200,../../lists/estonian_voro/list.estonian_voro.attrib=loo_mpd=12_thresh=0.3_docnorm=F_tfidf=F.csv
0.46,0.435,0.0,0.0,0.0,0.015,0.075,200,../../lists/estonian_voro/list.estonian_voro.attrib=loo_mpd=12_thresh=0.3_docnorm=F_tfidf=T.csv
0.715,0.13,0.0,0.0,0.005,0.2,0.405,200,../../lists/estonian_voro/list.estonian_voro.attrib=loo_mpd=12_thresh=0.3_docnorm=T_tfidf=F.csv
0.72,0.13,0.0,0.0,0.005,0.2,0.41,200,../../lists/estonian_voro/list.estonian_voro.attrib=loo_mpd=12_thresh=0.3_docnorm=T_tfidf=T.csv
0.375,0.555,0.0,0.0,0.0,0.0,0.0,200,../../lists/estonian_voro/list.estonian_voro.attrib=loo_mpd=12_thresh=0.4_docnorm=F_tfidf=F.csv
0.44,0.46,0.0,0.0,0.0,0.0,0.03,200,../../lists/estonian_voro/list.estonian_voro.attrib=loo_mpd=12_thresh=0.4_docnorm=F_tfidf=T.csv
0.7,0.145,0.0,0.0,0.0,0.0,0.125,200,../../lists/estonian_voro/list.estonian_voro.attrib=loo_mpd=12_thresh=0.4_docnorm=T_tfidf=F.csv
0.72,0.15,0.0,0.0,0.0,0.0,0.12,200,../../lists/estonian_voro/list.estonian_voro.attrib=loo_mpd=12_thresh=0.4_docnorm=T_tfidf=T.csv
0.375,0.56,0.0,0.0,0.0,0.0,0.0,200,../../lists/estonian_voro/list.estonian_voro.attrib=loo_mpd=12_thresh=0.5_docnorm=F_tfidf=F.csv
0.42,0.48,0.0,0.0,0.0,0.0,0.0,200,../../lists/estonian_voro/list.estonian_voro.attrib=loo_mpd=12_thresh=0.5_docnorm=F_tfidf=T.csv
0.675,0.18,0.0,0.0,0.0,0.0,0.0,200,../../lists/estonian_voro/list.estonian_voro.attrib=loo_mpd=12_thresh=0.5_docnorm=T_tfidf=F.csv
0.69,0.185,0.0,0.0,0.0,0.0,0.0,200,../../lists/estonian_voro/list.estonian_voro.attrib=loo_mpd=12_thresh=0.5_docnorm=T_tfidf=T.csv
0.365,0.57,0.0,0.0,0.0,0.0,0.0,200,../../lists/estonian_voro/list.estonian_voro.attrib=loo_mpd=12_thresh=0.6_docnorm=F_tfidf=F.csv
0.405,0.5,0.0,0.0,0.0,0.0,0.0,200,../../lists/estonian_voro/list.estonian_voro.attrib=loo_mpd=12_thresh=0.6_docnorm=F_tfidf=T.csv
0.635,0.245,0.0,0.0,0.0,0.0,0.0,200,../../lists/estonian_voro/list.estonian_voro.attrib=loo_mpd=12_thresh=0.6_docnorm=T_tfidf=F.csv
0.65,0.25,0.0,0.0,0.0,0.0,0.0,200,../../lists/estonian_voro/list.estonian_voro.attrib=loo_mpd=12_thresh=0.6_docnorm=T_tfidf=T.csv
0.355,0.58,0.0,0.0,0.0,0.0,0.0,200,../../lists/estonian_voro/list.estonian_voro.attrib=loo_mpd=12_thresh=0.7_docnorm=F_tfidf=F.csv
0.41,0.505,0.0,0.0,0.0,0.0,0.0,200,../../lists/estonian_voro/list.estonian_voro.attrib=loo_mpd=12_thresh=0.7_docnorm=F_tfidf=T.csv
0.62,0.29,0.0,0.0,0.0,0.0,0.0,200,../../lists/estonian_voro/list.estonian_voro.attrib=loo_mpd=12_thresh=0.7_docnorm=T_tfidf=F.csv
0.625,0.29,0.0,0.0,0.0,0.0,0.0,200,../../lists/estonian_voro/list.estonian_voro.attrib=loo_mpd=12_thresh=0.7_docnorm=T_tfidf=T.csv
0.33,0.605,0.0,0.0,0.0,0.0,0.0,200,../../lists/estonian_voro/list.estonian_voro.attrib=loo_mpd=12_thresh=0.8_docnorm=F_tfidf=F.csv
0.36,0.555,0.0,0.0,0.0,0.0,0.0,200,../../lists/estonian_voro/list.estonian_voro.attrib=loo_mpd=12_thresh=0.8_docnorm=F_tfidf=T.csv
0.56,0.36,0.0,0.0,0.0,0.0,0.0,200,../../lists/estonian_voro/list.estonian_voro.attrib=loo_mpd=12_thresh=0.8_docnorm=T_tfidf=F.csv
0.57,0.35,0.0,0.0,0.0,0.0,0.0,200,../../lists/estonian_voro/list.estonian_voro.attrib=loo_mpd=12_thresh=0.8_docnorm=T_tfidf=T.csv
0.32,0.615,0.0,0.0,0.0,0.0,0.0,200,../../lists/estonian_voro/list.estonian_voro.attrib=loo_mpd=12_thresh=0.9_docnorm=F_tfidf=F.csv
0.335,0.59,0.0,0.0,0.0,0.0,0.0,200,../../lists/estonian_voro/list.estonian_voro.attrib=loo_mpd=12_thresh=0.9_docnorm=F_tfidf=T.csv
0.495,0.43,0.0,0.0,0.0,0.0,0.0,200,../../lists/estonian_voro/list.estonian_voro.attrib=loo_mpd=12_thresh=0.9_docnorm=T_tfidf=F.csv
0.495,0.425,0.0,0.0,0.0,0.0,0.0,200,../../lists/estonian_voro/list.estonian_voro.attrib=loo_mpd=12_thresh=0.9_docnorm=T_tfidf=T.csv
0.28,0.665,0.0,0.0,0.0,0.0,0.0,200,../../lists/estonian_voro/list.estonian_voro.attrib=loo_mpd=12_thresh=1.0_docnorm=F_tfidf=F.csv
0.295,0.65,0.0,0.0,0.0,0.0,0.0,200,../../lists/estonian_voro/list.estonian_voro.attrib=loo_mpd=12_thresh=1.0_docnorm=F_tfidf=T.csv
0.325,0.615,0.0,0.0,0.0,0.0,0.0,200,../../lists/estonian_voro/list.estonian_voro.attrib=loo_mpd=12_thresh=1.0_docnorm=T_tfidf=F.csv
0.34,0.605,0.0,0.0,0.0,0.0,0.0,200,../../lists/estonian_voro/list.estonian_voro.attrib=loo_mpd=12_thresh=1.0_docnorm=T_tfidf=T.csv
0.355,0.53,0.0,0.035,0.055,0.055,0.07,200,../../lists/estonian_voro/list.estonian_voro.attrib=loo_mpd=13_thresh=0.1_docnorm=F_tfidf=F.csv
0.425,0.38,0.05,0.105,0.14,0.145,0.185,200,../../lists/estonian_voro/list.estonian_voro.attrib=loo_mpd=13_thresh=0.1_docnorm=F_tfidf=T.csv
0.42,0.015,0.89,0.96,0.995,0.995,0.995,200,../../lists/estonian_voro/list.estonian_voro.attrib=loo_mpd=13_thresh=0.1_docnorm=T_tfidf=F.csv
0.41,0.02,0.855,0.94,0.975,0.98,0.98,200,../../lists/estonian_voro/list.estonian_voro.attrib=loo_mpd=13_thresh=0.1_docnorm=T_tfidf=T.csv
0.37,0.53,0.0,0.01,0.03,0.035,0.05,200,../../lists/estonian_voro/list.estonian_voro.attrib=loo_mpd=13_thresh=0.2_docnorm=F_tfidf=F.csv
0.43,0.415,0.0,0.03,0.075,0.085,0.125,200,../../lists/estonian_voro/list.estonian_voro.attrib=loo_mpd=13_thresh=0.2_docnorm=F_tfidf=T.csv
0.64,0.07,0.0,0.205,0.53,0.73,0.835,200,../../lists/estonian_voro/list.estonian_voro.attrib=loo_mpd=13_thresh=0.2_docnorm=T_tfidf=F.csv
0.675,0.075,0.0,0.18,0.485,0.65,0.795,200,../../lists/estonian_voro/list.estonian_voro.attrib=loo_mpd=13_thresh=0.2_docnorm=T_tfidf=T.csv
0.375,0.55,0.0,0.0,0.0,0.005,0.02,200,../../lists/estonian_voro/list.estonian_voro.attrib=loo_mpd=13_thresh=0.3_docnorm=F_tfidf=F.csv
0.46,0.435,0.0,0.0,0.0,0.015,0.075,200,../../lists/estonian_voro/list.estonian_voro.attrib=loo_mpd=13_thresh=0.3_docnorm=F_tfidf=T.csv
0.715,0.12,0.0,0.0,0.005,0.2,0.415,200,../../lists/estonian_voro/list.estonian_voro.attrib=loo_mpd=13_thresh=0.3_docnorm=T_tfidf=F.csv
0.715,0.135,0.0,0.0,0.005,0.195,0.405,200,../../lists/estonian_voro/list.estonian_voro.attrib=loo_mpd=13_thresh=0.3_docnorm=T_tfidf=T.csv
0.375,0.555,0.0,0.0,0.0,0.0,0.0,200,../../lists/estonian_voro/list.estonian_voro.attrib=loo_mpd=13_thresh=0.4_docnorm=F_tfidf=F.csv
0.44,0.46,0.0,0.0,0.0,0.0,0.03,200,../../lists/estonian_voro/list.estonian_voro.attrib=loo_mpd=13_thresh=0.4_docnorm=F_tfidf=T.csv
0.71,0.14,0.0,0.0,0.0,0.0,0.13,200,../../lists/estonian_voro/list.estonian_voro.attrib=loo_mpd=13_thresh=0.4_docnorm=T_tfidf=F.csv
0.71,0.155,0.0,0.0,0.0,0.0,0.125,200,../../lists/estonian_voro/list.estonian_voro.attrib=loo_mpd=13_thresh=0.4_docnorm=T_tfidf=T.csv
0.375,0.56,0.0,0.0,0.0,0.0,0.0,200,../../lists/estonian_voro/list.estonian_voro.attrib=loo_mpd=13_thresh=0.5_docnorm=F_tfidf=F.csv
0.42,0.48,0.0,0.0,0.0,0.0,0.0,200,../../lists/estonian_voro/list.estonian_voro.attrib=loo_mpd=13_thresh=0.5_docnorm=F_tfidf=T.csv
0.675,0.18,0.0,0.0,0.0,0.0,0.0,200,../../lists/estonian_voro/list.estonian_voro.attrib=loo_mpd=13_thresh=0.5_docnorm=T_tfidf=F.csv
0.695,0.185,0.0,0.0,0.0,0.0,0.0,200,../../lists/estonian_voro/list.estonian_voro.attrib=loo_mpd=13_thresh=0.5_docnorm=T_tfidf=T.csv
0.365,0.57,0.0,0.0,0.0,0.0,0.0,200,../../lists/estonian_voro/list.estonian_voro.attrib=loo_mpd=13_thresh=0.6_docnorm=F_tfidf=F.csv
0.405,0.5,0.0,0.0,0.0,0.0,0.0,200,../../lists/estonian_voro/list.estonian_voro.attrib=loo_mpd=13_thresh=0.6_docnorm=F_tfidf=T.csv
0.63,0.245,0.0,0.0,0.0,0.0,0.0,200,../../lists/estonian_voro/list.estonian_voro.attrib=loo_mpd=13_thresh=0.6_docnorm=T_tfidf=F.csv
0.645,0.255,0.0,0.0,0.0,0.0,0.0,200,../../lists/estonian_voro/list.estonian_voro.attrib=loo_mpd=13_thresh=0.6_docnorm=T_tfidf=T.csv
0.355,0.58,0.0,0.0,0.0,0.0,0.0,200,../../lists/estonian_voro/list.estonian_voro.attrib=loo_mpd=13_thresh=0.7_docnorm=F_tfidf=F.csv
0.41,0.505,0.0,0.0,0.0,0.0,0.0,200,../../lists/estonian_voro/list.estonian_voro.attrib=loo_mpd=13_thresh=0.7_docnorm=F_tfidf=T.csv
0.62,0.29,0.0,0.0,0.0,0.0,0.0,200,../../lists/estonian_voro/list.estonian_voro.attrib=loo_mpd=13_thresh=0.7_docnorm=T_tfidf=F.csv
0.635,0.275,0.0,0.0,0.0,0.0,0.0,200,../../lists/estonian_voro/list.estonian_voro.attrib=loo_mpd=13_thresh=0.7_docnorm=T_tfidf=T.csv
0.335,0.6,0.0,0.0,0.0,0.0,0.0,200,../../lists/estonian_voro/list.estonian_voro.attrib=loo_mpd=13_thresh=0.8_docnorm=F_tfidf=F.csv
0.365,0.55,0.0,0.0,0.0,0.0,0.0,200,../../lists/estonian_voro/list.estonian_voro.attrib=loo_mpd=13_thresh=0.8_docnorm=F_tfidf=T.csv
0.555,0.365,0.0,0.0,0.0,0.0,0.0,200,../../lists/estonian_voro/list.estonian_voro.attrib=loo_mpd=13_thresh=0.8_docnorm=T_tfidf=F.csv
0.58,0.34,0.0,0.0,0.0,0.0,0.0,200,../../lists/estonian_voro/list.estonian_voro.attrib=loo_mpd=13_thresh=0.8_docnorm=T_tfidf=T.csv
0.32,0.615,0.0,0.0,0.0,0.0,0.0,200,../../lists/estonian_voro/list.estonian_voro.attrib=loo_mpd=13_thresh=0.9_docnorm=F_tfidf=F.csv
0.335,0.59,0.0,0.0,0.0,0.0,0.0,200,../../lists/estonian_voro/list.estonian_voro.attrib=loo_mpd=13_thresh=0.9_docnorm=F_tfidf=T.csv
0.5,0.425,0.0,0.0,0.0,0.0,0.0,200,../../lists/estonian_voro/list.estonian_voro.attrib=loo_mpd=13_thresh=0.9_docnorm=T_tfidf=F.csv
0.495,0.425,0.0,0.0,0.0,0.0,0.0,200,../../lists/estonian_voro/list.estonian_voro.attrib=loo_mpd=13_thresh=0.9_docnorm=T_tfidf=T.csv
0.28,0.665,0.0,0.0,0.0,0.0,0.0,200,../../lists/estonian_voro/list.estonian_voro.attrib=loo_mpd=13_thresh=1.0_docnorm=F_tfidf=F.csv
0.295,0.65,0.0,0.0,0.0,0.0,0.0,200,../../lists/estonian_voro/list.estonian_voro.attrib=loo_mpd=13_thresh=1.0_docnorm=F_tfidf=T.csv
0.33,0.615,0.0,0.0,0.0,0.0,0.0,200,../../lists/estonian_voro/list.estonian_voro.attrib=loo_mpd=13_thresh=1.0_docnorm=T_tfidf=F.csv
0.34,0.605,0.0,0.0,0.0,0.0,0.0,200,../../lists/estonian_voro/list.estonian_voro.attrib=loo_mpd=13_thresh=1.0_docnorm=T_tfidf=T.csv
0.355,0.53,0.0,0.035,0.055,0.055,0.07,200,../../lists/estonian_voro/list.estonian_voro.attrib=loo_mpd=14_thresh=0.1_docnorm=F_tfidf=F.csv
0.425,0.38,0.05,0.105,0.14,0.145,0.185,200,../../lists/estonian_voro/list.estonian_voro.attrib=loo_mpd=14_thresh=0.1_docnorm=F_tfidf=T.csv
0.42,0.015,0.89,0.96,0.995,0.995,0.995,200,../../lists/estonian_voro/list.estonian_voro.attrib=loo_mpd=14_thresh=0.1_docnorm=T_tfidf=F.csv
0.41,0.02,0.855,0.94,0.975,0.98,0.98,200,../../lists/estonian_voro/list.estonian_voro.attrib=loo_mpd=14_thresh=0.1_docnorm=T_tfidf=T.csv
0.37,0.53,0.0,0.01,0.03,0.035,0.05,200,../../lists/estonian_voro/list.estonian_voro.attrib=loo_mpd=14_thresh=0.2_docnorm=F_tfidf=F.csv
0.43,0.415,0.0,0.03,0.075,0.085,0.125,200,../../lists/estonian_voro/list.estonian_voro.attrib=loo_mpd=14_thresh=0.2_docnorm=F_tfidf=T.csv
0.645,0.065,0.0,0.205,0.53,0.73,0.835,200,../../lists/estonian_voro/list.estonian_voro.attrib=loo_mpd=14_thresh=0.2_docnorm=T_tfidf=F.csv
0.675,0.075,0.0,0.18,0.485,0.65,0.795,200,../../lists/estonian_voro/list.estonian_voro.attrib=loo_mpd=14_thresh=0.2_docnorm=T_tfidf=T.csv
0.375,0.55,0.0,0.0,0.0,0.005,0.02,200,../../lists/estonian_voro/list.estonian_voro.attrib=loo_mpd=14_thresh=0.3_docnorm=F_tfidf=F.csv
0.46,0.435,0.0,0.0,0.0,0.015,0.075,200,../../lists/estonian_voro/list.estonian_voro.attrib=loo_mpd=14_thresh=0.3_docnorm=F_tfidf=T.csv
0.71,0.125,0.0,0.0,0.005,0.21,0.425,200,../../lists/estonian_voro/list.estonian_voro.attrib=loo_mpd=14_thresh=0.3_docnorm=T_tfidf=F.csv
0.72,0.135,0.0,0.0,0.005,0.195,0.41,200,../../lists/estonian_voro/list.estonian_voro.attrib=loo_mpd=14_thresh=0.3_docnorm=T_tfidf=T.csv
0.375,0.555,0.0,0.0,0.0,0.0,0.0,200,../../lists/estonian_voro/list.estonian_voro.attrib=loo_mpd=14_thresh=0.4_docnorm=F_tfidf=F.csv
0.44,0.46,0.0,0.0,0.0,0.0,0.03,200,../../lists/estonian_voro/list.estonian_voro.attrib=loo_mpd=14_thresh=0.4_docnorm=F_tfidf=T.csv
0.705,0.145,0.0,0.0,0.0,0.0,0.13,200,../../lists/estonian_voro/list.estonian_voro.attrib=loo_mpd=14_thresh=0.4_docnorm=T_tfidf=F.csv
0.71,0.16,0.0,0.0,0.0,0.0,0.125,200,../../lists/estonian_voro/list.estonian_voro.attrib=loo_mpd=14_thresh=0.4_docnorm=T_tfidf=T.csv
0.375,0.56,0.0,0.0,0.0,0.0,0.0,200,../../lists/estonian_voro/list.estonian_voro.attrib=loo_mpd=14_thresh=0.5_docnorm=F_tfidf=F.csv
0.42,0.48,0.0,0.0,0.0,0.0,0.0,200,../../lists/estonian_voro/list.estonian_voro.attrib=loo_mpd=14_thresh=0.5_docnorm=F_tfidf=T.csv
0.685,0.175,0.0,0.0,0.0,0.0,0.0,200,../../lists/estonian_voro/list.estonian_voro.attrib=loo_mpd=14_thresh=0.5_docnorm=T_tfidf=F.csv
0.7,0.18,0.0,0.0,0.0,0.0,0.0,200,../../lists/estonian_voro/list.estonian_voro.attrib=loo_mpd=14_thresh=0.5_docnorm=T_tfidf=T.csv
0.365,0.57,0.0,0.0,0.0,0.0,0.0,200,../../lists/estonian_voro/list.estonian_voro.attrib=loo_mpd=14_thresh=0.6_docnorm=F_tfidf=F.csv
0.405,0.5,0.0,0.0,0.0,0.0,0.0,200,../../lists/estonian_voro/list.estonian_voro.attrib=loo_mpd=14_thresh=0.6_docnorm=F_tfidf=T.csv
0.63,0.245,0.0,0.0,0.0,0.0,0.0,200,../../lists/estonian_voro/list.estonian_voro.attrib=loo_mpd=14_thresh=0.6_docnorm=T_tfidf=F.csv
0.655,0.25,0.0,0.0,0.0,0.0,0.0,200,../../lists/estonian_voro/list.estonian_voro.attrib=loo_mpd=14_thresh=0.6_docnorm=T_tfidf=T.csv
0.355,0.58,0.0,0.0,0.0,0.0,0.0,200,../../lists/estonian_voro/list.estonian_voro.attrib=loo_mpd=14_thresh=0.7_docnorm=F_tfidf=F.csv
0.41,0.505,0.0,0.0,0.0,0.0,0.0,200,../../lists/estonian_voro/list.estonian_voro.attrib=loo_mpd=14_thresh=0.7_docnorm=F_tfidf=T.csv
0.615,0.295,0.0,0.0,0.0,0.0,0.0,200,../../lists/estonian_voro/list.estonian_voro.attrib=loo_mpd=14_thresh=0.7_docnorm=T_tfidf=F.csv
0.625,0.285,0.0,0.0,0.0,0.0,0.0,200,../../lists/estonian_voro/list.estonian_voro.attrib=loo_mpd=14_thresh=0.7_docnorm=T_tfidf=T.csv
0.335,0.6,0.0,0.0,0.0,0.0,0.0,200,../../lists/estonian_voro/list.estonian_voro.attrib=loo_mpd=14_thresh=0.8_docnorm=F_tfidf=F.csv
0.365,0.55,0.0,0.0,0.0,0.0,0.0,200,../../lists/estonian_voro/list.estonian_voro.attrib=loo_mpd=14_thresh=0.8_docnorm=F_tfidf=T.csv
0.555,0.365,0.0,0.0,0.0,0.0,0.0,200,../../lists/estonian_voro/list.estonian_voro.attrib=loo_mpd=14_thresh=0.8_docnorm=T_tfidf=F.csv
0.575,0.345,0.0,0.0,0.0,0.0,0.0,200,../../lists/estonian_voro/list.estonian_voro.attrib=loo_mpd=14_thresh=0.8_docnorm=T_tfidf=T.csv
0.32,0.615,0.0,0.0,0.0,0.0,0.0,200,../../lists/estonian_voro/list.estonian_voro.attrib=loo_mpd=14_thresh=0.9_docnorm=F_tfidf=F.csv
0.335,0.59,0.0,0.0,0.0,0.0,0.0,200,../../lists/estonian_voro/list.estonian_voro.attrib=loo_mpd=14_thresh=0.9_docnorm=F_tfidf=T.csv
0.5,0.425,0.0,0.0,0.0,0.0,0.0,200,../../lists/estonian_voro/list.estonian_voro.attrib=loo_mpd=14_thresh=0.9_docnorm=T_tfidf=F.csv
0.5,0.42,0.0,0.0,0.0,0.0,0.0,200,../../lists/estonian_voro/list.estonian_voro.attrib=loo_mpd=14_thresh=0.9_docnorm=T_tfidf=T.csv
0.285,0.66,0.0,0.0,0.0,0.0,0.0,200,../../lists/estonian_voro/list.estonian_voro.attrib=loo_mpd=14_thresh=1.0_docnorm=F_tfidf=F.csv
0.3,0.645,0.0,0.0,0.0,0.0,0.0,200,../../lists/estonian_voro/list.estonian_voro.attrib=loo_mpd=14_thresh=1.0_docnorm=F_tfidf=T.csv
0.335,0.605,0.0,0.0,0.0,0.0,0.0,200,../../lists/estonian_voro/list.estonian_voro.attrib=loo_mpd=14_thresh=1.0_docnorm=T_tfidf=F.csv
0.35,0.595,0.0,0.0,0.0,0.0,0.0,200,../../lists/estonian_voro/list.estonian_voro.attrib=loo_mpd=14_thresh=1.0_docnorm=T_tfidf=T.csv
0.355,0.53,0.0,0.035,0.055,0.055,0.07,200,../../lists/estonian_voro/list.estonian_voro.attrib=loo_mpd=15_thresh=0.1_docnorm=F_tfidf=F.csv
0.425,0.38,0.05,0.105,0.14,0.145,0.185,200,../../lists/estonian_voro/list.estonian_voro.attrib=loo_mpd=15_thresh=0.1_docnorm=F_tfidf=T.csv
0.415,0.015,0.895,0.96,0.995,0.995,0.995,200,../../lists/estonian_voro/list.estonian_voro.attrib=loo_mpd=15_thresh=0.1_docnorm=T_tfidf=F.csv
0.405,0.025,0.86,0.935,0.975,0.98,0.98,200,../../lists/estonian_voro/list.estonian_voro.attrib=loo_mpd=15_thresh=0.1_docnorm=T_tfidf=T.csv
0.37,0.53,0.0,0.01,0.03,0.035,0.05,200,../../lists/estonian_voro/list.estonian_voro.attrib=loo_mpd=15_thresh=0.2_docnorm=F_tfidf=F.csv
0.43,0.415,0.0,0.03,0.075,0.085,0.125,200,../../lists/estonian_voro/list.estonian_voro.attrib=loo_mpd=15_thresh=0.2_docnorm=F_tfidf=T.csv
0.65,0.065,0.0,0.205,0.53,0.735,0.835,200,../../lists/estonian_voro/list.estonian_voro.attrib=loo_mpd=15_thresh=0.2_docnorm=T_tfidf=F.csv
0.68,0.075,0.0,0.18,0.485,0.655,0.795,200,../../lists/estonian_voro/list.estonian_voro.attrib=loo_mpd=15_thresh=0.2_docnorm=T_tfidf=T.csv
0.375,0.55,0.0,0.0,0.0,0.005,0.02,200,../../lists/estonian_voro/list.estonian_voro.attrib=loo_mpd=15_thresh=0.3_docnorm=F_tfidf=F.csv
0.46,0.435,0.0,0.0,0.0,0.015,0.08,200,../../lists/estonian_voro/list.estonian_voro.attrib=loo_mpd=15_thresh=0.3_docnorm=F_tfidf=T.csv
0.72,0.13,0.0,0.0,0.005,0.215,0.43,200,../../lists/estonian_voro/list.estonian_voro.attrib=loo_mpd=15_thresh=0.3_docnorm=T_tfidf=F.csv
0.72,0.14,0.0,0.0,0.005,0.195,0.415,200,../../lists/estonian_voro/list.estonian_voro.attrib=loo_mpd=15_thresh=0.3_docnorm=T_tfidf=T.csv
0.375,0.555,0.0,0.0,0.0,0.0,0.0,200,../../lists/estonian_voro/list.estonian_voro.attrib=loo_mpd=15_thresh=0.4_docnorm=F_tfidf=F.csv
0.44,0.46,0.0,0.0,0.0,0.0,0.03,200,../../lists/estonian_voro/list.estonian_voro.attrib=loo_mpd=15_thresh=0.4_docnorm=F_tfidf=T.csv
0.69,0.15,0.0,0.0,0.0,0.0,0.135,200,../../lists/estonian_voro/list.estonian_voro.attrib=loo_mpd=15_thresh=0.4_docnorm=T_tfidf=F.csv
0.705,0.155,0.0,0.0,0.0,0.0,0.13,200,../../lists/estonian_voro/list.estonian_voro.attrib=loo_mpd=15_thresh=0.4_docnorm=T_tfidf=T.csv
0.375,0.56,0.0,0.0,0.0,0.0,0.0,200,../../lists/estonian_voro/list.estonian_voro.attrib=loo_mpd=15_thresh=0.5_docnorm=F_tfidf=F.csv
0.42,0.48,0.0,0.0,0.0,0.0,0.0,200,../../lists/estonian_voro/list.estonian_voro.attrib=loo_mpd=15_thresh=0.5_docnorm=F_tfidf=T.csv
0.685,0.18,0.0,0.0,0.0,0.0,0.0,200,../../lists/estonian_voro/list.estonian_voro.attrib=loo_mpd=15_thresh=0.5_docnorm=T_tfidf=F.csv
0.7,0.175,0.0,0.0,0.0,0.0,0.0,200,../../lists/estonian_voro/list.estonian_voro.attrib=loo_mpd=15_thresh=0.5_docnorm=T_tfidf=T.csv
0.365,0.57,0.0,0.0,0.0,0.0,0.0,200,../../lists/estonian_voro/list.estonian_voro.attrib=loo_mpd=15_thresh=0.6_docnorm=F_tfidf=F.csv
0.405,0.5,0.0,0.0,0.0,0.0,0.0,200,../../lists/estonian_voro/list.estonian_voro.attrib=loo_mpd=15_thresh=0.6_docnorm=F_tfidf=T.csv
0.625,0.25,0.0,0.0,0.0,0.0,0.0,200,../../lists/estonian_voro/list.estonian_voro.attrib=loo_mpd=15_thresh=0.6_docnorm=T_tfidf=F.csv
0.655,0.25,0.0,0.0,0.0,0.0,0.0,200,../../lists/estonian_voro/list.estonian_voro.attrib=loo_mpd=15_thresh=0.6_docnorm=T_tfidf=T.csv
0.355,0.58,0.0,0.0,0.0,0.0,0.0,200,../../lists/estonian_voro/list.estonian_voro.attrib=loo_mpd=15_thresh=0.7_docnorm=F_tfidf=F.csv
0.41,0.505,0.0,0.0,0.0,0.0,0.0,200,../../lists/estonian_voro/list.estonian_voro.attrib=loo_mpd=15_thresh=0.7_docnorm=F_tfidf=T.csv
0.615,0.295,0.0,0.0,0.0,0.0,0.0,200,../../lists/estonian_voro/list.estonian_voro.attrib=loo_mpd=15_thresh=0.7_docnorm=T_tfidf=F.csv
0.62,0.29,0.0,0.0,0.0,0.0,0.0,200,../../lists/estonian_voro/list.estonian_voro.attrib=loo_mpd=15_thresh=0.7_docnorm=T_tfidf=T.csv
0.335,0.6,0.0,0.0,0.0,0.0,0.0,200,../../lists/estonian_voro/list.estonian_voro.attrib=loo_mpd=15_thresh=0.8_docnorm=F_tfidf=F.csv
0.365,0.55,0.0,0.0,0.0,0.0,0.0,200,../../lists/estonian_voro/list.estonian_voro.attrib=loo_mpd=15_thresh=0.8_docnorm=F_tfidf=T.csv
0.555,0.365,0.0,0.0,0.0,0.0,0.0,200,../../lists/estonian_voro/list.estonian_voro.attrib=loo_mpd=15_thresh=0.8_docnorm=T_tfidf=F.csv
0.58,0.345,0.0,0.0,0.0,0.0,0.0,200,../../lists/estonian_voro/list.estonian_voro.attrib=loo_mpd=15_thresh=0.8_docnorm=T_tfidf=T.csv
0.32,0.615,0.0,0.0,0.0,0.0,0.0,200,../../lists/estonian_voro/list.estonian_voro.attrib=loo_mpd=15_thresh=0.9_docnorm=F_tfidf=F.csv
0.335,0.59,0.0,0.0,0.0,0.0,0.0,200,../../lists/estonian_voro/list.estonian_voro.attrib=loo_mpd=15_thresh=0.9_docnorm=F_tfidf=T.csv
0.5,0.425,0.0,0.0,0.0,0.0,0.0,200,../../lists/estonian_voro/list.estonian_voro.attrib=loo_mpd=15_thresh=0.9_docnorm=T_tfidf=F.csv
0.5,0.42,0.0,0.0,0.0,0.0,0.0,200,../../lists/estonian_voro/list.estonian_voro.attrib=loo_mpd=15_thresh=0.9_docnorm=T_tfidf=T.csv
0.285,0.66,0.0,0.0,0.0,0.0,0.0,200,../../lists/estonian_voro/list.estonian_voro.attrib=loo_mpd=15_thresh=1.0_docnorm=F_tfidf=F.csv
0.3,0.645,0.0,0.0,0.0,0.0,0.0,200,../../lists/estonian_voro/list.estonian_voro.attrib=loo_mpd=15_thresh=1.0_docnorm=F_tfidf=T.csv
0.34,0.6,0.0,0.0,0.0,0.0,0.0,200,../../lists/estonian_voro/list.estonian_voro.attrib=loo_mpd=15_thresh=1.0_docnorm=T_tfidf=F.csv
0.355,0.59,0.0,0.0,0.0,0.0,0.0,200,../../lists/estonian_voro/list.estonian_voro.attrib=loo_mpd=15_thresh=1.0_docnorm=T_tfidf=T.csv
0.355,0.53,0.0,0.035,0.055,0.055,0.07,200,../../lists/estonian_voro/list.estonian_voro.attrib=loo_mpd=16_thresh=0.1_docnorm=F_tfidf=F.csv
0.425,0.38,0.05,0.105,0.14,0.145,0.185,200,../../lists/estonian_voro/list.estonian_voro.attrib=loo_mpd=16_thresh=0.1_docnorm=F_tfidf=T.csv
0.415,0.015,0.895,0.96,0.995,0.995,0.995,200,../../lists/estonian_voro/list.estonian_voro.attrib=loo_mpd=16_thresh=0.1_docnorm=T_tfidf=F.csv
0.405,0.025,0.86,0.935,0.975,0.98,0.98,200,../../lists/estonian_voro/list.estonian_voro.attrib=loo_mpd=16_thresh=0.1_docnorm=T_tfidf=T.csv
0.37,0.53,0.0,0.01,0.03,0.035,0.05,200,../../lists/estonian_voro/list.estonian_voro.attrib=loo_mpd=16_thresh=0.2_docnorm=F_tfidf=F.csv
0.43,0.415,0.0,0.03,0.075,0.085,0.125,200,../../lists/estonian_voro/list.estonian_voro.attrib=loo_mpd=16_thresh=0.2_docnorm=F_tfidf=T.csv
0.65,0.07,0.0,0.205,0.535,0.735,0.835,200,../../lists/estonian_voro/list.estonian_voro.attrib=loo_mpd=16_thresh=0.2_docnorm=T_tfidf=F.csv
0.68,0.075,0.0,0.18,0.495,0.66,0.8,200,../../lists/estonian_voro/list.estonian_voro.attrib=loo_mpd=16_thresh=0.2_docnorm=T_tfidf=T.csv
0.375,0.55,0.0,0.0,0.0,0.005,0.02,200,../../lists/estonian_voro/list.estonian_voro.attrib=loo_mpd=16_thresh=0.3_docnorm=F_tfidf=F.csv
0.46,0.435,0.0,0.0,0.0,0.015,0.08,200,../../lists/estonian_voro/list.estonian_voro.attrib=loo_mpd=16_thresh=0.3_docnorm=F_tfidf=T.csv
0.72,0.13,0.0,0.0,0.005,0.22,0.435,200,../../lists/estonian_voro/list.estonian_voro.attrib=loo_mpd=16_thresh=0.3_docnorm=T_tfidf=F.csv
0.715,0.14,0.0,0.0,0.005,0.2,0.42,200,../../lists/estonian_voro/list.estonian_voro.attrib=loo_mpd=16_thresh=0.3_docnorm=T_tfidf=T.csv
0.375,0.555,0.0,0.0,0.0,0.0,0.0,200,../../lists/estonian_voro/list.estonian_voro.attrib=loo_mpd=16_thresh=0.4_docnorm=F_tfidf=F.csv
0.445,0.455,0.0,0.0,0.0,0.0,0.03,200,../../lists/estonian_voro/list.estonian_voro.attrib=loo_mpd=16_thresh=0.4_docnorm=F_tfidf=T.csv
0.7,0.135,0.0,0.0,0.0,0.0,0.135,200,../../lists/estonian_voro/list.estonian_voro.attrib=loo_mpd=16_thresh=0.4_docnorm=T_tfidf=F.csv
0.71,0.15,0.0,0.0,0.0,0.0,0.13,200,../../lists/estonian_voro/list.estonian_voro.attrib=loo_mpd=16_thresh=0.4_docnorm=T_tfidf=T.csv
0.375,0.56,0.0,0.0,0.0,0.0,0.0,200,../../lists/estonian_voro/list.estonian_voro.attrib=loo_mpd=16_thresh=0.5_docnorm=F_tfidf=F.csv
0.42,0.48,0.0,0.0,0.0,0.0,0.0,200,../../lists/estonian_voro/list.estonian_voro.attrib=loo_mpd=16_thresh=0.5_docnorm=F_tfidf=T.csv
0.685,0.18,0.0,0.0,0.0,0.0,0.0,200,../../lists/estonian_voro/list.estonian_voro.attrib=loo_mpd=16_thresh=0.5_docnorm=T_tfidf=F.csv
0.7,0.175,0.0,0.0,0.0,0.0,0.0,200,../../lists/estonian_voro/list.estonian_voro.attrib=loo_mpd=16_thresh=0.5_docnorm=T_tfidf=T.csv
0.365,0.57,0.0,0.0,0.0,0.0,0.0,200,../../lists/estonian_voro/list.estonian_voro.attrib=loo_mpd=16_thresh=0.6_docnorm=F_tfidf=F.csv
0.405,0.5,0.0,0.0,0.0,0.0,0.0,200,../../lists/estonian_voro/list.estonian_voro.attrib=loo_mpd=16_thresh=0.6_docnorm=F_tfidf=T.csv
0.625,0.25,0.0,0.0,0.0,0.0,0.0,200,../../lists/estonian_voro/list.estonian_voro.attrib=loo_mpd=16_thresh=0.6_docnorm=T_tfidf=F.csv
0.66,0.245,0.0,0.0,0.0,0.0,0.0,200,../../lists/estonian_voro/list.estonian_voro.attrib=loo_mpd=16_thresh=0.6_docnorm=T_tfidf=T.csv
0.35,0.585,0.0,0.0,0.0,0.0,0.0,200,../../lists/estonian_voro/list.estonian_voro.attrib=loo_mpd=16_thresh=0.7_docnorm=F_tfidf=F.csv
0.41,0.505,0.0,0.0,0.0,0.0,0.0,200,../../lists/estonian_voro/list.estonian_voro.attrib=loo_mpd=16_thresh=0.7_docnorm=F_tfidf=T.csv
0.615,0.295,0.0,0.0,0.0,0.0,0.0,200,../../lists/estonian_voro/list.estonian_voro.attrib=loo_mpd=16_thresh=0.7_docnorm=T_tfidf=F.csv
0.62,0.285,0.0,0.0,0.0,0.0,0.0,200,../../lists/estonian_voro/list.estonian_voro.attrib=loo_mpd=16_thresh=0.7_docnorm=T_tfidf=T.csv
0.335,0.6,0.0,0.0,0.0,0.0,0.0,200,../../lists/estonian_voro/list.estonian_voro.attrib=loo_mpd=16_thresh=0.8_docnorm=F_tfidf=F.csv
0.36,0.555,0.0,0.0,0.0,0.0,0.0,200,../../lists/estonian_voro/list.estonian_voro.attrib=loo_mpd=16_thresh=0.8_docnorm=F_tfidf=T.csv
0.56,0.355,0.0,0.0,0.0,0.0,0.0,200,../../lists/estonian_voro/list.estonian_voro.attrib=loo_mpd=16_thresh=0.8_docnorm=T_tfidf=F.csv
0.58,0.345,0.0,0.0,0.0,0.0,0.0,200,../../lists/estonian_voro/list.estonian_voro.attrib=loo_mpd=16_thresh=0.8_docnorm=T_tfidf=T.csv
0.32,0.615,0.0,0.0,0.0,0.0,0.0,200,../../lists/estonian_voro/list.estonian_voro.attrib=loo_mpd=16_thresh=0.9_docnorm=F_tfidf=F.csv
0.335,0.59,0.0,0.0,0.0,0.0,0.0,200,../../lists/estonian_voro/list.estonian_voro.attrib=loo_mpd=16_thresh=0.9_docnorm=F_tfidf=T.csv
0.5,0.42,0.0,0.0,0.0,0.0,0.0,200,../../lists/estonian_voro/list.estonian_voro.attrib=loo_mpd=16_thresh=0.9_docnorm=T_tfidf=F.csv
0.5,0.425,0.0,0.0,0.0,0.0,0.0,200,../../lists/estonian_voro/list.estonian_voro.attrib=loo_mpd=16_thresh=0.9_docnorm=T_tfidf=T.csv
0.295,0.65,0.0,0.0,0.0,0.0,0.0,200,../../lists/estonian_voro/list.estonian_voro.attrib=loo_mpd=16_thresh=1.0_docnorm=F_tfidf=F.csv
0.305,0.64,0.0,0.0,0.0,0.0,0.0,200,../../lists/estonian_voro/list.estonian_voro.attrib=loo_mpd=16_thresh=1.0_docnorm=F_tfidf=T.csv
0.35,0.585,0.0,0.0,0.0,0.0,0.0,200,../../lists/estonian_voro/list.estonian_voro.attrib=loo_mpd=16_thresh=1.0_docnorm=T_tfidf=F.csv
0.365,0.58,0.0,0.0,0.0,0.0,0.0,200,../../lists/estonian_voro/list.estonian_voro.attrib=loo_mpd=16_thresh=1.0_docnorm=T_tfidf=T.csv
0.355,0.53,0.0,0.035,0.055,0.055,0.07,200,../../lists/estonian_voro/list.estonian_voro.attrib=loo_mpd=17_thresh=0.1_docnorm=F_tfidf=F.csv
0.425,0.38,0.05,0.105,0.14,0.145,0.185,200,../../lists/estonian_voro/list.estonian_voro.attrib=loo_mpd=17_thresh=0.1_docnorm=F_tfidf=T.csv
0.415,0.015,0.895,0.96,0.995,0.995,0.995,200,../../lists/estonian_voro/list.estonian_voro.attrib=loo_mpd=17_thresh=0.1_docnorm=T_tfidf=F.csv
0.405,0.025,0.86,0.935,0.975,0.98,0.98,200,../../lists/estonian_voro/list.estonian_voro.attrib=loo_mpd=17_thresh=0.1_docnorm=T_tfidf=T.csv
0.37,0.53,0.0,0.01,0.03,0.035,0.05,200,../../lists/estonian_voro/list.estonian_voro.attrib=loo_mpd=17_thresh=0.2_docnorm=F_tfidf=F.csv
0.43,0.415,0.0,0.03,0.075,0.085,0.125,200,../../lists/estonian_voro/list.estonian_voro.attrib=loo_mpd=17_thresh=0.2_docnorm=F_tfidf=T.csv
0.66,0.06,0.0,0.215,0.545,0.75,0.845,200,../../lists/estonian_voro/list.estonian_voro.attrib=loo_mpd=17_thresh=0.2_docnorm=T_tfidf=F.csv
0.685,0.075,0.0,0.185,0.495,0.655,0.795,200,../../lists/estonian_voro/list.estonian_voro.attrib=loo_mpd=17_thresh=0.2_docnorm=T_tfidf=T.csv
0.375,0.55,0.0,0.0,0.0,0.005,0.02,200,../../lists/estonian_voro/list.estonian_voro.attrib=loo_mpd=17_thresh=0.3_docnorm=F_tfidf=F.csv
0.455,0.44,0.0,0.0,0.0,0.015,0.08,200,../../lists/estonian_voro/list.estonian_voro.attrib=loo_mpd=17_thresh=0.3_docnorm=F_tfidf=T.csv
0.715,0.13,0.0,0.0,0.005,0.225,0.44,200,../../lists/estonian_voro/list.estonian_voro.attrib=loo_mpd=17_thresh=0.3_docnorm=T_tfidf=F.csv
0.71,0.145,0.0,0.0,0.005,0.205,0.43,200,../../lists/estonian_voro/list.estonian_voro.attrib=loo_mpd=17_thresh=0.3_docnorm=T_tfidf=T.csv
0.375,0.555,0.0,0.0,0.0,0.0,0.0,200,../../lists/estonian_voro/list.estonian_voro.attrib=loo_mpd=17_thresh=0.4_docnorm=F_tfidf=F.csv
0.445,0.455,0.0,0.0,0.0,0.0,0.03,200,../../lists/estonian_voro/list.estonian_voro.attrib=loo_mpd=17_thresh=0.4_docnorm=F_tfidf=T.csv
0.7,0.135,0.0,0.0,0.0,0.0,0.135,200,../../lists/estonian_voro/list.estonian_voro.attrib=loo_mpd=17_thresh=0.4_docnorm=T_tfidf=F.csv
0.705,0.155,0.0,0.0,0.0,0.0,0.13,200,../../lists/estonian_voro/list.estonian_voro.attrib=loo_mpd=17_thresh=0.4_docnorm=T_tfidf=T.csv
0.375,0.56,0.0,0.0,0.0,0.0,0.0,200,../../lists/estonian_voro/list.estonian_voro.attrib=loo_mpd=17_thresh=0.5_docnorm=F_tfidf=F.csv
0.42,0.48,0.0,0.0,0.0,0.0,0.0,200,../../lists/estonian_voro/list.estonian_voro.attrib=loo_mpd=17_thresh=0.5_docnorm=F_tfidf=T.csv
0.685,0.18,0.0,0.0,0.0,0.0,0.0,200,../../lists/estonian_voro/list.estonian_voro.attrib=loo_mpd=17_thresh=0.5_docnorm=T_tfidf=F.csv
0.7,0.18,0.0,0.0,0.0,0.0,0.0,200,../../lists/estonian_voro/list.estonian_voro.attrib=loo_mpd=17_thresh=0.5_docnorm=T_tfidf=T.csv
0.365,0.57,0.0,0.0,0.0,0.0,0.0,200,../../lists/estonian_voro/list.estonian_voro.attrib=loo_mpd=17_thresh=0.6_docnorm=F_tfidf=F.csv
0.405,0.5,0.0,0.0,0.0,0.0,0.0,200,../../lists/estonian_voro/list.estonian_voro.attrib=loo_mpd=17_thresh=0.6_docnorm=F_tfidf=T.csv
0.625,0.25,0.0,0.0,0.0,0.0,0.0,200,../../lists/estonian_voro/list.estonian_voro.attrib=loo_mpd=17_thresh=0.6_docnorm=T_tfidf=F.csv
0.66,0.245,0.0,0.0,0.0,0.0,0.0,200,../../lists/estonian_voro/list.estonian_voro.attrib=loo_mpd=17_thresh=0.6_docnorm=T_tfidf=T.csv
0.35,0.585,0.0,0.0,0.0,0.0,0.0,200,../../lists/estonian_voro/list.estonian_voro.attrib=loo_mpd=17_thresh=0.7_docnorm=F_tfidf=F.csv
0.41,0.505,0.0,0.0,0.0,0.0,0.0,200,../../lists/estonian_voro/list.estonian_voro.attrib=loo_mpd=17_thresh=0.7_docnorm=F_tfidf=T.csv
0.615,0.29,0.0,0.0,0.0,0.0,0.0,200,../../lists/estonian_voro/list.estonian_voro.attrib=loo_mpd=17_thresh=0.7_docnorm=T_tfidf=F.csv
0.62,0.285,0.0,0.0,0.0,0.0,0.0,200,../../lists/estonian_voro/list.estonian_voro.attrib=loo_mpd=17_thresh=0.7_docnorm=T_tfidf=T.csv
0.335,0.6,0.0,0.0,0.0,0.0,0.0,200,../../lists/estonian_voro/list.estonian_voro.attrib=loo_mpd=17_thresh=0.8_docnorm=F_tfidf=F.csv
0.365,0.55,0.0,0.0,0.0,0.0,0.0,200,../../lists/estonian_voro/list.estonian_voro.attrib=loo_mpd=17_thresh=0.8_docnorm=F_tfidf=T.csv
0.565,0.35,0.0,0.0,0.0,0.0,0.0,200,../../lists/estonian_voro/list.estonian_voro.attrib=loo_mpd=17_thresh=0.8_docnorm=T_tfidf=F.csv
0.58,0.345,0.0,0.0,0.0,0.0,0.0,200,../../lists/estonian_voro/list.estonian_voro.attrib=loo_mpd=17_thresh=0.8_docnorm=T_tfidf=T.csv
0.32,0.615,0.0,0.0,0.0,0.0,0.0,200,../../lists/estonian_voro/list.estonian_voro.attrib=loo_mpd=17_thresh=0.9_docnorm=F_tfidf=F.csv
0.335,0.59,0.0,0.0,0.0,0.0,0.0,200,../../lists/estonian_voro/list.estonian_voro.attrib=loo_mpd=17_thresh=0.9_docnorm=F_tfidf=T.csv
0.5,0.42,0.0,0.0,0.0,0.0,0.0,200,../../lists/estonian_voro/list.estonian_voro.attrib=loo_mpd=17_thresh=0.9_docnorm=T_tfidf=F.csv
0.5,0.42,0.0,0.0,0.0,0.0,0.0,200,../../lists/estonian_voro/list.estonian_voro.attrib=loo_mpd=17_thresh=0.9_docnorm=T_tfidf=T.csv
0.295,0.65,0.0,0.0,0.0,0.0,0.0,200,../../lists/estonian_voro/list.estonian_voro.attrib=loo_mpd=17_thresh=1.0_docnorm=F_tfidf=F.csv
0.305,0.64,0.0,0.0,0.0,0.0,0.0,200,../../lists/estonian_voro/list.estonian_voro.attrib=loo_mpd=17_thresh=1.0_docnorm=F_tfidf=T.csv
0.355,0.58,0.0,0.0,0.0,0.0,0.0,200,../../lists/estonian_voro/list.estonian_voro.attrib=loo_mpd=17_thresh=1.0_docnorm=T_tfidf=F.csv
0.37,0.575,0.0,0.0,0.0,0.0,0.0,200,../../lists/estonian_voro/list.estonian_voro.attrib=loo_mpd=17_thresh=1.0_docnorm=T_tfidf=T.csv
0.355,0.53,0.0,0.035,0.055,0.055,0.07,200,../../lists/estonian_voro/list.estonian_voro.attrib=loo_mpd=18_thresh=0.1_docnorm=F_tfidf=F.csv
0.425,0.38,0.05,0.105,0.14,0.145,0.185,200,../../lists/estonian_voro/list.estonian_voro.attrib=loo_mpd=18_thresh=0.1_docnorm=F_tfidf=T.csv
0.415,0.015,0.895,0.96,0.995,0.995,0.995,200,../../lists/estonian_voro/list.estonian_voro.attrib=loo_mpd=18_thresh=0.1_docnorm=T_tfidf=F.csv
0.405,0.025,0.86,0.935,0.975,0.98,0.98,200,../../lists/estonian_voro/list.estonian_voro.attrib=loo_mpd=18_thresh=0.1_docnorm=T_tfidf=T.csv
0.37,0.53,0.0,0.01,0.03,0.035,0.05,200,../../lists/estonian_voro/list.estonian_voro.attrib=loo_mpd=18_thresh=0.2_docnorm=F_tfidf=F.csv
0.43,0.415,0.0,0.03,0.075,0.085,0.125,200,../../lists/estonian_voro/list.estonian_voro.attrib=loo_mpd=18_thresh=0.2_docnorm=F_tfidf=T.csv
0.655,0.065,0.0,0.215,0.55,0.75,0.84,200,../../lists/estonian_voro/list.estonian_voro.attrib=loo_mpd=18_thresh=0.2_docnorm=T_tfidf=F.csv
0.685,0.075,0.0,0.185,0.495,0.655,0.795,200,../../lists/estonian_voro/list.estonian_voro.attrib=loo_mpd=18_thresh=0.2_docnorm=T_tfidf=T.csv
0.375,0.55,0.0,0.0,0.0,0.005,0.02,200,../../lists/estonian_voro/list.estonian_voro.attrib=loo_mpd=18_thresh=0.3_docnorm=F_tfidf=F.csv
0.455,0.44,0.0,0.0,0.0,0.015,0.08,200,../../lists/estonian_voro/list.estonian_voro.attrib=loo_mpd=18_thresh=0.3_docnorm=F_tfidf=T.csv
0.715,0.13,0.0,0.0,0.005,0.225,0.44,200,../../lists/estonian_voro/list.estonian_voro.attrib=loo_mpd=18_thresh=0.3_docnorm=T_tfidf=F.csv
0.71,0.14,0.0,0.0,0.005,0.21,0.435,200,../../lists/estonian_voro/list.estonian_voro.attrib=loo_mpd=18_thresh=0.3_docnorm=T_tfidf=T.csv
0.375,0.555,0.0,0.0,0.0,0.0,0.0,200,../../lists/estonian_voro/list.estonian_voro.attrib=loo_mpd=18_thresh=0.4_docnorm=F_tfidf=F.csv
0.445,0.455,0.0,0.0,0.0,0.0,0.03,200,../../lists/estonian_voro/list.estonian_voro.attrib=loo_mpd=18_thresh=0.4_docnorm=F_tfidf=T.csv
0.695,0.135,0.0,0.0,0.0,0.0,0.135,200,../../lists/estonian_voro/list.estonian_voro.attrib=loo_mpd=18_thresh=0.4_docnorm=T_tfidf=F.csv
0.7,0.155,0.0,0.0,0.0,0.0,0.13,200,../../lists/estonian_voro/list.estonian_voro.attrib=loo_mpd=18_thresh=0.4_docnorm=T_tfidf=T.csv
0.375,0.56,0.0,0.0,0.0,0.0,0.0,200,../../lists/estonian_voro/list.estonian_voro.attrib=loo_mpd=18_thresh=0.5_docnorm=F_tfidf=F.csv
0.42,0.48,0.0,0.0,0.0,0.0,0.0,200,../../lists/estonian_voro/list.estonian_voro.attrib=loo_mpd=18_thresh=0.5_docnorm=F_tfidf=T.csv
0.685,0.18,0.0,0.0,0.0,0.0,0.0,200,../../lists/estonian_voro/list.estonian_voro.attrib=loo_mpd=18_thresh=0.5_docnorm=T_tfidf=F.csv
0.705,0.18,0.0,0.0,0.0,0.0,0.0,200,../../lists/estonian_voro/list.estonian_voro.attrib=loo_mpd=18_thresh=0.5_docnorm=T_tfidf=T.csv
0.365,0.57,0.0,0.0,0.0,0.0,0.0,200,../../lists/estonian_voro/list.estonian_voro.attrib=loo_mpd=18_thresh=0.6_docnorm=F_tfidf=F.csv
0.405,0.5,0.0,0.0,0.0,0.0,0.0,200,../../lists/estonian_voro/list.estonian_voro.attrib=loo_mpd=18_thresh=0.6_docnorm=F_tfidf=T.csv
0.63,0.25,0.0,0.0,0.0,0.0,0.0,200,../../lists/estonian_voro/list.estonian_voro.attrib=loo_mpd=18_thresh=0.6_docnorm=T_tfidf=F.csv
0.66,0.245,0.0,0.0,0.0,0.0,0.0,200,../../lists/estonian_voro/list.estonian_voro.attrib=loo_mpd=18_thresh=0.6_docnorm=T_tfidf=T.csv
0.35,0.585,0.0,0.0,0.0,0.0,0.0,200,../../lists/estonian_voro/list.estonian_voro.attrib=loo_mpd=18_thresh=0.7_docnorm=F_tfidf=F.csv
0.41,0.505,0.0,0.0,0.0,0.0,0.0,200,../../lists/estonian_voro/list.estonian_voro.attrib=loo_mpd=18_thresh=0.7_docnorm=F_tfidf=T.csv
0.62,0.285,0.0,0.0,0.0,0.0,0.0,200,../../lists/estonian_voro/list.estonian_voro.attrib=loo_mpd=18_thresh=0.7_docnorm=T_tfidf=F.csv
0.62,0.285,0.0,0.0,0.0,0.0,0.0,200,../../lists/estonian_voro/list.estonian_voro.attrib=loo_mpd=18_thresh=0.7_docnorm=T_tfidf=T.csv
0.335,0.6,0.0,0.0,0.0,0.0,0.0,200,../../lists/estonian_voro/list.estonian_voro.attrib=loo_mpd=18_thresh=0.8_docnorm=F_tfidf=F.csv
0.365,0.545,0.0,0.0,0.0,0.0,0.0,200,../../lists/estonian_voro/list.estonian_voro.attrib=loo_mpd=18_thresh=0.8_docnorm=F_tfidf=T.csv
0.565,0.345,0.0,0.0,0.0,0.0,0.0,200,../../lists/estonian_voro/list.estonian_voro.attrib=loo_mpd=18_thresh=0.8_docnorm=T_tfidf=F.csv
0.58,0.34,0.0,0.0,0.0,0.0,0.0,200,../../lists/estonian_voro/list.estonian_voro.attrib=loo_mpd=18_thresh=0.8_docnorm=T_tfidf=T.csv
0.32,0.615,0.0,0.0,0.0,0.0,0.0,200,../../lists/estonian_voro/list.estonian_voro.attrib=loo_mpd=18_thresh=0.9_docnorm=F_tfidf=F.csv
0.335,0.59,0.0,0.0,0.0,0.0,0.0,200,../../lists/estonian_voro/list.estonian_voro.attrib=loo_mpd=18_thresh=0.9_docnorm=F_tfidf=T.csv
0.5,0.42,0.0,0.0,0.0,0.0,0.0,200,../../lists/estonian_voro/list.estonian_voro.attrib=loo_mpd=18_thresh=0.9_docnorm=T_tfidf=F.csv
0.5,0.42,0.0,0.0,0.0,0.0,0.0,200,../../lists/estonian_voro/list.estonian_voro.attrib=loo_mpd=18_thresh=0.9_docnorm=T_tfidf=T.csv
0.295,0.65,0.0,0.0,0.0,0.0,0.0,200,../../lists/estonian_voro/list.estonian_voro.attrib=loo_mpd=18_thresh=1.0_docnorm=F_tfidf=F.csv
0.305,0.64,0.0,0.0,0.0,0.0,0.0,200,../../lists/estonian_voro/list.estonian_voro.attrib=loo_mpd=18_thresh=1.0_docnorm=F_tfidf=T.csv
0.355,0.585,0.0,0.0,0.0,0.0,0.0,200,../../lists/estonian_voro/list.estonian_voro.attrib=loo_mpd=18_thresh=1.0_docnorm=T_tfidf=F.csv
0.37,0.575,0.0,0.0,0.0,0.0,0.0,200,../../lists/estonian_voro/list.estonian_voro.attrib=loo_mpd=18_thresh=1.0_docnorm=T_tfidf=T.csv
0.355,0.53,0.0,0.035,0.055,0.055,0.07,200,../../lists/estonian_voro/list.estonian_voro.attrib=loo_mpd=19_thresh=0.1_docnorm=F_tfidf=F.csv
0.425,0.38,0.05,0.105,0.14,0.145,0.185,200,../../lists/estonian_voro/list.estonian_voro.attrib=loo_mpd=19_thresh=0.1_docnorm=F_tfidf=T.csv
0.415,0.015,0.895,0.96,0.995,0.995,0.995,200,../../lists/estonian_voro/list.estonian_voro.attrib=loo_mpd=19_thresh=0.1_docnorm=T_tfidf=F.csv
0.405,0.025,0.86,0.935,0.975,0.98,0.98,200,../../lists/estonian_voro/list.estonian_voro.attrib=loo_mpd=19_thresh=0.1_docnorm=T_tfidf=T.csv
0.37,0.53,0.0,0.01,0.03,0.035,0.05,200,../../lists/estonian_voro/list.estonian_voro.attrib=loo_mpd=19_thresh=0.2_docnorm=F_tfidf=F.csv
0.43,0.415,0.0,0.03,0.075,0.085,0.125,200,../../lists/estonian_voro/list.estonian_voro.attrib=loo_mpd=19_thresh=0.2_docnorm=F_tfidf=T.csv
0.65,0.07,0.0,0.215,0.55,0.75,0.835,200,../../lists/estonian_voro/list.estonian_voro.attrib=loo_mpd=19_thresh=0.2_docnorm=T_tfidf=F.csv
0.685,0.07,0.0,0.19,0.5,0.665,0.8,200,../../lists/estonian_voro/list.estonian_voro.attrib=loo_mpd=19_thresh=0.2_docnorm=T_tfidf=T.csv
0.375,0.55,0.0,0.0,0.0,0.005,0.02,200,../../lists/estonian_voro/list.estonian_voro.attrib=loo_mpd=19_thresh=0.3_docnorm=F_tfidf=F.csv
0.455,0.44,0.0,0.0,0.0,0.015,0.08,200,../../lists/estonian_voro/list.estonian_voro.attrib=loo_mpd=19_thresh=0.3_docnorm=F_tfidf=T.csv
0.71,0.13,0.0,0.0,0.005,0.225,0.445,200,../../lists/estonian_voro/list.estonian_voro.attrib=loo_mpd=19_thresh=0.3_docnorm=T_tfidf=F.csv
0.715,0.14,0.0,0.0,0.005,0.215,0.44,200,../../lists/estonian_voro/list.estonian_voro.attrib=loo_mpd=19_thresh=0.3_docnorm=T_tfidf=T.csv
0.375,0.555,0.0,0.0,0.0,0.0,0.0,200,../../lists/estonian_voro/list.estonian_voro.attrib=loo_mpd=19_thresh=0.4_docnorm=F_tfidf=F.csv
0.445,0.455,0.0,0.0,0.0,0.0,0.03,200,../../lists/estonian_voro/list.estonian_voro.attrib=loo_mpd=19_thresh=0.4_docnorm=F_tfidf=T.csv
0.695,0.135,0.0,0.0,0.0,0.0,0.135,200,../../lists/estonian_voro/list.estonian_voro.attrib=loo_mpd=19_thresh=0.4_docnorm=T_tfidf=F.csv
0.7,0.155,0.0,0.0,0.0,0.0,0.13,200,../../lists/estonian_voro/list.estonian_voro.attrib=loo_mpd=19_thresh=0.4_docnorm=T_tfidf=T.csv
0.375,0.56,0.0,0.0,0.0,0.0,0.0,200,../../lists/estonian_voro/list.estonian_voro.attrib=loo_mpd=19_thresh=0.5_docnorm=F_tfidf=F.csv
0.42,0.48,0.0,0.0,0.0,0.0,0.0,200,../../lists/estonian_voro/list.estonian_voro.attrib=loo_mpd=19_thresh=0.5_docnorm=F_tfidf=T.csv
0.685,0.175,0.0,0.0,0.0,0.0,0.0,200,../../lists/estonian_voro/list.estonian_voro.attrib=loo_mpd=19_thresh=0.5_docnorm=T_tfidf=F.csv
0.695,0.185,0.0,0.0,0.0,0.0,0.0,200,../../lists/estonian_voro/list.estonian_voro.attrib=loo_mpd=19_thresh=0.5_docnorm=T_tfidf=T.csv
0.365,0.57,0.0,0.0,0.0,0.0,0.0,200,../../lists/estonian_voro/list.estonian_voro.attrib=loo_mpd=19_thresh=0.6_docnorm=F_tfidf=F.csv
0.405,0.5,0.0,0.0,0.0,0.0,0.0,200,../../lists/estonian_voro/list.estonian_voro.attrib=loo_mpd=19_thresh=0.6_docnorm=F_tfidf=T.csv
0.63,0.25,0.0,0.0,0.0,0.0,0.0,200,../../lists/estonian_voro/list.estonian_voro.attrib=loo_mpd=19_thresh=0.6_docnorm=T_tfidf=F.csv
0.66,0.245,0.0,0.0,0.0,0.0,0.0,200,../../lists/estonian_voro/list.estonian_voro.attrib=loo_mpd=19_thresh=0.6_docnorm=T_tfidf=T.csv
0.35,0.585,0.0,0.0,0.0,0.0,0.0,200,../../lists/estonian_voro/list.estonian_voro.attrib=loo_mpd=19_thresh=0.7_docnorm=F_tfidf=F.csv
0.41,0.505,0.0,0.0,0.0,0.0,0.0,200,../../lists/estonian_voro/list.estonian_voro.attrib=loo_mpd=19_thresh=0.7_docnorm=F_tfidf=T.csv
0.62,0.285,0.0,0.0,0.0,0.0,0.0,200,../../lists/estonian_voro/list.estonian_voro.attrib=loo_mpd=19_thresh=0.7_docnorm=T_tfidf=F.csv
0.615,0.29,0.0,0.0,0.0,0.0,0.0,200,../../lists/estonian_voro/list.estonian_voro.attrib=loo_mpd=19_thresh=0.7_docnorm=T_tfidf=T.csv
0.34,0.595,0.0,0.0,0.0,0.0,0.0,200,../../lists/estonian_voro/list.estonian_voro.attrib=loo_mpd=19_thresh=0.8_docnorm=F_tfidf=F.csv
0.37,0.54,0.0,0.0,0.0,0.0,0.0,200,../../lists/estonian_voro/list.estonian_voro.attrib=loo_mpd=19_thresh=0.8_docnorm=F_tfidf=T.csv
0.575,0.34,0.0,0.0,0.0,0.0,0.0,200,../../lists/estonian_voro/list.estonian_voro.attrib=loo_mpd=19_thresh=0.8_docnorm=T_tfidf=F.csv
0.585,0.335,0.0,0.0,0.0,0.0,0.0,200,../../lists/estonian_voro/list.estonian_voro.attrib=loo_mpd=19_thresh=0.8_docnorm=T_tfidf=T.csv
0.32,0.615,0.0,0.0,0.0,0.0,0.0,200,../../lists/estonian_voro/list.estonian_voro.attrib=loo_mpd=19_thresh=0.9_docnorm=F_tfidf=F.csv
0.335,0.59,0.0,0.0,0.0,0.0,0.0,200,../../lists/estonian_voro/list.estonian_voro.attrib=loo_mpd=19_thresh=0.9_docnorm=F_tfidf=T.csv
0.505,0.415,0.0,0.0,0.0,0.0,0.0,200,../../lists/estonian_voro/list.estonian_voro.attrib=loo_mpd=19_thresh=0.9_docnorm=T_tfidf=F.csv
0.505,0.42,0.0,0.0,0.0,0.0,0.0,200,../../lists/estonian_voro/list.estonian_voro.attrib=loo_mpd=19_thresh=0.9_docnorm=T_tfidf=T.csv
0.295,0.65,0.0,0.0,0.0,0.0,0.0,200,../../lists/estonian_voro/list.estonian_voro.attrib=loo_mpd=19_thresh=1.0_docnorm=F_tfidf=F.csv
0.3,0.645,0.0,0.0,0.0,0.0,0.0,200,../../lists/estonian_voro/list.estonian_voro.attrib=loo_mpd=19_thresh=1.0_docnorm=F_tfidf=T.csv
0.355,0.58,0.0,0.0,0.0,0.0,0.0,200,../../lists/estonian_voro/list.estonian_voro.attrib=loo_mpd=19_thresh=1.0_docnorm=T_tfidf=F.csv
0.365,0.58,0.0,0.0,0.0,0.0,0.0,200,../../lists/estonian_voro/list.estonian_voro.attrib=loo_mpd=19_thresh=1.0_docnorm=T_tfidf=T.csv
0.385,0.49,0.0,0.04,0.06,0.065,0.085,200,../../lists/estonian_voro/list.estonian_voro.attrib=loo_mpd=1_thresh=0.1_docnorm=F_tfidf=F.csv
0.425,0.365,0.06,0.125,0.16,0.17,0.21,200,../../lists/estonian_voro/list.estonian_voro.attrib=loo_mpd=1_thresh=0.1_docnorm=F_tfidf=T.csv
0.485,0.045,0.695,0.85,0.915,0.94,0.95,200,../../lists/estonian_voro/list.estonian_voro.attrib=loo_mpd=1_thresh=0.1_docnorm=T_tfidf=F.csv
0.455,0.045,0.695,0.81,0.88,0.9,0.92,200,../../lists/estonian_voro/list.estonian_voro.attrib=loo_mpd=1_thresh=0.1_docnorm=T_tfidf=T.csv
0.395,0.495,0.0,0.01,0.035,0.04,0.06,200,../../lists/estonian_voro/list.estonian_voro.attrib=loo_mpd=1_thresh=0.2_docnorm=F_tfidf=F.csv
0.45,0.39,0.0,0.015,0.065,0.07,0.12,200,../../lists/estonian_voro/list.estonian_voro.attrib=loo_mpd=1_thresh=0.2_docnorm=F_tfidf=T.csv
0.645,0.17,0.0,0.03,0.115,0.17,0.29,200,../../lists/estonian_voro/list.estonian_voro.attrib=loo_mpd=1_thresh=0.2_docnorm=T_tfidf=F.csv
0.65,0.175,0.0,0.035,0.11,0.17,0.3,200,../../lists/estonian_voro/list.estonian_voro.attrib=loo_mpd=1_thresh=0.2_docnorm=T_tfidf=T.csv
0.42,0.5,0.0,0.0,0.0,0.0,0.01,200,../../lists/estonian_voro/list.estonian_voro.attrib=loo_mpd=1_thresh=0.3_docnorm=F_tfidf=F.csv
0.465,0.44,0.0,0.0,0.0,0.0,0.01,200,../../lists/estonian_voro/list.estonian_voro.attrib=loo_mpd=1_thresh=0.3_docnorm=F_tfidf=T.csv
0.63,0.27,0.0,0.0,0.0,0.0,0.015,200,../../lists/estonian_voro/list.estonian_voro.attrib=loo_mpd=1_thresh=0.3_docnorm=T_tfidf=F.csv
0.63,0.27,0.0,0.0,0.0,0.0,0.015,200,../../lists/estonian_voro/list.estonian_voro.attrib=loo_mpd=1_thresh=0.3_docnorm=T_tfidf=T.csv
0.405,0.52,0.0,0.0,0.0,0.0,0.0,200,../../lists/estonian_voro/list.estonian_voro.attrib=loo_mpd=1_thresh=0.4_docnorm=F_tfidf=F.csv
0.425,0.48,0.0,0.0,0.0,0.0,0.0,200,../../lists/estonian_voro/list.estonian_voro.attrib=loo_mpd=1_thresh=0.4_docnorm=F_tfidf=T.csv
0.545,0.375,0.0,0.0,0.0,0.0,0.0,200,../../lists/estonian_voro/list.estonian_voro.attrib=loo_mpd=1_thresh=0.4_docnorm=T_tfidf=F.csv
0.575,0.34,0.0,0.0,0.0,0.0,0.0,200,../../lists/estonian_voro/list.estonian_voro.attrib=loo_mpd=1_thresh=0.4_docnorm=T_tfidf=T.csv
0.405,0.52,0.0,0.0,0.0,0.0,0.0,200,../../lists/estonian_voro/list.estonian_voro.attrib=loo_mpd=1_thresh=0.5_docnorm=F_tfidf=F.csv
0.41,0.505,0.0,0.0,0.0,0.0,0.0,200,../../lists/estonian_voro/list.estonian_voro.attrib=loo_mpd=1_thresh=0.5_docnorm=F_tfidf=T.csv
0.475,0.45,0.0,0.0,0.0,0.0,0.0,200,../../lists/estonian_voro/list.estonian_voro.attrib=loo_mpd=1_thresh=0.5_docnorm=T_tfidf=F.csv
0.5,0.415,0.0,0.0,0.0,0.0,0.0,200,../../lists/estonian_voro/list.estonian_voro.attrib=loo_mpd=1_thresh=0.5_docnorm=T_tfidf=T.csv
0.385,0.545,0.0,0.0,0.0,0.0,0.0,200,../../lists/estonian_voro/list.estonian_voro.attrib=loo_mpd=1_thresh=0.6_docnorm=F_tfidf=F.csv
0.395,0.535,0.0,0.0,0.0,0.0,0.0,200,../../lists/estonian_voro/list.estonian_voro.attrib=loo_mpd=1_thresh=0.6_docnorm=F_tfidf=T.csv
0.44,0.495,0.0,0.0,0.0,0.0,0.0,200,../../lists/estonian_voro/list.estonian_voro.attrib=loo_mpd=1_thresh=0.6_docnorm=T_tfidf=F.csv
0.47,0.465,0.0,0.0,0.0,0.0,0.0,200,../../lists/estonian_voro/list.estonian_voro.attrib=loo_mpd=1_thresh=0.6_docnorm=T_tfidf=T.csv
0.37,0.555,0.0,0.0,0.0,0.0,0.0,200,../../lists/estonian_voro/list.estonian_voro.attrib=loo_mpd=1_thresh=0.7_docnorm=F_tfidf=F.csv
0.38,0.55,0.0,0.0,0.0,0.0,0.0,200,../../lists/estonian_voro/list.estonian_voro.attrib=loo_mpd=1_thresh=0.7_docnorm=F_tfidf=T.csv
0.405,0.525,0.0,0.0,0.0,0.0,0.0,200,../../lists/estonian_voro/list.estonian_voro.attrib=loo_mpd=1_thresh=0.7_docnorm=T_tfidf=F.csv
0.415,0.515,0.0,0.0,0.0,0.0,0.0,200,../../lists/estonian_voro/list.estonian_voro.attrib=loo_mpd=1_thresh=0.7_docnorm=T_tfidf=T.csv
0.3783783783783784,0.5459459459459459,0.0,0.0,0.0,0.0,0.0,185,../../lists/estonian_voro/list.estonian_voro.attrib=loo_mpd=1_thresh=0.8_docnorm=F_tfidf=F.csv
0.372972972972973,0.5567567567567567,0.0,0.0,0.0,0.0,0.0,185,../../lists/estonian_voro/list.estonian_voro.attrib=loo_mpd=1_thresh=0.8_docnorm=F_tfidf=T.csv
0.3675675675675676,0.5621621621621622,0.0,0.0,0.0,0.0,0.0,185,../../lists/estonian_voro/list.estonian_voro.attrib=loo_mpd=1_thresh=0.8_docnorm=T_tfidf=F.csv
0.3783783783783784,0.5513513513513514,0.0,0.0,0.0,0.0,0.0,185,../../lists/estonian_voro/list.estonian_voro.attrib=loo_mpd=1_thresh=0.8_docnorm=T_tfidf=T.csv
0.30578512396694213,0.628099173553719,0.0,0.0,0.0,0.0,0.0,121,../../lists/estonian_voro/list.estonian_voro.attrib=loo_mpd=1_thresh=0.9_docnorm=F_tfidf=F.csv
0.3008130081300813,0.6341463414634146,0.0,0.0,0.0,0.0,0.0,123,../../lists/estonian_voro/list.estonian_voro.attrib=loo_mpd=1_thresh=0.9_docnorm=F_tfidf=T.csv
0.30578512396694213,0.628099173553719,0.0,0.0,0.0,0.0,0.0,121,../../lists/estonian_voro/list.estonian_voro.attrib=loo_mpd=1_thresh=0.9_docnorm=T_tfidf=F.csv
0.3008130081300813,0.6341463414634146,0.0,0.0,0.0,0.0,0.0,123,../../lists/estonian_voro/list.estonian_voro.attrib=loo_mpd=1_thresh=0.9_docnorm=T_tfidf=T.csv
0.07142857142857142,0.8928571428571429,0.0,0.0,0.0,0.0,0.0,28,../../lists/estonian_voro/list.estonian_voro.attrib=loo_mpd=1_thresh=1.0_docnorm=F_tfidf=F.csv
0.07407407407407407,0.8888888888888888,0.0,0.0,0.0,0.0,0.0,27,../../lists/estonian_voro/list.estonian_voro.attrib=loo_mpd=1_thresh=1.0_docnorm=F_tfidf=T.csv
0.07142857142857142,0.8928571428571429,0.0,0.0,0.0,0.0,0.0,28,../../lists/estonian_voro/list.estonian_voro.attrib=loo_mpd=1_thresh=1.0_docnorm=T_tfidf=F.csv
0.07407407407407407,0.8888888888888888,0.0,0.0,0.0,0.0,0.0,27,../../lists/estonian_voro/list.estonian_voro.attrib=loo_mpd=1_thresh=1.0_docnorm=T_tfidf=T.csv
0.355,0.53,0.0,0.035,0.055,0.055,0.07,200,../../lists/estonian_voro/list.estonian_voro.attrib=loo_mpd=20_thresh=0.1_docnorm=F_tfidf=F.csv
0.425,0.38,0.05,0.105,0.14,0.145,0.185,200,../../lists/estonian_voro/list.estonian_voro.attrib=loo_mpd=20_thresh=0.1_docnorm=F_tfidf=T.csv
0.415,0.015,0.895,0.96,0.995,0.995,0.995,200,../../lists/estonian_voro/list.estonian_voro.attrib=loo_mpd=20_thresh=0.1_docnorm=T_tfidf=F.csv
0.405,0.02,0.865,0.94,0.975,0.98,0.98,200,../../lists/estonian_voro/list.estonian_voro.attrib=loo_mpd=20_thresh=0.1_docnorm=T_tfidf=T.csv
0.37,0.53,0.0,0.01,0.03,0.035,0.05,200,../../lists/estonian_voro/list.estonian_voro.attrib=loo_mpd=20_thresh=0.2_docnorm=F_tfidf=F.csv
0.43,0.415,0.0,0.03,0.075,0.085,0.125,200,../../lists/estonian_voro/list.estonian_voro.attrib=loo_mpd=20_thresh=0.2_docnorm=F_tfidf=T.csv
0.645,0.07,0.0,0.215,0.55,0.755,0.84,200,../../lists/estonian_voro/list.estonian_voro.attrib=loo_mpd=20_thresh=0.2_docnorm=T_tfidf=F.csv
0.68,0.07,0.0,0.185,0.495,0.665,0.8,200,../../lists/estonian_voro/list.estonian_voro.attrib=loo_mpd=20_thresh=0.2_docnorm=T_tfidf=T.csv
0.375,0.55,0.0,0.0,0.0,0.005,0.02,200,../../lists/estonian_voro/list.estonian_voro.attrib=loo_mpd=20_thresh=0.3_docnorm=F_tfidf=F.csv
0.455,0.44,0.0,0.0,0.0,0.015,0.08,200,../../lists/estonian_voro/list.estonian_voro.attrib=loo_mpd=20_thresh=0.3_docnorm=F_tfidf=T.csv
0.71,0.13,0.0,0.0,0.005,0.225,0.445,200,../../lists/estonian_voro/list.estonian_voro.attrib=loo_mpd=20_thresh=0.3_docnorm=T_tfidf=F.csv
0.715,0.14,0.0,0.0,0.005,0.215,0.44,200,../../lists/estonian_voro/list.estonian_voro.attrib=loo_mpd=20_thresh=0.3_docnorm=T_tfidf=T.csv
0.375,0.555,0.0,0.0,0.0,0.0,0.0,200,../../lists/estonian_voro/list.estonian_voro.attrib=loo_mpd=20_thresh=0.4_docnorm=F_tfidf=F.csv
0.445,0.455,0.0,0.0,0.0,0.0,0.03,200,../../lists/estonian_voro/list.estonian_voro.attrib=loo_mpd=20_thresh=0.4_docnorm=F_tfidf=T.csv
0.69,0.145,0.0,0.0,0.0,0.0,0.14,200,../../lists/estonian_voro/list.estonian_voro.attrib=loo_mpd=20_thresh=0.4_docnorm=T_tfidf=F.csv
0.695,0.16,0.0,0.0,0.0,0.0,0.13,200,../../lists/estonian_voro/list.estonian_voro.attrib=loo_mpd=20_thresh=0.4_docnorm=T_tfidf=T.csv
0.375,0.56,0.0,0.0,0.0,0.0,0.0,200,../../lists/estonian_voro/list.estonian_voro.attrib=loo_mpd=20_thresh=0.5_docnorm=F_tfidf=F.csv
0.42,0.48,0.0,0.0,0.0,0.0,0.0,200,../../lists/estonian_voro/list.estonian_voro.attrib=loo_mpd=20_thresh=0.5_docnorm=F_tfidf=T.csv
0.69,0.17,0.0,0.0,0.0,0.0,0.0,200,../../lists/estonian_voro/list.estonian_voro.attrib=loo_mpd=20_thresh=0.5_docnorm=T_tfidf=F.csv
0.705,0.17,0.0,0.0,0.0,0.0,0.0,200,../../lists/estonian_voro/list.estonian_voro.attrib=loo_mpd=20_thresh=0.5_docnorm=T_tfidf=T.csv
0.365,0.57,0.0,0.0,0.0,0.0,0.0,200,../../lists/estonian_voro/list.estonian_voro.attrib=loo_mpd=20_thresh=0.6_docnorm=F_tfidf=F.csv
0.405,0.5,0.0,0.0,0.0,0.0,0.0,200,../../lists/estonian_voro/list.estonian_voro.attrib=loo_mpd=20_thresh=0.6_docnorm=F_tfidf=T.csv
0.63,0.25,0.0,0.0,0.0,0.0,0.0,200,../../lists/estonian_voro/list.estonian_voro.attrib=loo_mpd=20_thresh=0.6_docnorm=T_tfidf=F.csv
0.66,0.245,0.0,0.0,0.0,0.0,0.0,200,../../lists/estonian_voro/list.estonian_voro.attrib=loo_mpd=20_thresh=0.6_docnorm=T_tfidf=T.csv
0.35,0.585,0.0,0.0,0.0,0.0,0.0,200,../../lists/estonian_voro/list.estonian_voro.attrib=loo_mpd=20_thresh=0.7_docnorm=F_tfidf=F.csv
0.41,0.505,0.0,0.0,0.0,0.0,0.0,200,../../lists/estonian_voro/list.estonian_voro.attrib=loo_mpd=20_thresh=0.7_docnorm=F_tfidf=T.csv
0.615,0.29,0.0,0.0,0.0,0.0,0.0,200,../../lists/estonian_voro/list.estonian_voro.attrib=loo_mpd=20_thresh=0.7_docnorm=T_tfidf=F.csv
0.62,0.285,0.0,0.0,0.0,0.0,0.0,200,../../lists/estonian_voro/list.estonian_voro.attrib=loo_mpd=20_thresh=0.7_docnorm=T_tfidf=T.csv
0.34,0.595,0.0,0.0,0.0,0.0,0.0,200,../../lists/estonian_voro/list.estonian_voro.attrib=loo_mpd=20_thresh=0.8_docnorm=F_tfidf=F.csv
0.37,0.54,0.0,0.0,0.0,0.0,0.0,200,../../lists/estonian_voro/list.estonian_voro.attrib=loo_mpd=20_thresh=0.8_docnorm=F_tfidf=T.csv
0.57,0.34,0.0,0.0,0.0,0.0,0.0,200,../../lists/estonian_voro/list.estonian_voro.attrib=loo_mpd=20_thresh=0.8_docnorm=T_tfidf=F.csv
0.585,0.33,0.0,0.0,0.0,0.0,0.0,200,../../lists/estonian_voro/list.estonian_voro.attrib=loo_mpd=20_thresh=0.8_docnorm=T_tfidf=T.csv
0.32,0.615,0.0,0.0,0.0,0.0,0.0,200,../../lists/estonian_voro/list.estonian_voro.attrib=loo_mpd=20_thresh=0.9_docnorm=F_tfidf=F.csv
0.335,0.59,0.0,0.0,0.0,0.0,0.0,200,../../lists/estonian_voro/list.estonian_voro.attrib=loo_mpd=20_thresh=0.9_docnorm=F_tfidf=T.csv
0.505,0.415,0.0,0.0,0.0,0.0,0.0,200,../../lists/estonian_voro/list.estonian_voro.attrib=loo_mpd=20_thresh=0.9_docnorm=T_tfidf=F.csv
0.505,0.42,0.0,0.0,0.0,0.0,0.0,200,../../lists/estonian_voro/list.estonian_voro.attrib=loo_mpd=20_thresh=0.9_docnorm=T_tfidf=T.csv
0.29,0.655,0.0,0.0,0.0,0.0,0.0,200,../../lists/estonian_voro/list.estonian_voro.attrib=loo_mpd=20_thresh=1.0_docnorm=F_tfidf=F.csv
0.3,0.645,0.0,0.0,0.0,0.0,0.0,200,../../lists/estonian_voro/list.estonian_voro.attrib=loo_mpd=20_thresh=1.0_docnorm=F_tfidf=T.csv
0.355,0.585,0.0,0.0,0.0,0.0,0.0,200,../../lists/estonian_voro/list.estonian_voro.attrib=loo_mpd=20_thresh=1.0_docnorm=T_tfidf=F.csv
0.365,0.58,0.0,0.0,0.0,0.0,0.0,200,../../lists/estonian_voro/list.estonian_voro.attrib=loo_mpd=20_thresh=1.0_docnorm=T_tfidf=T.csv
0.365,0.52,0.0,0.035,0.055,0.055,0.07,200,../../lists/estonian_voro/list.estonian_voro.attrib=loo_mpd=2_thresh=0.1_docnorm=F_tfidf=F.csv
0.415,0.37,0.06,0.125,0.16,0.165,0.205,200,../../lists/estonian_voro/list.estonian_voro.attrib=loo_mpd=2_thresh=0.1_docnorm=F_tfidf=T.csv
0.455,0.005,0.815,0.945,0.99,0.995,1.0,200,../../lists/estonian_voro/list.estonian_voro.attrib=loo_mpd=2_thresh=0.1_docnorm=T_tfidf=F.csv
0.43,0.02,0.785,0.9,0.955,0.96,0.97,200,../../lists/estonian_voro/list.estonian_voro.attrib=loo_mpd=2_thresh=0.1_docnorm=T_tfidf=T.csv
0.375,0.525,0.0,0.01,0.03,0.03,0.045,200,../../lists/estonian_voro/list.estonian_voro.attrib=loo_mpd=2_thresh=0.2_docnorm=F_tfidf=F.csv
0.435,0.405,0.0,0.015,0.065,0.07,0.12,200,../../lists/estonian_voro/list.estonian_voro.attrib=loo_mpd=2_thresh=0.2_docnorm=F_tfidf=T.csv
0.65,0.14,0.0,0.05,0.225,0.37,0.53,200,../../lists/estonian_voro/list.estonian_voro.attrib=loo_mpd=2_thresh=0.2_docnorm=T_tfidf=F.csv
0.67,0.125,0.0,0.05,0.2,0.32,0.475,200,../../lists/estonian_voro/list.estonian_voro.attrib=loo_mpd=2_thresh=0.2_docnorm=T_tfidf=T.csv
0.395,0.535,0.0,0.0,0.0,0.005,0.005,200,../../lists/estonian_voro/list.estonian_voro.attrib=loo_mpd=2_thresh=0.3_docnorm=F_tfidf=F.csv
0.455,0.44,0.0,0.0,0.0,0.005,0.03,200,../../lists/estonian_voro/list.estonian_voro.attrib=loo_mpd=2_thresh=0.3_docnorm=F_tfidf=T.csv
0.63,0.22,0.0,0.0,0.0,0.025,0.1,200,../../lists/estonian_voro/list.estonian_voro.attrib=loo_mpd=2_thresh=0.3_docnorm=T_tfidf=F.csv
0.645,0.235,0.0,0.0,0.0,0.025,0.1,200,../../lists/estonian_voro/list.estonian_voro.attrib=loo_mpd=2_thresh=0.3_docnorm=T_tfidf=T.csv
0.37,0.555,0.0,0.0,0.0,0.0,0.0,200,../../lists/estonian_voro/list.estonian_voro.attrib=loo_mpd=2_thresh=0.4_docnorm=F_tfidf=F.csv
0.42,0.48,0.0,0.0,0.0,0.0,0.0,200,../../lists/estonian_voro/list.estonian_voro.attrib=loo_mpd=2_thresh=0.4_docnorm=F_tfidf=T.csv
0.62,0.265,0.0,0.0,0.0,0.0,0.0,200,../../lists/estonian_voro/list.estonian_voro.attrib=loo_mpd=2_thresh=0.4_docnorm=T_tfidf=F.csv
0.63,0.265,0.0,0.0,0.0,0.0,0.0,200,../../lists/estonian_voro/list.estonian_voro.attrib=loo_mpd=2_thresh=0.4_docnorm=T_tfidf=T.csv
0.37,0.565,0.0,0.0,0.0,0.0,0.0,200,../../lists/estonian_voro/list.estonian_voro.attrib=loo_mpd=2_thresh=0.5_docnorm=F_tfidf=F.csv
0.415,0.5,0.0,0.0,0.0,0.0,0.0,200,../../lists/estonian_voro/list.estonian_voro.attrib=loo_mpd=2_thresh=0.5_docnorm=F_tfidf=T.csv
0.57,0.34,0.0,0.0,0.0,0.0,0.0,200,../../lists/estonian_voro/list.estonian_voro.attrib=loo_mpd=2_thresh=0.5_docnorm=T_tfidf=F.csv
0.6,0.31,0.0,0.0,0.0,0.0,0.0,200,../../lists/estonian_voro/list.estonian_voro.attrib=loo_mpd=2_thresh=0.5_docnorm=T_tfidf=T.csv
0.36,0.575,0.0,0.0,0.0,0.0,0.0,200,../../lists/estonian_voro/list.estonian_voro.attrib=loo_mpd=2_thresh=0.6_docnorm=F_tfidf=F.csv
0.39,0.525,0.0,0.0,0.0,0.0,0.0,200,../../lists/estonian_voro/list.estonian_voro.attrib=loo_mpd=2_thresh=0.6_docnorm=F_tfidf=T.csv
0.535,0.395,0.0,0.0,0.0,0.0,0.0,200,../../lists/estonian_voro/list.estonian_voro.attrib=loo_mpd=2_thresh=0.6_docnorm=T_tfidf=F.csv
0.55,0.38,0.0,0.0,0.0,0.0,0.0,200,../../lists/estonian_voro/list.estonian_voro.attrib=loo_mpd=2_thresh=0.6_docnorm=T_tfidf=T.csv
0.36,0.575,0.0,0.0,0.0,0.0,0.0,200,../../lists/estonian_voro/list.estonian_voro.attrib=loo_mpd=2_thresh=0.7_docnorm=F_tfidf=F.csv
0.385,0.55,0.0,0.0,0.0,0.0,0.0,200,../../lists/estonian_voro/list.estonian_voro.attrib=loo_mpd=2_thresh=0.7_docnorm=F_tfidf=T.csv
0.475,0.47,0.0,0.0,0.0,0.0,0.0,200,../../lists/estonian_voro/list.estonian_voro.attrib=loo_mpd=2_thresh=0.7_docnorm=T_tfidf=F.csv
0.485,0.455,0.0,0.0,0.0,0.0,0.0,200,../../lists/estonian_voro/list.estonian_voro.attrib=loo_mpd=2_thresh=0.7_docnorm=T_tfidf=T.csv
0.325,0.605,0.0,0.0,0.0,0.0,0.0,200,../../lists/estonian_voro/list.estonian_voro.attrib=loo_mpd=2_thresh=0.8_docnorm=F_tfidf=F.csv
0.345,0.59,0.0,0.0,0.0,0.0,0.0,200,../../lists/estonian_voro/list.estonian_voro.attrib=loo_mpd=2_thresh=0.8_docnorm=F_tfidf=T.csv
0.405,0.53,0.0,0.0,0.0,0.0,0.0,200,../../lists/estonian_voro/list.estonian_voro.attrib=loo_mpd=2_thresh=0.8_docnorm=T_tfidf=F.csv
0.42,0.51,0.0,0.0,0.0,0.0,0.0,200,../../lists/estonian_voro/list.estonian_voro.attrib=loo_mpd=2_thresh=0.8_docnorm=T_tfidf=T.csv
0.33,0.61,0.0,0.0,0.0,0.0,0.0,200,../../lists/estonian_voro/list.estonian_voro.attrib=loo_mpd=2_thresh=0.9_docnorm=F_tfidf=F.csv
0.335,0.6,0.0,0.0,0.0,0.0,0.0,200,../../lists/estonian_voro/list.estonian_voro.attrib=loo_mpd=2_thresh=0.9_docnorm=F_tfidf=T.csv
0.375,0.57,0.0,0.0,0.0,0.0,0.0,200,../../lists/estonian_voro/list.estonian_voro.attrib=loo_mpd=2_thresh=0.9_docnorm=T_tfidf=F.csv
0.375,0.565,0.0,0.0,0.0,0.0,0.0,200,../../lists/estonian_voro/list.estonian_voro.attrib=loo_mpd=2_thresh=0.9_docnorm=T_tfidf=T.csv
0.18446601941747573,0.7475728155339806,0.0,0.0,0.0,0.0,0.0,103,../../lists/estonian_voro/list.estonian_voro.attrib=loo_mpd=2_thresh=1.0_docnorm=F_tfidf=F.csv
0.18811881188118812,0.7326732673267327,0.0,0.0,0.0,0.0,0.0,101,../../lists/estonian_voro/list.estonian_voro.attrib=loo_mpd=2_thresh=1.0_docnorm=F_tfidf=T.csv
0.18446601941747573,0.7475728155339806,0.0,0.0,0.0,0.0,0.0,103,../../lists/estonian_voro/list.estonian_voro.attrib=loo_mpd=2_thresh=1.0_docnorm=T_tfidf=F.csv
0.18811881188118812,0.7326732673267327,0.0,0.0,0.0,0.0,0.0,101,../../lists/estonian_voro/list.estonian_voro.attrib=loo_mpd=2_thresh=1.0_docnorm=T_tfidf=T.csv
0.355,0.53,0.0,0.035,0.055,0.055,0.07,200,../../lists/estonian_voro/list.estonian_voro.attrib=loo_mpd=3_thresh=0.1_docnorm=F_tfidf=F.csv
0.42,0.38,0.055,0.11,0.145,0.15,0.19,200,../../lists/estonian_voro/list.estonian_voro.attrib=loo_mpd=3_thresh=0.1_docnorm=F_tfidf=T.csv
0.44,0.015,0.835,0.95,0.995,0.995,0.995,200,../../lists/estonian_voro/list.estonian_voro.attrib=loo_mpd=3_thresh=0.1_docnorm=T_tfidf=F.csv
0.425,0.02,0.795,0.91,0.965,0.97,0.975,200,../../lists/estonian_voro/list.estonian_voro.attrib=loo_mpd=3_thresh=0.1_docnorm=T_tfidf=T.csv
0.365,0.535,0.0,0.01,0.03,0.03,0.045,200,../../lists/estonian_voro/list.estonian_voro.attrib=loo_mpd=3_thresh=0.2_docnorm=F_tfidf=F.csv
0.425,0.415,0.0,0.015,0.065,0.075,0.12,200,../../lists/estonian_voro/list.estonian_voro.attrib=loo_mpd=3_thresh=0.2_docnorm=F_tfidf=T.csv
0.665,0.085,0.0,0.105,0.315,0.5,0.655,200,../../lists/estonian_voro/list.estonian_voro.attrib=loo_mpd=3_thresh=0.2_docnorm=T_tfidf=F.csv
0.67,0.1,0.0,0.105,0.28,0.44,0.605,200,../../lists/estonian_voro/list.estonian_voro.attrib=loo_mpd=3_thresh=0.2_docnorm=T_tfidf=T.csv
0.385,0.545,0.0,0.0,0.0,0.005,0.005,200,../../lists/estonian_voro/list.estonian_voro.attrib=loo_mpd=3_thresh=0.3_docnorm=F_tfidf=F.csv
0.46,0.44,0.0,0.0,0.0,0.005,0.045,200,../../lists/estonian_voro/list.estonian_voro.attrib=loo_mpd=3_thresh=0.3_docnorm=F_tfidf=T.csv
0.675,0.17,0.0,0.0,0.0,0.06,0.19,200,../../lists/estonian_voro/list.estonian_voro.attrib=loo_mpd=3_thresh=0.3_docnorm=T_tfidf=F.csv
0.7,0.165,0.0,0.0,0.0,0.06,0.195,200,../../lists/estonian_voro/list.estonian_voro.attrib=loo_mpd=3_thresh=0.3_docnorm=T_tfidf=T.csv
0.375,0.555,0.0,0.0,0.0,0.0,0.0,200,../../lists/estonian_voro/list.estonian_voro.attrib=loo_mpd=3_thresh=0.4_docnorm=F_tfidf=F.csv
0.425,0.48,0.0,0.0,0.0,0.0,0.005,200,../../lists/estonian_voro/list.estonian_voro.attrib=loo_mpd=3_thresh=0.4_docnorm=F_tfidf=T.csv
0.62,0.235,0.0,0.0,0.0,0.0,0.015,200,../../lists/estonian_voro/list.estonian_voro.attrib=loo_mpd=3_thresh=0.4_docnorm=T_tfidf=F.csv
0.61,0.255,0.0,0.0,0.0,0.0,0.015,200,../../lists/estonian_voro/list.estonian_voro.attrib=loo_mpd=3_thresh=0.4_docnorm=T_tfidf=T.csv
0.375,0.56,0.0,0.0,0.0,0.0,0.0,200,../../lists/estonian_voro/list.estonian_voro.attrib=loo_mpd=3_thresh=0.5_docnorm=F_tfidf=F.csv
0.41,0.5,0.0,0.0,0.0,0.0,0.0,200,../../lists/estonian_voro/list.estonian_voro.attrib=loo_mpd=3_thresh=0.5_docnorm=F_tfidf=T.csv
0.625,0.275,0.0,0.0,0.0,0.0,0.0,200,../../lists/estonian_voro/list.estonian_voro.attrib=loo_mpd=3_thresh=0.5_docnorm=T_tfidf=F.csv
0.615,0.275,0.0,0.0,0.0,0.0,0.0,200,../../lists/estonian_voro/list.estonian_voro.attrib=loo_mpd=3_thresh=0.5_docnorm=T_tfidf=T.csv
0.37,0.565,0.0,0.0,0.0,0.0,0.0,200,../../lists/estonian_voro/list.estonian_voro.attrib=loo_mpd=3_thresh=0.6_docnorm=F_tfidf=F.csv
0.405,0.515,0.0,0.0,0.0,0.0,0.0,200,../../lists/estonian_voro/list.estonian_voro.attrib=loo_mpd=3_thresh=0.6_docnorm=F_tfidf=T.csv
0.58,0.33,0.0,0.0,0.0,0.0,0.0,200,../../lists/estonian_voro/list.estonian_voro.attrib=loo_mpd=3_thresh=0.6_docnorm=T_tfidf=F.csv
0.575,0.335,0.0,0.0,0.0,0.0,0.0,200,../../lists/estonian_voro/list.estonian_voro.attrib=loo_mpd=3_thresh=0.6_docnorm=T_tfidf=T.csv
0.34,0.595,0.0,0.0,0.0,0.0,0.0,200,../../lists/estonian_voro/list.estonian_voro.attrib=loo_mpd=3_thresh=0.7_docnorm=F_tfidf=F.csv
0.365,0.555,0.0,0.0,0.0,0.0,0.0,200,../../lists/estonian_voro/list.estonian_voro.attrib=loo_mpd=3_thresh=0.7_docnorm=F_tfidf=T.csv
0.52,0.405,0.0,0.0,0.0,0.0,0.0,200,../../lists/estonian_voro/list.estonian_voro.attrib=loo_mpd=3_thresh=0.7_docnorm=T_tfidf=F.csv
0.515,0.415,0.0,0.0,0.0,0.0,0.0,200,../../lists/estonian_voro/list.estonian_voro.attrib=loo_mpd=3_thresh=0.7_docnorm=T_tfidf=T.csv
0.35,0.585,0.0,0.0,0.0,0.0,0.0,200,../../lists/estonian_voro/list.estonian_voro.attrib=loo_mpd=3_thresh=0.8_docnorm=F_tfidf=F.csv
0.37,0.565,0.0,0.0,0.0,0.0,0.0,200,../../lists/estonian_voro/list.estonian_voro.attrib=loo_mpd=3_thresh=0.8_docnorm=F_tfidf=T.csv
0.485,0.46,0.0,0.0,0.0,0.0,0.0,200,../../lists/estonian_voro/list.estonian_voro.attrib=loo_mpd=3_thresh=0.8_docnorm=T_tfidf=F.csv
0.495,0.445,0.0,0.0,0.0,0.0,0.0,200,../../lists/estonian_voro/list.estonian_voro.attrib=loo_mpd=3_thresh=0.8_docnorm=T_tfidf=T.csv
0.325,0.615,0.0,0.0,0.0,0.0,0.0,200,../../lists/estonian_voro/list.estonian_voro.attrib=loo_mpd=3_thresh=0.9_docnorm=F_tfidf=F.csv
0.34,0.605,0.0,0.0,0.0,0.0,0.0,200,../../lists/estonian_voro/list.estonian_voro.attrib=loo_mpd=3_thresh=0.9_docnorm=F_tfidf=T.csv
0.405,0.545,0.0,0.0,0.0,0.0,0.0,200,../../lists/estonian_voro/list.estonian_voro.attrib=loo_mpd=3_thresh=0.9_docnorm=T_tfidf=F.csv
0.415,0.525,0.0,0.0,0.0,0.0,0.0,200,../../lists/estonian_voro/list.estonian_voro.attrib=loo_mpd=3_thresh=0.9_docnorm=T_tfidf=T.csv
0.25125628140703515,0.7035175879396985,0.0,0.0,0.0,0.0,0.0,199,../../lists/estonian_voro/list.estonian_voro.attrib=loo_mpd=3_thresh=1.0_docnorm=F_tfidf=F.csv
0.25252525252525254,0.702020202020202,0.0,0.0,0.0,0.0,0.0,198,../../lists/estonian_voro/list.estonian_voro.attrib=loo_mpd=3_thresh=1.0_docnorm=F_tfidf=T.csv
0.2562814070351759,0.6984924623115578,0.0,0.0,0.0,0.0,0.0,199,../../lists/estonian_voro/list.estonian_voro.attrib=loo_mpd=3_thresh=1.0_docnorm=T_tfidf=F.csv
0.2474747474747475,0.7070707070707071,0.0,0.0,0.0,0.0,0.0,198,../../lists/estonian_voro/list.estonian_voro.attrib=loo_mpd=3_thresh=1.0_docnorm=T_tfidf=T.csv
0.355,0.53,0.0,0.035,0.055,0.055,0.07,200,../../lists/estonian_voro/list.estonian_voro.attrib=loo_mpd=4_thresh=0.1_docnorm=F_tfidf=F.csv
0.425,0.38,0.05,0.105,0.14,0.145,0.185,200,../../lists/estonian_voro/list.estonian_voro.attrib=loo_mpd=4_thresh=0.1_docnorm=F_tfidf=T.csv
0.43,0.015,0.865,0.955,0.995,0.995,0.995,200,../../lists/estonian_voro/list.estonian_voro.attrib=loo_mpd=4_thresh=0.1_docnorm=T_tfidf=F.csv
0.41,0.025,0.83,0.925,0.96,0.965,0.975,200,../../lists/estonian_voro/list.estonian_voro.attrib=loo_mpd=4_thresh=0.1_docnorm=T_tfidf=T.csv
0.365,0.535,0.0,0.01,0.03,0.03,0.045,200,../../lists/estonian_voro/list.estonian_voro.attrib=loo_mpd=4_thresh=0.2_docnorm=F_tfidf=F.csv
0.435,0.41,0.0,0.02,0.07,0.09,0.125,200,../../lists/estonian_voro/list.estonian_voro.attrib=loo_mpd=4_thresh=0.2_docnorm=F_tfidf=T.csv
0.645,0.095,0.0,0.135,0.395,0.6,0.72,200,../../lists/estonian_voro/list.estonian_voro.attrib=loo_mpd=4_thresh=0.2_docnorm=T_tfidf=F.csv
0.69,0.09,0.0,0.115,0.335,0.505,0.665,200,../../lists/estonian_voro/list.estonian_voro.attrib=loo_mpd=4_thresh=0.2_docnorm=T_tfidf=T.csv
0.385,0.545,0.0,0.0,0.0,0.005,0.005,200,../../lists/estonian_voro/list.estonian_voro.attrib=loo_mpd=4_thresh=0.3_docnorm=F_tfidf=F.csv
0.455,0.445,0.0,0.0,0.0,0.005,0.045,200,../../lists/estonian_voro/list.estonian_voro.attrib=loo_mpd=4_thresh=0.3_docnorm=F_tfidf=T.csv
0.695,0.15,0.0,0.0,0.0,0.105,0.265,200,../../lists/estonian_voro/list.estonian_voro.attrib=loo_mpd=4_thresh=0.3_docnorm=T_tfidf=F.csv
0.7,0.165,0.0,0.0,0.0,0.1,0.26,200,../../lists/estonian_voro/list.estonian_voro.attrib=loo_mpd=4_thresh=0.3_docnorm=T_tfidf=T.csv
0.38,0.55,0.0,0.0,0.0,0.0,0.0,200,../../lists/estonian_voro/list.estonian_voro.attrib=loo_mpd=4_thresh=0.4_docnorm=F_tfidf=F.csv
0.43,0.465,0.0,0.0,0.0,0.0,0.015,200,../../lists/estonian_voro/list.estonian_voro.attrib=loo_mpd=4_thresh=0.4_docnorm=F_tfidf=T.csv
0.65,0.185,0.0,0.0,0.0,0.0,0.035,200,../../lists/estonian_voro/list.estonian_voro.attrib=loo_mpd=4_thresh=0.4_docnorm=T_tfidf=F.csv
0.65,0.19,0.0,0.0,0.0,0.0,0.04,200,../../lists/estonian_voro/list.estonian_voro.attrib=loo_mpd=4_thresh=0.4_docnorm=T_tfidf=T.csv
0.375,0.56,0.0,0.0,0.0,0.0,0.0,200,../../lists/estonian_voro/list.estonian_voro.attrib=loo_mpd=4_thresh=0.5_docnorm=F_tfidf=F.csv
0.41,0.495,0.0,0.0,0.0,0.0,0.0,200,../../lists/estonian_voro/list.estonian_voro.attrib=loo_mpd=4_thresh=0.5_docnorm=F_tfidf=T.csv
0.65,0.24,0.0,0.0,0.0,0.0,0.0,200,../../lists/estonian_voro/list.estonian_voro.attrib=loo_mpd=4_thresh=0.5_docnorm=T_tfidf=F.csv
0.655,0.245,0.0,0.0,0.0,0.0,0.0,200,../../lists/estonian_voro/list.estonian_voro.attrib=loo_mpd=4_thresh=0.5_docnorm=T_tfidf=T.csv
0.36,0.575,0.0,0.0,0.0,0.0,0.0,200,../../lists/estonian_voro/list.estonian_voro.attrib=loo_mpd=4_thresh=0.6_docnorm=F_tfidf=F.csv
0.42,0.5,0.0,0.0,0.0,0.0,0.0,200,../../lists/estonian_voro/list.estonian_voro.attrib=loo_mpd=4_thresh=0.6_docnorm=F_tfidf=T.csv
0.6,0.31,0.0,0.0,0.0,0.0,0.0,200,../../lists/estonian_voro/list.estonian_voro.attrib=loo_mpd=4_thresh=0.6_docnorm=T_tfidf=F.csv
0.635,0.285,0.0,0.0,0.0,0.0,0.0,200,../../lists/estonian_voro/list.estonian_voro.attrib=loo_mpd=4_thresh=0.6_docnorm=T_tfidf=T.csv
0.34,0.595,0.0,0.0,0.0,0.0,0.0,200,../../lists/estonian_voro/list.estonian_voro.attrib=loo_mpd=4_thresh=0.7_docnorm=F_tfidf=F.csv
0.38,0.54,0.0,0.0,0.0,0.0,0.0,200,../../lists/estonian_voro/list.estonian_voro.attrib=loo_mpd=4_thresh=0.7_docnorm=F_tfidf=T.csv
0.565,0.355,0.0,0.0,0.0,0.0,0.0,200,../../lists/estonian_voro/list.estonian_voro.attrib=loo_mpd=4_thresh=0.7_docnorm=T_tfidf=F.csv
0.59,0.335,0.0,0.0,0.0,0.0,0.0,200,../../lists/estonian_voro/list.estonian_voro.attrib=loo_mpd=4_thresh=0.7_docnorm=T_tfidf=T.csv
0.33,0.61,0.0,0.0,0.0,0.0,0.0,200,../../lists/estonian_voro/list.estonian_voro.attrib=loo_mpd=4_thresh=0.8_docnorm=F_tfidf=F.csv
0.345,0.58,0.0,0.0,0.0,0.0,0.0,200,../../lists/estonian_voro/list.estonian_voro.attrib=loo_mpd=4_thresh=0.8_docnorm=F_tfidf=T.csv
0.5,0.435,0.0,0.0,0.0,0.0,0.0,200,../../lists/estonian_voro/list.estonian_voro.attrib=loo_mpd=4_thresh=0.8_docnorm=T_tfidf=F.csv
0.5,0.435,0.0,0.0,0.0,0.0,0.0,200,../../lists/estonian_voro/list.estonian_voro.attrib=loo_mpd=4_thresh=0.8_docnorm=T_tfidf=T.csv
0.33,0.605,0.0,0.0,0.0,0.0,0.0,200,../../lists/estonian_voro/list.estonian_voro.attrib=loo_mpd=4_thresh=0.9_docnorm=F_tfidf=F.csv
0.34,0.6,0.0,0.0,0.0,0.0,0.0,200,../../lists/estonian_voro/list.estonian_voro.attrib=loo_mpd=4_thresh=0.9_docnorm=F_tfidf=T.csv
0.445,0.495,0.0,0.0,0.0,0.0,0.0,200,../../lists/estonian_voro/list.estonian_voro.attrib=loo_mpd=4_thresh=0.9_docnorm=T_tfidf=F.csv
0.445,0.49,0.0,0.0,0.0,0.0,0.0,200,../../lists/estonian_voro/list.estonian_voro.attrib=loo_mpd=4_thresh=0.9_docnorm=T_tfidf=T.csv
0.27,0.68,0.0,0.0,0.0,0.0,0.0,200,../../lists/estonian_voro/list.estonian_voro.attrib=loo_mpd=4_thresh=1.0_docnorm=F_tfidf=F.csv
0.275,0.67,0.0,0.0,0.0,0.0,0.0,200,../../lists/estonian_voro/list.estonian_voro.attrib=loo_mpd=4_thresh=1.0_docnorm=F_tfidf=T.csv
0.29,0.655,0.0,0.0,0.0,0.0,0.0,200,../../lists/estonian_voro/list.estonian_voro.attrib=loo_mpd=4_thresh=1.0_docnorm=T_tfidf=F.csv
0.29,0.65,0.0,0.0,0.0,0.0,0.0,200,../../lists/estonian_voro/list.estonian_voro.attrib=loo_mpd=4_thresh=1.0_docnorm=T_tfidf=T.csv
0.355,0.53,0.0,0.035,0.055,0.055,0.07,200,../../lists/estonian_voro/list.estonian_voro.attrib=loo_mpd=5_thresh=0.1_docnorm=F_tfidf=F.csv
0.425,0.38,0.05,0.105,0.14,0.145,0.185,200,../../lists/estonian_voro/list.estonian_voro.attrib=loo_mpd=5_thresh=0.1_docnorm=F_tfidf=T.csv
0.43,0.015,0.87,0.955,0.995,0.995,0.995,200,../../lists/estonian_voro/list.estonian_voro.attrib=loo_mpd=5_thresh=0.1_docnorm=T_tfidf=F.csv
0.41,0.03,0.835,0.92,0.96,0.965,0.975,200,../../lists/estonian_voro/list.estonian_voro.attrib=loo_mpd=5_thresh=0.1_docnorm=T_tfidf=T.csv
0.37,0.53,0.0,0.01,0.03,0.035,0.05,200,../../lists/estonian_voro/list.estonian_voro.attrib=loo_mpd=5_thresh=0.2_docnorm=F_tfidf=F.csv
0.435,0.41,0.0,0.02,0.07,0.085,0.125,200,../../lists/estonian_voro/list.estonian_voro.attrib=loo_mpd=5_thresh=0.2_docnorm=F_tfidf=T.csv
0.655,0.065,0.0,0.15,0.46,0.655,0.77,200,../../lists/estonian_voro/list.estonian_voro.attrib=loo_mpd=5_thresh=0.2_docnorm=T_tfidf=F.csv
0.69,0.075,0.0,0.13,0.405,0.57,0.725,200,../../lists/estonian_voro/list.estonian_voro.attrib=loo_mpd=5_thresh=0.2_docnorm=T_tfidf=T.csv
0.38,0.55,0.0,0.0,0.0,0.005,0.005,200,../../lists/estonian_voro/list.estonian_voro.attrib=loo_mpd=5_thresh=0.3_docnorm=F_tfidf=F.csv
0.46,0.44,0.0,0.0,0.0,0.005,0.05,200,../../lists/estonian_voro/list.estonian_voro.attrib=loo_mpd=5_thresh=0.3_docnorm=F_tfidf=T.csv
0.71,0.14,0.0,0.0,0.0,0.12,0.29,200,../../lists/estonian_voro/list.estonian_voro.attrib=loo_mpd=5_thresh=0.3_docnorm=T_tfidf=F.csv
0.705,0.165,0.0,0.0,0.0,0.13,0.305,200,../../lists/estonian_voro/list.estonian_voro.attrib=loo_mpd=5_thresh=0.3_docnorm=T_tfidf=T.csv
0.38,0.55,0.0,0.0,0.0,0.0,0.0,200,../../lists/estonian_voro/list.estonian_voro.attrib=loo_mpd=5_thresh=0.4_docnorm=F_tfidf=F.csv
0.435,0.46,0.0,0.0,0.0,0.0,0.015,200,../../lists/estonian_voro/list.estonian_voro.attrib=loo_mpd=5_thresh=0.4_docnorm=F_tfidf=T.csv
0.665,0.175,0.0,0.0,0.0,0.0,0.075,200,../../lists/estonian_voro/list.estonian_voro.attrib=loo_mpd=5_thresh=0.4_docnorm=T_tfidf=F.csv
0.685,0.16,0.0,0.0,0.0,0.0,0.07,200,../../lists/estonian_voro/list.estonian_voro.attrib=loo_mpd=5_thresh=0.4_docnorm=T_tfidf=T.csv
0.375,0.56,0.0,0.0,0.0,0.0,0.0,200,../../lists/estonian_voro/list.estonian_voro.attrib=loo_mpd=5_thresh=0.5_docnorm=F_tfidf=F.csv
0.415,0.485,0.0,0.0,0.0,0.0,0.0,200,../../lists/estonian_voro/list.estonian_voro.attrib=loo_mpd=5_thresh=0.5_docnorm=F_tfidf=T.csv
0.645,0.23,0.0,0.0,0.0,0.0,0.0,200,../../lists/estonian_voro/list.estonian_voro.attrib=loo_mpd=5_thresh=0.5_docnorm=T_tfidf=F.csv
0.655,0.235,0.0,0.0,0.0,0.0,0.0,200,../../lists/estonian_voro/list.estonian_voro.attrib=loo_mpd=5_thresh=0.5_docnorm=T_tfidf=T.csv
0.365,0.57,0.0,0.0,0.0,0.0,0.0,200,../../lists/estonian_voro/list.estonian_voro.attrib=loo_mpd=5_thresh=0.6_docnorm=F_tfidf=F.csv
0.41,0.505,0.0,0.0,0.0,0.0,0.0,200,../../lists/estonian_voro/list.estonian_voro.attrib=loo_mpd=5_thresh=0.6_docnorm=F_tfidf=T.csv
0.615,0.295,0.0,0.0,0.0,0.0,0.0,200,../../lists/estonian_voro/list.estonian_voro.attrib=loo_mpd=5_thresh=0.6_docnorm=T_tfidf=F.csv
0.61,0.305,0.0,0.0,0.0,0.0,0.0,200,../../lists/estonian_voro/list.estonian_voro.attrib=loo_mpd=5_thresh=0.6_docnorm=T_tfidf=T.csv
0.35,0.585,0.0,0.0,0.0,0.0,0.0,200,../../lists/estonian_voro/list.estonian_voro.attrib=loo_mpd=5_thresh=0.7_docnorm=F_tfidf=F.csv
0.4,0.515,0.0,0.0,0.0,0.0,0.0,200,../../lists/estonian_voro/list.estonian_voro.attrib=loo_mpd=5_thresh=0.7_docnorm=F_tfidf=T.csv
0.595,0.325,0.0,0.0,0.0,0.0,0.0,200,../../lists/estonian_voro/list.estonian_voro.attrib=loo_mpd=5_thresh=0.7_docnorm=T_tfidf=F.csv
0.61,0.315,0.0,0.0,0.0,0.0,0.0,200,../../lists/estonian_voro/list.estonian_voro.attrib=loo_mpd=5_thresh=0.7_docnorm=T_tfidf=T.csv
0.33,0.61,0.0,0.0,0.0,0.0,0.0,200,../../lists/estonian_voro/list.estonian_voro.attrib=loo_mpd=5_thresh=0.8_docnorm=F_tfidf=F.csv
0.345,0.58,0.0,0.0,0.0,0.0,0.0,200,../../lists/estonian_voro/list.estonian_voro.attrib=loo_mpd=5_thresh=0.8_docnorm=F_tfidf=T.csv
0.49,0.44,0.0,0.0,0.0,0.0,0.0,200,../../lists/estonian_voro/list.estonian_voro.attrib=loo_mpd=5_thresh=0.8_docnorm=T_tfidf=F.csv
0.5,0.425,0.0,0.0,0.0,0.0,0.0,200,../../lists/estonian_voro/list.estonian_voro.attrib=loo_mpd=5_thresh=0.8_docnorm=T_tfidf=T.csv
0.335,0.6,0.0,0.0,0.0,0.0,0.0,200,../../lists/estonian_voro/list.estonian_voro.attrib=loo_mpd=5_thresh=0.9_docnorm=F_tfidf=F.csv
0.345,0.59,0.0,0.0,0.0,0.0,0.0,200,../../lists/estonian_voro/list.estonian_voro.attrib=loo_mpd=5_thresh=0.9_docnorm=F_tfidf=T.csv
0.46,0.485,0.0,0.0,0.0,0.0,0.0,200,../../lists/estonian_voro/list.estonian_voro.attrib=loo_mpd=5_thresh=0.9_docnorm=T_tfidf=F.csv
0.45,0.49,0.0,0.0,0.0,0.0,0.0,200,../../lists/estonian_voro/list.estonian_voro.attrib=loo_mpd=5_thresh=0.9_docnorm=T_tfidf=T.csv
0.285,0.665,0.0,0.0,0.0,0.0,0.0,200,../../lists/estonian_voro/list.estonian_voro.attrib=loo_mpd=5_thresh=1.0_docnorm=F_tfidf=F.csv
0.295,0.655,0.0,0.0,0.0,0.0,0.0,200,../../lists/estonian_voro/list.estonian_voro.attrib=loo_mpd=5_thresh=1.0_docnorm=F_tfidf=T.csv
0.305,0.64,0.0,0.0,0.0,0.0,0.0,200,../../lists/estonian_voro/list.estonian_voro.attrib=loo_mpd=5_thresh=1.0_docnorm=T_tfidf=F.csv
0.315,0.63,0.0,0.0,0.0,0.0,0.0,200,../../lists/estonian_voro/list.estonian_voro.attrib=loo_mpd=5_thresh=1.0_docnorm=T_tfidf=T.csv
0.355,0.53,0.0,0.035,0.055,0.055,0.07,200,../../lists/estonian_voro/list.estonian_voro.attrib=loo_mpd=6_thresh=0.1_docnorm=F_tfidf=F.csv
0.425,0.38,0.05,0.105,0.14,0.145,0.185,200,../../lists/estonian_voro/list.estonian_voro.attrib=loo_mpd=6_thresh=0.1_docnorm=F_tfidf=T.csv
0.42,0.02,0.87,0.95,0.99,0.99,0.99,200,../../lists/estonian_voro/list.estonian_voro.attrib=loo_mpd=6_thresh=0.1_docnorm=T_tfidf=F.csv
0.405,0.03,0.84,0.92,0.965,0.97,0.975,200,../../lists/estonian_voro/list.estonian_voro.attrib=loo_mpd=6_thresh=0.1_docnorm=T_tfidf=T.csv
0.37,0.53,0.0,0.01,0.03,0.035,0.05,200,../../lists/estonian_voro/list.estonian_voro.attrib=loo_mpd=6_thresh=0.2_docnorm=F_tfidf=F.csv
0.43,0.415,0.0,0.025,0.075,0.085,0.125,200,../../lists/estonian_voro/list.estonian_voro.attrib=loo_mpd=6_thresh=0.2_docnorm=F_tfidf=T.csv
0.65,0.06,0.0,0.175,0.47,0.67,0.785,200,../../lists/estonian_voro/list.estonian_voro.attrib=loo_mpd=6_thresh=0.2_docnorm=T_tfidf=F.csv
0.685,0.075,0.0,0.145,0.415,0.585,0.74,200,../../lists/estonian_voro/list.estonian_voro.attrib=loo_mpd=6_thresh=0.2_docnorm=T_tfidf=T.csv
0.38,0.55,0.0,0.0,0.0,0.005,0.005,200,../../lists/estonian_voro/list.estonian_voro.attrib=loo_mpd=6_thresh=0.3_docnorm=F_tfidf=F.csv
0.46,0.44,0.0,0.0,0.0,0.01,0.06,200,../../lists/estonian_voro/list.estonian_voro.attrib=loo_mpd=6_thresh=0.3_docnorm=F_tfidf=T.csv
0.705,0.145,0.0,0.0,0.0,0.145,0.31,200,../../lists/estonian_voro/list.estonian_voro.attrib=loo_mpd=6_thresh=0.3_docnorm=T_tfidf=F.csv
0.705,0.17,0.0,0.0,0.0,0.15,0.335,200,../../lists/estonian_voro/list.estonian_voro.attrib=loo_mpd=6_thresh=0.3_docnorm=T_tfidf=T.csv
0.38,0.55,0.0,0.0,0.0,0.0,0.0,200,../../lists/estonian_voro/list.estonian_voro.attrib=loo_mpd=6_thresh=0.4_docnorm=F_tfidf=F.csv
0.435,0.46,0.0,0.0,0.0,0.0,0.015,200,../../lists/estonian_voro/list.estonian_voro.attrib=loo_mpd=6_thresh=0.4_docnorm=F_tfidf=T.csv
0.67,0.17,0.0,0.0,0.0,0.0,0.09,200,../../lists/estonian_voro/list.estonian_voro.attrib=loo_mpd=6_thresh=0.4_docnorm=T_tfidf=F.csv
0.68,0.17,0.0,0.0,0.0,0.0,0.085,200,../../lists/estonian_voro/list.estonian_voro.attrib=loo_mpd=6_thresh=0.4_docnorm=T_tfidf=T.csv
0.375,0.56,0.0,0.0,0.0,0.0,0.0,200,../../lists/estonian_voro/list.estonian_voro.attrib=loo_mpd=6_thresh=0.5_docnorm=F_tfidf=F.csv
0.42,0.48,0.0,0.0,0.0,0.0,0.0,200,../../lists/estonian_voro/list.estonian_voro.attrib=loo_mpd=6_thresh=0.5_docnorm=F_tfidf=T.csv
0.64,0.225,0.0,0.0,0.0,0.0,0.0,200,../../lists/estonian_voro/list.estonian_voro.attrib=loo_mpd=6_thresh=0.5_docnorm=T_tfidf=F.csv
0.665,0.225,0.0,0.0,0.0,0.0,0.0,200,../../lists/estonian_voro/list.estonian_voro.attrib=loo_mpd=6_thresh=0.5_docnorm=T_tfidf=T.csv
0.365,0.57,0.0,0.0,0.0,0.0,0.0,200,../../lists/estonian_voro/list.estonian_voro.attrib=loo_mpd=6_thresh=0.6_docnorm=F_tfidf=F.csv
0.41,0.5,0.0,0.0,0.0,0.0,0.0,200,../../lists/estonian_voro/list.estonian_voro.attrib=loo_mpd=6_thresh=0.6_docnorm=F_tfidf=T.csv
0.605,0.29,0.0,0.0,0.0,0.0,0.0,200,../../lists/estonian_voro/list.estonian_voro.attrib=loo_mpd=6_thresh=0.6_docnorm=T_tfidf=F.csv
0.625,0.28,0.0,0.0,0.0,0.0,0.0,200,../../lists/estonian_voro/list.estonian_voro.attrib=loo_mpd=6_thresh=0.6_docnorm=T_tfidf=T.csv
0.355,0.58,0.0,0.0,0.0,0.0,0.0,200,../../lists/estonian_voro/list.estonian_voro.attrib=loo_mpd=6_thresh=0.7_docnorm=F_tfidf=F.csv
0.41,0.515,0.0,0.0,0.0,0.0,0.0,200,../../lists/estonian_voro/list.estonian_voro.attrib=loo_mpd=6_thresh=0.7_docnorm=F_tfidf=T.csv
0.62,0.3,0.0,0.0,0.0,0.0,0.0,200,../../lists/estonian_voro/list.estonian_voro.attrib=loo_mpd=6_thresh=0.7_docnorm=T_tfidf=F.csv
0.63,0.3,0.0,0.0,0.0,0.0,0.0,200,../../lists/estonian_voro/list.estonian_voro.attrib=loo_mpd=6_thresh=0.7_docnorm=T_tfidf=T.csv
0.325,0.61,0.0,0.0,0.0,0.0,0.0,200,../../lists/estonian_voro/list.estonian_voro.attrib=loo_mpd=6_thresh=0.8_docnorm=F_tfidf=F.csv
0.35,0.57,0.0,0.0,0.0,0.0,0.0,200,../../lists/estonian_voro/list.estonian_voro.attrib=loo_mpd=6_thresh=0.8_docnorm=F_tfidf=T.csv
0.505,0.42,0.0,0.0,0.0,0.0,0.0,200,../../lists/estonian_voro/list.estonian_voro.attrib=loo_mpd=6_thresh=0.8_docnorm=T_tfidf=F.csv
0.53,0.39,0.0,0.0,0.0,0.0,0.0,200,../../lists/estonian_voro/list.estonian_voro.attrib=loo_mpd=6_thresh=0.8_docnorm=T_tfidf=T.csv
0.335,0.595,0.0,0.0,0.0,0.0,0.0,200,../../lists/estonian_voro/list.estonian_voro.attrib=loo_mpd=6_thresh=0.9_docnorm=F_tfidf=F.csv
0.34,0.585,0.0,0.0,0.0,0.0,0.0,200,../../lists/estonian_voro/list.estonian_voro.attrib=loo_mpd=6_thresh=0.9_docnorm=F_tfidf=T.csv
0.48,0.46,0.0,0.0,0.0,0.0,0.0,200,../../lists/estonian_voro/list.estonian_voro.attrib=loo_mpd=6_thresh=0.9_docnorm=T_tfidf=F.csv
0.455,0.475,0.0,0.0,0.0,0.0,0.0,200,../../lists/estonian_voro/list.estonian_voro.attrib=loo_mpd=6_thresh=0.9_docnorm=T_tfidf=T.csv
0.28,0.665,0.0,0.0,0.0,0.0,0.0,200,../../lists/estonian_voro/list.estonian_voro.attrib=loo_mpd=6_thresh=1.0_docnorm=F_tfidf=F.csv
0.29,0.66,0.0,0.0,0.0,0.0,0.0,200,../../lists/estonian_voro/list.estonian_voro.attrib=loo_mpd=6_thresh=1.0_docnorm=F_tfidf=T.csv
0.305,0.635,0.0,0.0,0.0,0.0,0.0,200,../../lists/estonian_voro/list.estonian_voro.attrib=loo_mpd=6_thresh=1.0_docnorm=T_tfidf=F.csv
0.32,0.62,0.0,0.0,0.0,0.0,0.0,200,../../lists/estonian_voro/list.estonian_voro.attrib=loo_mpd=6_thresh=1.0_docnorm=T_tfidf=T.csv
0.355,0.53,0.0,0.035,0.055,0.055,0.07,200,../../lists/estonian_voro/list.estonian_voro.attrib=loo_mpd=7_thresh=0.1_docnorm=F_tfidf=F.csv
0.425,0.38,0.05,0.105,0.14,0.145,0.185,200,../../lists/estonian_voro/list.estonian_voro.attrib=loo_mpd=7_thresh=0.1_docnorm=F_tfidf=T.csv
0.415,0.02,0.87,0.95,0.99,0.99,0.99,200,../../lists/estonian_voro/list.estonian_voro.attrib=loo_mpd=7_thresh=0.1_docnorm=T_tfidf=F.csv
0.405,0.03,0.84,0.92,0.965,0.97,0.975,200,../../lists/estonian_voro/list.estonian_voro.attrib=loo_mpd=7_thresh=0.1_docnorm=T_tfidf=T.csv
0.37,0.53,0.0,0.01,0.03,0.035,0.05,200,../../lists/estonian_voro/list.estonian_voro.attrib=loo_mpd=7_thresh=0.2_docnorm=F_tfidf=F.csv
0.43,0.415,0.0,0.03,0.075,0.085,0.125,200,../../lists/estonian_voro/list.estonian_voro.attrib=loo_mpd=7_thresh=0.2_docnorm=F_tfidf=T.csv
0.64,0.065,0.0,0.185,0.485,0.67,0.79,200,../../lists/estonian_voro/list.estonian_voro.attrib=loo_mpd=7_thresh=0.2_docnorm=T_tfidf=F.csv
0.685,0.075,0.0,0.155,0.435,0.615,0.77,200,../../lists/estonian_voro/list.estonian_voro.attrib=loo_mpd=7_thresh=0.2_docnorm=T_tfidf=T.csv
0.38,0.55,0.0,0.0,0.0,0.005,0.005,200,../../lists/estonian_voro/list.estonian_voro.attrib=loo_mpd=7_thresh=0.3_docnorm=F_tfidf=F.csv
0.46,0.44,0.0,0.0,0.0,0.01,0.065,200,../../lists/estonian_voro/list.estonian_voro.attrib=loo_mpd=7_thresh=0.3_docnorm=F_tfidf=T.csv
0.705,0.135,0.0,0.0,0.0,0.155,0.325,200,../../lists/estonian_voro/list.estonian_voro.attrib=loo_mpd=7_thresh=0.3_docnorm=T_tfidf=F.csv
0.725,0.14,0.0,0.0,0.0,0.155,0.345,200,../../lists/estonian_voro/list.estonian_voro.attrib=loo_mpd=7_thresh=0.3_docnorm=T_tfidf=T.csv
0.38,0.55,0.0,0.0,0.0,0.0,0.0,200,../../lists/estonian_voro/list.estonian_voro.attrib=loo_mpd=7_thresh=0.4_docnorm=F_tfidf=F.csv
0.44,0.46,0.0,0.0,0.0,0.0,0.03,200,../../lists/estonian_voro/list.estonian_voro.attrib=loo_mpd=7_thresh=0.4_docnorm=F_tfidf=T.csv
0.685,0.16,0.0,0.0,0.0,0.0,0.105,200,../../lists/estonian_voro/list.estonian_voro.attrib=loo_mpd=7_thresh=0.4_docnorm=T_tfidf=F.csv
0.685,0.175,0.0,0.0,0.0,0.0,0.1,200,../../lists/estonian_voro/list.estonian_voro.attrib=loo_mpd=7_thresh=0.4_docnorm=T_tfidf=T.csv
0.375,0.56,0.0,0.0,0.0,0.0,0.0,200,../../lists/estonian_voro/list.estonian_voro.attrib=loo_mpd=7_thresh=0.5_docnorm=F_tfidf=F.csv
0.42,0.48,0.0,0.0,0.0,0.0,0.0,200,../../lists/estonian_voro/list.estonian_voro.attrib=loo_mpd=7_thresh=0.5_docnorm=F_tfidf=T.csv
0.655,0.195,0.0,0.0,0.0,0.0,0.0,200,../../lists/estonian_voro/list.estonian_voro.attrib=loo_mpd=7_thresh=0.5_docnorm=T_tfidf=F.csv
0.67,0.21,0.0,0.0,0.0,0.0,0.0,200,../../lists/estonian_voro/list.estonian_voro.attrib=loo_mpd=7_thresh=0.5_docnorm=T_tfidf=T.csv
0.365,0.57,0.0,0.0,0.0,0.0,0.0,200,../../lists/estonian_voro/list.estonian_voro.attrib=loo_mpd=7_thresh=0.6_docnorm=F_tfidf=F.csv
0.41,0.495,0.0,0.0,0.0,0.0,0.0,200,../../lists/estonian_voro/list.estonian_voro.attrib=loo_mpd=7_thresh=0.6_docnorm=F_tfidf=T.csv
0.62,0.28,0.0,0.0,0.0,0.0,0.0,200,../../lists/estonian_voro/list.estonian_voro.attrib=loo_mpd=7_thresh=0.6_docnorm=T_tfidf=F.csv
0.63,0.27,0.0,0.0,0.0,0.0,0.0,200,../../lists/estonian_voro/list.estonian_voro.attrib=loo_mpd=7_thresh=0.6_docnorm=T_tfidf=T.csv
0.35,0.585,0.0,0.0,0.0,0.0,0.0,200,../../lists/estonian_voro/list.estonian_voro.attrib=loo_mpd=7_thresh=0.7_docnorm=F_tfidf=F.csv
0.415,0.51,0.0,0.0,0.0,0.0,0.0,200,../../lists/estonian_voro/list.estonian_voro.attrib=loo_mpd=7_thresh=0.7_docnorm=F_tfidf=T.csv
0.605,0.315,0.0,0.0,0.0,0.0,0.0,200,../../lists/estonian_voro/list.estonian_voro.attrib=loo_mpd=7_thresh=0.7_docnorm=T_tfidf=F.csv
0.615,0.315,0.0,0.0,0.0,0.0,0.0,200,../../lists/estonian_voro/list.estonian_voro.attrib=loo_mpd=7_thresh=0.7_docnorm=T_tfidf=T.csv
0.33,0.605,0.0,0.0,0.0,0.0,0.0,200,../../lists/estonian_voro/list.estonian_voro.attrib=loo_mpd=7_thresh=0.8_docnorm=F_tfidf=F.csv
0.35,0.57,0.0,0.0,0.0,0.0,0.0,200,../../lists/estonian_voro/list.estonian_voro.attrib=loo_mpd=7_thresh=0.8_docnorm=F_tfidf=T.csv
0.53,0.395,0.0,0.0,0.0,0.0,0.0,200,../../lists/estonian_voro/list.estonian_voro.attrib=loo_mpd=7_thresh=0.8_docnorm=T_tfidf=F.csv
0.54,0.375,0.0,0.0,0.0,0.0,0.0,200,../../lists/estonian_voro/list.estonian_voro.attrib=loo_mpd=7_thresh=0.8_docnorm=T_tfidf=T.csv
0.33,0.6,0.0,0.0,0.0,0.0,0.0,200,../../lists/estonian_voro/list.estonian_voro.attrib=loo_mpd=7_thresh=0.9_docnorm=F_tfidf=F.csv
0.34,0.585,0.0,0.0,0.0,0.0,0.0,200,../../lists/estonian_voro/list.estonian_voro.attrib=loo_mpd=7_thresh=0.9_docnorm=F_tfidf=T.csv
0.48,0.46,0.0,0.0,0.0,0.0,0.0,200,../../lists/estonian_voro/list.estonian_voro.attrib=loo_mpd=7_thresh=0.9_docnorm=T_tfidf=F.csv
0.475,0.455,0.0,0.0,0.0,0.0,0.0,200,../../lists/estonian_voro/list.estonian_voro.attrib=loo_mpd=7_thresh=0.9_docnorm=T_tfidf=T.csv
0.28,0.67,0.0,0.0,0.0,0.0,0.0,200,../../lists/estonian_voro/list.estonian_voro.attrib=loo_mpd=7_thresh=1.0_docnorm=F_tfidf=F.csv
0.28,0.665,0.0,0.0,0.0,0.0,0.0,200,../../lists/estonian_voro/list.estonian_voro.attrib=loo_mpd=7_thresh=1.0_docnorm=F_tfidf=T.csv
0.31,0.63,0.0,0.0,0.0,0.0,0.0,200,../../lists/estonian_voro/list.estonian_voro.attrib=loo_mpd=7_thresh=1.0_docnorm=T_tfidf=F.csv
0.31,0.63,0.0,0.0,0.0,0.0,0.0,200,../../lists/estonian_voro/list.estonian_voro.attrib=loo_mpd=7_thresh=1.0_docnorm=T_tfidf=T.csv
0.355,0.53,0.0,0.035,0.055,0.055,0.07,200,../../lists/estonian_voro/list.estonian_voro.attrib=loo_mpd=8_thresh=0.1_docnorm=F_tfidf=F.csv
0.425,0.38,0.05,0.105,0.14,0.145,0.185,200,../../lists/estonian_voro/list.estonian_voro.attrib=loo_mpd=8_thresh=0.1_docnorm=F_tfidf=T.csv
0.42,0.015,0.88,0.955,0.995,0.995,0.995,200,../../lists/estonian_voro/list.estonian_voro.attrib=loo_mpd=8_thresh=0.1_docnorm=T_tfidf=F.csv
0.405,0.03,0.84,0.92,0.965,0.97,0.975,200,../../lists/estonian_voro/list.estonian_voro.attrib=loo_mpd=8_thresh=0.1_docnorm=T_tfidf=T.csv
0.37,0.53,0.0,0.01,0.03,0.035,0.05,200,../../lists/estonian_voro/list.estonian_voro.attrib=loo_mpd=8_thresh=0.2_docnorm=F_tfidf=F.csv
0.43,0.415,0.0,0.03,0.075,0.085,0.125,200,../../lists/estonian_voro/list.estonian_voro.attrib=loo_mpd=8_thresh=0.2_docnorm=F_tfidf=T.csv
0.64,0.055,0.0,0.195,0.5,0.685,0.805,200,../../lists/estonian_voro/list.estonian_voro.attrib=loo_mpd=8_thresh=0.2_docnorm=T_tfidf=F.csv
0.695,0.065,0.0,0.165,0.45,0.62,0.775,200,../../lists/estonian_voro/list.estonian_voro.attrib=loo_mpd=8_thresh=0.2_docnorm=T_tfidf=T.csv
0.38,0.55,0.0,0.0,0.0,0.005,0.015,200,../../lists/estonian_voro/list.estonian_voro.attrib=loo_mpd=8_thresh=0.3_docnorm=F_tfidf=F.csv
0.46,0.44,0.0,0.0,0.0,0.01,0.065,200,../../lists/estonian_voro/list.estonian_voro.attrib=loo_mpd=8_thresh=0.3_docnorm=F_tfidf=T.csv
0.7,0.135,0.0,0.0,0.0,0.175,0.365,200,../../lists/estonian_voro/list.estonian_voro.attrib=loo_mpd=8_thresh=0.3_docnorm=T_tfidf=F.csv
0.73,0.13,0.0,0.0,0.0,0.165,0.355,200,../../lists/estonian_voro/list.estonian_voro.attrib=loo_mpd=8_thresh=0.3_docnorm=T_tfidf=T.csv
0.38,0.55,0.0,0.0,0.0,0.0,0.0,200,../../lists/estonian_voro/list.estonian_voro.attrib=loo_mpd=8_thresh=0.4_docnorm=F_tfidf=F.csv
0.44,0.46,0.0,0.0,0.0,0.0,0.03,200,../../lists/estonian_voro/list.estonian_voro.attrib=loo_mpd=8_thresh=0.4_docnorm=F_tfidf=T.csv
0.69,0.165,0.0,0.0,0.0,0.0,0.11,200,../../lists/estonian_voro/list.estonian_voro.attrib=loo_mpd=8_thresh=0.4_docnorm=T_tfidf=F.csv
0.695,0.165,0.0,0.0,0.0,0.0,0.105,200,../../lists/estonian_voro/list.estonian_voro.attrib=loo_mpd=8_thresh=0.4_docnorm=T_tfidf=T.csv
0.375,0.56,0.0,0.0,0.0,0.0,0.0,200,../../lists/estonian_voro/list.estonian_voro.attrib=loo_mpd=8_thresh=0.5_docnorm=F_tfidf=F.csv
0.42,0.48,0.0,0.0,0.0,0.0,0.0,200,../../lists/estonian_voro/list.estonian_voro.attrib=loo_mpd=8_thresh=0.5_docnorm=F_tfidf=T.csv
0.65,0.195,0.0,0.0,0.0,0.0,0.0,200,../../lists/estonian_voro/list.estonian_voro.attrib=loo_mpd=8_thresh=0.5_docnorm=T_tfidf=F.csv
0.675,0.2,0.0,0.0,0.0,0.0,0.0,200,../../lists/estonian_voro/list.estonian_voro.attrib=loo_mpd=8_thresh=0.5_docnorm=T_tfidf=T.csv
0.365,0.57,0.0,0.0,0.0,0.0,0.0,200,../../lists/estonian_voro/list.estonian_voro.attrib=loo_mpd=8_thresh=0.6_docnorm=F_tfidf=F.csv
0.405,0.5,0.0,0.0,0.0,0.0,0.0,200,../../lists/estonian_voro/list.estonian_voro.attrib=loo_mpd=8_thresh=0.6_docnorm=F_tfidf=T.csv
0.62,0.28,0.0,0.0,0.0,0.0,0.0,200,../../lists/estonian_voro/list.estonian_voro.attrib=loo_mpd=8_thresh=0.6_docnorm=T_tfidf=F.csv
0.63,0.265,0.0,0.0,0.0,0.0,0.0,200,../../lists/estonian_voro/list.estonian_voro.attrib=loo_mpd=8_thresh=0.6_docnorm=T_tfidf=T.csv
0.355,0.58,0.0,0.0,0.0,0.0,0.0,200,../../lists/estonian_voro/list.estonian_voro.attrib=loo_mpd=8_thresh=0.7_docnorm=F_tfidf=F.csv
0.415,0.51,0.0,0.0,0.0,0.0,0.0,200,../../lists/estonian_voro/list.estonian_voro.attrib=loo_mpd=8_thresh=0.7_docnorm=F_tfidf=T.csv
0.615,0.305,0.0,0.0,0.0,0.0,0.0,200,../../lists/estonian_voro/list.estonian_voro.attrib=loo_mpd=8_thresh=0.7_docnorm=T_tfidf=F.csv
0.615,0.315,0.0,0.0,0.0,0.0,0.0,200,../../lists/estonian_voro/list.estonian_voro.attrib=loo_mpd=8_thresh=0.7_docnorm=T_tfidf=T.csv
0.33,0.605,0.0,0.0,0.0,0.0,0.0,200,../../lists/estonian_voro/list.estonian_voro.attrib=loo_mpd=8_thresh=0.8_docnorm=F_tfidf=F.csv
0.355,0.56,0.0,0.0,0.0,0.0,0.0,200,../../lists/estonian_voro/list.estonian_voro.attrib=loo_mpd=8_thresh=0.8_docnorm=F_tfidf=T.csv
0.53,0.38,0.0,0.0,0.0,0.0,0.0,200,../../lists/estonian_voro/list.estonian_voro.attrib=loo_mpd=8_thresh=0.8_docnorm=T_tfidf=F.csv
0.55,0.355,0.0,0.0,0.0,0.0,0.0,200,../../lists/estonian_voro/list.estonian_voro.attrib=loo_mpd=8_thresh=0.8_docnorm=T_tfidf=T.csv
0.33,0.605,0.0,0.0,0.0,0.0,0.0,200,../../lists/estonian_voro/list.estonian_voro.attrib=loo_mpd=8_thresh=0.9_docnorm=F_tfidf=F.csv
0.34,0.585,0.0,0.0,0.0,0.0,0.0,200,../../lists/estonian_voro/list.estonian_voro.attrib=loo_mpd=8_thresh=0.9_docnorm=F_tfidf=T.csv
0.49,0.45,0.0,0.0,0.0,0.0,0.0,200,../../lists/estonian_voro/list.estonian_voro.attrib=loo_mpd=8_thresh=0.9_docnorm=T_tfidf=F.csv
0.47,0.46,0.0,0.0,0.0,0.0,0.0,200,../../lists/estonian_voro/list.estonian_voro.attrib=loo_mpd=8_thresh=0.9_docnorm=T_tfidf=T.csv
0.275,0.675,0.0,0.0,0.0,0.0,0.0,200,../../lists/estonian_voro/list.estonian_voro.attrib=loo_mpd=8_thresh=1.0_docnorm=F_tfidf=F.csv
0.28,0.66,0.0,0.0,0.0,0.0,0.0,200,../../lists/estonian_voro/list.estonian_voro.attrib=loo_mpd=8_thresh=1.0_docnorm=F_tfidf=T.csv
0.305,0.63,0.0,0.0,0.0,0.0,0.0,200,../../lists/estonian_voro/list.estonian_voro.attrib=loo_mpd=8_thresh=1.0_docnorm=T_tfidf=F.csv
0.305,0.63,0.0,0.0,0.0,0.0,0.0,200,../../lists/estonian_voro/list.estonian_voro.attrib=loo_mpd=8_thresh=1.0_docnorm=T_tfidf=T.csv
0.355,0.53,0.0,0.035,0.055,0.055,0.07,200,../../lists/estonian_voro/list.estonian_voro.attrib=loo_mpd=9_thresh=0.1_docnorm=F_tfidf=F.csv
0.425,0.38,0.05,0.105,0.14,0.145,0.185,200,../../lists/estonian_voro/list.estonian_voro.attrib=loo_mpd=9_thresh=0.1_docnorm=F_tfidf=T.csv
0.42,0.015,0.885,0.96,0.995,0.995,0.995,200,../../lists/estonian_voro/list.estonian_voro.attrib=loo_mpd=9_thresh=0.1_docnorm=T_tfidf=F.csv
0.405,0.03,0.84,0.92,0.965,0.97,0.975,200,../../lists/estonian_voro/list.estonian_voro.attrib=loo_mpd=9_thresh=0.1_docnorm=T_tfidf=T.csv
0.37,0.53,0.0,0.01,0.03,0.035,0.05,200,../../lists/estonian_voro/list.estonian_voro.attrib=loo_mpd=9_thresh=0.2_docnorm=F_tfidf=F.csv
0.43,0.415,0.0,0.03,0.075,0.085,0.125,200,../../lists/estonian_voro/list.estonian_voro.attrib=loo_mpd=9_thresh=0.2_docnorm=F_tfidf=T.csv
0.64,0.065,0.0,0.195,0.51,0.695,0.82,200,../../lists/estonian_voro/list.estonian_voro.attrib=loo_mpd=9_thresh=0.2_docnorm=T_tfidf=F.csv
0.695,0.065,0.0,0.17,0.465,0.63,0.78,200,../../lists/estonian_voro/list.estonian_voro.attrib=loo_mpd=9_thresh=0.2_docnorm=T_tfidf=T.csv
0.38,0.55,0.0,0.0,0.0,0.005,0.015,200,../../lists/estonian_voro/list.estonian_voro.attrib=loo_mpd=9_thresh=0.3_docnorm=F_tfidf=F.csv
0.46,0.44,0.0,0.0,0.0,0.01,0.065,200,../../lists/estonian_voro/list.estonian_voro.attrib=loo_mpd=9_thresh=0.3_docnorm=F_tfidf=T.csv
0.715,0.13,0.0,0.0,0.0,0.18,0.37,200,../../lists/estonian_voro/list.estonian_voro.attrib=loo_mpd=9_thresh=0.3_docnorm=T_tfidf=F.csv
0.72,0.135,0.0,0.0,0.0,0.17,0.36,200,../../lists/estonian_voro/list.estonian_voro.attrib=loo_mpd=9_thresh=0.3_docnorm=T_tfidf=T.csv
0.38,0.55,0.0,0.0,0.0,0.0,0.0,200,../../lists/estonian_voro/list.estonian_voro.attrib=loo_mpd=9_thresh=0.4_docnorm=F_tfidf=F.csv
0.44,0.46,0.0,0.0,0.0,0.0,0.03,200,../../lists/estonian_voro/list.estonian_voro.attrib=loo_mpd=9_thresh=0.4_docnorm=F_tfidf=T.csv
0.685,0.155,0.0,0.0,0.0,0.0,0.115,200,../../lists/estonian_voro/list.estonian_voro.attrib=loo_mpd=9_thresh=0.4_docnorm=T_tfidf=F.csv
0.705,0.155,0.0,0.0,0.0,0.0,0.11,200,../../lists/estonian_voro/list.estonian_voro.attrib=loo_mpd=9_thresh=0.4_docnorm=T_tfidf=T.csv
0.375,0.56,0.0,0.0,0.0,0.0,0.0,200,../../lists/estonian_voro/list.estonian_voro.attrib=loo_mpd=9_thresh=0.5_docnorm=F_tfidf=F.csv
0.415,0.485,0.0,0.0,0.0,0.0,0.0,200,../../lists/estonian_voro/list.estonian_voro.attrib=loo_mpd=9_thresh=0.5_docnorm=F_tfidf=T.csv
0.65,0.2,0.0,0.0,0.0,0.0,0.0,200,../../lists/estonian_voro/list.estonian_voro.attrib=loo_mpd=9_thresh=0.5_docnorm=T_tfidf=F.csv
0.68,0.19,0.0,0.0,0.0,0.0,0.0,200,../../lists/estonian_voro/list.estonian_voro.attrib=loo_mpd=9_thresh=0.5_docnorm=T_tfidf=T.csv
0.365,0.57,0.0,0.0,0.0,0.0,0.0,200,../../lists/estonian_voro/list.estonian_voro.attrib=loo_mpd=9_thresh=0.6_docnorm=F_tfidf=F.csv
0.405,0.5,0.0,0.0,0.0,0.0,0.0,200,../../lists/estonian_voro/list.estonian_voro.attrib=loo_mpd=9_thresh=0.6_docnorm=F_tfidf=T.csv
0.63,0.255,0.0,0.0,0.0,0.0,0.0,200,../../lists/estonian_voro/list.estonian_voro.attrib=loo_mpd=9_thresh=0.6_docnorm=T_tfidf=F.csv
0.64,0.26,0.0,0.0,0.0,0.0,0.0,200,../../lists/estonian_voro/list.estonian_voro.attrib=loo_mpd=9_thresh=0.6_docnorm=T_tfidf=T.csv
0.35,0.585,0.0,0.0,0.0,0.0,0.0,200,../../lists/estonian_voro/list.estonian_voro.attrib=loo_mpd=9_thresh=0.7_docnorm=F_tfidf=F.csv
0.415,0.51,0.0,0.0,0.0,0.0,0.0,200,../../lists/estonian_voro/list.estonian_voro.attrib=loo_mpd=9_thresh=0.7_docnorm=F_tfidf=T.csv
0.62,0.3,0.0,0.0,0.0,0.0,0.0,200,../../lists/estonian_voro/list.estonian_voro.attrib=loo_mpd=9_thresh=0.7_docnorm=T_tfidf=F.csv
0.62,0.31,0.0,0.0,0.0,0.0,0.0,200,../../lists/estonian_voro/list.estonian_voro.attrib=loo_mpd=9_thresh=0.7_docnorm=T_tfidf=T.csv
0.33,0.605,0.0,0.0,0.0,0.0,0.0,200,../../lists/estonian_voro/list.estonian_voro.attrib=loo_mpd=9_thresh=0.8_docnorm=F_tfidf=F.csv
0.36,0.555,0.0,0.0,0.0,0.0,0.0,200,../../lists/estonian_voro/list.estonian_voro.attrib=loo_mpd=9_thresh=0.8_docnorm=F_tfidf=T.csv
0.545,0.37,0.0,0.0,0.0,0.0,0.0,200,../../lists/estonian_voro/list.estonian_voro.attrib=loo_mpd=9_thresh=0.8_docnorm=T_tfidf=F.csv
0.565,0.355,0.0,0.0,0.0,0.0,0.0,200,../../lists/estonian_voro/list.estonian_voro.attrib=loo_mpd=9_thresh=0.8_docnorm=T_tfidf=T.csv
0.325,0.61,0.0,0.0,0.0,0.0,0.0,200,../../lists/estonian_voro/list.estonian_voro.attrib=loo_mpd=9_thresh=0.9_docnorm=F_tfidf=F.csv
0.34,0.585,0.0,0.0,0.0,0.0,0.0,200,../../lists/estonian_voro/list.estonian_voro.attrib=loo_mpd=9_thresh=0.9_docnorm=F_tfidf=T.csv
0.485,0.45,0.0,0.0,0.0,0.0,0.0,200,../../lists/estonian_voro/list.estonian_voro.attrib=loo_mpd=9_thresh=0.9_docnorm=T_tfidf=F.csv
0.48,0.445,0.0,0.0,0.0,0.0,0.0,200,../../lists/estonian_voro/list.estonian_voro.attrib=loo_mpd=9_thresh=0.9_docnorm=T_tfidf=T.csv
0.28,0.665,0.0,0.0,0.0,0.0,0.0,200,../../lists/estonian_voro/list.estonian_voro.attrib=loo_mpd=9_thresh=1.0_docnorm=F_tfidf=F.csv
0.275,0.665,0.0,0.0,0.0,0.0,0.0,200,../../lists/estonian_voro/list.estonian_voro.attrib=loo_mpd=9_thresh=1.0_docnorm=F_tfidf=T.csv
0.305,0.63,0.0,0.0,0.0,0.0,0.0,200,../../lists/estonian_voro/list.estonian_voro.attrib=loo_mpd=9_thresh=1.0_docnorm=T_tfidf=F.csv
0.305,0.635,0.0,0.0,0.0,0.0,0.0,200,../../lists/estonian_voro/list.estonian_voro.attrib=loo_mpd=9_thresh=1.0_docnorm=T_tfidf=T.csv
0.29,0.65,0.0,0.0,0.0,0.0,0.0,200,../../lists/estonian_voro/list.estonian_voro.attrib=shap_mpd=10_thresh=0.1_docnorm=F_tfidf=F.csv
0.34,0.58,0.0,0.0,0.0,0.0,0.0,200,../../lists/estonian_voro/list.estonian_voro.attrib=shap_mpd=10_thresh=0.1_docnorm=F_tfidf=T.csv
0.455,0.01,0.905,0.97,0.985,0.985,0.985,200,../../lists/estonian_voro/list.estonian_voro.attrib=shap_mpd=10_thresh=0.1_docnorm=T_tfidf=F.csv
0.445,0.015,0.87,0.945,0.975,0.985,0.985,200,../../lists/estonian_voro/list.estonian_voro.attrib=shap_mpd=10_thresh=0.1_docnorm=T_tfidf=T.csv
0.29,0.65,0.0,0.0,0.0,0.0,0.0,200,../../lists/estonian_voro/list.estonian_voro.attrib=shap_mpd=10_thresh=0.2_docnorm=F_tfidf=F.csv
0.34,0.58,0.0,0.0,0.0,0.0,0.0,200,../../lists/estonian_voro/list.estonian_voro.attrib=shap_mpd=10_thresh=0.2_docnorm=F_tfidf=T.csv
0.67,0.055,0.0,0.285,0.565,0.725,0.85,200,../../lists/estonian_voro/list.estonian_voro.attrib=shap_mpd=10_thresh=0.2_docnorm=T_tfidf=F.csv
0.675,0.05,0.0,0.315,0.615,0.745,0.85,200,../../lists/estonian_voro/list.estonian_voro.attrib=shap_mpd=10_thresh=0.2_docnorm=T_tfidf=T.csv
0.29,0.65,0.0,0.0,0.0,0.0,0.0,200,../../lists/estonian_voro/list.estonian_voro.attrib=shap_mpd=10_thresh=0.3_docnorm=F_tfidf=F.csv
0.34,0.58,0.0,0.0,0.0,0.0,0.0,200,../../lists/estonian_voro/list.estonian_voro.attrib=shap_mpd=10_thresh=0.3_docnorm=F_tfidf=T.csv
0.77,0.065,0.0,0.0,0.01,0.22,0.435,200,../../lists/estonian_voro/list.estonian_voro.attrib=shap_mpd=10_thresh=0.3_docnorm=T_tfidf=F.csv
0.755,0.075,0.0,0.0,0.01,0.21,0.445,200,../../lists/estonian_voro/list.estonian_voro.attrib=shap_mpd=10_thresh=0.3_docnorm=T_tfidf=T.csv
0.29,0.65,0.0,0.0,0.0,0.0,0.0,200,../../lists/estonian_voro/list.estonian_voro.attrib=shap_mpd=10_thresh=0.4_docnorm=F_tfidf=F.csv
0.34,0.58,0.0,0.0,0.0,0.0,0.0,200,../../lists/estonian_voro/list.estonian_voro.attrib=shap_mpd=10_thresh=0.4_docnorm=F_tfidf=T.csv
0.8,0.065,0.0,0.0,0.0,0.0,0.14,200,../../lists/estonian_voro/list.estonian_voro.attrib=shap_mpd=10_thresh=0.4_docnorm=T_tfidf=F.csv
0.735,0.105,0.0,0.0,0.0,0.0,0.15,200,../../lists/estonian_voro/list.estonian_voro.attrib=shap_mpd=10_thresh=0.4_docnorm=T_tfidf=T.csv
0.29,0.65,0.0,0.0,0.0,0.0,0.0,200,../../lists/estonian_voro/list.estonian_voro.attrib=shap_mpd=10_thresh=0.5_docnorm=F_tfidf=F.csv
0.34,0.58,0.0,0.0,0.0,0.0,0.0,200,../../lists/estonian_voro/list.estonian_voro.attrib=shap_mpd=10_thresh=0.5_docnorm=F_tfidf=T.csv
0.78,0.095,0.0,0.0,0.0,0.0,0.0,200,../../lists/estonian_voro/list.estonian_voro.attrib=shap_mpd=10_thresh=0.5_docnorm=T_tfidf=F.csv
0.75,0.145,0.0,0.0,0.0,0.0,0.0,200,../../lists/estonian_voro/list.estonian_voro.attrib=shap_mpd=10_thresh=0.5_docnorm=T_tfidf=T.csv
0.285,0.65,0.0,0.0,0.0,0.0,0.0,200,../../lists/estonian_voro/list.estonian_voro.attrib=shap_mpd=10_thresh=0.6_docnorm=F_tfidf=F.csv
0.34,0.585,0.0,0.0,0.0,0.0,0.0,200,../../lists/estonian_voro/list.estonian_voro.attrib=shap_mpd=10_thresh=0.6_docnorm=F_tfidf=T.csv
0.765,0.15,0.0,0.0,0.0,0.0,0.0,200,../../lists/estonian_voro/list.estonian_voro.attrib=shap_mpd=10_thresh=0.6_docnorm=T_tfidf=F.csv
0.735,0.185,0.0,0.0,0.0,0.0,0.0,200,../../lists/estonian_voro/list.estonian_voro.attrib=shap_mpd=10_thresh=0.6_docnorm=T_tfidf=T.csv
0.285,0.65,0.0,0.0,0.0,0.0,0.0,200,../../lists/estonian_voro/list.estonian_voro.attrib=shap_mpd=10_thresh=0.7_docnorm=F_tfidf=F.csv
0.34,0.59,0.0,0.0,0.0,0.0,0.0,200,../../lists/estonian_voro/list.estonian_voro.attrib=shap_mpd=10_thresh=0.7_docnorm=F_tfidf=T.csv
0.755,0.185,0.0,0.0,0.0,0.0,0.0,200,../../lists/estonian_voro/list.estonian_voro.attrib=shap_mpd=10_thresh=0.7_docnorm=T_tfidf=F.csv
0.735,0.205,0.0,0.0,0.0,0.0,0.0,200,../../lists/estonian_voro/list.estonian_voro.attrib=shap_mpd=10_thresh=0.7_docnorm=T_tfidf=T.csv
0.285,0.65,0.0,0.0,0.0,0.0,0.0,200,../../lists/estonian_voro/list.estonian_voro.attrib=shap_mpd=10_thresh=0.8_docnorm=F_tfidf=F.csv
0.34,0.59,0.0,0.0,0.0,0.0,0.0,200,../../lists/estonian_voro/list.estonian_voro.attrib=shap_mpd=10_thresh=0.8_docnorm=F_tfidf=T.csv
0.665,0.26,0.0,0.0,0.0,0.0,0.0,200,../../lists/estonian_voro/list.estonian_voro.attrib=shap_mpd=10_thresh=0.8_docnorm=T_tfidf=F.csv
0.68,0.245,0.0,0.0,0.0,0.0,0.0,200,../../lists/estonian_voro/list.estonian_voro.attrib=shap_mpd=10_thresh=0.8_docnorm=T_tfidf=T.csv
0.285,0.65,0.0,0.0,0.0,0.0,0.0,200,../../lists/estonian_voro/list.estonian_voro.attrib=shap_mpd=10_thresh=0.9_docnorm=F_tfidf=F.csv
0.33,0.605,0.0,0.0,0.0,0.0,0.0,200,../../lists/estonian_voro/list.estonian_voro.attrib=shap_mpd=10_thresh=0.9_docnorm=F_tfidf=T.csv
0.575,0.345,0.0,0.0,0.0,0.0,0.0,200,../../lists/estonian_voro/list.estonian_voro.attrib=shap_mpd=10_thresh=0.9_docnorm=T_tfidf=F.csv
0.585,0.34,0.0,0.0,0.0,0.0,0.0,200,../../lists/estonian_voro/list.estonian_voro.attrib=shap_mpd=10_thresh=0.9_docnorm=T_tfidf=T.csv
0.28,0.66,0.0,0.0,0.0,0.0,0.0,200,../../lists/estonian_voro/list.estonian_voro.attrib=shap_mpd=10_thresh=1.0_docnorm=F_tfidf=F.csv
0.3,0.64,0.0,0.0,0.0,0.0,0.0,200,../../lists/estonian_voro/list.estonian_voro.attrib=shap_mpd=10_thresh=1.0_docnorm=F_tfidf=T.csv
0.39,0.545,0.0,0.0,0.0,0.0,0.0,200,../../lists/estonian_voro/list.estonian_voro.attrib=shap_mpd=10_thresh=1.0_docnorm=T_tfidf=F.csv
0.385,0.56,0.0,0.0,0.0,0.0,0.0,200,../../lists/estonian_voro/list.estonian_voro.attrib=shap_mpd=10_thresh=1.0_docnorm=T_tfidf=T.csv
0.29,0.65,0.0,0.0,0.0,0.0,0.0,200,../../lists/estonian_voro/list.estonian_voro.attrib=shap_mpd=11_thresh=0.1_docnorm=F_tfidf=F.csv
0.34,0.58,0.0,0.0,0.0,0.0,0.0,200,../../lists/estonian_voro/list.estonian_voro.attrib=shap_mpd=11_thresh=0.1_docnorm=F_tfidf=T.csv
0.455,0.01,0.905,0.97,0.985,0.985,0.985,200,../../lists/estonian_voro/list.estonian_voro.attrib=shap_mpd=11_thresh=0.1_docnorm=T_tfidf=F.csv
0.445,0.015,0.87,0.945,0.975,0.985,0.985,200,../../lists/estonian_voro/list.estonian_voro.attrib=shap_mpd=11_thresh=0.1_docnorm=T_tfidf=T.csv
0.29,0.65,0.0,0.0,0.0,0.0,0.0,200,../../lists/estonian_voro/list.estonian_voro.attrib=shap_mpd=11_thresh=0.2_docnorm=F_tfidf=F.csv
0.34,0.58,0.0,0.0,0.0,0.0,0.0,200,../../lists/estonian_voro/list.estonian_voro.attrib=shap_mpd=11_thresh=0.2_docnorm=F_tfidf=T.csv
0.67,0.055,0.0,0.285,0.565,0.725,0.85,200,../../lists/estonian_voro/list.estonian_voro.attrib=shap_mpd=11_thresh=0.2_docnorm=T_tfidf=F.csv
0.67,0.055,0.0,0.315,0.615,0.745,0.845,200,../../lists/estonian_voro/list.estonian_voro.attrib=shap_mpd=11_thresh=0.2_docnorm=T_tfidf=T.csv
0.29,0.65,0.0,0.0,0.0,0.0,0.0,200,../../lists/estonian_voro/list.estonian_voro.attrib=shap_mpd=11_thresh=0.3_docnorm=F_tfidf=F.csv
0.34,0.58,0.0,0.0,0.0,0.0,0.0,200,../../lists/estonian_voro/list.estonian_voro.attrib=shap_mpd=11_thresh=0.3_docnorm=F_tfidf=T.csv
0.775,0.07,0.0,0.0,0.01,0.225,0.435,200,../../lists/estonian_voro/list.estonian_voro.attrib=shap_mpd=11_thresh=0.3_docnorm=T_tfidf=F.csv
0.75,0.075,0.0,0.0,0.01,0.21,0.455,200,../../lists/estonian_voro/list.estonian_voro.attrib=shap_mpd=11_thresh=0.3_docnorm=T_tfidf=T.csv
0.29,0.65,0.0,0.0,0.0,0.0,0.0,200,../../lists/estonian_voro/list.estonian_voro.attrib=shap_mpd=11_thresh=0.4_docnorm=F_tfidf=F.csv
0.34,0.58,0.0,0.0,0.0,0.0,0.0,200,../../lists/estonian_voro/list.estonian_voro.attrib=shap_mpd=11_thresh=0.4_docnorm=F_tfidf=T.csv
0.8,0.065,0.0,0.0,0.0,0.0,0.14,200,../../lists/estonian_voro/list.estonian_voro.attrib=shap_mpd=11_thresh=0.4_docnorm=T_tfidf=F.csv
0.74,0.105,0.0,0.0,0.0,0.0,0.145,200,../../lists/estonian_voro/list.estonian_voro.attrib=shap_mpd=11_thresh=0.4_docnorm=T_tfidf=T.csv
0.29,0.65,0.0,0.0,0.0,0.0,0.0,200,../../lists/estonian_voro/list.estonian_voro.attrib=shap_mpd=11_thresh=0.5_docnorm=F_tfidf=F.csv
0.34,0.58,0.0,0.0,0.0,0.0,0.0,200,../../lists/estonian_voro/list.estonian_voro.attrib=shap_mpd=11_thresh=0.5_docnorm=F_tfidf=T.csv
0.78,0.095,0.0,0.0,0.0,0.0,0.0,200,../../lists/estonian_voro/list.estonian_voro.attrib=shap_mpd=11_thresh=0.5_docnorm=T_tfidf=F.csv
0.745,0.15,0.0,0.0,0.0,0.0,0.0,200,../../lists/estonian_voro/list.estonian_voro.attrib=shap_mpd=11_thresh=0.5_docnorm=T_tfidf=T.csv
0.285,0.65,0.0,0.0,0.0,0.0,0.0,200,../../lists/estonian_voro/list.estonian_voro.attrib=shap_mpd=11_thresh=0.6_docnorm=F_tfidf=F.csv
0.34,0.585,0.0,0.0,0.0,0.0,0.0,200,../../lists/estonian_voro/list.estonian_voro.attrib=shap_mpd=11_thresh=0.6_docnorm=F_tfidf=T.csv
0.765,0.15,0.0,0.0,0.0,0.0,0.0,200,../../lists/estonian_voro/list.estonian_voro.attrib=shap_mpd=11_thresh=0.6_docnorm=T_tfidf=F.csv
0.725,0.195,0.0,0.0,0.0,0.0,0.0,200,../../lists/estonian_voro/list.estonian_voro.attrib=shap_mpd=11_thresh=0.6_docnorm=T_tfidf=T.csv
0.285,0.65,0.0,0.0,0.0,0.0,0.0,200,../../lists/estonian_voro/list.estonian_voro.attrib=shap_mpd=11_thresh=0.7_docnorm=F_tfidf=F.csv
0.34,0.59,0.0,0.0,0.0,0.0,0.0,200,../../lists/estonian_voro/list.estonian_voro.attrib=shap_mpd=11_thresh=0.7_docnorm=F_tfidf=T.csv
0.755,0.18,0.0,0.0,0.0,0.0,0.0,200,../../lists/estonian_voro/list.estonian_voro.attrib=shap_mpd=11_thresh=0.7_docnorm=T_tfidf=F.csv
0.74,0.195,0.0,0.0,0.0,0.0,0.0,200,../../lists/estonian_voro/list.estonian_voro.attrib=shap_mpd=11_thresh=0.7_docnorm=T_tfidf=T.csv
0.285,0.65,0.0,0.0,0.0,0.0,0.0,200,../../lists/estonian_voro/list.estonian_voro.attrib=shap_mpd=11_thresh=0.8_docnorm=F_tfidf=F.csv
0.34,0.59,0.0,0.0,0.0,0.0,0.0,200,../../lists/estonian_voro/list.estonian_voro.attrib=shap_mpd=11_thresh=0.8_docnorm=F_tfidf=T.csv
0.665,0.26,0.0,0.0,0.0,0.0,0.0,200,../../lists/estonian_voro/list.estonian_voro.attrib=shap_mpd=11_thresh=0.8_docnorm=T_tfidf=F.csv
0.69,0.235,0.0,0.0,0.0,0.0,0.0,200,../../lists/estonian_voro/list.estonian_voro.attrib=shap_mpd=11_thresh=0.8_docnorm=T_tfidf=T.csv
0.285,0.65,0.0,0.0,0.0,0.0,0.0,200,../../lists/estonian_voro/list.estonian_voro.attrib=shap_mpd=11_thresh=0.9_docnorm=F_tfidf=F.csv
0.33,0.605,0.0,0.0,0.0,0.0,0.0,200,../../lists/estonian_voro/list.estonian_voro.attrib=shap_mpd=11_thresh=0.9_docnorm=F_tfidf=T.csv
0.57,0.35,0.0,0.0,0.0,0.0,0.0,200,../../lists/estonian_voro/list.estonian_voro.attrib=shap_mpd=11_thresh=0.9_docnorm=T_tfidf=F.csv
0.585,0.34,0.0,0.0,0.0,0.0,0.0,200,../../lists/estonian_voro/list.estonian_voro.attrib=shap_mpd=11_thresh=0.9_docnorm=T_tfidf=T.csv
0.275,0.665,0.0,0.0,0.0,0.0,0.0,200,../../lists/estonian_voro/list.estonian_voro.attrib=shap_mpd=11_thresh=1.0_docnorm=F_tfidf=F.csv
0.305,0.635,0.0,0.0,0.0,0.0,0.0,200,../../lists/estonian_voro/list.estonian_voro.attrib=shap_mpd=11_thresh=1.0_docnorm=F_tfidf=T.csv
0.405,0.53,0.0,0.0,0.0,0.0,0.0,200,../../lists/estonian_voro/list.estonian_voro.attrib=shap_mpd=11_thresh=1.0_docnorm=T_tfidf=F.csv
0.395,0.55,0.0,0.0,0.0,0.0,0.0,200,../../lists/estonian_voro/list.estonian_voro.attrib=shap_mpd=11_thresh=1.0_docnorm=T_tfidf=T.csv
0.29,0.65,0.0,0.0,0.0,0.0,0.0,200,../../lists/estonian_voro/list.estonian_voro.attrib=shap_mpd=12_thresh=0.1_docnorm=F_tfidf=F.csv
0.34,0.58,0.0,0.0,0.0,0.0,0.0,200,../../lists/estonian_voro/list.estonian_voro.attrib=shap_mpd=12_thresh=0.1_docnorm=F_tfidf=T.csv
0.455,0.01,0.905,0.97,0.985,0.985,0.985,200,../../lists/estonian_voro/list.estonian_voro.attrib=shap_mpd=12_thresh=0.1_docnorm=T_tfidf=F.csv
0.445,0.015,0.87,0.945,0.975,0.985,0.985,200,../../lists/estonian_voro/list.estonian_voro.attrib=shap_mpd=12_thresh=0.1_docnorm=T_tfidf=T.csv
0.29,0.65,0.0,0.0,0.0,0.0,0.0,200,../../lists/estonian_voro/list.estonian_voro.attrib=shap_mpd=12_thresh=0.2_docnorm=F_tfidf=F.csv
0.34,0.58,0.0,0.0,0.0,0.0,0.0,200,../../lists/estonian_voro/list.estonian_voro.attrib=shap_mpd=12_thresh=0.2_docnorm=F_tfidf=T.csv
0.675,0.055,0.0,0.29,0.57,0.73,0.85,200,../../lists/estonian_voro/list.estonian_voro.attrib=shap_mpd=12_thresh=0.2_docnorm=T_tfidf=F.csv
0.675,0.05,0.0,0.31,0.61,0.74,0.84,200,../../lists/estonian_voro/list.estonian_voro.attrib=shap_mpd=12_thresh=0.2_docnorm=T_tfidf=T.csv
0.29,0.65,0.0,0.0,0.0,0.0,0.0,200,../../lists/estonian_voro/list.estonian_voro.attrib=shap_mpd=12_thresh=0.3_docnorm=F_tfidf=F.csv
0.34,0.58,0.0,0.0,0.0,0.0,0.0,200,../../lists/estonian_voro/list.estonian_voro.attrib=shap_mpd=12_thresh=0.3_docnorm=F_tfidf=T.csv
0.77,0.07,0.0,0.0,0.01,0.225,0.435,200,../../lists/estonian_voro/list.estonian_voro.attrib=shap_mpd=12_thresh=0.3_docnorm=T_tfidf=F.csv
0.75,0.08,0.0,0.0,0.01,0.205,0.455,200,../../lists/estonian_voro/list.estonian_voro.attrib=shap_mpd=12_thresh=0.3_docnorm=T_tfidf=T.csv
0.29,0.65,0.0,0.0,0.0,0.0,0.0,200,../../lists/estonian_voro/list.estonian_voro.attrib=shap_mpd=12_thresh=0.4_docnorm=F_tfidf=F.csv
0.34,0.58,0.0,0.0,0.0,0.0,0.0,200,../../lists/estonian_voro/list.estonian_voro.attrib=shap_mpd=12_thresh=0.4_docnorm=F_tfidf=T.csv
0.795,0.065,0.0,0.0,0.0,0.0,0.145,200,../../lists/estonian_voro/list.estonian_voro.attrib=shap_mpd=12_thresh=0.4_docnorm=T_tfidf=F.csv
0.745,0.105,0.0,0.0,0.0,0.0,0.145,200,../../lists/estonian_voro/list.estonian_voro.attrib=shap_mpd=12_thresh=0.4_docnorm=T_tfidf=T.csv
0.29,0.65,0.0,0.0,0.0,0.0,0.0,200,../../lists/estonian_voro/list.estonian_voro.attrib=shap_mpd=12_thresh=0.5_docnorm=F_tfidf=F.csv
0.34,0.58,0.0,0.0,0.0,0.0,0.0,200,../../lists/estonian_voro/list.estonian_voro.attrib=shap_mpd=12_thresh=0.5_docnorm=F_tfidf=T.csv
0.78,0.09,0.0,0.0,0.0,0.0,0.0,200,../../lists/estonian_voro/list.estonian_voro.attrib=shap_mpd=12_thresh=0.5_docnorm=T_tfidf=F.csv
0.745,0.14,0.0,0.0,0.0,0.0,0.0,200,../../lists/estonian_voro/list.estonian_voro.attrib=shap_mpd=12_thresh=0.5_docnorm=T_tfidf=T.csv
0.29,0.65,0.0,0.0,0.0,0.0,0.0,200,../../lists/estonian_voro/list.estonian_voro.attrib=shap_mpd=12_thresh=0.6_docnorm=F_tfidf=F.csv
0.34,0.585,0.0,0.0,0.0,0.0,0.0,200,../../lists/estonian_voro/list.estonian_voro.attrib=shap_mpd=12_thresh=0.6_docnorm=F_tfidf=T.csv
0.77,0.145,0.0,0.0,0.0,0.0,0.0,200,../../lists/estonian_voro/list.estonian_voro.attrib=shap_mpd=12_thresh=0.6_docnorm=T_tfidf=F.csv
0.745,0.175,0.0,0.0,0.0,0.0,0.0,200,../../lists/estonian_voro/list.estonian_voro.attrib=shap_mpd=12_thresh=0.6_docnorm=T_tfidf=T.csv
0.285,0.65,0.0,0.0,0.0,0.0,0.0,200,../../lists/estonian_voro/list.estonian_voro.attrib=shap_mpd=12_thresh=0.7_docnorm=F_tfidf=F.csv
0.34,0.59,0.0,0.0,0.0,0.0,0.0,200,../../lists/estonian_voro/list.estonian_voro.attrib=shap_mpd=12_thresh=0.7_docnorm=F_tfidf=T.csv
0.76,0.175,0.0,0.0,0.0,0.0,0.0,200,../../lists/estonian_voro/list.estonian_voro.attrib=shap_mpd=12_thresh=0.7_docnorm=T_tfidf=F.csv
0.735,0.195,0.0,0.0,0.0,0.0,0.0,200,../../lists/estonian_voro/list.estonian_voro.attrib=shap_mpd=12_thresh=0.7_docnorm=T_tfidf=T.csv
0.285,0.65,0.0,0.0,0.0,0.0,0.0,200,../../lists/estonian_voro/list.estonian_voro.attrib=shap_mpd=12_thresh=0.8_docnorm=F_tfidf=F.csv
0.34,0.59,0.0,0.0,0.0,0.0,0.0,200,../../lists/estonian_voro/list.estonian_voro.attrib=shap_mpd=12_thresh=0.8_docnorm=F_tfidf=T.csv
0.66,0.26,0.0,0.0,0.0,0.0,0.0,200,../../lists/estonian_voro/list.estonian_voro.attrib=shap_mpd=12_thresh=0.8_docnorm=T_tfidf=F.csv
0.69,0.235,0.0,0.0,0.0,0.0,0.0,200,../../lists/estonian_voro/list.estonian_voro.attrib=shap_mpd=12_thresh=0.8_docnorm=T_tfidf=T.csv
0.285,0.65,0.0,0.0,0.0,0.0,0.0,200,../../lists/estonian_voro/list.estonian_voro.attrib=shap_mpd=12_thresh=0.9_docnorm=F_tfidf=F.csv
0.33,0.605,0.0,0.0,0.0,0.0,0.0,200,../../lists/estonian_voro/list.estonian_voro.attrib=shap_mpd=12_thresh=0.9_docnorm=F_tfidf=T.csv
0.565,0.355,0.0,0.0,0.0,0.0,0.0,200,../../lists/estonian_voro/list.estonian_voro.attrib=shap_mpd=12_thresh=0.9_docnorm=T_tfidf=F.csv
0.58,0.345,0.0,0.0,0.0,0.0,0.0,200,../../lists/estonian_voro/list.estonian_voro.attrib=shap_mpd=12_thresh=0.9_docnorm=T_tfidf=T.csv
0.27,0.67,0.0,0.0,0.0,0.0,0.0,200,../../lists/estonian_voro/list.estonian_voro.attrib=shap_mpd=12_thresh=1.0_docnorm=F_tfidf=F.csv
0.305,0.635,0.0,0.0,0.0,0.0,0.0,200,../../lists/estonian_voro/list.estonian_voro.attrib=shap_mpd=12_thresh=1.0_docnorm=F_tfidf=T.csv
0.415,0.52,0.0,0.0,0.0,0.0,0.0,200,../../lists/estonian_voro/list.estonian_voro.attrib=shap_mpd=12_thresh=1.0_docnorm=T_tfidf=F.csv
0.405,0.54,0.0,0.0,0.0,0.0,0.0,200,../../lists/estonian_voro/list.estonian_voro.attrib=shap_mpd=12_thresh=1.0_docnorm=T_tfidf=T.csv
0.29,0.65,0.0,0.0,0.0,0.0,0.0,200,../../lists/estonian_voro/list.estonian_voro.attrib=shap_mpd=13_thresh=0.1_docnorm=F_tfidf=F.csv
0.34,0.58,0.0,0.0,0.0,0.0,0.0,200,../../lists/estonian_voro/list.estonian_voro.attrib=shap_mpd=13_thresh=0.1_docnorm=F_tfidf=T.csv
0.455,0.01,0.905,0.97,0.985,0.985,0.985,200,../../lists/estonian_voro/list.estonian_voro.attrib=shap_mpd=13_thresh=0.1_docnorm=T_tfidf=F.csv
0.445,0.015,0.87,0.945,0.975,0.985,0.985,200,../../lists/estonian_voro/list.estonian_voro.attrib=shap_mpd=13_thresh=0.1_docnorm=T_tfidf=T.csv
0.29,0.65,0.0,0.0,0.0,0.0,0.0,200,../../lists/estonian_voro/list.estonian_voro.attrib=shap_mpd=13_thresh=0.2_docnorm=F_tfidf=F.csv
0.34,0.58,0.0,0.0,0.0,0.0,0.0,200,../../lists/estonian_voro/list.estonian_voro.attrib=shap_mpd=13_thresh=0.2_docnorm=F_tfidf=T.csv
0.675,0.055,0.0,0.29,0.57,0.73,0.85,200,../../lists/estonian_voro/list.estonian_voro.attrib=shap_mpd=13_thresh=0.2_docnorm=T_tfidf=F.csv
0.68,0.05,0.0,0.32,0.615,0.745,0.85,200,../../lists/estonian_voro/list.estonian_voro.attrib=shap_mpd=13_thresh=0.2_docnorm=T_tfidf=T.csv
0.29,0.65,0.0,0.0,0.0,0.0,0.0,200,../../lists/estonian_voro/list.estonian_voro.attrib=shap_mpd=13_thresh=0.3_docnorm=F_tfidf=F.csv
0.34,0.58,0.0,0.0,0.0,0.0,0.0,200,../../lists/estonian_voro/list.estonian_voro.attrib=shap_mpd=13_thresh=0.3_docnorm=F_tfidf=T.csv
0.78,0.065,0.0,0.0,0.01,0.225,0.445,200,../../lists/estonian_voro/list.estonian_voro.attrib=shap_mpd=13_thresh=0.3_docnorm=T_tfidf=F.csv
0.75,0.08,0.0,0.0,0.01,0.205,0.46,200,../../lists/estonian_voro/list.estonian_voro.attrib=shap_mpd=13_thresh=0.3_docnorm=T_tfidf=T.csv
0.29,0.65,0.0,0.0,0.0,0.0,0.0,200,../../lists/estonian_voro/list.estonian_voro.attrib=shap_mpd=13_thresh=0.4_docnorm=F_tfidf=F.csv
0.34,0.58,0.0,0.0,0.0,0.0,0.0,200,../../lists/estonian_voro/list.estonian_voro.attrib=shap_mpd=13_thresh=0.4_docnorm=F_tfidf=T.csv
0.795,0.065,0.0,0.0,0.0,0.0,0.145,200,../../lists/estonian_voro/list.estonian_voro.attrib=shap_mpd=13_thresh=0.4_docnorm=T_tfidf=F.csv
0.745,0.105,0.0,0.0,0.0,0.0,0.145,200,../../lists/estonian_voro/list.estonian_voro.attrib=shap_mpd=13_thresh=0.4_docnorm=T_tfidf=T.csv
0.29,0.65,0.0,0.0,0.0,0.0,0.0,200,../../lists/estonian_voro/list.estonian_voro.attrib=shap_mpd=13_thresh=0.5_docnorm=F_tfidf=F.csv
0.34,0.58,0.0,0.0,0.0,0.0,0.0,200,../../lists/estonian_voro/list.estonian_voro.attrib=shap_mpd=13_thresh=0.5_docnorm=F_tfidf=T.csv
0.785,0.085,0.0,0.0,0.0,0.0,0.0,200,../../lists/estonian_voro/list.estonian_voro.attrib=shap_mpd=13_thresh=0.5_docnorm=T_tfidf=F.csv
0.75,0.135,0.0,0.0,0.0,0.0,0.0,200,../../lists/estonian_voro/list.estonian_voro.attrib=shap_mpd=13_thresh=0.5_docnorm=T_tfidf=T.csv
0.29,0.65,0.0,0.0,0.0,0.0,0.0,200,../../lists/estonian_voro/list.estonian_voro.attrib=shap_mpd=13_thresh=0.6_docnorm=F_tfidf=F.csv
0.34,0.585,0.0,0.0,0.0,0.0,0.0,200,../../lists/estonian_voro/list.estonian_voro.attrib=shap_mpd=13_thresh=0.6_docnorm=F_tfidf=T.csv
0.77,0.145,0.0,0.0,0.0,0.0,0.0,200,../../lists/estonian_voro/list.estonian_voro.attrib=shap_mpd=13_thresh=0.6_docnorm=T_tfidf=F.csv
0.74,0.18,0.0,0.0,0.0,0.0,0.0,200,../../lists/estonian_voro/list.estonian_voro.attrib=shap_mpd=13_thresh=0.6_docnorm=T_tfidf=T.csv
0.285,0.65,0.0,0.0,0.0,0.0,0.0,200,../../lists/estonian_voro/list.estonian_voro.attrib=shap_mpd=13_thresh=0.7_docnorm=F_tfidf=F.csv
0.345,0.585,0.0,0.0,0.0,0.0,0.0,200,../../lists/estonian_voro/list.estonian_voro.attrib=shap_mpd=13_thresh=0.7_docnorm=F_tfidf=T.csv
0.76,0.17,0.0,0.0,0.0,0.0,0.0,200,../../lists/estonian_voro/list.estonian_voro.attrib=shap_mpd=13_thresh=0.7_docnorm=T_tfidf=F.csv
0.75,0.18,0.0,0.0,0.0,0.0,0.0,200,../../lists/estonian_voro/list.estonian_voro.attrib=shap_mpd=13_thresh=0.7_docnorm=T_tfidf=T.csv
0.285,0.65,0.0,0.0,0.0,0.0,0.0,200,../../lists/estonian_voro/list.estonian_voro.attrib=shap_mpd=13_thresh=0.8_docnorm=F_tfidf=F.csv
0.34,0.59,0.0,0.0,0.0,0.0,0.0,200,../../lists/estonian_voro/list.estonian_voro.attrib=shap_mpd=13_thresh=0.8_docnorm=F_tfidf=T.csv
0.665,0.255,0.0,0.0,0.0,0.0,0.0,200,../../lists/estonian_voro/list.estonian_voro.attrib=shap_mpd=13_thresh=0.8_docnorm=T_tfidf=F.csv
0.69,0.235,0.0,0.0,0.0,0.0,0.0,200,../../lists/estonian_voro/list.estonian_voro.attrib=shap_mpd=13_thresh=0.8_docnorm=T_tfidf=T.csv
0.285,0.65,0.0,0.0,0.0,0.0,0.0,200,../../lists/estonian_voro/list.estonian_voro.attrib=shap_mpd=13_thresh=0.9_docnorm=F_tfidf=F.csv
0.33,0.605,0.0,0.0,0.0,0.0,0.0,200,../../lists/estonian_voro/list.estonian_voro.attrib=shap_mpd=13_thresh=0.9_docnorm=F_tfidf=T.csv
0.57,0.35,0.0,0.0,0.0,0.0,0.0,200,../../lists/estonian_voro/list.estonian_voro.attrib=shap_mpd=13_thresh=0.9_docnorm=T_tfidf=F.csv
0.58,0.345,0.0,0.0,0.0,0.0,0.0,200,../../lists/estonian_voro/list.estonian_voro.attrib=shap_mpd=13_thresh=0.9_docnorm=T_tfidf=T.csv
0.27,0.67,0.0,0.0,0.0,0.0,0.0,200,../../lists/estonian_voro/list.estonian_voro.attrib=shap_mpd=13_thresh=1.0_docnorm=F_tfidf=F.csv
0.305,0.635,0.0,0.0,0.0,0.0,0.0,200,../../lists/estonian_voro/list.estonian_voro.attrib=shap_mpd=13_thresh=1.0_docnorm=F_tfidf=T.csv
0.415,0.52,0.0,0.0,0.0,0.0,0.0,200,../../lists/estonian_voro/list.estonian_voro.attrib=shap_mpd=13_thresh=1.0_docnorm=T_tfidf=F.csv
0.405,0.54,0.0,0.0,0.0,0.0,0.0,200,../../lists/estonian_voro/list.estonian_voro.attrib=shap_mpd=13_thresh=1.0_docnorm=T_tfidf=T.csv
0.29,0.65,0.0,0.0,0.0,0.0,0.0,200,../../lists/estonian_voro/list.estonian_voro.attrib=shap_mpd=14_thresh=0.1_docnorm=F_tfidf=F.csv
0.34,0.58,0.0,0.0,0.0,0.0,0.0,200,../../lists/estonian_voro/list.estonian_voro.attrib=shap_mpd=14_thresh=0.1_docnorm=F_tfidf=T.csv
0.46,0.005,0.91,0.975,0.99,0.99,0.99,200,../../lists/estonian_voro/list.estonian_voro.attrib=shap_mpd=14_thresh=0.1_docnorm=T_tfidf=F.csv
0.445,0.015,0.87,0.945,0.975,0.985,0.985,200,../../lists/estonian_voro/list.estonian_voro.attrib=shap_mpd=14_thresh=0.1_docnorm=T_tfidf=T.csv
0.29,0.65,0.0,0.0,0.0,0.0,0.0,200,../../lists/estonian_voro/list.estonian_voro.attrib=shap_mpd=14_thresh=0.2_docnorm=F_tfidf=F.csv
0.34,0.58,0.0,0.0,0.0,0.0,0.0,200,../../lists/estonian_voro/list.estonian_voro.attrib=shap_mpd=14_thresh=0.2_docnorm=F_tfidf=T.csv
0.675,0.055,0.0,0.295,0.57,0.725,0.845,200,../../lists/estonian_voro/list.estonian_voro.attrib=shap_mpd=14_thresh=0.2_docnorm=T_tfidf=F.csv
0.68,0.05,0.0,0.325,0.615,0.745,0.85,200,../../lists/estonian_voro/list.estonian_voro.attrib=shap_mpd=14_thresh=0.2_docnorm=T_tfidf=T.csv
0.29,0.65,0.0,0.0,0.0,0.0,0.0,200,../../lists/estonian_voro/list.estonian_voro.attrib=shap_mpd=14_thresh=0.3_docnorm=F_tfidf=F.csv
0.34,0.58,0.0,0.0,0.0,0.0,0.0,200,../../lists/estonian_voro/list.estonian_voro.attrib=shap_mpd=14_thresh=0.3_docnorm=F_tfidf=T.csv
0.785,0.06,0.0,0.0,0.01,0.22,0.445,200,../../lists/estonian_voro/list.estonian_voro.attrib=shap_mpd=14_thresh=0.3_docnorm=T_tfidf=F.csv
0.755,0.075,0.0,0.0,0.01,0.205,0.455,200,../../lists/estonian_voro/list.estonian_voro.attrib=shap_mpd=14_thresh=0.3_docnorm=T_tfidf=T.csv
0.29,0.65,0.0,0.0,0.0,0.0,0.0,200,../../lists/estonian_voro/list.estonian_voro.attrib=shap_mpd=14_thresh=0.4_docnorm=F_tfidf=F.csv
0.34,0.58,0.0,0.0,0.0,0.0,0.0,200,../../lists/estonian_voro/list.estonian_voro.attrib=shap_mpd=14_thresh=0.4_docnorm=F_tfidf=T.csv
0.79,0.065,0.0,0.0,0.0,0.0,0.145,200,../../lists/estonian_voro/list.estonian_voro.attrib=shap_mpd=14_thresh=0.4_docnorm=T_tfidf=F.csv
0.74,0.11,0.0,0.0,0.0,0.0,0.145,200,../../lists/estonian_voro/list.estonian_voro.attrib=shap_mpd=14_thresh=0.4_docnorm=T_tfidf=T.csv
0.29,0.65,0.0,0.0,0.0,0.0,0.0,200,../../lists/estonian_voro/list.estonian_voro.attrib=shap_mpd=14_thresh=0.5_docnorm=F_tfidf=F.csv
0.34,0.58,0.0,0.0,0.0,0.0,0.0,200,../../lists/estonian_voro/list.estonian_voro.attrib=shap_mpd=14_thresh=0.5_docnorm=F_tfidf=T.csv
0.785,0.09,0.0,0.0,0.0,0.0,0.0,200,../../lists/estonian_voro/list.estonian_voro.attrib=shap_mpd=14_thresh=0.5_docnorm=T_tfidf=F.csv
0.75,0.14,0.0,0.0,0.0,0.0,0.0,200,../../lists/estonian_voro/list.estonian_voro.attrib=shap_mpd=14_thresh=0.5_docnorm=T_tfidf=T.csv
0.29,0.65,0.0,0.0,0.0,0.0,0.0,200,../../lists/estonian_voro/list.estonian_voro.attrib=shap_mpd=14_thresh=0.6_docnorm=F_tfidf=F.csv
0.34,0.585,0.0,0.0,0.0,0.0,0.0,200,../../lists/estonian_voro/list.estonian_voro.attrib=shap_mpd=14_thresh=0.6_docnorm=F_tfidf=T.csv
0.77,0.145,0.0,0.0,0.0,0.0,0.0,200,../../lists/estonian_voro/list.estonian_voro.attrib=shap_mpd=14_thresh=0.6_docnorm=T_tfidf=F.csv
0.74,0.18,0.0,0.0,0.0,0.0,0.0,200,../../lists/estonian_voro/list.estonian_voro.attrib=shap_mpd=14_thresh=0.6_docnorm=T_tfidf=T.csv
0.285,0.65,0.0,0.0,0.0,0.0,0.0,200,../../lists/estonian_voro/list.estonian_voro.attrib=shap_mpd=14_thresh=0.7_docnorm=F_tfidf=F.csv
0.345,0.585,0.0,0.0,0.0,0.0,0.0,200,../../lists/estonian_voro/list.estonian_voro.attrib=shap_mpd=14_thresh=0.7_docnorm=F_tfidf=T.csv
0.765,0.165,0.0,0.0,0.0,0.0,0.0,200,../../lists/estonian_voro/list.estonian_voro.attrib=shap_mpd=14_thresh=0.7_docnorm=T_tfidf=F.csv
0.75,0.18,0.0,0.0,0.0,0.0,0.0,200,../../lists/estonian_voro/list.estonian_voro.attrib=shap_mpd=14_thresh=0.7_docnorm=T_tfidf=T.csv
0.285,0.65,0.0,0.0,0.0,0.0,0.0,200,../../lists/estonian_voro/list.estonian_voro.attrib=shap_mpd=14_thresh=0.8_docnorm=F_tfidf=F.csv
0.34,0.59,0.0,0.0,0.0,0.0,0.0,200,../../lists/estonian_voro/list.estonian_voro.attrib=shap_mpd=14_thresh=0.8_docnorm=F_tfidf=T.csv
0.665,0.255,0.0,0.0,0.0,0.0,0.0,200,../../lists/estonian_voro/list.estonian_voro.attrib=shap_mpd=14_thresh=0.8_docnorm=T_tfidf=F.csv
0.685,0.24,0.0,0.0,0.0,0.0,0.0,200,../../lists/estonian_voro/list.estonian_voro.attrib=shap_mpd=14_thresh=0.8_docnorm=T_tfidf=T.csv
0.285,0.65,0.0,0.0,0.0,0.0,0.0,200,../../lists/estonian_voro/list.estonian_voro.attrib=shap_mpd=14_thresh=0.9_docnorm=F_tfidf=F.csv
0.33,0.605,0.0,0.0,0.0,0.0,0.0,200,../../lists/estonian_voro/list.estonian_voro.attrib=shap_mpd=14_thresh=0.9_docnorm=F_tfidf=T.csv
0.57,0.35,0.0,0.0,0.0,0.0,0.0,200,../../lists/estonian_voro/list.estonian_voro.attrib=shap_mpd=14_thresh=0.9_docnorm=T_tfidf=F.csv
0.585,0.34,0.0,0.0,0.0,0.0,0.0,200,../../lists/estonian_voro/list.estonian_voro.attrib=shap_mpd=14_thresh=0.9_docnorm=T_tfidf=T.csv
0.27,0.67,0.0,0.0,0.0,0.0,0.0,200,../../lists/estonian_voro/list.estonian_voro.attrib=shap_mpd=14_thresh=1.0_docnorm=F_tfidf=F.csv
0.3,0.64,0.0,0.0,0.0,0.0,0.0,200,../../lists/estonian_voro/list.estonian_voro.attrib=shap_mpd=14_thresh=1.0_docnorm=F_tfidf=T.csv
0.415,0.52,0.0,0.0,0.0,0.0,0.0,200,../../lists/estonian_voro/list.estonian_voro.attrib=shap_mpd=14_thresh=1.0_docnorm=T_tfidf=F.csv
0.395,0.55,0.0,0.0,0.0,0.0,0.0,200,../../lists/estonian_voro/list.estonian_voro.attrib=shap_mpd=14_thresh=1.0_docnorm=T_tfidf=T.csv
0.29,0.65,0.0,0.0,0.0,0.0,0.0,200,../../lists/estonian_voro/list.estonian_voro.attrib=shap_mpd=15_thresh=0.1_docnorm=F_tfidf=F.csv
0.34,0.58,0.0,0.0,0.0,0.0,0.0,200,../../lists/estonian_voro/list.estonian_voro.attrib=shap_mpd=15_thresh=0.1_docnorm=F_tfidf=T.csv
0.46,0.005,0.91,0.975,0.99,0.99,0.99,200,../../lists/estonian_voro/list.estonian_voro.attrib=shap_mpd=15_thresh=0.1_docnorm=T_tfidf=F.csv
0.445,0.015,0.87,0.945,0.975,0.985,0.985,200,../../lists/estonian_voro/list.estonian_voro.attrib=shap_mpd=15_thresh=0.1_docnorm=T_tfidf=T.csv
0.29,0.65,0.0,0.0,0.0,0.0,0.0,200,../../lists/estonian_voro/list.estonian_voro.attrib=shap_mpd=15_thresh=0.2_docnorm=F_tfidf=F.csv
0.34,0.58,0.0,0.0,0.0,0.0,0.0,200,../../lists/estonian_voro/list.estonian_voro.attrib=shap_mpd=15_thresh=0.2_docnorm=F_tfidf=T.csv
0.67,0.055,0.0,0.295,0.575,0.735,0.85,200,../../lists/estonian_voro/list.estonian_voro.attrib=shap_mpd=15_thresh=0.2_docnorm=T_tfidf=F.csv
0.68,0.05,0.0,0.325,0.615,0.745,0.85,200,../../lists/estonian_voro/list.estonian_voro.attrib=shap_mpd=15_thresh=0.2_docnorm=T_tfidf=T.csv
0.29,0.65,0.0,0.0,0.0,0.0,0.0,200,../../lists/estonian_voro/list.estonian_voro.attrib=shap_mpd=15_thresh=0.3_docnorm=F_tfidf=F.csv
0.34,0.58,0.0,0.0,0.0,0.0,0.0,200,../../lists/estonian_voro/list.estonian_voro.attrib=shap_mpd=15_thresh=0.3_docnorm=F_tfidf=T.csv
0.79,0.06,0.0,0.0,0.01,0.22,0.45,200,../../lists/estonian_voro/list.estonian_voro.attrib=shap_mpd=15_thresh=0.3_docnorm=T_tfidf=F.csv
0.755,0.075,0.0,0.0,0.01,0.205,0.455,200,../../lists/estonian_voro/list.estonian_voro.attrib=shap_mpd=15_thresh=0.3_docnorm=T_tfidf=T.csv
0.29,0.65,0.0,0.0,0.0,0.0,0.0,200,../../lists/estonian_voro/list.estonian_voro.attrib=shap_mpd=15_thresh=0.4_docnorm=F_tfidf=F.csv
0.34,0.58,0.0,0.0,0.0,0.0,0.0,200,../../lists/estonian_voro/list.estonian_voro.attrib=shap_mpd=15_thresh=0.4_docnorm=F_tfidf=T.csv
0.795,0.065,0.0,0.0,0.0,0.0,0.145,200,../../lists/estonian_voro/list.estonian_voro.attrib=shap_mpd=15_thresh=0.4_docnorm=T_tfidf=F.csv
0.74,0.11,0.0,0.0,0.0,0.0,0.145,200,../../lists/estonian_voro/list.estonian_voro.attrib=shap_mpd=15_thresh=0.4_docnorm=T_tfidf=T.csv
0.29,0.65,0.0,0.0,0.0,0.0,0.0,200,../../lists/estonian_voro/list.estonian_voro.attrib=shap_mpd=15_thresh=0.5_docnorm=F_tfidf=F.csv
0.34,0.58,0.0,0.0,0.0,0.0,0.0,200,../../lists/estonian_voro/list.estonian_voro.attrib=shap_mpd=15_thresh=0.5_docnorm=F_tfidf=T.csv
0.78,0.095,0.0,0.0,0.0,0.0,0.0,200,../../lists/estonian_voro/list.estonian_voro.attrib=shap_mpd=15_thresh=0.5_docnorm=T_tfidf=F.csv
0.75,0.14,0.0,0.0,0.0,0.0,0.0,200,../../lists/estonian_voro/list.estonian_voro.attrib=shap_mpd=15_thresh=0.5_docnorm=T_tfidf=T.csv
0.29,0.65,0.0,0.0,0.0,0.0,0.0,200,../../lists/estonian_voro/list.estonian_voro.attrib=shap_mpd=15_thresh=0.6_docnorm=F_tfidf=F.csv
0.34,0.585,0.0,0.0,0.0,0.0,0.0,200,../../lists/estonian_voro/list.estonian_voro.attrib=shap_mpd=15_thresh=0.6_docnorm=F_tfidf=T.csv
0.775,0.14,0.0,0.0,0.0,0.0,0.0,200,../../lists/estonian_voro/list.estonian_voro.attrib=shap_mpd=15_thresh=0.6_docnorm=T_tfidf=F.csv
0.735,0.185,0.0,0.0,0.0,0.0,0.0,200,../../lists/estonian_voro/list.estonian_voro.attrib=shap_mpd=15_thresh=0.6_docnorm=T_tfidf=T.csv
0.285,0.65,0.0,0.0,0.0,0.0,0.0,200,../../lists/estonian_voro/list.estonian_voro.attrib=shap_mpd=15_thresh=0.7_docnorm=F_tfidf=F.csv
0.345,0.585,0.0,0.0,0.0,0.0,0.0,200,../../lists/estonian_voro/list.estonian_voro.attrib=shap_mpd=15_thresh=0.7_docnorm=F_tfidf=T.csv
0.765,0.165,0.0,0.0,0.0,0.0,0.0,200,../../lists/estonian_voro/list.estonian_voro.attrib=shap_mpd=15_thresh=0.7_docnorm=T_tfidf=F.csv
0.75,0.18,0.0,0.0,0.0,0.0,0.0,200,../../lists/estonian_voro/list.estonian_voro.attrib=shap_mpd=15_thresh=0.7_docnorm=T_tfidf=T.csv
0.285,0.65,0.0,0.0,0.0,0.0,0.0,200,../../lists/estonian_voro/list.estonian_voro.attrib=shap_mpd=15_thresh=0.8_docnorm=F_tfidf=F.csv
0.34,0.59,0.0,0.0,0.0,0.0,0.0,200,../../lists/estonian_voro/list.estonian_voro.attrib=shap_mpd=15_thresh=0.8_docnorm=F_tfidf=T.csv
0.68,0.24,0.0,0.0,0.0,0.0,0.0,200,../../lists/estonian_voro/list.estonian_voro.attrib=shap_mpd=15_thresh=0.8_docnorm=T_tfidf=F.csv
0.685,0.24,0.0,0.0,0.0,0.0,0.0,200,../../lists/estonian_voro/list.estonian_voro.attrib=shap_mpd=15_thresh=0.8_docnorm=T_tfidf=T.csv
0.285,0.65,0.0,0.0,0.0,0.0,0.0,200,../../lists/estonian_voro/list.estonian_voro.attrib=shap_mpd=15_thresh=0.9_docnorm=F_tfidf=F.csv
0.33,0.605,0.0,0.0,0.0,0.0,0.0,200,../../lists/estonian_voro/list.estonian_voro.attrib=shap_mpd=15_thresh=0.9_docnorm=F_tfidf=T.csv
0.575,0.345,0.0,0.0,0.0,0.0,0.0,200,../../lists/estonian_voro/list.estonian_voro.attrib=shap_mpd=15_thresh=0.9_docnorm=T_tfidf=F.csv
0.59,0.335,0.0,0.0,0.0,0.0,0.0,200,../../lists/estonian_voro/list.estonian_voro.attrib=shap_mpd=15_thresh=0.9_docnorm=T_tfidf=T.csv
0.27,0.67,0.0,0.0,0.0,0.0,0.0,200,../../lists/estonian_voro/list.estonian_voro.attrib=shap_mpd=15_thresh=1.0_docnorm=F_tfidf=F.csv
0.3,0.64,0.0,0.0,0.0,0.0,0.0,200,../../lists/estonian_voro/list.estonian_voro.attrib=shap_mpd=15_thresh=1.0_docnorm=F_tfidf=T.csv
0.415,0.52,0.0,0.0,0.0,0.0,0.0,200,../../lists/estonian_voro/list.estonian_voro.attrib=shap_mpd=15_thresh=1.0_docnorm=T_tfidf=F.csv
0.4,0.545,0.0,0.0,0.0,0.0,0.0,200,../../lists/estonian_voro/list.estonian_voro.attrib=shap_mpd=15_thresh=1.0_docnorm=T_tfidf=T.csv
0.29,0.65,0.0,0.0,0.0,0.0,0.0,200,../../lists/estonian_voro/list.estonian_voro.attrib=shap_mpd=16_thresh=0.1_docnorm=F_tfidf=F.csv
0.34,0.58,0.0,0.0,0.0,0.0,0.0,200,../../lists/estonian_voro/list.estonian_voro.attrib=shap_mpd=16_thresh=0.1_docnorm=F_tfidf=T.csv
0.46,0.005,0.91,0.975,0.99,0.99,0.99,200,../../lists/estonian_voro/list.estonian_voro.attrib=shap_mpd=16_thresh=0.1_docnorm=T_tfidf=F.csv
0.445,0.015,0.87,0.945,0.975,0.985,0.985,200,../../lists/estonian_voro/list.estonian_voro.attrib=shap_mpd=16_thresh=0.1_docnorm=T_tfidf=T.csv
0.29,0.65,0.0,0.0,0.0,0.0,0.0,200,../../lists/estonian_voro/list.estonian_voro.attrib=shap_mpd=16_thresh=0.2_docnorm=F_tfidf=F.csv
0.34,0.58,0.0,0.0,0.0,0.0,0.0,200,../../lists/estonian_voro/list.estonian_voro.attrib=shap_mpd=16_thresh=0.2_docnorm=F_tfidf=T.csv
0.665,0.055,0.0,0.3,0.575,0.735,0.85,200,../../lists/estonian_voro/list.estonian_voro.attrib=shap_mpd=16_thresh=0.2_docnorm=T_tfidf=F.csv
0.68,0.05,0.0,0.325,0.615,0.745,0.85,200,../../lists/estonian_voro/list.estonian_voro.attrib=shap_mpd=16_thresh=0.2_docnorm=T_tfidf=T.csv
0.29,0.65,0.0,0.0,0.0,0.0,0.0,200,../../lists/estonian_voro/list.estonian_voro.attrib=shap_mpd=16_thresh=0.3_docnorm=F_tfidf=F.csv
0.34,0.58,0.0,0.0,0.0,0.0,0.0,200,../../lists/estonian_voro/list.estonian_voro.attrib=shap_mpd=16_thresh=0.3_docnorm=F_tfidf=T.csv
0.79,0.055,0.0,0.0,0.01,0.22,0.445,200,../../lists/estonian_voro/list.estonian_voro.attrib=shap_mpd=16_thresh=0.3_docnorm=T_tfidf=F.csv
0.745,0.08,0.0,0.0,0.01,0.205,0.455,200,../../lists/estonian_voro/list.estonian_voro.attrib=shap_mpd=16_thresh=0.3_docnorm=T_tfidf=T.csv
0.29,0.65,0.0,0.0,0.0,0.0,0.0,200,../../lists/estonian_voro/list.estonian_voro.attrib=shap_mpd=16_thresh=0.4_docnorm=F_tfidf=F.csv
0.34,0.58,0.0,0.0,0.0,0.0,0.0,200,../../lists/estonian_voro/list.estonian_voro.attrib=shap_mpd=16_thresh=0.4_docnorm=F_tfidf=T.csv
0.805,0.06,0.0,0.0,0.0,0.0,0.145,200,../../lists/estonian_voro/list.estonian_voro.attrib=shap_mpd=16_thresh=0.4_docnorm=T_tfidf=F.csv
0.74,0.11,0.0,0.0,0.0,0.0,0.145,200,../../lists/estonian_voro/list.estonian_voro.attrib=shap_mpd=16_thresh=0.4_docnorm=T_tfidf=T.csv
0.29,0.65,0.0,0.0,0.0,0.0,0.0,200,../../lists/estonian_voro/list.estonian_voro.attrib=shap_mpd=16_thresh=0.5_docnorm=F_tfidf=F.csv
0.34,0.58,0.0,0.0,0.0,0.0,0.0,200,../../lists/estonian_voro/list.estonian_voro.attrib=shap_mpd=16_thresh=0.5_docnorm=F_tfidf=T.csv
0.78,0.09,0.0,0.0,0.0,0.0,0.0,200,../../lists/estonian_voro/list.estonian_voro.attrib=shap_mpd=16_thresh=0.5_docnorm=T_tfidf=F.csv
0.75,0.14,0.0,0.0,0.0,0.0,0.0,200,../../lists/estonian_voro/list.estonian_voro.attrib=shap_mpd=16_thresh=0.5_docnorm=T_tfidf=T.csv
0.29,0.65,0.0,0.0,0.0,0.0,0.0,200,../../lists/estonian_voro/list.estonian_voro.attrib=shap_mpd=16_thresh=0.6_docnorm=F_tfidf=F.csv
0.34,0.585,0.0,0.0,0.0,0.0,0.0,200,../../lists/estonian_voro/list.estonian_voro.attrib=shap_mpd=16_thresh=0.6_docnorm=F_tfidf=T.csv
0.77,0.145,0.0,0.0,0.0,0.0,0.0,200,../../lists/estonian_voro/list.estonian_voro.attrib=shap_mpd=16_thresh=0.6_docnorm=T_tfidf=F.csv
0.75,0.17,0.0,0.0,0.0,0.0,0.0,200,../../lists/estonian_voro/list.estonian_voro.attrib=shap_mpd=16_thresh=0.6_docnorm=T_tfidf=T.csv
0.285,0.65,0.0,0.0,0.0,0.0,0.0,200,../../lists/estonian_voro/list.estonian_voro.attrib=shap_mpd=16_thresh=0.7_docnorm=F_tfidf=F.csv
0.345,0.585,0.0,0.0,0.0,0.0,0.0,200,../../lists/estonian_voro/list.estonian_voro.attrib=shap_mpd=16_thresh=0.7_docnorm=F_tfidf=T.csv
0.77,0.16,0.0,0.0,0.0,0.0,0.0,200,../../lists/estonian_voro/list.estonian_voro.attrib=shap_mpd=16_thresh=0.7_docnorm=T_tfidf=F.csv
0.75,0.18,0.0,0.0,0.0,0.0,0.0,200,../../lists/estonian_voro/list.estonian_voro.attrib=shap_mpd=16_thresh=0.7_docnorm=T_tfidf=T.csv
0.285,0.65,0.0,0.0,0.0,0.0,0.0,200,../../lists/estonian_voro/list.estonian_voro.attrib=shap_mpd=16_thresh=0.8_docnorm=F_tfidf=F.csv
0.34,0.59,0.0,0.0,0.0,0.0,0.0,200,../../lists/estonian_voro/list.estonian_voro.attrib=shap_mpd=16_thresh=0.8_docnorm=F_tfidf=T.csv
0.67,0.25,0.0,0.0,0.0,0.0,0.0,200,../../lists/estonian_voro/list.estonian_voro.attrib=shap_mpd=16_thresh=0.8_docnorm=T_tfidf=F.csv
0.68,0.24,0.0,0.0,0.0,0.0,0.0,200,../../lists/estonian_voro/list.estonian_voro.attrib=shap_mpd=16_thresh=0.8_docnorm=T_tfidf=T.csv
0.285,0.65,0.0,0.0,0.0,0.0,0.0,200,../../lists/estonian_voro/list.estonian_voro.attrib=shap_mpd=16_thresh=0.9_docnorm=F_tfidf=F.csv
0.33,0.605,0.0,0.0,0.0,0.0,0.0,200,../../lists/estonian_voro/list.estonian_voro.attrib=shap_mpd=16_thresh=0.9_docnorm=F_tfidf=T.csv
0.57,0.35,0.0,0.0,0.0,0.0,0.0,200,../../lists/estonian_voro/list.estonian_voro.attrib=shap_mpd=16_thresh=0.9_docnorm=T_tfidf=F.csv
0.595,0.33,0.0,0.0,0.0,0.0,0.0,200,../../lists/estonian_voro/list.estonian_voro.attrib=shap_mpd=16_thresh=0.9_docnorm=T_tfidf=T.csv
0.275,0.665,0.0,0.0,0.0,0.0,0.0,200,../../lists/estonian_voro/list.estonian_voro.attrib=shap_mpd=16_thresh=1.0_docnorm=F_tfidf=F.csv
0.3,0.64,0.0,0.0,0.0,0.0,0.0,200,../../lists/estonian_voro/list.estonian_voro.attrib=shap_mpd=16_thresh=1.0_docnorm=F_tfidf=T.csv
0.425,0.51,0.0,0.0,0.0,0.0,0.0,200,../../lists/estonian_voro/list.estonian_voro.attrib=shap_mpd=16_thresh=1.0_docnorm=T_tfidf=F.csv
0.41,0.535,0.0,0.0,0.0,0.0,0.0,200,../../lists/estonian_voro/list.estonian_voro.attrib=shap_mpd=16_thresh=1.0_docnorm=T_tfidf=T.csv
0.29,0.65,0.0,0.0,0.0,0.0,0.0,200,../../lists/estonian_voro/list.estonian_voro.attrib=shap_mpd=17_thresh=0.1_docnorm=F_tfidf=F.csv
0.34,0.58,0.0,0.0,0.0,0.0,0.0,200,../../lists/estonian_voro/list.estonian_voro.attrib=shap_mpd=17_thresh=0.1_docnorm=F_tfidf=T.csv
0.46,0.005,0.91,0.975,0.99,0.99,0.99,200,../../lists/estonian_voro/list.estonian_voro.attrib=shap_mpd=17_thresh=0.1_docnorm=T_tfidf=F.csv
0.445,0.015,0.87,0.945,0.975,0.985,0.985,200,../../lists/estonian_voro/list.estonian_voro.attrib=shap_mpd=17_thresh=0.1_docnorm=T_tfidf=T.csv
0.29,0.65,0.0,0.0,0.0,0.0,0.0,200,../../lists/estonian_voro/list.estonian_voro.attrib=shap_mpd=17_thresh=0.2_docnorm=F_tfidf=F.csv
0.34,0.58,0.0,0.0,0.0,0.0,0.0,200,../../lists/estonian_voro/list.estonian_voro.attrib=shap_mpd=17_thresh=0.2_docnorm=F_tfidf=T.csv
0.665,0.055,0.0,0.3,0.57,0.73,0.85,200,../../lists/estonian_voro/list.estonian_voro.attrib=shap_mpd=17_thresh=0.2_docnorm=T_tfidf=F.csv
0.68,0.045,0.0,0.33,0.62,0.75,0.855,200,../../lists/estonian_voro/list.estonian_voro.attrib=shap_mpd=17_thresh=0.2_docnorm=T_tfidf=T.csv
0.29,0.65,0.0,0.0,0.0,0.0,0.0,200,../../lists/estonian_voro/list.estonian_voro.attrib=shap_mpd=17_thresh=0.3_docnorm=F_tfidf=F.csv
0.34,0.58,0.0,0.0,0.0,0.0,0.0,200,../../lists/estonian_voro/list.estonian_voro.attrib=shap_mpd=17_thresh=0.3_docnorm=F_tfidf=T.csv
0.79,0.06,0.0,0.0,0.01,0.225,0.45,200,../../lists/estonian_voro/list.estonian_voro.attrib=shap_mpd=17_thresh=0.3_docnorm=T_tfidf=F.csv
0.745,0.08,0.0,0.0,0.01,0.205,0.455,200,../../lists/estonian_voro/list.estonian_voro.attrib=shap_mpd=17_thresh=0.3_docnorm=T_tfidf=T.csv
0.29,0.65,0.0,0.0,0.0,0.0,0.0,200,../../lists/estonian_voro/list.estonian_voro.attrib=shap_mpd=17_thresh=0.4_docnorm=F_tfidf=F.csv
0.34,0.58,0.0,0.0,0.0,0.0,0.0,200,../../lists/estonian_voro/list.estonian_voro.attrib=shap_mpd=17_thresh=0.4_docnorm=F_tfidf=T.csv
0.8,0.06,0.0,0.0,0.0,0.0,0.145,200,../../lists/estonian_voro/list.estonian_voro.attrib=shap_mpd=17_thresh=0.4_docnorm=T_tfidf=F.csv
0.74,0.11,0.0,0.0,0.0,0.0,0.145,200,../../lists/estonian_voro/list.estonian_voro.attrib=shap_mpd=17_thresh=0.4_docnorm=T_tfidf=T.csv
0.29,0.65,0.0,0.0,0.0,0.0,0.0,200,../../lists/estonian_voro/list.estonian_voro.attrib=shap_mpd=17_thresh=0.5_docnorm=F_tfidf=F.csv
0.34,0.58,0.0,0.0,0.0,0.0,0.0,200,../../lists/estonian_voro/list.estonian_voro.attrib=shap_mpd=17_thresh=0.5_docnorm=F_tfidf=T.csv
0.78,0.09,0.0,0.0,0.0,0.0,0.0,200,../../lists/estonian_voro/list.estonian_voro.attrib=shap_mpd=17_thresh=0.5_docnorm=T_tfidf=F.csv
0.75,0.14,0.0,0.0,0.0,0.0,0.0,200,../../lists/estonian_voro/list.estonian_voro.attrib=shap_mpd=17_thresh=0.5_docnorm=T_tfidf=T.csv
0.29,0.65,0.0,0.0,0.0,0.0,0.0,200,../../lists/estonian_voro/list.estonian_voro.attrib=shap_mpd=17_thresh=0.6_docnorm=F_tfidf=F.csv
0.34,0.585,0.0,0.0,0.0,0.0,0.0,200,../../lists/estonian_voro/list.estonian_voro.attrib=shap_mpd=17_thresh=0.6_docnorm=F_tfidf=T.csv
0.765,0.15,0.0,0.0,0.0,0.0,0.0,200,../../lists/estonian_voro/list.estonian_voro.attrib=shap_mpd=17_thresh=0.6_docnorm=T_tfidf=F.csv
0.75,0.17,0.0,0.0,0.0,0.0,0.0,200,../../lists/estonian_voro/list.estonian_voro.attrib=shap_mpd=17_thresh=0.6_docnorm=T_tfidf=T.csv
0.285,0.65,0.0,0.0,0.0,0.0,0.0,200,../../lists/estonian_voro/list.estonian_voro.attrib=shap_mpd=17_thresh=0.7_docnorm=F_tfidf=F.csv
0.345,0.585,0.0,0.0,0.0,0.0,0.0,200,../../lists/estonian_voro/list.estonian_voro.attrib=shap_mpd=17_thresh=0.7_docnorm=F_tfidf=T.csv
0.77,0.16,0.0,0.0,0.0,0.0,0.0,200,../../lists/estonian_voro/list.estonian_voro.attrib=shap_mpd=17_thresh=0.7_docnorm=T_tfidf=F.csv
0.745,0.185,0.0,0.0,0.0,0.0,0.0,200,../../lists/estonian_voro/list.estonian_voro.attrib=shap_mpd=17_thresh=0.7_docnorm=T_tfidf=T.csv
0.285,0.65,0.0,0.0,0.0,0.0,0.0,200,../../lists/estonian_voro/list.estonian_voro.attrib=shap_mpd=17_thresh=0.8_docnorm=F_tfidf=F.csv
0.34,0.59,0.0,0.0,0.0,0.0,0.0,200,../../lists/estonian_voro/list.estonian_voro.attrib=shap_mpd=17_thresh=0.8_docnorm=F_tfidf=T.csv
0.67,0.25,0.0,0.0,0.0,0.0,0.0,200,../../lists/estonian_voro/list.estonian_voro.attrib=shap_mpd=17_thresh=0.8_docnorm=T_tfidf=F.csv
0.68,0.24,0.0,0.0,0.0,0.0,0.0,200,../../lists/estonian_voro/list.estonian_voro.attrib=shap_mpd=17_thresh=0.8_docnorm=T_tfidf=T.csv
0.285,0.65,0.0,0.0,0.0,0.0,0.0,200,../../lists/estonian_voro/list.estonian_voro.attrib=shap_mpd=17_thresh=0.9_docnorm=F_tfidf=F.csv
0.33,0.605,0.0,0.0,0.0,0.0,0.0,200,../../lists/estonian_voro/list.estonian_voro.attrib=shap_mpd=17_thresh=0.9_docnorm=F_tfidf=T.csv
0.58,0.34,0.0,0.0,0.0,0.0,0.0,200,../../lists/estonian_voro/list.estonian_voro.attrib=shap_mpd=17_thresh=0.9_docnorm=T_tfidf=F.csv
0.595,0.33,0.0,0.0,0.0,0.0,0.0,200,../../lists/estonian_voro/list.estonian_voro.attrib=shap_mpd=17_thresh=0.9_docnorm=T_tfidf=T.csv
0.275,0.665,0.0,0.0,0.0,0.0,0.0,200,../../lists/estonian_voro/list.estonian_voro.attrib=shap_mpd=17_thresh=1.0_docnorm=F_tfidf=F.csv
0.3,0.64,0.0,0.0,0.0,0.0,0.0,200,../../lists/estonian_voro/list.estonian_voro.attrib=shap_mpd=17_thresh=1.0_docnorm=F_tfidf=T.csv
0.425,0.51,0.0,0.0,0.0,0.0,0.0,200,../../lists/estonian_voro/list.estonian_voro.attrib=shap_mpd=17_thresh=1.0_docnorm=T_tfidf=F.csv
0.41,0.535,0.0,0.0,0.0,0.0,0.0,200,../../lists/estonian_voro/list.estonian_voro.attrib=shap_mpd=17_thresh=1.0_docnorm=T_tfidf=T.csv
0.29,0.65,0.0,0.0,0.0,0.0,0.0,200,../../lists/estonian_voro/list.estonian_voro.attrib=shap_mpd=18_thresh=0.1_docnorm=F_tfidf=F.csv
0.34,0.58,0.0,0.0,0.0,0.0,0.0,200,../../lists/estonian_voro/list.estonian_voro.attrib=shap_mpd=18_thresh=0.1_docnorm=F_tfidf=T.csv
0.46,0.005,0.91,0.975,0.99,0.99,0.99,200,../../lists/estonian_voro/list.estonian_voro.attrib=shap_mpd=18_thresh=0.1_docnorm=T_tfidf=F.csv
0.445,0.015,0.87,0.945,0.975,0.985,0.985,200,../../lists/estonian_voro/list.estonian_voro.attrib=shap_mpd=18_thresh=0.1_docnorm=T_tfidf=T.csv
0.29,0.65,0.0,0.0,0.0,0.0,0.0,200,../../lists/estonian_voro/list.estonian_voro.attrib=shap_mpd=18_thresh=0.2_docnorm=F_tfidf=F.csv
0.34,0.58,0.0,0.0,0.0,0.0,0.0,200,../../lists/estonian_voro/list.estonian_voro.attrib=shap_mpd=18_thresh=0.2_docnorm=F_tfidf=T.csv
0.665,0.055,0.0,0.3,0.57,0.73,0.85,200,../../lists/estonian_voro/list.estonian_voro.attrib=shap_mpd=18_thresh=0.2_docnorm=T_tfidf=F.csv
0.68,0.045,0.0,0.33,0.62,0.75,0.855,200,../../lists/estonian_voro/list.estonian_voro.attrib=shap_mpd=18_thresh=0.2_docnorm=T_tfidf=T.csv
0.29,0.65,0.0,0.0,0.0,0.0,0.0,200,../../lists/estonian_voro/list.estonian_voro.attrib=shap_mpd=18_thresh=0.3_docnorm=F_tfidf=F.csv
0.34,0.58,0.0,0.0,0.0,0.0,0.0,200,../../lists/estonian_voro/list.estonian_voro.attrib=shap_mpd=18_thresh=0.3_docnorm=F_tfidf=T.csv
0.79,0.06,0.0,0.0,0.01,0.225,0.45,200,../../lists/estonian_voro/list.estonian_voro.attrib=shap_mpd=18_thresh=0.3_docnorm=T_tfidf=F.csv
0.745,0.08,0.0,0.0,0.01,0.205,0.455,200,../../lists/estonian_voro/list.estonian_voro.attrib=shap_mpd=18_thresh=0.3_docnorm=T_tfidf=T.csv
0.29,0.65,0.0,0.0,0.0,0.0,0.0,200,../../lists/estonian_voro/list.estonian_voro.attrib=shap_mpd=18_thresh=0.4_docnorm=F_tfidf=F.csv
0.34,0.58,0.0,0.0,0.0,0.0,0.0,200,../../lists/estonian_voro/list.estonian_voro.attrib=shap_mpd=18_thresh=0.4_docnorm=F_tfidf=T.csv
0.8,0.06,0.0,0.0,0.0,0.0,0.15,200,../../lists/estonian_voro/list.estonian_voro.attrib=shap_mpd=18_thresh=0.4_docnorm=T_tfidf=F.csv
0.74,0.11,0.0,0.0,0.0,0.0,0.145,200,../../lists/estonian_voro/list.estonian_voro.attrib=shap_mpd=18_thresh=0.4_docnorm=T_tfidf=T.csv
0.29,0.65,0.0,0.0,0.0,0.0,0.0,200,../../lists/estonian_voro/list.estonian_voro.attrib=shap_mpd=18_thresh=0.5_docnorm=F_tfidf=F.csv
0.34,0.58,0.0,0.0,0.0,0.0,0.0,200,../../lists/estonian_voro/list.estonian_voro.attrib=shap_mpd=18_thresh=0.5_docnorm=F_tfidf=T.csv
0.785,0.09,0.0,0.0,0.0,0.0,0.0,200,../../lists/estonian_voro/list.estonian_voro.attrib=shap_mpd=18_thresh=0.5_docnorm=T_tfidf=F.csv
0.755,0.14,0.0,0.0,0.0,0.0,0.0,200,../../lists/estonian_voro/list.estonian_voro.attrib=shap_mpd=18_thresh=0.5_docnorm=T_tfidf=T.csv
0.29,0.65,0.0,0.0,0.0,0.0,0.0,200,../../lists/estonian_voro/list.estonian_voro.attrib=shap_mpd=18_thresh=0.6_docnorm=F_tfidf=F.csv
0.34,0.585,0.0,0.0,0.0,0.0,0.0,200,../../lists/estonian_voro/list.estonian_voro.attrib=shap_mpd=18_thresh=0.6_docnorm=F_tfidf=T.csv
0.765,0.15,0.0,0.0,0.0,0.0,0.0,200,../../lists/estonian_voro/list.estonian_voro.attrib=shap_mpd=18_thresh=0.6_docnorm=T_tfidf=F.csv
0.745,0.175,0.0,0.0,0.0,0.0,0.0,200,../../lists/estonian_voro/list.estonian_voro.attrib=shap_mpd=18_thresh=0.6_docnorm=T_tfidf=T.csv
0.285,0.65,0.0,0.0,0.0,0.0,0.0,200,../../lists/estonian_voro/list.estonian_voro.attrib=shap_mpd=18_thresh=0.7_docnorm=F_tfidf=F.csv
0.345,0.585,0.0,0.0,0.0,0.0,0.0,200,../../lists/estonian_voro/list.estonian_voro.attrib=shap_mpd=18_thresh=0.7_docnorm=F_tfidf=T.csv
0.77,0.16,0.0,0.0,0.0,0.0,0.0,200,../../lists/estonian_voro/list.estonian_voro.attrib=shap_mpd=18_thresh=0.7_docnorm=T_tfidf=F.csv
0.745,0.185,0.0,0.0,0.0,0.0,0.0,200,../../lists/estonian_voro/list.estonian_voro.attrib=shap_mpd=18_thresh=0.7_docnorm=T_tfidf=T.csv
0.285,0.65,0.0,0.0,0.0,0.0,0.0,200,../../lists/estonian_voro/list.estonian_voro.attrib=shap_mpd=18_thresh=0.8_docnorm=F_tfidf=F.csv
0.34,0.59,0.0,0.0,0.0,0.0,0.0,200,../../lists/estonian_voro/list.estonian_voro.attrib=shap_mpd=18_thresh=0.8_docnorm=F_tfidf=T.csv
0.665,0.255,0.0,0.0,0.0,0.0,0.0,200,../../lists/estonian_voro/list.estonian_voro.attrib=shap_mpd=18_thresh=0.8_docnorm=T_tfidf=F.csv
0.68,0.24,0.0,0.0,0.0,0.0,0.0,200,../../lists/estonian_voro/list.estonian_voro.attrib=shap_mpd=18_thresh=0.8_docnorm=T_tfidf=T.csv
0.285,0.65,0.0,0.0,0.0,0.0,0.0,200,../../lists/estonian_voro/list.estonian_voro.attrib=shap_mpd=18_thresh=0.9_docnorm=F_tfidf=F.csv
0.33,0.605,0.0,0.0,0.0,0.0,0.0,200,../../lists/estonian_voro/list.estonian_voro.attrib=shap_mpd=18_thresh=0.9_docnorm=F_tfidf=T.csv
0.585,0.335,0.0,0.0,0.0,0.0,0.0,200,../../lists/estonian_voro/list.estonian_voro.attrib=shap_mpd=18_thresh=0.9_docnorm=T_tfidf=F.csv
0.595,0.33,0.0,0.0,0.0,0.0,0.0,200,../../lists/estonian_voro/list.estonian_voro.attrib=shap_mpd=18_thresh=0.9_docnorm=T_tfidf=T.csv
0.275,0.665,0.0,0.0,0.0,0.0,0.0,200,../../lists/estonian_voro/list.estonian_voro.attrib=shap_mpd=18_thresh=1.0_docnorm=F_tfidf=F.csv
0.3,0.64,0.0,0.0,0.0,0.0,0.0,200,../../lists/estonian_voro/list.estonian_voro.attrib=shap_mpd=18_thresh=1.0_docnorm=F_tfidf=T.csv
0.43,0.505,0.0,0.0,0.0,0.0,0.0,200,../../lists/estonian_voro/list.estonian_voro.attrib=shap_mpd=18_thresh=1.0_docnorm=T_tfidf=F.csv
0.41,0.535,0.0,0.0,0.0,0.0,0.0,200,../../lists/estonian_voro/list.estonian_voro.attrib=shap_mpd=18_thresh=1.0_docnorm=T_tfidf=T.csv
0.29,0.65,0.0,0.0,0.0,0.0,0.0,200,../../lists/estonian_voro/list.estonian_voro.attrib=shap_mpd=19_thresh=0.1_docnorm=F_tfidf=F.csv
0.34,0.58,0.0,0.0,0.0,0.0,0.0,200,../../lists/estonian_voro/list.estonian_voro.attrib=shap_mpd=19_thresh=0.1_docnorm=F_tfidf=T.csv
0.46,0.005,0.91,0.975,0.99,0.99,0.99,200,../../lists/estonian_voro/list.estonian_voro.attrib=shap_mpd=19_thresh=0.1_docnorm=T_tfidf=F.csv
0.445,0.015,0.87,0.945,0.975,0.985,0.985,200,../../lists/estonian_voro/list.estonian_voro.attrib=shap_mpd=19_thresh=0.1_docnorm=T_tfidf=T.csv
0.29,0.65,0.0,0.0,0.0,0.0,0.0,200,../../lists/estonian_voro/list.estonian_voro.attrib=shap_mpd=19_thresh=0.2_docnorm=F_tfidf=F.csv
0.34,0.58,0.0,0.0,0.0,0.0,0.0,200,../../lists/estonian_voro/list.estonian_voro.attrib=shap_mpd=19_thresh=0.2_docnorm=F_tfidf=T.csv
0.665,0.06,0.0,0.3,0.57,0.725,0.845,200,../../lists/estonian_voro/list.estonian_voro.attrib=shap_mpd=19_thresh=0.2_docnorm=T_tfidf=F.csv
0.68,0.045,0.0,0.33,0.62,0.75,0.855,200,../../lists/estonian_voro/list.estonian_voro.attrib=shap_mpd=19_thresh=0.2_docnorm=T_tfidf=T.csv
0.29,0.65,0.0,0.0,0.0,0.0,0.0,200,../../lists/estonian_voro/list.estonian_voro.attrib=shap_mpd=19_thresh=0.3_docnorm=F_tfidf=F.csv
0.34,0.58,0.0,0.0,0.0,0.0,0.0,200,../../lists/estonian_voro/list.estonian_voro.attrib=shap_mpd=19_thresh=0.3_docnorm=F_tfidf=T.csv
0.785,0.06,0.0,0.0,0.01,0.225,0.45,200,../../lists/estonian_voro/list.estonian_voro.attrib=shap_mpd=19_thresh=0.3_docnorm=T_tfidf=F.csv
0.745,0.08,0.0,0.0,0.01,0.205,0.455,200,../../lists/estonian_voro/list.estonian_voro.attrib=shap_mpd=19_thresh=0.3_docnorm=T_tfidf=T.csv
0.29,0.65,0.0,0.0,0.0,0.0,0.0,200,../../lists/estonian_voro/list.estonian_voro.attrib=shap_mpd=19_thresh=0.4_docnorm=F_tfidf=F.csv
0.34,0.58,0.0,0.0,0.0,0.0,0.0,200,../../lists/estonian_voro/list.estonian_voro.attrib=shap_mpd=19_thresh=0.4_docnorm=F_tfidf=T.csv
0.805,0.06,0.0,0.0,0.0,0.0,0.15,200,../../lists/estonian_voro/list.estonian_voro.attrib=shap_mpd=19_thresh=0.4_docnorm=T_tfidf=F.csv
0.745,0.105,0.0,0.0,0.0,0.0,0.15,200,../../lists/estonian_voro/list.estonian_voro.attrib=shap_mpd=19_thresh=0.4_docnorm=T_tfidf=T.csv
0.29,0.65,0.0,0.0,0.0,0.0,0.0,200,../../lists/estonian_voro/list.estonian_voro.attrib=shap_mpd=19_thresh=0.5_docnorm=F_tfidf=F.csv
0.34,0.58,0.0,0.0,0.0,0.0,0.0,200,../../lists/estonian_voro/list.estonian_voro.attrib=shap_mpd=19_thresh=0.5_docnorm=F_tfidf=T.csv
0.78,0.09,0.0,0.0,0.0,0.0,0.0,200,../../lists/estonian_voro/list.estonian_voro.attrib=shap_mpd=19_thresh=0.5_docnorm=T_tfidf=F.csv
0.76,0.135,0.0,0.0,0.0,0.0,0.0,200,../../lists/estonian_voro/list.estonian_voro.attrib=shap_mpd=19_thresh=0.5_docnorm=T_tfidf=T.csv
0.29,0.65,0.0,0.0,0.0,0.0,0.0,200,../../lists/estonian_voro/list.estonian_voro.attrib=shap_mpd=19_thresh=0.6_docnorm=F_tfidf=F.csv
0.34,0.585,0.0,0.0,0.0,0.0,0.0,200,../../lists/estonian_voro/list.estonian_voro.attrib=shap_mpd=19_thresh=0.6_docnorm=F_tfidf=T.csv
0.77,0.145,0.0,0.0,0.0,0.0,0.0,200,../../lists/estonian_voro/list.estonian_voro.attrib=shap_mpd=19_thresh=0.6_docnorm=T_tfidf=F.csv
0.745,0.175,0.0,0.0,0.0,0.0,0.0,200,../../lists/estonian_voro/list.estonian_voro.attrib=shap_mpd=19_thresh=0.6_docnorm=T_tfidf=T.csv
0.285,0.65,0.0,0.0,0.0,0.0,0.0,200,../../lists/estonian_voro/list.estonian_voro.attrib=shap_mpd=19_thresh=0.7_docnorm=F_tfidf=F.csv
0.345,0.585,0.0,0.0,0.0,0.0,0.0,200,../../lists/estonian_voro/list.estonian_voro.attrib=shap_mpd=19_thresh=0.7_docnorm=F_tfidf=T.csv
0.77,0.16,0.0,0.0,0.0,0.0,0.0,200,../../lists/estonian_voro/list.estonian_voro.attrib=shap_mpd=19_thresh=0.7_docnorm=T_tfidf=F.csv
0.75,0.185,0.0,0.0,0.0,0.0,0.0,200,../../lists/estonian_voro/list.estonian_voro.attrib=shap_mpd=19_thresh=0.7_docnorm=T_tfidf=T.csv
0.285,0.65,0.0,0.0,0.0,0.0,0.0,200,../../lists/estonian_voro/list.estonian_voro.attrib=shap_mpd=19_thresh=0.8_docnorm=F_tfidf=F.csv
0.34,0.59,0.0,0.0,0.0,0.0,0.0,200,../../lists/estonian_voro/list.estonian_voro.attrib=shap_mpd=19_thresh=0.8_docnorm=F_tfidf=T.csv
0.67,0.25,0.0,0.0,0.0,0.0,0.0,200,../../lists/estonian_voro/list.estonian_voro.attrib=shap_mpd=19_thresh=0.8_docnorm=T_tfidf=F.csv
0.675,0.245,0.0,0.0,0.0,0.0,0.0,200,../../lists/estonian_voro/list.estonian_voro.attrib=shap_mpd=19_thresh=0.8_docnorm=T_tfidf=T.csv
0.285,0.65,0.0,0.0,0.0,0.0,0.0,200,../../lists/estonian_voro/list.estonian_voro.attrib=shap_mpd=19_thresh=0.9_docnorm=F_tfidf=F.csv
0.33,0.605,0.0,0.0,0.0,0.0,0.0,200,../../lists/estonian_voro/list.estonian_voro.attrib=shap_mpd=19_thresh=0.9_docnorm=F_tfidf=T.csv
0.585,0.335,0.0,0.0,0.0,0.0,0.0,200,../../lists/estonian_voro/list.estonian_voro.attrib=shap_mpd=19_thresh=0.9_docnorm=T_tfidf=F.csv
0.6,0.325,0.0,0.0,0.0,0.0,0.0,200,../../lists/estonian_voro/list.estonian_voro.attrib=shap_mpd=19_thresh=0.9_docnorm=T_tfidf=T.csv
0.275,0.665,0.0,0.0,0.0,0.0,0.0,200,../../lists/estonian_voro/list.estonian_voro.attrib=shap_mpd=19_thresh=1.0_docnorm=F_tfidf=F.csv
0.3,0.64,0.0,0.0,0.0,0.0,0.0,200,../../lists/estonian_voro/list.estonian_voro.attrib=shap_mpd=19_thresh=1.0_docnorm=F_tfidf=T.csv
0.43,0.505,0.0,0.0,0.0,0.0,0.0,200,../../lists/estonian_voro/list.estonian_voro.attrib=shap_mpd=19_thresh=1.0_docnorm=T_tfidf=F.csv
0.41,0.535,0.0,0.0,0.0,0.0,0.0,200,../../lists/estonian_voro/list.estonian_voro.attrib=shap_mpd=19_thresh=1.0_docnorm=T_tfidf=T.csv
0.405,0.53,0.0,0.0,0.0,0.0,0.0,200,../../lists/estonian_voro/list.estonian_voro.attrib=shap_mpd=1_thresh=0.1_docnorm=F_tfidf=F.csv
0.425,0.485,0.0,0.0,0.015,0.015,0.02,200,../../lists/estonian_voro/list.estonian_voro.attrib=shap_mpd=1_thresh=0.1_docnorm=F_tfidf=T.csv
0.49,0.02,0.705,0.835,0.895,0.925,0.93,200,../../lists/estonian_voro/list.estonian_voro.attrib=shap_mpd=1_thresh=0.1_docnorm=T_tfidf=F.csv
0.485,0.035,0.635,0.78,0.84,0.875,0.91,200,../../lists/estonian_voro/list.estonian_voro.attrib=shap_mpd=1_thresh=0.1_docnorm=T_tfidf=T.csv
0.405,0.53,0.0,0.0,0.0,0.0,0.0,200,../../lists/estonian_voro/list.estonian_voro.attrib=shap_mpd=1_thresh=0.2_docnorm=F_tfidf=F.csv
0.425,0.485,0.0,0.0,0.015,0.015,0.02,200,../../lists/estonian_voro/list.estonian_voro.attrib=shap_mpd=1_thresh=0.2_docnorm=F_tfidf=T.csv
0.65,0.195,0.0,0.055,0.15,0.215,0.325,200,../../lists/estonian_voro/list.estonian_voro.attrib=shap_mpd=1_thresh=0.2_docnorm=T_tfidf=F.csv
0.625,0.195,0.0,0.065,0.155,0.215,0.34,200,../../lists/estonian_voro/list.estonian_voro.attrib=shap_mpd=1_thresh=0.2_docnorm=T_tfidf=T.csv
0.4,0.535,0.0,0.0,0.0,0.0,0.0,200,../../lists/estonian_voro/list.estonian_voro.attrib=shap_mpd=1_thresh=0.3_docnorm=F_tfidf=F.csv
0.43,0.49,0.0,0.0,0.0,0.0,0.0,200,../../lists/estonian_voro/list.estonian_voro.attrib=shap_mpd=1_thresh=0.3_docnorm=F_tfidf=T.csv
0.695,0.245,0.0,0.0,0.0,0.02,0.05,200,../../lists/estonian_voro/list.estonian_voro.attrib=shap_mpd=1_thresh=0.3_docnorm=T_tfidf=F.csv
0.7,0.235,0.0,0.0,0.0,0.025,0.07,200,../../lists/estonian_voro/list.estonian_voro.attrib=shap_mpd=1_thresh=0.3_docnorm=T_tfidf=T.csv
0.4,0.535,0.0,0.0,0.0,0.0,0.0,200,../../lists/estonian_voro/list.estonian_voro.attrib=shap_mpd=1_thresh=0.4_docnorm=F_tfidf=F.csv
0.43,0.495,0.0,0.0,0.0,0.0,0.0,200,../../lists/estonian_voro/list.estonian_voro.attrib=shap_mpd=1_thresh=0.4_docnorm=F_tfidf=T.csv
0.625,0.315,0.0,0.0,0.0,0.0,0.0,200,../../lists/estonian_voro/list.estonian_voro.attrib=shap_mpd=1_thresh=0.4_docnorm=T_tfidf=F.csv
0.67,0.275,0.0,0.0,0.0,0.0,0.0,200,../../lists/estonian_voro/list.estonian_voro.attrib=shap_mpd=1_thresh=0.4_docnorm=T_tfidf=T.csv
0.4,0.535,0.0,0.0,0.0,0.0,0.0,200,../../lists/estonian_voro/list.estonian_voro.attrib=shap_mpd=1_thresh=0.5_docnorm=F_tfidf=F.csv
0.415,0.52,0.0,0.0,0.0,0.0,0.0,200,../../lists/estonian_voro/list.estonian_voro.attrib=shap_mpd=1_thresh=0.5_docnorm=F_tfidf=T.csv
0.565,0.385,0.0,0.0,0.0,0.0,0.0,200,../../lists/estonian_voro/list.estonian_voro.attrib=shap_mpd=1_thresh=0.5_docnorm=T_tfidf=F.csv
0.585,0.34,0.0,0.0,0.0,0.0,0.0,200,../../lists/estonian_voro/list.estonian_voro.attrib=shap_mpd=1_thresh=0.5_docnorm=T_tfidf=T.csv
0.405,0.535,0.0,0.0,0.0,0.0,0.0,200,../../lists/estonian_voro/list.estonian_voro.attrib=shap_mpd=1_thresh=0.6_docnorm=F_tfidf=F.csv
0.42,0.52,0.0,0.0,0.0,0.0,0.0,200,../../lists/estonian_voro/list.estonian_voro.attrib=shap_mpd=1_thresh=0.6_docnorm=F_tfidf=T.csv
0.53,0.41,0.0,0.0,0.0,0.0,0.0,200,../../lists/estonian_voro/list.estonian_voro.attrib=shap_mpd=1_thresh=0.6_docnorm=T_tfidf=F.csv
0.525,0.405,0.0,0.0,0.0,0.0,0.0,200,../../lists/estonian_voro/list.estonian_voro.attrib=shap_mpd=1_thresh=0.6_docnorm=T_tfidf=T.csv
0.395,0.545,0.0,0.0,0.0,0.0,0.0,200,../../lists/estonian_voro/list.estonian_voro.attrib=shap_mpd=1_thresh=0.7_docnorm=F_tfidf=F.csv
0.41,0.525,0.0,0.0,0.0,0.0,0.0,200,../../lists/estonian_voro/list.estonian_voro.attrib=shap_mpd=1_thresh=0.7_docnorm=F_tfidf=T.csv
0.43,0.5,0.0,0.0,0.0,0.0,0.0,200,../../lists/estonian_voro/list.estonian_voro.attrib=shap_mpd=1_thresh=0.7_docnorm=T_tfidf=F.csv
0.47,0.46,0.0,0.0,0.0,0.0,0.0,200,../../lists/estonian_voro/list.estonian_voro.attrib=shap_mpd=1_thresh=0.7_docnorm=T_tfidf=T.csv
0.3701657458563536,0.569060773480663,0.0,0.0,0.0,0.0,0.0,181,../../lists/estonian_voro/list.estonian_voro.attrib=shap_mpd=1_thresh=0.8_docnorm=F_tfidf=F.csv
0.36666666666666664,0.5666666666666667,0.0,0.0,0.0,0.0,0.0,180,../../lists/estonian_voro/list.estonian_voro.attrib=shap_mpd=1_thresh=0.8_docnorm=F_tfidf=T.csv
0.3756906077348066,0.569060773480663,0.0,0.0,0.0,0.0,0.0,181,../../lists/estonian_voro/list.estonian_voro.attrib=shap_mpd=1_thresh=0.8_docnorm=T_tfidf=F.csv
0.37777777777777777,0.5611111111111111,0.0,0.0,0.0,0.0,0.0,180,../../lists/estonian_voro/list.estonian_voro.attrib=shap_mpd=1_thresh=0.8_docnorm=T_tfidf=T.csv
0.3262411347517731,0.6170212765957447,0.0,0.0,0.0,0.0,0.0,141,../../lists/estonian_voro/list.estonian_voro.attrib=shap_mpd=1_thresh=0.9_docnorm=F_tfidf=F.csv
0.323943661971831,0.6197183098591549,0.0,0.0,0.0,0.0,0.0,142,../../lists/estonian_voro/list.estonian_voro.attrib=shap_mpd=1_thresh=0.9_docnorm=F_tfidf=T.csv
0.3262411347517731,0.6170212765957447,0.0,0.0,0.0,0.0,0.0,141,../../lists/estonian_voro/list.estonian_voro.attrib=shap_mpd=1_thresh=0.9_docnorm=T_tfidf=F.csv
0.323943661971831,0.6197183098591549,0.0,0.0,0.0,0.0,0.0,142,../../lists/estonian_voro/list.estonian_voro.attrib=shap_mpd=1_thresh=0.9_docnorm=T_tfidf=T.csv
0.21875,0.75,0.0,0.0,0.0,0.0,0.0,32,../../lists/estonian_voro/list.estonian_voro.attrib=shap_mpd=1_thresh=1.0_docnorm=F_tfidf=F.csv
0.21875,0.75,0.0,0.0,0.0,0.0,0.0,32,../../lists/estonian_voro/list.estonian_voro.attrib=shap_mpd=1_thresh=1.0_docnorm=F_tfidf=T.csv
0.21875,0.75,0.0,0.0,0.0,0.0,0.0,32,../../lists/estonian_voro/list.estonian_voro.attrib=shap_mpd=1_thresh=1.0_docnorm=T_tfidf=F.csv
0.21875,0.75,0.0,0.0,0.0,0.0,0.0,32,../../lists/estonian_voro/list.estonian_voro.attrib=shap_mpd=1_thresh=1.0_docnorm=T_tfidf=T.csv
0.29,0.65,0.0,0.0,0.0,0.0,0.0,200,../../lists/estonian_voro/list.estonian_voro.attrib=shap_mpd=20_thresh=0.1_docnorm=F_tfidf=F.csv
0.34,0.58,0.0,0.0,0.0,0.0,0.0,200,../../lists/estonian_voro/list.estonian_voro.attrib=shap_mpd=20_thresh=0.1_docnorm=F_tfidf=T.csv
0.46,0.005,0.91,0.975,0.99,0.99,0.99,200,../../lists/estonian_voro/list.estonian_voro.attrib=shap_mpd=20_thresh=0.1_docnorm=T_tfidf=F.csv
0.445,0.015,0.87,0.945,0.975,0.985,0.985,200,../../lists/estonian_voro/list.estonian_voro.attrib=shap_mpd=20_thresh=0.1_docnorm=T_tfidf=T.csv
0.29,0.65,0.0,0.0,0.0,0.0,0.0,200,../../lists/estonian_voro/list.estonian_voro.attrib=shap_mpd=20_thresh=0.2_docnorm=F_tfidf=F.csv
0.34,0.58,0.0,0.0,0.0,0.0,0.0,200,../../lists/estonian_voro/list.estonian_voro.attrib=shap_mpd=20_thresh=0.2_docnorm=F_tfidf=T.csv
0.66,0.065,0.0,0.3,0.57,0.72,0.84,200,../../lists/estonian_voro/list.estonian_voro.attrib=shap_mpd=20_thresh=0.2_docnorm=T_tfidf=F.csv
0.68,0.045,0.0,0.335,0.62,0.75,0.855,200,../../lists/estonian_voro/list.estonian_voro.attrib=shap_mpd=20_thresh=0.2_docnorm=T_tfidf=T.csv
0.29,0.65,0.0,0.0,0.0,0.0,0.0,200,../../lists/estonian_voro/list.estonian_voro.attrib=shap_mpd=20_thresh=0.3_docnorm=F_tfidf=F.csv
0.34,0.58,0.0,0.0,0.0,0.0,0.0,200,../../lists/estonian_voro/list.estonian_voro.attrib=shap_mpd=20_thresh=0.3_docnorm=F_tfidf=T.csv
0.78,0.06,0.0,0.0,0.01,0.225,0.45,200,../../lists/estonian_voro/list.estonian_voro.attrib=shap_mpd=20_thresh=0.3_docnorm=T_tfidf=F.csv
0.745,0.08,0.0,0.0,0.01,0.2,0.45,200,../../lists/estonian_voro/list.estonian_voro.attrib=shap_mpd=20_thresh=0.3_docnorm=T_tfidf=T.csv
0.29,0.65,0.0,0.0,0.0,0.0,0.0,200,../../lists/estonian_voro/list.estonian_voro.attrib=shap_mpd=20_thresh=0.4_docnorm=F_tfidf=F.csv
0.34,0.58,0.0,0.0,0.0,0.0,0.0,200,../../lists/estonian_voro/list.estonian_voro.attrib=shap_mpd=20_thresh=0.4_docnorm=F_tfidf=T.csv
0.805,0.055,0.0,0.0,0.0,0.0,0.145,200,../../lists/estonian_voro/list.estonian_voro.attrib=shap_mpd=20_thresh=0.4_docnorm=T_tfidf=F.csv
0.745,0.105,0.0,0.0,0.0,0.0,0.15,200,../../lists/estonian_voro/list.estonian_voro.attrib=shap_mpd=20_thresh=0.4_docnorm=T_tfidf=T.csv
0.29,0.65,0.0,0.0,0.0,0.0,0.0,200,../../lists/estonian_voro/list.estonian_voro.attrib=shap_mpd=20_thresh=0.5_docnorm=F_tfidf=F.csv
0.34,0.58,0.0,0.0,0.0,0.0,0.0,200,../../lists/estonian_voro/list.estonian_voro.attrib=shap_mpd=20_thresh=0.5_docnorm=F_tfidf=T.csv
0.775,0.095,0.0,0.0,0.0,0.0,0.0,200,../../lists/estonian_voro/list.estonian_voro.attrib=shap_mpd=20_thresh=0.5_docnorm=T_tfidf=F.csv
0.755,0.14,0.0,0.0,0.0,0.0,0.0,200,../../lists/estonian_voro/list.estonian_voro.attrib=shap_mpd=20_thresh=0.5_docnorm=T_tfidf=T.csv
0.29,0.65,0.0,0.0,0.0,0.0,0.0,200,../../lists/estonian_voro/list.estonian_voro.attrib=shap_mpd=20_thresh=0.6_docnorm=F_tfidf=F.csv
0.34,0.585,0.0,0.0,0.0,0.0,0.0,200,../../lists/estonian_voro/list.estonian_voro.attrib=shap_mpd=20_thresh=0.6_docnorm=F_tfidf=T.csv
0.77,0.145,0.0,0.0,0.0,0.0,0.0,200,../../lists/estonian_voro/list.estonian_voro.attrib=shap_mpd=20_thresh=0.6_docnorm=T_tfidf=F.csv
0.745,0.175,0.0,0.0,0.0,0.0,0.0,200,../../lists/estonian_voro/list.estonian_voro.attrib=shap_mpd=20_thresh=0.6_docnorm=T_tfidf=T.csv
0.285,0.65,0.0,0.0,0.0,0.0,0.0,200,../../lists/estonian_voro/list.estonian_voro.attrib=shap_mpd=20_thresh=0.7_docnorm=F_tfidf=F.csv
0.345,0.585,0.0,0.0,0.0,0.0,0.0,200,../../lists/estonian_voro/list.estonian_voro.attrib=shap_mpd=20_thresh=0.7_docnorm=F_tfidf=T.csv
0.775,0.155,0.0,0.0,0.0,0.0,0.0,200,../../lists/estonian_voro/list.estonian_voro.attrib=shap_mpd=20_thresh=0.7_docnorm=T_tfidf=F.csv
0.75,0.185,0.0,0.0,0.0,0.0,0.0,200,../../lists/estonian_voro/list.estonian_voro.attrib=shap_mpd=20_thresh=0.7_docnorm=T_tfidf=T.csv
0.285,0.65,0.0,0.0,0.0,0.0,0.0,200,../../lists/estonian_voro/list.estonian_voro.attrib=shap_mpd=20_thresh=0.8_docnorm=F_tfidf=F.csv
0.34,0.59,0.0,0.0,0.0,0.0,0.0,200,../../lists/estonian_voro/list.estonian_voro.attrib=shap_mpd=20_thresh=0.8_docnorm=F_tfidf=T.csv
0.67,0.245,0.0,0.0,0.0,0.0,0.0,200,../../lists/estonian_voro/list.estonian_voro.attrib=shap_mpd=20_thresh=0.8_docnorm=T_tfidf=F.csv
0.675,0.245,0.0,0.0,0.0,0.0,0.0,200,../../lists/estonian_voro/list.estonian_voro.attrib=shap_mpd=20_thresh=0.8_docnorm=T_tfidf=T.csv
0.285,0.65,0.0,0.0,0.0,0.0,0.0,200,../../lists/estonian_voro/list.estonian_voro.attrib=shap_mpd=20_thresh=0.9_docnorm=F_tfidf=F.csv
0.33,0.605,0.0,0.0,0.0,0.0,0.0,200,../../lists/estonian_voro/list.estonian_voro.attrib=shap_mpd=20_thresh=0.9_docnorm=F_tfidf=T.csv
0.58,0.34,0.0,0.0,0.0,0.0,0.0,200,../../lists/estonian_voro/list.estonian_voro.attrib=shap_mpd=20_thresh=0.9_docnorm=T_tfidf=F.csv
0.6,0.325,0.0,0.0,0.0,0.0,0.0,200,../../lists/estonian_voro/list.estonian_voro.attrib=shap_mpd=20_thresh=0.9_docnorm=T_tfidf=T.csv
0.275,0.665,0.0,0.0,0.0,0.0,0.0,200,../../lists/estonian_voro/list.estonian_voro.attrib=shap_mpd=20_thresh=1.0_docnorm=F_tfidf=F.csv
0.3,0.64,0.0,0.0,0.0,0.0,0.0,200,../../lists/estonian_voro/list.estonian_voro.attrib=shap_mpd=20_thresh=1.0_docnorm=F_tfidf=T.csv
0.43,0.5,0.0,0.0,0.0,0.0,0.0,200,../../lists/estonian_voro/list.estonian_voro.attrib=shap_mpd=20_thresh=1.0_docnorm=T_tfidf=F.csv
0.41,0.53,0.0,0.0,0.0,0.0,0.0,200,../../lists/estonian_voro/list.estonian_voro.attrib=shap_mpd=20_thresh=1.0_docnorm=T_tfidf=T.csv
0.35,0.6,0.0,0.0,0.0,0.0,0.0,200,../../lists/estonian_voro/list.estonian_voro.attrib=shap_mpd=2_thresh=0.1_docnorm=F_tfidf=F.csv
0.38,0.54,0.0,0.0,0.0,0.0,0.0,200,../../lists/estonian_voro/list.estonian_voro.attrib=shap_mpd=2_thresh=0.1_docnorm=F_tfidf=T.csv
0.465,0.025,0.825,0.92,0.96,0.96,0.96,200,../../lists/estonian_voro/list.estonian_voro.attrib=shap_mpd=2_thresh=0.1_docnorm=T_tfidf=F.csv
0.435,0.03,0.765,0.875,0.93,0.94,0.955,200,../../lists/estonian_voro/list.estonian_voro.attrib=shap_mpd=2_thresh=0.1_docnorm=T_tfidf=T.csv
0.35,0.6,0.0,0.0,0.0,0.0,0.0,200,../../lists/estonian_voro/list.estonian_voro.attrib=shap_mpd=2_thresh=0.2_docnorm=F_tfidf=F.csv
0.38,0.54,0.0,0.0,0.0,0.0,0.0,200,../../lists/estonian_voro/list.estonian_voro.attrib=shap_mpd=2_thresh=0.2_docnorm=F_tfidf=T.csv
0.665,0.11,0.0,0.165,0.35,0.49,0.65,200,../../lists/estonian_voro/list.estonian_voro.attrib=shap_mpd=2_thresh=0.2_docnorm=T_tfidf=F.csv
0.655,0.11,0.0,0.195,0.355,0.465,0.61,200,../../lists/estonian_voro/list.estonian_voro.attrib=shap_mpd=2_thresh=0.2_docnorm=T_tfidf=T.csv
0.35,0.6,0.0,0.0,0.0,0.0,0.0,200,../../lists/estonian_voro/list.estonian_voro.attrib=shap_mpd=2_thresh=0.3_docnorm=F_tfidf=F.csv
0.38,0.54,0.0,0.0,0.0,0.0,0.0,200,../../lists/estonian_voro/list.estonian_voro.attrib=shap_mpd=2_thresh=0.3_docnorm=F_tfidf=T.csv
0.74,0.14,0.0,0.0,0.005,0.08,0.19,200,../../lists/estonian_voro/list.estonian_voro.attrib=shap_mpd=2_thresh=0.3_docnorm=T_tfidf=F.csv
0.695,0.175,0.0,0.0,0.0,0.06,0.2,200,../../lists/estonian_voro/list.estonian_voro.attrib=shap_mpd=2_thresh=0.3_docnorm=T_tfidf=T.csv
0.345,0.6,0.0,0.0,0.0,0.0,0.0,200,../../lists/estonian_voro/list.estonian_voro.attrib=shap_mpd=2_thresh=0.4_docnorm=F_tfidf=F.csv
0.375,0.545,0.0,0.0,0.0,0.0,0.0,200,../../lists/estonian_voro/list.estonian_voro.attrib=shap_mpd=2_thresh=0.4_docnorm=F_tfidf=T.csv
0.71,0.235,0.0,0.0,0.0,0.0,0.03,200,../../lists/estonian_voro/list.estonian_voro.attrib=shap_mpd=2_thresh=0.4_docnorm=T_tfidf=F.csv
0.68,0.25,0.0,0.0,0.0,0.0,0.03,200,../../lists/estonian_voro/list.estonian_voro.attrib=shap_mpd=2_thresh=0.4_docnorm=T_tfidf=T.csv
0.345,0.6,0.0,0.0,0.0,0.0,0.0,200,../../lists/estonian_voro/list.estonian_voro.attrib=shap_mpd=2_thresh=0.5_docnorm=F_tfidf=F.csv
0.37,0.55,0.0,0.0,0.0,0.0,0.0,200,../../lists/estonian_voro/list.estonian_voro.attrib=shap_mpd=2_thresh=0.5_docnorm=F_tfidf=T.csv
0.675,0.265,0.0,0.0,0.0,0.0,0.0,200,../../lists/estonian_voro/list.estonian_voro.attrib=shap_mpd=2_thresh=0.5_docnorm=T_tfidf=F.csv
0.68,0.25,0.0,0.0,0.0,0.0,0.0,200,../../lists/estonian_voro/list.estonian_voro.attrib=shap_mpd=2_thresh=0.5_docnorm=T_tfidf=T.csv
0.345,0.6,0.0,0.0,0.0,0.0,0.0,200,../../lists/estonian_voro/list.estonian_voro.attrib=shap_mpd=2_thresh=0.6_docnorm=F_tfidf=F.csv
0.37,0.56,0.0,0.0,0.0,0.0,0.0,200,../../lists/estonian_voro/list.estonian_voro.attrib=shap_mpd=2_thresh=0.6_docnorm=F_tfidf=T.csv
0.63,0.32,0.0,0.0,0.0,0.0,0.0,200,../../lists/estonian_voro/list.estonian_voro.attrib=shap_mpd=2_thresh=0.6_docnorm=T_tfidf=F.csv
0.625,0.31,0.0,0.0,0.0,0.0,0.0,200,../../lists/estonian_voro/list.estonian_voro.attrib=shap_mpd=2_thresh=0.6_docnorm=T_tfidf=T.csv
0.345,0.6,0.0,0.0,0.0,0.0,0.0,200,../../lists/estonian_voro/list.estonian_voro.attrib=shap_mpd=2_thresh=0.7_docnorm=F_tfidf=F.csv
0.365,0.565,0.0,0.0,0.0,0.0,0.0,200,../../lists/estonian_voro/list.estonian_voro.attrib=shap_mpd=2_thresh=0.7_docnorm=F_tfidf=T.csv
0.58,0.36,0.0,0.0,0.0,0.0,0.0,200,../../lists/estonian_voro/list.estonian_voro.attrib=shap_mpd=2_thresh=0.7_docnorm=T_tfidf=F.csv
0.565,0.365,0.0,0.0,0.0,0.0,0.0,200,../../lists/estonian_voro/list.estonian_voro.attrib=shap_mpd=2_thresh=0.7_docnorm=T_tfidf=T.csv
0.345,0.6,0.0,0.0,0.0,0.0,0.0,200,../../lists/estonian_voro/list.estonian_voro.attrib=shap_mpd=2_thresh=0.8_docnorm=F_tfidf=F.csv
0.37,0.565,0.0,0.0,0.0,0.0,0.0,200,../../lists/estonian_voro/list.estonian_voro.attrib=shap_mpd=2_thresh=0.8_docnorm=F_tfidf=T.csv
0.5,0.435,0.0,0.0,0.0,0.0,0.0,200,../../lists/estonian_voro/list.estonian_voro.attrib=shap_mpd=2_thresh=0.8_docnorm=T_tfidf=F.csv
0.515,0.415,0.0,0.0,0.0,0.0,0.0,200,../../lists/estonian_voro/list.estonian_voro.attrib=shap_mpd=2_thresh=0.8_docnorm=T_tfidf=T.csv
0.34,0.605,0.0,0.0,0.0,0.0,0.0,200,../../lists/estonian_voro/list.estonian_voro.attrib=shap_mpd=2_thresh=0.9_docnorm=F_tfidf=F.csv
0.36,0.57,0.0,0.0,0.0,0.0,0.0,200,../../lists/estonian_voro/list.estonian_voro.attrib=shap_mpd=2_thresh=0.9_docnorm=F_tfidf=T.csv
0.425,0.505,0.0,0.0,0.0,0.0,0.0,200,../../lists/estonian_voro/list.estonian_voro.attrib=shap_mpd=2_thresh=0.9_docnorm=T_tfidf=F.csv
0.455,0.48,0.0,0.0,0.0,0.0,0.0,200,../../lists/estonian_voro/list.estonian_voro.attrib=shap_mpd=2_thresh=0.9_docnorm=T_tfidf=T.csv
0.28,0.64,0.0,0.0,0.0,0.0,0.0,125,../../lists/estonian_voro/list.estonian_voro.attrib=shap_mpd=2_thresh=1.0_docnorm=F_tfidf=F.csv
0.2845528455284553,0.6341463414634146,0.0,0.0,0.0,0.0,0.0,123,../../lists/estonian_voro/list.estonian_voro.attrib=shap_mpd=2_thresh=1.0_docnorm=F_tfidf=T.csv
0.28,0.64,0.0,0.0,0.0,0.0,0.0,125,../../lists/estonian_voro/list.estonian_voro.attrib=shap_mpd=2_thresh=1.0_docnorm=T_tfidf=F.csv
0.2845528455284553,0.6341463414634146,0.0,0.0,0.0,0.0,0.0,123,../../lists/estonian_voro/list.estonian_voro.attrib=shap_mpd=2_thresh=1.0_docnorm=T_tfidf=T.csv
0.32,0.625,0.0,0.0,0.0,0.0,0.0,200,../../lists/estonian_voro/list.estonian_voro.attrib=shap_mpd=3_thresh=0.1_docnorm=F_tfidf=F.csv
0.34,0.58,0.0,0.0,0.0,0.0,0.0,200,../../lists/estonian_voro/list.estonian_voro.attrib=shap_mpd=3_thresh=0.1_docnorm=F_tfidf=T.csv
0.465,0.01,0.875,0.95,0.975,0.975,0.975,200,../../lists/estonian_voro/list.estonian_voro.attrib=shap_mpd=3_thresh=0.1_docnorm=T_tfidf=F.csv
0.455,0.01,0.825,0.92,0.96,0.965,0.97,200,../../lists/estonian_voro/list.estonian_voro.attrib=shap_mpd=3_thresh=0.1_docnorm=T_tfidf=T.csv
0.32,0.625,0.0,0.0,0.0,0.0,0.0,200,../../lists/estonian_voro/list.estonian_voro.attrib=shap_mpd=3_thresh=0.2_docnorm=F_tfidf=F.csv
0.34,0.58,0.0,0.0,0.0,0.0,0.0,200,../../lists/estonian_voro/list.estonian_voro.attrib=shap_mpd=3_thresh=0.2_docnorm=F_tfidf=T.csv
0.655,0.075,0.0,0.22,0.455,0.6,0.745,200,../../lists/estonian_voro/list.estonian_voro.attrib=shap_mpd=3_thresh=0.2_docnorm=T_tfidf=F.csv
0.655,0.09,0.0,0.255,0.465,0.59,0.715,200,../../lists/estonian_voro/list.estonian_voro.attrib=shap_mpd=3_thresh=0.2_docnorm=T_tfidf=T.csv
0.32,0.625,0.0,0.0,0.0,0.0,0.0,200,../../lists/estonian_voro/list.estonian_voro.attrib=shap_mpd=3_thresh=0.3_docnorm=F_tfidf=F.csv
0.34,0.58,0.0,0.0,0.0,0.0,0.0,200,../../lists/estonian_voro/list.estonian_voro.attrib=shap_mpd=3_thresh=0.3_docnorm=F_tfidf=T.csv
0.77,0.08,0.0,0.0,0.01,0.17,0.345,200,../../lists/estonian_voro/list.estonian_voro.attrib=shap_mpd=3_thresh=0.3_docnorm=T_tfidf=F.csv
0.71,0.105,0.0,0.0,0.01,0.145,0.35,200,../../lists/estonian_voro/list.estonian_voro.attrib=shap_mpd=3_thresh=0.3_docnorm=T_tfidf=T.csv
0.315,0.63,0.0,0.0,0.0,0.0,0.0,200,../../lists/estonian_voro/list.estonian_voro.attrib=shap_mpd=3_thresh=0.4_docnorm=F_tfidf=F.csv
0.34,0.58,0.0,0.0,0.0,0.0,0.0,200,../../lists/estonian_voro/list.estonian_voro.attrib=shap_mpd=3_thresh=0.4_docnorm=F_tfidf=T.csv
0.77,0.14,0.0,0.0,0.0,0.0,0.085,200,../../lists/estonian_voro/list.estonian_voro.attrib=shap_mpd=3_thresh=0.4_docnorm=T_tfidf=F.csv
0.71,0.18,0.0,0.0,0.0,0.0,0.08,200,../../lists/estonian_voro/list.estonian_voro.attrib=shap_mpd=3_thresh=0.4_docnorm=T_tfidf=T.csv
0.315,0.63,0.0,0.0,0.0,0.0,0.0,200,../../lists/estonian_voro/list.estonian_voro.attrib=shap_mpd=3_thresh=0.5_docnorm=F_tfidf=F.csv
0.34,0.58,0.0,0.0,0.0,0.0,0.0,200,../../lists/estonian_voro/list.estonian_voro.attrib=shap_mpd=3_thresh=0.5_docnorm=F_tfidf=T.csv
0.73,0.185,0.0,0.0,0.0,0.0,0.0,200,../../lists/estonian_voro/list.estonian_voro.attrib=shap_mpd=3_thresh=0.5_docnorm=T_tfidf=F.csv
0.73,0.2,0.0,0.0,0.0,0.0,0.0,200,../../lists/estonian_voro/list.estonian_voro.attrib=shap_mpd=3_thresh=0.5_docnorm=T_tfidf=T.csv
0.315,0.63,0.0,0.0,0.0,0.0,0.0,200,../../lists/estonian_voro/list.estonian_voro.attrib=shap_mpd=3_thresh=0.6_docnorm=F_tfidf=F.csv
0.335,0.595,0.0,0.0,0.0,0.0,0.0,200,../../lists/estonian_voro/list.estonian_voro.attrib=shap_mpd=3_thresh=0.6_docnorm=F_tfidf=T.csv
0.705,0.23,0.0,0.0,0.0,0.0,0.0,200,../../lists/estonian_voro/list.estonian_voro.attrib=shap_mpd=3_thresh=0.6_docnorm=T_tfidf=F.csv
0.705,0.24,0.0,0.0,0.0,0.0,0.0,200,../../lists/estonian_voro/list.estonian_voro.attrib=shap_mpd=3_thresh=0.6_docnorm=T_tfidf=T.csv
0.315,0.63,0.0,0.0,0.0,0.0,0.0,200,../../lists/estonian_voro/list.estonian_voro.attrib=shap_mpd=3_thresh=0.7_docnorm=F_tfidf=F.csv
0.335,0.595,0.0,0.0,0.0,0.0,0.0,200,../../lists/estonian_voro/list.estonian_voro.attrib=shap_mpd=3_thresh=0.7_docnorm=F_tfidf=T.csv
0.63,0.31,0.0,0.0,0.0,0.0,0.0,200,../../lists/estonian_voro/list.estonian_voro.attrib=shap_mpd=3_thresh=0.7_docnorm=T_tfidf=F.csv
0.65,0.285,0.0,0.0,0.0,0.0,0.0,200,../../lists/estonian_voro/list.estonian_voro.attrib=shap_mpd=3_thresh=0.7_docnorm=T_tfidf=T.csv
0.315,0.63,0.0,0.0,0.0,0.0,0.0,200,../../lists/estonian_voro/list.estonian_voro.attrib=shap_mpd=3_thresh=0.8_docnorm=F_tfidf=F.csv
0.33,0.6,0.0,0.0,0.0,0.0,0.0,200,../../lists/estonian_voro/list.estonian_voro.attrib=shap_mpd=3_thresh=0.8_docnorm=F_tfidf=T.csv
0.59,0.345,0.0,0.0,0.0,0.0,0.0,200,../../lists/estonian_voro/list.estonian_voro.attrib=shap_mpd=3_thresh=0.8_docnorm=T_tfidf=F.csv
0.58,0.345,0.0,0.0,0.0,0.0,0.0,200,../../lists/estonian_voro/list.estonian_voro.attrib=shap_mpd=3_thresh=0.8_docnorm=T_tfidf=T.csv
0.315,0.63,0.0,0.0,0.0,0.0,0.0,200,../../lists/estonian_voro/list.estonian_voro.attrib=shap_mpd=3_thresh=0.9_docnorm=F_tfidf=F.csv
0.335,0.6,0.0,0.0,0.0,0.0,0.0,200,../../lists/estonian_voro/list.estonian_voro.attrib=shap_mpd=3_thresh=0.9_docnorm=F_tfidf=T.csv
0.49,0.44,0.0,0.0,0.0,0.0,0.0,200,../../lists/estonian_voro/list.estonian_voro.attrib=shap_mpd=3_thresh=0.9_docnorm=T_tfidf=F.csv
0.465,0.46,0.0,0.0,0.0,0.0,0.0,200,../../lists/estonian_voro/list.estonian_voro.attrib=shap_mpd=3_thresh=0.9_docnorm=T_tfidf=T.csv
0.2760416666666667,0.6666666666666666,0.0,0.0,0.0,0.0,0.0,192,../../lists/estonian_voro/list.estonian_voro.attrib=shap_mpd=3_thresh=1.0_docnorm=F_tfidf=F.csv
0.2879581151832461,0.6544502617801047,0.0,0.0,0.0,0.0,0.0,191,../../lists/estonian_voro/list.estonian_voro.attrib=shap_mpd=3_thresh=1.0_docnorm=F_tfidf=T.csv
0.2864583333333333,0.65625,0.0,0.0,0.0,0.0,0.0,192,../../lists/estonian_voro/list.estonian_voro.attrib=shap_mpd=3_thresh=1.0_docnorm=T_tfidf=F.csv
0.29842931937172773,0.643979057591623,0.0,0.0,0.0,0.0,0.0,191,../../lists/estonian_voro/list.estonian_voro.attrib=shap_mpd=3_thresh=1.0_docnorm=T_tfidf=T.csv
0.31,0.63,0.0,0.0,0.0,0.0,0.0,200,../../lists/estonian_voro/list.estonian_voro.attrib=shap_mpd=4_thresh=0.1_docnorm=F_tfidf=F.csv
0.345,0.575,0.0,0.0,0.0,0.0,0.0,200,../../lists/estonian_voro/list.estonian_voro.attrib=shap_mpd=4_thresh=0.1_docnorm=F_tfidf=T.csv
0.47,0.01,0.875,0.955,0.98,0.98,0.98,200,../../lists/estonian_voro/list.estonian_voro.attrib=shap_mpd=4_thresh=0.1_docnorm=T_tfidf=F.csv
0.45,0.015,0.85,0.925,0.96,0.965,0.97,200,../../lists/estonian_voro/list.estonian_voro.attrib=shap_mpd=4_thresh=0.1_docnorm=T_tfidf=T.csv
0.31,0.63,0.0,0.0,0.0,0.0,0.0,200,../../lists/estonian_voro/list.estonian_voro.attrib=shap_mpd=4_thresh=0.2_docnorm=F_tfidf=F.csv
0.345,0.575,0.0,0.0,0.0,0.0,0.0,200,../../lists/estonian_voro/list.estonian_voro.attrib=shap_mpd=4_thresh=0.2_docnorm=F_tfidf=T.csv
0.65,0.08,0.0,0.255,0.51,0.645,0.785,200,../../lists/estonian_voro/list.estonian_voro.attrib=shap_mpd=4_thresh=0.2_docnorm=T_tfidf=F.csv
0.665,0.065,0.0,0.285,0.555,0.665,0.785,200,../../lists/estonian_voro/list.estonian_voro.attrib=shap_mpd=4_thresh=0.2_docnorm=T_tfidf=T.csv
0.31,0.63,0.0,0.0,0.0,0.0,0.0,200,../../lists/estonian_voro/list.estonian_voro.attrib=shap_mpd=4_thresh=0.3_docnorm=F_tfidf=F.csv
0.345,0.575,0.0,0.0,0.0,0.0,0.0,200,../../lists/estonian_voro/list.estonian_voro.attrib=shap_mpd=4_thresh=0.3_docnorm=F_tfidf=T.csv
0.78,0.07,0.0,0.0,0.01,0.19,0.38,200,../../lists/estonian_voro/list.estonian_voro.attrib=shap_mpd=4_thresh=0.3_docnorm=T_tfidf=F.csv
0.73,0.11,0.0,0.0,0.01,0.155,0.375,200,../../lists/estonian_voro/list.estonian_voro.attrib=shap_mpd=4_thresh=0.3_docnorm=T_tfidf=T.csv
0.31,0.63,0.0,0.0,0.0,0.0,0.0,200,../../lists/estonian_voro/list.estonian_voro.attrib=shap_mpd=4_thresh=0.4_docnorm=F_tfidf=F.csv
0.345,0.575,0.0,0.0,0.0,0.0,0.0,200,../../lists/estonian_voro/list.estonian_voro.attrib=shap_mpd=4_thresh=0.4_docnorm=F_tfidf=T.csv
0.765,0.105,0.0,0.0,0.0,0.0,0.125,200,../../lists/estonian_voro/list.estonian_voro.attrib=shap_mpd=4_thresh=0.4_docnorm=T_tfidf=F.csv
0.7,0.15,0.0,0.0,0.0,0.0,0.115,200,../../lists/estonian_voro/list.estonian_voro.attrib=shap_mpd=4_thresh=0.4_docnorm=T_tfidf=T.csv
0.31,0.63,0.0,0.0,0.0,0.0,0.0,200,../../lists/estonian_voro/list.estonian_voro.attrib=shap_mpd=4_thresh=0.5_docnorm=F_tfidf=F.csv
0.345,0.575,0.0,0.0,0.0,0.0,0.0,200,../../lists/estonian_voro/list.estonian_voro.attrib=shap_mpd=4_thresh=0.5_docnorm=F_tfidf=T.csv
0.765,0.16,0.0,0.0,0.0,0.0,0.0,200,../../lists/estonian_voro/list.estonian_voro.attrib=shap_mpd=4_thresh=0.5_docnorm=T_tfidf=F.csv
0.73,0.2,0.0,0.0,0.0,0.0,0.0,200,../../lists/estonian_voro/list.estonian_voro.attrib=shap_mpd=4_thresh=0.5_docnorm=T_tfidf=T.csv
0.31,0.63,0.0,0.0,0.0,0.0,0.0,200,../../lists/estonian_voro/list.estonian_voro.attrib=shap_mpd=4_thresh=0.6_docnorm=F_tfidf=F.csv
0.345,0.58,0.0,0.0,0.0,0.0,0.0,200,../../lists/estonian_voro/list.estonian_voro.attrib=shap_mpd=4_thresh=0.6_docnorm=F_tfidf=T.csv
0.735,0.2,0.0,0.0,0.0,0.0,0.0,200,../../lists/estonian_voro/list.estonian_voro.attrib=shap_mpd=4_thresh=0.6_docnorm=T_tfidf=F.csv
0.735,0.195,0.0,0.0,0.0,0.0,0.0,200,../../lists/estonian_voro/list.estonian_voro.attrib=shap_mpd=4_thresh=0.6_docnorm=T_tfidf=T.csv
0.31,0.63,0.0,0.0,0.0,0.0,0.0,200,../../lists/estonian_voro/list.estonian_voro.attrib=shap_mpd=4_thresh=0.7_docnorm=F_tfidf=F.csv
0.35,0.58,0.0,0.0,0.0,0.0,0.0,200,../../lists/estonian_voro/list.estonian_voro.attrib=shap_mpd=4_thresh=0.7_docnorm=F_tfidf=T.csv
0.69,0.25,0.0,0.0,0.0,0.0,0.0,200,../../lists/estonian_voro/list.estonian_voro.attrib=shap_mpd=4_thresh=0.7_docnorm=T_tfidf=F.csv
0.695,0.25,0.0,0.0,0.0,0.0,0.0,200,../../lists/estonian_voro/list.estonian_voro.attrib=shap_mpd=4_thresh=0.7_docnorm=T_tfidf=T.csv
0.31,0.63,0.0,0.0,0.0,0.0,0.0,200,../../lists/estonian_voro/list.estonian_voro.attrib=shap_mpd=4_thresh=0.8_docnorm=F_tfidf=F.csv
0.335,0.595,0.0,0.0,0.0,0.0,0.0,200,../../lists/estonian_voro/list.estonian_voro.attrib=shap_mpd=4_thresh=0.8_docnorm=F_tfidf=T.csv
0.615,0.315,0.0,0.0,0.0,0.0,0.0,200,../../lists/estonian_voro/list.estonian_voro.attrib=shap_mpd=4_thresh=0.8_docnorm=T_tfidf=F.csv
0.63,0.285,0.0,0.0,0.0,0.0,0.0,200,../../lists/estonian_voro/list.estonian_voro.attrib=shap_mpd=4_thresh=0.8_docnorm=T_tfidf=T.csv
0.305,0.635,0.0,0.0,0.0,0.0,0.0,200,../../lists/estonian_voro/list.estonian_voro.attrib=shap_mpd=4_thresh=0.9_docnorm=F_tfidf=F.csv
0.33,0.605,0.0,0.0,0.0,0.0,0.0,200,../../lists/estonian_voro/list.estonian_voro.attrib=shap_mpd=4_thresh=0.9_docnorm=F_tfidf=T.csv
0.545,0.375,0.0,0.0,0.0,0.0,0.0,200,../../lists/estonian_voro/list.estonian_voro.attrib=shap_mpd=4_thresh=0.9_docnorm=T_tfidf=F.csv
0.54,0.38,0.0,0.0,0.0,0.0,0.0,200,../../lists/estonian_voro/list.estonian_voro.attrib=shap_mpd=4_thresh=0.9_docnorm=T_tfidf=T.csv
0.295,0.65,0.0,0.0,0.0,0.0,0.0,200,../../lists/estonian_voro/list.estonian_voro.attrib=shap_mpd=4_thresh=1.0_docnorm=F_tfidf=F.csv
0.285,0.65,0.0,0.0,0.0,0.0,0.0,200,../../lists/estonian_voro/list.estonian_voro.attrib=shap_mpd=4_thresh=1.0_docnorm=F_tfidf=T.csv
0.33,0.62,0.0,0.0,0.0,0.0,0.0,200,../../lists/estonian_voro/list.estonian_voro.attrib=shap_mpd=4_thresh=1.0_docnorm=T_tfidf=F.csv
0.35,0.595,0.0,0.0,0.0,0.0,0.0,200,../../lists/estonian_voro/list.estonian_voro.attrib=shap_mpd=4_thresh=1.0_docnorm=T_tfidf=T.csv
0.31,0.63,0.0,0.0,0.0,0.0,0.0,200,../../lists/estonian_voro/list.estonian_voro.attrib=shap_mpd=5_thresh=0.1_docnorm=F_tfidf=F.csv
0.345,0.575,0.0,0.0,0.0,0.0,0.0,200,../../lists/estonian_voro/list.estonian_voro.attrib=shap_mpd=5_thresh=0.1_docnorm=F_tfidf=T.csv
0.47,0.01,0.875,0.955,0.98,0.98,0.98,200,../../lists/estonian_voro/list.estonian_voro.attrib=shap_mpd=5_thresh=0.1_docnorm=T_tfidf=F.csv
0.45,0.015,0.85,0.93,0.965,0.975,0.98,200,../../lists/estonian_voro/list.estonian_voro.attrib=shap_mpd=5_thresh=0.1_docnorm=T_tfidf=T.csv
0.31,0.63,0.0,0.0,0.0,0.0,0.0,200,../../lists/estonian_voro/list.estonian_voro.attrib=shap_mpd=5_thresh=0.2_docnorm=F_tfidf=F.csv
0.345,0.575,0.0,0.0,0.0,0.0,0.0,200,../../lists/estonian_voro/list.estonian_voro.attrib=shap_mpd=5_thresh=0.2_docnorm=F_tfidf=T.csv
0.645,0.08,0.0,0.265,0.535,0.68,0.815,200,../../lists/estonian_voro/list.estonian_voro.attrib=shap_mpd=5_thresh=0.2_docnorm=T_tfidf=F.csv
0.66,0.055,0.0,0.295,0.595,0.705,0.81,200,../../lists/estonian_voro/list.estonian_voro.attrib=shap_mpd=5_thresh=0.2_docnorm=T_tfidf=T.csv
0.31,0.63,0.0,0.0,0.0,0.0,0.0,200,../../lists/estonian_voro/list.estonian_voro.attrib=shap_mpd=5_thresh=0.3_docnorm=F_tfidf=F.csv
0.345,0.575,0.0,0.0,0.0,0.0,0.0,200,../../lists/estonian_voro/list.estonian_voro.attrib=shap_mpd=5_thresh=0.3_docnorm=F_tfidf=T.csv
0.77,0.08,0.0,0.0,0.01,0.215,0.405,200,../../lists/estonian_voro/list.estonian_voro.attrib=shap_mpd=5_thresh=0.3_docnorm=T_tfidf=F.csv
0.735,0.11,0.0,0.0,0.01,0.17,0.405,200,../../lists/estonian_voro/list.estonian_voro.attrib=shap_mpd=5_thresh=0.3_docnorm=T_tfidf=T.csv
0.31,0.63,0.0,0.0,0.0,0.0,0.0,200,../../lists/estonian_voro/list.estonian_voro.attrib=shap_mpd=5_thresh=0.4_docnorm=F_tfidf=F.csv
0.345,0.575,0.0,0.0,0.0,0.0,0.0,200,../../lists/estonian_voro/list.estonian_voro.attrib=shap_mpd=5_thresh=0.4_docnorm=F_tfidf=T.csv
0.795,0.07,0.0,0.0,0.0,0.0,0.135,200,../../lists/estonian_voro/list.estonian_voro.attrib=shap_mpd=5_thresh=0.4_docnorm=T_tfidf=F.csv
0.72,0.125,0.0,0.0,0.0,0.0,0.135,200,../../lists/estonian_voro/list.estonian_voro.attrib=shap_mpd=5_thresh=0.4_docnorm=T_tfidf=T.csv
0.31,0.63,0.0,0.0,0.0,0.0,0.0,200,../../lists/estonian_voro/list.estonian_voro.attrib=shap_mpd=5_thresh=0.5_docnorm=F_tfidf=F.csv
0.34,0.58,0.0,0.0,0.0,0.0,0.0,200,../../lists/estonian_voro/list.estonian_voro.attrib=shap_mpd=5_thresh=0.5_docnorm=F_tfidf=T.csv
0.765,0.14,0.0,0.0,0.0,0.0,0.0,200,../../lists/estonian_voro/list.estonian_voro.attrib=shap_mpd=5_thresh=0.5_docnorm=T_tfidf=F.csv
0.74,0.175,0.0,0.0,0.0,0.0,0.0,200,../../lists/estonian_voro/list.estonian_voro.attrib=shap_mpd=5_thresh=0.5_docnorm=T_tfidf=T.csv
0.31,0.63,0.0,0.0,0.0,0.0,0.0,200,../../lists/estonian_voro/list.estonian_voro.attrib=shap_mpd=5_thresh=0.6_docnorm=F_tfidf=F.csv
0.345,0.58,0.0,0.0,0.0,0.0,0.0,200,../../lists/estonian_voro/list.estonian_voro.attrib=shap_mpd=5_thresh=0.6_docnorm=F_tfidf=T.csv
0.76,0.175,0.0,0.0,0.0,0.0,0.0,200,../../lists/estonian_voro/list.estonian_voro.attrib=shap_mpd=5_thresh=0.6_docnorm=T_tfidf=F.csv
0.74,0.195,0.0,0.0,0.0,0.0,0.0,200,../../lists/estonian_voro/list.estonian_voro.attrib=shap_mpd=5_thresh=0.6_docnorm=T_tfidf=T.csv
0.31,0.63,0.0,0.0,0.0,0.0,0.0,200,../../lists/estonian_voro/list.estonian_voro.attrib=shap_mpd=5_thresh=0.7_docnorm=F_tfidf=F.csv
0.35,0.58,0.0,0.0,0.0,0.0,0.0,200,../../lists/estonian_voro/list.estonian_voro.attrib=shap_mpd=5_thresh=0.7_docnorm=F_tfidf=T.csv
0.715,0.23,0.0,0.0,0.0,0.0,0.0,200,../../lists/estonian_voro/list.estonian_voro.attrib=shap_mpd=5_thresh=0.7_docnorm=T_tfidf=F.csv
0.725,0.225,0.0,0.0,0.0,0.0,0.0,200,../../lists/estonian_voro/list.estonian_voro.attrib=shap_mpd=5_thresh=0.7_docnorm=T_tfidf=T.csv
0.31,0.63,0.0,0.0,0.0,0.0,0.0,200,../../lists/estonian_voro/list.estonian_voro.attrib=shap_mpd=5_thresh=0.8_docnorm=F_tfidf=F.csv
0.34,0.59,0.0,0.0,0.0,0.0,0.0,200,../../lists/estonian_voro/list.estonian_voro.attrib=shap_mpd=5_thresh=0.8_docnorm=F_tfidf=T.csv
0.62,0.31,0.0,0.0,0.0,0.0,0.0,200,../../lists/estonian_voro/list.estonian_voro.attrib=shap_mpd=5_thresh=0.8_docnorm=T_tfidf=F.csv
0.645,0.285,0.0,0.0,0.0,0.0,0.0,200,../../lists/estonian_voro/list.estonian_voro.attrib=shap_mpd=5_thresh=0.8_docnorm=T_tfidf=T.csv
0.305,0.635,0.0,0.0,0.0,0.0,0.0,200,../../lists/estonian_voro/list.estonian_voro.attrib=shap_mpd=5_thresh=0.9_docnorm=F_tfidf=F.csv
0.33,0.605,0.0,0.0,0.0,0.0,0.0,200,../../lists/estonian_voro/list.estonian_voro.attrib=shap_mpd=5_thresh=0.9_docnorm=F_tfidf=T.csv
0.56,0.365,0.0,0.0,0.0,0.0,0.0,200,../../lists/estonian_voro/list.estonian_voro.attrib=shap_mpd=5_thresh=0.9_docnorm=T_tfidf=F.csv
0.555,0.36,0.0,0.0,0.0,0.0,0.0,200,../../lists/estonian_voro/list.estonian_voro.attrib=shap_mpd=5_thresh=0.9_docnorm=T_tfidf=T.csv
0.295,0.645,0.0,0.0,0.0,0.0,0.0,200,../../lists/estonian_voro/list.estonian_voro.attrib=shap_mpd=5_thresh=1.0_docnorm=F_tfidf=F.csv
0.295,0.645,0.0,0.0,0.0,0.0,0.0,200,../../lists/estonian_voro/list.estonian_voro.attrib=shap_mpd=5_thresh=1.0_docnorm=F_tfidf=T.csv
0.345,0.6,0.0,0.0,0.0,0.0,0.0,200,../../lists/estonian_voro/list.estonian_voro.attrib=shap_mpd=5_thresh=1.0_docnorm=T_tfidf=F.csv
0.365,0.58,0.0,0.0,0.0,0.0,0.0,200,../../lists/estonian_voro/list.estonian_voro.attrib=shap_mpd=5_thresh=1.0_docnorm=T_tfidf=T.csv
0.3,0.635,0.0,0.0,0.0,0.0,0.0,200,../../lists/estonian_voro/list.estonian_voro.attrib=shap_mpd=6_thresh=0.1_docnorm=F_tfidf=F.csv
0.345,0.575,0.0,0.0,0.0,0.0,0.0,200,../../lists/estonian_voro/list.estonian_voro.attrib=shap_mpd=6_thresh=0.1_docnorm=F_tfidf=T.csv
0.46,0.01,0.89,0.96,0.98,0.98,0.98,200,../../lists/estonian_voro/list.estonian_voro.attrib=shap_mpd=6_thresh=0.1_docnorm=T_tfidf=F.csv
0.45,0.015,0.855,0.935,0.97,0.98,0.98,200,../../lists/estonian_voro/list.estonian_voro.attrib=shap_mpd=6_thresh=0.1_docnorm=T_tfidf=T.csv
0.3,0.635,0.0,0.0,0.0,0.0,0.0,200,../../lists/estonian_voro/list.estonian_voro.attrib=shap_mpd=6_thresh=0.2_docnorm=F_tfidf=F.csv
0.345,0.575,0.0,0.0,0.0,0.0,0.0,200,../../lists/estonian_voro/list.estonian_voro.attrib=shap_mpd=6_thresh=0.2_docnorm=F_tfidf=T.csv
0.645,0.07,0.0,0.275,0.545,0.695,0.83,200,../../lists/estonian_voro/list.estonian_voro.attrib=shap_mpd=6_thresh=0.2_docnorm=T_tfidf=F.csv
0.66,0.055,0.0,0.305,0.605,0.725,0.825,200,../../lists/estonian_voro/list.estonian_voro.attrib=shap_mpd=6_thresh=0.2_docnorm=T_tfidf=T.csv
0.3,0.635,0.0,0.0,0.0,0.0,0.0,200,../../lists/estonian_voro/list.estonian_voro.attrib=shap_mpd=6_thresh=0.3_docnorm=F_tfidf=F.csv
0.345,0.575,0.0,0.0,0.0,0.0,0.0,200,../../lists/estonian_voro/list.estonian_voro.attrib=shap_mpd=6_thresh=0.3_docnorm=F_tfidf=T.csv
0.77,0.08,0.0,0.0,0.01,0.22,0.415,200,../../lists/estonian_voro/list.estonian_voro.attrib=shap_mpd=6_thresh=0.3_docnorm=T_tfidf=F.csv
0.74,0.1,0.0,0.0,0.01,0.19,0.435,200,../../lists/estonian_voro/list.estonian_voro.attrib=shap_mpd=6_thresh=0.3_docnorm=T_tfidf=T.csv
0.3,0.635,0.0,0.0,0.0,0.0,0.0,200,../../lists/estonian_voro/list.estonian_voro.attrib=shap_mpd=6_thresh=0.4_docnorm=F_tfidf=F.csv
0.345,0.575,0.0,0.0,0.0,0.0,0.0,200,../../lists/estonian_voro/list.estonian_voro.attrib=shap_mpd=6_thresh=0.4_docnorm=F_tfidf=T.csv
0.795,0.07,0.0,0.0,0.0,0.0,0.125,200,../../lists/estonian_voro/list.estonian_voro.attrib=shap_mpd=6_thresh=0.4_docnorm=T_tfidf=F.csv
0.73,0.115,0.0,0.0,0.0,0.0,0.135,200,../../lists/estonian_voro/list.estonian_voro.attrib=shap_mpd=6_thresh=0.4_docnorm=T_tfidf=T.csv
0.295,0.64,0.0,0.0,0.0,0.0,0.0,200,../../lists/estonian_voro/list.estonian_voro.attrib=shap_mpd=6_thresh=0.5_docnorm=F_tfidf=F.csv
0.34,0.58,0.0,0.0,0.0,0.0,0.0,200,../../lists/estonian_voro/list.estonian_voro.attrib=shap_mpd=6_thresh=0.5_docnorm=F_tfidf=T.csv
0.775,0.12,0.0,0.0,0.0,0.0,0.0,200,../../lists/estonian_voro/list.estonian_voro.attrib=shap_mpd=6_thresh=0.5_docnorm=T_tfidf=F.csv
0.745,0.16,0.0,0.0,0.0,0.0,0.0,200,../../lists/estonian_voro/list.estonian_voro.attrib=shap_mpd=6_thresh=0.5_docnorm=T_tfidf=T.csv
0.295,0.64,0.0,0.0,0.0,0.0,0.0,200,../../lists/estonian_voro/list.estonian_voro.attrib=shap_mpd=6_thresh=0.6_docnorm=F_tfidf=F.csv
0.345,0.58,0.0,0.0,0.0,0.0,0.0,200,../../lists/estonian_voro/list.estonian_voro.attrib=shap_mpd=6_thresh=0.6_docnorm=F_tfidf=T.csv
0.76,0.165,0.0,0.0,0.0,0.0,0.0,200,../../lists/estonian_voro/list.estonian_voro.attrib=shap_mpd=6_thresh=0.6_docnorm=T_tfidf=F.csv
0.745,0.18,0.0,0.0,0.0,0.0,0.0,200,../../lists/estonian_voro/list.estonian_voro.attrib=shap_mpd=6_thresh=0.6_docnorm=T_tfidf=T.csv
0.295,0.64,0.0,0.0,0.0,0.0,0.0,200,../../lists/estonian_voro/list.estonian_voro.attrib=shap_mpd=6_thresh=0.7_docnorm=F_tfidf=F.csv
0.35,0.58,0.0,0.0,0.0,0.0,0.0,200,../../lists/estonian_voro/list.estonian_voro.attrib=shap_mpd=6_thresh=0.7_docnorm=F_tfidf=T.csv
0.72,0.22,0.0,0.0,0.0,0.0,0.0,200,../../lists/estonian_voro/list.estonian_voro.attrib=shap_mpd=6_thresh=0.7_docnorm=T_tfidf=F.csv
0.725,0.215,0.0,0.0,0.0,0.0,0.0,200,../../lists/estonian_voro/list.estonian_voro.attrib=shap_mpd=6_thresh=0.7_docnorm=T_tfidf=T.csv
0.295,0.64,0.0,0.0,0.0,0.0,0.0,200,../../lists/estonian_voro/list.estonian_voro.attrib=shap_mpd=6_thresh=0.8_docnorm=F_tfidf=F.csv
0.34,0.59,0.0,0.0,0.0,0.0,0.0,200,../../lists/estonian_voro/list.estonian_voro.attrib=shap_mpd=6_thresh=0.8_docnorm=F_tfidf=T.csv
0.62,0.305,0.0,0.0,0.0,0.0,0.0,200,../../lists/estonian_voro/list.estonian_voro.attrib=shap_mpd=6_thresh=0.8_docnorm=T_tfidf=F.csv
0.665,0.26,0.0,0.0,0.0,0.0,0.0,200,../../lists/estonian_voro/list.estonian_voro.attrib=shap_mpd=6_thresh=0.8_docnorm=T_tfidf=T.csv
0.295,0.64,0.0,0.0,0.0,0.0,0.0,200,../../lists/estonian_voro/list.estonian_voro.attrib=shap_mpd=6_thresh=0.9_docnorm=F_tfidf=F.csv
0.33,0.605,0.0,0.0,0.0,0.0,0.0,200,../../lists/estonian_voro/list.estonian_voro.attrib=shap_mpd=6_thresh=0.9_docnorm=F_tfidf=T.csv
0.55,0.365,0.0,0.0,0.0,0.0,0.0,200,../../lists/estonian_voro/list.estonian_voro.attrib=shap_mpd=6_thresh=0.9_docnorm=T_tfidf=F.csv
0.55,0.36,0.0,0.0,0.0,0.0,0.0,200,../../lists/estonian_voro/list.estonian_voro.attrib=shap_mpd=6_thresh=0.9_docnorm=T_tfidf=T.csv
0.28,0.66,0.0,0.0,0.0,0.0,0.0,200,../../lists/estonian_voro/list.estonian_voro.attrib=shap_mpd=6_thresh=1.0_docnorm=F_tfidf=F.csv
0.31,0.63,0.0,0.0,0.0,0.0,0.0,200,../../lists/estonian_voro/list.estonian_voro.attrib=shap_mpd=6_thresh=1.0_docnorm=F_tfidf=T.csv
0.355,0.585,0.0,0.0,0.0,0.0,0.0,200,../../lists/estonian_voro/list.estonian_voro.attrib=shap_mpd=6_thresh=1.0_docnorm=T_tfidf=F.csv
0.365,0.58,0.0,0.0,0.0,0.0,0.0,200,../../lists/estonian_voro/list.estonian_voro.attrib=shap_mpd=6_thresh=1.0_docnorm=T_tfidf=T.csv
0.295,0.645,0.0,0.0,0.0,0.0,0.0,200,../../lists/estonian_voro/list.estonian_voro.attrib=shap_mpd=7_thresh=0.1_docnorm=F_tfidf=F.csv
0.345,0.575,0.0,0.0,0.0,0.0,0.0,200,../../lists/estonian_voro/list.estonian_voro.attrib=shap_mpd=7_thresh=0.1_docnorm=F_tfidf=T.csv
0.455,0.01,0.895,0.965,0.985,0.985,0.985,200,../../lists/estonian_voro/list.estonian_voro.attrib=shap_mpd=7_thresh=0.1_docnorm=T_tfidf=F.csv
0.445,0.015,0.865,0.935,0.97,0.98,0.98,200,../../lists/estonian_voro/list.estonian_voro.attrib=shap_mpd=7_thresh=0.1_docnorm=T_tfidf=T.csv
0.295,0.645,0.0,0.0,0.0,0.0,0.0,200,../../lists/estonian_voro/list.estonian_voro.attrib=shap_mpd=7_thresh=0.2_docnorm=F_tfidf=F.csv
0.345,0.575,0.0,0.0,0.0,0.0,0.0,200,../../lists/estonian_voro/list.estonian_voro.attrib=shap_mpd=7_thresh=0.2_docnorm=F_tfidf=T.csv
0.66,0.055,0.0,0.275,0.555,0.715,0.84,200,../../lists/estonian_voro/list.estonian_voro.attrib=shap_mpd=7_thresh=0.2_docnorm=T_tfidf=F.csv
0.665,0.045,0.0,0.305,0.605,0.735,0.835,200,../../lists/estonian_voro/list.estonian_voro.attrib=shap_mpd=7_thresh=0.2_docnorm=T_tfidf=T.csv
0.295,0.645,0.0,0.0,0.0,0.0,0.0,200,../../lists/estonian_voro/list.estonian_voro.attrib=shap_mpd=7_thresh=0.3_docnorm=F_tfidf=F.csv
0.345,0.575,0.0,0.0,0.0,0.0,0.0,200,../../lists/estonian_voro/list.estonian_voro.attrib=shap_mpd=7_thresh=0.3_docnorm=F_tfidf=T.csv
0.765,0.07,0.0,0.0,0.01,0.215,0.425,200,../../lists/estonian_voro/list.estonian_voro.attrib=shap_mpd=7_thresh=0.3_docnorm=T_tfidf=F.csv
0.755,0.08,0.0,0.0,0.01,0.195,0.445,200,../../lists/estonian_voro/list.estonian_voro.attrib=shap_mpd=7_thresh=0.3_docnorm=T_tfidf=T.csv
0.295,0.645,0.0,0.0,0.0,0.0,0.0,200,../../lists/estonian_voro/list.estonian_voro.attrib=shap_mpd=7_thresh=0.4_docnorm=F_tfidf=F.csv
0.345,0.575,0.0,0.0,0.0,0.0,0.0,200,../../lists/estonian_voro/list.estonian_voro.attrib=shap_mpd=7_thresh=0.4_docnorm=F_tfidf=T.csv
0.795,0.065,0.0,0.0,0.0,0.0,0.135,200,../../lists/estonian_voro/list.estonian_voro.attrib=shap_mpd=7_thresh=0.4_docnorm=T_tfidf=F.csv
0.73,0.12,0.0,0.0,0.0,0.0,0.135,200,../../lists/estonian_voro/list.estonian_voro.attrib=shap_mpd=7_thresh=0.4_docnorm=T_tfidf=T.csv
0.295,0.645,0.0,0.0,0.0,0.0,0.0,200,../../lists/estonian_voro/list.estonian_voro.attrib=shap_mpd=7_thresh=0.5_docnorm=F_tfidf=F.csv
0.345,0.575,0.0,0.0,0.0,0.0,0.0,200,../../lists/estonian_voro/list.estonian_voro.attrib=shap_mpd=7_thresh=0.5_docnorm=F_tfidf=T.csv
0.775,0.11,0.0,0.0,0.0,0.0,0.0,200,../../lists/estonian_voro/list.estonian_voro.attrib=shap_mpd=7_thresh=0.5_docnorm=T_tfidf=F.csv
0.76,0.14,0.0,0.0,0.0,0.0,0.0,200,../../lists/estonian_voro/list.estonian_voro.attrib=shap_mpd=7_thresh=0.5_docnorm=T_tfidf=T.csv
0.29,0.645,0.0,0.0,0.0,0.0,0.0,200,../../lists/estonian_voro/list.estonian_voro.attrib=shap_mpd=7_thresh=0.6_docnorm=F_tfidf=F.csv
0.34,0.585,0.0,0.0,0.0,0.0,0.0,200,../../lists/estonian_voro/list.estonian_voro.attrib=shap_mpd=7_thresh=0.6_docnorm=F_tfidf=T.csv
0.76,0.165,0.0,0.0,0.0,0.0,0.0,200,../../lists/estonian_voro/list.estonian_voro.attrib=shap_mpd=7_thresh=0.6_docnorm=T_tfidf=F.csv
0.745,0.18,0.0,0.0,0.0,0.0,0.0,200,../../lists/estonian_voro/list.estonian_voro.attrib=shap_mpd=7_thresh=0.6_docnorm=T_tfidf=T.csv
0.29,0.645,0.0,0.0,0.0,0.0,0.0,200,../../lists/estonian_voro/list.estonian_voro.attrib=shap_mpd=7_thresh=0.7_docnorm=F_tfidf=F.csv
0.345,0.585,0.0,0.0,0.0,0.0,0.0,200,../../lists/estonian_voro/list.estonian_voro.attrib=shap_mpd=7_thresh=0.7_docnorm=F_tfidf=T.csv
0.74,0.205,0.0,0.0,0.0,0.0,0.0,200,../../lists/estonian_voro/list.estonian_voro.attrib=shap_mpd=7_thresh=0.7_docnorm=T_tfidf=F.csv
0.725,0.22,0.0,0.0,0.0,0.0,0.0,200,../../lists/estonian_voro/list.estonian_voro.attrib=shap_mpd=7_thresh=0.7_docnorm=T_tfidf=T.csv
0.29,0.645,0.0,0.0,0.0,0.0,0.0,200,../../lists/estonian_voro/list.estonian_voro.attrib=shap_mpd=7_thresh=0.8_docnorm=F_tfidf=F.csv
0.34,0.59,0.0,0.0,0.0,0.0,0.0,200,../../lists/estonian_voro/list.estonian_voro.attrib=shap_mpd=7_thresh=0.8_docnorm=F_tfidf=T.csv
0.635,0.29,0.0,0.0,0.0,0.0,0.0,200,../../lists/estonian_voro/list.estonian_voro.attrib=shap_mpd=7_thresh=0.8_docnorm=T_tfidf=F.csv
0.675,0.25,0.0,0.0,0.0,0.0,0.0,200,../../lists/estonian_voro/list.estonian_voro.attrib=shap_mpd=7_thresh=0.8_docnorm=T_tfidf=T.csv
0.29,0.645,0.0,0.0,0.0,0.0,0.0,200,../../lists/estonian_voro/list.estonian_voro.attrib=shap_mpd=7_thresh=0.9_docnorm=F_tfidf=F.csv
0.33,0.605,0.0,0.0,0.0,0.0,0.0,200,../../lists/estonian_voro/list.estonian_voro.attrib=shap_mpd=7_thresh=0.9_docnorm=F_tfidf=T.csv
0.555,0.36,0.0,0.0,0.0,0.0,0.0,200,../../lists/estonian_voro/list.estonian_voro.attrib=shap_mpd=7_thresh=0.9_docnorm=T_tfidf=F.csv
0.55,0.365,0.0,0.0,0.0,0.0,0.0,200,../../lists/estonian_voro/list.estonian_voro.attrib=shap_mpd=7_thresh=0.9_docnorm=T_tfidf=T.csv
0.285,0.655,0.0,0.0,0.0,0.0,0.0,200,../../lists/estonian_voro/list.estonian_voro.attrib=shap_mpd=7_thresh=1.0_docnorm=F_tfidf=F.csv
0.3,0.64,0.0,0.0,0.0,0.0,0.0,200,../../lists/estonian_voro/list.estonian_voro.attrib=shap_mpd=7_thresh=1.0_docnorm=F_tfidf=T.csv
0.365,0.575,0.0,0.0,0.0,0.0,0.0,200,../../lists/estonian_voro/list.estonian_voro.attrib=shap_mpd=7_thresh=1.0_docnorm=T_tfidf=F.csv
0.37,0.575,0.0,0.0,0.0,0.0,0.0,200,../../lists/estonian_voro/list.estonian_voro.attrib=shap_mpd=7_thresh=1.0_docnorm=T_tfidf=T.csv
0.295,0.645,0.0,0.0,0.0,0.0,0.0,200,../../lists/estonian_voro/list.estonian_voro.attrib=shap_mpd=8_thresh=0.1_docnorm=F_tfidf=F.csv
0.345,0.575,0.0,0.0,0.0,0.0,0.0,200,../../lists/estonian_voro/list.estonian_voro.attrib=shap_mpd=8_thresh=0.1_docnorm=F_tfidf=T.csv
0.45,0.01,0.9,0.97,0.985,0.985,0.985,200,../../lists/estonian_voro/list.estonian_voro.attrib=shap_mpd=8_thresh=0.1_docnorm=T_tfidf=F.csv
0.445,0.015,0.865,0.935,0.97,0.98,0.98,200,../../lists/estonian_voro/list.estonian_voro.attrib=shap_mpd=8_thresh=0.1_docnorm=T_tfidf=T.csv
0.295,0.645,0.0,0.0,0.0,0.0,0.0,200,../../lists/estonian_voro/list.estonian_voro.attrib=shap_mpd=8_thresh=0.2_docnorm=F_tfidf=F.csv
0.345,0.575,0.0,0.0,0.0,0.0,0.0,200,../../lists/estonian_voro/list.estonian_voro.attrib=shap_mpd=8_thresh=0.2_docnorm=F_tfidf=T.csv
0.665,0.055,0.0,0.285,0.555,0.715,0.84,200,../../lists/estonian_voro/list.estonian_voro.attrib=shap_mpd=8_thresh=0.2_docnorm=T_tfidf=F.csv
0.665,0.05,0.0,0.31,0.605,0.74,0.845,200,../../lists/estonian_voro/list.estonian_voro.attrib=shap_mpd=8_thresh=0.2_docnorm=T_tfidf=T.csv
0.295,0.645,0.0,0.0,0.0,0.0,0.0,200,../../lists/estonian_voro/list.estonian_voro.attrib=shap_mpd=8_thresh=0.3_docnorm=F_tfidf=F.csv
0.345,0.575,0.0,0.0,0.0,0.0,0.0,200,../../lists/estonian_voro/list.estonian_voro.attrib=shap_mpd=8_thresh=0.3_docnorm=F_tfidf=T.csv
0.765,0.07,0.0,0.0,0.01,0.215,0.42,200,../../lists/estonian_voro/list.estonian_voro.attrib=shap_mpd=8_thresh=0.3_docnorm=T_tfidf=F.csv
0.765,0.07,0.0,0.0,0.01,0.2,0.44,200,../../lists/estonian_voro/list.estonian_voro.attrib=shap_mpd=8_thresh=0.3_docnorm=T_tfidf=T.csv
0.295,0.645,0.0,0.0,0.0,0.0,0.0,200,../../lists/estonian_voro/list.estonian_voro.attrib=shap_mpd=8_thresh=0.4_docnorm=F_tfidf=F.csv
0.345,0.575,0.0,0.0,0.0,0.0,0.0,200,../../lists/estonian_voro/list.estonian_voro.attrib=shap_mpd=8_thresh=0.4_docnorm=F_tfidf=T.csv
0.805,0.065,0.0,0.0,0.0,0.0,0.135,200,../../lists/estonian_voro/list.estonian_voro.attrib=shap_mpd=8_thresh=0.4_docnorm=T_tfidf=F.csv
0.73,0.12,0.0,0.0,0.0,0.0,0.135,200,../../lists/estonian_voro/list.estonian_voro.attrib=shap_mpd=8_thresh=0.4_docnorm=T_tfidf=T.csv
0.295,0.645,0.0,0.0,0.0,0.0,0.0,200,../../lists/estonian_voro/list.estonian_voro.attrib=shap_mpd=8_thresh=0.5_docnorm=F_tfidf=F.csv
0.345,0.575,0.0,0.0,0.0,0.0,0.0,200,../../lists/estonian_voro/list.estonian_voro.attrib=shap_mpd=8_thresh=0.5_docnorm=F_tfidf=T.csv
0.775,0.105,0.0,0.0,0.0,0.0,0.0,200,../../lists/estonian_voro/list.estonian_voro.attrib=shap_mpd=8_thresh=0.5_docnorm=T_tfidf=F.csv
0.76,0.14,0.0,0.0,0.0,0.0,0.0,200,../../lists/estonian_voro/list.estonian_voro.attrib=shap_mpd=8_thresh=0.5_docnorm=T_tfidf=T.csv
0.29,0.645,0.0,0.0,0.0,0.0,0.0,200,../../lists/estonian_voro/list.estonian_voro.attrib=shap_mpd=8_thresh=0.6_docnorm=F_tfidf=F.csv
0.34,0.585,0.0,0.0,0.0,0.0,0.0,200,../../lists/estonian_voro/list.estonian_voro.attrib=shap_mpd=8_thresh=0.6_docnorm=F_tfidf=T.csv
0.75,0.175,0.0,0.0,0.0,0.0,0.0,200,../../lists/estonian_voro/list.estonian_voro.attrib=shap_mpd=8_thresh=0.6_docnorm=T_tfidf=F.csv
0.74,0.19,0.0,0.0,0.0,0.0,0.0,200,../../lists/estonian_voro/list.estonian_voro.attrib=shap_mpd=8_thresh=0.6_docnorm=T_tfidf=T.csv
0.29,0.645,0.0,0.0,0.0,0.0,0.0,200,../../lists/estonian_voro/list.estonian_voro.attrib=shap_mpd=8_thresh=0.7_docnorm=F_tfidf=F.csv
0.34,0.59,0.0,0.0,0.0,0.0,0.0,200,../../lists/estonian_voro/list.estonian_voro.attrib=shap_mpd=8_thresh=0.7_docnorm=F_tfidf=T.csv
0.75,0.195,0.0,0.0,0.0,0.0,0.0,200,../../lists/estonian_voro/list.estonian_voro.attrib=shap_mpd=8_thresh=0.7_docnorm=T_tfidf=F.csv
0.73,0.21,0.0,0.0,0.0,0.0,0.0,200,../../lists/estonian_voro/list.estonian_voro.attrib=shap_mpd=8_thresh=0.7_docnorm=T_tfidf=T.csv
0.29,0.645,0.0,0.0,0.0,0.0,0.0,200,../../lists/estonian_voro/list.estonian_voro.attrib=shap_mpd=8_thresh=0.8_docnorm=F_tfidf=F.csv
0.34,0.59,0.0,0.0,0.0,0.0,0.0,200,../../lists/estonian_voro/list.estonian_voro.attrib=shap_mpd=8_thresh=0.8_docnorm=F_tfidf=T.csv
0.645,0.28,0.0,0.0,0.0,0.0,0.0,200,../../lists/estonian_voro/list.estonian_voro.attrib=shap_mpd=8_thresh=0.8_docnorm=T_tfidf=F.csv
0.685,0.24,0.0,0.0,0.0,0.0,0.0,200,../../lists/estonian_voro/list.estonian_voro.attrib=shap_mpd=8_thresh=0.8_docnorm=T_tfidf=T.csv
0.29,0.645,0.0,0.0,0.0,0.0,0.0,200,../../lists/estonian_voro/list.estonian_voro.attrib=shap_mpd=8_thresh=0.9_docnorm=F_tfidf=F.csv
0.33,0.605,0.0,0.0,0.0,0.0,0.0,200,../../lists/estonian_voro/list.estonian_voro.attrib=shap_mpd=8_thresh=0.9_docnorm=F_tfidf=T.csv
0.55,0.365,0.0,0.0,0.0,0.0,0.0,200,../../lists/estonian_voro/list.estonian_voro.attrib=shap_mpd=8_thresh=0.9_docnorm=T_tfidf=F.csv
0.56,0.355,0.0,0.0,0.0,0.0,0.0,200,../../lists/estonian_voro/list.estonian_voro.attrib=shap_mpd=8_thresh=0.9_docnorm=T_tfidf=T.csv
0.28,0.66,0.0,0.0,0.0,0.0,0.0,200,../../lists/estonian_voro/list.estonian_voro.attrib=shap_mpd=8_thresh=1.0_docnorm=F_tfidf=F.csv
0.3,0.64,0.0,0.0,0.0,0.0,0.0,200,../../lists/estonian_voro/list.estonian_voro.attrib=shap_mpd=8_thresh=1.0_docnorm=F_tfidf=T.csv
0.37,0.575,0.0,0.0,0.0,0.0,0.0,200,../../lists/estonian_voro/list.estonian_voro.attrib=shap_mpd=8_thresh=1.0_docnorm=T_tfidf=F.csv
0.37,0.575,0.0,0.0,0.0,0.0,0.0,200,../../lists/estonian_voro/list.estonian_voro.attrib=shap_mpd=8_thresh=1.0_docnorm=T_tfidf=T.csv
0.295,0.645,0.0,0.0,0.0,0.0,0.0,200,../../lists/estonian_voro/list.estonian_voro.attrib=shap_mpd=9_thresh=0.1_docnorm=F_tfidf=F.csv
0.34,0.58,0.0,0.0,0.0,0.0,0.0,200,../../lists/estonian_voro/list.estonian_voro.attrib=shap_mpd=9_thresh=0.1_docnorm=F_tfidf=T.csv
0.455,0.01,0.905,0.97,0.985,0.985,0.985,200,../../lists/estonian_voro/list.estonian_voro.attrib=shap_mpd=9_thresh=0.1_docnorm=T_tfidf=F.csv
0.445,0.015,0.87,0.945,0.975,0.985,0.985,200,../../lists/estonian_voro/list.estonian_voro.attrib=shap_mpd=9_thresh=0.1_docnorm=T_tfidf=T.csv
0.295,0.645,0.0,0.0,0.0,0.0,0.0,200,../../lists/estonian_voro/list.estonian_voro.attrib=shap_mpd=9_thresh=0.2_docnorm=F_tfidf=F.csv
0.34,0.58,0.0,0.0,0.0,0.0,0.0,200,../../lists/estonian_voro/list.estonian_voro.attrib=shap_mpd=9_thresh=0.2_docnorm=F_tfidf=T.csv
0.665,0.055,0.0,0.28,0.56,0.715,0.84,200,../../lists/estonian_voro/list.estonian_voro.attrib=shap_mpd=9_thresh=0.2_docnorm=T_tfidf=F.csv
0.67,0.055,0.0,0.31,0.61,0.74,0.845,200,../../lists/estonian_voro/list.estonian_voro.attrib=shap_mpd=9_thresh=0.2_docnorm=T_tfidf=T.csv
0.295,0.645,0.0,0.0,0.0,0.0,0.0,200,../../lists/estonian_voro/list.estonian_voro.attrib=shap_mpd=9_thresh=0.3_docnorm=F_tfidf=F.csv
0.34,0.58,0.0,0.0,0.0,0.0,0.0,200,../../lists/estonian_voro/list.estonian_voro.attrib=shap_mpd=9_thresh=0.3_docnorm=F_tfidf=T.csv
0.77,0.065,0.0,0.0,0.01,0.215,0.43,200,../../lists/estonian_voro/list.estonian_voro.attrib=shap_mpd=9_thresh=0.3_docnorm=T_tfidf=F.csv
0.765,0.07,0.0,0.0,0.01,0.205,0.445,200,../../lists/estonian_voro/list.estonian_voro.attrib=shap_mpd=9_thresh=0.3_docnorm=T_tfidf=T.csv
0.295,0.645,0.0,0.0,0.0,0.0,0.0,200,../../lists/estonian_voro/list.estonian_voro.attrib=shap_mpd=9_thresh=0.4_docnorm=F_tfidf=F.csv
0.34,0.58,0.0,0.0,0.0,0.0,0.0,200,../../lists/estonian_voro/list.estonian_voro.attrib=shap_mpd=9_thresh=0.4_docnorm=F_tfidf=T.csv
0.81,0.065,0.0,0.0,0.0,0.0,0.135,200,../../lists/estonian_voro/list.estonian_voro.attrib=shap_mpd=9_thresh=0.4_docnorm=T_tfidf=F.csv
0.74,0.11,0.0,0.0,0.0,0.0,0.14,200,../../lists/estonian_voro/list.estonian_voro.attrib=shap_mpd=9_thresh=0.4_docnorm=T_tfidf=T.csv
0.295,0.645,0.0,0.0,0.0,0.0,0.0,200,../../lists/estonian_voro/list.estonian_voro.attrib=shap_mpd=9_thresh=0.5_docnorm=F_tfidf=F.csv
0.34,0.58,0.0,0.0,0.0,0.0,0.0,200,../../lists/estonian_voro/list.estonian_voro.attrib=shap_mpd=9_thresh=0.5_docnorm=F_tfidf=T.csv
0.78,0.095,0.0,0.0,0.0,0.0,0.0,200,../../lists/estonian_voro/list.estonian_voro.attrib=shap_mpd=9_thresh=0.5_docnorm=T_tfidf=F.csv
0.75,0.145,0.0,0.0,0.0,0.0,0.0,200,../../lists/estonian_voro/list.estonian_voro.attrib=shap_mpd=9_thresh=0.5_docnorm=T_tfidf=T.csv
0.29,0.645,0.0,0.0,0.0,0.0,0.0,200,../../lists/estonian_voro/list.estonian_voro.attrib=shap_mpd=9_thresh=0.6_docnorm=F_tfidf=F.csv
0.34,0.585,0.0,0.0,0.0,0.0,0.0,200,../../lists/estonian_voro/list.estonian_voro.attrib=shap_mpd=9_thresh=0.6_docnorm=F_tfidf=T.csv
0.75,0.165,0.0,0.0,0.0,0.0,0.0,200,../../lists/estonian_voro/list.estonian_voro.attrib=shap_mpd=9_thresh=0.6_docnorm=T_tfidf=F.csv
0.73,0.19,0.0,0.0,0.0,0.0,0.0,200,../../lists/estonian_voro/list.estonian_voro.attrib=shap_mpd=9_thresh=0.6_docnorm=T_tfidf=T.csv
0.29,0.645,0.0,0.0,0.0,0.0,0.0,200,../../lists/estonian_voro/list.estonian_voro.attrib=shap_mpd=9_thresh=0.7_docnorm=F_tfidf=F.csv
0.34,0.59,0.0,0.0,0.0,0.0,0.0,200,../../lists/estonian_voro/list.estonian_voro.attrib=shap_mpd=9_thresh=0.7_docnorm=F_tfidf=T.csv
0.75,0.19,0.0,0.0,0.0,0.0,0.0,200,../../lists/estonian_voro/list.estonian_voro.attrib=shap_mpd=9_thresh=0.7_docnorm=T_tfidf=F.csv
0.73,0.21,0.0,0.0,0.0,0.0,0.0,200,../../lists/estonian_voro/list.estonian_voro.attrib=shap_mpd=9_thresh=0.7_docnorm=T_tfidf=T.csv
0.29,0.645,0.0,0.0,0.0,0.0,0.0,200,../../lists/estonian_voro/list.estonian_voro.attrib=shap_mpd=9_thresh=0.8_docnorm=F_tfidf=F.csv
0.34,0.59,0.0,0.0,0.0,0.0,0.0,200,../../lists/estonian_voro/list.estonian_voro.attrib=shap_mpd=9_thresh=0.8_docnorm=F_tfidf=T.csv
0.655,0.27,0.0,0.0,0.0,0.0,0.0,200,../../lists/estonian_voro/list.estonian_voro.attrib=shap_mpd=9_thresh=0.8_docnorm=T_tfidf=F.csv
0.68,0.245,0.0,0.0,0.0,0.0,0.0,200,../../lists/estonian_voro/list.estonian_voro.attrib=shap_mpd=9_thresh=0.8_docnorm=T_tfidf=T.csv
0.29,0.645,0.0,0.0,0.0,0.0,0.0,200,../../lists/estonian_voro/list.estonian_voro.attrib=shap_mpd=9_thresh=0.9_docnorm=F_tfidf=F.csv
0.33,0.605,0.0,0.0,0.0,0.0,0.0,200,../../lists/estonian_voro/list.estonian_voro.attrib=shap_mpd=9_thresh=0.9_docnorm=F_tfidf=T.csv
0.57,0.35,0.0,0.0,0.0,0.0,0.0,200,../../lists/estonian_voro/list.estonian_voro.attrib=shap_mpd=9_thresh=0.9_docnorm=T_tfidf=F.csv
0.58,0.345,0.0,0.0,0.0,0.0,0.0,200,../../lists/estonian_voro/list.estonian_voro.attrib=shap_mpd=9_thresh=0.9_docnorm=T_tfidf=T.csv
0.28,0.66,0.0,0.0,0.0,0.0,0.0,200,../../lists/estonian_voro/list.estonian_voro.attrib=shap_mpd=9_thresh=1.0_docnorm=F_tfidf=F.csv
0.3,0.64,0.0,0.0,0.0,0.0,0.0,200,../../lists/estonian_voro/list.estonian_voro.attrib=shap_mpd=9_thresh=1.0_docnorm=F_tfidf=T.csv
0.385,0.55,0.0,0.0,0.0,0.0,0.0,200,../../lists/estonian_voro/list.estonian_voro.attrib=shap_mpd=9_thresh=1.0_docnorm=T_tfidf=F.csv
0.375,0.57,0.0,0.0,0.0,0.0,0.0,200,../../lists/estonian_voro/list.estonian_voro.attrib=shap_mpd=9_thresh=1.0_docnorm=T_tfidf=T.csv
