Predictions,Ground truth,Evaluation instances,Accuracy,Precision,Recall,F1-score,AUROC,filename,U-test U,U-test p,U-test f,lang group,attrib
/scratch/project_2006235/shibboleth/models/estonian_voro/iter5/model_fold5/lime_token.jsonl,/scratch/project_2005047/shibboleth/data/estonian_voro/iter_folds/iter5/dev_iter5_fold5_features.jsonl,4155,48.778,58.268,89.419,70.558,56.031,shibboleth/models/estonian_voro/iter5/model_fold5/lime_results.txt,101058643.0,9.738e-66,0.56,estonian_voro,lime_token.jsonl
/scratch/project_2006235/shibboleth/models/estonian_voro/iter5/model_fold5/ig_token.jsonl,/scratch/project_2005047/shibboleth/data/estonian_voro/iter_folds/iter5/dev_iter5_fold5_features.jsonl,4155,41.116,56.994,76.037,65.153,59.715,shibboleth/models/estonian_voro/iter5/model_fold5/ig_results.txt,105335363.5,2.528e-165,0.597,estonian_voro,ig_token.jsonl
/scratch/project_2006235/shibboleth/models/estonian_voro/iter5/model_fold5/loo_token.jsonl,/scratch/project_2005047/shibboleth/data/estonian_voro/iter_folds/iter5/dev_iter5_fold5_features.jsonl,4155,30.024,57.014,55.525,56.259,54.155,shibboleth/models/estonian_voro/iter5/model_fold5/loo_results.txt,95527804.0,5.396e-32,0.542,estonian_voro,loo_token.jsonl
/scratch/project_2006235/shibboleth/models/estonian_voro/iter5/model_fold5/shap_token.jsonl,/scratch/project_2005047/shibboleth/data/estonian_voro/iter_folds/iter5/dev_iter5_fold5_features.jsonl,4155,46.511,56.978,86.013,68.547,58.243,shibboleth/models/estonian_voro/iter5/model_fold5/shap_results.txt,102737349.5,1.207e-119,0.582,estonian_voro,shap_token.jsonl
/scratch/project_2006235/shibboleth/models/estonian_voro/iter5/model_fold2/lime_token.jsonl,/scratch/project_2005047/shibboleth/data/estonian_voro/iter_folds/iter5/dev_iter5_fold2_features.jsonl,4155,49.059,58.104,90.202,70.679,56.262,shibboleth/models/estonian_voro/iter5/model_fold2/lime_results.txt,100894338.0,1.594e-70,0.563,estonian_voro,lime_token.jsonl
/scratch/project_2006235/shibboleth/models/estonian_voro/iter5/model_fold2/ig_token.jsonl,/scratch/project_2005047/shibboleth/data/estonian_voro/iter_folds/iter5/dev_iter5_fold2_features.jsonl,4155,42.119,55.846,78.124,65.133,59.061,shibboleth/models/estonian_voro/iter5/model_fold2/ig_results.txt,103619184.5,9.42e-144,0.591,estonian_voro,ig_token.jsonl
/scratch/project_2006235/shibboleth/models/estonian_voro/iter5/model_fold2/loo_token.jsonl,/scratch/project_2005047/shibboleth/data/estonian_voro/iter_folds/iter5/dev_iter5_fold2_features.jsonl,4155,37.051,56.432,68.723,61.974,55.229,shibboleth/models/estonian_voro/iter5/model_fold2/loo_results.txt,96897171.5,1.893e-49,0.552,estonian_voro,loo_token.jsonl
/scratch/project_2006235/shibboleth/models/estonian_voro/iter5/model_fold2/shap_token.jsonl,/scratch/project_2005047/shibboleth/data/estonian_voro/iter_folds/iter5/dev_iter5_fold2_features.jsonl,4155,47.838,56.632,88.731,69.137,57.61,shibboleth/models/estonian_voro/iter5/model_fold2/shap_results.txt,101073200.5,4.596e-102,0.576,estonian_voro,shap_token.jsonl
/scratch/project_2006235/shibboleth/models/estonian_voro/iter5/model_fold10/lime_token.jsonl,/scratch/project_2005047/shibboleth/data/estonian_voro/iter_folds/iter5/dev_iter5_fold10_features.jsonl,4153,49.525,58.504,89.938,70.892,56.931,shibboleth/models/estonian_voro/iter5/model_fold10/lime_results.txt,104377137.0,9.803e-87,0.569,estonian_voro,lime_token.jsonl
/scratch/project_2006235/shibboleth/models/estonian_voro/iter5/model_fold10/ig_token.jsonl,/scratch/project_2005047/shibboleth/data/estonian_voro/iter_folds/iter5/dev_iter5_fold10_features.jsonl,4153,41.408,57.289,75.843,65.273,59.698,shibboleth/models/estonian_voro/iter5/model_fold10/ig_results.txt,107213759.0,4.722e-166,0.597,estonian_voro,ig_token.jsonl
/scratch/project_2006235/shibboleth/models/estonian_voro/iter5/model_fold10/loo_token.jsonl,/scratch/project_2005047/shibboleth/data/estonian_voro/iter_folds/iter5/dev_iter5_fold10_features.jsonl,4153,23.878,56.347,43.735,49.246,51.533,shibboleth/models/estonian_voro/iter5/model_fold10/loo_results.txt,92550644.0,5.895e-06,0.515,estonian_voro,loo_token.jsonl
/scratch/project_2006235/shibboleth/models/estonian_voro/iter5/model_fold10/shap_token.jsonl,/scratch/project_2005047/shibboleth/data/estonian_voro/iter_folds/iter5/dev_iter5_fold10_features.jsonl,4153,47.555,57.819,87.102,69.503,57.869,shibboleth/models/estonian_voro/iter5/model_fold10/shap_results.txt,103928788.0,4.165e-110,0.579,estonian_voro,shap_token.jsonl
/scratch/project_2006235/shibboleth/models/estonian_voro/iter5/model_fold1/lime_token.jsonl,/scratch/project_2005047/shibboleth/data/estonian_voro/iter_folds/iter5/dev_iter5_fold1_features.jsonl,4155,48.849,58.704,88.889,70.71,55.913,shibboleth/models/estonian_voro/iter5/model_fold1/lime_results.txt,105198828.0,1.564e-64,0.559,estonian_voro,lime_token.jsonl
/scratch/project_2006235/shibboleth/models/estonian_voro/iter5/model_fold1/ig_token.jsonl,/scratch/project_2005047/shibboleth/data/estonian_voro/iter_folds/iter5/dev_iter5_fold1_features.jsonl,4155,37.861,55.88,69.484,61.944,55.265,shibboleth/models/estonian_voro/iter5/model_fold1/ig_results.txt,101864167.0,3.896e-51,0.553,estonian_voro,ig_token.jsonl
/scratch/project_2006235/shibboleth/models/estonian_voro/iter5/model_fold1/loo_token.jsonl,/scratch/project_2005047/shibboleth/data/estonian_voro/iter_folds/iter5/dev_iter5_fold1_features.jsonl,4155,10.983,57.268,20.156,29.817,48.821,shibboleth/models/estonian_voro/iter5/model_fold1/loo_results.txt,89987050.0,0.9998,0.488,estonian_voro,loo_token.jsonl
/scratch/project_2006235/shibboleth/models/estonian_voro/iter5/model_fold1/shap_token.jsonl,/scratch/project_2005047/shibboleth/data/estonian_voro/iter_folds/iter5/dev_iter5_fold1_features.jsonl,4155,47.95,57.883,87.999,69.832,57.04,shibboleth/models/estonian_voro/iter5/model_fold1/shap_results.txt,105134757.5,1.013e-89,0.57,estonian_voro,shap_token.jsonl
/scratch/project_2006235/shibboleth/models/estonian_voro/iter5/model_fold6/lime_token.jsonl,/scratch/project_2005047/shibboleth/data/estonian_voro/iter_folds/iter5/dev_iter5_fold6_features.jsonl,4154,48.845,58.358,89.352,70.603,56.545,shibboleth/models/estonian_voro/iter5/model_fold6/lime_results.txt,108217183.0,2.798e-79,0.565,estonian_voro,lime_token.jsonl
/scratch/project_2006235/shibboleth/models/estonian_voro/iter5/model_fold6/ig_token.jsonl,/scratch/project_2005047/shibboleth/data/estonian_voro/iter_folds/iter5/dev_iter5_fold6_features.jsonl,4154,35.19,54.649,64.896,59.333,53.067,shibboleth/models/estonian_voro/iter5/model_fold6/ig_results.txt,99594116.0,8.471e-19,0.531,estonian_voro,ig_token.jsonl
/scratch/project_2006235/shibboleth/models/estonian_voro/iter5/model_fold6/loo_token.jsonl,/scratch/project_2005047/shibboleth/data/estonian_voro/iter_folds/iter5/dev_iter5_fold6_features.jsonl,4154,14.89,55.519,27.46,36.746,50.531,shibboleth/models/estonian_voro/iter5/model_fold6/loo_results.txt,94835319.5,0.04601,0.505,estonian_voro,loo_token.jsonl
/scratch/project_2006235/shibboleth/models/estonian_voro/iter5/model_fold6/shap_token.jsonl,/scratch/project_2005047/shibboleth/data/estonian_voro/iter_folds/iter5/dev_iter5_fold6_features.jsonl,4154,47.904,56.704,88.343,69.073,58.553,shibboleth/models/estonian_voro/iter5/model_fold6/shap_results.txt,109891096.5,1.307e-132,0.586,estonian_voro,shap_token.jsonl
/scratch/project_2006235/shibboleth/models/estonian_voro/iter5/model_fold8/lime_token.jsonl,/scratch/project_2005047/shibboleth/data/estonian_voro/iter_folds/iter5/dev_iter5_fold8_features.jsonl,4153,47.999,57.406,88.609,69.674,57.217,shibboleth/models/estonian_voro/iter5/model_fold8/lime_results.txt,106880739.0,7.532e-95,0.572,estonian_voro,lime_token.jsonl
/scratch/project_2006235/shibboleth/models/estonian_voro/iter5/model_fold8/ig_token.jsonl,/scratch/project_2005047/shibboleth/data/estonian_voro/iter_folds/iter5/dev_iter5_fold8_features.jsonl,4153,38.18,54.865,71.098,61.936,54.687,shibboleth/models/estonian_voro/iter5/model_fold8/ig_results.txt,100125685.5,7.079e-41,0.547,estonian_voro,ig_token.jsonl
/scratch/project_2006235/shibboleth/models/estonian_voro/iter5/model_fold8/loo_token.jsonl,/scratch/project_2005047/shibboleth/data/estonian_voro/iter_folds/iter5/dev_iter5_fold8_features.jsonl,4153,33.206,54.244,61.835,57.791,52.446,shibboleth/models/estonian_voro/iter5/model_fold8/loo_results.txt,96021773.5,1.713e-12,0.524,estonian_voro,loo_token.jsonl
/scratch/project_2006235/shibboleth/models/estonian_voro/iter5/model_fold8/shap_token.jsonl,/scratch/project_2005047/shibboleth/data/estonian_voro/iter_folds/iter5/dev_iter5_fold8_features.jsonl,4153,48.299,56.06,89.941,69.07,58.966,shibboleth/models/estonian_voro/iter5/model_fold8/shap_results.txt,107958847.0,7.671e-144,0.59,estonian_voro,shap_token.jsonl
/scratch/project_2006235/shibboleth/models/estonian_voro/iter5/model_fold4/lime_token.jsonl,/scratch/project_2005047/shibboleth/data/estonian_voro/iter_folds/iter5/dev_iter5_fold4_features.jsonl,4155,48.265,58.08,88.876,70.251,56.891,shibboleth/models/estonian_voro/iter5/model_fold4/lime_results.txt,107589820.0,3.567e-87,0.569,estonian_voro,lime_token.jsonl
/scratch/project_2006235/shibboleth/models/estonian_voro/iter5/model_fold4/ig_token.jsonl,/scratch/project_2005047/shibboleth/data/estonian_voro/iter_folds/iter5/dev_iter5_fold4_features.jsonl,4155,34.876,54.951,64.707,59.432,53.82,shibboleth/models/estonian_voro/iter5/model_fold4/ig_results.txt,99936133.0,5.414e-28,0.538,estonian_voro,ig_token.jsonl
/scratch/project_2006235/shibboleth/models/estonian_voro/iter5/model_fold4/loo_token.jsonl,/scratch/project_2005047/shibboleth/data/estonian_voro/iter_folds/iter5/dev_iter5_fold4_features.jsonl,4155,31.124,55.757,57.745,56.734,51.914,shibboleth/models/estonian_voro/iter5/model_fold4/loo_results.txt,96395974.0,2.336e-08,0.519,estonian_voro,loo_token.jsonl
/scratch/project_2006235/shibboleth/models/estonian_voro/iter5/model_fold4/shap_token.jsonl,/scratch/project_2005047/shibboleth/data/estonian_voro/iter_folds/iter5/dev_iter5_fold4_features.jsonl,4155,47.545,56.113,88.211,68.593,58.456,shibboleth/models/estonian_voro/iter5/model_fold4/shap_results.txt,108543682.5,4.824e-129,0.585,estonian_voro,shap_token.jsonl
/scratch/project_2006235/shibboleth/models/estonian_voro/iter5/model_fold7/lime_token.jsonl,/scratch/project_2005047/shibboleth/data/estonian_voro/iter_folds/iter5/dev_iter5_fold7_features.jsonl,4154,47.948,57.918,88.382,69.978,56.653,shibboleth/models/estonian_voro/iter5/model_fold7/lime_results.txt,108202294.0,8.045e-82,0.567,estonian_voro,lime_token.jsonl
/scratch/project_2006235/shibboleth/models/estonian_voro/iter5/model_fold7/ig_token.jsonl,/scratch/project_2005047/shibboleth/data/estonian_voro/iter_folds/iter5/dev_iter5_fold7_features.jsonl,4154,37.321,55.157,69.422,61.473,54.705,shibboleth/models/estonian_voro/iter5/model_fold7/ig_results.txt,102247268.5,1.452e-41,0.547,estonian_voro,ig_token.jsonl
/scratch/project_2006235/shibboleth/models/estonian_voro/iter5/model_fold7/loo_token.jsonl,/scratch/project_2005047/shibboleth/data/estonian_voro/iter_folds/iter5/dev_iter5_fold7_features.jsonl,4154,19.327,56.453,35.951,43.927,52.427,shibboleth/models/estonian_voro/iter5/model_fold7/loo_results.txt,97990729.0,1.36e-12,0.524,estonian_voro,loo_token.jsonl
/scratch/project_2006235/shibboleth/models/estonian_voro/iter5/model_fold7/shap_token.jsonl,/scratch/project_2005047/shibboleth/data/estonian_voro/iter_folds/iter5/dev_iter5_fold7_features.jsonl,4154,47.319,55.916,88.021,68.388,57.187,shibboleth/models/estonian_voro/iter5/model_fold7/shap_results.txt,106886760.5,3.611e-94,0.572,estonian_voro,shap_token.jsonl
/scratch/project_2006235/shibboleth/models/estonian_voro/iter5/model_fold3/lime_token.jsonl,/scratch/project_2005047/shibboleth/data/estonian_voro/iter_folds/iter5/dev_iter5_fold3_features.jsonl,4155,46.532,57.45,85.905,68.853,56.761,shibboleth/models/estonian_voro/iter5/model_fold3/lime_results.txt,104926323.0,4.275e-83,0.568,estonian_voro,lime_token.jsonl
/scratch/project_2006235/shibboleth/models/estonian_voro/iter5/model_fold3/ig_token.jsonl,/scratch/project_2005047/shibboleth/data/estonian_voro/iter_folds/iter5/dev_iter5_fold3_features.jsonl,4155,37.232,54.83,69.314,61.227,55.582,shibboleth/models/estonian_voro/iter5/model_fold3/ig_results.txt,100730422.0,8.018e-57,0.556,estonian_voro,ig_token.jsonl
/scratch/project_2006235/shibboleth/models/estonian_voro/iter5/model_fold3/loo_token.jsonl,/scratch/project_2005047/shibboleth/data/estonian_voro/iter_folds/iter5/dev_iter5_fold3_features.jsonl,4155,36.248,53.536,67.482,59.705,51.4,shibboleth/models/estonian_voro/iter5/model_fold3/loo_results.txt,93150729.5,3.56e-05,0.514,estonian_voro,loo_token.jsonl
/scratch/project_2006235/shibboleth/models/estonian_voro/iter5/model_fold3/shap_token.jsonl,/scratch/project_2005047/shibboleth/data/estonian_voro/iter_folds/iter5/dev_iter5_fold3_features.jsonl,4155,46.892,55.833,87.299,68.107,57.362,shibboleth/models/estonian_voro/iter5/model_fold3/shap_results.txt,103956918.5,3.018e-97,0.574,estonian_voro,shap_token.jsonl
/scratch/project_2006235/shibboleth/models/estonian_voro/iter5/model_fold9/lime_token.jsonl,/scratch/project_2005047/shibboleth/data/estonian_voro/iter_folds/iter5/dev_iter5_fold9_features.jsonl,4153,49.345,58.665,89.765,70.957,56.385,shibboleth/models/estonian_voro/iter5/model_fold9/lime_results.txt,107151200.0,2.997e-75,0.564,estonian_voro,lime_token.jsonl
/scratch/project_2006235/shibboleth/models/estonian_voro/iter5/model_fold9/ig_token.jsonl,/scratch/project_2005047/shibboleth/data/estonian_voro/iter_folds/iter5/dev_iter5_fold9_features.jsonl,4153,39.548,56.323,72.485,63.39,56.552,shibboleth/models/estonian_voro/iter5/model_fold9/ig_results.txt,105434290.5,1.964e-78,0.566,estonian_voro,ig_token.jsonl
/scratch/project_2006235/shibboleth/models/estonian_voro/iter5/model_fold9/loo_token.jsonl,/scratch/project_2005047/shibboleth/data/estonian_voro/iter_folds/iter5/dev_iter5_fold9_features.jsonl,4153,28.553,56.545,52.333,54.358,52.835,shibboleth/models/estonian_voro/iter5/model_fold9/loo_results.txt,98504715.5,8.094e-17,0.528,estonian_voro,loo_token.jsonl
/scratch/project_2006235/shibboleth/models/estonian_voro/iter5/model_fold9/shap_token.jsonl,/scratch/project_2005047/shibboleth/data/estonian_voro/iter_folds/iter5/dev_iter5_fold9_features.jsonl,4153,47.953,57.78,87.891,69.724,58.579,shibboleth/models/estonian_voro/iter5/model_fold9/shap_results.txt,109213841.0,6.987e-133,0.586,estonian_voro,shap_token.jsonl
/scratch/project_2006235/shibboleth/models/estonian_voro/iter6/model_fold5/lime_token.jsonl,/scratch/project_2005047/shibboleth/data/estonian_voro/iter_folds/iter6/dev_iter6_fold5_features.jsonl,4155,48.316,58.14,88.61,70.212,55.908,shibboleth/models/estonian_voro/iter6/model_fold5/lime_results.txt,104321286.0,3.191e-64,0.559,estonian_voro,lime_token.jsonl
/scratch/project_2006235/shibboleth/models/estonian_voro/iter6/model_fold5/ig_token.jsonl,/scratch/project_2005047/shibboleth/data/estonian_voro/iter_folds/iter6/dev_iter6_fold5_features.jsonl,4155,45.847,55.65,84.708,67.171,61.477,shibboleth/models/estonian_voro/iter6/model_fold5/ig_results.txt,112638316.0,4.021e-234,0.615,estonian_voro,ig_token.jsonl
/scratch/project_2006235/shibboleth/models/estonian_voro/iter6/model_fold5/loo_token.jsonl,/scratch/project_2005047/shibboleth/data/estonian_voro/iter_folds/iter6/dev_iter6_fold5_features.jsonl,4155,33.217,53.617,61.372,57.233,51.61,shibboleth/models/estonian_voro/iter6/model_fold5/loo_results.txt,94559719.0,2.318e-06,0.516,estonian_voro,loo_token.jsonl
/scratch/project_2006235/shibboleth/models/estonian_voro/iter6/model_fold5/shap_token.jsonl,/scratch/project_2005047/shibboleth/data/estonian_voro/iter_folds/iter6/dev_iter6_fold5_features.jsonl,4155,46.343,57.055,85.625,68.48,58.354,shibboleth/models/estonian_voro/iter6/model_fold5/shap_results.txt,106916608.0,3.751e-125,0.584,estonian_voro,shap_token.jsonl
/scratch/project_2006235/shibboleth/models/estonian_voro/iter6/model_fold2/lime_token.jsonl,/scratch/project_2005047/shibboleth/data/estonian_voro/iter_folds/iter6/dev_iter6_fold2_features.jsonl,4155,48.49,57.943,89.107,70.223,56.747,shibboleth/models/estonian_voro/iter6/model_fold2/lime_results.txt,101239936.0,2.542e-81,0.567,estonian_voro,lime_token.jsonl
/scratch/project_2006235/shibboleth/models/estonian_voro/iter6/model_fold2/ig_token.jsonl,/scratch/project_2005047/shibboleth/data/estonian_voro/iter_folds/iter6/dev_iter6_fold2_features.jsonl,4155,42.402,55.564,78.622,65.112,59.147,shibboleth/models/estonian_voro/iter6/model_fold2/ig_results.txt,103373614.0,3.434e-146,0.591,estonian_voro,ig_token.jsonl
/scratch/project_2006235/shibboleth/models/estonian_voro/iter6/model_fold2/loo_token.jsonl,/scratch/project_2005047/shibboleth/data/estonian_voro/iter_folds/iter6/dev_iter6_fold2_features.jsonl,4155,32.482,54.244,60.228,57.079,51.691,shibboleth/models/estonian_voro/iter6/model_fold2/loo_results.txt,90342566.0,9.91e-07,0.517,estonian_voro,loo_token.jsonl
/scratch/project_2006235/shibboleth/models/estonian_voro/iter6/model_fold2/shap_token.jsonl,/scratch/project_2005047/shibboleth/data/estonian_voro/iter_folds/iter6/dev_iter6_fold2_features.jsonl,4155,48.676,56.228,90.254,69.289,57.994,shibboleth/models/estonian_voro/iter6/model_fold2/shap_results.txt,101358880.0,3.318e-112,0.58,estonian_voro,shap_token.jsonl
/scratch/project_2006235/shibboleth/models/estonian_voro/iter6/model_fold10/lime_token.jsonl,/scratch/project_2005047/shibboleth/data/estonian_voro/iter_folds/iter6/dev_iter6_fold10_features.jsonl,4153,49.217,58.65,89.275,70.792,56.452,shibboleth/models/estonian_voro/iter6/model_fold10/lime_results.txt,106602717.0,1.582e-76,0.565,estonian_voro,lime_token.jsonl
/scratch/project_2006235/shibboleth/models/estonian_voro/iter6/model_fold10/ig_token.jsonl,/scratch/project_2005047/shibboleth/data/estonian_voro/iter_folds/iter6/dev_iter6_fold10_features.jsonl,4153,42.539,55.993,77.89,65.151,58.487,shibboleth/models/estonian_voro/iter6/model_fold10/ig_results.txt,107976568.5,1.895e-129,0.585,estonian_voro,ig_token.jsonl
/scratch/project_2006235/shibboleth/models/estonian_voro/iter6/model_fold10/loo_token.jsonl,/scratch/project_2005047/shibboleth/data/estonian_voro/iter_folds/iter6/dev_iter6_fold10_features.jsonl,4153,24.267,56.196,44.434,49.628,51.099,shibboleth/models/estonian_voro/iter6/model_fold10/loo_results.txt,94337396.0,0.0007862,0.511,estonian_voro,loo_token.jsonl
/scratch/project_2006235/shibboleth/models/estonian_voro/iter6/model_fold10/shap_token.jsonl,/scratch/project_2005047/shibboleth/data/estonian_voro/iter_folds/iter6/dev_iter6_fold10_features.jsonl,4153,48.23,57.409,88.312,69.583,57.164,shibboleth/models/estonian_voro/iter6/model_fold10/shap_results.txt,105534064.5,6.98e-93,0.572,estonian_voro,shap_token.jsonl
/scratch/project_2006235/shibboleth/models/estonian_voro/iter6/model_fold1/lime_token.jsonl,/scratch/project_2005047/shibboleth/data/estonian_voro/iter_folds/iter6/dev_iter6_fold1_features.jsonl,4155,48.517,57.715,89.638,70.219,56.583,shibboleth/models/estonian_voro/iter6/model_fold1/lime_results.txt,106013349.0,1.986e-79,0.566,estonian_voro,lime_token.jsonl
/scratch/project_2006235/shibboleth/models/estonian_voro/iter6/model_fold1/ig_token.jsonl,/scratch/project_2005047/shibboleth/data/estonian_voro/iter_folds/iter6/dev_iter6_fold1_features.jsonl,4155,39.329,55.991,73.252,63.469,57.123,shibboleth/models/estonian_voro/iter6/model_fold1/ig_results.txt,104917377.0,9.09e-92,0.571,estonian_voro,ig_token.jsonl
/scratch/project_2006235/shibboleth/models/estonian_voro/iter6/model_fold1/loo_token.jsonl,/scratch/project_2005047/shibboleth/data/estonian_voro/iter_folds/iter6/dev_iter6_fold1_features.jsonl,4155,36.045,53.871,67.134,59.776,52.817,shibboleth/models/estonian_voro/iter6/model_fold1/loo_results.txt,97007995.0,5.21e-16,0.528,estonian_voro,loo_token.jsonl
/scratch/project_2006235/shibboleth/models/estonian_voro/iter6/model_fold1/shap_token.jsonl,/scratch/project_2005047/shibboleth/data/estonian_voro/iter_folds/iter6/dev_iter6_fold1_features.jsonl,4155,46.585,56.686,86.766,68.572,57.081,shibboleth/models/estonian_voro/iter6/model_fold1/shap_results.txt,104840717.0,1.011e-90,0.571,estonian_voro,shap_token.jsonl
/scratch/project_2006235/shibboleth/models/estonian_voro/iter6/model_fold6/lime_token.jsonl,/scratch/project_2005047/shibboleth/data/estonian_voro/iter_folds/iter6/dev_iter6_fold6_features.jsonl,4154,48.963,57.848,89.859,70.385,57.095,shibboleth/models/estonian_voro/iter6/model_fold6/lime_results.txt,103106868.0,3.429e-90,0.571,estonian_voro,lime_token.jsonl
/scratch/project_2006235/shibboleth/models/estonian_voro/iter6/model_fold6/ig_token.jsonl,/scratch/project_2005047/shibboleth/data/estonian_voro/iter_folds/iter6/dev_iter6_fold6_features.jsonl,4154,35.627,54.803,65.946,59.86,54.494,shibboleth/models/estonian_voro/iter6/model_fold6/ig_results.txt,96521535.0,3.917e-37,0.545,estonian_voro,ig_token.jsonl
/scratch/project_2006235/shibboleth/models/estonian_voro/iter6/model_fold6/loo_token.jsonl,/scratch/project_2005047/shibboleth/data/estonian_voro/iter_folds/iter6/dev_iter6_fold6_features.jsonl,4154,34.486,55.918,63.834,59.615,54.266,shibboleth/models/estonian_voro/iter6/model_fold6/loo_results.txt,96118395.5,6.969e-34,0.543,estonian_voro,loo_token.jsonl
/scratch/project_2006235/shibboleth/models/estonian_voro/iter6/model_fold6/shap_token.jsonl,/scratch/project_2005047/shibboleth/data/estonian_voro/iter_folds/iter6/dev_iter6_fold6_features.jsonl,4154,46.691,56.813,86.426,68.558,59.977,shibboleth/models/estonian_voro/iter6/model_fold6/shap_results.txt,106233068.0,1.351e-174,0.6,estonian_voro,shap_token.jsonl
/scratch/project_2006235/shibboleth/models/estonian_voro/iter6/model_fold8/lime_token.jsonl,/scratch/project_2005047/shibboleth/data/estonian_voro/iter_folds/iter6/dev_iter6_fold8_features.jsonl,4153,48.446,57.798,89.399,70.206,56.207,shibboleth/models/estonian_voro/iter6/model_fold8/lime_results.txt,109263237.0,4.003e-72,0.562,estonian_voro,lime_token.jsonl
/scratch/project_2006235/shibboleth/models/estonian_voro/iter6/model_fold8/ig_token.jsonl,/scratch/project_2005047/shibboleth/data/estonian_voro/iter_folds/iter6/dev_iter6_fold8_features.jsonl,4153,36.724,54.336,68.357,60.546,54.42,shibboleth/models/estonian_voro/iter6/model_fold8/ig_results.txt,103538821.5,3.118e-37,0.544,estonian_voro,ig_token.jsonl
/scratch/project_2006235/shibboleth/models/estonian_voro/iter6/model_fold8/loo_token.jsonl,/scratch/project_2005047/shibboleth/data/estonian_voro/iter_folds/iter6/dev_iter6_fold8_features.jsonl,4153,22.052,56.737,41.048,47.634,52.542,shibboleth/models/estonian_voro/iter6/model_fold8/loo_results.txt,99967251.5,2.357e-14,0.525,estonian_voro,loo_token.jsonl
/scratch/project_2006235/shibboleth/models/estonian_voro/iter6/model_fold8/shap_token.jsonl,/scratch/project_2005047/shibboleth/data/estonian_voro/iter_folds/iter6/dev_iter6_fold8_features.jsonl,4153,48.042,56.405,89.426,69.177,57.725,shibboleth/models/estonian_voro/iter6/model_fold8/shap_results.txt,109827895.0,2.086e-109,0.577,estonian_voro,shap_token.jsonl
/scratch/project_2006235/shibboleth/models/estonian_voro/iter6/model_fold4/lime_token.jsonl,/scratch/project_2005047/shibboleth/data/estonian_voro/iter_folds/iter6/dev_iter6_fold4_features.jsonl,4155,49.137,58.388,89.418,70.646,56.589,shibboleth/models/estonian_voro/iter6/model_fold4/lime_results.txt,106167022.0,1.742e-79,0.566,estonian_voro,lime_token.jsonl
/scratch/project_2006235/shibboleth/models/estonian_voro/iter6/model_fold4/ig_token.jsonl,/scratch/project_2005047/shibboleth/data/estonian_voro/iter_folds/iter6/dev_iter6_fold4_features.jsonl,4155,33.608,55.025,61.647,58.148,52.621,shibboleth/models/estonian_voro/iter6/model_fold4/ig_results.txt,96772615.5,4.307e-14,0.526,estonian_voro,ig_token.jsonl
/scratch/project_2006235/shibboleth/models/estonian_voro/iter6/model_fold4/loo_token.jsonl,/scratch/project_2005047/shibboleth/data/estonian_voro/iter_folds/iter6/dev_iter6_fold4_features.jsonl,4155,29.369,56.927,53.871,55.357,53.141,shibboleth/models/estonian_voro/iter6/model_fold4/loo_results.txt,97729421.0,9.876e-20,0.531,estonian_voro,loo_token.jsonl
/scratch/project_2006235/shibboleth/models/estonian_voro/iter6/model_fold4/shap_token.jsonl,/scratch/project_2005047/shibboleth/data/estonian_voro/iter_folds/iter6/dev_iter6_fold4_features.jsonl,4155,46.329,56.797,84.98,68.088,57.924,shibboleth/models/estonian_voro/iter6/model_fold4/shap_results.txt,106524691.0,6.056e-113,0.579,estonian_voro,shap_token.jsonl
/scratch/project_2006235/shibboleth/models/estonian_voro/iter6/model_fold7/lime_token.jsonl,/scratch/project_2005047/shibboleth/data/estonian_voro/iter_folds/iter6/dev_iter6_fold7_features.jsonl,4154,49.13,58.799,89.694,71.033,56.697,shibboleth/models/estonian_voro/iter6/model_fold7/lime_results.txt,105023597.0,1.456e-81,0.567,estonian_voro,lime_token.jsonl
/scratch/project_2006235/shibboleth/models/estonian_voro/iter6/model_fold7/ig_token.jsonl,/scratch/project_2005047/shibboleth/data/estonian_voro/iter_folds/iter6/dev_iter6_fold7_features.jsonl,4154,38.119,55.296,70.098,61.824,55.707,shibboleth/models/estonian_voro/iter6/model_fold7/ig_results.txt,101171298.0,2.763e-59,0.557,estonian_voro,ig_token.jsonl
/scratch/project_2006235/shibboleth/models/estonian_voro/iter6/model_fold7/loo_token.jsonl,/scratch/project_2005047/shibboleth/data/estonian_voro/iter_folds/iter6/dev_iter6_fold7_features.jsonl,4154,27.066,57.988,49.773,53.567,54.016,shibboleth/models/estonian_voro/iter6/model_fold7/loo_results.txt,98101401.0,5.736e-32,0.54,estonian_voro,loo_token.jsonl
/scratch/project_2006235/shibboleth/models/estonian_voro/iter6/model_fold7/shap_token.jsonl,/scratch/project_2005047/shibboleth/data/estonian_voro/iter_folds/iter6/dev_iter6_fold7_features.jsonl,4154,47.177,56.617,86.755,68.518,58.164,shibboleth/models/estonian_voro/iter6/model_fold7/shap_results.txt,105633277.0,4.975e-119,0.582,estonian_voro,shap_token.jsonl
/scratch/project_2006235/shibboleth/models/estonian_voro/iter6/model_fold3/lime_token.jsonl,/scratch/project_2005047/shibboleth/data/estonian_voro/iter_folds/iter6/dev_iter6_fold3_features.jsonl,4155,48.728,57.929,89.626,70.373,56.052,shibboleth/models/estonian_voro/iter6/model_fold3/lime_results.txt,103209844.0,7.35e-67,0.561,estonian_voro,lime_token.jsonl
/scratch/project_2006235/shibboleth/models/estonian_voro/iter6/model_fold3/ig_token.jsonl,/scratch/project_2005047/shibboleth/data/estonian_voro/iter_folds/iter6/dev_iter6_fold3_features.jsonl,4155,41.658,56.037,77.322,64.981,59.177,shibboleth/models/estonian_voro/iter6/model_fold3/ig_results.txt,106652243.5,2.217e-149,0.592,estonian_voro,ig_token.jsonl
/scratch/project_2006235/shibboleth/models/estonian_voro/iter6/model_fold3/loo_token.jsonl,/scratch/project_2005047/shibboleth/data/estonian_voro/iter_folds/iter6/dev_iter6_fold3_features.jsonl,4155,33.164,52.004,61.556,56.378,49.08,shibboleth/models/estonian_voro/iter6/model_fold3/loo_results.txt,88454695.5,0.9954,0.491,estonian_voro,loo_token.jsonl
/scratch/project_2006235/shibboleth/models/estonian_voro/iter6/model_fold3/shap_token.jsonl,/scratch/project_2005047/shibboleth/data/estonian_voro/iter_folds/iter6/dev_iter6_fold3_features.jsonl,4155,48.527,56.375,90.072,69.347,57.62,shibboleth/models/estonian_voro/iter6/model_fold3/shap_results.txt,103846679.5,1.043e-103,0.576,estonian_voro,shap_token.jsonl
/scratch/project_2006235/shibboleth/models/estonian_voro/iter6/model_fold9/lime_token.jsonl,/scratch/project_2005047/shibboleth/data/estonian_voro/iter_folds/iter6/dev_iter6_fold9_features.jsonl,4153,48.805,58.087,89.521,70.457,56.275,shibboleth/models/estonian_voro/iter6/model_fold9/lime_results.txt,107628417.0,4.834e-73,0.563,estonian_voro,lime_token.jsonl
/scratch/project_2006235/shibboleth/models/estonian_voro/iter6/model_fold9/ig_token.jsonl,/scratch/project_2005047/shibboleth/data/estonian_voro/iter_folds/iter6/dev_iter6_fold9_features.jsonl,4153,39.09,55.616,72.316,62.876,56.692,shibboleth/models/estonian_voro/iter6/model_fold9/ig_results.txt,106244706.0,5.064e-82,0.567,estonian_voro,ig_token.jsonl
/scratch/project_2006235/shibboleth/models/estonian_voro/iter6/model_fold9/loo_token.jsonl,/scratch/project_2005047/shibboleth/data/estonian_voro/iter_folds/iter6/dev_iter6_fold9_features.jsonl,4153,31.151,56.3,57.629,56.957,54.215,shibboleth/models/estonian_voro/iter6/model_fold9/loo_results.txt,101601894.5,3.008e-34,0.542,estonian_voro,loo_token.jsonl
/scratch/project_2006235/shibboleth/models/estonian_voro/iter6/model_fold9/shap_token.jsonl,/scratch/project_2005047/shibboleth/data/estonian_voro/iter_folds/iter6/dev_iter6_fold9_features.jsonl,4153,47.883,56.166,88.583,68.745,57.89,shibboleth/models/estonian_voro/iter6/model_fold9/shap_results.txt,108488457.5,3.982e-113,0.579,estonian_voro,shap_token.jsonl
/scratch/project_2006235/shibboleth/models/estonian_voro/iter10/model_fold5/lime_token.jsonl,/scratch/project_2005047/shibboleth/data/estonian_voro/iter_folds/iter10/dev_iter10_fold5_features.jsonl,4155,48.698,57.854,89.523,70.286,56.34,shibboleth/models/estonian_voro/iter10/model_fold5/lime_results.txt,108021397.0,1.304e-74,0.563,estonian_voro,lime_token.jsonl
/scratch/project_2006235/shibboleth/models/estonian_voro/iter10/model_fold5/ig_token.jsonl,/scratch/project_2005047/shibboleth/data/estonian_voro/iter_folds/iter10/dev_iter10_fold5_features.jsonl,4155,39.858,56.67,73.902,64.149,59.724,shibboleth/models/estonian_voro/iter10/model_fold5/ig_results.txt,112239583.0,6.6e-171,0.597,estonian_voro,ig_token.jsonl
/scratch/project_2006235/shibboleth/models/estonian_voro/iter10/model_fold5/loo_token.jsonl,/scratch/project_2005047/shibboleth/data/estonian_voro/iter_folds/iter10/dev_iter10_fold5_features.jsonl,4155,26.974,55.245,50.013,52.499,51.459,shibboleth/models/estonian_voro/iter10/model_fold5/loo_results.txt,96707615.0,1.456e-05,0.515,estonian_voro,loo_token.jsonl
/scratch/project_2006235/shibboleth/models/estonian_voro/iter10/model_fold5/shap_token.jsonl,/scratch/project_2005047/shibboleth/data/estonian_voro/iter_folds/iter10/dev_iter10_fold5_features.jsonl,4155,45.234,56.494,83.87,67.512,56.606,shibboleth/models/estonian_voro/iter10/model_fold5/shap_results.txt,106380858.0,4.193e-80,0.566,estonian_voro,shap_token.jsonl
/scratch/project_2006235/shibboleth/models/estonian_voro/iter10/model_fold2/lime_token.jsonl,/scratch/project_2005047/shibboleth/data/estonian_voro/iter_folds/iter10/dev_iter10_fold2_features.jsonl,4155,48.858,58.37,89.322,70.603,57.659,shibboleth/models/estonian_voro/iter10/model_fold2/lime_results.txt,108348458.0,9.26e-107,0.577,estonian_voro,lime_token.jsonl
/scratch/project_2006235/shibboleth/models/estonian_voro/iter10/model_fold2/ig_token.jsonl,/scratch/project_2005047/shibboleth/data/estonian_voro/iter_folds/iter10/dev_iter10_fold2_features.jsonl,4155,37.97,55.556,70.035,61.961,55.578,shibboleth/models/estonian_voro/iter10/model_fold2/ig_results.txt,102216729.0,4.159e-57,0.556,estonian_voro,ig_token.jsonl
/scratch/project_2006235/shibboleth/models/estonian_voro/iter10/model_fold2/loo_token.jsonl,/scratch/project_2005047/shibboleth/data/estonian_voro/iter_folds/iter10/dev_iter10_fold2_features.jsonl,4155,25.268,55.304,46.606,50.584,50.614,shibboleth/models/estonian_voro/iter10/model_fold2/loo_results.txt,93086325.5,0.04024,0.506,estonian_voro,loo_token.jsonl
/scratch/project_2006235/shibboleth/models/estonian_voro/iter10/model_fold2/shap_token.jsonl,/scratch/project_2005047/shibboleth/data/estonian_voro/iter_folds/iter10/dev_iter10_fold2_features.jsonl,4155,46.456,57.354,85.687,68.714,58.286,shibboleth/models/estonian_voro/iter10/model_fold2/shap_results.txt,107196329.5,2.328e-123,0.583,estonian_voro,shap_token.jsonl
/scratch/project_2006235/shibboleth/models/estonian_voro/iter10/model_fold10/lime_token.jsonl,/scratch/project_2005047/shibboleth/data/estonian_voro/iter_folds/iter10/dev_iter10_fold10_features.jsonl,4153,47.971,57.724,88.325,69.818,56.007,shibboleth/models/estonian_voro/iter10/model_fold10/lime_results.txt,101152450.0,2.721e-65,0.56,estonian_voro,lime_token.jsonl
/scratch/project_2006235/shibboleth/models/estonian_voro/iter10/model_fold10/ig_token.jsonl,/scratch/project_2005047/shibboleth/data/estonian_voro/iter_folds/iter10/dev_iter10_fold10_features.jsonl,4153,40.184,55.608,74.601,63.719,57.307,shibboleth/models/estonian_voro/iter10/model_fold10/ig_results.txt,101402577.0,1.085e-94,0.573,estonian_voro,ig_token.jsonl
/scratch/project_2006235/shibboleth/models/estonian_voro/iter10/model_fold10/loo_token.jsonl,/scratch/project_2005047/shibboleth/data/estonian_voro/iter_folds/iter10/dev_iter10_fold10_features.jsonl,4153,34.357,53.794,63.784,58.364,51.051,shibboleth/models/estonian_voro/iter10/model_fold10/loo_results.txt,90332012.5,0.001518,0.511,estonian_voro,loo_token.jsonl
/scratch/project_2006235/shibboleth/models/estonian_voro/iter10/model_fold10/shap_token.jsonl,/scratch/project_2005047/shibboleth/data/estonian_voro/iter_folds/iter10/dev_iter10_fold10_features.jsonl,4153,45.173,56.102,83.861,67.229,57.016,shibboleth/models/estonian_voro/iter10/model_fold10/shap_results.txt,100886360.0,1.871e-87,0.57,estonian_voro,shap_token.jsonl
/scratch/project_2006235/shibboleth/models/estonian_voro/iter10/model_fold1/lime_token.jsonl,/scratch/project_2005047/shibboleth/data/estonian_voro/iter_folds/iter10/dev_iter10_fold1_features.jsonl,4155,48.609,57.555,89.379,70.021,56.343,shibboleth/models/estonian_voro/iter10/model_fold1/lime_results.txt,105314412.0,8.984e-74,0.563,estonian_voro,lime_token.jsonl
/scratch/project_2006235/shibboleth/models/estonian_voro/iter10/model_fold1/ig_token.jsonl,/scratch/project_2005047/shibboleth/data/estonian_voro/iter_folds/iter10/dev_iter10_fold1_features.jsonl,4155,39.869,55.965,73.888,63.689,58.483,shibboleth/models/estonian_voro/iter10/model_fold1/ig_results.txt,107231402.0,4.835e-129,0.585,estonian_voro,ig_token.jsonl
/scratch/project_2006235/shibboleth/models/estonian_voro/iter10/model_fold1/loo_token.jsonl,/scratch/project_2005047/shibboleth/data/estonian_voro/iter_folds/iter10/dev_iter10_fold1_features.jsonl,4155,21.541,55.804,39.921,46.545,50.574,shibboleth/models/estonian_voro/iter10/model_fold1/loo_results.txt,92730719.0,0.05093,0.506,estonian_voro,loo_token.jsonl
/scratch/project_2006235/shibboleth/models/estonian_voro/iter10/model_fold1/shap_token.jsonl,/scratch/project_2005047/shibboleth/data/estonian_voro/iter_folds/iter10/dev_iter10_fold1_features.jsonl,4155,47.434,57.065,87.908,69.205,58.538,shibboleth/models/estonian_voro/iter10/model_fold1/shap_results.txt,107331769.0,1.105e-130,0.585,estonian_voro,shap_token.jsonl
/scratch/project_2006235/shibboleth/models/estonian_voro/iter10/model_fold6/lime_token.jsonl,/scratch/project_2005047/shibboleth/data/estonian_voro/iter_folds/iter10/dev_iter10_fold6_features.jsonl,4154,48.895,58.781,89.36,70.914,57.195,shibboleth/models/estonian_voro/iter10/model_fold6/lime_results.txt,106830832.0,3.314e-94,0.572,estonian_voro,lime_token.jsonl
/scratch/project_2006235/shibboleth/models/estonian_voro/iter10/model_fold6/ig_token.jsonl,/scratch/project_2005047/shibboleth/data/estonian_voro/iter_folds/iter10/dev_iter10_fold6_features.jsonl,4154,39.706,55.407,73.212,63.077,56.825,shibboleth/models/estonian_voro/iter10/model_fold6/ig_results.txt,103898682.0,3.587e-84,0.568,estonian_voro,ig_token.jsonl
/scratch/project_2006235/shibboleth/models/estonian_voro/iter10/model_fold6/loo_token.jsonl,/scratch/project_2005047/shibboleth/data/estonian_voro/iter_folds/iter10/dev_iter10_fold6_features.jsonl,4154,38.079,55.724,70.213,62.135,53.417,shibboleth/models/estonian_voro/iter10/model_fold6/loo_results.txt,97666969.5,1.314e-22,0.534,estonian_voro,loo_token.jsonl
/scratch/project_2006235/shibboleth/models/estonian_voro/iter10/model_fold6/shap_token.jsonl,/scratch/project_2005047/shibboleth/data/estonian_voro/iter_folds/iter10/dev_iter10_fold6_features.jsonl,4154,49.358,56.789,91.01,69.938,59.816,shibboleth/models/estonian_voro/iter10/model_fold6/shap_results.txt,109367862.5,1.069e-171,0.598,estonian_voro,shap_token.jsonl
/scratch/project_2006235/shibboleth/models/estonian_voro/iter10/model_fold8/lime_token.jsonl,/scratch/project_2005047/shibboleth/data/estonian_voro/iter_folds/iter10/dev_iter10_fold8_features.jsonl,4153,49.018,57.805,89.947,70.38,55.942,shibboleth/models/estonian_voro/iter10/model_fold8/lime_results.txt,102457593.0,2.378e-64,0.559,estonian_voro,lime_token.jsonl
/scratch/project_2006235/shibboleth/models/estonian_voro/iter10/model_fold8/ig_token.jsonl,/scratch/project_2005047/shibboleth/data/estonian_voro/iter_folds/iter10/dev_iter10_fold8_features.jsonl,4153,38.364,55.053,70.968,62.006,55.529,shibboleth/models/estonian_voro/iter10/model_fold8/ig_results.txt,99753613.0,1.596e-55,0.555,estonian_voro,ig_token.jsonl
/scratch/project_2006235/shibboleth/models/estonian_voro/iter10/model_fold8/loo_token.jsonl,/scratch/project_2005047/shibboleth/data/estonian_voro/iter_folds/iter10/dev_iter10_fold8_features.jsonl,4153,20.813,54.637,38.501,45.171,49.788,shibboleth/models/estonian_voro/iter10/model_fold8/loo_results.txt,89440371.0,0.7262,0.498,estonian_voro,loo_token.jsonl
/scratch/project_2006235/shibboleth/models/estonian_voro/iter10/model_fold8/shap_token.jsonl,/scratch/project_2005047/shibboleth/data/estonian_voro/iter_folds/iter10/dev_iter10_fold8_features.jsonl,4153,45.856,56.863,84.828,68.086,57.036,shibboleth/models/estonian_voro/iter10/model_fold8/shap_results.txt,102461588.5,1.364e-88,0.57,estonian_voro,shap_token.jsonl
/scratch/project_2006235/shibboleth/models/estonian_voro/iter10/model_fold4/lime_token.jsonl,/scratch/project_2005047/shibboleth/data/estonian_voro/iter_folds/iter10/dev_iter10_fold4_features.jsonl,4155,46.834,57.828,85.885,69.118,55.867,shibboleth/models/estonian_voro/iter10/model_fold4/lime_results.txt,107702650.0,2.312e-64,0.559,estonian_voro,lime_token.jsonl
/scratch/project_2006235/shibboleth/models/estonian_voro/iter10/model_fold4/ig_token.jsonl,/scratch/project_2005047/shibboleth/data/estonian_voro/iter_folds/iter10/dev_iter10_fold4_features.jsonl,4155,41.189,55.999,76.177,64.548,58.219,shibboleth/models/estonian_voro/iter10/model_fold4/ig_results.txt,109892930.0,5.359e-123,0.582,estonian_voro,ig_token.jsonl
/scratch/project_2006235/shibboleth/models/estonian_voro/iter10/model_fold4/loo_token.jsonl,/scratch/project_2005047/shibboleth/data/estonian_voro/iter_folds/iter10/dev_iter10_fold4_features.jsonl,4155,34.062,52.659,62.996,57.366,49.63,shibboleth/models/estonian_voro/iter10/model_fold4/loo_results.txt,93680444.0,0.8555,0.496,estonian_voro,loo_token.jsonl
/scratch/project_2006235/shibboleth/models/estonian_voro/iter10/model_fold4/shap_token.jsonl,/scratch/project_2005047/shibboleth/data/estonian_voro/iter_folds/iter10/dev_iter10_fold4_features.jsonl,4155,44.604,55.918,82.493,66.654,56.001,shibboleth/models/estonian_voro/iter10/model_fold4/shap_results.txt,105706355.5,1.333e-66,0.56,estonian_voro,shap_token.jsonl
/scratch/project_2006235/shibboleth/models/estonian_voro/iter10/model_fold7/lime_token.jsonl,/scratch/project_2005047/shibboleth/data/estonian_voro/iter_folds/iter10/dev_iter10_fold7_features.jsonl,4154,48.655,58.195,89.342,70.48,56.022,shibboleth/models/estonian_voro/iter10/model_fold7/lime_results.txt,101470718.0,1.096e-65,0.56,estonian_voro,lime_token.jsonl
/scratch/project_2006235/shibboleth/models/estonian_voro/iter10/model_fold7/ig_token.jsonl,/scratch/project_2005047/shibboleth/data/estonian_voro/iter_folds/iter10/dev_iter10_fold7_features.jsonl,4154,40.593,55.339,75.171,63.748,56.95,shibboleth/models/estonian_voro/iter10/model_fold7/ig_results.txt,101136753.0,5.21e-86,0.57,estonian_voro,ig_token.jsonl
/scratch/project_2006235/shibboleth/models/estonian_voro/iter10/model_fold7/loo_token.jsonl,/scratch/project_2005047/shibboleth/data/estonian_voro/iter_folds/iter10/dev_iter10_fold7_features.jsonl,4154,27.286,54.25,50.529,52.323,51.228,shibboleth/models/estonian_voro/iter10/model_fold7/loo_results.txt,90974941.0,0.0002584,0.512,estonian_voro,loo_token.jsonl
/scratch/project_2006235/shibboleth/models/estonian_voro/iter10/model_fold7/shap_token.jsonl,/scratch/project_2005047/shibboleth/data/estonian_voro/iter_folds/iter10/dev_iter10_fold7_features.jsonl,4154,48.429,56.905,89.682,69.629,59.025,shibboleth/models/estonian_voro/iter10/model_fold7/shap_results.txt,104821504.5,1.753e-143,0.59,estonian_voro,shap_token.jsonl
/scratch/project_2006235/shibboleth/models/estonian_voro/iter10/model_fold3/lime_token.jsonl,/scratch/project_2005047/shibboleth/data/estonian_voro/iter_folds/iter10/dev_iter10_fold3_features.jsonl,4155,48.392,58.485,88.377,70.389,57.263,shibboleth/models/estonian_voro/iter10/model_fold3/lime_results.txt,104287143.0,9.282e-95,0.573,estonian_voro,lime_token.jsonl
/scratch/project_2006235/shibboleth/models/estonian_voro/iter10/model_fold3/ig_token.jsonl,/scratch/project_2005047/shibboleth/data/estonian_voro/iter_folds/iter10/dev_iter10_fold3_features.jsonl,4155,38.902,56.407,71.666,63.128,57.54,shibboleth/models/estonian_voro/iter10/model_fold3/ig_results.txt,102506670.0,6.292e-101,0.575,estonian_voro,ig_token.jsonl
/scratch/project_2006235/shibboleth/models/estonian_voro/iter10/model_fold3/loo_token.jsonl,/scratch/project_2005047/shibboleth/data/estonian_voro/iter_folds/iter10/dev_iter10_fold3_features.jsonl,4155,30.322,54.055,55.858,54.942,51.092,shibboleth/models/estonian_voro/iter10/model_fold3/loo_results.txt,91020145.5,0.001021,0.511,estonian_voro,loo_token.jsonl
/scratch/project_2006235/shibboleth/models/estonian_voro/iter10/model_fold3/shap_token.jsonl,/scratch/project_2005047/shibboleth/data/estonian_voro/iter_folds/iter10/dev_iter10_fold3_features.jsonl,4155,48.165,56.192,88.729,68.808,58.071,shibboleth/models/estonian_voro/iter10/model_fold3/shap_results.txt,103453140.0,2.527e-115,0.581,estonian_voro,shap_token.jsonl
/scratch/project_2006235/shibboleth/models/estonian_voro/iter10/model_fold9/lime_token.jsonl,/scratch/project_2005047/shibboleth/data/estonian_voro/iter_folds/iter10/dev_iter10_fold9_features.jsonl,4153,48.705,58.205,88.982,70.376,56.472,shibboleth/models/estonian_voro/iter10/model_fold9/lime_results.txt,108035724.0,1.554e-77,0.565,estonian_voro,lime_token.jsonl
/scratch/project_2006235/shibboleth/models/estonian_voro/iter10/model_fold9/ig_token.jsonl,/scratch/project_2005047/shibboleth/data/estonian_voro/iter_folds/iter10/dev_iter10_fold9_features.jsonl,4153,41.601,56.647,76.595,65.128,59.63,shibboleth/models/estonian_voro/iter10/model_fold9/ig_results.txt,111944245.5,1.819e-167,0.596,estonian_voro,ig_token.jsonl
/scratch/project_2006235/shibboleth/models/estonian_voro/iter10/model_fold9/loo_token.jsonl,/scratch/project_2005047/shibboleth/data/estonian_voro/iter_folds/iter10/dev_iter10_fold9_features.jsonl,4153,32.19,55.613,59.268,57.382,52.797,shibboleth/models/estonian_voro/iter10/model_fold9/loo_results.txt,99117707.0,5.621e-16,0.528,estonian_voro,loo_token.jsonl
/scratch/project_2006235/shibboleth/models/estonian_voro/iter10/model_fold9/shap_token.jsonl,/scratch/project_2005047/shibboleth/data/estonian_voro/iter_folds/iter10/dev_iter10_fold9_features.jsonl,4153,47.884,56.926,88.164,69.182,58.971,shibboleth/models/estonian_voro/iter10/model_fold9/shap_results.txt,110708212.0,1.172e-145,0.59,estonian_voro,shap_token.jsonl
/scratch/project_2006235/shibboleth/models/estonian_voro/iter4/model_fold5/lime_token.jsonl,/scratch/project_2005047/shibboleth/data/estonian_voro/iter_folds/iter4/dev_iter4_fold5_features.jsonl,4155,48.794,58.06,89.25,70.353,55.694,shibboleth/models/estonian_voro/iter4/model_fold5/lime_results.txt,99610434.0,1.417e-58,0.557,estonian_voro,lime_token.jsonl
/scratch/project_2006235/shibboleth/models/estonian_voro/iter4/model_fold5/ig_token.jsonl,/scratch/project_2005047/shibboleth/data/estonian_voro/iter_folds/iter4/dev_iter4_fold5_features.jsonl,4155,33.195,53.695,61.242,57.221,51.536,shibboleth/models/estonian_voro/iter4/model_fold5/ig_results.txt,90254151.0,7.779e-06,0.515,estonian_voro,ig_token.jsonl
/scratch/project_2006235/shibboleth/models/estonian_voro/iter4/model_fold5/loo_token.jsonl,/scratch/project_2005047/shibboleth/data/estonian_voro/iter_folds/iter4/dev_iter4_fold5_features.jsonl,4155,23.498,58.676,43.351,49.862,54.848,shibboleth/models/estonian_voro/iter4/model_fold5/loo_results.txt,96053386.5,1.965e-43,0.548,estonian_voro,loo_token.jsonl
/scratch/project_2006235/shibboleth/models/estonian_voro/iter4/model_fold5/shap_token.jsonl,/scratch/project_2005047/shibboleth/data/estonian_voro/iter_folds/iter4/dev_iter4_fold5_features.jsonl,4155,47.488,57.722,87.61,69.593,61.942,shibboleth/models/estonian_voro/iter4/model_fold5/shap_results.txt,108478309.5,1.194e-247,0.619,estonian_voro,shap_token.jsonl
/scratch/project_2006235/shibboleth/models/estonian_voro/iter4/model_fold2/lime_token.jsonl,/scratch/project_2005047/shibboleth/data/estonian_voro/iter_folds/iter4/dev_iter4_fold2_features.jsonl,4155,49.223,58.56,89.925,70.93,57.245,shibboleth/models/estonian_voro/iter4/model_fold2/lime_results.txt,105582047.0,6.852e-95,0.572,estonian_voro,lime_token.jsonl
/scratch/project_2006235/shibboleth/models/estonian_voro/iter4/model_fold2/ig_token.jsonl,/scratch/project_2005047/shibboleth/data/estonian_voro/iter_folds/iter4/dev_iter4_fold2_features.jsonl,4155,42.668,56.308,78.655,65.632,58.387,shibboleth/models/estonian_voro/iter4/model_fold2/ig_results.txt,105380190.5,3.594e-125,0.584,estonian_voro,ig_token.jsonl
/scratch/project_2006235/shibboleth/models/estonian_voro/iter4/model_fold2/loo_token.jsonl,/scratch/project_2005047/shibboleth/data/estonian_voro/iter_folds/iter4/dev_iter4_fold2_features.jsonl,4155,34.048,55.946,62.765,59.16,54.394,shibboleth/models/estonian_voro/iter4/model_fold2/loo_results.txt,98172837.5,6.687e-36,0.544,estonian_voro,loo_token.jsonl
/scratch/project_2006235/shibboleth/models/estonian_voro/iter4/model_fold2/shap_token.jsonl,/scratch/project_2005047/shibboleth/data/estonian_voro/iter_folds/iter4/dev_iter4_fold2_features.jsonl,4155,47.257,57.236,87.115,69.084,58.066,shibboleth/models/estonian_voro/iter4/model_fold2/shap_results.txt,104800088.5,6.224e-116,0.581,estonian_voro,shap_token.jsonl
/scratch/project_2006235/shibboleth/models/estonian_voro/iter4/model_fold10/lime_token.jsonl,/scratch/project_2005047/shibboleth/data/estonian_voro/iter_folds/iter4/dev_iter4_fold10_features.jsonl,4153,49.005,58.062,90.374,70.702,57.133,shibboleth/models/estonian_voro/iter4/model_fold10/lime_results.txt,104751063.0,7.254e-92,0.571,estonian_voro,lime_token.jsonl
/scratch/project_2006235/shibboleth/models/estonian_voro/iter4/model_fold10/ig_token.jsonl,/scratch/project_2005047/shibboleth/data/estonian_voro/iter_folds/iter4/dev_iter4_fold10_features.jsonl,4153,43.092,56.66,80.112,66.375,60.756,shibboleth/models/estonian_voro/iter4/model_fold10/ig_results.txt,109266138.0,3.772e-204,0.608,estonian_voro,ig_token.jsonl
/scratch/project_2006235/shibboleth/models/estonian_voro/iter4/model_fold10/loo_token.jsonl,/scratch/project_2005047/shibboleth/data/estonian_voro/iter_folds/iter4/dev_iter4_fold10_features.jsonl,4153,28.788,58.346,53.521,55.829,55.659,shibboleth/models/estonian_voro/iter4/model_fold10/loo_results.txt,100099013.5,1.395e-58,0.557,estonian_voro,loo_token.jsonl
/scratch/project_2006235/shibboleth/models/estonian_voro/iter4/model_fold10/shap_token.jsonl,/scratch/project_2005047/shibboleth/data/estonian_voro/iter_folds/iter4/dev_iter4_fold10_features.jsonl,4153,47.629,57.146,88.548,69.463,58.944,shibboleth/models/estonian_voro/iter4/model_fold10/shap_results.txt,106006343.5,7.214e-142,0.589,estonian_voro,shap_token.jsonl
/scratch/project_2006235/shibboleth/models/estonian_voro/iter4/model_fold1/lime_token.jsonl,/scratch/project_2005047/shibboleth/data/estonian_voro/iter_folds/iter4/dev_iter4_fold1_features.jsonl,4155,48.433,57.951,88.668,70.092,56.498,shibboleth/models/estonian_voro/iter4/model_fold1/lime_results.txt,103958543.0,1.068e-76,0.565,estonian_voro,lime_token.jsonl
/scratch/project_2006235/shibboleth/models/estonian_voro/iter4/model_fold1/ig_token.jsonl,/scratch/project_2005047/shibboleth/data/estonian_voro/iter_folds/iter4/dev_iter4_fold1_features.jsonl,4155,39.328,55.384,72.672,62.861,56.845,shibboleth/models/estonian_voro/iter4/model_fold1/ig_results.txt,102298925.0,5.198e-84,0.568,estonian_voro,ig_token.jsonl
/scratch/project_2006235/shibboleth/models/estonian_voro/iter4/model_fold1/loo_token.jsonl,/scratch/project_2005047/shibboleth/data/estonian_voro/iter_folds/iter4/dev_iter4_fold1_features.jsonl,4155,33.302,52.828,61.538,56.852,50.455,shibboleth/models/estonian_voro/iter4/model_fold1/loo_results.txt,90799031.0,0.09899,0.505,estonian_voro,loo_token.jsonl
/scratch/project_2006235/shibboleth/models/estonian_voro/iter4/model_fold1/shap_token.jsonl,/scratch/project_2005047/shibboleth/data/estonian_voro/iter_folds/iter4/dev_iter4_fold1_features.jsonl,4155,46.314,56.525,85.582,68.083,56.603,shibboleth/models/estonian_voro/iter4/model_fold1/shap_results.txt,101863265.5,2.518e-78,0.566,estonian_voro,shap_token.jsonl
/scratch/project_2006235/shibboleth/models/estonian_voro/iter4/model_fold6/lime_token.jsonl,/scratch/project_2005047/shibboleth/data/estonian_voro/iter_folds/iter4/dev_iter4_fold6_features.jsonl,4154,48.299,58.033,89.064,70.275,56.7,shibboleth/models/estonian_voro/iter4/model_fold6/lime_results.txt,103302636.0,4.549e-81,0.567,estonian_voro,lime_token.jsonl
/scratch/project_2006235/shibboleth/models/estonian_voro/iter4/model_fold6/ig_token.jsonl,/scratch/project_2005047/shibboleth/data/estonian_voro/iter_folds/iter4/dev_iter4_fold6_features.jsonl,4154,38.315,56.059,71.173,62.718,56.756,shibboleth/models/estonian_voro/iter4/model_fold6/ig_results.txt,101590561.5,1.015e-81,0.568,estonian_voro,ig_token.jsonl
/scratch/project_2006235/shibboleth/models/estonian_voro/iter4/model_fold6/loo_token.jsonl,/scratch/project_2005047/shibboleth/data/estonian_voro/iter_folds/iter4/dev_iter4_fold6_features.jsonl,4154,17.365,54.282,32.257,40.467,49.971,shibboleth/models/estonian_voro/iter4/model_fold6/loo_results.txt,89445292.0,0.5339,0.5,estonian_voro,loo_token.jsonl
/scratch/project_2006235/shibboleth/models/estonian_voro/iter4/model_fold6/shap_token.jsonl,/scratch/project_2005047/shibboleth/data/estonian_voro/iter_folds/iter4/dev_iter4_fold6_features.jsonl,4154,44.703,57.432,83.038,67.901,57.386,shibboleth/models/estonian_voro/iter4/model_fold6/shap_results.txt,102718411.5,3.042e-97,0.574,estonian_voro,shap_token.jsonl
/scratch/project_2006235/shibboleth/models/estonian_voro/iter4/model_fold8/lime_token.jsonl,/scratch/project_2005047/shibboleth/data/estonian_voro/iter_folds/iter4/dev_iter4_fold8_features.jsonl,4153,48.218,58.217,88.531,70.243,56.535,shibboleth/models/estonian_voro/iter4/model_fold8/lime_results.txt,108321010.0,4.142e-79,0.565,estonian_voro,lime_token.jsonl
/scratch/project_2006235/shibboleth/models/estonian_voro/iter4/model_fold8/ig_token.jsonl,/scratch/project_2005047/shibboleth/data/estonian_voro/iter_folds/iter4/dev_iter4_fold8_features.jsonl,4153,39.956,55.788,74.03,63.628,57.774,shibboleth/models/estonian_voro/iter4/model_fold8/ig_results.txt,108378507.0,5.694e-110,0.578,estonian_voro,ig_token.jsonl
/scratch/project_2006235/shibboleth/models/estonian_voro/iter4/model_fold8/loo_token.jsonl,/scratch/project_2005047/shibboleth/data/estonian_voro/iter_folds/iter4/dev_iter4_fold8_features.jsonl,4153,21.792,56.664,40.376,47.153,52.817,shibboleth/models/estonian_voro/iter4/model_fold8/loo_results.txt,99079284.0,1.387e-17,0.528,estonian_voro,loo_token.jsonl
/scratch/project_2006235/shibboleth/models/estonian_voro/iter4/model_fold8/shap_token.jsonl,/scratch/project_2005047/shibboleth/data/estonian_voro/iter_folds/iter4/dev_iter4_fold8_features.jsonl,4153,48.844,56.574,90.497,69.624,59.78,shibboleth/models/estonian_voro/iter4/model_fold8/shap_results.txt,112141217.0,1.071e-172,0.598,estonian_voro,shap_token.jsonl
/scratch/project_2006235/shibboleth/models/estonian_voro/iter4/model_fold4/lime_token.jsonl,/scratch/project_2005047/shibboleth/data/estonian_voro/iter_folds/iter4/dev_iter4_fold4_features.jsonl,4155,47.519,58.084,87.063,69.68,56.831,shibboleth/models/estonian_voro/iter4/model_fold4/lime_results.txt,109690750.0,1.599e-86,0.568,estonian_voro,lime_token.jsonl
/scratch/project_2006235/shibboleth/models/estonian_voro/iter4/model_fold4/ig_token.jsonl,/scratch/project_2005047/shibboleth/data/estonian_voro/iter_folds/iter4/dev_iter4_fold4_features.jsonl,4155,39.636,55.264,73.19,62.976,54.519,shibboleth/models/estonian_voro/iter4/model_fold4/ig_results.txt,103267091.5,1.015e-38,0.545,estonian_voro,ig_token.jsonl
/scratch/project_2006235/shibboleth/models/estonian_voro/iter4/model_fold4/loo_token.jsonl,/scratch/project_2005047/shibboleth/data/estonian_voro/iter_folds/iter4/dev_iter4_fold4_features.jsonl,4155,36.219,51.738,66.88,58.343,48.859,shibboleth/models/estonian_voro/iter4/model_fold4/loo_results.txt,92546459.5,0.9995,0.489,estonian_voro,loo_token.jsonl
/scratch/project_2006235/shibboleth/models/estonian_voro/iter4/model_fold4/shap_token.jsonl,/scratch/project_2005047/shibboleth/data/estonian_voro/iter_folds/iter4/dev_iter4_fold4_features.jsonl,4155,48.177,56.662,88.962,69.23,57.269,shibboleth/models/estonian_voro/iter4/model_fold4/shap_results.txt,108476577.5,7.571e-97,0.573,estonian_voro,shap_token.jsonl
/scratch/project_2006235/shibboleth/models/estonian_voro/iter4/model_fold7/lime_token.jsonl,/scratch/project_2005047/shibboleth/data/estonian_voro/iter_folds/iter4/dev_iter4_fold7_features.jsonl,4154,49.251,58.458,89.855,70.834,56.638,shibboleth/models/estonian_voro/iter4/model_fold7/lime_results.txt,107014083.0,6.055e-81,0.566,estonian_voro,lime_token.jsonl
/scratch/project_2006235/shibboleth/models/estonian_voro/iter4/model_fold7/ig_token.jsonl,/scratch/project_2005047/shibboleth/data/estonian_voro/iter_folds/iter4/dev_iter4_fold7_features.jsonl,4154,36.088,54.823,66.373,60.047,53.554,shibboleth/models/estonian_voro/iter4/model_fold7/ig_results.txt,99162398.0,1.946e-24,0.536,estonian_voro,ig_token.jsonl
/scratch/project_2006235/shibboleth/models/estonian_voro/iter4/model_fold7/loo_token.jsonl,/scratch/project_2005047/shibboleth/data/estonian_voro/iter_folds/iter4/dev_iter4_fold7_features.jsonl,4154,22.915,57.017,42.145,48.465,51.832,shibboleth/models/estonian_voro/iter4/model_fold7/loo_results.txt,95973584.0,2.747e-08,0.518,estonian_voro,loo_token.jsonl
/scratch/project_2006235/shibboleth/models/estonian_voro/iter4/model_fold7/shap_token.jsonl,/scratch/project_2005047/shibboleth/data/estonian_voro/iter_folds/iter4/dev_iter4_fold7_features.jsonl,4154,48.874,56.915,89.889,69.699,58.926,shibboleth/models/estonian_voro/iter4/model_fold7/shap_results.txt,109109153.5,3.273e-143,0.589,estonian_voro,shap_token.jsonl
/scratch/project_2006235/shibboleth/models/estonian_voro/iter4/model_fold3/lime_token.jsonl,/scratch/project_2005047/shibboleth/data/estonian_voro/iter_folds/iter4/dev_iter4_fold3_features.jsonl,4155,48.887,58.107,89.59,70.493,56.287,shibboleth/models/estonian_voro/iter4/model_fold3/lime_results.txt,103054423.0,8.958e-72,0.563,estonian_voro,lime_token.jsonl
/scratch/project_2006235/shibboleth/models/estonian_voro/iter4/model_fold3/ig_token.jsonl,/scratch/project_2005047/shibboleth/data/estonian_voro/iter_folds/iter4/dev_iter4_fold3_features.jsonl,4155,40.716,55.581,75.228,63.929,57.78,shibboleth/models/estonian_voro/iter4/model_fold3/ig_results.txt,103625889.0,1.031e-107,0.578,estonian_voro,ig_token.jsonl
/scratch/project_2006235/shibboleth/models/estonian_voro/iter4/model_fold3/loo_token.jsonl,/scratch/project_2005047/shibboleth/data/estonian_voro/iter_folds/iter4/dev_iter4_fold3_features.jsonl,4155,37.18,54.156,68.694,60.565,52.054,shibboleth/models/estonian_voro/iter4/model_fold3/loo_results.txt,93355870.5,3.061e-09,0.521,estonian_voro,loo_token.jsonl
/scratch/project_2006235/shibboleth/models/estonian_voro/iter4/model_fold3/shap_token.jsonl,/scratch/project_2005047/shibboleth/data/estonian_voro/iter_folds/iter4/dev_iter4_fold3_features.jsonl,4155,47.582,56.675,87.913,68.92,56.911,shibboleth/models/estonian_voro/iter4/model_fold3/shap_results.txt,102066707.0,1.864e-85,0.569,estonian_voro,shap_token.jsonl
/scratch/project_2006235/shibboleth/models/estonian_voro/iter4/model_fold9/lime_token.jsonl,/scratch/project_2005047/shibboleth/data/estonian_voro/iter_folds/iter4/dev_iter4_fold9_features.jsonl,4153,48.678,57.897,89.186,70.214,56.028,shibboleth/models/estonian_voro/iter4/model_fold9/lime_results.txt,109285928.0,3.248e-68,0.56,estonian_voro,lime_token.jsonl
/scratch/project_2006235/shibboleth/models/estonian_voro/iter4/model_fold9/ig_token.jsonl,/scratch/project_2005047/shibboleth/data/estonian_voro/iter_folds/iter4/dev_iter4_fold9_features.jsonl,4153,42.879,55.706,79.231,65.418,58.408,shibboleth/models/estonian_voro/iter4/model_fold9/ig_results.txt,111565529.0,2.4e-129,0.584,estonian_voro,ig_token.jsonl
/scratch/project_2006235/shibboleth/models/estonian_voro/iter4/model_fold9/loo_token.jsonl,/scratch/project_2005047/shibboleth/data/estonian_voro/iter_folds/iter4/dev_iter4_fold9_features.jsonl,4153,30.577,53.791,56.499,55.112,49.977,shibboleth/models/estonian_voro/iter4/model_fold9/loo_results.txt,95462478.5,0.526,0.5,estonian_voro,loo_token.jsonl
/scratch/project_2006235/shibboleth/models/estonian_voro/iter4/model_fold9/shap_token.jsonl,/scratch/project_2005047/shibboleth/data/estonian_voro/iter_folds/iter4/dev_iter4_fold9_features.jsonl,4153,48.095,56.071,88.87,68.76,56.531,shibboleth/models/estonian_voro/iter4/model_fold9/shap_results.txt,107980507.0,6.26e-79,0.565,estonian_voro,shap_token.jsonl
/scratch/project_2006235/shibboleth/models/estonian_voro/iter9/model_fold5/lime_token.jsonl,/scratch/project_2005047/shibboleth/data/estonian_voro/iter_folds/iter9/dev_iter9_fold5_features.jsonl,4155,48.13,58.645,87.147,70.11,57.015,shibboleth/models/estonian_voro/iter9/model_fold5/lime_results.txt,107978689.0,3.64e-90,0.57,estonian_voro,lime_token.jsonl
/scratch/project_2006235/shibboleth/models/estonian_voro/iter9/model_fold5/ig_token.jsonl,/scratch/project_2005047/shibboleth/data/estonian_voro/iter_folds/iter9/dev_iter9_fold5_features.jsonl,4155,45.327,56.762,82.756,67.337,61.531,shibboleth/models/estonian_voro/iter9/model_fold5/ig_results.txt,114176579.5,1.605e-237,0.615,estonian_voro,ig_token.jsonl
/scratch/project_2006235/shibboleth/models/estonian_voro/iter9/model_fold5/loo_token.jsonl,/scratch/project_2005047/shibboleth/data/estonian_voro/iter_folds/iter9/dev_iter9_fold5_features.jsonl,4155,39.207,54.337,71.582,61.779,51.114,shibboleth/models/estonian_voro/iter9/model_fold5/loo_results.txt,94846918.0,0.000742,0.511,estonian_voro,loo_token.jsonl
/scratch/project_2006235/shibboleth/models/estonian_voro/iter9/model_fold5/shap_token.jsonl,/scratch/project_2005047/shibboleth/data/estonian_voro/iter_folds/iter9/dev_iter9_fold5_features.jsonl,4155,46.783,56.744,85.414,68.188,56.804,shibboleth/models/estonian_voro/iter9/model_fold5/shap_results.txt,105405674.0,3.357e-84,0.568,estonian_voro,shap_token.jsonl
/scratch/project_2006235/shibboleth/models/estonian_voro/iter9/model_fold2/lime_token.jsonl,/scratch/project_2005047/shibboleth/data/estonian_voro/iter_folds/iter9/dev_iter9_fold2_features.jsonl,4155,47.02,57.329,86.125,68.837,56.282,shibboleth/models/estonian_voro/iter9/model_fold2/lime_results.txt,107160923.0,4.898e-73,0.563,estonian_voro,lime_token.jsonl
/scratch/project_2006235/shibboleth/models/estonian_voro/iter9/model_fold2/ig_token.jsonl,/scratch/project_2005047/shibboleth/data/estonian_voro/iter_folds/iter9/dev_iter9_fold2_features.jsonl,4155,38.166,56.484,70.468,62.706,55.494,shibboleth/models/estonian_voro/iter9/model_fold2/ig_results.txt,103642381.5,7.067e-56,0.555,estonian_voro,ig_token.jsonl
/scratch/project_2006235/shibboleth/models/estonian_voro/iter9/model_fold2/loo_token.jsonl,/scratch/project_2005047/shibboleth/data/estonian_voro/iter_folds/iter9/dev_iter9_fold2_features.jsonl,4155,44.361,53.696,81.906,64.867,52.008,shibboleth/models/estonian_voro/iter9/model_fold2/loo_results.txt,97130963.0,4.768e-09,0.52,estonian_voro,loo_token.jsonl
/scratch/project_2006235/shibboleth/models/estonian_voro/iter9/model_fold2/shap_token.jsonl,/scratch/project_2005047/shibboleth/data/estonian_voro/iter_folds/iter9/dev_iter9_fold2_features.jsonl,4155,47.216,57.162,87.177,69.049,58.723,shibboleth/models/estonian_voro/iter9/model_fold2/shap_results.txt,109673077.5,1.588e-137,0.587,estonian_voro,shap_token.jsonl
/scratch/project_2006235/shibboleth/models/estonian_voro/iter9/model_fold10/lime_token.jsonl,/scratch/project_2005047/shibboleth/data/estonian_voro/iter_folds/iter9/dev_iter9_fold10_features.jsonl,4153,48.783,57.634,89.741,70.19,56.452,shibboleth/models/estonian_voro/iter9/model_fold10/lime_results.txt,106051499.0,1.961e-76,0.565,estonian_voro,lime_token.jsonl
/scratch/project_2006235/shibboleth/models/estonian_voro/iter9/model_fold10/ig_token.jsonl,/scratch/project_2005047/shibboleth/data/estonian_voro/iter_folds/iter9/dev_iter9_fold10_features.jsonl,4153,37.317,54.884,69.226,61.226,55.47,shibboleth/models/estonian_voro/iter9/model_fold10/ig_results.txt,102050780.5,5.062e-55,0.555,estonian_voro,ig_token.jsonl
/scratch/project_2006235/shibboleth/models/estonian_voro/iter9/model_fold10/loo_token.jsonl,/scratch/project_2005047/shibboleth/data/estonian_voro/iter_folds/iter9/dev_iter9_fold10_features.jsonl,4153,15.749,57.189,29.215,38.674,50.953,shibboleth/models/estonian_voro/iter9/model_fold10/loo_results.txt,93741858.5,0.002168,0.51,estonian_voro,loo_token.jsonl
/scratch/project_2006235/shibboleth/models/estonian_voro/iter9/model_fold10/shap_token.jsonl,/scratch/project_2005047/shibboleth/data/estonian_voro/iter_folds/iter9/dev_iter9_fold10_features.jsonl,4153,47.529,56.19,88.17,68.638,58.419,shibboleth/models/estonian_voro/iter9/model_fold10/shap_results.txt,107477496.5,2.239e-127,0.584,estonian_voro,shap_token.jsonl
/scratch/project_2006235/shibboleth/models/estonian_voro/iter9/model_fold1/lime_token.jsonl,/scratch/project_2005047/shibboleth/data/estonian_voro/iter_folds/iter9/dev_iter9_fold1_features.jsonl,4155,48.682,57.414,89.91,70.078,56.091,shibboleth/models/estonian_voro/iter9/model_fold1/lime_results.txt,100347495.0,8.797e-67,0.561,estonian_voro,lime_token.jsonl
/scratch/project_2006235/shibboleth/models/estonian_voro/iter9/model_fold1/ig_token.jsonl,/scratch/project_2005047/shibboleth/data/estonian_voro/iter_folds/iter9/dev_iter9_fold1_features.jsonl,4155,35.849,54.8,66.762,60.193,54.463,shibboleth/models/estonian_voro/iter9/model_fold1/ig_results.txt,95537090.0,1.702e-36,0.545,estonian_voro,ig_token.jsonl
/scratch/project_2006235/shibboleth/models/estonian_voro/iter9/model_fold1/loo_token.jsonl,/scratch/project_2005047/shibboleth/data/estonian_voro/iter_folds/iter9/dev_iter9_fold1_features.jsonl,4155,22.526,54.213,41.95,47.299,50.578,shibboleth/models/estonian_voro/iter9/model_fold1/loo_results.txt,88722461.0,0.05184,0.506,estonian_voro,loo_token.jsonl
/scratch/project_2006235/shibboleth/models/estonian_voro/iter9/model_fold1/shap_token.jsonl,/scratch/project_2005047/shibboleth/data/estonian_voro/iter_folds/iter9/dev_iter9_fold1_features.jsonl,4155,46.721,56.808,87.009,68.738,58.025,shibboleth/models/estonian_voro/iter9/model_fold1/shap_results.txt,101785601.5,2.755e-113,0.58,estonian_voro,shap_token.jsonl
/scratch/project_2006235/shibboleth/models/estonian_voro/iter9/model_fold6/lime_token.jsonl,/scratch/project_2005047/shibboleth/data/estonian_voro/iter_folds/iter9/dev_iter9_fold6_features.jsonl,4154,48.298,58.233,88.557,70.263,56.134,shibboleth/models/estonian_voro/iter9/model_fold6/lime_results.txt,103846182.0,9.289e-69,0.561,estonian_voro,lime_token.jsonl
/scratch/project_2006235/shibboleth/models/estonian_voro/iter9/model_fold6/ig_token.jsonl,/scratch/project_2005047/shibboleth/data/estonian_voro/iter_folds/iter9/dev_iter9_fold6_features.jsonl,4154,38.152,55.162,70.53,61.907,54.556,shibboleth/models/estonian_voro/iter9/model_fold6/ig_results.txt,98949641.0,1.539e-38,0.546,estonian_voro,ig_token.jsonl
/scratch/project_2006235/shibboleth/models/estonian_voro/iter9/model_fold6/loo_token.jsonl,/scratch/project_2005047/shibboleth/data/estonian_voro/iter_folds/iter9/dev_iter9_fold6_features.jsonl,4154,34.759,54.027,64.257,58.7,50.815,shibboleth/models/estonian_voro/iter9/model_fold6/loo_results.txt,92163602.5,0.01038,0.508,estonian_voro,loo_token.jsonl
/scratch/project_2006235/shibboleth/models/estonian_voro/iter9/model_fold6/shap_token.jsonl,/scratch/project_2005047/shibboleth/data/estonian_voro/iter_folds/iter9/dev_iter9_fold6_features.jsonl,4154,47.884,56.763,88.521,69.171,57.785,shibboleth/models/estonian_voro/iter9/model_fold6/shap_results.txt,104805948.0,1.895e-108,0.578,estonian_voro,shap_token.jsonl
/scratch/project_2006235/shibboleth/models/estonian_voro/iter9/model_fold8/lime_token.jsonl,/scratch/project_2005047/shibboleth/data/estonian_voro/iter_folds/iter9/dev_iter9_fold8_features.jsonl,4153,48.812,58.364,89.613,70.689,57.142,shibboleth/models/estonian_voro/iter9/model_fold8/lime_results.txt,106969263.0,5.472e-93,0.571,estonian_voro,lime_token.jsonl
/scratch/project_2006235/shibboleth/models/estonian_voro/iter9/model_fold8/ig_token.jsonl,/scratch/project_2005047/shibboleth/data/estonian_voro/iter_folds/iter9/dev_iter9_fold8_features.jsonl,4153,38.142,56.094,70.589,62.512,56.285,shibboleth/models/estonian_voro/iter9/model_fold8/ig_results.txt,103180518.0,8.099e-72,0.563,estonian_voro,ig_token.jsonl
/scratch/project_2006235/shibboleth/models/estonian_voro/iter9/model_fold8/loo_token.jsonl,/scratch/project_2005047/shibboleth/data/estonian_voro/iter_folds/iter9/dev_iter9_fold8_features.jsonl,4153,25.505,56.169,47.202,51.297,52.235,shibboleth/models/estonian_voro/iter9/model_fold8/loo_results.txt,95755410.0,8.494e-11,0.522,estonian_voro,loo_token.jsonl
/scratch/project_2006235/shibboleth/models/estonian_voro/iter9/model_fold8/shap_token.jsonl,/scratch/project_2005047/shibboleth/data/estonian_voro/iter_folds/iter9/dev_iter9_fold8_features.jsonl,4153,46.885,56.891,86.77,68.724,57.675,shibboleth/models/estonian_voro/iter9/model_fold8/shap_results.txt,105729403.0,5.007e-106,0.577,estonian_voro,shap_token.jsonl
/scratch/project_2006235/shibboleth/models/estonian_voro/iter9/model_fold4/lime_token.jsonl,/scratch/project_2005047/shibboleth/data/estonian_voro/iter_folds/iter9/dev_iter9_fold4_features.jsonl,4155,48.537,57.81,89.166,70.143,57.072,shibboleth/models/estonian_voro/iter9/model_fold4/lime_results.txt,108759370.0,5.134e-92,0.571,estonian_voro,lime_token.jsonl
/scratch/project_2006235/shibboleth/models/estonian_voro/iter9/model_fold4/ig_token.jsonl,/scratch/project_2005047/shibboleth/data/estonian_voro/iter_folds/iter9/dev_iter9_fold4_features.jsonl,4155,36.932,54.947,68.367,60.926,54.748,shibboleth/models/estonian_voro/iter9/model_fold4/ig_results.txt,102449223.5,2.617e-42,0.547,estonian_voro,ig_token.jsonl
/scratch/project_2006235/shibboleth/models/estonian_voro/iter9/model_fold4/loo_token.jsonl,/scratch/project_2005047/shibboleth/data/estonian_voro/iter_folds/iter9/dev_iter9_fold4_features.jsonl,4155,40.466,55.721,74.909,63.906,54.88,shibboleth/models/estonian_voro/iter9/model_fold4/loo_results.txt,102695956.5,1.415e-44,0.549,estonian_voro,loo_token.jsonl
/scratch/project_2006235/shibboleth/models/estonian_voro/iter9/model_fold4/shap_token.jsonl,/scratch/project_2005047/shibboleth/data/estonian_voro/iter_folds/iter9/dev_iter9_fold4_features.jsonl,4155,49.263,56.523,91.194,69.79,57.592,shibboleth/models/estonian_voro/iter9/model_fold4/shap_results.txt,107770933.0,7.535e-105,0.576,estonian_voro,shap_token.jsonl
/scratch/project_2006235/shibboleth/models/estonian_voro/iter9/model_fold7/lime_token.jsonl,/scratch/project_2005047/shibboleth/data/estonian_voro/iter_folds/iter9/dev_iter9_fold7_features.jsonl,4154,48.51,58.3,88.174,70.19,56.803,shibboleth/models/estonian_voro/iter9/model_fold7/lime_results.txt,102583984.0,4.866e-83,0.568,estonian_voro,lime_token.jsonl
/scratch/project_2006235/shibboleth/models/estonian_voro/iter9/model_fold7/ig_token.jsonl,/scratch/project_2005047/shibboleth/data/estonian_voro/iter_folds/iter9/dev_iter9_fold7_features.jsonl,4154,48.727,56.315,89.332,69.081,62.659,shibboleth/models/estonian_voro/iter9/model_fold7/ig_results.txt,110862699.0,3.311e-279,0.627,estonian_voro,ig_token.jsonl
/scratch/project_2006235/shibboleth/models/estonian_voro/iter9/model_fold7/loo_token.jsonl,/scratch/project_2005047/shibboleth/data/estonian_voro/iter_folds/iter9/dev_iter9_fold7_features.jsonl,4154,43.064,54.716,78.951,64.637,53.392,shibboleth/models/estonian_voro/iter9/model_fold7/loo_results.txt,94466185.0,5.824e-22,0.534,estonian_voro,loo_token.jsonl
/scratch/project_2006235/shibboleth/models/estonian_voro/iter9/model_fold7/shap_token.jsonl,/scratch/project_2005047/shibboleth/data/estonian_voro/iter_folds/iter9/dev_iter9_fold7_features.jsonl,4154,49.437,57.079,90.634,70.046,56.756,shibboleth/models/estonian_voro/iter9/model_fold7/shap_results.txt,100417903.5,3.687e-81,0.568,estonian_voro,shap_token.jsonl
/scratch/project_2006235/shibboleth/models/estonian_voro/iter9/model_fold3/lime_token.jsonl,/scratch/project_2005047/shibboleth/data/estonian_voro/iter_folds/iter9/dev_iter9_fold3_features.jsonl,4155,48.408,57.387,89.55,69.949,56.461,shibboleth/models/estonian_voro/iter9/model_fold3/lime_results.txt,105115633.0,2.4e-76,0.565,estonian_voro,lime_token.jsonl
/scratch/project_2006235/shibboleth/models/estonian_voro/iter9/model_fold3/ig_token.jsonl,/scratch/project_2005047/shibboleth/data/estonian_voro/iter_folds/iter9/dev_iter9_fold3_features.jsonl,4155,41.043,54.504,76.594,63.688,57.778,shibboleth/models/estonian_voro/iter9/model_fold3/ig_results.txt,105279147.5,1.43e-108,0.578,estonian_voro,ig_token.jsonl
/scratch/project_2006235/shibboleth/models/estonian_voro/iter9/model_fold3/loo_token.jsonl,/scratch/project_2005047/shibboleth/data/estonian_voro/iter_folds/iter9/dev_iter9_fold3_features.jsonl,4155,40.538,53.378,75.651,62.592,52.435,shibboleth/models/estonian_voro/iter9/model_fold3/loo_results.txt,95543266.5,2.27e-12,0.524,estonian_voro,loo_token.jsonl
/scratch/project_2006235/shibboleth/models/estonian_voro/iter9/model_fold3/shap_token.jsonl,/scratch/project_2005047/shibboleth/data/estonian_voro/iter_folds/iter9/dev_iter9_fold3_features.jsonl,4155,47.466,56.252,88.579,68.807,57.128,shibboleth/models/estonian_voro/iter9/model_fold3/shap_results.txt,104094794.0,1.533e-91,0.571,estonian_voro,shap_token.jsonl
/scratch/project_2006235/shibboleth/models/estonian_voro/iter9/model_fold9/lime_token.jsonl,/scratch/project_2005047/shibboleth/data/estonian_voro/iter_folds/iter9/dev_iter9_fold9_features.jsonl,4153,48.81,58.204,89.331,70.484,56.426,shibboleth/models/estonian_voro/iter9/model_fold9/lime_results.txt,106209634.0,7.186e-76,0.564,estonian_voro,lime_token.jsonl
/scratch/project_2006235/shibboleth/models/estonian_voro/iter9/model_fold9/ig_token.jsonl,/scratch/project_2005047/shibboleth/data/estonian_voro/iter_folds/iter9/dev_iter9_fold9_features.jsonl,4153,39.144,55.857,72.333,63.036,57.297,shibboleth/models/estonian_voro/iter9/model_fold9/ig_results.txt,105459429.0,3.112e-96,0.573,estonian_voro,ig_token.jsonl
/scratch/project_2006235/shibboleth/models/estonian_voro/iter9/model_fold9/loo_token.jsonl,/scratch/project_2005047/shibboleth/data/estonian_voro/iter_folds/iter9/dev_iter9_fold9_features.jsonl,4153,34.571,55.565,63.884,59.435,53.554,shibboleth/models/estonian_voro/iter9/model_fold9/loo_results.txt,98569900.5,2.021e-24,0.536,estonian_voro,loo_token.jsonl
/scratch/project_2006235/shibboleth/models/estonian_voro/iter9/model_fold9/shap_token.jsonl,/scratch/project_2005047/shibboleth/data/estonian_voro/iter_folds/iter9/dev_iter9_fold9_features.jsonl,4153,46.09,57.205,85.17,68.441,57.653,shibboleth/models/estonian_voro/iter9/model_fold9/shap_results.txt,106113832.0,1.289e-105,0.577,estonian_voro,shap_token.jsonl
/scratch/project_2006235/shibboleth/models/estonian_voro/iter1/model_fold5/lime_token.jsonl,/scratch/project_2005047/shibboleth/data/estonian_voro/iter_folds/iter1/dev_iter1_fold5_features.jsonl,4155,48.804,58.609,89.352,70.787,56.259,shibboleth/models/estonian_voro/iter1/model_fold5/lime_results.txt,109070416.0,3.874e-73,0.563,estonian_voro,lime_token.jsonl
/scratch/project_2006235/shibboleth/models/estonian_voro/iter1/model_fold5/ig_token.jsonl,/scratch/project_2005047/shibboleth/data/estonian_voro/iter_folds/iter1/dev_iter1_fold5_features.jsonl,4155,38.351,54.575,70.766,61.625,54.52,shibboleth/models/estonian_voro/iter1/model_fold5/ig_results.txt,103745291.0,7.937e-39,0.545,estonian_voro,ig_token.jsonl
/scratch/project_2006235/shibboleth/models/estonian_voro/iter1/model_fold5/loo_token.jsonl,/scratch/project_2005047/shibboleth/data/estonian_voro/iter_folds/iter1/dev_iter1_fold5_features.jsonl,4155,23.944,59.73,44.181,50.792,55.367,shibboleth/models/estonian_voro/iter1/model_fold5/loo_results.txt,105357255.0,1.817e-56,0.554,estonian_voro,loo_token.jsonl
/scratch/project_2006235/shibboleth/models/estonian_voro/iter1/model_fold5/shap_token.jsonl,/scratch/project_2005047/shibboleth/data/estonian_voro/iter_folds/iter1/dev_iter1_fold5_features.jsonl,4155,47.509,56.708,87.663,68.867,57.33,shibboleth/models/estonian_voro/iter1/model_fold5/shap_results.txt,109093075.0,1.131e-98,0.573,estonian_voro,shap_token.jsonl
/scratch/project_2006235/shibboleth/models/estonian_voro/iter1/model_fold2/lime_token.jsonl,/scratch/project_2005047/shibboleth/data/estonian_voro/iter_folds/iter1/dev_iter1_fold2_features.jsonl,4155,48.087,57.091,89.163,69.61,56.289,shibboleth/models/estonian_voro/iter1/model_fold2/lime_results.txt,104647668.0,2.063e-72,0.563,estonian_voro,lime_token.jsonl
/scratch/project_2006235/shibboleth/models/estonian_voro/iter1/model_fold2/ig_token.jsonl,/scratch/project_2005047/shibboleth/data/estonian_voro/iter_folds/iter1/dev_iter1_fold2_features.jsonl,4155,34.065,54.795,63.638,58.887,54.359,shibboleth/models/estonian_voro/iter1/model_fold2/ig_results.txt,99175987.0,1.448e-35,0.544,estonian_voro,ig_token.jsonl
/scratch/project_2006235/shibboleth/models/estonian_voro/iter1/model_fold2/loo_token.jsonl,/scratch/project_2005047/shibboleth/data/estonian_voro/iter_folds/iter1/dev_iter1_fold2_features.jsonl,4155,31.207,53.925,58.3,56.027,51.603,shibboleth/models/estonian_voro/iter1/model_fold2/loo_results.txt,94148380.5,2.579e-06,0.516,estonian_voro,loo_token.jsonl
/scratch/project_2006235/shibboleth/models/estonian_voro/iter1/model_fold2/shap_token.jsonl,/scratch/project_2005047/shibboleth/data/estonian_voro/iter_folds/iter1/dev_iter1_fold2_features.jsonl,4155,46.844,56.09,87.512,68.363,58.823,shibboleth/models/estonian_voro/iter1/model_fold2/shap_results.txt,107320949.5,3.719e-139,0.588,estonian_voro,shap_token.jsonl
/scratch/project_2006235/shibboleth/models/estonian_voro/iter1/model_fold10/lime_token.jsonl,/scratch/project_2005047/shibboleth/data/estonian_voro/iter_folds/iter1/dev_iter1_fold10_features.jsonl,4153,47.414,57.863,87.449,69.644,56.659,shibboleth/models/estonian_voro/iter1/model_fold10/lime_results.txt,99775702.0,8.74e-79,0.567,estonian_voro,lime_token.jsonl
/scratch/project_2006235/shibboleth/models/estonian_voro/iter1/model_fold10/ig_token.jsonl,/scratch/project_2005047/shibboleth/data/estonian_voro/iter_folds/iter1/dev_iter1_fold10_features.jsonl,4153,40.999,55.372,76.271,64.163,57.47,shibboleth/models/estonian_voro/iter1/model_fold10/ig_results.txt,99073829.0,1.279e-97,0.575,estonian_voro,ig_token.jsonl
/scratch/project_2006235/shibboleth/models/estonian_voro/iter1/model_fold10/loo_token.jsonl,/scratch/project_2005047/shibboleth/data/estonian_voro/iter_folds/iter1/dev_iter1_fold10_features.jsonl,4153,19.614,55.846,36.489,44.138,50.558,shibboleth/models/estonian_voro/iter1/model_fold10/loo_results.txt,87157351.0,0.05789,0.506,estonian_voro,loo_token.jsonl
/scratch/project_2006235/shibboleth/models/estonian_voro/iter1/model_fold10/shap_token.jsonl,/scratch/project_2005047/shibboleth/data/estonian_voro/iter_folds/iter1/dev_iter1_fold10_features.jsonl,4153,47.35,56.733,88.086,69.015,58.455,shibboleth/models/estonian_voro/iter1/model_fold10/shap_results.txt,100771835.5,1.998e-124,0.585,estonian_voro,shap_token.jsonl
/scratch/project_2006235/shibboleth/models/estonian_voro/iter1/model_fold1/lime_token.jsonl,/scratch/project_2005047/shibboleth/data/estonian_voro/iter_folds/iter1/dev_iter1_fold1_features.jsonl,4155,48.678,58.494,89.245,70.67,57.179,shibboleth/models/estonian_voro/iter1/model_fold1/lime_results.txt,105717518.0,2.346e-93,0.572,estonian_voro,lime_token.jsonl
/scratch/project_2006235/shibboleth/models/estonian_voro/iter1/model_fold1/ig_token.jsonl,/scratch/project_2005047/shibboleth/data/estonian_voro/iter_folds/iter1/dev_iter1_fold1_features.jsonl,4155,37.298,55.178,68.947,61.299,54.676,shibboleth/models/estonian_voro/iter1/model_fold1/ig_results.txt,99052234.5,1.872e-40,0.547,estonian_voro,ig_token.jsonl
/scratch/project_2006235/shibboleth/models/estonian_voro/iter1/model_fold1/loo_token.jsonl,/scratch/project_2005047/shibboleth/data/estonian_voro/iter_folds/iter1/dev_iter1_fold1_features.jsonl,4155,35.916,56.047,66.391,60.782,54.02,shibboleth/models/estonian_voro/iter1/model_fold1/loo_results.txt,97865267.5,1.068e-30,0.54,estonian_voro,loo_token.jsonl
/scratch/project_2006235/shibboleth/models/estonian_voro/iter1/model_fold1/shap_token.jsonl,/scratch/project_2005047/shibboleth/data/estonian_voro/iter_folds/iter1/dev_iter1_fold1_features.jsonl,4155,47.282,56.268,87.403,68.462,58.315,shibboleth/models/estonian_voro/iter1/model_fold1/shap_results.txt,105646106.5,2.483e-123,0.583,estonian_voro,shap_token.jsonl
/scratch/project_2006235/shibboleth/models/estonian_voro/iter1/model_fold6/lime_token.jsonl,/scratch/project_2005047/shibboleth/data/estonian_voro/iter_folds/iter1/dev_iter1_fold6_features.jsonl,4154,48.207,57.61,88.843,69.896,56.561,shibboleth/models/estonian_voro/iter1/model_fold6/lime_results.txt,110194998.0,2.131e-80,0.566,estonian_voro,lime_token.jsonl
/scratch/project_2006235/shibboleth/models/estonian_voro/iter1/model_fold6/ig_token.jsonl,/scratch/project_2005047/shibboleth/data/estonian_voro/iter_folds/iter1/dev_iter1_fold6_features.jsonl,4154,41.498,55.188,77.199,64.364,57.085,shibboleth/models/estonian_voro/iter1/model_fold6/ig_results.txt,108757817.0,1.965e-92,0.571,estonian_voro,ig_token.jsonl
/scratch/project_2006235/shibboleth/models/estonian_voro/iter1/model_fold6/loo_token.jsonl,/scratch/project_2005047/shibboleth/data/estonian_voro/iter_folds/iter1/dev_iter1_fold6_features.jsonl,4154,32.791,53.279,61.001,56.879,50.917,shibboleth/models/estonian_voro/iter1/model_fold6/loo_results.txt,97006256.5,0.004164,0.509,estonian_voro,loo_token.jsonl
/scratch/project_2006235/shibboleth/models/estonian_voro/iter1/model_fold6/shap_token.jsonl,/scratch/project_2005047/shibboleth/data/estonian_voro/iter_folds/iter1/dev_iter1_fold6_features.jsonl,4154,47.554,56.82,88.465,69.196,57.463,shibboleth/models/estonian_voro/iter1/model_fold6/shap_results.txt,109479416.5,2.46e-102,0.575,estonian_voro,shap_token.jsonl
/scratch/project_2006235/shibboleth/models/estonian_voro/iter1/model_fold8/lime_token.jsonl,/scratch/project_2005047/shibboleth/data/estonian_voro/iter_folds/iter1/dev_iter1_fold8_features.jsonl,4153,48.914,58.892,88.213,70.63,56.186,shibboleth/models/estonian_voro/iter1/model_fold8/lime_results.txt,105818038.0,2.175e-70,0.562,estonian_voro,lime_token.jsonl
/scratch/project_2006235/shibboleth/models/estonian_voro/iter1/model_fold8/ig_token.jsonl,/scratch/project_2005047/shibboleth/data/estonian_voro/iter_folds/iter1/dev_iter1_fold8_features.jsonl,4153,35.314,55.634,64.223,59.621,54.043,shibboleth/models/estonian_voro/iter1/model_fold8/ig_results.txt,99739405.0,5.683e-31,0.54,estonian_voro,ig_token.jsonl
/scratch/project_2006235/shibboleth/models/estonian_voro/iter1/model_fold8/loo_token.jsonl,/scratch/project_2005047/shibboleth/data/estonian_voro/iter_folds/iter1/dev_iter1_fold8_features.jsonl,4153,37.282,55.747,67.802,61.187,52.398,shibboleth/models/estonian_voro/iter1/model_fold8/loo_results.txt,96703291.0,4.301e-12,0.524,estonian_voro,loo_token.jsonl
/scratch/project_2006235/shibboleth/models/estonian_voro/iter1/model_fold8/shap_token.jsonl,/scratch/project_2005047/shibboleth/data/estonian_voro/iter_folds/iter1/dev_iter1_fold8_features.jsonl,4153,48.796,58.154,88.742,70.263,57.435,shibboleth/models/estonian_voro/iter1/model_fold8/shap_results.txt,105999777.0,8.545e-100,0.574,estonian_voro,shap_token.jsonl
/scratch/project_2006235/shibboleth/models/estonian_voro/iter1/model_fold4/lime_token.jsonl,/scratch/project_2005047/shibboleth/data/estonian_voro/iter_folds/iter1/dev_iter1_fold4_features.jsonl,4155,48.19,58.061,88.289,70.053,56.76,shibboleth/models/estonian_voro/iter1/model_fold4/lime_results.txt,102419519.0,4.752e-82,0.568,estonian_voro,lime_token.jsonl
/scratch/project_2006235/shibboleth/models/estonian_voro/iter1/model_fold4/ig_token.jsonl,/scratch/project_2005047/shibboleth/data/estonian_voro/iter_folds/iter1/dev_iter1_fold4_features.jsonl,4155,37.916,56.061,70.066,62.286,56.687,shibboleth/models/estonian_voro/iter1/model_fold4/ig_results.txt,100222974.0,1.318e-79,0.567,estonian_voro,ig_token.jsonl
/scratch/project_2006235/shibboleth/models/estonian_voro/iter1/model_fold4/loo_token.jsonl,/scratch/project_2005047/shibboleth/data/estonian_voro/iter_folds/iter1/dev_iter1_fold4_features.jsonl,4155,40.978,55.052,75.725,63.754,52.419,shibboleth/models/estonian_voro/iter1/model_fold4/loo_results.txt,92677100.5,4.494e-12,0.524,estonian_voro,loo_token.jsonl
/scratch/project_2006235/shibboleth/models/estonian_voro/iter1/model_fold4/shap_token.jsonl,/scratch/project_2005047/shibboleth/data/estonian_voro/iter_folds/iter1/dev_iter1_fold4_features.jsonl,4155,46.803,56.318,86.489,68.216,56.957,shibboleth/models/estonian_voro/iter1/model_fold4/shap_results.txt,100699854.5,5.615e-86,0.57,estonian_voro,shap_token.jsonl
/scratch/project_2006235/shibboleth/models/estonian_voro/iter1/model_fold7/lime_token.jsonl,/scratch/project_2005047/shibboleth/data/estonian_voro/iter_folds/iter1/dev_iter1_fold7_features.jsonl,4154,47.896,57.306,88.762,69.647,56.657,shibboleth/models/estonian_voro/iter1/model_fold7/lime_results.txt,105027743.0,9.377e-81,0.567,estonian_voro,lime_token.jsonl
/scratch/project_2006235/shibboleth/models/estonian_voro/iter1/model_fold7/ig_token.jsonl,/scratch/project_2005047/shibboleth/data/estonian_voro/iter_folds/iter1/dev_iter1_fold7_features.jsonl,4154,42.663,56.7,79.69,66.257,60.885,shibboleth/models/estonian_voro/iter1/model_fold7/ig_results.txt,110685928.0,3.448e-210,0.609,estonian_voro,ig_token.jsonl
/scratch/project_2006235/shibboleth/models/estonian_voro/iter1/model_fold7/loo_token.jsonl,/scratch/project_2005047/shibboleth/data/estonian_voro/iter_folds/iter1/dev_iter1_fold7_features.jsonl,4154,28.247,51.648,52.763,52.199,47.905,shibboleth/models/estonian_voro/iter1/model_fold7/loo_results.txt,87090158.0,1.0,0.479,estonian_voro,loo_token.jsonl
/scratch/project_2006235/shibboleth/models/estonian_voro/iter1/model_fold7/shap_token.jsonl,/scratch/project_2005047/shibboleth/data/estonian_voro/iter_folds/iter1/dev_iter1_fold7_features.jsonl,4154,48.144,56.067,89.928,69.071,59.192,shibboleth/models/estonian_voro/iter1/model_fold7/shap_results.txt,107608682.5,1.416e-150,0.592,estonian_voro,shap_token.jsonl
/scratch/project_2006235/shibboleth/models/estonian_voro/iter1/model_fold3/lime_token.jsonl,/scratch/project_2005047/shibboleth/data/estonian_voro/iter_folds/iter1/dev_iter1_fold3_features.jsonl,4155,49.173,58.52,89.793,70.859,57.073,shibboleth/models/estonian_voro/iter1/model_fold3/lime_results.txt,109358907.0,3.086e-92,0.571,estonian_voro,lime_token.jsonl
/scratch/project_2006235/shibboleth/models/estonian_voro/iter1/model_fold3/ig_token.jsonl,/scratch/project_2005047/shibboleth/data/estonian_voro/iter_folds/iter1/dev_iter1_fold3_features.jsonl,4155,39.674,55.545,73.095,63.123,56.545,shibboleth/models/estonian_voro/iter1/model_fold3/ig_results.txt,106081739.0,1.496e-78,0.565,estonian_voro,ig_token.jsonl
/scratch/project_2006235/shibboleth/models/estonian_voro/iter1/model_fold3/loo_token.jsonl,/scratch/project_2005047/shibboleth/data/estonian_voro/iter_folds/iter1/dev_iter1_fold3_features.jsonl,4155,21.808,52.918,40.179,45.677,48.006,shibboleth/models/estonian_voro/iter1/model_fold3/loo_results.txt,90061426.5,1.0,0.48,estonian_voro,loo_token.jsonl
/scratch/project_2006235/shibboleth/models/estonian_voro/iter1/model_fold3/shap_token.jsonl,/scratch/project_2005047/shibboleth/data/estonian_voro/iter_folds/iter1/dev_iter1_fold3_features.jsonl,4155,47.74,56.258,87.957,68.624,57.696,shibboleth/models/estonian_voro/iter1/model_fold3/shap_results.txt,108241813.0,9.004e-108,0.577,estonian_voro,shap_token.jsonl
/scratch/project_2006235/shibboleth/models/estonian_voro/iter1/model_fold9/lime_token.jsonl,/scratch/project_2005047/shibboleth/data/estonian_voro/iter_folds/iter1/dev_iter1_fold9_features.jsonl,4153,49.684,58.557,90.087,70.978,56.983,shibboleth/models/estonian_voro/iter1/model_fold9/lime_results.txt,104339223.0,6.38e-88,0.57,estonian_voro,lime_token.jsonl
/scratch/project_2006235/shibboleth/models/estonian_voro/iter1/model_fold9/ig_token.jsonl,/scratch/project_2005047/shibboleth/data/estonian_voro/iter_folds/iter1/dev_iter1_fold9_features.jsonl,4153,41.515,57.13,75.918,65.197,59.149,shibboleth/models/estonian_voro/iter1/model_fold9/ig_results.txt,106069480.0,6.429e-148,0.591,estonian_voro,ig_token.jsonl
/scratch/project_2006235/shibboleth/models/estonian_voro/iter1/model_fold9/loo_token.jsonl,/scratch/project_2005047/shibboleth/data/estonian_voro/iter_folds/iter1/dev_iter1_fold9_features.jsonl,4153,20.26,59.277,37.049,45.598,53.243,shibboleth/models/estonian_voro/iter1/model_fold9/loo_results.txt,95478517.5,7.44e-22,0.532,estonian_voro,loo_token.jsonl
/scratch/project_2006235/shibboleth/models/estonian_voro/iter1/model_fold9/shap_token.jsonl,/scratch/project_2005047/shibboleth/data/estonian_voro/iter_folds/iter1/dev_iter1_fold9_features.jsonl,4153,47.429,58.042,86.734,69.545,57.74,shibboleth/models/estonian_voro/iter1/model_fold9/shap_results.txt,103542691.5,1.629e-106,0.577,estonian_voro,shap_token.jsonl
/scratch/project_2006235/shibboleth/models/estonian_voro/iter7/model_fold5/lime_token.jsonl,/scratch/project_2005047/shibboleth/data/estonian_voro/iter_folds/iter7/dev_iter7_fold5_features.jsonl,4155,49.219,58.55,89.916,70.92,56.107,shibboleth/models/estonian_voro/iter7/model_fold5/lime_results.txt,103403152.0,5.068e-68,0.561,estonian_voro,lime_token.jsonl
/scratch/project_2006235/shibboleth/models/estonian_voro/iter7/model_fold5/ig_token.jsonl,/scratch/project_2005047/shibboleth/data/estonian_voro/iter_folds/iter7/dev_iter7_fold5_features.jsonl,4155,40.453,57.082,74.467,64.626,58.725,shibboleth/models/estonian_voro/iter7/model_fold5/ig_results.txt,106259820.5,1.994e-135,0.587,estonian_voro,ig_token.jsonl
/scratch/project_2006235/shibboleth/models/estonian_voro/iter7/model_fold5/loo_token.jsonl,/scratch/project_2005047/shibboleth/data/estonian_voro/iter_folds/iter7/dev_iter7_fold5_features.jsonl,4155,25.969,56.919,47.804,51.965,53.031,shibboleth/models/estonian_voro/iter7/model_fold5/loo_results.txt,95956147.5,6.601e-19,0.53,estonian_voro,loo_token.jsonl
/scratch/project_2006235/shibboleth/models/estonian_voro/iter7/model_fold5/shap_token.jsonl,/scratch/project_2005047/shibboleth/data/estonian_voro/iter_folds/iter7/dev_iter7_fold5_features.jsonl,4155,47.855,57.403,88.092,69.511,58.072,shibboleth/models/estonian_voro/iter7/model_fold5/shap_results.txt,105077592.5,3.111e-116,0.581,estonian_voro,shap_token.jsonl
/scratch/project_2006235/shibboleth/models/estonian_voro/iter7/model_fold2/lime_token.jsonl,/scratch/project_2005047/shibboleth/data/estonian_voro/iter_folds/iter7/dev_iter7_fold2_features.jsonl,4155,48.175,58.219,88.226,70.148,56.707,shibboleth/models/estonian_voro/iter7/model_fold2/lime_results.txt,109781514.0,1.343e-83,0.567,estonian_voro,lime_token.jsonl
/scratch/project_2006235/shibboleth/models/estonian_voro/iter7/model_fold2/ig_token.jsonl,/scratch/project_2005047/shibboleth/data/estonian_voro/iter_folds/iter7/dev_iter7_fold2_features.jsonl,4155,37.068,55.028,68.446,61.008,54.329,shibboleth/models/estonian_voro/iter7/model_fold2/ig_results.txt,103012133.0,1.017e-35,0.543,estonian_voro,ig_token.jsonl
/scratch/project_2006235/shibboleth/models/estonian_voro/iter7/model_fold2/loo_token.jsonl,/scratch/project_2005047/shibboleth/data/estonian_voro/iter_folds/iter7/dev_iter7_fold2_features.jsonl,4155,26.76,53.616,49.413,51.429,49.773,shibboleth/models/estonian_voro/iter7/model_fold2/loo_results.txt,94373602.5,0.7427,0.498,estonian_voro,loo_token.jsonl
/scratch/project_2006235/shibboleth/models/estonian_voro/iter7/model_fold2/shap_token.jsonl,/scratch/project_2005047/shibboleth/data/estonian_voro/iter_folds/iter7/dev_iter7_fold2_features.jsonl,4155,48.604,56.298,89.746,69.192,57.553,shibboleth/models/estonian_voro/iter7/model_fold2/shap_results.txt,109125451.5,1.941e-104,0.576,estonian_voro,shap_token.jsonl
/scratch/project_2006235/shibboleth/models/estonian_voro/iter7/model_fold10/lime_token.jsonl,/scratch/project_2005047/shibboleth/data/estonian_voro/iter_folds/iter7/dev_iter7_fold10_features.jsonl,4153,48.718,58.001,89.309,70.328,56.126,shibboleth/models/estonian_voro/iter7/model_fold10/lime_results.txt,110538576.0,1.072e-70,0.561,estonian_voro,lime_token.jsonl
/scratch/project_2006235/shibboleth/models/estonian_voro/iter7/model_fold10/ig_token.jsonl,/scratch/project_2005047/shibboleth/data/estonian_voro/iter_folds/iter7/dev_iter7_fold10_features.jsonl,4153,36.42,55.479,67.291,60.817,55.307,shibboleth/models/estonian_voro/iter7/model_fold10/ig_results.txt,106877565.0,3.891e-53,0.553,estonian_voro,ig_token.jsonl
/scratch/project_2006235/shibboleth/models/estonian_voro/iter7/model_fold10/loo_token.jsonl,/scratch/project_2005047/shibboleth/data/estonian_voro/iter_folds/iter7/dev_iter7_fold10_features.jsonl,4153,22.487,53.943,41.548,46.941,50.403,shibboleth/models/estonian_voro/iter7/model_fold10/loo_results.txt,97401090.5,0.1175,0.504,estonian_voro,loo_token.jsonl
/scratch/project_2006235/shibboleth/models/estonian_voro/iter7/model_fold10/shap_token.jsonl,/scratch/project_2005047/shibboleth/data/estonian_voro/iter_folds/iter7/dev_iter7_fold10_features.jsonl,4153,47.399,57.027,87.575,69.074,58.463,shibboleth/models/estonian_voro/iter7/model_fold10/shap_results.txt,112976972.0,8.919e-132,0.585,estonian_voro,shap_token.jsonl
/scratch/project_2006235/shibboleth/models/estonian_voro/iter7/model_fold1/lime_token.jsonl,/scratch/project_2005047/shibboleth/data/estonian_voro/iter_folds/iter7/dev_iter7_fold1_features.jsonl,4155,48.66,58.1,88.905,70.275,56.859,shibboleth/models/estonian_voro/iter7/model_fold1/lime_results.txt,104203336.0,5.102e-85,0.569,estonian_voro,lime_token.jsonl
/scratch/project_2006235/shibboleth/models/estonian_voro/iter7/model_fold1/ig_token.jsonl,/scratch/project_2005047/shibboleth/data/estonian_voro/iter_folds/iter7/dev_iter7_fold1_features.jsonl,4155,39.262,55.975,72.382,63.13,57.424,shibboleth/models/estonian_voro/iter7/model_fold1/ig_results.txt,102955018.0,3.137e-98,0.574,estonian_voro,ig_token.jsonl
/scratch/project_2006235/shibboleth/models/estonian_voro/iter7/model_fold1/loo_token.jsonl,/scratch/project_2005047/shibboleth/data/estonian_voro/iter_folds/iter7/dev_iter7_fold1_features.jsonl,4155,37.248,54.98,68.669,61.067,53.705,shibboleth/models/estonian_voro/iter7/model_fold1/loo_results.txt,96287483.0,5.234e-26,0.537,estonian_voro,loo_token.jsonl
/scratch/project_2006235/shibboleth/models/estonian_voro/iter7/model_fold1/shap_token.jsonl,/scratch/project_2005047/shibboleth/data/estonian_voro/iter_folds/iter7/dev_iter7_fold1_features.jsonl,4155,46.905,56.978,86.472,68.693,57.028,shibboleth/models/estonian_voro/iter7/model_fold1/shap_results.txt,102246008.0,2.837e-88,0.57,estonian_voro,shap_token.jsonl
/scratch/project_2006235/shibboleth/models/estonian_voro/iter7/model_fold6/lime_token.jsonl,/scratch/project_2005047/shibboleth/data/estonian_voro/iter_folds/iter7/dev_iter7_fold6_features.jsonl,4154,48.948,58.176,89.827,70.617,57.142,shibboleth/models/estonian_voro/iter7/model_fold6/lime_results.txt,106078984.0,1.263e-92,0.571,estonian_voro,lime_token.jsonl
/scratch/project_2006235/shibboleth/models/estonian_voro/iter7/model_fold6/ig_token.jsonl,/scratch/project_2005047/shibboleth/data/estonian_voro/iter_folds/iter7/dev_iter7_fold6_features.jsonl,4154,35.447,54.986,65.623,59.835,54.684,shibboleth/models/estonian_voro/iter7/model_fold6/ig_results.txt,99396159.5,1.173e-40,0.547,estonian_voro,ig_token.jsonl
/scratch/project_2006235/shibboleth/models/estonian_voro/iter7/model_fold6/loo_token.jsonl,/scratch/project_2005047/shibboleth/data/estonian_voro/iter_folds/iter7/dev_iter7_fold6_features.jsonl,4154,30.805,56.356,57.031,56.691,52.985,shibboleth/models/estonian_voro/iter7/model_fold6/loo_results.txt,96308518.5,7.236e-18,0.53,estonian_voro,loo_token.jsonl
/scratch/project_2006235/shibboleth/models/estonian_voro/iter7/model_fold6/shap_token.jsonl,/scratch/project_2005047/shibboleth/data/estonian_voro/iter_folds/iter7/dev_iter7_fold6_features.jsonl,4154,47.842,57.152,88.571,69.475,59.084,shibboleth/models/estonian_voro/iter7/model_fold6/shap_results.txt,107394973.0,5.173e-147,0.591,estonian_voro,shap_token.jsonl
/scratch/project_2006235/shibboleth/models/estonian_voro/iter7/model_fold8/lime_token.jsonl,/scratch/project_2005047/shibboleth/data/estonian_voro/iter_folds/iter7/dev_iter7_fold8_features.jsonl,4153,49.016,58.365,89.691,70.714,56.278,shibboleth/models/estonian_voro/iter7/model_fold8/lime_results.txt,101445455.0,5.119e-71,0.563,estonian_voro,lime_token.jsonl
/scratch/project_2006235/shibboleth/models/estonian_voro/iter7/model_fold8/ig_token.jsonl,/scratch/project_2005047/shibboleth/data/estonian_voro/iter_folds/iter7/dev_iter7_fold8_features.jsonl,4153,38.509,55.745,71.09,62.489,56.486,shibboleth/models/estonian_voro/iter7/model_fold8/ig_results.txt,99752028.0,5.751e-75,0.565,estonian_voro,ig_token.jsonl
/scratch/project_2006235/shibboleth/models/estonian_voro/iter7/model_fold8/loo_token.jsonl,/scratch/project_2005047/shibboleth/data/estonian_voro/iter_folds/iter7/dev_iter7_fold8_features.jsonl,4153,37.733,53.921,69.658,60.787,50.763,shibboleth/models/estonian_voro/iter7/model_fold8/loo_results.txt,89645879.5,0.01571,0.508,estonian_voro,loo_token.jsonl
/scratch/project_2006235/shibboleth/models/estonian_voro/iter7/model_fold8/shap_token.jsonl,/scratch/project_2005047/shibboleth/data/estonian_voro/iter_folds/iter7/dev_iter7_fold8_features.jsonl,4153,48.539,56.751,89.607,69.491,56.137,shibboleth/models/estonian_voro/iter7/model_fold8/shap_results.txt,99136280.0,2.382e-67,0.561,estonian_voro,shap_token.jsonl
/scratch/project_2006235/shibboleth/models/estonian_voro/iter7/model_fold4/lime_token.jsonl,/scratch/project_2005047/shibboleth/data/estonian_voro/iter_folds/iter7/dev_iter7_fold4_features.jsonl,4155,49.083,58.297,89.784,70.693,56.935,shibboleth/models/estonian_voro/iter7/model_fold4/lime_results.txt,105180198.0,3.207e-87,0.569,estonian_voro,lime_token.jsonl
/scratch/project_2006235/shibboleth/models/estonian_voro/iter7/model_fold4/ig_token.jsonl,/scratch/project_2005047/shibboleth/data/estonian_voro/iter_folds/iter7/dev_iter7_fold4_features.jsonl,4155,39.352,57.509,72.612,64.184,59.231,shibboleth/models/estonian_voro/iter7/model_fold4/ig_results.txt,107102544.0,2.762e-151,0.592,estonian_voro,ig_token.jsonl
/scratch/project_2006235/shibboleth/models/estonian_voro/iter7/model_fold4/loo_token.jsonl,/scratch/project_2005047/shibboleth/data/estonian_voro/iter_folds/iter7/dev_iter7_fold4_features.jsonl,4155,26.078,55.8,48.119,51.676,51.701,shibboleth/models/estonian_voro/iter7/model_fold4/loo_results.txt,93486382.5,6.013e-07,0.517,estonian_voro,loo_token.jsonl
/scratch/project_2006235/shibboleth/models/estonian_voro/iter7/model_fold4/shap_token.jsonl,/scratch/project_2005047/shibboleth/data/estonian_voro/iter_folds/iter7/dev_iter7_fold4_features.jsonl,4155,46.116,56.607,85.094,67.987,57.241,shibboleth/models/estonian_voro/iter7/model_fold4/shap_results.txt,103504291.0,5.794e-94,0.572,estonian_voro,shap_token.jsonl
/scratch/project_2006235/shibboleth/models/estonian_voro/iter7/model_fold7/lime_token.jsonl,/scratch/project_2005047/shibboleth/data/estonian_voro/iter_folds/iter7/dev_iter7_fold7_features.jsonl,4154,48.539,57.764,89.593,70.241,55.519,shibboleth/models/estonian_voro/iter7/model_fold7/lime_results.txt,101990939.0,6.396e-56,0.555,estonian_voro,lime_token.jsonl
/scratch/project_2006235/shibboleth/models/estonian_voro/iter7/model_fold7/ig_token.jsonl,/scratch/project_2005047/shibboleth/data/estonian_voro/iter_folds/iter7/dev_iter7_fold7_features.jsonl,4154,35.931,54.609,66.846,60.111,54.938,shibboleth/models/estonian_voro/iter7/model_fold7/ig_results.txt,98989540.0,8.494e-45,0.549,estonian_voro,ig_token.jsonl
/scratch/project_2006235/shibboleth/models/estonian_voro/iter7/model_fold7/loo_token.jsonl,/scratch/project_2005047/shibboleth/data/estonian_voro/iter_folds/iter7/dev_iter7_fold7_features.jsonl,4154,26.435,55.227,49.179,52.028,52.231,shibboleth/models/estonian_voro/iter7/model_fold7/loo_results.txt,94111803.5,1.223e-10,0.522,estonian_voro,loo_token.jsonl
/scratch/project_2006235/shibboleth/models/estonian_voro/iter7/model_fold7/shap_token.jsonl,/scratch/project_2005047/shibboleth/data/estonian_voro/iter_folds/iter7/dev_iter7_fold7_features.jsonl,4154,46.737,56.381,86.95,68.406,60.13,shibboleth/models/estonian_voro/iter7/model_fold7/shap_results.txt,108343517.0,1.655e-181,0.601,estonian_voro,shap_token.jsonl
/scratch/project_2006235/shibboleth/models/estonian_voro/iter7/model_fold3/lime_token.jsonl,/scratch/project_2005047/shibboleth/data/estonian_voro/iter_folds/iter7/dev_iter7_fold3_features.jsonl,4155,48.533,57.974,89.156,70.261,55.585,shibboleth/models/estonian_voro/iter7/model_fold3/lime_results.txt,104812668.0,6.53e-58,0.556,estonian_voro,lime_token.jsonl
/scratch/project_2006235/shibboleth/models/estonian_voro/iter7/model_fold3/ig_token.jsonl,/scratch/project_2005047/shibboleth/data/estonian_voro/iter_folds/iter7/dev_iter7_fold3_features.jsonl,4155,36.131,57.704,66.963,61.99,58.214,shibboleth/models/estonian_voro/iter7/model_fold3/ig_results.txt,107388597.0,1.719e-121,0.582,estonian_voro,ig_token.jsonl
/scratch/project_2006235/shibboleth/models/estonian_voro/iter7/model_fold3/loo_token.jsonl,/scratch/project_2005047/shibboleth/data/estonian_voro/iter_folds/iter7/dev_iter7_fold3_features.jsonl,4155,21.09,53.37,39.087,45.126,48.564,shibboleth/models/estonian_voro/iter7/model_fold3/loo_results.txt,89587689.0,1.0,0.486,estonian_voro,loo_token.jsonl
/scratch/project_2006235/shibboleth/models/estonian_voro/iter7/model_fold3/shap_token.jsonl,/scratch/project_2005047/shibboleth/data/estonian_voro/iter_folds/iter7/dev_iter7_fold3_features.jsonl,4155,47.16,57.131,87.403,69.097,57.68,shibboleth/models/estonian_voro/iter7/model_fold3/shap_results.txt,106404533.0,1.655e-106,0.577,estonian_voro,shap_token.jsonl
/scratch/project_2006235/shibboleth/models/estonian_voro/iter7/model_fold9/lime_token.jsonl,/scratch/project_2005047/shibboleth/data/estonian_voro/iter_folds/iter7/dev_iter7_fold9_features.jsonl,4153,48.376,57.654,88.849,69.93,55.857,shibboleth/models/estonian_voro/iter7/model_fold9/lime_results.txt,102496233.0,1.213e-62,0.559,estonian_voro,lime_token.jsonl
/scratch/project_2006235/shibboleth/models/estonian_voro/iter7/model_fold9/ig_token.jsonl,/scratch/project_2005047/shibboleth/data/estonian_voro/iter_folds/iter7/dev_iter7_fold9_features.jsonl,4153,35.608,55.421,65.94,60.225,54.992,shibboleth/models/estonian_voro/iter7/model_fold9/ig_results.txt,98982865.0,1.091e-45,0.55,estonian_voro,ig_token.jsonl
/scratch/project_2006235/shibboleth/models/estonian_voro/iter7/model_fold9/loo_token.jsonl,/scratch/project_2005047/shibboleth/data/estonian_voro/iter_folds/iter7/dev_iter7_fold9_features.jsonl,4153,20.756,55.376,38.437,45.377,51.528,shibboleth/models/estonian_voro/iter7/model_fold9/loo_results.txt,92749017.5,7.334e-06,0.515,estonian_voro,loo_token.jsonl
/scratch/project_2006235/shibboleth/models/estonian_voro/iter7/model_fold9/shap_token.jsonl,/scratch/project_2005047/shibboleth/data/estonian_voro/iter_folds/iter7/dev_iter7_fold9_features.jsonl,4153,44.367,57.154,82.159,67.413,57.156,shibboleth/models/estonian_voro/iter7/model_fold9/shap_results.txt,102877826.5,1.224e-91,0.572,estonian_voro,shap_token.jsonl
/scratch/project_2006235/shibboleth/models/estonian_voro/iter2/model_fold5/lime_token.jsonl,/scratch/project_2005047/shibboleth/data/estonian_voro/iter_folds/iter2/dev_iter2_fold5_features.jsonl,4155,48.588,58.488,88.68,70.487,55.842,shibboleth/models/estonian_voro/iter2/model_fold5/lime_results.txt,108218753.0,5.748e-64,0.558,estonian_voro,lime_token.jsonl
/scratch/project_2006235/shibboleth/models/estonian_voro/iter2/model_fold5/ig_token.jsonl,/scratch/project_2005047/shibboleth/data/estonian_voro/iter_folds/iter2/dev_iter2_fold5_features.jsonl,4155,36.919,55.709,67.935,61.218,55.773,shibboleth/models/estonian_voro/iter2/model_fold5/ig_results.txt,105831779.0,6.455e-62,0.558,estonian_voro,ig_token.jsonl
/scratch/project_2006235/shibboleth/models/estonian_voro/iter2/model_fold5/loo_token.jsonl,/scratch/project_2005047/shibboleth/data/estonian_voro/iter_folds/iter2/dev_iter2_fold5_features.jsonl,4155,24.761,54.149,45.563,49.486,49.617,shibboleth/models/estonian_voro/iter2/model_fold5/loo_results.txt,94151311.0,0.8669,0.496,estonian_voro,loo_token.jsonl
/scratch/project_2006235/shibboleth/models/estonian_voro/iter2/model_fold5/shap_token.jsonl,/scratch/project_2005047/shibboleth/data/estonian_voro/iter_folds/iter2/dev_iter2_fold5_features.jsonl,4155,47.219,57.492,86.887,69.197,57.394,shibboleth/models/estonian_voro/iter2/model_fold5/shap_results.txt,108908461.5,3.467e-100,0.574,estonian_voro,shap_token.jsonl
/scratch/project_2006235/shibboleth/models/estonian_voro/iter2/model_fold2/lime_token.jsonl,/scratch/project_2005047/shibboleth/data/estonian_voro/iter_folds/iter2/dev_iter2_fold2_features.jsonl,4155,48.569,57.592,89.618,70.121,56.315,shibboleth/models/estonian_voro/iter2/model_fold2/lime_results.txt,104786809.0,5.222e-73,0.563,estonian_voro,lime_token.jsonl
/scratch/project_2006235/shibboleth/models/estonian_voro/iter2/model_fold2/ig_token.jsonl,/scratch/project_2005047/shibboleth/data/estonian_voro/iter_folds/iter2/dev_iter2_fold2_features.jsonl,4155,37.648,54.49,70.105,61.319,54.143,shibboleth/models/estonian_voro/iter2/model_fold2/ig_results.txt,98582602.5,2.698e-32,0.541,estonian_voro,ig_token.jsonl
/scratch/project_2006235/shibboleth/models/estonian_voro/iter2/model_fold2/loo_token.jsonl,/scratch/project_2005047/shibboleth/data/estonian_voro/iter_folds/iter2/dev_iter2_fold2_features.jsonl,4155,31.315,56.025,58.312,57.146,53.2,shibboleth/models/estonian_voro/iter2/model_fold2/loo_results.txt,96865395.0,3.485e-20,0.532,estonian_voro,loo_token.jsonl
/scratch/project_2006235/shibboleth/models/estonian_voro/iter2/model_fold2/shap_token.jsonl,/scratch/project_2005047/shibboleth/data/estonian_voro/iter_folds/iter2/dev_iter2_fold2_features.jsonl,4155,47.797,56.86,89.004,69.39,58.279,shibboleth/models/estonian_voro/iter2/model_fold2/shap_results.txt,106113026.0,1.163e-122,0.583,estonian_voro,shap_token.jsonl
/scratch/project_2006235/shibboleth/models/estonian_voro/iter2/model_fold10/lime_token.jsonl,/scratch/project_2005047/shibboleth/data/estonian_voro/iter_folds/iter2/dev_iter2_fold10_features.jsonl,4153,48.753,58.495,88.344,70.386,56.85,shibboleth/models/estonian_voro/iter2/model_fold10/lime_results.txt,104883023.0,5.284e-85,0.569,estonian_voro,lime_token.jsonl
/scratch/project_2006235/shibboleth/models/estonian_voro/iter2/model_fold10/ig_token.jsonl,/scratch/project_2005047/shibboleth/data/estonian_voro/iter_folds/iter2/dev_iter2_fold10_features.jsonl,4153,40.271,56.233,73.553,63.737,56.365,shibboleth/models/estonian_voro/iter2/model_fold10/ig_results.txt,101898969.5,4.993e-73,0.564,estonian_voro,ig_token.jsonl
/scratch/project_2006235/shibboleth/models/estonian_voro/iter2/model_fold10/loo_token.jsonl,/scratch/project_2005047/shibboleth/data/estonian_voro/iter_folds/iter2/dev_iter2_fold10_features.jsonl,4153,36.862,55.431,67.328,60.803,51.618,shibboleth/models/estonian_voro/iter2/model_fold10/loo_results.txt,93317465.5,2.257e-06,0.516,estonian_voro,loo_token.jsonl
/scratch/project_2006235/shibboleth/models/estonian_voro/iter2/model_fold10/shap_token.jsonl,/scratch/project_2005047/shibboleth/data/estonian_voro/iter_folds/iter2/dev_iter2_fold10_features.jsonl,4153,49.035,56.647,89.562,69.399,57.185,shibboleth/models/estonian_voro/iter2/model_fold10/shap_results.txt,103381351.0,1.874e-92,0.572,estonian_voro,shap_token.jsonl
/scratch/project_2006235/shibboleth/models/estonian_voro/iter2/model_fold1/lime_token.jsonl,/scratch/project_2005047/shibboleth/data/estonian_voro/iter_folds/iter2/dev_iter2_fold1_features.jsonl,4155,48.449,57.289,89.604,69.892,56.552,shibboleth/models/estonian_voro/iter2/model_fold1/lime_results.txt,106470253.0,6.881e-79,0.566,estonian_voro,lime_token.jsonl
/scratch/project_2006235/shibboleth/models/estonian_voro/iter2/model_fold1/ig_token.jsonl,/scratch/project_2005047/shibboleth/data/estonian_voro/iter_folds/iter2/dev_iter2_fold1_features.jsonl,4155,36.526,55.83,68.126,61.368,56.72,shibboleth/models/estonian_voro/iter2/model_fold1/ig_results.txt,104583921.0,4.496e-82,0.567,estonian_voro,ig_token.jsonl
/scratch/project_2006235/shibboleth/models/estonian_voro/iter2/model_fold1/loo_token.jsonl,/scratch/project_2005047/shibboleth/data/estonian_voro/iter_folds/iter2/dev_iter2_fold1_features.jsonl,4155,22.484,57.299,41.936,48.428,53.441,shibboleth/models/estonian_voro/iter2/model_fold1/loo_results.txt,98537605.0,4.118e-24,0.534,estonian_voro,loo_token.jsonl
/scratch/project_2006235/shibboleth/models/estonian_voro/iter2/model_fold1/shap_token.jsonl,/scratch/project_2005047/shibboleth/data/estonian_voro/iter_folds/iter2/dev_iter2_fold1_features.jsonl,4155,47.246,56.346,88.119,68.739,57.777,shibboleth/models/estonian_voro/iter2/model_fold1/shap_results.txt,106533198.0,3.561e-109,0.578,estonian_voro,shap_token.jsonl
/scratch/project_2006235/shibboleth/models/estonian_voro/iter2/model_fold6/lime_token.jsonl,/scratch/project_2005047/shibboleth/data/estonian_voro/iter_folds/iter2/dev_iter2_fold6_features.jsonl,4154,48.845,58.043,89.55,70.433,56.469,shibboleth/models/estonian_voro/iter2/model_fold6/lime_results.txt,102809887.0,1.203e-75,0.565,estonian_voro,lime_token.jsonl
/scratch/project_2006235/shibboleth/models/estonian_voro/iter2/model_fold6/ig_token.jsonl,/scratch/project_2005047/shibboleth/data/estonian_voro/iter_folds/iter2/dev_iter2_fold6_features.jsonl,4154,42.679,55.592,78.874,65.217,58.978,shibboleth/models/estonian_voro/iter2/model_fold6/ig_results.txt,105219806.0,2.705e-142,0.59,estonian_voro,ig_token.jsonl
/scratch/project_2006235/shibboleth/models/estonian_voro/iter2/model_fold6/loo_token.jsonl,/scratch/project_2005047/shibboleth/data/estonian_voro/iter_folds/iter2/dev_iter2_fold6_features.jsonl,4154,18.985,55.894,35.086,43.111,51.358,shibboleth/models/estonian_voro/iter2/model_fold6/loo_results.txt,91626248.5,4.464e-05,0.514,estonian_voro,loo_token.jsonl
/scratch/project_2006235/shibboleth/models/estonian_voro/iter2/model_fold6/shap_token.jsonl,/scratch/project_2005047/shibboleth/data/estonian_voro/iter_folds/iter2/dev_iter2_fold6_features.jsonl,4154,48.285,56.858,89.234,69.458,58.941,shibboleth/models/estonian_voro/iter2/model_fold6/shap_results.txt,105154689.5,3.698e-141,0.589,estonian_voro,shap_token.jsonl
/scratch/project_2006235/shibboleth/models/estonian_voro/iter2/model_fold8/lime_token.jsonl,/scratch/project_2005047/shibboleth/data/estonian_voro/iter_folds/iter2/dev_iter2_fold8_features.jsonl,4153,48.169,57.98,89.208,70.282,57.086,shibboleth/models/estonian_voro/iter2/model_fold8/lime_results.txt,105518435.0,4.312e-91,0.571,estonian_voro,lime_token.jsonl
/scratch/project_2006235/shibboleth/models/estonian_voro/iter2/model_fold8/ig_token.jsonl,/scratch/project_2005047/shibboleth/data/estonian_voro/iter_folds/iter2/dev_iter2_fold8_features.jsonl,4153,43.592,56.018,81.409,66.368,60.63,shibboleth/models/estonian_voro/iter2/model_fold8/ig_results.txt,109972694.5,2.298e-200,0.606,estonian_voro,ig_token.jsonl
/scratch/project_2006235/shibboleth/models/estonian_voro/iter2/model_fold8/loo_token.jsonl,/scratch/project_2005047/shibboleth/data/estonian_voro/iter_folds/iter2/dev_iter2_fold8_features.jsonl,4153,31.705,54.246,59.209,56.619,52.047,shibboleth/models/estonian_voro/iter2/model_fold8/loo_results.txt,94405181.5,3.069e-09,0.52,estonian_voro,loo_token.jsonl
/scratch/project_2006235/shibboleth/models/estonian_voro/iter2/model_fold8/shap_token.jsonl,/scratch/project_2005047/shibboleth/data/estonian_voro/iter_folds/iter2/dev_iter2_fold8_features.jsonl,4153,46.438,56.73,86.723,68.591,59.153,shibboleth/models/estonian_voro/iter2/model_fold8/shap_results.txt,107294490.0,3.545e-149,0.592,estonian_voro,shap_token.jsonl
/scratch/project_2006235/shibboleth/models/estonian_voro/iter2/model_fold4/lime_token.jsonl,/scratch/project_2005047/shibboleth/data/estonian_voro/iter_folds/iter2/dev_iter2_fold4_features.jsonl,4155,49.463,58.858,89.79,71.106,57.03,shibboleth/models/estonian_voro/iter2/model_fold4/lime_results.txt,103508804.0,1.047e-88,0.57,estonian_voro,lime_token.jsonl
/scratch/project_2006235/shibboleth/models/estonian_voro/iter2/model_fold4/ig_token.jsonl,/scratch/project_2005047/shibboleth/data/estonian_voro/iter_folds/iter2/dev_iter2_fold4_features.jsonl,4155,36.707,56.437,67.16,61.333,55.938,shibboleth/models/estonian_voro/iter2/model_fold4/ig_results.txt,99641288.0,2.174e-63,0.559,estonian_voro,ig_token.jsonl
/scratch/project_2006235/shibboleth/models/estonian_voro/iter2/model_fold4/loo_token.jsonl,/scratch/project_2005047/shibboleth/data/estonian_voro/iter_folds/iter2/dev_iter2_fold4_features.jsonl,4155,17.275,56.406,31.606,40.512,50.105,shibboleth/models/estonian_voro/iter2/model_fold4/loo_results.txt,89251933.0,0.381,0.501,estonian_voro,loo_token.jsonl
/scratch/project_2006235/shibboleth/models/estonian_voro/iter2/model_fold4/shap_token.jsonl,/scratch/project_2005047/shibboleth/data/estonian_voro/iter_folds/iter2/dev_iter2_fold4_features.jsonl,4155,47.319,58.066,86.576,69.511,58.663,shibboleth/models/estonian_voro/iter2/model_fold4/shap_results.txt,104494987.5,2.008e-132,0.587,estonian_voro,shap_token.jsonl
/scratch/project_2006235/shibboleth/models/estonian_voro/iter2/model_fold7/lime_token.jsonl,/scratch/project_2005047/shibboleth/data/estonian_voro/iter_folds/iter2/dev_iter2_fold7_features.jsonl,4154,48.297,57.66,89.19,70.04,56.544,shibboleth/models/estonian_voro/iter2/model_fold7/lime_results.txt,104570825.0,5.276e-78,0.565,estonian_voro,lime_token.jsonl
/scratch/project_2006235/shibboleth/models/estonian_voro/iter2/model_fold7/ig_token.jsonl,/scratch/project_2005047/shibboleth/data/estonian_voro/iter_folds/iter2/dev_iter2_fold7_features.jsonl,4154,38.542,54.465,71.782,61.936,55.159,shibboleth/models/estonian_voro/iter2/model_fold7/ig_results.txt,99938833.0,7.691e-49,0.552,estonian_voro,ig_token.jsonl
/scratch/project_2006235/shibboleth/models/estonian_voro/iter2/model_fold7/loo_token.jsonl,/scratch/project_2005047/shibboleth/data/estonian_voro/iter_folds/iter2/dev_iter2_fold7_features.jsonl,4154,26.103,56.077,48.615,52.08,52.413,shibboleth/models/estonian_voro/iter2/model_fold7/loo_results.txt,94963985.0,3.291e-12,0.524,estonian_voro,loo_token.jsonl
/scratch/project_2006235/shibboleth/models/estonian_voro/iter2/model_fold7/shap_token.jsonl,/scratch/project_2005047/shibboleth/data/estonian_voro/iter_folds/iter2/dev_iter2_fold7_features.jsonl,4154,48.568,56.523,90.456,69.573,57.728,shibboleth/models/estonian_voro/iter2/model_fold7/shap_results.txt,104592107.5,6.829e-107,0.577,estonian_voro,shap_token.jsonl
/scratch/project_2006235/shibboleth/models/estonian_voro/iter2/model_fold3/lime_token.jsonl,/scratch/project_2005047/shibboleth/data/estonian_voro/iter_folds/iter2/dev_iter2_fold3_features.jsonl,4155,48.5,58.342,88.236,70.241,56.193,shibboleth/models/estonian_voro/iter2/model_fold3/lime_results.txt,106125481.0,1.033e-70,0.562,estonian_voro,lime_token.jsonl
/scratch/project_2006235/shibboleth/models/estonian_voro/iter2/model_fold3/ig_token.jsonl,/scratch/project_2005047/shibboleth/data/estonian_voro/iter_folds/iter2/dev_iter2_fold3_features.jsonl,4155,35.332,55.51,64.875,59.828,54.939,shibboleth/models/estonian_voro/iter2/model_fold3/ig_results.txt,101552093.0,2.594e-45,0.549,estonian_voro,ig_token.jsonl
/scratch/project_2006235/shibboleth/models/estonian_voro/iter2/model_fold3/loo_token.jsonl,/scratch/project_2005047/shibboleth/data/estonian_voro/iter_folds/iter2/dev_iter2_fold3_features.jsonl,4155,34.264,55.323,62.913,58.875,52.616,shibboleth/models/estonian_voro/iter2/model_fold3/loo_results.txt,97257057.5,4.485e-14,0.526,estonian_voro,loo_token.jsonl
/scratch/project_2006235/shibboleth/models/estonian_voro/iter2/model_fold3/shap_token.jsonl,/scratch/project_2005047/shibboleth/data/estonian_voro/iter_folds/iter2/dev_iter2_fold3_features.jsonl,4155,46.859,57.198,86.039,68.715,58.995,shibboleth/models/estonian_voro/iter2/model_fold3/shap_results.txt,109049338.5,2.844e-145,0.59,estonian_voro,shap_token.jsonl
/scratch/project_2006235/shibboleth/models/estonian_voro/iter2/model_fold9/lime_token.jsonl,/scratch/project_2005047/shibboleth/data/estonian_voro/iter_folds/iter2/dev_iter2_fold9_features.jsonl,4153,47.877,58.314,87.842,70.095,56.464,shibboleth/models/estonian_voro/iter2/model_fold9/lime_results.txt,106954026.0,5.206e-77,0.565,estonian_voro,lime_token.jsonl
/scratch/project_2006235/shibboleth/models/estonian_voro/iter2/model_fold9/ig_token.jsonl,/scratch/project_2005047/shibboleth/data/estonian_voro/iter_folds/iter2/dev_iter2_fold9_features.jsonl,4153,42.749,56.27,79.085,65.755,59.634,shibboleth/models/estonian_voro/iter2/model_fold9/ig_results.txt,110740881.0,8.484e-167,0.596,estonian_voro,ig_token.jsonl
/scratch/project_2006235/shibboleth/models/estonian_voro/iter2/model_fold9/loo_token.jsonl,/scratch/project_2005047/shibboleth/data/estonian_voro/iter_folds/iter2/dev_iter2_fold9_features.jsonl,4153,28.412,54.74,52.561,53.628,51.012,shibboleth/models/estonian_voro/iter2/model_fold9/loo_results.txt,94728478.5,0.00193,0.51,estonian_voro,loo_token.jsonl
/scratch/project_2006235/shibboleth/models/estonian_voro/iter2/model_fold9/shap_token.jsonl,/scratch/project_2005047/shibboleth/data/estonian_voro/iter_folds/iter2/dev_iter2_fold9_features.jsonl,4153,47.732,56.843,88.302,69.163,59.059,shibboleth/models/estonian_voro/iter2/model_fold9/shap_results.txt,109672921.0,9.487e-148,0.591,estonian_voro,shap_token.jsonl
/scratch/project_2006235/shibboleth/models/estonian_voro/iter3/model_fold5/lime_token.jsonl,/scratch/project_2005047/shibboleth/data/estonian_voro/iter_folds/iter3/dev_iter3_fold5_features.jsonl,4155,47.966,57.473,89.129,69.883,56.933,shibboleth/models/estonian_voro/iter3/model_fold5/lime_results.txt,108728337.0,1.031e-88,0.569,estonian_voro,lime_token.jsonl
/scratch/project_2006235/shibboleth/models/estonian_voro/iter3/model_fold5/ig_token.jsonl,/scratch/project_2005047/shibboleth/data/estonian_voro/iter_folds/iter3/dev_iter3_fold5_features.jsonl,4155,37.506,54.256,70.34,61.26,55.199,shibboleth/models/estonian_voro/iter3/model_fold5/ig_results.txt,103113434.5,2.555e-50,0.552,estonian_voro,ig_token.jsonl
/scratch/project_2006235/shibboleth/models/estonian_voro/iter3/model_fold5/loo_token.jsonl,/scratch/project_2005047/shibboleth/data/estonian_voro/iter_folds/iter3/dev_iter3_fold5_features.jsonl,4155,15.013,55.002,28.155,37.245,51.008,shibboleth/models/estonian_voro/iter3/model_fold5/loo_results.txt,95283866.5,0.001523,0.51,estonian_voro,loo_token.jsonl
/scratch/project_2006235/shibboleth/models/estonian_voro/iter3/model_fold5/shap_token.jsonl,/scratch/project_2005047/shibboleth/data/estonian_voro/iter_folds/iter3/dev_iter3_fold5_features.jsonl,4155,46.11,56.364,86.476,68.246,57.819,shibboleth/models/estonian_voro/iter3/model_fold5/shap_results.txt,108008059.5,4.284e-111,0.578,estonian_voro,shap_token.jsonl
/scratch/project_2006235/shibboleth/models/estonian_voro/iter3/model_fold2/lime_token.jsonl,/scratch/project_2005047/shibboleth/data/estonian_voro/iter_folds/iter3/dev_iter3_fold2_features.jsonl,4155,48.767,58.593,89.262,70.747,56.694,shibboleth/models/estonian_voro/iter3/model_fold2/lime_results.txt,108669110.0,6.994e-83,0.567,estonian_voro,lime_token.jsonl
/scratch/project_2006235/shibboleth/models/estonian_voro/iter3/model_fold2/ig_token.jsonl,/scratch/project_2005047/shibboleth/data/estonian_voro/iter_folds/iter3/dev_iter3_fold2_features.jsonl,4155,35.606,55.498,65.696,60.168,54.806,shibboleth/models/estonian_voro/iter3/model_fold2/ig_results.txt,103037910.0,2.216e-43,0.548,estonian_voro,ig_token.jsonl
/scratch/project_2006235/shibboleth/models/estonian_voro/iter3/model_fold2/loo_token.jsonl,/scratch/project_2005047/shibboleth/data/estonian_voro/iter_folds/iter3/dev_iter3_fold2_features.jsonl,4155,13.501,56.673,24.91,34.608,49.945,shibboleth/models/estonian_voro/iter3/model_fold2/loo_results.txt,93897899.5,0.5648,0.499,estonian_voro,loo_token.jsonl
/scratch/project_2006235/shibboleth/models/estonian_voro/iter3/model_fold2/shap_token.jsonl,/scratch/project_2005047/shibboleth/data/estonian_voro/iter_folds/iter3/dev_iter3_fold2_features.jsonl,4155,46.625,57.345,86.025,68.816,57.857,shibboleth/models/estonian_voro/iter3/model_fold2/shap_results.txt,108774072.5,2.31e-112,0.579,estonian_voro,shap_token.jsonl
/scratch/project_2006235/shibboleth/models/estonian_voro/iter3/model_fold10/lime_token.jsonl,/scratch/project_2005047/shibboleth/data/estonian_voro/iter_folds/iter3/dev_iter3_fold10_features.jsonl,4153,48.925,58.258,89.719,70.644,57.239,shibboleth/models/estonian_voro/iter3/model_fold10/lime_results.txt,109359743.0,1.969e-96,0.572,estonian_voro,lime_token.jsonl
/scratch/project_2006235/shibboleth/models/estonian_voro/iter3/model_fold10/ig_token.jsonl,/scratch/project_2005047/shibboleth/data/estonian_voro/iter_folds/iter3/dev_iter3_fold10_features.jsonl,4153,39.143,56.392,72.429,63.412,57.264,shibboleth/models/estonian_voro/iter3/model_fold10/ig_results.txt,107139241.0,3.712e-96,0.573,estonian_voro,ig_token.jsonl
/scratch/project_2006235/shibboleth/models/estonian_voro/iter3/model_fold10/loo_token.jsonl,/scratch/project_2005047/shibboleth/data/estonian_voro/iter_folds/iter3/dev_iter3_fold10_features.jsonl,4153,30.361,56.845,56.179,56.51,54.003,shibboleth/models/estonian_voro/iter3/model_fold10/loo_results.txt,101038331.5,7.269e-31,0.54,estonian_voro,loo_token.jsonl
/scratch/project_2006235/shibboleth/models/estonian_voro/iter3/model_fold10/shap_token.jsonl,/scratch/project_2005047/shibboleth/data/estonian_voro/iter_folds/iter3/dev_iter3_fold10_features.jsonl,4153,46.204,57.092,85.494,68.464,58.008,shibboleth/models/estonian_voro/iter3/model_fold10/shap_results.txt,108532316.5,2.143e-116,0.58,estonian_voro,shap_token.jsonl
/scratch/project_2006235/shibboleth/models/estonian_voro/iter3/model_fold1/lime_token.jsonl,/scratch/project_2005047/shibboleth/data/estonian_voro/iter_folds/iter3/dev_iter3_fold1_features.jsonl,4155,48.983,58.278,89.405,70.561,56.635,shibboleth/models/estonian_voro/iter3/model_fold1/lime_results.txt,105636734.0,2.231e-80,0.566,estonian_voro,lime_token.jsonl
/scratch/project_2006235/shibboleth/models/estonian_voro/iter3/model_fold1/ig_token.jsonl,/scratch/project_2005047/shibboleth/data/estonian_voro/iter_folds/iter3/dev_iter3_fold1_features.jsonl,4155,36.424,55.528,67.026,60.738,56.063,shibboleth/models/estonian_voro/iter3/model_fold1/ig_results.txt,102546997.5,6.955e-67,0.561,estonian_voro,ig_token.jsonl
/scratch/project_2006235/shibboleth/models/estonian_voro/iter3/model_fold1/loo_token.jsonl,/scratch/project_2005047/shibboleth/data/estonian_voro/iter_folds/iter3/dev_iter3_fold1_features.jsonl,4155,36.163,56.077,66.545,60.864,54.114,shibboleth/models/estonian_voro/iter3/model_fold1/loo_results.txt,98982559.5,6.54e-32,0.541,estonian_voro,loo_token.jsonl
/scratch/project_2006235/shibboleth/models/estonian_voro/iter3/model_fold1/shap_token.jsonl,/scratch/project_2005047/shibboleth/data/estonian_voro/iter_folds/iter3/dev_iter3_fold1_features.jsonl,4155,48.122,56.75,88.55,69.17,58.291,shibboleth/models/estonian_voro/iter3/model_fold1/shap_results.txt,106621750.5,3.831e-123,0.583,estonian_voro,shap_token.jsonl
/scratch/project_2006235/shibboleth/models/estonian_voro/iter3/model_fold6/lime_token.jsonl,/scratch/project_2005047/shibboleth/data/estonian_voro/iter_folds/iter3/dev_iter3_fold6_features.jsonl,4154,48.625,58.345,88.89,70.449,56.664,shibboleth/models/estonian_voro/iter3/model_fold6/lime_results.txt,103803741.0,2.345e-80,0.567,estonian_voro,lime_token.jsonl
/scratch/project_2006235/shibboleth/models/estonian_voro/iter3/model_fold6/ig_token.jsonl,/scratch/project_2005047/shibboleth/data/estonian_voro/iter_folds/iter3/dev_iter3_fold6_features.jsonl,4154,42.18,56.437,77.728,65.393,59.305,shibboleth/models/estonian_voro/iter3/model_fold6/ig_results.txt,106465441.0,4.038e-153,0.593,estonian_voro,ig_token.jsonl
/scratch/project_2006235/shibboleth/models/estonian_voro/iter3/model_fold6/loo_token.jsonl,/scratch/project_2005047/shibboleth/data/estonian_voro/iter_folds/iter3/dev_iter3_fold6_features.jsonl,4154,33.038,55.225,60.88,57.914,52.422,shibboleth/models/estonian_voro/iter3/model_fold6/loo_results.txt,94109431.5,3.493e-12,0.524,estonian_voro,loo_token.jsonl
/scratch/project_2006235/shibboleth/models/estonian_voro/iter3/model_fold6/shap_token.jsonl,/scratch/project_2005047/shibboleth/data/estonian_voro/iter_folds/iter3/dev_iter3_fold6_features.jsonl,4154,47.979,57.843,88.412,69.933,58.835,shibboleth/models/estonian_voro/iter3/model_fold6/shap_results.txt,105621844.5,2.836e-138,0.588,estonian_voro,shap_token.jsonl
/scratch/project_2006235/shibboleth/models/estonian_voro/iter3/model_fold8/lime_token.jsonl,/scratch/project_2005047/shibboleth/data/estonian_voro/iter_folds/iter3/dev_iter3_fold8_features.jsonl,4153,48.622,57.594,89.639,70.13,55.464,shibboleth/models/estonian_voro/iter3/model_fold8/lime_results.txt,101582143.0,9.026e-55,0.555,estonian_voro,lime_token.jsonl
/scratch/project_2006235/shibboleth/models/estonian_voro/iter3/model_fold8/ig_token.jsonl,/scratch/project_2005047/shibboleth/data/estonian_voro/iter_folds/iter3/dev_iter3_fold8_features.jsonl,4153,38.577,55.125,71.786,62.362,56.346,shibboleth/models/estonian_voro/iter3/model_fold8/ig_results.txt,100919143.0,2.196e-72,0.563,estonian_voro,ig_token.jsonl
/scratch/project_2006235/shibboleth/models/estonian_voro/iter3/model_fold8/loo_token.jsonl,/scratch/project_2005047/shibboleth/data/estonian_voro/iter_folds/iter3/dev_iter3_fold8_features.jsonl,4153,26.548,54.838,49.401,51.978,51.115,shibboleth/models/estonian_voro/iter3/model_fold8/loo_results.txt,91550563.0,0.0007538,0.511,estonian_voro,loo_token.jsonl
/scratch/project_2006235/shibboleth/models/estonian_voro/iter3/model_fold8/shap_token.jsonl,/scratch/project_2005047/shibboleth/data/estonian_voro/iter_folds/iter3/dev_iter3_fold8_features.jsonl,4153,47.522,55.856,88.43,68.466,57.855,shibboleth/models/estonian_voro/iter3/model_fold8/shap_results.txt,103623383.0,9.399e-110,0.579,estonian_voro,shap_token.jsonl
/scratch/project_2006235/shibboleth/models/estonian_voro/iter3/model_fold4/lime_token.jsonl,/scratch/project_2005047/shibboleth/data/estonian_voro/iter_folds/iter3/dev_iter3_fold4_features.jsonl,4155,48.063,57.814,88.57,69.961,56.722,shibboleth/models/estonian_voro/iter3/model_fold4/lime_results.txt,107173935.0,5.043e-83,0.567,estonian_voro,lime_token.jsonl
/scratch/project_2006235/shibboleth/models/estonian_voro/iter3/model_fold4/ig_token.jsonl,/scratch/project_2005047/shibboleth/data/estonian_voro/iter_folds/iter3/dev_iter3_fold4_features.jsonl,4155,38.844,54.878,72.254,62.378,55.623,shibboleth/models/estonian_voro/iter3/model_fold4/ig_results.txt,102717539.0,3.848e-58,0.556,estonian_voro,ig_token.jsonl
/scratch/project_2006235/shibboleth/models/estonian_voro/iter3/model_fold4/loo_token.jsonl,/scratch/project_2005047/shibboleth/data/estonian_voro/iter_folds/iter3/dev_iter3_fold4_features.jsonl,4155,35.02,51.12,65.14,57.285,49.052,shibboleth/models/estonian_voro/iter3/model_fold4/loo_results.txt,90583062.0,0.9966,0.491,estonian_voro,loo_token.jsonl
/scratch/project_2006235/shibboleth/models/estonian_voro/iter3/model_fold4/shap_token.jsonl,/scratch/project_2005047/shibboleth/data/estonian_voro/iter_folds/iter3/dev_iter3_fold4_features.jsonl,4155,48.258,55.881,89.766,68.882,56.893,shibboleth/models/estonian_voro/iter3/model_fold4/shap_results.txt,105064099.0,2.646e-86,0.569,estonian_voro,shap_token.jsonl
/scratch/project_2006235/shibboleth/models/estonian_voro/iter3/model_fold7/lime_token.jsonl,/scratch/project_2005047/shibboleth/data/estonian_voro/iter_folds/iter3/dev_iter3_fold7_features.jsonl,4154,48.77,58.459,88.858,70.522,56.544,shibboleth/models/estonian_voro/iter3/model_fold7/lime_results.txt,107022622.0,8.552e-79,0.565,estonian_voro,lime_token.jsonl
/scratch/project_2006235/shibboleth/models/estonian_voro/iter3/model_fold7/ig_token.jsonl,/scratch/project_2005047/shibboleth/data/estonian_voro/iter_folds/iter3/dev_iter3_fold7_features.jsonl,4154,37.937,56.109,69.661,62.155,56.281,shibboleth/models/estonian_voro/iter3/model_fold7/ig_results.txt,104538865.0,3.789e-72,0.563,estonian_voro,ig_token.jsonl
/scratch/project_2006235/shibboleth/models/estonian_voro/iter3/model_fold7/loo_token.jsonl,/scratch/project_2005047/shibboleth/data/estonian_voro/iter_folds/iter3/dev_iter3_fold7_features.jsonl,4154,30.639,53.537,56.261,54.865,49.77,shibboleth/models/estonian_voro/iter3/model_fold7/loo_results.txt,92444990.5,0.7445,0.498,estonian_voro,loo_token.jsonl
/scratch/project_2006235/shibboleth/models/estonian_voro/iter3/model_fold7/shap_token.jsonl,/scratch/project_2005047/shibboleth/data/estonian_voro/iter_folds/iter3/dev_iter3_fold7_features.jsonl,4154,48.549,56.811,89.147,69.398,57.59,shibboleth/models/estonian_voro/iter3/model_fold7/shap_results.txt,106969209.0,2.526e-104,0.576,estonian_voro,shap_token.jsonl
/scratch/project_2006235/shibboleth/models/estonian_voro/iter3/model_fold3/lime_token.jsonl,/scratch/project_2005047/shibboleth/data/estonian_voro/iter_folds/iter3/dev_iter3_fold3_features.jsonl,4155,48.687,58.194,88.868,70.332,55.94,shibboleth/models/estonian_voro/iter3/model_fold3/lime_results.txt,102740766.0,2.301e-64,0.559,estonian_voro,lime_token.jsonl
/scratch/project_2006235/shibboleth/models/estonian_voro/iter3/model_fold3/ig_token.jsonl,/scratch/project_2005047/shibboleth/data/estonian_voro/iter_folds/iter3/dev_iter3_fold3_features.jsonl,4155,38.456,55.937,70.729,62.469,56.124,shibboleth/models/estonian_voro/iter3/model_fold3/ig_results.txt,101151324.5,1.058e-67,0.561,estonian_voro,ig_token.jsonl
/scratch/project_2006235/shibboleth/models/estonian_voro/iter3/model_fold3/loo_token.jsonl,/scratch/project_2005047/shibboleth/data/estonian_voro/iter_folds/iter3/dev_iter3_fold3_features.jsonl,4155,38.248,55.551,70.347,62.08,53.78,shibboleth/models/estonian_voro/iter3/model_fold3/loo_results.txt,96927696.0,4.652e-27,0.538,estonian_voro,loo_token.jsonl
/scratch/project_2006235/shibboleth/models/estonian_voro/iter3/model_fold3/shap_token.jsonl,/scratch/project_2005047/shibboleth/data/estonian_voro/iter_folds/iter3/dev_iter3_fold3_features.jsonl,4155,45.822,56.389,84.277,67.568,55.605,shibboleth/models/estonian_voro/iter3/model_fold3/shap_results.txt,100215991.5,4.648e-57,0.556,estonian_voro,shap_token.jsonl
/scratch/project_2006235/shibboleth/models/estonian_voro/iter3/model_fold9/lime_token.jsonl,/scratch/project_2005047/shibboleth/data/estonian_voro/iter_folds/iter3/dev_iter3_fold9_features.jsonl,4153,47.333,58.266,86.286,69.56,57.024,shibboleth/models/estonian_voro/iter3/model_fold9/lime_results.txt,100348523.0,2.836e-87,0.57,estonian_voro,lime_token.jsonl
/scratch/project_2006235/shibboleth/models/estonian_voro/iter3/model_fold9/ig_token.jsonl,/scratch/project_2005047/shibboleth/data/estonian_voro/iter_folds/iter3/dev_iter3_fold9_features.jsonl,4153,38.995,55.208,71.62,62.352,54.69,shibboleth/models/estonian_voro/iter3/model_fold9/ig_results.txt,94465517.5,9.472e-40,0.547,estonian_voro,ig_token.jsonl
/scratch/project_2006235/shibboleth/models/estonian_voro/iter3/model_fold9/loo_token.jsonl,/scratch/project_2005047/shibboleth/data/estonian_voro/iter_folds/iter3/dev_iter3_fold9_features.jsonl,4153,34.257,54.957,62.918,58.669,51.924,shibboleth/models/estonian_voro/iter3/model_fold9/loo_results.txt,89687948.0,3.507e-08,0.519,estonian_voro,loo_token.jsonl
/scratch/project_2006235/shibboleth/models/estonian_voro/iter3/model_fold9/shap_token.jsonl,/scratch/project_2005047/shibboleth/data/estonian_voro/iter_folds/iter3/dev_iter3_fold9_features.jsonl,4153,48.168,57.65,88.469,69.809,59.367,shibboleth/models/estonian_voro/iter3/model_fold9/shap_results.txt,102545441.5,3.515e-152,0.594,estonian_voro,shap_token.jsonl
/scratch/project_2006235/shibboleth/models/estonian_voro/iter8/model_fold5/lime_token.jsonl,/scratch/project_2005047/shibboleth/data/estonian_voro/iter_folds/iter8/dev_iter8_fold5_features.jsonl,4155,48.478,57.61,89.23,70.016,56.054,shibboleth/models/estonian_voro/iter8/model_fold5/lime_results.txt,106575443.0,5.916e-68,0.561,estonian_voro,lime_token.jsonl
/scratch/project_2006235/shibboleth/models/estonian_voro/iter8/model_fold5/ig_token.jsonl,/scratch/project_2005047/shibboleth/data/estonian_voro/iter_folds/iter8/dev_iter8_fold5_features.jsonl,4155,37.196,56.041,68.995,61.847,56.757,shibboleth/models/estonian_voro/iter8/model_fold5/ig_results.txt,105818762.0,2.203e-83,0.568,estonian_voro,ig_token.jsonl
/scratch/project_2006235/shibboleth/models/estonian_voro/iter8/model_fold5/loo_token.jsonl,/scratch/project_2005047/shibboleth/data/estonian_voro/iter_folds/iter8/dev_iter8_fold5_features.jsonl,4155,33.336,53.542,61.835,57.39,49.991,shibboleth/models/estonian_voro/iter8/model_fold5/loo_results.txt,93203008.5,0.5106,0.5,estonian_voro,loo_token.jsonl
/scratch/project_2006235/shibboleth/models/estonian_voro/iter8/model_fold5/shap_token.jsonl,/scratch/project_2005047/shibboleth/data/estonian_voro/iter_folds/iter8/dev_iter8_fold5_features.jsonl,4155,47.977,57.188,88.993,69.631,58.742,shibboleth/models/estonian_voro/iter8/model_fold5/shap_results.txt,109519269.0,4.78e-138,0.587,estonian_voro,shap_token.jsonl
/scratch/project_2006235/shibboleth/models/estonian_voro/iter8/model_fold2/lime_token.jsonl,/scratch/project_2005047/shibboleth/data/estonian_voro/iter_folds/iter8/dev_iter8_fold2_features.jsonl,4155,48.855,58.666,89.323,70.819,56.831,shibboleth/models/estonian_voro/iter8/model_fold2/lime_results.txt,103815065.0,3.301e-84,0.568,estonian_voro,lime_token.jsonl
/scratch/project_2006235/shibboleth/models/estonian_voro/iter8/model_fold2/ig_token.jsonl,/scratch/project_2005047/shibboleth/data/estonian_voro/iter_folds/iter8/dev_iter8_fold2_features.jsonl,4155,39.523,55.182,72.868,62.804,56.287,shibboleth/models/estonian_voro/iter8/model_fold2/ig_results.txt,100780053.0,5.064e-71,0.563,estonian_voro,ig_token.jsonl
/scratch/project_2006235/shibboleth/models/estonian_voro/iter8/model_fold2/loo_token.jsonl,/scratch/project_2005047/shibboleth/data/estonian_voro/iter_folds/iter8/dev_iter8_fold2_features.jsonl,4155,36.492,54.381,67.279,60.147,51.805,shibboleth/models/estonian_voro/iter8/model_fold2/loo_results.txt,92755531.5,1.658e-07,0.518,estonian_voro,loo_token.jsonl
/scratch/project_2006235/shibboleth/models/estonian_voro/iter8/model_fold2/shap_token.jsonl,/scratch/project_2005047/shibboleth/data/estonian_voro/iter_folds/iter8/dev_iter8_fold2_features.jsonl,4155,48.925,56.59,90.202,69.548,58.003,shibboleth/models/estonian_voro/iter8/model_fold2/shap_results.txt,103852371.5,1.032e-113,0.58,estonian_voro,shap_token.jsonl
/scratch/project_2006235/shibboleth/models/estonian_voro/iter8/model_fold10/lime_token.jsonl,/scratch/project_2005047/shibboleth/data/estonian_voro/iter_folds/iter8/dev_iter8_fold10_features.jsonl,4153,48.458,58.168,88.987,70.35,57.177,shibboleth/models/estonian_voro/iter8/model_fold10/lime_results.txt,109610545.0,5.428e-95,0.572,estonian_voro,lime_token.jsonl
/scratch/project_2006235/shibboleth/models/estonian_voro/iter8/model_fold10/ig_token.jsonl,/scratch/project_2005047/shibboleth/data/estonian_voro/iter_folds/iter8/dev_iter8_fold10_features.jsonl,4153,38.095,55.452,70.603,62.117,55.996,shibboleth/models/estonian_voro/iter8/model_fold10/ig_results.txt,105129850.0,2.438e-66,0.56,estonian_voro,ig_token.jsonl
/scratch/project_2006235/shibboleth/models/estonian_voro/iter8/model_fold10/loo_token.jsonl,/scratch/project_2005047/shibboleth/data/estonian_voro/iter_folds/iter8/dev_iter8_fold10_features.jsonl,4153,31.247,54.018,57.912,55.897,51.262,shibboleth/models/estonian_voro/iter8/model_fold10/loo_results.txt,96241017.0,0.000152,0.513,estonian_voro,loo_token.jsonl
/scratch/project_2006235/shibboleth/models/estonian_voro/iter8/model_fold10/shap_token.jsonl,/scratch/project_2005047/shibboleth/data/estonian_voro/iter_folds/iter8/dev_iter8_fold10_features.jsonl,4153,48.05,56.525,89.054,69.155,57.831,shibboleth/models/estonian_voro/iter8/model_fold10/shap_results.txt,108574917.5,1.326e-111,0.578,estonian_voro,shap_token.jsonl
/scratch/project_2006235/shibboleth/models/estonian_voro/iter8/model_fold1/lime_token.jsonl,/scratch/project_2005047/shibboleth/data/estonian_voro/iter_folds/iter8/dev_iter8_fold1_features.jsonl,4155,49.141,58.106,90.195,70.679,56.959,shibboleth/models/estonian_voro/iter8/model_fold1/lime_results.txt,105610307.0,5.331e-88,0.57,estonian_voro,lime_token.jsonl
/scratch/project_2006235/shibboleth/models/estonian_voro/iter8/model_fold1/ig_token.jsonl,/scratch/project_2005047/shibboleth/data/estonian_voro/iter_folds/iter8/dev_iter8_fold1_features.jsonl,4155,37.795,54.966,69.929,61.551,55.394,shibboleth/models/estonian_voro/iter8/model_fold1/ig_results.txt,100743786.5,2.95e-53,0.554,estonian_voro,ig_token.jsonl
/scratch/project_2006235/shibboleth/models/estonian_voro/iter8/model_fold1/loo_token.jsonl,/scratch/project_2005047/shibboleth/data/estonian_voro/iter_folds/iter8/dev_iter8_fold1_features.jsonl,4155,22.801,57.11,42.187,48.527,52.116,shibboleth/models/estonian_voro/iter8/model_fold1/loo_results.txt,94782598.5,6.642e-10,0.521,estonian_voro,loo_token.jsonl
/scratch/project_2006235/shibboleth/models/estonian_voro/iter8/model_fold1/shap_token.jsonl,/scratch/project_2005047/shibboleth/data/estonian_voro/iter_folds/iter8/dev_iter8_fold1_features.jsonl,4155,45.679,56.816,84.517,67.952,57.267,shibboleth/models/estonian_voro/iter8/model_fold1/shap_results.txt,104149881.5,6.637e-95,0.573,estonian_voro,shap_token.jsonl
/scratch/project_2006235/shibboleth/models/estonian_voro/iter8/model_fold6/lime_token.jsonl,/scratch/project_2005047/shibboleth/data/estonian_voro/iter_folds/iter8/dev_iter8_fold6_features.jsonl,4154,48.736,58.213,89.372,70.503,56.281,shibboleth/models/estonian_voro/iter8/model_fold6/lime_results.txt,101566867.0,3.787e-71,0.563,estonian_voro,lime_token.jsonl
/scratch/project_2006235/shibboleth/models/estonian_voro/iter8/model_fold6/ig_token.jsonl,/scratch/project_2005047/shibboleth/data/estonian_voro/iter_folds/iter8/dev_iter8_fold6_features.jsonl,4154,42.66,55.881,78.946,65.441,59.383,shibboleth/models/estonian_voro/iter8/model_fold6/ig_results.txt,104873034.5,1.846e-154,0.594,estonian_voro,ig_token.jsonl
/scratch/project_2006235/shibboleth/models/estonian_voro/iter8/model_fold6/loo_token.jsonl,/scratch/project_2005047/shibboleth/data/estonian_voro/iter_folds/iter8/dev_iter8_fold6_features.jsonl,4154,36.55,55.106,67.64,60.733,53.175,shibboleth/models/estonian_voro/iter8/model_fold6/loo_results.txt,93910260.5,1.551e-19,0.532,estonian_voro,loo_token.jsonl
/scratch/project_2006235/shibboleth/models/estonian_voro/iter8/model_fold6/shap_token.jsonl,/scratch/project_2005047/shibboleth/data/estonian_voro/iter_folds/iter8/dev_iter8_fold6_features.jsonl,4154,47.114,56.858,87.189,68.83,57.442,shibboleth/models/estonian_voro/iter8/model_fold6/shap_results.txt,101445498.5,5.15e-98,0.574,estonian_voro,shap_token.jsonl
/scratch/project_2006235/shibboleth/models/estonian_voro/iter8/model_fold8/lime_token.jsonl,/scratch/project_2005047/shibboleth/data/estonian_voro/iter_folds/iter8/dev_iter8_fold8_features.jsonl,4153,48.366,57.668,88.772,69.916,56.281,shibboleth/models/estonian_voro/iter8/model_fold8/lime_results.txt,103963321.0,6e-72,0.563,estonian_voro,lime_token.jsonl
/scratch/project_2006235/shibboleth/models/estonian_voro/iter8/model_fold8/ig_token.jsonl,/scratch/project_2005047/shibboleth/data/estonian_voro/iter_folds/iter8/dev_iter8_fold8_features.jsonl,4153,42.996,56.566,79.601,66.135,60.698,shibboleth/models/estonian_voro/iter8/model_fold8/ig_results.txt,109771172.5,1.901e-202,0.607,estonian_voro,ig_token.jsonl
/scratch/project_2006235/shibboleth/models/estonian_voro/iter8/model_fold8/loo_token.jsonl,/scratch/project_2005047/shibboleth/data/estonian_voro/iter_folds/iter8/dev_iter8_fold8_features.jsonl,4153,11.751,56.859,21.756,31.47,50.404,shibboleth/models/estonian_voro/iter8/model_fold8/loo_results.txt,91154270.5,0.1249,0.504,estonian_voro,loo_token.jsonl
/scratch/project_2006235/shibboleth/models/estonian_voro/iter8/model_fold8/shap_token.jsonl,/scratch/project_2005047/shibboleth/data/estonian_voro/iter_folds/iter8/dev_iter8_fold8_features.jsonl,4153,46.86,56.52,86.755,68.447,57.501,shibboleth/models/estonian_voro/iter8/model_fold8/shap_results.txt,103990361.0,1.035e-100,0.575,estonian_voro,shap_token.jsonl
/scratch/project_2006235/shibboleth/models/estonian_voro/iter8/model_fold4/lime_token.jsonl,/scratch/project_2005047/shibboleth/data/estonian_voro/iter_folds/iter8/dev_iter8_fold4_features.jsonl,4155,47.936,58.272,87.429,69.933,56.69,shibboleth/models/estonian_voro/iter8/model_fold4/lime_results.txt,103855921.0,5.977e-81,0.567,estonian_voro,lime_token.jsonl
/scratch/project_2006235/shibboleth/models/estonian_voro/iter8/model_fold4/ig_token.jsonl,/scratch/project_2005047/shibboleth/data/estonian_voro/iter_folds/iter8/dev_iter8_fold4_features.jsonl,4155,39.949,55.535,73.459,63.252,56.286,shibboleth/models/estonian_voro/iter8/model_fold4/ig_results.txt,100947650.0,4.827e-71,0.563,estonian_voro,ig_token.jsonl
/scratch/project_2006235/shibboleth/models/estonian_voro/iter8/model_fold4/loo_token.jsonl,/scratch/project_2005047/shibboleth/data/estonian_voro/iter_folds/iter8/dev_iter8_fold4_features.jsonl,4155,24.45,55.131,44.959,49.528,50.615,shibboleth/models/estonian_voro/iter8/model_fold4/loo_results.txt,90777151.0,0.04088,0.506,estonian_voro,loo_token.jsonl
/scratch/project_2006235/shibboleth/models/estonian_voro/iter8/model_fold4/shap_token.jsonl,/scratch/project_2005047/shibboleth/data/estonian_voro/iter_folds/iter8/dev_iter8_fold4_features.jsonl,4155,47.611,57.249,87.549,69.229,58.024,shibboleth/models/estonian_voro/iter8/model_fold4/shap_results.txt,104064260.5,2.321e-114,0.58,estonian_voro,shap_token.jsonl
/scratch/project_2006235/shibboleth/models/estonian_voro/iter8/model_fold7/lime_token.jsonl,/scratch/project_2005047/shibboleth/data/estonian_voro/iter_folds/iter8/dev_iter8_fold7_features.jsonl,4154,48.724,57.699,89.389,70.13,56.329,shibboleth/models/estonian_voro/iter8/model_fold7/lime_results.txt,108342133.0,1.82e-74,0.563,estonian_voro,lime_token.jsonl
/scratch/project_2006235/shibboleth/models/estonian_voro/iter8/model_fold7/ig_token.jsonl,/scratch/project_2005047/shibboleth/data/estonian_voro/iter_folds/iter8/dev_iter8_fold7_features.jsonl,4154,39.691,55.266,73.434,63.068,55.416,shibboleth/models/estonian_voro/iter8/model_fold7/ig_results.txt,104401697.0,1.365e-54,0.554,estonian_voro,ig_token.jsonl
/scratch/project_2006235/shibboleth/models/estonian_voro/iter8/model_fold7/loo_token.jsonl,/scratch/project_2005047/shibboleth/data/estonian_voro/iter_folds/iter8/dev_iter8_fold7_features.jsonl,4154,28.03,55.432,51.858,53.586,52.11,shibboleth/models/estonian_voro/iter8/model_fold7/loo_results.txt,98173347.5,7.352e-10,0.521,estonian_voro,loo_token.jsonl
/scratch/project_2006235/shibboleth/models/estonian_voro/iter8/model_fold7/shap_token.jsonl,/scratch/project_2005047/shibboleth/data/estonian_voro/iter_folds/iter8/dev_iter8_fold7_features.jsonl,4154,48.967,56.478,90.594,69.58,58.921,shibboleth/models/estonian_voro/iter8/model_fold7/shap_results.txt,111006113.5,2.222e-144,0.589,estonian_voro,shap_token.jsonl
/scratch/project_2006235/shibboleth/models/estonian_voro/iter8/model_fold3/lime_token.jsonl,/scratch/project_2005047/shibboleth/data/estonian_voro/iter_folds/iter8/dev_iter8_fold3_features.jsonl,4155,48.595,58.301,88.723,70.365,55.568,shibboleth/models/estonian_voro/iter8/model_fold3/lime_results.txt,105448471.0,1.026e-57,0.556,estonian_voro,lime_token.jsonl
/scratch/project_2006235/shibboleth/models/estonian_voro/iter8/model_fold3/ig_token.jsonl,/scratch/project_2005047/shibboleth/data/estonian_voro/iter_folds/iter8/dev_iter8_fold3_features.jsonl,4155,38.544,55.947,70.93,62.554,56.301,shibboleth/models/estonian_voro/iter8/model_fold3/ig_results.txt,104756656.0,1.172e-72,0.563,estonian_voro,ig_token.jsonl
/scratch/project_2006235/shibboleth/models/estonian_voro/iter8/model_fold3/loo_token.jsonl,/scratch/project_2005047/shibboleth/data/estonian_voro/iter_folds/iter8/dev_iter8_fold3_features.jsonl,4155,29.592,55.815,54.456,55.127,52.156,shibboleth/models/estonian_voro/iter8/model_fold3/loo_results.txt,97044132.5,3.215e-10,0.522,estonian_voro,loo_token.jsonl
/scratch/project_2006235/shibboleth/models/estonian_voro/iter8/model_fold3/shap_token.jsonl,/scratch/project_2005047/shibboleth/data/estonian_voro/iter_folds/iter8/dev_iter8_fold3_features.jsonl,4155,47.741,57.004,87.854,69.144,58.066,shibboleth/models/estonian_voro/iter8/model_fold3/shap_results.txt,108041994.5,1.138e-117,0.581,estonian_voro,shap_token.jsonl
/scratch/project_2006235/shibboleth/models/estonian_voro/iter8/model_fold9/lime_token.jsonl,/scratch/project_2005047/shibboleth/data/estonian_voro/iter_folds/iter8/dev_iter8_fold9_features.jsonl,4153,48.034,58.251,88.276,70.187,56.45,shibboleth/models/estonian_voro/iter8/model_fold9/lime_results.txt,103866311.0,1.238e-75,0.565,estonian_voro,lime_token.jsonl
/scratch/project_2006235/shibboleth/models/estonian_voro/iter8/model_fold9/ig_token.jsonl,/scratch/project_2005047/shibboleth/data/estonian_voro/iter_folds/iter8/dev_iter8_fold9_features.jsonl,4153,38.995,55.088,72.266,62.518,56.338,shibboleth/models/estonian_voro/iter8/model_fold9/ig_results.txt,101662703.5,1.835e-72,0.563,estonian_voro,ig_token.jsonl
/scratch/project_2006235/shibboleth/models/estonian_voro/iter8/model_fold9/loo_token.jsonl,/scratch/project_2005047/shibboleth/data/estonian_voro/iter_folds/iter8/dev_iter8_fold9_features.jsonl,4153,29.383,55.111,54.452,54.779,51.937,shibboleth/models/estonian_voro/iter8/model_fold9/loo_results.txt,93720940.5,1.762e-08,0.519,estonian_voro,loo_token.jsonl
/scratch/project_2006235/shibboleth/models/estonian_voro/iter8/model_fold9/shap_token.jsonl,/scratch/project_2005047/shibboleth/data/estonian_voro/iter_folds/iter8/dev_iter8_fold9_features.jsonl,4153,46.677,57.102,86.5,68.792,58.791,shibboleth/models/estonian_voro/iter8/model_fold9/shap_results.txt,106089584.5,2.357e-137,0.588,estonian_voro,shap_token.jsonl
/scratch/project_2006235/shibboleth/models/scandinavian/iter5/model_fold5/lime_token.jsonl,/scratch/project_2005047/shibboleth/data/scandinavian/iter_folds/iter5/dev_iter5_fold5_features.jsonl,11835,22.489,29.88,88.635,44.693,62.008,shibboleth/models/scandinavian/iter5/model_fold5/lime_results.txt,1382820223.0,0.0,0.62,scandinavian,lime_token.jsonl
/scratch/project_2006235/shibboleth/models/scandinavian/iter5/model_fold5/ig_token.jsonl,/scratch/project_2005047/shibboleth/data/scandinavian/iter_folds/iter5/dev_iter5_fold5_features.jsonl,11835,20.915,26.307,83.787,40.041,58.646,shibboleth/models/scandinavian/iter5/model_fold5/ig_results.txt,1279426111.5,0.0,0.586,scandinavian,ig_token.jsonl
/scratch/project_2006235/shibboleth/models/scandinavian/iter5/model_fold5/loo_token.jsonl,/scratch/project_2005047/shibboleth/data/scandinavian/iter_folds/iter5/dev_iter5_fold5_features.jsonl,11835,14.215,26.712,56.947,36.366,54.086,shibboleth/models/scandinavian/iter5/model_fold5/loo_results.txt,1179947980.0,9.89e-93,0.541,scandinavian,loo_token.jsonl
/scratch/project_2006235/shibboleth/models/scandinavian/iter5/model_fold5/shap_token.jsonl,/scratch/project_2005047/shibboleth/data/scandinavian/iter_folds/iter5/dev_iter5_fold5_features.jsonl,11835,22.09,27.813,88.493,42.324,62.433,shibboleth/models/scandinavian/iter5/model_fold5/shap_results.txt,1362030735.5,0.0,0.624,scandinavian,shap_token.jsonl
/scratch/project_2006235/shibboleth/models/scandinavian/iter5/model_fold2/lime_token.jsonl,/scratch/project_2005047/shibboleth/data/scandinavian/iter_folds/iter5/dev_iter5_fold2_features.jsonl,11837,22.37,30.05,89.092,44.942,63.28,shibboleth/models/scandinavian/iter5/model_fold2/lime_results.txt,1377799738.0,0.0,0.633,scandinavian,lime_token.jsonl
/scratch/project_2006235/shibboleth/models/scandinavian/iter5/model_fold2/ig_token.jsonl,/scratch/project_2005047/shibboleth/data/scandinavian/iter_folds/iter5/dev_iter5_fold2_features.jsonl,11837,20.46,24.906,82.77,38.291,56.313,shibboleth/models/scandinavian/iter5/model_fold2/ig_results.txt,1200833347.0,1.615e-209,0.563,scandinavian,ig_token.jsonl
/scratch/project_2006235/shibboleth/models/scandinavian/iter5/model_fold2/loo_token.jsonl,/scratch/project_2005047/shibboleth/data/scandinavian/iter_folds/iter5/dev_iter5_fold2_features.jsonl,11837,12.293,23.907,49.732,32.291,49.673,shibboleth/models/scandinavian/iter5/model_fold2/loo_results.txt,1059244914.0,0.9512,0.497,scandinavian,loo_token.jsonl
/scratch/project_2006235/shibboleth/models/scandinavian/iter5/model_fold2/shap_token.jsonl,/scratch/project_2005047/shibboleth/data/scandinavian/iter_folds/iter5/dev_iter5_fold2_features.jsonl,11837,22.065,26.933,89.265,41.381,61.137,shibboleth/models/scandinavian/iter5/model_fold2/shap_results.txt,1303691682.5,0.0,0.611,scandinavian,shap_token.jsonl
/scratch/project_2006235/shibboleth/models/scandinavian/iter5/model_fold10/lime_token.jsonl,/scratch/project_2005047/shibboleth/data/scandinavian/iter_folds/iter5/dev_iter5_fold10_features.jsonl,11833,22.454,30.099,88.034,44.86,62.271,shibboleth/models/scandinavian/iter5/model_fold10/lime_results.txt,1370985050.0,0.0,0.623,scandinavian,lime_token.jsonl
/scratch/project_2006235/shibboleth/models/scandinavian/iter5/model_fold10/ig_token.jsonl,/scratch/project_2005047/shibboleth/data/scandinavian/iter_folds/iter5/dev_iter5_fold10_features.jsonl,11833,20.517,26.547,81.844,40.09,56.749,shibboleth/models/scandinavian/iter5/model_fold10/ig_results.txt,1220547171.0,2.853e-241,0.567,scandinavian,ig_token.jsonl
/scratch/project_2006235/shibboleth/models/scandinavian/iter5/model_fold10/loo_token.jsonl,/scratch/project_2005047/shibboleth/data/scandinavian/iter_folds/iter5/dev_iter5_fold10_features.jsonl,11833,17.014,25.359,67.869,36.922,54.193,shibboleth/models/scandinavian/iter5/model_fold10/loo_results.txt,1165559968.5,8.4e-95,0.542,scandinavian,loo_token.jsonl
/scratch/project_2006235/shibboleth/models/scandinavian/iter5/model_fold10/shap_token.jsonl,/scratch/project_2005047/shibboleth/data/scandinavian/iter_folds/iter5/dev_iter5_fold10_features.jsonl,11833,22.366,28.272,89.219,42.937,64.368,shibboleth/models/scandinavian/iter5/model_fold10/shap_results.txt,1384404501.5,0.0,0.644,scandinavian,shap_token.jsonl
/scratch/project_2006235/shibboleth/models/scandinavian/iter5/model_fold1/lime_token.jsonl,/scratch/project_2005047/shibboleth/data/scandinavian/iter_folds/iter5/dev_iter5_fold1_features.jsonl,11837,22.502,30.214,89.1,45.126,62.878,shibboleth/models/scandinavian/iter5/model_fold1/lime_results.txt,1413906635.0,0.0,0.629,scandinavian,lime_token.jsonl
/scratch/project_2006235/shibboleth/models/scandinavian/iter5/model_fold1/ig_token.jsonl,/scratch/project_2005047/shibboleth/data/scandinavian/iter_folds/iter5/dev_iter5_fold1_features.jsonl,11837,20.434,26.922,82.258,40.567,59.722,shibboleth/models/scandinavian/iter5/model_fold1/ig_results.txt,1313543865.5,0.0,0.597,scandinavian,ig_token.jsonl
/scratch/project_2006235/shibboleth/models/scandinavian/iter5/model_fold1/loo_token.jsonl,/scratch/project_2005047/shibboleth/data/scandinavian/iter_folds/iter5/dev_iter5_fold1_features.jsonl,11837,10.777,29.83,43.385,35.353,55.421,shibboleth/models/scandinavian/iter5/model_fold1/loo_results.txt,1218956122.0,6.416e-173,0.554,scandinavian,loo_token.jsonl
/scratch/project_2006235/shibboleth/models/scandinavian/iter5/model_fold1/shap_token.jsonl,/scratch/project_2005047/shibboleth/data/scandinavian/iter_folds/iter5/dev_iter5_fold1_features.jsonl,11837,21.852,28.238,87.964,42.752,64.272,shibboleth/models/scandinavian/iter5/model_fold1/shap_results.txt,1413625532.0,0.0,0.643,scandinavian,shap_token.jsonl
/scratch/project_2006235/shibboleth/models/scandinavian/iter5/model_fold6/lime_token.jsonl,/scratch/project_2005047/shibboleth/data/scandinavian/iter_folds/iter5/dev_iter5_fold6_features.jsonl,11835,22.58,30.089,88.718,44.937,61.665,shibboleth/models/scandinavian/iter5/model_fold6/lime_results.txt,1363098772.0,0.0,0.617,scandinavian,lime_token.jsonl
/scratch/project_2006235/shibboleth/models/scandinavian/iter5/model_fold6/ig_token.jsonl,/scratch/project_2005047/shibboleth/data/scandinavian/iter_folds/iter5/dev_iter5_fold6_features.jsonl,11835,21.25,26.499,84.861,40.386,58.264,shibboleth/models/scandinavian/iter5/model_fold6/ig_results.txt,1259875358.5,0.0,0.583,scandinavian,ig_token.jsonl
/scratch/project_2006235/shibboleth/models/scandinavian/iter5/model_fold6/loo_token.jsonl,/scratch/project_2005047/shibboleth/data/scandinavian/iter_folds/iter5/dev_iter5_fold6_features.jsonl,11835,11.727,29.805,46.833,36.427,56.02,shibboleth/models/scandinavian/iter5/model_fold6/loo_results.txt,1211355267.0,7.704e-209,0.56,scandinavian,loo_token.jsonl
/scratch/project_2006235/shibboleth/models/scandinavian/iter5/model_fold6/shap_token.jsonl,/scratch/project_2005047/shibboleth/data/scandinavian/iter_folds/iter5/dev_iter5_fold6_features.jsonl,11835,22.278,27.61,88.968,42.142,63.568,shibboleth/models/scandinavian/iter5/model_fold6/shap_results.txt,1374565566.5,0.0,0.636,scandinavian,shap_token.jsonl
/scratch/project_2006235/shibboleth/models/scandinavian/iter5/model_fold8/lime_token.jsonl,/scratch/project_2005047/shibboleth/data/scandinavian/iter_folds/iter5/dev_iter5_fold8_features.jsonl,11834,22.57,30.293,88.679,45.159,62.832,shibboleth/models/scandinavian/iter5/model_fold8/lime_results.txt,1427833442.0,0.0,0.628,scandinavian,lime_token.jsonl
/scratch/project_2006235/shibboleth/models/scandinavian/iter5/model_fold8/ig_token.jsonl,/scratch/project_2005047/shibboleth/data/scandinavian/iter_folds/iter5/dev_iter5_fold8_features.jsonl,11834,20.079,26.702,80.355,40.084,57.224,shibboleth/models/scandinavian/iter5/model_fold8/ig_results.txt,1268624634.0,6.189e-280,0.572,scandinavian,ig_token.jsonl
/scratch/project_2006235/shibboleth/models/scandinavian/iter5/model_fold8/loo_token.jsonl,/scratch/project_2005047/shibboleth/data/scandinavian/iter_folds/iter5/dev_iter5_fold8_features.jsonl,11834,6.637,22.927,26.561,24.611,49.483,shibboleth/models/scandinavian/iter5/model_fold8/loo_results.txt,1097010915.0,0.9963,0.495,scandinavian,loo_token.jsonl
/scratch/project_2006235/shibboleth/models/scandinavian/iter5/model_fold8/shap_token.jsonl,/scratch/project_2005047/shibboleth/data/scandinavian/iter_folds/iter5/dev_iter5_fold8_features.jsonl,11834,22.548,27.714,90.237,42.404,62.728,shibboleth/models/scandinavian/iter5/model_fold8/shap_results.txt,1390648543.5,0.0,0.627,scandinavian,shap_token.jsonl
/scratch/project_2006235/shibboleth/models/scandinavian/iter5/model_fold4/lime_token.jsonl,/scratch/project_2005047/shibboleth/data/scandinavian/iter_folds/iter5/dev_iter5_fold4_features.jsonl,11836,22.663,29.986,88.977,44.856,61.137,shibboleth/models/scandinavian/iter5/model_fold4/lime_results.txt,1366251670.0,0.0,0.611,scandinavian,lime_token.jsonl
/scratch/project_2006235/shibboleth/models/scandinavian/iter5/model_fold4/ig_token.jsonl,/scratch/project_2005047/shibboleth/data/scandinavian/iter_folds/iter5/dev_iter5_fold4_features.jsonl,11836,20.352,26.589,81.234,40.064,56.871,shibboleth/models/scandinavian/iter5/model_fold4/ig_results.txt,1243013722.5,6.57e-252,0.569,scandinavian,ig_token.jsonl
/scratch/project_2006235/shibboleth/models/scandinavian/iter5/model_fold4/loo_token.jsonl,/scratch/project_2005047/shibboleth/data/scandinavian/iter_folds/iter5/dev_iter5_fold4_features.jsonl,11836,12.063,28.88,48.151,36.105,55.358,shibboleth/models/scandinavian/iter5/model_fold4/loo_results.txt,1209948895.5,2.326e-157,0.554,scandinavian,loo_token.jsonl
/scratch/project_2006235/shibboleth/models/scandinavian/iter5/model_fold4/shap_token.jsonl,/scratch/project_2005047/shibboleth/data/scandinavian/iter_folds/iter5/dev_iter5_fold4_features.jsonl,11836,23.187,27.276,92.551,42.134,63.272,shibboleth/models/scandinavian/iter5/model_fold4/shap_results.txt,1382918709.0,0.0,0.633,scandinavian,shap_token.jsonl
/scratch/project_2006235/shibboleth/models/scandinavian/iter5/model_fold7/lime_token.jsonl,/scratch/project_2005047/shibboleth/data/scandinavian/iter_folds/iter5/dev_iter5_fold7_features.jsonl,11834,22.35,29.975,88.743,44.813,63.538,shibboleth/models/scandinavian/iter5/model_fold7/lime_results.txt,1387686264.0,0.0,0.635,scandinavian,lime_token.jsonl
/scratch/project_2006235/shibboleth/models/scandinavian/iter5/model_fold7/ig_token.jsonl,/scratch/project_2005047/shibboleth/data/scandinavian/iter_folds/iter5/dev_iter5_fold7_features.jsonl,11834,21.464,25.796,86.645,39.755,58.642,shibboleth/models/scandinavian/iter5/model_fold7/ig_results.txt,1252420777.5,0.0,0.586,scandinavian,ig_token.jsonl
/scratch/project_2006235/shibboleth/models/scandinavian/iter5/model_fold7/loo_token.jsonl,/scratch/project_2005047/shibboleth/data/scandinavian/iter_folds/iter5/dev_iter5_fold7_features.jsonl,11834,10.361,26.928,41.826,32.763,52.431,shibboleth/models/scandinavian/iter5/model_fold7/loo_results.txt,1119767089.0,5.357e-35,0.524,scandinavian,loo_token.jsonl
/scratch/project_2006235/shibboleth/models/scandinavian/iter5/model_fold7/shap_token.jsonl,/scratch/project_2005047/shibboleth/data/scandinavian/iter_folds/iter5/dev_iter5_fold7_features.jsonl,11834,21.951,27.378,88.609,41.831,63.806,shibboleth/models/scandinavian/iter5/model_fold7/shap_results.txt,1362700638.0,0.0,0.638,scandinavian,shap_token.jsonl
/scratch/project_2006235/shibboleth/models/scandinavian/iter5/model_fold3/lime_token.jsonl,/scratch/project_2005047/shibboleth/data/scandinavian/iter_folds/iter5/dev_iter5_fold3_features.jsonl,11836,22.528,30.137,88.045,44.904,62.368,shibboleth/models/scandinavian/iter5/model_fold3/lime_results.txt,1404173579.0,0.0,0.624,scandinavian,lime_token.jsonl
/scratch/project_2006235/shibboleth/models/scandinavian/iter5/model_fold3/ig_token.jsonl,/scratch/project_2005047/shibboleth/data/scandinavian/iter_folds/iter5/dev_iter5_fold3_features.jsonl,11836,20.859,26.274,82.919,39.903,57.643,shibboleth/models/scandinavian/iter5/model_fold3/ig_results.txt,1268415858.0,0.0,0.576,scandinavian,ig_token.jsonl
/scratch/project_2006235/shibboleth/models/scandinavian/iter5/model_fold3/loo_token.jsonl,/scratch/project_2005047/shibboleth/data/scandinavian/iter_folds/iter5/dev_iter5_fold3_features.jsonl,11836,14.233,25.426,56.578,35.085,50.493,shibboleth/models/scandinavian/iter5/model_fold3/loo_results.txt,1111069857.0,0.007023,0.505,scandinavian,loo_token.jsonl
/scratch/project_2006235/shibboleth/models/scandinavian/iter5/model_fold3/shap_token.jsonl,/scratch/project_2005047/shibboleth/data/scandinavian/iter_folds/iter5/dev_iter5_fold3_features.jsonl,11836,22.16,27.997,88.09,42.49,64.698,shibboleth/models/scandinavian/iter5/model_fold3/shap_results.txt,1423654162.0,0.0,0.647,scandinavian,shap_token.jsonl
/scratch/project_2006235/shibboleth/models/scandinavian/iter5/model_fold9/lime_token.jsonl,/scratch/project_2005047/shibboleth/data/scandinavian/iter_folds/iter5/dev_iter5_fold9_features.jsonl,11833,22.166,29.686,88.314,44.435,62.977,shibboleth/models/scandinavian/iter5/model_fold9/lime_results.txt,1366634228.0,0.0,0.63,scandinavian,lime_token.jsonl
/scratch/project_2006235/shibboleth/models/scandinavian/iter5/model_fold9/ig_token.jsonl,/scratch/project_2005047/shibboleth/data/scandinavian/iter_folds/iter5/dev_iter5_fold9_features.jsonl,11833,20.199,25.77,81.822,39.196,57.183,shibboleth/models/scandinavian/iter5/model_fold9/ig_results.txt,1213765596.5,8.462e-270,0.572,scandinavian,ig_token.jsonl
/scratch/project_2006235/shibboleth/models/scandinavian/iter5/model_fold9/loo_token.jsonl,/scratch/project_2005047/shibboleth/data/scandinavian/iter_folds/iter5/dev_iter5_fold9_features.jsonl,11833,11.701,27.336,47.396,34.674,55.021,shibboleth/models/scandinavian/iter5/model_fold9/loo_results.txt,1167875656.5,1.36e-141,0.55,scandinavian,loo_token.jsonl
/scratch/project_2006235/shibboleth/models/scandinavian/iter5/model_fold9/shap_token.jsonl,/scratch/project_2005047/shibboleth/data/scandinavian/iter_folds/iter5/dev_iter5_fold9_features.jsonl,11833,22.016,27.254,89.183,41.75,63.503,shibboleth/models/scandinavian/iter5/model_fold9/shap_results.txt,1347906411.5,0.0,0.635,scandinavian,shap_token.jsonl
/scratch/project_2006235/shibboleth/models/scandinavian/iter6/model_fold5/lime_token.jsonl,/scratch/project_2005047/shibboleth/data/scandinavian/iter_folds/iter6/dev_iter6_fold5_features.jsonl,11835,22.504,30.147,88.475,44.971,61.669,shibboleth/models/scandinavian/iter6/model_fold5/lime_results.txt,1381856860.0,0.0,0.617,scandinavian,lime_token.jsonl
/scratch/project_2006235/shibboleth/models/scandinavian/iter6/model_fold5/ig_token.jsonl,/scratch/project_2005047/shibboleth/data/scandinavian/iter_folds/iter6/dev_iter6_fold5_features.jsonl,11835,20.788,25.847,83.003,39.419,56.391,shibboleth/models/scandinavian/iter6/model_fold5/ig_results.txt,1237634532.0,1.041e-218,0.564,scandinavian,ig_token.jsonl
/scratch/project_2006235/shibboleth/models/scandinavian/iter6/model_fold5/loo_token.jsonl,/scratch/project_2005047/shibboleth/data/scandinavian/iter_folds/iter6/dev_iter6_fold5_features.jsonl,11835,10.386,26.833,41.47,32.584,51.993,shibboleth/models/scandinavian/iter6/model_fold5/loo_results.txt,1141107737.5,1.193e-24,0.52,scandinavian,loo_token.jsonl
/scratch/project_2006235/shibboleth/models/scandinavian/iter6/model_fold5/shap_token.jsonl,/scratch/project_2005047/shibboleth/data/scandinavian/iter_folds/iter6/dev_iter6_fold5_features.jsonl,11835,22.407,27.732,89.467,42.34,62.76,shibboleth/models/scandinavian/iter6/model_fold5/shap_results.txt,1377409541.0,0.0,0.628,scandinavian,shap_token.jsonl
/scratch/project_2006235/shibboleth/models/scandinavian/iter6/model_fold2/lime_token.jsonl,/scratch/project_2005047/shibboleth/data/scandinavian/iter_folds/iter6/dev_iter6_fold2_features.jsonl,11837,22.463,30.066,88.644,44.902,62.3,shibboleth/models/scandinavian/iter6/model_fold2/lime_results.txt,1407090124.0,0.0,0.623,scandinavian,lime_token.jsonl
/scratch/project_2006235/shibboleth/models/scandinavian/iter6/model_fold2/ig_token.jsonl,/scratch/project_2005047/shibboleth/data/scandinavian/iter_folds/iter6/dev_iter6_fold2_features.jsonl,11837,19.919,25.533,79.953,38.706,55.062,shibboleth/models/scandinavian/iter6/model_fold2/ig_results.txt,1215286662.5,3.229e-138,0.551,scandinavian,ig_token.jsonl
/scratch/project_2006235/shibboleth/models/scandinavian/iter6/model_fold2/loo_token.jsonl,/scratch/project_2005047/shibboleth/data/scandinavian/iter_folds/iter6/dev_iter6_fold2_features.jsonl,11837,14.307,31.311,57.427,40.526,59.261,shibboleth/models/scandinavian/iter6/model_fold2/loo_results.txt,1307970393.0,0.0,0.593,scandinavian,loo_token.jsonl
/scratch/project_2006235/shibboleth/models/scandinavian/iter6/model_fold2/shap_token.jsonl,/scratch/project_2005047/shibboleth/data/scandinavian/iter_folds/iter6/dev_iter6_fold2_features.jsonl,11837,22.149,27.784,88.907,42.338,64.395,shibboleth/models/scandinavian/iter6/model_fold2/shap_results.txt,1421280558.5,0.0,0.644,scandinavian,shap_token.jsonl
/scratch/project_2006235/shibboleth/models/scandinavian/iter6/model_fold10/lime_token.jsonl,/scratch/project_2005047/shibboleth/data/scandinavian/iter_folds/iter6/dev_iter6_fold10_features.jsonl,11833,22.197,29.636,88.178,44.362,61.713,shibboleth/models/scandinavian/iter6/model_fold10/lime_results.txt,1349240676.0,0.0,0.617,scandinavian,lime_token.jsonl
/scratch/project_2006235/shibboleth/models/scandinavian/iter6/model_fold10/ig_token.jsonl,/scratch/project_2005047/shibboleth/data/scandinavian/iter_folds/iter6/dev_iter6_fold10_features.jsonl,11833,20.71,26.397,83.713,40.137,57.81,shibboleth/models/scandinavian/iter6/model_fold10/ig_results.txt,1234854549.0,0.0,0.578,scandinavian,ig_token.jsonl
/scratch/project_2006235/shibboleth/models/scandinavian/iter6/model_fold10/loo_token.jsonl,/scratch/project_2005047/shibboleth/data/scandinavian/iter_folds/iter6/dev_iter6_fold10_features.jsonl,11833,13.707,26.12,55.406,35.503,54.226,shibboleth/models/scandinavian/iter6/model_fold10/loo_results.txt,1158300722.5,1.252e-97,0.542,scandinavian,loo_token.jsonl
/scratch/project_2006235/shibboleth/models/scandinavian/iter6/model_fold10/shap_token.jsonl,/scratch/project_2005047/shibboleth/data/scandinavian/iter_folds/iter6/dev_iter6_fold10_features.jsonl,11833,21.93,27.669,88.644,42.174,65.033,shibboleth/models/scandinavian/iter6/model_fold10/shap_results.txt,1389143309.5,0.0,0.65,scandinavian,shap_token.jsonl
/scratch/project_2006235/shibboleth/models/scandinavian/iter6/model_fold1/lime_token.jsonl,/scratch/project_2005047/shibboleth/data/scandinavian/iter_folds/iter6/dev_iter6_fold1_features.jsonl,11837,22.54,30.338,88.908,45.24,62.672,shibboleth/models/scandinavian/iter6/model_fold1/lime_results.txt,1397393802.0,0.0,0.627,scandinavian,lime_token.jsonl
/scratch/project_2006235/shibboleth/models/scandinavian/iter6/model_fold1/ig_token.jsonl,/scratch/project_2005047/shibboleth/data/scandinavian/iter_folds/iter6/dev_iter6_fold1_features.jsonl,11837,21.166,26.381,84.804,40.243,58.807,shibboleth/models/scandinavian/iter6/model_fold1/ig_results.txt,1283889549.5,0.0,0.588,scandinavian,ig_token.jsonl
/scratch/project_2006235/shibboleth/models/scandinavian/iter6/model_fold1/loo_token.jsonl,/scratch/project_2005047/shibboleth/data/scandinavian/iter_folds/iter6/dev_iter6_fold1_features.jsonl,11837,12.203,28.205,48.893,35.774,55.232,shibboleth/models/scandinavian/iter6/model_fold1/loo_results.txt,1205831265.5,7.081e-158,0.552,scandinavian,loo_token.jsonl
/scratch/project_2006235/shibboleth/models/scandinavian/iter6/model_fold1/shap_token.jsonl,/scratch/project_2005047/shibboleth/data/scandinavian/iter_folds/iter6/dev_iter6_fold1_features.jsonl,11837,22.364,27.747,89.601,42.373,62.831,shibboleth/models/scandinavian/iter6/model_fold1/shap_results.txt,1371749859.0,0.0,0.628,scandinavian,shap_token.jsonl
/scratch/project_2006235/shibboleth/models/scandinavian/iter6/model_fold6/lime_token.jsonl,/scratch/project_2005047/shibboleth/data/scandinavian/iter_folds/iter6/dev_iter6_fold6_features.jsonl,11835,22.498,30.086,88.347,44.886,62.453,shibboleth/models/scandinavian/iter6/model_fold6/lime_results.txt,1413506843.0,0.0,0.625,scandinavian,lime_token.jsonl
/scratch/project_2006235/shibboleth/models/scandinavian/iter6/model_fold6/ig_token.jsonl,/scratch/project_2005047/shibboleth/data/scandinavian/iter_folds/iter6/dev_iter6_fold6_features.jsonl,11835,20.501,25.681,81.794,39.089,55.33,shibboleth/models/scandinavian/iter6/model_fold6/ig_results.txt,1225496749.5,1.491e-153,0.553,scandinavian,ig_token.jsonl
/scratch/project_2006235/shibboleth/models/scandinavian/iter6/model_fold6/loo_token.jsonl,/scratch/project_2005047/shibboleth/data/scandinavian/iter_folds/iter6/dev_iter6_fold6_features.jsonl,11835,8.009,28.015,31.954,29.855,51.697,shibboleth/models/scandinavian/iter6/model_fold6/loo_results.txt,1145038177.5,4.461e-19,0.517,scandinavian,loo_token.jsonl
/scratch/project_2006235/shibboleth/models/scandinavian/iter6/model_fold6/shap_token.jsonl,/scratch/project_2005047/shibboleth/data/scandinavian/iter_folds/iter6/dev_iter6_fold6_features.jsonl,11835,21.862,28.114,87.222,42.522,63.362,shibboleth/models/scandinavian/iter6/model_fold6/shap_results.txt,1403395550.5,0.0,0.634,scandinavian,shap_token.jsonl
/scratch/project_2006235/shibboleth/models/scandinavian/iter6/model_fold8/lime_token.jsonl,/scratch/project_2005047/shibboleth/data/scandinavian/iter_folds/iter6/dev_iter6_fold8_features.jsonl,11834,22.677,30.198,88.684,45.054,61.538,shibboleth/models/scandinavian/iter6/model_fold8/lime_results.txt,1384850474.0,0.0,0.615,scandinavian,lime_token.jsonl
/scratch/project_2006235/shibboleth/models/scandinavian/iter6/model_fold8/ig_token.jsonl,/scratch/project_2005047/shibboleth/data/scandinavian/iter_folds/iter6/dev_iter6_fold8_features.jsonl,11834,20.635,25.85,82.122,39.323,56.101,shibboleth/models/scandinavian/iter6/model_fold8/ig_results.txt,1233187423.0,7.407e-200,0.561,scandinavian,ig_token.jsonl
/scratch/project_2006235/shibboleth/models/scandinavian/iter6/model_fold8/loo_token.jsonl,/scratch/project_2005047/shibboleth/data/scandinavian/iter_folds/iter6/dev_iter6_fold8_features.jsonl,11834,10.316,23.524,41.057,29.911,46.962,shibboleth/models/scandinavian/iter6/model_fold8/loo_results.txt,1032310966.5,1.0,0.47,scandinavian,loo_token.jsonl
/scratch/project_2006235/shibboleth/models/scandinavian/iter6/model_fold8/shap_token.jsonl,/scratch/project_2005047/shibboleth/data/scandinavian/iter_folds/iter6/dev_iter6_fold8_features.jsonl,11834,21.895,27.821,87.139,42.176,62.624,shibboleth/models/scandinavian/iter6/model_fold8/shap_results.txt,1376577655.0,0.0,0.626,scandinavian,shap_token.jsonl
/scratch/project_2006235/shibboleth/models/scandinavian/iter6/model_fold4/lime_token.jsonl,/scratch/project_2005047/shibboleth/data/scandinavian/iter_folds/iter6/dev_iter6_fold4_features.jsonl,11836,22.604,30.163,88.75,45.024,62.077,shibboleth/models/scandinavian/iter6/model_fold4/lime_results.txt,1369653233.0,0.0,0.621,scandinavian,lime_token.jsonl
/scratch/project_2006235/shibboleth/models/scandinavian/iter6/model_fold4/ig_token.jsonl,/scratch/project_2005047/shibboleth/data/scandinavian/iter_folds/iter6/dev_iter6_fold4_features.jsonl,11836,21.021,26.126,84.002,39.856,57.613,shibboleth/models/scandinavian/iter6/model_fold4/ig_results.txt,1241732420.0,1.798e-306,0.576,scandinavian,ig_token.jsonl
/scratch/project_2006235/shibboleth/models/scandinavian/iter6/model_fold4/loo_token.jsonl,/scratch/project_2005047/shibboleth/data/scandinavian/iter_folds/iter6/dev_iter6_fold4_features.jsonl,11836,11.699,30.34,46.75,36.798,57.865,shibboleth/models/scandinavian/iter6/model_fold4/loo_results.txt,1247158152.5,0.0,0.579,scandinavian,loo_token.jsonl
/scratch/project_2006235/shibboleth/models/scandinavian/iter6/model_fold4/shap_token.jsonl,/scratch/project_2005047/shibboleth/data/scandinavian/iter_folds/iter6/dev_iter6_fold4_features.jsonl,11836,22.544,27.378,90.085,41.994,62.321,shibboleth/models/scandinavian/iter6/model_fold4/shap_results.txt,1343197283.0,0.0,0.623,scandinavian,shap_token.jsonl
/scratch/project_2006235/shibboleth/models/scandinavian/iter6/model_fold7/lime_token.jsonl,/scratch/project_2005047/shibboleth/data/scandinavian/iter_folds/iter6/dev_iter6_fold7_features.jsonl,11834,22.392,29.994,88.814,44.844,62.779,shibboleth/models/scandinavian/iter6/model_fold7/lime_results.txt,1388461511.0,0.0,0.628,scandinavian,lime_token.jsonl
/scratch/project_2006235/shibboleth/models/scandinavian/iter6/model_fold7/ig_token.jsonl,/scratch/project_2005047/shibboleth/data/scandinavian/iter_folds/iter6/dev_iter6_fold7_features.jsonl,11834,19.945,25.6,80.443,38.84,55.814,shibboleth/models/scandinavian/iter6/model_fold7/ig_results.txt,1207100486.0,1.654e-179,0.558,scandinavian,ig_token.jsonl
/scratch/project_2006235/shibboleth/models/scandinavian/iter6/model_fold7/loo_token.jsonl,/scratch/project_2005047/shibboleth/data/scandinavian/iter_folds/iter6/dev_iter6_fold7_features.jsonl,11834,11.278,24.635,45.487,31.96,50.361,shibboleth/models/scandinavian/iter6/model_fold7/loo_results.txt,1089165532.0,0.03692,0.504,scandinavian,loo_token.jsonl
/scratch/project_2006235/shibboleth/models/scandinavian/iter6/model_fold7/shap_token.jsonl,/scratch/project_2005047/shibboleth/data/scandinavian/iter_folds/iter6/dev_iter6_fold7_features.jsonl,11834,21.724,27.741,87.616,42.139,64.345,shibboleth/models/scandinavian/iter6/model_fold7/shap_results.txt,1391602566.5,0.0,0.643,scandinavian,shap_token.jsonl
/scratch/project_2006235/shibboleth/models/scandinavian/iter6/model_fold3/lime_token.jsonl,/scratch/project_2005047/shibboleth/data/scandinavian/iter_folds/iter6/dev_iter6_fold3_features.jsonl,11836,22.553,30.081,88.976,44.961,62.427,shibboleth/models/scandinavian/iter6/model_fold3/lime_results.txt,1335898969.0,0.0,0.624,scandinavian,lime_token.jsonl
/scratch/project_2006235/shibboleth/models/scandinavian/iter6/model_fold3/ig_token.jsonl,/scratch/project_2005047/shibboleth/data/scandinavian/iter_folds/iter6/dev_iter6_fold3_features.jsonl,11836,20.508,25.323,82.189,38.717,55.25,shibboleth/models/scandinavian/iter6/model_fold3/ig_results.txt,1157453373.5,8.53e-145,0.552,scandinavian,ig_token.jsonl
/scratch/project_2006235/shibboleth/models/scandinavian/iter6/model_fold3/loo_token.jsonl,/scratch/project_2005047/shibboleth/data/scandinavian/iter_folds/iter6/dev_iter6_fold3_features.jsonl,11836,7.536,26.14,30.202,28.025,52.777,shibboleth/models/scandinavian/iter6/model_fold3/loo_results.txt,1105653286.0,9.132e-46,0.528,scandinavian,loo_token.jsonl
/scratch/project_2006235/shibboleth/models/scandinavian/iter6/model_fold3/shap_token.jsonl,/scratch/project_2005047/shibboleth/data/scandinavian/iter_folds/iter6/dev_iter6_fold3_features.jsonl,11836,22.194,27.525,88.947,42.041,63.131,shibboleth/models/scandinavian/iter6/model_fold3/shap_results.txt,1322566680.5,0.0,0.631,scandinavian,shap_token.jsonl
/scratch/project_2006235/shibboleth/models/scandinavian/iter6/model_fold9/lime_token.jsonl,/scratch/project_2005047/shibboleth/data/scandinavian/iter_folds/iter6/dev_iter6_fold9_features.jsonl,11833,22.331,29.806,88.891,44.643,62.549,shibboleth/models/scandinavian/iter6/model_fold9/lime_results.txt,1372488797.0,0.0,0.625,scandinavian,lime_token.jsonl
/scratch/project_2006235/shibboleth/models/scandinavian/iter6/model_fold9/ig_token.jsonl,/scratch/project_2005047/shibboleth/data/scandinavian/iter_folds/iter6/dev_iter6_fold9_features.jsonl,11833,20.51,25.605,83.138,39.152,57.21,shibboleth/models/scandinavian/iter6/model_fold9/ig_results.txt,1225002238.0,6.252e-273,0.572,scandinavian,ig_token.jsonl
/scratch/project_2006235/shibboleth/models/scandinavian/iter6/model_fold9/loo_token.jsonl,/scratch/project_2005047/shibboleth/data/scandinavian/iter_folds/iter6/dev_iter6_fold9_features.jsonl,11833,9.5,25.539,38.507,30.71,51.964,shibboleth/models/scandinavian/iter6/model_fold9/loo_results.txt,1112668506.0,4.97e-25,0.52,scandinavian,loo_token.jsonl
/scratch/project_2006235/shibboleth/models/scandinavian/iter6/model_fold9/shap_token.jsonl,/scratch/project_2005047/shibboleth/data/scandinavian/iter_folds/iter6/dev_iter6_fold9_features.jsonl,11833,22.193,27.265,89.959,41.847,62.925,shibboleth/models/scandinavian/iter6/model_fold9/shap_results.txt,1347374311.5,0.0,0.629,scandinavian,shap_token.jsonl
/scratch/project_2006235/shibboleth/models/scandinavian/iter10/model_fold5/lime_token.jsonl,/scratch/project_2005047/shibboleth/data/scandinavian/iter_folds/iter10/dev_iter10_fold5_features.jsonl,11835,22.539,29.999,88.935,44.864,62.27,shibboleth/models/scandinavian/iter10/model_fold5/lime_results.txt,1382278099.0,0.0,0.623,scandinavian,lime_token.jsonl
/scratch/project_2006235/shibboleth/models/scandinavian/iter10/model_fold5/ig_token.jsonl,/scratch/project_2005047/shibboleth/data/scandinavian/iter_folds/iter10/dev_iter10_fold5_features.jsonl,11835,18.746,25.416,75.227,37.995,53.852,shibboleth/models/scandinavian/iter10/model_fold5/ig_results.txt,1168423897.0,2.56e-80,0.539,scandinavian,ig_token.jsonl
/scratch/project_2006235/shibboleth/models/scandinavian/iter10/model_fold5/loo_token.jsonl,/scratch/project_2005047/shibboleth/data/scandinavian/iter_folds/iter10/dev_iter10_fold5_features.jsonl,11835,11.465,24.875,46.007,32.291,50.339,shibboleth/models/scandinavian/iter10/model_fold5/loo_results.txt,1092205085.5,0.04543,0.503,scandinavian,loo_token.jsonl
/scratch/project_2006235/shibboleth/models/scandinavian/iter10/model_fold5/shap_token.jsonl,/scratch/project_2005047/shibboleth/data/scandinavian/iter_folds/iter10/dev_iter10_fold5_features.jsonl,11835,21.924,28.48,87.979,43.031,65.303,shibboleth/models/scandinavian/iter10/model_fold5/shap_results.txt,1416869912.0,0.0,0.653,scandinavian,shap_token.jsonl
/scratch/project_2006235/shibboleth/models/scandinavian/iter10/model_fold2/lime_token.jsonl,/scratch/project_2005047/shibboleth/data/scandinavian/iter_folds/iter10/dev_iter10_fold2_features.jsonl,11837,22.426,30.044,88.443,44.852,61.117,shibboleth/models/scandinavian/iter10/model_fold2/lime_results.txt,1380664527.0,0.0,0.611,scandinavian,lime_token.jsonl
/scratch/project_2006235/shibboleth/models/scandinavian/iter10/model_fold2/ig_token.jsonl,/scratch/project_2005047/shibboleth/data/scandinavian/iter_folds/iter10/dev_iter10_fold2_features.jsonl,11837,20.286,25.349,81.369,38.655,55.232,shibboleth/models/scandinavian/iter10/model_fold2/ig_results.txt,1219732554.0,1.417e-147,0.552,scandinavian,ig_token.jsonl
/scratch/project_2006235/shibboleth/models/scandinavian/iter10/model_fold2/loo_token.jsonl,/scratch/project_2005047/shibboleth/data/scandinavian/iter_folds/iter10/dev_iter10_fold2_features.jsonl,11837,10.275,25.811,41.212,31.742,51.814,shibboleth/models/scandinavian/iter10/model_fold2/loo_results.txt,1144250481.5,1.915e-21,0.518,scandinavian,loo_token.jsonl
/scratch/project_2006235/shibboleth/models/scandinavian/iter10/model_fold2/shap_token.jsonl,/scratch/project_2005047/shibboleth/data/scandinavian/iter_folds/iter10/dev_iter10_fold2_features.jsonl,11837,22.286,27.803,89.391,42.414,63.618,shibboleth/models/scandinavian/iter10/model_fold2/shap_results.txt,1404934492.5,0.0,0.636,scandinavian,shap_token.jsonl
/scratch/project_2006235/shibboleth/models/scandinavian/iter10/model_fold10/lime_token.jsonl,/scratch/project_2005047/shibboleth/data/scandinavian/iter_folds/iter10/dev_iter10_fold10_features.jsonl,11833,22.426,29.999,88.842,44.852,62.447,shibboleth/models/scandinavian/iter10/model_fold10/lime_results.txt,1372384048.0,0.0,0.624,scandinavian,lime_token.jsonl
/scratch/project_2006235/shibboleth/models/scandinavian/iter10/model_fold10/ig_token.jsonl,/scratch/project_2005047/shibboleth/data/scandinavian/iter_folds/iter10/dev_iter10_fold10_features.jsonl,11833,20.535,25.825,82.618,39.35,57.497,shibboleth/models/scandinavian/iter10/model_fold10/ig_results.txt,1237317177.0,2.233e-296,0.575,scandinavian,ig_token.jsonl
/scratch/project_2006235/shibboleth/models/scandinavian/iter10/model_fold10/loo_token.jsonl,/scratch/project_2005047/shibboleth/data/scandinavian/iter_folds/iter10/dev_iter10_fold10_features.jsonl,11833,10.964,28.937,44.112,34.948,53.674,shibboleth/models/scandinavian/iter10/model_fold10/loo_results.txt,1155046219.5,2.683e-76,0.537,scandinavian,loo_token.jsonl
/scratch/project_2006235/shibboleth/models/scandinavian/iter10/model_fold10/shap_token.jsonl,/scratch/project_2005047/shibboleth/data/scandinavian/iter_folds/iter10/dev_iter10_fold10_features.jsonl,11833,22.295,27.777,89.696,42.418,64.055,shibboleth/models/scandinavian/iter10/model_fold10/shap_results.txt,1378440145.0,0.0,0.641,scandinavian,shap_token.jsonl
/scratch/project_2006235/shibboleth/models/scandinavian/iter10/model_fold1/lime_token.jsonl,/scratch/project_2005047/shibboleth/data/scandinavian/iter_folds/iter10/dev_iter10_fold1_features.jsonl,11837,22.341,29.78,88.308,44.539,62.089,shibboleth/models/scandinavian/iter10/model_fold1/lime_results.txt,1369136872.0,0.0,0.621,scandinavian,lime_token.jsonl
/scratch/project_2006235/shibboleth/models/scandinavian/iter10/model_fold1/ig_token.jsonl,/scratch/project_2005047/shibboleth/data/scandinavian/iter_folds/iter10/dev_iter10_fold1_features.jsonl,11837,20.515,26.13,82.424,39.68,57.73,shibboleth/models/scandinavian/iter10/model_fold1/ig_results.txt,1245459146.5,0.0,0.577,scandinavian,ig_token.jsonl
/scratch/project_2006235/shibboleth/models/scandinavian/iter10/model_fold1/loo_token.jsonl,/scratch/project_2005047/shibboleth/data/scandinavian/iter_folds/iter10/dev_iter10_fold1_features.jsonl,11837,8.432,27.016,33.877,30.06,53.235,shibboleth/models/scandinavian/iter10/model_fold1/loo_results.txt,1148485231.5,1.796e-66,0.532,scandinavian,loo_token.jsonl
/scratch/project_2006235/shibboleth/models/scandinavian/iter10/model_fold1/shap_token.jsonl,/scratch/project_2005047/shibboleth/data/scandinavian/iter_folds/iter10/dev_iter10_fold1_features.jsonl,11837,22.007,28.315,88.417,42.893,63.768,shibboleth/models/scandinavian/iter10/model_fold1/shap_results.txt,1375712919.0,0.0,0.638,scandinavian,shap_token.jsonl
/scratch/project_2006235/shibboleth/models/scandinavian/iter10/model_fold6/lime_token.jsonl,/scratch/project_2005047/shibboleth/data/scandinavian/iter_folds/iter10/dev_iter10_fold6_features.jsonl,11835,22.642,30.528,88.658,45.417,64.175,shibboleth/models/scandinavian/iter10/model_fold6/lime_results.txt,1461962615.0,0.0,0.642,scandinavian,lime_token.jsonl
/scratch/project_2006235/shibboleth/models/scandinavian/iter10/model_fold6/ig_token.jsonl,/scratch/project_2005047/shibboleth/data/scandinavian/iter_folds/iter10/dev_iter10_fold6_features.jsonl,11835,19.259,26.74,76.786,39.666,56.192,shibboleth/models/scandinavian/iter10/model_fold6/ig_results.txt,1249056318.5,8.28e-207,0.562,scandinavian,ig_token.jsonl
/scratch/project_2006235/shibboleth/models/scandinavian/iter10/model_fold6/loo_token.jsonl,/scratch/project_2005047/shibboleth/data/scandinavian/iter_folds/iter10/dev_iter10_fold6_features.jsonl,11835,12.631,25.371,50.359,33.742,51.448,shibboleth/models/scandinavian/iter10/model_fold6/loo_results.txt,1143608350.5,2.763e-13,0.514,scandinavian,loo_token.jsonl
/scratch/project_2006235/shibboleth/models/scandinavian/iter10/model_fold6/shap_token.jsonl,/scratch/project_2005047/shibboleth/data/scandinavian/iter_folds/iter10/dev_iter10_fold6_features.jsonl,11835,22.034,28.582,87.849,43.132,64.948,shibboleth/models/scandinavian/iter10/model_fold6/shap_results.txt,1443705088.0,0.0,0.649,scandinavian,shap_token.jsonl
/scratch/project_2006235/shibboleth/models/scandinavian/iter10/model_fold8/lime_token.jsonl,/scratch/project_2005047/shibboleth/data/scandinavian/iter_folds/iter10/dev_iter10_fold8_features.jsonl,11834,22.448,30.145,88.505,44.972,63.084,shibboleth/models/scandinavian/iter10/model_fold8/lime_results.txt,1390565756.0,0.0,0.631,scandinavian,lime_token.jsonl
/scratch/project_2006235/shibboleth/models/scandinavian/iter10/model_fold8/ig_token.jsonl,/scratch/project_2005047/shibboleth/data/scandinavian/iter_folds/iter10/dev_iter10_fold8_features.jsonl,11834,21.481,25.918,86.067,39.839,57.565,shibboleth/models/scandinavian/iter10/model_fold8/ig_results.txt,1241545670.0,1.701e-302,0.576,scandinavian,ig_token.jsonl
/scratch/project_2006235/shibboleth/models/scandinavian/iter10/model_fold8/loo_token.jsonl,/scratch/project_2005047/shibboleth/data/scandinavian/iter_folds/iter10/dev_iter10_fold8_features.jsonl,11834,10.963,25.571,43.927,32.325,50.602,shibboleth/models/scandinavian/iter10/model_fold8/loo_results.txt,1091363841.0,0.00139,0.506,scandinavian,loo_token.jsonl
/scratch/project_2006235/shibboleth/models/scandinavian/iter10/model_fold8/shap_token.jsonl,/scratch/project_2005047/shibboleth/data/scandinavian/iter_folds/iter10/dev_iter10_fold8_features.jsonl,11834,22.405,27.298,89.769,41.865,62.802,shibboleth/models/scandinavian/iter10/model_fold8/shap_results.txt,1354487600.5,0.0,0.628,scandinavian,shap_token.jsonl
/scratch/project_2006235/shibboleth/models/scandinavian/iter10/model_fold4/lime_token.jsonl,/scratch/project_2005047/shibboleth/data/scandinavian/iter_folds/iter10/dev_iter10_fold4_features.jsonl,11836,22.43,30.061,87.98,44.811,62.836,shibboleth/models/scandinavian/iter10/model_fold4/lime_results.txt,1406163445.0,0.0,0.628,scandinavian,lime_token.jsonl
/scratch/project_2006235/shibboleth/models/scandinavian/iter10/model_fold4/ig_token.jsonl,/scratch/project_2005047/shibboleth/data/scandinavian/iter_folds/iter10/dev_iter10_fold4_features.jsonl,11836,19.463,25.478,77.67,38.37,54.897,shibboleth/models/scandinavian/iter10/model_fold4/ig_results.txt,1200736478.0,3.469e-129,0.549,scandinavian,ig_token.jsonl
/scratch/project_2006235/shibboleth/models/scandinavian/iter10/model_fold4/loo_token.jsonl,/scratch/project_2005047/shibboleth/data/scandinavian/iter_folds/iter10/dev_iter10_fold4_features.jsonl,11836,14.346,26.035,57.248,35.793,52.419,shibboleth/models/scandinavian/iter10/model_fold4/loo_results.txt,1146528322.5,1.697e-33,0.524,scandinavian,loo_token.jsonl
/scratch/project_2006235/shibboleth/models/scandinavian/iter10/model_fold4/shap_token.jsonl,/scratch/project_2005047/shibboleth/data/scandinavian/iter_folds/iter10/dev_iter10_fold4_features.jsonl,11836,22.386,28.13,89.334,42.787,64.034,shibboleth/models/scandinavian/iter10/model_fold4/shap_results.txt,1400573449.5,0.0,0.64,scandinavian,shap_token.jsonl
/scratch/project_2006235/shibboleth/models/scandinavian/iter10/model_fold7/lime_token.jsonl,/scratch/project_2005047/shibboleth/data/scandinavian/iter_folds/iter10/dev_iter10_fold7_features.jsonl,11834,22.578,30.126,88.686,44.974,60.952,shibboleth/models/scandinavian/iter10/model_fold7/lime_results.txt,1360281963.0,0.0,0.61,scandinavian,lime_token.jsonl
/scratch/project_2006235/shibboleth/models/scandinavian/iter10/model_fold7/ig_token.jsonl,/scratch/project_2005047/shibboleth/data/scandinavian/iter_folds/iter10/dev_iter10_fold7_features.jsonl,11834,20.301,25.64,81.03,38.954,55.117,shibboleth/models/scandinavian/iter10/model_fold7/ig_results.txt,1203851590.5,1.069e-140,0.551,scandinavian,ig_token.jsonl
/scratch/project_2006235/shibboleth/models/scandinavian/iter10/model_fold7/loo_token.jsonl,/scratch/project_2005047/shibboleth/data/scandinavian/iter_folds/iter10/dev_iter10_fold7_features.jsonl,11834,6.314,26.392,25.204,25.784,48.197,shibboleth/models/scandinavian/iter10/model_fold7/loo_results.txt,1052723103.5,1.0,0.482,scandinavian,loo_token.jsonl
/scratch/project_2006235/shibboleth/models/scandinavian/iter10/model_fold7/shap_token.jsonl,/scratch/project_2005047/shibboleth/data/scandinavian/iter_folds/iter10/dev_iter10_fold7_features.jsonl,11834,21.609,28.567,86.254,42.919,63.022,shibboleth/models/scandinavian/iter10/model_fold7/shap_results.txt,1376510464.0,0.0,0.63,scandinavian,shap_token.jsonl
/scratch/project_2006235/shibboleth/models/scandinavian/iter10/model_fold3/lime_token.jsonl,/scratch/project_2005047/shibboleth/data/scandinavian/iter_folds/iter10/dev_iter10_fold3_features.jsonl,11836,22.262,29.676,88.925,44.501,62.089,shibboleth/models/scandinavian/iter10/model_fold3/lime_results.txt,1362410670.0,0.0,0.621,scandinavian,lime_token.jsonl
/scratch/project_2006235/shibboleth/models/scandinavian/iter10/model_fold3/ig_token.jsonl,/scratch/project_2005047/shibboleth/data/scandinavian/iter_folds/iter10/dev_iter10_fold3_features.jsonl,11836,20.654,25.662,84.012,39.315,58.284,shibboleth/models/scandinavian/iter10/model_fold3/ig_results.txt,1248724805.5,0.0,0.583,scandinavian,ig_token.jsonl
/scratch/project_2006235/shibboleth/models/scandinavian/iter10/model_fold3/loo_token.jsonl,/scratch/project_2005047/shibboleth/data/scandinavian/iter_folds/iter10/dev_iter10_fold3_features.jsonl,11836,11.907,25.759,48.432,33.631,53.155,shibboleth/models/scandinavian/iter10/model_fold3/loo_results.txt,1138841750.5,8.474e-57,0.532,scandinavian,loo_token.jsonl
/scratch/project_2006235/shibboleth/models/scandinavian/iter10/model_fold3/shap_token.jsonl,/scratch/project_2005047/shibboleth/data/scandinavian/iter_folds/iter10/dev_iter10_fold3_features.jsonl,11836,22.313,26.477,90.758,40.994,61.625,shibboleth/models/scandinavian/iter10/model_fold3/shap_results.txt,1320298725.0,0.0,0.616,scandinavian,shap_token.jsonl
/scratch/project_2006235/shibboleth/models/scandinavian/iter10/model_fold9/lime_token.jsonl,/scratch/project_2005047/shibboleth/data/scandinavian/iter_folds/iter10/dev_iter10_fold9_features.jsonl,11833,22.503,30.079,88.74,44.929,63.008,shibboleth/models/scandinavian/iter10/model_fold9/lime_results.txt,1356701674.0,0.0,0.63,scandinavian,lime_token.jsonl
/scratch/project_2006235/shibboleth/models/scandinavian/iter10/model_fold9/ig_token.jsonl,/scratch/project_2005047/shibboleth/data/scandinavian/iter_folds/iter10/dev_iter10_fold9_features.jsonl,11833,20.887,25.427,83.691,39.004,55.404,shibboleth/models/scandinavian/iter10/model_fold9/ig_results.txt,1167437273.5,9.962e-154,0.554,scandinavian,ig_token.jsonl
/scratch/project_2006235/shibboleth/models/scandinavian/iter10/model_fold9/loo_token.jsonl,/scratch/project_2005047/shibboleth/data/scandinavian/iter_folds/iter10/dev_iter10_fold9_features.jsonl,11833,12.928,28.596,51.801,36.85,55.294,shibboleth/models/scandinavian/iter10/model_fold9/loo_results.txt,1165115999.0,6.346e-153,0.553,scandinavian,loo_token.jsonl
/scratch/project_2006235/shibboleth/models/scandinavian/iter10/model_fold9/shap_token.jsonl,/scratch/project_2005047/shibboleth/data/scandinavian/iter_folds/iter10/dev_iter10_fold9_features.jsonl,11833,22.347,27.762,89.54,42.383,63.702,shibboleth/models/scandinavian/iter10/model_fold9/shap_results.txt,1342301277.5,0.0,0.637,scandinavian,shap_token.jsonl
/scratch/project_2006235/shibboleth/models/scandinavian/iter4/model_fold5/lime_token.jsonl,/scratch/project_2005047/shibboleth/data/scandinavian/iter_folds/iter4/dev_iter4_fold5_features.jsonl,11835,22.872,30.403,88.805,45.298,61.766,shibboleth/models/scandinavian/iter4/model_fold5/lime_results.txt,1409902057.0,0.0,0.618,scandinavian,lime_token.jsonl
/scratch/project_2006235/shibboleth/models/scandinavian/iter4/model_fold5/ig_token.jsonl,/scratch/project_2005047/shibboleth/data/scandinavian/iter_folds/iter4/dev_iter4_fold5_features.jsonl,11835,21.121,26.567,83.408,40.298,57.562,shibboleth/models/scandinavian/iter4/model_fold5/ig_results.txt,1284186375.5,7.819e-309,0.576,scandinavian,ig_token.jsonl
/scratch/project_2006235/shibboleth/models/scandinavian/iter4/model_fold5/loo_token.jsonl,/scratch/project_2005047/shibboleth/data/scandinavian/iter_folds/iter4/dev_iter4_fold5_features.jsonl,11835,18.431,28.332,72.784,40.787,55.361,shibboleth/models/scandinavian/iter4/model_fold5/loo_results.txt,1235085356.5,3.274e-157,0.554,scandinavian,loo_token.jsonl
/scratch/project_2006235/shibboleth/models/scandinavian/iter4/model_fold5/shap_token.jsonl,/scratch/project_2005047/shibboleth/data/scandinavian/iter_folds/iter4/dev_iter4_fold5_features.jsonl,11835,22.576,28.531,89.154,43.229,63.889,shibboleth/models/scandinavian/iter4/model_fold5/shap_results.txt,1425327295.0,0.0,0.639,scandinavian,shap_token.jsonl
/scratch/project_2006235/shibboleth/models/scandinavian/iter4/model_fold2/lime_token.jsonl,/scratch/project_2005047/shibboleth/data/scandinavian/iter_folds/iter4/dev_iter4_fold2_features.jsonl,11837,22.587,30.175,88.797,45.044,62.163,shibboleth/models/scandinavian/iter4/model_fold2/lime_results.txt,1373982898.0,0.0,0.622,scandinavian,lime_token.jsonl
/scratch/project_2006235/shibboleth/models/scandinavian/iter4/model_fold2/ig_token.jsonl,/scratch/project_2005047/shibboleth/data/scandinavian/iter_folds/iter4/dev_iter4_fold2_features.jsonl,11837,20.882,25.54,83.556,39.122,56.159,shibboleth/models/scandinavian/iter4/model_fold2/ig_results.txt,1212421812.5,1.748e-201,0.562,scandinavian,ig_token.jsonl
/scratch/project_2006235/shibboleth/models/scandinavian/iter4/model_fold2/loo_token.jsonl,/scratch/project_2005047/shibboleth/data/scandinavian/iter_folds/iter4/dev_iter4_fold2_features.jsonl,11837,9.766,26.531,39.075,31.604,49.445,shibboleth/models/scandinavian/iter4/model_fold2/loo_results.txt,1067465922.0,0.9974,0.494,scandinavian,loo_token.jsonl
/scratch/project_2006235/shibboleth/models/scandinavian/iter4/model_fold2/shap_token.jsonl,/scratch/project_2005047/shibboleth/data/scandinavian/iter_folds/iter4/dev_iter4_fold2_features.jsonl,11837,22.108,27.49,88.462,41.945,61.716,shibboleth/models/scandinavian/iter4/model_fold2/shap_results.txt,1332377777.0,0.0,0.617,scandinavian,shap_token.jsonl
/scratch/project_2006235/shibboleth/models/scandinavian/iter4/model_fold10/lime_token.jsonl,/scratch/project_2005047/shibboleth/data/scandinavian/iter_folds/iter4/dev_iter4_fold10_features.jsonl,11833,22.522,29.917,88.777,44.753,62.389,shibboleth/models/scandinavian/iter4/model_fold10/lime_results.txt,1395144232.0,0.0,0.624,scandinavian,lime_token.jsonl
/scratch/project_2006235/shibboleth/models/scandinavian/iter4/model_fold10/ig_token.jsonl,/scratch/project_2005047/shibboleth/data/scandinavian/iter_folds/iter4/dev_iter4_fold10_features.jsonl,11833,21.042,25.902,84.451,39.645,56.783,shibboleth/models/scandinavian/iter4/model_fold10/ig_results.txt,1239397141.5,5.607e-245,0.568,scandinavian,ig_token.jsonl
/scratch/project_2006235/shibboleth/models/scandinavian/iter4/model_fold10/loo_token.jsonl,/scratch/project_2005047/shibboleth/data/scandinavian/iter_folds/iter4/dev_iter4_fold10_features.jsonl,11833,12.605,28.072,50.589,36.107,55.545,shibboleth/models/scandinavian/iter4/model_fold10/loo_results.txt,1212363120.0,2.541e-171,0.555,scandinavian,loo_token.jsonl
/scratch/project_2006235/shibboleth/models/scandinavian/iter4/model_fold10/shap_token.jsonl,/scratch/project_2005047/shibboleth/data/scandinavian/iter_folds/iter4/dev_iter4_fold10_features.jsonl,11833,22.152,27.486,88.908,41.99,61.77,shibboleth/models/scandinavian/iter4/model_fold10/shap_results.txt,1348239948.0,0.0,0.618,scandinavian,shap_token.jsonl
/scratch/project_2006235/shibboleth/models/scandinavian/iter4/model_fold1/lime_token.jsonl,/scratch/project_2005047/shibboleth/data/scandinavian/iter_folds/iter4/dev_iter4_fold1_features.jsonl,11837,22.466,29.756,88.876,44.585,61.274,shibboleth/models/scandinavian/iter4/model_fold1/lime_results.txt,1339812839.0,0.0,0.613,scandinavian,lime_token.jsonl
/scratch/project_2006235/shibboleth/models/scandinavian/iter4/model_fold1/ig_token.jsonl,/scratch/project_2005047/shibboleth/data/scandinavian/iter_folds/iter4/dev_iter4_fold1_features.jsonl,11837,20.089,25.327,80.771,38.562,54.687,shibboleth/models/scandinavian/iter4/model_fold1/ig_results.txt,1170054536.0,6.015e-117,0.547,scandinavian,ig_token.jsonl
/scratch/project_2006235/shibboleth/models/scandinavian/iter4/model_fold1/loo_token.jsonl,/scratch/project_2005047/shibboleth/data/scandinavian/iter_folds/iter4/dev_iter4_fold1_features.jsonl,11837,10.657,28.398,42.85,34.158,54.104,shibboleth/models/scandinavian/iter4/model_fold1/loo_results.txt,1157592230.0,1.836e-95,0.541,scandinavian,loo_token.jsonl
/scratch/project_2006235/shibboleth/models/scandinavian/iter4/model_fold1/shap_token.jsonl,/scratch/project_2005047/shibboleth/data/scandinavian/iter_folds/iter4/dev_iter4_fold1_features.jsonl,11837,22.101,27.69,88.862,42.223,63.822,shibboleth/models/scandinavian/iter4/model_fold1/shap_results.txt,1365497060.5,0.0,0.638,scandinavian,shap_token.jsonl
/scratch/project_2006235/shibboleth/models/scandinavian/iter4/model_fold6/lime_token.jsonl,/scratch/project_2005047/shibboleth/data/scandinavian/iter_folds/iter4/dev_iter4_fold6_features.jsonl,11835,22.273,29.835,88.426,44.616,61.54,shibboleth/models/scandinavian/iter4/model_fold6/lime_results.txt,1355643673.0,0.0,0.615,scandinavian,lime_token.jsonl
/scratch/project_2006235/shibboleth/models/scandinavian/iter4/model_fold6/ig_token.jsonl,/scratch/project_2005047/shibboleth/data/scandinavian/iter_folds/iter4/dev_iter4_fold6_features.jsonl,11835,20.121,25.605,81.208,38.934,56.231,shibboleth/models/scandinavian/iter4/model_fold6/ig_results.txt,1211741679.5,2.241e-205,0.562,scandinavian,ig_token.jsonl
/scratch/project_2006235/shibboleth/models/scandinavian/iter4/model_fold6/loo_token.jsonl,/scratch/project_2005047/shibboleth/data/scandinavian/iter_folds/iter4/dev_iter4_fold6_features.jsonl,11835,9.587,26.52,38.694,31.471,53.789,shibboleth/models/scandinavian/iter4/model_fold6/loo_results.txt,1159118271.5,8.732e-82,0.538,scandinavian,loo_token.jsonl
/scratch/project_2006235/shibboleth/models/scandinavian/iter4/model_fold6/shap_token.jsonl,/scratch/project_2005047/shibboleth/data/scandinavian/iter_folds/iter4/dev_iter4_fold6_features.jsonl,11835,21.951,27.42,88.593,41.879,63.057,shibboleth/models/scandinavian/iter4/model_fold6/shap_results.txt,1358839975.0,0.0,0.631,scandinavian,shap_token.jsonl
/scratch/project_2006235/shibboleth/models/scandinavian/iter4/model_fold8/lime_token.jsonl,/scratch/project_2005047/shibboleth/data/scandinavian/iter_folds/iter4/dev_iter4_fold8_features.jsonl,11834,22.501,30.188,88.582,45.03,62.657,shibboleth/models/scandinavian/iter4/model_fold8/lime_results.txt,1412198610.0,0.0,0.627,scandinavian,lime_token.jsonl
/scratch/project_2006235/shibboleth/models/scandinavian/iter4/model_fold8/ig_token.jsonl,/scratch/project_2005047/shibboleth/data/scandinavian/iter_folds/iter4/dev_iter4_fold8_features.jsonl,11834,18.534,25.435,74.163,37.879,53.878,shibboleth/models/scandinavian/iter4/model_fold8/ig_results.txt,1187886040.5,4.387e-82,0.539,scandinavian,ig_token.jsonl
/scratch/project_2006235/shibboleth/models/scandinavian/iter4/model_fold8/loo_token.jsonl,/scratch/project_2005047/shibboleth/data/scandinavian/iter_folds/iter4/dev_iter4_fold8_features.jsonl,11834,6.627,25.753,26.52,26.131,52.279,shibboleth/models/scandinavian/iter4/model_fold8/loo_results.txt,1152641642.5,4.819e-34,0.523,scandinavian,loo_token.jsonl
/scratch/project_2006235/shibboleth/models/scandinavian/iter4/model_fold8/shap_token.jsonl,/scratch/project_2005047/shibboleth/data/scandinavian/iter_folds/iter4/dev_iter4_fold8_features.jsonl,11834,22.104,28.451,88.452,43.054,63.932,shibboleth/models/scandinavian/iter4/model_fold8/shap_results.txt,1409558960.5,0.0,0.639,scandinavian,shap_token.jsonl
/scratch/project_2006235/shibboleth/models/scandinavian/iter4/model_fold4/lime_token.jsonl,/scratch/project_2005047/shibboleth/data/scandinavian/iter_folds/iter4/dev_iter4_fold4_features.jsonl,11836,22.186,29.677,88.788,44.485,63.01,shibboleth/models/scandinavian/iter4/model_fold4/lime_results.txt,1380147252.0,0.0,0.63,scandinavian,lime_token.jsonl
/scratch/project_2006235/shibboleth/models/scandinavian/iter4/model_fold4/ig_token.jsonl,/scratch/project_2005047/shibboleth/data/scandinavian/iter_folds/iter4/dev_iter4_fold4_features.jsonl,11836,20.693,25.209,84.14,38.794,56.574,shibboleth/models/scandinavian/iter4/model_fold4/ig_results.txt,1212998677.5,3.198e-227,0.566,scandinavian,ig_token.jsonl
/scratch/project_2006235/shibboleth/models/scandinavian/iter4/model_fold4/loo_token.jsonl,/scratch/project_2005047/shibboleth/data/scandinavian/iter_folds/iter4/dev_iter4_fold4_features.jsonl,11836,7.975,26.255,32.426,29.016,49.49,shibboleth/models/scandinavian/iter4/model_fold4/loo_results.txt,1061103713.0,0.9956,0.495,scandinavian,loo_token.jsonl
/scratch/project_2006235/shibboleth/models/scandinavian/iter4/model_fold4/shap_token.jsonl,/scratch/project_2005047/shibboleth/data/scandinavian/iter_folds/iter4/dev_iter4_fold4_features.jsonl,11836,22.183,26.895,90.201,41.436,62.523,shibboleth/models/scandinavian/iter4/model_fold4/shap_results.txt,1340541370.5,0.0,0.625,scandinavian,shap_token.jsonl
/scratch/project_2006235/shibboleth/models/scandinavian/iter4/model_fold7/lime_token.jsonl,/scratch/project_2005047/shibboleth/data/scandinavian/iter_folds/iter4/dev_iter4_fold7_features.jsonl,11834,22.605,30.246,88.6,45.097,62.333,shibboleth/models/scandinavian/iter4/model_fold7/lime_results.txt,1380911753.0,0.0,0.623,scandinavian,lime_token.jsonl
/scratch/project_2006235/shibboleth/models/scandinavian/iter4/model_fold7/ig_token.jsonl,/scratch/project_2005047/shibboleth/data/scandinavian/iter_folds/iter4/dev_iter4_fold7_features.jsonl,11834,21.334,26.479,85.033,40.383,57.692,shibboleth/models/scandinavian/iter4/model_fold7/ig_results.txt,1249407408.0,0.0,0.577,scandinavian,ig_token.jsonl
/scratch/project_2006235/shibboleth/models/scandinavian/iter4/model_fold7/loo_token.jsonl,/scratch/project_2005047/shibboleth/data/scandinavian/iter_folds/iter4/dev_iter4_fold7_features.jsonl,11834,8.685,26.716,34.618,30.158,51.074,shibboleth/models/scandinavian/iter4/model_fold7/loo_results.txt,1106077338.0,1.797e-08,0.511,scandinavian,loo_token.jsonl
/scratch/project_2006235/shibboleth/models/scandinavian/iter4/model_fold7/shap_token.jsonl,/scratch/project_2005047/shibboleth/data/scandinavian/iter_folds/iter4/dev_iter4_fold7_features.jsonl,11834,22.56,27.982,89.922,42.682,63.071,shibboleth/models/scandinavian/iter4/model_fold7/shap_results.txt,1365892954.0,0.0,0.631,scandinavian,shap_token.jsonl
/scratch/project_2006235/shibboleth/models/scandinavian/iter4/model_fold3/lime_token.jsonl,/scratch/project_2005047/shibboleth/data/scandinavian/iter_folds/iter4/dev_iter4_fold3_features.jsonl,11836,22.32,29.797,88.718,44.611,62.766,shibboleth/models/scandinavian/iter4/model_fold3/lime_results.txt,1385596772.0,0.0,0.628,scandinavian,lime_token.jsonl
/scratch/project_2006235/shibboleth/models/scandinavian/iter4/model_fold3/ig_token.jsonl,/scratch/project_2005047/shibboleth/data/scandinavian/iter_folds/iter4/dev_iter4_fold3_features.jsonl,11836,18.844,24.137,76.106,36.651,52.674,shibboleth/models/scandinavian/iter4/model_fold3/ig_results.txt,1137964154.0,1.224e-39,0.527,scandinavian,ig_token.jsonl
/scratch/project_2006235/shibboleth/models/scandinavian/iter4/model_fold3/loo_token.jsonl,/scratch/project_2005047/shibboleth/data/scandinavian/iter_folds/iter4/dev_iter4_fold3_features.jsonl,11836,12.087,26.758,48.819,34.569,54.568,shibboleth/models/scandinavian/iter4/model_fold3/loo_results.txt,1178884758.0,3.643e-117,0.546,scandinavian,loo_token.jsonl
/scratch/project_2006235/shibboleth/models/scandinavian/iter4/model_fold3/shap_token.jsonl,/scratch/project_2005047/shibboleth/data/scandinavian/iter_folds/iter4/dev_iter4_fold3_features.jsonl,11836,20.875,26.671,84.309,40.523,62.049,shibboleth/models/scandinavian/iter4/model_fold3/shap_results.txt,1340495176.0,0.0,0.62,scandinavian,shap_token.jsonl
/scratch/project_2006235/shibboleth/models/scandinavian/iter4/model_fold9/lime_token.jsonl,/scratch/project_2005047/shibboleth/data/scandinavian/iter_folds/iter4/dev_iter4_fold9_features.jsonl,11833,22.52,30.007,88.662,44.839,62.401,shibboleth/models/scandinavian/iter4/model_fold9/lime_results.txt,1369540083.0,0.0,0.624,scandinavian,lime_token.jsonl
/scratch/project_2006235/shibboleth/models/scandinavian/iter4/model_fold9/ig_token.jsonl,/scratch/project_2005047/shibboleth/data/scandinavian/iter_folds/iter4/dev_iter4_fold9_features.jsonl,11833,21.001,25.981,84.075,39.696,57.387,shibboleth/models/scandinavian/iter4/model_fold9/ig_results.txt,1231281376.5,8.148e-288,0.574,scandinavian,ig_token.jsonl
/scratch/project_2006235/shibboleth/models/scandinavian/iter4/model_fold9/loo_token.jsonl,/scratch/project_2005047/shibboleth/data/scandinavian/iter_folds/iter4/dev_iter4_fold9_features.jsonl,11833,9.319,26.774,37.308,31.175,51.525,shibboleth/models/scandinavian/iter4/model_fold9/loo_results.txt,1105522571.0,2.89e-15,0.515,scandinavian,loo_token.jsonl
/scratch/project_2006235/shibboleth/models/scandinavian/iter4/model_fold9/shap_token.jsonl,/scratch/project_2005047/shibboleth/data/scandinavian/iter_folds/iter4/dev_iter4_fold9_features.jsonl,11833,21.972,27.816,87.964,42.267,62.28,shibboleth/models/scandinavian/iter4/model_fold9/shap_results.txt,1336283578.0,0.0,0.623,scandinavian,shap_token.jsonl
/scratch/project_2006235/shibboleth/models/scandinavian/iter9/model_fold5/lime_token.jsonl,/scratch/project_2005047/shibboleth/data/scandinavian/iter_folds/iter9/dev_iter9_fold5_features.jsonl,11835,22.329,29.872,88.778,44.703,62.62,shibboleth/models/scandinavian/iter9/model_fold5/lime_results.txt,1373447938.0,0.0,0.626,scandinavian,lime_token.jsonl
/scratch/project_2006235/shibboleth/models/scandinavian/iter9/model_fold5/ig_token.jsonl,/scratch/project_2005047/shibboleth/data/scandinavian/iter_folds/iter9/dev_iter9_fold5_features.jsonl,11835,20.841,26.177,84.163,39.933,58.621,shibboleth/models/scandinavian/iter9/model_fold5/ig_results.txt,1259043583.0,0.0,0.586,scandinavian,ig_token.jsonl
/scratch/project_2006235/shibboleth/models/scandinavian/iter9/model_fold5/loo_token.jsonl,/scratch/project_2005047/shibboleth/data/scandinavian/iter_folds/iter9/dev_iter9_fold5_features.jsonl,11835,11.793,30.381,47.624,37.096,56.87,shibboleth/models/scandinavian/iter9/model_fold5/loo_results.txt,1221422517.5,1.804e-257,0.569,scandinavian,loo_token.jsonl
/scratch/project_2006235/shibboleth/models/scandinavian/iter9/model_fold5/shap_token.jsonl,/scratch/project_2005047/shibboleth/data/scandinavian/iter_folds/iter9/dev_iter9_fold5_features.jsonl,11835,22.134,27.209,89.382,41.718,62.054,shibboleth/models/scandinavian/iter9/model_fold5/shap_results.txt,1332760483.5,0.0,0.621,scandinavian,shap_token.jsonl
/scratch/project_2006235/shibboleth/models/scandinavian/iter9/model_fold2/lime_token.jsonl,/scratch/project_2005047/shibboleth/data/scandinavian/iter_folds/iter9/dev_iter9_fold2_features.jsonl,11837,22.509,29.94,88.822,44.784,61.706,shibboleth/models/scandinavian/iter9/model_fold2/lime_results.txt,1396483443.0,0.0,0.617,scandinavian,lime_token.jsonl
/scratch/project_2006235/shibboleth/models/scandinavian/iter9/model_fold2/ig_token.jsonl,/scratch/project_2005047/shibboleth/data/scandinavian/iter_folds/iter9/dev_iter9_fold2_features.jsonl,11837,21.307,25.558,85.494,39.352,57.202,shibboleth/models/scandinavian/iter9/model_fold2/ig_results.txt,1266143663.0,8.818e-278,0.572,scandinavian,ig_token.jsonl
/scratch/project_2006235/shibboleth/models/scandinavian/iter9/model_fold2/loo_token.jsonl,/scratch/project_2005047/shibboleth/data/scandinavian/iter_folds/iter9/dev_iter9_fold2_features.jsonl,11837,16.316,27.838,65.469,39.066,56.958,shibboleth/models/scandinavian/iter9/model_fold2/loo_results.txt,1260738986.0,6.186e-262,0.57,scandinavian,loo_token.jsonl
/scratch/project_2006235/shibboleth/models/scandinavian/iter9/model_fold2/shap_token.jsonl,/scratch/project_2005047/shibboleth/data/scandinavian/iter_folds/iter9/dev_iter9_fold2_features.jsonl,11837,22.21,27.617,89.116,42.167,64.215,shibboleth/models/scandinavian/iter9/model_fold2/shap_results.txt,1421368288.0,0.0,0.642,scandinavian,shap_token.jsonl
/scratch/project_2006235/shibboleth/models/scandinavian/iter9/model_fold10/lime_token.jsonl,/scratch/project_2005047/shibboleth/data/scandinavian/iter_folds/iter9/dev_iter9_fold10_features.jsonl,11833,22.423,29.947,88.2,44.712,61.543,shibboleth/models/scandinavian/iter9/model_fold10/lime_results.txt,1340468377.0,0.0,0.615,scandinavian,lime_token.jsonl
/scratch/project_2006235/shibboleth/models/scandinavian/iter9/model_fold10/ig_token.jsonl,/scratch/project_2005047/shibboleth/data/scandinavian/iter_folds/iter9/dev_iter9_fold10_features.jsonl,11833,20.531,25.197,82.156,38.566,55.998,shibboleth/models/scandinavian/iter9/model_fold10/ig_results.txt,1191939916.0,7.09e-190,0.56,scandinavian,ig_token.jsonl
/scratch/project_2006235/shibboleth/models/scandinavian/iter9/model_fold10/loo_token.jsonl,/scratch/project_2005047/shibboleth/data/scandinavian/iter_folds/iter9/dev_iter9_fold10_features.jsonl,11833,16.072,25.139,64.315,36.149,50.689,shibboleth/models/scandinavian/iter9/model_fold10/loo_results.txt,1078929509.0,0.0003471,0.507,scandinavian,loo_token.jsonl
/scratch/project_2006235/shibboleth/models/scandinavian/iter9/model_fold10/shap_token.jsonl,/scratch/project_2005047/shibboleth/data/scandinavian/iter_folds/iter9/dev_iter9_fold10_features.jsonl,11833,22.305,27.416,89.255,41.947,62.419,shibboleth/models/scandinavian/iter9/model_fold10/shap_results.txt,1328618971.0,0.0,0.624,scandinavian,shap_token.jsonl
/scratch/project_2006235/shibboleth/models/scandinavian/iter9/model_fold1/lime_token.jsonl,/scratch/project_2005047/shibboleth/data/scandinavian/iter_folds/iter9/dev_iter9_fold1_features.jsonl,11837,22.364,29.748,88.522,44.531,61.37,shibboleth/models/scandinavian/iter9/model_fold1/lime_results.txt,1335563105.0,0.0,0.614,scandinavian,lime_token.jsonl
/scratch/project_2006235/shibboleth/models/scandinavian/iter9/model_fold1/ig_token.jsonl,/scratch/project_2005047/shibboleth/data/scandinavian/iter_folds/iter9/dev_iter9_fold1_features.jsonl,11837,20.061,26.096,80.809,39.452,57.502,shibboleth/models/scandinavian/iter9/model_fold1/ig_results.txt,1222128975.0,7.734e-295,0.575,scandinavian,ig_token.jsonl
/scratch/project_2006235/shibboleth/models/scandinavian/iter9/model_fold1/loo_token.jsonl,/scratch/project_2005047/shibboleth/data/scandinavian/iter_folds/iter9/dev_iter9_fold1_features.jsonl,11837,8.137,24.544,32.779,28.07,51.247,shibboleth/models/scandinavian/iter9/model_fold1/loo_results.txt,1089181484.0,6.673e-11,0.512,scandinavian,loo_token.jsonl
/scratch/project_2006235/shibboleth/models/scandinavian/iter9/model_fold1/shap_token.jsonl,/scratch/project_2005047/shibboleth/data/scandinavian/iter_folds/iter9/dev_iter9_fold1_features.jsonl,11837,21.905,27.456,88.239,41.88,63.011,shibboleth/models/scandinavian/iter9/model_fold1/shap_results.txt,1339210541.0,0.0,0.63,scandinavian,shap_token.jsonl
/scratch/project_2006235/shibboleth/models/scandinavian/iter9/model_fold6/lime_token.jsonl,/scratch/project_2005047/shibboleth/data/scandinavian/iter_folds/iter9/dev_iter9_fold6_features.jsonl,11835,22.116,29.895,87.704,44.591,63.252,shibboleth/models/scandinavian/iter9/model_fold6/lime_results.txt,1420912705.0,0.0,0.633,scandinavian,lime_token.jsonl
/scratch/project_2006235/shibboleth/models/scandinavian/iter9/model_fold6/ig_token.jsonl,/scratch/project_2005047/shibboleth/data/scandinavian/iter_folds/iter9/dev_iter9_fold6_features.jsonl,11835,20.046,25.433,80.849,38.694,53.977,shibboleth/models/scandinavian/iter9/model_fold6/ig_results.txt,1185407095.5,7.749e-86,0.54,scandinavian,ig_token.jsonl
/scratch/project_2006235/shibboleth/models/scandinavian/iter9/model_fold6/loo_token.jsonl,/scratch/project_2005047/shibboleth/data/scandinavian/iter_folds/iter9/dev_iter9_fold6_features.jsonl,11835,13.955,25.526,56.284,35.123,51.871,shibboleth/models/scandinavian/iter9/model_fold6/loo_results.txt,1139160346.5,6.066e-21,0.519,scandinavian,loo_token.jsonl
/scratch/project_2006235/shibboleth/models/scandinavian/iter9/model_fold6/shap_token.jsonl,/scratch/project_2005047/shibboleth/data/scandinavian/iter_folds/iter9/dev_iter9_fold6_features.jsonl,11835,21.901,28.035,88.331,42.562,64.365,shibboleth/models/scandinavian/iter9/model_fold6/shap_results.txt,1413540625.0,0.0,0.644,scandinavian,shap_token.jsonl
/scratch/project_2006235/shibboleth/models/scandinavian/iter9/model_fold8/lime_token.jsonl,/scratch/project_2005047/shibboleth/data/scandinavian/iter_folds/iter9/dev_iter9_fold8_features.jsonl,11834,22.571,30.293,88.154,45.091,62.253,shibboleth/models/scandinavian/iter9/model_fold8/lime_results.txt,1390172746.0,0.0,0.623,scandinavian,lime_token.jsonl
/scratch/project_2006235/shibboleth/models/scandinavian/iter9/model_fold8/ig_token.jsonl,/scratch/project_2005047/shibboleth/data/scandinavian/iter_folds/iter9/dev_iter9_fold8_features.jsonl,11834,20.906,26.573,83.057,40.264,57.013,shibboleth/models/scandinavian/iter9/model_fold8/ig_results.txt,1244066974.5,1.515e-262,0.57,scandinavian,ig_token.jsonl
/scratch/project_2006235/shibboleth/models/scandinavian/iter9/model_fold8/loo_token.jsonl,/scratch/project_2005047/shibboleth/data/scandinavian/iter_folds/iter9/dev_iter9_fold8_features.jsonl,11834,9.288,27.53,36.901,31.534,54.257,shibboleth/models/scandinavian/iter9/model_fold8/loo_results.txt,1183914629.0,1.978e-106,0.543,scandinavian,loo_token.jsonl
/scratch/project_2006235/shibboleth/models/scandinavian/iter9/model_fold8/shap_token.jsonl,/scratch/project_2005047/shibboleth/data/scandinavian/iter_folds/iter9/dev_iter9_fold8_features.jsonl,11834,22.154,28.636,88.016,43.213,65.581,shibboleth/models/scandinavian/iter9/model_fold8/shap_results.txt,1431026607.0,0.0,0.656,scandinavian,shap_token.jsonl
/scratch/project_2006235/shibboleth/models/scandinavian/iter9/model_fold4/lime_token.jsonl,/scratch/project_2005047/shibboleth/data/scandinavian/iter_folds/iter9/dev_iter9_fold4_features.jsonl,11836,22.525,30.097,88.974,44.979,63.123,shibboleth/models/scandinavian/iter9/model_fold4/lime_results.txt,1387026496.0,0.0,0.631,scandinavian,lime_token.jsonl
/scratch/project_2006235/shibboleth/models/scandinavian/iter9/model_fold4/ig_token.jsonl,/scratch/project_2005047/shibboleth/data/scandinavian/iter_folds/iter9/dev_iter9_fold4_features.jsonl,11836,21.37,25.688,85.812,39.54,57.951,shibboleth/models/scandinavian/iter9/model_fold4/ig_results.txt,1245590524.0,0.0,0.58,scandinavian,ig_token.jsonl
/scratch/project_2006235/shibboleth/models/scandinavian/iter9/model_fold4/loo_token.jsonl,/scratch/project_2005047/shibboleth/data/scandinavian/iter_folds/iter9/dev_iter9_fold4_features.jsonl,11836,7.779,25.36,31.238,27.994,51.099,shibboleth/models/scandinavian/iter9/model_fold4/loo_results.txt,1098315418.5,2.118e-09,0.511,scandinavian,loo_token.jsonl
/scratch/project_2006235/shibboleth/models/scandinavian/iter9/model_fold4/shap_token.jsonl,/scratch/project_2005047/shibboleth/data/scandinavian/iter_folds/iter9/dev_iter9_fold4_features.jsonl,11836,22.403,26.832,89.961,41.336,61.637,shibboleth/models/scandinavian/iter9/model_fold4/shap_results.txt,1324810366.5,0.0,0.616,scandinavian,shap_token.jsonl
/scratch/project_2006235/shibboleth/models/scandinavian/iter9/model_fold7/lime_token.jsonl,/scratch/project_2005047/shibboleth/data/scandinavian/iter_folds/iter9/dev_iter9_fold7_features.jsonl,11834,22.415,30.095,88.182,44.874,62.036,shibboleth/models/scandinavian/iter9/model_fold7/lime_results.txt,1405853116.0,0.0,0.62,scandinavian,lime_token.jsonl
/scratch/project_2006235/shibboleth/models/scandinavian/iter9/model_fold7/ig_token.jsonl,/scratch/project_2005047/shibboleth/data/scandinavian/iter_folds/iter9/dev_iter9_fold7_features.jsonl,11834,19.054,25.982,76.323,38.767,54.181,shibboleth/models/scandinavian/iter9/model_fold7/ig_results.txt,1198385380.0,3.413e-95,0.542,scandinavian,ig_token.jsonl
/scratch/project_2006235/shibboleth/models/scandinavian/iter9/model_fold7/loo_token.jsonl,/scratch/project_2005047/shibboleth/data/scandinavian/iter_folds/iter9/dev_iter9_fold7_features.jsonl,11834,6.886,24.975,27.583,26.214,52.075,shibboleth/models/scandinavian/iter9/model_fold7/loo_results.txt,1151795026.0,1.148e-28,0.521,scandinavian,loo_token.jsonl
/scratch/project_2006235/shibboleth/models/scandinavian/iter9/model_fold7/shap_token.jsonl,/scratch/project_2005047/shibboleth/data/scandinavian/iter_folds/iter9/dev_iter9_fold7_features.jsonl,11834,22.424,27.736,89.822,42.384,63.613,shibboleth/models/scandinavian/iter9/model_fold7/shap_results.txt,1406998028.5,0.0,0.636,scandinavian,shap_token.jsonl
/scratch/project_2006235/shibboleth/models/scandinavian/iter9/model_fold3/lime_token.jsonl,/scratch/project_2005047/shibboleth/data/scandinavian/iter_folds/iter9/dev_iter9_fold3_features.jsonl,11836,22.615,30.072,89.047,44.96,62.59,shibboleth/models/scandinavian/iter9/model_fold3/lime_results.txt,1370657218.0,0.0,0.626,scandinavian,lime_token.jsonl
/scratch/project_2006235/shibboleth/models/scandinavian/iter9/model_fold3/ig_token.jsonl,/scratch/project_2005047/shibboleth/data/scandinavian/iter_folds/iter9/dev_iter9_fold3_features.jsonl,11836,19.879,26.746,79.551,40.032,56.967,shibboleth/models/scandinavian/iter9/model_fold3/ig_results.txt,1220426223.0,3.942e-256,0.57,scandinavian,ig_token.jsonl
/scratch/project_2006235/shibboleth/models/scandinavian/iter9/model_fold3/loo_token.jsonl,/scratch/project_2005047/shibboleth/data/scandinavian/iter_folds/iter9/dev_iter9_fold3_features.jsonl,11836,13.032,30.288,52.15,38.32,56.171,shibboleth/models/scandinavian/iter9/model_fold3/loo_results.txt,1203373647.5,1.599e-203,0.562,scandinavian,loo_token.jsonl
/scratch/project_2006235/shibboleth/models/scandinavian/iter9/model_fold3/shap_token.jsonl,/scratch/project_2005047/shibboleth/data/scandinavian/iter_folds/iter9/dev_iter9_fold3_features.jsonl,11836,22.29,28.152,89.197,42.797,63.583,shibboleth/models/scandinavian/iter9/model_fold3/shap_results.txt,1362174076.0,0.0,0.636,scandinavian,shap_token.jsonl
/scratch/project_2006235/shibboleth/models/scandinavian/iter9/model_fold9/lime_token.jsonl,/scratch/project_2005047/shibboleth/data/scandinavian/iter_folds/iter9/dev_iter9_fold9_features.jsonl,11833,22.493,29.985,88.694,44.818,61.3,shibboleth/models/scandinavian/iter9/model_fold9/lime_results.txt,1371519057.0,0.0,0.613,scandinavian,lime_token.jsonl
/scratch/project_2006235/shibboleth/models/scandinavian/iter9/model_fold9/ig_token.jsonl,/scratch/project_2005047/shibboleth/data/scandinavian/iter_folds/iter9/dev_iter9_fold9_features.jsonl,11833,21.084,26.416,84.44,40.243,58.771,shibboleth/models/scandinavian/iter9/model_fold9/ig_results.txt,1287866750.0,0.0,0.588,scandinavian,ig_token.jsonl
/scratch/project_2006235/shibboleth/models/scandinavian/iter9/model_fold9/loo_token.jsonl,/scratch/project_2005047/shibboleth/data/scandinavian/iter_folds/iter9/dev_iter9_fold9_features.jsonl,11833,10.18,26.014,40.772,31.762,51.849,shibboleth/models/scandinavian/iter9/model_fold9/loo_results.txt,1136183071.0,1.105e-21,0.518,scandinavian,loo_token.jsonl
/scratch/project_2006235/shibboleth/models/scandinavian/iter9/model_fold9/shap_token.jsonl,/scratch/project_2005047/shibboleth/data/scandinavian/iter_folds/iter9/dev_iter9_fold9_features.jsonl,11833,22.444,27.542,89.886,42.164,62.53,shibboleth/models/scandinavian/iter9/model_fold9/shap_results.txt,1370260589.0,0.0,0.625,scandinavian,shap_token.jsonl
/scratch/project_2006235/shibboleth/models/scandinavian/iter1/model_fold5/lime_token.jsonl,/scratch/project_2005047/shibboleth/data/scandinavian/iter_folds/iter1/dev_iter1_fold5_features.jsonl,11835,22.546,30.013,88.89,44.874,62.56,shibboleth/models/scandinavian/iter1/model_fold5/lime_results.txt,1392215023.0,0.0,0.626,scandinavian,lime_token.jsonl
/scratch/project_2006235/shibboleth/models/scandinavian/iter1/model_fold5/ig_token.jsonl,/scratch/project_2005047/shibboleth/data/scandinavian/iter_folds/iter1/dev_iter1_fold5_features.jsonl,11835,19.713,25.495,79.076,38.558,55.794,shibboleth/models/scandinavian/iter1/model_fold5/ig_results.txt,1213176278.0,4.466e-179,0.558,scandinavian,ig_token.jsonl
/scratch/project_2006235/shibboleth/models/scandinavian/iter1/model_fold5/loo_token.jsonl,/scratch/project_2005047/shibboleth/data/scandinavian/iter_folds/iter1/dev_iter1_fold5_features.jsonl,11835,13.277,27.964,53.259,36.673,55.125,shibboleth/models/scandinavian/iter1/model_fold5/loo_results.txt,1198629552.0,1.45e-144,0.551,scandinavian,loo_token.jsonl
/scratch/project_2006235/shibboleth/models/scandinavian/iter1/model_fold5/shap_token.jsonl,/scratch/project_2005047/shibboleth/data/scandinavian/iter_folds/iter1/dev_iter1_fold5_features.jsonl,11835,22.329,27.734,89.568,42.354,63.858,shibboleth/models/scandinavian/iter1/model_fold5/shap_results.txt,1388513728.0,0.0,0.639,scandinavian,shap_token.jsonl
/scratch/project_2006235/shibboleth/models/scandinavian/iter1/model_fold2/lime_token.jsonl,/scratch/project_2005047/shibboleth/data/scandinavian/iter_folds/iter1/dev_iter1_fold2_features.jsonl,11837,22.603,30.086,88.778,44.942,60.966,shibboleth/models/scandinavian/iter1/model_fold2/lime_results.txt,1355480174.0,0.0,0.61,scandinavian,lime_token.jsonl
/scratch/project_2006235/shibboleth/models/scandinavian/iter1/model_fold2/ig_token.jsonl,/scratch/project_2005047/shibboleth/data/scandinavian/iter_folds/iter1/dev_iter1_fold2_features.jsonl,11837,20.03,25.829,79.98,39.048,56.41,shibboleth/models/scandinavian/iter1/model_fold2/ig_results.txt,1226586213.0,6.133e-219,0.564,scandinavian,ig_token.jsonl
/scratch/project_2006235/shibboleth/models/scandinavian/iter1/model_fold2/loo_token.jsonl,/scratch/project_2005047/shibboleth/data/scandinavian/iter_folds/iter1/dev_iter1_fold2_features.jsonl,11837,7.45,27.667,29.748,28.67,54.011,shibboleth/models/scandinavian/iter1/model_fold2/loo_results.txt,1174429661.5,6.387e-98,0.54,scandinavian,loo_token.jsonl
/scratch/project_2006235/shibboleth/models/scandinavian/iter1/model_fold2/shap_token.jsonl,/scratch/project_2005047/shibboleth/data/scandinavian/iter_folds/iter1/dev_iter1_fold2_features.jsonl,11837,22.207,27.834,88.673,42.369,62.91,shibboleth/models/scandinavian/iter1/model_fold2/shap_results.txt,1367944819.5,0.0,0.629,scandinavian,shap_token.jsonl
/scratch/project_2006235/shibboleth/models/scandinavian/iter1/model_fold10/lime_token.jsonl,/scratch/project_2005047/shibboleth/data/scandinavian/iter_folds/iter1/dev_iter1_fold10_features.jsonl,11833,22.476,29.903,88.946,44.758,62.077,shibboleth/models/scandinavian/iter1/model_fold10/lime_results.txt,1362622096.0,0.0,0.621,scandinavian,lime_token.jsonl
/scratch/project_2006235/shibboleth/models/scandinavian/iter1/model_fold10/ig_token.jsonl,/scratch/project_2005047/shibboleth/data/scandinavian/iter_folds/iter1/dev_iter1_fold10_features.jsonl,11833,20.558,25.565,82.648,39.051,56.752,shibboleth/models/scandinavian/iter1/model_fold10/ig_results.txt,1219514249.5,1.033e-240,0.568,scandinavian,ig_token.jsonl
/scratch/project_2006235/shibboleth/models/scandinavian/iter1/model_fold10/loo_token.jsonl,/scratch/project_2005047/shibboleth/data/scandinavian/iter_folds/iter1/dev_iter1_fold10_features.jsonl,11833,9.874,27.471,39.696,32.471,54.179,shibboleth/models/scandinavian/iter1/model_fold10/loo_results.txt,1164228157.5,4.359e-100,0.542,scandinavian,loo_token.jsonl
/scratch/project_2006235/shibboleth/models/scandinavian/iter1/model_fold10/shap_token.jsonl,/scratch/project_2005047/shibboleth/data/scandinavian/iter_folds/iter1/dev_iter1_fold10_features.jsonl,11833,21.859,27.862,87.876,42.309,63.313,shibboleth/models/scandinavian/iter1/model_fold10/shap_results.txt,1360507764.0,0.0,0.633,scandinavian,shap_token.jsonl
/scratch/project_2006235/shibboleth/models/scandinavian/iter1/model_fold1/lime_token.jsonl,/scratch/project_2005047/shibboleth/data/scandinavian/iter_folds/iter1/dev_iter1_fold1_features.jsonl,11837,22.526,30.052,88.792,44.905,62.952,shibboleth/models/scandinavian/iter1/model_fold1/lime_results.txt,1387917221.0,0.0,0.63,scandinavian,lime_token.jsonl
/scratch/project_2006235/shibboleth/models/scandinavian/iter1/model_fold1/ig_token.jsonl,/scratch/project_2005047/shibboleth/data/scandinavian/iter_folds/iter1/dev_iter1_fold1_features.jsonl,11837,20.917,26.26,83.862,39.996,57.175,shibboleth/models/scandinavian/iter1/model_fold1/ig_results.txt,1232122844.5,3.857e-272,0.572,scandinavian,ig_token.jsonl
/scratch/project_2006235/shibboleth/models/scandinavian/iter1/model_fold1/loo_token.jsonl,/scratch/project_2005047/shibboleth/data/scandinavian/iter_folds/iter1/dev_iter1_fold1_features.jsonl,11837,12.626,28.521,50.622,36.485,55.976,shibboleth/models/scandinavian/iter1/model_fold1/loo_results.txt,1206285596.0,7.234e-196,0.56,scandinavian,loo_token.jsonl
/scratch/project_2006235/shibboleth/models/scandinavian/iter1/model_fold1/shap_token.jsonl,/scratch/project_2005047/shibboleth/data/scandinavian/iter_folds/iter1/dev_iter1_fold1_features.jsonl,11837,22.124,27.956,88.7,42.513,62.887,shibboleth/models/scandinavian/iter1/model_fold1/shap_results.txt,1355221358.5,0.0,0.629,scandinavian,shap_token.jsonl
/scratch/project_2006235/shibboleth/models/scandinavian/iter1/model_fold6/lime_token.jsonl,/scratch/project_2005047/shibboleth/data/scandinavian/iter_folds/iter1/dev_iter1_fold6_features.jsonl,11835,22.472,30.066,88.611,44.898,62.527,shibboleth/models/scandinavian/iter1/model_fold6/lime_results.txt,1397363109.0,0.0,0.625,scandinavian,lime_token.jsonl
/scratch/project_2006235/shibboleth/models/scandinavian/iter1/model_fold6/ig_token.jsonl,/scratch/project_2005047/shibboleth/data/scandinavian/iter_folds/iter1/dev_iter1_fold6_features.jsonl,11835,20.335,25.851,81.555,39.258,56.552,shibboleth/models/scandinavian/iter1/model_fold6/ig_results.txt,1235468810.5,7.74e-229,0.566,scandinavian,ig_token.jsonl
/scratch/project_2006235/shibboleth/models/scandinavian/iter1/model_fold6/loo_token.jsonl,/scratch/project_2005047/shibboleth/data/scandinavian/iter_folds/iter1/dev_iter1_fold6_features.jsonl,11835,8.737,24.528,35.042,28.857,51.154,shibboleth/models/scandinavian/iter1/model_fold6/loo_results.txt,1117547967.5,9.022e-10,0.512,scandinavian,loo_token.jsonl
/scratch/project_2006235/shibboleth/models/scandinavian/iter1/model_fold6/shap_token.jsonl,/scratch/project_2005047/shibboleth/data/scandinavian/iter_folds/iter1/dev_iter1_fold6_features.jsonl,11835,22.743,26.918,91.215,41.569,61.121,shibboleth/models/scandinavian/iter1/model_fold6/shap_results.txt,1335288898.5,0.0,0.611,scandinavian,shap_token.jsonl
/scratch/project_2006235/shibboleth/models/scandinavian/iter1/model_fold8/lime_token.jsonl,/scratch/project_2005047/shibboleth/data/scandinavian/iter_folds/iter1/dev_iter1_fold8_features.jsonl,11834,22.45,30.078,88.431,44.888,63.067,shibboleth/models/scandinavian/iter1/model_fold8/lime_results.txt,1388455210.0,0.0,0.631,scandinavian,lime_token.jsonl
/scratch/project_2006235/shibboleth/models/scandinavian/iter1/model_fold8/ig_token.jsonl,/scratch/project_2005047/shibboleth/data/scandinavian/iter_folds/iter1/dev_iter1_fold8_features.jsonl,11834,19.704,26.408,78.833,39.563,56.335,shibboleth/models/scandinavian/iter1/model_fold8/ig_results.txt,1214392334.5,6.916e-213,0.563,scandinavian,ig_token.jsonl
/scratch/project_2006235/shibboleth/models/scandinavian/iter1/model_fold8/loo_token.jsonl,/scratch/project_2005047/shibboleth/data/scandinavian/iter_folds/iter1/dev_iter1_fold8_features.jsonl,11834,10.773,28.5,43.102,34.312,51.734,shibboleth/models/scandinavian/iter1/model_fold8/loo_results.txt,1115215943.0,1.815e-18,0.517,scandinavian,loo_token.jsonl
/scratch/project_2006235/shibboleth/models/scandinavian/iter1/model_fold8/shap_token.jsonl,/scratch/project_2005047/shibboleth/data/scandinavian/iter_folds/iter1/dev_iter1_fold8_features.jsonl,11834,21.947,28.255,87.807,42.753,65.445,shibboleth/models/scandinavian/iter1/model_fold8/shap_results.txt,1410778383.0,0.0,0.654,scandinavian,shap_token.jsonl
/scratch/project_2006235/shibboleth/models/scandinavian/iter1/model_fold4/lime_token.jsonl,/scratch/project_2005047/shibboleth/data/scandinavian/iter_folds/iter1/dev_iter1_fold4_features.jsonl,11836,22.476,29.926,89.028,44.794,63.173,shibboleth/models/scandinavian/iter1/model_fold4/lime_results.txt,1375746318.0,0.0,0.632,scandinavian,lime_token.jsonl
/scratch/project_2006235/shibboleth/models/scandinavian/iter1/model_fold4/ig_token.jsonl,/scratch/project_2005047/shibboleth/data/scandinavian/iter_folds/iter1/dev_iter1_fold4_features.jsonl,11836,19.799,25.943,79.705,39.145,56.528,shibboleth/models/scandinavian/iter1/model_fold4/ig_results.txt,1204264289.5,4.129e-224,0.565,scandinavian,ig_token.jsonl
/scratch/project_2006235/shibboleth/models/scandinavian/iter1/model_fold4/loo_token.jsonl,/scratch/project_2005047/shibboleth/data/scandinavian/iter_folds/iter1/dev_iter1_fold4_features.jsonl,11836,11.27,23.492,45.37,30.956,49.05,shibboleth/models/scandinavian/iter1/model_fold4/loo_results.txt,1044964369.0,1.0,0.491,scandinavian,loo_token.jsonl
/scratch/project_2006235/shibboleth/models/scandinavian/iter1/model_fold4/shap_token.jsonl,/scratch/project_2005047/shibboleth/data/scandinavian/iter_folds/iter1/dev_iter1_fold4_features.jsonl,11836,21.581,28.218,86.882,42.601,64.987,shibboleth/models/scandinavian/iter1/model_fold4/shap_results.txt,1384471606.5,0.0,0.65,scandinavian,shap_token.jsonl
/scratch/project_2006235/shibboleth/models/scandinavian/iter1/model_fold7/lime_token.jsonl,/scratch/project_2005047/shibboleth/data/scandinavian/iter_folds/iter1/dev_iter1_fold7_features.jsonl,11834,22.25,29.974,88.137,44.735,62.468,shibboleth/models/scandinavian/iter1/model_fold7/lime_results.txt,1400031662.0,0.0,0.625,scandinavian,lime_token.jsonl
/scratch/project_2006235/shibboleth/models/scandinavian/iter1/model_fold7/ig_token.jsonl,/scratch/project_2005047/shibboleth/data/scandinavian/iter_folds/iter1/dev_iter1_fold7_features.jsonl,11834,18.959,24.79,76.5,37.445,53.146,shibboleth/models/scandinavian/iter1/model_fold7/ig_results.txt,1161960724.5,2.108e-54,0.531,scandinavian,ig_token.jsonl
/scratch/project_2006235/shibboleth/models/scandinavian/iter1/model_fold7/loo_token.jsonl,/scratch/project_2005047/shibboleth/data/scandinavian/iter_folds/iter1/dev_iter1_fold7_features.jsonl,11834,8.496,26.055,34.283,29.608,52.958,shibboleth/models/scandinavian/iter1/model_fold7/loo_results.txt,1157839347.5,4.811e-51,0.53,scandinavian,loo_token.jsonl
/scratch/project_2006235/shibboleth/models/scandinavian/iter1/model_fold7/shap_token.jsonl,/scratch/project_2005047/shibboleth/data/scandinavian/iter_folds/iter1/dev_iter1_fold7_features.jsonl,11834,21.905,27.233,88.386,41.637,62.821,shibboleth/models/scandinavian/iter1/model_fold7/shap_results.txt,1373478337.0,0.0,0.628,scandinavian,shap_token.jsonl
/scratch/project_2006235/shibboleth/models/scandinavian/iter1/model_fold3/lime_token.jsonl,/scratch/project_2005047/shibboleth/data/scandinavian/iter_folds/iter1/dev_iter1_fold3_features.jsonl,11836,22.477,30.166,88.326,44.973,63.048,shibboleth/models/scandinavian/iter1/model_fold3/lime_results.txt,1416847505.0,0.0,0.63,scandinavian,lime_token.jsonl
/scratch/project_2006235/shibboleth/models/scandinavian/iter1/model_fold3/ig_token.jsonl,/scratch/project_2005047/shibboleth/data/scandinavian/iter_folds/iter1/dev_iter1_fold3_features.jsonl,11836,20.025,25.467,80.001,38.636,53.978,shibboleth/models/scandinavian/iter1/model_fold3/ig_results.txt,1186386340.0,3.672e-86,0.54,scandinavian,ig_token.jsonl
/scratch/project_2006235/shibboleth/models/scandinavian/iter1/model_fold3/loo_token.jsonl,/scratch/project_2005047/shibboleth/data/scandinavian/iter_folds/iter1/dev_iter1_fold3_features.jsonl,11836,13.09,23.633,52.294,32.554,48.334,shibboleth/models/scandinavian/iter1/model_fold3/loo_results.txt,1062338124.0,1.0,0.483,scandinavian,loo_token.jsonl
/scratch/project_2006235/shibboleth/models/scandinavian/iter1/model_fold3/shap_token.jsonl,/scratch/project_2005047/shibboleth/data/scandinavian/iter_folds/iter1/dev_iter1_fold3_features.jsonl,11836,22.153,28.241,88.504,42.819,64.268,shibboleth/models/scandinavian/iter1/model_fold3/shap_results.txt,1412563315.5,0.0,0.643,scandinavian,shap_token.jsonl
/scratch/project_2006235/shibboleth/models/scandinavian/iter1/model_fold9/lime_token.jsonl,/scratch/project_2005047/shibboleth/data/scandinavian/iter_folds/iter1/dev_iter1_fold9_features.jsonl,11833,22.436,30.259,88.528,45.102,62.785,shibboleth/models/scandinavian/iter1/model_fold9/lime_results.txt,1399785409.0,0.0,0.628,scandinavian,lime_token.jsonl
/scratch/project_2006235/shibboleth/models/scandinavian/iter1/model_fold9/ig_token.jsonl,/scratch/project_2005047/shibboleth/data/scandinavian/iter_folds/iter1/dev_iter1_fold9_features.jsonl,11833,22.081,26.484,88.612,40.78,59.264,shibboleth/models/scandinavian/iter1/model_fold9/ig_results.txt,1291869543.5,0.0,0.593,scandinavian,ig_token.jsonl
/scratch/project_2006235/shibboleth/models/scandinavian/iter1/model_fold9/loo_token.jsonl,/scratch/project_2005047/shibboleth/data/scandinavian/iter_folds/iter1/dev_iter1_fold9_features.jsonl,11833,15.063,27.418,60.446,37.725,53.907,shibboleth/models/scandinavian/iter1/model_fold9/loo_results.txt,1175107519.5,8.848e-84,0.539,scandinavian,loo_token.jsonl
/scratch/project_2006235/shibboleth/models/scandinavian/iter1/model_fold9/shap_token.jsonl,/scratch/project_2005047/shibboleth/data/scandinavian/iter_folds/iter1/dev_iter1_fold9_features.jsonl,11833,22.966,27.117,92.161,41.904,62.469,shibboleth/models/scandinavian/iter1/model_fold9/shap_results.txt,1361737793.5,0.0,0.625,scandinavian,shap_token.jsonl
/scratch/project_2006235/shibboleth/models/scandinavian/iter7/model_fold5/lime_token.jsonl,/scratch/project_2005047/shibboleth/data/scandinavian/iter_folds/iter7/dev_iter7_fold5_features.jsonl,11835,22.684,30.266,89.041,45.176,61.477,shibboleth/models/scandinavian/iter7/model_fold5/lime_results.txt,1363221715.0,0.0,0.615,scandinavian,lime_token.jsonl
/scratch/project_2006235/shibboleth/models/scandinavian/iter7/model_fold5/ig_token.jsonl,/scratch/project_2005047/shibboleth/data/scandinavian/iter_folds/iter7/dev_iter7_fold5_features.jsonl,11835,20.616,25.953,82.345,39.467,58.12,shibboleth/models/scandinavian/iter7/model_fold5/ig_results.txt,1259037612.5,0.0,0.581,scandinavian,ig_token.jsonl
/scratch/project_2006235/shibboleth/models/scandinavian/iter7/model_fold5/loo_token.jsonl,/scratch/project_2005047/shibboleth/data/scandinavian/iter_folds/iter7/dev_iter7_fold5_features.jsonl,11835,8.721,25.45,34.834,29.412,51.193,shibboleth/models/scandinavian/iter7/model_fold5/loo_results.txt,1108985936.0,2.311e-10,0.512,scandinavian,loo_token.jsonl
/scratch/project_2006235/shibboleth/models/scandinavian/iter7/model_fold5/shap_token.jsonl,/scratch/project_2005047/shibboleth/data/scandinavian/iter_folds/iter7/dev_iter7_fold5_features.jsonl,11835,22.497,27.575,89.857,42.2,61.463,shibboleth/models/scandinavian/iter7/model_fold5/shap_results.txt,1331453708.0,0.0,0.615,scandinavian,shap_token.jsonl
/scratch/project_2006235/shibboleth/models/scandinavian/iter7/model_fold2/lime_token.jsonl,/scratch/project_2005047/shibboleth/data/scandinavian/iter_folds/iter7/dev_iter7_fold2_features.jsonl,11837,22.626,30.225,88.723,45.089,62.25,shibboleth/models/scandinavian/iter7/model_fold2/lime_results.txt,1377083688.0,0.0,0.622,scandinavian,lime_token.jsonl
/scratch/project_2006235/shibboleth/models/scandinavian/iter7/model_fold2/ig_token.jsonl,/scratch/project_2005047/shibboleth/data/scandinavian/iter_folds/iter7/dev_iter7_fold2_features.jsonl,11837,20.663,26.056,82.294,39.58,57.278,shibboleth/models/scandinavian/iter7/model_fold2/ig_results.txt,1240403778.0,2.94e-281,0.573,scandinavian,ig_token.jsonl
/scratch/project_2006235/shibboleth/models/scandinavian/iter7/model_fold2/loo_token.jsonl,/scratch/project_2005047/shibboleth/data/scandinavian/iter_folds/iter7/dev_iter7_fold2_features.jsonl,11837,14.255,27.843,56.772,37.362,55.413,shibboleth/models/scandinavian/iter7/model_fold2/loo_results.txt,1200023336.5,2.366e-160,0.554,scandinavian,loo_token.jsonl
/scratch/project_2006235/shibboleth/models/scandinavian/iter7/model_fold2/shap_token.jsonl,/scratch/project_2005047/shibboleth/data/scandinavian/iter_folds/iter7/dev_iter7_fold2_features.jsonl,11837,22.69,27.21,90.366,41.826,62.54,shibboleth/models/scandinavian/iter7/model_fold2/shap_results.txt,1354359823.5,0.0,0.625,scandinavian,shap_token.jsonl
/scratch/project_2006235/shibboleth/models/scandinavian/iter7/model_fold10/lime_token.jsonl,/scratch/project_2005047/shibboleth/data/scandinavian/iter_folds/iter7/dev_iter7_fold10_features.jsonl,11833,22.598,29.997,89.022,44.873,62.072,shibboleth/models/scandinavian/iter7/model_fold10/lime_results.txt,1357524192.0,0.0,0.621,scandinavian,lime_token.jsonl
/scratch/project_2006235/shibboleth/models/scandinavian/iter7/model_fold10/ig_token.jsonl,/scratch/project_2005047/shibboleth/data/scandinavian/iter_folds/iter7/dev_iter7_fold10_features.jsonl,11833,20.352,25.881,81.482,39.285,56.801,shibboleth/models/scandinavian/iter7/model_fold10/ig_results.txt,1215233480.0,5.462e-244,0.568,scandinavian,ig_token.jsonl
/scratch/project_2006235/shibboleth/models/scandinavian/iter7/model_fold10/loo_token.jsonl,/scratch/project_2005047/shibboleth/data/scandinavian/iter_folds/iter7/dev_iter7_fold10_features.jsonl,11833,11.092,28.391,44.408,34.637,54.873,shibboleth/models/scandinavian/iter7/model_fold10/loo_results.txt,1173999489.5,3.024e-135,0.549,scandinavian,loo_token.jsonl
/scratch/project_2006235/shibboleth/models/scandinavian/iter7/model_fold10/shap_token.jsonl,/scratch/project_2005047/shibboleth/data/scandinavian/iter_folds/iter7/dev_iter7_fold10_features.jsonl,11833,22.267,27.848,89.149,42.439,63.214,shibboleth/models/scandinavian/iter7/model_fold10/shap_results.txt,1352437516.0,0.0,0.632,scandinavian,shap_token.jsonl
/scratch/project_2006235/shibboleth/models/scandinavian/iter7/model_fold1/lime_token.jsonl,/scratch/project_2005047/shibboleth/data/scandinavian/iter_folds/iter7/dev_iter7_fold1_features.jsonl,11837,22.524,29.852,89.201,44.734,62.631,shibboleth/models/scandinavian/iter7/model_fold1/lime_results.txt,1373645409.0,0.0,0.626,scandinavian,lime_token.jsonl
/scratch/project_2006235/shibboleth/models/scandinavian/iter7/model_fold1/ig_token.jsonl,/scratch/project_2005047/shibboleth/data/scandinavian/iter_folds/iter7/dev_iter7_fold1_features.jsonl,11837,21.047,25.604,84.809,39.333,57.382,shibboleth/models/scandinavian/iter7/model_fold1/ig_results.txt,1229448934.5,1.28e-286,0.574,scandinavian,ig_token.jsonl
/scratch/project_2006235/shibboleth/models/scandinavian/iter7/model_fold1/loo_token.jsonl,/scratch/project_2005047/shibboleth/data/scandinavian/iter_folds/iter7/dev_iter7_fold1_features.jsonl,11837,14.731,26.194,59.36,36.348,53.589,shibboleth/models/scandinavian/iter7/model_fold1/loo_results.txt,1148189053.5,4.808e-72,0.536,scandinavian,loo_token.jsonl
/scratch/project_2006235/shibboleth/models/scandinavian/iter7/model_fold1/shap_token.jsonl,/scratch/project_2005047/shibboleth/data/scandinavian/iter_folds/iter7/dev_iter7_fold1_features.jsonl,11837,22.187,27.264,89.403,41.785,63.547,shibboleth/models/scandinavian/iter7/model_fold1/shap_results.txt,1361537148.0,0.0,0.635,scandinavian,shap_token.jsonl
/scratch/project_2006235/shibboleth/models/scandinavian/iter7/model_fold6/lime_token.jsonl,/scratch/project_2005047/shibboleth/data/scandinavian/iter_folds/iter7/dev_iter7_fold6_features.jsonl,11835,22.251,29.705,88.522,44.483,61.672,shibboleth/models/scandinavian/iter7/model_fold6/lime_results.txt,1346974660.0,0.0,0.617,scandinavian,lime_token.jsonl
/scratch/project_2006235/shibboleth/models/scandinavian/iter7/model_fold6/ig_token.jsonl,/scratch/project_2005047/shibboleth/data/scandinavian/iter_folds/iter7/dev_iter7_fold6_features.jsonl,11835,20.727,25.866,83.869,39.538,56.887,shibboleth/models/scandinavian/iter7/model_fold6/ig_results.txt,1214721851.0,4.885e-249,0.569,scandinavian,ig_token.jsonl
/scratch/project_2006235/shibboleth/models/scandinavian/iter7/model_fold6/loo_token.jsonl,/scratch/project_2005047/shibboleth/data/scandinavian/iter_folds/iter7/dev_iter7_fold6_features.jsonl,11835,13.652,28.986,55.239,38.021,56.667,shibboleth/models/scandinavian/iter7/model_fold6/loo_results.txt,1210033181.5,1e-241,0.567,scandinavian,loo_token.jsonl
/scratch/project_2006235/shibboleth/models/scandinavian/iter7/model_fold6/shap_token.jsonl,/scratch/project_2005047/shibboleth/data/scandinavian/iter_folds/iter7/dev_iter7_fold6_features.jsonl,11835,22.678,27.318,91.761,42.102,62.352,shibboleth/models/scandinavian/iter7/model_fold6/shap_results.txt,1331421817.5,0.0,0.624,scandinavian,shap_token.jsonl
/scratch/project_2006235/shibboleth/models/scandinavian/iter7/model_fold8/lime_token.jsonl,/scratch/project_2005047/shibboleth/data/scandinavian/iter_folds/iter7/dev_iter7_fold8_features.jsonl,11834,22.185,29.754,88.259,44.505,63.079,shibboleth/models/scandinavian/iter7/model_fold8/lime_results.txt,1420201097.0,0.0,0.631,scandinavian,lime_token.jsonl
/scratch/project_2006235/shibboleth/models/scandinavian/iter7/model_fold8/ig_token.jsonl,/scratch/project_2005047/shibboleth/data/scandinavian/iter_folds/iter7/dev_iter7_fold8_features.jsonl,11834,19.551,25.859,79.074,38.973,56.233,shibboleth/models/scandinavian/iter7/model_fold8/ig_results.txt,1238600460.0,1.224e-207,0.562,scandinavian,ig_token.jsonl
/scratch/project_2006235/shibboleth/models/scandinavian/iter7/model_fold8/loo_token.jsonl,/scratch/project_2005047/shibboleth/data/scandinavian/iter_folds/iter7/dev_iter7_fold8_features.jsonl,11834,9.031,26.079,36.526,30.431,52.979,shibboleth/models/scandinavian/iter7/model_fold8/loo_results.txt,1166920536.0,9.812e-57,0.53,scandinavian,loo_token.jsonl
/scratch/project_2006235/shibboleth/models/scandinavian/iter7/model_fold8/shap_token.jsonl,/scratch/project_2005047/shibboleth/data/scandinavian/iter_folds/iter7/dev_iter7_fold8_features.jsonl,11834,21.582,27.839,87.288,42.215,65.111,shibboleth/models/scandinavian/iter7/model_fold8/shap_results.txt,1434144420.5,0.0,0.651,scandinavian,shap_token.jsonl
/scratch/project_2006235/shibboleth/models/scandinavian/iter7/model_fold4/lime_token.jsonl,/scratch/project_2005047/shibboleth/data/scandinavian/iter_folds/iter7/dev_iter7_fold4_features.jsonl,11836,22.555,30.008,88.907,44.871,62.276,shibboleth/models/scandinavian/iter7/model_fold4/lime_results.txt,1411900576.0,0.0,0.623,scandinavian,lime_token.jsonl
/scratch/project_2006235/shibboleth/models/scandinavian/iter7/model_fold4/ig_token.jsonl,/scratch/project_2005047/shibboleth/data/scandinavian/iter_folds/iter7/dev_iter7_fold4_features.jsonl,11836,20.601,25.741,82.51,39.24,57.133,shibboleth/models/scandinavian/iter7/model_fold4/ig_results.txt,1267769308.5,4.952e-273,0.571,scandinavian,ig_token.jsonl
/scratch/project_2006235/shibboleth/models/scandinavian/iter7/model_fold4/loo_token.jsonl,/scratch/project_2005047/shibboleth/data/scandinavian/iter_folds/iter7/dev_iter7_fold4_features.jsonl,11836,6.65,24.358,26.633,25.445,49.181,shibboleth/models/scandinavian/iter7/model_fold4/loo_results.txt,1091318070.5,1.0,0.492,scandinavian,loo_token.jsonl
/scratch/project_2006235/shibboleth/models/scandinavian/iter7/model_fold4/shap_token.jsonl,/scratch/project_2005047/shibboleth/data/scandinavian/iter_folds/iter7/dev_iter7_fold4_features.jsonl,11836,22.268,27.869,89.187,42.468,63.989,shibboleth/models/scandinavian/iter7/model_fold4/shap_results.txt,1419904145.0,0.0,0.64,scandinavian,shap_token.jsonl
/scratch/project_2006235/shibboleth/models/scandinavian/iter7/model_fold7/lime_token.jsonl,/scratch/project_2005047/shibboleth/data/scandinavian/iter_folds/iter7/dev_iter7_fold7_features.jsonl,11834,22.633,30.115,89.026,45.006,62.451,shibboleth/models/scandinavian/iter7/model_fold7/lime_results.txt,1382213815.0,0.0,0.625,scandinavian,lime_token.jsonl
/scratch/project_2006235/shibboleth/models/scandinavian/iter7/model_fold7/ig_token.jsonl,/scratch/project_2005047/shibboleth/data/scandinavian/iter_folds/iter7/dev_iter7_fold7_features.jsonl,11834,20.221,25.79,80.859,39.106,56.352,shibboleth/models/scandinavian/iter7/model_fold7/ig_results.txt,1219779569.0,1.735e-214,0.564,scandinavian,ig_token.jsonl
/scratch/project_2006235/shibboleth/models/scandinavian/iter7/model_fold7/loo_token.jsonl,/scratch/project_2005047/shibboleth/data/scandinavian/iter_folds/iter7/dev_iter7_fold7_features.jsonl,11834,18.583,25.671,74.31,38.159,52.653,shibboleth/models/scandinavian/iter7/model_fold7/loo_results.txt,1139718381.5,2.322e-39,0.527,scandinavian,loo_token.jsonl
/scratch/project_2006235/shibboleth/models/scandinavian/iter7/model_fold7/shap_token.jsonl,/scratch/project_2005047/shibboleth/data/scandinavian/iter_folds/iter7/dev_iter7_fold7_features.jsonl,11834,22.338,27.888,89.328,42.506,62.85,shibboleth/models/scandinavian/iter7/model_fold7/shap_results.txt,1360428040.5,0.0,0.628,scandinavian,shap_token.jsonl
/scratch/project_2006235/shibboleth/models/scandinavian/iter7/model_fold3/lime_token.jsonl,/scratch/project_2005047/shibboleth/data/scandinavian/iter_folds/iter7/dev_iter7_fold3_features.jsonl,11836,22.46,30.084,88.545,44.91,62.341,shibboleth/models/scandinavian/iter7/model_fold3/lime_results.txt,1380352222.0,0.0,0.623,scandinavian,lime_token.jsonl
/scratch/project_2006235/shibboleth/models/scandinavian/iter7/model_fold3/ig_token.jsonl,/scratch/project_2005047/shibboleth/data/scandinavian/iter_folds/iter7/dev_iter7_fold3_features.jsonl,11836,21.002,25.83,84.188,39.531,57.18,shibboleth/models/scandinavian/iter7/model_fold3/ig_results.txt,1238175057.0,3.428e-273,0.572,scandinavian,ig_token.jsonl
/scratch/project_2006235/shibboleth/models/scandinavian/iter7/model_fold3/loo_token.jsonl,/scratch/project_2005047/shibboleth/data/scandinavian/iter_folds/iter7/dev_iter7_fold3_features.jsonl,11836,11.059,26.314,44.328,33.024,52.071,shibboleth/models/scandinavian/iter7/model_fold3/loo_results.txt,1127534325.5,8.735e-26,0.521,scandinavian,loo_token.jsonl
/scratch/project_2006235/shibboleth/models/scandinavian/iter7/model_fold3/shap_token.jsonl,/scratch/project_2005047/shibboleth/data/scandinavian/iter_folds/iter7/dev_iter7_fold3_features.jsonl,11836,22.006,27.604,88.209,42.05,62.706,shibboleth/models/scandinavian/iter7/model_fold3/shap_results.txt,1357832633.0,0.0,0.627,scandinavian,shap_token.jsonl
/scratch/project_2006235/shibboleth/models/scandinavian/iter7/model_fold9/lime_token.jsonl,/scratch/project_2005047/shibboleth/data/scandinavian/iter_folds/iter7/dev_iter7_fold9_features.jsonl,11833,22.483,30.072,88.342,44.87,60.881,shibboleth/models/scandinavian/iter7/model_fold9/lime_results.txt,1364068722.0,0.0,0.609,scandinavian,lime_token.jsonl
/scratch/project_2006235/shibboleth/models/scandinavian/iter7/model_fold9/ig_token.jsonl,/scratch/project_2005047/shibboleth/data/scandinavian/iter_folds/iter7/dev_iter7_fold9_features.jsonl,11833,20.425,26.756,81.718,40.313,57.985,shibboleth/models/scandinavian/iter7/model_fold9/ig_results.txt,1268090284.5,0.0,0.58,scandinavian,ig_token.jsonl
/scratch/project_2006235/shibboleth/models/scandinavian/iter7/model_fold9/loo_token.jsonl,/scratch/project_2005047/shibboleth/data/scandinavian/iter_folds/iter7/dev_iter7_fold9_features.jsonl,11833,9.907,28.04,39.639,32.845,54.063,shibboleth/models/scandinavian/iter7/model_fold9/loo_results.txt,1182323886.0,1.137e-94,0.541,scandinavian,loo_token.jsonl
/scratch/project_2006235/shibboleth/models/scandinavian/iter7/model_fold9/shap_token.jsonl,/scratch/project_2005047/shibboleth/data/scandinavian/iter_folds/iter7/dev_iter7_fold9_features.jsonl,11833,22.179,27.675,88.735,42.191,63.907,shibboleth/models/scandinavian/iter7/model_fold9/shap_results.txt,1397587549.0,0.0,0.639,scandinavian,shap_token.jsonl
/scratch/project_2006235/shibboleth/models/scandinavian/iter2/model_fold5/lime_token.jsonl,/scratch/project_2005047/shibboleth/data/scandinavian/iter_folds/iter2/dev_iter2_fold5_features.jsonl,11835,22.555,30.275,88.563,45.124,62.765,shibboleth/models/scandinavian/iter2/model_fold5/lime_results.txt,1397286931.0,0.0,0.628,scandinavian,lime_token.jsonl
/scratch/project_2006235/shibboleth/models/scandinavian/iter2/model_fold5/ig_token.jsonl,/scratch/project_2005047/shibboleth/data/scandinavian/iter_folds/iter2/dev_iter2_fold5_features.jsonl,11835,20.212,26.53,80.665,39.928,56.912,shibboleth/models/scandinavian/iter2/model_fold5/ig_results.txt,1239721655.0,1.768e-254,0.569,scandinavian,ig_token.jsonl
/scratch/project_2006235/shibboleth/models/scandinavian/iter2/model_fold5/loo_token.jsonl,/scratch/project_2005047/shibboleth/data/scandinavian/iter_folds/iter2/dev_iter2_fold5_features.jsonl,11835,13.765,29.67,54.936,38.531,58.178,shibboleth/models/scandinavian/iter2/model_fold5/loo_results.txt,1267300954.0,0.0,0.582,scandinavian,loo_token.jsonl
/scratch/project_2006235/shibboleth/models/scandinavian/iter2/model_fold5/shap_token.jsonl,/scratch/project_2005047/shibboleth/data/scandinavian/iter_folds/iter2/dev_iter2_fold5_features.jsonl,11835,22.078,27.802,88.112,42.267,63.172,shibboleth/models/scandinavian/iter2/model_fold5/shap_results.txt,1376077122.5,0.0,0.632,scandinavian,shap_token.jsonl
/scratch/project_2006235/shibboleth/models/scandinavian/iter2/model_fold2/lime_token.jsonl,/scratch/project_2005047/shibboleth/data/scandinavian/iter_folds/iter2/dev_iter2_fold2_features.jsonl,11837,22.396,29.941,88.363,44.727,62.563,shibboleth/models/scandinavian/iter2/model_fold2/lime_results.txt,1396303614.0,0.0,0.626,scandinavian,lime_token.jsonl
/scratch/project_2006235/shibboleth/models/scandinavian/iter2/model_fold2/ig_token.jsonl,/scratch/project_2005047/shibboleth/data/scandinavian/iter_folds/iter2/dev_iter2_fold2_features.jsonl,11837,20.491,26.533,82.279,40.126,58.165,shibboleth/models/scandinavian/iter2/model_fold2/ig_results.txt,1267659035.0,0.0,0.582,scandinavian,ig_token.jsonl
/scratch/project_2006235/shibboleth/models/scandinavian/iter2/model_fold2/loo_token.jsonl,/scratch/project_2005047/shibboleth/data/scandinavian/iter_folds/iter2/dev_iter2_fold2_features.jsonl,11837,8.131,26.023,32.65,28.963,48.954,shibboleth/models/scandinavian/iter2/model_fold2/loo_results.txt,1066914642.0,1.0,0.49,scandinavian,loo_token.jsonl
/scratch/project_2006235/shibboleth/models/scandinavian/iter2/model_fold2/shap_token.jsonl,/scratch/project_2005047/shibboleth/data/scandinavian/iter_folds/iter2/dev_iter2_fold2_features.jsonl,11837,22.272,27.599,89.429,42.181,62.938,shibboleth/models/scandinavian/iter2/model_fold2/shap_results.txt,1371703829.0,0.0,0.629,scandinavian,shap_token.jsonl
/scratch/project_2006235/shibboleth/models/scandinavian/iter2/model_fold10/lime_token.jsonl,/scratch/project_2005047/shibboleth/data/scandinavian/iter_folds/iter2/dev_iter2_fold10_features.jsonl,11833,22.498,30.129,88.3,44.928,61.482,shibboleth/models/scandinavian/iter2/model_fold10/lime_results.txt,1386926571.0,0.0,0.615,scandinavian,lime_token.jsonl
/scratch/project_2006235/shibboleth/models/scandinavian/iter2/model_fold10/ig_token.jsonl,/scratch/project_2005047/shibboleth/data/scandinavian/iter_folds/iter2/dev_iter2_fold10_features.jsonl,11833,20.732,26.31,82.733,39.924,56.458,shibboleth/models/scandinavian/iter2/model_fold10/ig_results.txt,1245245880.0,7.421e-224,0.565,scandinavian,ig_token.jsonl
/scratch/project_2006235/shibboleth/models/scandinavian/iter2/model_fold10/loo_token.jsonl,/scratch/project_2005047/shibboleth/data/scandinavian/iter_folds/iter2/dev_iter2_fold10_features.jsonl,11833,12.406,28.98,49.509,36.559,55.308,shibboleth/models/scandinavian/iter2/model_fold10/loo_results.txt,1219886943.0,1.287e-158,0.553,scandinavian,loo_token.jsonl
/scratch/project_2006235/shibboleth/models/scandinavian/iter2/model_fold10/shap_token.jsonl,/scratch/project_2005047/shibboleth/data/scandinavian/iter_folds/iter2/dev_iter2_fold10_features.jsonl,11833,21.976,28.145,87.698,42.614,63.246,shibboleth/models/scandinavian/iter2/model_fold10/shap_results.txt,1394950712.5,0.0,0.632,scandinavian,shap_token.jsonl
/scratch/project_2006235/shibboleth/models/scandinavian/iter2/model_fold1/lime_token.jsonl,/scratch/project_2005047/shibboleth/data/scandinavian/iter_folds/iter2/dev_iter2_fold1_features.jsonl,11837,22.462,29.819,88.914,44.661,61.161,shibboleth/models/scandinavian/iter2/model_fold1/lime_results.txt,1322722241.0,0.0,0.612,scandinavian,lime_token.jsonl
/scratch/project_2006235/shibboleth/models/scandinavian/iter2/model_fold1/ig_token.jsonl,/scratch/project_2005047/shibboleth/data/scandinavian/iter_folds/iter2/dev_iter2_fold1_features.jsonl,11837,19.344,25.651,77.795,38.581,56.139,shibboleth/models/scandinavian/iter2/model_fold1/ig_results.txt,1188332276.5,6.707e-198,0.561,scandinavian,ig_token.jsonl
/scratch/project_2006235/shibboleth/models/scandinavian/iter2/model_fold1/loo_token.jsonl,/scratch/project_2005047/shibboleth/data/scandinavian/iter_folds/iter2/dev_iter2_fold1_features.jsonl,11837,8.889,22.75,35.749,27.806,48.461,shibboleth/models/scandinavian/iter2/model_fold1/loo_results.txt,1025822958.0,1.0,0.485,scandinavian,loo_token.jsonl
/scratch/project_2006235/shibboleth/models/scandinavian/iter2/model_fold1/shap_token.jsonl,/scratch/project_2005047/shibboleth/data/scandinavian/iter_folds/iter2/dev_iter2_fold1_features.jsonl,11837,22.39,28.419,90.048,43.204,63.645,shibboleth/models/scandinavian/iter2/model_fold1/shap_results.txt,1347233108.5,0.0,0.636,scandinavian,shap_token.jsonl
/scratch/project_2006235/shibboleth/models/scandinavian/iter2/model_fold6/lime_token.jsonl,/scratch/project_2005047/shibboleth/data/scandinavian/iter_folds/iter2/dev_iter2_fold6_features.jsonl,11835,22.57,30.298,88.904,45.194,62.591,shibboleth/models/scandinavian/iter2/model_fold6/lime_results.txt,1405734447.0,0.0,0.626,scandinavian,lime_token.jsonl
/scratch/project_2006235/shibboleth/models/scandinavian/iter2/model_fold6/ig_token.jsonl,/scratch/project_2005047/shibboleth/data/scandinavian/iter_folds/iter2/dev_iter2_fold6_features.jsonl,11835,20.964,25.641,83.859,39.273,56.039,shibboleth/models/scandinavian/iter2/model_fold6/ig_results.txt,1232794498.0,1.188e-195,0.56,scandinavian,ig_token.jsonl
/scratch/project_2006235/shibboleth/models/scandinavian/iter2/model_fold6/loo_token.jsonl,/scratch/project_2005047/shibboleth/data/scandinavian/iter_folds/iter2/dev_iter2_fold6_features.jsonl,11835,7.174,24.156,28.697,26.232,50.986,shibboleth/models/scandinavian/iter2/model_fold6/loo_results.txt,1121618624.0,8.421e-08,0.51,scandinavian,loo_token.jsonl
/scratch/project_2006235/shibboleth/models/scandinavian/iter2/model_fold6/shap_token.jsonl,/scratch/project_2005047/shibboleth/data/scandinavian/iter_folds/iter2/dev_iter2_fold6_features.jsonl,11835,22.367,27.232,89.471,41.755,61.07,shibboleth/models/scandinavian/iter2/model_fold6/shap_results.txt,1343450959.0,0.0,0.611,scandinavian,shap_token.jsonl
/scratch/project_2006235/shibboleth/models/scandinavian/iter2/model_fold8/lime_token.jsonl,/scratch/project_2005047/shibboleth/data/scandinavian/iter_folds/iter2/dev_iter2_fold8_features.jsonl,11834,22.288,29.905,88.537,44.709,62.99,shibboleth/models/scandinavian/iter2/model_fold8/lime_results.txt,1404071462.0,0.0,0.63,scandinavian,lime_token.jsonl
/scratch/project_2006235/shibboleth/models/scandinavian/iter2/model_fold8/ig_token.jsonl,/scratch/project_2005047/shibboleth/data/scandinavian/iter_folds/iter2/dev_iter2_fold8_features.jsonl,11834,20.664,25.271,83.402,38.789,56.079,shibboleth/models/scandinavian/iter2/model_fold8/ig_results.txt,1223839053.5,7.697e-197,0.561,scandinavian,ig_token.jsonl
/scratch/project_2006235/shibboleth/models/scandinavian/iter2/model_fold8/loo_token.jsonl,/scratch/project_2005047/shibboleth/data/scandinavian/iter_folds/iter2/dev_iter2_fold8_features.jsonl,11834,7.15,25.202,28.859,26.907,50.86,shibboleth/models/scandinavian/iter2/model_fold8/loo_results.txt,1109940617.0,3.01e-06,0.509,scandinavian,loo_token.jsonl
/scratch/project_2006235/shibboleth/models/scandinavian/iter2/model_fold8/shap_token.jsonl,/scratch/project_2005047/shibboleth/data/scandinavian/iter_folds/iter2/dev_iter2_fold8_features.jsonl,11834,22.148,27.44,89.391,41.99,61.016,shibboleth/models/scandinavian/iter2/model_fold8/shap_results.txt,1331573370.0,0.0,0.61,scandinavian,shap_token.jsonl
/scratch/project_2006235/shibboleth/models/scandinavian/iter2/model_fold4/lime_token.jsonl,/scratch/project_2005047/shibboleth/data/scandinavian/iter_folds/iter2/dev_iter2_fold4_features.jsonl,11836,22.533,29.945,88.886,44.798,62.535,shibboleth/models/scandinavian/iter2/model_fold4/lime_results.txt,1389723243.0,0.0,0.625,scandinavian,lime_token.jsonl
/scratch/project_2006235/shibboleth/models/scandinavian/iter2/model_fold4/ig_token.jsonl,/scratch/project_2005047/shibboleth/data/scandinavian/iter_folds/iter2/dev_iter2_fold4_features.jsonl,11836,20.831,25.985,83.62,39.65,57.228,shibboleth/models/scandinavian/iter2/model_fold4/ig_results.txt,1242215894.5,4.673e-277,0.572,scandinavian,ig_token.jsonl
/scratch/project_2006235/shibboleth/models/scandinavian/iter2/model_fold4/loo_token.jsonl,/scratch/project_2005047/shibboleth/data/scandinavian/iter_folds/iter2/dev_iter2_fold4_features.jsonl,11836,8.22,28.297,32.998,30.467,55.422,shibboleth/models/scandinavian/iter2/model_fold4/loo_results.txt,1202997796.0,4.465e-182,0.554,scandinavian,loo_token.jsonl
/scratch/project_2006235/shibboleth/models/scandinavian/iter2/model_fold4/shap_token.jsonl,/scratch/project_2005047/shibboleth/data/scandinavian/iter_folds/iter2/dev_iter2_fold4_features.jsonl,11836,22.061,28.16,88.56,42.733,64.33,shibboleth/models/scandinavian/iter2/model_fold4/shap_results.txt,1396369807.0,0.0,0.643,scandinavian,shap_token.jsonl
/scratch/project_2006235/shibboleth/models/scandinavian/iter2/model_fold7/lime_token.jsonl,/scratch/project_2005047/shibboleth/data/scandinavian/iter_folds/iter2/dev_iter2_fold7_features.jsonl,11834,22.636,30.336,88.815,45.224,62.952,shibboleth/models/scandinavian/iter2/model_fold7/lime_results.txt,1387857978.0,0.0,0.63,scandinavian,lime_token.jsonl
/scratch/project_2006235/shibboleth/models/scandinavian/iter2/model_fold7/ig_token.jsonl,/scratch/project_2005047/shibboleth/data/scandinavian/iter_folds/iter2/dev_iter2_fold7_features.jsonl,11834,21.095,26.502,84.297,40.326,58.314,shibboleth/models/scandinavian/iter2/model_fold7/ig_results.txt,1254339828.5,0.0,0.583,scandinavian,ig_token.jsonl
/scratch/project_2006235/shibboleth/models/scandinavian/iter2/model_fold7/loo_token.jsonl,/scratch/project_2005047/shibboleth/data/scandinavian/iter_folds/iter2/dev_iter2_fold7_features.jsonl,11834,13.966,26.716,55.807,36.134,54.65,shibboleth/models/scandinavian/iter2/model_fold7/loo_results.txt,1175521414.0,1.12e-119,0.547,scandinavian,loo_token.jsonl
/scratch/project_2006235/shibboleth/models/scandinavian/iter2/model_fold7/shap_token.jsonl,/scratch/project_2005047/shibboleth/data/scandinavian/iter_folds/iter2/dev_iter2_fold7_features.jsonl,11834,22.395,27.844,89.49,42.473,63.624,shibboleth/models/scandinavian/iter2/model_fold7/shap_results.txt,1368538785.5,0.0,0.636,scandinavian,shap_token.jsonl
/scratch/project_2006235/shibboleth/models/scandinavian/iter2/model_fold3/lime_token.jsonl,/scratch/project_2005047/shibboleth/data/scandinavian/iter_folds/iter2/dev_iter2_fold3_features.jsonl,11836,22.416,30.118,88.229,44.907,62.935,shibboleth/models/scandinavian/iter2/model_fold3/lime_results.txt,1384635777.0,0.0,0.629,scandinavian,lime_token.jsonl
/scratch/project_2006235/shibboleth/models/scandinavian/iter2/model_fold3/ig_token.jsonl,/scratch/project_2005047/shibboleth/data/scandinavian/iter_folds/iter2/dev_iter2_fold3_features.jsonl,11836,20.599,25.661,82.434,39.139,55.316,shibboleth/models/scandinavian/iter2/model_fold3/ig_results.txt,1190059471.0,2.028e-150,0.553,scandinavian,ig_token.jsonl
/scratch/project_2006235/shibboleth/models/scandinavian/iter2/model_fold3/loo_token.jsonl,/scratch/project_2005047/shibboleth/data/scandinavian/iter_folds/iter2/dev_iter2_fold3_features.jsonl,11836,13.84,28.766,55.383,37.865,56.459,shibboleth/models/scandinavian/iter2/model_fold3/loo_results.txt,1214650397.0,4.931e-228,0.565,scandinavian,loo_token.jsonl
/scratch/project_2006235/shibboleth/models/scandinavian/iter2/model_fold3/shap_token.jsonl,/scratch/project_2005047/shibboleth/data/scandinavian/iter_folds/iter2/dev_iter2_fold3_features.jsonl,11836,22.077,27.861,88.349,42.362,63.92,shibboleth/models/scandinavian/iter2/model_fold3/shap_results.txt,1375165198.5,0.0,0.639,scandinavian,shap_token.jsonl
/scratch/project_2006235/shibboleth/models/scandinavian/iter2/model_fold9/lime_token.jsonl,/scratch/project_2005047/shibboleth/data/scandinavian/iter_folds/iter2/dev_iter2_fold9_features.jsonl,11833,22.185,29.714,88.27,44.461,62.16,shibboleth/models/scandinavian/iter2/model_fold9/lime_results.txt,1368833741.0,0.0,0.622,scandinavian,lime_token.jsonl
/scratch/project_2006235/shibboleth/models/scandinavian/iter2/model_fold9/ig_token.jsonl,/scratch/project_2005047/shibboleth/data/scandinavian/iter_folds/iter2/dev_iter2_fold9_features.jsonl,11833,20.262,25.438,82.011,38.831,56.766,shibboleth/models/scandinavian/iter2/model_fold9/ig_results.txt,1221796510.5,2.338e-241,0.568,scandinavian,ig_token.jsonl
/scratch/project_2006235/shibboleth/models/scandinavian/iter2/model_fold9/loo_token.jsonl,/scratch/project_2005047/shibboleth/data/scandinavian/iter_folds/iter2/dev_iter2_fold9_features.jsonl,11833,13.979,27.137,56.581,36.681,55.577,shibboleth/models/scandinavian/iter2/model_fold9/loo_results.txt,1196215888.5,5.033e-171,0.556,scandinavian,loo_token.jsonl
/scratch/project_2006235/shibboleth/models/scandinavian/iter2/model_fold9/shap_token.jsonl,/scratch/project_2005047/shibboleth/data/scandinavian/iter_folds/iter2/dev_iter2_fold9_features.jsonl,11833,21.819,27.158,88.312,41.541,63.927,shibboleth/models/scandinavian/iter2/model_fold9/shap_results.txt,1375920243.5,0.0,0.639,scandinavian,shap_token.jsonl
/scratch/project_2006235/shibboleth/models/scandinavian/iter3/model_fold5/lime_token.jsonl,/scratch/project_2005047/shibboleth/data/scandinavian/iter_folds/iter3/dev_iter3_fold5_features.jsonl,11835,22.439,29.826,88.65,44.634,62.14,shibboleth/models/scandinavian/iter3/model_fold5/lime_results.txt,1392094303.0,0.0,0.621,scandinavian,lime_token.jsonl
/scratch/project_2006235/shibboleth/models/scandinavian/iter3/model_fold5/ig_token.jsonl,/scratch/project_2005047/shibboleth/data/scandinavian/iter_folds/iter3/dev_iter3_fold5_features.jsonl,11835,20.299,25.614,81.551,38.983,55.79,shibboleth/models/scandinavian/iter3/model_fold5/ig_results.txt,1222067774.0,2.357e-179,0.558,scandinavian,ig_token.jsonl
/scratch/project_2006235/shibboleth/models/scandinavian/iter3/model_fold5/loo_token.jsonl,/scratch/project_2005047/shibboleth/data/scandinavian/iter_folds/iter3/dev_iter3_fold5_features.jsonl,11835,7.042,27.194,28.289,27.731,53.17,shibboleth/models/scandinavian/iter3/model_fold5/loo_results.txt,1164686199.0,1.213e-63,0.532,scandinavian,loo_token.jsonl
/scratch/project_2006235/shibboleth/models/scandinavian/iter3/model_fold5/shap_token.jsonl,/scratch/project_2005047/shibboleth/data/scandinavian/iter_folds/iter3/dev_iter3_fold5_features.jsonl,11835,21.936,28.068,88.13,42.576,65.714,shibboleth/models/scandinavian/iter3/model_fold5/shap_results.txt,1439452598.5,0.0,0.657,scandinavian,shap_token.jsonl
/scratch/project_2006235/shibboleth/models/scandinavian/iter3/model_fold2/lime_token.jsonl,/scratch/project_2005047/shibboleth/data/scandinavian/iter_folds/iter3/dev_iter3_fold2_features.jsonl,11837,22.533,29.87,88.987,44.727,61.257,shibboleth/models/scandinavian/iter3/model_fold2/lime_results.txt,1384109885.0,0.0,0.613,scandinavian,lime_token.jsonl
/scratch/project_2006235/shibboleth/models/scandinavian/iter3/model_fold2/ig_token.jsonl,/scratch/project_2005047/shibboleth/data/scandinavian/iter_folds/iter3/dev_iter3_fold2_features.jsonl,11837,19.946,25.386,79.971,38.539,54.498,shibboleth/models/scandinavian/iter3/model_fold2/ig_results.txt,1206575611.5,7.887e-110,0.545,scandinavian,ig_token.jsonl
/scratch/project_2006235/shibboleth/models/scandinavian/iter3/model_fold2/loo_token.jsonl,/scratch/project_2005047/shibboleth/data/scandinavian/iter_folds/iter3/dev_iter3_fold2_features.jsonl,11837,9.011,26.062,36.128,30.281,50.745,shibboleth/models/scandinavian/iter3/model_fold2/loo_results.txt,1123485784.0,6.201e-05,0.507,scandinavian,loo_token.jsonl
/scratch/project_2006235/shibboleth/models/scandinavian/iter3/model_fold2/shap_token.jsonl,/scratch/project_2005047/shibboleth/data/scandinavian/iter_folds/iter3/dev_iter3_fold2_features.jsonl,11837,22.576,27.581,90.516,42.279,61.814,shibboleth/models/scandinavian/iter3/model_fold2/shap_results.txt,1368538109.0,0.0,0.618,scandinavian,shap_token.jsonl
/scratch/project_2006235/shibboleth/models/scandinavian/iter3/model_fold10/lime_token.jsonl,/scratch/project_2005047/shibboleth/data/scandinavian/iter_folds/iter3/dev_iter3_fold10_features.jsonl,11833,22.499,30.09,88.36,44.893,60.005,shibboleth/models/scandinavian/iter3/model_fold10/lime_results.txt,1336221409.0,0.0,0.6,scandinavian,lime_token.jsonl
/scratch/project_2006235/shibboleth/models/scandinavian/iter3/model_fold10/ig_token.jsonl,/scratch/project_2005047/shibboleth/data/scandinavian/iter_folds/iter3/dev_iter3_fold10_features.jsonl,11833,19.546,25.174,78.077,38.073,52.686,shibboleth/models/scandinavian/iter3/model_fold10/ig_results.txt,1146610178.0,2.922e-40,0.527,scandinavian,ig_token.jsonl
/scratch/project_2006235/shibboleth/models/scandinavian/iter3/model_fold10/loo_token.jsonl,/scratch/project_2005047/shibboleth/data/scandinavian/iter_folds/iter3/dev_iter3_fold10_features.jsonl,11833,11.904,29.511,47.551,36.419,56.325,shibboleth/models/scandinavian/iter3/model_fold10/loo_results.txt,1225796370.0,2.544e-223,0.563,scandinavian,loo_token.jsonl
/scratch/project_2006235/shibboleth/models/scandinavian/iter3/model_fold10/shap_token.jsonl,/scratch/project_2005047/shibboleth/data/scandinavian/iter_folds/iter3/dev_iter3_fold10_features.jsonl,11833,21.83,27.763,87.203,42.117,61.71,shibboleth/models/scandinavian/iter3/model_fold10/shap_results.txt,1342984616.0,0.0,0.617,scandinavian,shap_token.jsonl
/scratch/project_2006235/shibboleth/models/scandinavian/iter3/model_fold1/lime_token.jsonl,/scratch/project_2005047/shibboleth/data/scandinavian/iter_folds/iter3/dev_iter3_fold1_features.jsonl,11837,22.553,30.193,88.627,45.041,62.349,shibboleth/models/scandinavian/iter3/model_fold1/lime_results.txt,1387215065.0,0.0,0.623,scandinavian,lime_token.jsonl
/scratch/project_2006235/shibboleth/models/scandinavian/iter3/model_fold1/ig_token.jsonl,/scratch/project_2005047/shibboleth/data/scandinavian/iter_folds/iter3/dev_iter3_fold1_features.jsonl,11837,19.476,26.443,77.87,39.48,55.705,shibboleth/models/scandinavian/iter3/model_fold1/ig_results.txt,1211245961.5,7.023e-174,0.557,scandinavian,ig_token.jsonl
/scratch/project_2006235/shibboleth/models/scandinavian/iter3/model_fold1/loo_token.jsonl,/scratch/project_2005047/shibboleth/data/scandinavian/iter_folds/iter3/dev_iter3_fold1_features.jsonl,11837,7.506,22.575,30.012,25.767,49.065,shibboleth/models/scandinavian/iter3/model_fold1/loo_results.txt,1066853112.0,1.0,0.491,scandinavian,loo_token.jsonl
/scratch/project_2006235/shibboleth/models/scandinavian/iter3/model_fold1/shap_token.jsonl,/scratch/project_2005047/shibboleth/data/scandinavian/iter_folds/iter3/dev_iter3_fold1_features.jsonl,11837,22.422,28.198,89.65,42.902,61.988,shibboleth/models/scandinavian/iter3/model_fold1/shap_results.txt,1347859352.5,0.0,0.62,scandinavian,shap_token.jsonl
/scratch/project_2006235/shibboleth/models/scandinavian/iter3/model_fold6/lime_token.jsonl,/scratch/project_2005047/shibboleth/data/scandinavian/iter_folds/iter3/dev_iter3_fold6_features.jsonl,11835,22.367,30.107,88.676,44.952,63.969,shibboleth/models/scandinavian/iter3/model_fold6/lime_results.txt,1387763550.0,0.0,0.64,scandinavian,lime_token.jsonl
/scratch/project_2006235/shibboleth/models/scandinavian/iter3/model_fold6/ig_token.jsonl,/scratch/project_2005047/shibboleth/data/scandinavian/iter_folds/iter3/dev_iter3_fold6_features.jsonl,11835,20.938,25.868,84.377,39.597,57.268,shibboleth/models/scandinavian/iter3/model_fold6/ig_results.txt,1215186843.0,1.424e-276,0.573,scandinavian,ig_token.jsonl
/scratch/project_2006235/shibboleth/models/scandinavian/iter3/model_fold6/loo_token.jsonl,/scratch/project_2005047/shibboleth/data/scandinavian/iter_folds/iter3/dev_iter3_fold6_features.jsonl,11835,10.578,27.633,42.627,33.53,54.329,shibboleth/models/scandinavian/iter3/model_fold6/loo_results.txt,1152829593.5,4.907e-109,0.543,scandinavian,loo_token.jsonl
/scratch/project_2006235/shibboleth/models/scandinavian/iter3/model_fold6/shap_token.jsonl,/scratch/project_2005047/shibboleth/data/scandinavian/iter_folds/iter3/dev_iter3_fold6_features.jsonl,11835,22.264,26.774,89.722,41.241,61.77,shibboleth/models/scandinavian/iter3/model_fold6/shap_results.txt,1310729695.0,0.0,0.618,scandinavian,shap_token.jsonl
/scratch/project_2006235/shibboleth/models/scandinavian/iter3/model_fold8/lime_token.jsonl,/scratch/project_2005047/shibboleth/data/scandinavian/iter_folds/iter3/dev_iter3_fold8_features.jsonl,11834,22.54,30.386,88.655,45.26,63.32,shibboleth/models/scandinavian/iter3/model_fold8/lime_results.txt,1422207407.0,0.0,0.633,scandinavian,lime_token.jsonl
/scratch/project_2006235/shibboleth/models/scandinavian/iter3/model_fold8/ig_token.jsonl,/scratch/project_2005047/shibboleth/data/scandinavian/iter_folds/iter3/dev_iter3_fold8_features.jsonl,11834,20.436,26.589,81.743,40.126,58.771,shibboleth/models/scandinavian/iter3/model_fold8/ig_results.txt,1290446117.5,0.0,0.588,scandinavian,ig_token.jsonl
/scratch/project_2006235/shibboleth/models/scandinavian/iter3/model_fold8/loo_token.jsonl,/scratch/project_2005047/shibboleth/data/scandinavian/iter_folds/iter3/dev_iter3_fold8_features.jsonl,11834,14.304,26.682,57.215,36.392,53.69,shibboleth/models/scandinavian/iter3/model_fold8/loo_results.txt,1178882188.5,4.253e-75,0.537,scandinavian,loo_token.jsonl
/scratch/project_2006235/shibboleth/models/scandinavian/iter3/model_fold8/shap_token.jsonl,/scratch/project_2005047/shibboleth/data/scandinavian/iter_folds/iter3/dev_iter3_fold8_features.jsonl,11834,22.114,27.759,88.457,42.257,64.206,shibboleth/models/scandinavian/iter3/model_fold8/shap_results.txt,1409799434.5,0.0,0.642,scandinavian,shap_token.jsonl
/scratch/project_2006235/shibboleth/models/scandinavian/iter3/model_fold4/lime_token.jsonl,/scratch/project_2005047/shibboleth/data/scandinavian/iter_folds/iter3/dev_iter3_fold4_features.jsonl,11836,22.287,29.388,88.621,44.139,60.866,shibboleth/models/scandinavian/iter3/model_fold4/lime_results.txt,1340508548.0,0.0,0.609,scandinavian,lime_token.jsonl
/scratch/project_2006235/shibboleth/models/scandinavian/iter3/model_fold4/ig_token.jsonl,/scratch/project_2005047/shibboleth/data/scandinavian/iter_folds/iter3/dev_iter3_fold4_features.jsonl,11836,20.84,25.309,84.327,38.934,56.812,shibboleth/models/scandinavian/iter3/model_fold4/ig_results.txt,1222244374.0,1.366e-244,0.568,scandinavian,ig_token.jsonl
/scratch/project_2006235/shibboleth/models/scandinavian/iter3/model_fold4/loo_token.jsonl,/scratch/project_2005047/shibboleth/data/scandinavian/iter_folds/iter3/dev_iter3_fold4_features.jsonl,11836,5.961,23.702,24.122,23.911,45.098,shibboleth/models/scandinavian/iter3/model_fold4/loo_results.txt,970234232.0,1.0,0.451,scandinavian,loo_token.jsonl
/scratch/project_2006235/shibboleth/models/scandinavian/iter3/model_fold4/shap_token.jsonl,/scratch/project_2005047/shibboleth/data/scandinavian/iter_folds/iter3/dev_iter3_fold4_features.jsonl,11836,21.715,27.215,87.867,41.558,63.21,shibboleth/models/scandinavian/iter3/model_fold4/shap_results.txt,1359897380.5,0.0,0.632,scandinavian,shap_token.jsonl
/scratch/project_2006235/shibboleth/models/scandinavian/iter3/model_fold7/lime_token.jsonl,/scratch/project_2005047/shibboleth/data/scandinavian/iter_folds/iter3/dev_iter3_fold7_features.jsonl,11834,22.516,30.179,88.568,45.019,63.077,shibboleth/models/scandinavian/iter3/model_fold7/lime_results.txt,1407162749.0,0.0,0.631,scandinavian,lime_token.jsonl
/scratch/project_2006235/shibboleth/models/scandinavian/iter3/model_fold7/ig_token.jsonl,/scratch/project_2005047/shibboleth/data/scandinavian/iter_folds/iter3/dev_iter3_fold7_features.jsonl,11834,21.412,26.658,85.639,40.659,60.412,shibboleth/models/scandinavian/iter3/model_fold7/ig_results.txt,1317812307.0,0.0,0.604,scandinavian,ig_token.jsonl
/scratch/project_2006235/shibboleth/models/scandinavian/iter3/model_fold7/loo_token.jsonl,/scratch/project_2005047/shibboleth/data/scandinavian/iter_folds/iter3/dev_iter3_fold7_features.jsonl,11834,9.487,26.597,37.943,31.272,53.185,shibboleth/models/scandinavian/iter3/model_fold7/loo_results.txt,1160155912.5,1.313e-62,0.532,scandinavian,loo_token.jsonl
/scratch/project_2006235/shibboleth/models/scandinavian/iter3/model_fold7/shap_token.jsonl,/scratch/project_2005047/shibboleth/data/scandinavian/iter_folds/iter3/dev_iter3_fold7_features.jsonl,11834,22.388,27.65,89.538,42.252,63.264,shibboleth/models/scandinavian/iter3/model_fold7/shap_results.txt,1380005031.5,0.0,0.633,scandinavian,shap_token.jsonl
/scratch/project_2006235/shibboleth/models/scandinavian/iter3/model_fold3/lime_token.jsonl,/scratch/project_2005047/shibboleth/data/scandinavian/iter_folds/iter3/dev_iter3_fold3_features.jsonl,11836,22.634,30.15,88.664,44.998,60.506,shibboleth/models/scandinavian/iter3/model_fold3/lime_results.txt,1331248245.0,0.0,0.605,scandinavian,lime_token.jsonl
/scratch/project_2006235/shibboleth/models/scandinavian/iter3/model_fold3/ig_token.jsonl,/scratch/project_2005047/shibboleth/data/scandinavian/iter_folds/iter3/dev_iter3_fold3_features.jsonl,11836,21.241,26.73,84.655,40.631,59.412,shibboleth/models/scandinavian/iter3/model_fold3/ig_results.txt,1276931443.0,0.0,0.594,scandinavian,ig_token.jsonl
/scratch/project_2006235/shibboleth/models/scandinavian/iter3/model_fold3/loo_token.jsonl,/scratch/project_2005047/shibboleth/data/scandinavian/iter_folds/iter3/dev_iter3_fold3_features.jsonl,11836,9.649,27.514,38.455,32.077,54.202,shibboleth/models/scandinavian/iter3/model_fold3/loo_results.txt,1164954085.5,1.157e-105,0.542,scandinavian,loo_token.jsonl
/scratch/project_2006235/shibboleth/models/scandinavian/iter3/model_fold3/shap_token.jsonl,/scratch/project_2005047/shibboleth/data/scandinavian/iter_folds/iter3/dev_iter3_fold3_features.jsonl,11836,22.545,27.861,89.852,42.533,62.61,shibboleth/models/scandinavian/iter3/model_fold3/shap_results.txt,1345668334.0,0.0,0.626,scandinavian,shap_token.jsonl
/scratch/project_2006235/shibboleth/models/scandinavian/iter3/model_fold9/lime_token.jsonl,/scratch/project_2005047/shibboleth/data/scandinavian/iter_folds/iter3/dev_iter3_fold9_features.jsonl,11833,22.245,29.625,88.273,44.362,62.389,shibboleth/models/scandinavian/iter3/model_fold9/lime_results.txt,1360262530.0,0.0,0.624,scandinavian,lime_token.jsonl
/scratch/project_2006235/shibboleth/models/scandinavian/iter3/model_fold9/ig_token.jsonl,/scratch/project_2005047/shibboleth/data/scandinavian/iter_folds/iter3/dev_iter3_fold9_features.jsonl,11833,19.927,25.614,80.379,38.848,55.342,shibboleth/models/scandinavian/iter3/model_fold9/ig_results.txt,1180450814.0,7.327e-151,0.553,scandinavian,ig_token.jsonl
/scratch/project_2006235/shibboleth/models/scandinavian/iter3/model_fold9/loo_token.jsonl,/scratch/project_2005047/shibboleth/data/scandinavian/iter_folds/iter3/dev_iter3_fold9_features.jsonl,11833,8.133,27.07,32.805,29.663,49.64,shibboleth/models/scandinavian/iter3/model_fold9/loo_results.txt,1058825601.0,0.9653,0.496,scandinavian,loo_token.jsonl
/scratch/project_2006235/shibboleth/models/scandinavian/iter3/model_fold9/shap_token.jsonl,/scratch/project_2005047/shibboleth/data/scandinavian/iter_folds/iter3/dev_iter3_fold9_features.jsonl,11833,21.734,27.226,87.667,41.549,62.98,shibboleth/models/scandinavian/iter3/model_fold9/shap_results.txt,1343357761.0,0.0,0.63,scandinavian,shap_token.jsonl
/scratch/project_2006235/shibboleth/models/scandinavian/iter8/model_fold5/lime_token.jsonl,/scratch/project_2005047/shibboleth/data/scandinavian/iter_folds/iter8/dev_iter8_fold5_features.jsonl,11835,22.677,30.107,88.856,44.975,62.437,shibboleth/models/scandinavian/iter8/model_fold5/lime_results.txt,1364348397.0,0.0,0.624,scandinavian,lime_token.jsonl
/scratch/project_2006235/shibboleth/models/scandinavian/iter8/model_fold5/ig_token.jsonl,/scratch/project_2005047/shibboleth/data/scandinavian/iter_folds/iter8/dev_iter8_fold5_features.jsonl,11835,20.526,26.06,81.769,39.524,56.185,shibboleth/models/scandinavian/iter8/model_fold5/ig_results.txt,1200619558.5,2.071e-202,0.562,scandinavian,ig_token.jsonl
/scratch/project_2006235/shibboleth/models/scandinavian/iter8/model_fold5/loo_token.jsonl,/scratch/project_2005047/shibboleth/data/scandinavian/iter_folds/iter8/dev_iter8_fold5_features.jsonl,11835,10.839,28.021,43.178,33.987,53.59,shibboleth/models/scandinavian/iter8/model_fold5/loo_results.txt,1145165346.5,5.359e-77,0.536,scandinavian,loo_token.jsonl
/scratch/project_2006235/shibboleth/models/scandinavian/iter8/model_fold5/shap_token.jsonl,/scratch/project_2005047/shibboleth/data/scandinavian/iter_folds/iter8/dev_iter8_fold5_features.jsonl,11835,22.046,28.294,87.825,42.8,64.132,shibboleth/models/scandinavian/iter8/model_fold5/shap_results.txt,1370449576.0,0.0,0.641,scandinavian,shap_token.jsonl
/scratch/project_2006235/shibboleth/models/scandinavian/iter8/model_fold2/lime_token.jsonl,/scratch/project_2005047/shibboleth/data/scandinavian/iter_folds/iter8/dev_iter8_fold2_features.jsonl,11837,22.449,29.972,88.35,44.76,61.882,shibboleth/models/scandinavian/iter8/model_fold2/lime_results.txt,1368240322.0,0.0,0.619,scandinavian,lime_token.jsonl
/scratch/project_2006235/shibboleth/models/scandinavian/iter8/model_fold2/ig_token.jsonl,/scratch/project_2005047/shibboleth/data/scandinavian/iter_folds/iter8/dev_iter8_fold2_features.jsonl,11837,20.92,26.548,83.789,40.321,58.916,shibboleth/models/scandinavian/iter8/model_fold2/ig_results.txt,1272297396.0,0.0,0.589,scandinavian,ig_token.jsonl
/scratch/project_2006235/shibboleth/models/scandinavian/iter8/model_fold2/loo_token.jsonl,/scratch/project_2005047/shibboleth/data/scandinavian/iter_folds/iter8/dev_iter8_fold2_features.jsonl,11837,6.435,25.433,25.773,25.602,51.081,shibboleth/models/scandinavian/iter8/model_fold2/loo_results.txt,1103107357.0,4.875e-09,0.511,scandinavian,loo_token.jsonl
/scratch/project_2006235/shibboleth/models/scandinavian/iter8/model_fold2/shap_token.jsonl,/scratch/project_2005047/shibboleth/data/scandinavian/iter_folds/iter8/dev_iter8_fold2_features.jsonl,11837,22.268,28.742,89.189,43.474,65.924,shibboleth/models/scandinavian/iter8/model_fold2/shap_results.txt,1423650382.5,0.0,0.659,scandinavian,shap_token.jsonl
/scratch/project_2006235/shibboleth/models/scandinavian/iter8/model_fold10/lime_token.jsonl,/scratch/project_2005047/shibboleth/data/scandinavian/iter_folds/iter8/dev_iter8_fold10_features.jsonl,11833,22.273,29.765,88.408,44.536,62.55,shibboleth/models/scandinavian/iter8/model_fold10/lime_results.txt,1391719062.0,0.0,0.625,scandinavian,lime_token.jsonl
/scratch/project_2006235/shibboleth/models/scandinavian/iter8/model_fold10/ig_token.jsonl,/scratch/project_2005047/shibboleth/data/scandinavian/iter_folds/iter8/dev_iter8_fold10_features.jsonl,11833,20.431,25.253,82.515,38.671,56.517,shibboleth/models/scandinavian/iter8/model_fold10/ig_results.txt,1228584519.5,2.355e-225,0.565,scandinavian,ig_token.jsonl
/scratch/project_2006235/shibboleth/models/scandinavian/iter8/model_fold10/loo_token.jsonl,/scratch/project_2005047/shibboleth/data/scandinavian/iter_folds/iter8/dev_iter8_fold10_features.jsonl,11833,16.758,25.848,67.683,37.409,52.568,shibboleth/models/scandinavian/iter8/model_fold10/loo_results.txt,1142735128.5,6.668e-37,0.526,scandinavian,loo_token.jsonl
/scratch/project_2006235/shibboleth/models/scandinavian/iter8/model_fold10/shap_token.jsonl,/scratch/project_2005047/shibboleth/data/scandinavian/iter_folds/iter8/dev_iter8_fold10_features.jsonl,11833,21.703,27.626,87.654,42.011,62.817,shibboleth/models/scandinavian/iter8/model_fold10/shap_results.txt,1365547282.0,0.0,0.628,scandinavian,shap_token.jsonl
/scratch/project_2006235/shibboleth/models/scandinavian/iter8/model_fold1/lime_token.jsonl,/scratch/project_2005047/shibboleth/data/scandinavian/iter_folds/iter8/dev_iter8_fold1_features.jsonl,11837,22.665,30.177,88.764,45.042,60.998,shibboleth/models/scandinavian/iter8/model_fold1/lime_results.txt,1374611728.0,0.0,0.61,scandinavian,lime_token.jsonl
/scratch/project_2006235/shibboleth/models/scandinavian/iter8/model_fold1/ig_token.jsonl,/scratch/project_2005047/shibboleth/data/scandinavian/iter_folds/iter8/dev_iter8_fold1_features.jsonl,11837,20.871,25.98,83.166,39.592,56.701,shibboleth/models/scandinavian/iter8/model_fold1/ig_results.txt,1248280129.0,1.14e-240,0.567,scandinavian,ig_token.jsonl
/scratch/project_2006235/shibboleth/models/scandinavian/iter8/model_fold1/loo_token.jsonl,/scratch/project_2005047/shibboleth/data/scandinavian/iter_folds/iter8/dev_iter8_fold1_features.jsonl,11837,9.546,24.785,38.04,30.015,48.971,shibboleth/models/scandinavian/iter8/model_fold1/loo_results.txt,1078103039.5,1.0,0.49,scandinavian,loo_token.jsonl
/scratch/project_2006235/shibboleth/models/scandinavian/iter8/model_fold1/shap_token.jsonl,/scratch/project_2005047/shibboleth/data/scandinavian/iter_folds/iter8/dev_iter8_fold1_features.jsonl,11837,21.876,28.303,87.171,42.732,62.78,shibboleth/models/scandinavian/iter8/model_fold1/shap_results.txt,1382127773.0,0.0,0.628,scandinavian,shap_token.jsonl
/scratch/project_2006235/shibboleth/models/scandinavian/iter8/model_fold6/lime_token.jsonl,/scratch/project_2005047/shibboleth/data/scandinavian/iter_folds/iter8/dev_iter8_fold6_features.jsonl,11835,22.53,30.031,88.664,44.865,62.215,shibboleth/models/scandinavian/iter8/model_fold6/lime_results.txt,1386475916.0,0.0,0.622,scandinavian,lime_token.jsonl
/scratch/project_2006235/shibboleth/models/scandinavian/iter8/model_fold6/ig_token.jsonl,/scratch/project_2005047/shibboleth/data/scandinavian/iter_folds/iter8/dev_iter8_fold6_features.jsonl,11835,21.01,26.584,84.084,40.397,58.68,shibboleth/models/scandinavian/iter8/model_fold6/ig_results.txt,1278622104.5,0.0,0.587,scandinavian,ig_token.jsonl
/scratch/project_2006235/shibboleth/models/scandinavian/iter8/model_fold6/loo_token.jsonl,/scratch/project_2005047/shibboleth/data/scandinavian/iter_folds/iter8/dev_iter8_fold6_features.jsonl,11835,6.187,25.697,24.76,25.22,50.49,shibboleth/models/scandinavian/iter8/model_fold6/loo_results.txt,1100171670.5,0.004881,0.505,scandinavian,loo_token.jsonl
/scratch/project_2006235/shibboleth/models/scandinavian/iter8/model_fold6/shap_token.jsonl,/scratch/project_2005047/shibboleth/data/scandinavian/iter_folds/iter8/dev_iter8_fold6_features.jsonl,11835,22.215,28.101,88.908,42.705,63.61,shibboleth/models/scandinavian/iter8/model_fold6/shap_results.txt,1386054650.0,0.0,0.636,scandinavian,shap_token.jsonl
/scratch/project_2006235/shibboleth/models/scandinavian/iter8/model_fold8/lime_token.jsonl,/scratch/project_2005047/shibboleth/data/scandinavian/iter_folds/iter8/dev_iter8_fold8_features.jsonl,11834,22.325,29.774,88.68,44.581,62.823,shibboleth/models/scandinavian/iter8/model_fold8/lime_results.txt,1384474562.0,0.0,0.628,scandinavian,lime_token.jsonl
/scratch/project_2006235/shibboleth/models/scandinavian/iter8/model_fold8/ig_token.jsonl,/scratch/project_2005047/shibboleth/data/scandinavian/iter_folds/iter8/dev_iter8_fold8_features.jsonl,11834,20.091,26.687,81.11,40.161,58.52,shibboleth/models/scandinavian/iter8/model_fold8/ig_results.txt,1261870582.5,0.0,0.585,scandinavian,ig_token.jsonl
/scratch/project_2006235/shibboleth/models/scandinavian/iter8/model_fold8/loo_token.jsonl,/scratch/project_2005047/shibboleth/data/scandinavian/iter_folds/iter8/dev_iter8_fold8_features.jsonl,11834,10.677,26.654,43.104,32.94,50.747,shibboleth/models/scandinavian/iter8/model_fold8/loo_results.txt,1094260622.0,9.193e-05,0.507,scandinavian,loo_token.jsonl
/scratch/project_2006235/shibboleth/models/scandinavian/iter8/model_fold8/shap_token.jsonl,/scratch/project_2005047/shibboleth/data/scandinavian/iter_folds/iter8/dev_iter8_fold8_features.jsonl,11834,21.972,27.763,88.703,42.29,62.905,shibboleth/models/scandinavian/iter8/model_fold8/shap_results.txt,1356417467.5,0.0,0.629,scandinavian,shap_token.jsonl
/scratch/project_2006235/shibboleth/models/scandinavian/iter8/model_fold4/lime_token.jsonl,/scratch/project_2005047/shibboleth/data/scandinavian/iter_folds/iter8/dev_iter8_fold4_features.jsonl,11836,22.561,30.271,88.888,45.162,62.491,shibboleth/models/scandinavian/iter8/model_fold4/lime_results.txt,1389741604.0,0.0,0.625,scandinavian,lime_token.jsonl
/scratch/project_2006235/shibboleth/models/scandinavian/iter8/model_fold4/ig_token.jsonl,/scratch/project_2005047/shibboleth/data/scandinavian/iter_folds/iter8/dev_iter8_fold4_features.jsonl,11836,19.667,25.979,78.766,39.071,54.699,shibboleth/models/scandinavian/iter8/model_fold4/ig_results.txt,1189798617.5,1.131e-118,0.547,scandinavian,ig_token.jsonl
/scratch/project_2006235/shibboleth/models/scandinavian/iter8/model_fold4/loo_token.jsonl,/scratch/project_2005047/shibboleth/data/scandinavian/iter_folds/iter8/dev_iter8_fold4_features.jsonl,11836,10.708,26.265,42.885,32.577,53.39,shibboleth/models/scandinavian/iter8/model_fold4/loo_results.txt,1161319763.0,6.585e-64,0.534,scandinavian,loo_token.jsonl
/scratch/project_2006235/shibboleth/models/scandinavian/iter8/model_fold4/shap_token.jsonl,/scratch/project_2005047/shibboleth/data/scandinavian/iter_folds/iter8/dev_iter8_fold4_features.jsonl,11836,21.799,27.737,87.304,42.099,63.585,shibboleth/models/scandinavian/iter8/model_fold4/shap_results.txt,1383067662.0,0.0,0.636,scandinavian,shap_token.jsonl
/scratch/project_2006235/shibboleth/models/scandinavian/iter8/model_fold7/lime_token.jsonl,/scratch/project_2005047/shibboleth/data/scandinavian/iter_folds/iter8/dev_iter8_fold7_features.jsonl,11834,22.503,30.023,88.791,44.873,61.797,shibboleth/models/scandinavian/iter8/model_fold7/lime_results.txt,1353305773.0,0.0,0.618,scandinavian,lime_token.jsonl
/scratch/project_2006235/shibboleth/models/scandinavian/iter8/model_fold7/ig_token.jsonl,/scratch/project_2005047/shibboleth/data/scandinavian/iter_folds/iter8/dev_iter8_fold7_features.jsonl,11834,20.317,26.489,81.519,39.985,56.89,shibboleth/models/scandinavian/iter8/model_fold7/ig_results.txt,1218245875.0,2.446e-250,0.569,scandinavian,ig_token.jsonl
/scratch/project_2006235/shibboleth/models/scandinavian/iter8/model_fold7/loo_token.jsonl,/scratch/project_2005047/shibboleth/data/scandinavian/iter_folds/iter8/dev_iter8_fold7_features.jsonl,11834,14.234,26.17,57.113,35.893,53.165,shibboleth/models/scandinavian/iter8/model_fold7/loo_results.txt,1138458757.0,2.208e-55,0.532,scandinavian,loo_token.jsonl
/scratch/project_2006235/shibboleth/models/scandinavian/iter8/model_fold7/shap_token.jsonl,/scratch/project_2005047/shibboleth/data/scandinavian/iter_folds/iter8/dev_iter8_fold7_features.jsonl,11834,22.086,27.838,88.616,42.367,64.2,shibboleth/models/scandinavian/iter8/model_fold7/shap_results.txt,1374780814.0,0.0,0.642,scandinavian,shap_token.jsonl
/scratch/project_2006235/shibboleth/models/scandinavian/iter8/model_fold3/lime_token.jsonl,/scratch/project_2005047/shibboleth/data/scandinavian/iter_folds/iter8/dev_iter8_fold3_features.jsonl,11836,22.397,29.872,88.575,44.677,61.495,shibboleth/models/scandinavian/iter8/model_fold3/lime_results.txt,1358139446.0,0.0,0.615,scandinavian,lime_token.jsonl
/scratch/project_2006235/shibboleth/models/scandinavian/iter8/model_fold3/ig_token.jsonl,/scratch/project_2005047/shibboleth/data/scandinavian/iter_folds/iter8/dev_iter8_fold3_features.jsonl,11836,20.361,25.794,81.801,39.22,56.778,shibboleth/models/scandinavian/iter8/model_fold3/ig_results.txt,1227541568.0,2.305e-243,0.568,scandinavian,ig_token.jsonl
/scratch/project_2006235/shibboleth/models/scandinavian/iter8/model_fold3/loo_token.jsonl,/scratch/project_2005047/shibboleth/data/scandinavian/iter_folds/iter8/dev_iter8_fold3_features.jsonl,11836,17.174,24.482,68.995,36.14,50.54,shibboleth/models/scandinavian/iter8/model_fold3/loo_results.txt,1092683884.5,0.003833,0.505,scandinavian,loo_token.jsonl
/scratch/project_2006235/shibboleth/models/scandinavian/iter8/model_fold3/shap_token.jsonl,/scratch/project_2005047/shibboleth/data/scandinavian/iter_folds/iter8/dev_iter8_fold3_features.jsonl,11836,21.902,28.464,87.989,43.013,63.428,shibboleth/models/scandinavian/iter8/model_fold3/shap_results.txt,1371313890.0,0.0,0.634,scandinavian,shap_token.jsonl
/scratch/project_2006235/shibboleth/models/scandinavian/iter8/model_fold9/lime_token.jsonl,/scratch/project_2005047/shibboleth/data/scandinavian/iter_folds/iter8/dev_iter8_fold9_features.jsonl,11833,22.366,29.93,88.616,44.746,62.236,shibboleth/models/scandinavian/iter8/model_fold9/lime_results.txt,1400949450.0,0.0,0.622,scandinavian,lime_token.jsonl
/scratch/project_2006235/shibboleth/models/scandinavian/iter8/model_fold9/ig_token.jsonl,/scratch/project_2005047/shibboleth/data/scandinavian/iter_folds/iter8/dev_iter8_fold9_features.jsonl,11833,19.62,25.489,79.02,38.545,54.922,shibboleth/models/scandinavian/iter8/model_fold9/ig_results.txt,1209285040.0,1.728e-130,0.549,scandinavian,ig_token.jsonl
/scratch/project_2006235/shibboleth/models/scandinavian/iter8/model_fold9/loo_token.jsonl,/scratch/project_2005047/shibboleth/data/scandinavian/iter_folds/iter8/dev_iter8_fold9_features.jsonl,11833,5.627,24.983,22.663,23.766,50.533,shibboleth/models/scandinavian/iter8/model_fold9/loo_results.txt,1112656850.5,0.00195,0.505,scandinavian,loo_token.jsonl
/scratch/project_2006235/shibboleth/models/scandinavian/iter8/model_fold9/shap_token.jsonl,/scratch/project_2005047/shibboleth/data/scandinavian/iter_folds/iter8/dev_iter8_fold9_features.jsonl,11833,22.486,27.327,90.563,41.985,61.331,shibboleth/models/scandinavian/iter8/model_fold9/shap_results.txt,1350399487.0,0.0,0.613,scandinavian,shap_token.jsonl
/scratch/project_2006235/shibboleth/models/bcms_setimes/iter5/model_fold5/lime_token.jsonl,/scratch/project_2005047/explainability/data_groundtruth/bcms/setimes_large/iter_folds/iter5/dev_iter5_fold5_features.jsonl,20439,9.494,15.55,76.833,25.866,62.474,shibboleth/models/bcms_setimes/iter5/model_fold5/lime_results.txt,11978491037.0,0.0,0.625,bcms,lime_token.jsonl
/scratch/project_2006235/shibboleth/models/bcms_setimes/iter5/model_fold5/ig_token.jsonl,/scratch/project_2005047/explainability/data_groundtruth/bcms/setimes_large/iter_folds/iter5/dev_iter5_fold5_features.jsonl,20439,8.268,13.424,69.74,22.514,58.77,shibboleth/models/bcms_setimes/iter5/model_fold5/ig_results.txt,10711927285.5,0.0,0.588,bcms,ig_token.jsonl
/scratch/project_2006235/shibboleth/models/bcms_setimes/iter5/model_fold5/loo_token.jsonl,/scratch/project_2005047/explainability/data_groundtruth/bcms/setimes_large/iter_folds/iter5/dev_iter5_fold5_features.jsonl,20439,4.826,17.142,40.709,24.125,58.622,shibboleth/models/bcms_setimes/iter5/model_fold5/loo_results.txt,10685031385.0,0.0,0.586,bcms,loo_token.jsonl
/scratch/project_2006235/shibboleth/models/bcms_setimes/iter5/model_fold5/shap_token.jsonl,/scratch/project_2005047/explainability/data_groundtruth/bcms/setimes_large/iter_folds/iter5/dev_iter5_fold5_features.jsonl,20439,9.128,14.311,76.993,24.135,62.74,shibboleth/models/bcms_setimes/iter5/model_fold5/shap_results.txt,11435653471.0,0.0,0.627,bcms,shap_token.jsonl
/scratch/project_2006235/shibboleth/models/bcms_setimes/iter5/model_fold2/lime_token.jsonl,/scratch/project_2005047/explainability/data_groundtruth/bcms/setimes_large/iter_folds/iter5/dev_iter5_fold2_features.jsonl,20440,9.488,15.509,76.133,25.768,63.052,shibboleth/models/bcms_setimes/iter5/model_fold2/lime_results.txt,12229218116.0,0.0,0.631,bcms,lime_token.jsonl
/scratch/project_2006235/shibboleth/models/bcms_setimes/iter5/model_fold2/ig_token.jsonl,/scratch/project_2005047/explainability/data_groundtruth/bcms/setimes_large/iter_folds/iter5/dev_iter5_fold2_features.jsonl,20440,7.266,12.551,60.755,20.804,54.382,shibboleth/models/bcms_setimes/iter5/model_fold2/ig_results.txt,10030343302.0,1.349e-223,0.544,bcms,ig_token.jsonl
/scratch/project_2006235/shibboleth/models/bcms_setimes/iter5/model_fold2/loo_token.jsonl,/scratch/project_2005047/explainability/data_groundtruth/bcms/setimes_large/iter_folds/iter5/dev_iter5_fold2_features.jsonl,20440,7.264,14.971,60.741,24.021,60.162,shibboleth/models/bcms_setimes/iter5/model_fold2/loo_results.txt,11096503846.0,0.0,0.602,bcms,loo_token.jsonl
/scratch/project_2006235/shibboleth/models/bcms_setimes/iter5/model_fold2/shap_token.jsonl,/scratch/project_2005047/explainability/data_groundtruth/bcms/setimes_large/iter_folds/iter5/dev_iter5_fold2_features.jsonl,20440,9.31,14.795,77.844,24.864,65.537,shibboleth/models/bcms_setimes/iter5/model_fold2/shap_results.txt,12087887975.0,0.0,0.655,bcms,shap_token.jsonl
/scratch/project_2006235/shibboleth/models/bcms_setimes/iter5/model_fold10/lime_token.jsonl,/scratch/project_2005047/explainability/data_groundtruth/bcms/setimes_large/iter_folds/iter5/dev_iter5_fold10_features.jsonl,20438,9.274,15.348,74.707,25.465,62.425,shibboleth/models/bcms_setimes/iter5/model_fold10/lime_results.txt,12022040237.0,0.0,0.624,bcms,lime_token.jsonl
/scratch/project_2006235/shibboleth/models/bcms_setimes/iter5/model_fold10/ig_token.jsonl,/scratch/project_2005047/explainability/data_groundtruth/bcms/setimes_large/iter_folds/iter5/dev_iter5_fold10_features.jsonl,20438,6.799,12.284,57.033,20.214,53.005,shibboleth/models/bcms_setimes/iter5/model_fold10/ig_results.txt,9715129889.5,6.259e-106,0.53,bcms,ig_token.jsonl
/scratch/project_2006235/shibboleth/models/bcms_setimes/iter5/model_fold10/loo_token.jsonl,/scratch/project_2005047/explainability/data_groundtruth/bcms/setimes_large/iter_folds/iter5/dev_iter5_fold10_features.jsonl,20438,4.077,10.424,34.202,15.979,43.894,shibboleth/models/bcms_setimes/iter5/model_fold10/loo_results.txt,8045112116.5,1.0,0.439,bcms,loo_token.jsonl
/scratch/project_2006235/shibboleth/models/bcms_setimes/iter5/model_fold10/shap_token.jsonl,/scratch/project_2005047/explainability/data_groundtruth/bcms/setimes_large/iter_folds/iter5/dev_iter5_fold10_features.jsonl,20438,9.165,14.091,76.888,23.816,61.088,shibboleth/models/bcms_setimes/iter5/model_fold10/shap_results.txt,11196554129.0,0.0,0.611,bcms,shap_token.jsonl
/scratch/project_2006235/shibboleth/models/bcms_setimes/iter5/model_fold1/lime_token.jsonl,/scratch/project_2005047/explainability/data_groundtruth/bcms/setimes_large/iter_folds/iter5/dev_iter5_fold1_features.jsonl,20440,9.587,15.616,77.319,25.984,63.543,shibboleth/models/bcms_setimes/iter5/model_fold1/lime_results.txt,12332264447.0,0.0,0.635,bcms,lime_token.jsonl
/scratch/project_2006235/shibboleth/models/bcms_setimes/iter5/model_fold1/ig_token.jsonl,/scratch/project_2005047/explainability/data_groundtruth/bcms/setimes_large/iter_folds/iter5/dev_iter5_fold1_features.jsonl,20440,8.326,13.085,70.056,22.052,58.002,shibboleth/models/bcms_setimes/iter5/model_fold1/ig_results.txt,10691226926.0,0.0,0.58,bcms,ig_token.jsonl
/scratch/project_2006235/shibboleth/models/bcms_setimes/iter5/model_fold1/loo_token.jsonl,/scratch/project_2005047/explainability/data_groundtruth/bcms/setimes_large/iter_folds/iter5/dev_iter5_fold1_features.jsonl,20440,7.915,13.186,66.595,22.013,55.439,shibboleth/models/bcms_setimes/iter5/model_fold1/loo_results.txt,10218825584.5,0.0,0.554,bcms,loo_token.jsonl
/scratch/project_2006235/shibboleth/models/bcms_setimes/iter5/model_fold1/shap_token.jsonl,/scratch/project_2005047/explainability/data_groundtruth/bcms/setimes_large/iter_folds/iter5/dev_iter5_fold1_features.jsonl,20440,9.235,14.231,77.704,24.056,62.189,shibboleth/models/bcms_setimes/iter5/model_fold1/shap_results.txt,11463052331.0,0.0,0.622,bcms,shap_token.jsonl
/scratch/project_2006235/shibboleth/models/bcms_setimes/iter5/model_fold6/lime_token.jsonl,/scratch/project_2005047/explainability/data_groundtruth/bcms/setimes_large/iter_folds/iter5/dev_iter5_fold6_features.jsonl,20439,9.479,15.526,76.634,25.82,63.113,shibboleth/models/bcms_setimes/iter5/model_fold6/lime_results.txt,12126841284.0,0.0,0.631,bcms,lime_token.jsonl
/scratch/project_2006235/shibboleth/models/bcms_setimes/iter5/model_fold6/ig_token.jsonl,/scratch/project_2005047/explainability/data_groundtruth/bcms/setimes_large/iter_folds/iter5/dev_iter5_fold6_features.jsonl,20439,7.451,11.849,62.674,19.93,51.331,shibboleth/models/bcms_setimes/iter5/model_fold6/ig_results.txt,9395984829.5,2.226e-22,0.513,bcms,ig_token.jsonl
/scratch/project_2006235/shibboleth/models/bcms_setimes/iter5/model_fold6/loo_token.jsonl,/scratch/project_2005047/explainability/data_groundtruth/bcms/setimes_large/iter_folds/iter5/dev_iter5_fold6_features.jsonl,20439,7.909,13.414,66.53,22.326,57.943,shibboleth/models/bcms_setimes/iter5/model_fold6/loo_results.txt,10606279569.5,0.0,0.579,bcms,loo_token.jsonl
/scratch/project_2006235/shibboleth/models/bcms_setimes/iter5/model_fold6/shap_token.jsonl,/scratch/project_2005047/explainability/data_groundtruth/bcms/setimes_large/iter_folds/iter5/dev_iter5_fold6_features.jsonl,20439,9.434,14.272,79.354,24.193,65.042,shibboleth/models/bcms_setimes/iter5/model_fold6/shap_results.txt,11905710353.0,0.0,0.65,bcms,shap_token.jsonl
/scratch/project_2006235/shibboleth/models/bcms_setimes/iter5/model_fold8/lime_token.jsonl,/scratch/project_2005047/explainability/data_groundtruth/bcms/setimes_large/iter_folds/iter5/dev_iter5_fold8_features.jsonl,20438,9.385,15.109,75.648,25.188,61.931,shibboleth/models/bcms_setimes/iter5/model_fold8/lime_results.txt,11921249636.0,0.0,0.619,bcms,lime_token.jsonl
/scratch/project_2006235/shibboleth/models/bcms_setimes/iter5/model_fold8/ig_token.jsonl,/scratch/project_2005047/explainability/data_groundtruth/bcms/setimes_large/iter_folds/iter5/dev_iter5_fold8_features.jsonl,20438,8.184,13.447,68.799,22.497,58.578,shibboleth/models/bcms_setimes/iter5/model_fold8/ig_results.txt,10716034103.0,0.0,0.586,bcms,ig_token.jsonl
/scratch/project_2006235/shibboleth/models/bcms_setimes/iter5/model_fold8/loo_token.jsonl,/scratch/project_2005047/explainability/data_groundtruth/bcms/setimes_large/iter_folds/iter5/dev_iter5_fold8_features.jsonl,20438,6.412,15.745,53.903,24.371,59.395,shibboleth/models/bcms_setimes/iter5/model_fold8/loo_results.txt,10865485799.5,0.0,0.594,bcms,loo_token.jsonl
/scratch/project_2006235/shibboleth/models/bcms_setimes/iter5/model_fold8/shap_token.jsonl,/scratch/project_2005047/explainability/data_groundtruth/bcms/setimes_large/iter_folds/iter5/dev_iter5_fold8_features.jsonl,20438,9.448,14.942,79.422,25.152,65.798,shibboleth/models/bcms_setimes/iter5/model_fold8/shap_results.txt,12036708713.5,0.0,0.658,bcms,shap_token.jsonl
/scratch/project_2006235/shibboleth/models/bcms_setimes/iter5/model_fold4/lime_token.jsonl,/scratch/project_2005047/explainability/data_groundtruth/bcms/setimes_large/iter_folds/iter5/dev_iter5_fold4_features.jsonl,20439,9.569,15.744,77.45,26.168,62.794,shibboleth/models/bcms_setimes/iter5/model_fold4/lime_results.txt,12096241077.0,0.0,0.628,bcms,lime_token.jsonl
/scratch/project_2006235/shibboleth/models/bcms_setimes/iter5/model_fold4/ig_token.jsonl,/scratch/project_2005047/explainability/data_groundtruth/bcms/setimes_large/iter_folds/iter5/dev_iter5_fold4_features.jsonl,20439,7.974,13.5,67.344,22.491,58.831,shibboleth/models/bcms_setimes/iter5/model_fold4/ig_results.txt,10763859787.0,0.0,0.588,bcms,ig_token.jsonl
/scratch/project_2006235/shibboleth/models/bcms_setimes/iter5/model_fold4/loo_token.jsonl,/scratch/project_2005047/explainability/data_groundtruth/bcms/setimes_large/iter_folds/iter5/dev_iter5_fold4_features.jsonl,20439,5.896,14.354,49.795,22.284,56.004,shibboleth/models/bcms_setimes/iter5/model_fold4/loo_results.txt,10246656569.0,0.0,0.56,bcms,loo_token.jsonl
/scratch/project_2006235/shibboleth/models/bcms_setimes/iter5/model_fold4/shap_token.jsonl,/scratch/project_2005047/explainability/data_groundtruth/bcms/setimes_large/iter_folds/iter5/dev_iter5_fold4_features.jsonl,20439,9.378,14.229,79.195,24.123,60.829,shibboleth/models/bcms_setimes/iter5/model_fold4/shap_results.txt,11129578803.5,0.0,0.608,bcms,shap_token.jsonl
/scratch/project_2006235/shibboleth/models/bcms_setimes/iter5/model_fold7/lime_token.jsonl,/scratch/project_2005047/explainability/data_groundtruth/bcms/setimes_large/iter_folds/iter5/dev_iter5_fold7_features.jsonl,20439,8.958,14.559,71.942,24.217,60.319,shibboleth/models/bcms_setimes/iter5/model_fold7/lime_results.txt,11650995329.0,0.0,0.603,bcms,lime_token.jsonl
/scratch/project_2006235/shibboleth/models/bcms_setimes/iter5/model_fold7/ig_token.jsonl,/scratch/project_2005047/explainability/data_groundtruth/bcms/setimes_large/iter_folds/iter5/dev_iter5_fold7_features.jsonl,20439,8.031,12.843,67.423,21.576,56.03,shibboleth/models/bcms_setimes/iter5/model_fold7/ig_results.txt,10257412552.5,0.0,0.56,bcms,ig_token.jsonl
/scratch/project_2006235/shibboleth/models/bcms_setimes/iter5/model_fold7/loo_token.jsonl,/scratch/project_2005047/explainability/data_groundtruth/bcms/setimes_large/iter_folds/iter5/dev_iter5_fold7_features.jsonl,20439,4.526,11.167,38.0,17.261,44.812,shibboleth/models/bcms_setimes/iter5/model_fold7/loo_results.txt,8203715506.0,1.0,0.448,bcms,loo_token.jsonl
/scratch/project_2006235/shibboleth/models/bcms_setimes/iter5/model_fold7/shap_token.jsonl,/scratch/project_2005047/explainability/data_groundtruth/bcms/setimes_large/iter_folds/iter5/dev_iter5_fold7_features.jsonl,20439,9.373,14.655,78.687,24.709,63.552,shibboleth/models/bcms_setimes/iter5/model_fold7/shap_results.txt,11634455578.0,0.0,0.636,bcms,shap_token.jsonl
/scratch/project_2006235/shibboleth/models/bcms_setimes/iter5/model_fold3/lime_token.jsonl,/scratch/project_2005047/explainability/data_groundtruth/bcms/setimes_large/iter_folds/iter5/dev_iter5_fold3_features.jsonl,20439,9.585,15.784,77.213,26.21,63.397,shibboleth/models/bcms_setimes/iter5/model_fold3/lime_results.txt,12303304822.0,0.0,0.634,bcms,lime_token.jsonl
/scratch/project_2006235/shibboleth/models/bcms_setimes/iter5/model_fold3/ig_token.jsonl,/scratch/project_2005047/explainability/data_groundtruth/bcms/setimes_large/iter_folds/iter5/dev_iter5_fold3_features.jsonl,20439,8.219,13.71,68.992,22.874,59.35,shibboleth/models/bcms_setimes/iter5/model_fold3/ig_results.txt,10954979934.0,0.0,0.593,bcms,ig_token.jsonl
/scratch/project_2006235/shibboleth/models/bcms_setimes/iter5/model_fold3/loo_token.jsonl,/scratch/project_2005047/explainability/data_groundtruth/bcms/setimes_large/iter_folds/iter5/dev_iter5_fold3_features.jsonl,20439,7.533,14.654,63.235,23.795,59.822,shibboleth/models/bcms_setimes/iter5/model_fold3/loo_results.txt,11042202540.0,0.0,0.598,bcms,loo_token.jsonl
/scratch/project_2006235/shibboleth/models/bcms_setimes/iter5/model_fold3/shap_token.jsonl,/scratch/project_2005047/explainability/data_groundtruth/bcms/setimes_large/iter_folds/iter5/dev_iter5_fold3_features.jsonl,20439,9.292,14.432,77.999,24.357,63.023,shibboleth/models/bcms_setimes/iter5/model_fold3/shap_results.txt,11633105941.0,0.0,0.63,bcms,shap_token.jsonl
/scratch/project_2006235/shibboleth/models/bcms_setimes/iter5/model_fold9/lime_token.jsonl,/scratch/project_2005047/explainability/data_groundtruth/bcms/setimes_large/iter_folds/iter5/dev_iter5_fold9_features.jsonl,20438,9.206,15.154,74.333,25.176,62.415,shibboleth/models/bcms_setimes/iter5/model_fold9/lime_results.txt,12004927491.0,0.0,0.624,bcms,lime_token.jsonl
/scratch/project_2006235/shibboleth/models/bcms_setimes/iter5/model_fold9/ig_token.jsonl,/scratch/project_2005047/explainability/data_groundtruth/bcms/setimes_large/iter_folds/iter5/dev_iter5_fold9_features.jsonl,20438,7.478,12.615,62.905,21.016,55.208,shibboleth/models/bcms_setimes/iter5/model_fold9/ig_results.txt,10101868751.5,0.0,0.552,bcms,ig_token.jsonl
/scratch/project_2006235/shibboleth/models/bcms_setimes/iter5/model_fold9/loo_token.jsonl,/scratch/project_2005047/explainability/data_groundtruth/bcms/setimes_large/iter_folds/iter5/dev_iter5_fold9_features.jsonl,20438,4.414,9.029,37.131,14.525,39.086,shibboleth/models/bcms_setimes/iter5/model_fold9/loo_results.txt,7151832712.0,1.0,0.391,bcms,loo_token.jsonl
/scratch/project_2006235/shibboleth/models/bcms_setimes/iter5/model_fold9/shap_token.jsonl,/scratch/project_2005047/explainability/data_groundtruth/bcms/setimes_large/iter_folds/iter5/dev_iter5_fold9_features.jsonl,20438,9.25,14.643,77.808,24.647,62.867,shibboleth/models/bcms_setimes/iter5/model_fold9/shap_results.txt,11503236169.0,0.0,0.629,bcms,shap_token.jsonl
/scratch/project_2006235/shibboleth/models/bcms_setimes/iter6/model_fold5/lime_token.jsonl,/scratch/project_2005047/explainability/data_groundtruth/bcms/setimes_large/iter_folds/iter6/dev_iter6_fold5_features.jsonl,20439,9.581,15.492,76.54,25.768,62.941,shibboleth/models/bcms_setimes/iter6/model_fold5/lime_results.txt,12169727940.0,0.0,0.629,bcms,lime_token.jsonl
/scratch/project_2006235/shibboleth/models/bcms_setimes/iter6/model_fold5/ig_token.jsonl,/scratch/project_2005047/explainability/data_groundtruth/bcms/setimes_large/iter_folds/iter6/dev_iter6_fold5_features.jsonl,20439,7.914,13.782,65.88,22.795,58.697,shibboleth/models/bcms_setimes/iter6/model_fold5/ig_results.txt,10794597942.0,0.0,0.587,bcms,ig_token.jsonl
/scratch/project_2006235/shibboleth/models/bcms_setimes/iter6/model_fold5/loo_token.jsonl,/scratch/project_2005047/explainability/data_groundtruth/bcms/setimes_large/iter_folds/iter6/dev_iter6_fold5_features.jsonl,20439,3.263,14.092,27.162,18.556,51.665,shibboleth/models/bcms_setimes/iter6/model_fold5/loo_results.txt,9501386717.5,1.497e-35,0.517,bcms,loo_token.jsonl
/scratch/project_2006235/shibboleth/models/bcms_setimes/iter6/model_fold5/shap_token.jsonl,/scratch/project_2005047/explainability/data_groundtruth/bcms/setimes_large/iter_folds/iter6/dev_iter6_fold5_features.jsonl,20439,9.209,14.486,76.662,24.368,61.962,shibboleth/models/bcms_setimes/iter6/model_fold5/shap_results.txt,11395070452.5,0.0,0.62,bcms,shap_token.jsonl
/scratch/project_2006235/shibboleth/models/bcms_setimes/iter6/model_fold2/lime_token.jsonl,/scratch/project_2005047/explainability/data_groundtruth/bcms/setimes_large/iter_folds/iter6/dev_iter6_fold2_features.jsonl,20440,9.569,15.339,77.798,25.625,62.93,shibboleth/models/bcms_setimes/iter6/model_fold2/lime_results.txt,12123977866.0,0.0,0.629,bcms,lime_token.jsonl
/scratch/project_2006235/shibboleth/models/bcms_setimes/iter6/model_fold2/ig_token.jsonl,/scratch/project_2005047/explainability/data_groundtruth/bcms/setimes_large/iter_folds/iter6/dev_iter6_fold2_features.jsonl,20440,8.078,13.275,68.465,22.238,57.864,shibboleth/models/bcms_setimes/iter6/model_fold2/ig_results.txt,10598395809.0,0.0,0.579,bcms,ig_token.jsonl
/scratch/project_2006235/shibboleth/models/bcms_setimes/iter6/model_fold2/loo_token.jsonl,/scratch/project_2005047/explainability/data_groundtruth/bcms/setimes_large/iter_folds/iter6/dev_iter6_fold2_features.jsonl,20440,6.612,13.384,56.043,21.608,54.858,shibboleth/models/bcms_setimes/iter6/model_fold2/loo_results.txt,10047844429.0,2.455e-273,0.549,bcms,loo_token.jsonl
/scratch/project_2006235/shibboleth/models/bcms_setimes/iter6/model_fold2/shap_token.jsonl,/scratch/project_2005047/explainability/data_groundtruth/bcms/setimes_large/iter_folds/iter6/dev_iter6_fold2_features.jsonl,20440,9.476,14.317,80.319,24.302,64.534,shibboleth/models/bcms_setimes/iter6/model_fold2/shap_results.txt,11819999830.5,0.0,0.645,bcms,shap_token.jsonl
/scratch/project_2006235/shibboleth/models/bcms_setimes/iter6/model_fold10/lime_token.jsonl,/scratch/project_2005047/explainability/data_groundtruth/bcms/setimes_large/iter_folds/iter6/dev_iter6_fold10_features.jsonl,20438,9.29,15.19,74.786,25.251,62.207,shibboleth/models/bcms_setimes/iter6/model_fold10/lime_results.txt,11930695963.0,0.0,0.622,bcms,lime_token.jsonl
/scratch/project_2006235/shibboleth/models/bcms_setimes/iter6/model_fold10/ig_token.jsonl,/scratch/project_2005047/explainability/data_groundtruth/bcms/setimes_large/iter_folds/iter6/dev_iter6_fold10_features.jsonl,20438,7.661,12.838,64.144,21.394,55.217,shibboleth/models/bcms_setimes/iter6/model_fold10/ig_results.txt,10089854878.0,0.0,0.552,bcms,ig_token.jsonl
/scratch/project_2006235/shibboleth/models/bcms_setimes/iter6/model_fold10/loo_token.jsonl,/scratch/project_2005047/explainability/data_groundtruth/bcms/setimes_large/iter_folds/iter6/dev_iter6_fold10_features.jsonl,20438,5.816,10.591,48.696,17.398,45.666,shibboleth/models/bcms_setimes/iter6/model_fold10/loo_results.txt,8344586816.0,1.0,0.457,bcms,loo_token.jsonl
/scratch/project_2006235/shibboleth/models/bcms_setimes/iter6/model_fold10/shap_token.jsonl,/scratch/project_2005047/explainability/data_groundtruth/bcms/setimes_large/iter_folds/iter6/dev_iter6_fold10_features.jsonl,20438,9.535,14.664,79.836,24.777,63.972,shibboleth/models/bcms_setimes/iter6/model_fold10/shap_results.txt,11689775936.5,0.0,0.64,bcms,shap_token.jsonl
/scratch/project_2006235/shibboleth/models/bcms_setimes/iter6/model_fold1/lime_token.jsonl,/scratch/project_2005047/explainability/data_groundtruth/bcms/setimes_large/iter_folds/iter6/dev_iter6_fold1_features.jsonl,20440,9.711,15.666,77.611,26.069,63.618,shibboleth/models/bcms_setimes/iter6/model_fold1/lime_results.txt,12454472368.0,0.0,0.636,bcms,lime_token.jsonl
/scratch/project_2006235/shibboleth/models/bcms_setimes/iter6/model_fold1/ig_token.jsonl,/scratch/project_2005047/explainability/data_groundtruth/bcms/setimes_large/iter_folds/iter6/dev_iter6_fold1_features.jsonl,20440,7.786,13.81,65.035,22.782,58.669,shibboleth/models/bcms_setimes/iter6/model_fold1/ig_results.txt,10889049157.5,0.0,0.587,bcms,ig_token.jsonl
/scratch/project_2006235/shibboleth/models/bcms_setimes/iter6/model_fold1/loo_token.jsonl,/scratch/project_2005047/explainability/data_groundtruth/bcms/setimes_large/iter_folds/iter6/dev_iter6_fold1_features.jsonl,20440,6.611,16.286,55.225,25.154,59.83,shibboleth/models/bcms_setimes/iter6/model_fold1/loo_results.txt,11104489459.5,0.0,0.598,bcms,loo_token.jsonl
/scratch/project_2006235/shibboleth/models/bcms_setimes/iter6/model_fold1/shap_token.jsonl,/scratch/project_2005047/explainability/data_groundtruth/bcms/setimes_large/iter_folds/iter6/dev_iter6_fold1_features.jsonl,20440,9.493,14.684,79.29,24.779,65.549,shibboleth/models/bcms_setimes/iter6/model_fold1/shap_results.txt,12165943382.0,0.0,0.655,bcms,shap_token.jsonl
/scratch/project_2006235/shibboleth/models/bcms_setimes/iter6/model_fold6/lime_token.jsonl,/scratch/project_2005047/explainability/data_groundtruth/bcms/setimes_large/iter_folds/iter6/dev_iter6_fold6_features.jsonl,20439,9.704,15.855,77.392,26.318,62.694,shibboleth/models/bcms_setimes/iter6/model_fold6/lime_results.txt,12265592782.0,0.0,0.627,bcms,lime_token.jsonl
/scratch/project_2006235/shibboleth/models/bcms_setimes/iter6/model_fold6/ig_token.jsonl,/scratch/project_2005047/explainability/data_groundtruth/bcms/setimes_large/iter_folds/iter6/dev_iter6_fold6_features.jsonl,20439,7.415,13.46,61.7,22.098,56.592,shibboleth/models/bcms_setimes/iter6/model_fold6/ig_results.txt,10514868648.0,0.0,0.566,bcms,ig_token.jsonl
/scratch/project_2006235/shibboleth/models/bcms_setimes/iter6/model_fold6/loo_token.jsonl,/scratch/project_2005047/explainability/data_groundtruth/bcms/setimes_large/iter_folds/iter6/dev_iter6_fold6_features.jsonl,20439,6.498,15.332,54.064,23.889,59.572,shibboleth/models/bcms_setimes/iter6/model_fold6/loo_results.txt,11068646442.5,0.0,0.596,bcms,loo_token.jsonl
/scratch/project_2006235/shibboleth/models/bcms_setimes/iter6/model_fold6/shap_token.jsonl,/scratch/project_2005047/explainability/data_groundtruth/bcms/setimes_large/iter_folds/iter6/dev_iter6_fold6_features.jsonl,20439,9.538,14.899,79.358,25.088,64.22,shibboleth/models/bcms_setimes/iter6/model_fold6/shap_results.txt,11932160077.0,0.0,0.642,bcms,shap_token.jsonl
/scratch/project_2006235/shibboleth/models/bcms_setimes/iter6/model_fold8/lime_token.jsonl,/scratch/project_2005047/explainability/data_groundtruth/bcms/setimes_large/iter_folds/iter6/dev_iter6_fold8_features.jsonl,20438,9.316,15.25,75.078,25.351,62.726,shibboleth/models/bcms_setimes/iter6/model_fold8/lime_results.txt,12160576057.0,0.0,0.627,bcms,lime_token.jsonl
/scratch/project_2006235/shibboleth/models/bcms_setimes/iter6/model_fold8/ig_token.jsonl,/scratch/project_2005047/explainability/data_groundtruth/bcms/setimes_large/iter_folds/iter6/dev_iter6_fold8_features.jsonl,20438,7.677,12.366,64.527,20.755,53.697,shibboleth/models/bcms_setimes/iter6/model_fold8/ig_results.txt,9890783796.0,2.293e-159,0.537,bcms,ig_token.jsonl
/scratch/project_2006235/shibboleth/models/bcms_setimes/iter6/model_fold8/loo_token.jsonl,/scratch/project_2005047/explainability/data_groundtruth/bcms/setimes_large/iter_folds/iter6/dev_iter6_fold8_features.jsonl,20438,4.518,11.484,37.972,17.635,47.2,shibboleth/models/bcms_setimes/iter6/model_fold8/loo_results.txt,8694152450.5,1.0,0.472,bcms,loo_token.jsonl
/scratch/project_2006235/shibboleth/models/bcms_setimes/iter6/model_fold8/shap_token.jsonl,/scratch/project_2005047/explainability/data_groundtruth/bcms/setimes_large/iter_folds/iter6/dev_iter6_fold8_features.jsonl,20438,9.351,14.528,78.602,24.523,60.832,shibboleth/models/bcms_setimes/iter6/model_fold8/shap_results.txt,11205160481.0,0.0,0.608,bcms,shap_token.jsonl
/scratch/project_2006235/shibboleth/models/bcms_setimes/iter6/model_fold4/lime_token.jsonl,/scratch/project_2005047/explainability/data_groundtruth/bcms/setimes_large/iter_folds/iter6/dev_iter6_fold4_features.jsonl,20439,9.181,15.259,74.6,25.336,62.826,shibboleth/models/bcms_setimes/iter6/model_fold4/lime_results.txt,11935225279.0,0.0,0.628,bcms,lime_token.jsonl
/scratch/project_2006235/shibboleth/models/bcms_setimes/iter6/model_fold4/ig_token.jsonl,/scratch/project_2005047/explainability/data_groundtruth/bcms/setimes_large/iter_folds/iter6/dev_iter6_fold4_features.jsonl,20439,7.976,13.314,67.556,22.244,58.194,shibboleth/models/bcms_setimes/iter6/model_fold4/ig_results.txt,10511316523.0,0.0,0.582,bcms,ig_token.jsonl
/scratch/project_2006235/shibboleth/models/bcms_setimes/iter6/model_fold4/loo_token.jsonl,/scratch/project_2005047/explainability/data_groundtruth/bcms/setimes_large/iter_folds/iter6/dev_iter6_fold4_features.jsonl,20439,6.493,10.828,54.998,18.093,49.626,shibboleth/models/bcms_setimes/iter6/model_fold4/loo_results.txt,8963770185.5,0.9965,0.496,bcms,loo_token.jsonl
/scratch/project_2006235/shibboleth/models/bcms_setimes/iter6/model_fold4/shap_token.jsonl,/scratch/project_2005047/explainability/data_groundtruth/bcms/setimes_large/iter_folds/iter6/dev_iter6_fold4_features.jsonl,20439,9.358,14.313,79.263,24.247,63.857,shibboleth/models/bcms_setimes/iter6/model_fold4/shap_results.txt,11534219672.0,0.0,0.639,bcms,shap_token.jsonl
/scratch/project_2006235/shibboleth/models/bcms_setimes/iter6/model_fold7/lime_token.jsonl,/scratch/project_2005047/explainability/data_groundtruth/bcms/setimes_large/iter_folds/iter6/dev_iter6_fold7_features.jsonl,20439,9.501,15.498,77.047,25.805,62.684,shibboleth/models/bcms_setimes/iter6/model_fold7/lime_results.txt,12098991488.0,0.0,0.627,bcms,lime_token.jsonl
/scratch/project_2006235/shibboleth/models/bcms_setimes/iter6/model_fold7/ig_token.jsonl,/scratch/project_2005047/explainability/data_groundtruth/bcms/setimes_large/iter_folds/iter6/dev_iter6_fold7_features.jsonl,20439,7.879,12.855,66.598,21.551,56.518,shibboleth/models/bcms_setimes/iter6/model_fold7/ig_results.txt,10373156069.0,0.0,0.565,bcms,ig_token.jsonl
/scratch/project_2006235/shibboleth/models/bcms_setimes/iter6/model_fold7/loo_token.jsonl,/scratch/project_2005047/explainability/data_groundtruth/bcms/setimes_large/iter_folds/iter6/dev_iter6_fold7_features.jsonl,20439,3.174,14.277,26.827,18.636,53.77,shibboleth/models/bcms_setimes/iter6/model_fold7/loo_results.txt,9868912309.0,2.557e-220,0.538,bcms,loo_token.jsonl
/scratch/project_2006235/shibboleth/models/bcms_setimes/iter6/model_fold7/shap_token.jsonl,/scratch/project_2005047/explainability/data_groundtruth/bcms/setimes_large/iter_folds/iter6/dev_iter6_fold7_features.jsonl,20439,8.948,14.24,75.634,23.967,62.078,shibboleth/models/bcms_setimes/iter6/model_fold7/shap_results.txt,11393765743.5,0.0,0.621,bcms,shap_token.jsonl
/scratch/project_2006235/shibboleth/models/bcms_setimes/iter6/model_fold3/lime_token.jsonl,/scratch/project_2005047/explainability/data_groundtruth/bcms/setimes_large/iter_folds/iter6/dev_iter6_fold3_features.jsonl,20439,9.283,15.001,75.76,25.043,62.742,shibboleth/models/bcms_setimes/iter6/model_fold3/lime_results.txt,11856092681.0,0.0,0.627,bcms,lime_token.jsonl
/scratch/project_2006235/shibboleth/models/bcms_setimes/iter6/model_fold3/ig_token.jsonl,/scratch/project_2005047/explainability/data_groundtruth/bcms/setimes_large/iter_folds/iter6/dev_iter6_fold3_features.jsonl,20439,7.45,12.928,63.328,21.472,56.761,shibboleth/models/bcms_setimes/iter6/model_fold3/ig_results.txt,10207584657.0,0.0,0.568,bcms,ig_token.jsonl
/scratch/project_2006235/shibboleth/models/bcms_setimes/iter6/model_fold3/loo_token.jsonl,/scratch/project_2005047/explainability/data_groundtruth/bcms/setimes_large/iter_folds/iter6/dev_iter6_fold3_features.jsonl,20439,1.418,12.499,12.051,12.271,47.466,shibboleth/models/bcms_setimes/iter6/model_fold3/loo_results.txt,8535969269.5,1.0,0.475,bcms,loo_token.jsonl
/scratch/project_2006235/shibboleth/models/bcms_setimes/iter6/model_fold3/shap_token.jsonl,/scratch/project_2005047/explainability/data_groundtruth/bcms/setimes_large/iter_folds/iter6/dev_iter6_fold3_features.jsonl,20439,9.186,14.315,78.087,24.195,62.77,shibboleth/models/bcms_setimes/iter6/model_fold3/shap_results.txt,11288080249.0,0.0,0.628,bcms,shap_token.jsonl
/scratch/project_2006235/shibboleth/models/bcms_setimes/iter6/model_fold9/lime_token.jsonl,/scratch/project_2005047/explainability/data_groundtruth/bcms/setimes_large/iter_folds/iter6/dev_iter6_fold9_features.jsonl,20438,9.48,15.756,76.294,26.119,62.603,shibboleth/models/bcms_setimes/iter6/model_fold9/lime_results.txt,12155023441.0,0.0,0.626,bcms,lime_token.jsonl
/scratch/project_2006235/shibboleth/models/bcms_setimes/iter6/model_fold9/ig_token.jsonl,/scratch/project_2005047/explainability/data_groundtruth/bcms/setimes_large/iter_folds/iter6/dev_iter6_fold9_features.jsonl,20438,7.59,12.778,63.694,21.286,55.477,shibboleth/models/bcms_setimes/iter6/model_fold9/ig_results.txt,10236538420.5,0.0,0.555,bcms,ig_token.jsonl
/scratch/project_2006235/shibboleth/models/bcms_setimes/iter6/model_fold9/loo_token.jsonl,/scratch/project_2005047/explainability/data_groundtruth/bcms/setimes_large/iter_folds/iter6/dev_iter6_fold9_features.jsonl,20438,6.3,14.424,52.872,22.665,56.388,shibboleth/models/bcms_setimes/iter6/model_fold9/loo_results.txt,10404680651.5,0.0,0.564,bcms,loo_token.jsonl
/scratch/project_2006235/shibboleth/models/bcms_setimes/iter6/model_fold9/shap_token.jsonl,/scratch/project_2005047/explainability/data_groundtruth/bcms/setimes_large/iter_folds/iter6/dev_iter6_fold9_features.jsonl,20438,9.532,14.128,79.998,24.015,61.094,shibboleth/models/bcms_setimes/iter6/model_fold9/shap_results.txt,11272990641.0,0.0,0.611,bcms,shap_token.jsonl
/scratch/project_2006235/shibboleth/models/bcms_setimes/iter10/model_fold5/lime_token.jsonl,/scratch/project_2005047/explainability/data_groundtruth/bcms/setimes_large/iter_folds/iter10/dev_iter10_fold5_features.jsonl,20439,9.572,15.445,77.458,25.754,62.975,shibboleth/models/bcms_setimes/iter10/model_fold5/lime_results.txt,12103545388.0,0.0,0.63,bcms,lime_token.jsonl
/scratch/project_2006235/shibboleth/models/bcms_setimes/iter10/model_fold5/ig_token.jsonl,/scratch/project_2005047/explainability/data_groundtruth/bcms/setimes_large/iter_folds/iter10/dev_iter10_fold5_features.jsonl,20439,7.255,12.393,61.231,20.614,53.704,shibboleth/models/bcms_setimes/iter10/model_fold5/ig_results.txt,9808631264.5,4.916e-159,0.537,bcms,ig_token.jsonl
/scratch/project_2006235/shibboleth/models/bcms_setimes/iter10/model_fold5/loo_token.jsonl,/scratch/project_2005047/explainability/data_groundtruth/bcms/setimes_large/iter_folds/iter10/dev_iter10_fold5_features.jsonl,20439,6.824,15.677,57.591,24.646,60.442,shibboleth/models/bcms_setimes/iter10/model_fold5/loo_results.txt,11039323668.5,0.0,0.604,bcms,loo_token.jsonl
/scratch/project_2006235/shibboleth/models/bcms_setimes/iter10/model_fold5/shap_token.jsonl,/scratch/project_2005047/explainability/data_groundtruth/bcms/setimes_large/iter_folds/iter10/dev_iter10_fold5_features.jsonl,20439,9.285,14.402,78.361,24.332,62.891,shibboleth/models/bcms_setimes/iter10/model_fold5/shap_results.txt,11486709283.0,0.0,0.629,bcms,shap_token.jsonl
/scratch/project_2006235/shibboleth/models/bcms_setimes/iter10/model_fold2/lime_token.jsonl,/scratch/project_2005047/explainability/data_groundtruth/bcms/setimes_large/iter_folds/iter10/dev_iter10_fold2_features.jsonl,20440,9.534,15.446,77.124,25.738,62.633,shibboleth/models/bcms_setimes/iter10/model_fold2/lime_results.txt,12121845739.0,0.0,0.626,bcms,lime_token.jsonl
/scratch/project_2006235/shibboleth/models/bcms_setimes/iter10/model_fold2/ig_token.jsonl,/scratch/project_2005047/explainability/data_groundtruth/bcms/setimes_large/iter_folds/iter10/dev_iter10_fold2_features.jsonl,20440,7.709,13.137,65.104,21.863,57.046,shibboleth/models/bcms_setimes/iter10/model_fold2/ig_results.txt,10479064722.0,0.0,0.57,bcms,ig_token.jsonl
/scratch/project_2006235/shibboleth/models/bcms_setimes/iter10/model_fold2/loo_token.jsonl,/scratch/project_2005047/explainability/data_groundtruth/bcms/setimes_large/iter_folds/iter10/dev_iter10_fold2_features.jsonl,20440,4.458,17.004,37.647,23.427,58.261,shibboleth/models/bcms_setimes/iter10/model_fold2/loo_results.txt,10702252796.5,0.0,0.583,bcms,loo_token.jsonl
/scratch/project_2006235/shibboleth/models/bcms_setimes/iter10/model_fold2/shap_token.jsonl,/scratch/project_2005047/explainability/data_groundtruth/bcms/setimes_large/iter_folds/iter10/dev_iter10_fold2_features.jsonl,20440,9.239,14.42,78.02,24.341,62.113,shibboleth/models/bcms_setimes/iter10/model_fold2/shap_results.txt,11409876750.0,0.0,0.621,bcms,shap_token.jsonl
/scratch/project_2006235/shibboleth/models/bcms_setimes/iter10/model_fold10/lime_token.jsonl,/scratch/project_2005047/explainability/data_groundtruth/bcms/setimes_large/iter_folds/iter10/dev_iter10_fold10_features.jsonl,20438,9.576,15.703,77.04,26.088,62.226,shibboleth/models/bcms_setimes/iter10/model_fold10/lime_results.txt,11948002652.0,0.0,0.622,bcms,lime_token.jsonl
/scratch/project_2006235/shibboleth/models/bcms_setimes/iter10/model_fold10/ig_token.jsonl,/scratch/project_2005047/explainability/data_groundtruth/bcms/setimes_large/iter_folds/iter10/dev_iter10_fold10_features.jsonl,20438,7.388,12.961,61.947,21.437,55.532,shibboleth/models/bcms_setimes/iter10/model_fold10/ig_results.txt,10138501658.5,0.0,0.555,bcms,ig_token.jsonl
/scratch/project_2006235/shibboleth/models/bcms_setimes/iter10/model_fold10/loo_token.jsonl,/scratch/project_2005047/explainability/data_groundtruth/bcms/setimes_large/iter_folds/iter10/dev_iter10_fold10_features.jsonl,20438,7.627,14.133,63.949,23.15,58.636,shibboleth/models/bcms_setimes/iter10/model_fold10/loo_results.txt,10705144958.5,0.0,0.586,bcms,loo_token.jsonl
/scratch/project_2006235/shibboleth/models/bcms_setimes/iter10/model_fold10/shap_token.jsonl,/scratch/project_2005047/explainability/data_groundtruth/bcms/setimes_large/iter_folds/iter10/dev_iter10_fold10_features.jsonl,20438,9.025,14.317,75.668,24.078,62.352,shibboleth/models/bcms_setimes/iter10/model_fold10/shap_results.txt,11383552851.5,0.0,0.624,bcms,shap_token.jsonl
/scratch/project_2006235/shibboleth/models/bcms_setimes/iter10/model_fold1/lime_token.jsonl,/scratch/project_2005047/explainability/data_groundtruth/bcms/setimes_large/iter_folds/iter10/dev_iter10_fold1_features.jsonl,20440,9.66,15.479,77.578,25.809,62.544,shibboleth/models/bcms_setimes/iter10/model_fold1/lime_results.txt,11899573535.0,0.0,0.625,bcms,lime_token.jsonl
/scratch/project_2006235/shibboleth/models/bcms_setimes/iter10/model_fold1/ig_token.jsonl,/scratch/project_2005047/explainability/data_groundtruth/bcms/setimes_large/iter_folds/iter10/dev_iter10_fold1_features.jsonl,20440,6.322,12.109,53.062,19.718,51.396,shibboleth/models/bcms_setimes/iter10/model_fold1/ig_results.txt,9272373015.0,2.812e-24,0.514,bcms,ig_token.jsonl
/scratch/project_2006235/shibboleth/models/bcms_setimes/iter10/model_fold1/loo_token.jsonl,/scratch/project_2005047/explainability/data_groundtruth/bcms/setimes_large/iter_folds/iter10/dev_iter10_fold1_features.jsonl,20440,7.309,14.229,61.349,23.1,56.681,shibboleth/models/bcms_setimes/iter10/model_fold1/loo_results.txt,10225869551.0,0.0,0.567,bcms,loo_token.jsonl
/scratch/project_2006235/shibboleth/models/bcms_setimes/iter10/model_fold1/shap_token.jsonl,/scratch/project_2005047/explainability/data_groundtruth/bcms/setimes_large/iter_folds/iter10/dev_iter10_fold1_features.jsonl,20440,9.388,14.734,78.796,24.826,64.461,shibboleth/models/bcms_setimes/iter10/model_fold1/shap_results.txt,11629446506.0,0.0,0.645,bcms,shap_token.jsonl
/scratch/project_2006235/shibboleth/models/bcms_setimes/iter10/model_fold6/lime_token.jsonl,/scratch/project_2005047/explainability/data_groundtruth/bcms/setimes_large/iter_folds/iter10/dev_iter10_fold6_features.jsonl,20439,9.575,15.538,76.589,25.835,62.918,shibboleth/models/bcms_setimes/iter10/model_fold6/lime_results.txt,12257654575.0,0.0,0.629,bcms,lime_token.jsonl
/scratch/project_2006235/shibboleth/models/bcms_setimes/iter10/model_fold6/ig_token.jsonl,/scratch/project_2005047/explainability/data_groundtruth/bcms/setimes_large/iter_folds/iter10/dev_iter10_fold6_features.jsonl,20439,8.134,13.65,67.854,22.728,58.792,shibboleth/models/bcms_setimes/iter10/model_fold6/ig_results.txt,10880824547.5,0.0,0.588,bcms,ig_token.jsonl
/scratch/project_2006235/shibboleth/models/bcms_setimes/iter10/model_fold6/loo_token.jsonl,/scratch/project_2005047/explainability/data_groundtruth/bcms/setimes_large/iter_folds/iter10/dev_iter10_fold6_features.jsonl,20439,4.505,13.428,37.579,19.786,49.915,shibboleth/models/bcms_setimes/iter10/model_fold6/loo_results.txt,9238070702.5,0.7328,0.499,bcms,loo_token.jsonl
/scratch/project_2006235/shibboleth/models/bcms_setimes/iter10/model_fold6/shap_token.jsonl,/scratch/project_2005047/explainability/data_groundtruth/bcms/setimes_large/iter_folds/iter10/dev_iter10_fold6_features.jsonl,20439,9.481,14.614,79.096,24.669,64.784,shibboleth/models/bcms_setimes/iter10/model_fold6/shap_results.txt,11989801597.0,0.0,0.648,bcms,shap_token.jsonl
/scratch/project_2006235/shibboleth/models/bcms_setimes/iter10/model_fold8/lime_token.jsonl,/scratch/project_2005047/explainability/data_groundtruth/bcms/setimes_large/iter_folds/iter10/dev_iter10_fold8_features.jsonl,20438,9.473,15.32,77.336,25.574,62.479,shibboleth/models/bcms_setimes/iter10/model_fold8/lime_results.txt,11775066031.0,0.0,0.625,bcms,lime_token.jsonl
/scratch/project_2006235/shibboleth/models/bcms_setimes/iter10/model_fold8/ig_token.jsonl,/scratch/project_2005047/explainability/data_groundtruth/bcms/setimes_large/iter_folds/iter10/dev_iter10_fold8_features.jsonl,20438,6.93,12.859,58.832,21.104,55.264,shibboleth/models/bcms_setimes/iter10/model_fold8/ig_results.txt,9928917241.0,0.0,0.553,bcms,ig_token.jsonl
/scratch/project_2006235/shibboleth/models/bcms_setimes/iter10/model_fold8/loo_token.jsonl,/scratch/project_2005047/explainability/data_groundtruth/bcms/setimes_large/iter_folds/iter10/dev_iter10_fold8_features.jsonl,20438,4.397,17.783,37.331,24.09,58.495,shibboleth/models/bcms_setimes/iter10/model_fold8/loo_results.txt,10509392568.0,0.0,0.585,bcms,loo_token.jsonl
/scratch/project_2006235/shibboleth/models/bcms_setimes/iter10/model_fold8/shap_token.jsonl,/scratch/project_2005047/explainability/data_groundtruth/bcms/setimes_large/iter_folds/iter10/dev_iter10_fold8_features.jsonl,20438,9.206,14.619,78.154,24.631,63.846,shibboleth/models/bcms_setimes/iter10/model_fold8/shap_results.txt,11470688677.5,0.0,0.638,bcms,shap_token.jsonl
/scratch/project_2006235/shibboleth/models/bcms_setimes/iter10/model_fold4/lime_token.jsonl,/scratch/project_2005047/explainability/data_groundtruth/bcms/setimes_large/iter_folds/iter10/dev_iter10_fold4_features.jsonl,20439,9.54,15.269,76.865,25.476,62.46,shibboleth/models/bcms_setimes/iter10/model_fold4/lime_results.txt,12076386191.0,0.0,0.625,bcms,lime_token.jsonl
/scratch/project_2006235/shibboleth/models/bcms_setimes/iter10/model_fold4/ig_token.jsonl,/scratch/project_2005047/explainability/data_groundtruth/bcms/setimes_large/iter_folds/iter10/dev_iter10_fold4_features.jsonl,20439,8.157,13.753,68.366,22.899,59.504,shibboleth/models/bcms_setimes/iter10/model_fold4/ig_results.txt,10961656792.5,0.0,0.595,bcms,ig_token.jsonl
/scratch/project_2006235/shibboleth/models/bcms_setimes/iter10/model_fold4/loo_token.jsonl,/scratch/project_2005047/explainability/data_groundtruth/bcms/setimes_large/iter_folds/iter10/dev_iter10_fold4_features.jsonl,20439,3.727,14.825,31.235,20.107,54.677,shibboleth/models/bcms_setimes/iter10/model_fold4/loo_results.txt,10072531558.5,0.0,0.547,bcms,loo_token.jsonl
/scratch/project_2006235/shibboleth/models/bcms_setimes/iter10/model_fold4/shap_token.jsonl,/scratch/project_2005047/explainability/data_groundtruth/bcms/setimes_large/iter_folds/iter10/dev_iter10_fold4_features.jsonl,20439,9.445,14.951,79.169,25.152,63.136,shibboleth/models/bcms_setimes/iter10/model_fold4/shap_results.txt,11630700212.0,0.0,0.631,bcms,shap_token.jsonl
/scratch/project_2006235/shibboleth/models/bcms_setimes/iter10/model_fold7/lime_token.jsonl,/scratch/project_2005047/explainability/data_groundtruth/bcms/setimes_large/iter_folds/iter10/dev_iter10_fold7_features.jsonl,20439,9.446,15.269,77.029,25.486,63.203,shibboleth/models/bcms_setimes/iter10/model_fold7/lime_results.txt,12081830847.0,0.0,0.632,bcms,lime_token.jsonl
/scratch/project_2006235/shibboleth/models/bcms_setimes/iter10/model_fold7/ig_token.jsonl,/scratch/project_2005047/explainability/data_groundtruth/bcms/setimes_large/iter_folds/iter10/dev_iter10_fold7_features.jsonl,20439,7.993,13.218,67.833,22.125,58.745,shibboleth/models/bcms_setimes/iter10/model_fold7/ig_results.txt,10696363587.5,0.0,0.587,bcms,ig_token.jsonl
/scratch/project_2006235/shibboleth/models/bcms_setimes/iter10/model_fold7/loo_token.jsonl,/scratch/project_2005047/explainability/data_groundtruth/bcms/setimes_large/iter_folds/iter10/dev_iter10_fold7_features.jsonl,20439,4.931,11.064,41.846,17.5,48.458,shibboleth/models/bcms_setimes/iter10/model_fold7/loo_results.txt,8823304806.0,1.0,0.485,bcms,loo_token.jsonl
/scratch/project_2006235/shibboleth/models/bcms_setimes/iter10/model_fold7/shap_token.jsonl,/scratch/project_2005047/explainability/data_groundtruth/bcms/setimes_large/iter_folds/iter10/dev_iter10_fold7_features.jsonl,20439,9.348,14.368,79.33,24.33,66.083,shibboleth/models/bcms_setimes/iter10/model_fold7/shap_results.txt,12032622262.5,0.0,0.661,bcms,shap_token.jsonl
/scratch/project_2006235/shibboleth/models/bcms_setimes/iter10/model_fold3/lime_token.jsonl,/scratch/project_2005047/explainability/data_groundtruth/bcms/setimes_large/iter_folds/iter10/dev_iter10_fold3_features.jsonl,20439,9.332,15.321,74.671,25.426,63.224,shibboleth/models/bcms_setimes/iter10/model_fold3/lime_results.txt,12456018953.0,0.0,0.632,bcms,lime_token.jsonl
/scratch/project_2006235/shibboleth/models/bcms_setimes/iter10/model_fold3/ig_token.jsonl,/scratch/project_2005047/explainability/data_groundtruth/bcms/setimes_large/iter_folds/iter10/dev_iter10_fold3_features.jsonl,20439,7.899,12.792,65.865,21.424,54.88,shibboleth/models/bcms_setimes/iter10/model_fold3/ig_results.txt,10283070351.0,2.998e-279,0.549,bcms,ig_token.jsonl
/scratch/project_2006235/shibboleth/models/bcms_setimes/iter10/model_fold3/loo_token.jsonl,/scratch/project_2005047/explainability/data_groundtruth/bcms/setimes_large/iter_folds/iter10/dev_iter10_fold3_features.jsonl,20439,3.844,10.337,32.053,15.633,44.286,shibboleth/models/bcms_setimes/iter10/model_fold3/loo_results.txt,8298060116.0,1.0,0.443,bcms,loo_token.jsonl
/scratch/project_2006235/shibboleth/models/bcms_setimes/iter10/model_fold3/shap_token.jsonl,/scratch/project_2005047/explainability/data_groundtruth/bcms/setimes_large/iter_folds/iter10/dev_iter10_fold3_features.jsonl,20439,9.372,14.49,78.155,24.448,63.059,shibboleth/models/bcms_setimes/iter10/model_fold3/shap_results.txt,11815651398.0,0.0,0.631,bcms,shap_token.jsonl
/scratch/project_2006235/shibboleth/models/bcms_setimes/iter10/model_fold9/lime_token.jsonl,/scratch/project_2005047/explainability/data_groundtruth/bcms/setimes_large/iter_folds/iter10/dev_iter10_fold9_features.jsonl,20438,9.466,15.449,75.789,25.666,62.972,shibboleth/models/bcms_setimes/iter10/model_fold9/lime_results.txt,12369355011.0,0.0,0.63,bcms,lime_token.jsonl
/scratch/project_2006235/shibboleth/models/bcms_setimes/iter10/model_fold9/ig_token.jsonl,/scratch/project_2005047/explainability/data_groundtruth/bcms/setimes_large/iter_folds/iter10/dev_iter10_fold9_features.jsonl,20438,7.597,12.317,63.557,20.635,53.054,shibboleth/models/bcms_setimes/iter10/model_fold9/ig_results.txt,9879713907.5,2.701e-110,0.531,bcms,ig_token.jsonl
/scratch/project_2006235/shibboleth/models/bcms_setimes/iter10/model_fold9/loo_token.jsonl,/scratch/project_2005047/explainability/data_groundtruth/bcms/setimes_large/iter_folds/iter10/dev_iter10_fold9_features.jsonl,20438,7.431,13.676,62.171,22.42,56.139,shibboleth/models/bcms_setimes/iter10/model_fold9/loo_results.txt,10454221342.0,0.0,0.561,bcms,loo_token.jsonl
/scratch/project_2006235/shibboleth/models/bcms_setimes/iter10/model_fold9/shap_token.jsonl,/scratch/project_2005047/explainability/data_groundtruth/bcms/setimes_large/iter_folds/iter10/dev_iter10_fold9_features.jsonl,20438,9.479,14.761,79.306,24.889,64.775,shibboleth/models/bcms_setimes/iter10/model_fold9/shap_results.txt,12062465790.5,0.0,0.648,bcms,shap_token.jsonl
/scratch/project_2006235/shibboleth/models/bcms_setimes/iter4/model_fold5/lime_token.jsonl,/scratch/project_2005047/explainability/data_groundtruth/bcms/setimes_large/iter_folds/iter4/dev_iter4_fold5_features.jsonl,20439,9.63,15.212,77.639,25.439,62.796,shibboleth/models/bcms_setimes/iter4/model_fold5/lime_results.txt,12158266306.0,0.0,0.628,bcms,lime_token.jsonl
/scratch/project_2006235/shibboleth/models/bcms_setimes/iter4/model_fold5/ig_token.jsonl,/scratch/project_2005047/explainability/data_groundtruth/bcms/setimes_large/iter_folds/iter4/dev_iter4_fold5_features.jsonl,20439,7.447,13.256,62.703,21.885,56.532,shibboleth/models/bcms_setimes/iter4/model_fold5/ig_results.txt,10386467620.0,0.0,0.565,bcms,ig_token.jsonl
/scratch/project_2006235/shibboleth/models/bcms_setimes/iter4/model_fold5/loo_token.jsonl,/scratch/project_2005047/explainability/data_groundtruth/bcms/setimes_large/iter_folds/iter4/dev_iter4_fold5_features.jsonl,20439,4.021,16.743,33.86,22.407,54.934,shibboleth/models/bcms_setimes/iter4/model_fold5/loo_results.txt,10092844969.0,0.0,0.549,bcms,loo_token.jsonl
/scratch/project_2006235/shibboleth/models/bcms_setimes/iter4/model_fold5/shap_token.jsonl,/scratch/project_2005047/explainability/data_groundtruth/bcms/setimes_large/iter_folds/iter4/dev_iter4_fold5_features.jsonl,20439,9.419,14.626,79.311,24.697,62.654,shibboleth/models/bcms_setimes/iter4/model_fold5/shap_results.txt,11511291279.5,0.0,0.627,bcms,shap_token.jsonl
/scratch/project_2006235/shibboleth/models/bcms_setimes/iter4/model_fold2/lime_token.jsonl,/scratch/project_2005047/explainability/data_groundtruth/bcms/setimes_large/iter_folds/iter4/dev_iter4_fold2_features.jsonl,20440,9.655,15.178,77.738,25.397,62.713,shibboleth/models/bcms_setimes/iter4/model_fold2/lime_results.txt,12098922048.0,0.0,0.627,bcms,lime_token.jsonl
/scratch/project_2006235/shibboleth/models/bcms_setimes/iter4/model_fold2/ig_token.jsonl,/scratch/project_2005047/explainability/data_groundtruth/bcms/setimes_large/iter_folds/iter4/dev_iter4_fold2_features.jsonl,20440,8.149,13.115,68.385,22.009,56.752,shibboleth/models/bcms_setimes/iter4/model_fold2/ig_results.txt,10410755868.0,0.0,0.568,bcms,ig_token.jsonl
/scratch/project_2006235/shibboleth/models/bcms_setimes/iter4/model_fold2/loo_token.jsonl,/scratch/project_2005047/explainability/data_groundtruth/bcms/setimes_large/iter_folds/iter4/dev_iter4_fold2_features.jsonl,20440,2.537,14.548,21.292,17.286,53.5,shibboleth/models/bcms_setimes/iter4/model_fold2/loo_results.txt,9814191704.0,2.394e-241,0.535,bcms,loo_token.jsonl
/scratch/project_2006235/shibboleth/models/bcms_setimes/iter4/model_fold2/shap_token.jsonl,/scratch/project_2005047/explainability/data_groundtruth/bcms/setimes_large/iter_folds/iter4/dev_iter4_fold2_features.jsonl,20440,9.237,14.3,77.517,24.145,61.762,shibboleth/models/bcms_setimes/iter4/model_fold2/shap_results.txt,11329878429.0,0.0,0.618,bcms,shap_token.jsonl
/scratch/project_2006235/shibboleth/models/bcms_setimes/iter4/model_fold10/lime_token.jsonl,/scratch/project_2005047/explainability/data_groundtruth/bcms/setimes_large/iter_folds/iter4/dev_iter4_fold10_features.jsonl,20438,9.499,15.613,76.314,25.923,62.705,shibboleth/models/bcms_setimes/iter4/model_fold10/lime_results.txt,12097876338.0,0.0,0.627,bcms,lime_token.jsonl
/scratch/project_2006235/shibboleth/models/bcms_setimes/iter4/model_fold10/ig_token.jsonl,/scratch/project_2005047/explainability/data_groundtruth/bcms/setimes_large/iter_folds/iter4/dev_iter4_fold10_features.jsonl,20438,6.874,12.833,57.594,20.989,54.716,shibboleth/models/bcms_setimes/iter4/model_fold10/ig_results.txt,10030404533.0,1.179e-257,0.547,bcms,ig_token.jsonl
/scratch/project_2006235/shibboleth/models/bcms_setimes/iter4/model_fold10/loo_token.jsonl,/scratch/project_2005047/explainability/data_groundtruth/bcms/setimes_large/iter_folds/iter4/dev_iter4_fold10_features.jsonl,20438,7.295,12.336,61.121,20.529,51.607,shibboleth/models/bcms_setimes/iter4/model_fold10/loo_results.txt,9460489020.0,6.911e-32,0.516,bcms,loo_token.jsonl
/scratch/project_2006235/shibboleth/models/bcms_setimes/iter4/model_fold10/shap_token.jsonl,/scratch/project_2005047/explainability/data_groundtruth/bcms/setimes_large/iter_folds/iter4/dev_iter4_fold10_features.jsonl,20438,9.363,14.581,78.446,24.591,62.04,shibboleth/models/bcms_setimes/iter4/model_fold10/shap_results.txt,11373024879.5,0.0,0.62,bcms,shap_token.jsonl
/scratch/project_2006235/shibboleth/models/bcms_setimes/iter4/model_fold1/lime_token.jsonl,/scratch/project_2005047/explainability/data_groundtruth/bcms/setimes_large/iter_folds/iter4/dev_iter4_fold1_features.jsonl,20440,9.487,15.423,76.984,25.698,63.024,shibboleth/models/bcms_setimes/iter4/model_fold1/lime_results.txt,12117475847.0,0.0,0.63,bcms,lime_token.jsonl
/scratch/project_2006235/shibboleth/models/bcms_setimes/iter4/model_fold1/ig_token.jsonl,/scratch/project_2005047/explainability/data_groundtruth/bcms/setimes_large/iter_folds/iter4/dev_iter4_fold1_features.jsonl,20440,7.77,13.144,65.754,21.909,56.894,shibboleth/models/bcms_setimes/iter4/model_fold1/ig_results.txt,10396464289.0,0.0,0.569,bcms,ig_token.jsonl
/scratch/project_2006235/shibboleth/models/bcms_setimes/iter4/model_fold1/loo_token.jsonl,/scratch/project_2005047/explainability/data_groundtruth/bcms/setimes_large/iter_folds/iter4/dev_iter4_fold1_features.jsonl,20440,6.594,13.331,55.8,21.521,55.481,shibboleth/models/bcms_setimes/iter4/model_fold1/loo_results.txt,10138422667.0,0.0,0.555,bcms,loo_token.jsonl
/scratch/project_2006235/shibboleth/models/bcms_setimes/iter4/model_fold1/shap_token.jsonl,/scratch/project_2005047/explainability/data_groundtruth/bcms/setimes_large/iter_folds/iter4/dev_iter4_fold1_features.jsonl,20440,9.327,14.768,78.934,24.881,64.549,shibboleth/models/bcms_setimes/iter4/model_fold1/shap_results.txt,11795413603.0,0.0,0.645,bcms,shap_token.jsonl
/scratch/project_2006235/shibboleth/models/bcms_setimes/iter4/model_fold6/lime_token.jsonl,/scratch/project_2005047/explainability/data_groundtruth/bcms/setimes_large/iter_folds/iter4/dev_iter4_fold6_features.jsonl,20439,9.588,15.613,77.074,25.966,62.473,shibboleth/models/bcms_setimes/iter4/model_fold6/lime_results.txt,12158617254.0,0.0,0.625,bcms,lime_token.jsonl
/scratch/project_2006235/shibboleth/models/bcms_setimes/iter4/model_fold6/ig_token.jsonl,/scratch/project_2005047/explainability/data_groundtruth/bcms/setimes_large/iter_folds/iter4/dev_iter4_fold6_features.jsonl,20439,7.767,12.269,65.058,20.645,53.681,shibboleth/models/bcms_setimes/iter4/model_fold6/ig_results.txt,9933088766.5,1.258e-158,0.537,bcms,ig_token.jsonl
/scratch/project_2006235/shibboleth/models/bcms_setimes/iter4/model_fold6/loo_token.jsonl,/scratch/project_2005047/explainability/data_groundtruth/bcms/setimes_large/iter_folds/iter4/dev_iter4_fold6_features.jsonl,20439,5.352,11.674,44.834,18.524,48.445,shibboleth/models/bcms_setimes/iter4/model_fold6/loo_results.txt,8964192527.5,1.0,0.484,bcms,loo_token.jsonl
/scratch/project_2006235/shibboleth/models/bcms_setimes/iter4/model_fold6/shap_token.jsonl,/scratch/project_2005047/explainability/data_groundtruth/bcms/setimes_large/iter_folds/iter4/dev_iter4_fold6_features.jsonl,20439,9.509,14.91,79.652,25.118,64.085,shibboleth/models/bcms_setimes/iter4/model_fold6/shap_results.txt,11858380102.0,0.0,0.641,bcms,shap_token.jsonl
/scratch/project_2006235/shibboleth/models/bcms_setimes/iter4/model_fold8/lime_token.jsonl,/scratch/project_2005047/explainability/data_groundtruth/bcms/setimes_large/iter_folds/iter4/dev_iter4_fold8_features.jsonl,20438,9.505,15.642,77.148,26.01,63.248,shibboleth/models/bcms_setimes/iter4/model_fold8/lime_results.txt,12034674007.0,0.0,0.632,bcms,lime_token.jsonl
/scratch/project_2006235/shibboleth/models/bcms_setimes/iter4/model_fold8/ig_token.jsonl,/scratch/project_2005047/explainability/data_groundtruth/bcms/setimes_large/iter_folds/iter4/dev_iter4_fold8_features.jsonl,20438,8.032,13.082,67.936,21.939,57.215,shibboleth/models/bcms_setimes/iter4/model_fold8/ig_results.txt,10352730117.0,0.0,0.572,bcms,ig_token.jsonl
/scratch/project_2006235/shibboleth/models/bcms_setimes/iter4/model_fold8/loo_token.jsonl,/scratch/project_2005047/explainability/data_groundtruth/bcms/setimes_large/iter_folds/iter4/dev_iter4_fold8_features.jsonl,20438,7.694,13.271,65.078,22.046,54.692,shibboleth/models/bcms_setimes/iter4/model_fold8/loo_results.txt,9896161783.0,1.999e-253,0.547,bcms,loo_token.jsonl
/scratch/project_2006235/shibboleth/models/bcms_setimes/iter4/model_fold8/shap_token.jsonl,/scratch/project_2005047/explainability/data_groundtruth/bcms/setimes_large/iter_folds/iter4/dev_iter4_fold8_features.jsonl,20438,9.111,13.928,77.067,23.593,62.592,shibboleth/models/bcms_setimes/iter4/model_fold8/shap_results.txt,11325620646.0,0.0,0.626,bcms,shap_token.jsonl
/scratch/project_2006235/shibboleth/models/bcms_setimes/iter4/model_fold4/lime_token.jsonl,/scratch/project_2005047/explainability/data_groundtruth/bcms/setimes_large/iter_folds/iter4/dev_iter4_fold4_features.jsonl,20439,9.659,15.617,77.549,25.999,62.4,shibboleth/models/bcms_setimes/iter4/model_fold4/lime_results.txt,12231759027.0,0.0,0.624,bcms,lime_token.jsonl
/scratch/project_2006235/shibboleth/models/bcms_setimes/iter4/model_fold4/ig_token.jsonl,/scratch/project_2005047/explainability/data_groundtruth/bcms/setimes_large/iter_folds/iter4/dev_iter4_fold4_features.jsonl,20439,7.923,13.539,66.456,22.495,58.422,shibboleth/models/bcms_setimes/iter4/model_fold4/ig_results.txt,10862071592.5,0.0,0.584,bcms,ig_token.jsonl
/scratch/project_2006235/shibboleth/models/bcms_setimes/iter4/model_fold4/loo_token.jsonl,/scratch/project_2005047/explainability/data_groundtruth/bcms/setimes_large/iter_folds/iter4/dev_iter4_fold4_features.jsonl,20439,3.963,17.173,33.244,22.647,55.121,shibboleth/models/bcms_setimes/iter4/model_fold4/loo_results.txt,10248428933.0,0.0,0.551,bcms,loo_token.jsonl
/scratch/project_2006235/shibboleth/models/bcms_setimes/iter4/model_fold4/shap_token.jsonl,/scratch/project_2005047/explainability/data_groundtruth/bcms/setimes_large/iter_folds/iter4/dev_iter4_fold4_features.jsonl,20439,9.066,13.989,76.046,23.631,60.905,shibboleth/models/bcms_setimes/iter4/model_fold4/shap_results.txt,11323695490.0,0.0,0.609,bcms,shap_token.jsonl
/scratch/project_2006235/shibboleth/models/bcms_setimes/iter4/model_fold7/lime_token.jsonl,/scratch/project_2005047/explainability/data_groundtruth/bcms/setimes_large/iter_folds/iter4/dev_iter4_fold7_features.jsonl,20439,9.551,15.481,76.991,25.778,62.564,shibboleth/models/bcms_setimes/iter4/model_fold7/lime_results.txt,12105427738.0,0.0,0.626,bcms,lime_token.jsonl
/scratch/project_2006235/shibboleth/models/bcms_setimes/iter4/model_fold7/ig_token.jsonl,/scratch/project_2005047/explainability/data_groundtruth/bcms/setimes_large/iter_folds/iter4/dev_iter4_fold7_features.jsonl,20439,7.756,12.287,65.082,20.671,53.527,shibboleth/models/bcms_setimes/iter4/model_fold7/ig_results.txt,9859308150.5,1.959e-145,0.535,bcms,ig_token.jsonl
/scratch/project_2006235/shibboleth/models/bcms_setimes/iter4/model_fold7/loo_token.jsonl,/scratch/project_2005047/explainability/data_groundtruth/bcms/setimes_large/iter_folds/iter4/dev_iter4_fold7_features.jsonl,20439,4.012,12.045,33.667,17.742,50.324,shibboleth/models/bcms_setimes/iter4/model_fold7/loo_results.txt,9269308174.5,0.005257,0.503,bcms,loo_token.jsonl
/scratch/project_2006235/shibboleth/models/bcms_setimes/iter4/model_fold7/shap_token.jsonl,/scratch/project_2005047/explainability/data_groundtruth/bcms/setimes_large/iter_folds/iter4/dev_iter4_fold7_features.jsonl,20439,9.401,14.945,78.892,25.13,63.551,shibboleth/models/bcms_setimes/iter4/model_fold7/shap_results.txt,11705512844.0,0.0,0.636,bcms,shap_token.jsonl
/scratch/project_2006235/shibboleth/models/bcms_setimes/iter4/model_fold3/lime_token.jsonl,/scratch/project_2005047/explainability/data_groundtruth/bcms/setimes_large/iter_folds/iter4/dev_iter4_fold3_features.jsonl,20439,9.544,15.558,76.711,25.869,62.616,shibboleth/models/bcms_setimes/iter4/model_fold3/lime_results.txt,12074317347.0,0.0,0.626,bcms,lime_token.jsonl
/scratch/project_2006235/shibboleth/models/bcms_setimes/iter4/model_fold3/ig_token.jsonl,/scratch/project_2005047/explainability/data_groundtruth/bcms/setimes_large/iter_folds/iter4/dev_iter4_fold3_features.jsonl,20439,8.155,13.263,68.198,22.207,57.615,shibboleth/models/bcms_setimes/iter4/model_fold3/ig_results.txt,10583411535.5,0.0,0.576,bcms,ig_token.jsonl
/scratch/project_2006235/shibboleth/models/bcms_setimes/iter4/model_fold3/loo_token.jsonl,/scratch/project_2005047/explainability/data_groundtruth/bcms/setimes_large/iter_folds/iter4/dev_iter4_fold3_features.jsonl,20439,5.617,15.829,46.967,23.678,58.384,shibboleth/models/bcms_setimes/iter4/model_fold3/loo_results.txt,10724580156.0,0.0,0.584,bcms,loo_token.jsonl
/scratch/project_2006235/shibboleth/models/bcms_setimes/iter4/model_fold3/shap_token.jsonl,/scratch/project_2005047/explainability/data_groundtruth/bcms/setimes_large/iter_folds/iter4/dev_iter4_fold3_features.jsonl,20439,9.315,14.224,77.897,24.055,63.248,shibboleth/models/bcms_setimes/iter4/model_fold3/shap_results.txt,11618062803.0,0.0,0.632,bcms,shap_token.jsonl
/scratch/project_2006235/shibboleth/models/bcms_setimes/iter4/model_fold9/lime_token.jsonl,/scratch/project_2005047/explainability/data_groundtruth/bcms/setimes_large/iter_folds/iter4/dev_iter4_fold9_features.jsonl,20438,9.549,15.518,77.277,25.846,62.759,shibboleth/models/bcms_setimes/iter4/model_fold9/lime_results.txt,11937918514.0,0.0,0.628,bcms,lime_token.jsonl
/scratch/project_2006235/shibboleth/models/bcms_setimes/iter4/model_fold9/ig_token.jsonl,/scratch/project_2005047/explainability/data_groundtruth/bcms/setimes_large/iter_folds/iter4/dev_iter4_fold9_features.jsonl,20438,7.671,13.105,64.707,21.795,56.213,shibboleth/models/bcms_setimes/iter4/model_fold9/ig_results.txt,10169281556.0,0.0,0.562,bcms,ig_token.jsonl
/scratch/project_2006235/shibboleth/models/bcms_setimes/iter4/model_fold9/loo_token.jsonl,/scratch/project_2005047/explainability/data_groundtruth/bcms/setimes_large/iter_folds/iter4/dev_iter4_fold9_features.jsonl,20438,6.085,17.407,51.329,25.997,61.548,shibboleth/models/bcms_setimes/iter4/model_fold9/loo_results.txt,11134262953.5,0.0,0.615,bcms,loo_token.jsonl
/scratch/project_2006235/shibboleth/models/bcms_setimes/iter4/model_fold9/shap_token.jsonl,/scratch/project_2005047/explainability/data_groundtruth/bcms/setimes_large/iter_folds/iter4/dev_iter4_fold9_features.jsonl,20438,9.558,14.931,80.621,25.195,66.204,shibboleth/models/bcms_setimes/iter4/model_fold9/shap_results.txt,11976627721.5,0.0,0.662,bcms,shap_token.jsonl
/scratch/project_2006235/shibboleth/models/bcms_setimes/iter9/model_fold5/lime_token.jsonl,/scratch/project_2005047/explainability/data_groundtruth/bcms/setimes_large/iter_folds/iter9/dev_iter9_fold5_features.jsonl,20439,9.483,15.452,76.465,25.709,62.455,shibboleth/models/bcms_setimes/iter9/model_fold5/lime_results.txt,12073021212.0,0.0,0.625,bcms,lime_token.jsonl
/scratch/project_2006235/shibboleth/models/bcms_setimes/iter9/model_fold5/ig_token.jsonl,/scratch/project_2005047/explainability/data_groundtruth/bcms/setimes_large/iter_folds/iter9/dev_iter9_fold5_features.jsonl,20439,8.225,12.961,69.215,21.834,57.152,shibboleth/models/bcms_setimes/iter9/model_fold5/ig_results.txt,10489398329.5,0.0,0.572,bcms,ig_token.jsonl
/scratch/project_2006235/shibboleth/models/bcms_setimes/iter9/model_fold5/loo_token.jsonl,/scratch/project_2005047/explainability/data_groundtruth/bcms/setimes_large/iter_folds/iter9/dev_iter9_fold5_features.jsonl,20439,6.524,15.526,54.903,24.206,59.202,shibboleth/models/bcms_setimes/iter9/model_fold5/loo_results.txt,10865579079.0,0.0,0.592,bcms,loo_token.jsonl
/scratch/project_2006235/shibboleth/models/bcms_setimes/iter9/model_fold5/shap_token.jsonl,/scratch/project_2005047/explainability/data_groundtruth/bcms/setimes_large/iter_folds/iter9/dev_iter9_fold5_features.jsonl,20439,9.121,14.267,76.756,24.062,60.244,shibboleth/models/bcms_setimes/iter9/model_fold5/shap_results.txt,11056890103.5,0.0,0.602,bcms,shap_token.jsonl
/scratch/project_2006235/shibboleth/models/bcms_setimes/iter9/model_fold2/lime_token.jsonl,/scratch/project_2005047/explainability/data_groundtruth/bcms/setimes_large/iter_folds/iter9/dev_iter9_fold2_features.jsonl,20440,9.615,15.375,77.616,25.666,62.673,shibboleth/models/bcms_setimes/iter9/model_fold2/lime_results.txt,11979113719.0,0.0,0.627,bcms,lime_token.jsonl
/scratch/project_2006235/shibboleth/models/bcms_setimes/iter9/model_fold2/ig_token.jsonl,/scratch/project_2005047/explainability/data_groundtruth/bcms/setimes_large/iter_folds/iter9/dev_iter9_fold2_features.jsonl,20440,7.354,12.363,61.86,20.607,53.187,shibboleth/models/bcms_setimes/iter9/model_fold2/ig_results.txt,9668757521.5,3.053e-118,0.532,bcms,ig_token.jsonl
/scratch/project_2006235/shibboleth/models/bcms_setimes/iter9/model_fold2/loo_token.jsonl,/scratch/project_2005047/explainability/data_groundtruth/bcms/setimes_large/iter_folds/iter9/dev_iter9_fold2_features.jsonl,20440,3.727,16.743,31.352,21.829,56.724,shibboleth/models/bcms_setimes/iter9/model_fold2/loo_results.txt,10311743672.0,0.0,0.567,bcms,loo_token.jsonl
/scratch/project_2006235/shibboleth/models/bcms_setimes/iter9/model_fold2/shap_token.jsonl,/scratch/project_2005047/explainability/data_groundtruth/bcms/setimes_large/iter_folds/iter9/dev_iter9_fold2_features.jsonl,20440,9.346,14.266,78.62,24.151,61.074,shibboleth/models/bcms_setimes/iter9/model_fold2/shap_results.txt,11102545929.5,0.0,0.611,bcms,shap_token.jsonl
/scratch/project_2006235/shibboleth/models/bcms_setimes/iter9/model_fold10/lime_token.jsonl,/scratch/project_2005047/explainability/data_groundtruth/bcms/setimes_large/iter_folds/iter9/dev_iter9_fold10_features.jsonl,20438,9.559,15.475,77.298,25.787,63.074,shibboleth/models/bcms_setimes/iter9/model_fold10/lime_results.txt,12200913748.0,0.0,0.631,bcms,lime_token.jsonl
/scratch/project_2006235/shibboleth/models/bcms_setimes/iter9/model_fold10/ig_token.jsonl,/scratch/project_2005047/explainability/data_groundtruth/bcms/setimes_large/iter_folds/iter9/dev_iter9_fold10_features.jsonl,20438,6.784,12.47,57.085,20.468,53.021,shibboleth/models/bcms_setimes/iter9/model_fold10/ig_results.txt,9770437967.0,3.553e-107,0.53,bcms,ig_token.jsonl
/scratch/project_2006235/shibboleth/models/bcms_setimes/iter9/model_fold10/loo_token.jsonl,/scratch/project_2005047/explainability/data_groundtruth/bcms/setimes_large/iter_folds/iter9/dev_iter9_fold10_features.jsonl,20438,8.251,14.061,69.432,23.386,60.14,shibboleth/models/bcms_setimes/iter9/model_fold10/loo_results.txt,11082164914.0,0.0,0.601,bcms,loo_token.jsonl
/scratch/project_2006235/shibboleth/models/bcms_setimes/iter9/model_fold10/shap_token.jsonl,/scratch/project_2005047/explainability/data_groundtruth/bcms/setimes_large/iter_folds/iter9/dev_iter9_fold10_features.jsonl,20438,9.344,14.614,78.63,24.647,64.976,shibboleth/models/bcms_setimes/iter9/model_fold10/shap_results.txt,11973454799.0,0.0,0.65,bcms,shap_token.jsonl
/scratch/project_2006235/shibboleth/models/bcms_setimes/iter9/model_fold1/lime_token.jsonl,/scratch/project_2005047/explainability/data_groundtruth/bcms/setimes_large/iter_folds/iter9/dev_iter9_fold1_features.jsonl,20440,9.54,15.611,76.709,25.943,62.788,shibboleth/models/bcms_setimes/iter9/model_fold1/lime_results.txt,12153433998.0,0.0,0.628,bcms,lime_token.jsonl
/scratch/project_2006235/shibboleth/models/bcms_setimes/iter9/model_fold1/ig_token.jsonl,/scratch/project_2005047/explainability/data_groundtruth/bcms/setimes_large/iter_folds/iter9/dev_iter9_fold1_features.jsonl,20440,7.239,12.514,60.612,20.746,53.824,shibboleth/models/bcms_setimes/iter9/model_fold1/ig_results.txt,9913942713.0,1.166e-170,0.538,bcms,ig_token.jsonl
/scratch/project_2006235/shibboleth/models/bcms_setimes/iter9/model_fold1/loo_token.jsonl,/scratch/project_2005047/explainability/data_groundtruth/bcms/setimes_large/iter_folds/iter9/dev_iter9_fold1_features.jsonl,20440,7.427,14.138,62.18,23.037,57.596,shibboleth/models/bcms_setimes/iter9/model_fold1/loo_results.txt,10608787558.5,0.0,0.576,bcms,loo_token.jsonl
/scratch/project_2006235/shibboleth/models/bcms_setimes/iter9/model_fold1/shap_token.jsonl,/scratch/project_2005047/explainability/data_groundtruth/bcms/setimes_large/iter_folds/iter9/dev_iter9_fold1_features.jsonl,20440,9.484,14.295,79.408,24.229,64.273,shibboleth/models/bcms_setimes/iter9/model_fold1/shap_results.txt,11838583567.0,0.0,0.643,bcms,shap_token.jsonl
/scratch/project_2006235/shibboleth/models/bcms_setimes/iter9/model_fold6/lime_token.jsonl,/scratch/project_2005047/explainability/data_groundtruth/bcms/setimes_large/iter_folds/iter9/dev_iter9_fold6_features.jsonl,20439,9.391,15.741,75.536,26.053,62.642,shibboleth/models/bcms_setimes/iter9/model_fold6/lime_results.txt,12178377142.0,0.0,0.626,bcms,lime_token.jsonl
/scratch/project_2006235/shibboleth/models/bcms_setimes/iter9/model_fold6/ig_token.jsonl,/scratch/project_2005047/explainability/data_groundtruth/bcms/setimes_large/iter_folds/iter9/dev_iter9_fold6_features.jsonl,20439,7.626,12.854,64.039,21.41,55.565,shibboleth/models/bcms_setimes/iter9/model_fold6/ig_results.txt,10252707904.0,0.0,0.556,bcms,ig_token.jsonl
/scratch/project_2006235/shibboleth/models/bcms_setimes/iter9/model_fold6/loo_token.jsonl,/scratch/project_2005047/explainability/data_groundtruth/bcms/setimes_large/iter_folds/iter9/dev_iter9_fold6_features.jsonl,20439,5.92,14.536,49.715,22.494,56.52,shibboleth/models/bcms_setimes/iter9/model_fold6/loo_results.txt,10428854446.5,0.0,0.565,bcms,loo_token.jsonl
/scratch/project_2006235/shibboleth/models/bcms_setimes/iter9/model_fold6/shap_token.jsonl,/scratch/project_2005047/explainability/data_groundtruth/bcms/setimes_large/iter_folds/iter9/dev_iter9_fold6_features.jsonl,20439,9.46,14.962,79.438,25.182,65.163,shibboleth/models/bcms_setimes/iter9/model_fold6/shap_results.txt,12023579271.5,0.0,0.652,bcms,shap_token.jsonl
/scratch/project_2006235/shibboleth/models/bcms_setimes/iter9/model_fold8/lime_token.jsonl,/scratch/project_2005047/explainability/data_groundtruth/bcms/setimes_large/iter_folds/iter9/dev_iter9_fold8_features.jsonl,20438,9.36,15.487,74.364,25.636,62.444,shibboleth/models/bcms_setimes/iter9/model_fold8/lime_results.txt,12309292777.0,0.0,0.624,bcms,lime_token.jsonl
/scratch/project_2006235/shibboleth/models/bcms_setimes/iter9/model_fold8/ig_token.jsonl,/scratch/project_2005047/explainability/data_groundtruth/bcms/setimes_large/iter_folds/iter9/dev_iter9_fold8_features.jsonl,20438,8.456,13.338,70.228,22.418,57.775,shibboleth/models/bcms_setimes/iter9/model_fold8/ig_results.txt,10794136278.5,0.0,0.578,bcms,ig_token.jsonl
/scratch/project_2006235/shibboleth/models/bcms_setimes/iter9/model_fold8/loo_token.jsonl,/scratch/project_2005047/explainability/data_groundtruth/bcms/setimes_large/iter_folds/iter9/dev_iter9_fold8_features.jsonl,20438,5.184,9.808,43.053,15.977,42.978,shibboleth/models/bcms_setimes/iter9/model_fold8/loo_results.txt,8029629099.0,1.0,0.43,bcms,loo_token.jsonl
/scratch/project_2006235/shibboleth/models/bcms_setimes/iter9/model_fold8/shap_token.jsonl,/scratch/project_2005047/explainability/data_groundtruth/bcms/setimes_large/iter_folds/iter9/dev_iter9_fold8_features.jsonl,20438,9.354,14.557,77.687,24.519,62.44,shibboleth/models/bcms_setimes/iter9/model_fold8/shap_results.txt,11665863916.0,0.0,0.624,bcms,shap_token.jsonl
/scratch/project_2006235/shibboleth/models/bcms_setimes/iter9/model_fold4/lime_token.jsonl,/scratch/project_2005047/explainability/data_groundtruth/bcms/setimes_large/iter_folds/iter9/dev_iter9_fold4_features.jsonl,20439,9.683,15.544,78.216,25.934,62.95,shibboleth/models/bcms_setimes/iter9/model_fold4/lime_results.txt,12111428552.0,0.0,0.63,bcms,lime_token.jsonl
/scratch/project_2006235/shibboleth/models/bcms_setimes/iter9/model_fold4/ig_token.jsonl,/scratch/project_2005047/explainability/data_groundtruth/bcms/setimes_large/iter_folds/iter9/dev_iter9_fold4_features.jsonl,20439,7.693,12.857,64.706,21.452,56.801,shibboleth/models/bcms_setimes/iter9/model_fold4/ig_results.txt,10401256478.5,0.0,0.568,bcms,ig_token.jsonl
/scratch/project_2006235/shibboleth/models/bcms_setimes/iter9/model_fold4/loo_token.jsonl,/scratch/project_2005047/explainability/data_groundtruth/bcms/setimes_large/iter_folds/iter9/dev_iter9_fold4_features.jsonl,20439,6.679,14.294,56.18,22.79,57.179,shibboleth/models/bcms_setimes/iter9/model_fold4/loo_results.txt,10470534538.0,0.0,0.572,bcms,loo_token.jsonl
/scratch/project_2006235/shibboleth/models/bcms_setimes/iter9/model_fold4/shap_token.jsonl,/scratch/project_2005047/explainability/data_groundtruth/bcms/setimes_large/iter_folds/iter9/dev_iter9_fold4_features.jsonl,20439,9.487,14.82,79.799,24.998,65.077,shibboleth/models/bcms_setimes/iter9/model_fold4/shap_results.txt,11916726139.5,0.0,0.651,bcms,shap_token.jsonl
/scratch/project_2006235/shibboleth/models/bcms_setimes/iter9/model_fold7/lime_token.jsonl,/scratch/project_2005047/explainability/data_groundtruth/bcms/setimes_large/iter_folds/iter9/dev_iter9_fold7_features.jsonl,20439,9.533,15.617,76.6,25.944,62.559,shibboleth/models/bcms_setimes/iter9/model_fold7/lime_results.txt,12044606533.0,0.0,0.626,bcms,lime_token.jsonl
/scratch/project_2006235/shibboleth/models/bcms_setimes/iter9/model_fold7/ig_token.jsonl,/scratch/project_2005047/explainability/data_groundtruth/bcms/setimes_large/iter_folds/iter9/dev_iter9_fold7_features.jsonl,20439,8.112,13.39,68.082,22.378,58.626,shibboleth/models/bcms_setimes/iter9/model_fold7/ig_results.txt,10707747354.5,0.0,0.586,bcms,ig_token.jsonl
/scratch/project_2006235/shibboleth/models/bcms_setimes/iter9/model_fold7/loo_token.jsonl,/scratch/project_2005047/explainability/data_groundtruth/bcms/setimes_large/iter_folds/iter9/dev_iter9_fold7_features.jsonl,20439,8.91,13.558,74.783,22.954,59.279,shibboleth/models/bcms_setimes/iter9/model_fold7/loo_results.txt,10826995661.5,0.0,0.593,bcms,loo_token.jsonl
/scratch/project_2006235/shibboleth/models/bcms_setimes/iter9/model_fold7/shap_token.jsonl,/scratch/project_2005047/explainability/data_groundtruth/bcms/setimes_large/iter_folds/iter9/dev_iter9_fold7_features.jsonl,20439,9.242,14.152,77.564,23.936,61.518,shibboleth/models/bcms_setimes/iter9/model_fold7/shap_results.txt,11236009447.0,0.0,0.615,bcms,shap_token.jsonl
/scratch/project_2006235/shibboleth/models/bcms_setimes/iter9/model_fold3/lime_token.jsonl,/scratch/project_2005047/explainability/data_groundtruth/bcms/setimes_large/iter_folds/iter9/dev_iter9_fold3_features.jsonl,20439,9.592,15.457,78.551,25.831,63.22,shibboleth/models/bcms_setimes/iter9/model_fold3/lime_results.txt,12000961381.0,0.0,0.632,bcms,lime_token.jsonl
/scratch/project_2006235/shibboleth/models/bcms_setimes/iter9/model_fold3/ig_token.jsonl,/scratch/project_2005047/explainability/data_groundtruth/bcms/setimes_large/iter_folds/iter9/dev_iter9_fold3_features.jsonl,20439,7.713,12.944,65.783,21.631,57.277,shibboleth/models/bcms_setimes/iter9/model_fold3/ig_results.txt,10349296759.0,0.0,0.573,bcms,ig_token.jsonl
/scratch/project_2006235/shibboleth/models/bcms_setimes/iter9/model_fold3/loo_token.jsonl,/scratch/project_2005047/explainability/data_groundtruth/bcms/setimes_large/iter_folds/iter9/dev_iter9_fold3_features.jsonl,20439,7.16,13.342,61.064,21.899,57.227,shibboleth/models/bcms_setimes/iter9/model_fold3/loo_results.txt,10340266768.5,0.0,0.572,bcms,loo_token.jsonl
/scratch/project_2006235/shibboleth/models/bcms_setimes/iter9/model_fold3/shap_token.jsonl,/scratch/project_2005047/explainability/data_groundtruth/bcms/setimes_large/iter_folds/iter9/dev_iter9_fold3_features.jsonl,20439,9.317,14.421,79.457,24.411,63.467,shibboleth/models/bcms_setimes/iter9/model_fold3/shap_results.txt,11467766583.5,0.0,0.635,bcms,shap_token.jsonl
/scratch/project_2006235/shibboleth/models/bcms_setimes/iter9/model_fold9/lime_token.jsonl,/scratch/project_2005047/explainability/data_groundtruth/bcms/setimes_large/iter_folds/iter9/dev_iter9_fold9_features.jsonl,20438,8.695,15.19,70.32,24.983,60.867,shibboleth/models/bcms_setimes/iter9/model_fold9/lime_results.txt,11653159208.0,0.0,0.609,bcms,lime_token.jsonl
/scratch/project_2006235/shibboleth/models/bcms_setimes/iter9/model_fold9/ig_token.jsonl,/scratch/project_2005047/explainability/data_groundtruth/bcms/setimes_large/iter_folds/iter9/dev_iter9_fold9_features.jsonl,20438,7.218,12.897,60.759,21.278,55.413,shibboleth/models/bcms_setimes/iter9/model_fold9/ig_results.txt,10103158428.0,0.0,0.554,bcms,ig_token.jsonl
/scratch/project_2006235/shibboleth/models/bcms_setimes/iter9/model_fold9/loo_token.jsonl,/scratch/project_2005047/explainability/data_groundtruth/bcms/setimes_large/iter_folds/iter9/dev_iter9_fold9_features.jsonl,20438,5.098,13.698,42.917,20.767,52.059,shibboleth/models/bcms_setimes/iter9/model_fold9/loo_results.txt,9491563138.5,2.065e-51,0.521,bcms,loo_token.jsonl
/scratch/project_2006235/shibboleth/models/bcms_setimes/iter9/model_fold9/shap_token.jsonl,/scratch/project_2005047/explainability/data_groundtruth/bcms/setimes_large/iter_folds/iter9/dev_iter9_fold9_features.jsonl,20438,9.117,14.748,76.744,24.741,63.72,shibboleth/models/bcms_setimes/iter9/model_fold9/shap_results.txt,11617765846.0,0.0,0.637,bcms,shap_token.jsonl
/scratch/project_2006235/shibboleth/models/bcms_setimes/iter1/model_fold5/lime_token.jsonl,/scratch/project_2005047/explainability/data_groundtruth/bcms/setimes_large/iter_folds/iter1/dev_iter1_fold5_features.jsonl,20439,9.237,15.301,74.257,25.374,62.581,shibboleth/models/bcms_setimes/iter1/model_fold5/lime_results.txt,12139526952.0,0.0,0.626,bcms,lime_token.jsonl
/scratch/project_2006235/shibboleth/models/bcms_setimes/iter1/model_fold5/ig_token.jsonl,/scratch/project_2005047/explainability/data_groundtruth/bcms/setimes_large/iter_folds/iter1/dev_iter1_fold5_features.jsonl,20439,7.505,12.934,62.938,21.458,55.841,shibboleth/models/bcms_setimes/iter1/model_fold5/ig_results.txt,10290562328.5,0.0,0.558,bcms,ig_token.jsonl
/scratch/project_2006235/shibboleth/models/bcms_setimes/iter1/model_fold5/loo_token.jsonl,/scratch/project_2005047/explainability/data_groundtruth/bcms/setimes_large/iter_folds/iter1/dev_iter1_fold5_features.jsonl,20439,5.059,10.704,42.428,17.095,45.355,shibboleth/models/bcms_setimes/iter1/model_fold5/loo_results.txt,8358057521.5,1.0,0.454,bcms,loo_token.jsonl
/scratch/project_2006235/shibboleth/models/bcms_setimes/iter1/model_fold5/shap_token.jsonl,/scratch/project_2005047/explainability/data_groundtruth/bcms/setimes_large/iter_folds/iter1/dev_iter1_fold5_features.jsonl,20439,9.699,14.628,81.341,24.796,64.379,shibboleth/models/bcms_setimes/iter1/model_fold5/shap_results.txt,11863909213.0,0.0,0.644,bcms,shap_token.jsonl
/scratch/project_2006235/shibboleth/models/bcms_setimes/iter1/model_fold2/lime_token.jsonl,/scratch/project_2005047/explainability/data_groundtruth/bcms/setimes_large/iter_folds/iter1/dev_iter1_fold2_features.jsonl,20440,9.27,15.458,74.325,25.593,62.45,shibboleth/models/bcms_setimes/iter1/model_fold2/lime_results.txt,12111588260.0,0.0,0.624,bcms,lime_token.jsonl
/scratch/project_2006235/shibboleth/models/bcms_setimes/iter1/model_fold2/ig_token.jsonl,/scratch/project_2005047/explainability/data_groundtruth/bcms/setimes_large/iter_folds/iter1/dev_iter1_fold2_features.jsonl,20440,7.009,12.845,58.702,21.078,54.483,shibboleth/models/bcms_setimes/iter1/model_fold2/ig_results.txt,10021580775.0,1.965e-233,0.545,bcms,ig_token.jsonl
/scratch/project_2006235/shibboleth/models/bcms_setimes/iter1/model_fold2/loo_token.jsonl,/scratch/project_2005047/explainability/data_groundtruth/bcms/setimes_large/iter_folds/iter1/dev_iter1_fold2_features.jsonl,20440,6.091,11.751,51.015,19.101,47.735,shibboleth/models/bcms_setimes/iter1/model_fold2/loo_results.txt,8780467177.5,1.0,0.477,bcms,loo_token.jsonl
/scratch/project_2006235/shibboleth/models/bcms_setimes/iter1/model_fold2/shap_token.jsonl,/scratch/project_2005047/explainability/data_groundtruth/bcms/setimes_large/iter_folds/iter1/dev_iter1_fold2_features.jsonl,20440,9.37,14.663,78.479,24.709,62.24,shibboleth/models/bcms_setimes/iter1/model_fold2/shap_results.txt,11448371758.0,0.0,0.622,bcms,shap_token.jsonl
/scratch/project_2006235/shibboleth/models/bcms_setimes/iter1/model_fold10/lime_token.jsonl,/scratch/project_2005047/explainability/data_groundtruth/bcms/setimes_large/iter_folds/iter1/dev_iter1_fold10_features.jsonl,20438,9.691,15.8,77.737,26.262,62.374,shibboleth/models/bcms_setimes/iter1/model_fold10/lime_results.txt,12083123763.0,0.0,0.624,bcms,lime_token.jsonl
/scratch/project_2006235/shibboleth/models/bcms_setimes/iter1/model_fold10/ig_token.jsonl,/scratch/project_2005047/explainability/data_groundtruth/bcms/setimes_large/iter_folds/iter1/dev_iter1_fold10_features.jsonl,20438,7.958,12.442,66.462,20.961,53.8,shibboleth/models/bcms_setimes/iter1/model_fold10/ig_results.txt,9919927311.0,7.835e-169,0.538,bcms,ig_token.jsonl
/scratch/project_2006235/shibboleth/models/bcms_setimes/iter1/model_fold10/loo_token.jsonl,/scratch/project_2005047/explainability/data_groundtruth/bcms/setimes_large/iter_folds/iter1/dev_iter1_fold10_features.jsonl,20438,6.829,15.923,57.038,24.896,59.878,shibboleth/models/bcms_setimes/iter1/model_fold10/loo_results.txt,11040567499.5,0.0,0.599,bcms,loo_token.jsonl
/scratch/project_2006235/shibboleth/models/bcms_setimes/iter1/model_fold10/shap_token.jsonl,/scratch/project_2005047/explainability/data_groundtruth/bcms/setimes_large/iter_folds/iter1/dev_iter1_fold10_features.jsonl,20438,9.415,14.39,78.63,24.327,62.588,shibboleth/models/bcms_setimes/iter1/model_fold10/shap_results.txt,11540313582.0,0.0,0.626,bcms,shap_token.jsonl
/scratch/project_2006235/shibboleth/models/bcms_setimes/iter1/model_fold1/lime_token.jsonl,/scratch/project_2005047/explainability/data_groundtruth/bcms/setimes_large/iter_folds/iter1/dev_iter1_fold1_features.jsonl,20440,9.534,15.256,77.691,25.504,62.911,shibboleth/models/bcms_setimes/iter1/model_fold1/lime_results.txt,11906216503.0,0.0,0.629,bcms,lime_token.jsonl
/scratch/project_2006235/shibboleth/models/bcms_setimes/iter1/model_fold1/ig_token.jsonl,/scratch/project_2005047/explainability/data_groundtruth/bcms/setimes_large/iter_folds/iter1/dev_iter1_fold1_features.jsonl,20440,8.384,13.324,71.184,22.447,58.825,shibboleth/models/bcms_setimes/iter1/model_fold1/ig_results.txt,10593071222.5,0.0,0.588,bcms,ig_token.jsonl
/scratch/project_2006235/shibboleth/models/bcms_setimes/iter1/model_fold1/loo_token.jsonl,/scratch/project_2005047/explainability/data_groundtruth/bcms/setimes_large/iter_folds/iter1/dev_iter1_fold1_features.jsonl,20440,2.797,13.449,23.748,17.173,54.462,shibboleth/models/bcms_setimes/iter1/model_fold1/loo_results.txt,9807436220.5,2.484e-266,0.545,bcms,loo_token.jsonl
/scratch/project_2006235/shibboleth/models/bcms_setimes/iter1/model_fold1/shap_token.jsonl,/scratch/project_2005047/explainability/data_groundtruth/bcms/setimes_large/iter_folds/iter1/dev_iter1_fold1_features.jsonl,20440,9.394,14.371,79.762,24.353,63.65,shibboleth/models/bcms_setimes/iter1/model_fold1/shap_results.txt,11461986075.0,0.0,0.637,bcms,shap_token.jsonl
/scratch/project_2006235/shibboleth/models/bcms_setimes/iter1/model_fold6/lime_token.jsonl,/scratch/project_2005047/explainability/data_groundtruth/bcms/setimes_large/iter_folds/iter1/dev_iter1_fold6_features.jsonl,20439,9.544,15.395,77.264,25.675,62.74,shibboleth/models/bcms_setimes/iter1/model_fold6/lime_results.txt,12141193560.0,0.0,0.627,bcms,lime_token.jsonl
/scratch/project_2006235/shibboleth/models/bcms_setimes/iter1/model_fold6/ig_token.jsonl,/scratch/project_2005047/explainability/data_groundtruth/bcms/setimes_large/iter_folds/iter1/dev_iter1_fold6_features.jsonl,20439,8.057,12.946,68.182,21.76,56.428,shibboleth/models/bcms_setimes/iter1/model_fold6/ig_results.txt,10350782958.5,0.0,0.564,bcms,ig_token.jsonl
/scratch/project_2006235/shibboleth/models/bcms_setimes/iter1/model_fold6/loo_token.jsonl,/scratch/project_2005047/explainability/data_groundtruth/bcms/setimes_large/iter_folds/iter1/dev_iter1_fold6_features.jsonl,20439,4.684,12.719,39.636,19.258,51.257,shibboleth/models/bcms_setimes/iter1/model_fold6/loo_results.txt,9402148971.0,2.17e-22,0.513,bcms,loo_token.jsonl
/scratch/project_2006235/shibboleth/models/bcms_setimes/iter1/model_fold6/shap_token.jsonl,/scratch/project_2005047/explainability/data_groundtruth/bcms/setimes_large/iter_folds/iter1/dev_iter1_fold6_features.jsonl,20439,9.315,14.051,78.829,23.851,60.509,shibboleth/models/bcms_setimes/iter1/model_fold6/shap_results.txt,11099408166.5,0.0,0.605,bcms,shap_token.jsonl
/scratch/project_2006235/shibboleth/models/bcms_setimes/iter1/model_fold8/lime_token.jsonl,/scratch/project_2005047/explainability/data_groundtruth/bcms/setimes_large/iter_folds/iter1/dev_iter1_fold8_features.jsonl,20438,9.386,15.249,75.694,25.384,62.412,shibboleth/models/bcms_setimes/iter1/model_fold8/lime_results.txt,11859845969.0,0.0,0.624,bcms,lime_token.jsonl
/scratch/project_2006235/shibboleth/models/bcms_setimes/iter1/model_fold8/ig_token.jsonl,/scratch/project_2005047/explainability/data_groundtruth/bcms/setimes_large/iter_folds/iter1/dev_iter1_fold8_features.jsonl,20438,7.69,13.454,64.583,22.269,57.489,shibboleth/models/bcms_setimes/iter1/model_fold8/ig_results.txt,10395034206.5,0.0,0.575,bcms,ig_token.jsonl
/scratch/project_2006235/shibboleth/models/bcms_setimes/iter1/model_fold8/loo_token.jsonl,/scratch/project_2005047/explainability/data_groundtruth/bcms/setimes_large/iter_folds/iter1/dev_iter1_fold8_features.jsonl,20438,3.849,10.009,32.326,15.285,42.895,shibboleth/models/bcms_setimes/iter1/model_fold8/loo_results.txt,7756218946.5,1.0,0.429,bcms,loo_token.jsonl
/scratch/project_2006235/shibboleth/models/bcms_setimes/iter1/model_fold8/shap_token.jsonl,/scratch/project_2005047/explainability/data_groundtruth/bcms/setimes_large/iter_folds/iter1/dev_iter1_fold8_features.jsonl,20438,9.358,14.722,78.594,24.799,63.355,shibboleth/models/bcms_setimes/iter1/model_fold8/shap_results.txt,11455829652.0,0.0,0.634,bcms,shap_token.jsonl
/scratch/project_2006235/shibboleth/models/bcms_setimes/iter1/model_fold4/lime_token.jsonl,/scratch/project_2005047/explainability/data_groundtruth/bcms/setimes_large/iter_folds/iter1/dev_iter1_fold4_features.jsonl,20439,9.538,15.203,77.124,25.399,62.708,shibboleth/models/bcms_setimes/iter1/model_fold4/lime_results.txt,12100922325.0,0.0,0.627,bcms,lime_token.jsonl
/scratch/project_2006235/shibboleth/models/bcms_setimes/iter1/model_fold4/ig_token.jsonl,/scratch/project_2005047/explainability/data_groundtruth/bcms/setimes_large/iter_folds/iter1/dev_iter1_fold4_features.jsonl,20439,7.478,12.428,62.965,20.759,54.654,shibboleth/models/bcms_setimes/iter1/model_fold4/ig_results.txt,10039061866.0,1.024e-250,0.547,bcms,ig_token.jsonl
/scratch/project_2006235/shibboleth/models/bcms_setimes/iter1/model_fold4/loo_token.jsonl,/scratch/project_2005047/explainability/data_groundtruth/bcms/setimes_large/iter_folds/iter1/dev_iter1_fold4_features.jsonl,20439,2.064,14.24,17.376,15.652,50.827,shibboleth/models/bcms_setimes/iter1/model_fold4/loo_results.txt,9335954230.5,7.674e-15,0.508,bcms,loo_token.jsonl
/scratch/project_2006235/shibboleth/models/bcms_setimes/iter1/model_fold4/shap_token.jsonl,/scratch/project_2005047/explainability/data_groundtruth/bcms/setimes_large/iter_folds/iter1/dev_iter1_fold4_features.jsonl,20439,8.951,13.55,75.369,22.97,58.812,shibboleth/models/bcms_setimes/iter1/model_fold4/shap_results.txt,10802658310.5,0.0,0.588,bcms,shap_token.jsonl
/scratch/project_2006235/shibboleth/models/bcms_setimes/iter1/model_fold7/lime_token.jsonl,/scratch/project_2005047/explainability/data_groundtruth/bcms/setimes_large/iter_folds/iter1/dev_iter1_fold7_features.jsonl,20439,9.518,15.332,76.814,25.562,63.023,shibboleth/models/bcms_setimes/iter1/model_fold7/lime_results.txt,12169194948.0,0.0,0.63,bcms,lime_token.jsonl
/scratch/project_2006235/shibboleth/models/bcms_setimes/iter1/model_fold7/ig_token.jsonl,/scratch/project_2005047/explainability/data_groundtruth/bcms/setimes_large/iter_folds/iter1/dev_iter1_fold7_features.jsonl,20439,7.991,12.955,67.259,21.725,56.507,shibboleth/models/bcms_setimes/iter1/model_fold7/ig_results.txt,10369896114.5,0.0,0.565,bcms,ig_token.jsonl
/scratch/project_2006235/shibboleth/models/bcms_setimes/iter1/model_fold7/loo_token.jsonl,/scratch/project_2005047/explainability/data_groundtruth/bcms/setimes_large/iter_folds/iter1/dev_iter1_fold7_features.jsonl,20439,6.664,15.309,56.09,24.053,58.983,shibboleth/models/bcms_setimes/iter1/model_fold7/loo_results.txt,10824371316.5,0.0,0.59,bcms,loo_token.jsonl
/scratch/project_2006235/shibboleth/models/bcms_setimes/iter1/model_fold7/shap_token.jsonl,/scratch/project_2005047/explainability/data_groundtruth/bcms/setimes_large/iter_folds/iter1/dev_iter1_fold7_features.jsonl,20439,9.281,14.41,78.112,24.331,63.94,shibboleth/models/bcms_setimes/iter1/model_fold7/shap_results.txt,11733950969.0,0.0,0.639,bcms,shap_token.jsonl
/scratch/project_2006235/shibboleth/models/bcms_setimes/iter1/model_fold3/lime_token.jsonl,/scratch/project_2005047/explainability/data_groundtruth/bcms/setimes_large/iter_folds/iter1/dev_iter1_fold3_features.jsonl,20439,9.484,15.258,76.711,25.453,62.491,shibboleth/models/bcms_setimes/iter1/model_fold3/lime_results.txt,12068230085.0,0.0,0.625,bcms,lime_token.jsonl
/scratch/project_2006235/shibboleth/models/bcms_setimes/iter1/model_fold3/ig_token.jsonl,/scratch/project_2005047/explainability/data_groundtruth/bcms/setimes_large/iter_folds/iter1/dev_iter1_fold3_features.jsonl,20439,7.737,13.286,65.089,22.068,57.336,shibboleth/models/bcms_setimes/iter1/model_fold3/ig_results.txt,10550803070.0,0.0,0.573,bcms,ig_token.jsonl
/scratch/project_2006235/shibboleth/models/bcms_setimes/iter1/model_fold3/loo_token.jsonl,/scratch/project_2005047/explainability/data_groundtruth/bcms/setimes_large/iter_folds/iter1/dev_iter1_fold3_features.jsonl,20439,4.04,16.546,33.983,22.256,54.549,shibboleth/models/bcms_setimes/iter1/model_fold3/loo_results.txt,10037939432.0,0.0,0.545,bcms,loo_token.jsonl
/scratch/project_2006235/shibboleth/models/bcms_setimes/iter1/model_fold3/shap_token.jsonl,/scratch/project_2005047/explainability/data_groundtruth/bcms/setimes_large/iter_folds/iter1/dev_iter1_fold3_features.jsonl,20439,9.201,14.184,77.401,23.974,61.124,shibboleth/models/bcms_setimes/iter1/model_fold3/shap_results.txt,11247864936.5,0.0,0.611,bcms,shap_token.jsonl
/scratch/project_2006235/shibboleth/models/bcms_setimes/iter1/model_fold9/lime_token.jsonl,/scratch/project_2005047/explainability/data_groundtruth/bcms/setimes_large/iter_folds/iter1/dev_iter1_fold9_features.jsonl,20438,9.639,15.534,77.171,25.862,62.531,shibboleth/models/bcms_setimes/iter1/model_fold9/lime_results.txt,12230134857.0,0.0,0.625,bcms,lime_token.jsonl
/scratch/project_2006235/shibboleth/models/bcms_setimes/iter1/model_fold9/ig_token.jsonl,/scratch/project_2005047/explainability/data_groundtruth/bcms/setimes_large/iter_folds/iter1/dev_iter1_fold9_features.jsonl,20438,7.799,12.949,65.141,21.604,55.64,shibboleth/models/bcms_setimes/iter1/model_fold9/ig_results.txt,10336170070.5,0.0,0.556,bcms,ig_token.jsonl
/scratch/project_2006235/shibboleth/models/bcms_setimes/iter1/model_fold9/loo_token.jsonl,/scratch/project_2005047/explainability/data_groundtruth/bcms/setimes_large/iter_folds/iter1/dev_iter1_fold9_features.jsonl,20438,6.394,14.349,53.401,22.62,55.956,shibboleth/models/bcms_setimes/iter1/model_fold9/loo_results.txt,10394938053.0,0.0,0.56,bcms,loo_token.jsonl
/scratch/project_2006235/shibboleth/models/bcms_setimes/iter1/model_fold9/shap_token.jsonl,/scratch/project_2005047/explainability/data_groundtruth/bcms/setimes_large/iter_folds/iter1/dev_iter1_fold9_features.jsonl,20438,9.426,14.805,78.723,24.923,63.75,shibboleth/models/bcms_setimes/iter1/model_fold9/shap_results.txt,11842650426.0,0.0,0.637,bcms,shap_token.jsonl
/scratch/project_2006235/shibboleth/models/bcms_setimes/iter7/model_fold5/lime_token.jsonl,/scratch/project_2005047/explainability/data_groundtruth/bcms/setimes_large/iter_folds/iter7/dev_iter7_fold5_features.jsonl,20439,9.452,15.174,77.042,25.354,63.791,shibboleth/models/bcms_setimes/iter7/model_fold5/lime_results.txt,12159741516.0,0.0,0.638,bcms,lime_token.jsonl
/scratch/project_2006235/shibboleth/models/bcms_setimes/iter7/model_fold5/ig_token.jsonl,/scratch/project_2005047/explainability/data_groundtruth/bcms/setimes_large/iter_folds/iter7/dev_iter7_fold5_features.jsonl,20439,8.675,13.541,73.546,22.871,60.835,shibboleth/models/bcms_setimes/iter7/model_fold5/ig_results.txt,11050750036.0,0.0,0.608,bcms,ig_token.jsonl
/scratch/project_2006235/shibboleth/models/bcms_setimes/iter7/model_fold5/loo_token.jsonl,/scratch/project_2005047/explainability/data_groundtruth/bcms/setimes_large/iter_folds/iter7/dev_iter7_fold5_features.jsonl,20439,8.106,12.826,68.721,21.617,56.35,shibboleth/models/bcms_setimes/iter7/model_fold5/loo_results.txt,10235944883.0,0.0,0.563,bcms,loo_token.jsonl
/scratch/project_2006235/shibboleth/models/bcms_setimes/iter7/model_fold5/shap_token.jsonl,/scratch/project_2005047/explainability/data_groundtruth/bcms/setimes_large/iter_folds/iter7/dev_iter7_fold5_features.jsonl,20439,9.63,14.024,81.643,23.936,67.104,shibboleth/models/bcms_setimes/iter7/model_fold5/shap_results.txt,12189456254.5,0.0,0.671,bcms,shap_token.jsonl
/scratch/project_2006235/shibboleth/models/bcms_setimes/iter7/model_fold2/lime_token.jsonl,/scratch/project_2005047/explainability/data_groundtruth/bcms/setimes_large/iter_folds/iter7/dev_iter7_fold2_features.jsonl,20440,9.541,15.611,76.569,25.934,62.773,shibboleth/models/bcms_setimes/iter7/model_fold2/lime_results.txt,12231148323.0,0.0,0.628,bcms,lime_token.jsonl
/scratch/project_2006235/shibboleth/models/bcms_setimes/iter7/model_fold2/ig_token.jsonl,/scratch/project_2005047/explainability/data_groundtruth/bcms/setimes_large/iter_folds/iter7/dev_iter7_fold2_features.jsonl,20440,8.367,13.887,69.969,23.175,59.233,shibboleth/models/bcms_setimes/iter7/model_fold2/ig_results.txt,10977152258.5,0.0,0.592,bcms,ig_token.jsonl
/scratch/project_2006235/shibboleth/models/bcms_setimes/iter7/model_fold2/loo_token.jsonl,/scratch/project_2005047/explainability/data_groundtruth/bcms/setimes_large/iter_folds/iter7/dev_iter7_fold2_features.jsonl,20440,8.858,13.032,74.068,22.164,54.765,shibboleth/models/bcms_setimes/iter7/model_fold2/loo_results.txt,10149254343.5,4.554e-265,0.548,bcms,loo_token.jsonl
/scratch/project_2006235/shibboleth/models/bcms_setimes/iter7/model_fold2/shap_token.jsonl,/scratch/project_2005047/explainability/data_groundtruth/bcms/setimes_large/iter_folds/iter7/dev_iter7_fold2_features.jsonl,20440,9.497,14.738,79.416,24.862,64.785,shibboleth/models/bcms_setimes/iter7/model_fold2/shap_results.txt,12006086861.0,0.0,0.648,bcms,shap_token.jsonl
/scratch/project_2006235/shibboleth/models/bcms_setimes/iter7/model_fold10/lime_token.jsonl,/scratch/project_2005047/explainability/data_groundtruth/bcms/setimes_large/iter_folds/iter7/dev_iter7_fold10_features.jsonl,20438,9.161,14.939,73.565,24.835,62.366,shibboleth/models/bcms_setimes/iter7/model_fold10/lime_results.txt,12055946246.0,0.0,0.624,bcms,lime_token.jsonl
/scratch/project_2006235/shibboleth/models/bcms_setimes/iter7/model_fold10/ig_token.jsonl,/scratch/project_2005047/explainability/data_groundtruth/bcms/setimes_large/iter_folds/iter7/dev_iter7_fold10_features.jsonl,20438,8.034,12.626,67.469,21.271,55.375,shibboleth/models/bcms_setimes/iter7/model_fold10/ig_results.txt,10140827764.5,0.0,0.554,bcms,ig_token.jsonl
/scratch/project_2006235/shibboleth/models/bcms_setimes/iter7/model_fold10/loo_token.jsonl,/scratch/project_2005047/explainability/data_groundtruth/bcms/setimes_large/iter_folds/iter7/dev_iter7_fold10_features.jsonl,20438,2.824,11.689,23.715,15.659,46.396,shibboleth/models/bcms_setimes/iter7/model_fold10/loo_results.txt,8496420408.5,1.0,0.464,bcms,loo_token.jsonl
/scratch/project_2006235/shibboleth/models/bcms_setimes/iter7/model_fold10/shap_token.jsonl,/scratch/project_2005047/explainability/data_groundtruth/bcms/setimes_large/iter_folds/iter7/dev_iter7_fold10_features.jsonl,20438,9.106,14.266,76.472,24.046,59.981,shibboleth/models/bcms_setimes/iter7/model_fold10/shap_results.txt,10984227638.5,0.0,0.6,bcms,shap_token.jsonl
/scratch/project_2006235/shibboleth/models/bcms_setimes/iter7/model_fold1/lime_token.jsonl,/scratch/project_2005047/explainability/data_groundtruth/bcms/setimes_large/iter_folds/iter7/dev_iter7_fold1_features.jsonl,20440,9.465,15.194,76.724,25.364,62.889,shibboleth/models/bcms_setimes/iter7/model_fold1/lime_results.txt,11993036998.0,0.0,0.629,bcms,lime_token.jsonl
/scratch/project_2006235/shibboleth/models/bcms_setimes/iter7/model_fold1/ig_token.jsonl,/scratch/project_2005047/explainability/data_groundtruth/bcms/setimes_large/iter_folds/iter7/dev_iter7_fold1_features.jsonl,20440,7.565,12.639,63.915,21.104,54.994,shibboleth/models/bcms_setimes/iter7/model_fold1/ig_results.txt,9973553844.0,4.63e-286,0.55,bcms,ig_token.jsonl
/scratch/project_2006235/shibboleth/models/bcms_setimes/iter7/model_fold1/loo_token.jsonl,/scratch/project_2005047/explainability/data_groundtruth/bcms/setimes_large/iter_folds/iter7/dev_iter7_fold1_features.jsonl,20440,4.266,11.519,36.036,17.457,47.529,shibboleth/models/bcms_setimes/iter7/model_fold1/loo_results.txt,8619746887.5,1.0,0.475,bcms,loo_token.jsonl
/scratch/project_2006235/shibboleth/models/bcms_setimes/iter7/model_fold1/shap_token.jsonl,/scratch/project_2005047/explainability/data_groundtruth/bcms/setimes_large/iter_folds/iter7/dev_iter7_fold1_features.jsonl,20440,9.097,14.036,76.851,23.736,62.31,shibboleth/models/bcms_setimes/iter7/model_fold1/shap_results.txt,11300363370.5,0.0,0.623,bcms,shap_token.jsonl
/scratch/project_2006235/shibboleth/models/bcms_setimes/iter7/model_fold6/lime_token.jsonl,/scratch/project_2005047/explainability/data_groundtruth/bcms/setimes_large/iter_folds/iter7/dev_iter7_fold6_features.jsonl,20439,9.629,15.329,77.72,25.607,62.562,shibboleth/models/bcms_setimes/iter7/model_fold6/lime_results.txt,12140295880.0,0.0,0.626,bcms,lime_token.jsonl
/scratch/project_2006235/shibboleth/models/bcms_setimes/iter7/model_fold6/ig_token.jsonl,/scratch/project_2005047/explainability/data_groundtruth/bcms/setimes_large/iter_folds/iter7/dev_iter7_fold6_features.jsonl,20439,7.99,12.96,67.075,21.722,55.783,shibboleth/models/bcms_setimes/iter7/model_fold6/ig_results.txt,10314620988.0,0.0,0.558,bcms,ig_token.jsonl
/scratch/project_2006235/shibboleth/models/bcms_setimes/iter7/model_fold6/loo_token.jsonl,/scratch/project_2005047/explainability/data_groundtruth/bcms/setimes_large/iter_folds/iter7/dev_iter7_fold6_features.jsonl,20439,4.177,16.358,35.064,22.308,55.861,shibboleth/models/bcms_setimes/iter7/model_fold6/loo_results.txt,10328916553.5,0.0,0.559,bcms,loo_token.jsonl
/scratch/project_2006235/shibboleth/models/bcms_setimes/iter7/model_fold6/shap_token.jsonl,/scratch/project_2005047/explainability/data_groundtruth/bcms/setimes_large/iter_folds/iter7/dev_iter7_fold6_features.jsonl,20439,9.584,14.073,80.456,23.956,60.886,shibboleth/models/bcms_setimes/iter7/model_fold6/shap_results.txt,11258051266.5,0.0,0.609,bcms,shap_token.jsonl
/scratch/project_2006235/shibboleth/models/bcms_setimes/iter7/model_fold8/lime_token.jsonl,/scratch/project_2005047/explainability/data_groundtruth/bcms/setimes_large/iter_folds/iter7/dev_iter7_fold8_features.jsonl,20438,9.422,15.375,75.294,25.536,62.888,shibboleth/models/bcms_setimes/iter7/model_fold8/lime_results.txt,12365284541.0,0.0,0.629,bcms,lime_token.jsonl
/scratch/project_2006235/shibboleth/models/bcms_setimes/iter7/model_fold8/ig_token.jsonl,/scratch/project_2005047/explainability/data_groundtruth/bcms/setimes_large/iter_folds/iter7/dev_iter7_fold8_features.jsonl,20438,7.506,12.801,62.56,21.253,54.202,shibboleth/models/bcms_setimes/iter7/model_fold8/ig_results.txt,10126822063.0,2.144e-207,0.542,bcms,ig_token.jsonl
/scratch/project_2006235/shibboleth/models/bcms_setimes/iter7/model_fold8/loo_token.jsonl,/scratch/project_2005047/explainability/data_groundtruth/bcms/setimes_large/iter_folds/iter7/dev_iter7_fold8_features.jsonl,20438,3.051,11.416,25.425,15.757,48.744,shibboleth/models/bcms_setimes/iter7/model_fold8/loo_results.txt,9107089866.5,1.0,0.487,bcms,loo_token.jsonl
/scratch/project_2006235/shibboleth/models/bcms_setimes/iter7/model_fold8/shap_token.jsonl,/scratch/project_2005047/explainability/data_groundtruth/bcms/setimes_large/iter_folds/iter7/dev_iter7_fold8_features.jsonl,20438,9.512,15.044,79.279,25.29,64.705,shibboleth/models/bcms_setimes/iter7/model_fold8/shap_results.txt,12089180759.5,0.0,0.647,bcms,shap_token.jsonl
/scratch/project_2006235/shibboleth/models/bcms_setimes/iter7/model_fold4/lime_token.jsonl,/scratch/project_2005047/explainability/data_groundtruth/bcms/setimes_large/iter_folds/iter7/dev_iter7_fold4_features.jsonl,20439,9.094,15.127,73.652,25.1,62.626,shibboleth/models/bcms_setimes/iter7/model_fold4/lime_results.txt,11892191075.0,0.0,0.626,bcms,lime_token.jsonl
/scratch/project_2006235/shibboleth/models/bcms_setimes/iter7/model_fold4/ig_token.jsonl,/scratch/project_2005047/explainability/data_groundtruth/bcms/setimes_large/iter_folds/iter7/dev_iter7_fold4_features.jsonl,20439,6.931,12.394,58.672,20.465,53.599,shibboleth/models/bcms_setimes/iter7/model_fold4/ig_results.txt,9647724561.0,4.679e-149,0.536,bcms,ig_token.jsonl
/scratch/project_2006235/shibboleth/models/bcms_setimes/iter7/model_fold4/loo_token.jsonl,/scratch/project_2005047/explainability/data_groundtruth/bcms/setimes_large/iter_folds/iter7/dev_iter7_fold4_features.jsonl,20439,5.993,10.662,50.734,17.621,46.196,shibboleth/models/bcms_setimes/iter7/model_fold4/loo_results.txt,8315188905.5,1.0,0.462,bcms,loo_token.jsonl
/scratch/project_2006235/shibboleth/models/bcms_setimes/iter7/model_fold4/shap_token.jsonl,/scratch/project_2005047/explainability/data_groundtruth/bcms/setimes_large/iter_folds/iter7/dev_iter7_fold4_features.jsonl,20439,9.365,14.774,79.276,24.906,64.094,shibboleth/models/bcms_setimes/iter7/model_fold4/shap_results.txt,11536633677.5,0.0,0.641,bcms,shap_token.jsonl
/scratch/project_2006235/shibboleth/models/bcms_setimes/iter7/model_fold7/lime_token.jsonl,/scratch/project_2005047/explainability/data_groundtruth/bcms/setimes_large/iter_folds/iter7/dev_iter7_fold7_features.jsonl,20439,9.574,15.698,76.874,26.073,62.771,shibboleth/models/bcms_setimes/iter7/model_fold7/lime_results.txt,12199452065.0,0.0,0.628,bcms,lime_token.jsonl
/scratch/project_2006235/shibboleth/models/bcms_setimes/iter7/model_fold7/ig_token.jsonl,/scratch/project_2005047/explainability/data_groundtruth/bcms/setimes_large/iter_folds/iter7/dev_iter7_fold7_features.jsonl,20439,8.051,13.543,67.653,22.568,58.678,shibboleth/models/bcms_setimes/iter7/model_fold7/ig_results.txt,10798425939.0,0.0,0.587,bcms,ig_token.jsonl
/scratch/project_2006235/shibboleth/models/bcms_setimes/iter7/model_fold7/loo_token.jsonl,/scratch/project_2005047/explainability/data_groundtruth/bcms/setimes_large/iter_folds/iter7/dev_iter7_fold7_features.jsonl,20439,2.968,17.845,24.936,20.802,53.94,shibboleth/models/bcms_setimes/iter7/model_fold7/loo_results.txt,9926533933.5,5.317e-256,0.539,bcms,loo_token.jsonl
/scratch/project_2006235/shibboleth/models/bcms_setimes/iter7/model_fold7/shap_token.jsonl,/scratch/project_2005047/explainability/data_groundtruth/bcms/setimes_large/iter_folds/iter7/dev_iter7_fold7_features.jsonl,20439,9.118,14.362,76.614,24.189,61.542,shibboleth/models/bcms_setimes/iter7/model_fold7/shap_results.txt,11325465613.5,0.0,0.615,bcms,shap_token.jsonl
/scratch/project_2006235/shibboleth/models/bcms_setimes/iter7/model_fold3/lime_token.jsonl,/scratch/project_2005047/explainability/data_groundtruth/bcms/setimes_large/iter_folds/iter7/dev_iter7_fold3_features.jsonl,20439,9.476,15.568,76.914,25.895,62.573,shibboleth/models/bcms_setimes/iter7/model_fold3/lime_results.txt,11951364339.0,0.0,0.626,bcms,lime_token.jsonl
/scratch/project_2006235/shibboleth/models/bcms_setimes/iter7/model_fold3/ig_token.jsonl,/scratch/project_2005047/explainability/data_groundtruth/bcms/setimes_large/iter_folds/iter7/dev_iter7_fold3_features.jsonl,20439,7.921,12.683,66.806,21.319,55.947,shibboleth/models/bcms_setimes/iter7/model_fold3/ig_results.txt,10193749584.0,0.0,0.559,bcms,ig_token.jsonl
/scratch/project_2006235/shibboleth/models/bcms_setimes/iter7/model_fold3/loo_token.jsonl,/scratch/project_2005047/explainability/data_groundtruth/bcms/setimes_large/iter_folds/iter7/dev_iter7_fold3_features.jsonl,20439,6.544,13.972,55.192,22.299,56.254,shibboleth/models/bcms_setimes/iter7/model_fold3/loo_results.txt,10249634459.5,0.0,0.563,bcms,loo_token.jsonl
/scratch/project_2006235/shibboleth/models/bcms_setimes/iter7/model_fold3/shap_token.jsonl,/scratch/project_2005047/explainability/data_groundtruth/bcms/setimes_large/iter_folds/iter7/dev_iter7_fold3_features.jsonl,20439,9.388,14.397,79.184,24.364,61.409,shibboleth/models/bcms_setimes/iter7/model_fold3/shap_results.txt,11188919897.5,0.0,0.614,bcms,shap_token.jsonl
/scratch/project_2006235/shibboleth/models/bcms_setimes/iter7/model_fold9/lime_token.jsonl,/scratch/project_2005047/explainability/data_groundtruth/bcms/setimes_large/iter_folds/iter7/dev_iter7_fold9_features.jsonl,20438,9.358,15.246,75.058,25.344,62.528,shibboleth/models/bcms_setimes/iter7/model_fold9/lime_results.txt,12119034577.0,0.0,0.625,bcms,lime_token.jsonl
/scratch/project_2006235/shibboleth/models/bcms_setimes/iter7/model_fold9/ig_token.jsonl,/scratch/project_2005047/explainability/data_groundtruth/bcms/setimes_large/iter_folds/iter7/dev_iter7_fold9_features.jsonl,20438,7.831,12.911,65.386,21.564,55.442,shibboleth/models/bcms_setimes/iter7/model_fold9/ig_results.txt,10229471650.5,0.0,0.554,bcms,ig_token.jsonl
/scratch/project_2006235/shibboleth/models/bcms_setimes/iter7/model_fold9/loo_token.jsonl,/scratch/project_2005047/explainability/data_groundtruth/bcms/setimes_large/iter_folds/iter7/dev_iter7_fold9_features.jsonl,20438,5.285,11.021,44.13,17.638,46.88,shibboleth/models/bcms_setimes/iter7/model_fold9/loo_results.txt,8649790280.0,1.0,0.469,bcms,loo_token.jsonl
/scratch/project_2006235/shibboleth/models/bcms_setimes/iter7/model_fold9/shap_token.jsonl,/scratch/project_2005047/explainability/data_groundtruth/bcms/setimes_large/iter_folds/iter7/dev_iter7_fold9_features.jsonl,20438,9.318,14.323,77.795,24.192,62.541,shibboleth/models/bcms_setimes/iter7/model_fold9/shap_results.txt,11539253244.0,0.0,0.625,bcms,shap_token.jsonl
/scratch/project_2006235/shibboleth/models/bcms_setimes/iter2/model_fold5/lime_token.jsonl,/scratch/project_2005047/explainability/data_groundtruth/bcms/setimes_large/iter_folds/iter2/dev_iter2_fold5_features.jsonl,20439,9.429,15.462,76.73,25.737,63.099,shibboleth/models/bcms_setimes/iter2/model_fold5/lime_results.txt,12078634946.0,0.0,0.631,bcms,lime_token.jsonl
/scratch/project_2006235/shibboleth/models/bcms_setimes/iter2/model_fold5/ig_token.jsonl,/scratch/project_2005047/explainability/data_groundtruth/bcms/setimes_large/iter_folds/iter2/dev_iter2_fold5_features.jsonl,20439,8.075,12.866,68.485,21.662,56.042,shibboleth/models/bcms_setimes/iter2/model_fold5/ig_results.txt,10199951587.5,0.0,0.56,bcms,ig_token.jsonl
/scratch/project_2006235/shibboleth/models/bcms_setimes/iter2/model_fold5/loo_token.jsonl,/scratch/project_2005047/explainability/data_groundtruth/bcms/setimes_large/iter_folds/iter2/dev_iter2_fold5_features.jsonl,20439,6.317,13.231,53.575,21.222,52.664,shibboleth/models/bcms_setimes/iter2/model_fold5/loo_results.txt,9585191575.5,4.318e-83,0.527,bcms,loo_token.jsonl
/scratch/project_2006235/shibboleth/models/bcms_setimes/iter2/model_fold5/shap_token.jsonl,/scratch/project_2005047/explainability/data_groundtruth/bcms/setimes_large/iter_folds/iter2/dev_iter2_fold5_features.jsonl,20439,9.241,14.33,78.368,24.229,62.248,shibboleth/models/bcms_setimes/iter2/model_fold5/shap_results.txt,11329409688.5,0.0,0.622,bcms,shap_token.jsonl
/scratch/project_2006235/shibboleth/models/bcms_setimes/iter2/model_fold2/lime_token.jsonl,/scratch/project_2005047/explainability/data_groundtruth/bcms/setimes_large/iter_folds/iter2/dev_iter2_fold2_features.jsonl,20440,9.674,15.554,77.351,25.899,62.67,shibboleth/models/bcms_setimes/iter2/model_fold2/lime_results.txt,12223673278.0,0.0,0.627,bcms,lime_token.jsonl
/scratch/project_2006235/shibboleth/models/bcms_setimes/iter2/model_fold2/ig_token.jsonl,/scratch/project_2005047/explainability/data_groundtruth/bcms/setimes_large/iter_folds/iter2/dev_iter2_fold2_features.jsonl,20440,7.171,12.002,59.684,19.984,51.168,shibboleth/models/bcms_setimes/iter2/model_fold2/ig_results.txt,9502006818.0,7.388e-18,0.512,bcms,ig_token.jsonl
/scratch/project_2006235/shibboleth/models/bcms_setimes/iter2/model_fold2/loo_token.jsonl,/scratch/project_2005047/explainability/data_groundtruth/bcms/setimes_large/iter_folds/iter2/dev_iter2_fold2_features.jsonl,20440,2.878,10.963,23.956,15.042,48.241,shibboleth/models/bcms_setimes/iter2/model_fold2/loo_results.txt,8958439824.0,1.0,0.482,bcms,loo_token.jsonl
/scratch/project_2006235/shibboleth/models/bcms_setimes/iter2/model_fold2/shap_token.jsonl,/scratch/project_2005047/explainability/data_groundtruth/bcms/setimes_large/iter_folds/iter2/dev_iter2_fold2_features.jsonl,20440,9.515,14.957,79.192,25.162,65.165,shibboleth/models/bcms_setimes/iter2/model_fold2/shap_results.txt,12101197326.5,0.0,0.652,bcms,shap_token.jsonl
/scratch/project_2006235/shibboleth/models/bcms_setimes/iter2/model_fold10/lime_token.jsonl,/scratch/project_2005047/explainability/data_groundtruth/bcms/setimes_large/iter_folds/iter2/dev_iter2_fold10_features.jsonl,20438,9.528,15.499,77.192,25.815,62.814,shibboleth/models/bcms_setimes/iter2/model_fold10/lime_results.txt,12056448852.0,0.0,0.628,bcms,lime_token.jsonl
/scratch/project_2006235/shibboleth/models/bcms_setimes/iter2/model_fold10/ig_token.jsonl,/scratch/project_2005047/explainability/data_groundtruth/bcms/setimes_large/iter_folds/iter2/dev_iter2_fold10_features.jsonl,20438,7.252,12.7,61.206,21.035,54.806,shibboleth/models/bcms_setimes/iter2/model_fold10/ig_results.txt,10009090073.5,4.08e-266,0.548,bcms,ig_token.jsonl
/scratch/project_2006235/shibboleth/models/bcms_setimes/iter2/model_fold10/loo_token.jsonl,/scratch/project_2005047/explainability/data_groundtruth/bcms/setimes_large/iter_folds/iter2/dev_iter2_fold10_features.jsonl,20438,4.996,15.594,42.161,22.767,56.801,shibboleth/models/bcms_setimes/iter2/model_fold10/loo_results.txt,10373424024.5,0.0,0.568,bcms,loo_token.jsonl
/scratch/project_2006235/shibboleth/models/bcms_setimes/iter2/model_fold10/shap_token.jsonl,/scratch/project_2005047/explainability/data_groundtruth/bcms/setimes_large/iter_folds/iter2/dev_iter2_fold10_features.jsonl,20438,9.357,14.536,78.97,24.553,63.433,shibboleth/models/bcms_setimes/iter2/model_fold10/shap_results.txt,11584719919.5,0.0,0.634,bcms,shap_token.jsonl
/scratch/project_2006235/shibboleth/models/bcms_setimes/iter2/model_fold1/lime_token.jsonl,/scratch/project_2005047/explainability/data_groundtruth/bcms/setimes_large/iter_folds/iter2/dev_iter2_fold1_features.jsonl,20440,9.348,15.151,75.505,25.238,62.654,shibboleth/models/bcms_setimes/iter2/model_fold1/lime_results.txt,12236296005.0,0.0,0.627,bcms,lime_token.jsonl
/scratch/project_2006235/shibboleth/models/bcms_setimes/iter2/model_fold1/ig_token.jsonl,/scratch/project_2005047/explainability/data_groundtruth/bcms/setimes_large/iter_folds/iter2/dev_iter2_fold1_features.jsonl,20440,7.533,12.789,63.493,21.29,55.301,shibboleth/models/bcms_setimes/iter2/model_fold1/ig_results.txt,10257052301.0,0.0,0.553,bcms,ig_token.jsonl
/scratch/project_2006235/shibboleth/models/bcms_setimes/iter2/model_fold1/loo_token.jsonl,/scratch/project_2005047/explainability/data_groundtruth/bcms/setimes_large/iter_folds/iter2/dev_iter2_fold1_features.jsonl,20440,3.765,12.353,31.73,17.783,52.922,shibboleth/models/bcms_setimes/iter2/model_fold1/loo_results.txt,9815720715.0,4.558e-112,0.529,bcms,loo_token.jsonl
/scratch/project_2006235/shibboleth/models/bcms_setimes/iter2/model_fold1/shap_token.jsonl,/scratch/project_2005047/explainability/data_groundtruth/bcms/setimes_large/iter_folds/iter2/dev_iter2_fold1_features.jsonl,20440,9.515,15.143,80.193,25.475,65.008,shibboleth/models/bcms_setimes/iter2/model_fold1/shap_results.txt,12057536795.0,0.0,0.65,bcms,shap_token.jsonl
/scratch/project_2006235/shibboleth/models/bcms_setimes/iter2/model_fold6/lime_token.jsonl,/scratch/project_2005047/explainability/data_groundtruth/bcms/setimes_large/iter_folds/iter2/dev_iter2_fold6_features.jsonl,20439,9.53,15.708,76.981,26.092,63.093,shibboleth/models/bcms_setimes/iter2/model_fold6/lime_results.txt,12149080701.0,0.0,0.631,bcms,lime_token.jsonl
/scratch/project_2006235/shibboleth/models/bcms_setimes/iter2/model_fold6/ig_token.jsonl,/scratch/project_2005047/explainability/data_groundtruth/bcms/setimes_large/iter_folds/iter2/dev_iter2_fold6_features.jsonl,20439,7.415,13.014,62.503,21.542,56.333,shibboleth/models/bcms_setimes/iter2/model_fold6/ig_results.txt,10303443944.5,0.0,0.563,bcms,ig_token.jsonl
/scratch/project_2006235/shibboleth/models/bcms_setimes/iter2/model_fold6/loo_token.jsonl,/scratch/project_2005047/explainability/data_groundtruth/bcms/setimes_large/iter_folds/iter2/dev_iter2_fold6_features.jsonl,20439,7.193,14.901,60.63,23.923,59.139,shibboleth/models/bcms_setimes/iter2/model_fold6/loo_results.txt,10816698973.5,0.0,0.591,bcms,loo_token.jsonl
/scratch/project_2006235/shibboleth/models/bcms_setimes/iter2/model_fold6/shap_token.jsonl,/scratch/project_2005047/explainability/data_groundtruth/bcms/setimes_large/iter_folds/iter2/dev_iter2_fold6_features.jsonl,20439,9.315,14.479,78.517,24.449,64.26,shibboleth/models/bcms_setimes/iter2/model_fold6/shap_results.txt,11753203700.0,0.0,0.643,bcms,shap_token.jsonl
/scratch/project_2006235/shibboleth/models/bcms_setimes/iter2/model_fold8/lime_token.jsonl,/scratch/project_2005047/explainability/data_groundtruth/bcms/setimes_large/iter_folds/iter2/dev_iter2_fold8_features.jsonl,20438,9.766,15.611,78.424,26.038,63.309,shibboleth/models/bcms_setimes/iter2/model_fold8/lime_results.txt,12289585078.0,0.0,0.633,bcms,lime_token.jsonl
/scratch/project_2006235/shibboleth/models/bcms_setimes/iter2/model_fold8/ig_token.jsonl,/scratch/project_2005047/explainability/data_groundtruth/bcms/setimes_large/iter_folds/iter2/dev_iter2_fold8_features.jsonl,20438,7.838,13.473,65.705,22.36,57.844,shibboleth/models/bcms_setimes/iter2/model_fold8/ig_results.txt,10659266483.0,0.0,0.578,bcms,ig_token.jsonl
/scratch/project_2006235/shibboleth/models/bcms_setimes/iter2/model_fold8/loo_token.jsonl,/scratch/project_2005047/explainability/data_groundtruth/bcms/setimes_large/iter_folds/iter2/dev_iter2_fold8_features.jsonl,20438,6.064,16.296,50.835,24.68,58.871,shibboleth/models/bcms_setimes/iter2/model_fold8/loo_results.txt,10848530974.5,0.0,0.589,bcms,loo_token.jsonl
/scratch/project_2006235/shibboleth/models/bcms_setimes/iter2/model_fold8/shap_token.jsonl,/scratch/project_2005047/explainability/data_groundtruth/bcms/setimes_large/iter_folds/iter2/dev_iter2_fold8_features.jsonl,20438,9.516,14.72,79.774,24.853,65.261,shibboleth/models/bcms_setimes/iter2/model_fold8/shap_results.txt,12025980762.5,0.0,0.653,bcms,shap_token.jsonl
/scratch/project_2006235/shibboleth/models/bcms_setimes/iter2/model_fold4/lime_token.jsonl,/scratch/project_2005047/explainability/data_groundtruth/bcms/setimes_large/iter_folds/iter2/dev_iter2_fold4_features.jsonl,20439,9.761,15.389,78.022,25.707,63.19,shibboleth/models/bcms_setimes/iter2/model_fold4/lime_results.txt,12189102737.0,0.0,0.632,bcms,lime_token.jsonl
/scratch/project_2006235/shibboleth/models/bcms_setimes/iter2/model_fold4/ig_token.jsonl,/scratch/project_2005047/explainability/data_groundtruth/bcms/setimes_large/iter_folds/iter2/dev_iter2_fold4_features.jsonl,20439,7.851,13.06,65.375,21.771,56.696,shibboleth/models/bcms_setimes/iter2/model_fold4/ig_results.txt,10402562997.5,0.0,0.567,bcms,ig_token.jsonl
/scratch/project_2006235/shibboleth/models/bcms_setimes/iter2/model_fold4/loo_token.jsonl,/scratch/project_2005047/explainability/data_groundtruth/bcms/setimes_large/iter_folds/iter2/dev_iter2_fold4_features.jsonl,20439,8.008,13.494,66.688,22.446,56.947,shibboleth/models/bcms_setimes/iter2/model_fold4/loo_results.txt,10448625194.0,0.0,0.569,bcms,loo_token.jsonl
/scratch/project_2006235/shibboleth/models/bcms_setimes/iter2/model_fold4/shap_token.jsonl,/scratch/project_2005047/explainability/data_groundtruth/bcms/setimes_large/iter_folds/iter2/dev_iter2_fold4_features.jsonl,20439,9.781,14.722,81.447,24.937,65.347,shibboleth/models/bcms_setimes/iter2/model_fold4/shap_results.txt,11989881159.0,0.0,0.653,bcms,shap_token.jsonl
/scratch/project_2006235/shibboleth/models/bcms_setimes/iter2/model_fold7/lime_token.jsonl,/scratch/project_2005047/explainability/data_groundtruth/bcms/setimes_large/iter_folds/iter2/dev_iter2_fold7_features.jsonl,20439,9.487,15.276,76.14,25.447,62.293,shibboleth/models/bcms_setimes/iter2/model_fold7/lime_results.txt,11979815853.0,0.0,0.623,bcms,lime_token.jsonl
/scratch/project_2006235/shibboleth/models/bcms_setimes/iter2/model_fold7/ig_token.jsonl,/scratch/project_2005047/explainability/data_groundtruth/bcms/setimes_large/iter_folds/iter2/dev_iter2_fold7_features.jsonl,20439,7.682,13.056,64.43,21.713,56.007,shibboleth/models/bcms_setimes/iter2/model_fold7/ig_results.txt,10212257006.0,0.0,0.56,bcms,ig_token.jsonl
/scratch/project_2006235/shibboleth/models/bcms_setimes/iter2/model_fold7/loo_token.jsonl,/scratch/project_2005047/explainability/data_groundtruth/bcms/setimes_large/iter_folds/iter2/dev_iter2_fold7_features.jsonl,20439,2.756,13.163,23.118,16.774,48.979,shibboleth/models/bcms_setimes/iter2/model_fold7/loo_results.txt,8930709183.5,1.0,0.49,bcms,loo_token.jsonl
/scratch/project_2006235/shibboleth/models/bcms_setimes/iter2/model_fold7/shap_token.jsonl,/scratch/project_2005047/explainability/data_groundtruth/bcms/setimes_large/iter_folds/iter2/dev_iter2_fold7_features.jsonl,20439,9.394,14.77,78.791,24.877,62.717,shibboleth/models/bcms_setimes/iter2/model_fold7/shap_results.txt,11435724212.0,0.0,0.627,bcms,shap_token.jsonl
/scratch/project_2006235/shibboleth/models/bcms_setimes/iter2/model_fold3/lime_token.jsonl,/scratch/project_2005047/explainability/data_groundtruth/bcms/setimes_large/iter_folds/iter2/dev_iter2_fold3_features.jsonl,20439,9.499,15.262,77.06,25.478,62.525,shibboleth/models/bcms_setimes/iter2/model_fold3/lime_results.txt,12033341296.0,0.0,0.625,bcms,lime_token.jsonl
/scratch/project_2006235/shibboleth/models/bcms_setimes/iter2/model_fold3/ig_token.jsonl,/scratch/project_2005047/explainability/data_groundtruth/bcms/setimes_large/iter_folds/iter2/dev_iter2_fold3_features.jsonl,20439,7.951,13.294,67.053,22.189,57.613,shibboleth/models/bcms_setimes/iter2/model_fold3/ig_results.txt,10573390844.5,0.0,0.576,bcms,ig_token.jsonl
/scratch/project_2006235/shibboleth/models/bcms_setimes/iter2/model_fold3/loo_token.jsonl,/scratch/project_2005047/explainability/data_groundtruth/bcms/setimes_large/iter_folds/iter2/dev_iter2_fold3_features.jsonl,20439,2.655,12.592,22.393,16.119,49.122,shibboleth/models/bcms_setimes/iter2/model_fold3/loo_results.txt,9015021965.0,1.0,0.491,bcms,loo_token.jsonl
/scratch/project_2006235/shibboleth/models/bcms_setimes/iter2/model_fold3/shap_token.jsonl,/scratch/project_2005047/explainability/data_groundtruth/bcms/setimes_large/iter_folds/iter2/dev_iter2_fold3_features.jsonl,20439,9.57,14.536,80.701,24.635,62.67,shibboleth/models/bcms_setimes/iter2/model_fold3/shap_results.txt,11501300658.5,0.0,0.627,bcms,shap_token.jsonl
/scratch/project_2006235/shibboleth/models/bcms_setimes/iter2/model_fold9/lime_token.jsonl,/scratch/project_2005047/explainability/data_groundtruth/bcms/setimes_large/iter_folds/iter2/dev_iter2_fold9_features.jsonl,20438,9.498,15.231,76.81,25.421,62.815,shibboleth/models/bcms_setimes/iter2/model_fold9/lime_results.txt,12005542819.0,0.0,0.628,bcms,lime_token.jsonl
/scratch/project_2006235/shibboleth/models/bcms_setimes/iter2/model_fold9/ig_token.jsonl,/scratch/project_2005047/explainability/data_groundtruth/bcms/setimes_large/iter_folds/iter2/dev_iter2_fold9_features.jsonl,20438,7.017,12.628,59.192,20.815,54.212,shibboleth/models/bcms_setimes/iter2/model_fold9/ig_results.txt,9843538537.0,2.034e-204,0.542,bcms,ig_token.jsonl
/scratch/project_2006235/shibboleth/models/bcms_setimes/iter2/model_fold9/loo_token.jsonl,/scratch/project_2005047/explainability/data_groundtruth/bcms/setimes_large/iter_folds/iter2/dev_iter2_fold9_features.jsonl,20438,5.664,13.416,47.777,20.949,54.224,shibboleth/models/bcms_setimes/iter2/model_fold9/loo_results.txt,9845707260.0,4.891e-214,0.542,bcms,loo_token.jsonl
/scratch/project_2006235/shibboleth/models/bcms_setimes/iter2/model_fold9/shap_token.jsonl,/scratch/project_2005047/explainability/data_groundtruth/bcms/setimes_large/iter_folds/iter2/dev_iter2_fold9_features.jsonl,20438,9.221,14.541,77.781,24.501,63.607,shibboleth/models/bcms_setimes/iter2/model_fold9/shap_results.txt,11549503229.5,0.0,0.636,bcms,shap_token.jsonl
/scratch/project_2006235/shibboleth/models/bcms_setimes/iter3/model_fold5/lime_token.jsonl,/scratch/project_2005047/explainability/data_groundtruth/bcms/setimes_large/iter_folds/iter3/dev_iter3_fold5_features.jsonl,20439,9.501,15.455,76.911,25.737,62.892,shibboleth/models/bcms_setimes/iter3/model_fold5/lime_results.txt,12230908588.0,0.0,0.629,bcms,lime_token.jsonl
/scratch/project_2006235/shibboleth/models/bcms_setimes/iter3/model_fold5/ig_token.jsonl,/scratch/project_2005047/explainability/data_groundtruth/bcms/setimes_large/iter_folds/iter3/dev_iter3_fold5_features.jsonl,20439,8.229,13.074,69.088,21.987,56.817,shibboleth/models/bcms_setimes/iter3/model_fold5/ig_results.txt,10560078544.5,0.0,0.568,bcms,ig_token.jsonl
/scratch/project_2006235/shibboleth/models/bcms_setimes/iter3/model_fold5/loo_token.jsonl,/scratch/project_2005047/explainability/data_groundtruth/bcms/setimes_large/iter_folds/iter3/dev_iter3_fold5_features.jsonl,20439,5.067,14.0,42.544,21.067,53.612,shibboleth/models/bcms_setimes/iter3/model_fold5/loo_results.txt,9964280683.0,4.884e-164,0.536,bcms,loo_token.jsonl
/scratch/project_2006235/shibboleth/models/bcms_setimes/iter3/model_fold5/shap_token.jsonl,/scratch/project_2005047/explainability/data_groundtruth/bcms/setimes_large/iter_folds/iter3/dev_iter3_fold5_features.jsonl,20439,9.229,14.507,77.482,24.438,61.553,shibboleth/models/bcms_setimes/iter3/model_fold5/shap_results.txt,11440272638.5,0.0,0.616,bcms,shap_token.jsonl
/scratch/project_2006235/shibboleth/models/bcms_setimes/iter3/model_fold2/lime_token.jsonl,/scratch/project_2005047/explainability/data_groundtruth/bcms/setimes_large/iter_folds/iter3/dev_iter3_fold2_features.jsonl,20440,9.416,15.594,76.065,25.882,63.846,shibboleth/models/bcms_setimes/iter3/model_fold2/lime_results.txt,12345718645.0,0.0,0.638,bcms,lime_token.jsonl
/scratch/project_2006235/shibboleth/models/bcms_setimes/iter3/model_fold2/ig_token.jsonl,/scratch/project_2005047/explainability/data_groundtruth/bcms/setimes_large/iter_folds/iter3/dev_iter3_fold2_features.jsonl,20440,8.029,13.268,67.648,22.185,57.674,shibboleth/models/bcms_setimes/iter3/model_fold2/ig_results.txt,10597954753.0,0.0,0.577,bcms,ig_token.jsonl
/scratch/project_2006235/shibboleth/models/bcms_setimes/iter3/model_fold2/loo_token.jsonl,/scratch/project_2005047/explainability/data_groundtruth/bcms/setimes_large/iter_folds/iter3/dev_iter3_fold2_features.jsonl,20440,7.763,13.312,65.405,22.122,56.476,shibboleth/models/bcms_setimes/iter3/model_fold2/loo_results.txt,10377957339.5,0.0,0.565,bcms,loo_token.jsonl
/scratch/project_2006235/shibboleth/models/bcms_setimes/iter3/model_fold2/shap_token.jsonl,/scratch/project_2005047/explainability/data_groundtruth/bcms/setimes_large/iter_folds/iter3/dev_iter3_fold2_features.jsonl,20440,9.406,14.383,79.247,24.347,66.131,shibboleth/models/bcms_setimes/iter3/model_fold2/shap_results.txt,12152089829.5,0.0,0.661,bcms,shap_token.jsonl
/scratch/project_2006235/shibboleth/models/bcms_setimes/iter3/model_fold10/lime_token.jsonl,/scratch/project_2005047/explainability/data_groundtruth/bcms/setimes_large/iter_folds/iter3/dev_iter3_fold10_features.jsonl,20438,9.466,15.394,76.648,25.639,62.89,shibboleth/models/bcms_setimes/iter3/model_fold10/lime_results.txt,12136164694.0,0.0,0.629,bcms,lime_token.jsonl
/scratch/project_2006235/shibboleth/models/bcms_setimes/iter3/model_fold10/ig_token.jsonl,/scratch/project_2005047/explainability/data_groundtruth/bcms/setimes_large/iter_folds/iter3/dev_iter3_fold10_features.jsonl,20438,8.388,13.375,70.789,22.499,58.775,shibboleth/models/bcms_setimes/iter3/model_fold10/ig_results.txt,10785630102.0,0.0,0.588,bcms,ig_token.jsonl
/scratch/project_2006235/shibboleth/models/bcms_setimes/iter3/model_fold10/loo_token.jsonl,/scratch/project_2005047/explainability/data_groundtruth/bcms/setimes_large/iter_folds/iter3/dev_iter3_fold10_features.jsonl,20438,6.389,14.127,53.912,22.387,57.823,shibboleth/models/bcms_setimes/iter3/model_fold10/loo_results.txt,10611036944.5,0.0,0.578,bcms,loo_token.jsonl
/scratch/project_2006235/shibboleth/models/bcms_setimes/iter3/model_fold10/shap_token.jsonl,/scratch/project_2005047/explainability/data_groundtruth/bcms/setimes_large/iter_folds/iter3/dev_iter3_fold10_features.jsonl,20438,9.575,14.61,80.799,24.746,65.26,shibboleth/models/bcms_setimes/iter3/model_fold10/shap_results.txt,11975701620.5,0.0,0.653,bcms,shap_token.jsonl
/scratch/project_2006235/shibboleth/models/bcms_setimes/iter3/model_fold1/lime_token.jsonl,/scratch/project_2005047/explainability/data_groundtruth/bcms/setimes_large/iter_folds/iter3/dev_iter3_fold1_features.jsonl,20440,9.569,15.449,77.014,25.736,63.001,shibboleth/models/bcms_setimes/iter3/model_fold1/lime_results.txt,12168154756.0,0.0,0.63,bcms,lime_token.jsonl
/scratch/project_2006235/shibboleth/models/bcms_setimes/iter3/model_fold1/ig_token.jsonl,/scratch/project_2005047/explainability/data_groundtruth/bcms/setimes_large/iter_folds/iter3/dev_iter3_fold1_features.jsonl,20440,7.536,12.994,63.386,21.567,55.98,shibboleth/models/bcms_setimes/iter3/model_fold1/ig_results.txt,10250917604.0,0.0,0.56,bcms,ig_token.jsonl
/scratch/project_2006235/shibboleth/models/bcms_setimes/iter3/model_fold1/loo_token.jsonl,/scratch/project_2005047/explainability/data_groundtruth/bcms/setimes_large/iter_folds/iter3/dev_iter3_fold1_features.jsonl,20440,6.093,14.468,51.251,22.566,57.022,shibboleth/models/bcms_setimes/iter3/model_fold1/loo_results.txt,10441699527.5,0.0,0.57,bcms,loo_token.jsonl
/scratch/project_2006235/shibboleth/models/bcms_setimes/iter3/model_fold1/shap_token.jsonl,/scratch/project_2005047/explainability/data_groundtruth/bcms/setimes_large/iter_folds/iter3/dev_iter3_fold1_features.jsonl,20440,9.366,14.835,78.784,24.968,65.12,shibboleth/models/bcms_setimes/iter3/model_fold1/shap_results.txt,11924492804.5,0.0,0.651,bcms,shap_token.jsonl
/scratch/project_2006235/shibboleth/models/bcms_setimes/iter3/model_fold6/lime_token.jsonl,/scratch/project_2005047/explainability/data_groundtruth/bcms/setimes_large/iter_folds/iter3/dev_iter3_fold6_features.jsonl,20439,9.757,15.649,78.014,26.068,62.924,shibboleth/models/bcms_setimes/iter3/model_fold6/lime_results.txt,12243739792.0,0.0,0.629,bcms,lime_token.jsonl
/scratch/project_2006235/shibboleth/models/bcms_setimes/iter3/model_fold6/ig_token.jsonl,/scratch/project_2005047/explainability/data_groundtruth/bcms/setimes_large/iter_folds/iter3/dev_iter3_fold6_features.jsonl,20439,8.054,13.395,67.261,22.341,58.809,shibboleth/models/bcms_setimes/iter3/model_fold6/ig_results.txt,10856085738.0,0.0,0.588,bcms,ig_token.jsonl
/scratch/project_2006235/shibboleth/models/bcms_setimes/iter3/model_fold6/loo_token.jsonl,/scratch/project_2005047/explainability/data_groundtruth/bcms/setimes_large/iter_folds/iter3/dev_iter3_fold6_features.jsonl,20439,7.992,14.634,66.744,24.005,60.493,shibboleth/models/bcms_setimes/iter3/model_fold6/loo_results.txt,11167004698.0,0.0,0.605,bcms,loo_token.jsonl
/scratch/project_2006235/shibboleth/models/bcms_setimes/iter3/model_fold6/shap_token.jsonl,/scratch/project_2005047/explainability/data_groundtruth/bcms/setimes_large/iter_folds/iter3/dev_iter3_fold6_features.jsonl,20439,9.646,14.787,80.55,24.987,64.636,shibboleth/models/bcms_setimes/iter3/model_fold6/shap_results.txt,11931795664.5,0.0,0.646,bcms,shap_token.jsonl
/scratch/project_2006235/shibboleth/models/bcms_setimes/iter3/model_fold8/lime_token.jsonl,/scratch/project_2005047/explainability/data_groundtruth/bcms/setimes_large/iter_folds/iter3/dev_iter3_fold8_features.jsonl,20438,9.525,15.419,77.241,25.707,62.458,shibboleth/models/bcms_setimes/iter3/model_fold8/lime_results.txt,12038772318.0,0.0,0.625,bcms,lime_token.jsonl
/scratch/project_2006235/shibboleth/models/bcms_setimes/iter3/model_fold8/ig_token.jsonl,/scratch/project_2005047/explainability/data_groundtruth/bcms/setimes_large/iter_folds/iter3/dev_iter3_fold8_features.jsonl,20438,8.082,12.896,68.431,21.703,56.349,shibboleth/models/bcms_setimes/iter3/model_fold8/ig_results.txt,10308832102.5,0.0,0.563,bcms,ig_token.jsonl
/scratch/project_2006235/shibboleth/models/bcms_setimes/iter3/model_fold8/loo_token.jsonl,/scratch/project_2005047/explainability/data_groundtruth/bcms/setimes_large/iter_folds/iter3/dev_iter3_fold8_features.jsonl,20438,4.545,17.499,38.486,24.059,58.615,shibboleth/models/bcms_setimes/iter3/model_fold8/loo_results.txt,10723465082.0,0.0,0.586,bcms,loo_token.jsonl
/scratch/project_2006235/shibboleth/models/bcms_setimes/iter3/model_fold8/shap_token.jsonl,/scratch/project_2005047/explainability/data_groundtruth/bcms/setimes_large/iter_folds/iter3/dev_iter3_fold8_features.jsonl,20438,9.152,14.192,77.494,23.99,61.651,shibboleth/models/bcms_setimes/iter3/model_fold8/shap_results.txt,11278898825.0,0.0,0.617,bcms,shap_token.jsonl
/scratch/project_2006235/shibboleth/models/bcms_setimes/iter3/model_fold4/lime_token.jsonl,/scratch/project_2005047/explainability/data_groundtruth/bcms/setimes_large/iter_folds/iter3/dev_iter3_fold4_features.jsonl,20439,9.364,15.533,75.163,25.746,62.71,shibboleth/models/bcms_setimes/iter3/model_fold4/lime_results.txt,12132208735.0,0.0,0.627,bcms,lime_token.jsonl
/scratch/project_2006235/shibboleth/models/bcms_setimes/iter3/model_fold4/ig_token.jsonl,/scratch/project_2005047/explainability/data_groundtruth/bcms/setimes_large/iter_folds/iter3/dev_iter3_fold4_features.jsonl,20439,7.822,13.383,65.404,22.219,57.74,shibboleth/models/bcms_setimes/iter3/model_fold4/ig_results.txt,10626371866.0,0.0,0.577,bcms,ig_token.jsonl
/scratch/project_2006235/shibboleth/models/bcms_setimes/iter3/model_fold4/loo_token.jsonl,/scratch/project_2005047/explainability/data_groundtruth/bcms/setimes_large/iter_folds/iter3/dev_iter3_fold4_features.jsonl,20439,4.862,11.866,40.658,18.371,48.307,shibboleth/models/bcms_setimes/iter3/model_fold4/loo_results.txt,8890336423.0,1.0,0.483,bcms,loo_token.jsonl
/scratch/project_2006235/shibboleth/models/bcms_setimes/iter3/model_fold4/shap_token.jsonl,/scratch/project_2005047/explainability/data_groundtruth/bcms/setimes_large/iter_folds/iter3/dev_iter3_fold4_features.jsonl,20439,9.249,14.588,77.341,24.546,61.298,shibboleth/models/bcms_setimes/iter3/model_fold4/shap_results.txt,11281311398.0,0.0,0.613,bcms,shap_token.jsonl
/scratch/project_2006235/shibboleth/models/bcms_setimes/iter3/model_fold7/lime_token.jsonl,/scratch/project_2005047/explainability/data_groundtruth/bcms/setimes_large/iter_folds/iter3/dev_iter3_fold7_features.jsonl,20439,9.248,15.359,74.595,25.473,62.491,shibboleth/models/bcms_setimes/iter3/model_fold7/lime_results.txt,11903444017.0,0.0,0.625,bcms,lime_token.jsonl
/scratch/project_2006235/shibboleth/models/bcms_setimes/iter3/model_fold7/ig_token.jsonl,/scratch/project_2005047/explainability/data_groundtruth/bcms/setimes_large/iter_folds/iter3/dev_iter3_fold7_features.jsonl,20439,7.973,13.039,67.01,21.831,56.514,shibboleth/models/bcms_setimes/iter3/model_fold7/ig_results.txt,10240885437.0,0.0,0.565,bcms,ig_token.jsonl
/scratch/project_2006235/shibboleth/models/bcms_setimes/iter3/model_fold7/loo_token.jsonl,/scratch/project_2005047/explainability/data_groundtruth/bcms/setimes_large/iter_folds/iter3/dev_iter3_fold7_features.jsonl,20439,4.534,11.276,38.107,17.403,45.536,shibboleth/models/bcms_setimes/iter3/model_fold7/loo_results.txt,8251468163.0,1.0,0.455,bcms,loo_token.jsonl
/scratch/project_2006235/shibboleth/models/bcms_setimes/iter3/model_fold7/shap_token.jsonl,/scratch/project_2005047/explainability/data_groundtruth/bcms/setimes_large/iter_folds/iter3/dev_iter3_fold7_features.jsonl,20439,9.522,14.574,80.027,24.658,62.758,shibboleth/models/bcms_setimes/iter3/model_fold7/shap_results.txt,11372256644.0,0.0,0.628,bcms,shap_token.jsonl
/scratch/project_2006235/shibboleth/models/bcms_setimes/iter3/model_fold3/lime_token.jsonl,/scratch/project_2005047/explainability/data_groundtruth/bcms/setimes_large/iter_folds/iter3/dev_iter3_fold3_features.jsonl,20439,9.737,15.501,78.015,25.864,62.964,shibboleth/models/bcms_setimes/iter3/model_fold3/lime_results.txt,12159621780.0,0.0,0.63,bcms,lime_token.jsonl
/scratch/project_2006235/shibboleth/models/bcms_setimes/iter3/model_fold3/ig_token.jsonl,/scratch/project_2005047/explainability/data_groundtruth/bcms/setimes_large/iter_folds/iter3/dev_iter3_fold3_features.jsonl,20439,7.028,12.989,58.706,21.271,54.914,shibboleth/models/bcms_setimes/iter3/model_fold3/ig_results.txt,10079467259.5,5.428e-280,0.549,bcms,ig_token.jsonl
/scratch/project_2006235/shibboleth/models/bcms_setimes/iter3/model_fold3/loo_token.jsonl,/scratch/project_2005047/explainability/data_groundtruth/bcms/setimes_large/iter_folds/iter3/dev_iter3_fold3_features.jsonl,20439,7.748,14.031,64.718,23.062,57.909,shibboleth/models/bcms_setimes/iter3/model_fold3/loo_results.txt,10629276440.0,0.0,0.579,bcms,loo_token.jsonl
/scratch/project_2006235/shibboleth/models/bcms_setimes/iter3/model_fold3/shap_token.jsonl,/scratch/project_2005047/explainability/data_groundtruth/bcms/setimes_large/iter_folds/iter3/dev_iter3_fold3_features.jsonl,20439,9.415,14.578,78.645,24.596,64.998,shibboleth/models/bcms_setimes/iter3/model_fold3/shap_results.txt,11930420832.0,0.0,0.65,bcms,shap_token.jsonl
/scratch/project_2006235/shibboleth/models/bcms_setimes/iter3/model_fold9/lime_token.jsonl,/scratch/project_2005047/explainability/data_groundtruth/bcms/setimes_large/iter_folds/iter3/dev_iter3_fold9_features.jsonl,20438,9.362,15.216,75.912,25.351,62.715,shibboleth/models/bcms_setimes/iter3/model_fold9/lime_results.txt,11967797952.0,0.0,0.627,bcms,lime_token.jsonl
/scratch/project_2006235/shibboleth/models/bcms_setimes/iter3/model_fold9/ig_token.jsonl,/scratch/project_2005047/explainability/data_groundtruth/bcms/setimes_large/iter_folds/iter3/dev_iter3_fold9_features.jsonl,20438,7.475,12.993,63.211,21.555,56.351,shibboleth/models/bcms_setimes/iter3/model_fold9/ig_results.txt,10217810469.5,0.0,0.564,bcms,ig_token.jsonl
/scratch/project_2006235/shibboleth/models/bcms_setimes/iter3/model_fold9/loo_token.jsonl,/scratch/project_2005047/explainability/data_groundtruth/bcms/setimes_large/iter_folds/iter3/dev_iter3_fold9_features.jsonl,20438,4.198,11.964,35.499,17.897,50.552,shibboleth/models/bcms_setimes/iter3/model_fold9/loo_results.txt,9166318909.0,2.657e-05,0.506,bcms,loo_token.jsonl
/scratch/project_2006235/shibboleth/models/bcms_setimes/iter3/model_fold9/shap_token.jsonl,/scratch/project_2005047/explainability/data_groundtruth/bcms/setimes_large/iter_folds/iter3/dev_iter3_fold9_features.jsonl,20438,9.143,14.528,77.312,24.46,62.716,shibboleth/models/bcms_setimes/iter3/model_fold9/shap_results.txt,11371942133.0,0.0,0.627,bcms,shap_token.jsonl
/scratch/project_2006235/shibboleth/models/bcms_setimes/iter8/model_fold5/lime_token.jsonl,/scratch/project_2005047/explainability/data_groundtruth/bcms/setimes_large/iter_folds/iter8/dev_iter8_fold5_features.jsonl,20439,9.592,15.646,77.399,26.03,62.655,shibboleth/models/bcms_setimes/iter8/model_fold5/lime_results.txt,11948963794.0,0.0,0.627,bcms,lime_token.jsonl
/scratch/project_2006235/shibboleth/models/bcms_setimes/iter8/model_fold5/ig_token.jsonl,/scratch/project_2005047/explainability/data_groundtruth/bcms/setimes_large/iter_folds/iter8/dev_iter8_fold5_features.jsonl,20439,7.919,13.232,66.533,22.073,57.191,shibboleth/models/bcms_setimes/iter8/model_fold5/ig_results.txt,10382477336.5,0.0,0.572,bcms,ig_token.jsonl
/scratch/project_2006235/shibboleth/models/bcms_setimes/iter8/model_fold5/loo_token.jsonl,/scratch/project_2005047/explainability/data_groundtruth/bcms/setimes_large/iter_folds/iter8/dev_iter8_fold5_features.jsonl,20439,5.02,14.155,42.175,21.196,51.611,shibboleth/models/bcms_setimes/iter8/model_fold5/loo_results.txt,9369564590.0,3.14e-32,0.516,bcms,loo_token.jsonl
/scratch/project_2006235/shibboleth/models/bcms_setimes/iter8/model_fold5/shap_token.jsonl,/scratch/project_2005047/explainability/data_groundtruth/bcms/setimes_large/iter_folds/iter8/dev_iter8_fold5_features.jsonl,20439,9.314,14.442,78.245,24.384,63.177,shibboleth/models/bcms_setimes/iter8/model_fold5/shap_results.txt,11469201745.5,0.0,0.632,bcms,shap_token.jsonl
/scratch/project_2006235/shibboleth/models/bcms_setimes/iter8/model_fold2/lime_token.jsonl,/scratch/project_2005047/explainability/data_groundtruth/bcms/setimes_large/iter_folds/iter8/dev_iter8_fold2_features.jsonl,20440,9.599,15.135,77.772,25.339,63.241,shibboleth/models/bcms_setimes/iter8/model_fold2/lime_results.txt,12043598784.0,0.0,0.632,bcms,lime_token.jsonl
/scratch/project_2006235/shibboleth/models/bcms_setimes/iter8/model_fold2/ig_token.jsonl,/scratch/project_2005047/explainability/data_groundtruth/bcms/setimes_large/iter_folds/iter8/dev_iter8_fold2_features.jsonl,20440,7.508,12.888,63.562,21.431,56.237,shibboleth/models/bcms_setimes/iter8/model_fold2/ig_results.txt,10157224304.0,0.0,0.562,bcms,ig_token.jsonl
/scratch/project_2006235/shibboleth/models/bcms_setimes/iter8/model_fold2/loo_token.jsonl,/scratch/project_2005047/explainability/data_groundtruth/bcms/setimes_large/iter_folds/iter8/dev_iter8_fold2_features.jsonl,20440,7.948,14.021,67.284,23.207,59.276,shibboleth/models/bcms_setimes/iter8/model_fold2/loo_results.txt,10706073961.0,0.0,0.593,bcms,loo_token.jsonl
/scratch/project_2006235/shibboleth/models/bcms_setimes/iter8/model_fold2/shap_token.jsonl,/scratch/project_2005047/explainability/data_groundtruth/bcms/setimes_large/iter_folds/iter8/dev_iter8_fold2_features.jsonl,20440,9.309,14.293,78.811,24.197,65.787,shibboleth/models/bcms_setimes/iter8/model_fold2/shap_results.txt,11882102956.0,0.0,0.658,bcms,shap_token.jsonl
/scratch/project_2006235/shibboleth/models/bcms_setimes/iter8/model_fold10/lime_token.jsonl,/scratch/project_2005047/explainability/data_groundtruth/bcms/setimes_large/iter_folds/iter8/dev_iter8_fold10_features.jsonl,20438,9.653,15.701,77.573,26.116,62.876,shibboleth/models/bcms_setimes/iter8/model_fold10/lime_results.txt,12293419276.0,0.0,0.629,bcms,lime_token.jsonl
/scratch/project_2006235/shibboleth/models/bcms_setimes/iter8/model_fold10/ig_token.jsonl,/scratch/project_2005047/explainability/data_groundtruth/bcms/setimes_large/iter_folds/iter8/dev_iter8_fold10_features.jsonl,20438,8.346,13.535,69.781,22.673,58.832,shibboleth/models/bcms_setimes/iter8/model_fold10/ig_results.txt,10956272143.0,0.0,0.588,bcms,ig_token.jsonl
/scratch/project_2006235/shibboleth/models/bcms_setimes/iter8/model_fold10/loo_token.jsonl,/scratch/project_2005047/explainability/data_groundtruth/bcms/setimes_large/iter_folds/iter8/dev_iter8_fold10_features.jsonl,20438,7.862,13.683,65.736,22.651,58.074,shibboleth/models/bcms_setimes/iter8/model_fold10/loo_results.txt,10815169262.5,0.0,0.581,bcms,loo_token.jsonl
/scratch/project_2006235/shibboleth/models/bcms_setimes/iter8/model_fold10/shap_token.jsonl,/scratch/project_2005047/explainability/data_groundtruth/bcms/setimes_large/iter_folds/iter8/dev_iter8_fold10_features.jsonl,20438,9.539,14.829,79.759,25.008,64.731,shibboleth/models/bcms_setimes/iter8/model_fold10/shap_results.txt,12054770291.5,0.0,0.647,bcms,shap_token.jsonl
/scratch/project_2006235/shibboleth/models/bcms_setimes/iter8/model_fold1/lime_token.jsonl,/scratch/project_2005047/explainability/data_groundtruth/bcms/setimes_large/iter_folds/iter8/dev_iter8_fold1_features.jsonl,20440,9.668,15.557,77.658,25.921,62.437,shibboleth/models/bcms_setimes/iter8/model_fold1/lime_results.txt,12073589296.0,0.0,0.624,bcms,lime_token.jsonl
/scratch/project_2006235/shibboleth/models/bcms_setimes/iter8/model_fold1/ig_token.jsonl,/scratch/project_2005047/explainability/data_groundtruth/bcms/setimes_large/iter_folds/iter8/dev_iter8_fold1_features.jsonl,20440,8.076,13.315,67.675,22.251,57.454,shibboleth/models/bcms_setimes/iter8/model_fold1/ig_results.txt,10555001402.5,0.0,0.575,bcms,ig_token.jsonl
/scratch/project_2006235/shibboleth/models/bcms_setimes/iter8/model_fold1/loo_token.jsonl,/scratch/project_2005047/explainability/data_groundtruth/bcms/setimes_large/iter_folds/iter8/dev_iter8_fold1_features.jsonl,20440,2.676,15.707,22.422,18.473,54.739,shibboleth/models/bcms_setimes/iter8/model_fold1/loo_results.txt,10056195549.0,0.0,0.547,bcms,loo_token.jsonl
/scratch/project_2006235/shibboleth/models/bcms_setimes/iter8/model_fold1/shap_token.jsonl,/scratch/project_2005047/explainability/data_groundtruth/bcms/setimes_large/iter_folds/iter8/dev_iter8_fold1_features.jsonl,20440,9.575,14.653,80.232,24.78,62.79,shibboleth/models/bcms_setimes/iter8/model_fold1/shap_results.txt,11535181314.0,0.0,0.628,bcms,shap_token.jsonl
/scratch/project_2006235/shibboleth/models/bcms_setimes/iter8/model_fold6/lime_token.jsonl,/scratch/project_2005047/explainability/data_groundtruth/bcms/setimes_large/iter_folds/iter8/dev_iter8_fold6_features.jsonl,20439,9.44,15.406,76.145,25.628,62.944,shibboleth/models/bcms_setimes/iter8/model_fold6/lime_results.txt,12192923463.0,0.0,0.629,bcms,lime_token.jsonl
/scratch/project_2006235/shibboleth/models/bcms_setimes/iter8/model_fold6/ig_token.jsonl,/scratch/project_2005047/explainability/data_groundtruth/bcms/setimes_large/iter_folds/iter8/dev_iter8_fold6_features.jsonl,20439,8.577,13.622,72.017,22.911,59.366,shibboleth/models/bcms_setimes/iter8/model_fold6/ig_results.txt,10948390681.0,0.0,0.594,bcms,ig_token.jsonl
/scratch/project_2006235/shibboleth/models/bcms_setimes/iter8/model_fold6/loo_token.jsonl,/scratch/project_2005047/explainability/data_groundtruth/bcms/setimes_large/iter_folds/iter8/dev_iter8_fold6_features.jsonl,20439,3.798,11.152,31.886,16.525,46.792,shibboleth/models/bcms_setimes/iter8/model_fold6/loo_results.txt,8629398811.0,1.0,0.468,bcms,loo_token.jsonl
/scratch/project_2006235/shibboleth/models/bcms_setimes/iter8/model_fold6/shap_token.jsonl,/scratch/project_2005047/explainability/data_groundtruth/bcms/setimes_large/iter_folds/iter8/dev_iter8_fold6_features.jsonl,20439,9.368,14.296,78.656,24.195,64.319,shibboleth/models/bcms_setimes/iter8/model_fold6/shap_results.txt,11861908819.0,0.0,0.643,bcms,shap_token.jsonl
/scratch/project_2006235/shibboleth/models/bcms_setimes/iter8/model_fold8/lime_token.jsonl,/scratch/project_2005047/explainability/data_groundtruth/bcms/setimes_large/iter_folds/iter8/dev_iter8_fold8_features.jsonl,20438,9.586,15.474,77.323,25.788,62.624,shibboleth/models/bcms_setimes/iter8/model_fold8/lime_results.txt,12070993054.0,0.0,0.626,bcms,lime_token.jsonl
/scratch/project_2006235/shibboleth/models/bcms_setimes/iter8/model_fold8/ig_token.jsonl,/scratch/project_2005047/explainability/data_groundtruth/bcms/setimes_large/iter_folds/iter8/dev_iter8_fold8_features.jsonl,20438,7.997,13.305,67.144,22.209,57.742,shibboleth/models/bcms_setimes/iter8/model_fold8/ig_results.txt,10599107287.0,0.0,0.577,bcms,ig_token.jsonl
/scratch/project_2006235/shibboleth/models/bcms_setimes/iter8/model_fold8/loo_token.jsonl,/scratch/project_2005047/explainability/data_groundtruth/bcms/setimes_large/iter_folds/iter8/dev_iter8_fold8_features.jsonl,20438,5.971,15.926,50.134,24.173,58.923,shibboleth/models/bcms_setimes/iter8/model_fold8/loo_results.txt,10815921499.0,0.0,0.589,bcms,loo_token.jsonl
/scratch/project_2006235/shibboleth/models/bcms_setimes/iter8/model_fold8/shap_token.jsonl,/scratch/project_2005047/explainability/data_groundtruth/bcms/setimes_large/iter_folds/iter8/dev_iter8_fold8_features.jsonl,20438,9.284,14.513,77.947,24.47,63.079,shibboleth/models/bcms_setimes/iter8/model_fold8/shap_results.txt,11578779417.0,0.0,0.631,bcms,shap_token.jsonl
/scratch/project_2006235/shibboleth/models/bcms_setimes/iter8/model_fold4/lime_token.jsonl,/scratch/project_2005047/explainability/data_groundtruth/bcms/setimes_large/iter_folds/iter8/dev_iter8_fold4_features.jsonl,20439,8.964,15.073,72.187,24.939,61.531,shibboleth/models/bcms_setimes/iter8/model_fold4/lime_results.txt,11968728143.0,0.0,0.615,bcms,lime_token.jsonl
/scratch/project_2006235/shibboleth/models/bcms_setimes/iter8/model_fold4/ig_token.jsonl,/scratch/project_2005047/explainability/data_groundtruth/bcms/setimes_large/iter_folds/iter8/dev_iter8_fold4_features.jsonl,20439,6.905,12.879,57.918,21.072,54.097,shibboleth/models/bcms_setimes/iter8/model_fold4/ig_results.txt,10013134628.5,6.849e-196,0.541,bcms,ig_token.jsonl
/scratch/project_2006235/shibboleth/models/bcms_setimes/iter8/model_fold4/loo_token.jsonl,/scratch/project_2005047/explainability/data_groundtruth/bcms/setimes_large/iter_folds/iter8/dev_iter8_fold4_features.jsonl,20439,5.094,10.989,42.726,17.482,44.893,shibboleth/models/bcms_setimes/iter8/model_fold4/loo_results.txt,8309393267.0,1.0,0.449,bcms,loo_token.jsonl
/scratch/project_2006235/shibboleth/models/bcms_setimes/iter8/model_fold4/shap_token.jsonl,/scratch/project_2005047/explainability/data_groundtruth/bcms/setimes_large/iter_folds/iter8/dev_iter8_fold4_features.jsonl,20439,7.09,12.028,59.472,20.009,53.537,shibboleth/models/bcms_setimes/iter8/model_fold4/shap_results.txt,9909466698.0,1.348e-146,0.535,bcms,shap_token.jsonl
/scratch/project_2006235/shibboleth/models/bcms_setimes/iter8/model_fold7/lime_token.jsonl,/scratch/project_2005047/explainability/data_groundtruth/bcms/setimes_large/iter_folds/iter8/dev_iter8_fold7_features.jsonl,20439,9.537,15.106,77.058,25.26,62.615,shibboleth/models/bcms_setimes/iter8/model_fold7/lime_results.txt,12034953680.0,0.0,0.626,bcms,lime_token.jsonl
/scratch/project_2006235/shibboleth/models/bcms_setimes/iter8/model_fold7/ig_token.jsonl,/scratch/project_2005047/explainability/data_groundtruth/bcms/setimes_large/iter_folds/iter8/dev_iter8_fold7_features.jsonl,20439,7.453,12.849,62.869,21.337,55.445,shibboleth/models/bcms_setimes/iter8/model_fold7/ig_results.txt,10115730280.5,0.0,0.554,bcms,ig_token.jsonl
/scratch/project_2006235/shibboleth/models/bcms_setimes/iter8/model_fold7/loo_token.jsonl,/scratch/project_2005047/explainability/data_groundtruth/bcms/setimes_large/iter_folds/iter8/dev_iter8_fold7_features.jsonl,20439,6.064,15.86,51.149,24.212,58.738,shibboleth/models/bcms_setimes/iter8/model_fold7/loo_results.txt,10716560289.5,0.0,0.587,bcms,loo_token.jsonl
/scratch/project_2006235/shibboleth/models/bcms_setimes/iter8/model_fold7/shap_token.jsonl,/scratch/project_2005047/explainability/data_groundtruth/bcms/setimes_large/iter_folds/iter8/dev_iter8_fold7_features.jsonl,20439,9.111,14.395,76.853,24.248,62.865,shibboleth/models/bcms_setimes/iter8/model_fold7/shap_results.txt,11469495976.5,0.0,0.629,bcms,shap_token.jsonl
/scratch/project_2006235/shibboleth/models/bcms_setimes/iter8/model_fold3/lime_token.jsonl,/scratch/project_2005047/explainability/data_groundtruth/bcms/setimes_large/iter_folds/iter8/dev_iter8_fold3_features.jsonl,20439,9.16,14.983,74.313,24.937,62.691,shibboleth/models/bcms_setimes/iter8/model_fold3/lime_results.txt,12015212748.0,0.0,0.627,bcms,lime_token.jsonl
/scratch/project_2006235/shibboleth/models/bcms_setimes/iter8/model_fold3/ig_token.jsonl,/scratch/project_2005047/explainability/data_groundtruth/bcms/setimes_large/iter_folds/iter8/dev_iter8_fold3_features.jsonl,20439,8.046,13.838,67.952,22.993,59.653,shibboleth/models/bcms_setimes/iter8/model_fold3/ig_results.txt,10884637638.5,0.0,0.597,bcms,ig_token.jsonl
/scratch/project_2006235/shibboleth/models/bcms_setimes/iter8/model_fold3/loo_token.jsonl,/scratch/project_2005047/explainability/data_groundtruth/bcms/setimes_large/iter_folds/iter8/dev_iter8_fold3_features.jsonl,20439,5.072,11.285,42.831,17.863,47.786,shibboleth/models/bcms_setimes/iter8/model_fold3/loo_results.txt,8719250817.0,1.0,0.478,bcms,loo_token.jsonl
/scratch/project_2006235/shibboleth/models/bcms_setimes/iter8/model_fold3/shap_token.jsonl,/scratch/project_2005047/explainability/data_groundtruth/bcms/setimes_large/iter_folds/iter8/dev_iter8_fold3_features.jsonl,20439,9.217,14.135,77.844,23.926,63.755,shibboleth/models/bcms_setimes/iter8/model_fold3/shap_results.txt,11633010571.5,0.0,0.638,bcms,shap_token.jsonl
/scratch/project_2006235/shibboleth/models/bcms_setimes/iter8/model_fold9/lime_token.jsonl,/scratch/project_2005047/explainability/data_groundtruth/bcms/setimes_large/iter_folds/iter8/dev_iter8_fold9_features.jsonl,20438,9.738,15.735,78.085,26.191,63.039,shibboleth/models/bcms_setimes/iter8/model_fold9/lime_results.txt,12249397822.0,0.0,0.63,bcms,lime_token.jsonl
/scratch/project_2006235/shibboleth/models/bcms_setimes/iter8/model_fold9/ig_token.jsonl,/scratch/project_2005047/explainability/data_groundtruth/bcms/setimes_large/iter_folds/iter8/dev_iter8_fold9_features.jsonl,20438,7.887,13.424,66.22,22.322,57.744,shibboleth/models/bcms_setimes/iter8/model_fold9/ig_results.txt,10615852895.5,0.0,0.577,bcms,ig_token.jsonl
/scratch/project_2006235/shibboleth/models/bcms_setimes/iter8/model_fold9/loo_token.jsonl,/scratch/project_2005047/explainability/data_groundtruth/bcms/setimes_large/iter_folds/iter8/dev_iter8_fold9_features.jsonl,20438,2.5,13.579,20.994,16.491,50.54,shibboleth/models/bcms_setimes/iter8/model_fold9/loo_results.txt,9291435789.0,5.983e-06,0.505,bcms,loo_token.jsonl
/scratch/project_2006235/shibboleth/models/bcms_setimes/iter8/model_fold9/shap_token.jsonl,/scratch/project_2005047/explainability/data_groundtruth/bcms/setimes_large/iter_folds/iter8/dev_iter8_fold9_features.jsonl,20438,9.459,14.359,79.42,24.321,63.538,shibboleth/models/bcms_setimes/iter8/model_fold9/shap_results.txt,11680950641.5,0.0,0.635,bcms,shap_token.jsonl
