Predictions,Ground truth,Evaluation instances,Accuracy,Precision,Recall,F1-score,AUROC,filename,U-test U,U-test p,U-test f,lang group,attrib
/scratch/project_2006235/shibboleth/models/estonian_voro/iter5/model_fold5/shap_token.jsonl,/scratch/project_2005047/shibboleth/data/estonian_voro/iter_folds/iter5/dev_iter5_fold5_features.jsonl,4155,38.126,46.462,89.604,61.194,62.956,shibboleth/models/estonian_voro/iter5/model_fold5/shap_results+wl.txt,69754688.5,2.677e-230,0.63,estonian_voro,shap_token.jsonl
/scratch/project_2006235/shibboleth/models/estonian_voro/iter5/model_fold5/loo_token.jsonl,/scratch/project_2005047/shibboleth/data/estonian_voro/iter_folds/iter5/dev_iter5_fold5_features.jsonl,4155,23.683,45.544,55.661,50.097,54.828,shibboleth/models/estonian_voro/iter5/model_fold5/loo_results+wl.txt,60748720.0,7.533e-34,0.548,estonian_voro,loo_token.jsonl
/scratch/project_2006235/shibboleth/models/estonian_voro/iter5/model_fold5/lime_token.jsonl,/scratch/project_2005047/shibboleth/data/estonian_voro/iter_folds/iter5/dev_iter5_fold5_features.jsonl,4155,39.175,47.009,92.07,62.239,56.778,shibboleth/models/estonian_voro/iter5/model_fold5/lime_results+wl.txt,62765766.0,1.49e-64,0.568,estonian_voro,lime_token.jsonl
/scratch/project_2006235/shibboleth/models/estonian_voro/iter5/model_fold5/ig_token.jsonl,/scratch/project_2005047/shibboleth/data/estonian_voro/iter_folds/iter5/dev_iter5_fold5_features.jsonl,4155,33.032,45.979,77.632,57.753,61.57,shibboleth/models/estonian_voro/iter5/model_fold5/ig_results+wl.txt,68218359.5,3.97e-184,0.616,estonian_voro,ig_token.jsonl
/scratch/project_2006235/shibboleth/models/estonian_voro/iter5/model_fold2/shap_token.jsonl,/scratch/project_2005047/shibboleth/data/estonian_voro/iter_folds/iter5/dev_iter5_fold2_features.jsonl,4155,39.534,46.511,92.363,61.867,62.278,shibboleth/models/estonian_voro/iter5/model_fold2/shap_results+wl.txt,69781543.0,2.268e-208,0.623,estonian_voro,shap_token.jsonl
/scratch/project_2006235/shibboleth/models/estonian_voro/iter5/model_fold2/loo_token.jsonl,/scratch/project_2005047/shibboleth/data/estonian_voro/iter_folds/iter5/dev_iter5_fold2_features.jsonl,4155,30.305,46.053,70.803,55.807,56.768,shibboleth/models/estonian_voro/iter5/model_fold2/loo_results+wl.txt,63607819.0,4.719e-65,0.568,estonian_voro,loo_token.jsonl
/scratch/project_2006235/shibboleth/models/estonian_voro/iter5/model_fold2/lime_token.jsonl,/scratch/project_2005047/shibboleth/data/estonian_voro/iter_folds/iter5/dev_iter5_fold2_features.jsonl,4155,39.949,47.384,93.333,62.856,58.233,shibboleth/models/estonian_voro/iter5/model_fold2/lime_results+wl.txt,65123052.0,8.308e-95,0.582,estonian_voro,lime_token.jsonl
/scratch/project_2006235/shibboleth/models/estonian_voro/iter5/model_fold2/ig_token.jsonl,/scratch/project_2005047/shibboleth/data/estonian_voro/iter_folds/iter5/dev_iter5_fold2_features.jsonl,4155,34.633,45.592,80.913,58.322,61.954,shibboleth/models/estonian_voro/iter5/model_fold2/ig_results+wl.txt,69418774.5,1.189e-197,0.62,estonian_voro,ig_token.jsonl
/scratch/project_2006235/shibboleth/models/estonian_voro/iter5/model_fold10/shap_token.jsonl,/scratch/project_2005047/shibboleth/data/estonian_voro/iter_folds/iter5/dev_iter5_fold10_features.jsonl,4153,39.019,47.306,90.493,62.132,62.318,shibboleth/models/estonian_voro/iter5/model_fold10/shap_results+wl.txt,70478317.0,7.186e-211,0.623,estonian_voro,shap_token.jsonl
/scratch/project_2006235/shibboleth/models/estonian_voro/iter5/model_fold10/loo_token.jsonl,/scratch/project_2005047/shibboleth/data/estonian_voro/iter_folds/iter5/dev_iter5_fold10_features.jsonl,4153,18.462,44.34,42.816,43.565,52.501,shibboleth/models/estonian_voro/iter5/model_fold10/loo_results+wl.txt,59375327.5,9.71e-11,0.525,estonian_voro,loo_token.jsonl
/scratch/project_2006235/shibboleth/models/estonian_voro/iter5/model_fold10/lime_token.jsonl,/scratch/project_2005047/shibboleth/data/estonian_voro/iter_folds/iter5/dev_iter5_fold10_features.jsonl,4153,40.037,47.379,92.853,62.743,57.515,shibboleth/models/estonian_voro/iter5/model_fold10/lime_results+wl.txt,64813706.0,9.749e-80,0.575,estonian_voro,lime_token.jsonl
/scratch/project_2006235/shibboleth/models/estonian_voro/iter5/model_fold10/ig_token.jsonl,/scratch/project_2005047/shibboleth/data/estonian_voro/iter_folds/iter5/dev_iter5_fold10_features.jsonl,4153,33.116,46.128,76.803,57.639,60.89,shibboleth/models/estonian_voro/iter5/model_fold10/ig_results+wl.txt,68862890.0,2.553e-165,0.609,estonian_voro,ig_token.jsonl
/scratch/project_2006235/shibboleth/models/estonian_voro/iter5/model_fold1/shap_token.jsonl,/scratch/project_2005047/shibboleth/data/estonian_voro/iter_folds/iter5/dev_iter5_fold1_features.jsonl,4155,39.18,47.197,91.488,62.27,61.615,shibboleth/models/estonian_voro/iter5/model_fold1/shap_results+wl.txt,70878740.0,3.73e-189,0.616,estonian_voro,shap_token.jsonl
/scratch/project_2006235/shibboleth/models/estonian_voro/iter5/model_fold1/loo_token.jsonl,/scratch/project_2005047/shibboleth/data/estonian_voro/iter_folds/iter5/dev_iter5_fold1_features.jsonl,4155,8.165,44.228,19.065,26.645,47.426,shibboleth/models/estonian_voro/iter5/model_fold1/loo_results+wl.txt,54556470.5,1.0,0.474,estonian_voro,loo_token.jsonl
/scratch/project_2006235/shibboleth/models/estonian_voro/iter5/model_fold1/lime_token.jsonl,/scratch/project_2005047/shibboleth/data/estonian_voro/iter_folds/iter5/dev_iter5_fold1_features.jsonl,4155,39.626,47.603,92.531,62.865,57.92,shibboleth/models/estonian_voro/iter5/model_fold1/lime_results+wl.txt,66465592.0,5.117e-89,0.579,estonian_voro,lime_token.jsonl
/scratch/project_2006235/shibboleth/models/estonian_voro/iter5/model_fold1/ig_token.jsonl,/scratch/project_2005047/shibboleth/data/estonian_voro/iter_folds/iter5/dev_iter5_fold1_features.jsonl,4155,30.297,44.652,70.747,54.749,56.89,shibboleth/models/estonian_voro/iter5/model_fold1/ig_results+wl.txt,65443124.0,5.188e-68,0.569,estonian_voro,ig_token.jsonl
/scratch/project_2006235/shibboleth/models/estonian_voro/iter5/model_fold6/shap_token.jsonl,/scratch/project_2005047/shibboleth/data/estonian_voro/iter_folds/iter5/dev_iter5_fold6_features.jsonl,4154,38.62,45.679,90.818,60.785,62.92,shibboleth/models/estonian_voro/iter5/model_fold6/shap_results+wl.txt,73705714.0,2.178e-235,0.629,estonian_voro,shap_token.jsonl
/scratch/project_2006235/shibboleth/models/estonian_voro/iter5/model_fold6/loo_token.jsonl,/scratch/project_2005047/shibboleth/data/estonian_voro/iter_folds/iter5/dev_iter5_fold6_features.jsonl,4154,11.814,44.093,27.781,34.086,51.43,shibboleth/models/estonian_voro/iter5/model_fold6/loo_results+wl.txt,60246813.5,2.687e-05,0.514,estonian_voro,loo_token.jsonl
/scratch/project_2006235/shibboleth/models/estonian_voro/iter5/model_fold6/lime_token.jsonl,/scratch/project_2005047/shibboleth/data/estonian_voro/iter_folds/iter5/dev_iter5_fold6_features.jsonl,4154,39.258,47.046,92.32,62.329,58.171,shibboleth/models/estonian_voro/iter5/model_fold6/lime_results+wl.txt,67867084.0,2.635e-95,0.582,estonian_voro,lime_token.jsonl
/scratch/project_2006235/shibboleth/models/estonian_voro/iter5/model_fold6/ig_token.jsonl,/scratch/project_2005047/shibboleth/data/estonian_voro/iter_folds/iter5/dev_iter5_fold6_features.jsonl,4154,29.21,44.34,68.69,53.892,56.174,shibboleth/models/estonian_voro/iter5/model_fold6/ig_results+wl.txt,65803898.0,1.779e-55,0.562,estonian_voro,ig_token.jsonl
/scratch/project_2006235/shibboleth/models/estonian_voro/iter5/model_fold8/shap_token.jsonl,/scratch/project_2005047/shibboleth/data/estonian_voro/iter_folds/iter5/dev_iter5_fold8_features.jsonl,4153,38.678,44.986,91.759,60.373,62.75,shibboleth/models/estonian_voro/iter5/model_fold8/shap_results+wl.txt,72127135.0,6.954e-227,0.627,estonian_voro,shap_token.jsonl
/scratch/project_2006235/shibboleth/models/estonian_voro/iter5/model_fold8/loo_token.jsonl,/scratch/project_2005047/shibboleth/data/estonian_voro/iter_folds/iter5/dev_iter5_fold8_features.jsonl,4153,27.484,43.988,65.204,52.535,54.43,shibboleth/models/estonian_voro/iter5/model_fold8/loo_results+wl.txt,62564322.5,2.984e-29,0.544,estonian_voro,loo_token.jsonl
/scratch/project_2006235/shibboleth/models/estonian_voro/iter5/model_fold8/lime_token.jsonl,/scratch/project_2005047/shibboleth/data/estonian_voro/iter_folds/iter5/dev_iter5_fold8_features.jsonl,4153,38.751,46.295,91.934,61.581,57.791,shibboleth/models/estonian_voro/iter5/model_fold8/lime_results+wl.txt,66107742.0,6.474e-86,0.578,estonian_voro,lime_token.jsonl
/scratch/project_2006235/shibboleth/models/estonian_voro/iter5/model_fold8/ig_token.jsonl,/scratch/project_2005047/shibboleth/data/estonian_voro/iter_folds/iter5/dev_iter5_fold8_features.jsonl,4153,29.739,43.111,70.552,53.519,54.535,shibboleth/models/estonian_voro/iter5/model_fold8/ig_results+wl.txt,62685199.0,1.46e-30,0.545,estonian_voro,ig_token.jsonl
/scratch/project_2006235/shibboleth/models/estonian_voro/iter5/model_fold4/shap_token.jsonl,/scratch/project_2005047/shibboleth/data/estonian_voro/iter_folds/iter5/dev_iter5_fold4_features.jsonl,4155,39.023,45.662,91.977,61.027,62.784,shibboleth/models/estonian_voro/iter5/model_fold4/shap_results+wl.txt,73405353.0,3.145e-230,0.628,estonian_voro,shap_token.jsonl
/scratch/project_2006235/shibboleth/models/estonian_voro/iter5/model_fold4/loo_token.jsonl,/scratch/project_2005047/shibboleth/data/estonian_voro/iter_folds/iter5/dev_iter5_fold4_features.jsonl,4155,24.376,44.145,57.453,49.928,52.365,shibboleth/models/estonian_voro/iter5/model_fold4/loo_results+wl.txt,61223875.5,1.049e-09,0.524,estonian_voro,loo_token.jsonl
/scratch/project_2006235/shibboleth/models/estonian_voro/iter5/model_fold4/lime_token.jsonl,/scratch/project_2005047/shibboleth/data/estonian_voro/iter_folds/iter5/dev_iter5_fold4_features.jsonl,4155,39.197,47.174,92.385,62.457,58.399,shibboleth/models/estonian_voro/iter5/model_fold4/lime_results+wl.txt,68158355.0,1.45e-100,0.584,estonian_voro,lime_token.jsonl
/scratch/project_2006235/shibboleth/models/estonian_voro/iter5/model_fold4/ig_token.jsonl,/scratch/project_2005047/shibboleth/data/estonian_voro/iter_folds/iter5/dev_iter5_fold4_features.jsonl,4155,28.305,44.219,66.713,53.185,55.479,shibboleth/models/estonian_voro/iter5/model_fold4/ig_results+wl.txt,64864655.0,4.47e-44,0.555,estonian_voro,ig_token.jsonl
/scratch/project_2006235/shibboleth/models/estonian_voro/iter5/model_fold7/shap_token.jsonl,/scratch/project_2005047/shibboleth/data/estonian_voro/iter_folds/iter5/dev_iter5_fold7_features.jsonl,4154,38.491,45.265,90.977,60.453,61.651,shibboleth/models/estonian_voro/iter5/model_fold7/shap_results+wl.txt,72586019.5,3.201e-192,0.617,estonian_voro,shap_token.jsonl
/scratch/project_2006235/shibboleth/models/estonian_voro/iter5/model_fold7/loo_token.jsonl,/scratch/project_2005047/shibboleth/data/estonian_voro/iter_folds/iter5/dev_iter5_fold7_features.jsonl,4154,14.824,44.351,35.038,39.148,52.693,shibboleth/models/estonian_voro/iter5/model_fold7/loo_results+wl.txt,62039372.0,2.928e-12,0.527,estonian_voro,loo_token.jsonl
/scratch/project_2006235/shibboleth/models/estonian_voro/iter5/model_fold7/lime_token.jsonl,/scratch/project_2005047/shibboleth/data/estonian_voro/iter_folds/iter5/dev_iter5_fold7_features.jsonl,4154,38.878,46.949,91.89,62.146,57.994,shibboleth/models/estonian_voro/iter5/model_fold7/lime_results+wl.txt,68139136.0,1.46e-91,0.58,estonian_voro,lime_token.jsonl
/scratch/project_2006235/shibboleth/models/estonian_voro/iter5/model_fold7/ig_token.jsonl,/scratch/project_2005047/shibboleth/data/estonian_voro/iter_folds/iter5/dev_iter5_fold7_features.jsonl,4154,30.72,44.798,72.61,55.41,57.464,shibboleth/models/estonian_voro/iter5/model_fold7/ig_results+wl.txt,67656144.5,3.19e-80,0.575,estonian_voro,ig_token.jsonl
/scratch/project_2006235/shibboleth/models/estonian_voro/iter5/model_fold3/shap_token.jsonl,/scratch/project_2005047/shibboleth/data/estonian_voro/iter_folds/iter5/dev_iter5_fold3_features.jsonl,4155,38.59,45.567,90.843,60.691,61.881,shibboleth/models/estonian_voro/iter5/model_fold3/shap_results+wl.txt,71228664.0,1.14e-197,0.619,estonian_voro,shap_token.jsonl
/scratch/project_2006235/shibboleth/models/estonian_voro/iter5/model_fold3/loo_token.jsonl,/scratch/project_2005047/shibboleth/data/estonian_voro/iter_folds/iter5/dev_iter5_fold3_features.jsonl,4155,30.907,44.151,72.757,54.954,54.623,shibboleth/models/estonian_voro/iter5/model_fold3/loo_results+wl.txt,62874587.0,9.836e-32,0.546,estonian_voro,loo_token.jsonl
/scratch/project_2006235/shibboleth/models/estonian_voro/iter5/model_fold3/lime_token.jsonl,/scratch/project_2005047/shibboleth/data/estonian_voro/iter_folds/iter5/dev_iter5_fold3_features.jsonl,4155,37.891,46.697,89.198,61.301,58.033,shibboleth/models/estonian_voro/iter5/model_fold3/lime_results+wl.txt,66631046.5,1.839e-91,0.58,estonian_voro,lime_token.jsonl
/scratch/project_2006235/shibboleth/models/estonian_voro/iter5/model_fold3/ig_token.jsonl,/scratch/project_2005047/shibboleth/data/estonian_voro/iter_folds/iter5/dev_iter5_fold3_features.jsonl,4155,30.599,44.53,72.032,55.036,58.113,shibboleth/models/estonian_voro/iter5/model_fold3/ig_results+wl.txt,66891305.5,2.157e-93,0.581,estonian_voro,ig_token.jsonl
/scratch/project_2006235/shibboleth/models/estonian_voro/iter5/model_fold9/shap_token.jsonl,/scratch/project_2005047/shibboleth/data/estonian_voro/iter_folds/iter5/dev_iter5_fold9_features.jsonl,4153,38.782,46.881,90.167,61.688,62.275,shibboleth/models/estonian_voro/iter5/model_fold9/shap_results+wl.txt,72874771.5,6.485e-213,0.623,estonian_voro,shap_token.jsonl
/scratch/project_2006235/shibboleth/models/estonian_voro/iter5/model_fold9/loo_token.jsonl,/scratch/project_2005047/shibboleth/data/estonian_voro/iter_folds/iter5/dev_iter5_fold9_features.jsonl,4153,24.071,46.658,55.963,50.888,54.934,shibboleth/models/estonian_voro/iter5/model_fold9/loo_results+wl.txt,64284241.0,1.534e-37,0.549,estonian_voro,loo_token.jsonl
/scratch/project_2006235/shibboleth/models/estonian_voro/iter5/model_fold9/lime_token.jsonl,/scratch/project_2005047/shibboleth/data/estonian_voro/iter_folds/iter5/dev_iter5_fold9_features.jsonl,4153,40.066,47.658,93.151,63.056,57.867,shibboleth/models/estonian_voro/iter5/model_fold9/lime_results+wl.txt,67595910.5,1.113e-88,0.579,estonian_voro,lime_token.jsonl
/scratch/project_2006235/shibboleth/models/estonian_voro/iter5/model_fold9/ig_token.jsonl,/scratch/project_2005047/shibboleth/data/estonian_voro/iter_folds/iter5/dev_iter5_fold9_features.jsonl,4153,31.292,44.86,72.751,55.498,56.936,shibboleth/models/estonian_voro/iter5/model_fold9/ig_results+wl.txt,66626855.0,1.627e-69,0.569,estonian_voro,ig_token.jsonl
/scratch/project_2006235/shibboleth/models/estonian_voro/iter6/model_fold5/shap_token.jsonl,/scratch/project_2005047/shibboleth/data/estonian_voro/iter_folds/iter6/dev_iter6_fold5_features.jsonl,4155,38.048,46.588,89.247,61.219,62.703,shibboleth/models/estonian_voro/iter6/model_fold5/shap_results+wl.txt,72279198.0,6.484e-226,0.627,estonian_voro,shap_token.jsonl
/scratch/project_2006235/shibboleth/models/estonian_voro/iter6/model_fold5/loo_token.jsonl,/scratch/project_2005047/shibboleth/data/estonian_voro/iter_folds/iter6/dev_iter6_fold5_features.jsonl,4155,28.231,43.999,66.221,52.87,54.821,shibboleth/models/estonian_voro/iter6/model_fold5/loo_results+wl.txt,63192614.5,2.24e-34,0.548,estonian_voro,loo_token.jsonl
/scratch/project_2006235/shibboleth/models/estonian_voro/iter6/model_fold5/lime_token.jsonl,/scratch/project_2005047/shibboleth/data/estonian_voro/iter_folds/iter6/dev_iter6_fold5_features.jsonl,4155,39.16,47.154,91.857,62.318,56.477,shibboleth/models/estonian_voro/iter6/model_fold5/lime_results+wl.txt,64915686.0,2.851e-60,0.565,estonian_voro,lime_token.jsonl
/scratch/project_2006235/shibboleth/models/estonian_voro/iter6/model_fold5/ig_token.jsonl,/scratch/project_2005047/shibboleth/data/estonian_voro/iter_folds/iter6/dev_iter6_fold5_features.jsonl,4155,36.563,44.452,85.764,58.555,62.679,shibboleth/models/estonian_voro/iter6/model_fold5/ig_results+wl.txt,72250905.0,4.728e-225,0.627,estonian_voro,ig_token.jsonl
/scratch/project_2006235/shibboleth/models/estonian_voro/iter6/model_fold2/shap_token.jsonl,/scratch/project_2005047/shibboleth/data/estonian_voro/iter_folds/iter6/dev_iter6_fold2_features.jsonl,4155,39.291,45.238,93.16,60.902,62.69,shibboleth/models/estonian_voro/iter6/model_fold2/shap_results+wl.txt,68193265.0,9.576e-219,0.627,estonian_voro,shap_token.jsonl
/scratch/project_2006235/shibboleth/models/estonian_voro/iter6/model_fold2/loo_token.jsonl,/scratch/project_2005047/shibboleth/data/estonian_voro/iter_folds/iter6/dev_iter6_fold2_features.jsonl,4155,26.872,43.863,63.714,51.957,53.759,shibboleth/models/estonian_voro/iter6/model_fold2/loo_results+wl.txt,58478371.0,4.589e-21,0.538,estonian_voro,loo_token.jsonl
/scratch/project_2006235/shibboleth/models/estonian_voro/iter6/model_fold2/lime_token.jsonl,/scratch/project_2005047/shibboleth/data/estonian_voro/iter_folds/iter6/dev_iter6_fold2_features.jsonl,4155,39.12,46.7,92.756,62.123,57.879,shibboleth/models/estonian_voro/iter6/model_fold2/lime_results+wl.txt,62717579.0,1.57e-85,0.579,estonian_voro,lime_token.jsonl
/scratch/project_2006235/shibboleth/models/estonian_voro/iter6/model_fold2/ig_token.jsonl,/scratch/project_2005047/shibboleth/data/estonian_voro/iter_folds/iter6/dev_iter6_fold2_features.jsonl,4155,33.067,43.722,78.403,56.138,59.059,shibboleth/models/estonian_voro/iter6/model_fold2/ig_results+wl.txt,64244184.0,1.25e-112,0.591,estonian_voro,ig_token.jsonl
/scratch/project_2006235/shibboleth/models/estonian_voro/iter6/model_fold10/shap_token.jsonl,/scratch/project_2005047/shibboleth/data/estonian_voro/iter_folds/iter6/dev_iter6_fold10_features.jsonl,4153,39.731,47.085,91.617,62.202,61.435,shibboleth/models/estonian_voro/iter6/model_fold10/shap_results+wl.txt,72061130.5,1.786e-185,0.614,estonian_voro,shap_token.jsonl
/scratch/project_2006235/shibboleth/models/estonian_voro/iter6/model_fold10/loo_token.jsonl,/scratch/project_2005047/shibboleth/data/estonian_voro/iter_folds/iter6/dev_iter6_fold10_features.jsonl,4153,19.653,45.433,45.319,45.376,53.147,shibboleth/models/estonian_voro/iter6/model_fold10/loo_results+wl.txt,62339367.5,3.173e-16,0.531,estonian_voro,loo_token.jsonl
/scratch/project_2006235/shibboleth/models/estonian_voro/iter6/model_fold10/lime_token.jsonl,/scratch/project_2005047/shibboleth/data/estonian_voro/iter_folds/iter6/dev_iter6_fold10_features.jsonl,4153,40.032,47.755,92.312,62.947,57.948,shibboleth/models/estonian_voro/iter6/model_fold10/lime_results+wl.txt,67790180.0,1.244e-90,0.579,estonian_voro,lime_token.jsonl
/scratch/project_2006235/shibboleth/models/estonian_voro/iter6/model_fold10/ig_token.jsonl,/scratch/project_2005047/shibboleth/data/estonian_voro/iter_folds/iter6/dev_iter6_fold10_features.jsonl,4153,34.679,45.394,79.968,57.913,60.782,shibboleth/models/estonian_voro/iter6/model_fold10/ig_results+wl.txt,71295157.5,3.704e-165,0.608,estonian_voro,ig_token.jsonl
/scratch/project_2006235/shibboleth/models/estonian_voro/iter6/model_fold1/shap_token.jsonl,/scratch/project_2005047/shibboleth/data/estonian_voro/iter_folds/iter6/dev_iter6_fold1_features.jsonl,4155,38.028,46.133,90.039,61.008,61.658,shibboleth/models/estonian_voro/iter6/model_fold1/shap_results+wl.txt,71346202.5,9.071e-191,0.617,estonian_voro,shap_token.jsonl
/scratch/project_2006235/shibboleth/models/estonian_voro/iter6/model_fold1/loo_token.jsonl,/scratch/project_2005047/shibboleth/data/estonian_voro/iter_folds/iter6/dev_iter6_fold1_features.jsonl,4155,30.342,44.075,71.842,54.633,55.396,shibboleth/models/estonian_voro/iter6/model_fold1/loo_results+wl.txt,64101117.5,1.35e-42,0.554,estonian_voro,loo_token.jsonl
/scratch/project_2006235/shibboleth/models/estonian_voro/iter6/model_fold1/lime_token.jsonl,/scratch/project_2005047/shibboleth/data/estonian_voro/iter_folds/iter6/dev_iter6_fold1_features.jsonl,4155,39.146,46.655,92.687,62.067,57.935,shibboleth/models/estonian_voro/iter6/model_fold1/lime_results+wl.txt,66856022.0,1.895e-89,0.579,estonian_voro,lime_token.jsonl
/scratch/project_2006235/shibboleth/models/estonian_voro/iter6/model_fold1/ig_token.jsonl,/scratch/project_2005047/shibboleth/data/estonian_voro/iter_folds/iter6/dev_iter6_fold1_features.jsonl,4155,31.754,45.161,75.184,56.427,58.829,shibboleth/models/estonian_voro/iter6/model_fold1/ig_results+wl.txt,68072852.0,2.1e-110,0.588,estonian_voro,ig_token.jsonl
/scratch/project_2006235/shibboleth/models/estonian_voro/iter6/model_fold6/shap_token.jsonl,/scratch/project_2005047/shibboleth/data/estonian_voro/iter_folds/iter6/dev_iter6_fold6_features.jsonl,4154,37.809,46.182,88.086,60.595,62.254,shibboleth/models/estonian_voro/iter6/model_fold6/shap_results+wl.txt,70486930.5,1.064e-208,0.623,estonian_voro,shap_token.jsonl
/scratch/project_2006235/shibboleth/models/estonian_voro/iter6/model_fold6/loo_token.jsonl,/scratch/project_2005047/shibboleth/data/estonian_voro/iter_folds/iter6/dev_iter6_fold6_features.jsonl,4154,28.687,45.946,66.833,54.455,55.515,shibboleth/models/estonian_voro/iter6/model_fold6/loo_results+wl.txt,62856950.5,2.199e-44,0.555,estonian_voro,loo_token.jsonl
/scratch/project_2006235/shibboleth/models/estonian_voro/iter6/model_fold6/lime_token.jsonl,/scratch/project_2005047/shibboleth/data/estonian_voro/iter_folds/iter6/dev_iter6_fold6_features.jsonl,4154,39.909,47.144,92.977,62.565,57.559,shibboleth/models/estonian_voro/iter6/model_fold6/lime_results+wl.txt,64902091.0,1.27e-80,0.576,estonian_voro,lime_token.jsonl
/scratch/project_2006235/shibboleth/models/estonian_voro/iter6/model_fold6/ig_token.jsonl,/scratch/project_2005047/shibboleth/data/estonian_voro/iter_folds/iter6/dev_iter6_fold6_features.jsonl,4154,28.752,44.079,66.984,53.17,55.433,shibboleth/models/estonian_voro/iter6/model_fold6/ig_results+wl.txt,62763914.0,8.927e-43,0.554,estonian_voro,ig_token.jsonl
/scratch/project_2006235/shibboleth/models/estonian_voro/iter6/model_fold8/shap_token.jsonl,/scratch/project_2005047/shibboleth/data/estonian_voro/iter_folds/iter6/dev_iter6_fold8_features.jsonl,4153,38.707,45.338,92.519,60.854,62.136,shibboleth/models/estonian_voro/iter6/model_fold8/shap_results+wl.txt,73179818.0,4.239e-208,0.621,estonian_voro,shap_token.jsonl
/scratch/project_2006235/shibboleth/models/estonian_voro/iter6/model_fold8/loo_token.jsonl,/scratch/project_2005047/shibboleth/data/estonian_voro/iter_folds/iter6/dev_iter6_fold8_features.jsonl,4153,17.596,45.432,42.058,43.68,54.118,shibboleth/models/estonian_voro/iter6/model_fold8/loo_results+wl.txt,63736477.0,1.413e-27,0.541,estonian_voro,loo_token.jsonl
/scratch/project_2006235/shibboleth/models/estonian_voro/iter6/model_fold8/lime_token.jsonl,/scratch/project_2005047/shibboleth/data/estonian_voro/iter_folds/iter6/dev_iter6_fold8_features.jsonl,4153,38.911,46.42,93.007,61.931,57.746,shibboleth/models/estonian_voro/iter6/model_fold8/lime_results+wl.txt,67886962.0,5.252e-86,0.577,estonian_voro,lime_token.jsonl
/scratch/project_2006235/shibboleth/models/estonian_voro/iter6/model_fold8/ig_token.jsonl,/scratch/project_2005047/shibboleth/data/estonian_voro/iter_folds/iter6/dev_iter6_fold8_features.jsonl,4153,29.658,43.33,70.888,53.784,56.825,shibboleth/models/estonian_voro/iter6/model_fold8/ig_results+wl.txt,66924831.5,2.359e-67,0.568,estonian_voro,ig_token.jsonl
/scratch/project_2006235/shibboleth/models/estonian_voro/iter6/model_fold4/shap_token.jsonl,/scratch/project_2005047/shibboleth/data/estonian_voro/iter_folds/iter6/dev_iter6_fold4_features.jsonl,4155,38.058,46.301,88.441,60.781,62.447,shibboleth/models/estonian_voro/iter6/model_fold4/shap_results+wl.txt,72233690.5,1.327e-217,0.624,estonian_voro,shap_token.jsonl
/scratch/project_2006235/shibboleth/models/estonian_voro/iter6/model_fold4/loo_token.jsonl,/scratch/project_2005047/shibboleth/data/estonian_voro/iter_folds/iter6/dev_iter6_fold4_features.jsonl,4155,24.141,46.448,56.1,50.819,54.855,shibboleth/models/estonian_voro/iter6/model_fold4/loo_results+wl.txt,63452011.0,1.58e-35,0.549,estonian_voro,loo_token.jsonl
/scratch/project_2006235/shibboleth/models/estonian_voro/iter6/model_fold4/lime_token.jsonl,/scratch/project_2005047/shibboleth/data/estonian_voro/iter_folds/iter6/dev_iter6_fold4_features.jsonl,4155,39.767,47.311,92.411,62.583,57.371,shibboleth/models/estonian_voro/iter6/model_fold4/lime_results+wl.txt,66231583.0,1.112e-77,0.574,estonian_voro,lime_token.jsonl
/scratch/project_2006235/shibboleth/models/estonian_voro/iter6/model_fold4/ig_token.jsonl,/scratch/project_2005047/shibboleth/data/estonian_voro/iter_folds/iter6/dev_iter6_fold4_features.jsonl,4155,26.438,43.451,61.437,50.902,52.827,shibboleth/models/estonian_voro/iter6/model_fold4/ig_results+wl.txt,61105935.5,4.461e-13,0.528,estonian_voro,ig_token.jsonl
/scratch/project_2006235/shibboleth/models/estonian_voro/iter6/model_fold7/shap_token.jsonl,/scratch/project_2005047/shibboleth/data/estonian_voro/iter_folds/iter6/dev_iter6_fold7_features.jsonl,4154,38.805,46.243,90.095,61.117,62.803,shibboleth/models/estonian_voro/iter6/model_fold7/shap_results+wl.txt,72272120.0,1.5e-229,0.628,estonian_voro,shap_token.jsonl
/scratch/project_2006235/shibboleth/models/estonian_voro/iter6/model_fold7/loo_token.jsonl,/scratch/project_2005047/shibboleth/data/estonian_voro/iter_folds/iter6/dev_iter6_fold7_features.jsonl,4154,22.684,48.107,52.666,50.283,56.191,shibboleth/models/estonian_voro/iter6/model_fold7/loo_results+wl.txt,64663193.5,1.252e-58,0.562,estonian_voro,loo_token.jsonl
/scratch/project_2006235/shibboleth/models/estonian_voro/iter6/model_fold7/lime_token.jsonl,/scratch/project_2005047/shibboleth/data/estonian_voro/iter_folds/iter6/dev_iter6_fold7_features.jsonl,4154,39.891,47.932,92.617,63.171,57.212,shibboleth/models/estonian_voro/iter6/model_fold7/lime_results+wl.txt,65735720.0,2.747e-74,0.572,estonian_voro,lime_token.jsonl
/scratch/project_2006235/shibboleth/models/estonian_voro/iter6/model_fold7/ig_token.jsonl,/scratch/project_2005047/shibboleth/data/estonian_voro/iter_folds/iter6/dev_iter6_fold7_features.jsonl,4154,30.936,44.582,71.824,55.015,57.658,shibboleth/models/estonian_voro/iter6/model_fold7/ig_results+wl.txt,66350954.0,1.375e-83,0.577,estonian_voro,ig_token.jsonl
/scratch/project_2006235/shibboleth/models/estonian_voro/iter6/model_fold3/shap_token.jsonl,/scratch/project_2005047/shibboleth/data/estonian_voro/iter_folds/iter6/dev_iter6_fold3_features.jsonl,4155,39.475,45.78,92.722,61.296,62.066,shibboleth/models/estonian_voro/iter6/model_fold3/shap_results+wl.txt,70889092.5,4.425e-203,0.621,estonian_voro,shap_token.jsonl
/scratch/project_2006235/shibboleth/models/estonian_voro/iter6/model_fold3/loo_token.jsonl,/scratch/project_2005047/shibboleth/data/estonian_voro/iter_folds/iter6/dev_iter6_fold3_features.jsonl,4155,27.889,42.257,65.506,51.374,52.724,shibboleth/models/estonian_voro/iter6/model_fold3/loo_results+wl.txt,60218496.0,3.467e-12,0.527,estonian_voro,loo_token.jsonl
/scratch/project_2006235/shibboleth/models/estonian_voro/iter6/model_fold3/lime_token.jsonl,/scratch/project_2005047/shibboleth/data/estonian_voro/iter_folds/iter6/dev_iter6_fold3_features.jsonl,4155,39.365,46.918,92.461,62.249,58.842,shibboleth/models/estonian_voro/iter6/model_fold3/lime_results+wl.txt,67007719.0,6.512e-110,0.588,estonian_voro,lime_token.jsonl
/scratch/project_2006235/shibboleth/models/estonian_voro/iter6/model_fold3/ig_token.jsonl,/scratch/project_2005047/shibboleth/data/estonian_voro/iter_folds/iter6/dev_iter6_fold3_features.jsonl,4155,33.426,45.099,78.512,57.29,60.43,shibboleth/models/estonian_voro/iter6/model_fold3/ig_results+wl.txt,69020403.0,2.452e-152,0.604,estonian_voro,ig_token.jsonl
/scratch/project_2006235/shibboleth/models/estonian_voro/iter6/model_fold9/shap_token.jsonl,/scratch/project_2005047/shibboleth/data/estonian_voro/iter_folds/iter6/dev_iter6_fold9_features.jsonl,4153,38.974,45.387,92.046,60.796,62.657,shibboleth/models/estonian_voro/iter6/model_fold9/shap_results+wl.txt,73175584.5,1.596e-225,0.627,estonian_voro,shap_token.jsonl
/scratch/project_2006235/shibboleth/models/estonian_voro/iter6/model_fold9/loo_token.jsonl,/scratch/project_2005047/shibboleth/data/estonian_voro/iter_folds/iter6/dev_iter6_fold9_features.jsonl,4153,26.123,46.262,61.694,52.875,56.674,shibboleth/models/estonian_voro/iter6/model_fold9/loo_results+wl.txt,66187839.5,2.104e-65,0.567,estonian_voro,loo_token.jsonl
/scratch/project_2006235/shibboleth/models/estonian_voro/iter6/model_fold9/lime_token.jsonl,/scratch/project_2005047/shibboleth/data/estonian_voro/iter_folds/iter6/dev_iter6_fold9_features.jsonl,4153,39.462,46.921,93.199,62.417,56.776,shibboleth/models/estonian_voro/iter6/model_fold9/lime_results+wl.txt,66124084.0,3.964e-66,0.568,estonian_voro,lime_token.jsonl
/scratch/project_2006235/shibboleth/models/estonian_voro/iter6/model_fold9/ig_token.jsonl,/scratch/project_2005047/shibboleth/data/estonian_voro/iter_folds/iter6/dev_iter6_fold9_features.jsonl,4153,31.585,44.654,74.596,55.866,59.002,shibboleth/models/estonian_voro/iter6/model_fold9/ig_results+wl.txt,68906968.0,3.131e-115,0.59,estonian_voro,ig_token.jsonl
/scratch/project_2006235/shibboleth/models/estonian_voro/iter10/model_fold5/shap_token.jsonl,/scratch/project_2005047/shibboleth/data/estonian_voro/iter_folds/iter10/dev_iter10_fold5_features.jsonl,4155,37.507,46.241,88.594,60.766,61.679,shibboleth/models/estonian_voro/iter10/model_fold5/shap_results+wl.txt,72587003.0,4.12e-193,0.617,estonian_voro,shap_token.jsonl
/scratch/project_2006235/shibboleth/models/estonian_voro/iter10/model_fold5/loo_token.jsonl,/scratch/project_2005047/shibboleth/data/estonian_voro/iter_folds/iter10/dev_iter10_fold5_features.jsonl,4155,21.407,43.902,50.564,46.998,52.993,shibboleth/models/estonian_voro/iter10/model_fold5/loo_results+wl.txt,62365249.0,1.507e-14,0.53,estonian_voro,loo_token.jsonl
/scratch/project_2006235/shibboleth/models/estonian_voro/iter10/model_fold5/lime_token.jsonl,/scratch/project_2005047/shibboleth/data/estonian_voro/iter_folds/iter10/dev_iter10_fold5_features.jsonl,4155,39.285,46.688,92.793,62.12,57.567,shibboleth/models/estonian_voro/iter10/model_fold5/lime_results+wl.txt,67539996.0,3.102e-82,0.576,estonian_voro,lime_token.jsonl
/scratch/project_2006235/shibboleth/models/estonian_voro/iter10/model_fold5/ig_token.jsonl,/scratch/project_2005047/shibboleth/data/estonian_voro/iter_folds/iter10/dev_iter10_fold5_features.jsonl,4155,32.733,46.18,77.317,57.823,62.766,shibboleth/models/estonian_voro/iter10/model_fold5/ig_results+wl.txt,73865585.0,3.04e-230,0.628,estonian_voro,ig_token.jsonl
/scratch/project_2006235/shibboleth/models/estonian_voro/iter10/model_fold2/shap_token.jsonl,/scratch/project_2005047/shibboleth/data/estonian_voro/iter_folds/iter10/dev_iter10_fold2_features.jsonl,4155,38.462,47.157,89.707,61.818,62.877,shibboleth/models/estonian_voro/iter10/model_fold2/shap_results+wl.txt,73178382.5,2.383e-233,0.629,estonian_voro,shap_token.jsonl
/scratch/project_2006235/shibboleth/models/estonian_voro/iter10/model_fold2/loo_token.jsonl,/scratch/project_2005047/shibboleth/data/estonian_voro/iter_folds/iter10/dev_iter10_fold2_features.jsonl,4155,19.78,43.704,46.135,44.887,51.721,shibboleth/models/estonian_voro/iter10/model_fold2/loo_results+wl.txt,60194322.5,6.61e-06,0.517,estonian_voro,loo_token.jsonl
/scratch/project_2006235/shibboleth/models/estonian_voro/iter10/model_fold2/lime_token.jsonl,/scratch/project_2005047/shibboleth/data/estonian_voro/iter_folds/iter10/dev_iter10_fold2_features.jsonl,4155,39.945,47.618,93.167,63.024,59.154,shibboleth/models/estonian_voro/iter10/model_fold2/lime_results+wl.txt,68621808.5,7.995e-119,0.592,estonian_voro,lime_token.jsonl
/scratch/project_2006235/shibboleth/models/estonian_voro/iter10/model_fold2/ig_token.jsonl,/scratch/project_2005047/shibboleth/data/estonian_voro/iter_folds/iter10/dev_iter10_fold2_features.jsonl,4155,31.087,45.063,72.507,55.582,57.655,shibboleth/models/estonian_voro/iter10/model_fold2/ig_results+wl.txt,67100410.5,6.1e-84,0.577,estonian_voro,ig_token.jsonl
/scratch/project_2006235/shibboleth/models/estonian_voro/iter10/model_fold10/shap_token.jsonl,/scratch/project_2005047/shibboleth/data/estonian_voro/iter_folds/iter10/dev_iter10_fold10_features.jsonl,4153,37.499,46.081,87.758,60.43,61.174,shibboleth/models/estonian_voro/iter10/model_fold10/shap_results+wl.txt,69012211.0,1.601e-173,0.612,estonian_voro,shap_token.jsonl
/scratch/project_2006235/shibboleth/models/estonian_voro/iter10/model_fold10/loo_token.jsonl,/scratch/project_2005047/shibboleth/data/estonian_voro/iter_folds/iter10/dev_iter10_fold10_features.jsonl,4153,29.313,44.449,68.602,53.945,53.252,shibboleth/models/estonian_voro/iter10/model_fold10/loo_results+wl.txt,60074767.0,1.601e-16,0.533,estonian_voro,loo_token.jsonl
/scratch/project_2006235/shibboleth/models/estonian_voro/iter10/model_fold10/lime_token.jsonl,/scratch/project_2005047/shibboleth/data/estonian_voro/iter_folds/iter10/dev_iter10_fold10_features.jsonl,4153,38.814,46.846,90.835,61.813,56.646,shibboleth/models/estonian_voro/iter10/model_fold10/lime_results+wl.txt,63807043.0,9.454e-63,0.566,estonian_voro,lime_token.jsonl
/scratch/project_2006235/shibboleth/models/estonian_voro/iter10/model_fold10/ig_token.jsonl,/scratch/project_2005047/shibboleth/data/estonian_voro/iter_folds/iter10/dev_iter10_fold10_features.jsonl,4153,32.64,45.044,76.386,56.67,59.064,shibboleth/models/estonian_voro/iter10/model_fold10/ig_results+wl.txt,66631500.0,5.856e-115,0.591,estonian_voro,ig_token.jsonl
/scratch/project_2006235/shibboleth/models/estonian_voro/iter10/model_fold1/shap_token.jsonl,/scratch/project_2005047/shibboleth/data/estonian_voro/iter_folds/iter10/dev_iter10_fold1_features.jsonl,4155,39.056,46.87,91.069,61.888,62.752,shibboleth/models/estonian_voro/iter10/model_fold1/shap_results+wl.txt,73649028.0,7.678e-230,0.628,estonian_voro,shap_token.jsonl
/scratch/project_2006235/shibboleth/models/estonian_voro/iter10/model_fold1/loo_token.jsonl,/scratch/project_2005047/shibboleth/data/estonian_voro/iter_folds/iter10/dev_iter10_fold1_features.jsonl,4155,16.503,43.814,38.48,40.974,51.076,shibboleth/models/estonian_voro/iter10/model_fold1/loo_results+wl.txt,59945546.5,0.003141,0.511,estonian_voro,loo_token.jsonl
/scratch/project_2006235/shibboleth/models/estonian_voro/iter10/model_fold1/lime_token.jsonl,/scratch/project_2005047/shibboleth/data/estonian_voro/iter_folds/iter10/dev_iter10_fold1_features.jsonl,4155,39.571,46.855,92.27,62.15,57.48,shibboleth/models/estonian_voro/iter10/model_fold1/lime_results+wl.txt,67198593.0,2.258e-80,0.575,estonian_voro,lime_token.jsonl
/scratch/project_2006235/shibboleth/models/estonian_voro/iter10/model_fold1/ig_token.jsonl,/scratch/project_2005047/shibboleth/data/estonian_voro/iter_folds/iter10/dev_iter10_fold1_features.jsonl,4155,32.307,45.361,75.332,56.626,59.921,shibboleth/models/estonian_voro/iter10/model_fold1/ig_results+wl.txt,70326673.0,4.696e-140,0.599,estonian_voro,ig_token.jsonl
/scratch/project_2006235/shibboleth/models/estonian_voro/iter10/model_fold6/shap_token.jsonl,/scratch/project_2005047/shibboleth/data/estonian_voro/iter_folds/iter10/dev_iter10_fold6_features.jsonl,4154,39.248,45.291,92.948,60.905,64.221,shibboleth/models/estonian_voro/iter10/model_fold6/shap_results+wl.txt,72358700.5,5.473e-279,0.642,estonian_voro,shap_token.jsonl
/scratch/project_2006235/shibboleth/models/estonian_voro/iter10/model_fold6/loo_token.jsonl,/scratch/project_2005047/shibboleth/data/estonian_voro/iter_folds/iter10/dev_iter10_fold6_features.jsonl,4154,31.277,45.022,74.07,56.003,56.327,shibboleth/models/estonian_voro/iter10/model_fold6/loo_results+wl.txt,63464207.5,5.093e-57,0.563,estonian_voro,loo_token.jsonl
/scratch/project_2006235/shibboleth/models/estonian_voro/iter10/model_fold6/lime_token.jsonl,/scratch/project_2005047/shibboleth/data/estonian_voro/iter_folds/iter10/dev_iter10_fold6_features.jsonl,4154,39.035,47.155,92.442,62.453,58.635,shibboleth/models/estonian_voro/iter10/model_fold6/lime_results+wl.txt,65807908.0,4.566e-104,0.586,estonian_voro,lime_token.jsonl
/scratch/project_2006235/shibboleth/models/estonian_voro/iter10/model_fold6/ig_token.jsonl,/scratch/project_2005047/shibboleth/data/estonian_voro/iter_folds/iter10/dev_iter10_fold6_features.jsonl,4154,31.941,44.19,75.644,55.789,58.894,shibboleth/models/estonian_voro/iter10/model_fold6/ig_results+wl.txt,66356964.0,1.476e-110,0.589,estonian_voro,ig_token.jsonl
/scratch/project_2006235/shibboleth/models/estonian_voro/iter10/model_fold8/shap_token.jsonl,/scratch/project_2005047/shibboleth/data/estonian_voro/iter_folds/iter10/dev_iter10_fold8_features.jsonl,4153,38.109,46.726,89.419,61.379,62.091,shibboleth/models/estonian_voro/iter10/model_fold8/shap_results+wl.txt,70337071.5,4.107e-203,0.621,estonian_voro,shap_token.jsonl
/scratch/project_2006235/shibboleth/models/estonian_voro/iter10/model_fold8/loo_token.jsonl,/scratch/project_2005047/shibboleth/data/estonian_voro/iter_folds/iter10/dev_iter10_fold8_features.jsonl,4153,15.644,42.024,36.708,39.187,49.83,shibboleth/models/estonian_voro/iter10/model_fold8/loo_results+wl.txt,56447812.0,0.6659,0.498,estonian_voro,loo_token.jsonl
/scratch/project_2006235/shibboleth/models/estonian_voro/iter10/model_fold8/lime_token.jsonl,/scratch/project_2005047/shibboleth/data/estonian_voro/iter_folds/iter10/dev_iter10_fold8_features.jsonl,4153,39.71,46.811,93.174,62.315,57.115,shibboleth/models/estonian_voro/iter10/model_fold8/lime_results+wl.txt,64506768.5,1.129e-71,0.571,estonian_voro,lime_token.jsonl
/scratch/project_2006235/shibboleth/models/estonian_voro/iter10/model_fold8/ig_token.jsonl,/scratch/project_2005047/shibboleth/data/estonian_voro/iter_folds/iter10/dev_iter10_fold8_features.jsonl,4153,31.409,44.534,73.699,55.519,58.256,shibboleth/models/estonian_voro/iter10/model_fold8/ig_results+wl.txt,65992717.5,6.315e-96,0.583,estonian_voro,ig_token.jsonl
/scratch/project_2006235/shibboleth/models/estonian_voro/iter10/model_fold4/shap_token.jsonl,/scratch/project_2005047/shibboleth/data/estonian_voro/iter_folds/iter10/dev_iter10_fold4_features.jsonl,4155,37.097,45.666,87.602,60.036,61.099,shibboleth/models/estonian_voro/iter10/model_fold4/shap_results+wl.txt,71842119.0,1.416e-174,0.611,estonian_voro,shap_token.jsonl
/scratch/project_2006235/shibboleth/models/estonian_voro/iter10/model_fold4/loo_token.jsonl,/scratch/project_2005047/shibboleth/data/estonian_voro/iter_folds/iter10/dev_iter10_fold4_features.jsonl,4155,29.229,43.195,69.021,53.136,52.684,shibboleth/models/estonian_voro/iter10/model_fold4/loo_results+wl.txt,61947694.5,5.009e-12,0.527,estonian_voro,loo_token.jsonl
/scratch/project_2006235/shibboleth/models/estonian_voro/iter10/model_fold4/lime_token.jsonl,/scratch/project_2005047/shibboleth/data/estonian_voro/iter_folds/iter10/dev_iter10_fold4_features.jsonl,4155,37.834,46.627,89.341,61.275,56.778,shibboleth/models/estonian_voro/iter10/model_fold4/lime_results+wl.txt,66678533.0,1.948e-66,0.568,estonian_voro,lime_token.jsonl
/scratch/project_2006235/shibboleth/models/estonian_voro/iter10/model_fold4/ig_token.jsonl,/scratch/project_2005047/shibboleth/data/estonian_voro/iter_folds/iter10/dev_iter10_fold4_features.jsonl,4155,33.679,45.326,79.53,57.743,61.093,shibboleth/models/estonian_voro/iter10/model_fold4/ig_results+wl.txt,71835279.5,2.145e-174,0.611,estonian_voro,ig_token.jsonl
/scratch/project_2006235/shibboleth/models/estonian_voro/iter10/model_fold7/shap_token.jsonl,/scratch/project_2005047/shibboleth/data/estonian_voro/iter_folds/iter10/dev_iter10_fold7_features.jsonl,4154,39.532,46.363,92.711,61.814,63.575,shibboleth/models/estonian_voro/iter10/model_fold7/shap_results+wl.txt,71385288.5,2.63e-254,0.636,estonian_voro,shap_token.jsonl
/scratch/project_2006235/shibboleth/models/estonian_voro/iter10/model_fold7/loo_token.jsonl,/scratch/project_2005047/shibboleth/data/estonian_voro/iter_folds/iter10/dev_iter10_fold7_features.jsonl,4154,21.923,43.312,51.415,47.017,52.47,shibboleth/models/estonian_voro/iter10/model_fold7/loo_results+wl.txt,58915954.5,2.728e-10,0.525,estonian_voro,loo_token.jsonl
/scratch/project_2006235/shibboleth/models/estonian_voro/iter10/model_fold7/lime_token.jsonl,/scratch/project_2005047/shibboleth/data/estonian_voro/iter_folds/iter10/dev_iter10_fold7_features.jsonl,4154,39.43,47.247,92.471,62.54,57.179,shibboleth/models/estonian_voro/iter10/model_fold7/lime_results+wl.txt,64063887.0,1.155e-72,0.572,estonian_voro,lime_token.jsonl
/scratch/project_2006235/shibboleth/models/estonian_voro/iter10/model_fold7/ig_token.jsonl,/scratch/project_2005047/shibboleth/data/estonian_voro/iter_folds/iter10/dev_iter10_fold7_features.jsonl,4154,32.818,44.548,76.964,56.432,58.79,shibboleth/models/estonian_voro/iter10/model_fold7/ig_results+wl.txt,66011801.0,5.737e-108,0.588,estonian_voro,ig_token.jsonl
/scratch/project_2006235/shibboleth/models/estonian_voro/iter10/model_fold3/shap_token.jsonl,/scratch/project_2005047/shibboleth/data/estonian_voro/iter_folds/iter10/dev_iter10_fold3_features.jsonl,4155,38.996,45.394,90.927,60.557,62.391,shibboleth/models/estonian_voro/iter10/model_fold3/shap_results+wl.txt,70219440.0,1.012e-212,0.624,estonian_voro,shap_token.jsonl
/scratch/project_2006235/shibboleth/models/estonian_voro/iter10/model_fold3/loo_token.jsonl,/scratch/project_2005047/shibboleth/data/estonian_voro/iter_folds/iter10/dev_iter10_fold3_features.jsonl,4155,24.972,43.682,58.227,49.916,52.795,shibboleth/models/estonian_voro/iter10/model_fold3/loo_results+wl.txt,59419201.5,1.135e-12,0.528,estonian_voro,loo_token.jsonl
/scratch/project_2006235/shibboleth/models/estonian_voro/iter10/model_fold3/lime_token.jsonl,/scratch/project_2005047/shibboleth/data/estonian_voro/iter_folds/iter10/dev_iter10_fold3_features.jsonl,4155,39.401,47.607,91.871,62.715,59.732,shibboleth/models/estonian_voro/iter10/model_fold3/lime_results+wl.txt,67021393.0,7.867e-132,0.597,estonian_voro,lime_token.jsonl
/scratch/project_2006235/shibboleth/models/estonian_voro/iter10/model_fold3/ig_token.jsonl,/scratch/project_2005047/shibboleth/data/estonian_voro/iter_folds/iter10/dev_iter10_fold3_features.jsonl,4155,31.61,45.7,73.703,56.418,59.047,shibboleth/models/estonian_voro/iter10/model_fold3/ig_results+wl.txt,66454789.0,1.829e-114,0.59,estonian_voro,ig_token.jsonl
/scratch/project_2006235/shibboleth/models/estonian_voro/iter10/model_fold9/shap_token.jsonl,/scratch/project_2005047/shibboleth/data/estonian_voro/iter_folds/iter10/dev_iter10_fold9_features.jsonl,4153,38.843,46.061,91.083,61.182,63.654,shibboleth/models/estonian_voro/iter10/model_fold9/shap_results+wl.txt,74637426.5,7.781e-263,0.637,estonian_voro,shap_token.jsonl
/scratch/project_2006235/shibboleth/models/estonian_voro/iter10/model_fold9/loo_token.jsonl,/scratch/project_2005047/shibboleth/data/estonian_voro/iter_folds/iter10/dev_iter10_fold9_features.jsonl,4153,26.249,44.868,61.552,51.902,54.606,shibboleth/models/estonian_voro/iter10/model_fold9/loo_results+wl.txt,64028267.0,7.189e-32,0.546,estonian_voro,loo_token.jsonl
/scratch/project_2006235/shibboleth/models/estonian_voro/iter10/model_fold9/lime_token.jsonl,/scratch/project_2005047/shibboleth/data/estonian_voro/iter_folds/iter10/dev_iter10_fold9_features.jsonl,4153,39.559,47.165,92.762,62.534,57.802,shibboleth/models/estonian_voro/iter10/model_fold9/lime_results+wl.txt,67630673.0,3.057e-87,0.578,estonian_voro,lime_token.jsonl
/scratch/project_2006235/shibboleth/models/estonian_voro/iter10/model_fold9/ig_token.jsonl,/scratch/project_2005047/shibboleth/data/estonian_voro/iter_folds/iter10/dev_iter10_fold9_features.jsonl,4153,33.39,45.516,78.296,57.566,61.412,shibboleth/models/estonian_voro/iter10/model_fold9/ig_results+wl.txt,72008098.5,2.548e-184,0.614,estonian_voro,ig_token.jsonl
/scratch/project_2006235/shibboleth/models/estonian_voro/iter4/model_fold5/shap_token.jsonl,/scratch/project_2005047/shibboleth/data/estonian_voro/iter_folds/iter4/dev_iter4_fold5_features.jsonl,4155,37.877,46.507,88.832,61.051,63.922,shibboleth/models/estonian_voro/iter4/model_fold5/shap_results+wl.txt,70203152.0,2.027e-264,0.639,estonian_voro,shap_token.jsonl
/scratch/project_2006235/shibboleth/models/estonian_voro/iter4/model_fold5/loo_token.jsonl,/scratch/project_2005047/shibboleth/data/estonian_voro/iter_folds/iter4/dev_iter4_fold5_features.jsonl,4155,18.034,46.525,42.295,44.309,55.819,shibboleth/models/estonian_voro/iter4/model_fold5/loo_results+wl.txt,61304516.0,3.985e-49,0.558,estonian_voro,loo_token.jsonl
/scratch/project_2006235/shibboleth/models/estonian_voro/iter4/model_fold5/lime_token.jsonl,/scratch/project_2005047/shibboleth/data/estonian_voro/iter_folds/iter4/dev_iter4_fold5_features.jsonl,4155,39.478,46.953,92.588,62.308,57.107,shibboleth/models/estonian_voro/iter4/model_fold5/lime_results+wl.txt,62572783.0,1.802e-70,0.571,estonian_voro,lime_token.jsonl
/scratch/project_2006235/shibboleth/models/estonian_voro/iter4/model_fold5/ig_token.jsonl,/scratch/project_2005047/shibboleth/data/estonian_voro/iter_folds/iter4/dev_iter4_fold5_features.jsonl,4155,25.579,41.636,59.991,49.156,51.022,shibboleth/models/estonian_voro/iter4/model_fold5/ig_results+wl.txt,56035448.0,0.005422,0.51,estonian_voro,ig_token.jsonl
/scratch/project_2006235/shibboleth/models/estonian_voro/iter4/model_fold2/shap_token.jsonl,/scratch/project_2005047/shibboleth/data/estonian_voro/iter_folds/iter4/dev_iter4_fold2_features.jsonl,4155,38.776,46.596,91.426,61.731,63.318,shibboleth/models/estonian_voro/iter4/model_fold2/shap_results+wl.txt,70885053.0,2.52e-244,0.633,estonian_voro,shap_token.jsonl
/scratch/project_2006235/shibboleth/models/estonian_voro/iter4/model_fold2/loo_token.jsonl,/scratch/project_2005047/shibboleth/data/estonian_voro/iter_folds/iter4/dev_iter4_fold2_features.jsonl,4155,27.353,44.769,64.494,52.851,55.684,shibboleth/models/estonian_voro/iter4/model_fold2/loo_results+wl.txt,62338949.5,2.533e-46,0.557,estonian_voro,loo_token.jsonl
/scratch/project_2006235/shibboleth/models/estonian_voro/iter4/model_fold2/lime_token.jsonl,/scratch/project_2005047/shibboleth/data/estonian_voro/iter_folds/iter4/dev_iter4_fold2_features.jsonl,4155,39.508,47.13,93.152,62.592,59.245,shibboleth/models/estonian_voro/iter4/model_fold2/lime_results+wl.txt,66127769.0,1.001e-118,0.592,estonian_voro,lime_token.jsonl
/scratch/project_2006235/shibboleth/models/estonian_voro/iter4/model_fold2/ig_token.jsonl,/scratch/project_2005047/shibboleth/data/estonian_voro/iter_folds/iter4/dev_iter4_fold2_features.jsonl,4155,33.96,44.902,80.07,57.538,59.93,shibboleth/models/estonian_voro/iter4/model_fold2/ig_results+wl.txt,67091898.0,7.192e-137,0.599,estonian_voro,ig_token.jsonl
/scratch/project_2006235/shibboleth/models/estonian_voro/iter4/model_fold10/shap_token.jsonl,/scratch/project_2005047/shibboleth/data/estonian_voro/iter_folds/iter4/dev_iter4_fold10_features.jsonl,4153,38.719,46.522,91.284,61.634,63.365,shibboleth/models/estonian_voro/iter4/model_fold10/shap_results+wl.txt,71989047.0,7.536e-248,0.634,estonian_voro,shap_token.jsonl
/scratch/project_2006235/shibboleth/models/estonian_voro/iter4/model_fold10/loo_token.jsonl,/scratch/project_2005047/shibboleth/data/estonian_voro/iter_folds/iter4/dev_iter4_fold10_features.jsonl,4153,22.784,47.079,53.714,50.178,56.751,shibboleth/models/estonian_voro/iter4/model_fold10/loo_results+wl.txt,64474911.5,1.547e-65,0.568,estonian_voro,loo_token.jsonl
/scratch/project_2006235/shibboleth/models/estonian_voro/iter4/model_fold10/lime_token.jsonl,/scratch/project_2005047/shibboleth/data/estonian_voro/iter_folds/iter4/dev_iter4_fold10_features.jsonl,4153,39.612,47.08,93.389,62.601,58.525,shibboleth/models/estonian_voro/iter4/model_fold10/lime_results+wl.txt,66382316.0,4.258e-102,0.585,estonian_voro,lime_token.jsonl
/scratch/project_2006235/shibboleth/models/estonian_voro/iter4/model_fold10/ig_token.jsonl,/scratch/project_2005047/shibboleth/data/estonian_voro/iter_folds/iter4/dev_iter4_fold10_features.jsonl,4153,34.546,45.683,81.444,58.534,62.225,shibboleth/models/estonian_voro/iter4/model_fold10/ig_results+wl.txt,70693969.0,9.085e-208,0.622,estonian_voro,ig_token.jsonl
/scratch/project_2006235/shibboleth/models/estonian_voro/iter4/model_fold1/shap_token.jsonl,/scratch/project_2005047/shibboleth/data/estonian_voro/iter_folds/iter4/dev_iter4_fold1_features.jsonl,4155,38.315,46.318,89.518,61.049,61.253,shibboleth/models/estonian_voro/iter4/model_fold1/shap_results+wl.txt,69853462.5,6.012e-177,0.613,estonian_voro,shap_token.jsonl
/scratch/project_2006235/shibboleth/models/estonian_voro/iter4/model_fold1/loo_token.jsonl,/scratch/project_2005047/shibboleth/data/estonian_voro/iter_folds/iter4/dev_iter4_fold1_features.jsonl,4155,28.884,43.794,67.484,53.117,53.818,shibboleth/models/estonian_voro/iter4/model_fold1/loo_results+wl.txt,61374026.0,3.48e-22,0.538,estonian_voro,loo_token.jsonl
/scratch/project_2006235/shibboleth/models/estonian_voro/iter4/model_fold1/lime_token.jsonl,/scratch/project_2005047/shibboleth/data/estonian_voro/iter_folds/iter4/dev_iter4_fold1_features.jsonl,4155,39.355,47.045,91.949,62.244,57.475,shibboleth/models/estonian_voro/iter4/model_fold1/lime_results+wl.txt,65242431.5,4.09e-79,0.575,estonian_voro,lime_token.jsonl
/scratch/project_2006235/shibboleth/models/estonian_voro/iter4/model_fold1/ig_token.jsonl,/scratch/project_2005047/shibboleth/data/estonian_voro/iter_folds/iter4/dev_iter4_fold1_features.jsonl,4155,32.011,44.767,74.789,56.009,59.065,shibboleth/models/estonian_voro/iter4/model_fold1/ig_results+wl.txt,67357352.0,1.277e-115,0.591,estonian_voro,ig_token.jsonl
/scratch/project_2006235/shibboleth/models/estonian_voro/iter4/model_fold6/shap_token.jsonl,/scratch/project_2005047/shibboleth/data/estonian_voro/iter_folds/iter4/dev_iter4_fold6_features.jsonl,4154,37.126,47.456,86.899,61.387,61.738,shibboleth/models/estonian_voro/iter4/model_fold6/shap_results+wl.txt,70551856.0,1.958e-192,0.617,estonian_voro,shap_token.jsonl
/scratch/project_2006235/shibboleth/models/estonian_voro/iter4/model_fold6/loo_token.jsonl,/scratch/project_2005047/shibboleth/data/estonian_voro/iter_folds/iter4/dev_iter4_fold6_features.jsonl,4154,13.024,41.784,30.483,35.25,50.512,shibboleth/models/estonian_voro/iter4/model_fold6/loo_results+wl.txt,57723525.0,0.09336,0.505,estonian_voro,loo_token.jsonl
/scratch/project_2006235/shibboleth/models/estonian_voro/iter4/model_fold6/lime_token.jsonl,/scratch/project_2005047/shibboleth/data/estonian_voro/iter_folds/iter4/dev_iter4_fold6_features.jsonl,4154,39.542,47.498,92.552,62.778,58.037,shibboleth/models/estonian_voro/iter4/model_fold6/lime_results+wl.txt,66282517.0,2.201e-91,0.58,estonian_voro,lime_token.jsonl
/scratch/project_2006235/shibboleth/models/estonian_voro/iter4/model_fold6/ig_token.jsonl,/scratch/project_2005047/shibboleth/data/estonian_voro/iter_folds/iter4/dev_iter4_fold6_features.jsonl,4154,31.589,45.881,73.938,56.625,59.394,shibboleth/models/estonian_voro/iter4/model_fold6/ig_results+wl.txt,67873437.0,4.298e-124,0.594,estonian_voro,ig_token.jsonl
/scratch/project_2006235/shibboleth/models/estonian_voro/iter4/model_fold8/shap_token.jsonl,/scratch/project_2005047/shibboleth/data/estonian_voro/iter_folds/iter4/dev_iter4_fold8_features.jsonl,4153,39.562,45.747,93.305,61.393,64.561,shibboleth/models/estonian_voro/iter4/model_fold8/shap_results+wl.txt,75922303.5,8.61e-299,0.646,estonian_voro,shap_token.jsonl
/scratch/project_2006235/shibboleth/models/estonian_voro/iter4/model_fold8/loo_token.jsonl,/scratch/project_2005047/shibboleth/data/estonian_voro/iter_folds/iter4/dev_iter4_fold8_features.jsonl,4153,17.586,45.746,41.476,43.507,54.647,shibboleth/models/estonian_voro/iter4/model_fold8/loo_results+wl.txt,64263007.0,8.496e-36,0.546,estonian_voro,loo_token.jsonl
/scratch/project_2006235/shibboleth/models/estonian_voro/iter4/model_fold8/lime_token.jsonl,/scratch/project_2005047/shibboleth/data/estonian_voro/iter_folds/iter4/dev_iter4_fold8_features.jsonl,4153,38.976,47.1,91.921,62.286,57.959,shibboleth/models/estonian_voro/iter4/model_fold8/lime_results+wl.txt,67897810.0,1.122e-90,0.58,estonian_voro,lime_token.jsonl
/scratch/project_2006235/shibboleth/models/estonian_voro/iter4/model_fold8/ig_token.jsonl,/scratch/project_2005047/shibboleth/data/estonian_voro/iter_folds/iter4/dev_iter4_fold8_features.jsonl,4153,32.43,45.006,76.483,56.667,60.175,shibboleth/models/estonian_voro/iter4/model_fold8/ig_results+wl.txt,70763880.0,4.132e-147,0.602,estonian_voro,ig_token.jsonl
/scratch/project_2006235/shibboleth/models/estonian_voro/iter4/model_fold4/shap_token.jsonl,/scratch/project_2005047/shibboleth/data/estonian_voro/iter_folds/iter4/dev_iter4_fold4_features.jsonl,4155,38.987,45.818,91.437,61.046,61.08,shibboleth/models/estonian_voro/iter4/model_fold4/shap_results+wl.txt,72772779.5,2.867e-175,0.611,estonian_voro,shap_token.jsonl
/scratch/project_2006235/shibboleth/models/estonian_voro/iter4/model_fold4/loo_token.jsonl,/scratch/project_2005047/shibboleth/data/estonian_voro/iter_folds/iter4/dev_iter4_fold4_features.jsonl,4155,30.871,42.206,72.4,53.326,52.021,shibboleth/models/estonian_voro/iter4/model_fold4/loo_results+wl.txt,61980318.5,1.34e-07,0.52,estonian_voro,loo_token.jsonl
/scratch/project_2006235/shibboleth/models/estonian_voro/iter4/model_fold4/lime_token.jsonl,/scratch/project_2005047/shibboleth/data/estonian_voro/iter_folds/iter4/dev_iter4_fold4_features.jsonl,4155,38.363,46.972,89.972,61.722,57.896,shibboleth/models/estonian_voro/iter4/model_fold4/lime_results+wl.txt,68704980.0,6.613e-90,0.579,estonian_voro,lime_token.jsonl
/scratch/project_2006235/shibboleth/models/estonian_voro/iter4/model_fold4/ig_token.jsonl,/scratch/project_2005047/shibboleth/data/estonian_voro/iter_folds/iter4/dev_iter4_fold4_features.jsonl,4155,31.445,43.923,73.748,55.056,55.442,shibboleth/models/estonian_voro/iter4/model_fold4/ig_results+wl.txt,66055746.5,6.266e-44,0.554,estonian_voro,ig_token.jsonl
/scratch/project_2006235/shibboleth/models/estonian_voro/iter4/model_fold7/shap_token.jsonl,/scratch/project_2005047/shibboleth/data/estonian_voro/iter_folds/iter4/dev_iter4_fold7_features.jsonl,4154,39.496,45.955,92.459,61.395,63.321,shibboleth/models/estonian_voro/iter4/model_fold7/shap_results+wl.txt,73312803.0,8.313e-249,0.633,estonian_voro,shap_token.jsonl
/scratch/project_2006235/shibboleth/models/estonian_voro/iter4/model_fold7/loo_token.jsonl,/scratch/project_2005047/shibboleth/data/estonian_voro/iter_folds/iter4/dev_iter4_fold7_features.jsonl,4154,18.498,46.032,43.302,44.625,53.621,shibboleth/models/estonian_voro/iter4/model_fold7/loo_results+wl.txt,62081714.5,5.257e-22,0.536,estonian_voro,loo_token.jsonl
/scratch/project_2006235/shibboleth/models/estonian_voro/iter4/model_fold7/lime_token.jsonl,/scratch/project_2005047/shibboleth/data/estonian_voro/iter_folds/iter4/dev_iter4_fold7_features.jsonl,4154,39.629,47.181,92.77,62.55,57.215,shibboleth/models/estonian_voro/iter4/model_fold7/lime_results+wl.txt,66008263.0,2e-74,0.572,estonian_voro,lime_token.jsonl
/scratch/project_2006235/shibboleth/models/estonian_voro/iter4/model_fold7/ig_token.jsonl,/scratch/project_2005047/shibboleth/data/estonian_voro/iter_folds/iter4/dev_iter4_fold7_features.jsonl,4154,29.254,43.932,68.482,53.526,55.561,shibboleth/models/estonian_voro/iter4/model_fold7/ig_results+wl.txt,64328330.0,3.544e-45,0.556,estonian_voro,ig_token.jsonl
/scratch/project_2006235/shibboleth/models/estonian_voro/iter4/model_fold3/shap_token.jsonl,/scratch/project_2005047/shibboleth/data/estonian_voro/iter_folds/iter4/dev_iter4_fold3_features.jsonl,4155,38.796,46.091,90.713,61.124,61.092,shibboleth/models/estonian_voro/iter4/model_fold3/shap_results+wl.txt,69315965.5,1.525e-171,0.611,estonian_voro,shap_token.jsonl
/scratch/project_2006235/shibboleth/models/estonian_voro/iter4/model_fold3/loo_token.jsonl,/scratch/project_2005047/shibboleth/data/estonian_voro/iter_folds/iter4/dev_iter4_fold3_features.jsonl,4155,31.459,44.482,73.559,55.439,54.473,shibboleth/models/estonian_voro/iter4/model_fold3/loo_results+wl.txt,61806006.5,1.115e-29,0.545,estonian_voro,loo_token.jsonl
/scratch/project_2006235/shibboleth/models/estonian_voro/iter4/model_fold3/lime_token.jsonl,/scratch/project_2005047/shibboleth/data/estonian_voro/iter_folds/iter4/dev_iter4_fold3_features.jsonl,4155,39.69,47.2,92.805,62.575,58.141,shibboleth/models/estonian_voro/iter4/model_fold3/lime_results+wl.txt,65833368.5,2.647e-93,0.581,estonian_voro,lime_token.jsonl
/scratch/project_2006235/shibboleth/models/estonian_voro/iter4/model_fold3/ig_token.jsonl,/scratch/project_2005047/shibboleth/data/estonian_voro/iter_folds/iter4/dev_iter4_fold3_features.jsonl,4155,32.683,44.602,76.42,56.328,59.174,shibboleth/models/estonian_voro/iter4/model_fold3/ig_results+wl.txt,67140024.5,4.397e-118,0.592,estonian_voro,ig_token.jsonl
/scratch/project_2006235/shibboleth/models/estonian_voro/iter4/model_fold9/shap_token.jsonl,/scratch/project_2005047/shibboleth/data/estonian_voro/iter_folds/iter4/dev_iter4_fold9_features.jsonl,4153,39.294,45.492,92.083,60.899,61.074,shibboleth/models/estonian_voro/iter4/model_fold9/shap_results+wl.txt,73461941.0,6.61e-176,0.611,estonian_voro,shap_token.jsonl
/scratch/project_2006235/shibboleth/models/estonian_voro/iter4/model_fold9/loo_token.jsonl,/scratch/project_2005047/shibboleth/data/estonian_voro/iter_folds/iter4/dev_iter4_fold9_features.jsonl,4153,24.93,43.169,58.423,49.651,51.6,shibboleth/models/estonian_voro/iter4/model_fold9/loo_results+wl.txt,62067263.0,2.172e-05,0.516,estonian_voro,loo_token.jsonl
/scratch/project_2006235/shibboleth/models/estonian_voro/iter4/model_fold9/lime_token.jsonl,/scratch/project_2005047/shibboleth/data/estonian_voro/iter_folds/iter4/dev_iter4_fold9_features.jsonl,4153,39.604,46.99,92.81,62.391,58.469,shibboleth/models/estonian_voro/iter4/model_fold9/lime_results+wl.txt,70212091.0,1.038e-103,0.585,estonian_voro,lime_token.jsonl
/scratch/project_2006235/shibboleth/models/estonian_voro/iter4/model_fold9/ig_token.jsonl,/scratch/project_2005047/shibboleth/data/estonian_voro/iter_folds/iter4/dev_iter4_fold9_features.jsonl,4153,34.764,44.935,81.467,57.922,60.314,shibboleth/models/estonian_voro/iter4/model_fold9/ig_results+wl.txt,72548348.5,6.496e-153,0.603,estonian_voro,ig_token.jsonl
/scratch/project_2006235/shibboleth/models/estonian_voro/iter9/model_fold5/shap_token.jsonl,/scratch/project_2005047/shibboleth/data/estonian_voro/iter_folds/iter9/dev_iter9_fold5_features.jsonl,4155,38.893,46.402,90.394,61.324,62.114,shibboleth/models/estonian_voro/iter9/model_fold5/shap_results+wl.txt,71798353.0,3.542e-206,0.621,estonian_voro,shap_token.jsonl
/scratch/project_2006235/shibboleth/models/estonian_voro/iter9/model_fold5/loo_token.jsonl,/scratch/project_2005047/shibboleth/data/estonian_voro/iter_folds/iter9/dev_iter9_fold5_features.jsonl,4155,33.275,44.498,77.337,56.492,53.452,shibboleth/models/estonian_voro/iter9/model_fold5/loo_results+wl.txt,61785994.0,1.327e-18,0.535,estonian_voro,loo_token.jsonl
/scratch/project_2006235/shibboleth/models/estonian_voro/iter9/model_fold5/lime_token.jsonl,/scratch/project_2005047/shibboleth/data/estonian_voro/iter_folds/iter9/dev_iter9_fold5_features.jsonl,4155,38.856,47.358,90.309,62.133,57.413,shibboleth/models/estonian_voro/iter9/model_fold5/lime_results+wl.txt,66215237.0,1.687e-78,0.574,estonian_voro,lime_token.jsonl
/scratch/project_2006235/shibboleth/models/estonian_voro/iter9/model_fold5/ig_token.jsonl,/scratch/project_2005047/shibboleth/data/estonian_voro/iter_folds/iter9/dev_iter9_fold5_features.jsonl,4155,37.017,45.977,86.035,59.929,64.519,shibboleth/models/estonian_voro/iter9/model_fold5/ig_results+wl.txt,74577778.5,4.358e-295,0.645,estonian_voro,ig_token.jsonl
/scratch/project_2006235/shibboleth/models/estonian_voro/iter9/model_fold2/shap_token.jsonl,/scratch/project_2005047/shibboleth/data/estonian_voro/iter_folds/iter9/dev_iter9_fold2_features.jsonl,4155,38.466,46.539,89.969,61.345,62.515,shibboleth/models/estonian_voro/iter9/model_fold2/shap_results+wl.txt,73725229.5,6.645e-222,0.625,estonian_voro,shap_token.jsonl
/scratch/project_2006235/shibboleth/models/estonian_voro/iter9/model_fold2/loo_token.jsonl,/scratch/project_2005047/shibboleth/data/estonian_voro/iter_folds/iter9/dev_iter9_fold2_features.jsonl,4155,37.125,43.73,86.831,58.166,56.408,shibboleth/models/estonian_voro/iter9/model_fold2/loo_results+wl.txt,66523624.5,7.815e-60,0.564,estonian_voro,loo_token.jsonl
/scratch/project_2006235/shibboleth/models/estonian_voro/iter9/model_fold2/lime_token.jsonl,/scratch/project_2005047/shibboleth/data/estonian_voro/iter_folds/iter9/dev_iter9_fold2_features.jsonl,4155,37.816,46.151,88.448,60.654,57.104,shibboleth/models/estonian_voro/iter9/model_fold2/lime_results+wl.txt,67124432.0,6.886e-73,0.571,estonian_voro,lime_token.jsonl
/scratch/project_2006235/shibboleth/models/estonian_voro/iter9/model_fold2/ig_token.jsonl,/scratch/project_2005047/shibboleth/data/estonian_voro/iter_folds/iter9/dev_iter9_fold2_features.jsonl,4155,30.08,45.03,70.354,54.913,55.377,shibboleth/models/estonian_voro/iter9/model_fold2/ig_results+wl.txt,65307796.5,9.54e-43,0.554,estonian_voro,ig_token.jsonl
/scratch/project_2006235/shibboleth/models/estonian_voro/iter9/model_fold10/shap_token.jsonl,/scratch/project_2005047/shibboleth/data/estonian_voro/iter_folds/iter9/dev_iter9_fold10_features.jsonl,4153,38.576,45.487,90.779,60.606,62.225,shibboleth/models/estonian_voro/iter9/model_fold10/shap_results+wl.txt,72196934.0,5.475e-210,0.622,estonian_voro,shap_token.jsonl
/scratch/project_2006235/shibboleth/models/estonian_voro/iter9/model_fold10/loo_token.jsonl,/scratch/project_2005047/shibboleth/data/estonian_voro/iter_folds/iter9/dev_iter9_fold10_features.jsonl,4153,11.417,43.701,26.866,33.276,50.04,shibboleth/models/estonian_voro/iter9/model_fold10/loo_results+wl.txt,58058643.0,0.458,0.5,estonian_voro,loo_token.jsonl
/scratch/project_2006235/shibboleth/models/estonian_voro/iter9/model_fold10/lime_token.jsonl,/scratch/project_2005047/shibboleth/data/estonian_voro/iter_folds/iter9/dev_iter9_fold10_features.jsonl,4153,39.414,46.591,92.75,62.025,56.853,shibboleth/models/estonian_voro/iter9/model_fold10/lime_results+wl.txt,65909335.0,1.797e-67,0.569,estonian_voro,lime_token.jsonl
/scratch/project_2006235/shibboleth/models/estonian_voro/iter9/model_fold10/ig_token.jsonl,/scratch/project_2005047/shibboleth/data/estonian_voro/iter_folds/iter9/dev_iter9_fold10_features.jsonl,4153,30.259,44.155,71.205,54.509,57.225,shibboleth/models/estonian_voro/iter9/model_fold10/ig_results+wl.txt,66395781.0,8.02e-75,0.572,estonian_voro,ig_token.jsonl
/scratch/project_2006235/shibboleth/models/estonian_voro/iter9/model_fold1/shap_token.jsonl,/scratch/project_2005047/shibboleth/data/estonian_voro/iter_folds/iter9/dev_iter9_fold1_features.jsonl,4155,38.321,46.472,90.24,61.35,62.264,shibboleth/models/estonian_voro/iter9/model_fold1/shap_results+wl.txt,69446739.0,3.186e-207,0.623,estonian_voro,shap_token.jsonl
/scratch/project_2006235/shibboleth/models/estonian_voro/iter9/model_fold1/loo_token.jsonl,/scratch/project_2005047/shibboleth/data/estonian_voro/iter_folds/iter9/dev_iter9_fold1_features.jsonl,4155,17.709,42.83,41.703,42.259,51.68,shibboleth/models/estonian_voro/iter9/model_fold1/loo_results+wl.txt,57641554.0,1.295e-05,0.517,estonian_voro,loo_token.jsonl
/scratch/project_2006235/shibboleth/models/estonian_voro/iter9/model_fold1/lime_token.jsonl,/scratch/project_2005047/shibboleth/data/estonian_voro/iter_folds/iter9/dev_iter9_fold1_features.jsonl,4155,39.573,46.623,93.189,62.151,56.42,shibboleth/models/estonian_voro/iter9/model_fold1/lime_results+wl.txt,62690328.0,2.924e-58,0.564,estonian_voro,lime_token.jsonl
/scratch/project_2006235/shibboleth/models/estonian_voro/iter9/model_fold1/ig_token.jsonl,/scratch/project_2005047/shibboleth/data/estonian_voro/iter_folds/iter9/dev_iter9_fold1_features.jsonl,4155,28.985,44.099,68.255,53.58,55.738,shibboleth/models/estonian_voro/iter9/model_fold1/ig_results+wl.txt,62167590.0,4.51e-47,0.557,estonian_voro,ig_token.jsonl
/scratch/project_2006235/shibboleth/models/estonian_voro/iter9/model_fold6/shap_token.jsonl,/scratch/project_2005047/shibboleth/data/estonian_voro/iter_folds/iter9/dev_iter9_fold6_features.jsonl,4154,39.401,46.37,92.398,61.75,62.518,shibboleth/models/estonian_voro/iter9/model_fold6/shap_results+wl.txt,71466766.5,1.475e-218,0.625,estonian_voro,shap_token.jsonl
/scratch/project_2006235/shibboleth/models/estonian_voro/iter9/model_fold6/loo_token.jsonl,/scratch/project_2005047/shibboleth/data/estonian_voro/iter_folds/iter9/dev_iter9_fold6_features.jsonl,4154,29.08,44.038,68.194,53.516,52.789,shibboleth/models/estonian_voro/iter9/model_fold6/loo_results+wl.txt,60344702.5,1.065e-12,0.528,estonian_voro,loo_token.jsonl
/scratch/project_2006235/shibboleth/models/estonian_voro/iter9/model_fold6/lime_token.jsonl,/scratch/project_2005047/shibboleth/data/estonian_voro/iter_folds/iter9/dev_iter9_fold6_features.jsonl,4154,39.295,47.343,92.149,62.55,57.752,shibboleth/models/estonian_voro/iter9/model_fold6/lime_results+wl.txt,65818269.0,4.649e-85,0.578,estonian_voro,lime_token.jsonl
/scratch/project_2006235/shibboleth/models/estonian_voro/iter9/model_fold6/ig_token.jsonl,/scratch/project_2005047/shibboleth/data/estonian_voro/iter_folds/iter9/dev_iter9_fold6_features.jsonl,4154,31.251,44.646,73.284,55.488,56.98,shibboleth/models/estonian_voro/iter9/model_fold6/ig_results+wl.txt,65135268.0,1.69e-69,0.57,estonian_voro,ig_token.jsonl
/scratch/project_2006235/shibboleth/models/estonian_voro/iter9/model_fold8/shap_token.jsonl,/scratch/project_2005047/shibboleth/data/estonian_voro/iter_folds/iter9/dev_iter9_fold8_features.jsonl,4153,38.481,46.296,91.095,61.392,62.461,shibboleth/models/estonian_voro/iter9/model_fold8/shap_results+wl.txt,71174022.5,5.198e-216,0.625,estonian_voro,shap_token.jsonl
/scratch/project_2006235/shibboleth/models/estonian_voro/iter9/model_fold8/loo_token.jsonl,/scratch/project_2005047/shibboleth/data/estonian_voro/iter_folds/iter9/dev_iter9_fold8_features.jsonl,4153,20.342,44.855,48.153,46.446,54.118,shibboleth/models/estonian_voro/iter9/model_fold8/loo_results+wl.txt,61667069.5,1.048e-25,0.541,estonian_voro,loo_token.jsonl
/scratch/project_2006235/shibboleth/models/estonian_voro/iter9/model_fold8/lime_token.jsonl,/scratch/project_2005047/shibboleth/data/estonian_voro/iter_folds/iter9/dev_iter9_fold8_features.jsonl,4153,39.054,46.925,92.45,62.252,58.239,shibboleth/models/estonian_voro/iter9/model_fold8/lime_results+wl.txt,66207649.0,1.511e-95,0.582,estonian_voro,lime_token.jsonl
/scratch/project_2006235/shibboleth/models/estonian_voro/iter9/model_fold8/ig_token.jsonl,/scratch/project_2005047/shibboleth/data/estonian_voro/iter_folds/iter9/dev_iter9_fold8_features.jsonl,4153,31.018,45.262,73.427,56.002,59.154,shibboleth/models/estonian_voro/iter9/model_fold8/ig_results+wl.txt,67405633.0,1.209e-117,0.592,estonian_voro,ig_token.jsonl
/scratch/project_2006235/shibboleth/models/estonian_voro/iter9/model_fold4/shap_token.jsonl,/scratch/project_2005047/shibboleth/data/estonian_voro/iter_folds/iter9/dev_iter9_fold4_features.jsonl,4155,39.688,45.688,92.834,61.238,62.053,shibboleth/models/estonian_voro/iter9/model_fold4/shap_results+wl.txt,73612564.5,1.445e-206,0.621,estonian_voro,shap_token.jsonl
/scratch/project_2006235/shibboleth/models/estonian_voro/iter9/model_fold4/loo_token.jsonl,/scratch/project_2005047/shibboleth/data/estonian_voro/iter_folds/iter9/dev_iter9_fold4_features.jsonl,4155,33.77,45.754,78.991,57.945,57.374,shibboleth/models/estonian_voro/iter9/model_fold4/loo_results+wl.txt,68061734.0,9.782e-79,0.574,estonian_voro,loo_token.jsonl
/scratch/project_2006235/shibboleth/models/estonian_voro/iter9/model_fold4/lime_token.jsonl,/scratch/project_2005047/shibboleth/data/estonian_voro/iter_folds/iter9/dev_iter9_fold4_features.jsonl,4155,39.276,46.879,91.87,62.08,57.903,shibboleth/models/estonian_voro/iter9/model_fold4/lime_results+wl.txt,68588330.0,5.065e-90,0.579,estonian_voro,lime_token.jsonl
/scratch/project_2006235/shibboleth/models/estonian_voro/iter9/model_fold4/ig_token.jsonl,/scratch/project_2005047/shibboleth/data/estonian_voro/iter_folds/iter9/dev_iter9_fold4_features.jsonl,4155,29.777,44.127,69.652,54.027,56.286,shibboleth/models/estonian_voro/iter9/model_fold4/ig_results+wl.txt,66771358.5,8.324e-58,0.563,estonian_voro,ig_token.jsonl
/scratch/project_2006235/shibboleth/models/estonian_voro/iter9/model_fold7/shap_token.jsonl,/scratch/project_2005047/shibboleth/data/estonian_voro/iter_folds/iter9/dev_iter9_fold7_features.jsonl,4154,40.314,46.366,93.8,62.057,61.695,shibboleth/models/estonian_voro/iter9/model_fold7/shap_results+wl.txt,68458655.5,1.867e-188,0.617,estonian_voro,shap_token.jsonl
/scratch/project_2006235/shibboleth/models/estonian_voro/iter9/model_fold7/loo_token.jsonl,/scratch/project_2005047/shibboleth/data/estonian_voro/iter_folds/iter9/dev_iter9_fold7_features.jsonl,4154,36.674,45.063,85.329,58.978,56.565,shibboleth/models/estonian_voro/iter9/model_fold7/loo_results+wl.txt,62765961.5,6.569e-61,0.566,estonian_voro,loo_token.jsonl
/scratch/project_2006235/shibboleth/models/estonian_voro/iter9/model_fold7/lime_token.jsonl,/scratch/project_2005047/shibboleth/data/estonian_voro/iter_folds/iter9/dev_iter9_fold7_features.jsonl,4154,39.212,47.132,91.235,62.155,57.682,shibboleth/models/estonian_voro/iter9/model_fold7/lime_results+wl.txt,63784628.0,2.032e-82,0.577,estonian_voro,lime_token.jsonl
/scratch/project_2006235/shibboleth/models/estonian_voro/iter9/model_fold7/ig_token.jsonl,/scratch/project_2005047/shibboleth/data/estonian_voro/iter_folds/iter9/dev_iter9_fold7_features.jsonl,4154,39.076,45.178,90.918,60.362,64.709,shibboleth/models/estonian_voro/iter9/model_fold7/ig_results+wl.txt,71802347.0,1.141e-296,0.647,estonian_voro,ig_token.jsonl
/scratch/project_2006235/shibboleth/models/estonian_voro/iter9/model_fold3/shap_token.jsonl,/scratch/project_2005047/shibboleth/data/estonian_voro/iter_folds/iter9/dev_iter9_fold3_features.jsonl,4155,38.781,45.762,91.882,61.095,61.861,shibboleth/models/estonian_voro/iter9/model_fold3/shap_results+wl.txt,71211729.5,7.254e-197,0.619,estonian_voro,shap_token.jsonl
/scratch/project_2006235/shibboleth/models/estonian_voro/iter9/model_fold3/loo_token.jsonl,/scratch/project_2005047/shibboleth/data/estonian_voro/iter_folds/iter9/dev_iter9_fold3_features.jsonl,4155,34.27,43.736,81.195,56.85,55.006,shibboleth/models/estonian_voro/iter9/model_fold3/loo_results+wl.txt,63320770.0,7.788e-37,0.55,estonian_voro,loo_token.jsonl
/scratch/project_2006235/shibboleth/models/estonian_voro/iter9/model_fold3/lime_token.jsonl,/scratch/project_2005047/shibboleth/data/estonian_voro/iter_folds/iter9/dev_iter9_fold3_features.jsonl,4155,38.997,46.307,92.393,61.694,57.592,shibboleth/models/estonian_voro/iter9/model_fold3/lime_results+wl.txt,66213706.0,6.425e-82,0.576,estonian_voro,lime_token.jsonl
/scratch/project_2006235/shibboleth/models/estonian_voro/iter9/model_fold3/ig_token.jsonl,/scratch/project_2005047/shibboleth/data/estonian_voro/iter_folds/iter9/dev_iter9_fold3_features.jsonl,4155,33.26,43.811,78.801,56.313,59.614,shibboleth/models/estonian_voro/iter9/model_fold3/ig_results+wl.txt,68625935.5,3.677e-130,0.596,estonian_voro,ig_token.jsonl
/scratch/project_2006235/shibboleth/models/estonian_voro/iter9/model_fold9/shap_token.jsonl,/scratch/project_2005047/shibboleth/data/estonian_voro/iter_folds/iter9/dev_iter9_fold9_features.jsonl,4153,37.989,46.84,89.127,61.408,62.056,shibboleth/models/estonian_voro/iter9/model_fold9/shap_results+wl.txt,71867703.0,3.589e-204,0.621,estonian_voro,shap_token.jsonl
/scratch/project_2006235/shibboleth/models/estonian_voro/iter9/model_fold9/loo_token.jsonl,/scratch/project_2005047/shibboleth/data/estonian_voro/iter_folds/iter9/dev_iter9_fold9_features.jsonl,4153,29.115,45.717,68.307,54.774,56.118,shibboleth/models/estonian_voro/iter9/model_fold9/loo_results+wl.txt,64990903.0,2.521e-54,0.561,estonian_voro,loo_token.jsonl
/scratch/project_2006235/shibboleth/models/estonian_voro/iter9/model_fold9/lime_token.jsonl,/scratch/project_2005047/shibboleth/data/estonian_voro/iter_folds/iter9/dev_iter9_fold9_features.jsonl,4153,39.375,47.037,92.378,62.335,57.3,shibboleth/models/estonian_voro/iter9/model_fold9/lime_results+wl.txt,65986087.0,4.956e-76,0.573,estonian_voro,lime_token.jsonl
/scratch/project_2006235/shibboleth/models/estonian_voro/iter9/model_fold9/ig_token.jsonl,/scratch/project_2005047/shibboleth/data/estonian_voro/iter_folds/iter9/dev_iter9_fold9_features.jsonl,4153,31.671,45.017,74.303,56.066,59.363,shibboleth/models/estonian_voro/iter9/model_fold9/ig_results+wl.txt,68748583.0,4.597e-124,0.594,estonian_voro,ig_token.jsonl
/scratch/project_2006235/shibboleth/models/estonian_voro/iter1/model_fold5/shap_token.jsonl,/scratch/project_2005047/shibboleth/data/estonian_voro/iter_folds/iter1/dev_iter1_fold5_features.jsonl,4155,38.653,45.977,90.644,61.009,62.246,shibboleth/models/estonian_voro/iter1/model_fold5/shap_results+wl.txt,74277220.0,1.042e-213,0.622,estonian_voro,shap_token.jsonl
/scratch/project_2006235/shibboleth/models/estonian_voro/iter1/model_fold5/loo_token.jsonl,/scratch/project_2005047/shibboleth/data/estonian_voro/iter_folds/iter1/dev_iter1_fold5_features.jsonl,4155,19.311,48.857,45.285,47.003,57.26,shibboleth/models/estonian_voro/iter1/model_fold5/loo_results+wl.txt,68328049.5,6.04e-81,0.573,estonian_voro,loo_token.jsonl
/scratch/project_2006235/shibboleth/models/estonian_voro/iter1/model_fold5/lime_token.jsonl,/scratch/project_2005047/shibboleth/data/estonian_voro/iter_folds/iter1/dev_iter1_fold5_features.jsonl,4155,39.502,47.555,92.636,62.847,57.436,shibboleth/models/estonian_voro/iter1/model_fold5/lime_results+wl.txt,68422182.0,3.785e-80,0.574,estonian_voro,lime_token.jsonl
/scratch/project_2006235/shibboleth/models/estonian_voro/iter1/model_fold5/ig_token.jsonl,/scratch/project_2005047/shibboleth/data/estonian_voro/iter_folds/iter1/dev_iter1_fold5_features.jsonl,4155,31.356,43.96,73.533,55.025,57.204,shibboleth/models/estonian_voro/iter1/model_fold5/ig_results+wl.txt,68260643.0,1.945e-75,0.572,estonian_voro,ig_token.jsonl
/scratch/project_2006235/shibboleth/models/estonian_voro/iter1/model_fold2/shap_token.jsonl,/scratch/project_2005047/shibboleth/data/estonian_voro/iter_folds/iter1/dev_iter1_fold2_features.jsonl,4155,38.363,45.763,90.519,60.792,62.597,shibboleth/models/estonian_voro/iter1/model_fold2/shap_results+wl.txt,72844795.0,4.375e-223,0.626,estonian_voro,shap_token.jsonl
/scratch/project_2006235/shibboleth/models/estonian_voro/iter1/model_fold2/loo_token.jsonl,/scratch/project_2005047/shibboleth/data/estonian_voro/iter_folds/iter1/dev_iter1_fold2_features.jsonl,4155,25.627,43.667,60.468,50.712,52.83,shibboleth/models/estonian_voro/iter1/model_fold2/loo_results+wl.txt,61479006.5,4.001e-13,0.528,estonian_voro,loo_token.jsonl
/scratch/project_2006235/shibboleth/models/estonian_voro/iter1/model_fold2/lime_token.jsonl,/scratch/project_2005047/shibboleth/data/estonian_voro/iter_folds/iter1/dev_iter1_fold2_features.jsonl,4155,38.866,46.232,91.705,61.473,56.811,shibboleth/models/estonian_voro/iter1/model_fold2/lime_results+wl.txt,65977473.0,1.03e-66,0.568,estonian_voro,lime_token.jsonl
/scratch/project_2006235/shibboleth/models/estonian_voro/iter1/model_fold2/ig_token.jsonl,/scratch/project_2005047/shibboleth/data/estonian_voro/iter_folds/iter1/dev_iter1_fold2_features.jsonl,4155,28.233,44.76,66.616,53.544,56.547,shibboleth/models/estonian_voro/iter1/model_fold2/ig_results+wl.txt,65804502.5,6.709e-62,0.565,estonian_voro,ig_token.jsonl
/scratch/project_2006235/shibboleth/models/estonian_voro/iter1/model_fold10/shap_token.jsonl,/scratch/project_2005047/shibboleth/data/estonian_voro/iter_folds/iter1/dev_iter1_fold10_features.jsonl,4153,38.743,46.25,91.513,61.446,63.212,shibboleth/models/estonian_voro/iter1/model_fold10/shap_results+wl.txt,68786827.5,4.198e-237,0.632,estonian_voro,shap_token.jsonl
/scratch/project_2006235/shibboleth/models/estonian_voro/iter1/model_fold10/loo_token.jsonl,/scratch/project_2005047/shibboleth/data/estonian_voro/iter_folds/iter1/dev_iter1_fold10_features.jsonl,4153,14.41,42.701,34.037,37.88,50.401,shibboleth/models/estonian_voro/iter1/model_fold10/loo_results+wl.txt,54846172.0,0.1575,0.504,estonian_voro,loo_token.jsonl
/scratch/project_2006235/shibboleth/models/estonian_voro/iter1/model_fold10/lime_token.jsonl,/scratch/project_2005047/shibboleth/data/estonian_voro/iter_folds/iter1/dev_iter1_fold10_features.jsonl,4153,38.143,46.725,90.095,61.536,57.666,shibboleth/models/estonian_voro/iter1/model_fold10/lime_results+wl.txt,62553054.0,3.666e-81,0.577,estonian_voro,lime_token.jsonl
/scratch/project_2006235/shibboleth/models/estonian_voro/iter1/model_fold10/ig_token.jsonl,/scratch/project_2005047/shibboleth/data/estonian_voro/iter_folds/iter1/dev_iter1_fold10_features.jsonl,4153,33.089,44.54,78.157,56.743,59.477,shibboleth/models/estonian_voro/iter1/model_fold10/ig_results+wl.txt,64722621.0,3.889e-123,0.595,estonian_voro,ig_token.jsonl
/scratch/project_2006235/shibboleth/models/estonian_voro/iter1/model_fold1/shap_token.jsonl,/scratch/project_2005047/shibboleth/data/estonian_voro/iter_folds/iter1/dev_iter1_fold1_features.jsonl,4155,38.668,45.768,90.416,60.773,62.535,shibboleth/models/estonian_voro/iter1/model_fold1/shap_results+wl.txt,71753019.0,1.3e-219,0.625,estonian_voro,shap_token.jsonl
/scratch/project_2006235/shibboleth/models/estonian_voro/iter1/model_fold1/loo_token.jsonl,/scratch/project_2005047/shibboleth/data/estonian_voro/iter_folds/iter1/dev_iter1_fold1_features.jsonl,4155,30.664,46.615,71.701,56.498,57.426,shibboleth/models/estonian_voro/iter1/model_fold1/loo_results+wl.txt,65890757.5,2.722e-79,0.574,estonian_voro,loo_token.jsonl
/scratch/project_2006235/shibboleth/models/estonian_voro/iter1/model_fold1/lime_token.jsonl,/scratch/project_2005047/shibboleth/data/estonian_voro/iter_folds/iter1/dev_iter1_fold1_features.jsonl,4155,39.355,47.504,92.022,62.661,57.536,shibboleth/models/estonian_voro/iter1/model_fold1/lime_results+wl.txt,65907365.0,9.98e-81,0.575,estonian_voro,lime_token.jsonl
/scratch/project_2006235/shibboleth/models/estonian_voro/iter1/model_fold1/ig_token.jsonl,/scratch/project_2005047/shibboleth/data/estonian_voro/iter_folds/iter1/dev_iter1_fold1_features.jsonl,4155,29.894,44.175,69.901,54.137,56.066,shibboleth/models/estonian_voro/iter1/model_fold1/ig_results+wl.txt,64330646.5,3.963e-53,0.561,estonian_voro,ig_token.jsonl
/scratch/project_2006235/shibboleth/models/estonian_voro/iter1/model_fold6/shap_token.jsonl,/scratch/project_2005047/shibboleth/data/estonian_voro/iter_folds/iter1/dev_iter1_fold6_features.jsonl,4154,38.561,46.149,90.905,61.219,61.789,shibboleth/models/estonian_voro/iter1/model_fold6/shap_results+wl.txt,74488571.0,3.938e-199,0.618,estonian_voro,shap_token.jsonl
/scratch/project_2006235/shibboleth/models/estonian_voro/iter1/model_fold6/loo_token.jsonl,/scratch/project_2005047/shibboleth/data/estonian_voro/iter_folds/iter1/dev_iter1_fold6_features.jsonl,4154,27.544,43.481,64.934,52.085,53.456,shibboleth/models/estonian_voro/iter1/model_fold6/loo_results+wl.txt,64442907.0,4.962e-19,0.535,estonian_voro,loo_token.jsonl
/scratch/project_2006235/shibboleth/models/estonian_voro/iter1/model_fold6/lime_token.jsonl,/scratch/project_2005047/shibboleth/data/estonian_voro/iter_folds/iter1/dev_iter1_fold6_features.jsonl,4154,39.06,46.658,92.08,61.933,58.372,shibboleth/models/estonian_voro/iter1/model_fold6/lime_results+wl.txt,70096037.0,2.53e-101,0.584,estonian_voro,lime_token.jsonl
/scratch/project_2006235/shibboleth/models/estonian_voro/iter1/model_fold6/ig_token.jsonl,/scratch/project_2005047/shibboleth/data/estonian_voro/iter_folds/iter1/dev_iter1_fold6_features.jsonl,4154,33.158,44.143,78.168,56.423,58.575,shibboleth/models/estonian_voro/iter1/model_fold6/ig_results+wl.txt,70613470.0,1.967e-106,0.586,estonian_voro,ig_token.jsonl
/scratch/project_2006235/shibboleth/models/estonian_voro/iter1/model_fold8/shap_token.jsonl,/scratch/project_2005047/shibboleth/data/estonian_voro/iter_folds/iter1/dev_iter1_fold8_features.jsonl,4153,39.427,47.156,90.932,62.105,60.858,shibboleth/models/estonian_voro/iter1/model_fold8/shap_results+wl.txt,70301801.5,3.42e-166,0.609,estonian_voro,shap_token.jsonl
/scratch/project_2006235/shibboleth/models/estonian_voro/iter1/model_fold8/loo_token.jsonl,/scratch/project_2005047/shibboleth/data/estonian_voro/iter_folds/iter1/dev_iter1_fold8_features.jsonl,4153,30.929,45.37,71.331,55.463,54.339,shibboleth/models/estonian_voro/iter1/model_fold8/loo_results+wl.txt,62770739.5,2.708e-28,0.543,estonian_voro,loo_token.jsonl
/scratch/project_2006235/shibboleth/models/estonian_voro/iter1/model_fold8/lime_token.jsonl,/scratch/project_2005047/shibboleth/data/estonian_voro/iter_folds/iter1/dev_iter1_fold8_features.jsonl,4153,39.607,47.71,91.346,62.681,57.819,shibboleth/models/estonian_voro/iter1/model_fold8/lime_results+wl.txt,66531514.0,4.624e-87,0.578,estonian_voro,lime_token.jsonl
/scratch/project_2006235/shibboleth/models/estonian_voro/iter1/model_fold8/ig_token.jsonl,/scratch/project_2005047/shibboleth/data/estonian_voro/iter_folds/iter1/dev_iter1_fold8_features.jsonl,4153,27.931,44.079,64.419,52.342,54.316,shibboleth/models/estonian_voro/iter1/model_fold8/ig_results+wl.txt,62744850.0,5.061e-28,0.543,estonian_voro,ig_token.jsonl
/scratch/project_2006235/shibboleth/models/estonian_voro/iter1/model_fold4/shap_token.jsonl,/scratch/project_2005047/shibboleth/data/estonian_voro/iter_folds/iter1/dev_iter1_fold4_features.jsonl,4155,38.331,45.736,90.16,60.687,61.988,shibboleth/models/estonian_voro/iter1/model_fold4/shap_results+wl.txt,68599681.0,2.382e-197,0.62,estonian_voro,shap_token.jsonl
/scratch/project_2006235/shibboleth/models/estonian_voro/iter1/model_fold4/loo_token.jsonl,/scratch/project_2005047/shibboleth/data/estonian_voro/iter_folds/iter1/dev_iter1_fold4_features.jsonl,4155,33.993,44.782,79.956,57.41,53.377,shibboleth/models/estonian_voro/iter1/model_fold4/loo_results+wl.txt,59069692.0,1.655e-17,0.534,estonian_voro,loo_token.jsonl
/scratch/project_2006235/shibboleth/models/estonian_voro/iter1/model_fold4/lime_token.jsonl,/scratch/project_2005047/shibboleth/data/estonian_voro/iter_folds/iter1/dev_iter1_fold4_features.jsonl,4155,39.03,46.974,91.804,62.149,58.494,shibboleth/models/estonian_voro/iter1/model_fold4/lime_results+wl.txt,64518223.0,5.194e-100,0.585,estonian_voro,lime_token.jsonl
/scratch/project_2006235/shibboleth/models/estonian_voro/iter1/model_fold4/ig_token.jsonl,/scratch/project_2005047/shibboleth/data/estonian_voro/iter_folds/iter1/dev_iter1_fold4_features.jsonl,4155,30.748,45.233,72.322,55.656,58.499,shibboleth/models/estonian_voro/iter1/model_fold4/ig_results+wl.txt,64738327.0,2.473e-100,0.585,estonian_voro,ig_token.jsonl
/scratch/project_2006235/shibboleth/models/estonian_voro/iter1/model_fold7/shap_token.jsonl,/scratch/project_2005047/shibboleth/data/estonian_voro/iter_folds/iter1/dev_iter1_fold7_features.jsonl,4154,38.89,45.227,92.61,60.775,63.731,shibboleth/models/estonian_voro/iter1/model_fold7/shap_results+wl.txt,72681688.0,1.254e-261,0.637,estonian_voro,shap_token.jsonl
/scratch/project_2006235/shibboleth/models/estonian_voro/iter1/model_fold7/loo_token.jsonl,/scratch/project_2005047/shibboleth/data/estonian_voro/iter_folds/iter1/dev_iter1_fold7_features.jsonl,4154,22.811,40.861,54.321,46.639,48.95,shibboleth/models/estonian_voro/iter1/model_fold7/loo_results+wl.txt,55824482.5,0.9959,0.489,estonian_voro,loo_token.jsonl
/scratch/project_2006235/shibboleth/models/estonian_voro/iter1/model_fold7/lime_token.jsonl,/scratch/project_2005047/shibboleth/data/estonian_voro/iter_folds/iter1/dev_iter1_fold7_features.jsonl,4154,38.539,46.156,91.776,61.422,57.024,shibboleth/models/estonian_voro/iter1/model_fold7/lime_results+wl.txt,64942829.0,4.612e-70,0.57,estonian_voro,lime_token.jsonl
/scratch/project_2006235/shibboleth/models/estonian_voro/iter1/model_fold7/ig_token.jsonl,/scratch/project_2005047/shibboleth/data/estonian_voro/iter_folds/iter1/dev_iter1_fold7_features.jsonl,4154,34.025,45.549,81.026,58.316,61.895,shibboleth/models/estonian_voro/iter1/model_fold7/ig_results+wl.txt,70587383.0,6.257e-197,0.619,estonian_voro,ig_token.jsonl
/scratch/project_2006235/shibboleth/models/estonian_voro/iter1/model_fold3/shap_token.jsonl,/scratch/project_2005047/shibboleth/data/estonian_voro/iter_folds/iter1/dev_iter1_fold3_features.jsonl,4155,38.834,45.416,91.359,60.671,62.308,shibboleth/models/estonian_voro/iter1/model_fold3/shap_results+wl.txt,72712130.5,2.025e-213,0.623,estonian_voro,shap_token.jsonl
/scratch/project_2006235/shibboleth/models/estonian_voro/iter1/model_fold3/loo_token.jsonl,/scratch/project_2005047/shibboleth/data/estonian_voro/iter_folds/iter1/dev_iter1_fold3_features.jsonl,4155,16.589,40.475,39.026,39.737,48.648,shibboleth/models/estonian_voro/iter1/model_fold3/loo_results+wl.txt,56771817.0,0.9997,0.486,estonian_voro,loo_token.jsonl
/scratch/project_2006235/shibboleth/models/estonian_voro/iter1/model_fold3/lime_token.jsonl,/scratch/project_2005047/shibboleth/data/estonian_voro/iter_folds/iter1/dev_iter1_fold3_features.jsonl,4155,39.652,47.233,93.282,62.712,58.332,shibboleth/models/estonian_voro/iter1/model_fold3/lime_results+wl.txt,67823151.0,7.884e-99,0.583,estonian_voro,lime_token.jsonl
/scratch/project_2006235/shibboleth/models/estonian_voro/iter1/model_fold3/ig_token.jsonl,/scratch/project_2005047/shibboleth/data/estonian_voro/iter_folds/iter1/dev_iter1_fold3_features.jsonl,4155,32.365,44.77,76.139,56.386,59.289,shibboleth/models/estonian_voro/iter1/model_fold3/ig_results+wl.txt,69189236.0,1.429e-122,0.593,estonian_voro,ig_token.jsonl
/scratch/project_2006235/shibboleth/models/estonian_voro/iter1/model_fold9/shap_token.jsonl,/scratch/project_2005047/shibboleth/data/estonian_voro/iter_folds/iter1/dev_iter1_fold9_features.jsonl,4153,39.025,47.624,90.184,62.332,62.209,shibboleth/models/estonian_voro/iter1/model_fold9/shap_results+wl.txt,70430287.0,2.176e-207,0.622,estonian_voro,shap_token.jsonl
/scratch/project_2006235/shibboleth/models/estonian_voro/iter1/model_fold9/loo_token.jsonl,/scratch/project_2005047/shibboleth/data/estonian_voro/iter_folds/iter1/dev_iter1_fold9_features.jsonl,4153,15.211,46.611,35.152,40.078,53.657,shibboleth/models/estonian_voro/iter1/model_fold9/loo_results+wl.txt,60747431.0,2.91e-22,0.537,estonian_voro,loo_token.jsonl
/scratch/project_2006235/shibboleth/models/estonian_voro/iter1/model_fold9/lime_token.jsonl,/scratch/project_2005047/shibboleth/data/estonian_voro/iter_folds/iter1/dev_iter1_fold9_features.jsonl,4153,40.498,47.659,93.588,63.156,57.778,shibboleth/models/estonian_voro/iter1/model_fold9/lime_results+wl.txt,65246041.0,2.246e-85,0.578,estonian_voro,lime_token.jsonl
/scratch/project_2006235/shibboleth/models/estonian_voro/iter1/model_fold9/ig_token.jsonl,/scratch/project_2005047/shibboleth/data/estonian_voro/iter_folds/iter1/dev_iter1_fold9_features.jsonl,4153,33.941,46.534,78.434,58.412,61.149,shibboleth/models/estonian_voro/iter1/model_fold9/ig_results+wl.txt,69230100.0,2.475e-173,0.611,estonian_voro,ig_token.jsonl
/scratch/project_2006235/shibboleth/models/estonian_voro/iter7/model_fold5/shap_token.jsonl,/scratch/project_2005047/shibboleth/data/estonian_voro/iter_folds/iter7/dev_iter7_fold5_features.jsonl,4155,39.311,46.871,92.095,62.124,63.118,shibboleth/models/estonian_voro/iter7/model_fold5/shap_results+wl.txt,71494157.0,9.982e-239,0.631,estonian_voro,shap_token.jsonl
/scratch/project_2006235/shibboleth/models/estonian_voro/iter7/model_fold5/loo_token.jsonl,/scratch/project_2005047/shibboleth/data/estonian_voro/iter_folds/iter7/dev_iter7_fold5_features.jsonl,4155,20.533,45.43,48.103,46.728,53.889,shibboleth/models/estonian_voro/iter7/model_fold5/loo_results+wl.txt,61039842.5,4.571e-24,0.539,estonian_voro,loo_token.jsonl
/scratch/project_2006235/shibboleth/models/estonian_voro/iter7/model_fold5/lime_token.jsonl,/scratch/project_2005047/shibboleth/data/estonian_voro/iter_folds/iter7/dev_iter7_fold5_features.jsonl,4155,39.873,47.469,93.411,62.949,56.869,shibboleth/models/estonian_voro/iter7/model_fold5/lime_results+wl.txt,64148134.0,6.382e-67,0.569,estonian_voro,lime_token.jsonl
/scratch/project_2006235/shibboleth/models/estonian_voro/iter7/model_fold5/ig_token.jsonl,/scratch/project_2005047/shibboleth/data/estonian_voro/iter_folds/iter7/dev_iter7_fold5_features.jsonl,4155,32.577,46.05,76.318,57.441,60.438,shibboleth/models/estonian_voro/iter7/model_fold5/ig_results+wl.txt,68457854.5,5.283e-152,0.604,estonian_voro,ig_token.jsonl
/scratch/project_2006235/shibboleth/models/estonian_voro/iter7/model_fold2/shap_token.jsonl,/scratch/project_2005047/shibboleth/data/estonian_voro/iter_folds/iter7/dev_iter7_fold2_features.jsonl,4155,38.942,45.008,92.31,60.512,62.219,shibboleth/models/estonian_voro/iter7/model_fold2/shap_results+wl.txt,72735097.0,2.315e-210,0.622,estonian_voro,shap_token.jsonl
/scratch/project_2006235/shibboleth/models/estonian_voro/iter7/model_fold2/loo_token.jsonl,/scratch/project_2005047/shibboleth/data/estonian_voro/iter_folds/iter7/dev_iter7_fold2_features.jsonl,4155,21.082,41.93,49.973,45.6,50.834,shibboleth/models/estonian_voro/iter7/model_fold2/loo_results+wl.txt,59425926.0,0.01738,0.508,estonian_voro,loo_token.jsonl
/scratch/project_2006235/shibboleth/models/estonian_voro/iter7/model_fold2/lime_token.jsonl,/scratch/project_2005047/shibboleth/data/estonian_voro/iter_folds/iter7/dev_iter7_fold2_features.jsonl,4155,38.751,46.811,91.857,62.017,57.495,shibboleth/models/estonian_voro/iter7/model_fold2/lime_results+wl.txt,67092746.0,1.851e-80,0.575,estonian_voro,lime_token.jsonl
/scratch/project_2006235/shibboleth/models/estonian_voro/iter7/model_fold2/ig_token.jsonl,/scratch/project_2005047/shibboleth/data/estonian_voro/iter_folds/iter7/dev_iter7_fold2_features.jsonl,4155,30.158,44.115,71.487,54.56,56.754,shibboleth/models/estonian_voro/iter7/model_fold2/ig_results+wl.txt,66346506.0,7.837e-66,0.568,estonian_voro,ig_token.jsonl
/scratch/project_2006235/shibboleth/models/estonian_voro/iter7/model_fold10/shap_token.jsonl,/scratch/project_2005047/shibboleth/data/estonian_voro/iter_folds/iter7/dev_iter7_fold10_features.jsonl,4153,38.676,46.264,91.43,61.439,63.066,shibboleth/models/estonian_voro/iter7/model_fold10/shap_results+wl.txt,75622437.0,2.659e-243,0.631,estonian_voro,shap_token.jsonl
/scratch/project_2006235/shibboleth/models/estonian_voro/iter7/model_fold10/loo_token.jsonl,/scratch/project_2005047/shibboleth/data/estonian_voro/iter_folds/iter7/dev_iter7_fold10_features.jsonl,4153,17.064,41.405,40.339,40.865,51.011,shibboleth/models/estonian_voro/iter7/model_fold10/loo_results+wl.txt,61167330.0,0.004088,0.51,estonian_voro,loo_token.jsonl
/scratch/project_2006235/shibboleth/models/estonian_voro/iter7/model_fold10/lime_token.jsonl,/scratch/project_2005047/shibboleth/data/estonian_voro/iter_folds/iter7/dev_iter7_fold10_features.jsonl,4153,39.221,46.69,92.718,62.105,56.927,shibboleth/models/estonian_voro/iter7/model_fold10/lime_results+wl.txt,68041760.0,7.131e-70,0.569,estonian_voro,lime_token.jsonl
/scratch/project_2006235/shibboleth/models/estonian_voro/iter7/model_fold10/ig_token.jsonl,/scratch/project_2005047/shibboleth/data/estonian_voro/iter_folds/iter7/dev_iter7_fold10_features.jsonl,4153,29.705,44.694,70.223,54.623,57.81,shibboleth/models/estonian_voro/iter7/model_fold10/ig_results+wl.txt,69320860.0,2.015e-88,0.578,estonian_voro,ig_token.jsonl
/scratch/project_2006235/shibboleth/models/estonian_voro/iter7/model_fold1/shap_token.jsonl,/scratch/project_2005047/shibboleth/data/estonian_voro/iter_folds/iter7/dev_iter7_fold1_features.jsonl,4155,38.823,46.728,90.673,61.673,61.535,shibboleth/models/estonian_voro/iter7/model_fold1/shap_results+wl.txt,69563065.0,5.385e-185,0.615,estonian_voro,shap_token.jsonl
/scratch/project_2006235/shibboleth/models/estonian_voro/iter7/model_fold1/loo_token.jsonl,/scratch/project_2005047/shibboleth/data/estonian_voro/iter_folds/iter7/dev_iter7_fold1_features.jsonl,4155,31.087,44.921,72.606,55.503,55.555,shibboleth/models/estonian_voro/iter7/model_fold1/loo_results+wl.txt,62802500.5,1.411e-44,0.556,estonian_voro,loo_token.jsonl
/scratch/project_2006235/shibboleth/models/estonian_voro/iter7/model_fold1/lime_token.jsonl,/scratch/project_2005047/shibboleth/data/estonian_voro/iter_folds/iter7/dev_iter7_fold1_features.jsonl,4155,39.427,47.073,92.083,62.299,58.397,shibboleth/models/estonian_voro/iter7/model_fold1/lime_results+wl.txt,65844177.0,6.267e-99,0.584,estonian_voro,lime_token.jsonl
/scratch/project_2006235/shibboleth/models/estonian_voro/iter7/model_fold1/ig_token.jsonl,/scratch/project_2005047/shibboleth/data/estonian_voro/iter_folds/iter7/dev_iter7_fold1_features.jsonl,4155,32.429,45.662,75.74,56.975,60.264,shibboleth/models/estonian_voro/iter7/model_fold1/ig_results+wl.txt,68126583.0,5.711e-147,0.603,estonian_voro,ig_token.jsonl
/scratch/project_2006235/shibboleth/models/estonian_voro/iter7/model_fold6/shap_token.jsonl,/scratch/project_2005047/shibboleth/data/estonian_voro/iter_folds/iter7/dev_iter7_fold6_features.jsonl,4154,38.859,46.5,91.049,61.56,63.623,shibboleth/models/estonian_voro/iter7/model_fold6/shap_results+wl.txt,73209996.0,2.923e-259,0.636,estonian_voro,shap_token.jsonl
/scratch/project_2006235/shibboleth/models/estonian_voro/iter7/model_fold6/loo_token.jsonl,/scratch/project_2005047/shibboleth/data/estonian_voro/iter_folds/iter7/dev_iter7_fold6_features.jsonl,4154,26.216,46.854,61.426,53.159,55.59,shibboleth/models/estonian_voro/iter7/model_fold6/loo_results+wl.txt,63966118.5,5.04e-46,0.556,estonian_voro,loo_token.jsonl
/scratch/project_2006235/shibboleth/models/estonian_voro/iter7/model_fold6/lime_token.jsonl,/scratch/project_2005047/shibboleth/data/estonian_voro/iter_folds/iter7/dev_iter7_fold6_features.jsonl,4154,39.89,47.368,93.465,62.873,59.326,shibboleth/models/estonian_voro/iter7/model_fold6/lime_results+wl.txt,68108626.5,1.517e-122,0.593,estonian_voro,lime_token.jsonl
/scratch/project_2006235/shibboleth/models/estonian_voro/iter7/model_fold6/ig_token.jsonl,/scratch/project_2005047/shibboleth/data/estonian_voro/iter_folds/iter7/dev_iter7_fold6_features.jsonl,4154,28.863,44.381,67.626,53.591,56.575,shibboleth/models/estonian_voro/iter7/model_fold6/ig_results+wl.txt,65099479.0,4.101e-62,0.566,estonian_voro,ig_token.jsonl
/scratch/project_2006235/shibboleth/models/estonian_voro/iter7/model_fold8/shap_token.jsonl,/scratch/project_2005047/shibboleth/data/estonian_voro/iter_folds/iter7/dev_iter7_fold8_features.jsonl,4153,39.479,46.145,91.998,61.461,59.455,shibboleth/models/estonian_voro/iter7/model_fold8/shap_results+wl.txt,66720049.0,1.194e-124,0.595,estonian_voro,shap_token.jsonl
/scratch/project_2006235/shibboleth/models/estonian_voro/iter7/model_fold8/loo_token.jsonl,/scratch/project_2005047/shibboleth/data/estonian_voro/iter_folds/iter7/dev_iter7_fold8_features.jsonl,4153,31.73,44.134,73.94,55.275,53.906,shibboleth/models/estonian_voro/iter7/model_fold8/loo_results+wl.txt,60493170.5,5.701e-23,0.539,estonian_voro,loo_token.jsonl
/scratch/project_2006235/shibboleth/models/estonian_voro/iter7/model_fold8/lime_token.jsonl,/scratch/project_2005047/shibboleth/data/estonian_voro/iter_folds/iter7/dev_iter7_fold8_features.jsonl,4153,39.685,47.414,92.477,62.687,58.357,shibboleth/models/estonian_voro/iter7/model_fold8/lime_results+wl.txt,65198714.0,1.311e-97,0.584,estonian_voro,lime_token.jsonl
/scratch/project_2006235/shibboleth/models/estonian_voro/iter7/model_fold8/ig_token.jsonl,/scratch/project_2005047/shibboleth/data/estonian_voro/iter_folds/iter7/dev_iter7_fold8_features.jsonl,4153,32.024,45.681,74.625,56.671,59.22,shibboleth/models/estonian_voro/iter7/model_fold8/ig_results+wl.txt,66456488.0,1.204e-118,0.592,estonian_voro,ig_token.jsonl
/scratch/project_2006235/shibboleth/models/estonian_voro/iter7/model_fold4/shap_token.jsonl,/scratch/project_2005047/shibboleth/data/estonian_voro/iter_folds/iter7/dev_iter7_fold4_features.jsonl,4155,38.207,46.35,89.483,61.068,62.123,shibboleth/models/estonian_voro/iter7/model_fold4/shap_results+wl.txt,70651444.5,1.241e-204,0.621,estonian_voro,shap_token.jsonl
/scratch/project_2006235/shibboleth/models/estonian_voro/iter7/model_fold4/loo_token.jsonl,/scratch/project_2005047/shibboleth/data/estonian_voro/iter_folds/iter7/dev_iter7_fold4_features.jsonl,4155,21.323,45.21,49.94,47.458,53.276,shibboleth/models/estonian_voro/iter7/model_fold4/loo_results+wl.txt,60590205.0,4.971e-17,0.533,estonian_voro,loo_token.jsonl
/scratch/project_2006235/shibboleth/models/estonian_voro/iter7/model_fold4/lime_token.jsonl,/scratch/project_2005047/shibboleth/data/estonian_voro/iter_folds/iter7/dev_iter7_fold4_features.jsonl,4155,39.679,47.202,92.931,62.605,57.916,shibboleth/models/estonian_voro/iter7/model_fold4/lime_results+wl.txt,65662889.0,2.251e-88,0.579,estonian_voro,lime_token.jsonl
/scratch/project_2006235/shibboleth/models/estonian_voro/iter7/model_fold4/ig_token.jsonl,/scratch/project_2005047/shibboleth/data/estonian_voro/iter_folds/iter7/dev_iter7_fold4_features.jsonl,4155,31.994,46.797,74.932,57.613,60.972,shibboleth/models/estonian_voro/iter7/model_fold4/ig_results+wl.txt,69341812.0,4.939e-168,0.61,estonian_voro,ig_token.jsonl
/scratch/project_2006235/shibboleth/models/estonian_voro/iter7/model_fold7/shap_token.jsonl,/scratch/project_2005047/shibboleth/data/estonian_voro/iter_folds/iter7/dev_iter7_fold7_features.jsonl,4154,37.596,45.465,88.838,60.148,62.932,shibboleth/models/estonian_voro/iter7/model_fold7/shap_results+wl.txt,71502085.0,3.871e-232,0.629,estonian_voro,shap_token.jsonl
/scratch/project_2006235/shibboleth/models/estonian_voro/iter7/model_fold7/loo_token.jsonl,/scratch/project_2005047/shibboleth/data/estonian_voro/iter_folds/iter7/dev_iter7_fold7_features.jsonl,4154,21.805,44.929,51.525,48.001,54.594,shibboleth/models/estonian_voro/iter7/model_fold7/loo_results+wl.txt,62028652.0,3.071e-31,0.546,estonian_voro,loo_token.jsonl
/scratch/project_2006235/shibboleth/models/estonian_voro/iter7/model_fold7/lime_token.jsonl,/scratch/project_2005047/shibboleth/data/estonian_voro/iter_folds/iter7/dev_iter7_fold7_features.jsonl,4154,39.299,46.799,92.861,62.234,56.737,shibboleth/models/estonian_voro/iter7/model_fold7/lime_results+wl.txt,64375264.0,1.44e-64,0.567,estonian_voro,lime_token.jsonl
/scratch/project_2006235/shibboleth/models/estonian_voro/iter7/model_fold7/ig_token.jsonl,/scratch/project_2005047/shibboleth/data/estonian_voro/iter_folds/iter7/dev_iter7_fold7_features.jsonl,4154,28.426,43.283,67.17,52.643,55.373,shibboleth/models/estonian_voro/iter7/model_fold7/ig_results+wl.txt,62914405.0,6.976e-42,0.554,estonian_voro,ig_token.jsonl
/scratch/project_2006235/shibboleth/models/estonian_voro/iter7/model_fold3/shap_token.jsonl,/scratch/project_2005047/shibboleth/data/estonian_voro/iter_folds/iter7/dev_iter7_fold3_features.jsonl,4155,38.593,46.664,90.578,61.596,62.17,shibboleth/models/estonian_voro/iter7/model_fold3/shap_results+wl.txt,72498723.0,1.039e-208,0.622,estonian_voro,shap_token.jsonl
/scratch/project_2006235/shibboleth/models/estonian_voro/iter7/model_fold3/loo_token.jsonl,/scratch/project_2005047/shibboleth/data/estonian_voro/iter_folds/iter7/dev_iter7_fold3_features.jsonl,4155,16.173,41.319,37.957,39.566,49.008,shibboleth/models/estonian_voro/iter7/model_fold3/loo_results+wl.txt,57149906.0,0.9944,0.49,estonian_voro,loo_token.jsonl
/scratch/project_2006235/shibboleth/models/estonian_voro/iter7/model_fold3/lime_token.jsonl,/scratch/project_2005047/shibboleth/data/estonian_voro/iter_folds/iter7/dev_iter7_fold3_features.jsonl,4155,39.374,47.048,92.411,62.351,57.087,shibboleth/models/estonian_voro/iter7/model_fold3/lime_results+wl.txt,66359750.5,4.049e-72,0.571,estonian_voro,lime_token.jsonl
/scratch/project_2006235/shibboleth/models/estonian_voro/iter7/model_fold3/ig_token.jsonl,/scratch/project_2005047/shibboleth/data/estonian_voro/iter_folds/iter7/dev_iter7_fold3_features.jsonl,4155,29.541,47.225,69.332,56.182,59.977,shibboleth/models/estonian_voro/iter7/model_fold3/ig_results+wl.txt,69941525.5,4.822e-141,0.6,estonian_voro,ig_token.jsonl
/scratch/project_2006235/shibboleth/models/estonian_voro/iter7/model_fold9/shap_token.jsonl,/scratch/project_2005047/shibboleth/data/estonian_voro/iter_folds/iter7/dev_iter7_fold9_features.jsonl,4153,37.149,47.406,86.396,61.22,61.603,shibboleth/models/estonian_voro/iter7/model_fold9/shap_results+wl.txt,71135267.0,3.221e-189,0.616,estonian_voro,shap_token.jsonl
/scratch/project_2006235/shibboleth/models/estonian_voro/iter7/model_fold9/loo_token.jsonl,/scratch/project_2005047/shibboleth/data/estonian_voro/iter_folds/iter7/dev_iter7_fold9_features.jsonl,4153,16.482,44.296,38.332,41.099,52.583,shibboleth/models/estonian_voro/iter7/model_fold9/loo_results+wl.txt,60719795.0,3.187e-11,0.526,estonian_voro,loo_token.jsonl
/scratch/project_2006235/shibboleth/models/estonian_voro/iter7/model_fold9/lime_token.jsonl,/scratch/project_2005047/shibboleth/data/estonian_voro/iter_folds/iter7/dev_iter7_fold9_features.jsonl,4153,39.54,47.071,91.957,62.268,56.289,shibboleth/models/estonian_voro/iter7/model_fold9/lime_results+wl.txt,64923385.0,4.062e-57,0.563,estonian_voro,lime_token.jsonl
/scratch/project_2006235/shibboleth/models/estonian_voro/iter7/model_fold9/ig_token.jsonl,/scratch/project_2005047/shibboleth/data/estonian_voro/iter_folds/iter7/dev_iter7_fold9_features.jsonl,4153,28.738,44.741,66.834,53.6,55.943,shibboleth/models/estonian_voro/iter7/model_fold9/ig_results+wl.txt,64599656.0,2.887e-51,0.559,estonian_voro,ig_token.jsonl
/scratch/project_2006235/shibboleth/models/estonian_voro/iter2/model_fold5/shap_token.jsonl,/scratch/project_2005047/shibboleth/data/estonian_voro/iter_folds/iter2/dev_iter2_fold5_features.jsonl,4155,38.573,46.842,90.218,61.666,62.157,shibboleth/models/estonian_voro/iter2/model_fold5/shap_results+wl.txt,73843463.5,2.81e-210,0.622,estonian_voro,shap_token.jsonl
/scratch/project_2006235/shibboleth/models/estonian_voro/iter2/model_fold5/loo_token.jsonl,/scratch/project_2005047/shibboleth/data/estonian_voro/iter_folds/iter2/dev_iter2_fold5_features.jsonl,4155,20.183,43.43,47.205,45.239,51.462,shibboleth/models/estonian_voro/iter2/model_fold5/loo_results+wl.txt,61137434.0,8.074e-05,0.515,estonian_voro,loo_token.jsonl
/scratch/project_2006235/shibboleth/models/estonian_voro/iter2/model_fold5/lime_token.jsonl,/scratch/project_2005047/shibboleth/data/estonian_voro/iter_folds/iter2/dev_iter2_fold5_features.jsonl,4155,39.352,47.402,92.039,62.576,57.853,shibboleth/models/estonian_voro/iter2/model_fold5/lime_results+wl.txt,68628691.0,5.714e-89,0.579,estonian_voro,lime_token.jsonl
/scratch/project_2006235/shibboleth/models/estonian_voro/iter2/model_fold5/ig_token.jsonl,/scratch/project_2005047/shibboleth/data/estonian_voro/iter_folds/iter2/dev_iter2_fold5_features.jsonl,4155,30.05,44.949,70.284,54.832,58.044,shibboleth/models/estonian_voro/iter2/model_fold5/ig_results+wl.txt,68957218.0,2.356e-93,0.58,estonian_voro,ig_token.jsonl
/scratch/project_2006235/shibboleth/models/estonian_voro/iter2/model_fold2/shap_token.jsonl,/scratch/project_2005047/shibboleth/data/estonian_voro/iter_folds/iter2/dev_iter2_fold2_features.jsonl,4155,38.97,46.4,91.64,61.606,62.279,shibboleth/models/estonian_voro/iter2/model_fold2/shap_results+wl.txt,72248650.0,7.826e-212,0.623,estonian_voro,shap_token.jsonl
/scratch/project_2006235/shibboleth/models/estonian_voro/iter2/model_fold2/loo_token.jsonl,/scratch/project_2005047/shibboleth/data/estonian_voro/iter_folds/iter2/dev_iter2_fold2_features.jsonl,4155,25.652,45.673,60.321,51.985,54.791,shibboleth/models/estonian_voro/iter2/model_fold2/loo_results+wl.txt,63562210.0,2.311e-34,0.548,estonian_voro,loo_token.jsonl
/scratch/project_2006235/shibboleth/models/estonian_voro/iter2/model_fold2/lime_token.jsonl,/scratch/project_2005047/shibboleth/data/estonian_voro/iter_folds/iter2/dev_iter2_fold2_features.jsonl,4155,39.332,46.708,92.491,62.071,57.214,shibboleth/models/estonian_voro/iter2/model_fold2/lime_results+wl.txt,66121384.5,2.048e-74,0.572,estonian_voro,lime_token.jsonl
/scratch/project_2006235/shibboleth/models/estonian_voro/iter2/model_fold2/ig_token.jsonl,/scratch/project_2005047/shibboleth/data/estonian_voro/iter_folds/iter2/dev_iter2_fold2_features.jsonl,4155,30.563,43.914,71.87,54.517,55.858,shibboleth/models/estonian_voro/iter2/model_fold2/ig_results+wl.txt,64799461.5,6.537e-50,0.559,estonian_voro,ig_token.jsonl
/scratch/project_2006235/shibboleth/models/estonian_voro/iter2/model_fold10/shap_token.jsonl,/scratch/project_2005047/shibboleth/data/estonian_voro/iter_folds/iter2/dev_iter2_fold10_features.jsonl,4153,40.266,46.123,93.022,61.669,61.789,shibboleth/models/estonian_voro/iter2/model_fold10/shap_results+wl.txt,70350894.5,4.69e-194,0.618,estonian_voro,shap_token.jsonl
/scratch/project_2006235/shibboleth/models/estonian_voro/iter2/model_fold10/loo_token.jsonl,/scratch/project_2005047/shibboleth/data/estonian_voro/iter_folds/iter2/dev_iter2_fold10_features.jsonl,4153,30.527,45.109,70.523,55.023,53.666,shibboleth/models/estonian_voro/iter2/model_fold10/loo_results+wl.txt,61102580.0,1.308e-20,0.537,estonian_voro,loo_token.jsonl
/scratch/project_2006235/shibboleth/models/estonian_voro/iter2/model_fold10/lime_token.jsonl,/scratch/project_2005047/shibboleth/data/estonian_voro/iter_folds/iter2/dev_iter2_fold10_features.jsonl,4153,39.877,47.668,92.122,62.827,57.731,shibboleth/models/estonian_voro/iter2/model_fold10/lime_results+wl.txt,65626480.0,1.168e-84,0.577,estonian_voro,lime_token.jsonl
/scratch/project_2006235/shibboleth/models/estonian_voro/iter2/model_fold10/ig_token.jsonl,/scratch/project_2005047/shibboleth/data/estonian_voro/iter_folds/iter2/dev_iter2_fold10_features.jsonl,4153,32.334,45.148,74.698,56.28,57.516,shibboleth/models/estonian_voro/iter2/model_fold10/ig_results+wl.txt,65486017.5,3.175e-80,0.575,estonian_voro,ig_token.jsonl
/scratch/project_2006235/shibboleth/models/estonian_voro/iter2/model_fold1/shap_token.jsonl,/scratch/project_2005047/shibboleth/data/estonian_voro/iter_folds/iter2/dev_iter2_fold1_features.jsonl,4155,38.439,45.696,91.274,60.902,62.511,shibboleth/models/estonian_voro/iter2/model_fold1/shap_results+wl.txt,72405727.5,2.28e-219,0.625,estonian_voro,shap_token.jsonl
/scratch/project_2006235/shibboleth/models/estonian_voro/iter2/model_fold1/loo_token.jsonl,/scratch/project_2005047/shibboleth/data/estonian_voro/iter_folds/iter2/dev_iter2_fold1_features.jsonl,4155,18.357,46.748,43.588,45.113,55.143,shibboleth/models/estonian_voro/iter2/model_fold1/loo_results+wl.txt,63871733.0,5.997e-41,0.551,estonian_voro,loo_token.jsonl
/scratch/project_2006235/shibboleth/models/estonian_voro/iter2/model_fold1/lime_token.jsonl,/scratch/project_2005047/shibboleth/data/estonian_voro/iter_folds/iter2/dev_iter2_fold1_features.jsonl,4155,39.053,46.174,92.73,61.65,56.834,shibboleth/models/estonian_voro/iter2/model_fold1/lime_results+wl.txt,65709446.0,6.165e-67,0.568,estonian_voro,lime_token.jsonl
/scratch/project_2006235/shibboleth/models/estonian_voro/iter2/model_fold1/ig_token.jsonl,/scratch/project_2005047/shibboleth/data/estonian_voro/iter_folds/iter2/dev_iter2_fold1_features.jsonl,4155,29.551,45.037,70.17,54.862,58.694,shibboleth/models/estonian_voro/iter2/model_fold1/ig_results+wl.txt,67984510.0,3.926e-107,0.587,estonian_voro,ig_token.jsonl
/scratch/project_2006235/shibboleth/models/estonian_voro/iter2/model_fold6/shap_token.jsonl,/scratch/project_2005047/shibboleth/data/estonian_voro/iter_folds/iter2/dev_iter2_fold6_features.jsonl,4154,39.399,46.333,91.964,61.621,63.327,shibboleth/models/estonian_voro/iter2/model_fold6/shap_results+wl.txt,71706191.0,2.197e-246,0.633,estonian_voro,shap_token.jsonl
/scratch/project_2006235/shibboleth/models/estonian_voro/iter2/model_fold6/loo_token.jsonl,/scratch/project_2005047/shibboleth/data/estonian_voro/iter_folds/iter2/dev_iter2_fold6_features.jsonl,4154,14.021,42.902,32.727,37.13,51.96,shibboleth/models/estonian_voro/iter2/model_fold6/loo_results+wl.txt,58834643.5,2.125e-07,0.52,estonian_voro,loo_token.jsonl
/scratch/project_2006235/shibboleth/models/estonian_voro/iter2/model_fold6/lime_token.jsonl,/scratch/project_2005047/shibboleth/data/estonian_voro/iter_folds/iter2/dev_iter2_fold6_features.jsonl,4154,39.705,47.209,92.679,62.554,57.869,shibboleth/models/estonian_voro/iter2/model_fold6/lime_results+wl.txt,65401026.0,2.829e-87,0.579,estonian_voro,lime_token.jsonl
/scratch/project_2006235/shibboleth/models/estonian_voro/iter2/model_fold6/ig_token.jsonl,/scratch/project_2005047/shibboleth/data/estonian_voro/iter_folds/iter2/dev_iter2_fold6_features.jsonl,4154,34.657,44.938,80.897,57.779,60.721,shibboleth/models/estonian_voro/iter2/model_fold6/ig_results+wl.txt,68754805.0,2.818e-160,0.607,estonian_voro,ig_token.jsonl
/scratch/project_2006235/shibboleth/models/estonian_voro/iter2/model_fold8/shap_token.jsonl,/scratch/project_2005047/shibboleth/data/estonian_voro/iter_folds/iter2/dev_iter2_fold8_features.jsonl,4153,38.187,46.477,90.219,61.349,63.584,shibboleth/models/estonian_voro/iter2/model_fold8/shap_results+wl.txt,73340473.5,8.378e-258,0.636,estonian_voro,shap_token.jsonl
/scratch/project_2006235/shibboleth/models/estonian_voro/iter2/model_fold8/loo_token.jsonl,/scratch/project_2005047/shibboleth/data/estonian_voro/iter_folds/iter2/dev_iter2_fold8_features.jsonl,4153,25.372,43.317,59.944,50.291,52.574,shibboleth/models/estonian_voro/iter2/model_fold8/loo_results+wl.txt,60640919.0,4.115e-11,0.526,estonian_voro,loo_token.jsonl
/scratch/project_2006235/shibboleth/models/estonian_voro/iter2/model_fold8/lime_token.jsonl,/scratch/project_2005047/shibboleth/data/estonian_voro/iter_folds/iter2/dev_iter2_fold8_features.jsonl,4153,39.069,47.166,92.304,62.43,59.362,shibboleth/models/estonian_voro/iter2/model_fold8/lime_results+wl.txt,68175063.0,2.275e-123,0.594,estonian_voro,lime_token.jsonl
/scratch/project_2006235/shibboleth/models/estonian_voro/iter2/model_fold8/ig_token.jsonl,/scratch/project_2005047/shibboleth/data/estonian_voro/iter_folds/iter2/dev_iter2_fold8_features.jsonl,4153,34.87,45.073,82.382,58.267,61.98,shibboleth/models/estonian_voro/iter2/model_fold8/ig_results+wl.txt,71490221.0,4.76e-201,0.62,estonian_voro,ig_token.jsonl
/scratch/project_2006235/shibboleth/models/estonian_voro/iter2/model_fold4/shap_token.jsonl,/scratch/project_2005047/shibboleth/data/estonian_voro/iter_folds/iter2/dev_iter2_fold4_features.jsonl,4155,39.13,47.827,90.243,62.52,63.262,shibboleth/models/estonian_voro/iter2/model_fold4/shap_results+wl.txt,71477963.0,4.641e-244,0.633,estonian_voro,shap_token.jsonl
/scratch/project_2006235/shibboleth/models/estonian_voro/iter2/model_fold4/loo_token.jsonl,/scratch/project_2005047/shibboleth/data/estonian_voro/iter_folds/iter2/dev_iter2_fold4_features.jsonl,4155,12.963,43.734,29.895,35.514,50.169,shibboleth/models/estonian_voro/iter2/model_fold4/loo_results+wl.txt,56684709.0,0.3325,0.502,estonian_voro,loo_token.jsonl
/scratch/project_2006235/shibboleth/models/estonian_voro/iter2/model_fold4/lime_token.jsonl,/scratch/project_2005047/shibboleth/data/estonian_voro/iter_folds/iter2/dev_iter2_fold4_features.jsonl,4155,40.442,48.12,93.27,63.486,57.457,shibboleth/models/estonian_voro/iter2/model_fold4/lime_results+wl.txt,64774347.0,1.284e-78,0.575,estonian_voro,lime_token.jsonl
/scratch/project_2006235/shibboleth/models/estonian_voro/iter2/model_fold4/ig_token.jsonl,/scratch/project_2005047/shibboleth/data/estonian_voro/iter_folds/iter2/dev_iter2_fold4_features.jsonl,4155,30.156,46.006,69.547,55.378,58.116,shibboleth/models/estonian_voro/iter2/model_fold4/ig_results+wl.txt,65663469.0,7.663e-93,0.581,estonian_voro,ig_token.jsonl
/scratch/project_2006235/shibboleth/models/estonian_voro/iter2/model_fold7/shap_token.jsonl,/scratch/project_2005047/shibboleth/data/estonian_voro/iter_folds/iter2/dev_iter2_fold7_features.jsonl,4154,38.959,45.448,92.684,60.99,62.555,shibboleth/models/estonian_voro/iter2/model_fold7/shap_results+wl.txt,70828396.5,2.268e-218,0.626,estonian_voro,shap_token.jsonl
/scratch/project_2006235/shibboleth/models/estonian_voro/iter2/model_fold7/loo_token.jsonl,/scratch/project_2005047/shibboleth/data/estonian_voro/iter_folds/iter2/dev_iter2_fold7_features.jsonl,4154,21.161,45.26,50.342,47.666,54.554,shibboleth/models/estonian_voro/iter2/model_fold7/loo_results+wl.txt,61770106.5,9.299e-31,0.546,estonian_voro,loo_token.jsonl
/scratch/project_2006235/shibboleth/models/estonian_voro/iter2/model_fold7/lime_token.jsonl,/scratch/project_2005047/shibboleth/data/estonian_voro/iter_folds/iter2/dev_iter2_fold7_features.jsonl,4154,38.871,46.437,92.475,61.827,57.202,shibboleth/models/estonian_voro/iter2/model_fold7/lime_results+wl.txt,64551488.0,3.278e-73,0.572,estonian_voro,lime_token.jsonl
/scratch/project_2006235/shibboleth/models/estonian_voro/iter2/model_fold7/ig_token.jsonl,/scratch/project_2005047/shibboleth/data/estonian_voro/iter_folds/iter2/dev_iter2_fold7_features.jsonl,4154,31.215,43.627,74.262,54.964,57.789,shibboleth/models/estonian_voro/iter2/model_fold7/ig_results+wl.txt,65432179.0,1.868e-85,0.578,estonian_voro,ig_token.jsonl
/scratch/project_2006235/shibboleth/models/estonian_voro/iter2/model_fold3/shap_token.jsonl,/scratch/project_2005047/shibboleth/data/estonian_voro/iter_folds/iter2/dev_iter2_fold3_features.jsonl,4155,37.587,46.042,87.83,60.414,61.42,shibboleth/models/estonian_voro/iter2/model_fold3/shap_results+wl.txt,70914678.5,3.017e-183,0.614,estonian_voro,shap_token.jsonl
/scratch/project_2006235/shibboleth/models/estonian_voro/iter2/model_fold3/loo_token.jsonl,/scratch/project_2005047/shibboleth/data/estonian_voro/iter_folds/iter2/dev_iter2_fold3_features.jsonl,4155,29.207,45.66,68.249,54.715,55.493,shibboleth/models/estonian_voro/iter2/model_fold3/loo_results+wl.txt,64072446.5,4.44e-44,0.555,estonian_voro,loo_token.jsonl
/scratch/project_2006235/shibboleth/models/estonian_voro/iter2/model_fold3/lime_token.jsonl,/scratch/project_2005047/shibboleth/data/estonian_voro/iter_folds/iter2/dev_iter2_fold3_features.jsonl,4155,39.453,47.281,92.191,62.506,58.143,shibboleth/models/estonian_voro/iter2/model_fold3/lime_results+wl.txt,66874752.0,4.382e-94,0.581,estonian_voro,lime_token.jsonl
/scratch/project_2006235/shibboleth/models/estonian_voro/iter2/model_fold3/ig_token.jsonl,/scratch/project_2005047/shibboleth/data/estonian_voro/iter_folds/iter2/dev_iter2_fold3_features.jsonl,4155,27.529,43.626,64.329,51.992,54.529,shibboleth/models/estonian_voro/iter2/model_fold3/ig_results+wl.txt,62959246.0,1.315e-30,0.545,estonian_voro,ig_token.jsonl
/scratch/project_2006235/shibboleth/models/estonian_voro/iter2/model_fold9/shap_token.jsonl,/scratch/project_2005047/shibboleth/data/estonian_voro/iter_folds/iter2/dev_iter2_fold9_features.jsonl,4153,38.493,45.763,91.297,60.966,63.747,shibboleth/models/estonian_voro/iter2/model_fold9/shap_results+wl.txt,73308366.5,1.837e-263,0.637,estonian_voro,shap_token.jsonl
/scratch/project_2006235/shibboleth/models/estonian_voro/iter2/model_fold9/loo_token.jsonl,/scratch/project_2005047/shibboleth/data/estonian_voro/iter_folds/iter2/dev_iter2_fold9_features.jsonl,4153,24.022,44.822,56.975,50.173,53.965,shibboleth/models/estonian_voro/iter2/model_fold9/loo_results+wl.txt,62059309.5,7.308e-24,0.54,estonian_voro,loo_token.jsonl
/scratch/project_2006235/shibboleth/models/estonian_voro/iter2/model_fold9/lime_token.jsonl,/scratch/project_2005047/shibboleth/data/estonian_voro/iter_folds/iter2/dev_iter2_fold9_features.jsonl,4153,38.392,46.876,91.057,61.89,57.204,shibboleth/models/estonian_voro/iter2/model_fold9/lime_results+wl.txt,65590416.5,7.209e-74,0.572,estonian_voro,lime_token.jsonl
/scratch/project_2006235/shibboleth/models/estonian_voro/iter2/model_fold9/ig_token.jsonl,/scratch/project_2005047/shibboleth/data/estonian_voro/iter_folds/iter2/dev_iter2_fold9_features.jsonl,4153,33.991,44.835,80.619,57.624,61.514,shibboleth/models/estonian_voro/iter2/model_fold9/ig_results+wl.txt,70740888.5,1.489e-185,0.615,estonian_voro,ig_token.jsonl
/scratch/project_2006235/shibboleth/models/estonian_voro/iter3/model_fold5/shap_token.jsonl,/scratch/project_2005047/shibboleth/data/estonian_voro/iter_folds/iter3/dev_iter3_fold5_features.jsonl,4155,37.696,45.889,90.016,60.788,62.567,shibboleth/models/estonian_voro/iter3/model_fold5/shap_results+wl.txt,73645017.0,6.673e-223,0.626,estonian_voro,shap_token.jsonl
/scratch/project_2006235/shibboleth/models/estonian_voro/iter3/model_fold5/loo_token.jsonl,/scratch/project_2005047/shibboleth/data/estonian_voro/iter_folds/iter3/dev_iter3_fold5_features.jsonl,4155,11.53,42.985,27.534,33.567,52.786,shibboleth/models/estonian_voro/iter3/model_fold5/loo_results+wl.txt,62132673.5,1.437e-13,0.528,estonian_voro,loo_token.jsonl
/scratch/project_2006235/shibboleth/models/estonian_voro/iter3/model_fold5/lime_token.jsonl,/scratch/project_2005047/shibboleth/data/estonian_voro/iter_folds/iter3/dev_iter3_fold5_features.jsonl,4155,38.758,46.458,92.553,61.863,58.824,shibboleth/models/estonian_voro/iter3/model_fold5/lime_results+wl.txt,69030179.0,7.472e-111,0.588,estonian_voro,lime_token.jsonl
/scratch/project_2006235/shibboleth/models/estonian_voro/iter3/model_fold5/ig_token.jsonl,/scratch/project_2005047/shibboleth/data/estonian_voro/iter_folds/iter3/dev_iter3_fold5_features.jsonl,4155,30.66,43.778,73.214,54.793,57.982,shibboleth/models/estonian_voro/iter3/model_fold5/ig_results+wl.txt,68248289.5,2.706e-91,0.58,estonian_voro,ig_token.jsonl
/scratch/project_2006235/shibboleth/models/estonian_voro/iter3/model_fold2/shap_token.jsonl,/scratch/project_2005047/shibboleth/data/estonian_voro/iter_folds/iter3/dev_iter3_fold2_features.jsonl,4155,38.644,47.158,90.262,61.95,62.315,shibboleth/models/estonian_voro/iter3/model_fold2/shap_results+wl.txt,74031506.5,9.246e-216,0.623,estonian_voro,shap_token.jsonl
/scratch/project_2006235/shibboleth/models/estonian_voro/iter3/model_fold2/loo_token.jsonl,/scratch/project_2005047/shibboleth/data/estonian_voro/iter_folds/iter3/dev_iter3_fold2_features.jsonl,4155,9.897,43.437,23.116,30.174,50.212,shibboleth/models/estonian_voro/iter3/model_fold2/loo_results+wl.txt,59652639.0,0.2891,0.502,estonian_voro,loo_token.jsonl
/scratch/project_2006235/shibboleth/models/estonian_voro/iter3/model_fold2/lime_token.jsonl,/scratch/project_2005047/shibboleth/data/estonian_voro/iter_folds/iter3/dev_iter3_fold2_features.jsonl,4155,39.523,47.638,92.316,62.845,57.924,shibboleth/models/estonian_voro/iter3/model_fold2/lime_results+wl.txt,68626667.0,1.629e-90,0.579,estonian_voro,lime_token.jsonl
/scratch/project_2006235/shibboleth/models/estonian_voro/iter3/model_fold2/ig_token.jsonl,/scratch/project_2005047/shibboleth/data/estonian_voro/iter_folds/iter3/dev_iter3_fold2_features.jsonl,4155,29.015,44.87,67.771,53.993,56.589,shibboleth/models/estonian_voro/iter3/model_fold2/ig_results+wl.txt,67229648.0,2.24e-63,0.566,estonian_voro,ig_token.jsonl
/scratch/project_2006235/shibboleth/models/estonian_voro/iter3/model_fold10/shap_token.jsonl,/scratch/project_2005047/shibboleth/data/estonian_voro/iter_folds/iter3/dev_iter3_fold10_features.jsonl,4153,38.143,46.879,89.119,61.44,62.355,shibboleth/models/estonian_voro/iter3/model_fold10/shap_results+wl.txt,74120546.5,3.356e-217,0.624,estonian_voro,shap_token.jsonl
/scratch/project_2006235/shibboleth/models/estonian_voro/iter3/model_fold10/loo_token.jsonl,/scratch/project_2005047/shibboleth/data/estonian_voro/iter_folds/iter3/dev_iter3_fold10_features.jsonl,4153,24.521,46.084,57.293,51.08,55.432,shibboleth/models/estonian_voro/iter3/model_fold10/loo_results+wl.txt,65891712.5,3.922e-44,0.554,estonian_voro,loo_token.jsonl
/scratch/project_2006235/shibboleth/models/estonian_voro/iter3/model_fold10/lime_token.jsonl,/scratch/project_2005047/shibboleth/data/estonian_voro/iter_folds/iter3/dev_iter3_fold10_features.jsonl,4153,39.805,47.441,93.004,62.832,58.335,shibboleth/models/estonian_voro/iter3/model_fold10/lime_results+wl.txt,69142824.0,6.278e-100,0.583,estonian_voro,lime_token.jsonl
/scratch/project_2006235/shibboleth/models/estonian_voro/iter3/model_fold10/ig_token.jsonl,/scratch/project_2005047/shibboleth/data/estonian_voro/iter_folds/iter3/dev_iter3_fold10_features.jsonl,4153,31.905,45.853,74.545,56.78,59.188,shibboleth/models/estonian_voro/iter3/model_fold10/ig_results+wl.txt,70356162.0,3.604e-121,0.592,estonian_voro,ig_token.jsonl
/scratch/project_2006235/shibboleth/models/estonian_voro/iter3/model_fold1/shap_token.jsonl,/scratch/project_2005047/shibboleth/data/estonian_voro/iter_folds/iter3/dev_iter3_fold1_features.jsonl,4155,39.033,45.949,91.117,61.091,62.749,shibboleth/models/estonian_voro/iter3/model_fold1/shap_results+wl.txt,72180818.0,2.112e-227,0.627,estonian_voro,shap_token.jsonl
/scratch/project_2006235/shibboleth/models/estonian_voro/iter3/model_fold1/loo_token.jsonl,/scratch/project_2005047/shibboleth/data/estonian_voro/iter_folds/iter3/dev_iter3_fold1_features.jsonl,4155,29.29,45.233,68.373,54.447,55.298,shibboleth/models/estonian_voro/iter3/model_fold1/loo_results+wl.txt,63610030.5,4.494e-41,0.553,estonian_voro,loo_token.jsonl
/scratch/project_2006235/shibboleth/models/estonian_voro/iter3/model_fold1/lime_token.jsonl,/scratch/project_2005047/shibboleth/data/estonian_voro/iter_folds/iter3/dev_iter3_fold1_features.jsonl,4155,39.665,47.219,92.591,62.543,57.703,shibboleth/models/estonian_voro/iter3/model_fold1/lime_results+wl.txt,66112283.5,2.813e-84,0.577,estonian_voro,lime_token.jsonl
/scratch/project_2006235/shibboleth/models/estonian_voro/iter3/model_fold1/ig_token.jsonl,/scratch/project_2005047/shibboleth/data/estonian_voro/iter_folds/iter3/dev_iter3_fold1_features.jsonl,4155,30.101,45.18,70.266,54.998,58.858,shibboleth/models/estonian_voro/iter3/model_fold1/ig_results+wl.txt,67705355.0,5.482e-111,0.589,estonian_voro,ig_token.jsonl
/scratch/project_2006235/shibboleth/models/estonian_voro/iter3/model_fold6/shap_token.jsonl,/scratch/project_2005047/shibboleth/data/estonian_voro/iter_folds/iter3/dev_iter3_fold6_features.jsonl,4154,39.051,47.114,91.516,62.204,63.666,shibboleth/models/estonian_voro/iter3/model_fold6/shap_results+wl.txt,71598573.0,6.307e-258,0.637,estonian_voro,shap_token.jsonl
/scratch/project_2006235/shibboleth/models/estonian_voro/iter3/model_fold6/loo_token.jsonl,/scratch/project_2005047/shibboleth/data/estonian_voro/iter_folds/iter3/dev_iter3_fold6_features.jsonl,4154,27.068,44.633,63.435,52.398,54.186,shibboleth/models/estonian_voro/iter3/model_fold6/loo_results+wl.txt,60937891.0,4.014e-26,0.542,estonian_voro,loo_token.jsonl
/scratch/project_2006235/shibboleth/models/estonian_voro/iter3/model_fold6/lime_token.jsonl,/scratch/project_2005047/shibboleth/data/estonian_voro/iter_folds/iter3/dev_iter3_fold6_features.jsonl,4154,39.335,47.237,92.181,62.464,58.307,shibboleth/models/estonian_voro/iter3/model_fold6/lime_results+wl.txt,65475791.0,1.178e-96,0.583,estonian_voro,lime_token.jsonl
/scratch/project_2006235/shibboleth/models/estonian_voro/iter3/model_fold6/ig_token.jsonl,/scratch/project_2005047/shibboleth/data/estonian_voro/iter_folds/iter3/dev_iter3_fold6_features.jsonl,4154,34.02,45.461,79.727,57.904,61.015,shibboleth/models/estonian_voro/iter3/model_fold6/ig_results+wl.txt,68618157.0,1.998e-168,0.61,estonian_voro,ig_token.jsonl
/scratch/project_2006235/shibboleth/models/estonian_voro/iter3/model_fold8/shap_token.jsonl,/scratch/project_2005047/shibboleth/data/estonian_voro/iter_folds/iter3/dev_iter3_fold8_features.jsonl,4153,38.536,45.171,90.915,60.355,62.255,shibboleth/models/estonian_voro/iter3/model_fold8/shap_results+wl.txt,70440035.5,2.472e-208,0.623,estonian_voro,shap_token.jsonl
/scratch/project_2006235/shibboleth/models/estonian_voro/iter3/model_fold8/loo_token.jsonl,/scratch/project_2005047/shibboleth/data/estonian_voro/iter_folds/iter3/dev_iter3_fold8_features.jsonl,4153,22.428,45.166,52.914,48.734,53.869,shibboleth/models/estonian_voro/iter3/model_fold8/loo_results+wl.txt,60950943.0,6.898e-23,0.539,estonian_voro,loo_token.jsonl
/scratch/project_2006235/shibboleth/models/estonian_voro/iter3/model_fold8/lime_token.jsonl,/scratch/project_2005047/shibboleth/data/estonian_voro/iter_folds/iter3/dev_iter3_fold8_features.jsonl,4153,39.365,46.619,92.872,62.078,57.717,shibboleth/models/estonian_voro/iter3/model_fold8/lime_results+wl.txt,65140817.0,7.699e-84,0.577,estonian_voro,lime_token.jsonl
/scratch/project_2006235/shibboleth/models/estonian_voro/iter3/model_fold8/ig_token.jsonl,/scratch/project_2005047/shibboleth/data/estonian_voro/iter_folds/iter3/dev_iter3_fold8_features.jsonl,4153,31.311,44.463,73.871,55.513,58.588,shibboleth/models/estonian_voro/iter3/model_fold8/ig_results+wl.txt,66289894.0,1.815e-103,0.586,estonian_voro,ig_token.jsonl
/scratch/project_2006235/shibboleth/models/estonian_voro/iter3/model_fold4/shap_token.jsonl,/scratch/project_2005047/shibboleth/data/estonian_voro/iter_folds/iter3/dev_iter3_fold4_features.jsonl,4155,39.274,45.163,93.23,60.849,61.93,shibboleth/models/estonian_voro/iter3/model_fold4/shap_results+wl.txt,71505299.0,2.175e-199,0.619,estonian_voro,shap_token.jsonl
/scratch/project_2006235/shibboleth/models/estonian_voro/iter3/model_fold4/loo_token.jsonl,/scratch/project_2005047/shibboleth/data/estonian_voro/iter_folds/iter3/dev_iter3_fold4_features.jsonl,4155,29.714,41.486,70.538,52.245,52.533,shibboleth/models/estonian_voro/iter3/model_fold4/loo_results+wl.txt,60655628.5,8.142e-11,0.525,estonian_voro,loo_token.jsonl
/scratch/project_2006235/shibboleth/models/estonian_voro/iter3/model_fold4/lime_token.jsonl,/scratch/project_2005047/shibboleth/data/estonian_voro/iter_folds/iter3/dev_iter3_fold4_features.jsonl,4155,38.636,46.54,91.717,61.748,58.253,shibboleth/models/estonian_voro/iter3/model_fold4/lime_results+wl.txt,66989489.0,2.362e-96,0.583,estonian_voro,lime_token.jsonl
/scratch/project_2006235/shibboleth/models/estonian_voro/iter3/model_fold4/ig_token.jsonl,/scratch/project_2005047/shibboleth/data/estonian_voro/iter_folds/iter3/dev_iter3_fold4_features.jsonl,4155,31.214,43.846,74.097,55.092,57.651,shibboleth/models/estonian_voro/iter3/model_fold4/ig_results+wl.txt,66565056.0,2.351e-83,0.577,estonian_voro,ig_token.jsonl
/scratch/project_2006235/shibboleth/models/estonian_voro/iter3/model_fold7/shap_token.jsonl,/scratch/project_2005047/shibboleth/data/estonian_voro/iter_folds/iter3/dev_iter3_fold7_features.jsonl,4154,39.87,46.375,92.479,61.773,62.403,shibboleth/models/estonian_voro/iter3/model_fold7/shap_results+wl.txt,73362030.5,7.406e-218,0.624,estonian_voro,shap_token.jsonl
/scratch/project_2006235/shibboleth/models/estonian_voro/iter3/model_fold7/loo_token.jsonl,/scratch/project_2005047/shibboleth/data/estonian_voro/iter_folds/iter3/dev_iter3_fold7_features.jsonl,4154,26.896,44.743,62.386,52.112,53.654,shibboleth/models/estonian_voro/iter3/model_fold7/loo_results+wl.txt,63076934.5,7.477e-21,0.537,estonian_voro,loo_token.jsonl
/scratch/project_2006235/shibboleth/models/estonian_voro/iter3/model_fold7/lime_token.jsonl,/scratch/project_2005047/shibboleth/data/estonian_voro/iter_folds/iter3/dev_iter3_fold7_features.jsonl,4154,39.746,47.631,92.194,62.811,59.012,shibboleth/models/estonian_voro/iter3/model_fold7/lime_results+wl.txt,69185469.5,6.446e-116,0.59,estonian_voro,lime_token.jsonl
/scratch/project_2006235/shibboleth/models/estonian_voro/iter3/model_fold7/ig_token.jsonl,/scratch/project_2005047/shibboleth/data/estonian_voro/iter_folds/iter3/dev_iter3_fold7_features.jsonl,4154,31.251,45.742,72.488,56.089,58.481,shibboleth/models/estonian_voro/iter3/model_fold7/ig_results+wl.txt,68751466.0,4.264e-103,0.585,estonian_voro,ig_token.jsonl
/scratch/project_2006235/shibboleth/models/estonian_voro/iter3/model_fold3/shap_token.jsonl,/scratch/project_2005047/shibboleth/data/estonian_voro/iter_folds/iter3/dev_iter3_fold3_features.jsonl,4155,37.733,45.877,88.398,60.405,60.086,shibboleth/models/estonian_voro/iter3/model_fold3/shap_results+wl.txt,67582502.0,1.348e-141,0.601,estonian_voro,shap_token.jsonl
/scratch/project_2006235/shibboleth/models/estonian_voro/iter3/model_fold3/loo_token.jsonl,/scratch/project_2005047/shibboleth/data/estonian_voro/iter_folds/iter3/dev_iter3_fold3_features.jsonl,4155,31.496,45.035,73.787,55.933,56.447,shibboleth/models/estonian_voro/iter3/model_fold3/loo_results+wl.txt,63488861.5,3.759e-59,0.564,estonian_voro,loo_token.jsonl
/scratch/project_2006235/shibboleth/models/estonian_voro/iter3/model_fold3/lime_token.jsonl,/scratch/project_2005047/shibboleth/data/estonian_voro/iter_folds/iter3/dev_iter3_fold3_features.jsonl,4155,39.46,47.09,92.444,62.396,57.555,shibboleth/models/estonian_voro/iter3/model_fold3/lime_results+wl.txt,64681306.0,2.27e-80,0.576,estonian_voro,lime_token.jsonl
/scratch/project_2006235/shibboleth/models/estonian_voro/iter3/model_fold3/ig_token.jsonl,/scratch/project_2005047/shibboleth/data/estonian_voro/iter_folds/iter3/dev_iter3_fold3_features.jsonl,4155,31.455,45.255,73.689,56.074,58.682,shibboleth/models/estonian_voro/iter3/model_fold3/ig_results+wl.txt,66003216.5,1.652e-105,0.587,estonian_voro,ig_token.jsonl
/scratch/project_2006235/shibboleth/models/estonian_voro/iter3/model_fold9/shap_token.jsonl,/scratch/project_2005047/shibboleth/data/estonian_voro/iter_folds/iter3/dev_iter3_fold9_features.jsonl,4153,39.104,46.851,91.173,61.895,63.677,shibboleth/models/estonian_voro/iter3/model_fold9/shap_results+wl.txt,69043082.0,6.836e-254,0.637,estonian_voro,shap_token.jsonl
/scratch/project_2006235/shibboleth/models/estonian_voro/iter3/model_fold9/loo_token.jsonl,/scratch/project_2005047/shibboleth/data/estonian_voro/iter_folds/iter3/dev_iter3_fold9_features.jsonl,4153,29.274,45.404,68.252,54.532,55.116,shibboleth/models/estonian_voro/iter3/model_fold9/loo_results+wl.txt,59760148.5,2.208e-37,0.551,estonian_voro,loo_token.jsonl
/scratch/project_2006235/shibboleth/models/estonian_voro/iter3/model_fold9/lime_token.jsonl,/scratch/project_2005047/shibboleth/data/estonian_voro/iter_folds/iter3/dev_iter3_fold9_features.jsonl,4153,38.639,47.393,90.088,62.111,58.705,shibboleth/models/estonian_voro/iter3/model_fold9/lime_results+wl.txt,63459732.0,4.95e-104,0.587,estonian_voro,lime_token.jsonl
/scratch/project_2006235/shibboleth/models/estonian_voro/iter3/model_fold9/ig_token.jsonl,/scratch/project_2005047/shibboleth/data/estonian_voro/iter_folds/iter3/dev_iter3_fold9_features.jsonl,4153,31.537,44.293,73.529,55.283,56.451,shibboleth/models/estonian_voro/iter3/model_fold9/ig_results+wl.txt,61208175.5,3.146e-58,0.565,estonian_voro,ig_token.jsonl
/scratch/project_2006235/shibboleth/models/estonian_voro/iter8/model_fold5/shap_token.jsonl,/scratch/project_2005047/shibboleth/data/estonian_voro/iter_folds/iter8/dev_iter8_fold5_features.jsonl,4155,39.275,46.841,91.757,62.021,63.168,shibboleth/models/estonian_voro/iter8/model_fold5/shap_results+wl.txt,75252142.0,1.086e-246,0.632,estonian_voro,shap_token.jsonl
/scratch/project_2006235/shibboleth/models/estonian_voro/iter8/model_fold5/loo_token.jsonl,/scratch/project_2005047/shibboleth/data/estonian_voro/iter_folds/iter8/dev_iter8_fold5_features.jsonl,4155,27.47,43.351,64.176,51.747,50.852,shibboleth/models/estonian_voro/iter8/model_fold5/loo_results+wl.txt,60579383.0,0.01478,0.509,estonian_voro,loo_token.jsonl
/scratch/project_2006235/shibboleth/models/estonian_voro/iter8/model_fold5/lime_token.jsonl,/scratch/project_2005047/shibboleth/data/estonian_voro/iter_folds/iter8/dev_iter8_fold5_features.jsonl,4155,39.624,47.006,92.571,62.351,56.506,shibboleth/models/estonian_voro/iter8/model_fold5/lime_results+wl.txt,67245140.0,7.43e-62,0.565,estonian_voro,lime_token.jsonl
/scratch/project_2006235/shibboleth/models/estonian_voro/iter8/model_fold5/ig_token.jsonl,/scratch/project_2005047/shibboleth/data/estonian_voro/iter_folds/iter8/dev_iter8_fold5_features.jsonl,4155,30.261,45.526,70.696,55.385,58.153,shibboleth/models/estonian_voro/iter8/model_fold5/ig_results+wl.txt,69277172.0,5.503e-96,0.582,estonian_voro,ig_token.jsonl
/scratch/project_2006235/shibboleth/models/estonian_voro/iter8/model_fold2/shap_token.jsonl,/scratch/project_2005047/shibboleth/data/estonian_voro/iter_folds/iter8/dev_iter8_fold2_features.jsonl,4155,40.102,46.213,93.066,61.759,62.27,shibboleth/models/estonian_voro/iter8/model_fold2/shap_results+wl.txt,71136100.0,2.836e-210,0.623,estonian_voro,shap_token.jsonl
/scratch/project_2006235/shibboleth/models/estonian_voro/iter8/model_fold2/loo_token.jsonl,/scratch/project_2005047/shibboleth/data/estonian_voro/iter_folds/iter8/dev_iter8_fold2_features.jsonl,4155,30.911,44.81,71.737,55.163,55.304,shibboleth/models/estonian_voro/iter8/model_fold2/loo_results+wl.txt,63178021.0,4.68e-41,0.553,estonian_voro,loo_token.jsonl
/scratch/project_2006235/shibboleth/models/estonian_voro/iter8/model_fold2/lime_token.jsonl,/scratch/project_2005047/shibboleth/data/estonian_voro/iter_folds/iter8/dev_iter8_fold2_features.jsonl,4155,39.806,47.934,92.379,63.117,59.348,shibboleth/models/estonian_voro/iter8/model_fold2/lime_results+wl.txt,67548987.5,9.551e-123,0.593,estonian_voro,lime_token.jsonl
/scratch/project_2006235/shibboleth/models/estonian_voro/iter8/model_fold2/ig_token.jsonl,/scratch/project_2005047/shibboleth/data/estonian_voro/iter_folds/iter8/dev_iter8_fold2_features.jsonl,4155,31.901,44.417,74.034,55.522,57.454,shibboleth/models/estonian_voro/iter8/model_fold2/ig_results+wl.txt,65633879.5,4.965e-79,0.575,estonian_voro,ig_token.jsonl
/scratch/project_2006235/shibboleth/models/estonian_voro/iter8/model_fold10/shap_token.jsonl,/scratch/project_2005047/shibboleth/data/estonian_voro/iter_folds/iter8/dev_iter8_fold10_features.jsonl,4153,39.002,45.75,92.026,61.117,62.449,shibboleth/models/estonian_voro/iter8/model_fold10/shap_results+wl.txt,73529094.5,3.742e-219,0.624,estonian_voro,shap_token.jsonl
/scratch/project_2006235/shibboleth/models/estonian_voro/iter8/model_fold10/loo_token.jsonl,/scratch/project_2005047/shibboleth/data/estonian_voro/iter_folds/iter8/dev_iter8_fold10_features.jsonl,4153,25.862,43.725,61.022,50.945,53.631,shibboleth/models/estonian_voro/iter8/model_fold10/loo_results+wl.txt,63146889.5,1.615e-20,0.536,estonian_voro,loo_token.jsonl
/scratch/project_2006235/shibboleth/models/estonian_voro/iter8/model_fold10/lime_token.jsonl,/scratch/project_2005047/shibboleth/data/estonian_voro/iter_folds/iter8/dev_iter8_fold10_features.jsonl,4153,39.111,47.01,92.284,62.289,58.967,shibboleth/models/estonian_voro/iter8/model_fold10/lime_results+wl.txt,69044569.0,1.836e-114,0.59,estonian_voro,lime_token.jsonl
/scratch/project_2006235/shibboleth/models/estonian_voro/iter8/model_fold10/ig_token.jsonl,/scratch/project_2005047/shibboleth/data/estonian_voro/iter_folds/iter8/dev_iter8_fold10_features.jsonl,4153,30.851,44.616,72.795,55.324,58.138,shibboleth/models/estonian_voro/iter8/model_fold10/ig_results+wl.txt,68454240.0,5.48e-95,0.581,estonian_voro,ig_token.jsonl
/scratch/project_2006235/shibboleth/models/estonian_voro/iter8/model_fold1/shap_token.jsonl,/scratch/project_2005047/shibboleth/data/estonian_voro/iter_folds/iter8/dev_iter8_fold1_features.jsonl,4155,37.634,46.362,88.814,60.922,62.014,shibboleth/models/estonian_voro/iter8/model_fold1/shap_results+wl.txt,70348966.5,1.551e-200,0.62,estonian_voro,shap_token.jsonl
/scratch/project_2006235/shibboleth/models/estonian_voro/iter8/model_fold1/loo_token.jsonl,/scratch/project_2005047/shibboleth/data/estonian_voro/iter_folds/iter8/dev_iter8_fold1_features.jsonl,4155,18.349,46.077,43.303,44.647,53.894,shibboleth/models/estonian_voro/iter8/model_fold1/loo_results+wl.txt,61138129.5,2.261e-23,0.539,estonian_voro,loo_token.jsonl
/scratch/project_2006235/shibboleth/models/estonian_voro/iter8/model_fold1/lime_token.jsonl,/scratch/project_2005047/shibboleth/data/estonian_voro/iter_folds/iter8/dev_iter8_fold1_features.jsonl,4155,39.444,46.79,93.085,62.277,57.62,shibboleth/models/estonian_voro/iter8/model_fold1/lime_results+wl.txt,65286474.0,5.937e-82,0.576,estonian_voro,lime_token.jsonl
/scratch/project_2006235/shibboleth/models/estonian_voro/iter8/model_fold1/ig_token.jsonl,/scratch/project_2005047/shibboleth/data/estonian_voro/iter_folds/iter8/dev_iter8_fold1_features.jsonl,4155,30.482,43.976,71.936,54.584,57.573,shibboleth/models/estonian_voro/iter8/model_fold1/ig_results+wl.txt,65311777.0,4.613e-81,0.576,estonian_voro,ig_token.jsonl
/scratch/project_2006235/shibboleth/models/estonian_voro/iter8/model_fold6/shap_token.jsonl,/scratch/project_2005047/shibboleth/data/estonian_voro/iter_folds/iter8/dev_iter8_fold6_features.jsonl,4154,38.55,46.225,91.053,61.319,62.386,shibboleth/models/estonian_voro/iter8/model_fold6/shap_results+wl.txt,68748568.5,5.796e-210,0.624,estonian_voro,shap_token.jsonl
/scratch/project_2006235/shibboleth/models/estonian_voro/iter8/model_fold6/loo_token.jsonl,/scratch/project_2005047/shibboleth/data/estonian_voro/iter_folds/iter8/dev_iter8_fold6_features.jsonl,4154,30.25,44.745,71.451,55.029,55.284,shibboleth/models/estonian_voro/iter8/model_fold6/loo_results+wl.txt,60922300.0,4.084e-40,0.553,estonian_voro,loo_token.jsonl
/scratch/project_2006235/shibboleth/models/estonian_voro/iter8/model_fold6/lime_token.jsonl,/scratch/project_2005047/shibboleth/data/estonian_voro/iter_folds/iter8/dev_iter8_fold6_features.jsonl,4154,39.184,46.898,92.552,62.252,58.705,shibboleth/models/estonian_voro/iter8/model_fold6/lime_results+wl.txt,64366038.0,1.477e-104,0.587,estonian_voro,lime_token.jsonl
/scratch/project_2006235/shibboleth/models/estonian_voro/iter8/model_fold6/ig_token.jsonl,/scratch/project_2005047/shibboleth/data/estonian_voro/iter_folds/iter8/dev_iter8_fold6_features.jsonl,4154,34.527,44.969,81.552,57.971,61.392,shibboleth/models/estonian_voro/iter8/model_fold6/ig_results+wl.txt,67653342.5,5.501e-178,0.614,estonian_voro,ig_token.jsonl
/scratch/project_2006235/shibboleth/models/estonian_voro/iter8/model_fold8/shap_token.jsonl,/scratch/project_2005047/shibboleth/data/estonian_voro/iter_folds/iter8/dev_iter8_fold8_features.jsonl,4153,38.225,45.913,89.821,60.765,61.852,shibboleth/models/estonian_voro/iter8/model_fold8/shap_results+wl.txt,70416143.5,1.024e-195,0.619,estonian_voro,shap_token.jsonl
/scratch/project_2006235/shibboleth/models/estonian_voro/iter8/model_fold8/loo_token.jsonl,/scratch/project_2005047/shibboleth/data/estonian_voro/iter_folds/iter8/dev_iter8_fold8_features.jsonl,4153,8.581,43.517,20.163,27.558,48.797,shibboleth/models/estonian_voro/iter8/model_fold8/loo_results+wl.txt,55553443.5,0.9988,0.488,estonian_voro,loo_token.jsonl
/scratch/project_2006235/shibboleth/models/estonian_voro/iter8/model_fold8/lime_token.jsonl,/scratch/project_2005047/shibboleth/data/estonian_voro/iter_folds/iter8/dev_iter8_fold8_features.jsonl,4153,39.112,46.606,91.907,61.849,57.321,shibboleth/models/estonian_voro/iter8/model_fold8/lime_results+wl.txt,65205544.0,5.15e-76,0.573,estonian_voro,lime_token.jsonl
/scratch/project_2006235/shibboleth/models/estonian_voro/iter8/model_fold8/ig_token.jsonl,/scratch/project_2005047/shibboleth/data/estonian_voro/iter_folds/iter8/dev_iter8_fold8_features.jsonl,4153,35.025,45.926,82.303,58.955,63.307,shibboleth/models/estonian_voro/iter8/model_fold8/ig_results+wl.txt,72072298.5,4.424e-246,0.633,estonian_voro,ig_token.jsonl
/scratch/project_2006235/shibboleth/models/estonian_voro/iter8/model_fold4/shap_token.jsonl,/scratch/project_2005047/shibboleth/data/estonian_voro/iter_folds/iter8/dev_iter8_fold4_features.jsonl,4155,39.107,46.744,91.3,61.832,62.897,shibboleth/models/estonian_voro/iter8/model_fold4/shap_results+wl.txt,70813117.0,3.194e-230,0.629,estonian_voro,shap_token.jsonl
/scratch/project_2006235/shibboleth/models/estonian_voro/iter8/model_fold4/loo_token.jsonl,/scratch/project_2005047/shibboleth/data/estonian_voro/iter_folds/iter8/dev_iter8_fold4_features.jsonl,4155,19.488,43.868,45.498,44.668,50.687,shibboleth/models/estonian_voro/iter8/model_fold4/loo_results+wl.txt,57067309.0,0.04218,0.507,estonian_voro,loo_token.jsonl
/scratch/project_2006235/shibboleth/models/estonian_voro/iter8/model_fold4/lime_token.jsonl,/scratch/project_2005047/shibboleth/data/estonian_voro/iter_folds/iter8/dev_iter8_fold4_features.jsonl,4155,38.739,47.138,90.442,61.975,58.016,shibboleth/models/estonian_voro/iter8/model_fold4/lime_results+wl.txt,65246694.5,2.926e-90,0.58,estonian_voro,lime_token.jsonl
/scratch/project_2006235/shibboleth/models/estonian_voro/iter8/model_fold4/ig_token.jsonl,/scratch/project_2005047/shibboleth/data/estonian_voro/iter_folds/iter8/dev_iter8_fold4_features.jsonl,4155,32.1,44.47,74.943,55.818,58.059,shibboleth/models/estonian_voro/iter8/model_fold4/ig_results+wl.txt,65366711.5,2.643e-91,0.581,estonian_voro,ig_token.jsonl
/scratch/project_2006235/shibboleth/models/estonian_voro/iter8/model_fold7/shap_token.jsonl,/scratch/project_2005047/shibboleth/data/estonian_voro/iter_folds/iter8/dev_iter8_fold7_features.jsonl,4154,39.839,45.779,93.647,61.496,63.651,shibboleth/models/estonian_voro/iter8/model_fold7/shap_results+wl.txt,75356406.5,6.676e-264,0.637,estonian_voro,shap_token.jsonl
/scratch/project_2006235/shibboleth/models/estonian_voro/iter8/model_fold7/loo_token.jsonl,/scratch/project_2005047/shibboleth/data/estonian_voro/iter_folds/iter8/dev_iter8_fold7_features.jsonl,4154,22.186,44.049,52.153,47.76,53.125,shibboleth/models/estonian_voro/iter8/model_fold7/loo_results+wl.txt,62893981.5,9.735e-16,0.531,estonian_voro,loo_token.jsonl
/scratch/project_2006235/shibboleth/models/estonian_voro/iter8/model_fold7/lime_token.jsonl,/scratch/project_2005047/shibboleth/data/estonian_voro/iter_folds/iter8/dev_iter8_fold7_features.jsonl,4154,39.353,46.589,92.507,61.969,56.823,shibboleth/models/estonian_voro/iter8/model_fold7/lime_results+wl.txt,67102783.0,1.664e-67,0.568,estonian_voro,lime_token.jsonl
/scratch/project_2006235/shibboleth/models/estonian_voro/iter8/model_fold7/ig_token.jsonl,/scratch/project_2005047/shibboleth/data/estonian_voro/iter_folds/iter8/dev_iter8_fold7_features.jsonl,4154,32.053,44.378,75.346,55.857,57.241,shibboleth/models/estonian_voro/iter8/model_fold7/ig_results+wl.txt,67767256.0,6.866e-76,0.572,estonian_voro,ig_token.jsonl
/scratch/project_2006235/shibboleth/models/estonian_voro/iter8/model_fold3/shap_token.jsonl,/scratch/project_2005047/shibboleth/data/estonian_voro/iter_folds/iter8/dev_iter8_fold3_features.jsonl,4155,38.844,46.235,90.911,61.296,62.649,shibboleth/models/estonian_voro/iter8/model_fold3/shap_results+wl.txt,72966374.0,3.328e-225,0.626,estonian_voro,shap_token.jsonl
/scratch/project_2006235/shibboleth/models/estonian_voro/iter8/model_fold3/loo_token.jsonl,/scratch/project_2005047/shibboleth/data/estonian_voro/iter_folds/iter8/dev_iter8_fold3_features.jsonl,4155,23.955,44.91,56.065,49.871,53.458,shibboleth/models/estonian_voro/iter8/model_fold3/loo_results+wl.txt,62261856.0,7.295e-19,0.535,estonian_voro,loo_token.jsonl
/scratch/project_2006235/shibboleth/models/estonian_voro/iter8/model_fold3/lime_token.jsonl,/scratch/project_2005047/shibboleth/data/estonian_voro/iter_folds/iter8/dev_iter8_fold3_features.jsonl,4155,39.237,47.132,91.832,62.293,57.38,shibboleth/models/estonian_voro/iter8/model_fold3/lime_results+wl.txt,66698505.0,4.593e-78,0.574,estonian_voro,lime_token.jsonl
/scratch/project_2006235/shibboleth/models/estonian_voro/iter8/model_fold3/ig_token.jsonl,/scratch/project_2005047/shibboleth/data/estonian_voro/iter_folds/iter8/dev_iter8_fold3_features.jsonl,4155,31.026,44.903,72.615,55.491,58.154,shibboleth/models/estonian_voro/iter8/model_fold3/ig_results+wl.txt,67732018.0,6.014e-95,0.582,estonian_voro,ig_token.jsonl
/scratch/project_2006235/shibboleth/models/estonian_voro/iter8/model_fold9/shap_token.jsonl,/scratch/project_2005047/shibboleth/data/estonian_voro/iter_folds/iter8/dev_iter8_fold9_features.jsonl,4153,38.327,46.689,90.092,61.504,63.412,shibboleth/models/estonian_voro/iter8/model_fold9/shap_results+wl.txt,72204457.0,6.303e-250,0.634,estonian_voro,shap_token.jsonl
/scratch/project_2006235/shibboleth/models/estonian_voro/iter8/model_fold9/loo_token.jsonl,/scratch/project_2005047/shibboleth/data/estonian_voro/iter_folds/iter8/dev_iter8_fold9_features.jsonl,4153,24.748,45.311,58.173,50.943,54.069,shibboleth/models/estonian_voro/iter8/model_fold9/loo_results+wl.txt,61566534.5,4.071e-25,0.541,estonian_voro,loo_token.jsonl
/scratch/project_2006235/shibboleth/models/estonian_voro/iter8/model_fold9/lime_token.jsonl,/scratch/project_2005047/shibboleth/data/estonian_voro/iter_folds/iter8/dev_iter8_fold9_features.jsonl,4153,38.489,47.005,90.473,61.867,56.458,shibboleth/models/estonian_voro/iter8/model_fold9/lime_results+wl.txt,64006995.0,1.624e-59,0.565,estonian_voro,lime_token.jsonl
/scratch/project_2006235/shibboleth/models/estonian_voro/iter8/model_fold9/ig_token.jsonl,/scratch/project_2005047/shibboleth/data/estonian_voro/iter_folds/iter8/dev_iter8_fold9_features.jsonl,4153,31.591,44.326,74.258,55.514,58.451,shibboleth/models/estonian_voro/iter8/model_fold9/ig_results+wl.txt,66555788.5,1.245e-100,0.585,estonian_voro,ig_token.jsonl
/scratch/project_2006235/shibboleth/models/scandinavian/iter5/model_fold5/shap_token.jsonl,/scratch/project_2005047/shibboleth/data/scandinavian/iter_folds/iter5/dev_iter5_fold5_features.jsonl,11835,17.528,21.92,95.868,35.682,70.482,shibboleth/models/scandinavian/iter5/model_fold5/shap_results+wl.txt,1034025307.5,0.0,0.705,scandinavian,shap_token.jsonl
/scratch/project_2006235/shibboleth/models/scandinavian/iter5/model_fold5/loo_token.jsonl,/scratch/project_2005047/shibboleth/data/scandinavian/iter_folds/iter5/dev_iter5_fold5_features.jsonl,11835,11.695,21.59,63.961,32.283,58.261,shibboleth/models/scandinavian/iter5/model_fold5/loo_results+wl.txt,854738262.5,1.919e-272,0.583,scandinavian,loo_token.jsonl
/scratch/project_2006235/shibboleth/models/scandinavian/iter5/model_fold5/lime_token.jsonl,/scratch/project_2005047/shibboleth/data/scandinavian/iter_folds/iter5/dev_iter5_fold5_features.jsonl,11835,17.739,23.487,97.021,37.818,68.424,shibboleth/models/scandinavian/iter5/model_fold5/lime_results+wl.txt,1003105862.0,0.0,0.684,scandinavian,lime_token.jsonl
/scratch/project_2006235/shibboleth/models/scandinavian/iter5/model_fold5/ig_token.jsonl,/scratch/project_2005047/shibboleth/data/scandinavian/iter_folds/iter5/dev_iter5_fold5_features.jsonl,11835,16.234,20.283,88.789,33.022,63.988,shibboleth/models/scandinavian/iter5/model_fold5/ig_results+wl.txt,938758441.5,0.0,0.64,scandinavian,ig_token.jsonl
/scratch/project_2006235/shibboleth/models/scandinavian/iter5/model_fold2/shap_token.jsonl,/scratch/project_2005047/shibboleth/data/scandinavian/iter_folds/iter5/dev_iter5_fold2_features.jsonl,11837,17.54,21.253,96.02,34.803,68.724,shibboleth/models/scandinavian/iter5/model_fold2/shap_results+wl.txt,996924060.0,0.0,0.687,scandinavian,shap_token.jsonl
/scratch/project_2006235/shibboleth/models/scandinavian/iter5/model_fold2/loo_token.jsonl,/scratch/project_2005047/shibboleth/data/scandinavian/iter_folds/iter5/dev_iter5_fold2_features.jsonl,11837,9.841,18.809,53.872,27.883,52.404,shibboleth/models/scandinavian/iter5/model_fold2/loo_results+wl.txt,760188354.5,6.132e-26,0.524,scandinavian,loo_token.jsonl
/scratch/project_2006235/shibboleth/models/scandinavian/iter5/model_fold2/lime_token.jsonl,/scratch/project_2005047/shibboleth/data/scandinavian/iter_folds/iter5/dev_iter5_fold2_features.jsonl,11837,17.707,23.755,96.93,38.159,69.372,shibboleth/models/scandinavian/iter5/model_fold2/lime_results+wl.txt,1006132198.0,0.0,0.694,scandinavian,lime_token.jsonl
/scratch/project_2006235/shibboleth/models/scandinavian/iter5/model_fold2/ig_token.jsonl,/scratch/project_2005047/shibboleth/data/scandinavian/iter_folds/iter5/dev_iter5_fold2_features.jsonl,11837,15.832,19.12,86.667,31.328,60.673,shibboleth/models/scandinavian/iter5/model_fold2/ig_results+wl.txt,880133172.5,0.0,0.607,scandinavian,ig_token.jsonl
/scratch/project_2006235/shibboleth/models/scandinavian/iter5/model_fold10/shap_token.jsonl,/scratch/project_2005047/shibboleth/data/scandinavian/iter_folds/iter5/dev_iter5_fold10_features.jsonl,11833,17.534,22.085,95.735,35.89,72.967,shibboleth/models/scandinavian/iter5/model_fold10/shap_results+wl.txt,1051779195.5,0.0,0.73,scandinavian,shap_token.jsonl
/scratch/project_2006235/shibboleth/models/scandinavian/iter5/model_fold10/loo_token.jsonl,/scratch/project_2005047/shibboleth/data/scandinavian/iter_folds/iter5/dev_iter5_fold10_features.jsonl,11833,13.637,19.988,74.461,31.516,59.754,shibboleth/models/scandinavian/iter5/model_fold10/loo_results+wl.txt,861319597.5,0.0,0.598,scandinavian,loo_token.jsonl
/scratch/project_2006235/shibboleth/models/scandinavian/iter5/model_fold10/lime_token.jsonl,/scratch/project_2005047/shibboleth/data/scandinavian/iter_folds/iter5/dev_iter5_fold10_features.jsonl,11833,17.678,23.616,96.525,37.948,68.838,shibboleth/models/scandinavian/iter5/model_fold10/lime_results+wl.txt,991669111.0,0.0,0.688,scandinavian,lime_token.jsonl
/scratch/project_2006235/shibboleth/models/scandinavian/iter5/model_fold10/ig_token.jsonl,/scratch/project_2005047/shibboleth/data/scandinavian/iter_folds/iter5/dev_iter5_fold10_features.jsonl,11833,15.418,19.944,84.18,32.248,59.432,shibboleth/models/scandinavian/iter5/model_fold10/ig_results+wl.txt,856667493.5,0.0,0.594,scandinavian,ig_token.jsonl
/scratch/project_2006235/shibboleth/models/scandinavian/iter5/model_fold1/shap_token.jsonl,/scratch/project_2005047/shibboleth/data/scandinavian/iter_folds/iter5/dev_iter5_fold1_features.jsonl,11837,17.467,22.437,95.583,36.342,72.125,shibboleth/models/scandinavian/iter5/model_fold1/shap_results+wl.txt,1072856556.5,0.0,0.721,scandinavian,shap_token.jsonl
/scratch/project_2006235/shibboleth/models/scandinavian/iter5/model_fold1/loo_token.jsonl,/scratch/project_2005047/shibboleth/data/scandinavian/iter_folds/iter5/dev_iter5_fold1_features.jsonl,11837,9.01,24.632,49.304,32.852,58.654,shibboleth/models/scandinavian/iter5/model_fold1/loo_results+wl.txt,872478419.0,0.0,0.587,scandinavian,loo_token.jsonl
/scratch/project_2006235/shibboleth/models/scandinavian/iter5/model_fold1/lime_token.jsonl,/scratch/project_2005047/shibboleth/data/scandinavian/iter_folds/iter5/dev_iter5_fold1_features.jsonl,11837,17.731,23.782,97.029,38.201,68.918,shibboleth/models/scandinavian/iter5/model_fold1/lime_results+wl.txt,1024052569.0,0.0,0.689,scandinavian,lime_token.jsonl
/scratch/project_2006235/shibboleth/models/scandinavian/iter5/model_fold1/ig_token.jsonl,/scratch/project_2005047/shibboleth/data/scandinavian/iter_folds/iter5/dev_iter5_fold1_features.jsonl,11837,15.941,20.905,87.23,33.727,64.175,shibboleth/models/scandinavian/iter5/model_fold1/ig_results+wl.txt,954599657.5,0.0,0.642,scandinavian,ig_token.jsonl
/scratch/project_2006235/shibboleth/models/scandinavian/iter5/model_fold6/shap_token.jsonl,/scratch/project_2005047/shibboleth/data/scandinavian/iter_folds/iter5/dev_iter5_fold6_features.jsonl,11835,17.649,21.718,96.122,35.431,71.904,shibboleth/models/scandinavian/iter5/model_fold6/shap_results+wl.txt,1046649245.5,0.0,0.719,scandinavian,shap_token.jsonl
/scratch/project_2006235/shibboleth/models/scandinavian/iter5/model_fold6/loo_token.jsonl,/scratch/project_2005047/shibboleth/data/scandinavian/iter_folds/iter5/dev_iter5_fold6_features.jsonl,11835,9.657,24.302,52.594,33.243,59.464,shibboleth/models/scandinavian/iter5/model_fold6/loo_results+wl.txt,865577117.5,0.0,0.595,scandinavian,loo_token.jsonl
/scratch/project_2006235/shibboleth/models/scandinavian/iter5/model_fold6/lime_token.jsonl,/scratch/project_2005047/shibboleth/data/scandinavian/iter_folds/iter5/dev_iter5_fold6_features.jsonl,11835,17.757,23.609,96.707,37.953,67.352,shibboleth/models/scandinavian/iter5/model_fold6/lime_results+wl.txt,979272918.0,0.0,0.674,scandinavian,lime_token.jsonl
/scratch/project_2006235/shibboleth/models/scandinavian/iter5/model_fold6/ig_token.jsonl,/scratch/project_2005047/shibboleth/data/scandinavian/iter_folds/iter5/dev_iter5_fold6_features.jsonl,11835,16.226,20.177,88.371,32.852,61.796,shibboleth/models/scandinavian/iter5/model_fold6/ig_results+wl.txt,899518347.5,0.0,0.618,scandinavian,ig_token.jsonl
/scratch/project_2006235/shibboleth/models/scandinavian/iter5/model_fold8/shap_token.jsonl,/scratch/project_2005047/shibboleth/data/scandinavian/iter_folds/iter5/dev_iter5_fold8_features.jsonl,11834,17.606,21.559,96.235,35.226,70.856,shibboleth/models/scandinavian/iter5/model_fold8/shap_results+wl.txt,1055656029.0,0.0,0.709,scandinavian,shap_token.jsonl
/scratch/project_2006235/shibboleth/models/scandinavian/iter5/model_fold8/loo_token.jsonl,/scratch/project_2005047/shibboleth/data/scandinavian/iter_folds/iter5/dev_iter5_fold8_features.jsonl,11834,4.763,16.388,26.034,20.114,49.275,shibboleth/models/scandinavian/iter5/model_fold8/loo_results+wl.txt,734137681.5,0.9993,0.493,scandinavian,loo_token.jsonl
/scratch/project_2006235/shibboleth/models/scandinavian/iter5/model_fold8/lime_token.jsonl,/scratch/project_2005047/shibboleth/data/scandinavian/iter_folds/iter5/dev_iter5_fold8_features.jsonl,11834,17.725,23.746,96.886,38.143,69.141,shibboleth/models/scandinavian/iter5/model_fold8/lime_results+wl.txt,1029318665.0,0.0,0.691,scandinavian,lime_token.jsonl
/scratch/project_2006235/shibboleth/models/scandinavian/iter5/model_fold8/ig_token.jsonl,/scratch/project_2005047/shibboleth/data/scandinavian/iter_folds/iter5/dev_iter5_fold8_features.jsonl,11834,15.051,20.045,82.268,32.236,59.013,shibboleth/models/scandinavian/iter5/model_fold8/ig_results+wl.txt,879212810.5,0.0,0.59,scandinavian,ig_token.jsonl
/scratch/project_2006235/shibboleth/models/scandinavian/iter5/model_fold4/shap_token.jsonl,/scratch/project_2005047/shibboleth/data/scandinavian/iter_folds/iter5/dev_iter5_fold4_features.jsonl,11836,17.863,20.971,97.109,34.493,71.125,shibboleth/models/scandinavian/iter5/model_fold4/shap_results+wl.txt,1048019597.5,0.0,0.711,scandinavian,shap_token.jsonl
/scratch/project_2006235/shibboleth/models/scandinavian/iter5/model_fold4/loo_token.jsonl,/scratch/project_2005047/shibboleth/data/scandinavian/iter_folds/iter5/dev_iter5_fold4_features.jsonl,11836,9.949,23.523,54.086,32.786,58.429,shibboleth/models/scandinavian/iter5/model_fold4/loo_results+wl.txt,860945265.5,1.253e-283,0.584,scandinavian,loo_token.jsonl
/scratch/project_2006235/shibboleth/models/scandinavian/iter5/model_fold4/lime_token.jsonl,/scratch/project_2005047/shibboleth/data/scandinavian/iter_folds/iter5/dev_iter5_fold4_features.jsonl,11836,17.859,23.561,97.088,37.92,67.056,shibboleth/models/scandinavian/iter5/model_fold4/lime_results+wl.txt,987799936.0,0.0,0.671,scandinavian,lime_token.jsonl
/scratch/project_2006235/shibboleth/models/scandinavian/iter5/model_fold4/ig_token.jsonl,/scratch/project_2005047/shibboleth/data/scandinavian/iter_folds/iter5/dev_iter5_fold4_features.jsonl,11836,15.563,20.278,84.604,32.715,60.45,shibboleth/models/scandinavian/iter5/model_fold4/ig_results+wl.txt,890732026.5,0.0,0.605,scandinavian,ig_token.jsonl
/scratch/project_2006235/shibboleth/models/scandinavian/iter5/model_fold7/shap_token.jsonl,/scratch/project_2005047/shibboleth/data/scandinavian/iter_folds/iter5/dev_iter5_fold7_features.jsonl,11834,17.564,21.73,96.162,35.449,71.817,shibboleth/models/scandinavian/iter5/model_fold7/shap_results+wl.txt,1040333618.5,0.0,0.718,scandinavian,shap_token.jsonl
/scratch/project_2006235/shibboleth/models/scandinavian/iter5/model_fold7/loo_token.jsonl,/scratch/project_2005047/shibboleth/data/scandinavian/iter_folds/iter5/dev_iter5_fold7_features.jsonl,11834,8.247,21.256,45.151,28.905,54.268,shibboleth/models/scandinavian/iter5/model_fold7/loo_results+wl.txt,786120876.5,9.145e-77,0.543,scandinavian,loo_token.jsonl
/scratch/project_2006235/shibboleth/models/scandinavian/iter5/model_fold7/lime_token.jsonl,/scratch/project_2005047/shibboleth/data/scandinavian/iter_folds/iter5/dev_iter5_fold7_features.jsonl,11834,17.719,23.7,97.011,38.094,70.391,shibboleth/models/scandinavian/iter5/model_fold7/lime_results+wl.txt,1019184929.0,0.0,0.704,scandinavian,lime_token.jsonl
/scratch/project_2006235/shibboleth/models/scandinavian/iter5/model_fold7/ig_token.jsonl,/scratch/project_2005047/shibboleth/data/scandinavian/iter_folds/iter5/dev_iter5_fold7_features.jsonl,11834,16.284,19.532,89.157,32.044,61.519,shibboleth/models/scandinavian/iter5/model_fold7/ig_results+wl.txt,891163150.5,0.0,0.615,scandinavian,ig_token.jsonl
/scratch/project_2006235/shibboleth/models/scandinavian/iter5/model_fold3/shap_token.jsonl,/scratch/project_2005047/shibboleth/data/scandinavian/iter_folds/iter5/dev_iter5_fold3_features.jsonl,11836,17.666,22.156,95.545,35.97,72.797,shibboleth/models/scandinavian/iter5/model_fold3/shap_results+wl.txt,1080590753.0,0.0,0.728,scandinavian,shap_token.jsonl
/scratch/project_2006235/shibboleth/models/scandinavian/iter5/model_fold3/loo_token.jsonl,/scratch/project_2005047/shibboleth/data/scandinavian/iter_folds/iter5/dev_iter5_fold3_features.jsonl,11836,10.823,19.228,58.535,28.948,51.828,shibboleth/models/scandinavian/iter5/model_fold3/loo_results+wl.txt,769327649.5,2.889e-15,0.518,scandinavian,loo_token.jsonl
/scratch/project_2006235/shibboleth/models/scandinavian/iter5/model_fold3/lime_token.jsonl,/scratch/project_2005047/shibboleth/data/scandinavian/iter_folds/iter5/dev_iter5_fold3_features.jsonl,11836,17.854,23.787,96.563,38.172,68.953,shibboleth/models/scandinavian/iter5/model_fold3/lime_results+wl.txt,1023276545.0,0.0,0.69,scandinavian,lime_token.jsonl
/scratch/project_2006235/shibboleth/models/scandinavian/iter5/model_fold3/ig_token.jsonl,/scratch/project_2005047/shibboleth/data/scandinavian/iter_folds/iter5/dev_iter5_fold3_features.jsonl,11836,15.654,19.715,84.662,31.982,59.703,shibboleth/models/scandinavian/iter5/model_fold3/ig_results+wl.txt,886228380.0,0.0,0.597,scandinavian,ig_token.jsonl
/scratch/project_2006235/shibboleth/models/scandinavian/iter5/model_fold9/shap_token.jsonl,/scratch/project_2005047/shibboleth/data/scandinavian/iter_folds/iter5/dev_iter5_fold9_features.jsonl,11833,17.321,21.324,95.721,34.878,71.858,shibboleth/models/scandinavian/iter5/model_fold9/shap_results+wl.txt,1027977582.0,0.0,0.719,scandinavian,shap_token.jsonl
/scratch/project_2006235/shibboleth/models/scandinavian/iter5/model_fold9/loo_token.jsonl,/scratch/project_2005047/shibboleth/data/scandinavian/iter_folds/iter5/dev_iter5_fold9_features.jsonl,11833,9.406,21.758,51.982,30.676,58.508,shibboleth/models/scandinavian/iter5/model_fold9/loo_results+wl.txt,836996688.5,1.954e-295,0.585,scandinavian,loo_token.jsonl
/scratch/project_2006235/shibboleth/models/scandinavian/iter5/model_fold9/lime_token.jsonl,/scratch/project_2005047/shibboleth/data/scandinavian/iter_folds/iter5/dev_iter5_fold9_features.jsonl,11833,17.504,23.364,96.733,37.638,69.815,shibboleth/models/scandinavian/iter5/model_fold9/lime_results+wl.txt,997892069.0,0.0,0.698,scandinavian,lime_token.jsonl
/scratch/project_2006235/shibboleth/models/scandinavian/iter5/model_fold9/ig_token.jsonl,/scratch/project_2005047/shibboleth/data/scandinavian/iter_folds/iter5/dev_iter5_fold9_features.jsonl,11833,15.054,19.219,83.192,31.224,59.965,shibboleth/models/scandinavian/iter5/model_fold9/ig_results+wl.txt,857833248.0,0.0,0.6,scandinavian,ig_token.jsonl
/scratch/project_2006235/shibboleth/models/scandinavian/iter6/model_fold5/shap_token.jsonl,/scratch/project_2005047/shibboleth/data/scandinavian/iter_folds/iter6/dev_iter6_fold5_features.jsonl,11835,17.709,21.795,96.091,35.531,70.475,shibboleth/models/scandinavian/iter6/model_fold5/shap_results+wl.txt,1045779694.0,0.0,0.705,scandinavian,shap_token.jsonl
/scratch/project_2006235/shibboleth/models/scandinavian/iter6/model_fold5/loo_token.jsonl,/scratch/project_2005047/shibboleth/data/scandinavian/iter_folds/iter6/dev_iter6_fold5_features.jsonl,11835,8.34,21.299,45.256,28.965,53.917,shibboleth/models/scandinavian/iter6/model_fold5/loo_results+wl.txt,800071974.5,3.17e-66,0.539,scandinavian,loo_token.jsonl
/scratch/project_2006235/shibboleth/models/scandinavian/iter6/model_fold5/lime_token.jsonl,/scratch/project_2005047/shibboleth/data/scandinavian/iter_folds/iter6/dev_iter6_fold5_features.jsonl,11835,17.827,23.811,96.73,38.215,67.523,shibboleth/models/scandinavian/iter6/model_fold5/lime_results+wl.txt,1001109929.0,0.0,0.675,scandinavian,lime_token.jsonl
/scratch/project_2006235/shibboleth/models/scandinavian/iter6/model_fold5/ig_token.jsonl,/scratch/project_2005047/shibboleth/data/scandinavian/iter_folds/iter6/dev_iter6_fold5_features.jsonl,11835,15.888,19.666,86.209,32.026,60.223,shibboleth/models/scandinavian/iter6/model_fold5/ig_results+wl.txt,893643387.0,0.0,0.602,scandinavian,ig_token.jsonl
/scratch/project_2006235/shibboleth/models/scandinavian/iter6/model_fold2/shap_token.jsonl,/scratch/project_2005047/shibboleth/data/scandinavian/iter_folds/iter6/dev_iter6_fold2_features.jsonl,11837,17.606,21.945,96.109,35.731,72.529,shibboleth/models/scandinavian/iter6/model_fold2/shap_results+wl.txt,1081905175.0,0.0,0.725,scandinavian,shap_token.jsonl
/scratch/project_2006235/shibboleth/models/scandinavian/iter6/model_fold2/loo_token.jsonl,/scratch/project_2005047/shibboleth/data/scandinavian/iter_folds/iter6/dev_iter6_fold2_features.jsonl,11837,12.175,26.287,66.463,37.674,64.426,shibboleth/models/scandinavian/iter6/model_fold2/loo_results+wl.txt,961039484.0,0.0,0.644,scandinavian,loo_token.jsonl
/scratch/project_2006235/shibboleth/models/scandinavian/iter6/model_fold2/lime_token.jsonl,/scratch/project_2005047/shibboleth/data/scandinavian/iter_folds/iter6/dev_iter6_fold2_features.jsonl,11837,17.777,23.721,97.038,38.122,68.371,shibboleth/models/scandinavian/iter6/model_fold2/lime_results+wl.txt,1019405504.0,0.0,0.684,scandinavian,lime_token.jsonl
/scratch/project_2006235/shibboleth/models/scandinavian/iter6/model_fold2/ig_token.jsonl,/scratch/project_2005047/shibboleth/data/scandinavian/iter_folds/iter6/dev_iter6_fold2_features.jsonl,11837,15.189,19.378,82.912,31.414,58.064,shibboleth/models/scandinavian/iter6/model_fold2/ig_results+wl.txt,866131961.5,7.633e-256,0.581,scandinavian,ig_token.jsonl
/scratch/project_2006235/shibboleth/models/scandinavian/iter6/model_fold10/shap_token.jsonl,/scratch/project_2005047/shibboleth/data/scandinavian/iter_folds/iter6/dev_iter6_fold10_features.jsonl,11833,17.434,21.847,96.164,35.605,73.533,shibboleth/models/scandinavian/iter6/model_fold10/shap_results+wl.txt,1058010174.0,0.0,0.735,scandinavian,shap_token.jsonl
/scratch/project_2006235/shibboleth/models/scandinavian/iter6/model_fold10/loo_token.jsonl,/scratch/project_2005047/shibboleth/data/scandinavian/iter_folds/iter6/dev_iter6_fold10_features.jsonl,11833,11.242,21.045,62.011,31.425,58.24,shibboleth/models/scandinavian/iter6/model_fold10/loo_results+wl.txt,837966469.5,2.296e-267,0.582,scandinavian,loo_token.jsonl
/scratch/project_2006235/shibboleth/models/scandinavian/iter6/model_fold10/lime_token.jsonl,/scratch/project_2005047/shibboleth/data/scandinavian/iter_folds/iter6/dev_iter6_fold10_features.jsonl,11833,17.428,23.208,96.13,37.389,67.373,shibboleth/models/scandinavian/iter6/model_fold10/lime_results+wl.txt,968111361.0,0.0,0.674,scandinavian,lime_token.jsonl
/scratch/project_2006235/shibboleth/models/scandinavian/iter6/model_fold10/ig_token.jsonl,/scratch/project_2005047/shibboleth/data/scandinavian/iter_folds/iter6/dev_iter6_fold10_features.jsonl,11833,15.899,20.197,87.701,32.833,61.789,shibboleth/models/scandinavian/iter6/model_fold10/ig_results+wl.txt,889025007.5,0.0,0.618,scandinavian,ig_token.jsonl
/scratch/project_2006235/shibboleth/models/scandinavian/iter6/model_fold1/shap_token.jsonl,/scratch/project_2005047/shibboleth/data/scandinavian/iter_folds/iter6/dev_iter6_fold1_features.jsonl,11837,17.639,21.758,96.592,35.516,70.953,shibboleth/models/scandinavian/iter6/model_fold1/shap_results+wl.txt,1040286367.5,0.0,0.71,scandinavian,shap_token.jsonl
/scratch/project_2006235/shibboleth/models/scandinavian/iter6/model_fold1/loo_token.jsonl,/scratch/project_2005047/shibboleth/data/scandinavian/iter_folds/iter6/dev_iter6_fold1_features.jsonl,11837,10.158,23.09,55.622,32.633,58.804,shibboleth/models/scandinavian/iter6/model_fold1/loo_results+wl.txt,862172959.5,0.0,0.588,scandinavian,loo_token.jsonl
/scratch/project_2006235/shibboleth/models/scandinavian/iter6/model_fold1/lime_token.jsonl,/scratch/project_2005047/shibboleth/data/scandinavian/iter_folds/iter6/dev_iter6_fold1_features.jsonl,11837,17.756,23.857,97.233,38.313,68.905,shibboleth/models/scandinavian/iter6/model_fold1/lime_results+wl.txt,1009824131.0,0.0,0.689,scandinavian,lime_token.jsonl
/scratch/project_2006235/shibboleth/models/scandinavian/iter6/model_fold1/ig_token.jsonl,/scratch/project_2005047/shibboleth/data/scandinavian/iter_folds/iter6/dev_iter6_fold1_features.jsonl,11837,15.912,19.827,87.131,32.304,62.1,shibboleth/models/scandinavian/iter6/model_fold1/ig_results+wl.txt,910491774.5,0.0,0.621,scandinavian,ig_token.jsonl
/scratch/project_2006235/shibboleth/models/scandinavian/iter6/model_fold6/shap_token.jsonl,/scratch/project_2005047/shibboleth/data/scandinavian/iter_folds/iter6/dev_iter6_fold6_features.jsonl,11835,17.432,22.249,95.07,36.059,71.592,shibboleth/models/scandinavian/iter6/model_fold6/shap_results+wl.txt,1063911731.5,0.0,0.716,scandinavian,shap_token.jsonl
/scratch/project_2006235/shibboleth/models/scandinavian/iter6/model_fold6/loo_token.jsonl,/scratch/project_2005047/shibboleth/data/scandinavian/iter_folds/iter6/dev_iter6_fold6_features.jsonl,11835,6.401,22.203,34.907,27.142,51.759,shibboleth/models/scandinavian/iter6/model_fold6/loo_results+wl.txt,769184852.5,2.589e-15,0.518,scandinavian,loo_token.jsonl
/scratch/project_2006235/shibboleth/models/scandinavian/iter6/model_fold6/lime_token.jsonl,/scratch/project_2005047/shibboleth/data/scandinavian/iter_folds/iter6/dev_iter6_fold6_features.jsonl,11835,17.746,23.652,96.783,38.014,69.116,shibboleth/models/scandinavian/iter6/model_fold6/lime_results+wl.txt,1027212177.0,0.0,0.691,scandinavian,lime_token.jsonl
/scratch/project_2006235/shibboleth/models/scandinavian/iter6/model_fold6/ig_token.jsonl,/scratch/project_2005047/shibboleth/data/scandinavian/iter_folds/iter6/dev_iter6_fold6_features.jsonl,11835,15.27,19.105,83.28,31.08,57.752,shibboleth/models/scandinavian/iter6/model_fold6/ig_results+wl.txt,858236626.5,3.256e-236,0.578,scandinavian,ig_token.jsonl
/scratch/project_2006235/shibboleth/models/scandinavian/iter6/model_fold8/shap_token.jsonl,/scratch/project_2005047/shibboleth/data/scandinavian/iter_folds/iter6/dev_iter6_fold8_features.jsonl,11834,17.368,21.907,94.416,35.562,71.069,shibboleth/models/scandinavian/iter6/model_fold8/shap_results+wl.txt,1048867553.0,0.0,0.711,scandinavian,shap_token.jsonl
/scratch/project_2006235/shibboleth/models/scandinavian/iter6/model_fold8/loo_token.jsonl,/scratch/project_2005047/shibboleth/data/scandinavian/iter_folds/iter6/dev_iter6_fold8_features.jsonl,11834,7.342,16.726,39.911,23.573,45.275,shibboleth/models/scandinavian/iter6/model_fold8/loo_results+wl.txt,668195236.0,1.0,0.453,scandinavian,loo_token.jsonl
/scratch/project_2006235/shibboleth/models/scandinavian/iter6/model_fold8/lime_token.jsonl,/scratch/project_2005047/shibboleth/data/scandinavian/iter_folds/iter6/dev_iter6_fold8_features.jsonl,11834,17.842,23.69,96.991,38.08,67.67,shibboleth/models/scandinavian/iter6/model_fold8/lime_results+wl.txt,998394449.0,0.0,0.677,scandinavian,lime_token.jsonl
/scratch/project_2006235/shibboleth/models/scandinavian/iter6/model_fold8/ig_token.jsonl,/scratch/project_2005047/shibboleth/data/scandinavian/iter_folds/iter6/dev_iter6_fold8_features.jsonl,11834,15.446,19.318,83.965,31.409,58.923,shibboleth/models/scandinavian/iter6/model_fold8/ig_results+wl.txt,869615313.5,0.0,0.589,scandinavian,ig_token.jsonl
/scratch/project_2006235/shibboleth/models/scandinavian/iter6/model_fold4/shap_token.jsonl,/scratch/project_2005047/shibboleth/data/scandinavian/iter_folds/iter6/dev_iter6_fold4_features.jsonl,11836,17.827,21.536,96.032,35.182,69.774,shibboleth/models/scandinavian/iter6/model_fold4/shap_results+wl.txt,1026805174.0,0.0,0.698,scandinavian,shap_token.jsonl
/scratch/project_2006235/shibboleth/models/scandinavian/iter6/model_fold4/loo_token.jsonl,/scratch/project_2005047/shibboleth/data/scandinavian/iter_folds/iter6/dev_iter6_fold4_features.jsonl,11836,9.978,25.484,53.75,34.575,61.747,shibboleth/models/scandinavian/iter6/model_fold4/loo_results+wl.txt,908677309.5,0.0,0.617,scandinavian,loo_token.jsonl
/scratch/project_2006235/shibboleth/models/scandinavian/iter6/model_fold4/lime_token.jsonl,/scratch/project_2005047/shibboleth/data/scandinavian/iter_folds/iter6/dev_iter6_fold4_features.jsonl,11836,17.96,23.9,96.747,38.331,68.136,shibboleth/models/scandinavian/iter6/model_fold4/lime_results+wl.txt,1001552589.0,0.0,0.681,scandinavian,lime_token.jsonl
/scratch/project_2006235/shibboleth/models/scandinavian/iter6/model_fold4/ig_token.jsonl,/scratch/project_2005047/shibboleth/data/scandinavian/iter_folds/iter6/dev_iter6_fold4_features.jsonl,11836,16.206,20.065,87.299,32.63,61.204,shibboleth/models/scandinavian/iter6/model_fold4/ig_results+wl.txt,900682520.0,0.0,0.612,scandinavian,ig_token.jsonl
/scratch/project_2006235/shibboleth/models/scandinavian/iter6/model_fold7/shap_token.jsonl,/scratch/project_2005047/shibboleth/data/scandinavian/iter_folds/iter6/dev_iter6_fold7_features.jsonl,11834,17.303,21.949,94.928,35.654,72.262,shibboleth/models/scandinavian/iter6/model_fold7/shap_results+wl.txt,1056308180.5,0.0,0.723,scandinavian,shap_token.jsonl
/scratch/project_2006235/shibboleth/models/scandinavian/iter6/model_fold7/loo_token.jsonl,/scratch/project_2005047/shibboleth/data/scandinavian/iter_folds/iter6/dev_iter6_fold7_features.jsonl,11834,8.41,18.311,46.138,26.217,50.301,shibboleth/models/scandinavian/iter6/model_fold7/loo_results+wl.txt,735295270.0,0.1005,0.503,scandinavian,loo_token.jsonl
/scratch/project_2006235/shibboleth/models/scandinavian/iter6/model_fold7/lime_token.jsonl,/scratch/project_2005047/shibboleth/data/scandinavian/iter_folds/iter6/dev_iter6_fold7_features.jsonl,11834,17.645,23.593,96.805,37.94,68.934,shibboleth/models/scandinavian/iter6/model_fold7/lime_results+wl.txt,1007190956.0,0.0,0.689,scandinavian,lime_token.jsonl
/scratch/project_2006235/shibboleth/models/scandinavian/iter6/model_fold7/ig_token.jsonl,/scratch/project_2005047/shibboleth/data/scandinavian/iter_folds/iter6/dev_iter6_fold7_features.jsonl,11834,14.892,19.113,81.704,30.979,58.431,shibboleth/models/scandinavian/iter6/model_fold7/ig_results+wl.txt,854131222.0,4.207e-276,0.584,scandinavian,ig_token.jsonl
/scratch/project_2006235/shibboleth/models/scandinavian/iter6/model_fold3/shap_token.jsonl,/scratch/project_2005047/shibboleth/data/scandinavian/iter_folds/iter6/dev_iter6_fold3_features.jsonl,11836,17.625,21.706,96.033,35.408,70.998,shibboleth/models/scandinavian/iter6/model_fold3/shap_results+wl.txt,1005592370.5,0.0,0.71,scandinavian,shap_token.jsonl
/scratch/project_2006235/shibboleth/models/scandinavian/iter6/model_fold3/loo_token.jsonl,/scratch/project_2005047/shibboleth/data/scandinavian/iter_folds/iter6/dev_iter6_fold3_features.jsonl,11836,5.436,19.005,29.617,23.153,52.709,shibboleth/models/scandinavian/iter6/model_fold3/loo_results+wl.txt,746548150.0,1.308e-32,0.527,scandinavian,loo_token.jsonl
/scratch/project_2006235/shibboleth/models/scandinavian/iter6/model_fold3/lime_token.jsonl,/scratch/project_2005047/shibboleth/data/scandinavian/iter_folds/iter6/dev_iter6_fold3_features.jsonl,11836,17.79,23.681,96.935,38.063,68.679,shibboleth/models/scandinavian/iter6/model_fold3/lime_results+wl.txt,971716083.0,0.0,0.687,scandinavian,lime_token.jsonl
/scratch/project_2006235/shibboleth/models/scandinavian/iter6/model_fold3/ig_token.jsonl,/scratch/project_2005047/shibboleth/data/scandinavian/iter_folds/iter6/dev_iter6_fold3_features.jsonl,11836,15.921,19.483,86.749,31.82,60.557,shibboleth/models/scandinavian/iter6/model_fold3/ig_results+wl.txt,857700825.0,0.0,0.606,scandinavian,ig_token.jsonl
/scratch/project_2006235/shibboleth/models/scandinavian/iter6/model_fold9/shap_token.jsonl,/scratch/project_2005047/shibboleth/data/scandinavian/iter_folds/iter6/dev_iter6_fold9_features.jsonl,11833,17.244,21.114,95.649,34.592,70.681,shibboleth/models/scandinavian/iter6/model_fold9/shap_results+wl.txt,1015663789.5,0.0,0.707,scandinavian,shap_token.jsonl
/scratch/project_2006235/shibboleth/models/scandinavian/iter6/model_fold9/loo_token.jsonl,/scratch/project_2005047/shibboleth/data/scandinavian/iter_folds/iter6/dev_iter6_fold9_features.jsonl,11833,7.428,19.772,41.203,26.722,53.669,shibboleth/models/scandinavian/iter6/model_fold9/loo_results+wl.txt,771214801.5,1.376e-60,0.537,scandinavian,loo_token.jsonl
/scratch/project_2006235/shibboleth/models/scandinavian/iter6/model_fold9/lime_token.jsonl,/scratch/project_2005047/shibboleth/data/scandinavian/iter_folds/iter6/dev_iter6_fold9_features.jsonl,11833,17.474,23.284,96.925,37.548,68.831,shibboleth/models/scandinavian/iter6/model_fold9/lime_results+wl.txt,988707102.0,0.0,0.688,scandinavian,lime_token.jsonl
/scratch/project_2006235/shibboleth/models/scandinavian/iter6/model_fold9/ig_token.jsonl,/scratch/project_2005047/shibboleth/data/scandinavian/iter_folds/iter6/dev_iter6_fold9_features.jsonl,11833,15.774,19.566,87.499,31.98,61.506,shibboleth/models/scandinavian/iter6/model_fold9/ig_results+wl.txt,883833870.5,0.0,0.615,scandinavian,ig_token.jsonl
/scratch/project_2006235/shibboleth/models/scandinavian/iter10/model_fold5/shap_token.jsonl,/scratch/project_2005047/shibboleth/data/scandinavian/iter_folds/iter10/dev_iter10_fold5_features.jsonl,11835,17.495,22.603,95.574,36.56,73.79,shibboleth/models/scandinavian/iter10/model_fold5/shap_results+wl.txt,1080459790.0,0.0,0.738,scandinavian,shap_token.jsonl
/scratch/project_2006235/shibboleth/models/scandinavian/iter10/model_fold5/loo_token.jsonl,/scratch/project_2005047/shibboleth/data/scandinavian/iter_folds/iter10/dev_iter10_fold5_features.jsonl,11835,8.581,18.55,46.877,26.582,50.325,shibboleth/models/scandinavian/iter10/model_fold5/loo_results+wl.txt,736877337.0,0.08278,0.503,scandinavian,loo_token.jsonl
/scratch/project_2006235/shibboleth/models/scandinavian/iter10/model_fold5/lime_token.jsonl,/scratch/project_2005047/shibboleth/data/scandinavian/iter_folds/iter10/dev_iter10_fold5_features.jsonl,11835,17.731,23.552,96.866,37.891,68.184,shibboleth/models/scandinavian/iter10/model_fold5/lime_results+wl.txt,997797145.0,0.0,0.682,scandinavian,lime_token.jsonl
/scratch/project_2006235/shibboleth/models/scandinavian/iter10/model_fold5/ig_token.jsonl,/scratch/project_2005047/shibboleth/data/scandinavian/iter_folds/iter10/dev_iter10_fold5_features.jsonl,11835,14.604,19.612,79.781,31.485,58.151,shibboleth/models/scandinavian/iter10/model_fold5/ig_results+wl.txt,851469650.0,7.459e-259,0.582,scandinavian,ig_token.jsonl
/scratch/project_2006235/shibboleth/models/scandinavian/iter10/model_fold2/shap_token.jsonl,/scratch/project_2005047/shibboleth/data/scandinavian/iter_folds/iter10/dev_iter10_fold2_features.jsonl,11837,17.484,21.712,95.945,35.411,71.798,shibboleth/models/scandinavian/iter10/model_fold2/shap_results+wl.txt,1063694844.0,0.0,0.718,scandinavian,shap_token.jsonl
/scratch/project_2006235/shibboleth/models/scandinavian/iter10/model_fold2/loo_token.jsonl,/scratch/project_2005047/shibboleth/data/scandinavian/iter_folds/iter10/dev_iter10_fold2_features.jsonl,11837,7.941,19.796,43.574,27.224,53.621,shibboleth/models/scandinavian/iter10/model_fold2/loo_results+wl.txt,794405549.5,1.181e-58,0.536,scandinavian,loo_token.jsonl
/scratch/project_2006235/shibboleth/models/scandinavian/iter10/model_fold2/lime_token.jsonl,/scratch/project_2005047/shibboleth/data/scandinavian/iter_folds/iter10/dev_iter10_fold2_features.jsonl,11837,17.632,23.56,96.754,37.892,66.763,shibboleth/models/scandinavian/iter10/model_fold2/lime_results+wl.txt,988295535.0,0.0,0.668,scandinavian,lime_token.jsonl
/scratch/project_2006235/shibboleth/models/scandinavian/iter10/model_fold2/ig_token.jsonl,/scratch/project_2005047/shibboleth/data/scandinavian/iter_folds/iter10/dev_iter10_fold2_features.jsonl,11837,15.571,19.307,85.448,31.497,59.427,shibboleth/models/scandinavian/iter10/model_fold2/ig_results+wl.txt,880416314.5,0.0,0.594,scandinavian,ig_token.jsonl
/scratch/project_2006235/shibboleth/models/scandinavian/iter10/model_fold10/shap_token.jsonl,/scratch/project_2005047/shibboleth/data/scandinavian/iter_folds/iter10/dev_iter10_fold10_features.jsonl,11833,17.424,21.635,95.813,35.299,72.521,shibboleth/models/scandinavian/iter10/model_fold10/shap_results+wl.txt,1048443269.5,0.0,0.725,scandinavian,shap_token.jsonl
/scratch/project_2006235/shibboleth/models/scandinavian/iter10/model_fold10/loo_token.jsonl,/scratch/project_2005047/shibboleth/data/scandinavian/iter_folds/iter10/dev_iter10_fold10_features.jsonl,11833,8.751,22.988,48.118,31.112,54.726,shibboleth/models/scandinavian/iter10/model_fold10/loo_results+wl.txt,791176759.5,1.063e-91,0.547,scandinavian,loo_token.jsonl
/scratch/project_2006235/shibboleth/models/scandinavian/iter10/model_fold10/lime_token.jsonl,/scratch/project_2005047/shibboleth/data/scandinavian/iter_folds/iter10/dev_iter10_fold10_features.jsonl,11833,17.597,23.504,96.766,37.822,68.346,shibboleth/models/scandinavian/iter10/model_fold10/lime_results+wl.txt,987701964.0,0.0,0.683,scandinavian,lime_token.jsonl
/scratch/project_2006235/shibboleth/models/scandinavian/iter10/model_fold10/ig_token.jsonl,/scratch/project_2005047/shibboleth/data/scandinavian/iter_folds/iter10/dev_iter10_fold10_features.jsonl,11833,15.586,19.53,85.704,31.812,60.633,shibboleth/models/scandinavian/iter10/model_fold10/ig_results+wl.txt,876585876.0,0.0,0.606,scandinavian,ig_token.jsonl
/scratch/project_2006235/shibboleth/models/scandinavian/iter10/model_fold1/shap_token.jsonl,/scratch/project_2005047/shibboleth/data/scandinavian/iter_folds/iter10/dev_iter10_fold1_features.jsonl,11837,17.317,22.195,95.334,36.008,72.285,shibboleth/models/scandinavian/iter10/model_fold1/shap_results+wl.txt,1044346969.5,0.0,0.723,scandinavian,shap_token.jsonl
/scratch/project_2006235/shibboleth/models/scandinavian/iter10/model_fold1/loo_token.jsonl,/scratch/project_2005047/shibboleth/data/scandinavian/iter_folds/iter10/dev_iter10_fold1_features.jsonl,11837,6.755,21.393,37.185,27.16,55.742,shibboleth/models/scandinavian/iter10/model_fold1/loo_results+wl.txt,805334443.0,1.009e-149,0.557,scandinavian,loo_token.jsonl
/scratch/project_2006235/shibboleth/models/scandinavian/iter10/model_fold1/lime_token.jsonl,/scratch/project_2005047/shibboleth/data/scandinavian/iter_folds/iter10/dev_iter10_fold1_features.jsonl,11837,17.557,23.326,96.651,37.581,68.591,shibboleth/models/scandinavian/iter10/model_fold1/lime_results+wl.txt,990387781.0,0.0,0.686,scandinavian,lime_token.jsonl
/scratch/project_2006235/shibboleth/models/scandinavian/iter10/model_fold1/ig_token.jsonl,/scratch/project_2005047/shibboleth/data/scandinavian/iter_folds/iter10/dev_iter10_fold1_features.jsonl,11837,15.321,19.514,84.344,31.695,60.111,shibboleth/models/scandinavian/iter10/model_fold1/ig_results+wl.txt,868462526.0,0.0,0.601,scandinavian,ig_token.jsonl
/scratch/project_2006235/shibboleth/models/scandinavian/iter10/model_fold6/shap_token.jsonl,/scratch/project_2005047/shibboleth/data/scandinavian/iter_folds/iter10/dev_iter10_fold6_features.jsonl,11835,17.525,22.606,95.471,36.556,73.345,shibboleth/models/scandinavian/iter10/model_fold6/shap_results+wl.txt,1094520932.5,0.0,0.733,scandinavian,shap_token.jsonl
/scratch/project_2006235/shibboleth/models/scandinavian/iter10/model_fold6/loo_token.jsonl,/scratch/project_2005047/shibboleth/data/scandinavian/iter_folds/iter10/dev_iter10_fold6_features.jsonl,11835,9.598,19.163,52.289,28.047,53.83,shibboleth/models/scandinavian/iter10/model_fold6/loo_results+wl.txt,803311482.0,3.456e-60,0.538,scandinavian,loo_token.jsonl
/scratch/project_2006235/shibboleth/models/scandinavian/iter10/model_fold6/lime_token.jsonl,/scratch/project_2005047/shibboleth/data/scandinavian/iter_folds/iter10/dev_iter10_fold6_features.jsonl,11835,17.816,23.975,97.059,38.452,71.158,shibboleth/models/scandinavian/iter10/model_fold6/lime_results+wl.txt,1061668576.0,0.0,0.712,scandinavian,lime_token.jsonl
/scratch/project_2006235/shibboleth/models/scandinavian/iter10/model_fold6/ig_token.jsonl,/scratch/project_2005047/shibboleth/data/scandinavian/iter_folds/iter10/dev_iter10_fold6_features.jsonl,11835,14.865,20.54,80.979,32.769,59.841,shibboleth/models/scandinavian/iter10/model_fold6/ig_results+wl.txt,893004560.5,0.0,0.598,scandinavian,ig_token.jsonl
/scratch/project_2006235/shibboleth/models/scandinavian/iter10/model_fold8/shap_token.jsonl,/scratch/project_2005047/shibboleth/data/scandinavian/iter_folds/iter10/dev_iter10_fold8_features.jsonl,11834,17.56,21.278,95.96,34.833,70.702,shibboleth/models/scandinavian/iter10/model_fold8/shap_results+wl.txt,1026808376.5,0.0,0.707,scandinavian,shap_token.jsonl
/scratch/project_2006235/shibboleth/models/scandinavian/iter10/model_fold8/loo_token.jsonl,/scratch/project_2005047/shibboleth/data/scandinavian/iter_folds/iter10/dev_iter10_fold8_features.jsonl,11834,8.783,20.179,47.996,28.413,51.404,shibboleth/models/scandinavian/iter10/model_fold8/loo_results+wl.txt,746541229.0,1.224e-09,0.514,scandinavian,loo_token.jsonl
/scratch/project_2006235/shibboleth/models/scandinavian/iter10/model_fold8/lime_token.jsonl,/scratch/project_2005047/shibboleth/data/scandinavian/iter_folds/iter10/dev_iter10_fold8_features.jsonl,11834,17.71,23.723,96.78,38.105,69.807,shibboleth/models/scandinavian/iter10/model_fold8/lime_results+wl.txt,1013157221.0,0.0,0.698,scandinavian,lime_token.jsonl
/scratch/project_2006235/shibboleth/models/scandinavian/iter10/model_fold8/ig_token.jsonl,/scratch/project_2005047/shibboleth/data/scandinavian/iter_folds/iter10/dev_iter10_fold8_features.jsonl,11834,16.111,19.42,88.04,31.821,60.827,shibboleth/models/scandinavian/iter10/model_fold8/ig_results+wl.txt,883395534.5,0.0,0.608,scandinavian,ig_token.jsonl
/scratch/project_2006235/shibboleth/models/scandinavian/iter10/model_fold4/shap_token.jsonl,/scratch/project_2005047/shibboleth/data/scandinavian/iter_folds/iter10/dev_iter10_fold4_features.jsonl,11836,17.861,22.303,96.704,36.246,72.263,shibboleth/models/scandinavian/iter10/model_fold4/shap_results+wl.txt,1070557335.5,0.0,0.723,scandinavian,shap_token.jsonl
/scratch/project_2006235/shibboleth/models/scandinavian/iter10/model_fold4/loo_token.jsonl,/scratch/project_2005047/shibboleth/data/scandinavian/iter_folds/iter10/dev_iter10_fold4_features.jsonl,11836,11.556,20.675,62.567,31.08,55.773,shibboleth/models/scandinavian/iter10/model_fold4/loo_results+wl.txt,826265615.5,8.89e-134,0.558,scandinavian,loo_token.jsonl
/scratch/project_2006235/shibboleth/models/scandinavian/iter10/model_fold4/lime_token.jsonl,/scratch/project_2005047/shibboleth/data/scandinavian/iter_folds/iter10/dev_iter10_fold4_features.jsonl,11836,17.802,23.766,96.382,38.13,69.594,shibboleth/models/scandinavian/iter10/model_fold4/lime_results+wl.txt,1030209234.0,0.0,0.696,scandinavian,lime_token.jsonl
/scratch/project_2006235/shibboleth/models/scandinavian/iter10/model_fold4/ig_token.jsonl,/scratch/project_2005047/shibboleth/data/scandinavian/iter_folds/iter10/dev_iter10_fold4_features.jsonl,11836,15.142,19.646,81.982,31.696,58.941,shibboleth/models/scandinavian/iter10/model_fold4/ig_results+wl.txt,873194287.0,0.0,0.589,scandinavian,ig_token.jsonl
/scratch/project_2006235/shibboleth/models/scandinavian/iter10/model_fold7/shap_token.jsonl,/scratch/project_2005047/shibboleth/data/scandinavian/iter_folds/iter10/dev_iter10_fold7_features.jsonl,11834,17.403,22.84,94.305,36.773,70.854,shibboleth/models/scandinavian/iter10/model_fold7/shap_results+wl.txt,1047187217.0,0.0,0.709,scandinavian,shap_token.jsonl
/scratch/project_2006235/shibboleth/models/scandinavian/iter10/model_fold7/loo_token.jsonl,/scratch/project_2005047/shibboleth/data/scandinavian/iter_folds/iter10/dev_iter10_fold7_features.jsonl,11834,4.631,19.465,25.097,21.925,46.204,shibboleth/models/scandinavian/iter10/model_fold7/loo_results+wl.txt,682875833.5,1.0,0.462,scandinavian,loo_token.jsonl
/scratch/project_2006235/shibboleth/models/scandinavian/iter10/model_fold7/lime_token.jsonl,/scratch/project_2005047/shibboleth/data/scandinavian/iter_folds/iter10/dev_iter10_fold7_features.jsonl,11834,17.841,23.747,96.677,38.129,66.259,shibboleth/models/scandinavian/iter10/model_fold7/lime_results+wl.txt,978604829.0,0.0,0.663,scandinavian,lime_token.jsonl
/scratch/project_2006235/shibboleth/models/scandinavian/iter10/model_fold7/ig_token.jsonl,/scratch/project_2005047/shibboleth/data/scandinavian/iter_folds/iter10/dev_iter10_fold7_features.jsonl,11834,15.333,19.314,83.09,31.343,57.782,shibboleth/models/scandinavian/iter10/model_fold7/ig_results+wl.txt,853990698.5,5.366e-238,0.578,scandinavian,ig_token.jsonl
/scratch/project_2006235/shibboleth/models/scandinavian/iter10/model_fold3/shap_token.jsonl,/scratch/project_2005047/shibboleth/data/scandinavian/iter_folds/iter10/dev_iter10_fold3_features.jsonl,11836,17.532,20.665,96.998,34.071,69.493,shibboleth/models/scandinavian/iter10/model_fold3/shap_results+wl.txt,1007510403.0,0.0,0.695,scandinavian,shap_token.jsonl
/scratch/project_2006235/shibboleth/models/scandinavian/iter10/model_fold3/loo_token.jsonl,/scratch/project_2005047/shibboleth/data/scandinavian/iter_folds/iter10/dev_iter10_fold3_features.jsonl,11836,9.652,20.566,53.402,29.695,56.016,shibboleth/models/scandinavian/iter10/model_fold3/loo_results+wl.txt,812113802.0,9.361e-148,0.56,scandinavian,loo_token.jsonl
/scratch/project_2006235/shibboleth/models/scandinavian/iter10/model_fold3/lime_token.jsonl,/scratch/project_2005047/shibboleth/data/scandinavian/iter_folds/iter10/dev_iter10_fold3_features.jsonl,11836,17.522,23.309,96.942,37.581,68.121,shibboleth/models/scandinavian/iter10/model_fold3/lime_results+wl.txt,986638297.0,0.0,0.681,scandinavian,lime_token.jsonl
/scratch/project_2006235/shibboleth/models/scandinavian/iter10/model_fold3/ig_token.jsonl,/scratch/project_2005047/shibboleth/data/scandinavian/iter_folds/iter10/dev_iter10_fold3_features.jsonl,11836,15.856,19.611,87.724,32.055,62.437,shibboleth/models/scandinavian/iter10/model_fold3/ig_results+wl.txt,905214212.5,0.0,0.624,scandinavian,ig_token.jsonl
/scratch/project_2006235/shibboleth/models/scandinavian/iter10/model_fold9/shap_token.jsonl,/scratch/project_2005047/shibboleth/data/scandinavian/iter_folds/iter10/dev_iter10_fold9_features.jsonl,11833,17.764,21.956,95.959,35.735,71.544,shibboleth/models/scandinavian/iter10/model_fold9/shap_results+wl.txt,1029413192.0,0.0,0.715,scandinavian,shap_token.jsonl
/scratch/project_2006235/shibboleth/models/scandinavian/iter10/model_fold9/loo_token.jsonl,/scratch/project_2005047/shibboleth/data/scandinavian/iter_folds/iter10/dev_iter10_fold9_features.jsonl,11833,10.913,23.741,58.953,33.85,59.036,shibboleth/models/scandinavian/iter10/model_fold9/loo_results+wl.txt,849442505.5,0.0,0.59,scandinavian,loo_token.jsonl
/scratch/project_2006235/shibboleth/models/scandinavian/iter10/model_fold9/lime_token.jsonl,/scratch/project_2005047/shibboleth/data/scandinavian/iter_folds/iter10/dev_iter10_fold9_features.jsonl,11833,17.959,23.924,97.015,38.383,69.248,shibboleth/models/scandinavian/iter10/model_fold9/lime_results+wl.txt,995713443.0,0.0,0.692,scandinavian,lime_token.jsonl
/scratch/project_2006235/shibboleth/models/scandinavian/iter10/model_fold9/ig_token.jsonl,/scratch/project_2005047/shibboleth/data/scandinavian/iter_folds/iter10/dev_iter10_fold9_features.jsonl,11833,15.625,19.021,84.405,31.046,57.08,shibboleth/models/scandinavian/iter10/model_fold9/ig_results+wl.txt,821288765.5,4.881e-195,0.571,scandinavian,ig_token.jsonl
/scratch/project_2006235/shibboleth/models/scandinavian/iter4/model_fold5/shap_token.jsonl,/scratch/project_2005047/shibboleth/data/scandinavian/iter_folds/iter4/dev_iter4_fold5_features.jsonl,11835,17.982,22.594,96.425,36.61,72.31,shibboleth/models/scandinavian/iter4/model_fold5/shap_results+wl.txt,1090538643.5,0.0,0.723,scandinavian,shap_token.jsonl
/scratch/project_2006235/shibboleth/models/scandinavian/iter4/model_fold5/loo_token.jsonl,/scratch/project_2005047/shibboleth/data/scandinavian/iter_folds/iter4/dev_iter4_fold5_features.jsonl,11835,14.929,22.717,80.054,35.391,59.707,shibboleth/models/scandinavian/iter4/model_fold5/loo_results+wl.txt,900469402.5,0.0,0.597,scandinavian,loo_token.jsonl
/scratch/project_2006235/shibboleth/models/scandinavian/iter4/model_fold5/lime_token.jsonl,/scratch/project_2005047/shibboleth/data/scandinavian/iter_folds/iter4/dev_iter4_fold5_features.jsonl,11835,18.065,23.948,96.866,38.402,67.974,shibboleth/models/scandinavian/iter4/model_fold5/lime_results+wl.txt,1024210299.0,0.0,0.68,scandinavian,lime_token.jsonl
/scratch/project_2006235/shibboleth/models/scandinavian/iter4/model_fold5/ig_token.jsonl,/scratch/project_2005047/shibboleth/data/scandinavian/iter_folds/iter4/dev_iter4_fold5_features.jsonl,11835,16.074,20.175,86.194,32.697,61.407,shibboleth/models/scandinavian/iter4/model_fold5/ig_results+wl.txt,926106487.0,0.0,0.614,scandinavian,ig_token.jsonl
/scratch/project_2006235/shibboleth/models/scandinavian/iter4/model_fold2/shap_token.jsonl,/scratch/project_2005047/shibboleth/data/scandinavian/iter_folds/iter4/dev_iter4_fold2_features.jsonl,11837,17.568,21.673,95.817,35.35,69.97,shibboleth/models/scandinavian/iter4/model_fold2/shap_results+wl.txt,1017460029.5,0.0,0.7,scandinavian,shap_token.jsonl
/scratch/project_2006235/shibboleth/models/scandinavian/iter4/model_fold2/loo_token.jsonl,/scratch/project_2005047/shibboleth/data/scandinavian/iter_folds/iter4/dev_iter4_fold2_features.jsonl,11837,7.44,20.172,40.581,26.949,48.857,shibboleth/models/scandinavian/iter4/model_fold2/loo_results+wl.txt,710447852.0,1.0,0.489,scandinavian,loo_token.jsonl
/scratch/project_2006235/shibboleth/models/scandinavian/iter4/model_fold2/lime_token.jsonl,/scratch/project_2005047/shibboleth/data/scandinavian/iter_folds/iter4/dev_iter4_fold2_features.jsonl,11837,17.792,23.711,97.04,38.111,68.194,shibboleth/models/scandinavian/iter4/model_fold2/lime_results+wl.txt,991233156.0,0.0,0.682,scandinavian,lime_token.jsonl
/scratch/project_2006235/shibboleth/models/scandinavian/iter4/model_fold2/ig_token.jsonl,/scratch/project_2005047/shibboleth/data/scandinavian/iter_folds/iter4/dev_iter4_fold2_features.jsonl,11837,15.668,19.118,85.455,31.246,59.684,shibboleth/models/scandinavian/iter4/model_fold2/ig_results+wl.txt,867878763.0,0.0,0.597,scandinavian,ig_token.jsonl
/scratch/project_2006235/shibboleth/models/scandinavian/iter4/model_fold10/shap_token.jsonl,/scratch/project_2005047/shibboleth/data/scandinavian/iter_folds/iter4/dev_iter4_fold10_features.jsonl,11833,17.583,21.676,95.68,35.345,68.865,shibboleth/models/scandinavian/iter4/model_fold10/shap_results+wl.txt,1019189471.0,0.0,0.689,scandinavian,shap_token.jsonl
/scratch/project_2006235/shibboleth/models/scandinavian/iter4/model_fold10/loo_token.jsonl,/scratch/project_2005047/shibboleth/data/scandinavian/iter_folds/iter4/dev_iter4_fold10_features.jsonl,11833,10.592,23.177,57.64,33.061,59.207,shibboleth/models/scandinavian/iter4/model_fold10/loo_results+wl.txt,876252602.5,0.0,0.592,scandinavian,loo_token.jsonl
/scratch/project_2006235/shibboleth/models/scandinavian/iter4/model_fold10/lime_token.jsonl,/scratch/project_2005047/shibboleth/data/scandinavian/iter_folds/iter4/dev_iter4_fold10_features.jsonl,11833,17.783,23.558,96.77,37.891,68.886,shibboleth/models/scandinavian/iter4/model_fold10/lime_results+wl.txt,1018948985.0,0.0,0.689,scandinavian,lime_token.jsonl
/scratch/project_2006235/shibboleth/models/scandinavian/iter4/model_fold10/ig_token.jsonl,/scratch/project_2005047/shibboleth/data/scandinavian/iter_folds/iter4/dev_iter4_fold10_features.jsonl,11833,16.018,19.666,87.167,32.091,60.513,shibboleth/models/scandinavian/iter4/model_fold10/ig_results+wl.txt,895581467.0,0.0,0.605,scandinavian,ig_token.jsonl
/scratch/project_2006235/shibboleth/models/scandinavian/iter4/model_fold1/shap_token.jsonl,/scratch/project_2005047/shibboleth/data/scandinavian/iter_folds/iter4/dev_iter4_fold1_features.jsonl,11837,17.532,21.856,95.259,35.555,71.695,shibboleth/models/scandinavian/iter4/model_fold1/shap_results+wl.txt,1045029572.0,0.0,0.717,scandinavian,shap_token.jsonl
/scratch/project_2006235/shibboleth/models/scandinavian/iter4/model_fold1/loo_token.jsonl,/scratch/project_2005047/shibboleth/data/scandinavian/iter_folds/iter4/dev_iter4_fold1_features.jsonl,11837,8.92,23.41,48.467,31.571,56.817,shibboleth/models/scandinavian/iter4/model_fold1/loo_results+wl.txt,828168121.5,5.037e-192,0.568,scandinavian,loo_token.jsonl
/scratch/project_2006235/shibboleth/models/scandinavian/iter4/model_fold1/lime_token.jsonl,/scratch/project_2005047/shibboleth/data/scandinavian/iter_folds/iter4/dev_iter4_fold1_features.jsonl,11837,17.822,23.532,96.835,37.863,67.081,shibboleth/models/scandinavian/iter4/model_fold1/lime_results+wl.txt,976974554.0,0.0,0.671,scandinavian,lime_token.jsonl
/scratch/project_2006235/shibboleth/models/scandinavian/iter4/model_fold1/ig_token.jsonl,/scratch/project_2005047/shibboleth/data/scandinavian/iter_folds/iter4/dev_iter4_fold1_features.jsonl,11837,15.188,19.101,82.523,31.021,56.911,shibboleth/models/scandinavian/iter4/model_fold1/ig_results+wl.txt,829532996.0,1.009e-186,0.569,scandinavian,ig_token.jsonl
/scratch/project_2006235/shibboleth/models/scandinavian/iter4/model_fold6/shap_token.jsonl,/scratch/project_2005047/shibboleth/data/scandinavian/iter_folds/iter4/dev_iter4_fold6_features.jsonl,11835,17.324,21.519,95.205,35.103,71.064,shibboleth/models/scandinavian/iter4/model_fold6/shap_results+wl.txt,1034160979.5,0.0,0.711,scandinavian,shap_token.jsonl
/scratch/project_2006235/shibboleth/models/scandinavian/iter4/model_fold6/loo_token.jsonl,/scratch/project_2005047/shibboleth/data/scandinavian/iter_folds/iter4/dev_iter4_fold6_features.jsonl,11835,7.748,21.148,42.577,28.26,56.214,shibboleth/models/scandinavian/iter4/model_fold6/loo_results+wl.txt,818060547.5,4.157e-159,0.562,scandinavian,loo_token.jsonl
/scratch/project_2006235/shibboleth/models/scandinavian/iter4/model_fold6/lime_token.jsonl,/scratch/project_2005047/shibboleth/data/scandinavian/iter_folds/iter4/dev_iter4_fold6_features.jsonl,11835,17.587,23.493,96.65,37.798,67.415,shibboleth/models/scandinavian/iter4/model_fold6/lime_results+wl.txt,980142638.0,0.0,0.674,scandinavian,lime_token.jsonl
/scratch/project_2006235/shibboleth/models/scandinavian/iter4/model_fold6/ig_token.jsonl,/scratch/project_2005047/shibboleth/data/scandinavian/iter_folds/iter4/dev_iter4_fold6_features.jsonl,11835,15.394,19.494,84.598,31.686,59.55,shibboleth/models/scandinavian/iter4/model_fold6/ig_results+wl.txt,866602334.0,0.0,0.595,scandinavian,ig_token.jsonl
/scratch/project_2006235/shibboleth/models/scandinavian/iter4/model_fold8/shap_token.jsonl,/scratch/project_2005047/shibboleth/data/scandinavian/iter_folds/iter4/dev_iter4_fold8_features.jsonl,11834,17.434,22.349,95.457,36.218,72.014,shibboleth/models/scandinavian/iter4/model_fold8/shap_results+wl.txt,1064552283.0,0.0,0.72,scandinavian,shap_token.jsonl
/scratch/project_2006235/shibboleth/models/scandinavian/iter4/model_fold8/loo_token.jsonl,/scratch/project_2005047/shibboleth/data/scandinavian/iter_folds/iter4/dev_iter4_fold8_features.jsonl,11834,5.079,19.611,27.812,23.003,53.441,shibboleth/models/scandinavian/iter4/model_fold8/loo_results+wl.txt,789988663.5,3.191e-55,0.534,scandinavian,loo_token.jsonl
/scratch/project_2006235/shibboleth/models/scandinavian/iter4/model_fold8/lime_token.jsonl,/scratch/project_2005047/shibboleth/data/scandinavian/iter_folds/iter4/dev_iter4_fold8_features.jsonl,11834,17.718,23.708,97.014,38.104,69.194,shibboleth/models/scandinavian/iter4/model_fold8/lime_results+wl.txt,1022383335.0,0.0,0.692,scandinavian,lime_token.jsonl
/scratch/project_2006235/shibboleth/models/scandinavian/iter4/model_fold8/ig_token.jsonl,/scratch/project_2005047/shibboleth/data/scandinavian/iter_folds/iter4/dev_iter4_fold8_features.jsonl,11834,14.026,19.153,76.797,30.659,56.451,shibboleth/models/scandinavian/iter4/model_fold8/ig_results+wl.txt,834484753.0,1.178e-163,0.565,scandinavian,ig_token.jsonl
/scratch/project_2006235/shibboleth/models/scandinavian/iter4/model_fold4/shap_token.jsonl,/scratch/project_2005047/shibboleth/data/scandinavian/iter_folds/iter4/dev_iter4_fold4_features.jsonl,11836,17.308,20.881,96.211,34.315,70.64,shibboleth/models/scandinavian/iter4/model_fold4/shap_results+wl.txt,1018374853.0,0.0,0.706,scandinavian,shap_token.jsonl
/scratch/project_2006235/shibboleth/models/scandinavian/iter4/model_fold4/loo_token.jsonl,/scratch/project_2005047/shibboleth/data/scandinavian/iter_folds/iter4/dev_iter4_fold4_features.jsonl,11836,6.115,20.064,33.991,25.234,48.88,shibboleth/models/scandinavian/iter4/model_fold4/loo_results+wl.txt,704665419.5,1.0,0.489,scandinavian,loo_token.jsonl
/scratch/project_2006235/shibboleth/models/scandinavian/iter4/model_fold4/lime_token.jsonl,/scratch/project_2005047/shibboleth/data/scandinavian/iter_folds/iter4/dev_iter4_fold4_features.jsonl,11836,17.453,23.293,97.021,37.567,69.511,shibboleth/models/scandinavian/iter4/model_fold4/lime_results+wl.txt,1001636356.0,0.0,0.695,scandinavian,lime_token.jsonl
/scratch/project_2006235/shibboleth/models/scandinavian/iter4/model_fold4/ig_token.jsonl,/scratch/project_2005047/shibboleth/data/scandinavian/iter_folds/iter4/dev_iter4_fold4_features.jsonl,11836,15.603,18.942,86.734,31.093,59.774,shibboleth/models/scandinavian/iter4/model_fold4/ig_results+wl.txt,861727688.0,0.0,0.598,scandinavian,ig_token.jsonl
/scratch/project_2006235/shibboleth/models/scandinavian/iter4/model_fold7/shap_token.jsonl,/scratch/project_2005047/shibboleth/data/scandinavian/iter_folds/iter4/dev_iter4_fold7_features.jsonl,11834,17.739,21.909,96.263,35.694,71.16,shibboleth/models/scandinavian/iter4/model_fold7/shap_results+wl.txt,1039221463.0,0.0,0.712,scandinavian,shap_token.jsonl
/scratch/project_2006235/shibboleth/models/scandinavian/iter4/model_fold7/loo_token.jsonl,/scratch/project_2005047/shibboleth/data/scandinavian/iter_folds/iter4/dev_iter4_fold7_features.jsonl,11834,6.825,20.828,37.037,26.662,51.299,shibboleth/models/scandinavian/iter4/model_fold7/loo_results+wl.txt,749169953.0,5.941e-09,0.513,scandinavian,loo_token.jsonl
/scratch/project_2006235/shibboleth/models/scandinavian/iter4/model_fold7/lime_token.jsonl,/scratch/project_2005047/shibboleth/data/scandinavian/iter_folds/iter4/dev_iter4_fold7_features.jsonl,11834,17.835,23.803,96.786,38.209,68.565,shibboleth/models/scandinavian/iter4/model_fold7/lime_results+wl.txt,1000738359.0,0.0,0.686,scandinavian,lime_token.jsonl
/scratch/project_2006235/shibboleth/models/scandinavian/iter4/model_fold7/ig_token.jsonl,/scratch/project_2005047/shibboleth/data/scandinavian/iter_folds/iter4/dev_iter4_fold7_features.jsonl,11834,16.043,19.918,87.062,32.419,60.329,shibboleth/models/scandinavian/iter4/model_fold7/ig_results+wl.txt,881053944.0,0.0,0.603,scandinavian,ig_token.jsonl
/scratch/project_2006235/shibboleth/models/scandinavian/iter4/model_fold3/shap_token.jsonl,/scratch/project_2005047/shibboleth/data/scandinavian/iter_folds/iter4/dev_iter4_fold3_features.jsonl,11836,16.227,20.611,89.866,33.531,70.022,shibboleth/models/scandinavian/iter4/model_fold3/shap_results+wl.txt,1012725282.0,0.0,0.7,scandinavian,shap_token.jsonl
/scratch/project_2006235/shibboleth/models/scandinavian/iter4/model_fold3/loo_token.jsonl,/scratch/project_2005047/shibboleth/data/scandinavian/iter_folds/iter4/dev_iter4_fold3_features.jsonl,11836,9.968,21.67,55.204,31.123,58.426,shibboleth/models/scandinavian/iter4/model_fold3/loo_results+wl.txt,845013967.0,1.374e-286,0.584,scandinavian,loo_token.jsonl
/scratch/project_2006235/shibboleth/models/scandinavian/iter4/model_fold3/lime_token.jsonl,/scratch/project_2005047/shibboleth/data/scandinavian/iter_folds/iter4/dev_iter4_fold3_features.jsonl,11836,17.501,23.311,96.921,37.583,68.935,shibboleth/models/scandinavian/iter4/model_fold3/lime_results+wl.txt,996193137.0,0.0,0.689,scandinavian,lime_token.jsonl
/scratch/project_2006235/shibboleth/models/scandinavian/iter4/model_fold3/ig_token.jsonl,/scratch/project_2005047/shibboleth/data/scandinavian/iter_folds/iter4/dev_iter4_fold3_features.jsonl,11836,14.45,18.303,80.024,29.792,56.917,shibboleth/models/scandinavian/iter4/model_fold3/ig_results+wl.txt,823187956.0,5.57e-185,0.569,scandinavian,ig_token.jsonl
/scratch/project_2006235/shibboleth/models/scandinavian/iter4/model_fold9/shap_token.jsonl,/scratch/project_2005047/shibboleth/data/scandinavian/iter_folds/iter4/dev_iter4_fold9_features.jsonl,11833,17.485,21.981,95.321,35.724,70.371,shibboleth/models/scandinavian/iter4/model_fold9/shap_results+wl.txt,1018285064.0,0.0,0.704,scandinavian,shap_token.jsonl
/scratch/project_2006235/shibboleth/models/scandinavian/iter4/model_fold9/loo_token.jsonl,/scratch/project_2005047/shibboleth/data/scandinavian/iter_folds/iter4/dev_iter4_fold9_features.jsonl,11833,7.603,21.512,41.449,28.324,53.016,shibboleth/models/scandinavian/iter4/model_fold9/loo_results+wl.txt,767157941.5,4.029e-40,0.53,scandinavian,loo_token.jsonl
/scratch/project_2006235/shibboleth/models/scandinavian/iter4/model_fold9/lime_token.jsonl,/scratch/project_2005047/shibboleth/data/scandinavian/iter_folds/iter4/dev_iter4_fold9_features.jsonl,11833,17.743,23.582,96.729,37.919,68.571,shibboleth/models/scandinavian/iter4/model_fold9/lime_results+wl.txt,991850979.0,0.0,0.686,scandinavian,lime_token.jsonl
/scratch/project_2006235/shibboleth/models/scandinavian/iter4/model_fold9/ig_token.jsonl,/scratch/project_2005047/shibboleth/data/scandinavian/iter_folds/iter4/dev_iter4_fold9_features.jsonl,11833,15.967,19.691,87.045,32.116,61.566,shibboleth/models/scandinavian/iter4/model_fold9/ig_results+wl.txt,890873675.5,0.0,0.616,scandinavian,ig_token.jsonl
/scratch/project_2006235/shibboleth/models/scandinavian/iter9/model_fold5/shap_token.jsonl,/scratch/project_2005047/shibboleth/data/scandinavian/iter_folds/iter9/dev_iter9_fold5_features.jsonl,11835,17.44,21.314,95.865,34.875,69.918,shibboleth/models/scandinavian/iter9/model_fold5/shap_results+wl.txt,1014623233.0,0.0,0.699,scandinavian,shap_token.jsonl
/scratch/project_2006235/shibboleth/models/scandinavian/iter9/model_fold5/loo_token.jsonl,/scratch/project_2005047/shibboleth/data/scandinavian/iter_folds/iter9/dev_iter9_fold5_features.jsonl,11835,9.833,25.074,54.051,34.256,60.213,shibboleth/models/scandinavian/iter9/model_fold5/loo_results+wl.txt,873787484.0,0.0,0.602,scandinavian,loo_token.jsonl
/scratch/project_2006235/shibboleth/models/scandinavian/iter9/model_fold5/lime_token.jsonl,/scratch/project_2005047/shibboleth/data/scandinavian/iter_folds/iter9/dev_iter9_fold5_features.jsonl,11835,17.6,23.501,96.745,37.816,68.994,shibboleth/models/scandinavian/iter9/model_fold5/lime_results+wl.txt,1000594091.0,0.0,0.69,scandinavian,lime_token.jsonl
/scratch/project_2006235/shibboleth/models/scandinavian/iter9/model_fold5/ig_token.jsonl,/scratch/project_2005047/shibboleth/data/scandinavian/iter_folds/iter9/dev_iter9_fold5_features.jsonl,11835,15.641,19.662,85.977,32.005,61.031,shibboleth/models/scandinavian/iter9/model_fold5/ig_results+wl.txt,885667225.0,0.0,0.61,scandinavian,ig_token.jsonl
/scratch/project_2006235/shibboleth/models/scandinavian/iter9/model_fold2/shap_token.jsonl,/scratch/project_2005047/shibboleth/data/scandinavian/iter_folds/iter9/dev_iter9_fold2_features.jsonl,11837,17.715,21.867,96.478,35.654,72.719,shibboleth/models/scandinavian/iter9/model_fold2/shap_results+wl.txt,1090414457.0,0.0,0.727,scandinavian,shap_token.jsonl
/scratch/project_2006235/shibboleth/models/scandinavian/iter9/model_fold2/loo_token.jsonl,/scratch/project_2005047/shibboleth/data/scandinavian/iter_folds/iter9/dev_iter9_fold2_features.jsonl,11837,13.217,22.323,71.981,34.078,61.44,shibboleth/models/scandinavian/iter9/model_fold2/loo_results+wl.txt,921285546.0,0.0,0.614,scandinavian,loo_token.jsonl
/scratch/project_2006235/shibboleth/models/scandinavian/iter9/model_fold2/lime_token.jsonl,/scratch/project_2005047/shibboleth/data/scandinavian/iter_folds/iter9/dev_iter9_fold2_features.jsonl,11837,17.835,23.644,97.131,38.031,67.837,shibboleth/models/scandinavian/iter9/model_fold2/lime_results+wl.txt,1016354470.0,0.0,0.678,scandinavian,lime_token.jsonl
/scratch/project_2006235/shibboleth/models/scandinavian/iter9/model_fold2/ig_token.jsonl,/scratch/project_2005047/shibboleth/data/scandinavian/iter_folds/iter9/dev_iter9_fold2_features.jsonl,11837,16.064,19.228,87.485,31.526,60.105,shibboleth/models/scandinavian/iter9/model_fold2/ig_results+wl.txt,901270643.5,0.0,0.601,scandinavian,ig_token.jsonl
/scratch/project_2006235/shibboleth/models/scandinavian/iter9/model_fold10/shap_token.jsonl,/scratch/project_2005047/shibboleth/data/scandinavian/iter_folds/iter9/dev_iter9_fold10_features.jsonl,11833,17.723,21.629,96.164,35.315,70.405,shibboleth/models/scandinavian/iter9/model_fold10/shap_results+wl.txt,1015813891.0,0.0,0.704,scandinavian,shap_token.jsonl
/scratch/project_2006235/shibboleth/models/scandinavian/iter9/model_fold10/loo_token.jsonl,/scratch/project_2005047/shibboleth/data/scandinavian/iter_folds/iter9/dev_iter9_fold10_features.jsonl,11833,13.051,20.049,70.815,31.25,53.674,shibboleth/models/scandinavian/iter9/model_fold10/loo_results+wl.txt,774421442.5,1.129e-54,0.537,scandinavian,loo_token.jsonl
/scratch/project_2006235/shibboleth/models/scandinavian/iter9/model_fold10/lime_token.jsonl,/scratch/project_2005047/shibboleth/data/scandinavian/iter_folds/iter9/dev_iter9_fold10_features.jsonl,11833,17.793,23.673,96.546,38.023,67.76,shibboleth/models/scandinavian/iter9/model_fold10/lime_results+wl.txt,976747828.0,0.0,0.678,scandinavian,lime_token.jsonl
/scratch/project_2006235/shibboleth/models/scandinavian/iter9/model_fold10/ig_token.jsonl,/scratch/project_2005047/shibboleth/data/scandinavian/iter_folds/iter9/dev_iter9_fold10_features.jsonl,11833,15.547,19.0,84.356,31.014,59.742,shibboleth/models/scandinavian/iter9/model_fold10/ig_results+wl.txt,861957079.0,0.0,0.597,scandinavian,ig_token.jsonl
/scratch/project_2006235/shibboleth/models/scandinavian/iter9/model_fold1/shap_token.jsonl,/scratch/project_2005047/shibboleth/data/scandinavian/iter_folds/iter9/dev_iter9_fold1_features.jsonl,11837,17.42,21.679,95.414,35.331,71.084,shibboleth/models/scandinavian/iter9/model_fold1/shap_results+wl.txt,1021616616.5,0.0,0.711,scandinavian,shap_token.jsonl
/scratch/project_2006235/shibboleth/models/scandinavian/iter9/model_fold1/loo_token.jsonl,/scratch/project_2005047/shibboleth/data/scandinavian/iter_folds/iter9/dev_iter9_fold1_features.jsonl,11837,6.153,18.447,33.702,23.844,52.181,shibboleth/models/scandinavian/iter9/model_fold1/loo_results+wl.txt,749935926.5,3.164e-22,0.522,scandinavian,loo_token.jsonl
/scratch/project_2006235/shibboleth/models/scandinavian/iter9/model_fold1/lime_token.jsonl,/scratch/project_2005047/shibboleth/data/scandinavian/iter_folds/iter9/dev_iter9_fold1_features.jsonl,11837,17.676,23.43,96.815,37.729,67.005,shibboleth/models/scandinavian/iter9/model_fold1/lime_results+wl.txt,962670998.0,0.0,0.67,scandinavian,lime_token.jsonl
/scratch/project_2006235/shibboleth/models/scandinavian/iter9/model_fold1/ig_token.jsonl,/scratch/project_2005047/shibboleth/data/scandinavian/iter_folds/iter9/dev_iter9_fold1_features.jsonl,11837,15.281,19.832,83.699,32.066,60.946,shibboleth/models/scandinavian/iter9/model_fold1/ig_results+wl.txt,875908536.5,0.0,0.609,scandinavian,ig_token.jsonl
/scratch/project_2006235/shibboleth/models/scandinavian/iter9/model_fold6/shap_token.jsonl,/scratch/project_2005047/shibboleth/data/scandinavian/iter_folds/iter9/dev_iter9_fold6_features.jsonl,11835,17.265,21.991,95.546,35.753,72.698,shibboleth/models/scandinavian/iter9/model_fold6/shap_results+wl.txt,1067766919.0,0.0,0.727,scandinavian,shap_token.jsonl
/scratch/project_2006235/shibboleth/models/scandinavian/iter9/model_fold6/loo_token.jsonl,/scratch/project_2005047/shibboleth/data/scandinavian/iter_folds/iter9/dev_iter9_fold6_features.jsonl,11835,11.316,20.325,62.62,30.689,55.799,shibboleth/models/scandinavian/iter9/model_fold6/loo_results+wl.txt,819549538.0,3.466e-134,0.558,scandinavian,loo_token.jsonl
/scratch/project_2006235/shibboleth/models/scandinavian/iter9/model_fold6/lime_token.jsonl,/scratch/project_2005047/shibboleth/data/scandinavian/iter_folds/iter9/dev_iter9_fold6_features.jsonl,11835,17.445,23.491,96.54,37.787,70.639,shibboleth/models/scandinavian/iter9/model_fold6/lime_results+wl.txt,1036942992.0,0.0,0.706,scandinavian,lime_token.jsonl
/scratch/project_2006235/shibboleth/models/scandinavian/iter9/model_fold6/ig_token.jsonl,/scratch/project_2005047/shibboleth/data/scandinavian/iter_folds/iter9/dev_iter9_fold6_features.jsonl,11835,14.737,18.71,81.552,30.436,56.021,shibboleth/models/scandinavian/iter9/model_fold6/ig_results+wl.txt,822810952.5,7.936e-142,0.56,scandinavian,ig_token.jsonl
/scratch/project_2006235/shibboleth/models/scandinavian/iter9/model_fold8/shap_token.jsonl,/scratch/project_2005047/shibboleth/data/scandinavian/iter_folds/iter9/dev_iter9_fold8_features.jsonl,11834,17.583,22.602,95.595,36.56,73.958,shibboleth/models/scandinavian/iter9/model_fold8/shap_results+wl.txt,1080935481.0,0.0,0.74,scandinavian,shap_token.jsonl
/scratch/project_2006235/shibboleth/models/scandinavian/iter9/model_fold8/loo_token.jsonl,/scratch/project_2005047/shibboleth/data/scandinavian/iter_folds/iter9/dev_iter9_fold8_features.jsonl,11834,7.16,21.168,38.926,27.423,56.017,shibboleth/models/scandinavian/iter9/model_fold8/loo_results+wl.txt,818715188.5,3.908e-154,0.56,scandinavian,loo_token.jsonl
/scratch/project_2006235/shibboleth/models/scandinavian/iter9/model_fold8/lime_token.jsonl,/scratch/project_2005047/shibboleth/data/scandinavian/iter_folds/iter9/dev_iter9_fold8_features.jsonl,11834,17.796,23.801,96.751,38.204,68.836,shibboleth/models/scandinavian/iter9/model_fold8/lime_results+wl.txt,1005561459.0,0.0,0.688,scandinavian,lime_token.jsonl
/scratch/project_2006235/shibboleth/models/scandinavian/iter9/model_fold8/ig_token.jsonl,/scratch/project_2005047/shibboleth/data/scandinavian/iter_folds/iter9/dev_iter9_fold8_features.jsonl,11834,15.808,20.06,85.947,32.528,60.613,shibboleth/models/scandinavian/iter9/model_fold8/ig_results+wl.txt,885891045.0,0.0,0.606,scandinavian,ig_token.jsonl
/scratch/project_2006235/shibboleth/models/scandinavian/iter9/model_fold4/shap_token.jsonl,/scratch/project_2005047/shibboleth/data/scandinavian/iter_folds/iter9/dev_iter9_fold4_features.jsonl,11836,17.671,21.014,96.277,34.499,69.245,shibboleth/models/scandinavian/iter9/model_fold4/shap_results+wl.txt,1008703674.0,0.0,0.692,scandinavian,shap_token.jsonl
/scratch/project_2006235/shibboleth/models/scandinavian/iter9/model_fold4/loo_token.jsonl,/scratch/project_2005047/shibboleth/data/scandinavian/iter_folds/iter9/dev_iter9_fold4_features.jsonl,11836,5.929,19.237,32.304,24.114,51.695,shibboleth/models/scandinavian/iter9/model_fold4/loo_results+wl.txt,753050257.0,3.954e-15,0.517,scandinavian,loo_token.jsonl
/scratch/project_2006235/shibboleth/models/scandinavian/iter9/model_fold4/lime_token.jsonl,/scratch/project_2005047/shibboleth/data/scandinavian/iter_folds/iter9/dev_iter9_fold4_features.jsonl,11836,17.77,23.705,96.818,38.086,69.384,shibboleth/models/scandinavian/iter9/model_fold4/lime_results+wl.txt,1009544312.0,0.0,0.694,scandinavian,lime_token.jsonl
/scratch/project_2006235/shibboleth/models/scandinavian/iter9/model_fold4/ig_token.jsonl,/scratch/project_2005047/shibboleth/data/scandinavian/iter_folds/iter9/dev_iter9_fold4_features.jsonl,11836,16.357,19.573,89.118,32.097,62.29,shibboleth/models/scandinavian/iter9/model_fold4/ig_results+wl.txt,907389320.0,0.0,0.623,scandinavian,ig_token.jsonl
/scratch/project_2006235/shibboleth/models/scandinavian/iter9/model_fold7/shap_token.jsonl,/scratch/project_2005047/shibboleth/data/scandinavian/iter_folds/iter9/dev_iter9_fold7_features.jsonl,11834,17.583,21.644,96.332,35.347,71.649,shibboleth/models/scandinavian/iter9/model_fold7/shap_results+wl.txt,1063166174.0,0.0,0.716,scandinavian,shap_token.jsonl
/scratch/project_2006235/shibboleth/models/scandinavian/iter9/model_fold7/loo_token.jsonl,/scratch/project_2005047/shibboleth/data/scandinavian/iter_folds/iter9/dev_iter9_fold7_features.jsonl,11834,5.019,18.213,27.496,21.912,53.035,shibboleth/models/scandinavian/iter9/model_fold7/loo_results+wl.txt,786966660.0,9.75e-44,0.53,scandinavian,loo_token.jsonl
/scratch/project_2006235/shibboleth/models/scandinavian/iter9/model_fold7/lime_token.jsonl,/scratch/project_2005047/shibboleth/data/scandinavian/iter_folds/iter9/dev_iter9_fold7_features.jsonl,11834,17.674,23.646,96.831,38.01,68.574,shibboleth/models/scandinavian/iter9/model_fold7/lime_results+wl.txt,1016872936.0,0.0,0.686,scandinavian,lime_token.jsonl
/scratch/project_2006235/shibboleth/models/scandinavian/iter9/model_fold7/ig_token.jsonl,/scratch/project_2005047/shibboleth/data/scandinavian/iter_folds/iter9/dev_iter9_fold7_features.jsonl,11834,14.564,19.76,79.791,31.676,57.313,shibboleth/models/scandinavian/iter9/model_fold7/ig_results+wl.txt,850434042.5,5.737e-210,0.573,scandinavian,ig_token.jsonl
/scratch/project_2006235/shibboleth/models/scandinavian/iter9/model_fold3/shap_token.jsonl,/scratch/project_2005047/shibboleth/data/scandinavian/iter_folds/iter9/dev_iter9_fold3_features.jsonl,11836,17.753,22.301,96.294,36.214,71.684,shibboleth/models/scandinavian/iter9/model_fold3/shap_results+wl.txt,1041874594.5,0.0,0.717,scandinavian,shap_token.jsonl
/scratch/project_2006235/shibboleth/models/scandinavian/iter9/model_fold3/loo_token.jsonl,/scratch/project_2005047/shibboleth/data/scandinavian/iter_folds/iter9/dev_iter9_fold3_features.jsonl,11836,11.025,25.263,59.797,35.519,58.75,shibboleth/models/scandinavian/iter9/model_fold3/loo_results+wl.txt,853891977.0,1.609e-300,0.587,scandinavian,loo_token.jsonl
/scratch/project_2006235/shibboleth/models/scandinavian/iter9/model_fold3/lime_token.jsonl,/scratch/project_2005047/shibboleth/data/scandinavian/iter_folds/iter9/dev_iter9_fold3_features.jsonl,11836,17.884,23.726,97.0,38.126,68.634,shibboleth/models/scandinavian/iter9/model_fold3/lime_results+wl.txt,997085620.0,0.0,0.686,scandinavian,lime_token.jsonl
/scratch/project_2006235/shibboleth/models/scandinavian/iter9/model_fold3/ig_token.jsonl,/scratch/project_2005047/shibboleth/data/scandinavian/iter_folds/iter9/dev_iter9_fold3_features.jsonl,11836,15.247,20.479,82.7,32.829,60.089,shibboleth/models/scandinavian/iter9/model_fold3/ig_results+wl.txt,873348642.0,0.0,0.601,scandinavian,ig_token.jsonl
/scratch/project_2006235/shibboleth/models/scandinavian/iter9/model_fold9/shap_token.jsonl,/scratch/project_2005047/shibboleth/data/scandinavian/iter_folds/iter9/dev_iter9_fold9_features.jsonl,11833,17.673,21.56,96.584,35.251,70.382,shibboleth/models/scandinavian/iter9/model_fold9/shap_results+wl.txt,1037448125.0,0.0,0.704,scandinavian,shap_token.jsonl
/scratch/project_2006235/shibboleth/models/scandinavian/iter9/model_fold9/loo_token.jsonl,/scratch/project_2005047/shibboleth/data/scandinavian/iter_folds/iter9/dev_iter9_fold9_features.jsonl,11833,7.829,19.893,42.788,27.159,53.019,shibboleth/models/scandinavian/iter9/model_fold9/loo_results+wl.txt,781511034.0,1.97e-40,0.53,scandinavian,loo_token.jsonl
/scratch/project_2006235/shibboleth/models/scandinavian/iter9/model_fold9/lime_token.jsonl,/scratch/project_2005047/shibboleth/data/scandinavian/iter_folds/iter9/dev_iter9_fold9_features.jsonl,11833,17.787,23.628,97.205,38.015,66.977,shibboleth/models/scandinavian/iter9/model_fold9/lime_results+wl.txt,987006066.0,0.0,0.67,scandinavian,lime_token.jsonl
/scratch/project_2006235/shibboleth/models/scandinavian/iter9/model_fold9/ig_token.jsonl,/scratch/project_2005047/shibboleth/data/scandinavian/iter_folds/iter9/dev_iter9_fold9_features.jsonl,11833,16.192,20.204,88.492,32.897,62.932,shibboleth/models/scandinavian/iter9/model_fold9/ig_results+wl.txt,927629701.0,0.0,0.629,scandinavian,ig_token.jsonl
/scratch/project_2006235/shibboleth/models/scandinavian/iter1/model_fold5/shap_token.jsonl,/scratch/project_2005047/shibboleth/data/scandinavian/iter_folds/iter1/dev_iter1_fold5_features.jsonl,11835,17.865,22.047,96.586,35.899,71.608,shibboleth/models/scandinavian/iter1/model_fold5/shap_results+wl.txt,1063701778.5,0.0,0.716,scandinavian,shap_token.jsonl
/scratch/project_2006235/shibboleth/models/scandinavian/iter1/model_fold5/loo_token.jsonl,/scratch/project_2005047/shibboleth/data/scandinavian/iter_folds/iter1/dev_iter1_fold5_features.jsonl,11835,11.08,22.981,59.903,33.218,58.919,shibboleth/models/scandinavian/iter1/model_fold5/loo_results+wl.txt,875204366.5,0.0,0.589,scandinavian,loo_token.jsonl
/scratch/project_2006235/shibboleth/models/scandinavian/iter1/model_fold5/lime_token.jsonl,/scratch/project_2005047/shibboleth/data/scandinavian/iter_folds/iter1/dev_iter1_fold5_features.jsonl,11835,17.953,23.82,97.06,38.253,68.796,shibboleth/models/scandinavian/iter1/model_fold5/lime_results+wl.txt,1021024053.0,0.0,0.688,scandinavian,lime_token.jsonl
/scratch/project_2006235/shibboleth/models/scandinavian/iter1/model_fold5/ig_token.jsonl,/scratch/project_2005047/shibboleth/data/scandinavian/iter_folds/iter1/dev_iter1_fold5_features.jsonl,11835,15.347,19.702,82.97,31.843,60.236,shibboleth/models/scandinavian/iter1/model_fold5/ig_results+wl.txt,894774222.5,0.0,0.602,scandinavian,ig_token.jsonl
/scratch/project_2006235/shibboleth/models/scandinavian/iter1/model_fold2/shap_token.jsonl,/scratch/project_2005047/shibboleth/data/scandinavian/iter_folds/iter1/dev_iter1_fold2_features.jsonl,11837,17.63,21.95,95.875,35.722,70.553,shibboleth/models/scandinavian/iter1/model_fold2/shap_results+wl.txt,1034275005.5,0.0,0.706,scandinavian,shap_token.jsonl
/scratch/project_2006235/shibboleth/models/scandinavian/iter1/model_fold2/loo_token.jsonl,/scratch/project_2005047/shibboleth/data/scandinavian/iter_folds/iter1/dev_iter1_fold2_features.jsonl,11837,5.866,21.666,31.898,25.805,55.169,shibboleth/models/scandinavian/iter1/model_fold2/loo_results+wl.txt,808751836.5,1.638e-118,0.552,scandinavian,loo_token.jsonl
/scratch/project_2006235/shibboleth/models/scandinavian/iter1/model_fold2/lime_token.jsonl,/scratch/project_2005047/shibboleth/data/scandinavian/iter_folds/iter1/dev_iter1_fold2_features.jsonl,11837,17.753,23.589,96.546,37.915,66.203,shibboleth/models/scandinavian/iter1/model_fold2/lime_results+wl.txt,969892266.0,0.0,0.662,scandinavian,lime_token.jsonl
/scratch/project_2006235/shibboleth/models/scandinavian/iter1/model_fold2/ig_token.jsonl,/scratch/project_2005047/shibboleth/data/scandinavian/iter_folds/iter1/dev_iter1_fold2_features.jsonl,11837,15.23,19.562,82.825,31.649,59.978,shibboleth/models/scandinavian/iter1/model_fold2/ig_results+wl.txt,879255479.5,0.0,0.6,scandinavian,ig_token.jsonl
/scratch/project_2006235/shibboleth/models/scandinavian/iter1/model_fold10/shap_token.jsonl,/scratch/project_2005047/shibboleth/data/scandinavian/iter_folds/iter1/dev_iter1_fold10_features.jsonl,11833,17.45,22.074,95.725,35.876,71.208,shibboleth/models/scandinavian/iter1/model_fold10/shap_results+wl.txt,1030275642.0,0.0,0.712,scandinavian,shap_token.jsonl
/scratch/project_2006235/shibboleth/models/scandinavian/iter1/model_fold10/loo_token.jsonl,/scratch/project_2005047/shibboleth/data/scandinavian/iter_folds/iter1/dev_iter1_fold10_features.jsonl,11833,7.907,21.794,43.376,29.011,55.891,shibboleth/models/scandinavian/iter1/model_fold10/loo_results+wl.txt,808666815.5,2.293e-144,0.559,scandinavian,loo_token.jsonl
/scratch/project_2006235/shibboleth/models/scandinavian/iter1/model_fold10/lime_token.jsonl,/scratch/project_2005047/shibboleth/data/scandinavian/iter_folds/iter1/dev_iter1_fold10_features.jsonl,11833,17.682,23.472,96.994,37.797,68.095,shibboleth/models/scandinavian/iter1/model_fold10/lime_results+wl.txt,984853084.0,0.0,0.681,scandinavian,lime_token.jsonl
/scratch/project_2006235/shibboleth/models/scandinavian/iter1/model_fold10/ig_token.jsonl,/scratch/project_2005047/shibboleth/data/scandinavian/iter_folds/iter1/dev_iter1_fold10_features.jsonl,11833,15.296,19.014,83.908,31.003,59.344,shibboleth/models/scandinavian/iter1/model_fold10/ig_results+wl.txt,858618320.0,0.0,0.593,scandinavian,ig_token.jsonl
/scratch/project_2006235/shibboleth/models/scandinavian/iter1/model_fold1/shap_token.jsonl,/scratch/project_2005047/shibboleth/data/scandinavian/iter_folds/iter1/dev_iter1_fold1_features.jsonl,11837,17.511,22.005,95.757,35.786,70.923,shibboleth/models/scandinavian/iter1/model_fold1/shap_results+wl.txt,1029273451.5,0.0,0.709,scandinavian,shap_token.jsonl
/scratch/project_2006235/shibboleth/models/scandinavian/iter1/model_fold1/loo_token.jsonl,/scratch/project_2005047/shibboleth/data/scandinavian/iter_folds/iter1/dev_iter1_fold1_features.jsonl,11837,10.57,23.478,57.799,33.392,59.888,shibboleth/models/scandinavian/iter1/model_fold1/loo_results+wl.txt,869122632.0,0.0,0.599,scandinavian,loo_token.jsonl
/scratch/project_2006235/shibboleth/models/scandinavian/iter1/model_fold1/lime_token.jsonl,/scratch/project_2005047/shibboleth/data/scandinavian/iter_folds/iter1/dev_iter1_fold1_features.jsonl,11837,17.705,23.572,96.816,37.913,69.389,shibboleth/models/scandinavian/iter1/model_fold1/lime_results+wl.txt,1006122564.0,0.0,0.694,scandinavian,lime_token.jsonl
/scratch/project_2006235/shibboleth/models/scandinavian/iter1/model_fold1/ig_token.jsonl,/scratch/project_2005047/shibboleth/data/scandinavian/iter_folds/iter1/dev_iter1_fold1_features.jsonl,11837,15.994,20.008,87.458,32.566,61.024,shibboleth/models/scandinavian/iter1/model_fold1/ig_results+wl.txt,885607050.5,0.0,0.61,scandinavian,ig_token.jsonl
/scratch/project_2006235/shibboleth/models/scandinavian/iter1/model_fold6/shap_token.jsonl,/scratch/project_2005047/shibboleth/data/scandinavian/iter_folds/iter1/dev_iter1_fold6_features.jsonl,11835,17.934,21.078,97.633,34.671,69.053,shibboleth/models/scandinavian/iter1/model_fold6/shap_results+wl.txt,1021708191.5,0.0,0.691,scandinavian,shap_token.jsonl
/scratch/project_2006235/shibboleth/models/scandinavian/iter1/model_fold6/loo_token.jsonl,/scratch/project_2005047/shibboleth/data/scandinavian/iter_folds/iter1/dev_iter1_fold6_features.jsonl,11835,6.69,18.622,36.419,24.643,52.36,shibboleth/models/scandinavian/iter1/model_fold6/loo_results+wl.txt,774730871.5,2.665e-26,0.524,scandinavian,loo_token.jsonl
/scratch/project_2006235/shibboleth/models/scandinavian/iter1/model_fold6/lime_token.jsonl,/scratch/project_2005047/shibboleth/data/scandinavian/iter_folds/iter1/dev_iter1_fold6_features.jsonl,11835,17.815,23.76,96.987,38.169,69.016,shibboleth/models/scandinavian/iter1/model_fold6/lime_results+wl.txt,1020935017.0,0.0,0.69,scandinavian,lime_token.jsonl
/scratch/project_2006235/shibboleth/models/scandinavian/iter1/model_fold6/ig_token.jsonl,/scratch/project_2005047/shibboleth/data/scandinavian/iter_folds/iter1/dev_iter1_fold6_features.jsonl,11835,15.605,19.745,84.957,32.043,60.271,shibboleth/models/scandinavian/iter1/model_fold6/ig_results+wl.txt,891779125.5,0.0,0.603,scandinavian,ig_token.jsonl
/scratch/project_2006235/shibboleth/models/scandinavian/iter1/model_fold8/shap_token.jsonl,/scratch/project_2005047/shibboleth/data/scandinavian/iter_folds/iter1/dev_iter1_fold8_features.jsonl,11834,17.524,22.412,95.524,36.306,73.978,shibboleth/models/scandinavian/iter1/model_fold8/shap_results+wl.txt,1074800646.0,0.0,0.74,scandinavian,shap_token.jsonl
/scratch/project_2006235/shibboleth/models/scandinavian/iter1/model_fold8/loo_token.jsonl,/scratch/project_2005047/shibboleth/data/scandinavian/iter_folds/iter1/dev_iter1_fold8_features.jsonl,11834,8.414,22.236,45.862,29.951,52.062,shibboleth/models/scandinavian/iter1/model_fold8/loo_results+wl.txt,756389118.0,4.566e-19,0.521,scandinavian,loo_token.jsonl
/scratch/project_2006235/shibboleth/models/scandinavian/iter1/model_fold8/lime_token.jsonl,/scratch/project_2005047/shibboleth/data/scandinavian/iter_folds/iter1/dev_iter1_fold8_features.jsonl,11834,17.779,23.739,96.913,38.136,69.652,shibboleth/models/scandinavian/iter1/model_fold8/lime_results+wl.txt,1011358720.0,0.0,0.697,scandinavian,lime_token.jsonl
/scratch/project_2006235/shibboleth/models/scandinavian/iter1/model_fold8/ig_token.jsonl,/scratch/project_2005047/shibboleth/data/scandinavian/iter_folds/iter1/dev_iter1_fold8_features.jsonl,11834,14.851,19.9,80.953,31.947,59.125,shibboleth/models/scandinavian/iter1/model_fold8/ig_results+wl.txt,859000498.5,0.0,0.591,scandinavian,ig_token.jsonl
/scratch/project_2006235/shibboleth/models/scandinavian/iter1/model_fold4/shap_token.jsonl,/scratch/project_2005047/shibboleth/data/scandinavian/iter_folds/iter1/dev_iter1_fold4_features.jsonl,11836,17.383,22.56,94.971,36.459,73.457,shibboleth/models/scandinavian/iter1/model_fold4/shap_results+wl.txt,1060737290.5,0.0,0.735,scandinavian,shap_token.jsonl
/scratch/project_2006235/shibboleth/models/scandinavian/iter1/model_fold4/loo_token.jsonl,/scratch/project_2005047/shibboleth/data/scandinavian/iter_folds/iter1/dev_iter1_fold4_features.jsonl,11836,8.6,17.734,46.985,25.75,50.13,shibboleth/models/scandinavian/iter1/model_fold4/loo_results+wl.txt,723887842.5,0.2888,0.501,scandinavian,loo_token.jsonl
/scratch/project_2006235/shibboleth/models/scandinavian/iter1/model_fold4/lime_token.jsonl,/scratch/project_2005047/shibboleth/data/scandinavian/iter_folds/iter1/dev_iter1_fold4_features.jsonl,11836,17.79,23.624,97.194,38.009,69.646,shibboleth/models/scandinavian/iter1/model_fold4/lime_results+wl.txt,1004943837.0,0.0,0.696,scandinavian,lime_token.jsonl
/scratch/project_2006235/shibboleth/models/scandinavian/iter1/model_fold4/ig_token.jsonl,/scratch/project_2005047/shibboleth/data/scandinavian/iter_folds/iter1/dev_iter1_fold4_features.jsonl,11836,15.143,19.775,82.729,31.92,59.868,shibboleth/models/scandinavian/iter1/model_fold4/ig_results+wl.txt,864503339.5,0.0,0.599,scandinavian,ig_token.jsonl
/scratch/project_2006235/shibboleth/models/scandinavian/iter1/model_fold7/shap_token.jsonl,/scratch/project_2005047/shibboleth/data/scandinavian/iter_folds/iter1/dev_iter1_fold7_features.jsonl,11834,17.059,21.11,94.397,34.504,70.592,shibboleth/models/scandinavian/iter1/model_fold7/shap_results+wl.txt,1032951028.0,0.0,0.706,scandinavian,shap_token.jsonl
/scratch/project_2006235/shibboleth/models/scandinavian/iter1/model_fold7/loo_token.jsonl,/scratch/project_2005047/shibboleth/data/scandinavian/iter_folds/iter1/dev_iter1_fold7_features.jsonl,11834,6.305,19.36,34.891,24.902,53.215,shibboleth/models/scandinavian/iter1/model_fold7/loo_results+wl.txt,778675305.5,3.594e-44,0.532,scandinavian,loo_token.jsonl
/scratch/project_2006235/shibboleth/models/scandinavian/iter1/model_fold7/lime_token.jsonl,/scratch/project_2005047/shibboleth/data/scandinavian/iter_folds/iter1/dev_iter1_fold7_features.jsonl,11834,17.489,23.489,96.773,37.802,69.191,shibboleth/models/scandinavian/iter1/model_fold7/lime_results+wl.txt,1011639626.0,0.0,0.692,scandinavian,lime_token.jsonl
/scratch/project_2006235/shibboleth/models/scandinavian/iter1/model_fold7/ig_token.jsonl,/scratch/project_2005047/shibboleth/data/scandinavian/iter_folds/iter1/dev_iter1_fold7_features.jsonl,11834,14.163,18.438,78.373,29.853,55.737,shibboleth/models/scandinavian/iter1/model_fold7/ig_results+wl.txt,815576097.5,9.47e-129,0.557,scandinavian,ig_token.jsonl
/scratch/project_2006235/shibboleth/models/scandinavian/iter1/model_fold3/shap_token.jsonl,/scratch/project_2005047/shibboleth/data/scandinavian/iter_folds/iter1/dev_iter1_fold3_features.jsonl,11836,17.443,22.139,95.319,35.932,72.801,shibboleth/models/scandinavian/iter1/model_fold3/shap_results+wl.txt,1073076347.5,0.0,0.728,scandinavian,shap_token.jsonl
/scratch/project_2006235/shibboleth/models/scandinavian/iter1/model_fold3/loo_token.jsonl,/scratch/project_2005047/shibboleth/data/scandinavian/iter_folds/iter1/dev_iter1_fold3_features.jsonl,11836,9.347,16.859,51.078,25.351,48.402,shibboleth/models/scandinavian/iter1/model_fold3/loo_results+wl.txt,713435737.0,1.0,0.484,scandinavian,loo_token.jsonl
/scratch/project_2006235/shibboleth/models/scandinavian/iter1/model_fold3/lime_token.jsonl,/scratch/project_2005047/shibboleth/data/scandinavian/iter_folds/iter1/dev_iter1_fold3_features.jsonl,11836,17.715,23.702,96.804,38.081,69.986,shibboleth/models/scandinavian/iter1/model_fold3/lime_results+wl.txt,1030589557.0,0.0,0.7,scandinavian,lime_token.jsonl
/scratch/project_2006235/shibboleth/models/scandinavian/iter1/model_fold3/ig_token.jsonl,/scratch/project_2005047/shibboleth/data/scandinavian/iter_folds/iter1/dev_iter1_fold3_features.jsonl,11836,14.654,18.663,80.08,30.271,55.294,shibboleth/models/scandinavian/iter1/model_fold3/ig_results+wl.txt,815025418.0,6.781e-111,0.553,scandinavian,ig_token.jsonl
/scratch/project_2006235/shibboleth/models/scandinavian/iter1/model_fold9/shap_token.jsonl,/scratch/project_2005047/shibboleth/data/scandinavian/iter_folds/iter1/dev_iter1_fold9_features.jsonl,11833,17.783,20.923,97.431,34.448,69.843,shibboleth/models/scandinavian/iter1/model_fold9/shap_results+wl.txt,1023555037.5,0.0,0.698,scandinavian,shap_token.jsonl
/scratch/project_2006235/shibboleth/models/scandinavian/iter1/model_fold9/loo_token.jsonl,/scratch/project_2005047/shibboleth/data/scandinavian/iter_folds/iter1/dev_iter1_fold9_features.jsonl,11833,11.952,21.587,65.484,32.47,56.713,shibboleth/models/scandinavian/iter1/model_fold9/loo_results+wl.txt,831132309.5,2.062e-178,0.567,scandinavian,loo_token.jsonl
/scratch/project_2006235/shibboleth/models/scandinavian/iter1/model_fold9/lime_token.jsonl,/scratch/project_2005047/shibboleth/data/scandinavian/iter_folds/iter1/dev_iter1_fold9_features.jsonl,11833,17.671,23.785,96.818,38.188,68.917,shibboleth/models/scandinavian/iter1/model_fold9/lime_results+wl.txt,1009760532.0,0.0,0.689,scandinavian,lime_token.jsonl
/scratch/project_2006235/shibboleth/models/scandinavian/iter1/model_fold9/ig_token.jsonl,/scratch/project_2005047/shibboleth/data/scandinavian/iter_folds/iter1/dev_iter1_fold9_features.jsonl,11833,16.845,20.153,92.292,33.083,64.179,shibboleth/models/scandinavian/iter1/model_fold9/ig_results+wl.txt,940552149.0,0.0,0.642,scandinavian,ig_token.jsonl
/scratch/project_2006235/shibboleth/models/scandinavian/iter7/model_fold5/shap_token.jsonl,/scratch/project_2005047/shibboleth/data/scandinavian/iter_folds/iter7/dev_iter7_fold5_features.jsonl,11835,17.759,21.655,96.059,35.342,69.282,shibboleth/models/scandinavian/iter7/model_fold5/shap_results+wl.txt,1018996545.0,0.0,0.693,scandinavian,shap_token.jsonl
/scratch/project_2006235/shibboleth/models/scandinavian/iter7/model_fold5/loo_token.jsonl,/scratch/project_2005047/shibboleth/data/scandinavian/iter_folds/iter7/dev_iter7_fold5_features.jsonl,11835,6.476,18.905,35.028,24.557,51.914,shibboleth/models/scandinavian/iter7/model_fold5/loo_results+wl.txt,763550938.0,4.159e-18,0.519,scandinavian,loo_token.jsonl
/scratch/project_2006235/shibboleth/models/scandinavian/iter7/model_fold5/lime_token.jsonl,/scratch/project_2005047/shibboleth/data/scandinavian/iter_folds/iter7/dev_iter7_fold5_features.jsonl,11835,17.923,23.869,96.946,38.306,67.081,shibboleth/models/scandinavian/iter7/model_fold5/lime_results+wl.txt,985913514.0,0.0,0.671,scandinavian,lime_token.jsonl
/scratch/project_2006235/shibboleth/models/scandinavian/iter7/model_fold5/ig_token.jsonl,/scratch/project_2005047/shibboleth/data/scandinavian/iter_folds/iter7/dev_iter7_fold5_features.jsonl,11835,15.802,19.811,85.474,32.167,61.69,shibboleth/models/scandinavian/iter7/model_fold5/ig_results+wl.txt,907333516.0,0.0,0.617,scandinavian,ig_token.jsonl
/scratch/project_2006235/shibboleth/models/scandinavian/iter7/model_fold2/shap_token.jsonl,/scratch/project_2005047/shibboleth/data/scandinavian/iter_folds/iter7/dev_iter7_fold2_features.jsonl,11837,18.0,21.402,97.629,35.107,70.575,shibboleth/models/scandinavian/iter7/model_fold2/shap_results+wl.txt,1030280461.5,0.0,0.706,scandinavian,shap_token.jsonl
/scratch/project_2006235/shibboleth/models/scandinavian/iter7/model_fold2/loo_token.jsonl,/scratch/project_2005047/shibboleth/data/scandinavian/iter_folds/iter7/dev_iter7_fold2_features.jsonl,11837,12.142,23.182,65.854,34.292,60.621,shibboleth/models/scandinavian/iter7/model_fold2/loo_results+wl.txt,884969709.5,0.0,0.606,scandinavian,loo_token.jsonl
/scratch/project_2006235/shibboleth/models/scandinavian/iter7/model_fold2/lime_token.jsonl,/scratch/project_2005047/shibboleth/data/scandinavian/iter_folds/iter7/dev_iter7_fold2_features.jsonl,11837,17.905,23.844,97.111,38.287,68.641,shibboleth/models/scandinavian/iter7/model_fold2/lime_results+wl.txt,1001420375.0,0.0,0.686,scandinavian,lime_token.jsonl
/scratch/project_2006235/shibboleth/models/scandinavian/iter7/model_fold2/ig_token.jsonl,/scratch/project_2005047/shibboleth/data/scandinavian/iter_folds/iter7/dev_iter7_fold2_features.jsonl,11837,16.043,20.077,87.015,32.626,62.646,shibboleth/models/scandinavian/iter7/model_fold2/ig_results+wl.txt,914532813.0,0.0,0.626,scandinavian,ig_token.jsonl
/scratch/project_2006235/shibboleth/models/scandinavian/iter7/model_fold10/shap_token.jsonl,/scratch/project_2005047/shibboleth/data/scandinavian/iter_folds/iter7/dev_iter7_fold10_features.jsonl,11833,17.728,22.045,95.94,35.852,71.099,shibboleth/models/scandinavian/iter7/model_fold10/shap_results+wl.txt,1035308774.0,0.0,0.711,scandinavian,shap_token.jsonl
/scratch/project_2006235/shibboleth/models/scandinavian/iter7/model_fold10/loo_token.jsonl,/scratch/project_2005047/shibboleth/data/scandinavian/iter_folds/iter7/dev_iter7_fold10_features.jsonl,11833,9.23,23.292,49.953,31.77,57.568,shibboleth/models/scandinavian/iter7/model_fold10/loo_results+wl.txt,838276690.5,1.607e-238,0.576,scandinavian,loo_token.jsonl
/scratch/project_2006235/shibboleth/models/scandinavian/iter7/model_fold10/lime_token.jsonl,/scratch/project_2005047/shibboleth/data/scandinavian/iter_folds/iter7/dev_iter7_fold10_features.jsonl,11833,17.948,23.751,97.128,38.168,68.263,shibboleth/models/scandinavian/iter7/model_fold10/lime_results+wl.txt,993469988.0,0.0,0.683,scandinavian,lime_token.jsonl
/scratch/project_2006235/shibboleth/models/scandinavian/iter7/model_fold10/ig_token.jsonl,/scratch/project_2005047/shibboleth/data/scandinavian/iter_folds/iter7/dev_iter7_fold10_features.jsonl,11833,15.674,19.84,84.827,32.158,60.823,shibboleth/models/scandinavian/iter7/model_fold10/ig_results+wl.txt,885680490.5,0.0,0.608,scandinavian,ig_token.jsonl
/scratch/project_2006235/shibboleth/models/scandinavian/iter7/model_fold1/shap_token.jsonl,/scratch/project_2005047/shibboleth/data/scandinavian/iter_folds/iter7/dev_iter7_fold1_features.jsonl,11837,17.663,21.526,96.98,35.232,71.575,shibboleth/models/scandinavian/iter7/model_fold1/shap_results+wl.txt,1034434925.0,0.0,0.716,scandinavian,shap_token.jsonl
/scratch/project_2006235/shibboleth/models/scandinavian/iter7/model_fold1/loo_token.jsonl,/scratch/project_2005047/shibboleth/data/scandinavian/iter_folds/iter7/dev_iter7_fold1_features.jsonl,11837,12.094,21.125,66.401,32.053,57.998,shibboleth/models/scandinavian/iter7/model_fold1/loo_results+wl.txt,838211818.5,4.583e-256,0.58,scandinavian,loo_token.jsonl
/scratch/project_2006235/shibboleth/models/scandinavian/iter7/model_fold1/lime_token.jsonl,/scratch/project_2005047/shibboleth/data/scandinavian/iter_folds/iter7/dev_iter7_fold1_features.jsonl,11837,17.667,23.376,97.002,37.673,68.673,shibboleth/models/scandinavian/iter7/model_fold1/lime_results+wl.txt,991765251.0,0.0,0.687,scandinavian,lime_token.jsonl
/scratch/project_2006235/shibboleth/models/scandinavian/iter7/model_fold1/ig_token.jsonl,/scratch/project_2005047/shibboleth/data/scandinavian/iter_folds/iter7/dev_iter7_fold1_features.jsonl,11837,15.829,19.221,86.911,31.48,60.216,shibboleth/models/scandinavian/iter7/model_fold1/ig_results+wl.txt,870268695.5,0.0,0.602,scandinavian,ig_token.jsonl
/scratch/project_2006235/shibboleth/models/scandinavian/iter7/model_fold6/shap_token.jsonl,/scratch/project_2005047/shibboleth/data/scandinavian/iter_folds/iter7/dev_iter7_fold6_features.jsonl,11835,17.627,21.184,97.024,34.776,70.483,shibboleth/models/scandinavian/iter7/model_fold6/shap_results+wl.txt,1017716305.5,0.0,0.705,scandinavian,shap_token.jsonl
/scratch/project_2006235/shibboleth/models/scandinavian/iter7/model_fold6/loo_token.jsonl,/scratch/project_2005047/shibboleth/data/scandinavian/iter_folds/iter7/dev_iter7_fold6_features.jsonl,11835,11.698,24.345,64.391,35.331,61.908,shibboleth/models/scandinavian/iter7/model_fold6/loo_results+wl.txt,893897783.5,0.0,0.619,scandinavian,loo_token.jsonl
/scratch/project_2006235/shibboleth/models/scandinavian/iter7/model_fold6/lime_token.jsonl,/scratch/project_2005047/shibboleth/data/scandinavian/iter_folds/iter7/dev_iter7_fold6_features.jsonl,11835,17.556,23.373,96.633,37.642,67.398,shibboleth/models/scandinavian/iter7/model_fold6/lime_results+wl.txt,972180117.0,0.0,0.674,scandinavian,lime_token.jsonl
/scratch/project_2006235/shibboleth/models/scandinavian/iter7/model_fold6/ig_token.jsonl,/scratch/project_2005047/shibboleth/data/scandinavian/iter_folds/iter7/dev_iter7_fold6_features.jsonl,11835,15.613,19.471,85.936,31.749,59.763,shibboleth/models/scandinavian/iter7/model_fold6/ig_results+wl.txt,862928922.0,0.0,0.598,scandinavian,ig_token.jsonl
/scratch/project_2006235/shibboleth/models/scandinavian/iter7/model_fold8/shap_token.jsonl,/scratch/project_2005047/shibboleth/data/scandinavian/iter_folds/iter7/dev_iter7_fold8_features.jsonl,11834,17.156,21.947,95.84,35.715,73.954,shibboleth/models/scandinavian/iter7/model_fold8/shap_results+wl.txt,1081095615.5,0.0,0.74,scandinavian,shap_token.jsonl
/scratch/project_2006235/shibboleth/models/scandinavian/iter7/model_fold8/loo_token.jsonl,/scratch/project_2005047/shibboleth/data/scandinavian/iter_folds/iter7/dev_iter7_fold8_features.jsonl,11834,6.789,19.559,37.925,25.808,54.997,shibboleth/models/scandinavian/iter7/model_fold8/loo_results+wl.txt,803979770.0,1.713e-113,0.55,scandinavian,loo_token.jsonl
/scratch/project_2006235/shibboleth/models/scandinavian/iter7/model_fold8/lime_token.jsonl,/scratch/project_2005047/shibboleth/data/scandinavian/iter_folds/iter7/dev_iter7_fold8_features.jsonl,11834,17.348,23.198,96.915,37.435,69.991,shibboleth/models/scandinavian/iter7/model_fold8/lime_results+wl.txt,1022019206.0,0.0,0.7,scandinavian,lime_token.jsonl
/scratch/project_2006235/shibboleth/models/scandinavian/iter7/model_fold8/ig_token.jsonl,/scratch/project_2005047/shibboleth/data/scandinavian/iter_folds/iter7/dev_iter7_fold8_features.jsonl,11834,14.812,19.502,82.743,31.564,59.751,shibboleth/models/scandinavian/iter7/model_fold8/ig_results+wl.txt,873470114.0,0.0,0.598,scandinavian,ig_token.jsonl
/scratch/project_2006235/shibboleth/models/scandinavian/iter7/model_fold4/shap_token.jsonl,/scratch/project_2005047/shibboleth/data/scandinavian/iter_folds/iter7/dev_iter7_fold4_features.jsonl,11836,17.594,21.912,95.763,35.663,71.719,shibboleth/models/scandinavian/iter7/model_fold4/shap_results+wl.txt,1075723256.0,0.0,0.717,scandinavian,shap_token.jsonl
/scratch/project_2006235/shibboleth/models/scandinavian/iter7/model_fold4/loo_token.jsonl,/scratch/project_2005047/shibboleth/data/scandinavian/iter_folds/iter7/dev_iter7_fold4_features.jsonl,11836,4.849,17.752,26.391,21.226,49.785,shibboleth/models/scandinavian/iter7/model_fold4/loo_results+wl.txt,746733547.0,0.8382,0.498,scandinavian,loo_token.jsonl
/scratch/project_2006235/shibboleth/models/scandinavian/iter7/model_fold4/lime_token.jsonl,/scratch/project_2005047/shibboleth/data/scandinavian/iter_folds/iter7/dev_iter7_fold4_features.jsonl,11836,17.838,23.665,97.09,38.054,68.641,shibboleth/models/scandinavian/iter7/model_fold4/lime_results+wl.txt,1029708566.0,0.0,0.686,scandinavian,lime_token.jsonl
/scratch/project_2006235/shibboleth/models/scandinavian/iter7/model_fold4/ig_token.jsonl,/scratch/project_2005047/shibboleth/data/scandinavian/iter_folds/iter7/dev_iter7_fold4_features.jsonl,11836,15.687,19.526,85.385,31.783,60.487,shibboleth/models/scandinavian/iter7/model_fold4/ig_results+wl.txt,907247338.0,0.0,0.605,scandinavian,ig_token.jsonl
/scratch/project_2006235/shibboleth/models/scandinavian/iter7/model_fold7/shap_token.jsonl,/scratch/project_2005047/shibboleth/data/scandinavian/iter_folds/iter7/dev_iter7_fold7_features.jsonl,11834,17.513,21.779,95.523,35.471,71.096,shibboleth/models/scandinavian/iter7/model_fold7/shap_results+wl.txt,1035912681.0,0.0,0.711,scandinavian,shap_token.jsonl
/scratch/project_2006235/shibboleth/models/scandinavian/iter7/model_fold7/loo_token.jsonl,/scratch/project_2005047/shibboleth/data/scandinavian/iter_folds/iter7/dev_iter7_fold7_features.jsonl,11834,14.94,20.317,81.485,32.524,57.197,shibboleth/models/scandinavian/iter7/model_fold7/loo_results+wl.txt,833391086.0,1.032e-202,0.572,scandinavian,loo_token.jsonl
/scratch/project_2006235/shibboleth/models/scandinavian/iter7/model_fold7/lime_token.jsonl,/scratch/project_2005047/shibboleth/data/scandinavian/iter_folds/iter7/dev_iter7_fold7_features.jsonl,11834,17.795,23.63,97.06,38.006,68.745,shibboleth/models/scandinavian/iter7/model_fold7/lime_results+wl.txt,1000696892.0,0.0,0.687,scandinavian,lime_token.jsonl
/scratch/project_2006235/shibboleth/models/scandinavian/iter7/model_fold7/ig_token.jsonl,/scratch/project_2005047/shibboleth/data/scandinavian/iter_folds/iter7/dev_iter7_fold7_features.jsonl,11834,15.338,19.489,83.657,31.613,59.732,shibboleth/models/scandinavian/iter7/model_fold7/ig_results+wl.txt,870324875.5,0.0,0.597,scandinavian,ig_token.jsonl
/scratch/project_2006235/shibboleth/models/scandinavian/iter7/model_fold3/shap_token.jsonl,/scratch/project_2005047/shibboleth/data/scandinavian/iter_folds/iter7/dev_iter7_fold3_features.jsonl,11836,17.562,21.869,95.451,35.584,70.581,shibboleth/models/scandinavian/iter7/model_fold3/shap_results+wl.txt,1036491857.5,0.0,0.706,scandinavian,shap_token.jsonl
/scratch/project_2006235/shibboleth/models/scandinavian/iter7/model_fold3/loo_token.jsonl,/scratch/project_2005047/shibboleth/data/scandinavian/iter_folds/iter7/dev_iter7_fold3_features.jsonl,11836,8.879,20.868,48.256,29.136,53.71,shibboleth/models/scandinavian/iter7/model_fold3/loo_results+wl.txt,788738867.0,3.517e-58,0.537,scandinavian,loo_token.jsonl
/scratch/project_2006235/shibboleth/models/scandinavian/iter7/model_fold3/lime_token.jsonl,/scratch/project_2005047/shibboleth/data/scandinavian/iter_folds/iter7/dev_iter7_fold3_features.jsonl,11836,17.815,23.79,96.825,38.195,68.203,shibboleth/models/scandinavian/iter7/model_fold3/lime_results+wl.txt,1001204623.0,0.0,0.682,scandinavian,lime_token.jsonl
/scratch/project_2006235/shibboleth/models/scandinavian/iter7/model_fold3/ig_token.jsonl,/scratch/project_2005047/shibboleth/data/scandinavian/iter_folds/iter7/dev_iter7_fold3_features.jsonl,11836,16.109,19.722,87.552,32.193,60.666,shibboleth/models/scandinavian/iter7/model_fold3/ig_results+wl.txt,890880581.5,0.0,0.607,scandinavian,ig_token.jsonl
/scratch/project_2006235/shibboleth/models/scandinavian/iter7/model_fold9/shap_token.jsonl,/scratch/project_2005047/shibboleth/data/scandinavian/iter_folds/iter7/dev_iter7_fold9_features.jsonl,11833,17.686,21.874,96.873,35.689,72.135,shibboleth/models/scandinavian/iter7/model_fold9/shap_results+wl.txt,1056962447.0,0.0,0.721,scandinavian,shap_token.jsonl
/scratch/project_2006235/shibboleth/models/scandinavian/iter7/model_fold9/loo_token.jsonl,/scratch/project_2005047/shibboleth/data/scandinavian/iter_folds/iter7/dev_iter7_fold9_features.jsonl,11833,7.513,21.33,41.151,28.097,56.188,shibboleth/models/scandinavian/iter7/model_fold9/loo_results+wl.txt,823295063.5,5.044e-159,0.562,scandinavian,loo_token.jsonl
/scratch/project_2006235/shibboleth/models/scandinavian/iter7/model_fold9/lime_token.jsonl,/scratch/project_2005047/shibboleth/data/scandinavian/iter_folds/iter7/dev_iter7_fold9_features.jsonl,11833,17.664,23.555,96.751,37.887,66.227,shibboleth/models/scandinavian/iter7/model_fold9/lime_results+wl.txt,970000386.0,0.0,0.662,scandinavian,lime_token.jsonl
/scratch/project_2006235/shibboleth/models/scandinavian/iter7/model_fold9/ig_token.jsonl,/scratch/project_2005047/shibboleth/data/scandinavian/iter_folds/iter7/dev_iter7_fold9_features.jsonl,11833,15.99,20.787,87.585,33.599,63.222,shibboleth/models/scandinavian/iter7/model_fold9/ig_results+wl.txt,926367665.5,0.0,0.632,scandinavian,ig_token.jsonl
/scratch/project_2006235/shibboleth/models/scandinavian/iter2/model_fold5/shap_token.jsonl,/scratch/project_2005047/shibboleth/data/scandinavian/iter_folds/iter2/dev_iter2_fold5_features.jsonl,11835,17.677,22.068,96.073,35.892,71.508,shibboleth/models/scandinavian/iter2/model_fold5/shap_results+wl.txt,1050485705.0,0.0,0.715,scandinavian,shap_token.jsonl
/scratch/project_2006235/shibboleth/models/scandinavian/iter2/model_fold5/loo_token.jsonl,/scratch/project_2005047/shibboleth/data/scandinavian/iter_folds/iter2/dev_iter2_fold5_features.jsonl,11835,10.868,23.425,59.066,33.547,61.553,shibboleth/models/scandinavian/iter2/model_fold5/loo_results+wl.txt,904244057.0,0.0,0.616,scandinavian,loo_token.jsonl
/scratch/project_2006235/shibboleth/models/scandinavian/iter2/model_fold5/lime_token.jsonl,/scratch/project_2005047/shibboleth/data/scandinavian/iter_folds/iter2/dev_iter2_fold5_features.jsonl,11835,17.758,23.795,96.512,38.177,69.066,shibboleth/models/scandinavian/iter2/model_fold5/lime_results+wl.txt,1013312579.0,0.0,0.691,scandinavian,lime_token.jsonl
/scratch/project_2006235/shibboleth/models/scandinavian/iter2/model_fold5/ig_token.jsonl,/scratch/project_2005047/shibboleth/data/scandinavian/iter_folds/iter2/dev_iter2_fold5_features.jsonl,11835,15.515,20.292,84.323,32.712,60.903,shibboleth/models/scandinavian/iter2/model_fold5/ig_results+wl.txt,894688531.5,0.0,0.609,scandinavian,ig_token.jsonl
/scratch/project_2006235/shibboleth/models/scandinavian/iter2/model_fold2/shap_token.jsonl,/scratch/project_2005047/shibboleth/data/scandinavian/iter_folds/iter2/dev_iter2_fold2_features.jsonl,11837,17.533,21.609,96.067,35.282,71.382,shibboleth/models/scandinavian/iter2/model_fold2/shap_results+wl.txt,1046788855.0,0.0,0.714,scandinavian,shap_token.jsonl
/scratch/project_2006235/shibboleth/models/scandinavian/iter2/model_fold2/loo_token.jsonl,/scratch/project_2005047/shibboleth/data/scandinavian/iter_folds/iter2/dev_iter2_fold2_features.jsonl,11837,6.141,19.617,33.65,24.785,47.394,shibboleth/models/scandinavian/iter2/model_fold2/loo_results+wl.txt,695012377.5,1.0,0.474,scandinavian,loo_token.jsonl
/scratch/project_2006235/shibboleth/models/scandinavian/iter2/model_fold2/lime_token.jsonl,/scratch/project_2005047/shibboleth/data/scandinavian/iter_folds/iter2/dev_iter2_fold2_features.jsonl,11837,17.689,23.562,96.923,37.909,69.161,shibboleth/models/scandinavian/iter2/model_fold2/lime_results+wl.txt,1014091643.0,0.0,0.692,scandinavian,lime_token.jsonl
/scratch/project_2006235/shibboleth/models/scandinavian/iter2/model_fold2/ig_token.jsonl,/scratch/project_2005047/shibboleth/data/scandinavian/iter_folds/iter2/dev_iter2_fold2_features.jsonl,11837,15.768,20.338,86.401,32.925,62.408,shibboleth/models/scandinavian/iter2/model_fold2/ig_results+wl.txt,915189226.0,0.0,0.624,scandinavian,ig_token.jsonl
/scratch/project_2006235/shibboleth/models/scandinavian/iter2/model_fold10/shap_token.jsonl,/scratch/project_2005047/shibboleth/data/scandinavian/iter_folds/iter2/dev_iter2_fold10_features.jsonl,11833,17.431,22.164,95.59,35.984,71.535,shibboleth/models/scandinavian/iter2/model_fold10/shap_results+wl.txt,1052121146.5,0.0,0.715,scandinavian,shap_token.jsonl
/scratch/project_2006235/shibboleth/models/scandinavian/iter2/model_fold10/loo_token.jsonl,/scratch/project_2005047/shibboleth/data/scandinavian/iter_folds/iter2/dev_iter2_fold10_features.jsonl,11833,10.478,24.005,57.465,33.864,59.604,shibboleth/models/scandinavian/iter2/model_fold10/loo_results+wl.txt,876649295.5,0.0,0.596,scandinavian,loo_token.jsonl
/scratch/project_2006235/shibboleth/models/scandinavian/iter2/model_fold10/lime_token.jsonl,/scratch/project_2005047/shibboleth/data/scandinavian/iter_folds/iter2/dev_iter2_fold10_features.jsonl,11833,17.644,23.56,96.76,37.894,67.633,shibboleth/models/scandinavian/iter2/model_fold10/lime_results+wl.txt,994343737.0,0.0,0.676,scandinavian,lime_token.jsonl
/scratch/project_2006235/shibboleth/models/scandinavian/iter2/model_fold10/ig_token.jsonl,/scratch/project_2005047/shibboleth/data/scandinavian/iter_folds/iter2/dev_iter2_fold10_features.jsonl,11833,15.603,19.761,85.568,32.108,59.891,shibboleth/models/scandinavian/iter2/model_fold10/ig_results+wl.txt,880874222.5,0.0,0.599,scandinavian,ig_token.jsonl
/scratch/project_2006235/shibboleth/models/scandinavian/iter2/model_fold1/shap_token.jsonl,/scratch/project_2005047/shibboleth/data/scandinavian/iter_folds/iter2/dev_iter2_fold1_features.jsonl,11837,17.548,22.246,95.967,36.119,71.447,shibboleth/models/scandinavian/iter2/model_fold1/shap_results+wl.txt,1022092762.0,0.0,0.714,scandinavian,shap_token.jsonl
/scratch/project_2006235/shibboleth/models/scandinavian/iter2/model_fold1/loo_token.jsonl,/scratch/project_2005047/shibboleth/data/scandinavian/iter_folds/iter2/dev_iter2_fold1_features.jsonl,11837,6.636,16.816,36.292,22.983,48.92,shibboleth/models/scandinavian/iter2/model_fold1/loo_results+wl.txt,699831161.0,1.0,0.489,scandinavian,loo_token.jsonl
/scratch/project_2006235/shibboleth/models/scandinavian/iter2/model_fold1/lime_token.jsonl,/scratch/project_2005047/shibboleth/data/scandinavian/iter_folds/iter2/dev_iter2_fold1_features.jsonl,11837,17.738,23.482,97.006,37.811,66.9,shibboleth/models/scandinavian/iter2/model_fold1/lime_results+wl.txt,956370755.0,0.0,0.669,scandinavian,lime_token.jsonl
/scratch/project_2006235/shibboleth/models/scandinavian/iter2/model_fold1/ig_token.jsonl,/scratch/project_2005047/shibboleth/data/scandinavian/iter_folds/iter2/dev_iter2_fold1_features.jsonl,11837,14.424,19.13,78.885,30.792,57.651,shibboleth/models/scandinavian/iter2/model_fold1/ig_results+wl.txt,824731614.0,1.22e-225,0.577,scandinavian,ig_token.jsonl
/scratch/project_2006235/shibboleth/models/scandinavian/iter2/model_fold6/shap_token.jsonl,/scratch/project_2005047/shibboleth/data/scandinavian/iter_folds/iter2/dev_iter2_fold6_features.jsonl,11835,17.765,21.448,96.792,35.115,68.771,shibboleth/models/scandinavian/iter2/model_fold6/shap_results+wl.txt,1019963273.5,0.0,0.688,scandinavian,shap_token.jsonl
/scratch/project_2006235/shibboleth/models/scandinavian/iter2/model_fold6/loo_token.jsonl,/scratch/project_2005047/shibboleth/data/scandinavian/iter_folds/iter2/dev_iter2_fold6_features.jsonl,11835,5.14,17.33,28.007,21.411,51.561,shibboleth/models/scandinavian/iter2/model_fold6/loo_results+wl.txt,764715566.5,6.176e-13,0.516,scandinavian,loo_token.jsonl
/scratch/project_2006235/shibboleth/models/scandinavian/iter2/model_fold6/lime_token.jsonl,/scratch/project_2005047/shibboleth/data/scandinavian/iter_folds/iter2/dev_iter2_fold6_features.jsonl,11835,17.817,23.872,97.077,38.32,69.043,shibboleth/models/scandinavian/iter2/model_fold6/lime_results+wl.txt,1023228890.0,0.0,0.69,scandinavian,lime_token.jsonl
/scratch/project_2006235/shibboleth/models/scandinavian/iter2/model_fold6/ig_token.jsonl,/scratch/project_2005047/shibboleth/data/scandinavian/iter_folds/iter2/dev_iter2_fold6_features.jsonl,11835,15.812,19.284,86.15,31.513,59.436,shibboleth/models/scandinavian/iter2/model_fold6/ig_results+wl.txt,881502075.5,0.0,0.594,scandinavian,ig_token.jsonl
/scratch/project_2006235/shibboleth/models/scandinavian/iter2/model_fold8/shap_token.jsonl,/scratch/project_2005047/shibboleth/data/scandinavian/iter_folds/iter2/dev_iter2_fold8_features.jsonl,11834,17.729,21.794,96.965,35.588,68.798,shibboleth/models/scandinavian/iter2/model_fold8/shap_results+wl.txt,1019859576.0,0.0,0.688,scandinavian,shap_token.jsonl
/scratch/project_2006235/shibboleth/models/scandinavian/iter2/model_fold8/loo_token.jsonl,/scratch/project_2005047/shibboleth/data/scandinavian/iter_folds/iter2/dev_iter2_fold8_features.jsonl,11834,5.293,18.674,28.949,22.703,51.012,shibboleth/models/scandinavian/iter2/model_fold8/loo_results+wl.txt,756200131.0,2.412e-06,0.51,scandinavian,loo_token.jsonl
/scratch/project_2006235/shibboleth/models/scandinavian/iter2/model_fold8/lime_token.jsonl,/scratch/project_2005047/shibboleth/data/scandinavian/iter_folds/iter2/dev_iter2_fold8_features.jsonl,11834,17.741,23.721,97.03,38.122,69.622,shibboleth/models/scandinavian/iter2/model_fold8/lime_results+wl.txt,1031523080.0,0.0,0.696,scandinavian,lime_token.jsonl
/scratch/project_2006235/shibboleth/models/scandinavian/iter2/model_fold8/ig_token.jsonl,/scratch/project_2005047/shibboleth/data/scandinavian/iter_folds/iter2/dev_iter2_fold8_features.jsonl,11834,15.598,19.028,85.311,31.115,59.054,shibboleth/models/scandinavian/iter2/model_fold8/ig_results+wl.txt,875417217.5,0.0,0.591,scandinavian,ig_token.jsonl
/scratch/project_2006235/shibboleth/models/scandinavian/iter2/model_fold4/shap_token.jsonl,/scratch/project_2005047/shibboleth/data/scandinavian/iter_folds/iter2/dev_iter2_fold4_features.jsonl,11836,17.483,22.208,95.578,36.041,72.395,shibboleth/models/scandinavian/iter2/model_fold4/shap_results+wl.txt,1060083967.0,0.0,0.724,scandinavian,shap_token.jsonl
/scratch/project_2006235/shibboleth/models/scandinavian/iter2/model_fold4/loo_token.jsonl,/scratch/project_2005047/shibboleth/data/scandinavian/iter_folds/iter2/dev_iter2_fold4_features.jsonl,11836,6.711,22.845,36.69,28.157,58.173,shibboleth/models/scandinavian/iter2/model_fold4/loo_results+wl.txt,851829981.0,1.974e-301,0.582,scandinavian,loo_token.jsonl
/scratch/project_2006235/shibboleth/models/scandinavian/iter2/model_fold4/lime_token.jsonl,/scratch/project_2005047/shibboleth/data/scandinavian/iter_folds/iter2/dev_iter2_fold4_features.jsonl,11836,17.765,23.54,97.118,37.895,69.118,shibboleth/models/scandinavian/iter2/model_fold4/lime_results+wl.txt,1011341153.0,0.0,0.691,scandinavian,lime_token.jsonl
/scratch/project_2006235/shibboleth/models/scandinavian/iter2/model_fold4/ig_token.jsonl,/scratch/project_2005047/shibboleth/data/scandinavian/iter_folds/iter2/dev_iter2_fold4_features.jsonl,11836,15.973,19.833,87.325,32.325,61.624,shibboleth/models/scandinavian/iter2/model_fold4/ig_results+wl.txt,902365149.5,0.0,0.616,scandinavian,ig_token.jsonl
/scratch/project_2006235/shibboleth/models/scandinavian/iter2/model_fold7/shap_token.jsonl,/scratch/project_2005047/shibboleth/data/scandinavian/iter_folds/iter2/dev_iter2_fold7_features.jsonl,11834,17.745,21.943,96.18,35.733,71.438,shibboleth/models/scandinavian/iter2/model_fold7/shap_results+wl.txt,1041115335.0,0.0,0.714,scandinavian,shap_token.jsonl
/scratch/project_2006235/shibboleth/models/scandinavian/iter2/model_fold7/loo_token.jsonl,/scratch/project_2005047/shibboleth/data/scandinavian/iter_folds/iter2/dev_iter2_fold7_features.jsonl,11834,11.933,22.262,64.678,33.123,59.79,shibboleth/models/scandinavian/iter2/model_fold7/loo_results+wl.txt,871366175.5,0.0,0.598,scandinavian,loo_token.jsonl
/scratch/project_2006235/shibboleth/models/scandinavian/iter2/model_fold7/lime_token.jsonl,/scratch/project_2005047/shibboleth/data/scandinavian/iter_folds/iter2/dev_iter2_fold7_features.jsonl,11834,17.877,23.91,96.895,38.355,69.193,shibboleth/models/scandinavian/iter2/model_fold7/lime_results+wl.txt,1007587720.0,0.0,0.692,scandinavian,lime_token.jsonl
/scratch/project_2006235/shibboleth/models/scandinavian/iter2/model_fold7/ig_token.jsonl,/scratch/project_2005047/shibboleth/data/scandinavian/iter_folds/iter2/dev_iter2_fold7_features.jsonl,11834,15.908,19.999,86.222,32.467,60.603,shibboleth/models/scandinavian/iter2/model_fold7/ig_results+wl.txt,883217234.5,0.0,0.606,scandinavian,ig_token.jsonl
/scratch/project_2006235/shibboleth/models/scandinavian/iter2/model_fold3/shap_token.jsonl,/scratch/project_2005047/shibboleth/data/scandinavian/iter_folds/iter2/dev_iter2_fold3_features.jsonl,11836,17.619,22.077,95.757,35.881,72.067,shibboleth/models/scandinavian/iter2/model_fold3/shap_results+wl.txt,1049282450.5,0.0,0.721,scandinavian,shap_token.jsonl
/scratch/project_2006235/shibboleth/models/scandinavian/iter2/model_fold3/loo_token.jsonl,/scratch/project_2005047/shibboleth/data/scandinavian/iter_folds/iter2/dev_iter2_fold3_features.jsonl,11836,11.733,23.937,63.768,34.808,61.355,shibboleth/models/scandinavian/iter2/model_fold3/loo_results+wl.txt,893319409.0,0.0,0.614,scandinavian,loo_token.jsonl
/scratch/project_2006235/shibboleth/models/scandinavian/iter2/model_fold3/lime_token.jsonl,/scratch/project_2005047/shibboleth/data/scandinavian/iter_folds/iter2/dev_iter2_fold3_features.jsonl,11836,17.731,23.759,96.37,38.12,69.126,shibboleth/models/scandinavian/iter2/model_fold3/lime_results+wl.txt,1006262173.0,0.0,0.691,scandinavian,lime_token.jsonl
/scratch/project_2006235/shibboleth/models/scandinavian/iter2/model_fold3/ig_token.jsonl,/scratch/project_2005047/shibboleth/data/scandinavian/iter_folds/iter2/dev_iter2_fold3_features.jsonl,11836,15.832,19.606,86.047,31.936,59.493,shibboleth/models/scandinavian/iter2/model_fold3/ig_results+wl.txt,866204389.5,0.0,0.595,scandinavian,ig_token.jsonl
/scratch/project_2006235/shibboleth/models/scandinavian/iter2/model_fold9/shap_token.jsonl,/scratch/project_2005047/shibboleth/data/scandinavian/iter_folds/iter2/dev_iter2_fold9_features.jsonl,11833,17.388,21.453,96.084,35.075,72.405,shibboleth/models/scandinavian/iter2/model_fold9/shap_results+wl.txt,1049019953.5,0.0,0.724,scandinavian,shap_token.jsonl
/scratch/project_2006235/shibboleth/models/scandinavian/iter2/model_fold9/loo_token.jsonl,/scratch/project_2005047/shibboleth/data/scandinavian/iter_folds/iter2/dev_iter2_fold9_features.jsonl,11833,11.521,22.006,63.663,32.707,60.041,shibboleth/models/scandinavian/iter2/model_fold9/loo_results+wl.txt,869881472.0,0.0,0.6,scandinavian,loo_token.jsonl
/scratch/project_2006235/shibboleth/models/scandinavian/iter2/model_fold9/lime_token.jsonl,/scratch/project_2005047/shibboleth/data/scandinavian/iter_folds/iter2/dev_iter2_fold9_features.jsonl,11833,17.478,23.339,96.581,37.593,68.521,shibboleth/models/scandinavian/iter2/model_fold9/lime_results+wl.txt,991954667.0,0.0,0.685,scandinavian,lime_token.jsonl
/scratch/project_2006235/shibboleth/models/scandinavian/iter2/model_fold9/ig_token.jsonl,/scratch/project_2005047/shibboleth/data/scandinavian/iter_folds/iter2/dev_iter2_fold9_features.jsonl,11833,15.488,19.337,85.586,31.547,60.482,shibboleth/models/scandinavian/iter2/model_fold9/ig_results+wl.txt,876275116.5,0.0,0.605,scandinavian,ig_token.jsonl
/scratch/project_2006235/shibboleth/models/scandinavian/iter3/model_fold5/shap_token.jsonl,/scratch/project_2005047/shibboleth/data/scandinavian/iter_folds/iter3/dev_iter3_fold5_features.jsonl,11835,17.448,22.189,95.584,36.017,74.103,shibboleth/models/scandinavian/iter3/model_fold5/shap_results+wl.txt,1093556547.5,0.0,0.741,scandinavian,shap_token.jsonl
/scratch/project_2006235/shibboleth/models/scandinavian/iter3/model_fold5/loo_token.jsonl,/scratch/project_2005047/shibboleth/data/scandinavian/iter_folds/iter3/dev_iter3_fold5_features.jsonl,11835,5.418,20.89,29.681,24.521,54.056,shibboleth/models/scandinavian/iter3/model_fold5/loo_results+wl.txt,797719434.0,8.326e-76,0.541,scandinavian,loo_token.jsonl
/scratch/project_2006235/shibboleth/models/scandinavian/iter3/model_fold5/lime_token.jsonl,/scratch/project_2005047/shibboleth/data/scandinavian/iter_folds/iter3/dev_iter3_fold5_features.jsonl,11835,17.716,23.465,97.048,37.792,68.692,shibboleth/models/scandinavian/iter3/model_fold5/lime_results+wl.txt,1013160129.0,0.0,0.687,scandinavian,lime_token.jsonl
/scratch/project_2006235/shibboleth/models/scandinavian/iter3/model_fold5/ig_token.jsonl,/scratch/project_2005047/shibboleth/data/scandinavian/iter_folds/iter3/dev_iter3_fold5_features.jsonl,11835,15.267,19.221,83.634,31.259,58.576,shibboleth/models/scandinavian/iter3/model_fold5/ig_results+wl.txt,864419730.5,4.089e-287,0.586,scandinavian,ig_token.jsonl
/scratch/project_2006235/shibboleth/models/scandinavian/iter3/model_fold2/shap_token.jsonl,/scratch/project_2005047/shibboleth/data/scandinavian/iter_folds/iter3/dev_iter3_fold2_features.jsonl,11837,17.866,21.712,96.937,35.478,69.475,shibboleth/models/scandinavian/iter3/model_fold2/shap_results+wl.txt,1045606443.0,0.0,0.695,scandinavian,shap_token.jsonl
/scratch/project_2006235/shibboleth/models/scandinavian/iter3/model_fold2/loo_token.jsonl,/scratch/project_2005047/shibboleth/data/scandinavian/iter_folds/iter3/dev_iter3_fold2_features.jsonl,11837,6.98,20.08,37.874,26.246,50.826,shibboleth/models/scandinavian/iter3/model_fold2/loo_results+wl.txt,764928637.5,0.0001315,0.508,scandinavian,loo_token.jsonl
/scratch/project_2006235/shibboleth/models/scandinavian/iter3/model_fold2/lime_token.jsonl,/scratch/project_2005047/shibboleth/data/scandinavian/iter_folds/iter3/dev_iter3_fold2_features.jsonl,11837,17.845,23.595,96.824,37.943,66.922,shibboleth/models/scandinavian/iter3/model_fold2/lime_results+wl.txt,1006720596.0,0.0,0.669,scandinavian,lime_token.jsonl
/scratch/project_2006235/shibboleth/models/scandinavian/iter3/model_fold2/ig_token.jsonl,/scratch/project_2005047/shibboleth/data/scandinavian/iter_folds/iter3/dev_iter3_fold2_features.jsonl,11837,15.158,19.22,82.247,31.159,57.409,shibboleth/models/scandinavian/iter3/model_fold2/ig_results+wl.txt,864010679.0,8.282e-218,0.574,scandinavian,ig_token.jsonl
/scratch/project_2006235/shibboleth/models/scandinavian/iter3/model_fold10/shap_token.jsonl,/scratch/project_2005047/shibboleth/data/scandinavian/iter_folds/iter3/dev_iter3_fold10_features.jsonl,11833,17.581,22.153,95.226,35.944,69.824,shibboleth/models/scandinavian/iter3/model_fold10/shap_results+wl.txt,1030127492.5,0.0,0.698,scandinavian,shap_token.jsonl
/scratch/project_2006235/shibboleth/models/scandinavian/iter3/model_fold10/loo_token.jsonl,/scratch/project_2005047/shibboleth/data/scandinavian/iter_folds/iter3/dev_iter3_fold10_features.jsonl,11833,10.127,24.669,54.854,34.032,60.146,shibboleth/models/scandinavian/iter3/model_fold10/loo_results+wl.txt,887336479.5,0.0,0.601,scandinavian,loo_token.jsonl
/scratch/project_2006235/shibboleth/models/scandinavian/iter3/model_fold10/lime_token.jsonl,/scratch/project_2005047/shibboleth/data/scandinavian/iter_folds/iter3/dev_iter3_fold10_features.jsonl,11833,17.804,23.743,96.434,38.104,64.627,shibboleth/models/scandinavian/iter3/model_fold10/lime_results+wl.txt,952371116.0,0.0,0.646,scandinavian,lime_token.jsonl
/scratch/project_2006235/shibboleth/models/scandinavian/iter3/model_fold10/ig_token.jsonl,/scratch/project_2005047/shibboleth/data/scandinavian/iter_folds/iter3/dev_iter3_fold10_features.jsonl,11833,15.181,19.371,82.226,31.355,57.027,shibboleth/models/scandinavian/iter3/model_fold10/ig_results+wl.txt,841321973.5,2.341e-194,0.57,scandinavian,ig_token.jsonl
/scratch/project_2006235/shibboleth/models/scandinavian/iter3/model_fold1/shap_token.jsonl,/scratch/project_2005047/shibboleth/data/scandinavian/iter_folds/iter3/dev_iter3_fold1_features.jsonl,11837,17.82,22.315,96.198,36.227,69.699,shibboleth/models/scandinavian/iter3/model_fold1/shap_results+wl.txt,1032895647.0,0.0,0.697,scandinavian,shap_token.jsonl
/scratch/project_2006235/shibboleth/models/scandinavian/iter3/model_fold1/loo_token.jsonl,/scratch/project_2005047/shibboleth/data/scandinavian/iter_folds/iter3/dev_iter3_fold1_features.jsonl,11837,5.356,16.071,28.915,20.659,49.074,shibboleth/models/scandinavian/iter3/model_fold1/loo_results+wl.txt,727239742.0,1.0,0.491,scandinavian,loo_token.jsonl
/scratch/project_2006235/shibboleth/models/scandinavian/iter3/model_fold1/lime_token.jsonl,/scratch/project_2005047/shibboleth/data/scandinavian/iter_folds/iter3/dev_iter3_fold1_features.jsonl,11837,17.95,23.953,96.901,38.411,68.666,shibboleth/models/scandinavian/iter3/model_fold1/lime_results+wl.txt,1016393592.0,0.0,0.687,scandinavian,lime_token.jsonl
/scratch/project_2006235/shibboleth/models/scandinavian/iter3/model_fold1/ig_token.jsonl,/scratch/project_2005047/shibboleth/data/scandinavian/iter_folds/iter3/dev_iter3_fold1_features.jsonl,11837,15.079,20.392,81.401,32.614,59.201,shibboleth/models/scandinavian/iter3/model_fold1/ig_results+wl.txt,877319566.0,0.0,0.592,scandinavian,ig_token.jsonl
/scratch/project_2006235/shibboleth/models/scandinavian/iter3/model_fold6/shap_token.jsonl,/scratch/project_2005047/shibboleth/data/scandinavian/iter_folds/iter3/dev_iter3_fold6_features.jsonl,11835,17.593,20.976,96.838,34.483,69.434,shibboleth/models/scandinavian/iter3/model_fold6/shap_results+wl.txt,990503658.0,0.0,0.694,scandinavian,shap_token.jsonl
/scratch/project_2006235/shibboleth/models/scandinavian/iter3/model_fold6/loo_token.jsonl,/scratch/project_2005047/shibboleth/data/scandinavian/iter_folds/iter3/dev_iter3_fold6_features.jsonl,11835,8.724,22.441,48.02,30.587,57.641,shibboleth/models/scandinavian/iter3/model_fold6/loo_results+wl.txt,822270298.5,4.475e-245,0.576,scandinavian,loo_token.jsonl
/scratch/project_2006235/shibboleth/models/scandinavian/iter3/model_fold6/lime_token.jsonl,/scratch/project_2005047/shibboleth/data/scandinavian/iter_folds/iter3/dev_iter3_fold6_features.jsonl,11835,17.633,23.682,97.063,38.075,70.939,shibboleth/models/scandinavian/iter3/model_fold6/lime_results+wl.txt,1012332667.0,0.0,0.709,scandinavian,lime_token.jsonl
/scratch/project_2006235/shibboleth/models/scandinavian/iter3/model_fold6/ig_token.jsonl,/scratch/project_2005047/shibboleth/data/scandinavian/iter_folds/iter3/dev_iter3_fold6_features.jsonl,11835,15.745,19.425,86.668,31.737,60.337,shibboleth/models/scandinavian/iter3/model_fold6/ig_results+wl.txt,860727756.0,0.0,0.603,scandinavian,ig_token.jsonl
/scratch/project_2006235/shibboleth/models/scandinavian/iter3/model_fold8/shap_token.jsonl,/scratch/project_2005047/shibboleth/data/scandinavian/iter_folds/iter3/dev_iter3_fold8_features.jsonl,11834,17.539,21.846,96.221,35.607,72.906,shibboleth/models/scandinavian/iter3/model_fold8/shap_results+wl.txt,1070229201.5,0.0,0.729,scandinavian,shap_token.jsonl
/scratch/project_2006235/shibboleth/models/scandinavian/iter3/model_fold8/loo_token.jsonl,/scratch/project_2005047/shibboleth/data/scandinavian/iter_folds/iter3/dev_iter3_fold8_features.jsonl,11834,11.117,20.599,60.99,30.796,56.446,shibboleth/models/scandinavian/iter3/model_fold8/loo_results+wl.txt,828610453.5,2.714e-164,0.564,scandinavian,loo_token.jsonl
/scratch/project_2006235/shibboleth/models/scandinavian/iter3/model_fold8/lime_token.jsonl,/scratch/project_2005047/shibboleth/data/scandinavian/iter_folds/iter3/dev_iter3_fold8_features.jsonl,11834,17.647,23.762,96.812,38.158,69.65,shibboleth/models/scandinavian/iter3/model_fold8/lime_results+wl.txt,1021844552.0,0.0,0.697,scandinavian,lime_token.jsonl
/scratch/project_2006235/shibboleth/models/scandinavian/iter3/model_fold8/ig_token.jsonl,/scratch/project_2005047/shibboleth/data/scandinavian/iter_folds/iter3/dev_iter3_fold8_features.jsonl,11834,15.374,19.994,84.341,32.325,61.599,shibboleth/models/scandinavian/iter3/model_fold8/ig_results+wl.txt,904249304.5,0.0,0.616,scandinavian,ig_token.jsonl
/scratch/project_2006235/shibboleth/models/scandinavian/iter3/model_fold4/shap_token.jsonl,/scratch/project_2005047/shibboleth/data/scandinavian/iter_folds/iter3/dev_iter3_fold4_features.jsonl,11836,17.244,21.434,95.5,35.01,71.122,shibboleth/models/scandinavian/iter3/model_fold4/shap_results+wl.txt,1026937103.5,0.0,0.711,scandinavian,shap_token.jsonl
/scratch/project_2006235/shibboleth/models/scandinavian/iter3/model_fold4/loo_token.jsonl,/scratch/project_2005047/shibboleth/data/scandinavian/iter_folds/iter3/dev_iter3_fold4_features.jsonl,11836,3.984,16.019,22.063,18.562,40.24,shibboleth/models/scandinavian/iter3/model_fold4/loo_results+wl.txt,581036584.0,1.0,0.402,scandinavian,loo_token.jsonl
/scratch/project_2006235/shibboleth/models/scandinavian/iter3/model_fold4/lime_token.jsonl,/scratch/project_2005047/shibboleth/data/scandinavian/iter_folds/iter3/dev_iter3_fold4_features.jsonl,11836,17.474,22.963,96.772,37.118,66.768,shibboleth/models/scandinavian/iter3/model_fold4/lime_results+wl.txt,963412456.0,0.0,0.668,scandinavian,lime_token.jsonl
/scratch/project_2006235/shibboleth/models/scandinavian/iter3/model_fold4/ig_token.jsonl,/scratch/project_2005047/shibboleth/data/scandinavian/iter_folds/iter3/dev_iter3_fold4_features.jsonl,11836,15.565,18.866,86.203,30.957,60.2,shibboleth/models/scandinavian/iter3/model_fold4/ig_results+wl.txt,869232950.0,0.0,0.602,scandinavian,ig_token.jsonl
/scratch/project_2006235/shibboleth/models/scandinavian/iter3/model_fold7/shap_token.jsonl,/scratch/project_2005047/shibboleth/data/scandinavian/iter_folds/iter3/dev_iter3_fold7_features.jsonl,11834,17.532,21.556,95.696,35.186,71.688,shibboleth/models/scandinavian/iter3/model_fold7/shap_results+wl.txt,1051945626.5,0.0,0.717,scandinavian,shap_token.jsonl
/scratch/project_2006235/shibboleth/models/scandinavian/iter3/model_fold7/loo_token.jsonl,/scratch/project_2005047/shibboleth/data/scandinavian/iter_folds/iter3/dev_iter3_fold7_features.jsonl,11834,7.458,20.732,40.71,27.473,55.833,shibboleth/models/scandinavian/iter3/model_fold7/loo_results+wl.txt,819295653.0,8.36e-151,0.558,scandinavian,loo_token.jsonl
/scratch/project_2006235/shibboleth/models/scandinavian/iter3/model_fold7/lime_token.jsonl,/scratch/project_2005047/shibboleth/data/scandinavian/iter_folds/iter3/dev_iter3_fold7_features.jsonl,11834,17.75,23.729,96.887,38.122,69.542,shibboleth/models/scandinavian/iter3/model_fold7/lime_results+wl.txt,1019282651.0,0.0,0.695,scandinavian,lime_token.jsonl
/scratch/project_2006235/shibboleth/models/scandinavian/iter3/model_fold7/ig_token.jsonl,/scratch/project_2005047/shibboleth/data/scandinavian/iter_folds/iter3/dev_iter3_fold7_features.jsonl,11834,16.18,20.139,88.318,32.8,63.618,shibboleth/models/scandinavian/iter3/model_fold7/ig_results+wl.txt,933523324.0,0.0,0.636,scandinavian,ig_token.jsonl
/scratch/project_2006235/shibboleth/models/scandinavian/iter3/model_fold3/shap_token.jsonl,/scratch/project_2005047/shibboleth/data/scandinavian/iter_folds/iter3/dev_iter3_fold3_features.jsonl,11836,17.705,21.77,96.443,35.521,70.811,shibboleth/models/scandinavian/iter3/model_fold3/shap_results+wl.txt,1021217456.0,0.0,0.708,scandinavian,shap_token.jsonl
/scratch/project_2006235/shibboleth/models/scandinavian/iter3/model_fold3/loo_token.jsonl,/scratch/project_2005047/shibboleth/data/scandinavian/iter_folds/iter3/dev_iter3_fold3_features.jsonl,11836,7.634,21.602,41.584,28.433,56.507,shibboleth/models/scandinavian/iter3/model_fold3/loo_results+wl.txt,814937774.0,2.027e-183,0.565,scandinavian,loo_token.jsonl
/scratch/project_2006235/shibboleth/models/scandinavian/iter3/model_fold3/lime_token.jsonl,/scratch/project_2005047/shibboleth/data/scandinavian/iter_folds/iter3/dev_iter3_fold3_features.jsonl,11836,17.746,23.588,96.67,37.923,65.747,shibboleth/models/scandinavian/iter3/model_fold3/lime_results+wl.txt,947705129.0,0.0,0.657,scandinavian,lime_token.jsonl
/scratch/project_2006235/shibboleth/models/scandinavian/iter3/model_fold3/ig_token.jsonl,/scratch/project_2005047/shibboleth/data/scandinavian/iter_folds/iter3/dev_iter3_fold3_features.jsonl,11836,16.13,20.267,87.863,32.937,63.325,shibboleth/models/scandinavian/iter3/model_fold3/ig_results+wl.txt,913257379.5,0.0,0.633,scandinavian,ig_token.jsonl
/scratch/project_2006235/shibboleth/models/scandinavian/iter3/model_fold9/shap_token.jsonl,/scratch/project_2005047/shibboleth/data/scandinavian/iter_folds/iter3/dev_iter3_fold9_features.jsonl,11833,17.424,21.623,95.526,35.264,71.404,shibboleth/models/scandinavian/iter3/model_fold9/shap_results+wl.txt,1030531264.5,0.0,0.714,scandinavian,shap_token.jsonl
/scratch/project_2006235/shibboleth/models/scandinavian/iter3/model_fold9/loo_token.jsonl,/scratch/project_2005047/shibboleth/data/scandinavian/iter_folds/iter3/dev_iter3_fold9_features.jsonl,11833,6.103,20.396,33.46,25.343,48.619,shibboleth/models/scandinavian/iter3/model_fold9/loo_results+wl.txt,701684488.0,1.0,0.486,scandinavian,loo_token.jsonl
/scratch/project_2006235/shibboleth/models/scandinavian/iter3/model_fold9/lime_token.jsonl,/scratch/project_2005047/shibboleth/data/scandinavian/iter_folds/iter3/dev_iter3_fold9_features.jsonl,11833,17.656,23.412,96.802,37.705,68.79,shibboleth/models/scandinavian/iter3/model_fold9/lime_results+wl.txt,992355052.0,0.0,0.688,scandinavian,lime_token.jsonl
/scratch/project_2006235/shibboleth/models/scandinavian/iter3/model_fold9/ig_token.jsonl,/scratch/project_2005047/shibboleth/data/scandinavian/iter_folds/iter3/dev_iter3_fold9_features.jsonl,11833,14.944,19.194,81.933,31.103,57.319,shibboleth/models/scandinavian/iter3/model_fold9/ig_results+wl.txt,827250758.0,2.024e-207,0.573,scandinavian,ig_token.jsonl
/scratch/project_2006235/shibboleth/models/scandinavian/iter8/model_fold5/shap_token.jsonl,/scratch/project_2005047/shibboleth/data/scandinavian/iter_folds/iter8/dev_iter8_fold5_features.jsonl,11835,17.551,22.379,95.438,36.256,72.201,shibboleth/models/scandinavian/iter8/model_fold5/shap_results+wl.txt,1037101341.0,0.0,0.722,scandinavian,shap_token.jsonl
/scratch/project_2006235/shibboleth/models/scandinavian/iter8/model_fold5/loo_token.jsonl,/scratch/project_2005047/shibboleth/data/scandinavian/iter_folds/iter8/dev_iter8_fold5_features.jsonl,11835,8.971,22.824,48.783,31.098,56.828,shibboleth/models/scandinavian/iter8/model_fold5/loo_results+wl.txt,816275801.0,6.991e-200,0.568,scandinavian,loo_token.jsonl
/scratch/project_2006235/shibboleth/models/scandinavian/iter8/model_fold5/lime_token.jsonl,/scratch/project_2005047/shibboleth/data/scandinavian/iter_folds/iter8/dev_iter8_fold5_features.jsonl,11835,17.849,23.63,97.055,38.006,68.802,shibboleth/models/scandinavian/iter8/model_fold5/lime_results+wl.txt,987574811.0,0.0,0.688,scandinavian,lime_token.jsonl
/scratch/project_2006235/shibboleth/models/scandinavian/iter8/model_fold5/ig_token.jsonl,/scratch/project_2005047/shibboleth/data/scandinavian/iter_folds/iter8/dev_iter8_fold5_features.jsonl,11835,15.4,19.53,83.743,31.673,58.796,shibboleth/models/scandinavian/iter8/model_fold5/ig_results+wl.txt,844549129.0,9.732e-299,0.588,scandinavian,ig_token.jsonl
/scratch/project_2006235/shibboleth/models/scandinavian/iter8/model_fold2/shap_token.jsonl,/scratch/project_2005047/shibboleth/data/scandinavian/iter_folds/iter8/dev_iter8_fold2_features.jsonl,11837,17.453,22.483,95.821,36.42,74.147,shibboleth/models/scandinavian/iter8/model_fold2/shap_results+wl.txt,1071261404.0,0.0,0.741,scandinavian,shap_token.jsonl
/scratch/project_2006235/shibboleth/models/scandinavian/iter8/model_fold2/loo_token.jsonl,/scratch/project_2005047/shibboleth/data/scandinavian/iter_folds/iter8/dev_iter8_fold2_features.jsonl,11837,4.847,19.075,26.612,22.222,51.61,shibboleth/models/scandinavian/iter8/model_fold2/loo_results+wl.txt,745646420.0,1.597e-13,0.516,scandinavian,loo_token.jsonl
/scratch/project_2006235/shibboleth/models/scandinavian/iter8/model_fold2/lime_token.jsonl,/scratch/project_2005047/shibboleth/data/scandinavian/iter_folds/iter8/dev_iter8_fold2_features.jsonl,11837,17.676,23.51,97.047,37.851,68.476,shibboleth/models/scandinavian/iter8/model_fold2/lime_results+wl.txt,988852290.0,0.0,0.685,scandinavian,lime_token.jsonl
/scratch/project_2006235/shibboleth/models/scandinavian/iter8/model_fold2/ig_token.jsonl,/scratch/project_2005047/shibboleth/data/scandinavian/iter_folds/iter8/dev_iter8_fold2_features.jsonl,11837,15.728,19.955,86.349,32.418,61.796,shibboleth/models/scandinavian/iter8/model_fold2/ig_results+wl.txt,892820182.0,0.0,0.618,scandinavian,ig_token.jsonl
/scratch/project_2006235/shibboleth/models/scandinavian/iter8/model_fold10/shap_token.jsonl,/scratch/project_2005047/shibboleth/data/scandinavian/iter_folds/iter8/dev_iter8_fold10_features.jsonl,11833,17.249,21.828,94.502,35.464,69.998,shibboleth/models/scandinavian/iter8/model_fold10/shap_results+wl.txt,1032229649.5,0.0,0.7,scandinavian,shap_token.jsonl
/scratch/project_2006235/shibboleth/models/scandinavian/iter8/model_fold10/loo_token.jsonl,/scratch/project_2005047/shibboleth/data/scandinavian/iter_folds/iter8/dev_iter8_fold10_features.jsonl,11833,12.762,19.635,69.917,30.66,54.328,shibboleth/models/scandinavian/iter8/model_fold10/loo_results+wl.txt,801156539.0,5.267e-75,0.543,scandinavian,loo_token.jsonl
/scratch/project_2006235/shibboleth/models/scandinavian/iter8/model_fold10/lime_token.jsonl,/scratch/project_2005047/shibboleth/data/scandinavian/iter_folds/iter8/dev_iter8_fold10_features.jsonl,11833,17.57,23.426,96.26,37.681,68.858,shibboleth/models/scandinavian/iter8/model_fold10/lime_results+wl.txt,1014836682.0,0.0,0.689,scandinavian,lime_token.jsonl
/scratch/project_2006235/shibboleth/models/scandinavian/iter8/model_fold10/ig_token.jsonl,/scratch/project_2005047/shibboleth/data/scandinavian/iter_folds/iter8/dev_iter8_fold10_features.jsonl,11833,15.928,19.513,87.264,31.894,61.694,shibboleth/models/scandinavian/iter8/model_fold10/ig_results+wl.txt,909778448.5,0.0,0.617,scandinavian,ig_token.jsonl
/scratch/project_2006235/shibboleth/models/scandinavian/iter8/model_fold1/shap_token.jsonl,/scratch/project_2005047/shibboleth/data/scandinavian/iter_folds/iter8/dev_iter8_fold1_features.jsonl,11837,17.628,22.634,94.993,36.558,70.578,shibboleth/models/scandinavian/iter8/model_fold1/shap_results+wl.txt,1056479171.0,0.0,0.706,scandinavian,shap_token.jsonl
/scratch/project_2006235/shibboleth/models/scandinavian/iter8/model_fold1/loo_token.jsonl,/scratch/project_2005047/shibboleth/data/scandinavian/iter_folds/iter8/dev_iter8_fold1_features.jsonl,11837,7.061,18.312,38.051,24.725,48.083,shibboleth/models/scandinavian/iter8/model_fold1/loo_results+wl.txt,719750975.5,1.0,0.481,scandinavian,loo_token.jsonl
/scratch/project_2006235/shibboleth/models/scandinavian/iter8/model_fold1/lime_token.jsonl,/scratch/project_2005047/shibboleth/data/scandinavian/iter_folds/iter8/dev_iter8_fold1_features.jsonl,11837,18.005,23.892,97.028,38.343,66.425,shibboleth/models/scandinavian/iter8/model_fold1/lime_results+wl.txt,993737379.0,0.0,0.664,scandinavian,lime_token.jsonl
/scratch/project_2006235/shibboleth/models/scandinavian/iter8/model_fold1/ig_token.jsonl,/scratch/project_2005047/shibboleth/data/scandinavian/iter_folds/iter8/dev_iter8_fold1_features.jsonl,11837,15.994,19.832,86.192,32.245,60.37,shibboleth/models/scandinavian/iter8/model_fold1/ig_results+wl.txt,903665860.0,0.0,0.604,scandinavian,ig_token.jsonl
/scratch/project_2006235/shibboleth/models/scandinavian/iter8/model_fold6/shap_token.jsonl,/scratch/project_2005047/shibboleth/data/scandinavian/iter_folds/iter8/dev_iter8_fold6_features.jsonl,11835,17.507,22.059,95.335,35.828,71.726,shibboleth/models/scandinavian/iter8/model_fold6/shap_results+wl.txt,1055057208.5,0.0,0.717,scandinavian,shap_token.jsonl
/scratch/project_2006235/shibboleth/models/scandinavian/iter8/model_fold6/loo_token.jsonl,/scratch/project_2005047/shibboleth/data/scandinavian/iter_folds/iter8/dev_iter8_fold6_features.jsonl,11835,4.456,18.627,24.266,21.076,50.517,shibboleth/models/scandinavian/iter8/model_fold6/loo_results+wl.txt,743086062.5,0.009668,0.505,scandinavian,loo_token.jsonl
/scratch/project_2006235/shibboleth/models/scandinavian/iter8/model_fold6/lime_token.jsonl,/scratch/project_2005047/shibboleth/data/scandinavian/iter_folds/iter8/dev_iter8_fold6_features.jsonl,11835,17.779,23.632,96.813,37.991,68.272,shibboleth/models/scandinavian/iter8/model_fold6/lime_results+wl.txt,1004006981.0,0.0,0.683,scandinavian,lime_token.jsonl
/scratch/project_2006235/shibboleth/models/scandinavian/iter8/model_fold6/ig_token.jsonl,/scratch/project_2005047/shibboleth/data/scandinavian/iter_folds/iter8/dev_iter8_fold6_features.jsonl,11835,16.062,20.279,87.466,32.924,61.976,shibboleth/models/scandinavian/iter8/model_fold6/ig_results+wl.txt,911641668.0,0.0,0.62,scandinavian,ig_token.jsonl
/scratch/project_2006235/shibboleth/models/scandinavian/iter8/model_fold8/shap_token.jsonl,/scratch/project_2005047/shibboleth/data/scandinavian/iter_folds/iter8/dev_iter8_fold8_features.jsonl,11834,17.332,21.819,94.856,35.477,70.594,shibboleth/models/scandinavian/iter8/model_fold8/shap_results+wl.txt,1033411508.5,0.0,0.706,scandinavian,shap_token.jsonl
/scratch/project_2006235/shibboleth/models/scandinavian/iter8/model_fold8/loo_token.jsonl,/scratch/project_2005047/shibboleth/data/scandinavian/iter_folds/iter8/dev_iter8_fold8_features.jsonl,11834,8.398,20.83,45.958,28.667,51.153,shibboleth/models/scandinavian/iter8/model_fold8/loo_results+wl.txt,748816345.5,3.65e-07,0.512,scandinavian,loo_token.jsonl
/scratch/project_2006235/shibboleth/models/scandinavian/iter8/model_fold8/lime_token.jsonl,/scratch/project_2005047/shibboleth/data/scandinavian/iter_folds/iter8/dev_iter8_fold8_features.jsonl,11834,17.654,23.487,96.619,37.788,69.254,shibboleth/models/scandinavian/iter8/model_fold8/lime_results+wl.txt,1013477609.0,0.0,0.693,scandinavian,lime_token.jsonl
/scratch/project_2006235/shibboleth/models/scandinavian/iter8/model_fold8/ig_token.jsonl,/scratch/project_2005047/shibboleth/data/scandinavian/iter_folds/iter8/dev_iter8_fold8_features.jsonl,11834,15.572,20.617,85.22,33.201,62.37,shibboleth/models/scandinavian/iter8/model_fold8/ig_results+wl.txt,913030088.5,0.0,0.624,scandinavian,ig_token.jsonl
/scratch/project_2006235/shibboleth/models/scandinavian/iter8/model_fold4/shap_token.jsonl,/scratch/project_2005047/shibboleth/data/scandinavian/iter_folds/iter8/dev_iter8_fold4_features.jsonl,11836,17.621,22.179,96.185,36.046,72.439,shibboleth/models/scandinavian/iter8/model_fold4/shap_results+wl.txt,1061651556.0,0.0,0.724,scandinavian,shap_token.jsonl
/scratch/project_2006235/shibboleth/models/scandinavian/iter8/model_fold4/loo_token.jsonl,/scratch/project_2005047/shibboleth/data/scandinavian/iter_folds/iter8/dev_iter8_fold4_features.jsonl,11836,8.186,20.008,44.683,27.64,55.36,shibboleth/models/scandinavian/iter8/model_fold4/loo_results+wl.txt,811347662.0,2.17e-115,0.554,scandinavian,loo_token.jsonl
/scratch/project_2006235/shibboleth/models/scandinavian/iter8/model_fold4/lime_token.jsonl,/scratch/project_2005047/shibboleth/data/scandinavian/iter_folds/iter8/dev_iter8_fold4_features.jsonl,11836,17.796,23.828,97.139,38.268,68.909,shibboleth/models/scandinavian/iter8/model_fold4/lime_results+wl.txt,1009176171.0,0.0,0.689,scandinavian,lime_token.jsonl
/scratch/project_2006235/shibboleth/models/scandinavian/iter8/model_fold4/ig_token.jsonl,/scratch/project_2005047/shibboleth/data/scandinavian/iter_folds/iter8/dev_iter8_fold4_features.jsonl,11836,15.621,20.386,85.269,32.905,60.353,shibboleth/models/scandinavian/iter8/model_fold4/ig_results+wl.txt,884517264.5,0.0,0.604,scandinavian,ig_token.jsonl
/scratch/project_2006235/shibboleth/models/scandinavian/iter8/model_fold7/shap_token.jsonl,/scratch/project_2005047/shibboleth/data/scandinavian/iter_folds/iter8/dev_iter8_fold7_features.jsonl,11834,17.523,21.95,95.807,35.717,72.77,shibboleth/models/scandinavian/iter8/model_fold7/shap_results+wl.txt,1050479291.0,0.0,0.728,scandinavian,shap_token.jsonl
/scratch/project_2006235/shibboleth/models/scandinavian/iter8/model_fold7/loo_token.jsonl,/scratch/project_2005047/shibboleth/data/scandinavian/iter_folds/iter8/dev_iter8_fold7_features.jsonl,11834,11.107,20.264,60.73,30.388,56.403,shibboleth/models/scandinavian/iter8/model_fold7/loo_results+wl.txt,814219893.0,5.001e-162,0.564,scandinavian,loo_token.jsonl
/scratch/project_2006235/shibboleth/models/scandinavian/iter8/model_fold7/lime_token.jsonl,/scratch/project_2005047/shibboleth/data/scandinavian/iter_folds/iter8/dev_iter8_fold7_features.jsonl,11834,17.678,23.544,96.652,37.865,67.362,shibboleth/models/scandinavian/iter8/model_fold7/lime_results+wl.txt,970987601.0,0.0,0.674,scandinavian,lime_token.jsonl
/scratch/project_2006235/shibboleth/models/scandinavian/iter8/model_fold7/ig_token.jsonl,/scratch/project_2005047/shibboleth/data/scandinavian/iter_folds/iter8/dev_iter8_fold7_features.jsonl,11834,15.566,20.234,85.108,32.695,60.206,shibboleth/models/scandinavian/iter8/model_fold7/ig_results+wl.txt,869121782.0,0.0,0.602,scandinavian,ig_token.jsonl
/scratch/project_2006235/shibboleth/models/scandinavian/iter8/model_fold3/shap_token.jsonl,/scratch/project_2005047/shibboleth/data/scandinavian/iter_folds/iter8/dev_iter8_fold3_features.jsonl,11836,17.377,22.462,95.741,36.387,72.085,shibboleth/models/scandinavian/iter8/model_fold3/shap_results+wl.txt,1042665638.0,0.0,0.721,scandinavian,shap_token.jsonl
/scratch/project_2006235/shibboleth/models/scandinavian/iter8/model_fold3/loo_token.jsonl,/scratch/project_2005047/shibboleth/data/scandinavian/iter_folds/iter8/dev_iter8_fold3_features.jsonl,11836,13.818,19.313,76.133,30.81,54.612,shibboleth/models/scandinavian/iter8/model_fold3/loo_results+wl.txt,789935043.0,2.415e-84,0.546,scandinavian,loo_token.jsonl
/scratch/project_2006235/shibboleth/models/scandinavian/iter8/model_fold3/lime_token.jsonl,/scratch/project_2005047/shibboleth/data/scandinavian/iter_folds/iter8/dev_iter8_fold3_features.jsonl,11836,17.584,23.387,96.88,37.679,67.553,shibboleth/models/scandinavian/iter8/model_fold3/lime_results+wl.txt,976323604.0,0.0,0.676,scandinavian,lime_token.jsonl
/scratch/project_2006235/shibboleth/models/scandinavian/iter8/model_fold3/ig_token.jsonl,/scratch/project_2005047/shibboleth/data/scandinavian/iter_folds/iter8/dev_iter8_fold3_features.jsonl,11836,15.309,19.343,84.349,31.47,60.294,shibboleth/models/scandinavian/iter8/model_fold3/ig_results+wl.txt,872116923.0,0.0,0.603,scandinavian,ig_token.jsonl
/scratch/project_2006235/shibboleth/models/scandinavian/iter8/model_fold9/shap_token.jsonl,/scratch/project_2005047/shibboleth/data/scandinavian/iter_folds/iter8/dev_iter8_fold9_features.jsonl,11833,17.587,21.283,96.458,34.871,69.289,shibboleth/models/scandinavian/iter8/model_fold9/shap_results+wl.txt,1029565734.0,0.0,0.693,scandinavian,shap_token.jsonl
/scratch/project_2006235/shibboleth/models/scandinavian/iter8/model_fold9/loo_token.jsonl,/scratch/project_2005047/shibboleth/data/scandinavian/iter_folds/iter8/dev_iter8_fold9_features.jsonl,11833,4.305,18.977,23.611,21.042,49.793,shibboleth/models/scandinavian/iter8/model_fold9/loo_results+wl.txt,739880623.0,0.8301,0.498,scandinavian,loo_token.jsonl
/scratch/project_2006235/shibboleth/models/scandinavian/iter8/model_fold9/lime_token.jsonl,/scratch/project_2005047/shibboleth/data/scandinavian/iter_folds/iter8/dev_iter8_fold9_features.jsonl,11833,17.66,23.569,96.859,37.913,68.49,shibboleth/models/scandinavian/iter8/model_fold9/lime_results+wl.txt,1017260673.0,0.0,0.685,scandinavian,lime_token.jsonl
/scratch/project_2006235/shibboleth/models/scandinavian/iter8/model_fold9/ig_token.jsonl,/scratch/project_2005047/shibboleth/data/scandinavian/iter_folds/iter8/dev_iter8_fold9_features.jsonl,11833,14.853,19.229,81.463,31.114,57.599,shibboleth/models/scandinavian/iter8/model_fold9/ig_results+wl.txt,855862021.5,1.326e-226,0.576,scandinavian,ig_token.jsonl
/scratch/project_2006235/shibboleth/models/bcms_setimes/iter5/model_fold5/shap_token.jsonl,/scratch/project_2005047/explainability/data_groundtruth/bcms/setimes_large/iter_folds/iter5/dev_iter5_fold5_features.jsonl,20439,5.478,8.579,93.756,15.719,77.16,shibboleth/models/bcms_setimes/iter5/model_fold5/shap_results+wl.txt,6449087761.0,0.0,0.772,bcms,shap_token.jsonl
/scratch/project_2006235/shibboleth/models/bcms_setimes/iter5/model_fold5/loo_token.jsonl,/scratch/project_2005047/explainability/data_groundtruth/bcms/setimes_large/iter_folds/iter5/dev_iter5_fold5_features.jsonl,20439,3.403,12.015,58.236,19.92,69.748,shibboleth/models/bcms_setimes/iter5/model_fold5/loo_results+wl.txt,5829578560.5,0.0,0.697,bcms,loo_token.jsonl
/scratch/project_2006235/shibboleth/models/bcms_setimes/iter5/model_fold5/lime_token.jsonl,/scratch/project_2005047/explainability/data_groundtruth/bcms/setimes_large/iter_folds/iter5/dev_iter5_fold5_features.jsonl,20439,5.701,9.332,97.569,17.035,78.528,shibboleth/models/bcms_setimes/iter5/model_fold5/lime_results+wl.txt,6613094531.0,0.0,0.785,bcms,lime_token.jsonl
/scratch/project_2006235/shibboleth/models/bcms_setimes/iter5/model_fold5/ig_token.jsonl,/scratch/project_2005047/explainability/data_groundtruth/bcms/setimes_large/iter_folds/iter5/dev_iter5_fold5_features.jsonl,20439,4.484,7.297,76.733,13.327,65.502,shibboleth/models/bcms_setimes/iter5/model_fold5/ig_results+wl.txt,5474719256.5,0.0,0.655,bcms,ig_token.jsonl
/scratch/project_2006235/shibboleth/models/bcms_setimes/iter5/model_fold2/shap_token.jsonl,/scratch/project_2005047/explainability/data_groundtruth/bcms/setimes_large/iter_folds/iter5/dev_iter5_fold2_features.jsonl,20440,5.625,8.947,93.938,16.337,81.279,shibboleth/models/bcms_setimes/iter5/model_fold2/shap_results+wl.txt,6981359721.5,0.0,0.813,bcms,shap_token.jsonl
/scratch/project_2006235/shibboleth/models/bcms_setimes/iter5/model_fold2/loo_token.jsonl,/scratch/project_2005047/explainability/data_groundtruth/bcms/setimes_large/iter_folds/iter5/dev_iter5_fold2_features.jsonl,20440,4.557,9.373,76.093,16.69,71.754,shibboleth/models/bcms_setimes/iter5/model_fold2/loo_results+wl.txt,6163163780.0,0.0,0.718,bcms,loo_token.jsonl
/scratch/project_2006235/shibboleth/models/bcms_setimes/iter5/model_fold2/lime_token.jsonl,/scratch/project_2005047/explainability/data_groundtruth/bcms/setimes_large/iter_folds/iter5/dev_iter5_fold2_features.jsonl,20440,5.799,9.459,96.848,17.234,80.055,shibboleth/models/bcms_setimes/iter5/model_fold2/lime_results+wl.txt,6932959746.0,0.0,0.801,bcms,lime_token.jsonl
/scratch/project_2006235/shibboleth/models/bcms_setimes/iter5/model_fold2/ig_token.jsonl,/scratch/project_2005047/explainability/data_groundtruth/bcms/setimes_large/iter_folds/iter5/dev_iter5_fold2_features.jsonl,20440,3.789,6.55,63.277,11.872,57.22,shibboleth/models/bcms_setimes/iter5/model_fold2/ig_results+wl.txt,4914846270.0,2.706e-301,0.572,bcms,ig_token.jsonl
/scratch/project_2006235/shibboleth/models/bcms_setimes/iter5/model_fold10/shap_token.jsonl,/scratch/project_2005047/explainability/data_groundtruth/bcms/setimes_large/iter_folds/iter5/dev_iter5_fold10_features.jsonl,20438,5.51,8.453,92.781,15.494,73.579,shibboleth/models/bcms_setimes/iter5/model_fold10/shap_results+wl.txt,6243276442.5,0.0,0.736,bcms,shap_token.jsonl
/scratch/project_2006235/shibboleth/models/bcms_setimes/iter5/model_fold10/loo_token.jsonl,/scratch/project_2005047/explainability/data_groundtruth/bcms/setimes_large/iter_folds/iter5/dev_iter5_fold10_features.jsonl,20438,1.648,4.22,27.754,7.326,37.87,shibboleth/models/bcms_setimes/iter5/model_fold10/loo_results+wl.txt,3213317702.5,1.0,0.379,bcms,loo_token.jsonl
/scratch/project_2006235/shibboleth/models/bcms_setimes/iter5/model_fold10/lime_token.jsonl,/scratch/project_2005047/explainability/data_groundtruth/bcms/setimes_large/iter_folds/iter5/dev_iter5_fold10_features.jsonl,20438,5.537,9.157,93.241,16.676,78.112,shibboleth/models/bcms_setimes/iter5/model_fold10/lime_results+wl.txt,6691156474.0,0.0,0.781,bcms,lime_token.jsonl
/scratch/project_2006235/shibboleth/models/bcms_setimes/iter5/model_fold10/ig_token.jsonl,/scratch/project_2005047/explainability/data_groundtruth/bcms/setimes_large/iter_folds/iter5/dev_iter5_fold10_features.jsonl,20438,3.681,6.63,61.989,11.979,57.303,shibboleth/models/bcms_setimes/iter5/model_fold10/ig_results+wl.txt,4862203837.0,5.318e-305,0.573,bcms,ig_token.jsonl
/scratch/project_2006235/shibboleth/models/bcms_setimes/iter5/model_fold1/shap_token.jsonl,/scratch/project_2005047/explainability/data_groundtruth/bcms/setimes_large/iter_folds/iter5/dev_iter5_fold1_features.jsonl,20440,5.618,8.638,94.673,15.832,75.714,shibboleth/models/bcms_setimes/iter5/model_fold1/shap_results+wl.txt,6484336188.0,0.0,0.757,bcms,shap_token.jsonl
/scratch/project_2006235/shibboleth/models/bcms_setimes/iter5/model_fold1/loo_token.jsonl,/scratch/project_2005047/explainability/data_groundtruth/bcms/setimes_large/iter_folds/iter5/dev_iter5_fold1_features.jsonl,20440,4.745,7.86,79.966,14.313,65.905,shibboleth/models/bcms_setimes/iter5/model_fold1/loo_results+wl.txt,5644282633.0,0.0,0.659,bcms,loo_token.jsonl
/scratch/project_2006235/shibboleth/models/bcms_setimes/iter5/model_fold1/lime_token.jsonl,/scratch/project_2005047/explainability/data_groundtruth/bcms/setimes_large/iter_folds/iter5/dev_iter5_fold1_features.jsonl,20440,5.782,9.415,97.439,17.171,80.691,shibboleth/models/bcms_setimes/iter5/model_fold1/lime_results+wl.txt,6966352331.0,0.0,0.807,bcms,lime_token.jsonl
/scratch/project_2006235/shibboleth/models/bcms_setimes/iter5/model_fold1/ig_token.jsonl,/scratch/project_2005047/explainability/data_groundtruth/bcms/setimes_large/iter_folds/iter5/dev_iter5_fold1_features.jsonl,20440,4.562,7.174,76.888,13.123,64.96,shibboleth/models/bcms_setimes/iter5/model_fold1/ig_results+wl.txt,5563376791.5,0.0,0.65,bcms,ig_token.jsonl
/scratch/project_2006235/shibboleth/models/bcms_setimes/iter5/model_fold6/shap_token.jsonl,/scratch/project_2005047/explainability/data_groundtruth/bcms/setimes_large/iter_folds/iter5/dev_iter5_fold6_features.jsonl,20439,5.561,8.417,93.979,15.45,80.896,shibboleth/models/bcms_setimes/iter5/model_fold6/shap_results+wl.txt,6850744266.5,0.0,0.809,bcms,shap_token.jsonl
/scratch/project_2006235/shibboleth/models/bcms_setimes/iter5/model_fold6/loo_token.jsonl,/scratch/project_2005047/explainability/data_groundtruth/bcms/setimes_large/iter_folds/iter5/dev_iter5_fold6_features.jsonl,20439,4.564,7.725,77.127,14.043,67.735,shibboleth/models/bcms_setimes/iter5/model_fold6/loo_results+wl.txt,5736224838.5,0.0,0.677,bcms,loo_token.jsonl
/scratch/project_2006235/shibboleth/models/bcms_setimes/iter5/model_fold6/lime_token.jsonl,/scratch/project_2005047/explainability/data_groundtruth/bcms/setimes_large/iter_folds/iter5/dev_iter5_fold6_features.jsonl,20439,5.706,9.343,96.432,17.035,79.708,shibboleth/models/bcms_setimes/iter5/model_fold6/lime_results+wl.txt,6808205547.0,0.0,0.797,bcms,lime_token.jsonl
/scratch/project_2006235/shibboleth/models/bcms_setimes/iter5/model_fold6/ig_token.jsonl,/scratch/project_2005047/explainability/data_groundtruth/bcms/setimes_large/iter_folds/iter5/dev_iter5_fold6_features.jsonl,20439,3.765,5.981,63.627,10.934,52.996,shibboleth/models/bcms_setimes/iter5/model_fold6/ig_results+wl.txt,4487993591.0,4.72e-53,0.53,bcms,ig_token.jsonl
/scratch/project_2006235/shibboleth/models/bcms_setimes/iter5/model_fold8/shap_token.jsonl,/scratch/project_2005047/explainability/data_groundtruth/bcms/setimes_large/iter_folds/iter5/dev_iter5_fold8_features.jsonl,20438,5.685,9.01,95.445,16.465,82.041,shibboleth/models/bcms_setimes/iter5/model_fold8/shap_results+wl.txt,6983998279.0,0.0,0.82,bcms,shap_token.jsonl
/scratch/project_2006235/shibboleth/models/bcms_setimes/iter5/model_fold8/loo_token.jsonl,/scratch/project_2005047/explainability/data_groundtruth/bcms/setimes_large/iter_folds/iter5/dev_iter5_fold8_features.jsonl,20438,4.063,9.985,68.212,17.419,68.286,shibboleth/models/bcms_setimes/iter5/model_fold8/loo_results+wl.txt,5813041661.5,0.0,0.683,bcms,loo_token.jsonl
/scratch/project_2006235/shibboleth/models/bcms_setimes/iter5/model_fold8/lime_token.jsonl,/scratch/project_2005047/explainability/data_groundtruth/bcms/setimes_large/iter_folds/iter5/dev_iter5_fold8_features.jsonl,20438,5.774,9.255,96.942,16.897,77.458,shibboleth/models/bcms_setimes/iter5/model_fold8/lime_results+wl.txt,6652654725.0,0.0,0.775,bcms,lime_token.jsonl
/scratch/project_2006235/shibboleth/models/bcms_setimes/iter5/model_fold8/ig_token.jsonl,/scratch/project_2005047/explainability/data_groundtruth/bcms/setimes_large/iter_folds/iter5/dev_iter5_fold8_features.jsonl,20438,4.606,7.572,77.34,13.793,66.069,shibboleth/models/bcms_setimes/iter5/model_fold8/ig_results+wl.txt,5624309880.0,0.0,0.661,bcms,ig_token.jsonl
/scratch/project_2006235/shibboleth/models/bcms_setimes/iter5/model_fold4/shap_token.jsonl,/scratch/project_2005047/explainability/data_groundtruth/bcms/setimes_large/iter_folds/iter5/dev_iter5_fold4_features.jsonl,20439,5.675,8.602,95.023,15.777,72.859,shibboleth/models/bcms_setimes/iter5/model_fold4/shap_results+wl.txt,6257500266.5,0.0,0.729,bcms,shap_token.jsonl
/scratch/project_2006235/shibboleth/models/bcms_setimes/iter5/model_fold4/loo_token.jsonl,/scratch/project_2005047/explainability/data_groundtruth/bcms/setimes_large/iter_folds/iter5/dev_iter5_fold4_features.jsonl,20439,3.281,8.041,54.941,14.028,58.563,shibboleth/models/bcms_setimes/iter5/model_fold4/loo_results+wl.txt,5029629910.5,0.0,0.586,bcms,loo_token.jsonl
/scratch/project_2006235/shibboleth/models/bcms_setimes/iter5/model_fold4/lime_token.jsonl,/scratch/project_2005047/explainability/data_groundtruth/bcms/setimes_large/iter_folds/iter5/dev_iter5_fold4_features.jsonl,20439,5.838,9.605,97.758,17.492,78.537,shibboleth/models/bcms_setimes/iter5/model_fold4/lime_results+wl.txt,6803260870.5,0.0,0.785,bcms,lime_token.jsonl
/scratch/project_2006235/shibboleth/models/bcms_setimes/iter5/model_fold4/ig_token.jsonl,/scratch/project_2005047/explainability/data_groundtruth/bcms/setimes_large/iter_folds/iter5/dev_iter5_fold4_features.jsonl,20439,4.677,7.903,78.31,14.358,68.568,shibboleth/models/bcms_setimes/iter5/model_fold4/ig_results+wl.txt,5888947750.0,0.0,0.686,bcms,ig_token.jsonl
/scratch/project_2006235/shibboleth/models/bcms_setimes/iter5/model_fold7/shap_token.jsonl,/scratch/project_2005047/explainability/data_groundtruth/bcms/setimes_large/iter_folds/iter5/dev_iter5_fold7_features.jsonl,20439,5.711,8.924,96.134,16.333,78.825,shibboleth/models/bcms_setimes/iter5/model_fold7/shap_results+wl.txt,6697861122.0,0.0,0.788,bcms,shap_token.jsonl
/scratch/project_2006235/shibboleth/models/bcms_setimes/iter5/model_fold7/loo_token.jsonl,/scratch/project_2005047/explainability/data_groundtruth/bcms/setimes_large/iter_folds/iter5/dev_iter5_fold7_features.jsonl,20439,1.613,4.026,27.146,7.011,35.632,shibboleth/models/bcms_setimes/iter5/model_fold7/loo_results+wl.txt,3027705647.5,1.0,0.356,bcms,loo_token.jsonl
/scratch/project_2006235/shibboleth/models/bcms_setimes/iter5/model_fold7/lime_token.jsonl,/scratch/project_2005047/explainability/data_groundtruth/bcms/setimes_large/iter_folds/iter5/dev_iter5_fold7_features.jsonl,20439,5.036,8.186,84.764,14.93,72.964,shibboleth/models/bcms_setimes/iter5/model_fold7/lime_results+wl.txt,6245234271.0,0.0,0.73,bcms,lime_token.jsonl
/scratch/project_2006235/shibboleth/models/bcms_setimes/iter5/model_fold7/ig_token.jsonl,/scratch/project_2005047/explainability/data_groundtruth/bcms/setimes_large/iter_folds/iter5/dev_iter5_fold7_features.jsonl,20439,4.394,7.019,73.956,12.822,62.326,shibboleth/models/bcms_setimes/iter5/model_fold7/ig_results+wl.txt,5295965041.5,0.0,0.623,bcms,ig_token.jsonl
/scratch/project_2006235/shibboleth/models/bcms_setimes/iter5/model_fold3/shap_token.jsonl,/scratch/project_2005047/explainability/data_groundtruth/bcms/setimes_large/iter_folds/iter5/dev_iter5_fold3_features.jsonl,20439,5.616,8.718,93.959,15.956,77.654,shibboleth/models/bcms_setimes/iter5/model_fold3/shap_results+wl.txt,6699609278.5,0.0,0.777,bcms,shap_token.jsonl
/scratch/project_2006235/shibboleth/models/bcms_setimes/iter5/model_fold3/loo_token.jsonl,/scratch/project_2005047/explainability/data_groundtruth/bcms/setimes_large/iter_folds/iter5/dev_iter5_fold3_features.jsonl,20439,4.735,9.182,79.209,16.457,70.818,shibboleth/models/bcms_setimes/iter5/model_fold3/loo_results+wl.txt,6109835096.0,0.0,0.708,bcms,loo_token.jsonl
/scratch/project_2006235/shibboleth/models/bcms_setimes/iter5/model_fold3/lime_token.jsonl,/scratch/project_2005047/explainability/data_groundtruth/bcms/setimes_large/iter_folds/iter5/dev_iter5_fold3_features.jsonl,20439,5.809,9.569,97.189,17.423,79.458,shibboleth/models/bcms_setimes/iter5/model_fold3/lime_results+wl.txt,6904597706.5,0.0,0.795,bcms,lime_token.jsonl
/scratch/project_2006235/shibboleth/models/bcms_setimes/iter5/model_fold3/ig_token.jsonl,/scratch/project_2005047/explainability/data_groundtruth/bcms/setimes_large/iter_folds/iter5/dev_iter5_fold3_features.jsonl,20439,4.659,7.781,77.94,14.149,67.424,shibboleth/models/bcms_setimes/iter5/model_fold3/ig_results+wl.txt,5816946958.5,0.0,0.674,bcms,ig_token.jsonl
/scratch/project_2006235/shibboleth/models/bcms_setimes/iter5/model_fold9/shap_token.jsonl,/scratch/project_2005047/explainability/data_groundtruth/bcms/setimes_large/iter_folds/iter5/dev_iter5_fold9_features.jsonl,20438,5.487,8.703,92.405,15.908,75.498,shibboleth/models/bcms_setimes/iter5/model_fold9/shap_results+wl.txt,6420385226.0,0.0,0.755,bcms,shap_token.jsonl
/scratch/project_2006235/shibboleth/models/bcms_setimes/iter5/model_fold9/loo_token.jsonl,/scratch/project_2005047/explainability/data_groundtruth/bcms/setimes_large/iter_folds/iter5/dev_iter5_fold9_features.jsonl,20438,1.266,2.596,21.313,4.629,27.952,shibboleth/models/bcms_setimes/iter5/model_fold9/loo_results+wl.txt,2377051079.5,1.0,0.28,bcms,loo_token.jsonl
/scratch/project_2006235/shibboleth/models/bcms_setimes/iter5/model_fold9/lime_token.jsonl,/scratch/project_2005047/explainability/data_groundtruth/bcms/setimes_large/iter_folds/iter5/dev_iter5_fold9_features.jsonl,20438,5.476,9.005,92.225,16.409,78.112,shibboleth/models/bcms_setimes/iter5/model_fold9/lime_results+wl.txt,6699211771.5,0.0,0.781,bcms,lime_token.jsonl
/scratch/project_2006235/shibboleth/models/bcms_setimes/iter5/model_fold9/ig_token.jsonl,/scratch/project_2005047/explainability/data_groundtruth/bcms/setimes_large/iter_folds/iter5/dev_iter5_fold9_features.jsonl,20438,4.178,7.024,70.355,12.773,61.935,shibboleth/models/bcms_setimes/iter5/model_fold9/ig_results+wl.txt,5266918905.0,0.0,0.619,bcms,ig_token.jsonl
/scratch/project_2006235/shibboleth/models/bcms_setimes/iter6/model_fold5/shap_token.jsonl,/scratch/project_2005047/explainability/data_groundtruth/bcms/setimes_large/iter_folds/iter6/dev_iter6_fold5_features.jsonl,20439,5.492,8.637,91.849,15.789,74.932,shibboleth/models/bcms_setimes/iter6/model_fold5/shap_results+wl.txt,6374192478.0,0.0,0.749,bcms,shap_token.jsonl
/scratch/project_2006235/shibboleth/models/bcms_setimes/iter6/model_fold5/loo_token.jsonl,/scratch/project_2005047/explainability/data_groundtruth/bcms/setimes_large/iter_folds/iter6/dev_iter6_fold5_features.jsonl,20439,1.811,7.85,30.283,12.468,50.489,shibboleth/models/bcms_setimes/iter6/model_fold5/loo_results+wl.txt,4294882015.5,0.005264,0.505,bcms,loo_token.jsonl
/scratch/project_2006235/shibboleth/models/bcms_setimes/iter6/model_fold5/lime_token.jsonl,/scratch/project_2005047/explainability/data_groundtruth/bcms/setimes_large/iter_folds/iter6/dev_iter6_fold5_features.jsonl,20439,5.742,9.275,96.031,16.915,78.892,shibboleth/models/bcms_setimes/iter6/model_fold5/lime_results+wl.txt,6768719359.5,0.0,0.789,bcms,lime_token.jsonl
/scratch/project_2006235/shibboleth/models/bcms_setimes/iter6/model_fold5/ig_token.jsonl,/scratch/project_2005047/explainability/data_groundtruth/bcms/setimes_large/iter_folds/iter6/dev_iter6_fold5_features.jsonl,20439,4.444,7.749,74.322,14.034,65.547,shibboleth/models/bcms_setimes/iter6/model_fold5/ig_results+wl.txt,5575807334.5,0.0,0.655,bcms,ig_token.jsonl
/scratch/project_2006235/shibboleth/models/bcms_setimes/iter6/model_fold2/shap_token.jsonl,/scratch/project_2005047/explainability/data_groundtruth/bcms/setimes_large/iter_folds/iter6/dev_iter6_fold2_features.jsonl,20440,5.594,8.461,95.188,15.541,80.109,shibboleth/models/bcms_setimes/iter6/model_fold2/shap_results+wl.txt,6800524653.5,0.0,0.801,bcms,shap_token.jsonl
/scratch/project_2006235/shibboleth/models/bcms_setimes/iter6/model_fold2/loo_token.jsonl,/scratch/project_2005047/explainability/data_groundtruth/bcms/setimes_large/iter_folds/iter6/dev_iter6_fold2_features.jsonl,20440,4.233,8.483,72.023,15.178,65.499,shibboleth/models/bcms_setimes/iter6/model_fold2/loo_results+wl.txt,5560276568.0,0.0,0.655,bcms,loo_token.jsonl
/scratch/project_2006235/shibboleth/models/bcms_setimes/iter6/model_fold2/lime_token.jsonl,/scratch/project_2005047/explainability/data_groundtruth/bcms/setimes_large/iter_folds/iter6/dev_iter6_fold2_features.jsonl,20440,5.727,9.177,97.454,16.774,79.14,shibboleth/models/bcms_setimes/iter6/model_fold2/lime_results+wl.txt,6773480020.5,0.0,0.791,bcms,lime_token.jsonl
/scratch/project_2006235/shibboleth/models/bcms_setimes/iter6/model_fold2/ig_token.jsonl,/scratch/project_2005047/explainability/data_groundtruth/bcms/setimes_large/iter_folds/iter6/dev_iter6_fold2_features.jsonl,20440,4.348,7.168,73.987,13.069,63.299,shibboleth/models/bcms_setimes/iter6/model_fold2/ig_results+wl.txt,5373525535.0,0.0,0.633,bcms,ig_token.jsonl
/scratch/project_2006235/shibboleth/models/bcms_setimes/iter6/model_fold10/shap_token.jsonl,/scratch/project_2005047/explainability/data_groundtruth/bcms/setimes_large/iter_folds/iter6/dev_iter6_fold10_features.jsonl,20438,5.698,8.774,95.293,16.068,78.509,shibboleth/models/bcms_setimes/iter6/model_fold10/shap_results+wl.txt,6682366144.0,0.0,0.785,bcms,shap_token.jsonl
/scratch/project_2006235/shibboleth/models/bcms_setimes/iter6/model_fold10/loo_token.jsonl,/scratch/project_2005047/explainability/data_groundtruth/bcms/setimes_large/iter_folds/iter6/dev_iter6_fold10_features.jsonl,20438,2.918,5.273,48.8,9.517,46.029,shibboleth/models/bcms_setimes/iter6/model_fold10/loo_results+wl.txt,3917811828.0,1.0,0.46,bcms,loo_token.jsonl
/scratch/project_2006235/shibboleth/models/bcms_setimes/iter6/model_fold10/lime_token.jsonl,/scratch/project_2005047/explainability/data_groundtruth/bcms/setimes_large/iter_folds/iter6/dev_iter6_fold10_features.jsonl,20438,5.514,9.011,92.227,16.417,77.522,shibboleth/models/bcms_setimes/iter6/model_fold10/lime_results+wl.txt,6655595855.5,0.0,0.775,bcms,lime_token.jsonl
/scratch/project_2006235/shibboleth/models/bcms_setimes/iter6/model_fold10/ig_token.jsonl,/scratch/project_2005047/explainability/data_groundtruth/bcms/setimes_large/iter_folds/iter6/dev_iter6_fold10_features.jsonl,20438,4.162,6.972,69.608,12.674,59.916,shibboleth/models/bcms_setimes/iter6/model_fold10/ig_results+wl.txt,5099830954.5,0.0,0.599,bcms,ig_token.jsonl
/scratch/project_2006235/shibboleth/models/bcms_setimes/iter6/model_fold1/shap_token.jsonl,/scratch/project_2005047/explainability/data_groundtruth/bcms/setimes_large/iter_folds/iter6/dev_iter6_fold1_features.jsonl,20440,5.668,8.777,94.953,16.068,81.679,shibboleth/models/bcms_setimes/iter6/model_fold1/shap_results+wl.txt,7026349816.5,0.0,0.817,bcms,shap_token.jsonl
/scratch/project_2006235/shibboleth/models/bcms_setimes/iter6/model_fold1/loo_token.jsonl,/scratch/project_2005047/explainability/data_groundtruth/bcms/setimes_large/iter_folds/iter6/dev_iter6_fold1_features.jsonl,20440,3.842,9.57,64.351,16.661,65.997,shibboleth/models/bcms_setimes/iter6/model_fold1/loo_results+wl.txt,5677317388.5,0.0,0.66,bcms,loo_token.jsonl
/scratch/project_2006235/shibboleth/models/bcms_setimes/iter6/model_fold1/lime_token.jsonl,/scratch/project_2005047/explainability/data_groundtruth/bcms/setimes_large/iter_folds/iter6/dev_iter6_fold1_features.jsonl,20440,5.835,9.407,97.738,17.163,80.287,shibboleth/models/bcms_setimes/iter6/model_fold1/lime_results+wl.txt,6963831993.0,0.0,0.803,bcms,lime_token.jsonl
/scratch/project_2006235/shibboleth/models/bcms_setimes/iter6/model_fold1/ig_token.jsonl,/scratch/project_2005047/explainability/data_groundtruth/bcms/setimes_large/iter_folds/iter6/dev_iter6_fold1_features.jsonl,20440,4.369,7.763,73.181,14.037,65.741,shibboleth/models/bcms_setimes/iter6/model_fold1/ig_results+wl.txt,5655307453.5,0.0,0.657,bcms,ig_token.jsonl
/scratch/project_2006235/shibboleth/models/bcms_setimes/iter6/model_fold6/shap_token.jsonl,/scratch/project_2005047/explainability/data_groundtruth/bcms/setimes_large/iter_folds/iter6/dev_iter6_fold6_features.jsonl,20439,5.68,8.888,95.34,16.26,79.496,shibboleth/models/bcms_setimes/iter6/model_fold6/shap_results+wl.txt,6808367345.5,0.0,0.795,bcms,shap_token.jsonl
/scratch/project_2006235/shibboleth/models/bcms_setimes/iter6/model_fold6/loo_token.jsonl,/scratch/project_2005047/explainability/data_groundtruth/bcms/setimes_large/iter_folds/iter6/dev_iter6_fold6_features.jsonl,20439,4.291,10.062,72.022,17.657,71.591,shibboleth/models/bcms_setimes/iter6/model_fold6/loo_results+wl.txt,6131366509.0,0.0,0.716,bcms,loo_token.jsonl
/scratch/project_2006235/shibboleth/models/bcms_setimes/iter6/model_fold6/lime_token.jsonl,/scratch/project_2005047/explainability/data_groundtruth/bcms/setimes_large/iter_folds/iter6/dev_iter6_fold6_features.jsonl,20439,5.825,9.518,97.777,17.347,78.905,shibboleth/models/bcms_setimes/iter6/model_fold6/lime_results+wl.txt,6808342127.0,0.0,0.789,bcms,lime_token.jsonl
/scratch/project_2006235/shibboleth/models/bcms_setimes/iter6/model_fold6/ig_token.jsonl,/scratch/project_2005047/explainability/data_groundtruth/bcms/setimes_large/iter_folds/iter6/dev_iter6_fold6_features.jsonl,20439,4.097,7.441,68.771,13.43,62.405,shibboleth/models/bcms_setimes/iter6/model_fold6/ig_results+wl.txt,5344660287.0,0.0,0.624,bcms,ig_token.jsonl
/scratch/project_2006235/shibboleth/models/bcms_setimes/iter6/model_fold8/shap_token.jsonl,/scratch/project_2005047/explainability/data_groundtruth/bcms/setimes_large/iter_folds/iter6/dev_iter6_fold8_features.jsonl,20438,5.63,8.747,94.923,16.017,73.561,shibboleth/models/bcms_setimes/iter6/model_fold8/shap_results+wl.txt,6284856071.5,0.0,0.736,bcms,shap_token.jsonl
/scratch/project_2006235/shibboleth/models/bcms_setimes/iter6/model_fold8/loo_token.jsonl,/scratch/project_2005047/explainability/data_groundtruth/bcms/setimes_large/iter_folds/iter6/dev_iter6_fold8_features.jsonl,20438,2.555,6.429,43.067,11.188,49.268,shibboleth/models/bcms_setimes/iter6/model_fold8/loo_results+wl.txt,4209325076.0,0.9999,0.493,bcms,loo_token.jsonl
/scratch/project_2006235/shibboleth/models/bcms_setimes/iter6/model_fold8/lime_token.jsonl,/scratch/project_2005047/explainability/data_groundtruth/bcms/setimes_large/iter_folds/iter6/dev_iter6_fold8_features.jsonl,20438,5.527,9.042,93.185,16.485,78.824,shibboleth/models/bcms_setimes/iter6/model_fold8/lime_results+wl.txt,6788473556.5,0.0,0.788,bcms,lime_token.jsonl
/scratch/project_2006235/shibboleth/models/bcms_setimes/iter6/model_fold8/ig_token.jsonl,/scratch/project_2005047/explainability/data_groundtruth/bcms/setimes_large/iter_folds/iter6/dev_iter6_fold8_features.jsonl,20438,4.208,6.755,70.945,12.336,60.147,shibboleth/models/bcms_setimes/iter6/model_fold8/ig_results+wl.txt,5138869757.5,0.0,0.601,bcms,ig_token.jsonl
/scratch/project_2006235/shibboleth/models/bcms_setimes/iter6/model_fold4/shap_token.jsonl,/scratch/project_2005047/explainability/data_groundtruth/bcms/setimes_large/iter_folds/iter6/dev_iter6_fold4_features.jsonl,20439,5.642,8.63,94.527,15.816,78.593,shibboleth/models/bcms_setimes/iter6/model_fold4/shap_results+wl.txt,6684599477.5,0.0,0.786,bcms,shap_token.jsonl
/scratch/project_2006235/shibboleth/models/bcms_setimes/iter6/model_fold4/loo_token.jsonl,/scratch/project_2005047/explainability/data_groundtruth/bcms/setimes_large/iter_folds/iter6/dev_iter6_fold4_features.jsonl,20439,3.127,5.199,52.386,9.459,51.365,shibboleth/models/bcms_setimes/iter6/model_fold4/loo_results+wl.txt,4368754953.0,1.405e-12,0.514,bcms,loo_token.jsonl
/scratch/project_2006235/shibboleth/models/bcms_setimes/iter6/model_fold4/lime_token.jsonl,/scratch/project_2005047/explainability/data_groundtruth/bcms/setimes_large/iter_folds/iter6/dev_iter6_fold4_features.jsonl,20439,5.52,9.171,92.483,16.687,78.503,shibboleth/models/bcms_setimes/iter6/model_fold4/lime_results+wl.txt,6733178025.5,0.0,0.785,bcms,lime_token.jsonl
/scratch/project_2006235/shibboleth/models/bcms_setimes/iter6/model_fold4/ig_token.jsonl,/scratch/project_2005047/explainability/data_groundtruth/bcms/setimes_large/iter_folds/iter6/dev_iter6_fold4_features.jsonl,20439,4.47,7.47,74.891,13.585,65.282,shibboleth/models/bcms_setimes/iter6/model_fold4/ig_results+wl.txt,5552525240.0,0.0,0.653,bcms,ig_token.jsonl
/scratch/project_2006235/shibboleth/models/bcms_setimes/iter6/model_fold7/shap_token.jsonl,/scratch/project_2005047/explainability/data_groundtruth/bcms/setimes_large/iter_folds/iter6/dev_iter6_fold7_features.jsonl,20439,5.348,8.508,90.722,15.557,74.98,shibboleth/models/bcms_setimes/iter6/model_fold7/shap_results+wl.txt,6381065444.5,0.0,0.75,bcms,shap_token.jsonl
/scratch/project_2006235/shibboleth/models/bcms_setimes/iter6/model_fold7/loo_token.jsonl,/scratch/project_2005047/explainability/data_groundtruth/bcms/setimes_large/iter_folds/iter6/dev_iter6_fold7_features.jsonl,20439,2.186,9.705,37.079,15.384,59.78,shibboleth/models/bcms_setimes/iter6/model_fold7/loo_results+wl.txt,5087490228.5,0.0,0.598,bcms,loo_token.jsonl
/scratch/project_2006235/shibboleth/models/bcms_setimes/iter6/model_fold7/lime_token.jsonl,/scratch/project_2005047/explainability/data_groundtruth/bcms/setimes_large/iter_folds/iter6/dev_iter6_fold7_features.jsonl,20439,5.693,9.288,96.57,16.946,78.659,shibboleth/models/bcms_setimes/iter6/model_fold7/lime_results+wl.txt,6746153644.5,0.0,0.787,bcms,lime_token.jsonl
/scratch/project_2006235/shibboleth/models/bcms_setimes/iter6/model_fold7/ig_token.jsonl,/scratch/project_2005047/explainability/data_groundtruth/bcms/setimes_large/iter_folds/iter6/dev_iter6_fold7_features.jsonl,20439,4.286,6.994,72.707,12.76,62.166,shibboleth/models/bcms_setimes/iter6/model_fold7/ig_results+wl.txt,5290508360.5,0.0,0.622,bcms,ig_token.jsonl
/scratch/project_2006235/shibboleth/models/bcms_setimes/iter6/model_fold3/shap_token.jsonl,/scratch/project_2005047/explainability/data_groundtruth/bcms/setimes_large/iter_folds/iter6/dev_iter6_fold3_features.jsonl,20439,5.641,8.779,95.149,16.074,76.833,shibboleth/models/bcms_setimes/iter6/model_fold3/shap_results+wl.txt,6487107014.0,0.0,0.768,bcms,shap_token.jsonl
/scratch/project_2006235/shibboleth/models/bcms_setimes/iter6/model_fold3/loo_token.jsonl,/scratch/project_2005047/explainability/data_groundtruth/bcms/setimes_large/iter_folds/iter6/dev_iter6_fold3_features.jsonl,20439,0.677,6.014,11.42,7.879,43.144,shibboleth/models/bcms_setimes/iter6/model_fold3/loo_results+wl.txt,3642661000.0,1.0,0.431,bcms,loo_token.jsonl
/scratch/project_2006235/shibboleth/models/bcms_setimes/iter6/model_fold3/lime_token.jsonl,/scratch/project_2005047/explainability/data_groundtruth/bcms/setimes_large/iter_folds/iter6/dev_iter6_fold3_features.jsonl,20439,5.583,9.01,94.18,16.446,78.287,shibboleth/models/bcms_setimes/iter6/model_fold3/lime_results+wl.txt,6664684264.0,0.0,0.783,bcms,lime_token.jsonl
/scratch/project_2006235/shibboleth/models/bcms_setimes/iter6/model_fold3/ig_token.jsonl,/scratch/project_2005047/explainability/data_groundtruth/bcms/setimes_large/iter_folds/iter6/dev_iter6_fold3_features.jsonl,20439,4.423,7.637,74.61,13.856,66.378,shibboleth/models/bcms_setimes/iter6/model_fold3/ig_results+wl.txt,5604355678.5,0.0,0.664,bcms,ig_token.jsonl
/scratch/project_2006235/shibboleth/models/bcms_setimes/iter6/model_fold9/shap_token.jsonl,/scratch/project_2005047/explainability/data_groundtruth/bcms/setimes_large/iter_folds/iter6/dev_iter6_fold9_features.jsonl,20438,5.53,8.203,93.415,15.082,73.027,shibboleth/models/bcms_setimes/iter6/model_fold9/shap_results+wl.txt,6220058573.5,0.0,0.73,bcms,shap_token.jsonl
/scratch/project_2006235/shibboleth/models/bcms_setimes/iter6/model_fold9/loo_token.jsonl,/scratch/project_2005047/explainability/data_groundtruth/bcms/setimes_large/iter_folds/iter6/dev_iter6_fold9_features.jsonl,20438,3.658,8.394,61.792,14.78,62.762,shibboleth/models/bcms_setimes/iter6/model_fold9/loo_results+wl.txt,5345729106.0,0.0,0.628,bcms,loo_token.jsonl
/scratch/project_2006235/shibboleth/models/bcms_setimes/iter6/model_fold9/lime_token.jsonl,/scratch/project_2005047/explainability/data_groundtruth/bcms/setimes_large/iter_folds/iter6/dev_iter6_fold9_features.jsonl,20438,5.7,9.476,96.285,17.254,78.619,shibboleth/models/bcms_setimes/iter6/model_fold9/lime_results+wl.txt,6755985123.5,0.0,0.786,bcms,lime_token.jsonl
/scratch/project_2006235/shibboleth/models/bcms_setimes/iter6/model_fold9/ig_token.jsonl,/scratch/project_2005047/explainability/data_groundtruth/bcms/setimes_large/iter_folds/iter6/dev_iter6_fold9_features.jsonl,20438,4.209,7.069,71.093,12.859,63.116,shibboleth/models/bcms_setimes/iter6/model_fold9/ig_results+wl.txt,5375883285.5,0.0,0.631,bcms,ig_token.jsonl
/scratch/project_2006235/shibboleth/models/bcms_setimes/iter10/model_fold5/shap_token.jsonl,/scratch/project_2005047/explainability/data_groundtruth/bcms/setimes_large/iter_folds/iter10/dev_iter10_fold5_features.jsonl,20439,5.629,8.724,94.879,15.98,77.249,shibboleth/models/bcms_setimes/iter10/model_fold5/shap_results+wl.txt,6582843086.0,0.0,0.772,bcms,shap_token.jsonl
/scratch/project_2006235/shibboleth/models/bcms_setimes/iter10/model_fold5/loo_token.jsonl,/scratch/project_2005047/explainability/data_groundtruth/bcms/setimes_large/iter_folds/iter10/dev_iter10_fold5_features.jsonl,20439,4.476,10.257,75.456,18.059,71.934,shibboleth/models/bcms_setimes/iter10/model_fold5/loo_results+wl.txt,6129868560.5,0.0,0.719,bcms,loo_token.jsonl
/scratch/project_2006235/shibboleth/models/bcms_setimes/iter10/model_fold5/lime_token.jsonl,/scratch/project_2005047/explainability/data_groundtruth/bcms/setimes_large/iter_folds/iter10/dev_iter10_fold5_features.jsonl,20439,5.799,9.347,97.757,17.063,78.911,shibboleth/models/bcms_setimes/iter10/model_fold5/lime_results+wl.txt,6769462397.0,0.0,0.789,bcms,lime_token.jsonl
/scratch/project_2006235/shibboleth/models/bcms_setimes/iter10/model_fold5/ig_token.jsonl,/scratch/project_2005047/explainability/data_groundtruth/bcms/setimes_large/iter_folds/iter10/dev_iter10_fold5_features.jsonl,20439,3.883,6.625,65.45,12.032,57.888,shibboleth/models/bcms_setimes/iter10/model_fold5/ig_results+wl.txt,4932929708.0,0.0,0.579,bcms,ig_token.jsonl
/scratch/project_2006235/shibboleth/models/bcms_setimes/iter10/model_fold2/shap_token.jsonl,/scratch/project_2005047/explainability/data_groundtruth/bcms/setimes_large/iter_folds/iter10/dev_iter10_fold2_features.jsonl,20440,5.519,8.615,93.831,15.781,75.614,shibboleth/models/bcms_setimes/iter10/model_fold2/shap_results+wl.txt,6415451928.5,0.0,0.756,bcms,shap_token.jsonl
/scratch/project_2006235/shibboleth/models/bcms_setimes/iter10/model_fold2/loo_token.jsonl,/scratch/project_2005047/explainability/data_groundtruth/bcms/setimes_large/iter_folds/iter10/dev_iter10_fold2_features.jsonl,20440,3.037,11.56,51.629,18.89,67.553,shibboleth/models/bcms_setimes/iter10/model_fold2/loo_results+wl.txt,5731452970.5,0.0,0.676,bcms,loo_token.jsonl
/scratch/project_2006235/shibboleth/models/bcms_setimes/iter10/model_fold2/lime_token.jsonl,/scratch/project_2005047/explainability/data_groundtruth/bcms/setimes_large/iter_folds/iter10/dev_iter10_fold2_features.jsonl,20440,5.762,9.322,97.968,17.024,78.742,shibboleth/models/bcms_setimes/iter10/model_fold2/lime_results+wl.txt,6741753543.0,0.0,0.787,bcms,lime_token.jsonl
/scratch/project_2006235/shibboleth/models/bcms_setimes/iter10/model_fold2/ig_token.jsonl,/scratch/project_2005047/explainability/data_groundtruth/bcms/setimes_large/iter_folds/iter10/dev_iter10_fold2_features.jsonl,20440,4.158,7.098,70.698,12.901,62.421,shibboleth/models/bcms_setimes/iter10/model_fold2/ig_results+wl.txt,5296040704.0,0.0,0.624,bcms,ig_token.jsonl
/scratch/project_2006235/shibboleth/models/bcms_setimes/iter10/model_fold10/shap_token.jsonl,/scratch/project_2005047/explainability/data_groundtruth/bcms/setimes_large/iter_folds/iter10/dev_iter10_fold10_features.jsonl,20438,5.375,8.521,91.033,15.584,75.939,shibboleth/models/bcms_setimes/iter10/model_fold10/shap_results+wl.txt,6382775886.5,0.0,0.759,bcms,shap_token.jsonl
/scratch/project_2006235/shibboleth/models/bcms_setimes/iter10/model_fold10/loo_token.jsonl,/scratch/project_2005047/explainability/data_groundtruth/bcms/setimes_large/iter_folds/iter10/dev_iter10_fold10_features.jsonl,20438,4.609,8.517,78.054,15.358,69.946,shibboleth/models/bcms_setimes/iter10/model_fold10/loo_results+wl.txt,5879070344.0,0.0,0.699,bcms,loo_token.jsonl
/scratch/project_2006235/shibboleth/models/bcms_setimes/iter10/model_fold10/lime_token.jsonl,/scratch/project_2005047/explainability/data_groundtruth/bcms/setimes_large/iter_folds/iter10/dev_iter10_fold10_features.jsonl,20438,5.76,9.443,97.559,17.22,77.842,shibboleth/models/bcms_setimes/iter10/model_fold10/lime_results+wl.txt,6595095690.0,0.0,0.778,bcms,lime_token.jsonl
/scratch/project_2006235/shibboleth/models/bcms_setimes/iter10/model_fold10/ig_token.jsonl,/scratch/project_2005047/explainability/data_groundtruth/bcms/setimes_large/iter_folds/iter10/dev_iter10_fold10_features.jsonl,20438,3.97,6.969,67.244,12.628,60.128,shibboleth/models/bcms_setimes/iter10/model_fold10/ig_results+wl.txt,5053877607.0,0.0,0.601,bcms,ig_token.jsonl
/scratch/project_2006235/shibboleth/models/bcms_setimes/iter10/model_fold1/shap_token.jsonl,/scratch/project_2005047/explainability/data_groundtruth/bcms/setimes_large/iter_folds/iter10/dev_iter10_fold1_features.jsonl,20440,5.687,8.929,95.515,16.331,78.853,shibboleth/models/bcms_setimes/iter10/model_fold1/shap_results+wl.txt,6614107924.5,0.0,0.789,bcms,shap_token.jsonl
/scratch/project_2006235/shibboleth/models/bcms_setimes/iter10/model_fold1/loo_token.jsonl,/scratch/project_2005047/explainability/data_groundtruth/bcms/setimes_large/iter_folds/iter10/dev_iter10_fold1_features.jsonl,20440,4.411,8.573,74.088,15.368,65.817,shibboleth/models/bcms_setimes/iter10/model_fold1/loo_results+wl.txt,5520651441.0,0.0,0.658,bcms,loo_token.jsonl
/scratch/project_2006235/shibboleth/models/bcms_setimes/iter10/model_fold1/lime_token.jsonl,/scratch/project_2005047/explainability/data_groundtruth/bcms/setimes_large/iter_folds/iter10/dev_iter10_fold1_features.jsonl,20440,5.798,9.283,97.382,16.95,78.217,shibboleth/models/bcms_setimes/iter10/model_fold1/lime_results+wl.txt,6611349046.5,0.0,0.782,bcms,lime_token.jsonl
/scratch/project_2006235/shibboleth/models/bcms_setimes/iter10/model_fold1/ig_token.jsonl,/scratch/project_2005047/explainability/data_groundtruth/bcms/setimes_large/iter_folds/iter10/dev_iter10_fold1_features.jsonl,20440,3.155,6.05,52.989,10.86,52.203,shibboleth/models/bcms_setimes/iter10/model_fold1/ig_results+wl.txt,4378788277.0,1.386e-29,0.522,bcms,ig_token.jsonl
/scratch/project_2006235/shibboleth/models/bcms_setimes/iter10/model_fold6/shap_token.jsonl,/scratch/project_2005047/explainability/data_groundtruth/bcms/setimes_large/iter_folds/iter10/dev_iter10_fold6_features.jsonl,20439,5.704,8.79,95.568,16.099,79.878,shibboleth/models/bcms_setimes/iter10/model_fold6/shap_results+wl.txt,6844176492.5,0.0,0.799,bcms,shap_token.jsonl
/scratch/project_2006235/shibboleth/models/bcms_setimes/iter10/model_fold6/loo_token.jsonl,/scratch/project_2005047/explainability/data_groundtruth/bcms/setimes_large/iter_folds/iter10/dev_iter10_fold6_features.jsonl,20439,2.046,6.185,34.276,10.48,45.393,shibboleth/models/bcms_setimes/iter10/model_fold6/loo_results+wl.txt,3889421829.5,1.0,0.454,bcms,loo_token.jsonl
/scratch/project_2006235/shibboleth/models/bcms_setimes/iter10/model_fold6/lime_token.jsonl,/scratch/project_2005047/explainability/data_groundtruth/bcms/setimes_large/iter_folds/iter10/dev_iter10_fold6_features.jsonl,20439,5.812,9.413,97.379,17.166,79.767,shibboleth/models/bcms_setimes/iter10/model_fold6/lime_results+wl.txt,6888521193.5,0.0,0.798,bcms,lime_token.jsonl
/scratch/project_2006235/shibboleth/models/bcms_setimes/iter10/model_fold6/ig_token.jsonl,/scratch/project_2005047/explainability/data_groundtruth/bcms/setimes_large/iter_folds/iter10/dev_iter10_fold6_features.jsonl,20439,4.664,7.82,78.14,14.218,67.382,shibboleth/models/bcms_setimes/iter10/model_fold6/ig_results+wl.txt,5773465016.0,0.0,0.674,bcms,ig_token.jsonl
/scratch/project_2006235/shibboleth/models/bcms_setimes/iter10/model_fold8/shap_token.jsonl,/scratch/project_2005047/explainability/data_groundtruth/bcms/setimes_large/iter_folds/iter10/dev_iter10_fold8_features.jsonl,20438,5.417,8.628,92.261,15.781,77.384,shibboleth/models/bcms_setimes/iter10/model_fold8/shap_results+wl.txt,6447287258.0,0.0,0.774,bcms,shap_token.jsonl
/scratch/project_2006235/shibboleth/models/bcms_setimes/iter10/model_fold8/loo_token.jsonl,/scratch/project_2005047/explainability/data_groundtruth/bcms/setimes_large/iter_folds/iter10/dev_iter10_fold8_features.jsonl,20438,2.947,11.96,50.187,19.316,66.261,shibboleth/models/bcms_setimes/iter10/model_fold8/loo_results+wl.txt,5520548389.0,0.0,0.663,bcms,loo_token.jsonl
/scratch/project_2006235/shibboleth/models/bcms_setimes/iter10/model_fold8/lime_token.jsonl,/scratch/project_2005047/explainability/data_groundtruth/bcms/setimes_large/iter_folds/iter10/dev_iter10_fold8_features.jsonl,20438,5.726,9.252,97.525,16.901,78.068,shibboleth/models/bcms_setimes/iter10/model_fold8/lime_results+wl.txt,6563787319.5,0.0,0.781,bcms,lime_token.jsonl
/scratch/project_2006235/shibboleth/models/bcms_setimes/iter10/model_fold8/ig_token.jsonl,/scratch/project_2005047/explainability/data_groundtruth/bcms/setimes_large/iter_folds/iter10/dev_iter10_fold8_features.jsonl,20438,3.581,6.67,60.989,12.025,58.023,shibboleth/models/bcms_setimes/iter10/model_fold8/ig_results+wl.txt,4834206170.0,0.0,0.58,bcms,ig_token.jsonl
/scratch/project_2006235/shibboleth/models/bcms_setimes/iter10/model_fold4/shap_token.jsonl,/scratch/project_2005047/explainability/data_groundtruth/bcms/setimes_large/iter_folds/iter10/dev_iter10_fold4_features.jsonl,20439,5.669,8.993,95.059,16.432,76.454,shibboleth/models/bcms_setimes/iter10/model_fold4/shap_results+wl.txt,6546439703.5,0.0,0.765,bcms,shap_token.jsonl
/scratch/project_2006235/shibboleth/models/bcms_setimes/iter10/model_fold4/loo_token.jsonl,/scratch/project_2005047/explainability/data_groundtruth/bcms/setimes_large/iter_folds/iter10/dev_iter10_fold4_features.jsonl,20439,2.573,10.116,43.141,16.389,62.947,shibboleth/models/bcms_setimes/iter10/model_fold4/loo_results+wl.txt,5389900553.0,0.0,0.629,bcms,loo_token.jsonl
/scratch/project_2006235/shibboleth/models/bcms_setimes/iter10/model_fold4/lime_token.jsonl,/scratch/project_2005047/explainability/data_groundtruth/bcms/setimes_large/iter_folds/iter10/dev_iter10_fold4_features.jsonl,20439,5.797,9.255,97.199,16.901,77.822,shibboleth/models/bcms_setimes/iter10/model_fold4/lime_results+wl.txt,6720231035.5,0.0,0.778,bcms,lime_token.jsonl
/scratch/project_2006235/shibboleth/models/bcms_setimes/iter10/model_fold4/ig_token.jsonl,/scratch/project_2005047/explainability/data_groundtruth/bcms/setimes_large/iter_folds/iter10/dev_iter10_fold4_features.jsonl,20439,4.67,7.877,78.302,14.313,68.739,shibboleth/models/bcms_setimes/iter10/model_fold4/ig_results+wl.txt,5885788002.5,0.0,0.687,bcms,ig_token.jsonl
/scratch/project_2006235/shibboleth/models/bcms_setimes/iter10/model_fold7/shap_token.jsonl,/scratch/project_2005047/explainability/data_groundtruth/bcms/setimes_large/iter_folds/iter10/dev_iter10_fold7_features.jsonl,20439,5.649,8.683,95.16,15.914,82.135,shibboleth/models/bcms_setimes/iter10/model_fold7/shap_results+wl.txt,7013171783.0,0.0,0.821,bcms,shap_token.jsonl
/scratch/project_2006235/shibboleth/models/bcms_setimes/iter10/model_fold7/loo_token.jsonl,/scratch/project_2005047/explainability/data_groundtruth/bcms/setimes_large/iter_folds/iter10/dev_iter10_fold7_features.jsonl,20439,1.863,4.223,31.391,7.444,42.534,shibboleth/models/bcms_setimes/iter10/model_fold7/loo_results+wl.txt,3631824860.5,1.0,0.425,bcms,loo_token.jsonl
/scratch/project_2006235/shibboleth/models/bcms_setimes/iter10/model_fold7/lime_token.jsonl,/scratch/project_2005047/explainability/data_groundtruth/bcms/setimes_large/iter_folds/iter10/dev_iter10_fold7_features.jsonl,20439,5.673,9.169,95.567,16.733,79.487,shibboleth/models/bcms_setimes/iter10/model_fold7/lime_results+wl.txt,6847914385.5,0.0,0.795,bcms,lime_token.jsonl
/scratch/project_2006235/shibboleth/models/bcms_setimes/iter10/model_fold7/ig_token.jsonl,/scratch/project_2005047/explainability/data_groundtruth/bcms/setimes_large/iter_folds/iter10/dev_iter10_fold7_features.jsonl,20439,4.489,7.427,75.627,13.525,65.243,shibboleth/models/bcms_setimes/iter10/model_fold7/ig_results+wl.txt,5570781313.0,0.0,0.652,bcms,ig_token.jsonl
/scratch/project_2006235/shibboleth/models/bcms_setimes/iter10/model_fold3/shap_token.jsonl,/scratch/project_2005047/explainability/data_groundtruth/bcms/setimes_large/iter_folds/iter10/dev_iter10_fold3_features.jsonl,20439,5.632,8.707,93.315,15.928,76.906,shibboleth/models/bcms_setimes/iter10/model_fold3/shap_results+wl.txt,6747787306.0,0.0,0.769,bcms,shap_token.jsonl
/scratch/project_2006235/shibboleth/models/bcms_setimes/iter10/model_fold3/loo_token.jsonl,/scratch/project_2005047/explainability/data_groundtruth/bcms/setimes_large/iter_folds/iter10/dev_iter10_fold3_features.jsonl,20439,1.397,3.778,23.154,6.495,35.887,shibboleth/models/bcms_setimes/iter10/model_fold3/loo_results+wl.txt,3148781673.5,1.0,0.359,bcms,loo_token.jsonl
/scratch/project_2006235/shibboleth/models/bcms_setimes/iter10/model_fold3/lime_token.jsonl,/scratch/project_2005047/explainability/data_groundtruth/bcms/setimes_large/iter_folds/iter10/dev_iter10_fold3_features.jsonl,20439,5.573,9.142,92.331,16.636,79.565,shibboleth/models/bcms_setimes/iter10/model_fold3/lime_results+wl.txt,7034222461.0,0.0,0.796,bcms,lime_token.jsonl
/scratch/project_2006235/shibboleth/models/bcms_setimes/iter10/model_fold3/ig_token.jsonl,/scratch/project_2005047/explainability/data_groundtruth/bcms/setimes_large/iter_folds/iter10/dev_iter10_fold3_features.jsonl,20439,4.295,6.952,71.17,12.667,60.165,shibboleth/models/bcms_setimes/iter10/model_fold3/ig_results+wl.txt,5278910336.0,0.0,0.602,bcms,ig_token.jsonl
/scratch/project_2006235/shibboleth/models/bcms_setimes/iter10/model_fold9/shap_token.jsonl,/scratch/project_2005047/explainability/data_groundtruth/bcms/setimes_large/iter_folds/iter10/dev_iter10_fold9_features.jsonl,20438,5.674,8.846,95.241,16.188,80.092,shibboleth/models/bcms_setimes/iter10/model_fold9/shap_results+wl.txt,6906544533.5,0.0,0.801,bcms,shap_token.jsonl
/scratch/project_2006235/shibboleth/models/bcms_setimes/iter10/model_fold9/loo_token.jsonl,/scratch/project_2005047/explainability/data_groundtruth/bcms/setimes_large/iter_folds/iter10/dev_iter10_fold9_features.jsonl,20438,4.423,8.113,74.248,14.627,64.079,shibboleth/models/bcms_setimes/iter10/model_fold9/loo_results+wl.txt,5525670774.5,0.0,0.641,bcms,loo_token.jsonl
/scratch/project_2006235/shibboleth/models/bcms_setimes/iter10/model_fold9/lime_token.jsonl,/scratch/project_2005047/explainability/data_groundtruth/bcms/setimes_large/iter_folds/iter10/dev_iter10_fold9_features.jsonl,20438,5.735,9.339,96.273,17.026,80.053,shibboleth/models/bcms_setimes/iter10/model_fold9/lime_results+wl.txt,6965580937.0,0.0,0.801,bcms,lime_token.jsonl
/scratch/project_2006235/shibboleth/models/bcms_setimes/iter10/model_fold9/ig_token.jsonl,/scratch/project_2005047/explainability/data_groundtruth/bcms/setimes_large/iter_folds/iter10/dev_iter10_fold9_features.jsonl,20438,4.049,6.551,67.967,11.949,57.703,shibboleth/models/bcms_setimes/iter10/model_fold9/ig_results+wl.txt,4975901685.0,0.0,0.577,bcms,ig_token.jsonl
/scratch/project_2006235/shibboleth/models/bcms_setimes/iter4/model_fold5/shap_token.jsonl,/scratch/project_2005047/explainability/data_groundtruth/bcms/setimes_large/iter_folds/iter4/dev_iter4_fold5_features.jsonl,20439,5.658,8.795,94.861,16.097,76.331,shibboleth/models/bcms_setimes/iter4/model_fold5/shap_results+wl.txt,6556367267.0,0.0,0.763,bcms,shap_token.jsonl
/scratch/project_2006235/shibboleth/models/bcms_setimes/iter4/model_fold5/loo_token.jsonl,/scratch/project_2005047/explainability/data_groundtruth/bcms/setimes_large/iter_folds/iter4/dev_iter4_fold5_features.jsonl,20439,2.885,11.908,48.367,19.111,63.147,shibboleth/models/bcms_setimes/iter4/model_fold5/loo_results+wl.txt,5423987005.0,0.0,0.631,bcms,loo_token.jsonl
/scratch/project_2006235/shibboleth/models/bcms_setimes/iter4/model_fold5/lime_token.jsonl,/scratch/project_2005047/explainability/data_groundtruth/bcms/setimes_large/iter_folds/iter4/dev_iter4_fold5_features.jsonl,20439,5.831,9.19,97.773,16.801,78.624,shibboleth/models/bcms_setimes/iter4/model_fold5/lime_results+wl.txt,6805608301.0,0.0,0.786,bcms,lime_token.jsonl
/scratch/project_2006235/shibboleth/models/bcms_setimes/iter4/model_fold5/ig_token.jsonl,/scratch/project_2005047/explainability/data_groundtruth/bcms/setimes_large/iter_folds/iter4/dev_iter4_fold5_features.jsonl,20439,4.0,7.143,67.068,12.91,61.011,shibboleth/models/bcms_setimes/iter4/model_fold5/ig_results+wl.txt,5240511114.0,0.0,0.61,bcms,ig_token.jsonl
/scratch/project_2006235/shibboleth/models/bcms_setimes/iter4/model_fold2/shap_token.jsonl,/scratch/project_2005047/explainability/data_groundtruth/bcms/setimes_large/iter_folds/iter4/dev_iter4_fold2_features.jsonl,20440,5.567,8.605,93.931,15.766,75.048,shibboleth/models/bcms_setimes/iter4/model_fold2/shap_results+wl.txt,6371747335.0,0.0,0.75,bcms,shap_token.jsonl
/scratch/project_2006235/shibboleth/models/bcms_setimes/iter4/model_fold2/loo_token.jsonl,/scratch/project_2005047/explainability/data_groundtruth/bcms/setimes_large/iter_folds/iter4/dev_iter4_fold2_features.jsonl,20440,1.727,9.787,29.136,14.653,58.462,shibboleth/models/bcms_setimes/iter4/model_fold2/loo_results+wl.txt,4963547946.0,0.0,0.585,bcms,loo_token.jsonl
/scratch/project_2006235/shibboleth/models/bcms_setimes/iter4/model_fold2/lime_token.jsonl,/scratch/project_2005047/explainability/data_groundtruth/bcms/setimes_large/iter_folds/iter4/dev_iter4_fold2_features.jsonl,20440,5.814,9.117,98.105,16.683,79.01,shibboleth/models/bcms_setimes/iter4/model_fold2/lime_results+wl.txt,6761233415.0,0.0,0.79,bcms,lime_token.jsonl
/scratch/project_2006235/shibboleth/models/bcms_setimes/iter4/model_fold2/ig_token.jsonl,/scratch/project_2005047/explainability/data_groundtruth/bcms/setimes_large/iter_folds/iter4/dev_iter4_fold2_features.jsonl,20440,4.47,7.195,75.424,13.137,63.019,shibboleth/models/bcms_setimes/iter4/model_fold2/ig_results+wl.txt,5350405195.5,0.0,0.63,bcms,ig_token.jsonl
/scratch/project_2006235/shibboleth/models/bcms_setimes/iter4/model_fold10/shap_token.jsonl,/scratch/project_2005047/explainability/data_groundtruth/bcms/setimes_large/iter_folds/iter4/dev_iter4_fold10_features.jsonl,20438,5.533,8.628,93.637,15.799,75.072,shibboleth/models/bcms_setimes/iter4/model_fold10/shap_results+wl.txt,6330798566.0,0.0,0.751,bcms,shap_token.jsonl
/scratch/project_2006235/shibboleth/models/bcms_setimes/iter4/model_fold10/loo_token.jsonl,/scratch/project_2005047/explainability/data_groundtruth/bcms/setimes_large/iter_folds/iter4/dev_iter4_fold10_features.jsonl,20438,3.93,6.626,66.511,12.051,57.493,shibboleth/models/bcms_setimes/iter4/model_fold10/loo_results+wl.txt,4848388700.5,0.0,0.575,bcms,loo_token.jsonl
/scratch/project_2006235/shibboleth/models/bcms_setimes/iter4/model_fold10/lime_token.jsonl,/scratch/project_2005047/explainability/data_groundtruth/bcms/setimes_large/iter_folds/iter4/dev_iter4_fold10_features.jsonl,20438,5.662,9.306,95.813,16.964,78.498,shibboleth/models/bcms_setimes/iter4/model_fold10/lime_results+wl.txt,6676117468.5,0.0,0.785,bcms,lime_token.jsonl
/scratch/project_2006235/shibboleth/models/bcms_setimes/iter4/model_fold10/ig_token.jsonl,/scratch/project_2005047/explainability/data_groundtruth/bcms/setimes_large/iter_folds/iter4/dev_iter4_fold10_features.jsonl,20438,3.711,6.924,62.803,12.473,59.252,shibboleth/models/bcms_setimes/iter4/model_fold10/ig_results+wl.txt,4996670936.0,0.0,0.593,bcms,ig_token.jsonl
/scratch/project_2006235/shibboleth/models/bcms_setimes/iter4/model_fold1/shap_token.jsonl,/scratch/project_2005047/explainability/data_groundtruth/bcms/setimes_large/iter_folds/iter4/dev_iter4_fold1_features.jsonl,20440,5.633,8.933,94.903,16.329,79.159,shibboleth/models/bcms_setimes/iter4/model_fold1/shap_results+wl.txt,6768523787.0,0.0,0.792,bcms,shap_token.jsonl
/scratch/project_2006235/shibboleth/models/bcms_setimes/iter4/model_fold1/loo_token.jsonl,/scratch/project_2005047/explainability/data_groundtruth/bcms/setimes_large/iter_folds/iter4/dev_iter4_fold1_features.jsonl,20440,3.681,7.451,62.026,13.304,61.308,shibboleth/models/bcms_setimes/iter4/model_fold1/loo_results+wl.txt,5242136933.0,0.0,0.613,bcms,loo_token.jsonl
/scratch/project_2006235/shibboleth/models/bcms_setimes/iter4/model_fold1/lime_token.jsonl,/scratch/project_2005047/explainability/data_groundtruth/bcms/setimes_large/iter_folds/iter4/dev_iter4_fold1_features.jsonl,20440,5.775,9.376,97.299,17.104,79.032,shibboleth/models/bcms_setimes/iter4/model_fold1/lime_results+wl.txt,6806594647.5,0.0,0.79,bcms,lime_token.jsonl
/scratch/project_2006235/shibboleth/models/bcms_setimes/iter4/model_fold1/ig_token.jsonl,/scratch/project_2005047/explainability/data_groundtruth/bcms/setimes_large/iter_folds/iter4/dev_iter4_fold1_features.jsonl,20440,4.416,7.462,74.412,13.564,64.086,shibboleth/models/bcms_setimes/iter4/model_fold1/ig_results+wl.txt,5479685650.0,0.0,0.641,bcms,ig_token.jsonl
/scratch/project_2006235/shibboleth/models/bcms_setimes/iter4/model_fold6/shap_token.jsonl,/scratch/project_2005047/explainability/data_groundtruth/bcms/setimes_large/iter_folds/iter4/dev_iter4_fold6_features.jsonl,20439,5.666,8.91,94.505,16.284,77.547,shibboleth/models/bcms_setimes/iter4/model_fold6/shap_results+wl.txt,6706140758.0,0.0,0.775,bcms,shap_token.jsonl
/scratch/project_2006235/shibboleth/models/bcms_setimes/iter4/model_fold6/loo_token.jsonl,/scratch/project_2005047/explainability/data_groundtruth/bcms/setimes_large/iter_folds/iter4/dev_iter4_fold6_features.jsonl,20439,2.42,5.302,40.367,9.373,44.768,shibboleth/models/bcms_setimes/iter4/model_fold6/loo_results+wl.txt,3871468233.5,1.0,0.448,bcms,loo_token.jsonl
/scratch/project_2006235/shibboleth/models/bcms_setimes/iter4/model_fold6/lime_token.jsonl,/scratch/project_2005047/explainability/data_groundtruth/bcms/setimes_large/iter_folds/iter4/dev_iter4_fold6_features.jsonl,20439,5.779,9.409,96.387,17.145,77.788,shibboleth/models/bcms_setimes/iter4/model_fold6/lime_results+wl.txt,6781265868.0,0.0,0.778,bcms,lime_token.jsonl
/scratch/project_2006235/shibboleth/models/bcms_setimes/iter4/model_fold6/ig_token.jsonl,/scratch/project_2005047/explainability/data_groundtruth/bcms/setimes_large/iter_folds/iter4/dev_iter4_fold6_features.jsonl,20439,4.002,6.324,66.744,11.553,55.644,shibboleth/models/bcms_setimes/iter4/model_fold6/ig_results+wl.txt,4811998692.5,8.09e-186,0.556,bcms,ig_token.jsonl
/scratch/project_2006235/shibboleth/models/bcms_setimes/iter4/model_fold8/shap_token.jsonl,/scratch/project_2005047/explainability/data_groundtruth/bcms/setimes_large/iter_folds/iter4/dev_iter4_fold8_features.jsonl,20438,5.474,8.351,92.532,15.319,76.121,shibboleth/models/bcms_setimes/iter4/model_fold8/shap_results+wl.txt,6416047299.5,0.0,0.761,bcms,shap_token.jsonl
/scratch/project_2006235/shibboleth/models/bcms_setimes/iter4/model_fold8/loo_token.jsonl,/scratch/project_2005047/explainability/data_groundtruth/bcms/setimes_large/iter_folds/iter4/dev_iter4_fold8_features.jsonl,20438,4.69,8.04,79.29,14.599,64.35,shibboleth/models/bcms_setimes/iter4/model_fold8/loo_results+wl.txt,5423936023.5,0.0,0.644,bcms,loo_token.jsonl
/scratch/project_2006235/shibboleth/models/bcms_setimes/iter4/model_fold8/lime_token.jsonl,/scratch/project_2005047/explainability/data_groundtruth/bcms/setimes_large/iter_folds/iter4/dev_iter4_fold8_features.jsonl,20438,5.781,9.51,97.725,17.334,79.933,shibboleth/models/bcms_setimes/iter4/model_fold8/lime_results+wl.txt,6793726160.5,0.0,0.799,bcms,lime_token.jsonl
/scratch/project_2006235/shibboleth/models/bcms_setimes/iter4/model_fold8/ig_token.jsonl,/scratch/project_2005047/explainability/data_groundtruth/bcms/setimes_large/iter_folds/iter4/dev_iter4_fold8_features.jsonl,20438,4.694,7.616,79.346,13.898,67.805,shibboleth/models/bcms_setimes/iter4/model_fold8/ig_results+wl.txt,5715121558.5,0.0,0.678,bcms,ig_token.jsonl
/scratch/project_2006235/shibboleth/models/bcms_setimes/iter4/model_fold4/shap_token.jsonl,/scratch/project_2005047/explainability/data_groundtruth/bcms/setimes_large/iter_folds/iter4/dev_iter4_fold4_features.jsonl,20439,5.503,8.46,93.049,15.51,73.95,shibboleth/models/bcms_setimes/iter4/model_fold4/shap_results+wl.txt,6345370099.0,0.0,0.739,bcms,shap_token.jsonl
/scratch/project_2006235/shibboleth/models/bcms_setimes/iter4/model_fold4/loo_token.jsonl,/scratch/project_2005047/explainability/data_groundtruth/bcms/setimes_large/iter_folds/iter4/dev_iter4_fold4_features.jsonl,20439,2.712,11.725,45.859,18.675,61.408,shibboleth/models/bcms_setimes/iter4/model_fold4/loo_results+wl.txt,5269167691.5,0.0,0.614,bcms,loo_token.jsonl
/scratch/project_2006235/shibboleth/models/bcms_setimes/iter4/model_fold4/lime_token.jsonl,/scratch/project_2005047/explainability/data_groundtruth/bcms/setimes_large/iter_folds/iter4/dev_iter4_fold4_features.jsonl,20439,5.768,9.326,97.539,17.024,78.115,shibboleth/models/bcms_setimes/iter4/model_fold4/lime_results+wl.txt,6750740410.5,0.0,0.781,bcms,lime_token.jsonl
/scratch/project_2006235/shibboleth/models/bcms_setimes/iter4/model_fold4/ig_token.jsonl,/scratch/project_2005047/explainability/data_groundtruth/bcms/setimes_large/iter_folds/iter4/dev_iter4_fold4_features.jsonl,20439,4.408,7.541,74.535,13.696,66.292,shibboleth/models/bcms_setimes/iter4/model_fold4/ig_results+wl.txt,5688300858.0,0.0,0.663,bcms,ig_token.jsonl
/scratch/project_2006235/shibboleth/models/bcms_setimes/iter4/model_fold7/shap_token.jsonl,/scratch/project_2005047/explainability/data_groundtruth/bcms/setimes_large/iter_folds/iter4/dev_iter4_fold7_features.jsonl,20439,5.657,9.011,95.072,16.461,77.35,shibboleth/models/bcms_setimes/iter4/model_fold7/shap_results+wl.txt,6605652234.5,0.0,0.773,bcms,shap_token.jsonl
/scratch/project_2006235/shibboleth/models/bcms_setimes/iter4/model_fold7/loo_token.jsonl,/scratch/project_2005047/explainability/data_groundtruth/bcms/setimes_large/iter_folds/iter4/dev_iter4_fold7_features.jsonl,20439,2.56,7.566,43.029,12.869,56.127,shibboleth/models/bcms_setimes/iter4/model_fold7/loo_results+wl.txt,4793227533.0,2.327e-253,0.561,bcms,loo_token.jsonl
/scratch/project_2006235/shibboleth/models/bcms_setimes/iter4/model_fold7/lime_token.jsonl,/scratch/project_2005047/explainability/data_groundtruth/bcms/setimes_large/iter_folds/iter4/dev_iter4_fold7_features.jsonl,20439,5.738,9.297,96.435,16.959,78.44,shibboleth/models/bcms_setimes/iter4/model_fold7/lime_results+wl.txt,6769599503.0,0.0,0.784,bcms,lime_token.jsonl
/scratch/project_2006235/shibboleth/models/bcms_setimes/iter4/model_fold7/ig_token.jsonl,/scratch/project_2005047/explainability/data_groundtruth/bcms/setimes_large/iter_folds/iter4/dev_iter4_fold7_features.jsonl,20439,4.156,6.569,69.845,12.008,58.509,shibboleth/models/bcms_setimes/iter4/model_fold7/ig_results+wl.txt,4996605443.0,0.0,0.585,bcms,ig_token.jsonl
/scratch/project_2006235/shibboleth/models/bcms_setimes/iter4/model_fold3/shap_token.jsonl,/scratch/project_2005047/explainability/data_groundtruth/bcms/setimes_large/iter_folds/iter4/dev_iter4_fold3_features.jsonl,20439,5.566,8.487,93.891,15.567,78.55,shibboleth/models/bcms_setimes/iter4/model_fold3/shap_results+wl.txt,6648449822.5,0.0,0.786,bcms,shap_token.jsonl
/scratch/project_2006235/shibboleth/models/bcms_setimes/iter4/model_fold3/loo_token.jsonl,/scratch/project_2005047/explainability/data_groundtruth/bcms/setimes_large/iter_folds/iter4/dev_iter4_fold3_features.jsonl,20439,3.628,10.208,61.193,17.497,67.731,shibboleth/models/bcms_setimes/iter4/model_fold3/loo_results+wl.txt,5732746880.5,0.0,0.677,bcms,loo_token.jsonl
/scratch/project_2006235/shibboleth/models/bcms_setimes/iter4/model_fold3/lime_token.jsonl,/scratch/project_2005047/explainability/data_groundtruth/bcms/setimes_large/iter_folds/iter4/dev_iter4_fold3_features.jsonl,20439,5.773,9.398,97.38,17.141,79.568,shibboleth/models/bcms_setimes/iter4/model_fold3/lime_results+wl.txt,6791791893.5,0.0,0.796,bcms,lime_token.jsonl
/scratch/project_2006235/shibboleth/models/bcms_setimes/iter4/model_fold3/ig_token.jsonl,/scratch/project_2005047/explainability/data_groundtruth/bcms/setimes_large/iter_folds/iter4/dev_iter4_fold3_features.jsonl,20439,4.564,7.415,76.99,13.528,65.334,shibboleth/models/bcms_setimes/iter4/model_fold3/ig_results+wl.txt,5529859133.5,0.0,0.653,bcms,ig_token.jsonl
/scratch/project_2006235/shibboleth/models/bcms_setimes/iter4/model_fold9/shap_token.jsonl,/scratch/project_2005047/explainability/data_groundtruth/bcms/setimes_large/iter_folds/iter4/dev_iter4_fold9_features.jsonl,20438,5.683,8.911,95.261,16.297,81.871,shibboleth/models/bcms_setimes/iter4/model_fold9/shap_results+wl.txt,6935526850.5,0.0,0.819,bcms,shap_token.jsonl
/scratch/project_2006235/shibboleth/models/bcms_setimes/iter4/model_fold9/loo_token.jsonl,/scratch/project_2005047/explainability/data_groundtruth/bcms/setimes_large/iter_folds/iter4/dev_iter4_fold9_features.jsonl,20438,4.213,12.032,70.621,20.561,73.001,shibboleth/models/bcms_setimes/iter4/model_fold9/loo_results+wl.txt,6184173154.0,0.0,0.73,bcms,loo_token.jsonl
/scratch/project_2006235/shibboleth/models/bcms_setimes/iter4/model_fold9/lime_token.jsonl,/scratch/project_2005047/explainability/data_groundtruth/bcms/setimes_large/iter_folds/iter4/dev_iter4_fold9_features.jsonl,20438,5.818,9.446,97.51,17.223,78.727,shibboleth/models/bcms_setimes/iter4/model_fold9/lime_results+wl.txt,6726453542.0,0.0,0.787,bcms,lime_token.jsonl
/scratch/project_2006235/shibboleth/models/bcms_setimes/iter4/model_fold9/ig_token.jsonl,/scratch/project_2005047/explainability/data_groundtruth/bcms/setimes_large/iter_folds/iter4/dev_iter4_fold9_features.jsonl,20438,4.264,7.285,71.465,13.221,62.112,shibboleth/models/bcms_setimes/iter4/model_fold9/ig_results+wl.txt,5261686901.5,0.0,0.621,bcms,ig_token.jsonl
/scratch/project_2006235/shibboleth/models/bcms_setimes/iter9/model_fold5/shap_token.jsonl,/scratch/project_2005047/explainability/data_groundtruth/bcms/setimes_large/iter_folds/iter9/dev_iter9_fold5_features.jsonl,20439,5.471,8.547,92.832,15.653,73.211,shibboleth/models/bcms_setimes/iter9/model_fold5/shap_results+wl.txt,6199093609.0,0.0,0.732,bcms,shap_token.jsonl
/scratch/project_2006235/shibboleth/models/bcms_setimes/iter9/model_fold5/loo_token.jsonl,/scratch/project_2005047/explainability/data_groundtruth/bcms/setimes_large/iter_folds/iter9/dev_iter9_fold5_features.jsonl,20439,4.298,10.182,72.924,17.869,70.639,shibboleth/models/bcms_setimes/iter9/model_fold5/loo_results+wl.txt,5981291616.5,0.0,0.706,bcms,loo_token.jsonl
/scratch/project_2006235/shibboleth/models/bcms_setimes/iter9/model_fold5/lime_token.jsonl,/scratch/project_2005047/explainability/data_groundtruth/bcms/setimes_large/iter_folds/iter9/dev_iter9_fold5_features.jsonl,20439,5.743,9.341,97.458,17.048,78.499,shibboleth/models/bcms_setimes/iter9/model_fold5/lime_results+wl.txt,6699694941.5,0.0,0.785,bcms,lime_token.jsonl
/scratch/project_2006235/shibboleth/models/bcms_setimes/iter9/model_fold5/ig_token.jsonl,/scratch/project_2005047/explainability/data_groundtruth/bcms/setimes_large/iter_folds/iter9/dev_iter9_fold5_features.jsonl,20439,4.556,7.169,77.305,13.122,65.289,shibboleth/models/bcms_setimes/iter9/model_fold5/ig_results+wl.txt,5528313594.0,0.0,0.653,bcms,ig_token.jsonl
/scratch/project_2006235/shibboleth/models/bcms_setimes/iter9/model_fold2/shap_token.jsonl,/scratch/project_2005047/explainability/data_groundtruth/bcms/setimes_large/iter_folds/iter9/dev_iter9_fold2_features.jsonl,20440,5.573,8.505,93.965,15.598,73.327,shibboleth/models/bcms_setimes/iter9/model_fold2/shap_results+wl.txt,6187574091.5,0.0,0.733,bcms,shap_token.jsonl
/scratch/project_2006235/shibboleth/models/bcms_setimes/iter9/model_fold2/loo_token.jsonl,/scratch/project_2005047/explainability/data_groundtruth/bcms/setimes_large/iter_folds/iter9/dev_iter9_fold2_features.jsonl,20440,2.743,12.174,46.237,19.274,65.585,shibboleth/models/bcms_setimes/iter9/model_fold2/loo_results+wl.txt,5534268752.0,0.0,0.656,bcms,loo_token.jsonl
/scratch/project_2006235/shibboleth/models/bcms_setimes/iter9/model_fold2/lime_token.jsonl,/scratch/project_2005047/explainability/data_groundtruth/bcms/setimes_large/iter_folds/iter9/dev_iter9_fold2_features.jsonl,20440,5.807,9.273,97.907,16.941,78.48,shibboleth/models/bcms_setimes/iter9/model_fold2/lime_results+wl.txt,6681238484.0,0.0,0.785,bcms,lime_token.jsonl
/scratch/project_2006235/shibboleth/models/bcms_setimes/iter9/model_fold2/ig_token.jsonl,/scratch/project_2005047/explainability/data_groundtruth/bcms/setimes_large/iter_folds/iter9/dev_iter9_fold2_features.jsonl,20440,4.004,6.711,67.499,12.209,58.5,shibboleth/models/bcms_setimes/iter9/model_fold2/ig_results+wl.txt,4936466096.0,0.0,0.585,bcms,ig_token.jsonl
/scratch/project_2006235/shibboleth/models/bcms_setimes/iter9/model_fold10/shap_token.jsonl,/scratch/project_2005047/explainability/data_groundtruth/bcms/setimes_large/iter_folds/iter9/dev_iter9_fold10_features.jsonl,20438,5.662,8.856,95.254,16.205,80.685,shibboleth/models/bcms_setimes/iter9/model_fold10/shap_results+wl.txt,6920205487.0,0.0,0.807,bcms,shap_token.jsonl
/scratch/project_2006235/shibboleth/models/bcms_setimes/iter9/model_fold10/loo_token.jsonl,/scratch/project_2005047/explainability/data_groundtruth/bcms/setimes_large/iter_folds/iter9/dev_iter9_fold10_features.jsonl,20438,4.794,8.178,80.649,14.85,71.113,shibboleth/models/bcms_setimes/iter9/model_fold10/loo_results+wl.txt,6099223726.5,0.0,0.711,bcms,loo_token.jsonl
/scratch/project_2006235/shibboleth/models/bcms_setimes/iter9/model_fold10/lime_token.jsonl,/scratch/project_2005047/explainability/data_groundtruth/bcms/setimes_large/iter_folds/iter9/dev_iter9_fold10_features.jsonl,20438,5.79,9.364,97.397,17.086,79.61,shibboleth/models/bcms_setimes/iter9/model_fold10/lime_results+wl.txt,6883827004.5,0.0,0.796,bcms,lime_token.jsonl
/scratch/project_2006235/shibboleth/models/bcms_setimes/iter9/model_fold10/ig_token.jsonl,/scratch/project_2005047/explainability/data_groundtruth/bcms/setimes_large/iter_folds/iter9/dev_iter9_fold10_features.jsonl,20438,3.535,6.503,59.471,11.724,55.893,shibboleth/models/bcms_setimes/iter9/model_fold10/ig_results+wl.txt,4793863272.0,1.074e-200,0.559,bcms,ig_token.jsonl
/scratch/project_2006235/shibboleth/models/bcms_setimes/iter9/model_fold1/shap_token.jsonl,/scratch/project_2005047/explainability/data_groundtruth/bcms/setimes_large/iter_folds/iter9/dev_iter9_fold1_features.jsonl,20440,5.677,8.549,95.396,15.692,80.854,shibboleth/models/bcms_setimes/iter9/model_fold1/shap_results+wl.txt,6900265150.5,0.0,0.809,bcms,shap_token.jsonl
/scratch/project_2006235/shibboleth/models/bcms_setimes/iter9/model_fold1/loo_token.jsonl,/scratch/project_2005047/explainability/data_groundtruth/bcms/setimes_large/iter_folds/iter9/dev_iter9_fold1_features.jsonl,20440,4.253,8.113,71.468,14.572,65.2,shibboleth/models/bcms_setimes/iter9/model_fold1/loo_results+wl.txt,5564266824.5,0.0,0.652,bcms,loo_token.jsonl
/scratch/project_2006235/shibboleth/models/bcms_setimes/iter9/model_fold1/lime_token.jsonl,/scratch/project_2005047/explainability/data_groundtruth/bcms/setimes_large/iter_folds/iter9/dev_iter9_fold1_features.jsonl,20440,5.754,9.41,96.678,17.151,79.076,shibboleth/models/bcms_setimes/iter9/model_fold1/lime_results+wl.txt,6809090964.0,0.0,0.791,bcms,lime_token.jsonl
/scratch/project_2006235/shibboleth/models/bcms_setimes/iter9/model_fold1/ig_token.jsonl,/scratch/project_2005047/explainability/data_groundtruth/bcms/setimes_large/iter_folds/iter9/dev_iter9_fold1_features.jsonl,20440,3.907,6.741,65.645,12.226,58.607,shibboleth/models/bcms_setimes/iter9/model_fold1/ig_results+wl.txt,5001607579.0,0.0,0.586,bcms,ig_token.jsonl
/scratch/project_2006235/shibboleth/models/bcms_setimes/iter9/model_fold6/shap_token.jsonl,/scratch/project_2005047/explainability/data_groundtruth/bcms/setimes_large/iter_folds/iter9/dev_iter9_fold6_features.jsonl,20439,5.61,8.901,94.812,16.273,80.249,shibboleth/models/bcms_setimes/iter9/model_fold6/shap_results+wl.txt,6843407038.5,0.0,0.802,bcms,shap_token.jsonl
/scratch/project_2006235/shibboleth/models/bcms_setimes/iter9/model_fold6/loo_token.jsonl,/scratch/project_2005047/explainability/data_groundtruth/bcms/setimes_large/iter_folds/iter9/dev_iter9_fold6_features.jsonl,20439,3.706,9.066,62.64,15.84,65.619,shibboleth/models/bcms_setimes/iter9/model_fold6/loo_results+wl.txt,5595790797.0,0.0,0.656,bcms,loo_token.jsonl
/scratch/project_2006235/shibboleth/models/bcms_setimes/iter9/model_fold6/lime_token.jsonl,/scratch/project_2005047/explainability/data_groundtruth/bcms/setimes_large/iter_folds/iter9/dev_iter9_fold6_features.jsonl,20439,5.727,9.586,96.782,17.445,79.116,shibboleth/models/bcms_setimes/iter9/model_fold6/lime_results+wl.txt,6797354214.0,0.0,0.791,bcms,lime_token.jsonl
/scratch/project_2006235/shibboleth/models/bcms_setimes/iter9/model_fold6/ig_token.jsonl,/scratch/project_2005047/explainability/data_groundtruth/bcms/setimes_large/iter_folds/iter9/dev_iter9_fold6_features.jsonl,20439,4.185,7.044,70.721,12.812,61.32,shibboleth/models/bcms_setimes/iter9/model_fold6/ig_results+wl.txt,5229200427.0,0.0,0.613,bcms,ig_token.jsonl
/scratch/project_2006235/shibboleth/models/bcms_setimes/iter9/model_fold8/shap_token.jsonl,/scratch/project_2005047/explainability/data_groundtruth/bcms/setimes_large/iter_folds/iter9/dev_iter9_fold8_features.jsonl,20438,5.678,8.825,94.221,16.138,75.479,shibboleth/models/bcms_setimes/iter9/model_fold8/shap_results+wl.txt,6560966082.5,0.0,0.755,bcms,shap_token.jsonl
/scratch/project_2006235/shibboleth/models/bcms_setimes/iter9/model_fold8/loo_token.jsonl,/scratch/project_2005047/explainability/data_groundtruth/bcms/setimes_large/iter_folds/iter9/dev_iter9_fold8_features.jsonl,20438,2.057,3.882,34.134,6.971,36.263,shibboleth/models/bcms_setimes/iter9/model_fold8/loo_results+wl.txt,3152085973.5,1.0,0.363,bcms,loo_token.jsonl
/scratch/project_2006235/shibboleth/models/bcms_setimes/iter9/model_fold8/lime_token.jsonl,/scratch/project_2005047/explainability/data_groundtruth/bcms/setimes_large/iter_folds/iter9/dev_iter9_fold8_features.jsonl,20438,5.623,9.289,93.312,16.897,78.195,shibboleth/models/bcms_setimes/iter9/model_fold8/lime_results+wl.txt,6852472246.5,0.0,0.782,bcms,lime_token.jsonl
/scratch/project_2006235/shibboleth/models/bcms_setimes/iter9/model_fold8/ig_token.jsonl,/scratch/project_2005047/explainability/data_groundtruth/bcms/setimes_large/iter_folds/iter9/dev_iter9_fold8_features.jsonl,20438,4.649,7.339,77.154,13.402,64.995,shibboleth/models/bcms_setimes/iter9/model_fold8/ig_results+wl.txt,5649624303.5,0.0,0.65,bcms,ig_token.jsonl
/scratch/project_2006235/shibboleth/models/bcms_setimes/iter9/model_fold4/shap_token.jsonl,/scratch/project_2005047/explainability/data_groundtruth/bcms/setimes_large/iter_folds/iter9/dev_iter9_fold4_features.jsonl,20439,5.64,8.832,95.212,16.165,79.893,shibboleth/models/bcms_setimes/iter9/model_fold4/shap_results+wl.txt,6776762158.0,0.0,0.799,bcms,shap_token.jsonl
/scratch/project_2006235/shibboleth/models/bcms_setimes/iter9/model_fold4/loo_token.jsonl,/scratch/project_2005047/explainability/data_groundtruth/bcms/setimes_large/iter_folds/iter9/dev_iter9_fold4_features.jsonl,20439,3.651,7.866,61.624,13.951,61.744,shibboleth/models/bcms_setimes/iter9/model_fold4/loo_results+wl.txt,5237335980.0,0.0,0.617,bcms,loo_token.jsonl
/scratch/project_2006235/shibboleth/models/bcms_setimes/iter9/model_fold4/lime_token.jsonl,/scratch/project_2005047/explainability/data_groundtruth/bcms/setimes_large/iter_folds/iter9/dev_iter9_fold4_features.jsonl,20439,5.776,9.277,97.511,16.943,78.74,shibboleth/models/bcms_setimes/iter9/model_fold4/lime_results+wl.txt,6738669890.0,0.0,0.787,bcms,lime_token.jsonl
/scratch/project_2006235/shibboleth/models/bcms_setimes/iter9/model_fold4/ig_token.jsonl,/scratch/project_2005047/explainability/data_groundtruth/bcms/setimes_large/iter_folds/iter9/dev_iter9_fold4_features.jsonl,20439,4.263,7.113,71.969,12.947,62.768,shibboleth/models/bcms_setimes/iter9/model_fold4/ig_results+wl.txt,5324166375.5,0.0,0.628,bcms,ig_token.jsonl
/scratch/project_2006235/shibboleth/models/bcms_setimes/iter9/model_fold7/shap_token.jsonl,/scratch/project_2005047/explainability/data_groundtruth/bcms/setimes_large/iter_folds/iter9/dev_iter9_fold7_features.jsonl,20439,5.449,8.345,91.273,15.291,74.141,shibboleth/models/bcms_setimes/iter9/model_fold7/shap_results+wl.txt,6313327492.5,0.0,0.741,bcms,shap_token.jsonl
/scratch/project_2006235/shibboleth/models/bcms_setimes/iter9/model_fold7/loo_token.jsonl,/scratch/project_2005047/explainability/data_groundtruth/bcms/setimes_large/iter_folds/iter9/dev_iter9_fold7_features.jsonl,20439,5.102,7.76,85.469,14.229,69.88,shibboleth/models/bcms_setimes/iter9/model_fold7/loo_results+wl.txt,5950466565.5,0.0,0.699,bcms,loo_token.jsonl
/scratch/project_2006235/shibboleth/models/bcms_setimes/iter9/model_fold7/lime_token.jsonl,/scratch/project_2005047/explainability/data_groundtruth/bcms/setimes_large/iter_folds/iter9/dev_iter9_fold7_features.jsonl,20439,5.747,9.411,96.269,17.145,78.157,shibboleth/models/bcms_setimes/iter9/model_fold7/lime_results+wl.txt,6705820731.5,0.0,0.782,bcms,lime_token.jsonl
/scratch/project_2006235/shibboleth/models/bcms_setimes/iter9/model_fold7/ig_token.jsonl,/scratch/project_2005047/explainability/data_groundtruth/bcms/setimes_large/iter_folds/iter9/dev_iter9_fold7_features.jsonl,20439,4.57,7.543,76.554,13.734,66.169,shibboleth/models/bcms_setimes/iter9/model_fold7/ig_results+wl.txt,5634484613.5,0.0,0.662,bcms,ig_token.jsonl
/scratch/project_2006235/shibboleth/models/bcms_setimes/iter9/model_fold3/shap_token.jsonl,/scratch/project_2005047/explainability/data_groundtruth/bcms/setimes_large/iter_folds/iter9/dev_iter9_fold3_features.jsonl,20439,5.586,8.656,94.851,15.864,76.57,shibboleth/models/bcms_setimes/iter9/model_fold3/shap_results+wl.txt,6466770517.5,0.0,0.766,bcms,shap_token.jsonl
/scratch/project_2006235/shibboleth/models/bcms_setimes/iter9/model_fold3/loo_token.jsonl,/scratch/project_2005047/explainability/data_groundtruth/bcms/setimes_large/iter_folds/iter9/dev_iter9_fold3_features.jsonl,20439,4.411,8.169,74.896,14.732,67.779,shibboleth/models/bcms_setimes/iter9/model_fold3/loo_results+wl.txt,5724291385.5,0.0,0.678,bcms,loo_token.jsonl
/scratch/project_2006235/shibboleth/models/bcms_setimes/iter9/model_fold3/lime_token.jsonl,/scratch/project_2005047/explainability/data_groundtruth/bcms/setimes_large/iter_folds/iter9/dev_iter9_fold3_features.jsonl,20439,5.751,9.277,97.663,16.945,78.536,shibboleth/models/bcms_setimes/iter9/model_fold3/lime_results+wl.txt,6690401932.5,0.0,0.785,bcms,lime_token.jsonl
/scratch/project_2006235/shibboleth/models/bcms_setimes/iter9/model_fold3/ig_token.jsonl,/scratch/project_2005047/explainability/data_groundtruth/bcms/setimes_large/iter_folds/iter9/dev_iter9_fold3_features.jsonl,20439,4.337,7.272,73.652,13.237,64.717,shibboleth/models/bcms_setimes/iter9/model_fold3/ig_results+wl.txt,5465727948.0,0.0,0.647,bcms,ig_token.jsonl
/scratch/project_2006235/shibboleth/models/bcms_setimes/iter9/model_fold9/shap_token.jsonl,/scratch/project_2005047/explainability/data_groundtruth/bcms/setimes_large/iter_folds/iter9/dev_iter9_fold9_features.jsonl,20438,5.604,9.061,94.04,16.53,78.125,shibboleth/models/bcms_setimes/iter9/model_fold9/shap_results+wl.txt,6652373604.5,0.0,0.781,bcms,shap_token.jsonl
/scratch/project_2006235/shibboleth/models/bcms_setimes/iter9/model_fold9/loo_token.jsonl,/scratch/project_2005047/explainability/data_groundtruth/bcms/setimes_large/iter_folds/iter9/dev_iter9_fold9_features.jsonl,20438,2.954,7.933,49.568,13.678,53.156,shibboleth/models/bcms_setimes/iter9/model_fold9/loo_results+wl.txt,4526261164.0,6.895e-60,0.532,bcms,loo_token.jsonl
/scratch/project_2006235/shibboleth/models/bcms_setimes/iter9/model_fold9/lime_token.jsonl,/scratch/project_2005047/explainability/data_groundtruth/bcms/setimes_large/iter_folds/iter9/dev_iter9_fold9_features.jsonl,20438,5.263,9.175,88.311,16.623,74.775,shibboleth/models/bcms_setimes/iter9/model_fold9/lime_results+wl.txt,6416644260.0,0.0,0.748,bcms,lime_token.jsonl
/scratch/project_2006235/shibboleth/models/bcms_setimes/iter9/model_fold9/ig_token.jsonl,/scratch/project_2005047/explainability/data_groundtruth/bcms/setimes_large/iter_folds/iter9/dev_iter9_fold9_features.jsonl,20438,3.942,7.045,66.156,12.733,60.327,shibboleth/models/bcms_setimes/iter9/model_fold9/ig_results+wl.txt,5136831157.5,0.0,0.603,bcms,ig_token.jsonl
/scratch/project_2006235/shibboleth/models/bcms_setimes/iter1/model_fold5/shap_token.jsonl,/scratch/project_2005047/explainability/data_groundtruth/bcms/setimes_large/iter_folds/iter1/dev_iter1_fold5_features.jsonl,20439,5.731,8.661,96.006,15.889,79.8,shibboleth/models/bcms_setimes/iter1/model_fold5/shap_results+wl.txt,6846481550.0,0.0,0.798,bcms,shap_token.jsonl
/scratch/project_2006235/shibboleth/models/bcms_setimes/iter1/model_fold5/loo_token.jsonl,/scratch/project_2005047/explainability/data_groundtruth/bcms/setimes_large/iter_folds/iter1/dev_iter1_fold5_features.jsonl,20439,2.657,5.569,44.521,9.9,45.58,shibboleth/models/bcms_setimes/iter1/model_fold5/loo_results+wl.txt,3910547103.0,1.0,0.456,bcms,loo_token.jsonl
/scratch/project_2006235/shibboleth/models/bcms_setimes/iter1/model_fold5/lime_token.jsonl,/scratch/project_2005047/explainability/data_groundtruth/bcms/setimes_large/iter_folds/iter1/dev_iter1_fold5_features.jsonl,20439,5.541,9.167,92.83,16.685,78.405,shibboleth/models/bcms_setimes/iter1/model_fold5/lime_results+wl.txt,6779128310.5,0.0,0.784,bcms,lime_token.jsonl
/scratch/project_2006235/shibboleth/models/bcms_setimes/iter1/model_fold5/ig_token.jsonl,/scratch/project_2005047/explainability/data_groundtruth/bcms/setimes_large/iter_folds/iter1/dev_iter1_fold5_features.jsonl,20439,4.198,7.222,70.338,13.099,62.21,shibboleth/models/bcms_setimes/iter1/model_fold5/ig_results+wl.txt,5337360494.0,0.0,0.622,bcms,ig_token.jsonl
/scratch/project_2006235/shibboleth/models/bcms_setimes/iter1/model_fold2/shap_token.jsonl,/scratch/project_2005047/explainability/data_groundtruth/bcms/setimes_large/iter_folds/iter1/dev_iter1_fold2_features.jsonl,20440,5.615,8.795,94.129,16.087,74.963,shibboleth/models/bcms_setimes/iter1/model_fold2/shap_results+wl.txt,6408022318.5,0.0,0.75,bcms,shap_token.jsonl
/scratch/project_2006235/shibboleth/models/bcms_setimes/iter1/model_fold2/loo_token.jsonl,/scratch/project_2005047/explainability/data_groundtruth/bcms/setimes_large/iter_folds/iter1/dev_iter1_fold2_features.jsonl,20440,2.961,5.715,49.629,10.249,45.047,shibboleth/models/bcms_setimes/iter1/model_fold2/loo_results+wl.txt,3850749743.0,1.0,0.45,bcms,loo_token.jsonl
/scratch/project_2006235/shibboleth/models/bcms_setimes/iter1/model_fold2/lime_token.jsonl,/scratch/project_2005047/explainability/data_groundtruth/bcms/setimes_large/iter_folds/iter1/dev_iter1_fold2_features.jsonl,20440,5.456,9.105,91.453,16.56,78.413,shibboleth/models/bcms_setimes/iter1/model_fold2/lime_results+wl.txt,6757974436.0,0.0,0.784,bcms,lime_token.jsonl
/scratch/project_2006235/shibboleth/models/bcms_setimes/iter1/model_fold2/ig_token.jsonl,/scratch/project_2005047/explainability/data_groundtruth/bcms/setimes_large/iter_folds/iter1/dev_iter1_fold2_features.jsonl,20440,3.841,7.033,64.392,12.68,59.134,shibboleth/models/bcms_setimes/iter1/model_fold2/ig_results+wl.txt,5054901993.0,0.0,0.591,bcms,ig_token.jsonl
/scratch/project_2006235/shibboleth/models/bcms_setimes/iter1/model_fold10/shap_token.jsonl,/scratch/project_2005047/explainability/data_groundtruth/bcms/setimes_large/iter_folds/iter1/dev_iter1_fold10_features.jsonl,20438,5.692,8.687,95.404,15.924,76.978,shibboleth/models/bcms_setimes/iter1/model_fold10/shap_results+wl.txt,6577660779.5,0.0,0.77,bcms,shap_token.jsonl
/scratch/project_2006235/shibboleth/models/bcms_setimes/iter1/model_fold10/loo_token.jsonl,/scratch/project_2005047/explainability/data_groundtruth/bcms/setimes_large/iter_folds/iter1/dev_iter1_fold10_features.jsonl,20438,4.317,10.078,72.361,17.692,70.815,shibboleth/models/bcms_setimes/iter1/model_fold10/loo_results+wl.txt,6051085099.5,0.0,0.708,bcms,loo_token.jsonl
/scratch/project_2006235/shibboleth/models/bcms_setimes/iter1/model_fold10/lime_token.jsonl,/scratch/project_2005047/explainability/data_groundtruth/bcms/setimes_large/iter_folds/iter1/dev_iter1_fold10_features.jsonl,20438,5.81,9.48,97.38,17.277,77.914,shibboleth/models/bcms_setimes/iter1/model_fold10/lime_results+wl.txt,6714859382.5,0.0,0.779,bcms,lime_token.jsonl
/scratch/project_2006235/shibboleth/models/bcms_setimes/iter1/model_fold10/ig_token.jsonl,/scratch/project_2005047/explainability/data_groundtruth/bcms/setimes_large/iter_folds/iter1/dev_iter1_fold10_features.jsonl,20438,4.229,6.602,70.872,12.079,58.82,shibboleth/models/bcms_setimes/iter1/model_fold10/ig_results+wl.txt,5026158848.0,0.0,0.588,bcms,ig_token.jsonl
/scratch/project_2006235/shibboleth/models/bcms_setimes/iter1/model_fold1/shap_token.jsonl,/scratch/project_2005047/explainability/data_groundtruth/bcms/setimes_large/iter_folds/iter1/dev_iter1_fold1_features.jsonl,20440,5.715,8.738,96.361,16.023,77.736,shibboleth/models/bcms_setimes/iter1/model_fold1/shap_results+wl.txt,6566105301.5,0.0,0.777,bcms,shap_token.jsonl
/scratch/project_2006235/shibboleth/models/bcms_setimes/iter1/model_fold1/loo_token.jsonl,/scratch/project_2005047/explainability/data_groundtruth/bcms/setimes_large/iter_folds/iter1/dev_iter1_fold1_features.jsonl,20440,1.841,8.755,31.049,13.658,60.126,shibboleth/models/bcms_setimes/iter1/model_fold1/loo_results+wl.txt,5078685834.0,0.0,0.601,bcms,loo_token.jsonl
/scratch/project_2006235/shibboleth/models/bcms_setimes/iter1/model_fold1/lime_token.jsonl,/scratch/project_2005047/explainability/data_groundtruth/bcms/setimes_large/iter_folds/iter1/dev_iter1_fold1_features.jsonl,20440,5.809,9.279,97.942,16.952,78.616,shibboleth/models/bcms_setimes/iter1/model_fold1/lime_results+wl.txt,6692688828.5,0.0,0.786,bcms,lime_token.jsonl
/scratch/project_2006235/shibboleth/models/bcms_setimes/iter1/model_fold1/ig_token.jsonl,/scratch/project_2005047/explainability/data_groundtruth/bcms/setimes_large/iter_folds/iter1/dev_iter1_fold1_features.jsonl,20440,4.77,7.58,80.427,13.855,67.505,shibboleth/models/bcms_setimes/iter1/model_fold1/ig_results+wl.txt,5701974440.0,0.0,0.675,bcms,ig_token.jsonl
/scratch/project_2006235/shibboleth/models/bcms_setimes/iter1/model_fold6/shap_token.jsonl,/scratch/project_2005047/explainability/data_groundtruth/bcms/setimes_large/iter_folds/iter1/dev_iter1_fold6_features.jsonl,20439,5.547,8.363,93.569,15.354,71.328,shibboleth/models/bcms_setimes/iter1/model_fold6/shap_results+wl.txt,6115784465.5,0.0,0.713,bcms,shap_token.jsonl
/scratch/project_2006235/shibboleth/models/bcms_setimes/iter1/model_fold6/loo_token.jsonl,/scratch/project_2005047/explainability/data_groundtruth/bcms/setimes_large/iter_folds/iter1/dev_iter1_fold6_features.jsonl,20439,2.811,7.577,47.415,13.066,56.102,shibboleth/models/bcms_setimes/iter1/model_fold6/loo_results+wl.txt,4810328175.5,5.272e-241,0.561,bcms,loo_token.jsonl
/scratch/project_2006235/shibboleth/models/bcms_setimes/iter1/model_fold6/lime_token.jsonl,/scratch/project_2005047/explainability/data_groundtruth/bcms/setimes_large/iter_folds/iter1/dev_iter1_fold6_features.jsonl,20439,5.737,9.248,96.763,16.882,78.479,shibboleth/models/bcms_setimes/iter1/model_fold6/lime_results+wl.txt,6777315810.5,0.0,0.785,bcms,lime_token.jsonl
/scratch/project_2006235/shibboleth/models/bcms_setimes/iter1/model_fold6/ig_token.jsonl,/scratch/project_2005047/explainability/data_groundtruth/bcms/setimes_large/iter_folds/iter1/dev_iter1_fold6_features.jsonl,20439,4.416,7.098,74.484,12.961,62.84,shibboleth/models/bcms_setimes/iter1/model_fold6/ig_results+wl.txt,5388042159.0,0.0,0.628,bcms,ig_token.jsonl
/scratch/project_2006235/shibboleth/models/bcms_setimes/iter1/model_fold8/shap_token.jsonl,/scratch/project_2005047/explainability/data_groundtruth/bcms/setimes_large/iter_folds/iter1/dev_iter1_fold8_features.jsonl,20438,5.567,8.77,94.422,16.05,76.754,shibboleth/models/bcms_setimes/iter1/model_fold8/shap_results+wl.txt,6386415982.0,0.0,0.768,bcms,shap_token.jsonl
/scratch/project_2006235/shibboleth/models/bcms_setimes/iter1/model_fold8/loo_token.jsonl,/scratch/project_2005047/explainability/data_groundtruth/bcms/setimes_large/iter_folds/iter1/dev_iter1_fold8_features.jsonl,20438,1.44,3.748,24.42,6.499,35.068,shibboleth/models/bcms_setimes/iter1/model_fold8/loo_results+wl.txt,2917877143.0,1.0,0.351,bcms,loo_token.jsonl
/scratch/project_2006235/shibboleth/models/bcms_setimes/iter1/model_fold8/lime_token.jsonl,/scratch/project_2005047/explainability/data_groundtruth/bcms/setimes_large/iter_folds/iter1/dev_iter1_fold8_features.jsonl,20438,5.478,8.906,92.926,16.253,77.688,shibboleth/models/bcms_setimes/iter1/model_fold8/lime_results+wl.txt,6520888010.0,0.0,0.777,bcms,lime_token.jsonl
/scratch/project_2006235/shibboleth/models/bcms_setimes/iter1/model_fold8/ig_token.jsonl,/scratch/project_2005047/explainability/data_groundtruth/bcms/setimes_large/iter_folds/iter1/dev_iter1_fold8_features.jsonl,20438,4.12,7.233,69.885,13.109,62.495,shibboleth/models/bcms_setimes/iter1/model_fold8/ig_results+wl.txt,5199983807.5,0.0,0.625,bcms,ig_token.jsonl
/scratch/project_2006235/shibboleth/models/bcms_setimes/iter1/model_fold4/shap_token.jsonl,/scratch/project_2005047/explainability/data_groundtruth/bcms/setimes_large/iter_folds/iter1/dev_iter1_fold4_features.jsonl,20439,5.352,8.068,90.666,14.818,69.808,shibboleth/models/bcms_setimes/iter1/model_fold4/shap_results+wl.txt,5925476291.0,0.0,0.698,bcms,shap_token.jsonl
/scratch/project_2006235/shibboleth/models/bcms_setimes/iter1/model_fold4/loo_token.jsonl,/scratch/project_2005047/explainability/data_groundtruth/bcms/setimes_large/iter_folds/iter1/dev_iter1_fold4_features.jsonl,20439,1.184,8.189,20.053,11.629,50.556,shibboleth/models/bcms_setimes/iter1/model_fold4/loo_results+wl.txt,4291338053.5,0.0001422,0.506,bcms,loo_token.jsonl
/scratch/project_2006235/shibboleth/models/bcms_setimes/iter1/model_fold4/lime_token.jsonl,/scratch/project_2005047/explainability/data_groundtruth/bcms/setimes_large/iter_folds/iter1/dev_iter1_fold4_features.jsonl,20439,5.687,9.055,96.345,16.554,78.288,shibboleth/models/bcms_setimes/iter1/model_fold4/lime_results+wl.txt,6707321135.5,0.0,0.783,bcms,lime_token.jsonl
/scratch/project_2006235/shibboleth/models/bcms_setimes/iter1/model_fold4/ig_token.jsonl,/scratch/project_2005047/explainability/data_groundtruth/bcms/setimes_large/iter_folds/iter1/dev_iter1_fold4_features.jsonl,20439,4.298,7.097,72.804,12.932,63.595,shibboleth/models/bcms_setimes/iter1/model_fold4/ig_results+wl.txt,5398074985.0,0.0,0.636,bcms,ig_token.jsonl
/scratch/project_2006235/shibboleth/models/bcms_setimes/iter1/model_fold7/shap_token.jsonl,/scratch/project_2005047/explainability/data_groundtruth/bcms/setimes_large/iter_folds/iter1/dev_iter1_fold7_features.jsonl,20439,5.605,8.695,94.646,15.927,78.763,shibboleth/models/bcms_setimes/iter1/model_fold7/shap_results+wl.txt,6706099647.0,0.0,0.788,bcms,shap_token.jsonl
/scratch/project_2006235/shibboleth/models/bcms_setimes/iter1/model_fold7/loo_token.jsonl,/scratch/project_2005047/explainability/data_groundtruth/bcms/setimes_large/iter_folds/iter1/dev_iter1_fold7_features.jsonl,20439,4.334,9.918,73.178,17.468,69.771,shibboleth/models/bcms_setimes/iter1/model_fold7/loo_results+wl.txt,5940460005.5,0.0,0.698,bcms,loo_token.jsonl
/scratch/project_2006235/shibboleth/models/bcms_setimes/iter1/model_fold7/lime_token.jsonl,/scratch/project_2005047/explainability/data_groundtruth/bcms/setimes_large/iter_folds/iter1/dev_iter1_fold7_features.jsonl,20439,5.758,9.257,97.226,16.905,79.365,shibboleth/models/bcms_setimes/iter1/model_fold7/lime_results+wl.txt,6806503826.0,0.0,0.794,bcms,lime_token.jsonl
/scratch/project_2006235/shibboleth/models/bcms_setimes/iter1/model_fold7/ig_token.jsonl,/scratch/project_2005047/explainability/data_groundtruth/bcms/setimes_large/iter_folds/iter1/dev_iter1_fold7_features.jsonl,20439,4.428,7.17,74.767,13.085,64.121,shibboleth/models/bcms_setimes/iter1/model_fold7/ig_results+wl.txt,5459446161.5,0.0,0.641,bcms,ig_token.jsonl
/scratch/project_2006235/shibboleth/models/bcms_setimes/iter1/model_fold3/shap_token.jsonl,/scratch/project_2005047/explainability/data_groundtruth/bcms/setimes_large/iter_folds/iter1/dev_iter1_fold3_features.jsonl,20439,5.605,8.62,94.259,15.796,74.772,shibboleth/models/bcms_setimes/iter1/model_fold3/shap_results+wl.txt,6398761259.0,0.0,0.748,bcms,shap_token.jsonl
/scratch/project_2006235/shibboleth/models/bcms_setimes/iter1/model_fold3/loo_token.jsonl,/scratch/project_2005047/explainability/data_groundtruth/bcms/setimes_large/iter_folds/iter1/dev_iter1_fold3_features.jsonl,20439,2.592,10.649,43.588,17.117,58.937,shibboleth/models/bcms_setimes/iter1/model_fold3/loo_results+wl.txt,5043666019.5,0.0,0.589,bcms,loo_token.jsonl
/scratch/project_2006235/shibboleth/models/bcms_setimes/iter1/model_fold3/lime_token.jsonl,/scratch/project_2005047/explainability/data_groundtruth/bcms/setimes_large/iter_folds/iter1/dev_iter1_fold3_features.jsonl,20439,5.651,9.087,95.018,16.588,78.032,shibboleth/models/bcms_setimes/iter1/model_fold3/lime_results+wl.txt,6741138871.5,0.0,0.78,bcms,lime_token.jsonl
/scratch/project_2006235/shibboleth/models/bcms_setimes/iter1/model_fold3/ig_token.jsonl,/scratch/project_2005047/explainability/data_groundtruth/bcms/setimes_large/iter_folds/iter1/dev_iter1_fold3_features.jsonl,20439,4.269,7.339,71.792,13.317,63.651,shibboleth/models/bcms_setimes/iter1/model_fold3/ig_results+wl.txt,5447055517.0,0.0,0.637,bcms,ig_token.jsonl
/scratch/project_2006235/shibboleth/models/bcms_setimes/iter1/model_fold9/shap_token.jsonl,/scratch/project_2005047/explainability/data_groundtruth/bcms/setimes_large/iter_folds/iter1/dev_iter1_fold9_features.jsonl,20438,5.635,8.864,94.275,16.205,76.779,shibboleth/models/bcms_setimes/iter1/model_fold9/shap_results+wl.txt,6619618835.0,0.0,0.768,bcms,shap_token.jsonl
/scratch/project_2006235/shibboleth/models/bcms_setimes/iter1/model_fold9/loo_token.jsonl,/scratch/project_2005047/explainability/data_groundtruth/bcms/setimes_large/iter_folds/iter1/dev_iter1_fold9_features.jsonl,20438,3.34,7.573,55.878,13.338,57.256,shibboleth/models/bcms_setimes/iter1/model_fold9/loo_results+wl.txt,4936438371.5,3.04e-305,0.573,bcms,loo_token.jsonl
/scratch/project_2006235/shibboleth/models/bcms_setimes/iter1/model_fold9/lime_token.jsonl,/scratch/project_2005047/explainability/data_groundtruth/bcms/setimes_large/iter_folds/iter1/dev_iter1_fold9_features.jsonl,20438,5.836,9.39,97.632,17.132,78.33,shibboleth/models/bcms_setimes/iter1/model_fold9/lime_results+wl.txt,6808148750.5,0.0,0.783,bcms,lime_token.jsonl
/scratch/project_2006235/shibboleth/models/bcms_setimes/iter1/model_fold9/ig_token.jsonl,/scratch/project_2005047/explainability/data_groundtruth/bcms/setimes_large/iter_folds/iter1/dev_iter1_fold9_features.jsonl,20438,4.142,6.887,69.301,12.529,60.224,shibboleth/models/bcms_setimes/iter1/model_fold9/ig_results+wl.txt,5192290128.5,0.0,0.602,bcms,ig_token.jsonl
/scratch/project_2006235/shibboleth/models/bcms_setimes/iter7/model_fold5/shap_token.jsonl,/scratch/project_2005047/explainability/data_groundtruth/bcms/setimes_large/iter_folds/iter7/dev_iter7_fold5_features.jsonl,20439,5.642,8.221,95.827,15.142,86.183,shibboleth/models/bcms_setimes/iter7/model_fold5/shap_results+wl.txt,7276480811.0,0.0,0.862,bcms,shap_token.jsonl
/scratch/project_2006235/shibboleth/models/bcms_setimes/iter7/model_fold5/loo_token.jsonl,/scratch/project_2005047/explainability/data_groundtruth/bcms/setimes_large/iter_folds/iter7/dev_iter7_fold5_features.jsonl,20439,4.984,7.815,84.644,14.309,68.634,shibboleth/models/bcms_setimes/iter7/model_fold5/loo_results+wl.txt,5794808517.5,0.0,0.686,bcms,loo_token.jsonl
/scratch/project_2006235/shibboleth/models/bcms_setimes/iter7/model_fold5/lime_token.jsonl,/scratch/project_2005047/explainability/data_groundtruth/bcms/setimes_large/iter_folds/iter7/dev_iter7_fold5_features.jsonl,20439,5.714,9.158,97.055,16.737,81.144,shibboleth/models/bcms_setimes/iter7/model_fold5/lime_results+wl.txt,6904312566.5,0.0,0.811,bcms,lime_token.jsonl
/scratch/project_2006235/shibboleth/models/bcms_setimes/iter7/model_fold5/ig_token.jsonl,/scratch/project_2005047/explainability/data_groundtruth/bcms/setimes_large/iter_folds/iter7/dev_iter7_fold5_features.jsonl,20439,4.785,7.491,81.28,13.718,68.54,shibboleth/models/bcms_setimes/iter7/model_fold5/ig_results+wl.txt,5786884099.5,0.0,0.685,bcms,ig_token.jsonl
/scratch/project_2006235/shibboleth/models/bcms_setimes/iter7/model_fold2/shap_token.jsonl,/scratch/project_2005047/explainability/data_groundtruth/bcms/setimes_large/iter_folds/iter7/dev_iter7_fold2_features.jsonl,20440,5.566,8.662,93.453,15.855,80.884,shibboleth/models/bcms_setimes/iter7/model_fold2/shap_results+wl.txt,6943571594.0,0.0,0.809,bcms,shap_token.jsonl
/scratch/project_2006235/shibboleth/models/bcms_setimes/iter7/model_fold2/loo_token.jsonl,/scratch/project_2005047/explainability/data_groundtruth/bcms/setimes_large/iter_folds/iter7/dev_iter7_fold2_features.jsonl,20440,5.158,7.553,86.608,13.893,64.785,shibboleth/models/bcms_setimes/iter7/model_fold2/loo_results+wl.txt,5561511598.5,0.0,0.648,bcms,loo_token.jsonl
/scratch/project_2006235/shibboleth/models/bcms_setimes/iter7/model_fold2/lime_token.jsonl,/scratch/project_2005047/explainability/data_groundtruth/bcms/setimes_large/iter_folds/iter7/dev_iter7_fold2_features.jsonl,20440,5.775,9.439,96.961,17.203,79.481,shibboleth/models/bcms_setimes/iter7/model_fold2/lime_results+wl.txt,6875955805.0,0.0,0.795,bcms,lime_token.jsonl
/scratch/project_2006235/shibboleth/models/bcms_setimes/iter7/model_fold2/ig_token.jsonl,/scratch/project_2005047/explainability/data_groundtruth/bcms/setimes_large/iter_folds/iter7/dev_iter7_fold2_features.jsonl,20440,4.706,7.826,79.009,14.241,67.49,shibboleth/models/bcms_setimes/iter7/model_fold2/ig_results+wl.txt,5793726576.0,0.0,0.675,bcms,ig_token.jsonl
/scratch/project_2006235/shibboleth/models/bcms_setimes/iter7/model_fold10/shap_token.jsonl,/scratch/project_2005047/explainability/data_groundtruth/bcms/setimes_large/iter_folds/iter7/dev_iter7_fold10_features.jsonl,20438,5.565,8.698,93.347,15.914,72.034,shibboleth/models/bcms_setimes/iter7/model_fold10/shap_results+wl.txt,6140934012.0,0.0,0.72,bcms,shap_token.jsonl
/scratch/project_2006235/shibboleth/models/bcms_setimes/iter7/model_fold10/loo_token.jsonl,/scratch/project_2005047/explainability/data_groundtruth/bcms/setimes_large/iter_folds/iter7/dev_iter7_fold10_features.jsonl,20438,1.52,6.255,25.487,10.045,43.844,shibboleth/models/bcms_setimes/iter7/model_fold10/loo_results+wl.txt,3737681368.5,1.0,0.438,bcms,loo_token.jsonl
/scratch/project_2006235/shibboleth/models/bcms_setimes/iter7/model_fold10/lime_token.jsonl,/scratch/project_2005047/explainability/data_groundtruth/bcms/setimes_large/iter_folds/iter7/dev_iter7_fold10_features.jsonl,20438,5.525,8.976,92.664,16.366,78.56,shibboleth/models/bcms_setimes/iter7/model_fold10/lime_results+wl.txt,6758089144.5,0.0,0.786,bcms,lime_token.jsonl
/scratch/project_2006235/shibboleth/models/bcms_setimes/iter7/model_fold10/ig_token.jsonl,/scratch/project_2005047/explainability/data_groundtruth/bcms/setimes_large/iter_folds/iter7/dev_iter7_fold10_features.jsonl,20438,4.467,7.0,74.927,12.804,62.481,shibboleth/models/bcms_setimes/iter7/model_fold10/ig_results+wl.txt,5326535111.5,0.0,0.625,bcms,ig_token.jsonl
/scratch/project_2006235/shibboleth/models/bcms_setimes/iter7/model_fold1/shap_token.jsonl,/scratch/project_2005047/explainability/data_groundtruth/bcms/setimes_large/iter_folds/iter7/dev_iter7_fold1_features.jsonl,20440,5.523,8.502,92.977,15.579,76.235,shibboleth/models/bcms_setimes/iter7/model_fold1/shap_results+wl.txt,6458704848.0,0.0,0.762,bcms,shap_token.jsonl
/scratch/project_2006235/shibboleth/models/bcms_setimes/iter7/model_fold1/loo_token.jsonl,/scratch/project_2005047/explainability/data_groundtruth/bcms/setimes_large/iter_folds/iter7/dev_iter7_fold1_features.jsonl,20440,2.436,6.514,41.003,11.241,48.987,shibboleth/models/bcms_setimes/iter7/model_fold1/loo_results+wl.txt,4150219482.0,1.0,0.49,bcms,loo_token.jsonl
/scratch/project_2006235/shibboleth/models/bcms_setimes/iter7/model_fold1/lime_token.jsonl,/scratch/project_2005047/explainability/data_groundtruth/bcms/setimes_large/iter_folds/iter7/dev_iter7_fold1_features.jsonl,20440,5.673,9.096,95.494,16.611,79.194,shibboleth/models/bcms_setimes/iter7/model_fold1/lime_results+wl.txt,6766334448.0,0.0,0.792,bcms,lime_token.jsonl
/scratch/project_2006235/shibboleth/models/bcms_setimes/iter7/model_fold1/ig_token.jsonl,/scratch/project_2005047/explainability/data_groundtruth/bcms/setimes_large/iter_folds/iter7/dev_iter7_fold1_features.jsonl,20440,4.125,6.884,69.436,12.526,60.193,shibboleth/models/bcms_setimes/iter7/model_fold1/ig_results+wl.txt,5099656750.5,0.0,0.602,bcms,ig_token.jsonl
/scratch/project_2006235/shibboleth/models/bcms_setimes/iter7/model_fold6/shap_token.jsonl,/scratch/project_2005047/explainability/data_groundtruth/bcms/setimes_large/iter_folds/iter7/dev_iter7_fold6_features.jsonl,20439,5.634,8.271,94.718,15.214,73.19,shibboleth/models/bcms_setimes/iter7/model_fold6/shap_results+wl.txt,6284300690.5,0.0,0.732,bcms,shap_token.jsonl
/scratch/project_2006235/shibboleth/models/bcms_setimes/iter7/model_fold6/loo_token.jsonl,/scratch/project_2005047/explainability/data_groundtruth/bcms/setimes_large/iter_folds/iter7/dev_iter7_fold6_features.jsonl,20439,2.91,11.316,48.919,18.38,63.64,shibboleth/models/bcms_setimes/iter7/model_fold6/loo_results+wl.txt,5464319221.0,0.0,0.636,bcms,loo_token.jsonl
/scratch/project_2006235/shibboleth/models/bcms_setimes/iter7/model_fold6/lime_token.jsonl,/scratch/project_2005047/explainability/data_groundtruth/bcms/setimes_large/iter_folds/iter7/dev_iter7_fold6_features.jsonl,20439,5.816,9.243,97.775,16.89,78.19,shibboleth/models/bcms_setimes/iter7/model_fold6/lime_results+wl.txt,6768093993.0,0.0,0.782,bcms,lime_token.jsonl
/scratch/project_2006235/shibboleth/models/bcms_setimes/iter7/model_fold6/ig_token.jsonl,/scratch/project_2005047/explainability/data_groundtruth/bcms/setimes_large/iter_folds/iter7/dev_iter7_fold6_features.jsonl,20439,4.378,7.098,73.598,12.947,62.205,shibboleth/models/bcms_setimes/iter7/model_fold6/ig_results+wl.txt,5341105628.0,0.0,0.622,bcms,ig_token.jsonl
/scratch/project_2006235/shibboleth/models/bcms_setimes/iter7/model_fold8/shap_token.jsonl,/scratch/project_2005047/explainability/data_groundtruth/bcms/setimes_large/iter_folds/iter7/dev_iter7_fold8_features.jsonl,20438,5.664,8.985,94.484,16.409,79.13,shibboleth/models/bcms_setimes/iter7/model_fold8/shap_results+wl.txt,6864835943.5,0.0,0.791,bcms,shap_token.jsonl
/scratch/project_2006235/shibboleth/models/bcms_setimes/iter7/model_fold8/loo_token.jsonl,/scratch/project_2005047/explainability/data_groundtruth/bcms/setimes_large/iter_folds/iter7/dev_iter7_fold8_features.jsonl,20438,1.498,5.594,24.996,9.143,46.595,shibboleth/models/bcms_setimes/iter7/model_fold8/loo_results+wl.txt,4042308350.0,1.0,0.466,bcms,loo_token.jsonl
/scratch/project_2006235/shibboleth/models/bcms_setimes/iter7/model_fold8/lime_token.jsonl,/scratch/project_2005047/explainability/data_groundtruth/bcms/setimes_large/iter_folds/iter7/dev_iter7_fold8_features.jsonl,20438,5.593,9.122,93.297,16.618,78.989,shibboleth/models/bcms_setimes/iter7/model_fold8/lime_results+wl.txt,6910738788.0,0.0,0.79,bcms,lime_token.jsonl
/scratch/project_2006235/shibboleth/models/bcms_setimes/iter7/model_fold8/ig_token.jsonl,/scratch/project_2005047/explainability/data_groundtruth/bcms/setimes_large/iter_folds/iter7/dev_iter7_fold8_features.jsonl,20438,3.988,6.804,66.523,12.346,58.286,shibboleth/models/bcms_setimes/iter7/model_fold8/ig_results+wl.txt,5056541124.5,0.0,0.583,bcms,ig_token.jsonl
/scratch/project_2006235/shibboleth/models/bcms_setimes/iter7/model_fold4/shap_token.jsonl,/scratch/project_2005047/explainability/data_groundtruth/bcms/setimes_large/iter_folds/iter7/dev_iter7_fold4_features.jsonl,20439,5.548,8.78,93.787,16.057,78.413,shibboleth/models/bcms_setimes/iter7/model_fold4/shap_results+wl.txt,6582894362.0,0.0,0.784,bcms,shap_token.jsonl
/scratch/project_2006235/shibboleth/models/bcms_setimes/iter7/model_fold4/loo_token.jsonl,/scratch/project_2005047/explainability/data_groundtruth/bcms/setimes_large/iter_folds/iter7/dev_iter7_fold4_features.jsonl,20439,3.12,5.503,52.743,9.966,45.814,shibboleth/models/bcms_setimes/iter7/model_fold4/loo_results+wl.txt,3846159516.5,1.0,0.458,bcms,loo_token.jsonl
/scratch/project_2006235/shibboleth/models/bcms_setimes/iter7/model_fold4/lime_token.jsonl,/scratch/project_2005047/explainability/data_groundtruth/bcms/setimes_large/iter_folds/iter7/dev_iter7_fold4_features.jsonl,20439,5.485,9.104,92.732,16.58,78.413,shibboleth/models/bcms_setimes/iter7/model_fold4/lime_results+wl.txt,6635493881.0,0.0,0.784,bcms,lime_token.jsonl
/scratch/project_2006235/shibboleth/models/bcms_setimes/iter7/model_fold4/ig_token.jsonl,/scratch/project_2005047/explainability/data_groundtruth/bcms/setimes_large/iter_folds/iter7/dev_iter7_fold4_features.jsonl,20439,3.563,6.382,60.232,11.541,55.684,shibboleth/models/bcms_setimes/iter7/model_fold4/ig_results+wl.txt,4674770126.5,1.519e-184,0.557,bcms,ig_token.jsonl
/scratch/project_2006235/shibboleth/models/bcms_setimes/iter7/model_fold7/shap_token.jsonl,/scratch/project_2005047/explainability/data_groundtruth/bcms/setimes_large/iter_folds/iter7/dev_iter7_fold7_features.jsonl,20439,5.507,8.665,92.794,15.85,74.505,shibboleth/models/bcms_setimes/iter7/model_fold7/shap_results+wl.txt,6359138025.0,0.0,0.745,bcms,shap_token.jsonl
/scratch/project_2006235/shibboleth/models/bcms_setimes/iter7/model_fold7/loo_token.jsonl,/scratch/project_2005047/explainability/data_groundtruth/bcms/setimes_large/iter_folds/iter7/dev_iter7_fold7_features.jsonl,20439,2.113,12.653,35.604,18.67,57.815,shibboleth/models/bcms_setimes/iter7/model_fold7/loo_results+wl.txt,4934598375.0,0.0,0.578,bcms,loo_token.jsonl
/scratch/project_2006235/shibboleth/models/bcms_setimes/iter7/model_fold7/lime_token.jsonl,/scratch/project_2005047/explainability/data_groundtruth/bcms/setimes_large/iter_folds/iter7/dev_iter7_fold7_features.jsonl,20439,5.804,9.507,97.791,17.33,78.714,shibboleth/models/bcms_setimes/iter7/model_fold7/lime_results+wl.txt,6772175576.0,0.0,0.787,bcms,lime_token.jsonl
/scratch/project_2006235/shibboleth/models/bcms_setimes/iter7/model_fold7/ig_token.jsonl,/scratch/project_2005047/explainability/data_groundtruth/bcms/setimes_large/iter_folds/iter7/dev_iter7_fold7_features.jsonl,20439,4.488,7.559,75.614,13.744,66.644,shibboleth/models/bcms_setimes/iter7/model_fold7/ig_results+wl.txt,5688183400.0,0.0,0.666,bcms,ig_token.jsonl
/scratch/project_2006235/shibboleth/models/bcms_setimes/iter7/model_fold3/shap_token.jsonl,/scratch/project_2005047/explainability/data_groundtruth/bcms/setimes_large/iter_folds/iter7/dev_iter7_fold3_features.jsonl,20439,5.603,8.591,95.27,15.762,74.484,shibboleth/models/bcms_setimes/iter7/model_fold3/shap_results+wl.txt,6262638605.0,0.0,0.745,bcms,shap_token.jsonl
/scratch/project_2006235/shibboleth/models/bcms_setimes/iter7/model_fold3/loo_token.jsonl,/scratch/project_2005047/explainability/data_groundtruth/bcms/setimes_large/iter_folds/iter7/dev_iter7_fold3_features.jsonl,20439,3.959,8.426,67.317,14.978,64.89,shibboleth/models/bcms_setimes/iter7/model_fold3/loo_results+wl.txt,5456015162.5,0.0,0.649,bcms,loo_token.jsonl
/scratch/project_2006235/shibboleth/models/bcms_setimes/iter7/model_fold3/lime_token.jsonl,/scratch/project_2005047/explainability/data_groundtruth/bcms/setimes_large/iter_folds/iter7/dev_iter7_fold3_features.jsonl,20439,5.721,9.396,97.282,17.137,78.583,shibboleth/models/bcms_setimes/iter7/model_fold3/lime_results+wl.txt,6661133875.0,0.0,0.786,bcms,lime_token.jsonl
/scratch/project_2006235/shibboleth/models/bcms_setimes/iter7/model_fold3/ig_token.jsonl,/scratch/project_2005047/explainability/data_groundtruth/bcms/setimes_large/iter_folds/iter7/dev_iter7_fold3_features.jsonl,20439,4.356,6.961,74.08,12.726,62.881,shibboleth/models/bcms_setimes/iter7/model_fold3/ig_results+wl.txt,5287022470.0,0.0,0.629,bcms,ig_token.jsonl
/scratch/project_2006235/shibboleth/models/bcms_setimes/iter7/model_fold9/shap_token.jsonl,/scratch/project_2005047/explainability/data_groundtruth/bcms/setimes_large/iter_folds/iter7/dev_iter7_fold9_features.jsonl,20438,5.612,8.615,93.766,15.781,76.129,shibboleth/models/bcms_setimes/iter7/model_fold9/shap_results+wl.txt,6525078242.5,0.0,0.761,bcms,shap_token.jsonl
/scratch/project_2006235/shibboleth/models/bcms_setimes/iter7/model_fold9/loo_token.jsonl,/scratch/project_2005047/explainability/data_groundtruth/bcms/setimes_large/iter_folds/iter7/dev_iter7_fold9_features.jsonl,20438,2.752,5.694,45.98,10.134,47.8,shibboleth/models/bcms_setimes/iter7/model_fold9/loo_results+wl.txt,4096965940.0,1.0,0.478,bcms,loo_token.jsonl
/scratch/project_2006235/shibboleth/models/bcms_setimes/iter7/model_fold9/lime_token.jsonl,/scratch/project_2005047/explainability/data_groundtruth/bcms/setimes_large/iter_folds/iter7/dev_iter7_fold9_features.jsonl,20438,5.586,9.09,93.337,16.566,78.297,shibboleth/models/bcms_setimes/iter7/model_fold9/lime_results+wl.txt,6769949873.5,0.0,0.783,bcms,lime_token.jsonl
/scratch/project_2006235/shibboleth/models/bcms_setimes/iter7/model_fold9/ig_token.jsonl,/scratch/project_2005047/explainability/data_groundtruth/bcms/setimes_large/iter_folds/iter7/dev_iter7_fold9_features.jsonl,20438,4.218,6.956,70.477,12.663,60.865,shibboleth/models/bcms_setimes/iter7/model_fold9/ig_results+wl.txt,5216748323.5,0.0,0.609,bcms,ig_token.jsonl
/scratch/project_2006235/shibboleth/models/bcms_setimes/iter2/model_fold5/shap_token.jsonl,/scratch/project_2005047/explainability/data_groundtruth/bcms/setimes_large/iter_folds/iter2/dev_iter2_fold5_features.jsonl,20439,5.547,8.598,94.829,15.766,76.426,shibboleth/models/bcms_setimes/iter2/model_fold5/shap_results+wl.txt,6423609565.0,0.0,0.764,bcms,shap_token.jsonl
/scratch/project_2006235/shibboleth/models/bcms_setimes/iter2/model_fold5/loo_token.jsonl,/scratch/project_2005047/explainability/data_groundtruth/bcms/setimes_large/iter_folds/iter2/dev_iter2_fold5_features.jsonl,20439,3.454,7.245,59.048,12.906,54.848,shibboleth/models/bcms_setimes/iter2/model_fold5/loo_results+wl.txt,4609986445.0,2.798e-134,0.548,bcms,loo_token.jsonl
/scratch/project_2006235/shibboleth/models/bcms_setimes/iter2/model_fold5/lime_token.jsonl,/scratch/project_2005047/explainability/data_groundtruth/bcms/setimes_large/iter_folds/iter2/dev_iter2_fold5_features.jsonl,20439,5.669,9.293,96.921,16.959,79.47,shibboleth/models/bcms_setimes/iter2/model_fold5/lime_results+wl.txt,6731060686.0,0.0,0.795,bcms,lime_token.jsonl
/scratch/project_2006235/shibboleth/models/bcms_setimes/iter2/model_fold5/ig_token.jsonl,/scratch/project_2005047/explainability/data_groundtruth/bcms/setimes_large/iter_folds/iter2/dev_iter2_fold5_features.jsonl,20439,4.349,6.934,74.36,12.686,62.379,shibboleth/models/bcms_setimes/iter2/model_fold5/ig_results+wl.txt,5243002272.5,0.0,0.624,bcms,ig_token.jsonl
/scratch/project_2006235/shibboleth/models/bcms_setimes/iter2/model_fold2/shap_token.jsonl,/scratch/project_2005047/explainability/data_groundtruth/bcms/setimes_large/iter_folds/iter2/dev_iter2_fold2_features.jsonl,20440,5.697,8.972,95.205,16.398,80.528,shibboleth/models/bcms_setimes/iter2/model_fold2/shap_results+wl.txt,6924414071.0,0.0,0.805,bcms,shap_token.jsonl
/scratch/project_2006235/shibboleth/models/bcms_setimes/iter2/model_fold2/loo_token.jsonl,/scratch/project_2005047/explainability/data_groundtruth/bcms/setimes_large/iter_folds/iter2/dev_iter2_fold2_features.jsonl,20440,1.307,4.97,21.832,8.097,45.052,shibboleth/models/bcms_setimes/iter2/model_fold2/loo_results+wl.txt,3873911100.5,1.0,0.451,bcms,loo_token.jsonl
/scratch/project_2006235/shibboleth/models/bcms_setimes/iter2/model_fold2/lime_token.jsonl,/scratch/project_2005047/explainability/data_groundtruth/bcms/setimes_large/iter_folds/iter2/dev_iter2_fold2_features.jsonl,20440,5.789,9.303,96.742,16.974,78.513,shibboleth/models/bcms_setimes/iter2/model_fold2/lime_results+wl.txt,6805140670.5,0.0,0.785,bcms,lime_token.jsonl
/scratch/project_2006235/shibboleth/models/bcms_setimes/iter2/model_fold2/ig_token.jsonl,/scratch/project_2005047/explainability/data_groundtruth/bcms/setimes_large/iter_folds/iter2/dev_iter2_fold2_features.jsonl,20440,3.633,6.074,60.714,11.043,53.236,shibboleth/models/bcms_setimes/iter2/model_fold2/ig_results+wl.txt,4577629395.0,2.462e-62,0.532,bcms,ig_token.jsonl
/scratch/project_2006235/shibboleth/models/bcms_setimes/iter2/model_fold10/shap_token.jsonl,/scratch/project_2005047/explainability/data_groundtruth/bcms/setimes_large/iter_folds/iter2/dev_iter2_fold10_features.jsonl,20438,5.593,8.699,94.166,15.927,76.716,shibboleth/models/bcms_setimes/iter2/model_fold10/shap_results+wl.txt,6535643558.5,0.0,0.767,bcms,shap_token.jsonl
/scratch/project_2006235/shibboleth/models/bcms_setimes/iter2/model_fold10/loo_token.jsonl,/scratch/project_2005047/explainability/data_groundtruth/bcms/setimes_large/iter_folds/iter2/dev_iter2_fold10_features.jsonl,20438,3.416,10.587,57.516,17.882,66.268,shibboleth/models/bcms_setimes/iter2/model_fold10/loo_results+wl.txt,5645590265.5,0.0,0.663,bcms,loo_token.jsonl
/scratch/project_2006235/shibboleth/models/bcms_setimes/iter2/model_fold10/lime_token.jsonl,/scratch/project_2005047/explainability/data_groundtruth/bcms/setimes_large/iter_folds/iter2/dev_iter2_fold10_features.jsonl,20438,5.804,9.43,97.704,17.199,78.917,shibboleth/models/bcms_setimes/iter2/model_fold10/lime_results+wl.txt,6779998126.5,0.0,0.789,bcms,lime_token.jsonl
/scratch/project_2006235/shibboleth/models/bcms_setimes/iter2/model_fold10/ig_token.jsonl,/scratch/project_2005047/explainability/data_groundtruth/bcms/setimes_large/iter_folds/iter2/dev_iter2_fold10_features.jsonl,20438,3.978,6.958,66.978,12.607,60.299,shibboleth/models/bcms_setimes/iter2/model_fold10/ig_results+wl.txt,5137003200.0,0.0,0.603,bcms,ig_token.jsonl
/scratch/project_2006235/shibboleth/models/bcms_setimes/iter2/model_fold1/shap_token.jsonl,/scratch/project_2005047/explainability/data_groundtruth/bcms/setimes_large/iter_folds/iter2/dev_iter2_fold1_features.jsonl,20440,5.655,9.038,95.502,16.513,79.519,shibboleth/models/bcms_setimes/iter2/model_fold1/shap_results+wl.txt,6844332136.5,0.0,0.795,bcms,shap_token.jsonl
/scratch/project_2006235/shibboleth/models/bcms_setimes/iter2/model_fold1/loo_token.jsonl,/scratch/project_2005047/explainability/data_groundtruth/bcms/setimes_large/iter_folds/iter2/dev_iter2_fold1_features.jsonl,20440,2.276,7.393,38.437,12.4,58.492,shibboleth/models/bcms_setimes/iter2/model_fold1/loo_results+wl.txt,5034469338.5,0.0,0.585,bcms,loo_token.jsonl
/scratch/project_2006235/shibboleth/models/bcms_setimes/iter2/model_fold1/lime_token.jsonl,/scratch/project_2005047/explainability/data_groundtruth/bcms/setimes_large/iter_folds/iter2/dev_iter2_fold1_features.jsonl,20440,5.525,8.95,93.309,16.334,78.556,shibboleth/models/bcms_setimes/iter2/model_fold1/lime_results+wl.txt,6821226712.5,0.0,0.786,bcms,lime_token.jsonl
/scratch/project_2006235/shibboleth/models/bcms_setimes/iter2/model_fold1/ig_token.jsonl,/scratch/project_2005047/explainability/data_groundtruth/bcms/setimes_large/iter_folds/iter2/dev_iter2_fold1_features.jsonl,20440,4.045,6.87,68.305,12.484,60.313,shibboleth/models/bcms_setimes/iter2/model_fold1/ig_results+wl.txt,5191216879.5,0.0,0.603,bcms,ig_token.jsonl
/scratch/project_2006235/shibboleth/models/bcms_setimes/iter2/model_fold6/shap_token.jsonl,/scratch/project_2005047/explainability/data_groundtruth/bcms/setimes_large/iter_folds/iter2/dev_iter2_fold6_features.jsonl,20439,5.683,8.828,95.19,16.157,79.59,shibboleth/models/bcms_setimes/iter2/model_fold6/shap_results+wl.txt,6829626991.0,0.0,0.796,bcms,shap_token.jsonl
/scratch/project_2006235/shibboleth/models/bcms_setimes/iter2/model_fold6/loo_token.jsonl,/scratch/project_2005047/explainability/data_groundtruth/bcms/setimes_large/iter_folds/iter2/dev_iter2_fold6_features.jsonl,20439,4.615,9.528,77.298,16.964,70.287,shibboleth/models/bcms_setimes/iter2/model_fold6/loo_results+wl.txt,6031393073.5,0.0,0.703,bcms,loo_token.jsonl
/scratch/project_2006235/shibboleth/models/bcms_setimes/iter2/model_fold6/lime_token.jsonl,/scratch/project_2005047/explainability/data_groundtruth/bcms/setimes_large/iter_folds/iter2/dev_iter2_fold6_features.jsonl,20439,5.818,9.586,97.448,17.455,79.258,shibboleth/models/bcms_setimes/iter2/model_fold6/lime_results+wl.txt,6846253447.5,0.0,0.793,bcms,lime_token.jsonl
/scratch/project_2006235/shibboleth/models/bcms_setimes/iter2/model_fold6/ig_token.jsonl,/scratch/project_2005047/explainability/data_groundtruth/bcms/setimes_large/iter_folds/iter2/dev_iter2_fold6_features.jsonl,20439,4.116,7.222,68.94,13.075,61.713,shibboleth/models/bcms_setimes/iter2/model_fold6/ig_results+wl.txt,5295628453.5,0.0,0.617,bcms,ig_token.jsonl
/scratch/project_2006235/shibboleth/models/bcms_setimes/iter2/model_fold8/shap_token.jsonl,/scratch/project_2005047/explainability/data_groundtruth/bcms/setimes_large/iter_folds/iter2/dev_iter2_fold8_features.jsonl,20438,5.715,8.85,95.567,16.2,80.562,shibboleth/models/bcms_setimes/iter2/model_fold8/shap_results+wl.txt,6926706067.0,0.0,0.806,bcms,shap_token.jsonl
/scratch/project_2006235/shibboleth/models/bcms_setimes/iter2/model_fold8/loo_token.jsonl,/scratch/project_2005047/explainability/data_groundtruth/bcms/setimes_large/iter_folds/iter2/dev_iter2_fold8_features.jsonl,20438,3.705,10.025,61.957,17.257,65.212,shibboleth/models/bcms_setimes/iter2/model_fold8/loo_results+wl.txt,5606862160.5,0.0,0.652,bcms,loo_token.jsonl
/scratch/project_2006235/shibboleth/models/bcms_setimes/iter2/model_fold8/lime_token.jsonl,/scratch/project_2005047/explainability/data_groundtruth/bcms/setimes_large/iter_folds/iter2/dev_iter2_fold8_features.jsonl,20438,5.835,9.331,97.586,17.034,79.221,shibboleth/models/bcms_setimes/iter2/model_fold8/lime_results+wl.txt,6863868860.5,0.0,0.792,bcms,lime_token.jsonl
/scratch/project_2006235/shibboleth/models/bcms_setimes/iter2/model_fold8/ig_token.jsonl,/scratch/project_2005047/explainability/data_groundtruth/bcms/setimes_large/iter_folds/iter2/dev_iter2_fold8_features.jsonl,20438,4.385,7.544,73.327,13.68,64.977,shibboleth/models/bcms_setimes/iter2/model_fold8/ig_results+wl.txt,5586721951.0,0.0,0.65,bcms,ig_token.jsonl
/scratch/project_2006235/shibboleth/models/bcms_setimes/iter2/model_fold4/shap_token.jsonl,/scratch/project_2005047/explainability/data_groundtruth/bcms/setimes_large/iter_folds/iter2/dev_iter2_fold4_features.jsonl,20439,5.75,8.675,96.046,15.913,81.536,shibboleth/models/bcms_setimes/iter2/model_fold4/shap_results+wl.txt,6926053194.5,0.0,0.815,bcms,shap_token.jsonl
/scratch/project_2006235/shibboleth/models/bcms_setimes/iter2/model_fold4/loo_token.jsonl,/scratch/project_2005047/explainability/data_groundtruth/bcms/setimes_large/iter_folds/iter2/dev_iter2_fold4_features.jsonl,20439,4.839,8.107,80.837,14.737,68.156,shibboleth/models/bcms_setimes/iter2/model_fold4/loo_results+wl.txt,5789464520.0,0.0,0.682,bcms,loo_token.jsonl
/scratch/project_2006235/shibboleth/models/bcms_setimes/iter2/model_fold4/lime_token.jsonl,/scratch/project_2005047/explainability/data_groundtruth/bcms/setimes_large/iter_folds/iter2/dev_iter2_fold4_features.jsonl,20439,5.855,9.217,97.801,16.847,79.465,shibboleth/models/bcms_setimes/iter2/model_fold4/lime_results+wl.txt,6812955710.5,0.0,0.795,bcms,lime_token.jsonl
/scratch/project_2006235/shibboleth/models/bcms_setimes/iter2/model_fold4/ig_token.jsonl,/scratch/project_2005047/explainability/data_groundtruth/bcms/setimes_large/iter_folds/iter2/dev_iter2_fold4_features.jsonl,20439,4.325,7.188,72.237,13.076,63.365,shibboleth/models/bcms_setimes/iter2/model_fold4/ig_results+wl.txt,5382536210.5,0.0,0.634,bcms,ig_token.jsonl
/scratch/project_2006235/shibboleth/models/bcms_setimes/iter2/model_fold7/shap_token.jsonl,/scratch/project_2005047/explainability/data_groundtruth/bcms/setimes_large/iter_folds/iter2/dev_iter2_fold7_features.jsonl,20439,5.587,8.8,94.317,16.098,75.172,shibboleth/models/bcms_setimes/iter2/model_fold7/shap_results+wl.txt,6329288424.5,0.0,0.752,bcms,shap_token.jsonl
/scratch/project_2006235/shibboleth/models/bcms_setimes/iter2/model_fold7/loo_token.jsonl,/scratch/project_2005047/explainability/data_groundtruth/bcms/setimes_large/iter_folds/iter2/dev_iter2_fold7_features.jsonl,20439,1.35,6.498,22.787,10.112,46.193,shibboleth/models/bcms_setimes/iter2/model_fold7/loo_results+wl.txt,3889339302.5,1.0,0.462,bcms,loo_token.jsonl
/scratch/project_2006235/shibboleth/models/bcms_setimes/iter2/model_fold7/lime_token.jsonl,/scratch/project_2005047/explainability/data_groundtruth/bcms/setimes_large/iter_folds/iter2/dev_iter2_fold7_features.jsonl,20439,5.689,9.142,96.048,16.694,78.224,shibboleth/models/bcms_setimes/iter2/model_fold7/lime_results+wl.txt,6641095773.0,0.0,0.782,bcms,lime_token.jsonl
/scratch/project_2006235/shibboleth/models/bcms_setimes/iter2/model_fold7/ig_token.jsonl,/scratch/project_2005047/explainability/data_groundtruth/bcms/setimes_large/iter_folds/iter2/dev_iter2_fold7_features.jsonl,20439,4.316,7.321,72.868,13.305,63.675,shibboleth/models/bcms_setimes/iter2/model_fold7/ig_results+wl.txt,5361255308.5,0.0,0.637,bcms,ig_token.jsonl
/scratch/project_2006235/shibboleth/models/bcms_setimes/iter2/model_fold3/shap_token.jsonl,/scratch/project_2005047/explainability/data_groundtruth/bcms/setimes_large/iter_folds/iter2/dev_iter2_fold3_features.jsonl,20439,5.708,8.682,96.085,15.925,75.887,shibboleth/models/bcms_setimes/iter2/model_fold3/shap_results+wl.txt,6490140861.0,0.0,0.759,bcms,shap_token.jsonl
/scratch/project_2006235/shibboleth/models/bcms_setimes/iter2/model_fold3/loo_token.jsonl,/scratch/project_2005047/explainability/data_groundtruth/bcms/setimes_large/iter_folds/iter2/dev_iter2_fold3_features.jsonl,20439,1.287,6.141,21.664,9.57,45.298,shibboleth/models/bcms_setimes/iter2/model_fold3/loo_results+wl.txt,3874059653.5,1.0,0.453,bcms,loo_token.jsonl
/scratch/project_2006235/shibboleth/models/bcms_setimes/iter2/model_fold3/lime_token.jsonl,/scratch/project_2005047/explainability/data_groundtruth/bcms/setimes_large/iter_folds/iter2/dev_iter2_fold3_features.jsonl,20439,5.72,9.181,96.282,16.763,78.193,shibboleth/models/bcms_setimes/iter2/model_fold3/lime_results+wl.txt,6748696862.0,0.0,0.782,bcms,lime_token.jsonl
/scratch/project_2006235/shibboleth/models/bcms_setimes/iter2/model_fold3/ig_token.jsonl,/scratch/project_2005047/explainability/data_groundtruth/bcms/setimes_large/iter_folds/iter2/dev_iter2_fold3_features.jsonl,20439,4.407,7.375,74.173,13.417,64.319,shibboleth/models/bcms_setimes/iter2/model_fold3/ig_results+wl.txt,5500751450.0,0.0,0.643,bcms,ig_token.jsonl
/scratch/project_2006235/shibboleth/models/bcms_setimes/iter2/model_fold9/shap_token.jsonl,/scratch/project_2005047/explainability/data_groundtruth/bcms/setimes_large/iter_folds/iter2/dev_iter2_fold9_features.jsonl,20438,5.532,8.728,93.618,15.968,77.591,shibboleth/models/bcms_setimes/iter2/model_fold9/shap_results+wl.txt,6532683339.5,0.0,0.776,bcms,shap_token.jsonl
/scratch/project_2006235/shibboleth/models/bcms_setimes/iter2/model_fold9/loo_token.jsonl,/scratch/project_2005047/explainability/data_groundtruth/bcms/setimes_large/iter_folds/iter2/dev_iter2_fold9_features.jsonl,20438,3.508,8.249,59.365,14.485,62.304,shibboleth/models/bcms_setimes/iter2/model_fold9/loo_results+wl.txt,5245600133.0,0.0,0.623,bcms,loo_token.jsonl
/scratch/project_2006235/shibboleth/models/bcms_setimes/iter2/model_fold9/lime_token.jsonl,/scratch/project_2005047/explainability/data_groundtruth/bcms/setimes_large/iter_folds/iter2/dev_iter2_fold9_features.jsonl,20438,5.683,9.101,96.172,16.629,79.001,shibboleth/models/bcms_setimes/iter2/model_fold9/lime_results+wl.txt,6707926814.5,0.0,0.79,bcms,lime_token.jsonl
/scratch/project_2006235/shibboleth/models/bcms_setimes/iter2/model_fold9/ig_token.jsonl,/scratch/project_2005047/explainability/data_groundtruth/bcms/setimes_large/iter_folds/iter2/dev_iter2_fold9_features.jsonl,20438,3.789,6.812,64.113,12.315,58.712,shibboleth/models/bcms_setimes/iter2/model_fold9/ig_results+wl.txt,4943205214.5,0.0,0.587,bcms,ig_token.jsonl
/scratch/project_2006235/shibboleth/models/bcms_setimes/iter3/model_fold5/shap_token.jsonl,/scratch/project_2005047/explainability/data_groundtruth/bcms/setimes_large/iter_folds/iter3/dev_iter3_fold5_features.jsonl,20439,5.623,8.829,94.296,16.147,74.019,shibboleth/models/bcms_setimes/iter3/model_fold5/shap_results+wl.txt,6413334914.0,0.0,0.74,bcms,shap_token.jsonl
/scratch/project_2006235/shibboleth/models/bcms_setimes/iter3/model_fold5/loo_token.jsonl,/scratch/project_2005047/explainability/data_groundtruth/bcms/setimes_large/iter_folds/iter3/dev_iter3_fold5_features.jsonl,20439,3.373,9.216,56.573,15.85,62.233,shibboleth/models/bcms_setimes/iter3/model_fold5/loo_results+wl.txt,5392121718.5,0.0,0.622,bcms,loo_token.jsonl
/scratch/project_2006235/shibboleth/models/bcms_setimes/iter3/model_fold5/lime_token.jsonl,/scratch/project_2005047/explainability/data_groundtruth/bcms/setimes_large/iter_folds/iter3/dev_iter3_fold5_features.jsonl,20439,5.769,9.375,96.752,17.094,78.527,shibboleth/models/bcms_setimes/iter3/model_fold5/lime_results+wl.txt,6856130279.0,0.0,0.785,bcms,lime_token.jsonl
/scratch/project_2006235/shibboleth/models/bcms_setimes/iter3/model_fold5/ig_token.jsonl,/scratch/project_2005047/explainability/data_groundtruth/bcms/setimes_large/iter_folds/iter3/dev_iter3_fold5_features.jsonl,20439,4.514,7.173,75.693,13.104,63.798,shibboleth/models/bcms_setimes/iter3/model_fold5/ig_results+wl.txt,5527736449.0,0.0,0.638,bcms,ig_token.jsonl
/scratch/project_2006235/shibboleth/models/bcms_setimes/iter3/model_fold2/shap_token.jsonl,/scratch/project_2005047/explainability/data_groundtruth/bcms/setimes_large/iter_folds/iter3/dev_iter3_fold2_features.jsonl,20440,5.69,8.696,95.355,15.938,82.91,shibboleth/models/bcms_setimes/iter3/model_fold2/shap_results+wl.txt,7131219816.5,0.0,0.829,bcms,shap_token.jsonl
/scratch/project_2006235/shibboleth/models/bcms_setimes/iter3/model_fold2/loo_token.jsonl,/scratch/project_2005047/explainability/data_groundtruth/bcms/setimes_large/iter_folds/iter3/dev_iter3_fold2_features.jsonl,20440,4.429,7.588,74.226,13.769,64.37,shibboleth/models/bcms_setimes/iter3/model_fold2/loo_results+wl.txt,5536594671.5,0.0,0.644,bcms,loo_token.jsonl
/scratch/project_2006235/shibboleth/models/bcms_setimes/iter3/model_fold2/lime_token.jsonl,/scratch/project_2005047/explainability/data_groundtruth/bcms/setimes_large/iter_folds/iter3/dev_iter3_fold2_features.jsonl,20440,5.71,9.453,95.699,17.206,81.216,shibboleth/models/bcms_setimes/iter3/model_fold2/lime_results+wl.txt,7044123896.0,0.0,0.812,bcms,lime_token.jsonl
/scratch/project_2006235/shibboleth/models/bcms_setimes/iter3/model_fold2/ig_token.jsonl,/scratch/project_2005047/explainability/data_groundtruth/bcms/setimes_large/iter_folds/iter3/dev_iter3_fold2_features.jsonl,20440,4.488,7.42,75.217,13.507,64.941,shibboleth/models/bcms_setimes/iter3/model_fold2/ig_results+wl.txt,5585691335.5,0.0,0.649,bcms,ig_token.jsonl
/scratch/project_2006235/shibboleth/models/bcms_setimes/iter3/model_fold10/shap_token.jsonl,/scratch/project_2005047/explainability/data_groundtruth/bcms/setimes_large/iter_folds/iter3/dev_iter3_fold10_features.jsonl,20438,5.652,8.643,95.935,15.858,82.02,shibboleth/models/bcms_setimes/iter3/model_fold10/shap_results+wl.txt,6957690254.0,0.0,0.82,bcms,shap_token.jsonl
/scratch/project_2006235/shibboleth/models/bcms_setimes/iter3/model_fold10/loo_token.jsonl,/scratch/project_2005047/explainability/data_groundtruth/bcms/setimes_large/iter_folds/iter3/dev_iter3_fold10_features.jsonl,20438,3.89,8.578,66.026,15.183,66.967,shibboleth/models/bcms_setimes/iter3/model_fold10/loo_results+wl.txt,5680752010.0,0.0,0.67,bcms,loo_token.jsonl
/scratch/project_2006235/shibboleth/models/bcms_setimes/iter3/model_fold10/lime_token.jsonl,/scratch/project_2005047/explainability/data_groundtruth/bcms/setimes_large/iter_folds/iter3/dev_iter3_fold10_features.jsonl,20438,5.715,9.281,96.996,16.941,79.663,shibboleth/models/bcms_setimes/iter3/model_fold10/lime_results+wl.txt,6817481304.0,0.0,0.797,bcms,lime_token.jsonl
/scratch/project_2006235/shibboleth/models/bcms_setimes/iter3/model_fold10/ig_token.jsonl,/scratch/project_2005047/explainability/data_groundtruth/bcms/setimes_large/iter_folds/iter3/dev_iter3_fold10_features.jsonl,20438,4.839,7.7,82.125,14.08,69.646,shibboleth/models/bcms_setimes/iter3/model_fold10/ig_results+wl.txt,5907954067.5,0.0,0.696,bcms,ig_token.jsonl
/scratch/project_2006235/shibboleth/models/bcms_setimes/iter3/model_fold1/shap_token.jsonl,/scratch/project_2005047/explainability/data_groundtruth/bcms/setimes_large/iter_folds/iter3/dev_iter3_fold1_features.jsonl,20440,5.642,8.949,95.099,16.358,80.249,shibboleth/models/bcms_setimes/iter3/model_fold1/shap_results+wl.txt,6820214754.0,0.0,0.802,bcms,shap_token.jsonl
/scratch/project_2006235/shibboleth/models/bcms_setimes/iter3/model_fold1/loo_token.jsonl,/scratch/project_2005047/explainability/data_groundtruth/bcms/setimes_large/iter_folds/iter3/dev_iter3_fold1_features.jsonl,20440,3.841,9.082,64.75,15.929,65.809,shibboleth/models/bcms_setimes/iter3/model_fold1/loo_results+wl.txt,5593020607.0,0.0,0.658,bcms,loo_token.jsonl
/scratch/project_2006235/shibboleth/models/bcms_setimes/iter3/model_fold1/lime_token.jsonl,/scratch/project_2005047/explainability/data_groundtruth/bcms/setimes_large/iter_folds/iter3/dev_iter3_fold1_features.jsonl,20440,5.782,9.32,97.455,17.013,79.29,shibboleth/models/bcms_setimes/iter3/model_fold1/lime_results+wl.txt,6795271806.5,0.0,0.793,bcms,lime_token.jsonl
/scratch/project_2006235/shibboleth/models/bcms_setimes/iter3/model_fold1/ig_token.jsonl,/scratch/project_2005047/explainability/data_groundtruth/bcms/setimes_large/iter_folds/iter3/dev_iter3_fold1_features.jsonl,20440,4.233,7.285,71.35,13.22,62.521,shibboleth/models/bcms_setimes/iter3/model_fold1/ig_results+wl.txt,5313565999.0,0.0,0.625,bcms,ig_token.jsonl
/scratch/project_2006235/shibboleth/models/bcms_setimes/iter3/model_fold6/shap_token.jsonl,/scratch/project_2005047/explainability/data_groundtruth/bcms/setimes_large/iter_folds/iter3/dev_iter3_fold6_features.jsonl,20439,5.742,8.82,95.793,16.152,79.442,shibboleth/models/bcms_setimes/iter3/model_fold6/shap_results+wl.txt,6826806880.5,0.0,0.794,bcms,shap_token.jsonl
/scratch/project_2006235/shibboleth/models/bcms_setimes/iter3/model_fold6/loo_token.jsonl,/scratch/project_2005047/explainability/data_groundtruth/bcms/setimes_large/iter_folds/iter3/dev_iter3_fold6_features.jsonl,20439,4.9,8.96,81.755,16.151,72.084,shibboleth/models/bcms_setimes/iter3/model_fold6/loo_results+wl.txt,6194454581.0,0.0,0.721,bcms,loo_token.jsonl
/scratch/project_2006235/shibboleth/models/bcms_setimes/iter3/model_fold6/lime_token.jsonl,/scratch/project_2005047/explainability/data_groundtruth/bcms/setimes_large/iter_folds/iter3/dev_iter3_fold6_features.jsonl,20439,5.864,9.402,97.831,17.155,78.573,shibboleth/models/bcms_setimes/iter3/model_fold6/lime_results+wl.txt,6807334647.5,0.0,0.786,bcms,lime_token.jsonl
/scratch/project_2006235/shibboleth/models/bcms_setimes/iter3/model_fold6/ig_token.jsonl,/scratch/project_2005047/explainability/data_groundtruth/bcms/setimes_large/iter_folds/iter3/dev_iter3_fold6_features.jsonl,20439,4.494,7.477,74.98,13.598,66.068,shibboleth/models/bcms_setimes/iter3/model_fold6/ig_results+wl.txt,5677463162.5,0.0,0.661,bcms,ig_token.jsonl
/scratch/project_2006235/shibboleth/models/bcms_setimes/iter3/model_fold8/shap_token.jsonl,/scratch/project_2005047/explainability/data_groundtruth/bcms/setimes_large/iter_folds/iter3/dev_iter3_fold8_features.jsonl,20438,5.582,8.636,94.73,15.829,74.768,shibboleth/models/bcms_setimes/iter3/model_fold8/shap_results+wl.txt,6350862645.0,0.0,0.748,bcms,shap_token.jsonl
/scratch/project_2006235/shibboleth/models/bcms_setimes/iter3/model_fold8/loo_token.jsonl,/scratch/project_2005047/explainability/data_groundtruth/bcms/setimes_large/iter_folds/iter3/dev_iter3_fold8_features.jsonl,20438,3.317,12.667,56.291,20.68,68.773,shibboleth/models/bcms_setimes/iter3/model_fold8/loo_results+wl.txt,5841674287.5,0.0,0.688,bcms,loo_token.jsonl
/scratch/project_2006235/shibboleth/models/bcms_setimes/iter3/model_fold8/lime_token.jsonl,/scratch/project_2005047/explainability/data_groundtruth/bcms/setimes_large/iter_folds/iter3/dev_iter3_fold8_features.jsonl,20438,5.751,9.3,97.6,16.982,78.375,shibboleth/models/bcms_setimes/iter3/model_fold8/lime_results+wl.txt,6709660023.0,0.0,0.784,bcms,lime_token.jsonl
/scratch/project_2006235/shibboleth/models/bcms_setimes/iter3/model_fold8/ig_token.jsonl,/scratch/project_2005047/explainability/data_groundtruth/bcms/setimes_large/iter_folds/iter3/dev_iter3_fold8_features.jsonl,20438,4.456,7.106,75.62,12.991,63.192,shibboleth/models/bcms_setimes/iter3/model_fold8/ig_results+wl.txt,5367626787.0,0.0,0.632,bcms,ig_token.jsonl
/scratch/project_2006235/shibboleth/models/bcms_setimes/iter3/model_fold4/shap_token.jsonl,/scratch/project_2005047/explainability/data_groundtruth/bcms/setimes_large/iter_folds/iter3/dev_iter3_fold4_features.jsonl,20439,5.603,8.829,94.37,16.147,74.226,shibboleth/models/bcms_setimes/iter3/model_fold4/shap_results+wl.txt,6299603035.5,0.0,0.742,bcms,shap_token.jsonl
/scratch/project_2006235/shibboleth/models/bcms_setimes/iter3/model_fold4/loo_token.jsonl,/scratch/project_2005047/explainability/data_groundtruth/bcms/setimes_large/iter_folds/iter3/dev_iter3_fold4_features.jsonl,20439,2.422,5.908,40.802,10.321,47.576,shibboleth/models/bcms_setimes/iter3/model_fold4/loo_results+wl.txt,4037818765.5,1.0,0.476,bcms,loo_token.jsonl
/scratch/project_2006235/shibboleth/models/bcms_setimes/iter3/model_fold4/lime_token.jsonl,/scratch/project_2005047/explainability/data_groundtruth/bcms/setimes_large/iter_folds/iter3/dev_iter3_fold4_features.jsonl,20439,5.576,9.248,93.915,16.838,78.622,shibboleth/models/bcms_setimes/iter3/model_fold4/lime_results+wl.txt,6730323067.5,0.0,0.786,bcms,lime_token.jsonl
/scratch/project_2006235/shibboleth/models/bcms_setimes/iter3/model_fold4/ig_token.jsonl,/scratch/project_2005047/explainability/data_groundtruth/bcms/setimes_large/iter_folds/iter3/dev_iter3_fold4_features.jsonl,20439,4.31,7.38,72.587,13.398,64.816,shibboleth/models/bcms_setimes/iter3/model_fold4/ig_results+wl.txt,5500933999.0,0.0,0.648,bcms,ig_token.jsonl
/scratch/project_2006235/shibboleth/models/bcms_setimes/iter3/model_fold7/shap_token.jsonl,/scratch/project_2005047/explainability/data_groundtruth/bcms/setimes_large/iter_folds/iter3/dev_iter3_fold7_features.jsonl,20439,5.69,8.716,95.785,15.978,76.457,shibboleth/models/bcms_setimes/iter3/model_fold7/shap_results+wl.txt,6430656732.0,0.0,0.765,bcms,shap_token.jsonl
/scratch/project_2006235/shibboleth/models/bcms_setimes/iter3/model_fold7/loo_token.jsonl,/scratch/project_2005047/explainability/data_groundtruth/bcms/setimes_large/iter_folds/iter3/dev_iter3_fold7_features.jsonl,20439,1.72,4.321,28.96,7.52,37.126,shibboleth/models/bcms_setimes/iter3/model_fold7/loo_results+wl.txt,3122595017.0,1.0,0.371,bcms,loo_token.jsonl
/scratch/project_2006235/shibboleth/models/bcms_setimes/iter3/model_fold7/lime_token.jsonl,/scratch/project_2005047/explainability/data_groundtruth/bcms/setimes_large/iter_folds/iter3/dev_iter3_fold7_features.jsonl,20439,5.51,9.149,92.768,16.656,78.12,shibboleth/models/bcms_setimes/iter3/model_fold7/lime_results+wl.txt,6629045047.5,0.0,0.781,bcms,lime_token.jsonl
/scratch/project_2006235/shibboleth/models/bcms_setimes/iter3/model_fold7/ig_token.jsonl,/scratch/project_2005047/explainability/data_groundtruth/bcms/setimes_large/iter_folds/iter3/dev_iter3_fold7_features.jsonl,20439,4.419,7.222,74.393,13.165,63.125,shibboleth/models/bcms_setimes/iter3/model_fold7/ig_results+wl.txt,5309300647.0,0.0,0.631,bcms,ig_token.jsonl
/scratch/project_2006235/shibboleth/models/bcms_setimes/iter3/model_fold3/shap_token.jsonl,/scratch/project_2005047/explainability/data_groundtruth/bcms/setimes_large/iter_folds/iter3/dev_iter3_fold3_features.jsonl,20439,5.669,8.779,94.466,16.065,81.056,shibboleth/models/bcms_setimes/iter3/model_fold3/shap_results+wl.txt,6939113572.0,0.0,0.811,bcms,shap_token.jsonl
/scratch/project_2006235/shibboleth/models/bcms_setimes/iter3/model_fold3/loo_token.jsonl,/scratch/project_2005047/explainability/data_groundtruth/bcms/setimes_large/iter_folds/iter3/dev_iter3_fold3_features.jsonl,20439,4.721,8.52,78.663,15.375,68.749,shibboleth/models/bcms_setimes/iter3/model_fold3/loo_results+wl.txt,5885546290.5,0.0,0.687,bcms,loo_token.jsonl
/scratch/project_2006235/shibboleth/models/bcms_setimes/iter3/model_fold3/lime_token.jsonl,/scratch/project_2005047/explainability/data_groundtruth/bcms/setimes_large/iter_folds/iter3/dev_iter3_fold3_features.jsonl,20439,5.86,9.321,97.637,17.018,79.231,shibboleth/models/bcms_setimes/iter3/model_fold3/lime_results+wl.txt,6837439470.5,0.0,0.792,bcms,lime_token.jsonl
/scratch/project_2006235/shibboleth/models/bcms_setimes/iter3/model_fold3/ig_token.jsonl,/scratch/project_2005047/explainability/data_groundtruth/bcms/setimes_large/iter_folds/iter3/dev_iter3_fold3_features.jsonl,20439,3.783,6.998,63.03,12.597,58.684,shibboleth/models/bcms_setimes/iter3/model_fold3/ig_results+wl.txt,5023856455.0,0.0,0.587,bcms,ig_token.jsonl
/scratch/project_2006235/shibboleth/models/bcms_setimes/iter3/model_fold9/shap_token.jsonl,/scratch/project_2005047/explainability/data_groundtruth/bcms/setimes_large/iter_folds/iter3/dev_iter3_fold9_features.jsonl,20438,5.56,8.83,94.46,16.15,76.651,shibboleth/models/bcms_setimes/iter3/model_fold9/shap_results+wl.txt,6440039913.5,0.0,0.767,bcms,shap_token.jsonl
/scratch/project_2006235/shibboleth/models/bcms_setimes/iter3/model_fold9/loo_token.jsonl,/scratch/project_2005047/explainability/data_groundtruth/bcms/setimes_large/iter_folds/iter3/dev_iter3_fold9_features.jsonl,20438,2.183,6.209,37.079,10.636,51.63,shibboleth/models/bcms_setimes/iter3/model_fold9/loo_results+wl.txt,4337850011.5,2.369e-17,0.516,bcms,loo_token.jsonl
/scratch/project_2006235/shibboleth/models/bcms_setimes/iter3/model_fold9/lime_token.jsonl,/scratch/project_2005047/explainability/data_groundtruth/bcms/setimes_large/iter_folds/iter3/dev_iter3_fold9_features.jsonl,20438,5.53,8.988,93.952,16.407,78.508,shibboleth/models/bcms_setimes/iter3/model_fold9/lime_results+wl.txt,6646898557.0,0.0,0.785,bcms,lime_token.jsonl
/scratch/project_2006235/shibboleth/models/bcms_setimes/iter3/model_fold9/ig_token.jsonl,/scratch/project_2005047/explainability/data_groundtruth/bcms/setimes_large/iter_folds/iter3/dev_iter3_fold9_features.jsonl,20438,4.293,7.438,72.94,13.5,64.487,shibboleth/models/bcms_setimes/iter3/model_fold9/ig_results+wl.txt,5418036712.0,0.0,0.645,bcms,ig_token.jsonl
/scratch/project_2006235/shibboleth/models/bcms_setimes/iter8/model_fold5/shap_token.jsonl,/scratch/project_2005047/explainability/data_groundtruth/bcms/setimes_large/iter_folds/iter8/dev_iter8_fold5_features.jsonl,20439,5.602,8.682,94.693,15.906,76.966,shibboleth/models/bcms_setimes/iter8/model_fold5/shap_results+wl.txt,6459939127.5,0.0,0.77,bcms,shap_token.jsonl
/scratch/project_2006235/shibboleth/models/bcms_setimes/iter8/model_fold5/loo_token.jsonl,/scratch/project_2005047/explainability/data_groundtruth/bcms/setimes_large/iter_folds/iter8/dev_iter8_fold5_features.jsonl,20439,3.133,8.789,52.954,15.076,54.306,shibboleth/models/bcms_setimes/iter8/model_fold5/loo_results+wl.txt,4558053364.5,2.041e-108,0.543,bcms,loo_token.jsonl
/scratch/project_2006235/shibboleth/models/bcms_setimes/iter8/model_fold5/lime_token.jsonl,/scratch/project_2005047/explainability/data_groundtruth/bcms/setimes_large/iter_folds/iter8/dev_iter8_fold5_features.jsonl,20439,5.796,9.451,97.971,17.239,78.685,shibboleth/models/bcms_setimes/iter8/model_fold5/lime_results+wl.txt,6655728821.0,0.0,0.787,bcms,lime_token.jsonl
/scratch/project_2006235/shibboleth/models/bcms_setimes/iter8/model_fold5/ig_token.jsonl,/scratch/project_2005047/explainability/data_groundtruth/bcms/setimes_large/iter_folds/iter8/dev_iter8_fold5_features.jsonl,20439,4.434,7.403,74.948,13.475,65.129,shibboleth/models/bcms_setimes/iter8/model_fold5/ig_results+wl.txt,5466441019.5,0.0,0.651,bcms,ig_token.jsonl
/scratch/project_2006235/shibboleth/models/bcms_setimes/iter8/model_fold2/shap_token.jsonl,/scratch/project_2005047/explainability/data_groundtruth/bcms/setimes_large/iter_folds/iter8/dev_iter8_fold2_features.jsonl,20440,5.626,8.628,95.58,15.827,82.909,shibboleth/models/bcms_setimes/iter8/model_fold2/shap_results+wl.txt,6943439621.0,0.0,0.829,bcms,shap_token.jsonl
/scratch/project_2006235/shibboleth/models/bcms_setimes/iter8/model_fold2/loo_token.jsonl,/scratch/project_2005047/explainability/data_groundtruth/bcms/setimes_large/iter_folds/iter8/dev_iter8_fold2_features.jsonl,20440,4.828,8.495,82.037,15.396,70.012,shibboleth/models/bcms_setimes/iter8/model_fold2/loo_results+wl.txt,5863387630.0,0.0,0.7,bcms,loo_token.jsonl
/scratch/project_2006235/shibboleth/models/bcms_setimes/iter8/model_fold2/lime_token.jsonl,/scratch/project_2005047/explainability/data_groundtruth/bcms/setimes_large/iter_folds/iter8/dev_iter8_fold2_features.jsonl,20440,5.724,9.012,97.247,16.495,79.774,shibboleth/models/bcms_setimes/iter8/model_fold2/lime_results+wl.txt,6734624613.0,0.0,0.798,bcms,lime_token.jsonl
/scratch/project_2006235/shibboleth/models/bcms_setimes/iter8/model_fold2/ig_token.jsonl,/scratch/project_2005047/explainability/data_groundtruth/bcms/setimes_large/iter_folds/iter8/dev_iter8_fold2_features.jsonl,20440,4.212,7.216,71.56,13.11,63.003,shibboleth/models/bcms_setimes/iter8/model_fold2/ig_results+wl.txt,5276388730.5,0.0,0.63,bcms,ig_token.jsonl
/scratch/project_2006235/shibboleth/models/bcms_setimes/iter8/model_fold10/shap_token.jsonl,/scratch/project_2005047/explainability/data_groundtruth/bcms/setimes_large/iter_folds/iter8/dev_iter8_fold10_features.jsonl,20438,5.721,8.909,95.408,16.296,79.04,shibboleth/models/bcms_setimes/iter8/model_fold10/shap_results+wl.txt,6865551995.0,0.0,0.79,bcms,shap_token.jsonl
/scratch/project_2006235/shibboleth/models/bcms_setimes/iter8/model_fold10/loo_token.jsonl,/scratch/project_2005047/explainability/data_groundtruth/bcms/setimes_large/iter_folds/iter8/dev_iter8_fold10_features.jsonl,20438,4.738,8.211,79.001,14.876,68.845,shibboleth/models/bcms_setimes/iter8/model_fold10/loo_results+wl.txt,5980056917.0,0.0,0.688,bcms,loo_token.jsonl
/scratch/project_2006235/shibboleth/models/bcms_setimes/iter8/model_fold10/lime_token.jsonl,/scratch/project_2005047/explainability/data_groundtruth/bcms/setimes_large/iter_folds/iter8/dev_iter8_fold10_features.jsonl,20438,5.854,9.519,97.615,17.346,78.819,shibboleth/models/bcms_setimes/iter8/model_fold10/lime_results+wl.txt,6905302275.0,0.0,0.788,bcms,lime_token.jsonl
/scratch/project_2006235/shibboleth/models/bcms_setimes/iter8/model_fold10/ig_token.jsonl,/scratch/project_2005047/explainability/data_groundtruth/bcms/setimes_large/iter_folds/iter8/dev_iter8_fold10_features.jsonl,20438,4.587,7.457,76.486,13.589,64.933,shibboleth/models/bcms_setimes/iter8/model_fold10/ig_results+wl.txt,5640195221.0,0.0,0.649,bcms,ig_token.jsonl
/scratch/project_2006235/shibboleth/models/bcms_setimes/iter8/model_fold1/shap_token.jsonl,/scratch/project_2005047/explainability/data_groundtruth/bcms/setimes_large/iter_folds/iter8/dev_iter8_fold1_features.jsonl,20440,5.713,8.754,95.712,16.041,76.68,shibboleth/models/bcms_setimes/iter8/model_fold1/shap_results+wl.txt,6551594712.0,0.0,0.767,bcms,shap_token.jsonl
/scratch/project_2006235/shibboleth/models/bcms_setimes/iter8/model_fold1/loo_token.jsonl,/scratch/project_2005047/explainability/data_groundtruth/bcms/setimes_large/iter_folds/iter8/dev_iter8_fold1_features.jsonl,20440,1.793,10.469,30.038,15.527,59.642,shibboleth/models/bcms_setimes/iter8/model_fold1/loo_results+wl.txt,5095848897.5,0.0,0.596,bcms,loo_token.jsonl
/scratch/project_2006235/shibboleth/models/bcms_setimes/iter8/model_fold1/lime_token.jsonl,/scratch/project_2005047/explainability/data_groundtruth/bcms/setimes_large/iter_folds/iter8/dev_iter8_fold1_features.jsonl,20440,5.845,9.395,97.922,17.146,77.767,shibboleth/models/bcms_setimes/iter8/model_fold1/lime_results+wl.txt,6701853048.5,0.0,0.778,bcms,lime_token.jsonl
/scratch/project_2006235/shibboleth/models/bcms_setimes/iter8/model_fold1/ig_token.jsonl,/scratch/project_2005047/explainability/data_groundtruth/bcms/setimes_large/iter_folds/iter8/dev_iter8_fold1_features.jsonl,20440,4.623,7.609,77.462,13.856,66.143,shibboleth/models/bcms_setimes/iter8/model_fold1/ig_results+wl.txt,5651261546.5,0.0,0.661,bcms,ig_token.jsonl
/scratch/project_2006235/shibboleth/models/bcms_setimes/iter8/model_fold6/shap_token.jsonl,/scratch/project_2005047/explainability/data_groundtruth/bcms/setimes_large/iter_folds/iter8/dev_iter8_fold6_features.jsonl,20439,5.602,8.544,94.343,15.669,80.077,shibboleth/models/bcms_setimes/iter8/model_fold6/shap_results+wl.txt,6844129056.0,0.0,0.801,bcms,shap_token.jsonl
/scratch/project_2006235/shibboleth/models/bcms_setimes/iter8/model_fold6/loo_token.jsonl,/scratch/project_2005047/explainability/data_groundtruth/bcms/setimes_large/iter_folds/iter8/dev_iter8_fold6_features.jsonl,20439,1.961,5.722,33.018,9.753,45.509,shibboleth/models/bcms_setimes/iter8/model_fold6/loo_results+wl.txt,3889653410.5,1.0,0.455,bcms,loo_token.jsonl
/scratch/project_2006235/shibboleth/models/bcms_setimes/iter8/model_fold6/lime_token.jsonl,/scratch/project_2005047/explainability/data_groundtruth/bcms/setimes_large/iter_folds/iter8/dev_iter8_fold6_features.jsonl,20439,5.711,9.307,96.177,16.971,79.657,shibboleth/models/bcms_setimes/iter8/model_fold6/lime_results+wl.txt,6863744549.0,0.0,0.797,bcms,lime_token.jsonl
/scratch/project_2006235/shibboleth/models/bcms_setimes/iter8/model_fold6/ig_token.jsonl,/scratch/project_2005047/explainability/data_groundtruth/bcms/setimes_large/iter_folds/iter8/dev_iter8_fold6_features.jsonl,20439,4.579,7.308,77.107,13.35,64.931,shibboleth/models/bcms_setimes/iter8/model_fold6/ig_results+wl.txt,5549629447.5,0.0,0.649,bcms,ig_token.jsonl
/scratch/project_2006235/shibboleth/models/bcms_setimes/iter8/model_fold8/shap_token.jsonl,/scratch/project_2005047/explainability/data_groundtruth/bcms/setimes_large/iter_folds/iter8/dev_iter8_fold8_features.jsonl,20438,5.537,8.658,93.834,15.854,77.756,shibboleth/models/bcms_setimes/iter8/model_fold8/shap_results+wl.txt,6577464977.0,0.0,0.778,bcms,shap_token.jsonl
/scratch/project_2006235/shibboleth/models/bcms_setimes/iter8/model_fold8/loo_token.jsonl,/scratch/project_2005047/explainability/data_groundtruth/bcms/setimes_large/iter_folds/iter8/dev_iter8_fold8_features.jsonl,20438,4.116,10.892,69.753,18.842,70.721,shibboleth/models/bcms_setimes/iter8/model_fold8/loo_results+wl.txt,5982357690.5,0.0,0.707,bcms,loo_token.jsonl
/scratch/project_2006235/shibboleth/models/bcms_setimes/iter8/model_fold8/lime_token.jsonl,/scratch/project_2005047/explainability/data_groundtruth/bcms/setimes_large/iter_folds/iter8/dev_iter8_fold8_features.jsonl,20438,5.737,9.256,97.221,16.903,78.915,shibboleth/models/bcms_setimes/iter8/model_fold8/lime_results+wl.txt,6729150680.0,0.0,0.789,bcms,lime_token.jsonl
/scratch/project_2006235/shibboleth/models/bcms_setimes/iter8/model_fold8/ig_token.jsonl,/scratch/project_2005047/explainability/data_groundtruth/bcms/setimes_large/iter_folds/iter8/dev_iter8_fold8_features.jsonl,20438,4.529,7.524,76.747,13.704,65.904,shibboleth/models/bcms_setimes/iter8/model_fold8/ig_results+wl.txt,5574893086.0,0.0,0.659,bcms,ig_token.jsonl
/scratch/project_2006235/shibboleth/models/bcms_setimes/iter8/model_fold4/shap_token.jsonl,/scratch/project_2005047/explainability/data_groundtruth/bcms/setimes_large/iter_folds/iter8/dev_iter8_fold4_features.jsonl,20439,3.603,6.11,60.418,11.098,59.07,shibboleth/models/bcms_setimes/iter8/model_fold4/shap_results+wl.txt,5086362510.5,0.0,0.591,bcms,shap_token.jsonl
/scratch/project_2006235/shibboleth/models/bcms_setimes/iter8/model_fold4/loo_token.jsonl,/scratch/project_2005047/explainability/data_groundtruth/bcms/setimes_large/iter_folds/iter8/dev_iter8_fold4_features.jsonl,20439,2.387,5.141,40.033,9.112,41.333,shibboleth/models/bcms_setimes/iter8/model_fold4/loo_results+wl.txt,3559061068.0,1.0,0.413,bcms,loo_token.jsonl
/scratch/project_2006235/shibboleth/models/bcms_setimes/iter8/model_fold4/lime_token.jsonl,/scratch/project_2005047/explainability/data_groundtruth/bcms/setimes_large/iter_folds/iter8/dev_iter8_fold4_features.jsonl,20439,5.336,8.959,89.489,16.287,76.148,shibboleth/models/bcms_setimes/iter8/model_fold4/lime_results+wl.txt,6610180991.0,0.0,0.761,bcms,lime_token.jsonl
/scratch/project_2006235/shibboleth/models/bcms_setimes/iter8/model_fold4/ig_token.jsonl,/scratch/project_2005047/explainability/data_groundtruth/bcms/setimes_large/iter_folds/iter8/dev_iter8_fold4_features.jsonl,20439,3.661,6.839,61.387,12.307,57.445,shibboleth/models/bcms_setimes/iter8/model_fold4/ig_results+wl.txt,4946451304.5,0.0,0.574,bcms,ig_token.jsonl
/scratch/project_2006235/shibboleth/models/bcms_setimes/iter8/model_fold7/shap_token.jsonl,/scratch/project_2005047/explainability/data_groundtruth/bcms/setimes_large/iter_folds/iter8/dev_iter8_fold7_features.jsonl,20439,5.519,8.713,93.208,15.936,76.932,shibboleth/models/bcms_setimes/iter8/model_fold7/shap_results+wl.txt,6524110725.0,0.0,0.769,bcms,shap_token.jsonl
/scratch/project_2006235/shibboleth/models/bcms_setimes/iter8/model_fold7/loo_token.jsonl,/scratch/project_2005047/explainability/data_groundtruth/bcms/setimes_large/iter_folds/iter8/dev_iter8_fold7_features.jsonl,20439,3.67,9.656,61.973,16.708,65.997,shibboleth/models/bcms_setimes/iter8/model_fold7/loo_results+wl.txt,5596758337.5,0.0,0.66,bcms,loo_token.jsonl
/scratch/project_2006235/shibboleth/models/bcms_setimes/iter8/model_fold7/lime_token.jsonl,/scratch/project_2005047/explainability/data_groundtruth/bcms/setimes_large/iter_folds/iter8/dev_iter8_fold7_features.jsonl,20439,5.785,9.135,97.703,16.709,78.995,shibboleth/models/bcms_setimes/iter8/model_fold7/lime_results+wl.txt,6755398245.0,0.0,0.79,bcms,lime_token.jsonl
/scratch/project_2006235/shibboleth/models/bcms_setimes/iter8/model_fold7/ig_token.jsonl,/scratch/project_2005047/explainability/data_groundtruth/bcms/setimes_large/iter_folds/iter8/dev_iter8_fold7_features.jsonl,20439,4.065,7.007,68.657,12.716,60.891,shibboleth/models/bcms_setimes/iter8/model_fold7/ig_results+wl.txt,5163709432.0,0.0,0.609,bcms,ig_token.jsonl
/scratch/project_2006235/shibboleth/models/bcms_setimes/iter8/model_fold3/shap_token.jsonl,/scratch/project_2005047/explainability/data_groundtruth/bcms/setimes_large/iter_folds/iter8/dev_iter8_fold3_features.jsonl,20439,5.57,8.524,94.632,15.639,79.002,shibboleth/models/bcms_setimes/iter8/model_fold3/shap_results+wl.txt,6665006434.5,0.0,0.79,bcms,shap_token.jsonl
/scratch/project_2006235/shibboleth/models/bcms_setimes/iter8/model_fold3/loo_token.jsonl,/scratch/project_2005047/explainability/data_groundtruth/bcms/setimes_large/iter_folds/iter8/dev_iter8_fold3_features.jsonl,20439,2.82,6.214,47.915,11.001,51.093,shibboleth/models/bcms_setimes/iter8/model_fold3/loo_results+wl.txt,4310426073.0,5.247e-09,0.511,bcms,loo_token.jsonl
/scratch/project_2006235/shibboleth/models/bcms_setimes/iter8/model_fold3/lime_token.jsonl,/scratch/project_2005047/explainability/data_groundtruth/bcms/setimes_large/iter_folds/iter8/dev_iter8_fold3_features.jsonl,20439,5.471,8.93,92.954,16.295,78.718,shibboleth/models/bcms_setimes/iter8/model_fold3/lime_results+wl.txt,6700684444.5,0.0,0.787,bcms,lime_token.jsonl
/scratch/project_2006235/shibboleth/models/bcms_setimes/iter8/model_fold3/ig_token.jsonl,/scratch/project_2005047/explainability/data_groundtruth/bcms/setimes_large/iter_folds/iter8/dev_iter8_fold3_features.jsonl,20439,4.473,7.718,75.999,14.012,66.623,shibboleth/models/bcms_setimes/iter8/model_fold3/ig_results+wl.txt,5620679942.0,0.0,0.666,bcms,ig_token.jsonl
/scratch/project_2006235/shibboleth/models/bcms_setimes/iter8/model_fold9/shap_token.jsonl,/scratch/project_2005047/explainability/data_groundtruth/bcms/setimes_large/iter_folds/iter8/dev_iter8_fold9_features.jsonl,20438,5.69,8.638,94.398,15.828,77.325,shibboleth/models/bcms_setimes/iter8/model_fold9/shap_results+wl.txt,6699792160.0,0.0,0.773,bcms,shap_token.jsonl
/scratch/project_2006235/shibboleth/models/bcms_setimes/iter8/model_fold9/loo_token.jsonl,/scratch/project_2005047/explainability/data_groundtruth/bcms/setimes_large/iter_folds/iter8/dev_iter8_fold9_features.jsonl,20438,1.55,8.364,25.706,12.621,50.97,shibboleth/models/bcms_setimes/iter8/model_fold9/loo_results+wl.txt,4416252242.5,1.302e-08,0.51,bcms,loo_token.jsonl
/scratch/project_2006235/shibboleth/models/bcms_setimes/iter8/model_fold9/lime_token.jsonl,/scratch/project_2005047/explainability/data_groundtruth/bcms/setimes_large/iter_folds/iter8/dev_iter8_fold9_features.jsonl,20438,5.885,9.511,97.635,17.334,78.514,shibboleth/models/bcms_setimes/iter8/model_fold9/lime_results+wl.txt,6856093168.5,0.0,0.785,bcms,lime_token.jsonl
/scratch/project_2006235/shibboleth/models/bcms_setimes/iter8/model_fold9/ig_token.jsonl,/scratch/project_2005047/explainability/data_groundtruth/bcms/setimes_large/iter_folds/iter8/dev_iter8_fold9_features.jsonl,20438,4.443,7.568,73.704,13.726,65.002,shibboleth/models/bcms_setimes/iter8/model_fold9/ig_results+wl.txt,5632066344.0,0.0,0.65,bcms,ig_token.jsonl
