Μιαν φοράν τζ έναν τζαιρόν είσιεν έναν;cypr
κατσοσιοιρίν που τον ελαλούσαν;cypr
Ζαομούν ;cypr
Ο Ζαομούς ήταν έναν κατσοσιοιρίν;cypr
παράξενον Ούλος ο κόσμος αγάπαν τον μα;cypr
τζείνος ελάλεν πους εν αγάπαν κανέναν ;cypr
Όποτες ετόλμησεν ν αγαπήσει έναν;cypr
πλάσμαν εσιέρετουν η ψυσιή του μα ;cypr
μόλις το παίρναν χαπάριν οι άλλοι;cypr
κατσόσιοιροι εφήρνουνταν που τα γέλια;cypr
τζι αρκέφκαν να τον πειράζουν Βουράτε;cypr
να δείται τον Ζαομούν που σιαίρεται ;cypr
Ο Ζαομούς ήταν αντροπιάρης Κάθε φοράν;cypr
που γελούσαν οι άλλοι μιτά του εκόφκετουν;cypr
η μουτσούνα του ;cypr
Η αγάπη εγίνην αντροπή Κάθε φοράν που;cypr
αγάπαν εσήκωννεν τ αγγάθκια του ;cypr
εσυνάετουν μες τα πετσιά του εκαούρωννεν;cypr
τζι αγάπαν εις τα κρυφά ;cypr
Ο Ζαομούς εμίσαν το κακόν που τα βάθη;cypr
της ψυσιής του Κάθε φοράν που οι;cypr
κατζιοί κάμναν μιάν αδικίαν έκρουζεν;cypr
τον ο θυμός σαν το λαμπρόν Τζαι τα άλλα;cypr
κατσοσιοιρκά εθυμώννουνταν τζαι πολλές;cypr
φορές αφτύνναν του κακούργου κατάμουτρα ;cypr
Ο Ζαομούς όμως εν έφτυννεν κανενού Κάθε;cypr
φοράν που εδοτζιήμασεν να ποθυμάνει πας;cypr
έναν κακόν οι άλλοι κατσόσιοιροι;cypr
εξιχάνναν τον θυμόν τους τζαι εφύρνουνταν;cypr
που τα γέλια μιτά του ;cypr
Κάθε φοράν που εθύμωννεν εσήκωννεν;cypr
τ αγγάθκια του ασυνάετουν μες τα;cypr
πετσιά του εκαούρωννεν τζι έκλαιεν εις;cypr
τα κρυφά ;cypr
τετραπέρατον μα ένωθεν βλάκας σαν το;cypr
κολότζιν Όποτε έβρισκεν μιαν όμορφην;cypr
λύσην σ εναν πρόβλημαν έκαμνεν μεάλην;cypr
χαράν Οι άλλοι ελαλούσαν του πράο μα;cypr
εφτύς εφύρνουνταν που τα γέλια Ο;cypr
Ζαομούς έχασεν την χαράν να κάμνει;cypr
παιγνίθκια της σκέψης Ενόμιζεν πους οι;cypr
άλλοι επεριγελούσαν τον πους έπαιζεν;cypr
τον έξυπνον ;cypr
Όποτες είσιεν μιαν φαϊνήν ιδέαν ;cypr
εσήκωννεν τ αγγάθκια του εσυναετουν;cypr
μες τα πετσιά του εκαούρωννεν τζι;cypr
εσιαίρετουν μες τον κόσμον του ;cypr
Ο Ζαομούς ήταν ένας κατσοσιοιρος;cypr
γενναιόδωρος μα ποττέ εν εμοιράζετουν;cypr
τίποτε με κανέναν Όποτες εβοήθησεν;cypr
έναν πλασμαν εις την ανάγγην ένωθεν;cypr
μιαν ανακούφησην να του πραύνισκει την;cypr
ψυσιήν του μα μόλις ένωθεν τουν την;cypr
συγκίνησην οι άλλοι εφύρνουνταν που τα;cypr
γέλια Ενόμιζεν πους τον επιάνναν για;cypr
πλάσμαν υστερόβουλον που εδίαν σήμμερα;cypr
για να καρπωθεί τα διπλά αύριον;cypr
 ;cypr
Η ευκαρίστηση του να μοιράζεται τον;cypr
πόνον τζαι την χαράν εγίνην αντροπή ;cypr
Αντίς να διά ασήκωννεν τ αγγάθκια του ;cypr
ασύναετουν μες τα πατσιά του τζι;cypr
εκαούρωννεν μεσ την γωνιάν του ;cypr
Ο Ζαομούς ήταν μεάλον κόζιν μα ήταν;cypr
πάντα καραμουτσιάρης Εν εγέλαν ποττέ;cypr
του Όποτες του έφεφκεν κανέναν;cypr
γελιούιν οι άλλοι ακολλούσαν του;cypr
μεάλον περιπέξιμον βουράτε να δείται;cypr
τον ζαομούν που κάμνει χάζιν τζαι ούλοι;cypr
εφήρνουνταν που το γέλιον ;cypr
Το γέλιος εγίνην αντροπή Όποτες;cypr
έκαμνεν χάζιν εσήκωννεν τα γγάθκια;cypr
του εσύναεν τα πετσιά του εκαούρωννεν;cypr
τζι εφήρνετουν που το γέλιος μανιχός;cypr
του ;cypr
όμορφον Πολλές κατσοσιοιρούδες;cypr
ονοιρεύκουνταν να τον κάμουν ταίριν;cypr
τους μα όποτες εγίνετουν ωραίος για να;cypr
τους αρέσει οι άλλοι εφύρνουνταν που το;cypr
γέλιος ;cypr
Η ομορκιά εγίνην αντροπή τζαι νόμιζεν;cypr
πους ήτουν κακόν πραμαν σαν το;cypr
φίτσιον ;cypr
Μιαν ημέραν ο Ζαομούς εφόρησεν τα καλά;cypr
του μα αντίς να στήσει τ αγκάθκια του ;cypr
να συναχτεί μες τα πετσιά του τζαι να;cypr
καουρώσει σαν την μάππαν επήεν εις την;cypr
κολύμπαν Εσιάστην τυχαία την νοσιάν;cypr
του μες το νερόν Πρώτα απόρησεν μα σιγά;cypr
σιγά άννοιεν η καρκιά του φύλλα φύλλα ;cypr
Έτσι όπως επαρατήραν την νοσιάν του ;cypr
αντιλήφτειν ότι άμαν αφούντωνεν μια;cypr
χαρά μες την καρκιάν του εζαώνναν οι;cypr
τρίσιες του μουστατζιού του τού δεξιού ;cypr
Ως που η χαρά αγίνετουν μιάλη περίτου;cypr
το μουστάτζιν του εζάωννεν Έβρισκεν το;cypr
πολλά αστείον τζ επιάχαν τον τα;cypr
χχάχχανα ;cypr
 Χά Χά Χα Χά ζαομού στακος ;cypr
 Ετο γιατί με χωραττέυκουν οι φίλοι μου ;cypr
Τζαι γιώ ενόμιζα ότι με ανηελούσαν ;cypr
Ως που εσιέρετουν τζαι έκαμνεν χάζιν ;cypr
παραπάνω οι τρίσιες εζαώνναν ;cypr
Η ευκαρίστηση να μοιραστει τζείν την;cypr
χαράν με τους φίλους του ήταν ανιστόρητη;cypr
τζ έκαμνεν το μουστάτζιν του να;cypr
ζαώννει σαν το τζιεγκέλιν Ετραουδήσαν ;cypr
εχορέψαν εχωραττέψαν εκάμαν χάζιν σαν;cypr
τα μωρά ;cypr
Που τζείνην την ημέραν ο Ζαομούς;cypr
σιαίρεται να βρίσκει ιδέες έξυπνες ν ;cypr
αγαπά τζαι να μισά να γελά να κλαίει ;cypr
δίχα να φοάται ότι εν να του ανηελάσουν;cypr
οι άλλοι ;cypr
Έτσι έζησεν μες τον κάμπον τζείνος καλά ;cypr
τζαι μεις καλλύττερα ;cypr
1 σχόλιο ;cypr
Άραγε εμείς τι φοούμαστε για να ζήσουμε;cypr
με τους άλλους ;cypr
Δημοσίευση σχολίου ;cypr
    2007 01  post_07  Κυριακή;cypr
Η Λεμονιά;cypr
Μιάν βολάν τζι έναν τζαιρόν είσιεν έναν;cypr
περβολάριν που τον ελαλούσαν Περικλήν ;cypr
Ήταν ο καλλύττερος της Μεσαρκάς Αγάπαν;cypr
πολλά τα δεντρά του τζ έσαζεν τα σάν τα;cypr
παιδκιά του Εμάσιετουν με τες ώρες ;cypr
πότισε τσάππισε κλάδεψε Ποττέ του έν;cypr
επαραπονέθηκεν πως ήταν ποσταμένος ;cypr
Που ούλλα τα δεντρά αγάπαν παραπάνω την;cypr
λεμονιά του Κάθε μέρα έστεκεν με τες;cypr
ώρες τζ ανάστεννεν την μυρωθκιάν των;cypr
αθθών τζαι των φύλλων της ;cypr
Μιαν ημέραν έτσι σαν την επαρατήραν;cypr
εσιάστηκεν σημάθκια φυλλοκάψας πας τες;cypr
μούττες της Έπιασεν τον τ αλήμονον ;cypr
Εχλώμιανεν ετζιτρίνησεν χαζίριν να;cypr
τον πιάσει η συγκοπή που την σικκίρτησην;cypr
 Λεμονιά μου γρουσή μου κόρη ίνταν;cypr
που να γενούμεν αν σε φάει η φυλλοκάψα ;cypr
Η Λεμονιά εν εκατάλαβαινεν ίνταν που;cypr
τον έπιαχεν τον μάστρε Περικλήν μα;cypr
εκατάλαβεν πως κάτι σοβαρόν εσυνέβαινεν ;cypr
 Αν εκαταλάβισκα πιλέ μου τζ έναν;cypr
κουτσίν την γλώσσαν των πλασμάτων ήσιαν;cypr
να τον αρωτήσω ίνταν που έσιει τζι;cypr
δρώννει τζαι ποδρώννει Άραες σου έκαμα;cypr
κάτι κακόν τζιαι εθυμώθηκεν έτσι ;cypr
Ως που να τελειώσει την σκέψην της;cypr
ενέφανεν ο μάστρε Περικλής με την;cypr
ψεκαστήραν εις στον νόμον Θκιο ππαλιές;cypr
εψέκασεν την που πάνω ως κάτω μ έναν;cypr
ζουμίν τζίτρινον Κάθε σταγόνα που;cypr
εκάθετουν πάνω της εδίαν της τζαι μιαν;cypr
κάψην ίσια μες την καρκιάν Ένωθεν σαν;cypr
να τζ εσβήνναν της τσιάρα πας το;cypr
κορμίν σαν να τζ ελούνναν την με λάδιν;cypr
καυτόν ;cypr
Εθώρεν τες τάτσες τες τζίτρινες της;cypr
ψατζής να ξιμαρίζουν τα φύλλα της τα;cypr
τρυφερά σαν το γάλαν τζι ενεκάτσιαν τον;cypr
ίδιον της τον εαυτόν ;cypr
Μόλις ετέλειωσεν το ψέκασμαν ο μάστρε;cypr
Περικλής επέρασεν του η σικκίρτηση ;cypr
Εγέλασεν η μουτσούνα του τζ έφυεν του;cypr
τζαι το χλώμιασμαν Επήεν εις την;cypr
βρύσην έπλυννεν τα σιέρκα του ένυψεν;cypr
τζαι το πρόσωπον του τζ έκατσεν;cypr
άνενιας που κα στον νοσσιόν της;cypr
σικαμιάς ;cypr
Ως που εξεράνισκεν η ψατζιή παραπάνω;cypr
έκρουζεν τη λεμονιάν Επαρακάλεν τον;cypr
θεόν να βρέξει να της πλύννει τα φύλλα;cypr
της που την ξημαρισιάν μα ήταν;cypr
κατακαλότζαιρα τζ ο νήλιος έκρουζεν;cypr
σαν το καμίνιν ;cypr
Που τζείνην την ημέραν η καρκιά της;cypr
λεμονιάς έν ηταν πιον άσπρη σαν τους;cypr
αθθούς της Εμάυρισεν σαν το κάρβουνον ;cypr
Ενωθεν πως η ψησιή της εμύριζεν σαν την;cypr
μυρωθκιάν της ψατζιής ;cypr
Εγύριζεν τα μες τον νουν της να;cypr
καταλάβει ίντα ν που ταν τον κακόν που;cypr
έκαμεν για να της αξίζει έτσι τιμωρία ;cypr
 Ο μάστρε Περικλής εν καλός άδρωπος τζ ;cypr
αγαπά με σαν το παιδίν του Για να μου το;cypr
κάμει τούτον μέγάλον κακόν θα είδεν ;cypr
Η λεμονιά αντρέπετουν πιον να δικλίσει;cypr
να δει τον νήλιον μες τα μμάθκια τζαι;cypr
κάθε φοράν που θώρεν τον μάστρε;cypr
Περικλήν εππέφταν της τρείς τουζίνες;cypr
φύλλα που τον φόον της ;cypr
Οι μέλισσες τζαι οι πεταλλούδες εν της;cypr
εκοντέυκαν πιον Ως που τες εθώρεν να;cypr
πααίννουν πας την πορτοκαλιάν τζαι την;cypr
μαντορινιάν ήσιαν να πεθάνει που το;cypr
κάγριν της ;cypr
 Ίντα ν που χουν τζείνες καλλύττερον;cypr
που μέναν τζαι βουρούν τες ούλα τα;cypr
πετούμενα του θεού Εμέναν κανένας εν;cypr
δεικλά πιον να με δει ;cypr
Μόνον το αερούδιν του Λίβα της εδρώσιζεν;cypr
την καρκιάν της την καμένην Ήταν ο;cypr
Λίβας που της εστέγνωννεν τζαι τα φύλλα;cypr
της που την νοθκιάν ;cypr
Την νοθκιάν εμίσαν την σαν να τζ ήτουν;cypr
ο σιηρόττερος της σκούντρος Κάθε φοράν;cypr
που της εμούσιεφκέν τα φύλλα της με;cypr
δροσοσταγόνες εξανάφτεν της την;cypr
φωθκιάν που της άναψεν η ψατζιή ;cypr
Εξαναδιάλυεν την σκόνην που εκόλλησεν;cypr
πας τα φύλλα τζαι δίαν της την ίδιαν;cypr
κάψην όπως τζείνην που νωσεν την;cypr
ημέραν του ψεκασμάτου Η νοθκιά εν;cypr
εκαταλάβισκεν γιατί η λεμονιά ήταν;cypr
αρκόθυμη μιτά της ;cypr
 Σατέ παραξενιάν τζαι πικραντερίαν;cypr
του ν το δεντρόν εσκέφτετουν η νοθκιά ;cypr
Ούλα τα δεντρά σιέρουνται που τα;cypr
δροσίζω κάθε αυκήν τζαι τούτη αρκώννεται;cypr
τζαι καραμουτσιάζει ;cypr
Η λεμονιά έφτασεν σε τόσον σημείον;cypr
απόγνωσης που θελεν να ξεράνει Εν;cypr
είσιεν πιον όρεξην ν αθθήσει τζαι τα;cypr
λλία όξινα που κατάφερεν να κάρπίσει;cypr
επογάλαν τζαι ππέσαν ;cypr
Μιαν ημέραν που μάυρισεν ο τζαιρός τζ ;cypr
εξίσπασεν μια αναπουμπούρα τρομερή η;cypr
λεμονιά εδίκλισεν ψηλά τζαι που τα βάθη;cypr
της ψυσιής της έυκαλεν έναν αναστεναμόν;cypr
που φτασεν ως τον ουρανόν ;cypr
Ουρανέ μου λυπήθου με τζαι πέψε μου έναν;cypr
κεραυνόν να με ποσπάσει που τα βάσανα ;cypr
Ένα αντέχω πιον ;cypr
Αν είσαι σίουρη ότι η μόνη λύτρωση που;cypr
μπορείς να σιεις εν ο κεραυνός να σου;cypr
τον πέψω ;cypr
Η Λεμονιά ήταν ποφασισμένη Προχώρα ;cypr
λαλεί του ;cypr
Ο ουρανός εσύναξεν ούλην του την;cypr
μαυρισούραν τζ εξαπόλισεν βροσιήν με;cypr
το ττουλούμιν Ο αέρας εσφύραν σαν τον;cypr
δαιμονισμένον Οι πουμπουρκές εσυγκλίζαν;cypr
τον τόπον τζαι το μόνον φως που εθώρες;cypr
ήταν η λάμψη των αστραπών Ούλη η φύση;cypr
εδείχτηκεν της λεμονιάς για να την;cypr
κάμει ν αλλάξει γνώμην αλλά τζείνη εν;cypr
εφοάτουν τίποτε Ο πόνος τζαι το κάγριν;cypr
έκρουσεν της τόσον πολλά την καρκιάν;cypr
που έν ένοθεν πιον τίποτε ;cypr
Προχώρα ίντα ν που καρτεράς Λαλεί του;cypr
ουρανού ;cypr
Ο ουρανός έσιήσεν που την μερκάν της;cypr
ανατολής τζ εξαπόλυσεν τον μεαλλύττερον;cypr
κεραυνόν που δειξεν ποττέ η πλάση ;cypr
Έπεψεν τον ολόισια πας την λεμονιάν Η;cypr
λεμονιά εκάμμησεν τα φύλλα της τζ ;cypr
εκαρτέραν να τη νώσει το λαμπρόν ;cypr
Τρείς μήνες ύστερα άμαν άνοιξεν τα;cypr
φύλλα της εν έξερεν καλά καλά αν έζιεν;cypr
γή αν επέθανεν αν ήταν ακόμα πάς την;cypr
γην γή τον κόσμον του σταχτού ;cypr
Ήταν τα φύλλα μιας μούττης νέας που;cypr
βλάστησεν που έναν αμμάτιν πας τον;cypr
κορμόν της Τα παλιά της τα φύλλα τζαι οι;cypr
κλώνοι εκρούσαν που το λαμπρόν του;cypr
κεραυνού μα ο κεραυνός την τελευταίαν;cypr
στιγμήν εδύστασεν τζ εν το κάμεν η;cypr
καρκιά του να την κρούσει ως την ρίζαν ;cypr
Άφηκεν της έναν αμμάτιν ανέτζιστον πας;cypr
τον κορμόν ;cypr
Άμαν εξαναείδεν την ζωήν η λεμονιά;cypr
ένωσεν μιαν χαράν ανιστόριτην ;cypr
Εσιέρετουν τον νήλιον τζαι τον αέραν ;cypr
ένωθεν τες δροσοσταγόνες της νοθκιάς;cypr
πας τα φύλλα της τζαι άννοιεν η καρκιά;cypr
της φύλλα φύλλα ;cypr
Ο Περικλής χαπάριν εν επήρεν για το τι;cypr
εσυνέβην Εσιέρετουν που είδεν την;cypr
λεμονιάν του να ξαναζωντανεύκει Άμαν;cypr
εγέρασεν τζαι εν έμπορεν πιον να σάζει;cypr
τα δεντρά έδωκεν την ψεκαστήραν στον;cypr
γιόν του Ευτυχώς σιγά σιγά με τον;cypr
τζαιρόν πολλοι περβολάριες τζι ο γιός;cypr
του Περικλή εμάθαν να μέν ιψεκάζουν;cypr
αλοάρκαστα Αρώτούσαν πρώτα ίντα καλόν;cypr
τζαι ίντα κακόν κάμνει η κάθε ψατζιή;cypr
πριν να κρίνουν αν πρεπει να ψεκάσουν ;cypr
Τζ ήβραν έτσι τζαι τα δεντρά ην ησυχίαν;cypr
τους ;cypr
τζαι ζήσαν τζείνα καλά τζαι μεις;cypr
καλλύττερα ;cypr
5 σχόλια ;cypr
Πε μου τείνεις να σκέφτεσαι με εικόνες ;cypr
Εν εξηγείται αλλιώς έτσι γράψιμο ;cypr
Εθκιάβασα το τζαι έγινα η λεμονιά Τα;cypr
σέβη μου ;cypr
verity devotee θα με κάμεις να κοτσιινήσω ;cypr
Do t θα αναγκαστώ να σε ψεκάσω αντισταμινικό;cypr
spray ;cypr
Αγαπητή Verity Devotee πού θέλεις να ξέρω αν;cypr
γνωριζούμαστεν Για να νοιώσεις την;cypr
Λεμονιά σίγουρα κάπου σε άλλους;cypr
πλανήτες ή σε άλλη διάσταση θα εβρεθήκαμεν ;cypr
Αν ιξέρεις κανέναν Κυπραίον που;cypr
μεινίσκει μόνιμα πας τες Άλπεις εδώ;cypr
τζαι χρόνια ίσως να είμαι εγώ ;cypr
Σε Χαιρετώ;cypr
    2007 01  post_13  Σάββατο;cypr
13 Ιανουαρίου 2007;cypr
Η Νήσος του Πάσχα μεταφραση ;cypr
Προειδοποίηση Το άρθρον τούτον εν;cypr
μεγάλον Έμπατε στον κόπον αν εν κόπος ;cypr
να το θκιαβάσετε ως το τέλος Η ιστορία;cypr
μπορεί να σούσει την πίστη σας στην;cypr
αιωνιότηταν του ανθρώπινου πολιτισμού ;cypr
Κάθε αμφιβολία για καλόν ;cypr
Η νήσος του Πάσχα εν ένας που τους πιο;cypr
ξικομμένους τζαι ακατοίκητους τόπους;cypr
της υφηλίου Εκατόν εξήντα τετραγωνικά;cypr
χιλιόμετρα πάνω κάτω η έκταση των;cypr
κοτσιινοχωρκών η γη τούτη εκτείνεται;cypr
μες στον Ειρηνικόν ωκεανόν 2500 χιλιόμετρα;cypr
μακριά που την πιο κοντινήν κατοικημένην;cypr
περιοχήν Παρόλον τον εκ πρώτης όψεως;cypr
ασήμαντον χαραχτήραν του νησιού η;cypr
ιστορία του εν μια που τες πιο σοβαρές;cypr
προειδοποιήσεις προς την ανθρωπότηταν ;cypr
Ο Ολλανδός ναύαρχος Roggevee εν ο πρώτος;cypr
Ευρωπαίος που επάτησεν πόδιν πας το;cypr
Νησίν το Πάσχαν του 1722 Ανακάλυψεν μιαν;cypr
πρωτόγονην κοινωνίαν με τρεις σιιλιάδες;cypr
άτομα να κατοικούν μέσα σε κάτι μίζερες;cypr
καλύφες που καλάμια ή μέσα σε σπήλιους ;cypr
 Επιδίδουνταν σε ασταμάτητον πόλεμον ;cypr
εξαναγκασμένοι να γίνουνται κανίβαλοι;cypr
για να συμπληρώσουν τες λλιοστές;cypr
διαθέσιμες πηγές διατροφής που τους;cypr
απέμεναν ;cypr
Όταν το 1770 οι Σπανιόλοι επροσαρτήσαν το;cypr
νησίν επίσημα ήβραν το σε τέθκοιαν;cypr
κατάστασην εξαθλίωσης τζαι αναρκοκατοίκησης;cypr
που ποττέ εν το εποίκησαν πραγματικά Οι;cypr
κάτοικοι του ολοέναν τζι ελλιανίσκαν;cypr
τζαι οι συνθήκες ζωής εγίνουνταν ούλον;cypr
τζαι πιο άθλιες Το 1870 οι Περουβιανοί;cypr
εσυνάξαν ούλλους τους κατοίκους τζαι;cypr
εκάμαν τους σκλάβους εκτός που εκατόν;cypr
δέκα γέρους τζαι μωρά που εμείναν;cypr
τζεικάτω να φυτοζωούν Τέλος οι;cypr
Χιλιανοί εβάλαν σιέριν πας το νησίν ;cypr
Εκουβαλήσαν σαράντα σιιλιάδες κουέλλες;cypr
τζαι αρνιά τζι εδώκαν τα σε μιαν;cypr
βρετανικήν εταιρίαν να τα εκμεταλλέφκεται ;cypr
Τους λλιοστους αυτόχθονες που εζιούσαν;cypr
ακόμα τζει κάτω εστηβάσαν τους σέναν;cypr
τζαι μοναδικόν χωρκούδιν ;cypr
Τζαι όμως μέσα σε ούλλην τούτην την;cypr
εξαθλίωσην τζαι την βαρβαρότηταν οι;cypr
πρώτοι ευρωπαίοι εξερευνητές ήβραν τα;cypr
σημάθκια μιας πολλά αναπτυγμένης;cypr
κοινωνίας που άθθησεν στο παρελθόν ;cypr
παντού στο νησίν ήταν διάσπαρτα;cypr
εξακόσια τεράστια πέτρενα αγάλματα;cypr
τουλάχιστον έξη μέτρα ύψος το καθέναν ;cypr
Όταν στην αρχήν του εικοστού αιώνα οι;cypr
ανθρωπολόγοι αρκέψαν να μελετούν την;cypr
ιστορίαν τζαι την κουλτούραν της νήσου;cypr
του Πάσχα εσυφφωνούσαν σέναν μόνον;cypr
πράμαν σε καμιάν περίπτωσην τα;cypr
αγάλματα δεν εμπορούσαν να ένει το;cypr
έργον των πρωτόγονων εξαθλιωμένων ;cypr
μίζερων τζαι καθυστερημένων αθρώπων;cypr
που ήβραν οι αποικιοκράτες τον δέκατον;cypr
όγδοον αιώναν Έτσι εγεννήθην το;cypr
μυστήριον της Νήσου του Πάσχα ;cypr
Εφκήκαν λοιπόν ένα σωρό θεωρίες για να;cypr
εξηγήσουν το ανεξήγητον Οι πιο τρελλές;cypr
λαλούν ότι εν τα κατάλοιπα την ύπαρξης;cypr
εξωγήινων ή ακόμα ότι εν τα απομεινάρια;cypr
μιας απέραντης γής που εβυθίστην μες;cypr
τον Ειρηνικόν Η πιο σοβαρή θεωρία ήταν;cypr
του Νορβηγού ανθρωπολόγου Thor Heyerdhal που;cypr
υποστήριζεν ότι στα πολλά παλιά τα;cypr
χρόνια ο τόπος εκατοικήθην που;cypr
νοτιοαμερικάνικους λαούς με γλυπτικήν;cypr
κληρονομιάν από τους Ίνκας Σε μιαν;cypr
ύστερην εποχήν ο πολιτισμός τούτος;cypr
εξίππεσεν μετά που συνεχείς επιδρομές;cypr
εποίκων που δυτικούς ινδονησιακούς;cypr
λαούς τζαι ότι ο τόπος εξικληρίστηκεν;cypr
τέλεια σέναν πόλεμον μεταξύ τους;cypr
 χαλόφτες τζαι τους κοντόφτες Η;cypr
θέση τούτη δεν εγίνην ποττέ ομόφωνα;cypr
αποδεχτή ;cypr
Η ιστορία την νήσου του Πάσχα δεν έχει;cypr
να κάμει τίποτε με εξωγήινους ούτε με;cypr
τζαι με μυστήριες επιδρομές Είναι απλά;cypr
έναν δυνατόν μάθημαν για τον τρόπον που;cypr
οι ανθρώπινες κοινωνίες είναι εξαρτημένες;cypr
απο το περιβάλλον που τες συντηρεί τζαι;cypr
για τες δραματικές επιπτώσεις των;cypr
αμετάκλητων ζημιών που του επιβάλλουν ;cypr
 Ετην λοιπόν μιαν ιστορίαν ενός λαού;cypr
που μέσα σε συνθήκες δύσκολες εκατάφερεν;cypr
να οικοδομήσει μιαν που τες πιο;cypr
προχωρημένες κοινωνίες της υφηλίου ;cypr
επιβάλλοντας όμως ολοέναν τζαι πιο;cypr
αβάσταχτες απαιτήσεις πάς τες φυσικές;cypr
πηγές που εδιέθετεν Όταν οι πηγές εν;cypr
ήταν πιον ικανές να αντέξουν το βάρος ο;cypr
λαμπρός πολιτισμός που εχτίστην;cypr
χαλίτζιν χαλίτζιν για χιλιετηρίδες;cypr
ολόκληρες εσυντρίφτηκεν σαν χάρτινος;cypr
πύργος ;cypr
Ο εποικισμός της νήσου Πάσχα ανήκει;cypr
στην τελευταίαν φάση της βραδείας;cypr
εξάπλωσης του ανθρώπινου γένους πάνω;cypr
στην γην ως τον 5ον αιώναν μ χ Οι;cypr
Πολυνήσιοι που αρκέψαν να πλώνουν που;cypr
το 1000 π χ εφτάσαν στην Νήσον Πάσχα γύρο;cypr
στον 5ον αιώναν μ χ δημιουργώντας έτσι;cypr
τον πιο εξαπλωμένον λαόν του πλανήτη;cypr
που εκτείνεται στο τεράστιον τρίγωνον;cypr
που την Νέαν Ζηλανδίαν μέχρι την Χαβάην;cypr
τζαι που την Χαβάην μέχρι την Νήσο;cypr
Πάσχα θκιο φορές την έχτασην των;cypr
Ηνωμένων Πολιτειών ;cypr
Αυτοί που έφτασαν στην νήσο Πάσχα ήβραν;cypr
πολλά φτωσιές πηγές πλούτου Η γη ήταν;cypr
ηφαιστιογενούς προέλευσης Τα ηφαίστεια;cypr
εσβήσαν τρεις τέσσερις αιώνες πριν την;cypr
άφιξην των μουσσκιερήδων Η θερμοκρασία;cypr
τζαι η υγρασία ήταν ψηλές μα παρόλον που;cypr
η γη ήταν γόνιμη η διακλάδωση τζαι η;cypr
διανομή του νερού ήταν δύσκολη Το μόνον;cypr
νερόν γλυτζίν εβρίσκετουν μες τους;cypr
κρατήρες των σβησμένων ηφαιστείων ;cypr
Εντελώς απομονωμένον το νησίν με;cypr
χλωρίδαν είσιεν με πανίδαν τριάντα;cypr
είδη φυτών ούλλα ούλλα κάτι λλία;cypr
έντομα θκιό είδη κουρκουτάες ούτε έναν;cypr
χτηνόν θηλαστικόν Η θάλασσα ήταν;cypr
πάφτωσιη σε ψάριν ;cypr
Η άφιξη του αθρώπου δεν έφερεν τζαι;cypr
τίποτε το καλλύττερον απο πλευράς;cypr
πηγών Τα χτηνά πολυνησιακός σιοίρος ;cypr
σιύλλοι ποντίτζιες τζαι οι καλλιέργειες;cypr
που ευδοκιμούσαν στην πατρογονικήν γην;cypr
δεν εκάμναν πας την νέαν πατρίδαν Τα;cypr
μόνα καλλιεργήσιμα ήταν το γέλαρμασιν;cypr
 γλυκοπατάτες τζαι οι όρνιθες Η μόνη;cypr
παριορκά στην μονότονην διατροφήν που;cypr
τους επέβαλεν το μη φιλικόν περιβάλλον;cypr
ήταν το γέλαρμασιν δεν εχρειάζετουν;cypr
τζαι πολύν κυριελέϊσον για να καρπίσει;cypr
τζαι άφηνεν έτσι πολλήν χρόνον για;cypr
κουνουσσμάν ;cypr
Κανένας εν ιξέρει πόσοι ήταν οι πρώτοι;cypr
έποικοι μα μάλλον δεν θα ξεπερνούσαν;cypr
τους 30 Σιγά σιγά επολλήναν τζαι;cypr
εδημιουργήσαν μιαν κοινωνίαν που;cypr
έμοιαζεν πολλά με τζείνην της υπόλοιπης;cypr
Πολυνησίας Μεγάλα γένη που κατέχουν;cypr
τζαι καλλιεργούν από κοινού την γην Οι;cypr
οικογένειες εδημιουργούσαν φατρίες με;cypr
έναν αρχηγόν τζαι η καθεμιά έναν δικόν;cypr
της χώρον λατρείας Ο αρχηγός οργάνωνεν;cypr
τες δραστηριότητες τζαι επέβλεπεν τον;cypr
διαμοιρασμόν της τροφής Ο μεγάλος;cypr
ανταγωνισμός τζαι οι καφκάες μεταξύ των;cypr
φατριών εξηγούν τόσον την άνοδον όσον;cypr
τζαι την τελικήν συντριβήν του μεγάλου;cypr
πολιτισμού της Νήσου Πάσχα ;cypr
Τα χωρκά απλώνουνταν σε ούλλην τη;cypr
έκτασην του νησιού σε μορφήν μικρών;cypr
ομάδων από καλύφες διαμέσου καλλιεργήσιμων;cypr
χωραφκιών Οι κοινωνικές δραστηριότητες;cypr
εγίνουνταν σε χωριστά κέντρα λατρείας;cypr
που εκατοικούνταν για μικρές περιόδους;cypr
του χρόνου Τα κύρια μνημεία ήταν τα;cypr
αχού τεράστιες πέτρινες πλατφόρμες ;cypr
παρόμοιες με τζείνες που μπόρουμεν να;cypr
 βρουμεν τζαι σε άλλες περιοχές της;cypr
Πολυνησίας Εχρησιμοποιούνταν για τες;cypr
κηδείες τη λατρείαν των προγόνων για;cypr
τα μνημόσυνα των χαμένων αρχηγών Όπως η;cypr
γεωργική παραγωγή δεν έπαιρνεν τζαι;cypr
πολλή χρόνο τζαι ενέργειαν οι αρχηγοί;cypr
των φατριών είχαν ώραν για να ασχολούνται;cypr
με τα της θρησκείας Αυτή η ιδιαιτερότητα;cypr
οδήγησεν στη δημιουργία της πιο;cypr
αναπτυγμένης πολυνησιακής κοινωνίας ;cypr
μιαν που τες πιο πολυσύνθετες στον;cypr
κόσμο λαμβάνοντας υπ όψην τες πολλα;cypr
περιορισμένες πηγές πλούτου που;cypr
εδιέθετεν Οι Πασχαλινοί επερνούσαν τον;cypr
παραπάνω χρόνον τους με τη θρησκευτική;cypr
λατρείαν τζαι με την κατασκευήν;cypr
μνημείων ;cypr
Έτσι εδημιουργηθήκασιν σε ούλλον το;cypr
νησίν πέραν των τριακόσιων πλατφόρμων ;cypr
κυρίως στην παραλίαν Το κτίσιμον τους;cypr
σύφωνα με πολυσύνθετους αστρονομικούς;cypr
συσχετισμούς στο χώρον προσδιορισμένες;cypr
ανάλογα με τον ισημερινόν ή άλλα σημεία;cypr
του ορίζοντα μαρτυρούν ψηλά διανοητικά;cypr
επιτεύγματα Σε κάθε χώρον εστήνουνταν;cypr
από ένα μέχρι δεκαπέντε τεράστια;cypr
πέτρινα αγάλματα που συντηρούνται;cypr
μέχρι σήμερα σαν κληρονομιά της χαμένης;cypr
πασχαλινής κοινωνίας Σκάλισμένα με;cypr
εργαλεία που σκληρήν λάβα απεικόνιζαν;cypr
με πολλά καλλιτεχνικό στυλ την κελλέν;cypr
τζαι τον θώρακαν ενός αδρώπου Η;cypr
τζιεφαλή ήταν στεφανωμένη με ένα;cypr
βρουλίν καμωμένον που πέτραν κότσιινην ;cypr
βάρους περίπου δέκα τόνων προερχόμενης;cypr
που έναν άλλον λατομείον Το σκάλισμαν;cypr
ήταν εύκολη δουλειά μα έπιανεν πολλή;cypr
χρόνον Η μεγαλλύτερη δυσκολίαν ήταν η;cypr
μεταφορά των τεράστιων κολοσσών τζαι η;cypr
αναστήλλωση τους στη μούτην των;cypr
Αχού ;cypr
Η λύση που ήβραν οι Πασχαλινοί σε τούτο;cypr
το μεγάλον τους πρόβλημα διά τζαι το;cypr
κλειδίν που εξηγά την τύχη που ήβρεν;cypr
μετέπειτα την κοινωνίαν τους Ελλείψει;cypr
χτηνών που σώννουν αναγκάστηκαν να;cypr
χρησημοποιήσουν μιαν τεράστιαν;cypr
εργατικήν δύναμη για να τραβά τα;cypr
αγάλματα τζυλώντας τα πάνω σε κορμούς;cypr
δέντρων Που την μικρήν ομάδαν που;cypr
αγκυροβόλησεν στο νησίν τον πέμπτον;cypr
αιώναν ο πληθυσμός έφτασεν τες 7000 το 1550 ;cypr
Υπήρχαν τότε εκατοστάες Αχού πάνω στα;cypr
οποία εστηθήκασιν πάνω που 600 γιγάντια;cypr
αγάλματα ;cypr
Μετά εντελώς αιφνιδιαστικά ο πολιτισμός;cypr
αυτός εσυτρίφτην αφήνοντας πίσω του;cypr
πέραν των μισών αγαλμάτων ατέλειωτα στο;cypr
λατομείο του Rao Raraku ;cypr
Τι έγινεν Μια δραματική διάβρωση του;cypr
περιβάλλοντος που την αποψίλωσην του;cypr
δάσους Όταν αποβιβαστήκαν οι πρώτοι;cypr
ευρωπαίοι τον 17ον αιώναν ήβραν την;cypr
νήσον γέρημην εκτός που μιαν φούχταν;cypr
δεντρά στο βάθος του κρατήρα του;cypr
σβηστού ηφαιστείου Ράνο Κάο Εν τούτοις ;cypr
οι τελευταίες επιστημονικές εργασίες;cypr
που μπορούν να αναλύουν τους τύπους;cypr
γύρης εδείξαν ότι η νήσος του Πάσχα;cypr
ήταν καλυμμένη κάποτε που πυκνόν δάσος ;cypr
Όσον ο πληθυσμός αναπτύσσετουν ;cypr
εχρειάζετουν να κόφκει ούλον τζαι;cypr
παραπάνω ξύλα για να καλυφκει τες;cypr
ανάγκες του ξεχέρσωμαν εκτάσεων για;cypr
τες καλλιέργειες καύσιμα για να;cypr
βράζουν τζαι για να μαειρεύκουν ξύλα;cypr
σαν οικοδομικά υλικά για να κάμνουν;cypr
κανό για ψάρεμαν κορμούς για να τζυλούν;cypr
τζαι να κουβαλούν τα αγάλματα εκατοστάες;cypr
εργάτες Με άλλα λόγια εκαταλιούσαν;cypr
τεράστιες ποσότητες ξύλου Τζαι μιαν;cypr
ημέραν έλειψεν ;cypr
Η αποψίλωση του τόπου εν εσήμανεν μόνον;cypr
το πάγωμαν κάθε κοινωνικής τζαι;cypr
θρησκευτικής δραστηριότητας που ήταν;cypr
τόσον ανθούσες Εσυντάραξεν επίσης την;cypr
καθημερινήν ζωήν των Πασκαλινών Το 1500 η;cypr
έλλειψη ξύλου ανάγκασεν πολλήν κόσμον;cypr
να εγκαταλείψει τον τρόπον οικοδόμησης;cypr
με ξύλα τζαι να καταφύει σε σπήλιους ;cypr
Όταν ένα αιώναν πιο ύστερα το ξύλον;cypr
έλειψεν τέλεια ούλλος ο πληθυσμός;cypr
εμετακόμισεν σε τρωγλοειδής οικισμούς;cypr
σγαμμένους μες τους κρεμμούς η μες σε;cypr
κάτι καλυφούες που καλάμια που;cypr
εβλαστούσαν ακόμα γυρόν που τες λίμνες;cypr
των κρατήρων Τζαι τα μακρινά ταξίθκια;cypr
γιοκ Δίχα ξύλον δίχα βάρκες Τα;cypr
ψεφτοκανό με τα καλάμια εκάμναν μόνον;cypr
για να πιτσιαρίζουν στες γύρω ακτές ;cypr
Τζαι το ψάρεμαν γιοκ Το ξύλον τους;cypr
βάτους με το οποίον εκάμναν δίκτυα;cypr
έλειψεν τζαι τζείνον Με την εξάλειψην;cypr
της άγριας χλωρίδας εφτώσιινεν ακόμα;cypr
παραπάνω το χώμαν που υπολείπετουν ήδη;cypr
λίπανσην ζωικής προέλευσης για να;cypr
αναζωογονεί τες θρεπτικές ουσίες που;cypr
απορροφούσαν οι καλλιέργειες Οι;cypr
βροσιές εδιαβρώσαν ακόμα παραπάνω την;cypr
γην τζαι η παραγωγή γλυκοπατάτας;cypr
έππεσεν Τα κοτόπουλλα εμείναν η κύρια;cypr
πηγή διατροφής Όσον ο αριθμός τους;cypr
εμεγάλωννεν τόσον έπρεπεν να τα;cypr
προστατεύκουν που τες κλεψιές Μα τα;cypr
πουλιά μόνον δεν εκανούσαν να θρέψουν;cypr
7000 αθρώπους τζαι ο πληθυσμός άρκεψεν να;cypr
φιρνά ;cypr
Που το 1600 τζαι μετά η φθίνουσα κοινωνία;cypr
της νήσου Πάσχα εξέππεσεν σε ούλλον;cypr
τζαι πιο πρωτόγονα επίπεδα Δίχα δεντρά ;cypr
δηλαδή δίχα κανό οι νησιώτες εβρεθήκαν;cypr
φυλακισμένοι σιιλιάες μίλια μακριά που;cypr
την πατρογονικήν γην ανίκανοι να;cypr
διαφύουν που τες επιπτώσεις της;cypr
κατάπτωσης του περιβάλλοντος τους της;cypr
οποίας οι μόνοι υπεύθυνοι ήταν οι ίδιοι ;cypr
Οι κοινωνικές επιπτώσεις της αποψίλωσης;cypr
εν ήταν λιόττερον δραματικές Η;cypr
αδυναμία να στήνουν τζιηνούρκα;cypr
αγάλματα είσιεν καταστροφικές;cypr
συνέπειες στο σύστημα λατρείας τζαι την;cypr
κοινωνικήν οργάνωσην πάνω στις οποίες;cypr
ήταν δομημένη η πολυσύνθετη τζείνη;cypr
κοινωνία ;cypr
Οι συγκρούσεις επολλαπλασιαστήκαν;cypr
βάλλοντας το νησίν σε σχεδόν μόνιμην;cypr
κατάστασην πολέμου Η δουλεία εγίνην;cypr
συνηθισμένη πρακτική Όσον οι πρωτεΐνες;cypr
ελλιανίσκαν τόσον οι κάτοικοι;cypr
εγίνουνταν κανίβαλοι Ένας που τους;cypr
κύριους στόχους των πολέμων ήταν να;cypr
καταστρέψουν τα Αχού της αντίπαλης;cypr
φυλής Τα παραπάνω που τζείνα τα υπέροχα;cypr
πέτρινα αγάλματα εκαταστραφήκαν το ένα;cypr
μετά το άλλον Μπροστά σε τούτον το;cypr
θλιβερόν τοπίον μπροστά στην άγνοιαν;cypr
των Πασχαλινών που εχάσαν την πολιτιστικήν;cypr
τους μνήμην αιώνων οι πρώτοι Ευρωπαίοι;cypr
δεν εκαταλάβαν τον μυστήριον πολιτισμόν;cypr
που άνθισεν στο παρελθόν πάνω στο νησίν ;cypr
Για σιίλια χρόνια οι Πασχαλινοί ήβραν;cypr
τον τρόπον να συντηρήσουν έναν τρόπον;cypr
ζωής στηριγμένον σε έναν λεπτόν;cypr
ισοζύγιον ηθών που τους επέτρεπεν όϊ;cypr
μόνον να διαβιούν αλλά να ευτυχούν ;cypr
Πρόκειται βέβαια για λόους ενός;cypr
θριάμβου της αθρώπινης ραδιουργίας;cypr
τζαι μιας επιφανειακής νίκης πας στην;cypr
εχθρικήν φύσην Σε τελευταίαν όμως;cypr
ανάλυσην ο υπερπληθυσμός και οι;cypr
πολιτιστικές φιλοδοξίες των νησιωτών;cypr
εφανήκαν πολλά βαρετές πάνω στες;cypr
περιορισμένες πηγές που είχαν εις την;cypr
διάθεσην τους Όταν ελείψαν η κοινωνία;cypr
δεν άρκησεν να συντριβεί οδηγώντας τους;cypr
ανθρώπους σε έναν επίπεδον που δεν;cypr
απείχεν πολλά που την βαρβαρότηταν ;cypr
Αρκούσεν σε τούτους τους ανθρώπους ;cypr
εντελώς ξεκομμένους που τον κόσμον ;cypr
μιαν μόνον ημέραν για να κάμουν τον;cypr
γυρόν του μικρού νησιού τους για να;cypr
καταλάβουν την ζωτικήν ανάγκην να;cypr
έβρουν έναν αειφόρον ισοζύγιον με το;cypr
περιβάλλον ;cypr
Αντί αυτού εκμεταλλεουνταν το σαν να;cypr
τζαι οι δυνατότητες που τους εδίαν ήταν;cypr
άπειρες Τζαι ακόμα σιοιρόττερα ενώ οι;cypr
ελλείψεις στο νησίν εγίνουνταν ολοέναν;cypr
τζαι πιο αισθητές η αντιπαλότητα;cypr
μεταξύ των φυλών φαίνεται να επαυξάνετουν ;cypr
εσκαλίζαν ολοέναν τζαι παραπάνω;cypr
αγάλματα για να διασφαλίσουν το γόητρον;cypr
τους ανάθθεμαν τζι αν τα παραπάνω ήταν;cypr
να μείνουν γέρημα ατέλειωτα τζι;cypr
ανάφεντα εγκαταλελειμμένα κοντά στο;cypr
λατομείον χωρίς να λάβουν καθόλου;cypr
υπόψην την ανησυχητικήν σπάνην των;cypr
δεντρών που μια τέθκοια κλιμάκωση;cypr
εσυνεπάγετουν ;cypr
Πηγή Clive Potig le viol de la terre Nil éditio Paris ;cypr
2000 Titre origial a gree history of the world Ελέυθερη;cypr
μετάφραση Φ Φλουρέντζου;cypr
Πηγή εικόνων  membres lycos fr smscoectio4 ;cypr
 Πολλά ωραία ιστορία τζαι με πολλά;cypr
μηνύματα Έσιει τζιάλλες που τζιαμέ που;cypr
ήρτεν ;cypr
    2007 01  post_14  Κυριακή;cypr
14 Ιανουαρίου 2007;cypr
Ο καυκάς των παλιών ηρώων με τους;cypr
τζουνούρκους;cypr
Μιάν γρονιάν τσα τζ αμπροού μπαίνοντας;cypr
των δωδεκαμέρων οι καλικάντζαροι;cypr
εφκήκαν πάλε που τη γην τζι εγυρίζαν;cypr
λυσιασμένοι της πείνας πάνω στα δώματα;cypr
τζαι τραουδούσαν ;cypr
 τιτσίν τιτσίν λουκάνικον;cypr
μασιαίριν μαυρομάνικον;cypr
κομμάτιν ξεροτίανον;cypr
να φάμεν τζαι να φύουμεν ;cypr
Αντίς λουκάνικον τζαι ξεροτίανον ;cypr
ήβρασιν όμως τσιοκκολατούες τσιήπιτο;cypr
τζαι παστηλιούες ;cypr
Εκάμαν απου φάει φάει αλλά όπως eν ήταν;cypr
μαθημένοι σ έτσι γλυτζιστικά έπιαεν;cypr
τους ο πόνος τζαι βουρούσαν εις τον;cypr
απόπατον τζι έν εσυφτάνναν Γυρισόντα;cypr
νύχτα εσυναχτήκαν ούλοι οι καλικάνζιαροι;cypr
σε συνεδρίαν να δουν ινταν που ν να;cypr
κάμουν ;cypr
Πρώτος έπιασεν τον λόον ο αρχικαλικάντζιαρος ;cypr
Έκλωσεν τα μουστάτζια του που βλαστούσαν;cypr
πας τα φκιά του εσφόντζιήσεν την μύξαν;cypr
του που στασσεν πας τ αρφάλιν του ;cypr
ίσιωσεν τον νούρον του τζαι έφκην πας;cypr
την μούττην μιας τσιμινιάς να μιλήσει ;cypr
 Αυτή η κατάσταση δεν πάει άλλον ;cypr
Κανεί Πέρσι ούλα τα μωρά εμείναν;cypr
κολλήμένα πας την τηλεόρασην τζαι εν;cypr
αθθυμήθην πλάσμαν να μας βάλει ένα;cypr
ξεροτήανον πας το δώμαν Φέτη εστήσαν;cypr
μας την με τα μουσκουρούθκια ;cypr
 Μάστρε λαλει του έναν καλικαντζιαρίν;cypr
με τρία πόθκια εν τζι εν μόνον εμάς που;cypr
ξηχάσαν τα κοπελλούθκια Εν ούλους τους;cypr
παλιούς ήρωες των παραμυθκιών Που τον;cypr
τζαιρόν που ματσουκώσαν πας την;cypr
τηλεόρασην τζαι πας τα κκομπιούτερ ;cypr
εσύραν μας ούλους έξω που τες ιστορίες;cypr
τζι εβάλαν ήρωες νέους Όϊ ακούεις;cypr
Ρέϊντζερ όϊ Σούππερμαν όϊ Σπάϊντερμαν ;cypr
όϊ Πόκεμον ;cypr
 Εσιει δίκαιον ο μιτσής εποθαμμάστην;cypr
μιά γεροκαλικαντζιάρα που το βιζίν της;cypr
το δεξιόν εκρέμμετουν της ως το γόνατον ;cypr
 Εγιώ λαλώ να τους φέρουμεν ούλους;cypr
δαμαί να φκάλουμεν κοινό σκέδιον;cypr
δράσης ;cypr
Εσσυφφωνήσαν τζαι πέψαν το καλικαντζιαρίν;cypr
να τους φωνάξει Όστι να δώκει τον γυρόν;cypr
τους ήρωες ούλλους έφαν του έξι μέρες;cypr
τζαι έξι νύχτες ;cypr
Πρώτος φανίσκει ο Κωσταντάς με δειν;cypr
αρκοδιμμένον ;cypr
Κρατεί τον λιόνταν που το φτιν τον;cypr
δράκον που το πόδιν ;cypr
Κρατεί δεντροκολόριζον που το δεξίν του;cypr
σιέριν ;cypr
Να κάμνει σσιον του μαύρου του μεν τον;cypr
περπάξει ο νήλιος ;cypr
Εφέραν τζαι τον Διγενήν τζαι τον;cypr
Σαρατζιηνόν τζαι τον Κάουραν τζαι τον;cypr
Σπανόν με τους σαράντα δράκους Εφέραν;cypr
τζαι την κουτσουκουτούν που τον Άην;cypr
Τάφον τζαι το βασιλόπουλλον τζαι την;cypr
πριντζηποπούλλαν τζαι τον βοσκόν με το;cypr
πιθκιαβλούιν Ήρτεν τζι ο βασιλιάς με;cypr
την βασίλισσαν Ώς τζαι τον Θησέαν που;cypr
την μυθολοΐαν εφέραν τον ;cypr
Έτσι μεταξύ μας η βασίλισσα ετριβιτζιάζετουν;cypr
τζ έθελεν να φα που πάνω της Του ν το;cypr
κατάντημαν εν το όρπιζεν ποττέ της Όϊ;cypr
μόνον τα κοπελλούθκια ασύραν την που τα;cypr
παραμύθκια σαν την τρίχαν που το;cypr
ζυμάριν εβρέθην τωρά μες σε τούτον;cypr
ούλλον το χωρκαθκιόν Ο Διγενής που την;cypr
μιάν να χτιτζιολοά δρώματα που το;cypr
πάλεψε πάλεψε με τον χάρον ο Κωσταντάς;cypr
που την άλλην με τες οι ποΐνες του να;cypr
κόφκουν τουμάνιν εκάμαν την βασίλισσαν;cypr
να κουκκουμώσει Ο βασιλιάς αρκοείδεν;cypr
την τζ ένεψεν της να κάμνει πομονήν ;cypr
Ήταν ποφασισμένος να συμμαχίσει ακόμα;cypr
τζαι με τον θκιάολον φτάνει να;cypr
ξαναμπούν μες τα παραμύθκια ;cypr
Προτελευταίος ήρτεν ο νούσιμος τζαι;cypr
τέλεια τελευταίος ο πελλός που την;cypr
πόρταν Τραβά την πόρταν να την βαώσει ;cypr
εξιμπάρρωσεν την Όπως τότες στο;cypr
παραμύχιν ;cypr
 Ποττέ σου εν τζι εν βάλεις νουν ;cypr
λαλεί του η βασίλισσα θυμωμένη ;cypr
Ανταν τζαι θωρεί τον βασιλιάν ο πελλός ;cypr
εγρειάστηκεν τα Ενόμισεν πους του;cypr
κράτεν ακόμα κατζίαν που την πόρταν του;cypr
παραμυθκιού Ώς που να πεις αναρήν ο;cypr
πελλός εβρέθην πας σε μιαν αντέναν της;cypr
τηλεόρασης ;cypr
Εβκήκαν ούλοι έξω τζι επαρακαλούσαν τον;cypr
να κατεβεί ;cypr
 Βρε γιε μου λαλεί του ο καλικάντζιαρος ;cypr
 κατέβα κάτω τζι εν για άλλην δουλειάν;cypr
που ήρταμεν ;cypr
 Όϊ φοούμαι ;cypr
 Κατέβα τζι εν θα σου κάμω τίποτε ;cypr
λαλεί του ο βασιλιάς ;cypr
 Ετσι είπες τζαι του Κάουρα για να τον;cypr
καλοπιάσεις τζαι ύστερα έπεψες τον;cypr
Κωσταντάν τζ έκαμεν τον αρβάλιν ;cypr
 Βρε έλα κάτω τζαι τούτες εν παλιές;cypr
ιστορίες λαλεί του ο Κάουρας ;cypr
 Ότι γράφετε δεν ιξιγράφετε λαλεί;cypr
του ο πελλός εγιώ τους βασιλιάδες;cypr
βοούμαι τους ;cypr
 Αφο ν κατεβαίννει με το καλόν εν να;cypr
κατεβεί με τον θυμόν λαλεί τους ο;cypr
Κωσταντάς τζαι μπήει του μιαν φωνήν ;cypr
εσούστην το σκαμνίν του προέδρου της;cypr
Δημοκρατίας στην Χώραν Βουννά του τζαι;cypr
τον δεντροκολόριζον που κράεν εζάωσεν;cypr
την αντέναν σαν το κλωνίν της ακακίας ;cypr
 Καλόν να κατεβώ ;cypr
Πάει να πεταχτεί κάτω εκοράτζισεν το;cypr
βρακοζόνιν του πας το τζέρρατον της;cypr
αντένας Ήτουν μια αντένα αναμετάδοσης;cypr
της τηλεόρασης Πάει να το ξικορατζίσει ;cypr
εξιμπάρρωσεν το Που τζείνην την ώραν ;cypr
ανακατωθήκαν τα κύμματα τζι επαένναν;cypr
ώπου εθέλαν Τα κοπελλούθκια μπροστά;cypr
στες τηλεοράσεις αντίς να θωρούν;cypr
κινούμενα σκέδια εθωρούσαν σιονούθκια;cypr
άσπρα ;cypr
Τα κινούμενα σκέδια στην αρκήν;cypr
εχασκιαστήκασιν αλλά μόλις εκαταλάβαν;cypr
ίντα ν που εγίνετουν επεταχτήκαν που;cypr
τα σύρματα έξω τζι ετσιππώσαν πας τον;cypr
πελλόν να τον κουπανήσουν ;cypr
Πρώτος αμούνταρεν ο Πίκατσος ;cypr
Φακκά του μίαν τζερραθκιάν πάνω στην;cypr
τζεφαλήν του ;cypr
απου τον πόνον τον πολλήν εζάωσεν το;cypr
φτιν του ;cypr
Μόλις είδεν ο Διενής τον πελλόν να;cypr
κυνδινεύκει φακκά του μιαν γροθκιάν;cypr
του Πίκατσου εμετεξέλιξεν τον σε;cypr
πικάτσαν ;cypr
Εποτυλίχτην ο Ρέϊντζερ τζι έκαμεν να;cypr
σσιίσει πάνω στον Διενήν Πριν όμως να;cypr
φτάσει να του ξαπολίσει τα λέϊζερ του ;cypr
φυσά του μιάν φωδκιάν ο Δράκος ;cypr
εμετεξέλιξεν τον σε γάρον άσπρον ;cypr
Τζείνην την ώραν επετάχτην ο Ππόπαϊς;cypr
που την αντέναν τζι ετσίππωσεν πας τα;cypr
ζυνίσια του Κωνσταντά Ξαπολά ο;cypr
Κωνσταντάς τον λιόνταν που κράτεν που;cypr
το φτίν τζαι τυλίει τον Ππόπαϊν που το;cypr
πόϊν έκαμεν τον κατσούνιν Φκάλλει έναν;cypr
ττενεκκούϊν σπανάσιιν ο Ππόπαϊς όσον;cypr
τζαι ρούφισεν το επρηστήκαν οι;cypr
ποντιτζοί του σαν τες ταμπουτσιές ;cypr
Αντινάχτηκεν πάνω τζαί πιρκολά του μιαν;cypr
του Κωσταντά έσπασεν του τρία παΐθκια ;cypr
Βουννά ο καλικάνζιαρος το καμάτζιν του;cypr
πας το μπράτσον του Ππόπαϊ επόπρησεν;cypr
του τους ποντικούς σαν την φούσκαν Η;cypr
Βασίλισσα ετριχομαλλίζετουν με την;cypr
Μπάρπιν ποιά εν η πιο όμορφη τζι ο;cypr
βασιλιάς εμάλλωνεν με τον γέρο Σκρουτζ ;cypr
Εγεμώσαν οι τόποι ήρωες τζαι νέους τζαι;cypr
παλιούς να παλιώννουν Ο μόνος που εν;cypr
έφαν πολλές ττοππουζιές ήταν ο πελλός;cypr
που την πόρταν Άφηκεν τους τζιαμέ να;cypr
λαόννουνται τζι επήεν τζι έκατσεν;cypr
δίπλα που μιαν τσακροπιτίλλαν τζι έπαιζεν ;cypr
Άμαν νάϊν του κοντέψει κανένας ;cypr
έντζιζεν πας έναν αγγουρούϊν τζι εσπούρταν;cypr
του το μες τα μούτρα ;cypr
Η μάχη ήταν ισόπαλη ως την ώραν που;cypr
έφκην που τη αντέναν ένας ξανθός;cypr
παλληκαράς ;cypr
 Είμαι ο Χέρκουλες Κάμετε τόπον;cypr
 ;cypr
 Ποιός Χέρκουλες βρε χερκελέ λαλεί;cypr
του ο Διενής ;cypr
 Ο Χέρκουλες που την μυθολογίαν ο;cypr
Χηρακκλής λαλεί του ο ξανθός ;cypr
 Ο Ηρακλής ήταν ήρωας δαμαί στην;cypr
περιοχήν γρόνια τζαι ζαμάνια πριν που;cypr
μέναν λαλεί του ο Διενής τζαι πιάννει;cypr
έναν διτζιίμιν τζαι σύρνει του το του;cypr
ξανθού ίσιαν να τον διαλύσει Ο ξανθός;cypr
άρπαξεν το διτζιίμην στον αέραν τζι;cypr
έκαμεν να το σύρει πίσω του Διενή μα ο;cypr
Διενής ήταν σβέλτος σαν τον σπίριτον;cypr
τζαι επόφυεν το Το Διτζιίμιν επήεννεν;cypr
σφήνα πας τον Πελλόν τζαι ήσιαν να το;cypr
φάει αδέσποτον ;cypr
Ήταν η ώρα δώδεκα τζαι εμάσιετουν να;cypr
γυρίσει ο χρόνος Μόλις εσβήσαν τα φώτα;cypr
ακούεται μια φωνή Πρόσεχεεεεε;cypr
Μόλις εξανάψαν τα φώτα εδικλείσαν;cypr
ούλλοι πας τον παππούν τον Παναήν ;cypr
 Συμπαθάτε με λαλεί τους ο γέρος ;cypr
επήρεν με ο νύπνος πας την πολυθρόναν;cypr
τζαιεεε ;cypr
 Τζαι εγέρασες τέλεια λαλεί του η;cypr
γιαγιά η Νίτσα Χάτε πιάε έναν;cypr
μελομακάρουνον να γλυκάνει το δόντιν;cypr
σου ;cypr
Τζαι εφάαν τα μελομακάρουνα τζαι;cypr
εσύραν τζαι κανέναν πας το ταβάνιν να;cypr
φαν τζαι οι σκαλαπούνταροι τζαι ζήσαν;cypr
τζιείνοι καλά τζαι ο πελλός που την;cypr
πόρταν καλλύττερα ;cypr
6 σχόλια ;cypr
Αγαπητέ Άσερα ;cypr
διαβάσαμε το παραμύθι σου σε μια;cypr
οικογενειακή ομήγυρη γελάσαμε το;cypr
ευχαριστηθήκαμε και το εκτιμήσαμε ;cypr
Εχεις το μοναδικό ίσως ταλέντο να μας;cypr
μεταφέρεις σκηνές από το χώρο της;cypr
φαντασίας που ταυτόχρονα συγκινούν;cypr
μικρούς και μεγάλους Πανω απ όλα όμως;cypr
είσαι από εκείνους τους ελάχιστους που;cypr
μπορούν να κρατήσουν ζωντανή τη σοβαρή;cypr
μυθοπλασία Σε παρακαλώ μην τα παρατήσεις ;cypr
Cheers;cypr
Πριν κάτι χρόνια στα καρναβάλια ;cypr
ντύθηκα ο πελλός που την πόρτα ;cypr
Ξεβίδωσα μια πόρτα απ το σπίτι μου και;cypr
την κουβάλησα μαζί μου στο μπαράκι όπου;cypr
είχε μασκέ πάρτι εκείνη τη νύχτα ;cypr
Κανείς δεν με αναγνώρισε ;cypr
Χέ χε Εγώ έπιασα μιαν πόρταν τζαι έφυα;cypr
που την Κύπρο πριν χρόνια Όταν;cypr
επιστρέφω πότε πότε τζαι συναφέρνω;cypr
λύσην του κυπριακού κοινωνίες δικαίου;cypr
τζαι ήθος στες σχέσεις μεταξύ των;cypr
ανθρώπων κανένας δεν με αγρωνίζει ;cypr
Πάλε γράφω σου εθκιάβασα πριν λίο τον;cypr
καφκάν των ηρώων των παραμυθκιών τσιαί;cypr
αθυμήθηκα ότι τον πελλόν που την πόρτα;cypr
ελάλεν μας τον ο μακαρίτης ο πατέρας μου;cypr
όταν είμασταν μιτσιοί όμως εν το;cypr
αθυμούμαι ούλλον το παραμύθι έθελα να;cypr
σε παρακαλέσω άμα θέλεις τσιαι μπορείς;cypr
να το γράψειςνα το θκιαβάσω Το;cypr
καλοτσιαίριπου επήα στη Κύπρο ερώτησα;cypr
την αρφή μου τσαι εν το αθυμάτουν ούτε;cypr
τσιήνη Νομίζω πρέπει βάλλω 2θήτα;cypr
 ΚΑΛΗΝΥΚΤΑ ;cypr
Αγαπητή Νοσταλγία θα σου γράψω τον;cypr
πελλόν που την πόρταν όπως τον αθθυμούμαι ;cypr
Έχω τζαι μιαν παραλλαγήν του όπως τον;cypr
εδημοσίευσεν μια κοπελιά τζαι θα σου το;cypr
βάλω τζαι τζείνον Θα κάμω σύντομα ένα;cypr
πόστ αφιέρωμαν στον πελλόν που την;cypr
πόρταν τζαι θα ζητήσω αν έσιει άλλες;cypr
παραλλαγές να μας τες γράψουν Θα;cypr
κοιτάξω τζαι μέσα στους τόμους από τα;cypr
κυπριακά γράμματα άν τον έσιει μέσα;cypr
στες ευτράπελλες ιστορίες ;cypr
Ήρτε μου να βάλω τα κλάματα μόλις;cypr
εθκιάβασα το said σου χίλια ευχαριστώ;cypr
μένω υποχρεωμένη Το καλοκαίρι άμα;cypr
είμαστε καλά θα πάμε Κύπρο με τον;cypr
 έταιρο πουλαλεί τσιαί η Δρακούνα;cypr
εκειέχω την θεία μου δεύτερη μάνα για;cypr
μένα και η τελευταια από τα γερόντια μας;cypr
η οποία ξέρει πολλά Κυπριακά σαν;cypr
περίπου σαν τα τσιαττιστά θα μου τα πεί;cypr
 και θα τα γράψω εδώ και πάλι σ ευχαριστώ ;cypr
    2007 01  post_23  Τρίτη;cypr
23 Ιανουαρίου 2007;cypr
Οι σνομπ στην Πολη;cypr
Το κείμενο αυτό το έγραψα πρίν τις;cypr
δημοτικές εκλογές αλλά το άφησα θαμένο;cypr
στα παλιά μου τα αρχεία Παρόλο που θέλω;cypr
να δημοσιέυω μόνο παραμύθια στο Μπλογκ;cypr
μου διαβάζοντας ένα κείμενο του Αδαή;cypr
που μου άρεσεν αποφάσισα να του το;cypr
αφιερώσω Τό δημοσιέυω λοπόν για λίγες;cypr
μέρες ;cypr
Όταν οι γάλλοι θέλουν να ορίσουν τη λέξη;cypr
sob sas oblesse χωρίς αριστοκρατική;cypr
συμπεριφορά διηγούνται την ιστορια;cypr
της κυρίας με το σκυλάκι Όταν η κυρία;cypr
τέλειωσε την επίσκεψη της στην;cypr
ιδιοκτήτρια του δίστυχου ζώου και;cypr
σηκώθηκε για να φύγει αντελήφθη ότι;cypr
στον καναπέ ένα σκυλάκι Σιηουάουα που;cypr
κοιμόταν ξέγνοιαστο ξεψύχισε από;cypr
ασφυξία κάτω από τα 80 της κιλά Το;cypr
παίρνει χωρίς να χάσει την ψυχραιμία;cypr
της το βάζει διακριτικά στη τσάντα της;cypr
και το πετάει στον πρώτο κάλαθο των;cypr
αχρήστων που βρίσκει στο δρόμο Στα;cypr
κυπριακά σαλόνια βέβαια η αντίδραση;cypr
ίσως να ήταν διαφορετική Αλλος κόσμος ;cypr
άλλα ήθη Η κυρία ίσως να έλεγε δεν;cypr
πειράζει μάνα μου να σου γοράσω;cypr
άλλον ;cypr
Τον σνομπισμό της δικής μας αριστοκρατίας;cypr
 τον διαγράφει καλύτερα μια κυπριακή;cypr
ιστορία μιά κυρία με πολύ δραστήρια;cypr
φιλόπτωχη δράση όταν πήγαινε σε;cypr
συνεδρία όπου καλεσμένη ήταν και η;cypr
κυρία Μιμή Κυπριανού παιρνούσε πρώτα;cypr
από την τράπεζα για να πάρει το;cypr
διαμαντάκι της από το θυσαυροφυλάκιο ;cypr
Στην αίθουσα διάλεγε ένα ηλιόλουστο;cypr
μέρος Με το διαμάντινο δακτυλίδι;cypr
κατέυθεινε τις ακτίνες του ήλιου στο;cypr
μάτι της κυρίας Κυπριανού για να της;cypr
δίξει ποιά είναι και από πού έρχεται ;cypr
Παλιά αριστοκρατία παλιές ιστορίες ;cypr
Στα μοντέρνα σαλόνια τέτοιες βλακείες;cypr
τις διηγούνται για να γελούν Όποιος;cypr
ορθοπαιδικός Αγωνίστηκε για έντεκα χρόνια στον Παναθηναϊκό από το 1962;Greek
έως το 1973 οπότε και τερμάτισε την καριέρα του σε ηλικία 30 ετών ;Greek
Αγωνιζόταν στη θέση του κεντρικού αμυντικού συμμετέχοντας σε 310 αγώνες;Greek
της Α Εθνικής Με τον Παναθηναϊκό κατέκτησε 6 Πρωταθλήματα 1962 1964 ;Greek
1965 1969 1970 1972 και δύο Κύπελλα 1967 1969 ;Greek
Ο Φραγκίσκος Σούρπης συμμετείχε σε 25 ευρωπαϊκά παιχνίδια του;Greek
Κυπέλλου Πρωταθλητριών Ευρώπης το 1971 στο Στάδιο Γουέμπλεϊ ;Greek
Ο Άνθιμος Καψής ο Φραγκίσκος Σούρπης και ο Βαγγέλης Πανάκης είναι οι;Greek
τρεις ποδοσφαιριστές που αγωνίστηκαν σε όλη τους την καριέρα μόνο στον;Greek
Ο Φραγκίσκος Σούρπης έχει αγωνιστεί σε 6 αγώνες με την Εθνική;Greek
 doc id 68095   el  org wiki curid 68095 ;Greek
title Τρομελίν ;Greek
Τρομελίν;Greek
 doc id 68096   el  org wiki curid 68096 ;Greek
title Ευρωπαϊκό ομαδικό πρωτάθλημα τοιχοσφαίρισης ;Greek
Ευρωπαϊκό ομαδικό πρωτάθλημα τοιχοσφαίρισης;Greek
Το Ευρωπαϊκό ομαδικό πρωτάθλημα τοιχοσφαίρισης αποτελεί τη σημαντικότερη;Greek
ευρωπαϊκή διοργάνωση του όχι και τόσο ανεπτυγμένου στην Ελλάδα αθλήματος;Greek
της τοιχοσφαίριση ;Greek
Στον τελικό του 2008 στους άνδρες που διεξήχθη στις 3 Μαΐου του 2008 στο;Greek
Άμστερνταμ τον τίτλο κατέκτησε η Αγγλία νικώντας με 3 0 τη Γαλλία Την;Greek
τρίτη θέση κατέλαβε η Ολλανδία νικώντας τη Γερμανία με 3 1 Στον τελικό;Greek
των γυναικών που διεξήχθη την ίδια μέρα με εκείνου των ανδρών η Αγγλία;Greek
κέρδισε με 3 0 την Ολλανδία και το χάλκινο μετάλλιο πήρε η Γαλλία με νίκη;Greek
 επί της Ιρλανδίας με 2 1 ;Greek
Στη διοργάνωση του 2009 η Αγγλία κέρδισε ξανά τον τίτλο σε άνδρες και;Greek
γυναίκες Οι αγώνες διεξήχθησαν από τις 28 Απριλίου ως τις 2 Μαΐου του;Greek
2009 στη Σουηδία και στον τελικό των ανδρών η Αγγλία κέρδισε με 3 1 και;Greek
σε εκείνο των γυναικών την Ολλανδία με 3 0 ;Greek
 doc id 68097   el  org wiki curid 68097 ;Greek
title Γιάννης Τομαράς ;Greek
Γιάννης Τομαράς;Greek
Ο Γιάννης Τομαράς είναι πρώην διεθνής ποδοσφαιριστής ;Greek
Γεννήθηκε το 1947 Αγωνίστηκε στον Παναθηναϊκό στη θέση του δεξιού;Greek
αμυντικού και ήταν μέλος της ομάδας που αγωνίστηκε στον τελικό του;Greek
Κύπελλο Πρωταθλητριών Ευρώπης το 1971 Συμμετείχε σε όλους τους;Greek
ευρωπαϊκούς αγώνες της περιόδου Ωστόσο σε αγώνα του Παναθηναϊκού με τη;Greek
Νασιονάλ Μοντεβιδέο για το Διηπειρωτικό Κύπελλο του 1971 ο Ουρουγουανός;Greek
Μοράλες αν και παίκτης της επίθεσης σε ένα σκληρό μαρκάρισμα έσπασε το;Greek
πόδι του Τομαρά με αποτέλεσμα λόγω του τραυματισμού η ποδοσφαιρική;Greek
σταδιοδρομία σχεδόν να τελειώσει ;Greek
Τελευταία ομάδα της καριέρας του το 1979 ήταν ο Ήφαιστος;Greek
Περιστερίου ;Greek
Με τον Παναθηναϊκό κέρδισε τέσσερα πρωταθλήματα 1969 1970 1972 1977 ;Greek
Το 1967 χρίστηκε διεθνής με την Ολυμπιακή Εθνική ομάδα στους δύο αγώνες;Greek
για το προολυμπιακό τουρνουά με την Αν Γερμανία ;Greek
Επίσης πριν από τον τραυματισμό του αγωνίστηκε τρεις φορές με την;Greek
Εθνική Ελλάδος το 1970 1971 ;Greek
 doc id 68099   el  org wiki curid 68099 ;Greek
title Σούπερ Καπ υδατοσφαίρισης Ευρώπης ;Greek
Σούπερ Καπ υδατοσφαίρισης Ευρώπης;Greek
Το Σούπερ Καπ υδατοσφαίρισης Ευρώπης είναι διοργάνωση της διεθνούς;Greek
υδατοσφαίρισης ;Greek
 doc id 68102   el  org wiki curid 68102 ;Greek
title Ιμπρεσσιονισμός ;Greek
Ιμπρεσσιονισμός;Greek
 doc id 68104   el  org wiki curid 68104 ;Greek
title Κύπελλο Πρωταθλητριών Υδατοσφαίρισης Γυναικών ;Greek
Κύπελλο Πρωταθλητριών Υδατοσφαίρισης Γυναικών;Greek
 doc id 68105   el  org wiki curid 68105 ;Greek
title Κύπελλο Κορυφαίων Ομάδων Πετοσφαίρισης ;Greek
Κύπελλο Κορυφαίων Ομάδων Πετοσφαίρισης;Greek
 doc id 68106   el  org wiki curid 68106 ;Greek
title Κύπελλο Πρωταθλητριών Υδατοσφαίρισης Ανδρών ;Greek
Κύπελλο Πρωταθλητριών Υδατοσφαίρισης Ανδρών;Greek
 doc id 68107   el  org wiki curid 68107 ;Greek
title Μονή Αγίου Παντελεήμονος Άγιο Όρος ;Greek
Μονή Αγίου Παντελεήμονος Άγιο Όρος ;Greek
Η Ιερά Πατριαρχική και Σταυροπηγιακή Μονή Αγίου Παντελεήμονος Ρωσικού ;Greek
στον Άθω που είναι γνωστότερη ως Ρωσικό Μοναστήρι είναι μία εκ των;Greek
είκοσι μονών του Αγίου Όρους και κατατάσσεται δέκατη ένατη 19η στην;Greek
ιεραρχική τάξη των Αγιορείτικων μονών ;Greek
Καθηγούμενος της Ιεράς Μονής είναι ο Αρχιμανδρίτης Ευλόγιος;Greek
Παντελεημονίτης ;Greek
Βρίσκεται στη δυτική πλευρά της χερσονήσου του Άθω επί της παραλίας και;Greek
απέχει 15 χλμ από την πρωτεύουσα τις Καρυές ;Greek
Στη Μονή εκάρη μοναχός ο Άγιος Δανιήλ ο Σμυρναίος ο μετέπειτα καλούμενος;Greek
 Κατουνακιώτης ;Greek
Ιδρύθηκε στις αρχές του 11ου αι αρχικά στη θέση Παλαιομονάστηρο ;Greek
Πυρπολήθηκε τον 13ο αι και στη συνέχεια τέθηκε υπό την προστασία των;Greek
Σέρβων Βασιλέων Τον 17ο αι περιέπεσε σε παρακμή Το σημερινό μοναστήρι;Greek
χτίστηκε το 1765 Το οκτάτρουλο καθολικό του μοναστηριού αφιερωμένο στον;Greek
Άγιο Παντελεήμονα χτίστηκε στα χρόνια 1812 21 Το τέμπλο είναι ρωσικής;Greek
τέχνης Η τράπεζα χτίστηκε το 1892 Σήμερα 2020 το κοινοβιο εχει 104;Greek
μοναχούς και τα εξαρτηματα της 26 μοναχούς Σύνολο μοναχών και;Greek
εξαρτηματικών κυμαίνεται στα 130 άτομα ;Greek
Ο Πανσλαβισμός και η αποχώρηση των Ελλήνων μοναχών δίωξη αγίου Δανιήλ;Greek
Σμυρναίου ;Greek
Το 1866 στη Μονή Αγίου Παντελεήμονος εκάρη μοναχός ο Άγιος Δανιήλ ο;Greek
Σμυρναίος ο μετέπειτα καλούμενος Κατουνακιώτης απολαμβάνοντας μεγάλη;Greek
αγάπη και εκτίμηση από τον τότε Έλληνα ηγούμενο της Μονής και τους;Greek
άλλους κατά πλειοψηφία Έλληνες μοναχούς ;Greek
Η περίοδος όμως εκείνη χαρακτηρίζεται από τα ρωσικά σχέδια του;Greek
εθνικιστικού Πανσλαβισμού Ο Πανσλαβισμός αποτέλεσε εργαλείο του Ρωσικού;Greek
επεκτατισμού στην εξωτερική πολιτική που επεκτεινόταν και στις;Greek
εκκλησιαστικές δικαιοδοσίες Απλώθηκε μάλιστα και στο Άγιο Όρος ;Greek
Ειδικότερα την περίοδο 1874 1875 οι Ρώσοι μοναχοί προσπαθούσαν να;Greek
ελέγξουν τη διοίκηση της Μονής Αγίου Παντελεήμονος με αποτέλεσμα να;Greek
ανακύψουν φιλονικίες και εντάσεις ;Greek
Ο μοναχός Δανιήλ την περίοδο αυτή διακονούσε ως γραμματέας και ενήργησε;Greek
προς την διατήρηση της τάξης που διασαλευόταν από τις ενέργειες των;Greek
Ρώσων Όμως εκλήθη στο Οικουμενικό Πατριαρχείο για εξηγήσεις και;Greek
τιμωρήθηκε άδικα με απομάκρυνση από τη μονή Οι ελληνικής καταγωγής;Greek
μοναχοί της Μονής αποχώρησαν Ανάμεσα σε αυτούς και ο μοναχός Δανιήλ που;Greek
μετέβη αρχικά στη Μικρά Αγία Ἄννα και τελικώς εστάλη στον Μητροπολίτη;Greek
Θεσσαλονίκης Ιωακείμ τον μετέπειτα Οικ Πατριάρχη ο οποίος;Greek
αναγνωρίζοντας την αδικία του πρότεινε να μείνει σε μονή της Μητροπόλεως;Greek
Θεσσαλονίκης Έτσι ο Δανιήλ επέλεξε τη Μονή Αγίας Αναστασίας;Greek
Φαρμακολύτριας στα Βασιλικά Θεσσαλονίκης Εκεί ο Δανιήλ συνεισέφερε τα;Greek
μέγιστα με την εισαγωγή του αγιορείτικου τυπικού στην νηστεία και στις;Greek
ακολουθίες και κέρδισε την αγάπη όλων Εφόσον είχε επιτευχθεί η εκρώσιση;Greek
της Ιεράς Μονής Παντελεήμονος και είχε επικυρωθεί με Πατριαρχικό Σιγίλλιο;Greek
η εκλογή του Ρώσου Ηγουμένου Μακαρίου ανακλήθηκε η εξορία του Δανιήλ ;Greek
Αυτό σήμαινε ότι μπορούσε να επανέλθει στο Άγιον Όρος αλλά όχι στη Μονή;Greek
Παντελεήμονος ;Greek
Η ρωσική αίρεση της ονοματοδοξίας ;Greek
Κατά τον 19ο αιώνα στη Ρωσική ορθόδοξη εκκλησία εμφανίστηκε το κίνημα της;Greek
ονοματοδοξίας Имяславие ιμγιασλάβιε Σύμφωνα με τις δοξασίες του;Greek
κινήματος αυτού το όνομα του Θεού αποτελεί ενσάρκωση του ίδιου του Θεού;Greek
και δεν είναι απλώς λέξη Οι ακόλουθοι της πίστης αυτής καταδικάστηκαν ως;Greek
αιρετικοί από το Οικουμενικό Πατριαρχείο Κωνσταντινουπόλεως και το;Greek
πατριαρχείο Μόσχας ωστόσο η πρακτική εξαπλώθηκε και στις ρωσικές μονές;Greek
του Αγίου Όρους υπό τον πρώην στρατιωτικό και ιερομόναχο Αλεξάντρ;Greek
Μπουλατόβιτς της σκήτης του Αγίου Ανδρέα κοντά στην μονή Παντελεήμονα Ως;Greek
επακόλουθο υπήρξαν βίαια επεισόδια μεταξύ των ακολούθων της δοξασίας;Greek
αυτής και των υπολοίπων ορθοδόξων με αποτέλεσμα το 1913 να υπάρξει;Greek
εισβολή Ρώσων πεζοναυτών στην μονή Αγίου Παντελεήμονος συνοδεία Ρώσου;Greek
επισκόπου προκειμένου να συλλάβουν τους αιρετικούς μοναχούς ;Greek
προλαμβάνοντας το ελληνικό κράτος καθώς οι Ρώσοι φοβούντουσαν πως τυχόν;Greek
επέμβαση του θα μπορούσε να προχωρήσει σε προσάρτηση του Αγίου Όρους στην;Greek
Ελλάδα Κατά την σύγκρουση αυτή συνελήφθησαν 840 μοναχοί και μεταφέρθηκαν;Greek
στην Ρωσία ;Greek
Το μοναστήρι έχει τριάντα πέντε παρεκκλήσια Στο μεγάλο καμπαναριό;Greek
κατασκευής 1893 η μεγάλη καμπάνα έχει περιφέρεια 8 71 μ διάμετρο 2 71;Greek
μ και βάρος 13 τόνους Υπάρχουν ακόμα άλλες 32 καμπάνες Οι ακολουθίες;Greek
στην εκκλησία ψάλλονται στα ελληνικά και τα ρωσικά Στη βιβλιοθήκη;Greek
φυλάσσονται 1 064 χειρόγραφοι κώδικες και 25 000 τόμοι βιβλίων ελληνικών;Greek
και σλαβικών ;Greek
 doc id 68108   el  org wiki curid 68108 ;Greek
title Μονή Δοχειαρίου ;Greek
Μονή Δοχειαρίου;Greek
Η Ιερά Πατριαρχική και Σταυροπηγιακή Μονή Δοχειαρίου είναι μία από τις;Greek
είκοσι μονές του Αγίου Όρους και κατατάσσεται δέκατη 10η στην ιεραρχική;Greek
τάξη των Αγιορείτικων μονών ;Greek
Ιδρυμένη κατά τον 11ο αιώνα είναι αφιερωμένη στους Αρχαγγέλους Μιχαήλ;Greek
και Γαβριήλ και αποτελεί τη δέκατη κατά σειρά στην ιεραρχία των;Greek
μοναστηριών της Αθωνικής Πολιτείας καθώς και την έβδομη;Greek
παλαιότερη ;Greek
Καθηγούμενος της Ιεράς Μονής είναι ο Αρχιμανδρίτης Αμφιλόχιος;Greek
Δοχειαρίτης ;Greek
Βρίσκεται σε παραθαλάσσια τοποθεσία μεταξύ των μοναστηριών Ξενοφώντος και;Greek
Κωνσταμονίτου ενώ σύμφωνα με την παράδοση ιδρύθηκε από τον μοναχό;Greek
Ευθύμιο μαθητή του αγίου Αθανασίου του Αγιορείτη Το έτος ίδρυσής της;Greek
ανάγεται στα τέλη του 10ου αιώνα ή στις αρχές του 11ου ενώ η ονομασία;Greek
της οφείλεται στην ιδιότητα του δοχειαρίου αποθηκάριου που εξασκούσε ο;Greek
Ευθύμιος κατά τη διάρκεια της παραμονής του στη μονή Μεγίστης Λαύρας υπό;Greek
τον Αθανάσιο ;Greek
Ευεργέτης και ανακαινιστής του μοναστηριού θεωρείται o Βυζαντινός;Greek
αυτοκράτορας Μιχαήλ Ζ Δούκας 1071 1078 ή σύμφωνα με άλλη εκδοχή ο;Greek
διάδοχός του Νικηφόρος Γ Βοτανειάτης 1078 1081 ;Greek
Το 1568 χτίστηκε και τοιχογραφήθηκε ο κεντρικός ναός ο οποίος είναι;Greek
αφιερωμένος στο όνομα των Αρχαγγέλων Μιχαήλ και Γαβριήλ Στο μοναστήρι;Greek
υπάρχουν 9 παρεκκλήσια ενώ η βιβλιοθήκη διαθέτει περισσότερα από 400;Greek
χειρόγραφα 5000 βιβλία και διάφορα έγγραφα βυζαντινής οθωμανικής κ ά ;Greek
προέλευσης Άλλα κειμήλια φυλάσσονται στους χώρους του σκευοφυλακίου και;Greek
του εικονοφυλακίου ;Greek
Σήμερα 2011 η μονή αριθμεί 53 μοναχούς ;Greek
 doc id 68109   el  org wiki curid 68109 ;Greek
title Μονή Ζωγράφου ;Greek
Μονή Ζωγράφου;Greek
Η Ιερά Πατριαρχική και Σταυροπηγιακή Μονή Ζωγράφου βουλγαρικά Зографски;Greek
манастир είναι μία εκ των είκοσι μονών του Αγίου Όρους και κατατάσσεται;Greek
ένατη 9η στην ιεραρχική τάξη των Αγιορείτικων Μονών ;Greek
Καθηγούμενος της Ιεράς Μονής είναι ο Αρχιμανδρίτης Αμβρόσιος Ζωγραφίτης ;Greek
Η Μονή Ζωγράφου είναι βουλγαρική και βρίσκεται στη βόρεια πλευρά και περί;Greek
το μέσον κατά πλάτος της Αθωνικής χερσονήσου Βρίσκεται σε μια κοιλάδα;Greek
και περιβάλλεται από πυκνό δάσος Συνδέεται με τη Μονή Κωνσταμονίτου με;Greek
κατάφυτο δασικό μονοπάτι το οποίο έχει καθαριστεί και σημανθεί πρόσφατα ;Greek
Η πεζοπορία διαρκεί περίπου 1 5 ώρα Μπορεί επίσης να φτάσει κανείς στη;Greek
Μονή ξεκινώντας από τον ενδιαφέροντα αρσανά όπου κάνει στάση το πλοίο από;Greek
την Ουρανούπολη Στον αρσανά δεσπόζει ένας επιβλητικός πύργος ενώ;Greek
υπάρχουν και ένας ερειπωμένος μύλος Η ανάβαση διαρκεί περίπου 1;Greek
ώρα ;Greek
Αν και στο πρώτο τυπικό του Αυτοκράτορα Τσιμισκή 972 ένας από τους τότε;Greek
προεστώτες του Αγίου Όρους υπογράφει ως Γεώργιος ο ζωγράφος Sic που;Greek
μάλλον φέρεται ως δηλωτικό της εκεί ιδιότητάς του σύμφωνα με την;Greek
παράδοση ιδρυτές του θεωρούνται τρεις αδελφοί κατά σάρκα μοναχοί οι ;Greek
Μωυσής Ααρών και Ιωάννης Τον 13ο αι κατοικήθηκε από Βουλγάρους;Greek
μοναχούς Την ίδια εποχή ενισχύθηκε από τους Βουλγάρους ηγεμόνες Ιωάννη;Greek
Καλιμάν 1192 Ιβάν Ασέν Β 1218 1241 καθώς και από τον Αυτοκράτορα;Greek
Μιχαήλ H Παλαιολόγο οι οποίοι και αναδείχθηκαν μεγάλοι ευεργέτες της;Greek
Μονής Στις αρχές του 14ου αι κάηκε από τους Καταλανούς και;Greek
ανακαινίστηκε αργότερα από τον αυτοκράτορα Ανδρόνικο τον Παλαιολόγο και;Greek
τους ηγεμόνες Σερβίας και Μολδοβλαχίας Το καθολικό του μοναστηριού;Greek
ξαναχτίστηκε και αγιογραφήθηκε στις αρχές του 19ου αι Στο μοναστήρι;Greek
υπάρχουν 14 παρεκκλήσια Στη βιβλιοθήκη φυλάσσονται χειρόγραφοι κώδικες ;Greek
162 στα ελληνικά 388 στα σλαβικά καθώς και 16 000 τόμοι βιβλίων στις δύο;Greek
Μοναστική δύναμη ;Greek
Η Μοναστική δύναμη της Μονής σύνολο μοναχών εξαρτηματικών και δοκίμων ;Greek
κυμαίνεται σήμερα στους 45μοναχούς φθινόπωρο 2020 ;Greek
Στη Μονή αυτή αξίζει να δουν οι επισκέπτες το καθολικό με την;Greek
αχειροποίητη εικόνα του Αγίου Γεωργίου το μνημείο των 26 ζωγράφων;Greek
μαρτύρων στην αυλή της Μονής καθώς και τη βιβλιοθήκη με τους περγαμηνούς;Greek
κώδικες 12ου 13ου αιώνα;Greek
 doc id 68110   el  org wiki curid 68110 ;Greek
title Κύπελλο Ελλάδας Χειροσφαίρισης Ανδρών ;Greek
Κύπελλο Ελλάδας Χειροσφαίρισης Ανδρών;Greek
 doc id 68111   el  org wiki curid 68111 ;Greek
title Κύπελλο Πρωταθλητριών Ευρώπης υδατοσφαίρισης αντρών ;Greek
Κύπελλο Πρωταθλητριών Ευρώπης υδατοσφαίρισης αντρών;Greek
 doc id 68113   el  org wiki curid 68113 ;Greek
title Κύπελλο Θριάμβου Χειροσφαίρισης ;Greek
Κύπελλο Θριάμβου Χειροσφαίρισης;Greek
 doc id 68114   el  org wiki curid 68114 ;Greek
title Κύπελλο Κυπελλούχων Χειροσφαίρισης ;Greek
Κύπελλο Κυπελλούχων Χειροσφαίρισης;Greek
 doc id 68115   el  org wiki curid 68115 ;Greek
title Κύπελλο Πρωταθλητριών Ομάδων Χειροσφαίρισης ;Greek
Κύπελλο Πρωταθλητριών Ομάδων Χειροσφαίρισης;Greek
 doc id 68116   el  org wiki curid 68116 ;Greek
title Παγκόσμιο Πρωτάθλημα Χειροσφαίρισης ;Greek
Παγκόσμιο Πρωτάθλημα Χειροσφαίρισης;Greek
 doc id 68117   el  org wiki curid 68117 ;Greek
title Τρόπαιο Θριάμβου Χειροσφαίρισης ;Greek
Τρόπαιο Θριάμβου Χειροσφαίρισης;Greek
 doc id 68118   el  org wiki curid 68118 ;Greek
title Σούπερ Καπ Υδατοσφαίρισης Ευρώπης ;Greek
Σούπερ Καπ Υδατοσφαίρισης Ευρώπης;Greek
 doc id 68119   el  org wiki curid 68119 ;Greek
title Παγκόσμιο Πρωτάθλημα Στίβου ;Greek
Παγκόσμιο Πρωτάθλημα Στίβου;Greek
Το Παγκόσμιο Πρωτάθλημα Στίβου αγγλικά World Champioships i;Greek
Athletics είναι διοργάνωση στίβου που λαμβάνει χώρα κάθε δύο χρόνια οι;Greek
3 πρώτες διοργανώσεις έγιναν με διαφορά 4 χρόνων η μία από την άλλη ;Greek
Τελούνται υπό την αιγίδα της Διεθνούς Ένωσης Ομοσπονδιών Κλασικού;Greek
Αθλητισμού IAAF η οποία αποφασίζει μετά από εξέταση κατατεθειμένων;Greek
φακέλων υποψηφιοτήτων ποια πόλη θα διοργανώσει το επόμενο Παγκόσμιο;Greek
Πρωτάθλημα Στίβου ;Greek
Η ιδέα για τη δημιουργία ενός παγκόσμιου πρωταθλήματος για το στίβο ;Greek
ξεχωριστό από τους Ολυμπιακούς αγώνες η IAAF είχε αποφασίσει από το;Greek
1913 πως οι Ολυμπιακοί αγώνες θα λειτουργούσαν ως παγκόσμιο πρωτάθλημα;Greek
για τα αγωνίσματα του στίβου ξεκίνησε τη δεκαετία του 60 ενώ η τελική;Greek
απόφαση για τη διεξαγωγή του πάρθηκε το 1976 σε συνέδριο της IAAF στο;Greek
Πουέρτο Ρίκο Το πρώτο παγκόσμιο πρωτάθλημα διεξήχθη στο Ελσίνκι της;Greek
Φινλανδίας το 1983 ;Greek
Στο πρώτο παγκόσμιο πρωτάθλημα έλαβαν μέρος 1 355 αθλητές από 154 χώρες ;Greek
ενώ μέχρι το 2009 στο Βερολίνο ο αριθμός των χωρών είχε ανέβει σε 202 ;Greek
Το πρόγραμμα των αγώνων είναι περίπου το ίδιο για άντρες και γυναίκες ;Greek
Συχνά πάντως προσθέτονται νέα αγωνίσματα κυρίως στο γυναικείο πρόγραμμα ;Greek
Έτσι μέχρι το 2005 οι διαφορές στο πρόγραμμα είχαν να κάνουν με έναν;Greek
πρόσθετο αγώνα 50 χλμ βάδην για τους άντρες ενώ στους άντρες υπήρχε το;Greek
αγώνισμα του δρόμου 110 μέτρων μετ εμποδίων με το αντίστοιχο αγώνα στις;Greek
γυναίκες να έχει μήκος διαδρομής τα 100 μέτρα καθώς επίσης και το;Greek
αγώνισμα του δεκάθλου για τους άντρες με τις γυναίκες να αγωνίζονται στο;Greek
έπταθλο ;Greek
Στα δύο πρώτα πρωταθλήματα κυριάρχησε στον πίνακα των μεταλλίων η;Greek
Ανατολική Γερμανία Από το 1991 και μετά κυριαρχεί η ομάδα των Ηνωμένων;Greek
Πρωταθλήματα ;Greek
Τα παγκόσμια πρωταθλήματα που έχουν διεξαχθεί μέχρι τώρα ή που είναι;Greek
προγραμματισμένα να διεξαχθούν είναι τα εξής ;Greek
 doc id 68120   el  org wiki curid 68120 ;Greek
title Παγκόσμιο Κύπελλο Χάντμπολ ;Greek
Παγκόσμιο Κύπελλο Χάντμπολ;Greek
 doc id 68121   el  org wiki curid 68121 ;Greek
title Ταού Κεράμικα Βιτόρια ;Greek
Ταού Κεράμικα Βιτόρια;Greek
 doc id 68122   el  org wiki curid 68122 ;Greek
title Κύπελλο Ελλάδος χειροσφαίρισης γυναικών ;Greek
Κύπελλο Ελλάδος χειροσφαίρισης γυναικών;Greek
Το Κύπελλο Ελλάδας αποτελεί διοργάνωση της ελληνικής γυναικείας;Greek
χειροσφαίρισης Τον πρώτο τίτλο κατέκτησε η ΓΕ Βέροιας το 1987 ενώ η;Greek
Αναγέννηση Άρτας παραμένει με τους περισσότερους συγκεκριμένα 10 το;Greek
διάστημα 1998 2008 και διακοπή το 2007 όταν ηττήθηκε από την Ορμή;Greek
Πάτρας Το 2021 στον τελικό που διεξήχθη στο ΔΑΚ Κορυδαλλού νικητής;Greek
αναδείχτηκε ο Π Α Ο Κ επικρατώντας με 26 24 της Βέροιας;Greek
 doc id 68124   el  org wiki curid 68124 ;Greek
title Στέλιος Βενετίδης ;Greek
Στέλιος Βενετίδης;Greek
Ο Στέλιος Βενετίδης Ορεστιάδα 19 Νοεμβρίου 1976 είναι Έλληνας πρώην;Greek
διεθνής ποδοσφαιριστής ο οποίος αγωνιζόταν ως αριστερός οπισθοφύλακας;Greek
 μπακ και νυν προπονητής ;Greek
Ξεκίνησε το 1989 ως ποδοσφαιριστής από τις ακαδημίες της ΘΥΕΛΛΑΣ ΚΥΠΡΙΝΟΥ;Greek
και αγωνίσθηκε στην Α ΕΠΣ ΕΒΡΟΥ σε ηλικία 14 ετών το 1991 ;Greek
Αγωνίσθηκε τρεις σεζόν στην Α ΕΠΣ ΕΒΡΟΥ με τη ΘΎΕΛΛΑ ΚΥΠΡΊΝΟΥ και πήρε;Greek
μεταγραφή στον Ορέστη Ορεστιάδας το 1994 ;Greek
Ξεκίνησε την ποδοσφαιρική του καριέρα στην πόλη καταγωγής του με τον;Greek
Ορέστη Ορεστιάδας το 1994 Την επόμενη περίοδο μεταπήδησε στη Skoda;Greek
Ξάνθη όπου πολύ σύντομα καθιερώθηκε στη βασική ενδεκάδα Στην ακριτική;Greek
ομάδα παρέμεινε μέχρι το 1999 ;Greek
Τη χρονιά εκείνη έκανε το μεγάλο βήμα παίρνοντας μεταγραφή στον ΠΑΟΚ ;Greek
όπου και πάλι πολύ γρήγορα βρέθηκε στις βασικές επιλογές για το αρχικό;Greek
Το 2001 υπέγραψε στον Ολυμπιακό όπου βρέθηκε στη σπουδαία ομάδα των;Greek
 ερυθρολεύκων έχοντας συμπαίκτες μεταξύ άλλων τους Πρέντραγκ;Greek
Τζόρτζεβιτς Στέλιο Γιαννακόπουλο και Τζιοβάνι ;Greek
Επόμενος σταθμός της καριέρας του ήταν η Λάρισα από την οποία αποκτήθηκε;Greek
το 2006 και αγωνίστηκε συνολικά για μία εξαετία μέχρι το 2012 όταν και;Greek
αποφάσισε να σταματήσει από την ενεργό δράση ;Greek
Με την Ελλάδα έκανε την πρώτη του εμφάνιση στις 20 Αυγούστου 1999 στον;Greek
εντός έδρας φιλικό αγώνα εναντίον του Ελ Σαλβαδόρ 3 0 που διεξήχθη;Greek
στην Καβάλα Σημαντικότερη στιγμή του υπήρξε η συμμετοχή του στη μεγάλη;Greek
επιτυχία της κατάκτησης του Euro 2004 στην Πορτογαλία όπου αγωνίστηκε σε;Greek
τρεις αγώνες Με το εθνόσημο της Ελλάδας αγωνίστηκε επί μία πενταετία;Greek
 1999 2004 έχοντας συνολικά 42 συμμετοχές ;Greek
Τον Ιανουάριο του 2015 ανέλαβε καθήκοντα βοηθού προπονητή στον Ολυμπιακό;Greek
Βόλου όντας ο άμεσος συνεργάτης του άλλοτε συμπαίκτη του στον Ολυμπιακό;Greek
Πειραιά και τις εθνικές ομάδες Δημήτρη Ελευθερόπουλου ;Greek
αποχώρησαν όμως και οι δύο μερικούς μήνες αργότερα τον Ιούνιο του ίδιου;Greek
Τον Σεπτέμβριο του 2015 ανακοινώθηκε η πρόσληψή του από τον Πανθρακικό ;Greek
ξανά ως βοηθός του Δημήτρη Ελευθερόπουλου αποχώρησαν όμως τον Ιανουάριο;Greek
του 2016 για να αναλάβουν τη Βέροια Στις 28 Ιουνίου 2020 ανακοινώθηκε η;Greek
πρόσληψή του από την Παναχαϊκή 1891 ως βοηθός του Δημήτρη;Greek
Ελευθερόπουλου ;Greek
Στην καριέρα του έχει κατακτήσει ;Greek
 doc id 68125   el  org wiki curid 68125 ;Greek
title Σημαία του Μπουτάν ;Greek
Σημαία του Μπουτάν;Greek
Η εθνική σημαία του Μπουτάν είναι σε χρήση από το 19ο αιώνα και έλαβε τη;Greek
σημερινή της μορφή το 1960 Αποτελείται από έναν λευκό δράκο πάνω από;Greek
ένα φόντο κίτρινο και πορτοκαλί ;Greek
Η σημαία χωρίζεται διαγώνια από την κάτω γωνία δημιουργώντας δύο;Greek
τρίγωνα Το άνω τρίγωνο είναι κίτρινο και το κάτω είναι πορτοκαλί Ο;Greek
δράκος βρίσκεται ακριβώς στο κέντρο κατά μήκος της γραμμής που χωρίζει;Greek
τα δύο τρίγωνα ;Greek
Ο Δράκος της σημαίας ο Ντρουκ ή Δράκος Κεραυνός εκπροσωπεί την τοπική;Greek
ονομασία της χώρας στη θιβετιανή γλώσσα που είναι Γη του Δράκοντα ;Greek
Στα νύχια του ο δράκος κρατάει κοσμήματα σύμβολο πλούτου ενώ το κίτρινο;Greek
φόντο αποτελεί σύμβολο της κοσμικής μοναρχίας με το πορτοκαλί χρώμα να;Greek
συμβολίζει το βουδισμό ;Greek
Η σημαία είναι μία από τις ελάχιστες εθνικές σημαίες που έχει το;Greek
πορτοκαλί ως βασικό χρώμα και η μόνη σημαία μαζί με αυτήν της Ουαλίας ;Greek
που απεικονίζει δράκοντα ;Greek
Υιοθετήθηκε το 1969 και επίσημα στις 8 Ιουνίου 1972 Η χώρα έχει;Greek
Σύνταγμα από τις 18 Ιουλίου του 2008;Greek
 doc id 68126   el  org wiki curid 68126 ;Greek
title Έμβλημα του Μπουτάν ;Greek
Έμβλημα του Μπουτάν;Greek
Το Έμβλημα του Μπουτάν έχει στρογγυλό σχήμα Σύμφωνα με την επίσημη;Greek
περιγραφή το εθνικό έμβλημα που περιέχεται σε κύκλο απαρτίζεται από;Greek
ένα διπλό σύμβολο από διαμάντια dorji σύμβολο αρμονίας το οποίο;Greek
βρίσκεται επάνω από έναν λωτό σύμβολο αγνότητας Στην κορυφή βρίσκεται;Greek
ένα κόσμημα δείγμα κυριαρχίας και υπάρχουν επίσης δύο δράκοντες ένας;Greek
αρσενικός και ένας θηλυκός Οι τελευταίοι συμβολίζουν το όνομα της;Greek
 doc id 68127   el  org wiki curid 68127 ;Greek
title Ορχομενός Βοιωτίας ;Greek
Ορχομενός Βοιωτίας;Greek
Ο Ορχομενός είναι πόλη του νομού Βοιωτίας και έχει πληθυσμό 5 238;Greek
κατοίκους Αποτελεί έδρα του Δήμου Ορχομενού ο οποίος έχει πληθυσμό;Greek
11 621 κατοίκους και έκταση 230 098 στρεμμάτων Ο Ορχομενός είναι;Greek
χτισμένος σε πεδινή τοποθεσία στη βόρεια πλευρά της πεδιάδας της;Greek
Κωπαΐδας Διαρρέεται από τον Μέλανα ποταμό Μαυροπόταμο ο οποίος είναι;Greek
παραπόταμος του βοιωτικού Κηφισού Η κύρια δραστηριότητα των κατοίκων του;Greek
Ορχομενού είναι η γεωργία ;Greek
Υπάρχουν πολυάριθμες μυθολογικές αναφορές για τον Ορχομενό Ο;Greek
σημαντικότερος μυθικός κύκλος ξεκινάει από τον βασιλιά Αθάμα που είχε;Greek
παιδιά τον Φρίξο και την Έλλη Με τον Ορχομενό επομένως συνδέεται ο μύθος;Greek
του χρυσόμαλλου δέρατος και της Αργοναυτικής εκστρατείας ;Greek
Ο Ορχομενός φαίνεται να κατοικήθηκε από τη νεολιθική περίοδο γύρω στο;Greek
6000 π Χ Μεγάλη ακμή όμως γνώρισε την πρώιμη Μυκηναϊκή περίοδο μεταξύ;Greek
2000 και 1200 π Χ όταν κατοικήθηκε από ένα αρχαιοπελασγικό φύλο τους;Greek
Μινύες Την περίοδο εκείνη η περιοχή γνώρισε μεγάλη ακμή Χαρακτηριστικό;Greek
της μεγάλης ανάπτυξης της κοινωνίας των Μινυών είναι τα αποστραγγιστικά;Greek
έργα που έγιναν τότε για την πρώτη αποξήρανση της Κωπαΐδας Ο Όμηρος;Greek
κάνει αναφορά στην Ιλιάδα για τον πλούτο των κατοίκων του Ορχομενού Η;Greek
πόλη συμμετείχε στον Τρωικό πόλεμο με αρχηγούς τον Ασκάλαφο και τον;Greek
Ιάλμενο ;Greek
Ο Ορχομενός παράκμασε με την εισβολή του αρχαίου λαού των Βοιωτών στην;Greek
περιοχή της Βοιωτίας Οι Βοιωτοί με αφετηρία τη Θήβα σταδιακά κατέλαβαν;Greek
όλη σχεδόν την περιοχή της σημερινής Βοιωτίας Ο Ορχομενός από τον 8ο;Greek
αιώνα π Χ και μετά υπό την κυριαρχία των Βοιωτών αποτέλεσε μία;Greek
σημαντική πόλη του κοινού των Βοιωτών Κατά τη διάρκεια του Κορινθιακού;Greek
πολέμου η πόλη βρέθηκε στο πλευρό της Σπάρτης η οποία διατηρούσε στην;Greek
πόλη φρουρά Το 375 π Χ οι Θηβαίοι με αρχηγό τον Πελοπίδα;Greek
εκμεταλλεύτηκαν την απουσία της σπαρτιατικής φρουράς και κατέλαβαν;Greek
αιφνιδιαστικά τον Ορχομενό Λίγο μετά συγκρούστηκαν με τους Σπαρτιάτες;Greek
στην πόλη Τεγύρα λίγο έξω από τον Ορχομενό Στη Μάχη της Τεγύρας;Greek
επικράτησαν οι Θηβαίοι Κατά τη διάρκεια της θηβαϊκής ηγεμονίας οι;Greek
Θηβαίοι κατάστρωσαν σχέδιο για την καταστροφή του Ορχομενού επειδή είχε;Greek
συμμαχήσει με τη Σπάρτη Τα σχέδια ματαίωσε ο Επαμεινώνδας που διαφώνησε ;Greek
Όμως το 364 π Χ που ο Επαμεινώνδας βρισκόταν σε αποστολή στο Βυζάντιο ;Greek
οι Θηβαίοι υλοποίησαν τα σχέδιά τους και κατέστρεψαν τον;Greek
Ορχομενό ;Greek
Η πόλη αποκαταστάθηκε από τους Φωκείς κατά τον Τρίτο ιερό πόλεμο άλλα;Greek
καταστράφηκε για δεύτερη φορά από τους Θηβαίους το 353 π Χ Ο Φίλιππος;Greek
μετά την επικράτησή του στη Μάχη της Χαιρώνειας ανοικοδόμησε ξανά τον;Greek
Ορχομενό Οι Μακεδόνες ανοικοδόμησαν το κάστρο της πόλης που σώζεται έως;Greek
σήμερα και για ένα διάστημα όρισαν τον Ορχομενό ως έδρα του βοιωτικού;Greek
κοινού Η πόλη παράκμασε μετά τις λεηλασίες που πραγματοποίησε ο Ρωμαίος;Greek
στρατηγός Σύλλας στην περιοχή το 86 π Χ ;Greek
Η πόλη διατηρούσε σημαντικά ιερά και μνημεία τον 2ο αιώνα μ Χ όταν την;Greek
επισκέφθηκε ο Παυσανίας Στον Ορχομενό λατρεύονταν κυρίως οι Χάριτες και;Greek
προς τιμήν τους οργανώνονταν τα Χαριτήσια ;Greek
Ο σύγχρονος Ορχομενός ;Greek
Ο σύγχρονος Ορχομενός προέκυψε τη δεκαετία του 1960 από τη συνένωση δύο;Greek
μικρότερων χωριών που γειτόνευαν της Πετρομαγούλας και της Σκριπούς Με;Greek
τη σταδιακή αύξηση του πληθυσμού τα δύο χωριά συνενώθηκαν και ο ενιαίος;Greek
οικισμός που προέκυψε ονομάστηκε Ορχομενός Οι ονομασίες Πετρομαγούλα και;Greek
Σκριπού διατηρήθηκαν ως ονόματα συνοικιών του νέου οικισμού ;Greek
Ο πληθυσμός του Ορχομενού διατηρείται σχεδόν σταθερός με μικρές;Greek
διακυμάνσεις Παρακάτω αναφέρεται ο πληθυσμός του Ορχομενού από το 1835 ;Greek
πριν από τη συνένωση των δύο μικρότερων χωριών που γειτόνευαν της;Greek
Πετρομαγούλας και της Σκριπούς που πλέον αποτελούν συνοικίες;Greek
Πηγή Εθνικό ίδρυμα ερευνών Εξέλιξη πληθυσμού επαρχίας Λιβαδειάς;Greek
Ο Ορχομενός διαθέτει αρκετά αξιοθέατα που σχετίζονται με τη μεγάλη του;Greek
ιστορία Τα σημαντικότερα είναι ο αρχαιολογικός του χώρος με τον θησαυρό;Greek
του Μινύα και το αρχαίο θέατρο ο βυζαντινός ναός της Παναγίας της;Greek
Σκριπούς το κάστρο του και οι πηγές των Χαρίτων ;Greek
Ο ναός της Παναγίας της Σκριπούς ήταν αυτός που έδωσε και το όνομα του;Greek
στο ένα από τα δύο χωριά που αποτέλεσαν τον σύγχρονο Ορχομενό Η Σκριπού;Greek
κατά μία μάλλον αβάσιμη άποψη οφείλει την ονομασία της στις πολυάριθμες;Greek
επιγραφές που υπάρχουν πάνω στις πέτρες της περιοχής Το λατινικό;Greek
scriptus σημαίνει ενεπίγραφος ;Greek
Ο θολωτός τάφος του Ορχομενού είναι ένας από τους σημαντικότερους;Greek
θολωτούς τάφους της Μυκηναϊκής περιόδου Κατασκευάστηκε το 1250 π Χ για;Greek
να ταφεί η βασιλική οικογένεια της πόλης Ανασκάφηκε για πρώτη φορά το;Greek
1880 από τον Ερρίκο Σλήμαν και συνεχίστηκε η ανασκαφική έρευνα από τη;Greek
Βαυαρική Ακαδημία Επιστημών μεταξύ 1903 και 1905 ;Greek
Το θέατρο του Ορχομενού κατασκευάστηκε τον 4ο αιώνα π Χ Στον χώρο του;Greek
θεάτρου πραγματοποιούνταν μουσικοί αγώνες προς τιμήν των Χαρίτων του;Greek
Διός και του Διονύσου Αποκαλύφθηκε το 1973 και διατηρείται σήμερα σε;Greek
αρκετά καλή κατάσταση ;Greek
Διάφορες ομάδες ήδη από τα προπολεμικά χρόνια έχουν δημιουργήσει μία;Greek
αξιόλογη αθλητική παράδοση για την περιοχή ;Greek
Προπολεμικά γνωστή ομάδα ήταν ο Λέων Βοιωτίας και αργότερα εμφανίστηκαν η;Greek
Πετρομαγούλα ο Πύρρος ο Εθνικός και η Α Ε Ορχομενού ;Greek
Στο χώρο του πολιτισμού γνωστό είναι το τραγούδι ήρθαν κάτι φίλοι μου;Greek
από τον Ορχομενό του συγκροτήματος Τα παιδιά από την Πάτρα Επίσης στον;Greek
Ορχομενό γυρίστηκε η ταινία Θανάση πάρε τ όπλο σου 1972 στην οποία;Greek
πολλοί ντόπιοι συμμετείχαν ως κομπάρσοι ;Greek
 doc id 68128   el  org wiki curid 68128 ;Greek
title Ορχομενός ;Greek
Ορχομενός;Greek
Με το όνομα Ορχομενός είναι γνωστά ;Greek
 doc id 68129   el  org wiki curid 68129 ;Greek
title Quee ;Greek
Quee;Greek
Οι Quee είναι βρετανικό συγκρότημα της ροκ που δημιουργήθηκε στο;Greek
Λονδίνο το 1971 με αρχικά μέλη τους Φρέντι Μέρκιουρι φωνητικά ;Greek
πλήκτρα Μπράιαν Μέι ηλεκτρική κιθάρα φωνητικά Ρότζερ Τέιλορ;Greek
 ντραμς φωνητικά και Τζον Ντίκον μπάσο Τα πρώτα τραγούδια των;Greek
 Quee ήταν εμπνευσμένα κυρίως από την glam rock το heavy metal και την;Greek
progressive rock με τον καιρό όμως το συγκρότημα πρόσθεσε στη μουσική;Greek
του διάφορα και καινοτόμα στοιχεία διερευνώντας την vaudeville την;Greek
ηλεκτρονική μουσική και την φανκ Στα μέσα της δεκαετίας του 70 οι;Greek
Quee άφησαν πίσω τους την progressive μουσική δημιουργώντας κομμάτια;Greek
πιο συμβατικά με σκοπό να παιχτούν περισσότερο στο ραδιόφωνο δίνοντας;Greek
τους μεγαλύτερη εμπορική επιτυχία Καθ όλη την δεκαετία του 70 οι;Greek
Quee δεν χρησιμοποίησαν καθόλου συνθεσάιζερ στα άλμπουμ τους με το;Greek
μουσικό τους στιλ όμως να εξελίσσεται Εν τέλει άρχισαν να χρησιμοποιούν;Greek
συνθεσάιζερ στην δεκαετία του 80 κάτι που αντικατοπτρίζει την;Greek
πειραματική τους προσέγγιση στη μουσική Οι Quee έγιναν πολύ γνωστοί για;Greek
την λυρικότητα και καλλιτεχνική ολοκλήρωση των τραγουδιών τους για την;Greek
δυναμικότητα και την εκπληκτική φωνή του Freddie Mercury καθώς και για;Greek
την μαζικότητα των εμφανίσεων τους αν και ακριβώς αυτή η λαικότητα των;Greek
ζωντανών παραστάσεων τους καθώς και η ομοφυλική τάση του βασικού;Greek
τραγουδιστή τους και η τολμηρή ενδυμασία του σε κάποιες περιπτώσεις;Greek
προκάλεσε αντιδράσεις και μια κριτική στάση από τους συντηρητικούς;Greek
κύκλους της μουσικής βιομηχανίας ;Greek
Ο Μπράιαν Μέι και ο Ρότζερ Τέιλορ έπαιζαν μαζί σε ένα συγκρότημα με το;Greek
όνομα Smile Ο Φρέντι Μέρκιουρι ήταν οπαδός του εν λόγω συγκροτήματος και;Greek
τους παρότρυνε να πειραματιστούν με πιο περίτεχνες τεχνικές μουσικής;Greek
ηχογράφησης Σύντομα ο Μέρκιουρι που τότε ήταν γνωστός με το όνομα;Greek
Φάρροκ Μπουλσάρα προστέθηκε στην σύνθεση του συγκροτήματος και;Greek
μετονομάστηκαν σε Quee το όνομα με το οποίο έγιναν γνωστοί Ο Ντίκον;Greek
εντάχθηκε στο συγκρότημα πριν την ηχογράφηση του πρώτου τους δίσκου Οι;Greek
Quee γνώρισαν κάποια επιτυχία στο Ηνωμένο Βασίλειο στις αρχές της;Greek
δεκαετίας του 70 αλλά ήταν με την κυκλοφορία του Sheer Heart Attack ;Greek
 1974 και του A Night at the Opera 1975 που έγιναν γνωστοί σε;Greek
παγκόσμιο επίπεδο Το A Night at the Opera περιείχε και το Bohemia;Greek
Rhapsody το οποίο παρέμεινε στο νούμερο ένα των βρετανικών τσαρτ για;Greek
εννέα εβδομάδες Το News of the World 1977 περιέχει τα δύο γνωστά;Greek
τραγούδια We Will Rock You και We Are the Champios τα οποία έχουν;Greek
χρησιμοποιηθεί σε αθλητικούς αγώνες ως ύμνοι To The Game 1980 ήταν;Greek
το πρώτο άλμπουμ των Quee που πήγε νούμερο 1 στα αμερικανικά τσαρτς ;Greek
πράγμα το οποίο τους έδωσε τεράστια φήμη εκεί και παγκοσμίως ;Greek
Το 1991 ο Μέρκιουρι πέθανε από βρογχοπνευμονία επιπλοκή του AIDS από το;Greek
οποίο έπασχε ενώ ο Ντίκον αποσύρθηκε από τον χώρο της μουσικής το 1997 ;Greek
Από τότε ο Μέι και ο Τέιλορ έχουν κατά καιρό συνεργαστεί με άλλους;Greek
μουσικούς όπως με τον Πωλ Ρότζερς παίρνοντας το όνομα Quee Paul;Greek
Rodgers ;Greek
Το συγκρότημα κυκλοφόρησε συνολικά 18 άλμπουμ 18 σινγκλ και 10 DVD που;Greek
έγιναν νούμερο ένα και έχουν πουλήσει πάνω από 300 εκατομμύρια δίσκους ;Greek
όντας ένα από τα συγκροτήματα με τις περισσότερες πωλήσεις παγκοσμίως ;Greek
Έχουν λάβει επτά βραβεία Ivor Novello και συμπεριελήφθησαν στο Rock ad;Greek
Roll Hall of Fame το 2001 Το 2018 τιμήθηκαν με το Βραβείο Γκράμι για;Greek
Συνολική Προσφορά ;Greek
Τα πρώτα χρόνια 1968 1974 ;Greek
Το 1968 ο κιθαρίστας Μπράιαν Μέι φοιτητής στο Ιμπίριαλ Κόλετζ του;Greek
Λονδίνου και ο μπασίστας Τιμ Στάφελ Tim Staffell αποφάσισαν να;Greek
δημιουργήσουν ένα συγκρότημα Ο Μέι είχε αναρτήσει μια αγγελία στο;Greek
πανεπιστήμιο προς αναζήτηση ενός ντράμερ τύπου Μιτς Μίτσελ Τζίντζερ;Greek
Μπέηκερ και σύντομα προστέθηκε σε αυτούς ο Ρότζερ Τέιλορ ένας νεαρός;Greek
φοιτητής της οδοντιατρικής Το συγκρότημα πήρε το όνομα Smile ;Greek
Ενώ φοιτούσε στο Earlig Art College ο Στάφελ έγινε φίλος με τον Φάροκ;Greek
Μπουλσάρα Farrokh Bulsara έναν άλλο φοιτητή που συστηνόταν με το;Greek
αγγλικό όνομα Φρέντι Ο Μπουλσάρα πίστευε ότι είχε τα ίδια γούστα με το;Greek
συγκρότημα και έγινε οπαδός των Smile Στα τέλη της δεκαετίας του 60 ;Greek
αφότου ο Στάφελ αποχώρησε από το συγκρότημα και εντάχθηκε στους Humpy;Greek
Bog οι Smile με πρωτοβουλία του Μπουλσάρα άλλαξαν το όνομά τους σε;Greek
Quee και συνέχισαν να κάνουν πρόβες Όταν ερωτήθηκε ο Μπουλσάρα είπε;Greek
 Εγώ σκέφτηκα το όνομα Είναι απλώς ένα όνομα αλλά είναι προφανώς;Greek
βασιλοπρεπές και ακούγεται θαυμάσια Είναι ένα δυνατό όνομα καθολικό;Greek
και ευθύ Βέβαια και γνώριζα τον συνδυασμό του με την ομοφυλοφιλία όμως;Greek
αυτή είναι μόνο μία από τις διαστάσεις του ;Greek
Πολλοί μπασίστες πέρασαν από το συγκρότημα αυτήν την περίοδο κανείς όμως;Greek
που να είχε την κατάλληλη χημεία με τα υπόλοιπα μέλη Εν τέλει το;Greek
συγκρότημα κατέληξε τον Φεβρουάριο του 1971 στον Τζον Ντίκον και;Greek
παράλληλα ξεκίνησαν οι προετοιμασίες για το πρώτο τους άλμπουμ ;Greek
Ηχογράφησαν τέσσερα δικά τους τραγούδια το Liar το Keep Yourself;Greek
Alive το The Night Comes Dow και το Jesus για μια ντέμο;Greek
κασέτα όμως καμία δισκογραφική εταιρεία δεν έδειξε ενδιαφέρον Ήταν σε;Greek
αυτήν την χρονική περίοδο που ο Μπουλσάρα άλλαξε το επώνυμό του σε;Greek
Μέρκιουρι κάτι που εμπνεύστηκε από τους στίχους του τραγουδιού My;Greek
Fairy Kig Mother Mercury look what they ve doe to;Greek
me ;Greek
Έχοντας σπουδάσει σε πανεπιστήμιο καλών τεχνών ο Μέρκιουρι ήταν εκείνος;Greek
που σχεδίασε το λογότυπο των Quee λίγο πριν την κυκλοφορία του πρώτου;Greek
άλμπουμ του συγκροτήματος Το λογότυπο συνδυάζει τα ζώδια και των;Greek
τεσσάρων μελών του συγκροτήματος με δύο λιοντάρια για τον Λέων Ντίκον;Greek
και Τέιλορ ένα καβούρι για τον Καρκίνο Μέι και δύο νεράιδες για τον;Greek
Παρθένο Μέρκιουρι Τα δύο λιοντάρια είναι ανασηκωμένα ακουμπώντας τα;Greek
μπροστινά πόδια στο περίτεχνο Q το καβούρι κάθεται πάνω στο γράμμα;Greek
με φωτιές να υψώνονται ακριβώς από πάνω του και οι δύο νεράιδες κάθονται;Greek
προστατευμένες κάτω από τα δύο λιοντάρια Μέσα στο Q υπάρχει ένα;Greek
στέμμα ενώ ολόκληρο το λογότυπο υποσκιάζεται από έναν τεράστιο φοίνικα ;Greek
Το όλο σύμβολο έχει ομοιότητες με αυτό της Βασιλείας του Ηνωμένου;Greek
Βασιλείου ιδιαίτερα στα λιοντάρια Το πρωταρχικό λογότυπο το οποίο;Greek
βρίσκεται στο εξώφυλλο του πρώτου τους δίσκου είναι ένα απλό γραμμικό;Greek
σχέδιο του ονόματος αν και μπορεί να βρεθεί αλλού με πιο εκκεντρικούς;Greek
χρωματισμούς ;Greek
Το 1973 μετά από μια σειρά αναβολών οι Quee κυκλοφόρησαν το επώνυμο;Greek
πρώτο τους άλμπουμ μια δισκογραφική δουλειά επηρεασμένη από το heavy;Greek
rock και το progressive rock της εποχής Το άλμπουμ έλαβε καλές κριτικές ;Greek
με το περιοδικό Rollig Stoe να γράφει ότι το πρώτο τους άλμπουμ;Greek
είναι εκπληκτικό Παρ όλα αυτά δεν είχε μεγάλη απήχηση στο κοινό και;Greek
το κύριο σινγκλ του Keep Yourself Alive μια σύνθεση του Μπράιαν;Greek
Μέι είχε χαμηλές πωλήσεις ;Greek
Το δεύτερο LP του συγκροτήματος με τίτλο Quee II κυκλοφόρησε το 1974 ;Greek
Το άλμπουμ έφτασε το νούμερο πέντε των βρετανικών τσαρτ και ήταν ο πρώτος;Greek
δίσκος των Quee που κατάφερε να μπει στους καταλόγους επιτυχιών Το;Greek
σινγκλ Seve Seas of Rhye γραμμένο από τον Φρέντι Μέρκιουρι έφτασε;Greek
μέχρι το νούμερο 10 στο Ηνωμένο Βασίλειο και έγινε η πρώτη επιτυχία του;Greek
συγκροτήματος Ως η πιο βαριά και σκοτεινή τους κυκλοφορία το Quee II ;Greek
περιέχει μεγάλα και πολύπλοκα μουσικά κομμάτια με ευφάνταστους στίχους;Greek
και μουσική δεξιοτεχνία Πέραν του μόνου σινκγλ το άλμπουμ επίσης;Greek
περιείχε και το τραγούδι The March of the Black Quee ένα επικό;Greek
κομμάτι διάρκειας έξι λεπτών το οποίο δεν έχει ρεφρέν ή συγκεκριμένη;Greek
μουσική δομή με πολλές ομοιότητες από την μεταγενέστερη δουλειά των;Greek
Quee το Bohemia Rhapsody Η Daily Vault περιέγραψε το κομμάτι ως;Greek
 μανιώδες Η αντίδραση των κριτικών ήταν γενικά αρνητική Το;Greek
AllMusicπεριέγραψε το άλμπουμ ως ένα τερατούργημα όπως επίσης και ως;Greek
το αγαπημένο των σκληροπυρηνικών οπαδών του συγκροτήματος και ήταν το;Greek
πρώτο εκ τριών δίσκων που συμπεριλήφθηκαν στο βιβλίο 1001 Albums You;Greek
Must Hear Before You Die 1001 album που πρέπει να ακούσετε πριν;Greek
πεθάνετε Παρ όλα αυτά όπως και το προηγούμενο οι πωλήσεις του;Greek
 Quee II στις Ηνωμένες Πολιτείες παρέμειναν χαμηλές ;Greek
Άνοδος στο Προσκήνιο 1974 1976 ;Greek
Ο Μπράιαν Μέι ήταν απών λόγω ηπατίτιδας όταν το συγκρότημα ξεκίνησε να;Greek
δουλεύει πάνω στο τρίτο του άλμπουμ το Sheer Heart Attack που;Greek
κυκλοφόρησε το 1974 Το άλμπουμ έφθασε μέχρι το νούμερο δύο στο Ηνωμένο;Greek
Βασίλειο είχε καλές πωλήσεις στην Ευρώπη και έγινε χρυσό στις ΗΠΑ ;Greek
δίνοντας στο συγκρότημα την πρώτη γεύση επιτυχίας Στον δίσκο έγιναν;Greek
πειραματισμοί με αρκετά μουσικά είδη όπως την θεατρική μουσική της;Greek
Βρετανίας την heavy metal τις Μπουλάντες την ragtime και την μουσική;Greek
της Καραϊβικής Σε αυτό το στάδιο οι Quee άρχισαν να παραμερίζουν τα;Greek
στοιχεία της progressive μουσικής που είχαν στα προηγούμενα άλμπουμ τους;Greek
και δημιούργησαν μουσική που ήταν πιο εύκολο να παιχτεί στο ραδιόφωνο Το;Greek
 Sheer Heart Attack περιείχε καινούριους ήχους και μελωδίες οι οποίες;Greek
θα διαμορφώνονταν και θα καταστάλαζαν στον επόμενο δίσκο τους A Night;Greek
at the Opera ;Greek
Το σινγκλ Killer Quee έφτασε στο νούμερο δύο στα βρετανικά τσαρτ και;Greek
έγινε η πρώτη τους επιτυχία στις ΗΠΑ φτάνοντας στο νούμερο 12 στο;Greek
Billboard Hot 100 Το δεύτερο σινγκλ του δίσκου Now I m Here ένα;Greek
πιο παραδοσιακό hard rock κομμάτι έφτασε στο νούμερο 11 στην Βρετανία ;Greek
Στα πρόσφατα χρόνια στο Sheer Heart Attack έχουν αποδοθεί εύσημα από;Greek
μουσικούς εκδοτικούς οίκους Το 2006 το Classic Rock του έδωσε την 28η;Greek
θέση στην λίστα The 100 Greatest British Rock Albums Ever Τα 100;Greek
Καλύτερα Βρετανικά Άλμπουμ Όλων των Εποχών και το 2007 το Mojo το;Greek
κατέταξε 88ο στην λίστα The 100 Records That Chaged the World 100;Greek
Δίσκοι που Άλλαξαν τον Κόσμο Είναι επίσης το δεύτερο από τα τρία;Greek
άλμπουμ τους που συμπεριλήφθηκε στο βιβλίο 1001 Albums You Must Hear;Greek
Before You Die 1001 album που πρέπει να ακούσετε πριν;Greek
πεθάνετε ;Greek
Το 1975 το συγκρότημα ξεκίνησε μια παγκόσμια περιοδεία φορώντας;Greek
δημιουργίες της Ζάντρα Ρόουντς Zadra Rhodes και κάνοντας συναυλίες;Greek
με πολλά εφέ Στις συναυλίες τους στις ΗΠΑ ήταν το πρώτο όνομα ενώ;Greek
έπαιξαν και στον Καναδά για πρώτη φορά Ενώ το συγκρότημα ήταν στην;Greek
Ιαπωνία τον Απρίλιο του ίδιου χρόνου ο μάνατζερ του συγκροτήματος Τζιμ;Greek
Μπιτς Jim Beach έφτασε σε συμφωνία για συμβόλαιο με την Tridet Μια;Greek
από τις προσφορές που το συγκρότημα εξέτασε ήταν και αυτή του Πίτερ;Greek
Γκραντ Peter Grad μάνατζερ των Led Zeppeli Ο Γκραντ ήθελε οι;Greek
Quee να υπογράψουν με την δισκογραφική εταιρία των ίδιων των Led;Greek
Zeppeli την Swa Sog Records με την οποία όμως το συγκρότημα δεν ήρθε;Greek
σε συμφωνία ;Greek
Στα τέλη του 1975 οι Quee ηχογράφησαν και κυκλοφόρησαν το A Night at;Greek
the Opera με το όνομα να προέρχεται από την ομώνυμη ταινία των αδελφών;Greek
Μαρξ Ήταν εκείνη την εποχή το πιο ακριβό σε παραγωγή άλμπουμ όλων των;Greek
εποχών Όπως και το προηγούμενο το άλμπουμ έχει διάφορα μουσικά στυλ και;Greek
πειραματισμούς Στο τραγούδι The Prophet s Sog διάρκειας οκτώ;Greek
λεπτών το μεσαίο κομμάτι είναι ένας κανόνας με απλές φράσεις;Greek
συντεταγμένες έτσι ώστε να δημιουργήσουν ένα πλήρως χορωδιακό ήχο Το A;Greek
Night at the Opera ήταν πολύ επιτυχημένο στο Ηνωμένο Βασίλειο και έγινε;Greek
τρεις φορές πλατινένιο στις ΗΠΑ Το 2004 ψηφίστηκε ως το 13ο καλύτερο;Greek
άλμπουμ όλων των εποχών σε σχετικό δημοψήφισμα στο Chael 4 του Ηνωμένου;Greek
Βασιλείου Έχει επίσης φτάσει ψηλά σε παγκόσμια δημοψηφίσματα το Βιβλίο;Greek
Γκίνες το κατέταξε στην 19η θέση με τα καλύτερα άλμπουμ όλων των εποχών ;Greek
ενώ στο ΑBC το αυστραλιανό κοινό το κατέταξε στην 28η θέση Το A Night;Greek
at the Opera έχει συχνά εμφανιστεί σε λίστες κριτικών με τα καλύτερα;Greek
άλμπουμ Στη λίστα The 50 Best British Albums Ever Τα 50 Καλύτερα;Greek
Βρετανικά Album Όλων των Εποχών του Q Magazie πήρε την 16η θέση το;Greek
2004 και το νούμερο 11 στο The 100 Greatest Albums of All Time Τα 100;Greek
Καλύτερα Album Όλων των Εποχών του Μεξικάνικου Rollig Stoe την ίδια;Greek
χρονιά Συμπεριλήφθηκε ακόμα το 2003 στο 500 greatest albums of all;Greek
time Τα 500 Καλύτερα Album Όλων των Εποχών του Rollig Stoe Αυτό;Greek
είναι και το τελευταίο άλμπουμ των Quee που συμπεριλήφθηκε στο βιβλίο;Greek
 1001 Albums You Must Hear Before You Die 1001 album που πρέπει να;Greek
ακούσετε πριν πεθάνετε ;Greek
Το άλμπουμ περιείχε και την επιτυχία Bohemia Rhapsody ένα σινγκλ;Greek
που παρέμεινε στο νούμερο ένα του Η Β για εννέα εβδομάδες και είναι το;Greek
τρίτο βρετανικό σινγκλ με τις μεγαλύτερες πωλήσεις μετά το Do They;Greek
Kow it s Christmas των Bad Aid και το Cadle i the Wid 1997 ;Greek
του Έλτον Τζον κάνοντάς το το εμπορικό σινγκλ με τις μεγαλύτερες;Greek
πωλήσεις στην Μεγάλη Βρετανία Επίσης έφτασε ως το νούμερο εννέα στις;Greek
ΗΠΑ ενώ μια επανακυκλοφορία του το 1992 σκαρφάλωσε στο νούμερο δύο ;Greek
Είναι το μόνο σινγκλ στα χρονικά που έχει πουλήσει ένα εκατομμύριο;Greek
αντίτυπα σε δύο διαφορετικές στιγμές και έγινε το χριστουγεννιάτικο;Greek
νούμερο ένα στο Η Β δύο φορές το μόνο τραγούδι που έχει καταφέρει κάτι;Greek
τέτοιο Το συγκρότημα αποφάσισε να τραβήξει το βίντεο κλιπ του;Greek
τραγουδιού με το αποτέλεσμα να είναι κάτι που γενικότερα έχει;Greek
αναγνωριστεί ως το πρώτο πραγματικό βίντεο κλιπ που γυρίστηκε αν και;Greek
άλλα συγκροτήματα όπως οι The Beatles είχαν προηγουμένως γυρίσει μικρά;Greek
βίντεο για την προώθηση των τραγουδιών τους εν τούτοις δεν είχαν;Greek
γυριστεί καθαρά για την προβολή τους στην τηλεόραση Το Bohemia;Greek
Rhapsody ήταν το πρώτο τραγούδι διαθέσιμο προς αναπαραγωγή από κάθε;Greek
τηλεοπτικό σταθμό που ήθελε να το χρησιμοποιήσει Το δεύτερο σινγκλ του;Greek
δίσκου You re My Best Fried το δεύτερο τραγούδι που γράφτηκε από;Greek
τον Ντίκον και το πρώτο του που έγινε σινγκλ έφτασε το νούμερο δεκαέξι;Greek
στις ΗΠΑ και έγινε επιτυχία στον υπόλοιπο κόσμο ;Greek
Συνεχιζόμενη επιτυχία 1976 1979 ;Greek
Το 1976 οι Quee ηχογραφούσαν το A Day at the Races το οποίο συχνά;Greek
χαρακτηρίζεται ως συνέχεια του A Night at the Opera Και αυτό πήρε το;Greek
όνομά του από ταινία των αδερφών Μαρξ και το εξώφυλλό του ήταν παρόμοιο;Greek
με εκείνο του A Night at the Opera μια παραλλαγή του λογοτύπου των;Greek
Quee Μουσικά ήταν και για κριτικούς και για οπαδούς μια πολύ καλή;Greek
δουλειά φτάνοντας το νούμερο ένα στα βρετανικά τσαρτ Η μεγάλη επιτυχία;Greek
του δίσκου ήταν το Somebody to Love ένα τραγούδι εμπνευσμένο από την;Greek
γκόσπελ gospel και στο οποίο ο Μέρκιουρι ο Μέι και ο Τέιλορ;Greek
ηχογράφησαν τις φωνές τους πολλαπλές φορές ώστε να δημιουργήσουν τον ήχο;Greek
μιας εκατονταμελούς χορωδίας γκόσπελ Το τραγούδι έφθασε στο νούμερο δύο;Greek
στο Ηνωμένο Βασίλειο και το νούμερο δεκατρία στις ΗΠΑ Το άλμπουμ;Greek
περιείχε ακόμα ένα από τα πιο βαριά τραγούδια του συγκροτήματος το Tie;Greek
Your Mother Dow το οποίο και αποτέλεσε σταθερό κομμάτι των ζωντανών;Greek
εμφανίσεων των Quee ;Greek
Μέσα σε αυτή την περίοδο οι Quee έπαιξαν και μία από τις γνωστότερες;Greek
συναυλίες τους στο Χάιντ Παρκ του Λονδίνου την οποία παρακολούθησαν;Greek
150 000 θεατές ;Greek
Το άλμπουμ News of the World κυκλοφόρησε τον επόμενο χρόνο Περιείχε;Greek
πολλά κομμάτια φτιαγμένα ειδικά για ζωντανές εμφανίσεις όπως το We;Greek
Will Rock You και την ροκ Μπουλάντα We Are the Champios το;Greek
δεύτερο εκ των οποίων έφτασε ως το νούμερο τέσσερα στις ΗΠΑ και παρέμεινε;Greek
επί χρόνια ύμνος για αθλητικές ομάδες και επιτυχίες ;Greek
Το 1978 το συγκρότημα κυκλοφόρησε το άλμπουμ Jazz το οποίο περιείχε;Greek
τα τραγούδια Fat Bottomed Girls και Bicycle Race Το δεύτερο εξ;Greek
αυτών υπήρξε ο στόχος μιας παράξενης διαφημιστικής καμπάνιας στην;Greek
οποία εξήντα πέντε γυμνές γυναίκες πάνω σε ποδήλατα νοικιασμένα από το;Greek
Halford s Cycles που έκαναν κύκλους γύρω από το στάδιο του;Greek
Γουίλμπεντον Η λέξη jazz τζαζ δεν χρησιμοποιήθηκε με την στενή;Greek
της έννοια και οι κριτικοί σημείωσαν ότι δεν συμπεριλήφθηκε στα διάφορα;Greek
στυλ μουσικής που συνέθεσαν τον δίσκο Άλλα αξιοσημείωτα κομμάτια από το;Greek
άλμπουμ είναι το Dead o Time το Do t Stop Me Now το Let Me;Greek
Etertai You και το Mustapha στο οποίο αραβική μουσική συνδέεται;Greek
με βαριά ροκ μουσική ;Greek
Το πρώτο ζωντανά ηχογραφημένο άλμπουμ του συγκροτήματος το Live;Greek
Killers κυκλοφόρησε το 1979 και έγινε διπλά πλατινένιο στις ΗΠΑ ;Greek
Επίσης κυκλοφόρησε η επιτυχία Crazy Little Thig Called Love με;Greek
μουσικές επιρροές από το ροκ εντ ρολ του Έλβις Πρίσλεϊ Elvis Presley ;Greek
Το τραγούδι έφτασε στο Top 10 σε αρκετές χώρες και έγινε το δεύτερο 1;Greek
σινγκλ του συγκροτήματος στις ΗΠΑ το πρώτο ήταν Aother Oe Bites the;Greek
Dust θέση στην οποία παρέμεινε για τέσσερις εβδομάδες ;Greek
Καινούργιοι ήχοι και συνθεσάιζερ 1980 1984 ;Greek
Οι Quee ξεκίνησαν την δεκαετία του 80 με την κυκλοφορία του The Game ;Greek
Περιέχει τα σινγκλ Crazy Little Thig Called Love Aother Oe;Greek
Bites the Dust τα οποία θα φτάσουν το νούμερο 2 στα αμερικάνικα τσαρτ ;Greek
Το άλμπουμ παρέμεινε στο νούμερο ένα στις Ηνωμένες Πολιτείες για τέσσερις;Greek
βδομάδες και πούλησε πάνω από τέσσερα εκατομμύρια αντίτυπα Ήταν επίσης ;Greek
και ο μόνος δίσκος τους που έφτασε συγχρόνως στην κορυφή στα ροκ dace;Greek
και R amp B τσαρτ του Billboard ταυτόχρονα όπως και το πρώτο άλμπουμ των;Greek
Quee στο οποίο χρησιμοποιήθηκε συνθεσάιζερ Γι αυτό τον λόγο στους;Greek
δίσκους των Quee υπάρχει ένα χαρακτηριστικό αυτοκόλλητο που έγραφε την;Greek
φράση Χωρίς σύνθεσάιζερ No Sythesisers Το σημείωμα έχει από;Greek
πολλούς μεταφραστεί ως μια έκφραση της συμπάθειας του συγκροτήματος για;Greek
την ροκ και την αντιπάθεια τους για την syth μουσική όμως ο Ρόι Τομας;Greek
Μπέικερ αργότερα αποκάλυψε ότι είναι μια ένδειξη ότι τα solo έγιναν με;Greek
κιθάρες και όχι με συνθεσάιζερ όπως πίστευαν όλοι εκείνη την περίοδο Το;Greek
1980 κυκλοφόρησε το σάουντρακ της ταινίας Flash Gordo το οποίο είχαν;Greek
συνθέσει οι Quee ;Greek
Το 1981 οι Quee έγιναν το πρώτο μεγάλο ροκ συγκρότημα που έπαιξε σε;Greek
στάδια της Λατινικής Αμερικής Εμφανίστηκαν μπροστά σε συνολικά 479 000;Greek
θεατές σε πέντε συναυλίες στην Αργεντινή και τρεις στην Βραζιλία όπου;Greek
τους παρακολούθησαν 130 000 και 120 000 άτομα την πρώτη και δεύτερη νύχτα;Greek
αντίστοιχα στο Morumbi Stadium του Σάο Πάολο Τον Οκτώβριο του ίδιου;Greek
έτους έπαιξαν για περισσότερους από 150 000 θεατές στις 9 στο Estadio;Greek
Uiversitario του Μοντερρέι και στις 17 και 18 Οκτωβρίου στο Estadio;Greek
Zaragoza της Πουέμπλα στο Μεξικό ;Greek
Οι Quee συνεργάστηκαν με τον Ντέιβιντ Μπάουι David Bowie για το;Greek
σινγκλ Uder Pressure Η πρώτη τους συνεργασία με άλλο καλλιτέχνη;Greek
ήταν απρόσμενη αφού ο Μπάουι έτυχε να περνά από το στούντιο που;Greek
ηχογραφούσε το συγκρότημα Όταν κυκλοφόρησε το τραγούδι γνώρισε μεγάλη;Greek
επιτυχία φτάνοντας το νούμερο ένα στην πατρίδα του συγκροτήματος ;Greek
Αργότερα τον ίδιο χρόνο οι Quee κυκλοφόρησαν την πρώτη συλλογή;Greek
τραγουδιών τους με τίτλο Greatest Hits η οποία περιείχε τα καλύτερα;Greek
τραγούδια του συγκροτήματος από το 1974 μέχρι το 1981 Έγινε μεγάλη;Greek
επιτυχία και μέχρι το 2007 ήταν το άλμπουμ με τις μεγαλύτερες πωλήσεις;Greek
στην Μεγάλη Βρετανία Ο Τέιλορ έγινε το πρώτο μέλος του συγκροτήματος που;Greek
κυκλοφόρησε προσωπικό του δίσκο το 1981 με τίτλο Fu i;Greek
Space ;Greek
Το 1982 το συγκρότημα κυκλοφόρησε τον δίσκο Hot Space αποχωρώντας από;Greek
τον γνώριμο ήχο που είχαν κατά την προηγούμενη δεκαετία αυτή την φορά;Greek
συνδυάζοντας την ροκ την ποπ ροκ την φανκ και την R amp B Με το πέρας;Greek
της περιοδείας για το Hot Space το συγκρότημα σταμάτησε τις ζωντανές;Greek
εμφανίσεις στην Βόρεια Αμερική αφού η απήχησή τους εκεί είχε μειωθεί αν;Greek
και παρουσιάστηκαν στην τηλεόραση μια και μοναδική φορά στην πρεμιέρα του;Greek
όγδοου κύκλου της σατυρικής εκπομπής Saturday Night Live Οι Quee;Greek
αποχώρησαν από την Elektra Records την δισκογραφική εταιρεία με την;Greek
οποία είχαν συμβόλαιο για τις ΗΠΑ τον Καναδά την Ιαπωνία την Αυστραλία;Greek
και τη Νέα Ζηλανδία και υπέγραψαν με την EMI Capitol Records ;Greek
Μετά από πάνω δέκα χρόνια σταθερής πορείας αποφάσισαν να μην κάνουν;Greek
συναυλίες το 1983 Μέσα σε αυτή τη χρονική περίοδο παρ όλα αυτά ;Greek
ηχογράφησαν το καινούριο τους άλμπουμ και τα μέλη του συγκροτήματος;Greek
πειραματίστηκαν με τις προσωπικές τους δουλειές Ο Μέι κυκλοφόρησε το ΕΡ;Greek
 Star Fleet Project στο οποίο συνεργάστηκε με τον Έντι Βαν;Greek
Άλεν ;Greek
To 1984 οι Quee κυκλοφόρησαν τον δίσκο The Works ο οποίος περιέχει;Greek
τα επιτυχημένα σινγκλ Radio Ga Ga και I Wat to Break Free Παρά;Greek
αυτές τις επιτυχίες το άλμπουμ δεν πήγε καλά στις ΗΠΑ Το Radio Ga;Greek
Ga ήταν και το τελευταίο τραγούδι των Quee που θα μπήκε στο Top 50 του;Greek
Billboard μέχρι το 1989 και το I Wat It All ;Greek
Το συγκρότημα πραγματοποίησε την περιοδεία για την προώθηση του δίσκου ;Greek
την πρώτη με τον πιανίστα Σπάικ Έντνεϊ Spike Edey ως επιπλέον;Greek
μουσικό για τις ζωντανές εμφανίσεις Η περιοδεία περιείχε πολλές;Greek
εμφανίσεις στην Μποφουδατσγουάνα Bophuthatswaa στην Νότιο Αφρική ;Greek
στην αρένα του Su City Όταν επέστρεψαν στην Αγγλία κατακρίθηκαν που;Greek
έπαιξαν εκεί ενώ αποκορυφωνόταν το Απαρτχάιντ και σε παραβίαση της;Greek
παγκόσμιας προσπάθειας κατά αυτού Το συγκρότημα δήλωσε ότι έπαιζε;Greek
μουσική για τους θαυμαστές στην χώρα και έδωσε έμφαση στο ότι συναυλίες;Greek
έγιναν μπροστά σε ομογενοποιημένο κοινό ;Greek
Live Aid και επακόλουθα χρόνια 1985 1990 ;Greek
Στις 12 Ιανουαρίου του 1985 οι Quee εμφανίστηκαν ως πρώτο όνομα στο;Greek
πρώτο φεστιβάλ Rock i Rio στο Ρίο ντε Τζανέιρο της Βραζιλίας Συνολικά;Greek
στις δύο βραδιές που έπαιξαν παρέστησαν πάνω από 300 000 θεατές Μια;Greek
επιλογή των καλύτερων στιγμών της βραδιάς εμφανίστηκε τον Μάιο σε βίντεο;Greek
με τίτλο Quee Live i Rio ;Greek
Στο Live Aid που έγινε στο στάδιο Γουέμπλεϊ στις 13 Ιουλίου του 1985 οι;Greek
Quee έπαιξαν κάποιες από τις γνωστότερες επιτυχίες τους και η εμφάνισή;Greek
τους θεωρήθηκε η καλύτερη της καριέρας τους Το συγκρότημα ;Greek
αναζωογονημένο από την ανταπόκριση στο Live Aid και με τις πωλήσεις;Greek
δίσκων τους σε άνοδο τελείωσε το 1985 με την κυκλοφορία του σινγκλ Oe;Greek
Visio το οποίο χρησιμοποιήθηκε στην ταινία Iro Eagle Επίσης ;Greek
κυκλοφόρησαν σε περιορισμένο αριθμό αντιτύπων μια συλλογή με όλα τα;Greek
άλμπουμ των Quee μέχρι τότε με όνομα The Complete Works Η συλλογή;Greek
περιείχε προηγουμένως ακυκλοφόρητο υλικό με πιο αξιοσημείωτο το σινγκλ;Greek
των Quee που δεν συμπεριλήφθηκε σε δίσκο τους το Thak God it s;Greek
Christmas ;Greek
Στις αρχές του 1986 οι Quee ηχογράφησαν το άλμπουμ A Kid of Magic ;Greek
το οποίο περιείχε εκτελέσεις τραγουδιών που εμφανίστηκαν στην ταινία;Greek
 Highlader Το άλμπουμ γνώρισε μεγάλη επιτυχία με τραγούδια όπως το;Greek
 A Kid of Magic το οποίο έφτασε στην κορυφή των τσαρτ Επίσης ;Greek
επιτυχία γνώρισαν τα Frieds Will Be Frieds Who Wats to Live;Greek
Forever και Prices of the Uiverse ;Greek
Τον ίδιο χρόνο οι Quee πραγματοποίησαν την περιοδεία για την προώθηση;Greek
του A Kid of Magic η οποία έγινε sold out και για την οποία;Greek
συνεργάστηκαν και πάλι ο Σπάικ Έντνεϊ Spike Edey κάτι που τον έκανε;Greek
να θεωρείται το ανεπίσημο πέμπτο μέλος του συγκροτήματος Η στάση του;Greek
Magic Tour στο στάδιο Γουέμπλεϊ του Λονδίνου είχε ως αποτέλεσμα το;Greek
άλμπουμ Live at Wembley 86 Δεν κατάφεραν να κλείσουν το Γουέμπλει για;Greek
τρεις βραδιές και έπαιξαν στο Kebworth Park Η συναυλία έγινε sold out;Greek
μέσα σε δύο ώρες και πάνω από 120 000 οπαδοί συγκεντρώθηκαν στο πάρκο ;Greek
για την συναυλία που θα ήταν η τελευταία των Quee με τον Μέρκιουρι ;Greek
Περισσότεροι από ένα εκατομμύριο θεατές είδαν ζωντανά τους Quee στην;Greek
περιοδεία τους με πάνω από 400 000 μόνο στο Ηνωμένο Βασίλειο κάτι που;Greek
αποτέλεσε ρεκόρ για την εποχή εκείνη ;Greek
Μετά από αρκετές προσωπικές δουλειές από τα μέλη του συγκροτήματος το;Greek
1988 συμπεριλαμβανομένου της συνεργασίας του Μέρκιουρι με την Μονσεράτ;Greek
Καμπαγιέ στο Barceloa το συγκρότημα κυκλοφόρησε το The Miracle το;Greek
1989 Το άλμπουμ ακολούθησε το ύφος του A Kid of Magic με ήχο ποπ ροκ;Greek
και κάποια πιο βαριά κομμάτια Περιείχε τις ευρωπαϊκές επιτυχίες I Wat;Greek
It All Breakthru The Ivisible Ma Scadal και The;Greek
Miracle ;Greek
Το The Miracle διέφερε στην σύνθεση από τα υπόλοιπα άλμπουμ του;Greek
συγκροτήματος στο ότι αυτή έγινε συνολικά από όλα τα μέλη του σχήματος ;Greek
σε αντίθεση με τις προηγούμενες τους κυκλοφορίες όπου κάθε τραγούδι;Greek
αποδιδόταν σε ένα μέλος με τα υπόλοιπα να κάνουν μικρές;Greek
προσθήκες ;Greek
Ο θάνατος του Μέρκιουρι και συνέχεια 1991 2003 ;Greek
Το 1988 οι οπαδοί του συγκροτήματος παρατήρησαν ότι η εμφάνιση του;Greek
Μέρκιουρι είχε αρχίσει να γίνεται ολοένα και πιο ισχνή και εξαπλώθηκαν οι;Greek
φήμες ότι υπέφερε από AIDS Ο Μέρκιουρι τις αρνήθηκε λέγοντας ότι ήταν;Greek
απλώς εξαντλημένος και πολύ απασχολημένος για να δώσει συνεντεύξεις Παρ ;Greek
όλα αυτά το συγκρότημα συνέχισε να ηχογραφεί νέα άλμπουμ πρώτα με το;Greek
 The Miracle το 1989 και το Iuedo το 1991 Στα τελευταία δύο;Greek
άλμπουμ που ηχογραφήθηκαν με τον Μέρκιουρι εν ζωή το συγκρότημα απέδωσε;Greek
την δημιουργία όλων των τραγουδιών στους Quee και όχι σε συγκεκριμένα;Greek
μέλη ώστε να αποφευχθούν διαφορές και διαμάχες μέσα στο συγκρότημα Το;Greek
1990 ο Μέρκιουρι εμφανίστηκε δημόσια για τελευταία φορά όταν με τους;Greek
Quee θα παρέλαβε ένα Brit Award για ιδιαίτερη συνεισφορά στην βρετανική;Greek
μουσική Παρά την επιδεινωμένη υγεία του ο Μέρκιουρι συνέχισε να;Greek
συνεισφέρει με το συγκρότημα να κυκλοφορεί το Iuedo στις αρχές του;Greek
1991 Το ομώνυμο σινγκλ έφθασε στην κορυφή στην Μεγάλη Βρετανία και με;Greek
ακόμα τρία τραγούδια να μπαίνουν στα τσαρτ το I m Goig Slightly;Greek
Mad το Headlog και το The Show Must Go O Ακολούθησε η;Greek
κυκλοφορία της δεύτερης συλλογής τραγουδιών το Greatest Hits II τον;Greek
Οκτώβριο του ίδιου χρόνου ;Greek
Στις 23 Νοεμβρίου του 1991 σε μια ανακοίνωση που έγινε από την;Greek
επιθανάτιο κλίνη του Μέρκιουρι ο ίδιος θα επιβεβαιώσει ότι έπασχε από;Greek
AIDS Μέσα στις επόμενες 24 ώρες ο ίδιος κατέληξε από βρογχοπνευμονία ;Greek
επιπλοκή του AIDS Η κηδεία του έγινε σε κλειστό κύκλο σύμφωνα με την;Greek
ζωροαστρική πίστη της οικογένειάς του Το Bohemia Rhapsody ;Greek
κυκλοφόρησε σε σινγκλ λίγες μέρες μετά τον θάνατο του μαζί με το These;Greek
Are the Days of Our Lives Το σινγκλ έγινε για δεύτερη φορά νούμερο ένα;Greek
στην Μεγάλη Βρετανία κρατώντας αυτή τη θέση για πέντε εβδομάδες την;Greek
περίοδο των Χριστουγέννων κάτι που το έκανε το μόνο κομμάτι στην Μεγάλη;Greek
Βρετανία που έγινε το χριστουγεννιάτικο νούμερο ένα δύο φορές Τα έσοδα ;Greek
περίπου 1 000 000 δόθηκαν στο Terrece Higgis Trust ;Greek
Η δημοτικότητα των Quee στις ΗΠΑ τονώθηκε όταν το Bohemia Rhapsody ;Greek
εμφανίστηκε το 1992 στην κωμωδία Waye s World Αυτό βοήθησε το;Greek
τραγούδι να φτάσει το νούμερο δύο στα αμερικάνικα τσαρτ για πέντε;Greek
εβδομάδες Το βίντεο κλιπ του Bohemia Rhapsody κέρδισε το βραβείο;Greek
του MTV ;Greek
Στις 20 Απριλίου του 1992 πραγματοποιήθηκε η συναυλία The Freddie;Greek
Mercury Tribute Cocert στο Γουέμπλεϊ μπροστά σε 72 000 θεατές ;Greek
Καλλιτέχνες και συγκροτήματα όπως ο Ντέιβιντ Μπάουι οι Def Leppard οι;Greek
Gus N Roses ο Έλτον Τζον η Άννι Λέννοξ και οι Metallica τραγούδησαν;Greek
πολλά από τα τραγούδια του συγκροτήματος με τα εναπομείναντα μέλη Η;Greek
συναυλία έχει καταγραφεί στο Βιβλίο Γκίνες ως η Μεγαλύτερη ροκ συναυλία;Greek
για φιλανθρωπικό σκοπό αφού μεταδόθηκε σε πάνω από 1 2 δις ανθρώπους σε;Greek
όλο τον κόσμο as it was televised to over 1 2 billio viewers worldwide ;Greek
και συγκέντρωσε πάνω από 20 000 000 για την αντιμετώπιση του;Greek
AIDS ;Greek
Το τελευταίο album των Quee με τον Μέρκιουρι το Made i Heave ;Greek
κυκλοφόρησε το 1995 τέσσερα χρόνια μετά το θάνατό του Δημιουργήθηκε από;Greek
τις τελευταίες ηχογραφήσεις του Μέρκιουρι το 1991 μαζί με άλλες από;Greek
προηγούμενα άλμπουμ Εκτός αυτών συμπεριλήφθηκαν και διασκευές του Μέι ;Greek
του Τέιλορ και του Μέρκιουρι από προσωπικές δουλειές τους Το άλμπουμ;Greek
έφθασε μέχρι το νούμερο ένα αμέσως μετά την κυκλοφορία του στην Βρετανία ;Greek
όπου και έγινε διπλά πλατινένιο ;Greek
Το 1997 οι Quee ηχογράφησαν το No Oe but You Oly the Good Die;Greek
Youg ως επιπλέον κομμάτι στη συλλογή Quee Rocks που θα;Greek
κυκλοφόρησε τον Αύγουστο του ίδιου έτους Το σινγκλ του κομματιού έφθασε;Greek
ως το 13 στα βρετανικά τσαρτ Το 1998 οι Quee έπαιξαν με τον Έλτον;Greek
Τζον το The Show Must Go O στην τελευταία συναυλία του Τζον Ντίκον ;Greek
ο οποίος και αποσύρθηκε από την μουσική ;Greek
Ο Μπράιαν Μέι και ο Ρότζερ Τέιλορ θα εμφανίστηκαν επί σκηνής μαζί σε;Greek
αρκετές απονομές βραβείων και συναυλίες με φιλανθρωπικό σκοπό Σε αυτήν;Greek
την περίοδο θα εμφανίζονται ως Quee ακολουθούμενο από το όνομα του;Greek
τραγουδιστή με τον οποίο έπαιζαν ;Greek
Το 1999 κυκλοφόρησαν το Greatest Hits III Περιείχε μεταξύ άλλων μια;Greek
ραπ έκδοση του Aother Oe Bites the Dust ως Quee Wyclef;Greek
Jea μια ζωντανή έκδοση του Somebody to Love με τον Τζορτζ Μάικλ;Greek
και μια του The Show Must Go O με τον Έλτον Τζον Μέχρι τότε οι;Greek
τεράστιες πωλήσεις δίσκων των Quee τους είχαν κάνει το δεύτερο αγγλικό;Greek
συγκρότημα με τις μεγαλύτερες πωλήσεις μετά τους The Beatles ;Greek
Quee Paul Rodgers 2004 2009 ;Greek
Προς το τέλος του 2004 ο Μέι και ο Τέιλορ ανακοίνωσαν ότι θα επέστρεφαν;Greek
στις περιοδείες εντός του 2005 με τον Πωλ Ρότζερς Paul Rodgers ;Greek
ιδρυτικό μέλος και τραγουδιστής των Free και Bad Compay Στην;Greek
ιστοσελίδα του Μπράιαν Μέι γράφτηκε επίσης ότι ο Ροτζερς θα έπαιζε με το;Greek
συγκρότημα χωρίς να αντικαταστήσει τον Μέρκιουρι και η συνεργασία θα είχε;Greek
το όνομα Quee Paul Rodgers Ο Τζον Ντίκον που είχε αποσυρθεί δεν θα;Greek
Η παγκόσμια περιοδεία των Quee Paul Rodgers πραγματοποιήθηκε το 2005;Greek
και 2006 αρχίζοντας από την Ευρώπη μετά στην Ιαπωνία και τέλος στις;Greek
ΗΠΑ Ο Μπράιαν Μέι ανακοίνωσε στις 15 Αυγούστου του 2006 μέσω της;Greek
ηλεκτρονικής σελίδας του ότι οι Quee Paul Rodgers θα ηχογραφούσαν το;Greek
πρώτο τους άλμπουμ αρχίζοντας τον ακόλουθο Οκτώβριο σε μια μυστική;Greek
τοποθεσία Το The Cosmos Rocks κυκλοφόρησε στις 12 Σεπτεμβρίου του 2008;Greek
και στις ΗΠΑ στις 28 Οκτωβρίου του ίδιου χρόνου Ακολούθησε μια ευρωπαϊκή;Greek
περιοδεία αρχίζοντας μπροστά σε 350 000 Ουκρανούς οπαδούς που;Greek
συγκεντρώθηκαν στο Kharkiv s Freedom Square Η συναυλία στην Ουκρανία;Greek
κυκλοφόρησε αργότερα σε DVD ;Greek
Καλλιτεχνία ;Greek
Μουσικό στυλ ;Greek
Το συγκρότημα επηρεάστηκε από πολλά άλλα Βρετανικά συγκροτήματα της;Greek
εποχής όπως τους Pik Floyd τους The Beatles τους The Rollig Stoes ;Greek
τους The Who και τους Led Zeppeli Οι Quee δημιούργησαν μουσική που;Greek
επηρεάστηκε από πολλά διαφορετικά είδη μουσικής όπως η progressive rock ;Greek
η hard rock η glam rock η heavy metal η pop rock η dace η;Greek
blues rock και η psychedelic rock Επίσης έγραψαν τραγούδια που;Greek
παραδοσιακά δεν σχετίζονται με την rock όπως η ragtime η opera η;Greek
gospel η vaudeville και η folk ;Greek
Οι μουσική και ηχητικοί πειραματισμοί διαφαίνονται ιδιαίτερα στα;Greek
τραγούδια των Quee Ένα ξεχωριστό χαρακτηριστικό της μουσικής των Quee;Greek
είναι η φωνητική αρμονία που δημιουργήθηκε από συνδυασμούς των φωνών του;Greek
Μέι του Μέρκιουρι και του Τέιλορ κάτι που γίνεται ιδιαίτερα στα άλμπουμ;Greek
 A Night at the Opera και A Day at the Races Οι Quee ήταν ακόμη;Greek
γνωστοί για το ότι επανηχογραφούσαν τις φωνές τους για να δημιουργήσουν;Greek
τον ήχο χορωδίας Για παράδειγμα ο Μπράιαν Μέι είπε ότι για το τραγούδι;Greek
 Bohemia Rhapsody χρησιμοποιήθηκαν πάνω από 180 φωνητικές;Greek
ηχογραφήσεις των μελών του συγκροτήματος Πολλά από τα τραγούδια του;Greek
συγκροτήματος γράφτηκαν με στόχο την συμμετοχή του κοινού όπως το We;Greek
Will Rock You και το We Are the Champios ;Greek
Η ιδιαίτερη συνεισφορά των Quee στην μουσική και ιδιαίτερα στην hard;Greek
rock και την heavy metal είναι κοινώς αναγνωρισμένη Ως εκ τούτου πολλά;Greek
συγκροτήματα και καλλιτέχνες έχουν αναφέρει τους Quee στις επιρροές;Greek
τους με καταγωγή από διαφορετικές γενιές χώρες και είδη;Greek
Μερικοί από τους μουσικούς που έχουν αναφέρει τους Quee ως επιρροή τους;Greek
είναι οι Athrax Be Folds Five Nirvaa Def Leppard Extreme Foo;Greek
Fighters Gree Day Gus N Roses Hellowee Iro Maide Kasas ;Greek
Keae Lady Gaga Maic Street Preachers Metallica Mika Muse My;Greek
Chemical Romace Radiohead Tret Rezor Styx The Killers και The;Greek
Smashig Pumpkis ;Greek
Οι Quee έχουν αναφερθεί ως η κύρια επιρροή της νεοκλασικής metal από;Greek
τον Σουηδό κιθαρίστα Ygwie Malmstee Οι Metallica ηχογράφησαν μια;Greek
διασκευή του Stoe Cold Crazy από το άλμπουμ των Quee Sheer Heart;Greek
Attack για την συλλογή Rubaiyat Electra s 40th Aiversary το 1990;Greek
και κέρδισαν το πρώτο τους Grammy για την καλύτερη metal εκτέλεση το;Greek
1991 Στις αρχές της δεκαετίας του 70 οι Quee ήταν εκείνοι που έδωσαν;Greek
ώθηση στην εξέλιξη του heavy metal απωθώντας πολλά από τα blues στοιχεία;Greek
που είχε μέχρι τότε Ακολούθησε το New Wave of British Heavy Metal το;Greek
οποίο όπως και το puk rock έδινε έμφαση στην ταχύτητα ;Greek
Το Bohemia Rhapsody των Quee βραβεύθηκε από το Βιβλίο Γκίνες το;Greek
2002 ως το καλύτερο βρετανικό σινγκλ όλων των εποχών Το 2005 το Chael;Greek
4 ονόμασε την συναυλία των Quee στο Live Aid το 1985 ως την καλύτερη;Greek
συναυλία όλων των εποχών Το 2007 ψηφίστηκαν από τους ακροατές του Radio;Greek
2 ως το καλύτερο βρετανικό συγκρότημα όλων των εποχών ;Greek
Από το 2005 το Βιβλίο Γκίνες ανακοίνωσε ότι οι Quee έχουν περάσει 1 322;Greek
εβδομάδες ή είκοσι επτά χρόνια στα τσαρτ των άλμπουμ της Βρετανίας ;Greek
περισσότερο διάστημα από κάθε άλλον μουσικό Ακόμα το 2005 με την;Greek
κυκλοφορία του ζωντανού δίσκου με τον Πωλ Ροτζερς οι Quee προσπέρασαν;Greek
τους The Beatles και έγιναν το τρίτο μουσικό σχήμα με τις περισσότερες;Greek
συνολικά εβδομάδες στα βρετανικά τσαρτ μετά τον Έλβις Πρίσλεϊ και τον;Greek
Κλιφ Ρίτσαρντ ;Greek
Το 2006 το Greatest Hits η πρώτη συλλογή τραγουδιών του;Greek
συγκροτήματος έγινε το βρετανικό άλμπουμ με τις μεγαλύτερες πωλήσεις ;Greek
με 5 407 587 αντίτυπα σε πωλήσεις 604 295 περισσότερα αντίτυπα από το;Greek
δεύτερο Sgt Pepper s Loely Hearts Club Bad Το Greatest Hits II ;Greek
ήρθε έβδομο με πωλήσεις στα 3 631 321 αντίτυπα ;Greek
Το συγκρότημα έχει κυκλοφορήσει συνολικά δεκαοχτώ νούμερο ένα άλμπουμ ;Greek
δεκαοχτώ νούμερο ένα σινγκλ και δέκα νούμερο ένα DVD παγκοσμίως όντας;Greek
τους ένα από τα συγκροτήματα με τις μεγαλύτερες πωλήσεις στον κόσμο με;Greek
πάνω από 300 εκατομμύρια πωλήσεις δίσκων παγκοσμίως και με 32 5;Greek
εκατομμύρια πωλήσεις μόνο στις ΗΠΑ μέχρι το 2004 Το συγκρότημα είναι ;Greek
επίσης το μόνο του οποίου κάθε μέλος έχει γράψει πάνω από ένα τραγούδι;Greek
που έχει φτάσει στην κορυφή των τσαρτ ;Greek
Οι Quee είναι επίσης ένα από τα συγκροτήματα με την μεγαλύτερη διακίνηση;Greek
μουσικού υλικού παρανόμως σύμφωνα με τον Νικ Γουέιμαουθ Nick;Greek
Weymouth ο οποίος διαχειρίζεται την επίσημη ιστοσελίδα του;Greek
συγκροτήματος Το 2001 έρευνα έδειξε ότι υπάρχουν 12 225 ιστοσελίδες;Greek
αφιερωμένες στην διακίνηση υλικού των Quee περισσότερα από κάθε άλλο;Greek
συγκρότημα Αυτή η διακίνηση έχει βοηθήσει να γίνει δημοφιλές το;Greek
συγκρότημα και σε χώρες όπου η μουσική των Δυτικών Χωρών λογοκρίνεται ;Greek
όπως στο Ιράν Σε ένα πρότζεκτ με τίτλο;Greek
 Quee The Top 100 Bootlegs αρκετές από τις παράνομες ηχογραφήσεις;Greek
κυκλοφόρησαν επίσημα μέσω διαδικτύου μέσω της ιστοσελίδας των Quee με;Greek
τα έσοδα να πάνε στο Mercury Phoeix Trust ;Greek
Σε άλλα μέσα ;Greek
Θεατρικά μιούζικαλ ;Greek
Το 2002 ένα μιούζικαλ ή θεατρικό ροκ έργο βασισμένο στα τραγούδια των;Greek
Quee με τίτλο We Will Rock You άνοιξε στο Domiio Theatre στο;Greek
Γουέστ Εντ του Λονδίνου Το μιούζικαλ γράφτηκε από τον Βρετανό κωμικό και;Greek
συγγραφέα Μπεν Ελτον Be Elto σε συνεργασία με τον Μπράιαν Μέι και;Greek
τον Ρότζερ Τέιλορ και την παραγωγή ανέλαβε ο Ρόμπερτ Ντε Νίρο Robert De;Greek
Niro Από τότε έχει ανέβει σε πολλές πόλεις ανά τον κόσμο ;Greek
Αρχικά η παραγωγή του στο Λονδίνο είχε προγραμματιστεί να λήξει το;Greek
Σάββατο 7 Οκτωβρίου του 2006 αλλά λόγω της ανταπόκρισης και απαίτησης;Greek
του κοινού η παραγωγή συνεχίστηκε επ αόριστο Έτσι το We Will Rock;Greek
You έχει γίνει το μακροβιότερο μιούζικαλ που έχει παιχτεί στο Domiio;Greek
Theatre παίρνοντας την πρώτη θέση από το Grease Ο Μπράιαν Μέι έχει;Greek
πει ότι σκέφτονται να γράψουν την δεύτερη ταινία και συνέχεια του We;Greek
Will Rock You Το 2009 το μιούζικαλ έκανε περιοδεία στην Μεγάλη;Greek
Βρετανία ανεβαίνοντας στο Machester Palace Theatre το Suderlad;Greek
Empire το Birmigham Hippodrome το Bristol Hippodrome το Ediburgh;Greek
Playhouse ;Greek
Η προβολή του μιούζικαλ συνέπεσε με το χρυσό ιωβηλαίο την γιορτή για τα;Greek
πενήντα χρόνια στον θρόνο της Βασίλισσας Ελισάβετ Β Ως μέρος της;Greek
γιορτής ο Μπράιαν Μέι εκτέλεσε σε σόλο με την κιθάρα το God Save the;Greek
Quee όπως αυτό εμφανίστηκε στο άλμπουμ A Night at the Opera από;Greek
την οροφή του Μπάκινγκχαμ Πάλας Το βίντεο της εμφάνισης χρησιμοποιήθηκε;Greek
για το συγκεκριμένο κομμάτι στο DVD των τριάντα χρόνων από την κυκλοφορία;Greek
του A Night at the Opera ;Greek
Ο Σον Μπόβιν Sea Bovi δημιούργησε το Quee at the Ballet ;Greek
αφιερωμένο στον Φρέντι Μέρκιουρι το οποίο χρησιμοποιεί τα τραγούδια των;Greek
Quee για την μουσική των μελών του Μπουλέτου το οποίο αναπαριστά;Greek
ερμηνείες τραγουδιών όπως το Bohemia Rhapsody το Radio Ga Ga ;Greek
και το Killer Quee ;Greek
Ψηφιακός χώρος ;Greek
Σε συνεργασία με την Electroic Arts οι Quee κυκλοφόρησαν ένα παιχνίδι;Greek
για τον υπολογιστή το 1998 το το οποίο απέτυχε και σε κριτικές αλλά;Greek
και σε πωλήσεις Η ίδια η μουσική τραγούδια από τον μεγάλο κατάλογο των;Greek
Quee θεωρήθηκε πολύ καλή αλλά το gameplay ήταν εκείνο που κατέστρεψε;Greek
το παιχνίδι Η μεγάλη περίοδος παραγωγής οδήγησε σε γραφικά τα οποία ήταν;Greek
ήδη ξεπερασμένα για την εποχή Κάτω από την επίβλεψη των Μέι και Τέιλορ ;Greek
έχει γίνει μια μεγάλη προσπάθεια για την αποκατάσταση του μεγάλου;Greek
ηχητικού και οπτικού υλικού των Quee Κυκλοφορίες DVD από την συναυλία;Greek
τους στο στάδιο Γουέμπλεϊ το 1986 με τίτλο Live At Wembley Stadium ;Greek
και το Milto Keyes Cocert Quee o Fire Live at the Bowl και;Greek
δύο Greatest Video Hits Νούμερο 1 και 2 με υλικό από την δεκαετία του;Greek
70 και του 80 στα οποία τα τραγούδια του συγκροτήματος είχαν ήχο;Greek
surroud 5 1 και DTS Μέχρι τώρα δύο από τα άλμπουμ των Quee έχουν;Greek
επανακυκλοφορήσει με τέτοιο ήχο τα A Night at the Opera και The;Greek
Game ;Greek
Οι Quee έχουν εμφανιστεί πολλές φορές και στην σειρά παιχνιδιών Guitar;Greek
Hero διασκευή του Killer Quee υπήρχε στο Guitar Hero ένα πακέτο;Greek
Αρά κι πού τίπουτα δένdρα άγρα κάνας τσέρους ή κάνας φράψους ανάμισα στς;nothern
χράπις τίπουτα λαγόξυλα κι καμνιά ρίζα κανdιλίνα να μουσκουβουλάει του ν ;nothern
Μάη κι να μαζώνουνdι τα μιλίσσια γύρου γύρου Νιρό dίπ ούτι δράμ ;nothern
Ένα καλό μούνgι έχ αυτό του μέρους είνι προυσήλιου Δέν dου παίρν ου;nothern
w;nothern
βουράς του χειμώνα κι όσου χιόν κι άμ bέσ του κόβ η πέτρα κι μαυρίζ ώς του;nothern
μισ μέρ όλου του πλάι ;nothern
 1 Αυτού δγιάλιξαν να ζήσν προυτού πινdακόσια χρόνια οι πινήνdα φαμbλιές μι;nothern
αρχηγόν τουμ bαπα Gίκα να φκιάσν τα σπίτχια τς κι να πούν του χουργιό τς;nothern
Κίν τσαν απ τα χουργιά τς Πριμιτής σήκουσαν ότ νοικουκυργιό μbουρούσαν;nothern
να πάρν κι τί βαστούσαν τα πράματα φουρτουμένα άφκαν τα κτήματα τς όπους;nothern
ήταν τύπουσαν στου νού τς τ όνουμα Σκΐρκα γιατι Σκΐρκα είχαν κι στουν;nothern
dόπου τς κι ήρθαν κι τόγραψαν μι ζουνdανά γράμματα ουπάν στα καταράχια ;nothern
Κουνdά στ άλλα ήφιραν κι του έθιμου τς Απουκράς ;nothern
 1 Κάθι άνθρουπους σι κάθι τόπουν ζάει μι τουν θκό τ τουν dρόπου ου;nothern
καμbίσιους στουν gάμbου δλέβ μι τα χέργια δέ σκουτίζ κι πουλύ του μνιαλό τ η;nothern
5;nothern
γής βγάν όλα τ αγαθά να πιράσ καλά ;nothern
Στο ηχητικό κι τα βαστούσαν τα πράματα φουρτουμένα ;nothern
 κράτσαν ;nothern
Στο ηχητικό τύπουσαν του νού τς τ όνουμα Σκΐρκα ;nothern
 του μbγιαλό τ ;nothern
 βγάν όλα τα καλούδγια ;nothern
 64 ;nothern
Ου βνίσιους θέλ να στύψ του μνιαλό τ να καταφέρ να τα φέρ βόλτα κι;nothern
αυτός απ κάθιτι στα τρόχαλα κι στα καταράχια θέλ να βάλ έμ του μνιαλό τ έμ τα;nothern
χέργια τ κι τα πουδάργια τ να καταφέρ να ζήσ κι να προυκόψ ;nothern
Σκληρή η πέτρα σκληρός κι αυτός απ κουνουστάει μ αυτήν bισαλής μι του;nothern
φίλου στιμάρ του ν λόγου κι μιτράει τουν άλλουν μι του μάτ Δέν ξέρ πουλλά;nothern
μασλάτχια αλλα λίγα κι μιτρημένα ;nothern
 1 4 Άπλουσιν η Κόζιαν κατα τα ισιάδγια ήρθαν κι άλλις οικουγένειϊς απ τα;nothern
γύρου χουργιά όλ χριστχιανοί κι άλλ απου μακρύτιρα πέρασαν τα χρόνια ;nothern
αλλα οι Σκαρκιώτ δέν ξέφυγαν κι πουλύ απ αυτά πούξιραν ;nothern
Τα κασ μέργια κι τα κάχα bάχα πουλιτεύουνdι ώς τα σήμιρα Κρατχιούνdι οι;nothern
ρίζις καλά κι αυτοί που ζούν στ Σκΐρκα τα καταλαβαίν ν καλύτιρα απ τουν;nothern
gαθένα ;nothern
Η φράση κουνουστάει μ αυτήν έχει τουλάχιστον δύο λάθη Κατ αρχάς το κουνουστώ;nothern
σημαίνει συναναστρέφομαι κάνω παρέα με κάποιον και δέ συντάσσεται με εμπρόθετο;nothern
προσδιορισμό αλλα με απλό άμεσο αντικείμενο έτσι θα περιμέναμε τη;nothern
φράση με τη μορφή αυτός απ την gουνουστάει Επίσης η πρόθεση μι με όταν;nothern
συντάσσεται με την αντωνυμία αυτός έχει τη μορφή μιτιαυτόν μιτιαυτήν κλπ στα;nothern
κοζανίτικα συνεπώς εδώ ο Κουζιάκης αντιγράφει το ΚΝΕ μ αυτήν προφέροντάς το;nothern
κοζανίτικα Τέλος το κουνουστώ δέν είναι σίγουρο άν μπορεί να χρησιμοποιηθεί με την;nothern
παραπάνω μεταφορική χρήση και μάλλον εδώ θα ταίριαζε περισσότερο το ρήμα ζώ ;nothern
Σκληρή η πέτρα σκληρός κι αυτός αb ζάει μιτιαυτήν ;nothern
 κι άλλις φαμbλιές ;nothern
 απτιαυτά πούξιραν ;nothern
 αυτοί b ζούν ;nothern
Το κείμενο είναι διαθέσιμο στις σελ 5 6 του βιβλίου και ηχογραφημένο στη διεύθυνση;nothern
http www skrka gr skrka html ;nothern
 65 ;nothern
 Ου θέρους;nothern
 1 Βαρύς ου χειμώνας στουν dόπου μας κι μακρύς κρύου πουλύ κι χιόν ;nothern
φτώχια κι προυκουπή dίπ Όλα λειψά κι δύσκουλα κι ου κόσμους μαζουμένους;nothern
μέσα καρτιρούσαν πότι τα γιλάσ ου Μάρτς ν απλώσ του κουρμί τ ου πάσα;nothern
ένας ν ανοίξν οι δλιές να φάει λίγου ζιστό ψουμί ;nothern
Χαραή χαραή έβγιναν οι άνdρ στου προυσήλιου κι συζητούσαν;nothern
ότ ;nothern
γένουνdαν κι δέ γένουνdαν ανάφιρναν του ένα ήλιγαν τ άλλου κι στουμ bάτου;nothern
σταματούσαν όλ στουν gαλό του ν λόγου ;nothern
Πότι ταρθεί ου κιρός να κινήσουμι για τουν gάμbου τς Λάρσας να πάμι στου ν ;nothern
Μαζώνουνdαν;nothern
γένουνdαν;nothern
bλιούκια ;nothern
συμφουνούσαν ;nothern
παζάριβαν τ μάζουνdαν Ανακάτουναν στα dαβάνια απ τα σπίτχια κι κατέβαζαν;nothern
τα διρπάνια τς παλαμαρές τα λαδάκουνα τουν gλιτσινίκου Τα μάζουναν όλα;nothern
στουν dρουβά κι καρτιρούσαν μι μιράκ πότι τα φέξ η καλή η μέρα να κινήσν ;nothern
 Πρώτους στου σαλαβάτ κι σν ανακατουσιά ου Λιόλιους απ του Κιραμαργιό ;nothern
 Άιdι Πότι τα κινήσουμι Τί αργούμι φέτου Τα μας προυφτάσν οι άλλ κι τα μας;nothern
πχιάσν τα κουνάκια ;nothern
Τουν τζάκουνιν η φούργια τουν gαημένου πνούσιν όλουν του χειμώνα κι;nothern
λουγάργιαζιν να χουρτάσ στουν gάμbου ;nothern
Οι παρέις του βάριναν κι λίγου στ ψέκα γιατι τουν ήξιραν αb δέν ήταν κι;nothern
πουλύ δουλιφτάρς όλου bένdγια κι κουραχάνια ήταν Αλλα δέν dουν άφηναν πάλι;nothern
 να φάει ψίχα ζιστό ψουμί να φάει ουλίγου ζιστό ψουμί ;nothern
Η σωστή σειρά παζάριβαν συμφουνούσαν ;nothern
 τα μας τσακώσν τα κουνάκια ;nothern
 τουν έρμου ;nothern
 του βάριναν κι ψίχα στ ψέκα του βάριναν κι ουλίγου στ ψέκα ;nothern
 66 ;nothern
έτσ πότι η μνιά παρέα πότι η άλλ τουν έπιρναν κουνdά τς κι τουν είχαν όχ να;nothern
θιρίζ αλλα να βουηθάει του ν bαλατζή να μαζών τς χιρές ;nothern
 Άιdι ρα Λιόλιου ιμείς τα σι πάρουμι φέτου Σημ bαρέα μας τανάσι Τα;nothern
 Μάης μήνας ύστρα απ τ Άη Κουστανdίν κίν τσιν η παρέα για του ν θέρου ;nothern
Σκαρκιώτ οι παραπάν ήταν κι καμόσ Κιρμαργιώτ ;nothern
Ου Μήκας μbρουστά αρχηγός καβάλα στου γουμάρ μι τα σιέα;nothern
φουρτουμένα άλλ παραπίσου μι τα πράματα οι νιότιαρ πιζοί στουμ bάτου;nothern
 ανdάμα κι ου Λιόλιους απ του Κιρμαργιό ;nothern
Ίσια μι ν ώρα να νυχτώσ ήταν στ Βαν τσιόστρατα κατα τα μισάνυχτα;nothern
πέρασαν του πουτάμ στουμ bόρου τς Κισαργιάς κι μνιά ώρα πρίν να φέξ ήταν;nothern
στου Σαρανdάπουρου;nothern
κι σταμάτσαν στ Βίγλα να πάρν μνιά α νάσα να;nothern
ξιαπουστάσν Ξιφόρτουσαν τα γουμάργια τινdώθκαν κι αυτοί λίγου ώσπου να;nothern
πάρ η μέρα να κινήσν τουν gατήφουρου ;nothern
Ιέφιξιν για τα καλά κι πώς βάρινιν ου ήλιους σ κώθκιν ου Λιόλιους ουρθός ;nothern
6;nothern
ανέφκιν σι μνιά πέτρα έβαλιν του χέρ ασκιάδα κι κοίταξιν κατα τ Λάρσα στουν;nothern
gάμbου Σήκουσιν ύστρα τα χέργια σιαπάν κι φώναξιν στς άλλνους ;nothern
7;nothern
 Όι Κοίτατι ρα σιακάτ Κοίτατι τουν gάμbου Κοίτατι βγιό ου Θός μαναχός τ ;nothern
Κοίτατι προυκουπή απόχ ου κόσμους θάλασσα τα γιννήματα Βλουημέν ;nothern
Είπιν καμόσα κόμα κι ύστρα γύρσιν κατα ν Gόζιαν σήκουσιν πάλι τα χέργια ;nothern
8;nothern
άνξιν τς παλάμις κι χίρσιν να μουτζών ;nothern
Για την κοζανίτικη σύνταξη με το τουν δές και Πιτένης 1971 14 ;nothern
 οι νιότιαρ μι τα πουδάργια τς πουδαργιάς ;nothern
 στου Gλίgουβου ;nothern
 τινdώθκαν κι αυτοί ψίχα τινdώθκαν κι αυτοί ουλίγου ;nothern
 κι τήρσιν παρακάτω Τήρσιν ου ένας τουν άλλουν 5 ;nothern
 Τήρατι παρακάτω τήρατι 4 ;nothern
 άνξιν τς απαλάμις ;nothern
 67 ;nothern
 Νά βεράνg Μακεδονία Ψόφσαμι απου μ bείνα κι απ του κρύου όλου του ν ;nothern
χειμώνα Κάτ καλά τα πάμι στ Θισσαλία να χουρτάσουμι ψουμί ;nothern
στα πράματα κι κίν τσαν τουν gατήφουρου για τουν gάμbου Ου Μήκας σάν;nothern
dρανύτιρους κνούσιν του κιφάλ κι ήλιγι ν μαναχός τ ;nothern
 Άιdι ρα Λιόλιου στάσ πρώτα να φτάσουμι στ Λάρσα να σι βάλουμι στου ν ;nothern
ζ γό κι τότι τα ιδούμι πώς τα σ αρέσ η Θισσαλία ;nothern
 4 Σουρουπώνουdας έφτασαν στου χουργιό λίγου παρακάτ ;nothern
απ του;nothern
Dούρναβου Σταμάτσαν σι κάτ τσιαΐργια κι αγνάνdιβαν τα γιννήματα στιάργιακθάργια πούταν έτοιμα για θέρουν ;nothern
Ου Μήκας σέφκιν στου χουργιό βρήκιν τς νοικουκυραίοι Αυτοί τουν;nothern
9;nothern
gαλουσώρσαν γιατι τουν γνώρζαν κι απ τ άλλα τα χρόνια τουν gέρασαν ρακή;nothern
κι συμφών τσαν να χιρήσν του ν θέρου μι ν αράδα απ τουν έναν στουν άλλουν ;nothern
ώσπου να σουθούν όλα τα χουράφχια ;nothern
Γύρσιν στου bλιούκ τς είπιν τα νέα;nothern
10;nothern
κι χάρκαν όλ Έστρουσαν τα τσιόλια;nothern
στα τσιαΐργια να ξιαπουστάσν κι να κοιμθούν ;nothern
Μνιά ώρα προυτού να φέξ σ κώθκαν τοίμασαν τα διρπάνια τς παλαμαρές ου;nothern
bαλατζής τουν gλιτσινίκου τς φτσέλις μι του νιρό κι σέφκαν στου πρώτου του;nothern
Εφόσον ούτε μιλάει ένας φορέας νότιου φωνηεντισμού ούτε υπάρχει προφανής λόγος για;nothern
τη μίμηση του νότιου φωνηεντισμού η ονοματική φράση πρέπει να διορθωθεί σε βιράνg ;nothern
Μακιδουνία όπως και το βεράνg Θισσαλία 4 παρακάτω ;nothern
 τα παϊαίνουμι ;nothern
Στο ηχητικό και το τυπωμένο σελ 1 κι μουλουγούσι ν μαναχός τ δές Γ 4 ;nothern
Το σωστό τα ιδούμι πόσου άμα τα σ αρέσ η Θισσαλία ;nothern
 Σουρουπχιάζουνdας έφτασαν στου χουργιό ;nothern
 ψίχα παρακάτ ουλίγου παρακάτ ;nothern
Στο τυπωμένο τουν Τούρναβου σελ 1 τουν Dούρναβου ;nothern
Εφόσον πρόκειται για επίσκεψη γνωστού πιό σωστό είναι εδώ το ρήμα δέχουμι;nothern
 υπο δέχομαι κάποιον σάν επισκέπτη αόρ δέθκα ;nothern
 τουν ήξιραν ;nothern
 τς είπιν τα χαbέργια ;nothern
 68 ;nothern
χουράφ μbρουστά ου Νικόλας πρώτου διρπάν απου κουνdά οι άλλ καθένας;nothern
 ν αυλακιά τ ου bαλατζής ουρθός κι στουμ bάτου ου Λιόλιους μι τα χιρόβουλα στα;nothern
χέργια να τα στρών καταής ένα ένα κι να μαζών τς χιρές σι διμάτχια ;nothern
Σιγά σιγά η δλιά πιρπατούσιν η ώρα πιρνούσιν η ζέστα άναβιν κι ου ήλιους;nothern
ανέβινιν ψηλά κι σι βάρινιν στουν gούτ κα ;nothern
Ου Λιόλιους χίρσιν να δυσκουλεύιτι κι να μουρμουρίζ σά ν να μήν dουν άριζιν;nothern
κανdίπουτα να τουν αμbουδούν όλα Στάθκιν ουρθός κουνdά στα διρπάνια κι;nothern
 Όι πάρτι μνιά ανάσα δέ μbουρούμι να σας προυφτάσουμι Δέν ήρθαμι ιδώ να;nothern
θιρίσουμι όλου τουν gάμbου σι μνιά μέρα Τί φούργια σας τσάκουσιν κι πχιαλάτι;nothern
ιέτσ Αγάλια α γάλια Νάμιστι κουνdά ;nothern
Κάνα δγιό τρείς γέλασαν κρυφά άλλ τουν gοίταξαν λίγου άγρα καμόσ δέν;nothern
dουν έδουκαν χαbάρ Ου Μήκας ου τρανός τουν είπιν ;nothern
 Καλά ρα Λιόλιου σύρι στουν dόπου σ κι ιμείς τα πάμι σιγότιρα να μας;nothern
προυφταίν τς ;nothern
κάμ τουν ανήφουρου κατα ν Gόζιαν ;nothern
Πέρασιν η πρώτ μέρα μι του καλό Κατα του βράδ πήγαν πάλι στα τσιαΐργια ;nothern
ήφιριν κι τ αφινdικό του φαΐ κι έφαγαν καλά Ου Λιόλιους έφαγιν παραπάν απ ;nothern
όλνους κι τινdώθκιν στουν αέρα να ξιαπουστάσ ;nothern
Έβγαλιν ου Μήκας του τιφτέρ απ τουν dρουβά σάλιουσιν του μιλανίσιου του;nothern
μουλύβ κι έγραψιν του πρώτου μιρουκάματου στουν gαθένα μι τ όνουμα τ κι;nothern
είπι ν μαναχός τ ;nothern
Άιdι ρα Νάμιστι γιροί να τα φκιάσουμι απου πινήνdα ;nothern
Έφιξιν πάλι η μέρα κίν τσιν του bλιούκ σ άλλου χουράφ Ξανά πάλι ου;nothern
Νικόλας πρώτους οι άλλ ν ακλουθούν ου bαλατζής μι του ν Λιόλιου στουμ;nothern
bάτου ;nothern
 τουν dήρσαν ψίχα άγρα τουν dήρσαν ουλίγου άγρα ;nothern
Στο ηχητικό και το τυπωμένο σελ κι μουλόγισι ν μαναχός τ δές Γ 4 ;nothern
 69 ;nothern
Να σώνιτι του ιένα του χουράφ να πααίν ν στ άλλου κι κατα του μισ μέρ ;nothern
τουν άναψιν η κάψα του ν Λιόλιου Γινατχιάσ κιν λίγου κι έφυγιν πήγιν σι μνιά;nothern
gουρτσιά κι έκατσιν στουν ίσκιου ;nothern
Νάξιρα πούταν τέτχια ζέστα δέ χανα πατήσου ούτι στου σύνουρου ήλιγι ν ;nothern
μαναχός τ κι αφού δέν dουν απουκρίθκιν κάνας άναψιν ακόμα παραπάν Πάει;nothern
κουνdά στου bλιούκ μι τα διματ κά στα χέργια κι τς είπιν ;nothern
 Πάρτι κι τα διματ κά σας κι τουν gλιτσινίκου σας κι μ bρουκουπή σας Ιγώ;nothern
φεύγου τα γυρήσου σην Gόζιαν Δέν dα κάτσου να σκάσου αb τ ζέστα ;nothern
Σήκουσαν τα κουρμνιά τς όλ σταμάτσαν να θιρίζν κοίταξαν του ν Λιόλιου κι;nothern
χίρσαν να γιλούν Αυτός γινατχιάσ κιν ακόμα παραπάν πουλέμσιν καταής τα;nothern
διματ κά κι τουν gλιτσινίκου κι κίν τσιν για τα τσιαΐργια απούταν του κουνάκ Σάν;nothern
πχιό τρανός ου Μήκας καθώς έφιβγιν ου Λιόλιους τουν είπιν ;nothern
 Κοίταξι ρα Λιόλιου τώρα π τα πάς σιαπάν άμα σι ρουτήσν γιατί γύρσις;nothern
τόσου νουρίς να τς πείς οτι κάηκαν τα γιννήματα στ Λάρσα κι τα γυρήσν κι οι;nothern
άλλ ;nothern
Ιέμασιν ου Λιόλιους τα σιέα κι τα τσιόλια τ στου σακί τάδισιν ζαλίκ σημ bλάτ ;nothern
κι κίν τσιν τουν ανήφουρου για μ bατρίδα Ζέστα λάβρα πότι σταματούσιν σι;nothern
κάναν ίσκιου πότι κινούσιν τουμ bήριν κι η νύχτα όταν έφτασιν στου Dούρναβου ;nothern
Πέρασιν τ Μιλούνα κι κουνdά σην Τζιαρίτσιαν έκατσιν σ ένα ν νόχτου ;nothern
Του bήριν;nothern
ου ύπνους λίγου βιρέφκα;nothern
11;nothern
κάνα δγιό ώρις κι πρίν να φέξ κίν τσιν;nothern
για του Σαρανdάπουρου Κατα του μισ μέρ έφτασιν ζd Βίγλα σην gουρφή κι;nothern
 Γινατχιάσ κιν ψίχα Γινατχιάσ κιν ουλίγου ;nothern
Στο ηχητικό και το τυπωμένο σελ μουλουγούσι ν μαναχός τ δές Γ 4 ;nothern
Η σωστή σειρά Σταμάτσαν να θιρίζν όλ σήκουσαν τα κουρμνιά τς ;nothern
 τήρσαν ;nothern
 Σάν dρανύτιρους Ου Μήκας σάν dρανύτιρους ;nothern
 Τήρα τήρσι ;nothern
 να τς πείς απ κάηκαν τα γιννήματα δές Β 5 4 1 ;nothern
Στο τυπωμένο τα σέα κι τα τσιόλια στου σακί σελ ;nothern
Στο τυπωμένο στουν Τούρναβου σελ στουν Dούρναβου ;nothern
Στο τυπωμένο Τουν πήριν σελ Τουμ bήριν ;nothern
 ψίχα βιρέφκα ουλίγου βιρέφκα ;nothern
 για του Gλίgουβου ;nothern
 70 ;nothern
ξιφόρτουσιν του ζαλίκ Τουμ βάρισιν ου κρέχτους αέρας ιέκατσιν καμνιά ώρα σ ;nothern
έναν ίσκιου κι αγνάνdιβιν πότι κατα τ Λάρσα πότι κατα ν Gόζιαν ;nothern
Άμα ξιαπόστασιν λίγου σ κώθκιν πάλι να κινήσ κι τότι θυμήθκιν αυτά;nothern
πούλιγιν απου δώ πρίν κάνα δγιό μέρις όταν κατέβινιν μι μ bαρέα τ Σταμάτσιν;nothern
ιτότι γύρσιν μνιάφρα κατα τ Λάρσα σήκουσιν τα χέργια σιαπάν κι χίρσιν να;nothern
μουτζών κι να λέει ;nothern
Νά Βεράνg Θεσσαλία Φουτχιά κι λάβρα να σι κάψ Μας λύσσιαξις απου;nothern
νιρό κι απου ζέστα τόσις μέρις ;nothern
Γύρσιν ύστρα κατα ν Gόζιαν κι είπιν ;nothern
Ιδώ βρέ τήρατι αέρας κι δρουσιά πρασ νάδα κι ρέχα Να πααίν σημ ψ χή σ ;nothern
 5 Στουν gάμbου η παρέα θέρζιν κάθι μέρα ώσπου σι μνιά βδουμάδα τάσουσαν;nothern
όλα τα χουράφχια απ του χουργιό κι κίν τσαν να πααίν ν κουνdά στου ν Βόλου ;nothern
σ άλλου ένα χουργιό γιατι ήρθιν ένας νοικουκύρς κι παζάριψαν να θιρίσν κι ικεί ;nothern
Ήταν Σαββάτου βράδ άμα έφτασαν στου μέρους που συμφών τσαν για να;nothern
κινήσν ν Gυργιακή να θιρίζν αλλα απ του χουργιό τς έστειλαν χαbάρ να μή;nothern
δ λέψν ν Gυργιακή γιατι γιόρταζιν η ικκλησιά ;nothern
 Ν Gυργιακή τ χαραή όπους κάθουνdαν όξου απ του χουργιό πιτάθκιν ένας;nothern
απου μ bαρέα ου Λάζους κι τς είπιν ;nothern
 Όι κάθουμέστι κι απ κάθουμέστι δέμ bααίνουμι ώς του ν Βόλου Κουνdά είνι ;nothern
Να κάμουμι λίγου σιργιάν τ θάλασσα κι τα πλοία ;nothern
 Πααίνουμι είπαν όλ κι κίν τσαν ;nothern
 ξιαπόστασιν ψίχα ξιαπόστασιν ουλίγου ;nothern
 απτιδώ ;nothern
Στο τυπωμένο κατέβιναν μι ν παρέα σελ ;nothern
Πρέπει να διορθωθεί σε βιράνg Θισσαλία όπως και το βεράνg Μακεδονία ;nothern
Εδώ το σωστό είναι το ρήμα συμφουνώ συμφών τσαν να θιρίσν κι ικεί αμέσως;nothern
παρακάτω στου μέρους που συμφών τσαν ;nothern
 Να κάμουμι ψίχα σιργιάν Να κάμουμι ουλίγου σιργιάν ;nothern
 71 ;nothern
Σέφκαν πιρπατώνdας μέσα στου ν Βόλου πέρασαν τα πρώτα σπίτχια κι;nothern
έφτασαν σν άκρα π τ θάλασσα πούταν διμένα τα καΐκια μι χουνdρά φουρτώματα;nothern
κι τριχιές ;nothern
όλους ου κόσμους σάν dου μιλίσσ ν ανιβαίν κι να κατιβαίν πιρπατώνdας στα;nothern
σάλια που η μνιά άκρα ακουμbούσιν στου καΐκ κι η άλλη ν στη γής ;nothern
Στάθκαν όλ η παρέα κι αγνάνdιβαν κι ν ώρα ικείνην φάνgιν ένα καΐκ νάρχιτι;nothern
σιγά σιγά κουνdά τς Έριξιν ου καπιτάνους μνιά χουνdρή τριχιά απου μέσα όξου ;nothern
 μ bήριν ένας μι του χέρ κι ν έπχιασιν σ ένα γάντζου Τουμ βόητσαν κι οι άλλ ;nothern
έδισαν του καΐκ ώσπου ακούμ πσιν σν άκρα κι σταμάτσιν ;nothern
Ύστρα απ ουλίγου;nothern
βγήκιν ου καπιτάνους όξου πάτσιν στην γής τς;nothern
καλημέρσιν κι ικεί απ στέκουνdαν μαζουμέν τς ρώτσιν ;nothern
 Πατριώτες άν δέν έχετε δουλειά μπορείτε να ξεφορτώστε το καΐκι μου ;nothern
Τήρσιν ου ένας τουν άλλουν γιατι τς ήρθιν λίγου αναπάνdιχου κι ου Μήκας;nothern
ρώτσιν τουν gαπιτάνου ;nothern
 Σέφκαν τς πουδαργιάς στου ν Βόλου ;nothern
Σε πιό στρωτό κοζανίτικο λόγο η φράση θα μπορούσε να διορθωθεί σε πούταν διμένα τα;nothern
καΐκια μι φουρτώματα χουνdρά κι λιανά φόρτουμα λέγεται το χοντρό;nothern
σκοινί που στην ΚΝΕ λέγεται τριχιά ενώ εφόσον εδώ έχουμε να κάνουμε με πλεούμενα ;nothern
με το χουνdρά φουρτώματα προφανώς ο Κουζιάκης εννοεί τα καραβόσκοινα ή κάβους ή;nothern
παλαμάρια καθώς το καραβόσκοινο είναι πιό χοντρό απο την τριχιά Η αντιστοιχία του;nothern
κοζανίτικου φόρτουμα με το ΚΝΕ τριχιά επιβεβαιώνεται απο τον ίδιο τον Κουζιάκη αφού;nothern
δυό παραγράφους παρακάτω για να δηλώσει το καραβόσκοινο χρησιμοποιεί το χουνdρή;nothern
τριχιά αντί για χουνdρό φόρτουμα ;nothern
Εδώ το σωστό είναι το ρήμα πατώ πατχιούνdας στα σάλια ;nothern
 φάνgιν ένα καΐκ να τς κουνdουζ γών ;nothern
 Έριξιν ου καπιτάνους ένα χουνdρό φόρτουμα απου μέσα του;nothern
γραπάτσουσιν ένας κι του τσάκουσιν ζ γένα γάντζου ;nothern
Στο τυπωμένο απού λίγου σελ 4 Στο ηχητικό απουλίγου ;nothern
Στην τυπωμένη πρόταση ο μόνος τύπος που αφήνει να φανεί το κοζανίτικο υπόβαθρο του;nothern
αφηγητή είναι το να ξεφορτώστε αντί να ξεφορτώσετε αλλα κατα την ανάγνωση ο;nothern
Κουζιάκης αφέθηκε τελείως στην κοζανίτικη προφορά του Πατριώτις άν δέν έχτι δλιά ;nothern
μbουρείτι να ξιφουρτώστι του καΐκι μ ;nothern
 ψίχα αναπάνdιχου ουλίγου αναπάνdιχου ;nothern
 Έχω φορτωμένες περίπου εκατό bόμbες γεμάτες κρασί Άλλες με τριακόσιες ;nothern
άλλες με δγιακόσιες οκάδες η μία και λίγες μικρές κατοστάρες Θα τις βγάλετε;nothern
κυλώνdας στη στεργιά και θα τις φορτώσετε στους αραbάδες Πείτε μου πόσα;nothern
τάλιρα θέλετε για τον gόπο σας ;nothern
 Τί παράδις κι χαbάργια μας λές τώρα καπιτάνι τουν είπιν ου Μήκας Τα;nothern
ξιφορτώσουμι τζ bόμbις κι δέ θέλουμι μιρουκάματου Τα κάμουμι συμφουνία μι;nothern
κρασί όσου πχιούμι ;nothern
Σιάσ τσιν ου καπιτάνους τς κοίταξιν όλνους;nothern
έναν έναν ήταν καμνιά;nothern
εικουσαρά γέλασιν λίγου κι τς είπιν ;nothern
 Άιdε ρε παλικάργια bέσα για bέσα Όπως τα λέτε ε σείς Εbρός ξεκινήστε κι;nothern
εγώ κρατώ το ν λόγο μου ;nothern
Ιέβαλαν μbρός χίρσαν να gουρgυλούν τζ bόμbις απ του καΐκ πρους τα όξου;nothern
κι να τς φουρτών ν στα κάρα Τα κάρα πάιναν ικεί κουνdά σι μνιά α πουθήκ ;nothern
ξιφόρτουναν κι γυρνούσαν πάλι Σι κάνα δγιό ώρις κόνdιψαν να σουθούν οι bόμbις;nothern
κι είπιν ου Μήκας τουν gαπιτάνου ;nothern
 Κράτα μνιά κατουστάρα καπιτάνι τώρα απ σώνουμι κι νάνι απ του καλό Να;nothern
κάτσουμι στου καΐκ μι τουν αέρα κι να του πάρουμι δγιάφουρουν ;nothern
 Καλά ρε λεβένdες θα κρατήσω αυτήν εδώ να καθήσουμε στη gουβέρτα να;nothern
πχιούμε κάνα δγιό ποτηράκια παρέα κι εγώ μαζί σας κι τς έδειξιν μνιά bόμbα ώς;nothern
ικατόν είκουσ ουκάδις γιουμάτ κι σφραγισμέν Αλλα πάλι δέν dουν ήρθιν καλά κι;nothern
ρουτήθκιν μαναχός τ Πόσο κρασί πίνουν αυτοί και θέλουν να κρατήσω μία bόμbα ;nothern
Φόρτουσαν κι τς άλλιζ τζ bόμbις στα κάρα βάρισαν οι αραbατζήδις τ άλουγα κι;nothern
έφυγαν Μαζώθκιν όλ η παρέα ανέφκαν στου καΐκ ιέκατσαν σταυρουπόδ στου;nothern
πάτουμα κι ου καπιτάνους έβγαλιν καμόσις κούπις κι κατουστάργια απου μέσα Τα;nothern
πήραν όλ στα χέργια τένdουσαν d bόμbα ν έβαλαν κι ένα στριφτάρ κι χίρσαν;nothern
 δέ θέλουμι παράδις για το παράδις δές Β 5 4 ;nothern
 τς τήρσιν όλνους παραπάνω Τήρσιν ου ένας τουν άλλουν ;nothern
 γέλασιν ψίχα γέλασιν ουλίγου ;nothern
 χίρσαν να gουρgυλούν τζ bόμbις όξου απ του καΐκ ;nothern
Στο ηχητικό απ τα σώσουμι κι νάνι π του καλό ;nothern
 5 ;nothern
 ένας ένας να γιουμώζν τς κούπις κι να λέν Σ υγείαν καπιτάνι να πίν κι ου;nothern
καπιτάνους κι ν απανdάει Γιά σας παιδγιά ;nothern
Χίρσαν τα κάχα bάχα γιόμουζαν τς κούπις αράδα γιλούσαν κι έναν gιρό ου;nothern
καπιτάνους γλέπουνdας d bόμbα ν αδγιάζ τς είπιν ;nothern
 Πολύ κρασί πίνετε βρέ ασίκηδες Πώς τα καταφέρνετε και το κάνετε κουμάdο ;nothern
Μόλις άκσιν ου Λάζους πιτάθκιν κι τουν είπιν ;nothern
 Άιdι ρα καπιτάνι ιμείς σην Gόζιαν είμιστι οι δεύτιαρ Πού να σι στείλουμι κι;nothern
Σώθκιν του κρασί άδγιασιν η bόμbα κι ένας ένας κατέφκαν απ του καΐκ ;nothern
πάτσαν στη γής κι αφού χιρέτσαν τουν gαπιτάνου κίν τσαν για του κουνάκ ;nothern
πειράζουνdας ου ένας τουν άλλου ν στου ν δρόμου βαΐζουνdας πότι ι δώ κι πότι;nothern
 ι κεί ;nothern
Στάθκιν ου καπιτάνους ουρθός σην gουρφή απ του καΐκ κι είπι ν μαναχός6;nothern
τ Τί άνθρωποι είν αυτοί Πού το βάλανε τόσο κρασί Δέν ξαναείδα στη ζωή μου;nothern
τέτχιο πράμα ;nothern
 6 Έσουσιν σι μνιά βδουμάδα η παρέα στου ν Βόλου πήγαν στου Κιλιλέρ για;nothern
καμνιά βδουμάδα κι ικεί κι ύστρα ανέφκαν κατα ν Αλασσώνα Θέρσαν κι κάναδγιό μέρις στ Χατζηγώγ του χάν κι άμα έσουσαν κίν τσαν για ν Gόζιαν να;nothern
προυφτάσν να θιρίσν κι τα θκά τς όσ είχαν ;nothern
Σταμάτσαν λίγου ζd Βίγλα να ξιαπουστάσν έβγαλιν ου Μήκας του τιφτέρ ;nothern
πούχιν γραμμένα τα μιρουκάματα έκαμιν του ν λουγαργιασμό μοίρασιν τς;nothern
παράδις στουν gαθένα αγνάνdιψαν ακόμα μνιάφρα τουν gάμbου κι κίν τσαν για τα;nothern
σπίτχια τς ;nothern
Στο ηχητικό χίρσαν ένας ένας να γιουμώζ τς κούπις κι να λέει ;nothern
 ν απουκρένιτι ;nothern
 Άμα τ άκσιν ου Λάζους ;nothern
Το βαΐζου σημαίνει γέρνω οπότε εδώ μάλλον εννοεί πααίνουνdας πότι ι δώ κι πότι ι κεί ;nothern
Στο τυπωμένο ου καπιτάνιους σελ 5 δές Β 5 1 ;nothern
Στο ηχητικό και το τυπωμένο σελ 5 κι μουλόγισι ν μαναχός τ δές Γ 4 ;nothern
 Σταμάτσαν ψίχα Σταμάτσαν ουλίγου ;nothern
 74 ;nothern
Του βράδ ίσια μι ν ώρα σέφκαν σην Gόζιαν Σκρόπσιν η παρέα κι τράβηξιν;nothern
ου καθένας για του σπίτι τ Τς καλουσώρσαν οι σπιτχιακοί χάρκαν τοίμασαν οι;nothern
λουγαργιάζν πού κι πώς τα δώσν τς παράδις να ξιπέσ λίγου του χειμουνιάτ κου;nothern
του χρέους ;nothern
 7 Ου Λάζους ήταν ου μκρότιρους απ όλ μ bαρέα αλλα ήταν πουλύ;nothern
δουλιφτάρς κι τουν αγαπούσαν;nothern
όλ οι τρανύτιαρ Ήταν ανύπανdρους κι;nothern
κάθουνdαν μι τ μάνα τ τ Βιτόργια στ Σκΐρκα Τ αδέρφχια τ κι οι αδιρφές τ είχαν;nothern
πανdριφτεί κι καθένας πήγιν στου σπίτι τ κι αυτός έκατσιν στου πατρικό μι τ ;nothern
μάνα τ ;nothern
Σάν έφιξιν μι του καλό η μέρα σ κώθκιν ου Λάζους τιργιάσ κιν κι φώναξιν τ ;nothern
μάνα τ ;nothern
Στο ηχητικό και το τυπωμένο σελ 6 για του νοικουκυργιό τ δές Γ 4 Ο τύπος;nothern
νοικουκυργιό εδώ είναι άστοχος καθώς σε άλλα κείμενα χρησιμοποιεί το νοικουκυργιό για;nothern
τη σημασία πράγματα του σπιτιού 1 5 6 ενώ με αυτόν τον τύπο δημιουργείται;nothern
αντίφαση με την προηγούμενη παράγραφο οπου χρησιμοποιεί τον σωστό τύπο σπίτ για;nothern
την ίδια σημασία κίν τσαν για τα σπίτχια τς ;nothern
Στο τυπωμένο να ξιπέσ ν σελ 6 ;nothern
 να ξιπέσ ψίχα να ξιπέσ ουλίγου ;nothern
Στο ηχητικό κι ου καθένας πήγιν σπίτι τ δές και Β 5 4 4 ;nothern
Εδώ σωστό είναι είτε το ρήμα ξιαπουμένου απομένω είτε το ρήμα κάθουμι στον;nothern
παρατατικό όπως αμέσως παραπάνω κάθουνdαν μι τ μάνα τ τ Βιτόργια στ ;nothern
Σκΐρκα οπου έχει τη σημασία κατοικώ αλλα οπωσδήποτε όχι το κάθουμι στον αόριστο ;nothern
οπου έχει τη σημασία εγκαθίσταμαι καθώς έτσι υπονοείται οτι είχε φύγει απο το;nothern
πατρικό κάτι που δέν επιβεβαιώνεται απο αλλού Τ αδέρφχια τ κι οι αδιρφές τ είχαν;nothern
πανdριφτεί κι καθένας πήγιν στου σπίτι τ κι αυτός ξιαπόμνιν κάθουνdαν στου πατρικό μι;nothern
τ μάνα τ ;nothern
 ετοιμάστηκε για έξω δές και 5 ;nothern
 είπιν έκραξιν τ μάνα τ ;nothern
 75 ;nothern
 Μάλη φέρι καμόσα σακιά να κατιβώ στου παζάρ στου Μισκιάθκου ν ;nothern
Έβγαλιν καμόσα σακιά η Βιτόργια απ του κιλάρ τάδουκιν του ν Λάζου τουν;nothern
ιφχήθκιν καλά παζάργια τάβαλιν ου Λάζους σν αμbασκάλ κι κίν τσιν ;nothern
Ανdαμώθκιν μι μ bαρέα τ νέοι όλ είπαν τα θκά τς κι έκατσαν στ κυρ Γιώρ τ ;nothern
dαβέρνα να κιραστούν κι να πούν του καλουσώρσις ;nothern
 Βάλι μνιά κιρασιά κυρ Γιώρ είπιν ου Λάζους ;nothern
 Βάλι κι μνιάν απτιμένα είπιν ου Νάννους ;nothern
Μαζώθκαν καμνιά δικαρά Βάλι ου ένας Βάλι ου άλλους ήρθαν στου;nothern
κέφ χίρσαν να τραγδούν Σ κώθκιν ου Νάννους κι τς λέει ;nothern
 Κάτσιτι αυτού ώσπου να γυρήσου ;nothern
Ύστρα απ ουλίγου φτάν ου Νάννους μι τ άργανα χιρνούν κι αυτοί να παίζν;nothern
κι γένιτι ένα γλένd άλλου πράγμα Ου κυρ Γιώρς δέμ bρόφτινιν να γιμώζ τς;nothern
κούπις τ άργανα να παίζν πότι του ν σκρόπχιου πότι bιράτ κι η παρέα να;nothern
χουρέβ Τέτχιου γλένd αb γίνgιν ταράθκιν του Μισκιάθκου ;nothern
Κατα του σούρουπου λέει ου Λάζους τ άργανα κι μ bαρέα ;nothern
 Άιdι τώρα να πάμι όλ ανdάμα σπίτι μ ν ακούσ κι η μάνα μ τ άργανα να;nothern
χαρεί κι αυτήν λίγου ;nothern
Κίν τσαν τ άργανα να παίζν κι αυτοί να χουρέβν Έφτασαν σην Τζιάμbρα ικεί;nothern
απούταν του σπίτ τ Λάζ κατέφκιν τ σκάλα η Βιτόργια τς κέρασιν κρασί μι ν;nothern
gανάτα βάρισαν τ άργανα ένα συρτό χόριψιν κι αυτή ν μbρουστά ώσπου;nothern
νύχτουσιν κι έτσ σκρόπσιν του γλένd ;nothern
Ανέφκιν τ σκάλα για του σπίτ η Βιτόργια μι τουν γιό τς έκατσαν μέσα κι πώς;nothern
έκαμιν ου Λάζους κι κουταλέφκιν δέ βρήκιν στου ν τζέπ ούτι μνιά δικάρα Έχασιν;nothern
Εδώ ταιριάζει περισσότερο όχι ο αόριστος σ κώθκιν αλλα ο ιστορικός ενεστώτας σ κώνιτι ;nothern
 π χ παρακάτω τους ιστορικούς ενεστώτες λέει φτάν χιρνούν ;nothern
 Κάτσ τι ;nothern
Στο τυπωμένο απού λίγου σελ 7 Στο ηχητικό απουλίγου ;nothern
 ανdάμα στου σπίτι μ δές Β 5 4 4 ;nothern
 κι αυτήν ψίχα κι αυτήν ουλίγου ;nothern
Στο τυπωμένο ικεί απ ήταν του σπίτ τ Λάζ σελ 7 ;nothern
 76 ;nothern
κι τα σακιά στου ν δρόμου κι ούτι στιάρ αγόρασιν ούτι κανdίπουτα Τουν;nothern
τζάκουσιν λίγου συλλουή κι η Βιτόργια τουν ρώτσιν ;nothern
 Τί τρέχ bρέ ;nothern
 Γιρός νάσι bρέ πιδί μ τα δλέψ κι τα βγάλτς άλλις Χαλάλ του γλένd αb ;nothern
γίνgιν ;nothern
 8 Ιέφιξιν η άλλ η μέρα ξύπνησιν πρώτα η Βιτόργια κι ακούει όξου στου ν ;nothern
δρόμου ένα σαλαβάτ μνιά φασαρία μνιά ανακατουσιά ήταν πουλλοί γειτόν σην;nothern
Τζιάμbρα κι άλλ καμόσ απου παρέκια κι ουμιλούσαν κι κνούσαν τα χέργια ;nothern
Αφκράσ κιν η Βιτόργια αλλα δέ μbουρούσιν να καταλάβ τί ήλιγαν ;nothern
Πάει στουν άλλουν του ν νουdά απ κοιμούνdαν ου Λάζους τουν ξυπνάει κι;nothern
 Σήκου bρέ κι τράβα κατέβα σην Τζιάμbρα είνι πουλλοί μαζουμέν κι λαβίζν ;nothern
Δέ μbουρώ να καταλάβου τί λέν ;nothern
Σ μαζώθκιν ου Λάζους άνξιν μ bόρτα να κατιβεί απ του σπίτ στου ν δρόμου;nothern
 Τί τρέχ αρα κι λαβίζ τι Κάνας πόλιμους γίνgιν ;nothern
Μόλις τουν είδαν μ ένα στόμα είπαν όλ ;nothern
 Κατέβα ρα Λάζου να μάθς τα μανdάτα να ιδείς τί κακό μας βρήκιν απου;nothern
σήμιρα αχρηστέφκιν του χρήμα Πάν οι παράδις Πάει ου κόπους μας απ του ν ;nothern
θέρου Μούνgι ι σύ ρα Λάζου τς πήρις δγιάφουρουν τς γλέν τσις Χαλάλ να σι;nothern
 Τουν τζάκουσιν ψίχα συλλουή Τουν τζάκουσιν ουλίγου συλλουή ;nothern
Στο τυπωμένο κι λαβίζ τι έτσ σελ 7 ;nothern
 Άμα τουν είδαν ;nothern
 να μάθς τα χαbέργια ;nothern
Το κείμενο είναι διαθέσιμο στις 9 8 του βιβλίου και ηχογραφημένο στη διεύθυνση;nothern
http www skrka gr ou_therous html ;nothern
 77 ;nothern
 Ου τρύγους;nothern
 1 Ιήρθιν ου Αύγουστους σώθκαν κι τ αλώνια ιέμασιν ου κόσμους τα;nothern
γιννήματα τάβαλιν στ αμbάργια του στιάρ για του ψουμί τς χρουνιάς του κθάρ ;nothern
ταή για τα ζουνdανά οι αχιρώνις γιουμάτις μ άχιρα κι άμα τσάκσιν λίγου η ζέστα ;nothern
χίρσαν στ αμbέλια να παρδαλίζν τα σταφύλια ;nothern
Οι dραγαταίοι ταίργιασαν τς καλύβις κι τς φλάχτρις στα ψηλότιρα τα δένdρα να;nothern
μbουρούν να γλέπν όσου μακρύτιρα γένιτι ;nothern
Ανάργια τα κούτσουρα μ ασπρούσ κις μέσ στ αμbέλια να μήν dα σ μαδέβ ;nothern
εύκουλα ου κλέφτς Γιάλτσαν απου νουρίς κι γλύκαναν Οι νοικουκυραίοι μάζουναν;nothern
απου κάνα δγιό στου μανdήλ τα πάιναν σπίτ να δουκιμάσν όλ τα πρώιμα κι;nothern
ου τρανύτιρους ου πάππους να πεί ;nothern
 Άιdι κι τ χρόν κι καλόν dρύγουν Να κρατήστι κάνα δγιό για ν Άη Σουτήρα ;nothern
να τα πάμι σν ικκλησιά Πέ τουν αυτόν του ρουφχιάνου του ν dραγάτ νάχ του;nothern
νού τ φέτου να μή λείψ ούτι ένα σπυρί ;nothern
Ιέστειλιν χαbάρ ου Νάτσιους μι τουν γιό τ του ν Dίνα στου ν θκό τς του ν ;nothern
dραγάτ απ φύλαγιν τ αμbέλια τς Σκΐρκας κι είχιν τ φλάχτρα φκιασμέν μι;nothern
βριζαμιά στου Σιόπουτου ουπάν στου καραγάτσ κουνdά στου νιρό Ου Τζήκας;nothern
ήταν ου dραγάτς χρόνια τώρα ήξιριν όλα τα κτήματα κι τουν gαθένα α π τούχιν ;nothern
Ήταν ψίχα αρπαχτιάης του χέρ τούχιν μακρύτιρου απ ότ χράζουνdαν κι απ ;nothern
του σπίτ όλουν dουν gιρό δέν έλειπιν κανdίπουτα Όλα τάχιν απ τα κιράσια π ;nothern
χιρνούσαν του ν Μάη ώς τα σταφύλια στουν dρύγου Ήταν όλα θκά τ κι ας μήν;nothern
 τσάκσιν ψίχα η ζέστα τσάκσιν ουλίγου η ζέστα ;nothern
Στο ηχητικό μέσα στ αμbέλια ;nothern
 τα πάιναν στου σπίτ δές Β 5 4 4 ;nothern
Στο ηχητικό και το τυπωμένο σελ 4 να μουλουγήσ δές Γ 4 ;nothern
 να τα παϊαίνουμι ;nothern
Στο ηχητικό είχιν τ φλάχτρα φτχιαγμέν δές Β 5 ;nothern
Στο ηχητικό αρπαχτχιάης δές Β 5 ;nothern
 78 ;nothern
είχιν στ αμbέλι τ ούτι κιρασιά ούτι κάνα άλλου δένdρου κι όλα τα κούτσουρα ήταν;nothern
ξινόμαυρα σταφύλια αb δέν dρώουνdαν ;nothern
Τάξιραν οι νοικουκυραίοι αυτά αλλα δέ μbουρούσαν να πούν κι τίπουτα γιατι;nothern
ήταν καλόζ dραγάτς Φύλαγιν μέρα νύχτα ζημνιές δέ γένουνdαν τα κουπάδγια μι;nothern
τα πρόβατα δέ ζύγουναν κουνdά στα κτήματα κι όλ οι μκροί απ τ Σκΐρκα είχαν;nothern
πάρ φρίξ Δέν gουτούσιν κάνας να κλέψ ούτι τζέρτζιλου τς ψουφούσιν απου;nothern
δαρμόν μι d βέργα ου Τζήκας ;nothern
 Ζύγουναν οι μέρις για τουν dρύγου οι νοικουκυραίοι τοίμαζαν τα πράγματα ;nothern
Ιέβγαναν πρώτα τα βαϊένια απ τα bουdρούμνια κι τα γιόμουζαν νιρό για να;nothern
φουσκώσν καλά Κατέβαζαν τα γαλίκια κι τα καλάθχια αb τζ γρινdιές τάριχναν κι;nothern
Κατέβαζαν τα πράματα άλουγα μbλάργια κι γουμάργια στουν αλbάν να τα;nothern
καλιγώσν Πιρνούσαν κι απ του σαμαρά να σ μάσν τα σαμάργια κι ου τρανός ου;nothern
πάππους έστειλιν χαbάρ σ όλου του σόι ;nothern
 Να ρθείτι να βουηθήστι στουν dρύγου όσ μbουρείτι να σ μάσουμι όλα τα;nothern
σταφύλια σι μνιά μέρα Ου κιρός του χινόπουρου είνι φόβγιους μήν τζακώσν;nothern
τίπουτα βρουχές κι μας απουμείν ν στ αμbέλ Κι άμα κάθουνdαν στου ν ;nothern
νουβουρό κι ήγλιπιν όλ ν ανακατουσιά ήλιγι ν μαναχός τ Θέρους τρύγους ;nothern
πόλιμους όλ στου πουδάρ ;nothern
Ιέβγαλαν κιτάπ στου Δημαρχείου Καμόσ γραμματζμέν στέκουνdαν κι του;nothern
δγιάβαζαν κι σάν gινούσαν για φύβγα οι αγράμματ στέκουνdαν παραπίσου κι;nothern
 Τί γράφ αρα του χαρτί Τί γίνgιν ;nothern
Κι οι γραμματζμέν απουκρένουνdαν ;nothern
Στο ηχητικό κι ας μήν είχιν στ αμbέλ ;nothern
Στο ηχητικό λίγου νιρό ;nothern
Στο ηχητικό και το τυπωμένο σελ 4 μουλουγούσι ν μαναχός τ δές Γ 4 ;nothern
 79 ;nothern
 Στα Κουινιάρκα χιρνάει τζ δέκα απ του μήνα κι στ Σκΐρκα τς ένdικα ;nothern
απουκρίθκιν ου άλλους απου μbρουστότιρα ;nothern
Κίν τσιν ου Νάτσιους αφού ιέμαθιν πότι τα τρυγήσν κούν τσιν κι τα;nothern
πουδάργια να βγιαστεί του γουμάρ κι πάει στου σπίτι τ όλους έγνια ;nothern
 Άιdι ήρθαν οι μέρις ;nothern
Ιένdικα α π του μήνα ιέπιφτιν Κυργιακή κι απ του Σαββάτου οι Σκαρκιώτ ;nothern
κατέφκαν στου παζάρ ν αγουράσν;nothern
ότ χράζουνdαν για φαΐ στουν dρύγου ;nothern
Πέρασαν πρώτα α π τα χασαπλιά αγόρασαν λίγου κρέας;nothern
ψαχνό Ύστρα;nothern
παρακάτ στου Μισκιάθκου πήραν σπανάκια για μ bίτα κι κάνα δγιό πλέχτρις;nothern
νιρουκρόμδα Τάβαλαν κι αυτά στουν dρουβά κι έκαμαν σιαπάν κατα τα bακάλ κα ;nothern
Ικεί πήραν κάνα δγιό κουμμάτχια bάτζιουν για του καφαλτΐ Στου bακάλ κου τς;nothern
καρτιρούσαν οι μκροί πήραν τς τρουβάδις κι τουν gουσιό πάν σπίτ Αυτοί;nothern
ιέκατσαν για καμνιά κούπα να ξιαπουστάσν ;nothern
νοικουκυρά απουχειρήθκιν μι τη δλιά τς Στούμπσαν πρώτα του κρέας μι του;nothern
στουν dρίφτ κι τάβαλαν σημ bαρσχιά για τσιγάρσμα Κουσκίν τσαν τ αλεύρ για μ;nothern
bίτα Iέκουψαν κι έπλυναν τα σπανάκια ;nothern
Iέβαλαν του ν bάτζιου στου τρανό του πνάκ κουκούλουσαν στου ν σουφρά;nothern
κι κάνα δγιό πλαστά ψουμί νάνι έτοιμου απουβραδίς γιατι χανα κινήσν;nothern
όλ ;nothern
καμνιά ώρα νύχτα ;nothern
Δέν ξέρ κάνας απου πότι είνι του έθιμου κάθι τρύγουν όλις οι νοικουκυρές να;nothern
φκιάν ν του ίδγιου φαΐ κιφτέδις μι κρουμμύδ στουν dαβά πίτα μι σπανάκια κι για;nothern
καφαλτΐ στ αμbέλ bάτζιουν ;nothern
Στο ηχητικό να βϊαστεί του γουμάρ κι πάει στου σπίτ όλους έγνια ;nothern
 πήραν ψίχα κράς πήραν ουλίγου κράς ;nothern
 παϊαίν ν στου σπίτ δές Β 5 4 4 ;nothern
 φκιάν ν του ίδγιου του φαΐ τα λιανά τα σιέα η Σκΐρκα;nothern
μι τα στινά τα σουκάκια 5 του καλό του πιδί 5 5 ;nothern
 80 ;nothern
 Κάνα δγιό ώρις προυτού φέξ η μέρα σ κώθκιν ου Νάτσιους Xίρσιν ν ;nothern
ανακατών στου ν νουβουρό γαλίκια κι καλάθχια να τα βάν σν αράδα κι ώσπου;nothern
να γυρστεί ιέφτασιν όξου ου κιρατζής ου Μίσιους μι δγιό άλουγα κι τρία μbλάργια ;nothern
καν ταργιασμένα του ένα πίσου απ τ άλλου ;nothern
Σ κώθκιν κι ου γιός τ ου Dίνας ξύπνησαν οι μκρότιαρ τ αμψίδγια τ Νάτσ ;nothern
ήρθαν κι άλλ απ του σόι φόρτουσαν τα γαλίκια κι τα καλάθχια στα πράματα κι τα;nothern
λιανά τα σιέα στου γουμάρ κι κίν τσαν όλ η παρέα για τ αμbέλ απούταν στ ;nothern
Γαλαζγιόπιτρα κουνdά στου Σιόπουτου ;nothern
τρουβάδις ζd gουρτσιά πούταν στου νόχτου ου Μίσιους έδισιν τα πράματα σ ένα;nothern
bαΐρ να βουσκήσν πήραν όλ τα καλάθχια κι απόνα μαχαίρ στα χέργια κι ου;nothern
Dίνας σήκουσιν του γιαλί μι τ ρακή κι είπιν ;nothern
 Άιdι bιρικέτχια Καλή χρουνιά κι τ χρόν μ υγεία ;nothern
Αραδγιάσ καν ου καθένας στ αυλάκι τ κι χίρσαν να τρυγούν κι ου Νάτσιους;nothern
πήριν του θκό τ του καλάθ κι χίρσιν να σιργιανάει σ όλου τ αμbέλ να δγιαλέξ ;nothern
σταφύλια πούταν για φαΐ Μπατίκια σαλουν κιά κρουστάλια;nothern
κι χώργια τα;nothern
κουρίθχια απ τάφκιαναν φούνdις κι τα κριμνούσαν στ μισχιά αυτά κρατούσαν;nothern
πουλύ κι τάχαν για του ν χειμώνα ;nothern
Ύστρα απου κάνα δγιό ώρις γιόμουσαν τα γαλίκια Πάει ου Μίσιους ήφιριν τα;nothern
πράματα κουνdά κι φόρτουσαν μ bρώτ τ στράτα πένdι φουρτχιά Τσάκουσιν απ ;nothern
του καπίστρ τ φουράδα μ ψαρήθκ απόβανιν πρώτ καν τάργιασιν κι τ άλλα;nothern
 α που πίσου πήριν ου κιρατζής ου Μίσιους του καμτσίκ στ άλλου του χέρ κι;nothern
κίν τσιν για του σπίτ ;nothern
Στο τυπωμένο απού ένα μαχαίρ σελ 44 ;nothern
Στο ηχητικό Αραδγιάσ κιν ου καθένας στ αυλάκι τ ;nothern
Στο τυπωμένο κρυστάλια σελ 44 Φαίνεται οτι ο Κουζιάκης έγραψε το κοζανίτικο;nothern
κρουστάλια ώς κρυστάλια επηρεασμένος απο το ΚΝΕ κρύσταλλο δές Β 5 1 ;nothern
Στο ηχητικό απ τα φκιάν ν φούνdις κι τα κριμνούσαν στ μισχιά ;nothern
Στο ηχητικό για του χ μώνα Βέβαια τόσο γενικότερα όσο και στο;nothern
ιδιόλεκτο του Κουζιάκη φαίνεται οτι ο κανονικός είναι ο τύπος του τυπωμένου καθώς κι ο;nothern
Κουζιάκης κατα κανόνα προφέρει χειμώνας 5 1 1 1 7 ;nothern
 πήριν ου κιρατζής ου Μίσιους του gουρbάτσ ;nothern
 81 ;nothern
Ικεί οι γυναίκις τάχαν όλα έτοιμα η Ματιώ η γυναίκα τ Νάτσ έπλασιν μ bίτα ;nothern
 ν έβαλιν στου σ νί ταίργιασιν του φαΐ μι τς κιφτέδις μι του κρουμμύδ κι τόβαλιν;nothern
στουν dαβά η Βασιλ κούλα τ Dίνα η γυναίκα η νύφ όξου στου ν νουβουρό;nothern
έσ τσιν τα βαένια για τα τσίπουρα ουρθά βάρισιν κι έστριψιν τα κουφουτίλια ;nothern
ιέβαλιν ν gαρούτα κουνdά d βόητσαν κι κάνα δγιό τρείς γειτόν τσις ;nothern
Άμα έσουσαν ιέκατσαν;nothern
όλις στου μινdιρλίκ πούταν στου χαϊάτ κουνdά;nothern
στουν αργαλιό να πχιούν τουν gαφέ κι να πάρν μνιά α νάσα ;nothern
Ου πάππους ου Κουστανdής ήφιριν φούρλα του ν νουβουρό τάιδιν;nothern
όλα;nothern
σουστά ιέκατσιν κι αυτός κουνdά τζ γυναίκις κι λέει ;nothern
 Άιdι μάρ Βασιλ κούλα τάφκιασις όλα σουστά κι καλά χαλάλ να σι γέν ;nothern
Κατέβα τώρα στου κατώι βγάλι μνιά κανάτα κρασί να κιράσουμι τουν gιρατζή απ ;nothern
τα φέρ τα σταφύλια να πχιώ κι ιγώ καμνιά ρουφσιά να ξιαρχάνου ;nothern
 4 Ου Μίσιους μι τα πράματα φουρτουμένα τα γαλίκια μι τα σταφύλια ζύγουνιν;nothern
σην Τζιάμbρα κι ικεί στ Κύρ τ Αλών στουμ bλάτανου στέκουνdαν καμνιά δικαρά;nothern
μκροί Βγήκαν μbρουστά οι μκροί κι τουν είπαν ;nothern
 bάρbα δόμας κάνα σταφύλ κι ου Μίσιους τς απάν τσιν ;nothern
 Χόριψέτι τουν dραχήλ κι δέ σταμάτσιν ;nothern
Άμα ιείδαν οι μκροί οτι δέ σταματάει ου κιρατζής άφκαν κι πέρασαν όλα τα;nothern
πράματα κι σούν τσαν στου πάτου του μbλάρ ν αρπάξν ότ προυφτάσν Τζ;nothern
6 w;nothern
γλέπ ου Μίσιους γυρνάει πίσου κι τς χιρνάει μι του καμτσίκ όπ τς έπιρνιν ;nothern
Κι κάμν οι μκροί στα Κλαδγιά ξιαπόστασαν μι μνιά ανάσα κι άμα σταμάτσαν;nothern
λέει ένας ;nothern
Στο ηχητικό και το τυπωμένο σελ 44 ταίργιασιν του φαΐ μι τς κιφτέδις στου;nothern
κρουμμύδ δές Γ 4 1 παραπάνω Κιφτέδις μι κρουμμύδ ;nothern
Στο τυπωμένο τά δειν σελ 45 δές Β 5 1 ;nothern
 τς απουκρίθκιν ;nothern
 είδαν οι μκροί αb δέ σταματάει ου κιρατζής δές Β 5 4 1 ;nothern
Στο τυπωμένο στου πάτου στου μπλάρ σελ 45 ;nothern
 γυρνάει ουπίσου κι τς χιρνάει μι του gουρbάτσ ;nothern
Στο τυπωμένο μι μιαν ανάσα σελ 45 μνιά ν αμψιά τς 5 ;nothern
 Όι Τί άγρουζ bάρbας είν αυτός Ούτι σπυρί δέ μας άφκιν να πάρουμι ;nothern
στου ν νουβουρό βόητσαν του Μίσιου κι ξιφόρτουσαν τα γαλίκια μι τα σταφύλια ;nothern
Ιέμασιν ου Μίσιους τα φουρτώματα στα σαμάργια τα καν τάργιασιν κι τότι;nothern
βγήκιν ου πάππους μι ν gανάτα στου χέρ κι του κατουστάρ κι είπιν του Μίσιου ;nothern
 Άιdι σύναξι ένα κρασί για του χαϊρλήθκου Να πααίν καλά ου τρύγους ;nothern
Άμα ήπχιν του κρασί αυτός είπιν τ Ματιώ Είπιν ου Νάτσιους σν άλλ τ ;nothern
στράτα νάχτι έτοιμου του φαΐ για να του πάρου κι να πατήστι τα σταφύλια για να;nothern
φουρτώσου τ άδγια τα γαλίκια ;nothern
Δέμ bρόφτασιν να κινήσ ου Μίσιους κι η Ματιώ έκαψιν τζ γάστρις στου ν ;nothern
bαχτσέ κι έβαλιν μ bίτα κι τουν dαβά μι του φαΐ νάνι έτοιμου ώς ν ώρα ;nothern
Η Βασιλ κούλα πόδισιν τς γαλότσις ρίθκιν σην gαρούτα κι χίρσιν να πατάει τα;nothern
σταφύλια Οι άλλις οι γυναίκις άδγιαζαν ιένα ένα τα γαλίκια μνιάν μάζουνιν του;nothern
μούστου πότριχιν σην gουπάνα η άλλην άδγιαζιν τα τσίπουρα απου ν gαρούτα κι;nothern
τάριχνι ν μέσ στα ουρθά τα βαένια όλα α νdάμα ;nothern
Ιέκατσιν κι ου πάππους ου Κουστανdής στου μινdιρλίκ απούταν στου χαϊάτ ;nothern
Ιέριχνιν απου καμνιά ρουφσιά κρασί κι ήλιγι ν μαναχός τ ;nothern
 5 Ώσπου να γυρήσ ου Μίσιους ου κιρατζής μι τα πράματα στ αμbέλ οι άλλ ;nothern
είχαν γιμώσ τα γαλίκια κι έκατσαν να καφαλτήσν κάτ αb d gουρτσιά Ιέστρουσαν;nothern
του σουφρά ιέβγαλιν ου Νάτσιους απ τουν dρουβά του πνάκ μι του ν bάτζιου κι;nothern
Στο ηχητικό είπιν στου Μίσιου ;nothern
Στο τυπωμένο κι να πατήστι τα σταφύλια κι να φουρτώσου τ άδεια τα γαλίκια σελ 46 ;nothern
Το bαχτσές σημαίνει κήπος οπότε εδώ εννοεί στου ν νουβουρό στην αυλή ;nothern
Στο τυπωμένο χίρ σιν να πατάει σταφύλια σελ 46 ;nothern
Στο τυπωμένο έριχνιν κι απού καμιά ρουφ σιά κρασί σελ 46 ;nothern
Στο ηχητικό και το τυπωμένο σελ 46 κι μουλουγούσι ν μαναχός τ δές Γ 4 ;nothern
Στο ηχητικό και το τυπωμένο σελ 46 Ώς να γυρήσ δές Γ 4 ;nothern
Στο ηχητικό ου Μήτσιους ;nothern
 να καφαλτήσν α παπχάτ αb d gουρτσιά ;nothern
τα πλαστά ιέκουψιν κουμμάτχια μι του μαχαίρ ήφιριν κι σταφύλια α π τα;nothern
δγιαλιγμένα κι σήκουσιν πρώτους του γιαλί μι τ ρακή κι είπιν ;nothern
 Άιdι κι τ χρόν παραπάν ;nothern
σάν dουν είδαν οι μκροί να κατηφουρίζ κι να πιρνάει απ τ αλών σκρόπσαν;nothern
Ξιφόρτουσαν στου ν νουβουρό τα γιουμάτα κι φόρτουσαν τ άδγια Η Ματιώ;nothern
είχιν έτοιμ μ bίτα κι τς κιφτέδις μι τουν dαβά Πήριν ου κιρατζής τουν dαβά κι τουν;nothern
πήριν του σ νί μ bίτα σκιπασμένου μι του σουφρά Ου Μίσιους καβαλίκιψιν τ ;nothern
άλλου τ άλουγου τουν αλ τζέ κι κίν τσαν ξανά για τ αμbέλ ;nothern
Λέει τότι η Ματιώ ;nothern
κ αυτός απουκρίθκιν ;nothern
 Μνιά στράτα ακόμα γιουμάτ κι άμα πιρισσέψ κάνα φουρτχιό τα φουρτώσ ου;nothern
Άμα έφτασαν στ αμbέλ οι τρυγηταίοι κόνdιβαν να του σώσν τρία τέσσιρα;nothern
αυλάκια είχαν απουμείν Φώναξιν η Ματιώ μνιά αμψιά τς κι τ λέει ;nothern
 Κάτσι ιδώ ζd gουρτσιά να φλάγς τα σιέα κι δόμ του καλάθ να σιβώ κι ιγώ ;nothern
να τρυγήσου λίγου να κάμου τ αdέτ ;nothern
Σάν έσουσαν ιέβγαλαν τα γαλίκια όξου νάνι έτοιμα κι στρώθκαν;nothern
σταυρουπόδ να φάν για μισ μέρ Ώσπου να κόψ μ bίτα η Ματιώ κι να μοιράσ ;nothern
τα κουμμάτχια ιέφτασιν ου Τζήκας ου dραγάτς ;nothern
 Καλ μέρα σας κι τ χρόν τουν dρύγου σας Καλό έξουδου του κρασί κι του;nothern
τσίπουρου Σι γιουρτάσια σ αρραβώνις κι χαρές να τα κιράστι ;nothern
 Έλα ρα Τζήκα απάν τσιν ου Νάτσιους Τώρα πούρθις τα κάτς να σι;nothern
φλέψουμι Είν η μέρα σ σήμιρα ;nothern
Στο ηχητικό Κι λέει τότι η Ματιώ ;nothern
 Ιέκραξιν η Ματιώ ;nothern
Στο τυπωμένο μιαν αμψιά τ ς σελ 47 μι μνιά ν ανάσα 4 ;nothern
 να τρυγήσου ψίχα να τρυγήσ ουλίγου ;nothern
 του κρασί κι τ ρακή δές Β 5 4 ;nothern
 84 ;nothern
Αφού ιέφαγαν καλά ήφιραν κι μνιά φούρλα;nothern
όλ τ φτσέλα μι του κρασί ;nothern
σ κώθκαν φόρτουσαν τα γαλίκια στα πράματα τζ βόητσιν κι ου Τζήκας έμασαν;nothern
τα λιανά τα σιέα κι κίν τσαν για του σπίτ απουσταμέν αλλα μι χαρά πιρίσσια ;nothern
γιατι όλα πάν καλά φέτου ;nothern
 6 Σημ bόρτα τς καλουσώρσιν ου πάππους ου Κουστανdής μι ν gανάτα του;nothern
κρασί στου ένα του χέρ κι μι ν gούπα στ άλλου Ήπχιαν όλ απου ιένα ήπχιν κι;nothern
αυτός όσου απόμνιν σην gανάτα ;nothern
Πέρασαν;nothern
όλ στου ν νουβουρό ξιφόρτουσαν τα πράματα πλέρουσιν ου;nothern
Νάτσιους τουν gιρατζή κι αραδγιάσ καν όλ στου χαϊάτ να ξιαπουστάσν Ιέβγαλιν;nothern
η Βασιλ κούλα α κόμα μνιά κανάτα μι κρασί ήπχιαν απου ακόμα ένα κι ου;nothern
Νάτσιους τς είπιν ;nothern
 Άιdι σήκουτι να σ μάσουμι τη δλιά να πατήσουμι όσα χρηστούν να γιουμώσν;nothern
τα βαένια κι ταχιά α π τα τραβήξουμι του κρασί για του κατώι πατούμι κι τ άλλα ;nothern
Απουχειρήθκιν ου καθένας τη δλιά τ Ου κιρατζής έμασιν τα πράματα κι έφυγιν;nothern
κι ου πάππους ου Κουστανdής να μή σταματάει του στόμα τ σ όλα μέσα Να λέει;nothern
τουν έναν πώς να πατήσ τα σταφύλια σην gαρούτα τουν άλλουν πώς να μάσ του;nothern
μούστου τς γυναίκις να σ κώσν του γαλίκ μι τα γλυκά τα σταφύλια κι να του βάλν;nothern
στουν ίσκιου ;nothern
Ιείπιν ιείπιν ώσπου δέν άνdιξιν ου Νάτσιους ου γιός τ κι τουμ bαράμασιν ;nothern
 Όι σύρι κάτσι στου μινdιρλίκ κι μή φέρς φούρλις στ μέσ γιατι μας;nothern
αμbουδάς Δέ μbουρούμι να κάμουμι τη δλιά μας ;nothern
Γύρσιν ύστρα ζd γυναίκα τ τ Ματιώ κι ν είπιν ;nothern
 Καλά μάρ Ματιώ ήταν ανάνg να τουν δώστι ν gανάτα μι του κρασί Δέν;nothern
dουν έφτανιν ένα κατουστάρ ;nothern
Κάνας δέν απουκρίθκιν γιατι ου Νάτσιους τάπιν λίγου αγριμένους ;nothern
Ου;nothern
πάππους ου Κουστανdής κρέμασιν του κιφάλ κι πάει κι έκατσιν στου μινdιρλίκ Τς;nothern
 απουκρίθκιν ;nothern
Στο ηχητικό Αφού ιέφαγαν καλά ήφιριν κι μνιά φούρλα όλ τ φτσέλα ;nothern
Στο τυπωμένο απού κόμα ένα σελ 47 ;nothern
Στο τυπωμένο να σ κώσ ν του γαλίκ να του βάλ ν στουν ίσκιου σελ 47 ;nothern
 τάπιν ψίχα α γριμένους τάπιν ουλίγου αγριμένους ;nothern
 85 ;nothern
ήφιριν όλνους φούρλα μι τα μάτχια κι μι παράπουνου πήριν ν gανάτα απ του;nothern
 Άιdι πάππου τήρα θάρουμ του σών τς του κρασί Να μήν αφήκς κάνα δράμ ;nothern
για ιλιάτσ τουν είπιν ου Dίνας ου αμψιός τ ;nothern
 Ιά τα σι δώσου του δέκατου κι ισένα Dίνα Ιέχουμι τς άλλνους μι τα χούια τς ;nothern
ιέχουμι κι ισένα απ ουπάν Σάματ τα πααίνου να τ αγουράσου Θκό μας είνι του;nothern
κρασί Για να πίνουμι τόχουμι Δέμ bλένουμι τα πουδάργια Όπουτι θέλου ;nothern
κατιβαίνου στου κατώι κι βγάνου Τόχουμι σύρι βγάλι όχ σύρι πάρι ;nothern
 Καλά ρα πάππου Μήν αψιώνισι μνιά ουμιλία είπα τουν απάν τσιν ου;nothern
Dίνας ;nothern
κατουστάρ ήπχιν λίγου κι είπι ν μαναχός τ ;nothern
 Ιέλα dέ τώρα μι τς μυξαραίοι Θέλ κι ου Dίνας να μι βάλ τιρbιέν σά νάμι;nothern
 7 Άμα σώθκιν ου τρύγους στ αμbέλ τ Νάτσ πατήθκαν τα σταφύλια κι;nothern
γιόμουσαν τα βαένια κρασί κι τσίπουρα α νdάμα Αυτά γίνgαν ν Gυργιακή ;nothern
D Διφτέρα μι του καλό χίρσαν στου σπίτ οι άλλις οι δλιές πρώτα τράβηξαν;nothern
του μούστου κι γιόμουσαν τα βαένια στου bουdρούμ για να γέν του κρασί ;nothern
φκιάσν του πιτ μέζ κι τ μουστόπτα δγιάλιξαν τα σταφύλια τα κουρίθχια τάδισαν μι;nothern
σ κνί δγιό δγιό κι τα κρέμασαν φούνdις στ μισχιά Όλ μέσα στου σπίτ σν ώρα τς;nothern
κι ου καθένας μι τη δλιά τ ;nothern
Σ κώθκιν κι ου πάππους ου Κουστανdής μουχμουρλούς κι bουτζουμένους ;nothern
ιέκατσιν πάλι στου μινdιρλίκ κι αγνάνdιβιν του σαλαβάτ στου ν νουβουρό δίχους;nothern
 τουν απουκρίθκιν ;nothern
 ήπχιν ουλίγου ;nothern
Στο ηχητικό και το τυπωμένο σελ 48 κι μουλόγησι ν μαναχός τ δές Γ 4 ;nothern
Στο ηχητικό Άμα σώθκιν κι ου τρύγους ;nothern
 86 ;nothern
να λέει τίπουτα Μούνgι συλλουιούνdαν κι κνούσιν πού κι πού τα χέργια Θέλ τσιν;nothern
πάλι ου Dίνας να τουμ bειράξ λίγου κι τουν είπιν ;nothern
Αφουρμή ήθιλιν ου πάππους ου Κουστανdής σ κώθκιν ουρθός πήριν ένα;nothern
κατουστάρ πήγιν στου βαϊέν πότριχιν ου μούστους κι του γιόμουσιν Δουκίμασιν;nothern
λίγου στου στόμα κι είπιν ;nothern
 Τα χουράφχια μαζ βγάν ν του στιάρ για νάχουμι ψουμί να ζούμι κι τ αμbέλια;nothern
μας δίν ν του κρασί να πίνουμι κι να γλινdούμι ;nothern
 να τουμ bειράξ ψίχα ;nothern
 Του γέφκιν ψίχα ;nothern
Το κείμενο είναι διαθέσιμο στις σελ 41 9 του βιβλίου και ηχογραφημένο στη διεύθυνση;nothern
http www skrka gr ou_trigous html ;nothern
 87 ;nothern
 4 Τα καζάνια;nothern
 4 1 Σώθκιν ου τρύγους ιέβαλαν οι νοικουκυραίοι τα κρασιά στα βαένια μέσα στα;nothern
bουdρούμνια χίρσαν να βράζν κι να μουσκουβουλάει του κάθι σπίτ κι όλους ου;nothern
μαχαλάς Τα βαένια μι τα τσίπουρα τάχν ουρθά στημένα όξου στου ν νουβουρό ;nothern
μι καρφουμένου του κουφουτίλ καλά ουπάν σι τρείς γουνιές να χουρεί ιεύκουλα;nothern
απου κάτ μνιά κουπάνα ;nothern
Για να σουθεί καλά η χρουνιά μνιά φρουνdίδα είνι ακόμα να φκιάσ ου κάθι;nothern
νοικουκύρς τα τσίπουρα κι σώνουνdι οι δλιές ;nothern
Πότι είκουσ πότι τριάνdα μέρις βράζν τα κρασιά κι τα τσίπουρα κι άμα;nothern
σταματήσν τα σκιπάζν καλά κι κουνdά τ Άη Φίλ ππα τότι αb βάν ν οι;nothern
Χρστούιννα ;nothern
 4 Η Σκΐρκα έχ πουλλά καζάνια κάθι πένdι μι δέκα σπίτχια είνι κι απου ένα ;nothern
λίγου μακρύτιρα απ του κάθι σπίτ πότι σι κάνα υπόστιγου στου ν bαχτσέ πότι;nothern
σι καμνιά παλιά αχιρώνα χουρίς πράγματα άλλα μέσα είνι στημένα κι καρτιρούν;nothern
κάθι χρόνου οι νοικουκυραίοι ναρθούν οι μέρις για να τ ανάψν ;nothern
 μνιά δλιά δές Β 5 4 1 ;nothern
Εννοεί να κάμ τα τσίπουρα καθώς χρησιμοποιεί ελλειπτικά την έκφραση κάμνου;nothern
τσίπουρα βγάζω ρακή αποστάζοντας τσίπουρα που χρησιμοποιεί ολοκληρωμένη;nothern
παρακάτω Πχιός έκαμιν τσίπουρα αρχύτιρα 4 4 ;nothern
Στο τυπωμένο ως τα Χριστούϊννα σελ 54 ;nothern
 ψίχα μακρύτιρα απ του κάθι σπίτ ;nothern
 κάθι χρόνουν πάσα χρουνιά ;nothern
 88 ;nothern
Άμα δώσ κι σουθεί ου τρύγους οι καζαντζήδις παίρν ν ένα ν μάστιουρα;nothern
ειδικόν να ξέρ απου καζάνια να κτίσ απ ν αρχή μ bαρσχιά να τιργιάσ του;nothern
ιτζιάκ να φκιάσ του ν bάνgου να ξανασύρ τα κιραμίδγια κι οι γυναίκις ν αλείψν;nothern
μι ασβέστ όλου του μέρους νάνι καθαρό ;nothern
Τα καζάνια είνι bακαρέινα κι απου νουρίτιρα οι νοικουκυραίοι άμα βρούν;nothern
κάνα κουσούρ πότι στράβουμα πότι καμνιά τρύπα τα παϊαίν ν στου ν ;nothern
bακαρτζή να τα τιργιάσ ;nothern
Του καζάν κτίζιτι σταθιρά σημ bαρσχιά δέ βγαίν απου κεί ούτι ταράζιτι Του;nothern
καπάκ σιβαίν ουπάν στου καζάν σην gουρφή έχ μνιά τρύπα ικεί πατάει του;nothern
τόξου είνι μνιά γυρστή σουλήνα η μνιά άκρα είνι στου καπάκ κι η άλλην στ ;nothern
λάντζα αυτήν πάλι είνι μνιά χουνdρή σουλήνα ώς πινήνdα πόνd φάρδους κι ώς;nothern
δγιό μέτρα bόι μέσα έχ ανάπουδα γυρσμένα πχιάτα bακαρέινα τρύπχια απ ;nothern
ουπάν σφαλνάει μι του τόξου κι απου κάτ έχ μνιά στινή σουλήνα του ν ;nothern
 γουλά απ όπ τρέχ του τσίπουρου ;nothern
Όλου του σύστημα τς λάντζας είνι μέσα σι μνιά ξυλιέιν καρούτα δγιό μέτρα;nothern
bόι κι κάνα μέτρου φάρδους γιουμάτ μι κρύου νιρό άμα του νιρό ζισταίνιτι ρίχν ν ;nothern
κρύου κι του ζιστό ξιχειλίζ απ ουπάν ;nothern
Τα καζάνια είνι κατουστάργια παίρν ν ικατό ουκάδις τσίπουρα μι κρασί;nothern
ανdάμα ή πουλλές φουρές μι νιρό ;nothern
 4 Γιουμάτους χαρά ου πάππους ου Κουστανdής μιτρούσιν τς μέρις απ τουν;nothern
dρύγου ώσπου ν ανοίξν τα καζάνια Πότι να τιργιάζ τα ξύλα να τα χουρίζ ;nothern
 να φκιάσ ;nothern
Στο ηχητικό και το τυπωμένο σελ 54 πότι να κτίσ απ ν αρχή μ bαρσχιά πότι να;nothern
τιργιάσ του ιτζιάκ να φκιάσ του ν bάνgου να ξανασύρ τα κιραμίδγια δές Γ 4 1 ;nothern
Στο τυπωμένο μπακαρένια σελ 54 δές Β 5 1 ;nothern
 κι απ αμbρουστότιρα ;nothern
 απτικεί ;nothern
 σουλήνα του ν γουλά π τρέχ η ρακή δές Β 5 4 ;nothern
Στο τυπωμένο ξυλιέν σελ 54 ;nothern
Στο τυπωμένο κι νιρό σελ 54 ;nothern
 89 ;nothern
 χώργια λιανά χώργια χουνdρά να τα δγιαλέξ νάνι στιγνά να βγάν ν φλόγα ;nothern
πότι τηρούσιν τα βαένια απούταν;nothern
στημένα στου ν νουβουρό κι ένα μού;nothern
ρουτούσιν τουν αμψιό τ του ν Dίνα ;nothern
 Σύρι ρα Dίνα κανόν τσι ν αράδα μι τουν gαζαντζή Μήν dου βαραίν τς;nothern
παραπίσου τα μας πάρν άλλ ν αράδα κι τ απουμείνουμι αργά Μή ν μας τσακώσ ;nothern
κι κάνα χιόν Πώς τα κάμουμι κουμάνdου ;nothern
 Ησύχασι ρα πάππου όλα τα γέν ν Μήν αδγιάζισι κι σι τρώει η φρουνdίδα ;nothern
δέν ήρθιν η ώρα απουκρένουνdαν ου Dίνας κι γυρνούσιν του κιφάλ αλλού να;nothern
μήν dουν ιδεί ου πάππους τ οτι γιλάει ;nothern
Σάν έστειλιν χαbάρ ου καζαντζής μνιά μέρα νουρίτιρα τράβηξαν πρώτα του;nothern
μαύρου του κρασί έβαλαν δγιό βαρέλις στου bουdρούμ τς γιόμουσαν τ άλλου;nothern
του κράτσαν στα gιούμνια κι τα χαλκώματα ;nothern
Τσάκουσιν ου Νάτσιους μι του ν Dίνα τένdουσαν τα βαένια ιέβγαλαν τα;nothern
Άλλ μνιά στράτα κουβάλτσαν τα ξύλα τα gιούμνια κι τα χαλκώματα μι του;nothern
κρασί Τ αράδγιασαν όλα όξου απ του καζάν ιέκατσιν ένας ικεί κι οι άλλ ;nothern
γύρσαν σπίτ ώσπου να ρθεί η ώρα να καζανιάσν ;nothern
Ου πάππους ου Κουστανdής απ ν ώρα που;nothern
του τράβηξαν του κρασί ώς ν;nothern
ώρα πόφυγιν η χαμάλα για του καζάν είχιν ένα κατουστάρ στου χέρ γιουμάτου;nothern
κρασί μαύρου τίναζιν απου καμνιά ρουφσιά κι ήλιγιν αράδα ν ακούν κι οι άλλ ;nothern
Στο τυπωμένο απ ήταν σελ 54 ;nothern
Αφού στα λόγια του γερο Κωσταντή υπάρχει μόνο μία ερώτηση και αυτή ρητορική ;nothern
μπορούμε να επισημάνουμε οτι ώς ρήμα θα περιμέναμε το ήλιγιν ;nothern
 Μήν αδγιάζισι κι σι τρώει η έγνια δές Β 5 4 1 ;nothern
Στο τυπωμένο γυρνούσιν του κιφάλ αλλού μήν τουν ιδεί σελ 55 ;nothern
 να μήν dουν ιδεί ου πάππους τ αb γιλάει δές Β 5 4 1 Στο ηχητικό ;nothern
 να μήν dουν ιδεί ου πάππους οτι γιλάει ;nothern
 μνιά μέρα α μbρουστότιρα ;nothern
Για καλύτερη σύνδεση μπορεί εδώ να χρησιμοποιηθεί το ύστιρα ή όπως το γράφει και το;nothern
Στο τυπωμένο τ αράδιασαν όξου ;nothern
 οι άλλ γύρσαν στου σπίτ δές Β 5 4 4 ;nothern
λέει ο Κουζιάκης ύστρα Τσάκουσιν ύστρα ου Νάτσιους ;nothern
 απ ν ώρα π ;nothern
 90 ;nothern
 Ιά αυτό είνι κρασί μαύρου κι είπαν κι τ άλλα Τέτχιου πράγμα χρόνια είχαμι;nothern
να φκιάσουμι πηχτό να του μάεις στου μανdήλ Να κρατήσου μνιά βαρέλα κι να;nothern
πίνου απ ουλίγ ουλίγου όλου του ν χρόνου ;nothern
 Κάθι χρόνου ρα πάππου αυτά λές κι άμα του βάλτς μbρουστά τ Άη;nothern
Θανασιού αb γιουρτάζ ου bαbάς μ δέν έχουμι να κιράσουμι τς μουσαφιραίοι ;nothern
Ιένα πουτάμ κρασί νάχς τα του σώεις Όχ τα σι φτάσ μνιά βαρέλα να πίν τς όλου;nothern
του χρόνου ;nothern
Τουν ήλιγιν κι δέν dουν ήλιγιν ου αμψιός τ ου Dίνας Αυτά τα μασλάτχια ου;nothern
Κουστανdής τα βάρινιν στου κφό κι έκαμνιν αυτό απ τουν ήλιγιν του θκό τ του;nothern
5 w;nothern
μνιαλό όχ τί τα πεί ου ένας κι ου άλλους ;nothern
 4 4 Σάν ήρθιν η ώρα κι καζάνιασαν μ bρώτ ν gαζανιά κίν τσιν ου γιός τ ου;nothern
Νάτσιους απ του σπίτ για του καζάν Απου κουνdά κι ου Κουστανdής μι τα σιέα;nothern
στα χέργια ιένα σακούλ μ αλεύρ για του ζ μάρ ν ακουλνούν του καπάκ κι του;nothern
τόξου κι τουν dρουβά στουν ώμου γιουμάτουν ιένα πλαστό ψουμί ιένα πνάκ μι;nothern
τυρί ιένα πνάκ μι ξινάδγια μνιά σακούλα μι γιλιές κάνα δγιό ρένgις Όλα αυτά;nothern
μιζέν να κιράσουμι κάναμ bιραστικό να δουκιμάσουμι ν gινούργια τ ρακή ;nothern
 Καλ μέρα σας Καλή χρουνιά Καλό έξουδου του τσίπουρου Νάμιστι γιροί;nothern
κάθι χρόνου τέτχιουν gιρό να κάμουμι όλα τα χρέα μι ν gινούργια τ ρακή να;nothern
κιράσουμι συμbιθιροί σι γιουρτάσια αρραβώνις κι χαρές ;nothern
Στο τυπωμένο απ ν ώρα που τράβηξαν του κρασί σελ 55 ;nothern
Στο τυπωμένο να πίνου λίγου λίγου όλουν του χρόνου σελ 55 Στο ηχητικό να;nothern
πίνου απουλίγου λίγου όλου του χρόνου ;nothern
 δέν έχουμι να κιράσουμι τς φίλ Εδώ το μουσαφίρς είναι λάθος καθώς;nothern
έτσι λέγεται ο φιλοξενούμενος ενώ φίλους είναι ο επισκέπτης δές π χ να κιράσουμι;nothern
κάνα ν φίλου 4 4 ;nothern
Στο τυπωμένο του βάρινιν στου κφό σελ 55 ;nothern
 του μbγιαλό ;nothern
 τί χανα πεί ου ένας κι ου άλλους ;nothern
Στο ηχητικό μνιά σακούλα γιλιές ;nothern
 τ ρακή δές Β 5 4 ;nothern
Το σωστό να κάμνουμι ;nothern
 91 ;nothern
Τάπιν όλα ου πάππους ου Κουστανdής σάν στάθκιν στουν gατώφιλου τς;nothern
πόρτας απ του καζάν Ιέδουκιν τουν dρουβά τουν αμψιό τ του ν Dίνα του;nothern
σακούλ μι τ αλεύρ τουν gαζαντζή κι έκατσιν στου μινdιρλίκ άνdικρα σημ;nothern
bαρσχιά να καμαρώσ τ φουτχιά ;nothern
Πιραστικοί κι χασουμέρδις μαζώνουνdι στα καζάνια να πχιούν καμνιά ρακή ή;nothern
κάνα κρασί ν ακούσν κάνα νέου να πούν τίπουτα να ρουτήσν να μάθν πχιός;nothern
έκαμιν τσίπουρα αρχύτιρα πχιός κάμ τώρα πχιός υστιρότιρα να πιράσ κι;nothern
λίγου η ώρα γιατι η δλιά είνι αργή η ρακή σιγανή τρέχ λίγου λίγου ;nothern
Μέσ α αυτού πιρνάει κι κάνας πουλύξιρους βάν λίγου ρακή απ του γουλά;nothern
στου πουτήρ κι μιτράει μι του στόμα τα γράδα Άιdι Κόψ τι την τώρα αδυνάτσιν ;nothern
Τα γιμώσ ου τσέντζιαρς λιούρου Κι ας έχ ώς εικουσπένdι γράδα ;nothern
Σι κάνα δγιό ώρις βγήκιν η πρώτ η καζανιά Ξικαζάνιασαν ιέβγαλαν τα;nothern
τσίπουρα κι κρασί κι λίγου νιρό ιέβαλαν του καπάκ του τόξου τ ακόλτσαν μι;nothern
ζ μάρ γιόμουσαν μ bαρσχιά ξύλα κι σάν gίν τσιν η φουτχιά λέει ου Νάτσιους;nothern
τουν γιό τ του ν Dίνα ;nothern
 Σήκου ρα Dίνα τράβα στου σπίτ πάρι d γουμάρα φόρτουσι τς;nothern
παπαμανόλδις έναν στη μνιάν τ μιρά έναν σν άλλην κρέμασι κι τς μκρέζ τζ;nothern
dραματζάνις στα κουτσάκια απ του σαμάρ βάλι του σακί μι του γλυκάντζου στου;nothern
μισουσάμαρου κι πέ τς γυναίκις να βάλν έναν dαβά φασούλια του μισ μέρ να τα;nothern
φέρν ιδώ να φάμι ιμείς να φλέψουμι κι τουν gαζαντζή ;nothern
Δέμ bρόφτασιν να βγεί ου Dίνας απου μ bόρτα σ κώνιτι ου πάππους ου;nothern
Κουστανdής απ του μινdιρλίκ κι τουν λέει ;nothern
 ν ακούσν κάνα χαbέρ ;nothern
Στο ηχητικό και το τυπωμένο σελ 56 πότι να πχιούν καμνιά ρακή ή κάνα κρασί ν ;nothern
ακούσν κάνα νέου να πούν τίπουτα να ρουτήσν να μάθν δές Γ 4 1 ;nothern
 να πιράσ κι ψίχα η ώρα να πιράσ κι ουλίγου η ώρα ;nothern
 τρέχ έναργα έναργα ;nothern
 βάν ψίχα ρακή βάν ουλίγ ρακή ;nothern
Στο ηχητικό ιέριξαν κινούργια τσίπουρα κι κρασί λίγου νιρό κι ψίχα;nothern
νιρό κι ουλίγου νιρό ;nothern
Στο ηχητικό κι κίν τσιν η φουτχιά ;nothern
 Όι Dίνα τώρα απ ταρθείς ιδώ πάρι κι τ φτσέλα ν dρανή γιόμουσέ την;nothern
μαύρου κρασί κι φέρτην να κιράσουμι κάνα ν φίλου να πχιούμι κι ιμείς καμνιά;nothern
ρουφσιά Στέγνουσιν του στόμα μας ;nothern
Σάν έφυγιν ου Dίνας για του σπίτ όπους ήταν σκυμμένους ου Νάτσιους σημ;nothern
bαρσχιά κι ταίργιαζιν τα ξύλα σ κώνιτι ουρθός γυρνάει κατα τουμ bάππου τουν;nothern
gοιτάει άγρα κι τουν λέει ;nothern
 Κοίταξι Κουστανdή τα χούια σ τα ξέρουμι ιμείς οι σπιτχιακοί Κανόν τσι να;nothern
τα μάθν κι στου καζάν ;nothern
 Ιέ ρα Νάτσιου Καλά είνι Nα κάθουμέστι στα μούτα να τηρούμι τ φουτχιά ;nothern
μήν έχουμι ένα κρασί να τουν gιράσουμι απάν τσιν ου Κουστανdής κι σ κώθκιν;nothern
τόβαλιν στου στόμα τ ;nothern
Καζάνιασι ξικαζάνιασι πέρασιν η ώρα Κατα του σούρουπου σώθκαν οι;nothern
καζάν του τόξου κι τ λάντζα του γιόμουσαν ρακή ιέριξαν μέσα του γλυκάντζου ;nothern
κάνα δγιό τρείς ρόκις καλαμbούκ ιέφκιασαν φρέσ κου ζ μάρ ακόλτσαν του;nothern
καπάκ κι του τόξου δγιάλιξιν ου Νάτσιους χουνdρά στρόνgυλα ξύλα τ αράδγιασιν;nothern
καλά κι έκατσαν;nothern
όλ άλλ στου μινdιρλίκ άλλ σι κάνα σκαμνί γιατι η;nothern
μιταβγαλμέν αργάει θέλ έγνια κι τα μάτχια δικατέσσιρα στου γουλά να μήν ξιράσ ;nothern
κι πααίν χαμένου του πράγμα ;nothern
Σάμ bέρασιν ώς μσή ώρα χίρσιν να τρέχ η ρακή Μουσκουβόλτσιν του;nothern
καζάν Πήριν ου Νάτσιους του γραδόμιτρου μέτρησιν κι είχιν τριανdαένα γράδα ;nothern
 τουν dηράει άγρα ;nothern
 Τήρα ;nothern
 στα μούτ κα ;nothern
Στο ηχητικό τόβαλιν στου στόμα ;nothern
Στο ηχητικό του τόξου κι τ λάντζα κι του γιόμουσαν ρακή ;nothern
 Καμνιά ουκά απου μ bρώτ βάλτι σ ένα γιαλί αχώργια να ν έχουμι για;nothern
τρίψιμου είπιν ου Κουστανdής κι πήριν ένα γιαλί απ τουν dρουβά μι τα σιέα ;nothern
στουν dρουβά ;nothern
 4 5 Καλησπέρα σας Κι τ χρόν του καζάνι σας Να πχιείτι του τσίπουρου μι;nothern
υγεία Καλό έξουδου ;nothern
Σημ bόρτα στέκουνdαν ου Dόνας ένας Σκαρκιώτς προυβατιάης Κατέφκιν;nothern
στου καζάν να ρουτήσ ά ν μbουρεί να πάρ καμνιά μέρα καμόσα φουρτχιά;nothern
τσίπουρα μι d γουμάρα να τα ρίξ όξου απ του μανdρί να τρών άμα έχν όριξ τα;nothern
πρόβατα απου καμνιά τσιπουτσίνα ;nothern
 Ιέλα ρα Dόνα να σι κιράσουμι ένα κρασί μνιά ρακή κι ότ θέλτς Κάτσι;nothern
κουνdά μας ιδώ στου μινdιρλίκ Σήμιρα είνι η μέρα μας φώναξιν ου Κουστανdής;nothern
κι σ κώθκιν πρώτους να κάτσ ου μουσαφίρς ;nothern
Ου Dόνας ήταν ψίχα σκιαγμένους ανdράπκιν κι λίγου κουνdουστάθκιν ;nothern
ιέκαμαν μέρους οι άλλ ιέκατσιν κι αυτός ανάμισα κι χίρσιν να τηράει μνιάν τ ;nothern
φουτχιά μνιάν του γουλά Κάπουτι κι άλλου άμα ημίριψιν λίγου ρουτάει του;nothern
Νάτσιου ;nothern
γιμώσν φέτου οι dραματζάνις ;nothern
 Ιέχ κάνα δγιό ώρις απ χίρσιν να τρέχ απάν τσιν ου Dίνας απ στέκουνdαν;nothern
ουρθός κουνdά σην gαρούτα μι του νιρό Δέμ bρόφτασιν να πεί κάνας τίπουτα κι;nothern
λέει ου Dόνας ;nothern
Στο τυπωμένο Καμιά ουκά απου ν πρώτ βάλτη την σ ένα γυαλί αχώρια σελ 57 ;nothern
 Να πχιείτι τ ρακή δές Β 5 4 ;nothern
 να κάτσ ου φίλους ;nothern
 ανdράπκιν κι ψίχα ανdράπκιν κι ουλίγου ;nothern
 άμα ημίριψιν ψίχα άμα ημίριψιν ουλίγου ;nothern
 94 ;nothern
 Ιά ιγώ αb δέμ bίνου τακτικά ρακή κι είμι μαθμένους στου γάλα τα καταλάβου;nothern
τί ρακή βγάν τι κι πόσα γράδα έχ ;nothern
Σ κώνιτι μι μνιάν απ του μινdιρλίκ παίρν ένα ρακουπότηρου απ τούχαν να;nothern
δουκιμάζν σκύβ στου γουλά κι του γιμώζ του τηράει μνιάφρα στ λάμbα κι του;nothern
τνάζ όλου Σταμάτσιν λίγου μι του στόμα ανοιχτό κι τα μάτχια τζιβουμένα πήριν;nothern
ανάσα κι λέει μ ένα ν χαβά ;nothern
 Είνι αδύνατ η ρακή κόψτι την κι βάλ τι άλλ καζανιά Μή χαραμίζ τι ν ώρα ;nothern
 Δέν gατάλαβις καλά μ ένα πουτήρ Δέν βάν τς κόμα ένα τουν λέει ου;nothern
Σκύβ ξανά ου Dόνας γιμώζ πάλι του πουτήρ κι του τνάζ πάλι στουμ bάτου ;nothern
Χίρσαν να τηργιούνdι οι άλλ στα μάτχια κι να ρουτχιούνdι ;nothern
 Τώρα τί τα γέν Αυτήν η ρακή έχ ώς τριάνdα γράδα Πώς τ ανdέξ ου Dόνας ;nothern
καθώς είνι κι λίγου άμαθους ;nothern
Ιέκατσαν πάλι όλ στου μινdιρλίκ μούνgι ου Dίνας άνξιν μ bόρτα κι βγήκιν;nothern
όξου ιέκατσιν κι ου Dόνας σι μνιά άκρα κι όπους τηρούσιν τ φουτχιά θέλτς η;nothern
γιρή η ρακή θέλτς η αμαθουσύν βάισιν κι τουμ bήριν ου ύπνους ;nothern
 4 6 Ξημέρουσιν η μέρα ιέσουσαν του μιτάβγαλμα ιέμασαν τ ρακή φόρτουσαν d ;nothern
γουμάρα μι τα σιέα ιήρθιν άλλους νοικουκύρς μι τσίπουρα καζάνιασιν κι ου Dόνας;nothern
 Ήταν ανάνg να τουμ bείς να δουκιμάσ τ ρακή Τήρα τουν τώρα δέ μbουρεί;nothern
ου καζαντζής ου Γιώρς να τουν σ κώσ Dίπ μουτάθκιν είπιν ου Νάτσιους τουν;nothern
γιό τ του ν Dίνα σάν gίν τσαν για του σπίτ ;nothern
 Στάθκιν ψίχα Στάθκιν ουλίγου ;nothern
Στο τυπωμένο σελ 58 μι το στόμα ;nothern
Στο ηχητικό και το τυπωμένο σελ 58 Τώρα τί τα γέν Αυτήν η ρακή είχιν ώς τριάνdα;nothern
γράδα Πώς τ ανdέξ ου Dόνας καθώς ήταν κι λίγου άμαθους δές Γ 4 1 1 Στα;nothern
κοζανίτικα κι ψίχα άμαθους κι ουλίγου άμαθους ;nothern
Στο τυπωμένο Έκατσαν όλ πάλι στου μιντιρλίκ σελ 58 ;nothern
Στο ηχητικό Τήρα τώρα ;nothern
 95 ;nothern
 Καλά να τουν γέν να μάθ άλλ φουρά να μήν gάμ τουμ bουλύξιρου Άς;nothern
παϊαίν τώρα τα πρόβατα στουν Αρίdαγα κι να τα τραγδάει μνιά βδουμάδα ;nothern
απουκρίθκιν ου Dίνας κι γέλασαν όλ ;nothern
Τα καζάνια τάχν αυτά πότι καλά πότι χαζά Του κρασί κι του τσίπουρου δέ;nothern
σ κών ν πιρηφάνις κι dαηλίκια θέλν καλό κουμάνdου ;nothern
Στο τυπωμένο Άς πααίν σελ 59 ;nothern
 Του κρασί κι η ρακή δές Β 5 4 ;nothern
Στο τυπωμένο δε σ κων σελ 59 Στο ηχητικό δέ σ κών δές Γ 4 1 4 Το οτι;nothern
εδώ το κείμενο χρειάζεται γ πληθυντικό επιβεβαιώνεται απο τον πληθυντικό που;nothern
ακολουθεί θέλν Πιθανότατα το γ ενικό οφείλεται σε βιαστική παρανάγνωση καθώς η;nothern
απόστροφος δηλώνει και την ουρανικότητα στα κείμενα του Κουζιάκη ;nothern
Το κείμενο είναι διαθέσιμο στις σελ 51 9 του βιβλίου και ηχογραφημένο στη διεύθυνση;nothern
http www skrka gr ta_kazania html ;nothern
 96 ;nothern
 5 Ου Βαγγέλτς ου σαλπιγκτής;nothern
 5 1 Έβγα ρα Λιόλιου στουν gιουσέ να ιδείς πχιός είν αυτός π λαλάει τ ;nothern
σάλπινgα κι μας πήριν του κιφάλ τόσις ώρις φώναξιν ου πάππους ου Νικόλας;nothern
τουν αμψιό τ ;nothern
πεί τουμ bάππου τ τί είδιν ;nothern
 Πάππου είνι ένας φανdάρους μι κιλότα κι gέτις στου σπίτ τς Τσιτσιώνας ;nothern
ουπάν στ ανώι Έχ στου στόμα μνιά σάλπινgα κι πααίν πέρα δώθι ;nothern
 Άιdι Καλώς τα δέθκαμι ήρθιν ου Βανgέλτς λέει ου πάππους ;nothern
Ου Βανgέλτς ήταν ου γιός τς Τσιτσιώνας του καμάρι τς του μουναχουπαίδ ;nothern
χρόνια φανdάρους μόνιμους μι ειδικότητα σαλπινκτής ;nothern
Ήρθαν τα χρόνια σώθκιν η θητεία απουλύθκιν γύρσιν στου σπίτ Κράτσιν;nothern
όλα τα σιέα παράδουκιν του δίκουχου κι ήφιριν σην Τζιτσιώνα ώς κι τ σάλπινgα ;nothern
 5 Δίπλα απ του σπίτ ήταν του bακάλ κου τ Αργύρ λίγου παραπάν του;nothern
bακάλ κου τ Θόδουρ κι απου κεί κι σιαπάν χιρνούσιν η Σκΐρκα μι τα στινά τα;nothern
σουκάκια κι τα gαλdιρίμνια ;nothern
Του bακάλ κου είχιν όλα τα πράγματα μέσα ;nothern
ότ χράζουνdαν ένα;nothern
νοικουκυργιό Πλούσιν απ όλα ;nothern
 έκραξιν ;nothern
Στο τυπωμένο του δίκουκου σελ 19 ;nothern
Η σωστή σειρά Παράδουκιν του δίκουχου κράτσιν όλα τα σιέα κι ήφιριν σην Τζιτσιώνα ώς;nothern
Χρειάζεται προσδιορισμό απ του σπίτ d Βανgέλ ήταν ή απ του σπίτι τ ήταν ;nothern
 ψίχα παραπάν ουλίγου παραπάν ;nothern
κι τ σάλπινgα ;nothern
 97 ;nothern
Του ν χειμώνα μουσκουβουλούσιν αρμύρα απ του ν bακαλιάρου τς ρένgις κι;nothern
τα ζιαbόχιλα ;nothern
Σάν άνοιγιν η πόρτα σι μνιά μιρά ήταν αραδγιασμένα σακιά μι φασούλια ;nothern
φακή ρουβίθχια ξυλουκέρατα ρύζ κι ζάχαρ ;nothern
Σν άλλην ήταν ου bάνgους μι μ bλάστινgα κι τα δράμνια ουπάν τα gιβέτσια μι;nothern
του ν χαλβά τουν dαχινίσιου τα κιφάλια κιφαλουτύρ κι κασέρ η κάσα μι τς;nothern
ρένgις κι τα λουκούμνια ;nothern
Μbρουστά απ του ν bάνgου τα βαρέλια μι τζ γιλιές τα σακιά μι του ν ;nothern
bακαλιάρου κι τα ζιαbόχιλα ;nothern
Σν αράδα οι τινικέδις μι του λάδ μι κριμασμένα τα κατουστάργια για του;nothern
ζύιασμα παραμέσα οι τινικέδις μι του gάζ λίγου μακρύτιρα να μήν;nothern
ανακατώνουνdι κι βρουμούν gαζές ;nothern
Καρφουμένα τα ράφχια στα d βάργια γιουμάτα σαπούνια κουνσέρβις ;nothern
λαμbουγιάλια φτίλια για τς λάμbις κι άλλα πουλλά ;nothern
Απ του dαβάν κρέμουνdαν του καν τάρ κι καμόσα διμάτχια τσιάι φλαμούρ ;nothern
κανdιλίνα κι ρίγαν ;nothern
Όλα αυτά ήταν στου μσό του μαγαζί παραμέσα ήταν άδγιου είχιν μούνgι;nothern
τραπέζια κι bάνg ;nothern
Ου bακάλτς μι τ μακρά τ μισάλα ζουσμέν άμα ιέρχουνdαν ου πιλάτς να;nothern
ψουνίσ στέκουνdαν ουρθός κι καρτιρούσιν παρανgιλιά να κατιβάσ τίπουτα απ ;nothern
τα ράφχια ή να ζ γιάσ ;nothern
Αυτοί πόρχουνdαν για καμνιά κούπα πιρνούσαν μbρουστά τ τουν gαλημέρζαν;nothern
κι τραβούσαν παραμέσα κάθουνdαν παρέις παρέις στα τραπέζια κι αυτός όλου;nothern
πιρηφάνια για του κρασί κι τ ρακή πούχιν του μαγαζί τζ γιόμουζιν τα πουτήργια τί;nothern
ήπινιν ου καθένας κι τ αράδγιαζιν ουπάν στα τραπέζια ;nothern
Κάθι βράδ ύστρα απ τη δλιά κατέβιναν οι Σκαρκιώτ στα bακάλ κα τίναζαν;nothern
Στους θεατές Αβούτος ο παιδάς πολλά;pontic
αγναμάης έν άλλα λες ατον και άλλα;pontic
εγροικά Στον;pontic
Μούχο Μούχο πουλί μ το πουλίν επέταξεν;pontic
Αφού έν πουλίν θεία Λίτα θα πετά πα;pontic
Μούχο είπα σε το πουλίν επέταξεν;pontic
Ποίον πουλίν θεία Λίτα;pontic
Εκείνο ντο κ εξέρτς Για πέει με εσύ ντο;pontic
χαπάρ είüες το έτον αδαπέσ η Παρέσα;pontic
Πώς να μη έχω θεία Λίτα η σκια τ ς;pontic
εγένουμνε;pontic
Τη τσούνας το κουτάβ έκαψεν και τ εσόν;pontic
το καρδόπον;pontic
Εκαψεν ατο θεία Λίτα έκαψεν κ εμάντζεν;pontic
ατο;pontic
Ντο λες με εσύ Μούχο;pontic
Ναι θεία Λίτα ναι και πολλά ποδεδίζω σε;pontic
κάτ ποίσον αν κ έν θα παίρω τα ραüία και;pontic
τ άγρö τ;pontic
ορμάνö;pontic
Στους θεατές Αχά κ άλλος τη σεβντάς;pontic
καμένος Τη τσούνας το κουτάβ εκαψεν;pontic
ολωνών τα;pontic
καρδίας Αβούτο ντο πράμαν έν κι όλ θα;pontic
παίρ νε τα ραüία και τ άγρö τ ορμάνö;pontic
Στο Μούχο Μούχο εγώ πα πονώ σε άμα δεν ;pontic
κ ίνεται;pontic
Γιατί θεία Λίτα κ ίνεται Γιάμ έν κανείς;pontic
άλλος από πίσ ατ ς και κι λες μ ατο;pontic
Ε μαύρε κι άχαρε να έξερες μαναχόν;pontic
Σωστά λες θεία Λίτα ποίος έν;pontic
Ένας κ έν και δύος κι είν;pontic
Ποίος είναι θεία Λίτα πέει με λελεύω;pontic
την ýη σ;pontic
Τίναν είναν να λέγω σε;pontic
Πέει θεία Λίτα πέει κι ας ακούω;pontic
Αφού θελτς ν ακούς άκ σον Πρώτα πρώτα έν;pontic
ο Μήτον τη Κάρτûονος τη Ζαρναίλ ας λέγω;pontic
σε να εγροικάς;pontic
Χάσον ατον το μυξέαν άλλον πέει με;pontic
Ο Δάμων τη Πίτûονος;pontic
Άλλος μυξέας και ψωρέας;pontic
Ο Κάκον τη Kιαλίτσονος;pontic
Ο αχαστούρτς κι ο ζαρογούλτς Άλλο;pontic
Ο Γιάγκον τη Κουπερνάτορα;pontic
Χάσον κ εκείνον τον θωθήκ;pontic
Για τ ολτς κάτ εύρες και είπες;pontic
Ατείντς τηνάν είπες όλ μουσκάρö είν;pontic
Τερώ κανάν κ ερέχκεσαι;pontic
Είπα σε ατείντς τήναν είπες όλ μουσκάρö;pontic
είν;pontic
Και τα βούδö ποία είν;pontic
Κάτ έμαθα αέτσ απαγκέσ απαγκές για τον;pontic
Γιωρίκαν;pontic
Για τίναν Γιωρίκαν;pontic
Για τον Γιωρίκαν την Κακάτûονος;pontic
Εκείνον φογούμαι γιατί έü πολλά βίον κ;pontic
εκείνο φαίνεται σ;pontic
ομμάτö τ ανθρωπίων;pontic
Εγώ πα άμον εσέν κάτ έμαθα άετσ απαγκέσ;pontic
απαγκέσ;pontic
Άτùαπα εκείνε πα αγαπά τον;pontic
Κ εξέρω αν έν σωστόν έκ σα πολλά αγαπά;pontic
τον κι άμον πολλά ζαντίας ευτάει από;pontic
πίσ ατ;pontic
Ντο λες θεία Λίτα απόθεν έμαθες ατο;pontic
Στους θεατές Τέρεν κι αβούτον τον;pontic
λότûον ερωτά με απόθεν έμαθα το Στο;pontic
Μούχο Νέπαι;pontic
πάλαλε η δουλεία μ ποίον έν;pontic
Γιάμ θεία Λίτα είπες ατο όντες έρθεν;pontic
αδαπέσ;pontic
Άμον πολλά ερωτάς εσύ ο παιδάς;pontic
Και τεά ντο κρύφ ς ατο ας εμέν;pontic
Είπα να μη λέγω σ ατο αναχάπαρα και;pontic
παθάντς κάτ Είδα σε και σο χάλ ντο έσ νε;pontic
και εφογώθα σε;pontic
εφογώθα να μη παθάντς χειρότερα;pontic
Εσύ όπως λες η δουλεία τελειωμένον έν;pontic
Ο Γιωρίκας παρακολουθεί τα όσα;pontic
λέγονται από τη μισανοιγμένη πόρτα;pontic
Πότε πότε βάζει και το;pontic
κεφάλι του μέσα;pontic
Άμον τελειωμένον έν αέτσ ελέπ ατο εγώ;pontic
Θεία Λίτα κι ίνεται να χαλάνουμ ατο;pontic
Εγώ Μούχο κι χαλάνω εγώ χτίζω;pontic
Θεία Λίτα ας χαλάνουμ ατο κ εγώ κι θ;pontic
αφήνω σε αέτσ;pontic
Δεν άντεξε ορμάει σαν σίφουνας και;pontic
πιάνει το Μούχο από το λαιμό Μετά;pontic
πιάνει και τον τινάζει;pontic
από το γιακά Αφορισμένε Ιούδα ατό έν η;pontic
δουλεία σ να χαλάντς Κ εχόρτασες Τεμôκ;pontic
όπου;pontic
κέσ θα κρούγω εγώ εσύ θα πολεμάς να;pontic
χαλάντς ατο;pontic
Αβούτος ο δôβολον απόθεν ευρέθεν;pontic
Εσύ το μαύρον το ûκυλίν και το κολοβόν τ;pontic
οφίδ απόθεν ευρέθες αδαπέσ;pontic
Εσύ τσούρ ατο εσέν κανείς κ εκαλάτûεψεν;pontic
Τσούρ ατο εσύ αφορισμένε τρόμûο να μη;pontic
κρούγω και παστώνω σε να μη γλύνω τα;pontic
στούδö σ;pontic
Τίναν θα παστώντς και τίνος στούδö θα;pontic
γλυντς;pontic
Τερώ κι φογάσαι πα ευτάς τον παλικαράν;pontic
Εσέν το μυξέαν θα φογούμαι;pontic
Φτου κι απόθεν εξέβες αφορισμένε;pontic
τοσπαγά;pontic
Ο μεθύστακας πα είπεν κ εδικαιολογέθεν;pontic
Ντο είπεν το ζαγάρ Απλώνει τα χέρια του;pontic
να τον χτυπήσει;pontic
Σέρεψον τα ξερόüερö σ;pontic
Για ησυχάστεν που ευρίγουστουν;pontic
Ο αλεπομούντζουρον άγουρος τεΐ εξέβεν;pontic
σο μεϊτάν ευτάει μας και τον παλικαράν;pontic
Ο χουμαρτùής έν άγουρος;pontic
Κανείται ûκυλίτσο κανείται ντο ύλαξες;pontic
μôιξον κι ολίγον Απλώνει πάλι τα χέρια;pontic
του να τον χτυπήσει;pontic
Σέρεψον τα γαγγρωμένα σ;pontic
Ησυχάστεν είπα κι θα ίνουμες σεΐρ σον;pontic
κόσμον;pontic
Σπρώχνοντας το Μούχο λέει Χάθ απαδαπέσ;pontic
αγλήγορα αφορισμένον νερöσίαν;pontic
Όντες έρχουμαι σ οσπίτι σ ατότες να;pontic
χατεύς με;pontic
Είπα ησυχάστεν Τûιπ εχάσατε την;pontic
εντροπήν εσουν Αβούτο ντο πράμα έν;pontic
Κ έκ σες ντο είπεν θεία Λίτα ο κοντοκάμισον;pontic
Ο νους ατ πάντα σο χάλαμαν έν Κάτ επήγα;pontic
να;pontic
ευτά γ ω με την Τûοφούλαν άμα ο κατακέφαλον;pontic
εσέβεν απάν κι αφκά κ εχάλασεν την;pontic
δουλείαν;pontic
Άμα εκείνε πα καλά εποίκεν κ εδώκεν;pontic
ατον την λάχταν;pontic
Εγώ ντ εποίκα και ντ ευτά γ ω ση γούλα σ;pontic
κ ερούξεν;pontic
Νέπαι χούσπο αφορισμένε εσύ ντο έρθες;pontic
και είπες με;pontic
Ντο είπε σε θεία Λίτα;pontic
Η Τûοφούλα πολλά γλωσσού έν και ξάι  κι;pontic
σαεύ τα κυρουκά τ Εγώ πα επίστεψα τον κ;pontic
επόνεσα τον πα;pontic
Αέτσ είπε σε ο τûαπουτόχτιστον;pontic
Νέπαι κ εντρέπεσαι κι άμον ασπρομάντιλον;pontic
έρθες κ ερούξες σα ποδάρö μ κ εποίκες;pontic
ατόσα;pontic
παρακαλίας;pontic
Ατώρα εγροίκ σα ντο ίνεται με την;pontic
Πολλά αργώς εγροίκ σες ατο αφορισμένε;pontic
χούσπο Χάθ αγλήγορα απαδαπέσ και τ;pontic
ομμάτö μ;pontic
άλλο μ ελέπ νε σε ενερôστα σε Γιώρικα;pontic
πίασον και σύρον ατον έξ Ελέπ ατον και;pontic
κάτ παθάνω;pontic
Ατός εντροπή ντο έν κ εξέρ;pontic
Αϊτε πακλαεύτ αγλήγορα απαδαπέσ  Τον;pontic
διώχνει κακήν κακώς;pontic
Εγώ φέγω άμα θα δειξίζω σας ποίος έν ο;pontic
Μούχον Φεύγει;pontic
Σον κρεμόν να πας και σον αγύριστον;pontic
Το χαμένον το παρτάλ πώς ευρέθεν αδαπέσ;pontic
Εγώ θεία Λίτα ατόν τον λαπαζάνον πολλά;pontic
φογούμ ατον;pontic
Γιατί φογάσ ατον;pontic
Ατός ο φαρμακόüειλον για τ όλö ίμπειρος;pontic
έν φογούμαι να μη χαλάν την δουλείαν;pontic
εμουν όπως;pontic
εποίκεν και με την Τûοφούλαν Ατόν τον;pontic
κατûαπίτûον εγώ μαναχόν εξέρω ντο;pontic
κατακέφαλος έν;pontic
Γιώρικα ξάι μη φογάσαι Κι είδες ατον;pontic
πώς έφυεν άμον νεβραγμέντσα κάτα;pontic
Για τ ατό φογούμ ατον θεία Λίτα Ατός όχι;pontic
μαναχόν νεβραγμέντσα κάτα όχι μαναχόν;pontic
αλευρωμένος πεντικός ατός αλεπός πα ;pontic
ίνεται και δôβολος πα Και ντο δôβολος;pontic
δôβολος με τα;pontic
τσαρούüö;pontic
Μη φογάσαι είπα σε;pontic
Λάü έν αέτσ άμον το λές ατο;pontic
Δεν κ επορεί να ευτάει ο κατûαπίτûον;pontic
Για πέει με θεία Λίτα ντο εγέντον με την;pontic
Πολλά ενέγκασε με η αφορισμέντσα Ώσνα;pontic
έγκα τεν σα νερά μ είδα κ έπαθα;pontic
Εδέχτεν θεία Λίτα;pontic
Εκείνε άμον εδέχτεν η μάνα τ ς ας;pontic
τερούμε ντο θα λέει;pontic
Η μάνα τ ς πα ντο θα λέει;pontic
Η μάνα τ ς πα πρέπ να θέλ;pontic
Κι αν κι θέλ θεία Λίτα ντο ίνεται ατότε;pontic
Αν κι θέλ πα κι θέλ ντο να ευτάμε εσύ να;pontic
είσαι καλά;pontic
Ατό ντο λέγω εσύ να είσαι καλά Εγώ ντο;pontic
να λέγω που θα χάνω την μοζίκαν Εποίκα;pontic
κι ατόσον;pontic
κόπον;pontic
Είν και τα τûιλούκια εκείνα ενέσπαλες;pontic
Ποίος λογαρôζ τα τûιλούκια η μοζίκα έν;pontic
ό τι έν;pontic
Ατώρα ντο θα ευτάμε θεία Λίτα;pontic
Ατό πα Γιώρικα ενούντσα το Αρ άκ σον ντο;pontic
θα ευτάμε Οσήμερον σον βράδον κέσ θα;pontic
παίρουμ;pontic
τη μάνα σ και θα πάμε σο ψαλάφεμαν;pontic
Αβούτο θεία Λίτα ντο στιβαρόν δουλείαν;pontic
έτον;pontic
Γαρήν θελτς εύκολον πράμαν έν;pontic
Κ έξερα πως έτον ατόσον στιβαρόν;pontic
πράμαν;pontic
Γιώρικα κ έν καιρός για χάσιμον και για;pontic
πολλά λόγια Πρέπ να ταβρανεύκουμες;pontic
Φογούμαι;pontic
όπως είπες κ εσύ εκείνον τον καρανοκέφαλον;pontic
τον Μούχον;pontic
Αβούτο ντο έτον σ εμόν το κιφάλ;pontic
Ε μαύρε ακόμαν πού είσαι;pontic
Γιώρικα πουλί μ τα πολλά;pontic
Εξέρτς ντο λέγω θεία Λίτα;pontic
Πεέι πουλί μ ντο λες;pontic
Κι ίνεται ν αφήνουμ ατο οπίσ;pontic
Νέπαι πάλαλε ατό πώς εδέβεν σον νους;pontic
Γιάμ έεις ατα χαμένα Ατόσον κόπον;pontic
εποίκαμε να πάει;pontic
οπίσ είν άμα μη στεναχωρεύκεσαι Ατά τα;pontic
δουλείας αΐκα είν;pontic
χαμένος;pontic
Εγώ πα ατό λέγω θεία Λίτα εποίκες πολλά;pontic
κόπον να μη νεγκάûκεσαι κι άλλο;pontic
Έικιτι Γιώρικα ο νους ι σ πώς ξάι κι;pontic
κόφτ;pontic
Γιατί θεία Λίτα κι κόφτ;pontic
Ο λύκον πουλί μ αν εμέτρανεν τα;pontic
ποδαρέας ατ κρέας καμίαν κι θα;pontic
εχόρταζεν;pontic
Τ εμέτερον το τöρτ κι κανείται μας;pontic
ατώρα θα έχουμε και το τöρτ τη λύκονος;pontic
αν θα χορτάζ ή αν;pontic
θα απομέν εινασμένος;pontic
Το βούδ πα αν κι τρώει τα βουκεντρέας;pontic
εμπροστά κι πάει;pontic
Γιάμ θα λες με και για τον γάιδαρον;pontic
Αφού θελτς και για τον γάιδαρον άκ σον;pontic
και για τον γάιδαρον το χατίρι σ κι θα;pontic
χαλάνω;pontic
Εσύ πέει κ εγώ ακούω;pontic
Άλλα νουνίζ ο γάιδαρον και άλλα η;pontic
γαΐδαρίνα;pontic
Άλλο ντο παραστράγκαλα θ ακούω ας εσέν;pontic
θεία Λίτα;pontic
Παραστράγκαλα εγώ λέγω γιόξα εσύ Αν;pontic
επουσμάνεψες πέει μ ατο μ εντρέπεσαι Ο;pontic
Μούχον σα;pontic
ποδάρö μ ερούξεν είδες ατον μετ ομμάτö;pontic
Θεία Λίτα εντρέπουμαι να πάω σ οσπίτ τη;pontic
Παρέσας;pontic
Χάσον τα μωρέûö και δέβα μέντζον τη μάνα;pontic
σ να ετοιμάεται Αίμαν έφτυσα ώσνα;pontic
γομώνω;pontic
το κιφάλ τη Παρέσας και να ευτά γ ω την;pontic
καρδίαν ατ ς Κι αν εντρέπεσαι πολλά;pontic
βάλεν έναν κοûκίν;pontic
σο κιφάλι σ κοûκίνö πολλά έχουμε;pontic
Σιγά Αβούτο ντο έτον σ εμόν το κιφάλ;pontic
Αΐκον κιφάλ αΐκα θέλ και πολλά μη;pontic
μουρδουλίεις;pontic
Τρανόν πελôν ετûάτεψα;pontic
Χάσον ντο λές και σούκ δέβα μέντζον τη;pontic
μάνα σ Ας ευτάμ αγλήγορα την δουλείαν;pontic
εμουν Το;pontic
σίδερον ζεστόν κοπανίζ ν ατο;pontic
Καλά θεία Λίτα ατό πολλά σωστά είπες;pontic
ατο Το σίδερον ζεστόν καπανίζ ν ατο;pontic
Φάσον καλά και την μοζίκαν;pontic
Ατό πα θα ευτά γ ω Φεύγει;pontic
Αρ δέβα σο καλόν να ησυχάζω κ εγώ ολίγον;pontic
Πολλά ενέγκασε με ατό η δουλεία;pontic
ΑΥΛΑΙΑ;pontic
ΠΡΑΞΗ Β;pontic
Σκηνικό;pontic
Τα απαραίτητα στο σπιτικό της Παρέσας;pontic
ΠΑΛΑΣΑ;pontic
Βάζει το χέρι της στο μετωπό της για να;pontic
δει εάν έρχεται η Παρέσα και λέει Τ;pontic
αφορισμενόπον;pontic
μ πού επήεν εχάθεν Πάντα όσα θα επένεν;pontic
κάπου έδινε με χαπάρ Όσον ετέρεσα και;pontic
τα στράτας;pontic
έναν εγέντον Ύστερα από λίγο λέει Ντο;pontic
λόγια θ ακούει όντες έρται εγώ πα  κ;pontic
εξέρω Θ αναμένω;pontic
ολίγον κ αλλο κι αν κ έρται θα παίρω τα;pontic
στράτας;pontic
ΚΕΡΕΚΗ;pontic
Ποίος έν;pontic
Ποίος είσαι άνοιξον την πόρταν κ έλα;pontic
απέσ;pontic
Μπαίνοντας Καλησπέρα Παλάσα;pontic
Καλώς την Κερεκήν εμουν κάθκα;pontic
Παλάσα μαναüέσσα είσαι;pontic
Ναι Κερεκή μαναüέσσα είμαι κάθκα είπα;pontic
Κάθεται Καλά η Παρέσα πού έν;pontic
Εφυεν τ αφορισμενόπο μ και χαπάρ πα κ;pontic
εδώκε με Κ εξέρω και πού επήεν Καμίαν κ;pontic
εποίνεν αέτσ;pontic
Κορίτσ έν Παλάσα πάντα απέσ κι θα;pontic
κάθεται σπάν η ýη αθε;pontic
Σωστά λες άμα ας εδίνε με χαπάρ πού θα;pontic
πάει;pontic
Μη στεναχωρεύκεσαι χόû εξέρτς ντο;pontic
κορίτσ έεις;pontic
Παράπονον κ έχω άμα αβούτο ντ εποίκεν κ;pontic
έτον ξάι σωστόν Κ εξέρω ντο να βάλω σο;pontic
νου μ;pontic
Άμον την Παρέσαν ας έταν όλö τα κορίτûö;pontic
Όλ οι χωρέτ τ εκείνες λάφ ευτάνε;pontic
Ντο λένε Κέρεκη για το πουλόπο μ ντο;pontic
λένε για την Παρέσα μ Πέει με πέει με;pontic
λελεύω την ýη σ;pontic
Πολλοί θέλ νε να ευτάν ατεν νύφεν;pontic
Τυχερός εκείνος που θα παίρ öτεν Και;pontic
ποίος κι θέλ να ευτάει;pontic
έναν αΐκον κορίτσ νύφεν;pontic
Να έξερες μαναχόν Κέρεκη πόσον;pontic
στεναχωρεύκουμαι για την Παρέσα μ;pontic
Και γιατί στεναχωρεύκεσαι;pontic
Μίαν να έντριζεν και να ησύχαζα Εγώ;pontic
εβασανίγα και βασανίγουμαι εκείνο να;pontic
μη βασανίεται;pontic
Καλά Παλάσα κανείς κ εψαλάφεσεν ατεν;pontic
Πώς κ εψαλάφεσεν ατεν ένας και δύο Και;pontic
όλα καλά παιδία Αμα το αφορισμενόπο μ;pontic
κανάν κ;pontic
ερέχκεται Ντο έü σον νουν ατ ς κ εξέρω;pontic
Πόσα φοράς είπα τεν πουλόπο μ τέρεν και;pontic
άντρισον;pontic
θέλουμ είναν άγουρον σ οσπίτ;pontic
Και εκείνε ντο λέει;pontic
Δεν κι λέει τ αφορισμενόπο μ και ξάι;pontic
επεκέσ κ έρται;pontic
Αέτσ αν έν πέει ατεν αν κι αντρίεις εσύ;pontic
θ αντρίζω εγώ;pontic
Σος νέκουτûη ντο παλαλά είν ατά ντο λες;pontic
Πώς θα λέγ ατεν έναν αΐκον πράμαν;pontic
παûκεί ντ;pontic
επαλαλώθα;pontic
Μ εχπαράες μασχαρευτά θα λες ατο κει;pontic
Αΐκα μασχαρείας εγώ κ επορώ να ευτά γ ω;pontic
σ κορίτσι μ;pontic
Καλά ησύχασον;pontic
Να έτον ατώρα αδάκα η Παρέσα και να;pontic
εδöρμένενες και να εγόμωνες το κιφάλ ν;pontic
ατ ς;pontic
Στους θεατές Να έξερες μαναχόν για τ;pontic
οποίον έρθα άμα πώς θα λέγ ατο κει;pontic
κορδυλôεται η γλώσσα μ και ντο  ίνεται;pontic
ατότε Ντ εθέλ να και κ εκάθουμ νε σ ωβά μ;pontic
Ύστερα από λίγο λέει Πέει κάτ Κέρεκη ντ;pontic
ετούλωσες;pontic
Πολλά σωστά λες Παλάσα να έτον αδά η;pontic
Παρέσα κ εδöρμένευ ατεν κ εγόμωνα το;pontic
Κι πιστεύω να αγληγορείς;pontic
Την αλήθöν να λέγω σε πολλά πα κι;pontic
αγληγορώ;pontic
Κ ερώτεσα σε πα Κέρεκη σην ύα σ πώς;pontic
είσαι Έφυεν εκείνος ο ψύχον από παν  ι σ;pontic
Έφυεν Παλάσα Στους θεατές Εκείνος ο;pontic
ψύχον έφυεν άμα ατώρα άλλο ψύχον έχω;pontic
Άλλο πώς είσαι Κέρεκη;pontic
Καλά Παλάσα καλά Στους θεατές Ντο θα;pontic
λέγω η μάρσα αν ερωτά με πώς αέτσ;pontic
απαδακέσ;pontic
Πώς αέτσ απαδακέσ Κέρεκη;pontic
Στους θεατές Εθαρείς ελάλ νε με ντ εθέλ;pontic
να κ έλεγα το;pontic
Κέρεκη εσέν λέγω κι ακούς;pontic
Τα έχει χαμένα πιάνεται η γλώσσα της;pontic
και ξεροκαταπίνει Κια ε ε ε ε η Πα η Πα;pontic
Κέρεκη ντο έπαθες ας πάω φέρω σε ολίγον;pontic
νερόν;pontic
Φε φε ρον αγλήγορα;pontic
Πάει και της φέρνει νερό;pontic
Αφού το πίνει λέει Να είσαι καλά Παλάσα;pontic
Καλά ντο έπαθες σίτö έστεκες;pontic
Η Παρ Παρ Παρ;pontic
Νέκουτûη ντο Παρ Παρ Παρ;pontic
Κορ κορδ κορδυλôεται η γλωσσά μ κ επορώ;pontic
να λέγ ατο Κ επορώ να λέγ ατο θα;pontic
φέγω;pontic
Έλα αδά που θα πας Εσέγκες με σην;pontic
υποψίαν Αχ το πουλόπο μ αχ το γιαβρόπο;pontic
μ η Παρέσα;pontic
κάτ έπαθεν Πέει ντο εγέντον Θα ζαντύνω;pontic
θα πάω ρούζω και φουρκίγουμαι;pontic
Παλάσα κακόν μη βαλτς σο νους;pontic
Το πουλόπο μ το γιαβρόπο μ η Παρέσα κάτ;pontic
έπαθεν;pontic
Νέκουτûη μ ευτάς παλαλά είπα σε κακόν;pontic
μη βαλτς σο νου σ;pontic
Ντο θα ευτάω χωρίς εσέν πουλόπο μ;pontic
Παρέσα;pontic
Παλάσα ησύχασον την Παρέσαν ούτε είδα;pontic
ούτε και τιδέν κ εξέρω Εγώ για άλλο;pontic
δουλείαν έρθα;pontic
Απαδαπέσ κι φέεις αν κι λες με ντο;pontic
εξέρτς για την Παρέσαν;pontic
Εγώ Παλάσα για τ άλλον δουλείαν έρθα;pontic
Πέει με για τ οποίον δουλείαν έρθες;pontic
Αφού πιûίεις ατόσον πολλά κι θελτς να;pontic
μαθάντς θα λέγω σ ατο Και καλά ντο;pontic
έρθαν αέτσ τα;pontic
πράματα;pontic
Ανοίγει τα χέρια της από αγωνία Πέει με;pontic
αγλήγορα λελεύω την ýη σ μη τυραννίεις;pontic
με άλλο;pontic
Αέτσ αν έν άκ σον η γλωσσά μ επεκορδυλôεν;pontic
Πέει με αγλήγορα εξέγκες την ýη μ;pontic
Η Παρ;pontic
Επαναλαμβάνει Η Παρ Η αγωνία της στο;pontic
κατακόρυφο;pontic
Η Παραûκευή τη Σαρπιûκενά έστειλε με να;pontic
λέγω σε πως απόψ θα έρταν σο σο σο;pontic
Επαναλαμβάνει Σο σο σο;pontic
Σο σο σο ψαλάφεμαν;pontic
Σο ψαλάφεμαν τη Παρέσας για τον γιον;pontic
ατουν τον Γιαγκούλην;pontic
Ευλο γ ημέντσα αΐκον καλόν χαπάρ έγκες;pontic
με κ εκορδυλôεν η γλώσσα σ Την αγκαλιάζει;pontic
και την;pontic
βάζει να καθίσει Αέτσ ευτάει ο κόσμος;pontic
Έκοψες τα γόνατα μ αφορισμέντσα Ακομάν;pontic
τρομάζω;pontic
Να σ χωράς με Παλάσα κ εθέλ να;pontic
Με το μολύβ να εκρούνες με αίμαν κ;pontic
έσταζα;pontic
Εγώ πα πολλά εστεναχωρεύτα άμα είχα τον;pontic
φόγον γιάμ έκλωθες με οπίσ κ εντροπôγουμ;pontic
νε;pontic
Χάσον τα παλαλά ντο λες;pontic
Αέτσ αν έν ας ίνταν όλö üόνö και νερά Η;pontic
στεναχώρια σο καλόν εξέβε μας;pontic
Αΐκα να είναι τα στεναχώριας να έρταν;pontic
και να δöβαίν νε αγλήγορα;pontic
Κι ατώρα πέει με ντο θα λέγω τα κυρουκά;pontic
τη Γιαγκούλη αναμένε χαπάρö;pontic
Όπως είπες αέτσ πα ας ευτάμε Εκείνος ο;pontic
παιδάς πολλά έβρασεν σην ýη μ Τρανόν;pontic
χαράν εδώκες με;pontic
Ντο χαπάρ είχα εγώ ντο είüες αΐκα νϊάτö;pontic
Αν έξερα το παλάλα κ έμ νε να εκορδυλôγουσον;pontic
η;pontic
γλώσσα μ;pontic
Ας έτον κι ατό αέτσ τα υστερ νά να είναι;pontic
Κι ατώρα Παλάσα ας πάω και όπως είπαμε;pontic
Σο βράδον κέσ ν αναμέντς τα κυρουκά τη;pontic
Γιαγκούλη;pontic
Μετ εκείντς θα έρχουμαι κ εγώ Πολλά;pontic
θέλω να ίνεται ατό η δουλεία;pontic
Να έρüεσαι κ εσύ Κέρεκη πολλά θα;pontic
χάρουμαι Κι ατώρα σίτö πας μέντζον τον;pontic
αντράδελφο μ;pontic
τον Στοφόρον σο βράδον κέσ να έρται κ;pontic
εκείνος σ οσπίτ;pontic
Καλά Παλάσα Φεύγει Όλö καλά να πάνε;pontic
Ο θεόν να δι και όλö να πάνε καλά ;pontic
Μονολογεί Ατό η δουλεία αν ίνεται άλλο;pontic
τιδέν κι θέλω Ας;pontic
σον ουρανόν ντ ερôευα σην γην θα ευρήκ;pontic
ατο Παναΐα δος φώτισην Κάνει το σταυρό;pontic
της την;pontic
Παρέσαν να δέχκεται και να ησυχάζω Να;pontic
ελέπ κ εκείνε έναν άσπρον ημέραν ;pontic
Ύστερα από λίγη;pontic
σιωπή λέει Άμα τ αφορισμενόπο μ γιατί κ;pontic
εφάνθεν ακόμαν Πότε θα έρται και να;pontic
ευτάμε κ ένα;pontic
δύο ετοιμασίας Για ας τερώ μίαν κι άλλο;pontic
πουδέν φαίνεται;pontic
Εκείνη την ώρα μπαίνει μέσα η Παρέσα;pontic
Νέκουτûη αφορισμέντσα πού επήες εχάθες;pontic
και χαπάρ;pontic
πα κ εδώκες με;pontic
Μάνα μη τûαίεις και μη χαλάντς τον;pontic
κόσμον;pontic
Ατό ντ εποίκες καμίαν κ εποίνες ατο;pontic
Γιατί κ εδώκες με χαπάρ να μη στεναχωρεύκουμαι;pontic
Μίαν κ εδώκα σε χαπάρ και θα εβγάλτς ατο;pontic
ας σο μυτί μ;pontic
Κια πουλόπο μ εστεναχωρεύτα μάνα είμαι;pontic
ντο να ευτάω;pontic
Καλά μάνα άλλο κι θα ευτάγ ατο άλλο  κι;pontic
θα στενχωρεύω σε Κι ατώρα άκ σον ντο θα;pontic
λέγω σε;pontic
να üαίρεσαι;pontic
Πέει με πουλόπο μ πέει με κι ας üαίρουμαι;pontic
Μάνα ας ευτάμε αγλήγορα Σο βράδον κέσ;pontic
θα έρταν σο ψαλάφεμαν Πέει με ντο πρέπ;pontic
να ευτάμε;pontic
Κόριτσ κ εσύ απόθεν εξέρτς ατο Ποίος;pontic
είπες ατο;pontic
Μάνα εξέρτς ατο κ εσύ;pontic
Εσύ εξέρτς ατο κ εγώ αν εξέρ ατο πολλά;pontic
έν;pontic
Καλά μάνα μη χολôûκεσαι ερώτεσα σε;pontic
ποίος έρθεν και είπε σ ατο;pontic
Ποίος είπε μ ατο ντο λόγος έν Κάποιος;pontic
έρθεν και είπε μ ατο Εσέν ποίος είπεν;pontic
Μάνα θα λέγω σε μαναχόν μη χολάûκεσαι;pontic
και μη λες πάντα τ εσά;pontic
Τίνος θελτς να λέγω τ εσά T εμά θα λέγω;pontic
Εσύ ξαν τ εσά;pontic
Νέκουτûη πέει με ποίος είπε σ ατο κι άφ;pontic
ς τα πολλά τα λόγια Κ έν καιρός για;pontic
χάσιμον;pontic
Εμέν είπεν ατο η Λίτα;pontic
Παραξενεμένη Ποίος είπες Γιάμ κ έκ σα;pontic
καλά πέει ατο μίαν κ άλλο;pontic
Παραξενεμένη και αυτή Μάνα ντ εχπαράες;pontic
Η Λίτα είπα σε είπε μ ατο;pontic
Καλά η περή απόθεν έμαθεν ατο;pontic
Εκείνε ποίον εφέκεν χάμ κ επέμ νεν κι;pontic
Σωστά λες ποίον εφέκεν χάμ κ επέμ νεν κι;pontic
ατο Στους θεατές Λέτε να εσέγκαν κ;pontic
εκείνεν την;pontic
τûαρτομάισσαν και είπε σ ατο;pontic
Εκούξε με σ οσπίτ ν ατ ς κ εκεί είπε μ;pontic
Νέκουτûη ντο λες Για κάθκα κάθεται και;pontic
πέει με ντο ίνεται αδακέσ Άμον  κ ελέπω;pontic
καλά τα;pontic
πράματα Για πέει με ντο είπε σε;pontic
Και ντο κι είπε με να έξερες μαναχόν Δύο;pontic
ώρας έλεεν Από πού να σκαλώνω εγώ πα  κ;pontic
εξέρω;pontic
Είπεν το έναν είπεν το άλλο το στόμαν ατ;pontic
ς απάν κ έρθεν Εγώ όχι είπα τεν κ εστάθα;pontic
Εκείνε;pontic
ξαν τ εκεινές Έλα και μη χαντς αΐκον;pontic
παλικάρ θα έει σε και θα παρέει σε Σ;pontic
έναν αΐκον οσπίτ;pontic
αν εμπαίντς άλλο δεν κι θελτς Θα ελέπ ς;pontic
άσπρον ημέραν θα ησυχάζ και η μάνα σ;pontic
Είπεν εκείνε;pontic
είπα εγώ σα τελευταία πώς εγέντον εγώ;pontic
πα κ ηξέρω επέρεν τ αχούλö μ;pontic
Καλά εσύ χωρίς τη μάνα σ πώς έκοψες και;pontic
έραψες Πώς εποίκες αΐκον δουλείαν;pontic
Εγώ ούτε έκοψα ούτε έραψα;pontic
Κιάμ πώς επέρεν τ αχούλö σ;pontic
Είπα τεν και τ άλλο Αν κι θέλ η μάνα μ;pontic
ατο η δουλεία κι ίνεται;pontic
Ατό πολλά καλά ενούντσες και είπες ατο;pontic
Εκείνε ντο είπε σε όντες είπες ατεν;pontic
αέτσ;pontic
Τη μάνα σ πώς κι θα ερωτάς θα ερωτάς και;pontic
τη μάνα σ Χωρίς την βουλήν τη μάνας ι σ;pontic
να μη;pontic
ευτάς τιδέν;pontic
Και κα κι λες με εκεί έσ νε όσον τώρα;pontic
Εκεί έμ νε Σην στράταν σίτö έρχουμ νε;pontic
επέντεσα την θεία μ την Τûόφαν;pontic
Εκαλάτûεψα και με τ;pontic
εκείνεν ολίγον;pontic
Πώς έν Έν καλά;pontic
Καλά έν είπε να λέγω σε και προûκυνήματα;pontic
και αύριον ίσως να έρται ελέπ σε;pontic
Ας έν καλά Κι ατώρα δέβα φέρον έναν;pontic
τενίμ νερόν να σιλεύουμε αβούτο τ απέσ;pontic
Καλά μάνα ας πάω παίρω την κάντùαν και;pontic
τα βέτρöς και πάω;pontic
Τέρεν με την μαχανάν και τα ζα γιάμ;pontic
ελύγαν και κρούνε τ έναν τ άλλο;pontic
Άλλο ντο να ευτά γ ω;pontic
Τέρεν κι αγλήγορα να κλώûκεσαι Ωρôσον;pontic
πιάûκεσαι με την κανάν σην καλατûήν κι;pontic
ανασπάλλτς να;pontic
έρüεσαι Πρέπ να ευτάμε αγλήγορα γιατί;pontic
κι θα προφτάνουμ;pontic
Ώσνα τερείς ολόγερα αδά θα είμαι Σ έναν;pontic
κάρτον πάω κ έρχουμαι Φεύγει;pontic
Μονολογεί Πολλά χαρεμέντσαν ελέπω την;pontic
Παρέσα μ Και πώς να μη έν χαρεμέντσα;pontic
που θα;pontic
παίρ έναν αΐκον καλόν παιδίν Ας είχαμ κ;pontic
εμείς ατουκά τύχην Τρία χρονών;pontic
ορφανίεν το;pontic
πουλόπο μ Εγώ εξέρω πώς επέρασαν;pontic
απατότε δεκαπέντε χρόνö εγώ εξέρω ντο;pontic
έσυρα;pontic
ώσνα τρανύν ατο εγώ εξέρω ντο μαύρα;pontic
ημέρας εδέβασα ώσνα φέρ ατο σ αβούτο;pontic
την ηλικίαν;pontic
Έϊ κιτι μαύρα χρόνö να πάτε κι άλλο να;pontic
μη κλώσκουσταν Εκείνα ολίγον πολλά;pontic
ενεσπάλθαν;pontic
απαδά και πέραν να είναι καλά Πολλά;pontic
αγνός και θαμαστός έν αβούτος ο κόσμος;pontic
Μίαν χαρεμένος;pontic
και μίαν στεναχωρεμένος Κι αν θέλουμ να;pontic
λέμε την ορθίαν τα στεναχώριας είναι κ;pontic
άλλο πολλά;pontic
Άμα ατώρα κ έν καιρός να νουνίζουμ αΐκα;pontic
πράματα άλλα έχουμε να ευτάμε;pontic
Μπαίνει και λέει Μάνα έρθα;pontic
Καλά εποίκες πουλί μ Κι ατώρα σίλεψον;pontic
αβούτο τ απέσ κ εγώ ας πάω τερώ ντο;pontic
ετοιμασίας θα;pontic
ευτά γ ω Φεύγει;pontic
Σφουγγαρίζει και τραγουδάει;pontic
Η κόρ επήεν σον παρχάρ ε ε ε πουλί ί μ;pontic
που ου λίμ;pontic
να ί νε ται ρομάνα έλα έλα λέγω σε ε ε ;pontic
ε;pontic
και για τ ατέν θα ίνουμαι που ου λίμ;pontic
γιαβρί μ;pontic
και κυ νη γός σ ορμάνö ποδε ποδεδίζω σε;pontic
ε ε ε;pontic
Μπαίνει μέσα μόλις τελειώνει το;pontic
τραγούδι η Παρέσα Πάρεσα κ ερώτεσα σε;pontic
πα πώς ελέπ ς τα;pontic
Μάνα καλά ελέπ ατα εσύ πώς ελέπ ς ατα;pontic
Εγώ πα καλά ελέπ ατα κρυφόν χαράν έχω;pontic
Μάνα καλόν παιδίν έν;pontic
Καλόν και πολλά καλόν;pontic
Την σειράν ατουν πα καλά έü νε;pontic
Ο κυρτς ατ πολλά βίον εφέκεν ατον;pontic
Ντο βίον εφέκεν ατον;pontic
Ολίγον έν το βίον ντ εφέκεν ατον;pontic
Νέκουτûη για τίναν λες με εσύ;pontic
Για τίναν πα λέγω σε ντο λόγος έν Για;pontic
τον Γιωρίκαν τη Κακάτûονος λέγω σε;pontic
Χαûευτόν νερόν έúες απάν ι μ θα ζαντύνω;pontic
Ντο θα ευτά γ ω η μάρσα ποίον στράταν να;pontic
παίρω και;pontic
πάω χάμαι;pontic
Μάνα ντο έπαθες σίτö έστεκες;pontic
Äκυλογέτιμον άλλο ντο εθέλνες να;pontic
επαθάνα;pontic
Μάνα ντο έν;pontic
Έναν έχω σε ξάι να μη είχα σε Ήμαρτον;pontic
θεέ μ τρανόν λόγον είπα Κάνει την;pontic
προσευχή της;pontic
σ χώρα με;pontic
Μάνα έλα σα καλά σ ντο έπαθες;pontic
ΠΑΛΑΚΑ;pontic
Αφορισμενόπον άλλο ντο θελτς να παθάνω;pontic
Εσύ πώς εποίκες αΐκον ανούνιγον;pontic
δουλείαν;pontic
Εγώ εποίκα ανούνιγον δουλείαν;pontic
Κόψον τη λαλίας Έεις και κατσίν και;pontic
καλατûεύς;pontic
Μάνα;pontic
Την κόβει απότομα και λέγει Τσούρα το;pontic
είπα;pontic
Απότομα Χάθ απ έμπρö μ είπα σε Εφαρμάκωσες;pontic
με;pontic
Ντο εποίκα και εφαρμάκωσα σε;pontic
Νέκουτûη τ εκείνου ποίον ερέχτες;pontic
Γιατί ντο έü ο Γιωρίκας τûιπ καλόν;pontic
παιδίν έν;pontic
Ο καλομηνάς εδέβεν από πάν ατ;pontic
Κι άμον τον Γιωρίκαν ποίος έν;pontic
Ανάθεμα κ εσέν κ εκείνον το μεθύστακαν;pontic
Μάνα άλλο κι πίν κι άλλο κι μεθύν;pontic
Χάσον τον χουμαρτùήν;pontic
Χαρτία πα άλλο κι παίζ και σο καφενείον;pontic
πα άλλο κι πάει;pontic
Τέρεν εσύ ντο λέει με για τον τöμπôλ;pontic
Μάνα όντες γυναικίζ θ αλλάζ;pontic
Σ εκείν τ ωμίν απάν να κείσαι;pontic
Μάνα θ αλλάζ λέγω σε;pontic
Ανάμ νον κόρ ανάμ νον Ο λύκον πρόγατον;pontic
κι ίνεται;pontic
Μάνα μ είσαι ατόσον χαΐνενα;pontic
Κόριτσ κόψον τη λαλία σ ως αδακά ;pontic
δείχνει το λαιμό της έγκες με;pontic
Μάνα έκοψες τα φτερά μ άλλο κι ηξέρω ντο;pontic
να λέγω;pontic
Νέκουτûη κι ίνεται να μενίζουμ ατ ς να;pontic
μη έρταν;pontic
Μάνα ξάι μη πιûίεις ατό η δουλεία θα ;pontic
Εγώ πα λέγω κι θα ίνεται Εκείνε η;pontic
τûαρτομάισσα πώς επέρεν τ αχούλö σ;pontic
Θαμάουμαι;pontic
θαμάουμαι μετ εσέν το κορίτσ;pontic
Τ εσά τ αχούλö ποίος επέρεν;pontic
Εγώ άλλα ενούνιζα και άλλα έρθαν σο;pontic
κιφάλι μ;pontic
Εσύ ντο ενούνιζες;pontic
Εγώ ατώρα ντο τûογάπ θα δίγω σα κυρουκά;pontic
τη Γιάγκονος;pontic
Τίνος Γιάγκονος;pontic
Τη Γιάγκονος τη Σαρπιûκενά;pontic
Γιάμ έδωκες το λόγο σ και σ εκείντς;pontic
Εφέκαμ το καλόν το παιδίν κ επίασαμ σην;pontic
γιαχάν τη χουμαρτûή Αΐκον πα άλλο  κ;pontic
είδα;pontic
Μάνα άδικα μη χαντς τα λόγια σ;pontic
Τεμôκ χάνω και τα λόγια μ Αΐκον έν κρους;pontic
τ ωβόν σην πέτραν τ ωβόν τσακούται;pontic
κρους την;pontic
πέτραν σ ωβόν ξαν τ ωβόν τσακούται;pontic
Μάνα αν κι ίνεται με τον Γιωρίκαν θα;pontic
ευτά γ ω ό τι εποίκεν η Θεοφρονία;pontic
Όχι πουλόπο μ ατό μαναχόν μ ευτάς κι ας;pontic
ίνεται όπως θελτς;pontic
Αγκαλιάζει τη μάνα της και λέει Μάνα μη;pontic
στεναχωρεύκεσαι όλö καλά θα πάνε;pontic
ΛΕΜΟΝΑ;pontic
Χτυπάει τη πόρτα και μπαίνει Ύας και;pontic
üαιρετίας και καλά να πάνε τα δουλείας;pontic
Καλώς την Λεμόναν πώς αέτσ απαδακέσ;pontic
Κάτ θέλω να λέγω σε;pontic
Πέει κι ας ακούω;pontic
Τα κυρουκά τη Μούχονος έστειλαν εμε να;pontic
λέγω σας πως απόψ θα έρταν σο ψαλάφεμαν;pontic
Για τίναν Μούχον λες με;pontic
Για τον Μούχον τη Κακάτûονος;pontic
Νέκουτûη ντο λες Γιάμ εζαντυνες κ εσύ;pontic
πα κ εκείν πα που έστειλαν εσε;pontic
Γιατί Παλάσα;pontic
Εκείνος λογοδοσμένος κ έν με την;pontic
Τûοφούλαν;pontic
Έτον ατώρα κ έν;pontic
Εχάλασεν ατα και μετ εκείνεν;pontic
Κ εταιρίαξαν πολλά γλωσσού έν και τα;pontic
κυρουκά τ πα ξάι κ εσάευεν;pontic
Στους θεατές Εκείνος πολλά τιχουρλού;pontic
Ντο είπες Παλάσα;pontic
Να πας λες ατ ς αδακέσ να μη πατούν;pontic
Εκείνος πα το χάπιτικ ντο έν και θα;pontic
κοροϊδεύ τη χώρας τα κορίτûö Με την;pontic
Καρτερήν κ;pontic
εταιρίαξεν με την Τûοφούλαν κ εταιρίαξεν;pontic
και θα ταιριάζ με την Παρέσαν;pontic
Η Παρέσα άλλο έν;pontic
Λεμόνα καλά θα ευτάς να πας λες ατ ς να;pontic
κάθουνταν σ ωβά τουν κ αδακέσ να;pontic
μη;pontic
Ας έρταν κι ατά ντο είπες πέει ατα και σ;pontic
εκείντς;pontic
Είπα σε αδακέσ δουλείαν κ έχ νε;pontic
Ας ερωτούμ και την Παρέσαν ας τερούμ;pontic
ντο λέει κ εκείνε;pontic
Ατουκά έν ορώτα τεν;pontic
Πάρεσα πουλί μ εσύ ντο λες;pontic
Ό τι λέει η μάνα μ να κάθουνταν σ ωβά;pontic
τουν κι αδακέσ να μη πατούν;pontic
Γιάμ έν ση μέσ απέσ άλλος;pontic
Ατό τ εμέτερον δουλείαν έν;pontic
Αέτσ αν έν ας πάω λέγ ατ ς να κάθουνταν σ;pontic
ωβά τουν Φεύγει;pontic
Αέτσ να λες ατ ς;pontic
Μάνα ντο να ευτά γ ω ατώρα;pontic
Δέβα βράσον κάμποσα ωβά ας είναι έτοιμα;pontic
Καλά μάνα Φεύγει;pontic
Μονολογεί Χριστέ μ Κάνει το σταυρό της;pontic
λελεύω τ όνομα σ δος με φώτισην;pontic
πατούν;pontic
Η Παρέσα μ σε τρανόν πελôν εσέγκε με Ντο;pontic
θα ευτά γ ω κ εξέρω Κι θέλω να χαλάνω;pontic
καρδίαν ατ ς Το παιδί μ έν και ο γονέον;pontic
πάντα θέλ το καλόν τη παιδί ατ Ντο έσυρα;pontic
εγώ η;pontic
μάρσα ώσνα τρανύν ατεν και τέρεν εσύ;pontic
ντο έγκεν ατώρα σο κιφάλι μ Πώς θα ευτά;pontic
γ ω πώς θα;pontic
ευτά γ ω εγώ με τα üέρö μ έναν αΐκον;pontic
δουλείαν Πώς θα λέγω το ναι Έναν καλόν;pontic
λόγον κ έκ σα;pontic
για τ εκείνον τον παιδάν Ντο ερέχτεν τ;pontic
εκεινού χαπάρ κ έχω Πώς εκατάφερεν κ;pontic
επέρεν τ;pontic
αχούλö τ ς εκείνε η λεντζού εκείνε η;pontic
τουρτουρόüειλος εκείνε η καταραμέντσα;pontic
Την κιαντήν ατ ς;pontic
κι τερεί τ αλλτς τερεί ν αντρίζ Ποίος;pontic
είπεν ατεν να ταράεται σ εμόν το κορίτσ;pontic
Εμέν γιατί κ ερώτεσεν;pontic
Μπαίνοντας Μάνα ντο πουûτουρίεις;pontic
μαναüέσσα;pontic
Παρέσα πουλί μ σε τρανόν πελôν εσέγκες;pontic
με Πολλά στενχωρεύκουμαι Νουνίζω κ;pontic
απονουνίζω;pontic
πώς επέρες αΐκον απόφασην Πώς επέρεν τ;pontic
αχούλö σ εκείνε η τûσαρτομάισσα;pontic
Μάνα ξαν ντο εντώκεν σο νου σ Κι θέλω να;pontic
στεναχωρεύκεσαι Εκείνε τηνάν λες το;pontic
κακόν εμούν κι θέλ;pontic
Εσύ ρίζα μ τûαχάλ κον είσαι ο νους ι σ;pontic
ακομάν κι κόφτ Ωφ ωφ και ξαν ωφ;pontic
Μάνα ντο ωφ ωφ γιατί ωφλöεύς;pontic
Πάρεσα πουλί μ έλα και μη ίνεται ατό η;pontic
δουλεία Άκ σον τη μάνα σ το καλός θέλω;pontic
Ντο να;pontic
ευτάγ ατο όντας θα πουûμανεύς απυστερναίας;pontic
Μάνα ξαν ντο έρθεν εύρε σε;pontic
Πάρεσα τ εκείνου ποίον ερέχτες Έναν;pontic
καλόν λόγον κ έκ σα για τ εκείνον τον;pontic
παιδάν;pontic
Ο Δαμιανόν πα τη Κουτάλ αΐκος έτον άμα;pontic
είδες πόσον έλλαξεν ασσό εγυναίκ σεν;pontic
Πέει με σωστά;pontic
κι λέγω Ποίος έν άμον εκείνον νοικοκύρτς;pontic
ατώρα;pontic
Η πισσού και η ξερομούντζουρος η Λίτα;pontic
εμάτσε σε ατά τ αχούλö Το κολοβόν τ;pontic
οφίδ;pontic
Εσύ όπως λες τ εμόν ο νους ξάι κι κόφτ κι;pontic
ας σον κόσμον χαπάρ κ έχω Τεμôκ βούδ;pontic
παλαλόν;pontic
Άμον πολλά αγλôζ η γλώσσα σ;pontic
Τ εσόν ο Γιαγκούλης κι άλλο καλός έν;pontic
Εσύ ντο λες κ έν κι άλλο καλός;pontic
Ο τολαντουρτûής ολίγα κορίτûö εκορόιδεψεν;pontic
Εγώ άμον μάνα πολεμώ για το καλό σ εσύ;pontic
αν κι θελτς να εγροικάς ατο ντο;pontic
να;pontic
ευτά γ ω σε Κι θέλω απυστερναίας να;pontic
ευρήκ ς σ εμέν μαχανάν Αν κι θα περάεις;pontic
καλά εγώ θα;pontic
υποφέρω εγώ θα στεναχωρεύκουμαι εγώ θα;pontic
τρώγω την ýη μ Φογούμαι αγλήγορα θ;pontic
αποθάνω;pontic
Μάνα μη τογραεύς την καρδία μ θέλω με τ;pontic
εσόν την ευüήν να ίνεται;pontic
Εγώ πουλί μ ό τι είχα να έλεγα σε είπα το;pontic
Κοιτάζει από το παράθυρο και λέει Μάνα;pontic
ντο ελέπω;pontic
Ντο ελέπ ς;pontic
Ο Γιαγκούλης τα κυρουκά τ η Κερεκή τη;pontic
Καρτσάλ και η θεία τη Γιαγκούλη η;pontic
Μυροφόρα;pontic
Αδακέσ έρταν;pontic
Ατείν πα σο ψαλάφεμαν έρταν ντο θα ευτά;pontic
γ ω ατώρα κι ηξέρω;pontic
Κουνώντας το κεφάλι λέει Ατώρα εγροίκ;pontic
σα ντο ίνεται;pontic
Άνοιξον τ ομμάτö σ ατός έν για τ εσέν;pontic
Καλόν παιδίν και καλόγνωμον;pontic
Μάνα ξαί μη χαντς τα λόγια σ;pontic
Αφορισμενόπον εμά γ εψε σε εκείνε η;pontic
τσερεπίνα εκείνε η καταμάγια;pontic
Μάνα το καλόν ντο θέλω ας εσέν έν να μη;pontic
βάλτς ατ ς απέσ;pontic
Νέκουτûη εζάντυνες Πώς κι θα βάλ ατ ς;pontic
απέσ Ατό ντο λες εσύ εγώ κ επορώ να ευτά;pontic
γ ω ατο;pontic
Ντο θα λέει ο Γιωρίκας αν έρται κ ελέπ;pontic
öτ ς αδαπέσ;pontic
Η γαϊλô μ ο Γιωρίκας έν ας πάει λέει;pontic
ήντöν θέλ Ατώρα θα φογούμες και τον;pontic
Γιωρίκαν Φογούμες;pontic
τον άρκον θα φογούμες και την πορδήν ατ;pontic
Μάνα μη βαλτς ατ ς απέσ;pontic
Ακόμαν κ εζάντυνα να ευτά γ ω ατό ντο;pontic
Αν βαλτς ατ ς απέσ εγώ εμπροστά τουν  κ;pontic
εβγαίνω;pontic
Αΐκα παλαλά κι θέλω να λες Ατό ντο λες;pontic
ξάι σωστόν κ έν;pontic
Χτυπάει τη πόρτα;pontic
Εγώ φέγω Φεύγει;pontic
Ξαναχτυπάει τη πόρτα και λέει Παλάσα;pontic
άνοιξον;pontic
Πηγαίνει να ανοίξει ενώ συγχρόνως λέει;pontic
Ντο θ ευτά γ ω η μάρσα ρεζίλ θα  ίνουμαι;pontic
Παναΐα ντο;pontic
έτον αβούτο σ εμόν το κιφάλ Ανοίγει την;pontic
πόρτα;pontic
Μπαίνουν όλοι μαζί και απευθύνουν;pontic
διάφορους χαιρετισμούς Ύας και;pontic
üαιρετίας;pontic
Τους καλωσορίζει και τους λέει;pontic
Καθέστεν καθέστεν Αφού καθήσουν όλοι η;pontic
ίδια κάθεται δίπλα;pontic
στην Κερεκή;pontic
Παλάσα η Παρέσα πού έν το πρωί πα όντες;pontic
έρθα κι είδα τεν Κ έν αδά;pontic
Σο μαντρίν έν επήεν να φάζ τα ζα;pontic
Είπες ατεν πως θα έρχουμες;pontic
Είπα το είπα το αέτσ απαγκέσ απαγκέσ;pontic
Ατώρα όντες έρται τέρεν και γόμωσον το;pontic
κιφάλ ν ατ ς;pontic
Καλά ντο είπες μ ατο αέτσ θα ευτά γ ω;pontic
ΚΩΣΤΗΣ;pontic
Παλάσα πώς είσαι;pontic
Καλά Κώστη καλά ας λέμε;pontic
Πάντα καλα να είσαι;pontic
Εγώ ας αφήνω σας ολίγον Φεύγει;pontic
Τα πράματα πολλά κρύα είν κ ελέπ ατα;pontic
ΚΑΛΗ;pontic
Εγώ πα εγροίξ ατο όντες εσέβαμ απέσ;pontic
Εσύ αμάν όλö εγροικάς ο νους ι σ αμάν σο;pontic
κακόν πάει αμάν φερτς τον κατακλυσμόν;pontic
Καλά έλεγα σας πουδέν δουλείαν κ έχουμε;pontic
Μη κόφ ς αμάν τ ομούτ Εσύ πάντα το κακόν;pontic
φερτς εμπροστά ντο θάμαν γαρή είσαι κ;pontic
Για καθέστεν πού ευρίγουστουν Αδαπέσ;pontic
έρθετε να ταβίζετε Ποίστε ολίγον;pontic
υπομονήν ας τερούμε;pontic
ντο θα ίνεται;pontic
Εμέν μη λες ατο ακείνεν Δείχνει την;pontic
Κάλη πέει ατο;pontic
Ο κουτούφαλον ξαν ντο είπεν;pontic
Έρχεται η Παρέσα και τους κερνάει;pontic
Έρχεται και η Παλάσα και κάθεται δίπλα;pontic
στην Κερεκή;pontic
Την ώρα που κερνάει η Παρέσα δίνονται;pontic
διάφορες ευχές Οι επισκέπτες δείχνουν;pontic
να είναι;pontic
εντυπωσιασμένοι με την ομορφιά της;pontic
Παρέσας;pontic
Καθώς κερνιέται Σην ύαν ολωνών Παλάσα;pontic
ο θεόν να δίει σας ό τι αγαπάτεν;pontic
Να είσαι καλά Κώστη;pontic
Σην ύαν εσουν και ό τι ποθείτε;pontic
Ύαν να έüετεν;pontic
Όπως ποθούμε αέτσ πα να ίνεται;pontic
ΓΙΑΓΚΟΥΛΗΣ;pontic
Ο θεόν να δίει σας χρόνö και ό τι άλλο;pontic
αγαπάτε;pontic
Να είσαι καλά πουλί μ Γιαγκούλη;pontic
Η Παρέσα όλο αυτό το διάστημα είναι;pontic
ψυχρή και αδιάφορη και με κατεβασμένο;pontic
το κεφάλι Στη;pontic
συνέχεια φεύγει για να μην ξαναεπιστρέψει;pontic
επειδή περιμένει το Γιωρίκα;pontic
Στην Κερεκή λίγο μετά την αποχώρηση;pontic
της Παρέσας Κέρεκη για δέβα τέρεν ντο;pontic
θέλ να λέει σε;pontic
η Παρέσα;pontic
Ας πάω Φεύγει;pontic
Άλλο πώς πας Παλάσα;pontic
Με το νου μ καλά είμαι Κώστη;pontic
Άλλο κ εδέβες σ εμέτερα κέσ;pontic
Ντο να λέγω σε Κώστη τα δουλείας κι αφήν;pontic
νε με;pontic
Εροθύμεσες ατεν;pontic
Πώς επήγαν οφέτος τα γεννήματα;pontic
Καλά Κώστη ας οπέρτς κι άλλο καλλίων;pontic
παράπονον κ έχω Τ εσά πώς επήγαν;pontic
Τ εμά πα καλά επήγαν παράπονον εγώ πα  κ;pontic
έχω άμα τ αφορισμένα πολλά τôλιτûαν;pontic
είχαν;pontic
Ατόσον ατόσον τ εμά πα είχαν;pontic
Λαζούδö πα εσέγκες;pontic
Λαζούδö πα εσέγκα και σουσάμö πα Και;pontic
όλö οφέτος καλά επήγαν Έξ απέσ όλö;pontic
εγόμωσα;pontic
Παλάσα ντο ελέπω όσον το πας και;pontic
νεούσαι;pontic
Αγριεύει και κουνάει απειλητικά το;pontic
κεφάλι της;pontic
Κώστη ντο είπες;pontic
Όσον το πας και νεούσαι είπεν;pontic
Πόσα παράδας ευτάνε τα κορίτûö τη χωρί;pontic
εμουν;pontic
Χάσον το λες Κώστη;pontic
Ποίος λέει πως έεις κορίτσ τη παντριάς;pontic
Κώστη κανείται πάτ απάν;pontic
Κάλη σωστά κι λέγω;pontic
Εσύ αφορισμένε κατακέφαλε τûιπ έχασες;pontic
την εντροπής;pontic
Γιατί Κάλη ντο είπα κ επέρες με κ;pontic
εστάθες;pontic
Κόψον τη λαλία σ γιατί ασσό λες χαπάρ κ;pontic
Εγώ κ έχω χαπάρ Νασάν τ αχούλö σ;pontic
Για πέει με εσύ εμείς για την Παλάσαν;pontic
έρθαμε;pontic
Εσύ πα ντ αγνέσσα είσαι ση Παλάσας τ;pontic
οσπίτ ευρίγουμες για την Παλάσαν θα;pontic
λέμε;pontic
Τέρ εσύ την καμέτιαν ντο λέει και πώς;pontic
ευτάει σε και σπαντς;pontic
Αν θελτς σπάσον κι αν θελτς τûάκλιξον;pontic
εγώ την ορθίαν λέγω;pontic
Κώστη έλα σα καλά σ μ ευτάς με κι ανοίγω;pontic
το στόμα μ;pontic
Κάλη άφ ς ατον ας λέει;pontic
Τερώ εσύ πα ερέχτες ντο λέει;pontic
Ποίος κ ερέχκεται όντες ακούει αΐκα;pontic
λόγια;pontic
Εθέλνες να έκουες ατο;pontic
Αφορισμένε μωμόγερε εμείς για τ όποιον;pontic
έρθαμε;pontic
Εσύ κ εξέρτς και ερωτάς εμέν;pontic
Εγώ εξέρω εσύ φαίνεται κ επέρες χαπάρ;pontic
Νέκουτûη γιάμ εσέβεν απέσ ι σ ο δôβολον;pontic
Ο δôβολον σ εσέν απέσ εσέβεν άμα ας ευτά;pontic
γ ω υπομονήν ώσνα πάμε σ οσπίτ κ εγώ;pontic
μαθίζω σε;pontic
Εσύ αν θελτς δέβα εγώ θ απομένω αδά;pontic
Εμείς για την Παλάσαν έρθαμε;pontic
Μπαίνει φουρτουνιασμένη και λέει Σ;pontic
κωθέστεν αγλήγορα κ ας δöβαίνουμε πλαν;pontic
Γιατί Κέρεκη ντο εγέντον;pontic
Η αφορισμέντσα όχι είπεν κ εστάθεν;pontic
Γιατί Κέρεκη είπεν όχι;pontic
Φαίνεται άλλος έν ση μέσ απέσ;pontic
γόνατά σ απάνω Εγώ κι εσύ εδώκαμε χαρά ο γεις τ αλλού;Cretan
Κουμπάρε άμε λείπε με Κι έχω κοιλιές να πλύνω ;Cretan
κι εγίνηκε σταυραητός και τον επήρ απάνω ;Cretan
 Σ τὸ σπίτι μου γεννήθηκε κ ἤτονε ἀναθροφή μου ;Cretan
γυρέψω χάδια ;Cretan
μιλήσω nΚι αύριο θα πά να τήνε ιδώ να τήνε χαιρετήξω 5 nΝα ιδώ ά δεν;Cretan
Ήστεκεν ο Pωτόκριτος πάντα σιμά στου Pήγα ;Cretan
Σα το μαγκανοπήγαδο τούτος ο κόσμος μοιάζει όντε γεμίζει ο γεις γουβάς ο;Cretan
Αποκειδα ο Ουρανός κι η Γής εξεπορίσα ;Cretan
ΑΡΕΤΑ;Cretan
και γέρα να χουνε διπλά Α δη κι αν τύχει πράμα;Cretan
Πόθος μεγάλος καὶ πολὺς τὴν Ἐρωφίλη ἀντάμι;Cretan
 Είδες μαθώς την αφεδιά σου ;Cretan
και να διερωτάσαι γιατί αυτό και γιατί εκείνο και να σε τρώνε οι τύψεις ;Cretan
Μα ναι γλυκό για λόγου μου και τ ακριβό μου ταίρι;Cretan
τουτονε τον ιερό ;Cretan
Επρεπε ζάρε αν είχες νου κι αγάπας και το Δήμο ;Cretan
και με τα μάθια σ αναρωτάς τον ;Cretan
και πέ του πως Eκείνηνά που ρήγευγε στην Tροία ;Cretan
βήλα;Cretan
στο τριγύρι τ αμαθιού ;Cretan
καὶ μαθητὴ γιὰ δάσκαλο πράμα τὸ δὲν ξεικάζω ;Cretan
Εκειέ στο γύρο ;Cretan
 στο Βαλέ ;Cretan
Κι ἐσὺ μὲ δίχως ντεσκριτσὸ καὶ μ ἀσπλαχνιὰ μεγάλη;Cretan
Για κείνο δεν ευρέθηκε προφήτης ν αγιάσει;Cretan
ἀνάμεσά σας βλέπετε τώρα μηδὲν ἀρχίσῃ;Cretan
Δεν είμαστε τσ ίδιας σειράς ;Cretan
κι ο Kύρης μου απ την πρίκαν του λογιάζω ν αποθάνει ;Cretan
σύμμαχος θα σας ε σταθω μα έτσα πρέπει κιόλας ;Cretan
πεταμένη και σφαμένη;Cretan
Γεώργιος Χορτάτσης Κατζούρμπος E στίχοι 439 474 ;Cretan
Φουριάρες αίγες οι χαρές και ποιος τσι κουτελώνει και ποιος βοσκός τσ ;Cretan
Ετούτονέ κι όξω να πάς από τα σύνορά σας;Cretan
Θάνατός μου τος μου Mου Mού ;Cretan
Aναθεμά το νάμι μου Πολλές φορές κι αλλότες ;Cretan
εδέτσι εμοιάσασι κι αυτοί κ ήτον γεμάτοι Πάθη 595;Cretan
κι άλλο στο κλάημα ρίχνουν και στον πόνο ;Cretan
Μούδε το γιοργαλίδικο μούδε και το μπεγίρι;Cretan
και πεταχτεί Κι ο έλατος ορθός εξαναστάθει;Cretan
πώς πούρι θα σ υποδεχτεί ετούτηνά η χώρα;Cretan
γή φαίνεταί μ ο δάσκαλος πως είν ο Συμεώνης ;Cretan
 Eχάθηκε κι επήγε ;Cretan
470 καὶ μοναχὰ νὰ δίδετε νόμο στὴν οἰκουμένη ;Cretan
και σου φαε τα τσινορα ομάδι με τσι τζίμπλες ;Cretan
Κι ήρθεν η ώρα να γενείς άντρας ξετελεμένος;Cretan
Θωρώ πως πρόσβαρα μιλείς Σωστή βουλή μου δείνεις ;Cretan
οσο θα κείτετ ο νεκρός χώμα στο χώμα μέσα ;Cretan
Ερμή απου σ απ στσι θεούς ο πλια δικός για πε μου ;Cretan
γη κι ουρανό σηκώνει στο καφά ντου ;Cretan
Λέει τσ ο Τάλως Αγωμε κι έρχομ εγώ ξοπίσω ;Cretan
 Σαν ειντά ειδα ;Cretan
Είντα καστέλι να σταθεί Σαν έφταξαν στην Κρήτη;Cretan
161ξερνά την δεν τη δέχεται πρι στην κοιλιάν του σώσει ;Cretan
 Mα πε και παρακάτω ;Cretan
ΜΟΝΟΜΕΡΙΟΥΝΕ nΠΕΡΙΤΤΟΥ ΝΑ ΝΑΙ ΚΙ ΑΔΕΡΦΟΙ Η ΝΑΝ ΠΡΩΤΟΞΑΔΕΡΦΙΑ nΗ ΝΑ ΝΑΙ;Cretan
τα κοπέλια κουβαλούνε ;Cretan
γίνουμε ένα σώμα ;Cretan
πού βαλες πρῶτος τὴν ἀρχὴ εἰς τοῦ νησοῦ τὴ μάχη;Cretan
Για τούτο λώμπης κι οι θνητοί που θέν παιδιά να κάμουν;Cretan
Aπόλλωνα κι ότι θεοί πολλείπουνται ελάστε ;Cretan
2 Στου Ηρακλείου τα στενά κάτι έχω ξεχάσει ;Cretan
Σάλευγε σκλάβα Σάλευγε Εμπα μπλιο στο παλάτι ;Cretan
 Δεν ήτον μόνο το φαί και το κρασί που πίναν;Cretan
της ;Cretan
κι εις τη καινούργια γενεά χάρισμα να τ αφίσω ;Cretan
Eίκοσι οι φρονιμότεροι κι οι πλιά του τιμημένοι ;Cretan
Ε καπελώνες τυχερές που χετε το καυκί σας ;Cretan
 Kαλά ν παέ ;Cretan
μαντινάδες n Το Ρούσσιο ενικήσαμε νάστε πάντ αραγιάδες 20 nΚαι ο;Cretan
 Ιδια κεια ε στην τρύπα;Cretan
για λόγου ντου Δεν θέλω περίσσα αλλα να πω ;Cretan
 Εγώ που χα το γάμο μου στην κεφαλή μ απάνω θα χάσω το κοπέλι μου κι η;Cretan
Σέρνουν ο γείς τον άλλο ντως από τα γένια ζάρε ;Cretan
Kιανείς από τσι φίλους του δεν τονε παρακράθιε ;Cretan
 Για το θεό κουμπάρε ;Cretan
Nα μπου όλες μας οι διαφορές σε δυό καρδιές ανθρώπων ;Cretan
μετά ντου εδά και καιρό ;Cretan
σε μπροστερευγουν ;Cretan
Ε βασιλιά του Kρόνου γιε γέροντα Ποσειδώνα ;Cretan
Ὄφου παιδὶ τσ ἀπακοῆς ποῦ μέλλεις νὰ στρατέψεις ;Cretan
Mην τως αντιμιλήσετε Στα ξένα λ ω ο ξένος;Cretan
ΙΝΤΕΡΜΕΔΙΟ 3;Cretan
και να με πάρεις απο πα απ την γυαλιάν ετούτη ;Cretan
Ειντά καμε Ειντα λογιώς η ρήγισσα εγαστρώθη ;Cretan
καὶ τ ἄλλο τὰ μποδίσματα τῆς Πουλισένας πάλι ;Cretan
Τα χέρια τζη τση δέσετε ;Cretan
του καθενός το δίκιο ;Cretan
ότι θυμό με βάστανε για τον καλό σας κύρη ;Cretan
Αλλότες επορίζαμε χωστά απο το σπίτι ;Cretan
Απου να δώσει θεός άλλα να μην ποτάξουν ;Cretan
Γι άλλη δουλειά ήτον εκειά γή μπας κι εγύρευγε τον ;Cretan
ο εδικός μας κι έπιανε κι όλο μετάδενέ το ;Cretan
αφεδιά σου n Σε ποιόν τόπο θενά με πάς και πού ν η κατοικιά σου ;Cretan
και όλα σου τα όνειρα να πραγµατοποιήσεις ;Cretan
πως είναι κι άλλοι μπόλικοι που ν πλια καλύτεροί ντως;Cretan
και τσι βουλές μου τσι καλές ας είχες αφουκράσαι ;Cretan
Nεραϊδες απ τα όρη κατεβείτε;Cretan
Kαι ποια μας λω τον άντρα τζη μπορεί να παραιτήσει ;Cretan
160 θωρώντας σε μὲ λόγου του πάντα συντροφιασμένο ;Cretan
Οι άντρες τα γυρευγουνε να λειτρουήσουν πούρι ;Cretan
σκοῦδα τσεκίνια δίδασι κ ἐλέγαν Πάρετέ μας;Cretan
Ἂς πᾶμε μέσα τὸ λοιπό Κι ἐσύ κερά Πετρού μου ;Cretan
Τ αντρούς σου και του κύρη μου αμάχη να μην πιάσεις ΚΛΗΤΕΜΗΣΤΡΑ;Cretan
γή να μπεγίρι σφάζομε γή να ντανά ;Cretan
λέω ;Cretan
ANTIΓONH;Cretan
καὶ λέγουν καὶ ἀποκρίνονται τὸ τί λέν δὲν κατέχουν ;Cretan
μου πεψε κι ασκιανό καμε ν εθοια λεβεντοσύνη ;Cretan
να δραγατεύγει κι είπε ντο σ ούλους εφάνη θάμα;Cretan
τα μακριά κ έχω καιρό να πάω nΚ έχω καιρό να τήνε ιδώ καιρό να τσή;Cretan
Μηδὲν ἀργήσης ;Cretan
γιατί είναι η γνώμη σου άριστη και τα χαρίσματά σου ;Cretan
Αθο το βορι ανεβαίνω;Cretan
Το καθαρό ;Cretan
κύνας Ἐποθένασι τότε καὶ ν ἱερεῖς εἰς τὴν Χώραν ;Cretan
ΧΑΡΚΙΑΣ Γροίκα σκιας Δούκα Κρητικέ Οι γι άπιστοι ως κατέχεις ;Cretan
Στορήσετε μου την ντροπή του κύρη κι ας είν πόνος στρ;Cretan
να πάγει μαύρος σκοτεινός να κονταροκτυπήσει 745;Cretan
Η θάλασσα τα κυμματα μερεύγει ;Cretan
καθημερινά φεύγουνε πεθαμένοι Κι έχει πάθει ο λαός μεγάλη απελπισία δεν;Cretan
 Σώπα παλιογκιαούρισσα γιαγουρτοβαπτισμένη ;Cretan
Τσ Ελληνοπούλες τούτεσές για τη σωστή ντως γνώμη;Cretan
Θέλει M ανε μου φρουκαστείς θα τον ε ζωντοπιάσεις ;Cretan
απ την χαρά οι Tρώες μουγκαλιούντα ;Cretan
Σιμώνουνε Γοργό χουνε εις την γυαλιά να φτάξουν ;Cretan
Αμοναχός Φτύξε γιαμιάς Φτύξε Μετακουνήσου ;Cretan
Να πουληθούμε κύρη μας Να καλοπουληθούμε ;Cretan
τέτοια γυναίκα να βγαινε καλιά να με ξεβγάλουν;Cretan
Κι από τσι κυνηγάρους εξέφυγε μαθώς;Cretan
μονο και να μαι βασιλιάς στον τόπο ;Cretan
Eπέμπαμεν τσι τσι στραθιές τσι χιλιοδοξασμένες αντιστρ;Cretan
και τα στριφογυρίσματα κι έχασκε ίσα πάνω ;Cretan
ζωντοχήρα ;Cretan
Για είντα γάμους μου μιλείς Εσόχασα το νου μου;Cretan
Μωρε σύ δεν τσι παραιτάς τσ ασπίδες απ την Πύλο ;Cretan
Βιάννο το 1943 ;Cretan
Καὶ συντροφιὲς ἐσμίγασι κι ὅλο μοιρολογοῦντα ;Cretan
τους θα δούνε ;Cretan
πως είν αυτός μπίτι τροζός και κάνει τον καμπόσο ;Cretan
όρη να γυρίζει ;Cretan
Είπαμε πως πλια αληθινό θα δείξει ανε πούμε;Cretan
ΦΡΟΣΥΝΗ γραία και ΓΥΠΑΡΗΣ εις μια μερά;Cretan
Ποτέ του δεν ηθέλησεν όντε κι αν του απαντήξει 645;Cretan
καὶ σπίτι δὲν παντεχαίνομεν ;Cretan
οὐδὲ ραβδιὰ βασιλικὰ κρατοῦσιν οἱ ρηγάδες ;Cretan
Κι αλλού τση σφάζουν αελιές κι αλλού τση φαίνουν πέπλα;Cretan
 Aφρουκαστείτε ξένοι ;Cretan
75;Cretan
Tούτον οπού ρθαν τα πουλιά τη νύκταν εις εμένα 845;Cretan
Mα δα ως το χει παραπεί εκειός ο Kλειδημιδής;Cretan
Bάστα τα Φύλαγέ μου τα Yπνος μαθώς με παίρνει;Cretan
να σκύψω να φιλήσω σκιας ;Cretan
κι εκάντισα πως ήσουνε χαρά μου ;Cretan
Ποια σ ονομή σου Πού ρχεσαι Πού ποκρατείς Για μίλιε ;Cretan
κι ανήμεναν στον ουρανό να πλερωθούν τσι κόπους ;Cretan
430;Cretan
κι εκείνους σαν παχύνουνε από ψηλά τσι ρίχνω ;Cretan
κι εκειά θα σε κηδέψουνε και τάφο θα σου στέσουν ;Cretan
γνωρίζοντας τον Πόθον τση θωρώντας τον καημόν τση ;Cretan
Tο σφάλμα μου γνωρίζω το πώς βρίσκομαι κατέχω ;Cretan
Όντε σε γέννα η μάνα σου έφαε πορτακάλι και σ έκαμε τραγουδιστή κι;Cretan
είντα του ποξετέλεψες γή μπας εγλίτωσέ σου ;Cretan
Γιάειντα γυρε ς ετσά κορμί λουρίδια να το σύρεις ;Cretan
Aντρα στάμενε φρουκού μου άς τον κι ας σε βλαστημά;Cretan
 Ο ξένος κι αν σε χαίρεται κακά σε καμαρώνει ;Cretan
Πολλά μεγάλο Aμίλητος θα κάθομαι στα ελάθια ;Cretan
τὸν Ἄννα καὶ τὸν Κάιαφα μ ὅλον τους τὸ φουσάτο;Cretan
E δέ τροζός ;Cretan
Eιντά ναι η σοφία Ειντά ναι τ αγαθά ;Cretan
Αν ντουχιουντίζει το κακό θα το ξεφανερώσει;Cretan
Ἴντα ν αὐτὴ ἡ ἀθιβολή Πέ μου ποὺ νὰ μὴ σώσης ;Cretan
τοῦτα ὁποῦ κράζεις πάθη σου καὶ βάσανα ἤμαθά τα ;Cretan
ΓΙΩΡΓΗ ΤΑΧΕΙΑ ΜΟΝΟΜΕΡΙΩ nΓΙΩΡΓΗ ΤΑΧΕΙΑ ΜΟΝΟΜΕΡΙΩ ΓΙΑ ΝΑ ΚΟΥΛΟΥΚΟΥΡΙΣΩ nΚΑΛΕΣΕ;Cretan
Mην μου το κάμεις τούτονά Μα το θεό τον ένα ;Cretan
Κάμε τον με τσ αθρώπους να ναι αθρωπινός ;Cretan
Ήπαιρνε ψη και δύναμη τσ Aθήνας το φουσάτο ;Cretan
για τότες δε γνωρίζουσιν το κάλλιο παλικάρι ;Cretan
Οϊδα Για ε μάστορα ;Cretan
ο δυνατός τ αδύνατου Kι απώς ειν κι ένα ν άλλο ;Cretan
ΔΙΚΟ ΜΟΥ ΡΙΖΙΚΟ ΜΗΤΕ ΠΟΥΛΙ ΔΕΝ Τ ΟΧΕΙ nΜΟΥΔΕ Τ ΑΓΡΙΜΙ ΤΟΥ ΒΟΥΝΟΥ ΣΤΗ;Cretan
ΙΩΑΝΝΗΣ χαρούμενος Φευξώμεθα εν;Cretan
να σου σπουνε με μια πετρά είντα χαρά θα είχα ;Cretan
για τσι γυναίκες και στη γή το αίμα ντως θα τρέξει ;Cretan
ν ανοίξει τρύπα για να βγει απ την λατσίδα μέσα;Cretan
Aψε φως και φέγγε ;Cretan
ἄλλοι ἂς ντυθοῦσι σίδερα κι ἂς τρέχου τὰ φαριά τως;Cretan
Εκειέ τα βούγια κατουρούν κι είναι πηλά και βούρκα ;Cretan
κι εκάτσαμε κι εφάγαμε μετά ν Του για το Πάσχα ;Cretan
κι είδα την κι εδά που μιλώ σαν να την έχ ομπρός μου ;Cretan
απου φορούμε στσ εορτές Ο Ιόλαος δεν είναι ;Cretan
Eσάστηκα κι επόρισα κι έβαλα τα ιχιάμια;Cretan
να μη σας αποχωριστώ κομμάτια κι α με κάμου ;Cretan
Ηπρεπε να φανερωθεί ;Cretan
Ας είναι Χρεία κάνει σκιας ν ακούσομε πλια πρώτας;Cretan
336 Eσίμωσε το ξύλο μου το ράξιμο γυρεύγει ;Cretan
πιστεύω δεν θα τ αρνηθή η σπλαγχνική ψυχή σου ;Cretan
440;Cretan
Κι εγώ διαλέγω το Ζαγρέ αν τύχει κι είν ανάγκη ;Cretan
σὲ τούτη μας τὴν κωμωδιά καὶ ὁ Θιὸς νὰ σᾶς ἀξώση;Cretan
δεν έβλαψες μονο βαλες γυναίκα να το κάμει ;Cretan
Και θα τ ανεσηκώνομε να λέμενε τσ ευκέ μας;Cretan
Χριστέ µου τόσα βάσανα και πώς τα νταγιαντίζω ;Cretan
τον τόπο ;Cretan
Ξάνοιξε σαν επόμεινες να πα να βρεις δυο σκίζες;Cretan
ετόσονά χαζιρευτεί ;Cretan
σε δυο γυναίκες να γροικούν Γυναίκα τον ε λέω;Cretan
εδά και χρόνια Τακτικά μ όσους ξωδίδαν πώδε ;Cretan
πάρει εκείνη ;Cretan
Κι εγώ το ράσο τούτονε τση δειχνα πότες πότες;Cretan
των ανθρώπω κυνηγάρης;Cretan
τραγουδάκι να φραθούμε ;Cretan
Σέβας στο κύρην τ ουρανού;Cretan
εις ένα σοφαλιδίκο σπίτι στην πολιτεία ;Cretan
 κι ομάδ εχορευτάκιζαν πενήντα απά στην άμμο κι είχαν χαρά απου ρθανε;Cretan
τσι πλίθους απου εμάλαξε βροχάρες θα γενούμε;Cretan
 Oϊ δα Στο θεό σου ;Cretan
Ν ΟΙ ΦΙΛΟΙ ΜΟΥ ΚΑΙ ΠΟΙΟΙ ΝΑΙ ΟΙ ΕΔΙΚΟΙ ΜΟΥ nΠΟΙΟΙ ΝΑΙ ΠΟΥ ΚΑΤΑΛΥΣΑΝΕ ΤΗ;Cretan
μ όλον οπού την όχθρητα και μάχητα γνωρίζει ;Cretan
 Ναίσκες καλέ μ αφέντη;Cretan
Σκούμε Και με τσι μπούκες μας αέρα θα μασούμε ;Cretan
 Σάμπως με τα δικά μου ;Cretan
Κάμε χαρά στον έρωτα να βριχνω μόνο μόνο;Cretan
ΘΕΕ ΜΟΥ ΜΕΓΑΛΟΔΥΝΑΜΕ nΘΕΕ ΜΟΥ ΜΕΓΑΛΟΔΥΝΑΜΕ ΜΠΕΨΕ ΜΟΥ ΠΛΟΥΣΙΟ;Cretan
Δροσά δεν είσαι Πλια δροσά κι απ την δροσά λογάσαι ;Cretan
με το δικό μου λοϊσμό Εγώ δεν είχα χρεία;Cretan
ετούτοσές απού ρχεται Eγώ θα σ ανημένω ;Cretan
ΚΑΠΕΤΑΝΙ ΜΠΛΑΖΙΟ nΠΙΑΝΕΙ ΚΑΙ ΜΑΓΚΛΑΒΙΖΕΙ ΤΟ nΚΑΡΑΜΟΥΖΑΣ;Cretan
Oϊ Mονο τως έδωκα ελπίδες ν ανημένουν ;Cretan
Αρχο;Cretan
παίζουνε την μια τσιδε την άλλη Αλλιώς Για κειονά κι εγώ λέω να το;Cretan
και γνωστικά εγνώρισε κ είδεν την όρεξή τως ;Cretan
Κι απο πού φτάξανε μαθές Στην όψη ντως πώς μοιάζουν ;Cretan
 Σώπα ;Cretan
γένει ;Cretan
καὶ μὲ καὶ σένα ἀληθινή καὶ ναὔρῃς τὸ παιδί σου ;Cretan
σκληρό που θα αντιμετωπίσει ;Cretan
Σημάδι αυτός δεν είχενε Δεν ήθελε να δείχνει;Cretan
Κι απόκειας είντα κάμαμε ;Cretan
αφήκε ;Cretan
Στην Θήβα λέω απου την έχεις;Cretan
ΠΑΜΦΙΛΟΣ Είντα σκοπό;Cretan
N αμώσσομε κουμπάρισσα Λέγε τον ορκο Αειντες ;Cretan
θα π α κουρνιάσουν άφωνοι ;Cretan
Ιδια πα τον ε σκότωσε Κι αρνήσου σκιας το φόνο ;Cretan
και τόση να χλαπαταγή απου γροικώ απ ώρα;Cretan
ζοῦσι κυρά καὶ χαίρουνται καὶ δίχως φὰ χορταίνου ;Cretan
Eιντά πες Eτροζάθηκες και τα χασες γυναίκα ;Cretan
Απου χει τρεις φοραδορές και σούνται στο σκουφί ντου ;Cretan
Σ ΑΚΡΟΧΙΟΝΙΑ ΚΥΝΗΓΟΥΝΑ nΣ ΑΚΡΟΧΙΟΝΙΑ ΚΥΝΗΓΟΥΝΑ ΣΕ ΜΙΑΝ ΑΚΡΟΧΙΟΝΙΔΑ nΒΡΙΣΤΩ;Cretan
κι εκεί που τσι ποτίζανε εγλυκοροζονάραν ;Cretan
Ψακή μαθές στα δώρα μου θα ρίξω παινεμένη ;Cretan
κακό το νάμι μου και ντροπιασμένο;Cretan
γή να κακοποδώσουνε κι ο οντάς τως να βουλήσει ;Cretan
μου ;Cretan
ὁ ὑψορόφος οὐρανὸς κ εἶναι σκοτεινιασμένος ;Cretan
Εσώθηκες Δεν το θωρείς πως το ζημιό θα σπασει ;Cretan
και κουρμπάνι θα γενεί ;Cretan
τα ξεχνούνε ούλα ;Cretan
κοντό και θένε οι γι Αχαιοί κι ελόγου μου να σφάξουν;Cretan
και σύρνει το μαχαίρι του απ τ αργυρό θηκάρι;Cretan
λέεις Μόσκοβη να σου τα ρεφουδάρω nΑπού θα κάμη ο Ρωμηός μπιρντένι;Cretan
και τσι θεούς αντροκαλεί μα κούφια ν η χαρά ντου ;Cretan
Iδια ξαντίμεψη κακή για το κακό που του ρθε ;Cretan
από το σπήλιο ;Cretan
π όποιος για τη πατρίδα του πέσει μόνο το βάνει ;Cretan
Πάντα με το παράπονο τ αχείλι μου ανοίγει γιατί ν η πίκρα μου πολλή;Cretan
με τους μικρούς οπού χασι γνώσιν αντρειά και κάλλη ;Cretan
μου και στ ακριβό μου ταίρι σ εχω Γροικάς Ανήμενε τση Λήδας;Cretan
 Ας;Cretan
Mονο θα την ε θέλανε στον τόπ απου χε φτάξει;Cretan
γυναίκα κακοκέφαλη κι εχάθης ;Cretan
Πατέρα μου δε μου μιλάς Πού βρίσκομαι Τί κάνεις ;Cretan
επλέξαμε κι εβάλαμε τάξε στα μάγουλά μας ;Cretan
οντε θα σφάζεις στσι θεούς γή το κρασί θα πίνεις ;Cretan
του Bασιλιού του Bυζαντιού νύφη να την ε δώσει ;Cretan
κι ανετυλιγαδιάζουντον στου κονταριού την άκρα ;Cretan
890 μηδὲ μὲ βάλεις στὴ φωτιά μηδὲ μὲ κάμεις ἄθο ;Cretan
ούλοι κει να απου θαρείς ποπανωθιώς απ τσ άλλους;Cretan
ΚΑΡΤΕΡΕΙ ΤΣΟΙ ΦΙΛΟΥΣ ΤΟΥ;Cretan
Να την πάρομ άφησέ μας ;Cretan
και θα τα βάλει μες το νου τα λόγια τα δικά μου ;Cretan
και για τσι λαγουδόκαρδους Γροικάς μου ;Cretan
κι η γι Ελισάβετ είχενε καημό πολλά μεγάλο ;Cretan
Πάσα φτωχὴ κι ἀνήμπορη καθὼς θωρῶ τυχαίνει;Cretan
 Πρωτύτερα όντε τ άκουγα να μου τα λέσιν άλλοι ;Cretan
Πρίν τσ ώρας μου Καλιά ν το φως να το θωρώ Μην κάμεις και ιδώ των;Cretan
Ε τότες για να μην χαθούν τόσων καιρών οι κόποι ;Cretan
Οπου κι αν πας αξάδερφε τραγούδι θα σου βγάλουν ;Cretan
 Πάρε να πιεις μα σέβου ;Cretan
ΣΕΝΑ ΔΕΥΤΕΡΗ;Cretan
να ρχετε πά καθημερνώς Κοπελοπούλα γίνει ;Cretan
 ;Cretan
Ποιός άλλος έχει ωσάν εσέ στρατιώτες αντρειωμένους ;Cretan
Πέτε του μέγα ν άρχο γιου τα βέρσα και τα βάλη ;Cretan
να με τιμάς σαν άντρα σου κι όχι σαν το θεό σου ;Cretan
Δεν ήθελα να παραβγώ του τόπου το συνήθειο ;Cretan
 Ως μου το λες θα διάξω ;Cretan
 Βρέτε μου σπαθί Βρέτε και την γυναίκα ;Cretan
EΠIΠAPOΔOΣ;Cretan
οι;Cretan
κ η θάλασσα κι ο άνεμος με μάνητα το δέρνα ;Cretan
σας εκαμαρώνω ;Cretan
Εμά μωρέ Είντα κοντό ;Cretan
και θρήνος μέγας Ετρεχαν κοπέλια και γερόντοι;Cretan
 E δε πα ε δυο κοπελιές αμπλάδες δυο κεράδες ;Cretan
να π α λιάσει το μπερντάχι ;Cretan
 E τότες σκιας εγώ θα τα σηκώνω ;Cretan
και δεν ανεσηκώνουντον αν έπεφταν στο στρώμα ;Cretan
Νη μα του Ζα το σπιτικό τον ίδιο τον αιθέρα ;Cretan
 Xιλετζή Eρμή μου δόξα να χεις ;Cretan
 Kι είντα θα πεις παντέρμε;Cretan
κι η μπούκα μας δεν κλει ποτές Σάλευγε δα και χάσου ;Cretan
πως το Ζαγρέ μελειάζανε ζώντα και τον ετρώγαν;Cretan
Γουμένου του κελί δεν ημπορεί ν ανέβη nΓιατ είνε μαρμαρόχτιστο και;Cretan
E μά και που βρες την εξά εμένα να προστάζεις;Cretan
 Iιιιι O γι ίδιος ο Tελέας ;Cretan
πρέπει του τόπου την εξά να χει να βασιλεύγει;Cretan
Η μια όντεν αξιώθηκα να ιδώ τον Κλέωνά μας;Cretan
πως είμουνε πραματευτής κι επαίρνουν απ την στράτα ;Cretan
Δότε μου ομπρός το Θάνατο συμβουλευτείτε ομάδι ;Cretan
Tη μια θελ είκοσι δραχμές να κάμ ενα μεϊτάνι ;Cretan
Να μάθουν πως απ τ Aργος έχω και γω γενιά;Cretan
ότι εμπόρουν για να βρει το ρόρε τζη μα κι είντας ;Cretan
τζόγιες να κάνου μετά σάς όμορφες να φορούσι ;Cretan
 Μην μου μανίζεις;Cretan
Eγώ μ άπου σ αναθρεψα Mε σένα θα γεράσω;Cretan
την βαρεμένη ;Cretan
σαν τονε ιδείς και ξεφυσά θα πιάσεις να του δώσεις ;Cretan
Στένουν τσι μακαράδες τως κι απάνω βγάνουνέ το;Cretan
τ αποχτενίδια τζη κειδε ίδια στο μαξελάρι;Cretan
σου κρατώ τα γένια σ ακραγγίζω ;Cretan
κοντά σου ;Cretan
Ναι σου καημέχαρέ μου μα κι ετούτοι ;Cretan
670 θὲ νὰ σοῦ πῶ τὴ σήμερο τίνος κυροῦ παιδί μου ;Cretan
Δεν θα ζηλέψ ανε σωθείς ;Cretan
ΑΠΟΥ ΤΣΟΙ ΤΕΣΣΕΡΙΣ ΕΒΓΗΚΕ ΧΑΡΟΚΟΠΟΣ nΚΑΙ ΑΓΑΠΑ ΤΟ ΚΑΛΟ ΚΡΑΣΙ ΚΑΙ ΤΗΝ ΚΑΛΗ;Cretan
μ απανωθιώς γυρεύγεις μας να πάθομ άλλη τόση ;Cretan
εχάλασεν την την γενιά ;Cretan
Μωρ άστ αυτά Εσύ μιλείς κατά το νου ν απου χεις;Cretan
κι ως ρήγας και στο γδικιωμό πρέπει να δείξω ρήγας ;Cretan
 Εχασα την φωνή μου ;Cretan
Πλια πάν απ ούλους τσ αλλους μας εμένα λω γυρεύγει;Cretan
μπαίνουν οι ναύτες στα κουπιά και οι γι άντρες στα καράβια ;Cretan
τως ἀπάνω εἰς τὰ δώματα νὰ ξεσπουράρουν Διότι ἐλέγασι πὼς ἐκράτει ἀκόμη;Cretan
Kαι πού ν τον Για δε φαίνεται στα μάθια τα δικά μου;Cretan
Γιαῦτος μὲ τὸ τραγούδι μου κι ἐγώ γλυκιὰ κερά μου ;Cretan
Ε άειντες σκιας ογλήγορα Σάλευγε λέω Ναί σας ;Cretan
Ε χοχλιδάτε πετεινέ τώρα στα γερατειά σου;Cretan
Ανυδρο κι ακατίταγο Μόνον ο Ιορδάνης;Cretan
τσι χαν τ αρσενικά Κι οντε τσι σμίγαν ;Cretan
Μ από το θρόνο που κοργιαλίζει ;Cretan
σ είντα κακό κανω δοχή και μπαίνει στο παλάτι;Cretan
χορούς απ την Κνωσσό κι από την Νύσσα ;Cretan
Λάλιε να φύγεις Σάλευγε Πολύ στρατά ν ομπρός σου ;Cretan
Να τρέχομε στση θάλασσας την πλάτη που ν αιτία;Cretan
σαν πάρουνε την δύναμη απ τα ωζά τση φύσης ;Cretan
ειντά λεγε ;Cretan
πως ήταν τάξε μπάς ουστάς κι οι γι άλλοι καρακόλια ;Cretan
κι αναγυρού στην μάνα γη κανει ανεκουλουρίδες;Cretan
Mα γιαειντα δα ν ετούτανά πιάνω κι αναθιβάλω ;Cretan
Αχι Ποιος είν ετούτοσές που δεν μ αφήνει πούρι;Cretan
Κι εκλούθηξα Πριν φύγομαι γκανίζει και μου κάνει ;Cretan
Ανώφελο ναι το μωρό Ατζιμπραγή χει φύση ;Cretan
Οσ ώρα χαζιρεύγουντον οι μποντικοί για μάχη ;Cretan
κάνουν ;Cretan
και τα διατάματά διωξεν κι άλλη βουλήν εκράτει ;Cretan
Nτα έτσα καταρούμαι λ ω το σπίτι το δικό σου;Cretan
τούτό χει να μαθητευτεί ό τι καιρός γυρίσει ;Cretan
Αμε και κάτσε στου κυρού τσ οντάδες άρχο ρήγας ;Cretan
Ποιος έσφαξε τα τέκνα σου Μα την αλήθεια μαύρε ;Cretan
Oτ ήκουσα ρθα κι είπα σου ;Cretan
μη βάνεις λογισμούς κακούς κι άδικα ν αποθάνεις ;Cretan
Ζάβαλες σαν εγλίτωσε κι εξεσκλαβώσασί τον;Cretan
ο φίλος που καλοπατεί το φίλο που χει ζόρε ;Cretan
την χαβανόματσα Γιαμιάς ;Cretan
πεντέξε σταμνολαϊνα και τα τσικαλικά ντως ;Cretan
Σε είντα πέλαγος κακών βρίχνεστε και θα μπείτε ;Cretan
 Bγάλε τ από το νού σου ;Cretan
μουδ ο λαός ξετρέχει το να μπει στην αμαρτία ;Cretan
νὰ φανερώσετ ὅλοι σας τὴ φρόνεση κι ἀντρειά σας;Cretan
Για ότι έγνοια μου δειξες και για την αρχοντιά σου ;Cretan
Kαι βάλε το καλά στο νουν το πως με το κοντάρι;Cretan
Για κειονά απ το γκρεμό στην υστεριάν επέσαν ;Cretan
τι μας περιμένει ;Cretan
έλ α χορέψεις μετα μας ;Cretan
κι ο γι εδικός μας ο μουτής αν τύχει και προκάμουν;Cretan
κι απο θεού λω κουβαλώ Μακρά Μη μολευτείτε ;Cretan
του τόπου μέχρι που μερ κοί ντέλουκες μεθυσμένοι ;Cretan
Θεέ μου και κάμε έλεος να ανοίξουν τα σχολεία να πάνε πάλι τα παιδιά να;Cretan
το θυμό μου να ξεχάσω ;Cretan
τ άσπρα μαλιά Ε δε καημός Αλλοί κι αλλοίμονός τση ;Cretan
να μαι στην γης σερνάμενος και την παντέρμη χέρα;Cretan
αχάριστοι ναι κι άδικα ξετρέχουνε να κάμου ;Cretan
Πε λέω Aνεντράνισε και πε Δεν θα πατήσω;Cretan
και μου κλεψε συγκούρμουλους τσι Ιππείς κι απώς επιάσε;Cretan
Του Κουτσαχείλη ανάδια ντως ο Μαυροπηλης παίζει;Cretan
και του δένω τα μυαλά ;Cretan
να πάθεις πρίχου ιδείς το θάνατό σου ;Cretan
Σώπαινε κακορίζικη τσ άντρες μη μου τρομάσεις ;Cretan
κάλεση κάνουν του λαού στο μέγα παναγύρι;Cretan
 Κεράδες και μανάδες;Cretan
φαρμάκι στην ψυχή της για την θανατώση ;Cretan
ΒΑΡΔΗΝΑΙΝΑ ΠΩΣ ΕΚΛΑΙΓΕ ΤΣΟΙ ΓΙΟΥΣ ΤΣΗ nΠΟΥ ΤΟ ΜΙΚΡΟ ΒΑΝΕ ΑΡΧΗ ΚΙ ΕΠΙΕΝΕ;Cretan
Οξω ν εκάθουντον η γρά στου κήπου το πεζούλι ;Cretan
 Aιγιούγια σου κι εσένα;Cretan
που μια φορά σ άλλους καιρούς εσκότωσεν ο Φοίβος ;Cretan
αιμάτου ;Cretan
ΚΑΙ ΑΝΑΣΤΕΝΑΓΜΟΥΣ ΚΑΙ ΡΩΤΗΞΑ ΗΝΤΑ ΝΕ nΜΑ Ο ΔΙΓΕΝΗΣ ΨΥΧΟΜΑΧΕΙ ΚΙ Η ΓΗΣ ΤΟΝ;Cretan
Eρμη καρδιά μ απου σουνε άλλους καιρούς στσι ξένους;Cretan
Κακά ταιριάζει ο έρωτας ξεύρε με τσι ψαράδες ;Cretan
Κι είναι και Πάσχα σήμερο ;Cretan
Μα ως κι αν τα παν εκκλησές τ αρσενικού θεού ντως;Cretan
και θα χαθεί το νάμι σου το χιλιοδοξασμένο ;Cretan
θα αμφισβητήσει ;Cretan
δε πρόκειται να βρω ποτέ όσα κι αν κάμω ταίρια ξ ;Cretan
σφαλίζει πράματ ἀκριβά ποὺ εἶναι χαρίσματά μου ;Cretan
πως θα σωθούμεν ύστερα από το θάψιμό μου ;Cretan
 Ε να τα πάρω θέλει ;Cretan
 Αειντεστε να σωριάσομε τα ξύλα μας κι απόκειας;Cretan
του κύρη και τση μάνας μου πουλί μου ;Cretan
Aντρες η γι ώρα ν έφταξε Πάρετε την γυναίκα;Cretan
και τα χιάρθια θα μου πάρει ;Cretan
ΕΛΕΝΑ;Cretan
και φρικτομανταλόνουνται φράσσουν τα παραθύρια ;Cretan
Eσύ καμες τον πλια πρεπό γάμο στην πολιτεία ;Cretan
καλιά χω από τσα πάθη κάθα μέρα ;Cretan
Χρόνια Πολλά Χρόνια Καλά Χρόνια Χρυσά να ζήσεις;Cretan
Αδέρφι μου αμοναχά εσύ να με σκοτώσεις ;Cretan
σαν τον Ηλία τάξε μου Εμείς είντα θα πούμε ;Cretan
Σε τούτην Και μ εζύγωξαν ωσάν το διακονιάρη ;Cretan
Ε Είν ετά κιανείς μαθώς υρεπίδη Ε υρεπίδη ;Cretan
Β 19;Cretan
τα γένια που των ε έλεγα Kοντό και δεν εκλέψαν;Cretan
ΑΣΚΙΑ;Cretan
Mην τύχει κι ως δεν πεθυμώ με βρει κιανα κοντάρι;Cretan
Yγιέ μου κόπια κι έλα πα Eίντα πουλί ναι τούτος ;Cretan
τα παιδιά σου ;Cretan
κι αγάπη να σας γράφει ;Cretan
η κοπανιά ώρες μελανιά κι ώρες βαθιά πληγώνει ;Cretan
ΣΕ ΑΝΑΤΟΛΗ ΚΑΙ ΔΥΣΗ nΧΩΡΙΑ ΚΑΛΟΥΝΕ ΤΣ ΑΡΧΟΝΤΕΣ ΚΙ ΟΥΛΟ Τ ΑΡΧΟΝΤΟΛΟΙ nΧΩΡΙΑ;Cretan
Kατέχω κακορίζικοι θαρείτε δε γατέχω ;Cretan
κι είντα να ιδώ Οσ ώρα μουν ομπρός του;Cretan
Ἄδικον ἔχουσι πολὺ νὰ μὲ καταφρονοῦσι ;Cretan
Τον που ν αιτία κι ήρθαμε πώδε θωρώ τον άρχο;Cretan
μαχαίρι οπού λαβώση να γιατρεύση ;Cretan
ἀπούστανταν ἐγνώρισα τὸν κόσμο καὶ ἀπατός μου;Cretan
 Για ελα ντώ και γξάνοι ;Cretan
πως είναι σκιας αμαρτωλός κι αντισκοτώσετέ τον ;Cretan
θαράπαψη και πλερωμή στον πόθο σας τον τόσο ;Cretan
 K επά σε μας ποιός βρίσκεται Ποιόν έχομεν ολπίδα ;Cretan
κ εβάλθηκε να τον ε δει και να τον ε κατέχει ;Cretan
τσ αμπλάς μου κι η πλια συγγενής απ όσους μετά μένα;Cretan
Kακοί νεμαζωξάροι και πίβουλοι μαθές ;Cretan
μαύρο και δε βρίχνω Από ποθές ξεπορισά Μενέλαε φρουκού μου Ενα μου;Cretan
που κάν ο ήλιος κολατσιό που κάν ο ήλιος γιώμα;Cretan
Σ όσες νεθρέφουν γιούς δεν λογαριάζομαι ;Cretan
ίσως να βρει ανάπαυση στον Άδη η ψυχή σου ;Cretan
Κι αν δε τσι τρώτε ε ξύλιές απού θα φάτε ζάρε ;Cretan
ΑΦΙΕΡΩΣΗ;Cretan
του ελάτου να ξεχώσουνε μα δεν εκαταφέραν;Cretan
 Ε Ρήγα ;Cretan
Πέ μου Για το Mενέλαο Nαι μ αν είν τζά κι εσφάγει;Cretan
Nα ξανανιώσει ο Kύρης τση να ξανανιώσει η Mάνα ;Cretan
Στάμενος είναι και σοφός και μέγας κατεχάρης;Cretan
Αδικα λώμπης κι άσκεφτα Δεν έπρεπε ν αφήνει;Cretan
και το άσπιλε κι αμόλυντε χερουβικό να ψάλλη;Cretan
Aρσενικό ν εγέννησε ;Cretan
3;Cretan
με έβρηκε κι έφαέ με μπλιο Μ έδωκε του δαιμόνου ;Cretan
κι η νύχτα τσ αποταχυνής μου τον ε ξαναπέμπει ;Cretan
Kι εσείς σωπάτε Xώσετε τ ότι είναι μιλημένο ;Cretan
Για σένα και τσι γάμους σου εμπηκαν οι γι Ατρείδες στα βάσανα κι;Cretan
το αρκοσόλι Kι έδωκε εις το κοντάρι απάνω;Cretan
μηδὲ κι ἐσένα διχωστὰς ἀντίμεψη ν ἀφήσω ;Cretan
Δεν είχα χνώτο αλλ αντρούς νιώσει Παντέρμη μοίρα ;Cretan
τρισανάθεμά με Βάσταξε γέρο Βάσταξε Σύρε τα δυο σου πόδια ;Cretan
ολότελα το επλέρωσα ως ήτον η όρεξί τως ;Cretan
εγώ απο παέ κι ομπρός γροικάς μου γιε του ρήγα;Cretan
άλλο κιανένα στο κορμί να τον βάλει πρίχου;Cretan
M είντα λοής πλεούμενο στην θάλασσα ν εμπήκε ;Cretan
Oύλα μαθώς θα πέσομε όρνια και τσιροπούλια;Cretan
απ τον ενθουσιασμό του ;Cretan
ΜΠΑΛΑΝΤΖΑ nΚΙ Ο ΧΩΡΙΣΜΟΣ ΕΙΝΑΙ ΒΑΡΥΣ ΜΑ ΠΙΟ ΒΑΡΙΑ ΤΑ ΞΕΝΑ nΓΙΑΤΙ ΕΙΔΑ ΜΕ;Cretan
οι γι Aχαιοί σαν έκατσαν κι εμοίρασαν το κούρσος ;Cretan
τὸ Νικηφόρο τὸν καιρὸ ὁποῦ χες δουλευτή σου ;Cretan
Καλό μα το θεό και τούτονά ναι ;Cretan
Δεξά Zερβά Oπίσω Oμπρός Που θα διαβώ να τρέχω;Cretan
Eλα και συ Aπόλλωνα και τ ουρανού αφέντη;Cretan
Κι επήρε ταίρι να χει κι εγίνηκε γαμπρός ;Cretan
κι είντα θαρώ πλια φρόνιμο να κάμομε Γροικάτε ;Cretan
με τα ποδάρια ντου μωρέ ;Cretan
καὶ δίδεις του πολλὲς τιμὲς καὶ βασιλιὸ τὸν κάνεις ;Cretan
μύρια πλούτη να ποτάξει ;Cretan
η Ηρα και τα διάστηκε Εθάριενε ο Πάρης ;Cretan
Οποιος κι αν ήμπε εχάθηκε μα οι πεταλιές γροικούνται;Cretan
Kι ο άθρωπος απ αλαφρού τον κακοποδωμό ντου;Cretan
γή πάει κι ανεκατώνεται με τον σκατοβρεπίδη ;Cretan
κιαμιά να μπει στο μέσα οντά τση ρήγισσας αφέντη ;Cretan
κι αυτοί κι γι εδικοί ντως και βγαίνει τως μαθώς ;Cretan
που δεν ξαργούν να κάθουνται Κι απανωθιώς απ ούλους;Cretan
κι ἀπ ἀρετὲς φτωχότερο παρὰ μικροὺς ἀθρώπους ;Cretan
Eδέ παέ μια συντροφιά απου ρθα να συντύχω ;Cretan
ὁπού χα τσῆ κερᾶς μου ἀμπολιάρει ;Cretan
Ντα γω Απου κλουθώ μαθώς ετούτου ν του κοράκου;Cretan
γονατιστός ο γι άμοιρος να μην μ αφήσεις πώδε ;Cretan
Πάνε Επογύρανε δυσκά Επέρασαν τον κάβο ;Cretan
δεν τον εθάριες ποιητή μεγάλο και πιτήδιο ;Cretan
Η κατάληξη τού πλαισίου του δραματίου λέγεται από τον Χριστόφιλο και τον;Cretan
και πάντα δούλος του Θεού Χίλια καλώς σε βρήκα ;Cretan
δούσιν αξάφνου και χαθεί το νέφος και σκορπίσει ;Cretan
ΠΕΡΙΜΕΝΕΙ nΜΑΥΡΑ ΘΕΡΙΑ ΜΕ ΖΩΣΑΝΕ ΝΑ ΦΑΝΕ ΤΟ ΚΟΡΜΙ ΜΟΥ nΚΡΕΜΑΣΕ ΜΑΝΑ Τ ;Cretan
 Χάροντα δε σου τό λεγα χαροντα δε σου τό ειπα ;Cretan
Kι ανε θες και μαξιλάρι ;Cretan
Καλώς την την Οπώρα μας Καλώς την κοπελιά μας ;Cretan
να τονε πνίξουν μη γενεί ν αφανισμός τση χώρας;Cretan
στον Αρειο Πάγο τότεσάς που πέσανε οι ψήφοι;Cretan
Αλλοι πως αίμα θεϊκο το λέσινε πως ήταν ;Cretan
Κι όσοι ηρθανε να γελάσουν και το γέλιο αγαπούν;Cretan
Πιάσ ένα κοβγερό σπαθί τον κύρη ανε λυπάσαι;Cretan
Κι αν τύχει και δεν μας ε βγει το φονικό τσ Ελένης;Cretan
Γιατί παιδί μου σήμερον να φύγης να τ αφήσης ;Cretan
Πότε και λίγο του διδε κι απάνω εις το σκουτάρι 1075;Cretan
μα στση Πυθίας τσι κορφές μα στσι γυαλιές που λάμπουν ;Cretan
μούδε κιανένα συγγενή να π α καταλαγιάσω;Cretan
Ξάνοιξε πως εμούρωσε η τρισκαταραμένη;Cretan
Γιατί σε βλέπω ανήμπορο γιαύτος δε σε ξορίζω ;Cretan
Είδανε και κατέχουνε το πως τον Ψωμοθρούλη;Cretan
η γι εκκλησσά τσ Αρτέμιδας που θέλαμε να βρούμε;Cretan
μ ούλο το πουλώ μ έλλος δεν την κερδαίνει n Πουλήσης το χαρίσης το;Cretan
διασκεδάζεις Πάντοτε χαμηλοπετάς και με το πέταγμά σου να;Cretan
Για τούτο δεν εσκύψαμε την κεφαλή στσι Φρύγες ;Cretan
αποτελέσματα ;Cretan
ΝΙΚΟΛΑ Τ ΑΝΤΡΟΚΑΛΕΣΜΑ nΝΙΚΟΛΑ Τ ΑΝΤΡΟΚΑΛΕΣΜΑ ΑΦΗΣΤΟ ΜΗ ΤΟ ΚΑΜΕΙΣ nΚΙ;Cretan
ακούσι ;Cretan
Kι έτσα θα βγεί αληθινός ο λόγος του κυρού ντου;Cretan
Mα σέβομαι και τση δοχής τον Δία;Cretan
που σκίζει τα πελάγη θα σε πάει;Cretan
Ας είναι σκιας Καλό κι εσείς να ιδείτε στην ζωή σας ;Cretan
ἀπὴν καὶ ἐπῆρε τὰ πολλὰ καὶ τὰ μισὰ με ἀφῆκε ;Cretan
Να τανε λέει η ζωή παντοτινή κι αιώνια;Cretan
υπόλοιπους ;Cretan
δε θέλει πάρει αποκοτιά ποτέ να σου μιλήσει ;Cretan
δεν είχαν έγνοια για τ εμέ κι ειντα Γνοιανοί θα ήτον ;Cretan
Μ αζωντανό τον ε θωρώ και περπατεί στην στράτα;Cretan
Eρχου και κλούθα μου να βγεις στου κύρη τσι κουλέδες;Cretan
θωρού αποκαμαρώνουσι τούτα τα δυό λιοντάρια ;Cretan
Αντρας ;Cretan
σαν περδικούλες πλουμιστές κι ομορφοπερπατούσαν;Cretan
πως για την χάρη των Περσώ προδίδει την Ελλάδα ;Cretan
ήβαλε το σκουτάρι του ο για να τη βλεπήσει 1695;Cretan
αν του σιμώσεις κάτεχε πως κάρβουνο απομένεις ;Cretan
αλλιώς να κάμει η χέρα μου ό τι δεν κάμει η κρίση ;Cretan
και κάμε ότι θα σου πω για το καλό τσ Αθήνας ;Cretan
έχασα γω τον άντρα μου το ρήγα;Cretan
Eτσα μωρέ τσι πήραμε ν ετόσες πολιτείες;Cretan
σαν και δεν έκαμε δροσά που κάνουν οι μανάδες ;Cretan
σ έτοιο δεντρόν η χέρα σου ζουγλαίνεται ν απλώσει ;Cretan
κι ως το κανίσκι μου δωκες θα πα να του το δώσω;Cretan
Χάρε ρουφιάνε κερατά και ποιος θα σε σκοτώσει;Cretan
για να σαι αιτία Βάσανα Kι εδά απου μαι γέρος ;Cretan
Ἀπάνω κάτω ἔβλεπες ἄντρες ἀποθαμένους;Cretan
εμίσευγε σπουδαχτικά κι αυτός την ώρα κείνη ;Cretan
καὶ ἄλλοι κουρφοί μου λογισμοί καὶ τοῦτο μόνο σώνει ;Cretan
Άσπρη γυναίκα αγάπησε και δε θα µετανιώσεις ;Cretan
Μα αν τύχει και σωπάσετε κι όποιος κατέχει τάξε ;Cretan
Κι ύστερα πάμ αγλακιστοί στον άλλο τάφο που χεν;Cretan
Για κει ονά καλέ μου Ερμή σίμωσε κι απατός σου;Cretan
ενούς μεγάλου χιλετζή και μάστορα πανούργου ;Cretan
Kαμάρια μου O αφέντης μου σας έφερε το πλούτο ;Cretan
 Κι οντεν δεν ήτον;Cretan
και θα με ιδείς πως θα σταθώ ίδια ωσάν τον Aρη ;Cretan
μά τον ο νιός ογλήγορος κιο χάρος κουρασμένος;Cretan
από τσι Χαλκιδιώτες μπρε Bρώμοι Ξεφτιλισμένοι ;Cretan
 Σαν πώς θαρρείς και βρίσκομαι και σ ίντα παίδαν είμαι ;Cretan
και τσι παντέρμους μποντικούς θα στέσεις με τσ αρχόντους ;Cretan
Πρωί πρωί με σήκωσε κι επιάσαμε τσι στράτες ;Cretan
χτύπο ανε δώσεις θάνατο θα λάβεις ;Cretan
νὰ σύρνουσι τὰ κρέτα μας μὲ ἀδιαντροπιὰ μεγάλη ;Cretan
Τα μάθια που δεν φέγγουνε που τα χασες αλλότες ;Cretan
960;Cretan
ὅντεν ὁ γάϊδαρος γενῇ ἄγγελος νὰ πετάξῃ ;Cretan
άνοιγε ως θα πολουστείς Να τρέχει αίμα αδέρφι ;Cretan
ούλους τως κι ένα ν ένα ν τως Χοντροκουβέντες ζάρε;Cretan
Ως σου γροικώ πρεπε φτερά να κάμουν να πετάξουν ;Cretan
κουμουλιαστά κακά απο τα κοπέλια ;Cretan
Πέ να χαρείς με τσ εζημιές που πάθαμε οι μαύροι ;Cretan
έριχνεν εκατό τσινιές στον άνεμον απάνω ;Cretan
στην χώρα ν αφεντεύγομε Mα δα μαστε σ αγκούσα ;Cretan
Θάρρος κι απαντοχή ;Cretan
να σου κλουθώ στα πάθη σου ;Cretan
σ όπου γης και τόπο ;Cretan
κι αμοναχός το χαίρεται ;Cretan
Ούλες τσι βίγλες βίγλισα κι ούλες εμπάστισά τις;Cretan
Δεν πιάνω λόγο ;Cretan
Άλλος χρησμός που στον παλιό στέκει κι απανωβγαίνει ;Cretan
δεν έσερνε τα πόδια ντου κι έφταξε στου Πολύβου ;Cretan
οπίσω εγιαγύραν εμπερδέυγαν;Cretan
όξω από μένα τίβοτσις του γάμου μας σημάδι ;Cretan
Αυτός που μ εδιάταξε Γερο τα που χω πράξει;Cretan
Παραίτησε την εκκλησσά γιαμιάς και πόρισ όξω ;Cretan
Είντα λόγο θα μου πεις ;Cretan
ν αφεντέψη nΕις τα Σφακιά ξεβάρκαρε και ς το Λουτρόν εβγήκε 55 nΜέσα;Cretan
και τση δενε στον πόδα τζη ετούτονέ το φτύλι;Cretan
μεγάλο ζόρε παίρνω δα μην ξεραθώ στα γέλια ;Cretan
απ του κυρού την φονική χέρα και το μαχαίρι;Cretan
σκιας οι Θηβαίοι για καιρούς που ταν οι δυο ν υγιοί μου ;Cretan
 Μπροσώρας πόνο δεν γροικάς μα πόνος σ ανημένει;Cretan
για σένα θα τα κόψω τα μαλιά μου;Cretan
καὶ ὁ ναύτης εἰς τὸ σπίτιν του ἀπῆτις θέλει φτάσει ;Cretan
και να ναι η σεμνότη σου πλια απ τον φυσισμό σου ;Cretan
Ε μαύρη πόνους τσι περνάς και ποιος θα τσι μετρήσει ;Cretan
και με μεγάλη μαστοριά και τέχνη φυτεμένα ;Cretan
κι εφώνιαζαν Ε ν το θεριό Αλλοί κι αλλοίμονός μας ;Cretan
ΤΗΝ ΑΓΑΠΗ ΜΟΥ ΚΑΙ ΝΑ ΤΗΝ ΠΑΡΟΥΝ ΑΛΛΟΙ nΚΑΙ ΜΗΝΥΣΑ ΝΤΟ ΤΟ ΚΑΙ ΓΩ ΜΕ ΤΟΝ;Cretan
Γιε τ Aχιλλέα εύρηκα ετούτονε το ναύτη ;Cretan
 Kατέχω το σου λέω ;Cretan
ΠΡΟΦΗΤΗΣ φευγοντας ;Cretan
Πούρ έκουσαν την ρήγισσα κι επερισοκαυχούντον ;Cretan
που μου χαηδεύγει την καρδιά Δία σου λέω Δία ;Cretan
Εκειού που σου τον έπεψε πέ σκιας το που του πρέπει;Cretan
Μα πρίχου φτάξουν οι πεζοί εφάνηκ η γι αρμάδα ;Cretan
να μη φανεί η φανιά ν Του μπλιο μουδε να ξανακούσει;Cretan
 Δεν κράζει σαν και πρώτα ;Cretan
Κι αν θες τα μεγαλεία δεν θα φτάξεις ;Cretan
 E Eίπα γκω Tην κεφαλή του γκώργκου ;Cretan
συχνιά δροσίζει τσι καρδιές εκείνες που μαραίνει ;Cretan
συντροφιασμένοι νά μεσταν ὁμάδι ;Cretan
Kι ας εβγάναν τα μάθια ντου φωθιές μαζί κι απύρι ;Cretan
Πέ μου νὰ ζεῖς Πανάρετε μπορεῖς νὰ τὴν ἀφήσεις ;Cretan
στα μάγουλα πως έφευγα απ την παντέρμη χώρα;Cretan
κι εκείνη ν απης έσμιξε τον παινεμένο Δία ;Cretan
Γροίκα μ επά κι εγ α σου πω την πάσα την αλήθεια ;Cretan
 νοὺς κακοθελητῆ πολλὰ κ ἐμὲ καὶ τοῦ παιδιοῦ μου ;Cretan
Μεγάλο Κάστρο πριν την πολιορκία Δίπατο αρχοντικό με παράθυρα ψηλό;Cretan
Ποιος Ο Φιλόξενος μωρέ Που χάσκει το κωλί ν του ;Cretan
565 οἱ πόνοι ἂς πάψου μετὰ σὲ κ οἱ πρίκες μου οἱ περίσσες ;Cretan
Είντα να πω Είντ α γενώ Ατσιποδιές καινούργιες;Cretan
ίντα λογιάζεις να κανε σ τση κοπελιάς τη νιότη ;Cretan
Ενα ν Καταχτυπάκη μπρε ;Cretan
Eσείς απού την έχετε τη χώρα στην εξά σας στρ;Cretan
Κι εσύ Ευρήκες σκιας εσύ τον αδερφό μου ;Cretan
Σε όλα τα άλλα υπεύθυνοι οι άνθρωποι πρέπει να ναι προπάντων οι;Cretan
γαλανό πλοκάμι ;Cretan
να καταλύσω ότι ζει Κι αν δε σου βγούν τα που πες;Cretan
Μα δεν μ αφήνει τούτηνέ ;Cretan
Ετούτανά τα λέγανε ως τα πες κι οι γραφές μας;Cretan
 Ελα μωρή στο σπίτι ;Cretan
και ως εγέρνουν έλεγα πως με την ρηγική μου;Cretan
Σάλευγε δα να πα να βρεις απο ξαρχής τερτίπι ;Cretan
Γραμμένο το χει καθαρά πως τούτηνέ την χώρα;Cretan
Γιαείντα κλαις και βρίχνεσαι στα πέπλα κουκλωμένη ;Cretan
Κόρη μου θυγατέρα μου παιδί μου ;Cretan
 Mε τούτονέ τ ολόχρυσο στεφάνι;Cretan
Να μην το ξαναειδεί κιανείς το τρισκαταραμένο ;Cretan
Πάρε τσι χτύπους πάρε τσι παιδί μου ;Cretan
Mη πας εκειά Oμπρός σου μπρε Oμπρός σου λω τον έχεις ;Cretan
και με τον Δία τα βαλε κι όλο τον ε μοτσαίρνει;Cretan
Μὰ γὴ ὄμορφή μαι γὴ ἄσκημη Πανάρετε ψυχή μου ;Cretan
Οτι σου πέψαν οι θεοί μην το πετάς κουμπάρε ;Cretan
και για τσι δυο μας θα ν καλιά ;Cretan
Eίντα βουλή Mα το θεό δροσά δεν έχω κούσει ;Cretan
είν απιστη και στ άδικο τσ αθρώπους παρασέρνει ;Cretan
ανακουρταλέψω nνα βρω τ αφράτο μάρμαρο να το ξεπελεκίσω nνα σιάξω το;Cretan
 Γροικάς μου ;Cretan
κι εκούνησε την κεφαλή και λεέι Ειντά ν αλήθεια ;Cretan
Aπο τα πόδια βάν αρχή στη κεφαλή να φτάξω ;Cretan
Επίσης άνδρες που παντρευτήκανε από τη Κουδουμαλιά στον Αβρακόντε ;Cretan
Nαί σου Κι εδά θα ιδώ πουλιά αν πιάνεις στον αέρα ;Cretan
καὶ τόση παιδωμὴ καὶ τόση ζάλη;Cretan
Α δη και σ ένα θέλημα ν εμνώγαν οι μανάδες;Cretan
Ε την ε ;Cretan
Ετσα κακό μεγάλο;Cretan
Σαν την αστραποχάλαζη είν η πορπατηξά ν του ;Cretan
ΜΠΕΜΠΕΙ ΓΡΑΜΜΑΤΑ ΚΡΥΦΑ ΚΑΙ ΔΕ ΤΟ ΛΕΕΙ nΓΡΑΜΜΑΤΑ ΚΑΙ ΓΡΑΜΜΑΤΙΚΟΥΣ nΜΑ;Cretan
Oτι σου βγαίνει θα στα πω Nτρέτα θα σου μιλήσω ;Cretan
Ενα θεριό πολλά παλιό μου το χε κανισκέψει;Cretan
Και την γαστρώναμε μωρέ Μεγάλο ζόρ επήρα;Cretan
Κρίμας το γεροντόμυλο Κρίμας τσ ελιές Ε θε μου ;Cretan
Tην αρχοντιά σου κράτηξε και στον περίσσο πόνο ;Cretan
Eκειά να ιδείς να θάμασμα π άθρωπος δεν πιστεύγει ;Cretan
Ευρήκα τον στο θρόνο ντου σ ένα κορφάλι απάνω;Cretan
πε σκιας απ τα καινούργια σας τραγούδια τα σπουδαία ;Cretan
και το σπασμένο κέρατο δείνει ότι κι αν ζητήξει;Cretan
στο πονεμένο μου κορμί ;Cretan
 Πιας την δεξά μου χέρα;Cretan
Ε δε μωρέ μια τρουλιδιά Ανήμενε σου λέω ;Cretan
 Eιντά χεις κακομοίρη ;Cretan
Δείχνει μου το δακτύλι του που χε το Δακτυλίδι ;Cretan
το κακό νταμπιέτι ;Cretan
Καινούργια πλούτη Οι φτωχοί που δεν έχουνε πράμα;Cretan
ΘΥΓΑΤΕΡΑ nΚΑΙ ΠΡΟΞΕΝΙΑ ΤΣΗ ΜΠΕΨΑΝΕ ΑΠΟΥ ΤΗ ΣΑΛΟΝΙΚΗ nΤΑ ΑΔΕΡΦΙΑ ΤΖΗ ΔΕ;Cretan
του γι αστεφάνωτου ν άσκημου γάμου ;Cretan
και του μετράει εκατό χρυσά ναπολεόνια ;Cretan
Τσι γυναίκες λυπηθείτε;Cretan
Εγώ μαι μπρε ο Σειλινός Του Διονύσου ο φίλος ;Cretan
απ όντεν ήμουνε μικιός Χέρα να μη σηκώσεις;Cretan
Δεν θα γλιτώσουν του χαημού οι δυο γυναίκες ;Cretan
και τ αντόδια ντ έτριζαν ;Cretan
 Γροίκα ;Cretan
να ναι και για το Mενελή Aν τονε βλέπει πούρι ;Cretan
Τ αχερα νεχαράσουνε Ντραπείτε μπλιο Ντραπείτε ;Cretan
τά δωκε Μα συ κάτεχε πως δεν θα σ ανεμπαίξω ;Cretan
και των χαρίτω των παινεμένω ;Cretan
ετούτοσάς ο φόνος αν τελέψει ;Cretan
ιδι αστραπή αντίλαψεν κι εσόφεξε στο σπήλιο ;Cretan
Για κείνο πούρι σ έθαψα στου παλαθιού την πόρτα ;Cretan
αγλακιστή τον νου μου είχα χάσει ;Cretan
η μιά τα κάνει τα κακά κ η άλλη τής τα χώνει ;Cretan
σπαραχτική έκφραση ψυχικού πόνου από τη Θεοτόκο που θρηνεί και δέχεται;Cretan
Παινέματα στο θρήνο των αθρώπω ;Cretan
στο σείσμα και στο λύγισμα και στης αντρειάς τη;Cretan
Kι εσύ Εσύ ν απου κρατείς την κεφαλή σκυμένη;Cretan
Η νύκτα εκαλοφόρεσεν τό δεν επήκεν116 άλλη ;Cretan
 Δυο πόδια;Cretan
χαλά το καλο νάμι των αθρώπω ;Cretan
 Δάχτυλό μου βρομισμένο εδικό μου είσαι καημένο ;Cretan
Ζα λέω Ζα απου σουνε η ρίζα τση γεννιάς μας;Cretan
Tην σφαγαρά ντουχιούντισέ των κοπελιώ σου λέω;Cretan
κι ας πα να ζήσ αμοναχός και καταφρονεμένος ;Cretan
Σαββάτο λω ναι σήμερα Δεν μας ε φέρνουν άλλο ;Cretan
το χε κι ολπίζει γλήγορα να σμίξουσιν ομάδι ;Cretan
 Όποιος γυρεύει αιτία βρίσκει ;Cretan
Δόξα γυρεύγει η στόλιση να βρει κι αυτή μετά μου ;Cretan
Στο χίλιο διάολο να πάς κι αλλού κακά να κάνεις;Cretan
E κι είντα λες για το θεό πως θα ποτάξω πραμα;Cretan
Πώς θα σ το πω ;Cretan
που χε το σέβας του λαού ο πρώτος στσι ρηγάδες ;Cretan
Βαλε βάλ ένα κρασάκι ;Cretan
Εγώ πεσμένη εκλαιγα Πού πήγαν ;Cretan
κι από το πετροβόλημα εσπάσαν τα σπαθιά ντως ;Cretan
πέφτουνε Τούρκοι είκοσι και Χριστιανοί πεντ έξι ;Cretan
Μ αν ε μιλήσει και λαλιούν την γλώσσα ντου τα πάθη ;Cretan
Μοιρολοήσου και συ μετά μου;Cretan
κι άλλους καημούς εσώριασα κι εγίνηκαν κουμούλα ;Cretan
Θέλω τον ;Cretan
όντεν ο Kύρης μου βαλεν τσι δέκα να τον πιάσουν ;Cretan
Eρχου μπλιο μέσα μετα με Σαλεύγετε γερόντοι;Cretan
Πᾶσα ὅντας ἦναι ἀρχιμενιὰ τέσσερης λίτραις παίρνεις ;Cretan
καὶ ἀθιβολὴ ὀμορφότατη ἔχω νὰ σοῦ μιλήσω ;Cretan
ώστε να δώσει ο Kύρης μου το θέλημα ν εκείνο ;Cretan
να μπει στα Ιεροσόλυμα μια μέρα ;Cretan
Kιανείς από τσι γι Aχαιούς αφέντης του δεν θα ναι ;Cretan
κι έφυγε Εξάνοιγά τηνε κι ήλεγα ψόμματα ναι ;Cretan
εγιάγυρες ομάδι ντου οπίσω στην Ευρώπη ;Cretan
Αειντες άειντες ;Cretan
Σάϊκα το θωρείς και συ γροικάς μου Προμηθέα ;Cretan
ελευθερια nμα πάλι επολεμήσανε;Cretan
Δεν είν η μάνα κι ας το λεν απου γεννά το τέκνο ;Cretan
σέρνει φωνή μεγάλη;Cretan
και γή ποθαίνω ζάβαλες γή ζω ο κακομοίρης ;Cretan
E γλήγορα να μου το φανερώσεις;Cretan
ΑΛΕΞΑΝΔΡΑ Μανά μου Θα ψυχοπαραδώσω ;Cretan
πολέμιστές του κονταριού Κι άλλοι απ τη Mυσία ;Cretan
 Θυμούμαι το O φόβος;Cretan
 σε δευτερο επίπεδο της σκηνής έξω από μισάνοιχτη αυλοπορτα ;Cretan
ΔΙΑΚΟΝΟΣ Η χάρη ντου παρακαλεί ακόμη;Cretan
να μου πεσει ίδια πα ;Cretan
να μη φανεί η φανιά μας μπλιο ;Cretan
ΓΕΙΤΟΝΙΑ ΗΜΟΥΝΕ ΞΩΜΕΝΑΡΗΣ nΚΙ ΑΡΓΑ ΕΡΧΟΝΤΑ Ο ΧΑΡΟΝΤΑΣ ΧΛΩΜΙΟΣ ΚΑΙ;Cretan
κατά τα πάθη απου παθαίνω;Cretan
Σὲ μιὰ κασέλα μ ἔβαλε ἀπάνω καὶ σηκώνει;Cretan
Πέ το γιατὶ ὅσο πλιὰ τ ἀργεῖς βαραίνεις τὴν καρδιά μου ;Cretan
ποιός να ρθει από τους τέσσερεις να τον ε δικιμάσει ;Cretan
παραιτά Δούκα το λαγό σαν τονε ξετρυπώξει ;Cretan
Μην τον αλικοντίσουνε εχθροί κι οι ποδωμοί μου;Cretan
Mάνη Nαί σου μπρε Kουνήσου ;Cretan
Μ ἀμέτε δὰ μπουρμάδες μου κάμετε τὸ ντοά σας ;Cretan
Ας είναι Εφυγ η μάγισσα Ακριβοπλερωμένη ;Cretan
ΚΑΘΕΤΑΙ ΚΑΙ ΤΟ ΦΙΛΙ ΖΥΓΙΑΖΕΙ nΖΥΓΙΑΖΕΙ ΚΑΜΠΑΝΙΖΕΙΝΤΟ;Cretan
K εξύπνα και τη Nένα τση κ εμίλειε μετά κείνη ;Cretan
τση nΣταθώρι και πρεπειά τον το κορμίν τση nΠαπούτσια και καρτσόνια η;Cretan
οντε ξυπνήσεις το κακό π απο παλιά κοιμάται ;Cretan
Mα την καρδια σου ανε μπορείς να την ε κομποδέσεις ;Cretan
γιαγέρνει;Cretan
μα εσάλεψεν ο νου τση από θεού βουλές ;Cretan
Και θα σου δίνω για να τρως κριθάρι κάθα μέρα ;Cretan
 Παιδί μου φαίνεταί;Cretan
που χετε στα πηγουνάκια ;Cretan
Ναι μ άνε πάει άλλος κιανείς και πιάσει τον Πιλάτο;Cretan
κι ἔδειχνε μὲ τὸ χέριν της κι ἐλάλειε κι ἐσυγέλα ;Cretan
Α δη κι ως είδ ο Δασκαλος το φόβο μου μου κάνει ;Cretan
Eίντα να κάμω ;Cretan
Mε σπλάχνος εχαιρέτησεν όλους μικρούς μεγάλους ;Cretan
 Πολλά μεγάλο χάρισμα στον άνθρωπον η γνώση ;Cretan
Kιαμέ Tην πούληση η φρασά την κυβερνά Μα πού ν το ;Cretan
Σύβασε τον υγιό σου αρχόντισά μου;Cretan
Κάτεχε πως οι γι Ελληνες θυμό πολύ γροικούνε;Cretan
Στο στρώμα ντως μαθές εμέ ξανοίγαν ;Cretan
 Στο μανισμό ντου;Cretan
του ς τον μπέτη nΤσή βρακοζώναις τ άφηκε κι αποθαμμένος πέφτει nΚαι;Cretan
Mα είντα κλαίω και πονώ η μαυροκακομοίρα ;Cretan
ὅσο μπορεῖς στὰ βρόχια σου πλιότερους γιὰ νὰ μπάζης ;Cretan
γιαμιάς εγλάκα κι έφυγε ωσάν το μανισμένο;Cretan
Κάθε παλιά ανάμνηση με μια καινούργια σβήνει μα μες στα φύλλα τση;Cretan
και με τσι χτύπους κάμετε στη βάρκα π αρμενίζει;Cretan
ΜΟΡΟΖΙΝΗΣ	Βάρβαροι ;Cretan
Για τα ξεγιβεντίσματα τση κόρης τση εχάθη ;Cretan
ΒΑΣΑΡΜΟΣ ΤΟ ΓΙΑΣΕΜΙ ΚΑΙ ΤΟ ΚΑΡΕΦΥΛΛΑΤΟ nΠΑΡΑΠΟΝΟ ΕΙΧΕ Ο ΒΑΣΑΡΜΟΣ;Cretan
τ Ατρέα ο γιος εμάζωξεν αρίφνητον ασκέρι;Cretan
Κάτεχε πως επόρισε Και στην αγάπη απάνω;Cretan
μου και πολύν καρπό να τρώνε οι διαβάταις;Cretan
Σάοικα απ το πολύ κρασί ;Cretan
κι εκάτσαν να γλεντήσουνε των έδωκε στεφάνια ;Cretan
κ ετσίνα και εταράσσουντο στ άλογον αποκάτω ;Cretan
το πολυπεριπόθητο για του λαού την δόξα ;Cretan
Η ρίζα θρέφει τη κορφή κι η ρίζα τη ξεραίνει κι ας βρίχνεται στη γης;Cretan
αγκάλες;Cretan
Μπόλικοι Σαν κι εμέ καλοί και τιμημένοι άντρες ;Cretan
φέρεις ;Cretan
Kι η μοίρα σου σε μοίρανε σε βέργα να κουμπίζεις ;Cretan
 Για κειονά τον πρώτ απου τσ οχτρούς;Cretan
και να μ εβγάλεις από πά και να με ξενιτέψεις ;Cretan
Ημπας είν η πατριδά μου στην πρωτινή τζη δόξα ;Cretan
Κι ετούτονε τον ένα ν τως απ τσι μουνουχισμένους;Cretan
Aπ όσα τσι προστάξανε διπλά τριπλά πλια πάνω ;Cretan
 μικιός μαθώς αφέντεψε να βρουκαστεί δε θέλει;Cretan
Δεν εξαναμυρίστηκα στην ζήση μ έτσα μύρο ;Cretan
Nα των ε πέμπει ο Θιός ότι γυρεύγου ;Cretan
κι εθέλησαν να μοιάσουνε σ οσους ευρήκαν πώδε ;Cretan
Ο ΔΡΑΚΟΣ ΤΟ ΘΕΡΙΟ ΤΟ ΓΙΑΝΝΗ ΓΙΑ ΝΑ ΦΑΕΙ nΝΑ ΦΑΕΙ ΕΜΕ ΤΟ ΜΟΝΑΧΟ;Cretan
 Mα είντα πάς να κάμεις ;Cretan
 Ω μαυροκακομοίρα ;Cretan
επι καλού Κι εδά μαθώς ας δώσει η Παρθένα;Cretan
Για την Kασσάνδρα το καμα κι εξέτρεξα το φόνο;Cretan
να κυβερνάς την χώρα μου Ιωνα θα σε βγάλω;Cretan
με γρίνιες εχαιρέτησε κ εμίλησε και λίγα ;Cretan
Τέχνη πολλή και δύναμη και προκοπή μεγάλη;Cretan
κι εβγάλανε τσι γκάρδιους τως κοντάρια πελεκήσαν ;Cretan
καὶ μετανιώνει ἀπὸ καρδιᾶς κλαίγει καὶ ἀναστενάζει ;Cretan
Γύρου τριγύρου είν ο λαός και πεθυμού να δούσι ;Cretan
Αειντες και δρόμον έχομε μέχρι την Γαλιλαία ;Cretan
και σπουν την κολυμβήθρα και φεύγουνε οι σκύλοι ;Cretan
Κι απώς δεν είν κριμάτιση να σφάξεις τέθοιον έχνος ;Cretan
τα που παθα η γι άμοιρη μου φέρνουνε και κλάημα ;Cretan
καλά αντρειωμένοι ;Cretan
A για κει ονα εμίλησες μ ετσά πιτηδιοσύνη ;Cretan
μα και τον κακορίζικο ξένο μπορεί ν αειδάρει ;Cretan
Νερό θα γίνω να με πιείς στη κάψα τ Αλωνάρη και τζάκι να ζεσταίνεσαι;Cretan
Τριώ μερώ ζουμί θα φας τριώ μερώ κνισάρια ;Cretan
 Ειντα άλλο πούρ εμπόριες;Cretan
Kαι να σαι πάντα μετά με κι απείτις ξεψυχήσω ;Cretan
Hμπας δεν είν Eίντα να πω Mπα σάοικα λαθεύω ;Cretan
Εμείς γιαμιάς μονταίρνομαι κι ανεσηκώνομέ ντον ;Cretan
Γιαειντα δεν είν ασερνικά ;Cretan
 Κουμπάρε ;Cretan
 Αλλοί κι αλλοίμονός μου ;Cretan
άκαρπο και μαραίνεται κι εμένα το κορμί μου ;Cretan
 Γιέ;Cretan
έχει μιαν αρκαλότρυπα και μπαίνουν οι αρκάλοι ξ ;Cretan
τα λίγα κι εξετρέχανε μόνο να τρωγοπίνουν ;Cretan
 Ε ρήγα κι άρχο;Cretan
Kιαμε ποιος στέκει δα θεός ;Cretan
τὸ σπίτι μου τὸ πράμα μου κι ἐμένα νὰ μὲ ὁρίζης ;Cretan
απο τα ψακωτήρια σου;Cretan
προξενητὴς ὁ πόθος σας βουηθὸς τὸ ριζικό μου ;Cretan
Στην υστεριά γινόμαστε για το λαό Φαμέγιοι Ντρέπομ ο μαύρος ντρέπομαι;Cretan
Και δεν θελ α το κάμω γω αν δεν είχε ν αρχίξει;Cretan
Ποιος φίλος τάξε θ άντεχε γή θελ α νταγιαντίσει;Cretan
Kαι πλιό δεν είχεν αναπνιάν κ η αίσθησή τση εχάθη ;Cretan
85 καὶ ὀπίσω σύρνει καὶ πατεῖ καὶ τὴ χολή τζη πρήσκει ;Cretan
μπορώ και να σ αντιπατώ ;Cretan
γιατί κοντάρια κι άρματα τέτοιον καιρό γυρεύγει ;Cretan
Ναι Κι αν δεν φτάξουν τ άχερα θα φάει κι εμάς μια πάρτη;Cretan
 Τρεχάστε;Cretan
και τα μέσα nΚαι βρίσκουν το κερά λενιό ς ολόχρουσα σεντόνια n Σ;Cretan
Kαι θέλημα τως ήδωκε να το ξεκαθαρίσουν ;Cretan
Θα πεις το ξύλο του Σταυρού εδωκεν αμανάτι;Cretan
μα κι ετουλόγου σας μαθές ανε γενήτε φίλοι;Cretan
Συνήθειο τό χ η μάνητα τον κλέφτη να ξεχώνει;Cretan
Μηδε προσκυνά αξιωμένο;Cretan
Kι οι αλλοι αντιπατούσανε μη βασιλέψει ο Δίας;Cretan
Κι αλλότες όχι ;Cretan
Αμοναχή σου έτσεσες μπέτη για όνομής του ;Cretan
να βρούμε σωτηρία ;Cretan
Στην αλισάχνη να πνιγείς Kι ομάδι σου το κρίμα;Cretan
Λυπήσου κύρη μου το γιο αν τύχει και σε χάσει;Cretan
 Γιελιέσαι ;Cretan
κι αυτός ο ψεύτης ο ντουνιάς για πάντα να γλιτώσει ;Cretan
Eχάθηκαν ;Cretan
Τούτα τα λόγια τα πασι κι άλλες πολλές Αθούσα ;Cretan
Ντα αυτό ναι εφταφάνερο ;Cretan
Δεν σου καντίζω γω δροσά απ όσα προφητεύγεις ;Cretan
που χανε φτώχειες Mε χαρά αγκαλιαστό τον έχουν;Cretan
μα δειχνε πως δεν την ψηφά τη μάνηταν εκείνη ;Cretan
Σήμερο άσπρος ουρανός σήμερο άσπρη μέρα σήμερο στεφανώνεται αϊτός τη;Cretan
Κι ετότεσάς θα σας ε ιδώ το φως αν ε ληφτείτε ;Cretan
Σ είντα σκλαβιά θα μπούμενε σ είντα φαμέγιου ζεύγλα ;Cretan
Ας επαναδιδάξομε το έργο Μεταξύ μας ;Cretan
σοῦ τάσσω καὶ τὸ θάνατο ποὺ ἔδωκες νὰ γδικιώσω ;Cretan
οὔτε φεγγάρι οὔτε φῶς ἀστέρας γὴ πλανήτης ;Cretan
 Ας τα καημένη άς τα ;Cretan
Σαν ξεραθεί ο βασιλικός Γιαννούλη δε γυρίζει;Cretan
Aπου με κατατρέχει ετσά Kι ήρθα παέ να κάτσω;Cretan
Kαι τσι γονέους σου μαθές εγύρεψες για να βρεις ;Cretan
Να πουμενε τα παστικά για το γαμπρό μας πούρι;Cretan
Πως είμουν φίλος μπιστικός δικός ξετελεμένος;Cretan
Απ αν με ιδεί από ψηλά ο Δίας να θαρρέψει ;Cretan
Λέγε σου λέω ;Cretan
απου χα γω και ξάνοιξε να ιδείς ειντά χει μέσα ;Cretan
Οτι ώρα ν ήρθε κι αυτηνού ν ο νους στην κεφαλήν του;Cretan
όσοι οχτροί μας έκαμαν έτσα κακό μεγάλο ;Cretan
Και δεν παθαίνεις δίκαια ως έπραξες για πέ μου ;Cretan
Oύλες μας το κατέχομε καημένε τ όνομά σου ;Cretan
 Eμένα να ποβγάλεις ;Cretan
στὸ μοναστήρι ἐδιάβηκα τὸ φράρο νὰ γυρεύγω ;Cretan
μόνιος μου μετὰ λόγου σου τσῆ χώρας νὰ βοηθήσω ;Cretan
Ετούτανά πε και φωθιά ν έναψε στσι καρδιές τως ;Cretan
6 Ο Τζιράκης Εμμανουήλ του Ματθαίου που σκοτώθηκε σε τροχαίο στις Ξε ;Cretan
κι εχθρούς δε λογαριάζει ;Cretan
νὰ θὰ γενῆς πραματευτὴς ἐδὰ στὰ ὕστερά σου ;Cretan
στέκουν κι ας μην ζυάζουνε δροσά και δεν γατέχουν ;Cretan
Mα εις την υστεριά ξεκαθαρίζει;Cretan
και βάσανο μου εδώκασι τα Πάθη που σ ευρήκα ;Cretan
ΟΙ ΣΦΑΚΙΑΝΟΙ ΜΠΕΨΑ ΚΑΙ ΤΣΙ ΓΥΡΕΥΕΙ nΑΥΡΙΟ ΒΡΑΔΥ ΝΑ ΒΡΕΘΟΥΝ ΣΤΟΥ;Cretan
Ανέλωμήν εγίνηκε μεγάλη αναμεσώς τως;Cretan
σαϊτολόγκο μπάμπω Nα Nτραχμίε ντώσει μέτα ;Cretan
βλέπε μ αυτάνα έτσ άδικα να μην την αποθάνεις ;Cretan
για να το γειάνει και ποτές πεισματικά δεν κάνει ;Cretan
Μενέλαε μην πας εδά που τόσο ν καλα τά πες;Cretan
Πε μου αν θελ α με κατέχουν ;Cretan
απου χαζιρευούμαστε να πάμε Kάμε θέ μου ;Cretan
Που με κεντρώνει με κεντριά και σέρνει;Cretan
Εδωκ ο θιος κι επόκαμε Δεν είχα ειντα τση κάμω ;Cretan
ότι στραβό κακό και πάθος τύχει;Cretan
πως για να το χου θάμασμα στον Kόσμον εγεννήθη ;Cretan
Δίκια και πρόσβαρα μαθώς τσ άντρες κατηγορούμε ;Cretan
πεντε κουβέντες να του πείς ονόστιμες κι εκείνος;Cretan
Το τρίτο αγόρι έτυχε να μην έχει παιδί δικό του και η γυναίκα του τον;Cretan
 Aν δεν βγαλουν τσ αμπάρες τως και τα κοντομεριά ντως ;Cretan
Ως έχει και κειονέ κειονέ που στέκει εκειέ Το γι ίδιο ;Cretan
Πισοπατώ στο πόνο σου γιατί σαι συ πλια γρά μου ;Cretan
ΙΩΑΝΝΗΣ αποφασιστικά Τον ιδικόν μας;Cretan
Μωρε ξεπρόβαλε Γροικάς ;Cretan
Γυναίκες Δώσετε γιαμιάς τα κορφομάντηλά σας;Cretan
 Αναγυρού μας έχουνε ζωσμένους;Cretan
κι άμε τα μπλιο Το φόβο μου πόβγαλε Αμε τση τα ;Cretan
Μα το καράβι εμπάταιρνε να πέσει στα χαράκια ;Cretan
 Θωρώ;Cretan
197Nα δει τέτοιο ανεπόλπιστον εδά στα γερατειά του ;Cretan
Δίχως να φταίω δεν γροικώ όξω τον κακό λόγο;Cretan
Ετέθοιος ήρως ;Cretan
ΠAIΣ KINHΣIA;Cretan
αν δεν το θελ η γι Αρτεμη κι αν δεν το χε βουλή τζη ;Cretan
Θυμήσου τὴν ἀγάπη μου θυμήσου πῶς μικράκια;Cretan
επλέρωναν έτσα λοής οι κερά μάνες ;Cretan
πῶς πᾶσι μὲ τσ Ἀγαρηνοὺς ὁπ εἶναι σκλαβωμένες ;Cretan
Σαν είντα δίκιο βρίχνουνε και σέρνουνε σ ομάδι;Cretan
γή στ αποκατωθιώς τση γής μεσα στα μαύρα σκότη ;Cretan
Ανάθεμά σ αρούβαλε Tο γένος των γερόντων;Cretan
 Μην κρίνετε ίνα μη κριθείτε ;Cretan
Κι ως θα τσι πιάσω θα θαρώ πως έχω φως και φέγγω ;Cretan
ομπρός σε ούλους τούτουσές Kι απανογαλιφιάζεις;Cretan
λοϊσμό και γνώσι ς το κεφάλι nΑς κάτση να συλλογιαστή για το Χατζή;Cretan
Στρέφω θωρώ την μάνα μου και με την κεφαλή τζη;Cretan
για να γνωρίσεις πως καλλιά σ έχω απού την ψυχή μου ;Cretan
 Kαι δε τσι δοίκα τούτονά μονο κατέχουν ταξε ;Cretan
να σαι ξεγραμμένος Ποτέ μη επηρεαστείς φίλε από το χρήμα για να;Cretan
κι εσύ κι ο γι άρχο Ποσειδώς κι ο παινεμένος Δίας ;Cretan
1650;Cretan
Ετούτοινά τση μαύρης γης την γνώση ανεζητούνε ;Cretan
που τση ριξε απ τον ουρανό μέγα ν αστροπελέκι ;Cretan
κ εκάθησε ο Pωτόκριτος εις το Θρονί κι ορίζει ;Cretan
Nα κάμ ο Zας την γή να λουλουδίζει αντιστρ γ ;Cretan
Για να γιαγύρουνε καλά στο σπιτικό ντως πούρι ;Cretan
Οντέ θα κλέεις μη γελάς κι οντέ γελάς μη κλαίεις κι όσα σου πούνε μη τα;Cretan
725 Καὶ πεθυμήσει τό θελα μόνος καὶ μοναχός μου;Cretan
εσύβασε την μάνα ντου να σφάξει Ε δε έργο ;Cretan
Οι γι άντρες που χουν λεβεντιά παλικαριά και χάρη στον ψεύτη κόσμο;Cretan
και ρίμες από κειεσάς που συνταξ απατός του ;Cretan
καὶ πάθη κι ἀναστεναμοὺς τὸ στῆθος μου γεμίζου ;Cretan
Ως έφυγεν ο κύρης τση κι αμοναχή τη φήκε;Cretan
των θυσιών ν και καθούνται πατούλιες σόγια σόγια ;Cretan
ήλεγε πως εγίνηκε κι ήλεγα πως εκείνος;Cretan
χάρη ;Cretan
Ο Γλυμίδης Αλής 1821 n Κατά την διάλεκτον των Σφακιωτών nΠορίζουν;Cretan
Πριχου συζέψεις βράσε μπρε και πιε κι ενα φλισκούνι;Cretan
κι ἀνὲ θυμᾶται ἀπὸ γονιοὺς τίποτες ρώτηξέ τη ;Cretan
κι εμέ κι αυτή κακολογείς εκόντας σου Κατέχω ;Cretan
Στραβούς κουτσούς μεσκίνηδες Κι έρχουνται ως θέλει ο;Cretan
απ το φόβο ντως χλωμιούνε ;Cretan
χάσεις και γυρεύγεις;Cretan
Μη φήσεις να χουνε κακά ωσάν κι εμένα λέω ;Cretan
μόνο να πάρει Θάνατο μόνο να παραδώσει 590;Cretan
μα τον επόβγαλε η μαμή ως ήμπαν κι όξω ν ηύγε ;Cretan
το πώς εκακαπόδωκε νούς Pήγα Θυγατέρα ;Cretan
νὰ μὴ θωροῦ τὰ μάτια μου νὰ μὴ γρικοῦ τ αὐτιά μου ;Cretan
να ζήσει ο νεοφώτιστος ευτυχισµένα χρόνια ;Cretan
να πάνε να ρωτήξουνε τσι δυο μεγάλες μάνες ;Cretan
μὰ πότες ἦρτες καὶ ἀφορμὴ ς τὴν Κρήτη ποιὰ σὲ σέρνει ;Cretan
Τα παντερμ ονόστημα ;Cretan
κι ο για το Φίλο ελόγιαζε πού να ναι κ ίντα εγίνη ;Cretan
εις την ψυχή μας Είχαμε Μα για να βγει το βάρος ;Cretan
Να γροίκας αγκομαχητά Κι ήθελε και κοπελι ;Cretan
μάντρα να ξομένω ;Cretan
Κι αν θες δεν έχεις δύναμη το ρήγα να σκοτώσεις ;Cretan
 373 ;Cretan
κι ο Kύρης ωσάν πίβουλη βάνει να με φουρκίσει ;Cretan
E ν τον ε έ τον τάφο ντου Aπάνω ντου καθούμαι ;Cretan
κιανείς δεν ξεύρει να το πει μόνον οι δυό τως κείνοι ;Cretan
