north	Koita pärjätä sillä vähällä mitä saat , kyllä met sen verran voimma veroja laittaa lissää . 	Koita pärjätä sillä vähällä mitä saat , kyllä met sen verran voimma veroja laittaa lissää . 
west	älä sää sokee huutel tääl tommosii . 	älä sää sokee huutel tääl tommosii . 
north	Emmähän met poka sunkhan ole ko raatanhet vain . 	Emmähän met poka sunkhan ole ko raatanhet vain . 
north	Saateri senthän ,ko kissa pasko kenkhän !	Saateri senthän ,ko kissa pasko kenkhän !
west	Seku o herrai hallussa , meinaa uimahalli . 	Seku o herrai hallussa , meinaa uimahalli . 
west	Hakkarin mettäs olis tilaa ja avaruutta , jos päättäjillä olis aivot toiminnas . 	Hakkarin mettäs olis tilaa ja avaruutta , jos päättäjillä olis aivot toiminnas . 
west	Kyähä jo kerra parturoitii vadelmapensaat pois alta ja saatii tilalle pajukoita vaa ei uimahallia . 	Kyähä jo kerra parturoitii vadelmapensaat pois alta ja saatii tilalle pajukoita vaa ei uimahallia . 
west	Ideaparkin allekkin sitä sovitettiin vaa jossain nyh kummiski pelkästää leijuu . 	Ideaparkin allekkin sitä sovitettiin vaa jossain nyh kummiski pelkästää leijuu . 
west	Juuh , jos olis tarkootettu herrai huviks nii olisha se ollu aikapäivii käytös . 	Juuh , jos olis tarkootettu herrai huviks nii olisha se ollu aikapäivii käytös . 
west	No , oha naapurikunnissa , mutta nehä hoitavatki asiat ja aattelee kuntalaisiaanki niiku pitäs . 	No , oha naapurikunnissa , mutta nehä hoitavatki asiat ja aattelee kuntalaisiaanki niiku pitäs . 
west	Nii että sinne vaa uimaa , kyä siä otetaa käyttömaksu naapuriltakki . 	Nii että sinne vaa uimaa , kyä siä otetaa käyttömaksu naapuriltakki . 
west	Uimahalli ku on vaa joittenkin hyvä terveyren sampo , mut jäähalli usseinpien harrastus muato .	Uimahalli ku on vaa joittenkin hyvä terveyren sampo , mut jäähalli usseinpien harrastus muato .
west	Jo notta on perskules , jos et oo kuullu , menehän noita ku risuairasta pölkyt . 	Jo notta on perskules , jos et oo kuullu , menehän noita ku risuairasta pölkyt . 
west	Koitas ny lukia tältäkin palstalta ,noita vanhimpia kirjootuksia , ja lakkaa vitisemästä . 	Koitas ny lukia tältäkin palstalta ,noita vanhimpia kirjootuksia , ja lakkaa vitisemästä . 
west	Ei sua kukaan usko , noista kirjootuksista ,ku on ittellä alla samanmoinen , johna on vaihrettu noita luita yhtenään . 	Ei sua kukaan usko , noista kirjootuksista ,ku on ittellä alla samanmoinen , johna on vaihrettu noita luita yhtenään . 
west	no on siellä pääkaupungissa parevemmat karut , mutta ei se tota perus vikaa mihnään kumoa .	no on siellä pääkaupungissa parevemmat karut , mutta ei se tota perus vikaa mihnään kumoa .
west	Kyllä se rallaaja auto on sellaanen vanha hirvi Volovo johna on Körkön ruisleivän kokoonen turpo . 	Kyllä se rallaaja auto on sellaanen vanha hirvi Volovo johna on Körkön ruisleivän kokoonen turpo . 
west	Rupeaa vuosien päästä pituttaan kun pitäisi jotain tehräkkin kuin vaan tollottaa !	Rupeaa vuosien päästä pituttaan kun pitäisi jotain tehräkkin kuin vaan tollottaa !
north	pitäisi meidän net sukset jalkkaan ja mennä kaivamaan sitä parkkipaikkaa sille lentomäelle . 	pitäisi meidän net sukset jalkkaan ja mennä kaivamaan sitä parkkipaikkaa sille lentomäelle . 
north	Kuka sen tekkee jos met ei tehä ? 	Kuka sen tekkee jos met ei tehä ? 
north	mie en jaksais ennää kauaa lämmittää suksia ko haluttais lähteä jo hyppään .	mie en jaksais ennää kauaa lämmittää suksia ko haluttais lähteä jo hyppään .
north	pumppusuutin ongelmia auto ollut vuojen mulla 2 pumppusuutinta vaihettu ja kolomas menosa.	pumppusuutin ongelmia auto ollut vuojen mulla 2 pumppusuutinta vaihettu ja kolomas menosa.
north	talavella kierrokset seilaili vähän , mutta kesällä meni ohi . 	talavella kierrokset seilaili vähän , mutta kesällä meni ohi . 
north	käynttiin on tosi huono lähteen jo nollasta.	käynttiin on tosi huono lähteen jo nollasta.
north	voiskohan tuosa olla jotain johtojen ja anturien välille tehtyjä lastutuksia jokka rikkoo niitä ? 	voiskohan tuosa olla jotain johtojen ja anturien välille tehtyjä lastutuksia jokka rikkoo niitä ? 
north	ei huvittais joka välisä olla niitä ostamasa.	ei huvittais joka välisä olla niitä ostamasa.
north	ei se varmaan suutinten johtosariasakaan voi olla vika ko on toiminnu suutinten vaihon jäläkeen jonku aikaa.	ei se varmaan suutinten johtosariasakaan voi olla vika ko on toiminnu suutinten vaihon jäläkeen jonku aikaa.
east	pittää käyvvä se katsomassa jos tullee tänne kaupunkiin . 	pittää käyvvä se katsomassa jos tullee tänne kaupunkiin . 
east	miun on vaikia ehkä käsittää ko en omakohtasesti sitä tullu tietämään , mite se lapsii vaikutti . 	miun on vaikia ehkä käsittää ko en omakohtasesti sitä tullu tietämään , mite se lapsii vaikutti . 
east	tunsin kyllä errään tytön joka oli ruotsissa sotalapsen . 	tunsin kyllä errään tytön joka oli ruotsissa sotalapsen . 
east	hää taas oli hyvin tyytyväinen oloonsa ja olis tahtonu jäädä ruotsiin , mutta vanhemmat tahto takasin . 	hää taas oli hyvin tyytyväinen oloonsa ja olis tahtonu jäädä ruotsiin , mutta vanhemmat tahto takasin . 
east	hää taas sano ettei tietäs onnellisesta perhe elämästä mittää jos ei ois saant ruotsis olla niitä vuosii . 	hää taas sano ettei tietäs onnellisesta perhe elämästä mittää jos ei ois saant ruotsis olla niitä vuosii . 
east	hää oli siel muutamaan otteeseen . 	hää oli siel muutamaan otteeseen . 
east	aikuisenakin hää kävi ruotsin perheen luona vierailulla , omien lasten kanssa . 	aikuisenakin hää kävi ruotsin perheen luona vierailulla , omien lasten kanssa . 
east	aattelen naisena ja jos minul olis olt lapsii äitinä , vaaran uhatessa ne äitit jotka lähetti lapset ruotsii , teki sen varmaa raskain mielin , mutta hyö tahto pelastaa sodasta ees lapsensa , joka on aika urhea teko , siin omat tunteet on jätetty syrjää . 	aattelen naisena ja jos minul olis olt lapsii äitinä , vaaran uhatessa ne äitit jotka lähetti lapset ruotsii , teki sen varmaa raskain mielin , mutta hyö tahto pelastaa sodasta ees lapsensa , joka on aika urhea teko , siin omat tunteet on jätetty syrjää . 
east	kukkaa ei siihe aikaa voinnu uskoo että siitä vois jottain vahinkoo seurata lapsille . 	kukkaa ei siihe aikaa voinnu uskoo että siitä vois jottain vahinkoo seurata lapsille . 
west	Soon tällaasta , viikon mittahan sitä saa olla välihin kelekkana ja rekenä ja ku ikää tuloo lämpöönen takan reunuus tuntuu aina vaan mukavammalta . 	Soon tällaasta , viikon mittahan sitä saa olla välihin kelekkana ja rekenä ja ku ikää tuloo lämpöönen takan reunuus tuntuu aina vaan mukavammalta . 
west	Soon kans justihin ku naisväillä on sitte nua kotiaskarehet siinä työpäivän päätteeksi . 	Soon kans justihin ku naisväillä on sitte nua kotiaskarehet siinä työpäivän päätteeksi . 
west	Miehet ottaa heleposti leheren kourahan ja orottaa valamista ruokaa . 	Miehet ottaa heleposti leheren kourahan ja orottaa valamista ruokaa . 
west	Itte ku oon tällaanen yksin eläjä niin se ei oo tua ruokaalu justihin niin minuutileen , syön silloon ku ennätän ja on näläkä . 	Itte ku oon tällaanen yksin eläjä niin se ei oo tua ruokaalu justihin niin minuutileen , syön silloon ku ennätän ja on näläkä . 
west	Muutoon tämä mun ja Tiitu pikkuusen elämä on sellaasta rauhallista tasaasta menoa , pitkin kevät-talavia . 	Muutoon tämä mun ja Tiitu pikkuusen elämä on sellaasta rauhallista tasaasta menoa , pitkin kevät-talavia . 
west	Minulla liioon isä elää ja alakaa olemahan ihan miehen ikäänen , 87 vuotias . 	Minulla liioon isä elää ja alakaa olemahan ihan miehen ikäänen , 87 vuotias . 
west	Kovasti tärkiä isä liioon minulle on . 	Kovasti tärkiä isä liioon minulle on . 
west	Palijon on puhumista kummallaki aina ku rookatahan . 	Palijon on puhumista kummallaki aina ku rookatahan . 
west	Välihin ajetahan muistoos jäämerentie Rovaniemeltä Liinahamarihin , isä on kans vanhoja automiehiä , ikäsä ollu tienpäällä . 	Välihin ajetahan muistoos jäämerentie Rovaniemeltä Liinahamarihin , isä on kans vanhoja automiehiä , ikäsä ollu tienpäällä . 
west	Joskus kattotahan yhyrees vanhoja valokuvia ja muistellahan menneetä päiviä . 	Joskus kattotahan yhyrees vanhoja valokuvia ja muistellahan menneetä päiviä . 
west	Ihan niinkuun runon tekijä kirijoottaa , " laittoi päivät pääksytysten , niin paremmat kuin pahemmat . 	Ihan niinkuun runon tekijä kirijoottaa , " laittoi päivät pääksytysten , niin paremmat kuin pahemmat . 
north	eikö sitä voi käyä kahtomasa , että ikävä helepottas ?	eikö sitä voi käyä kahtomasa , että ikävä helepottas ?
west	No oli vähä klöntiis putoollu murskeet ja tietenkin jäätyy tällä kelillä siihen paikkaan.	No oli vähä klöntiis putoollu murskeet ja tietenkin jäätyy tällä kelillä siihen paikkaan.
west	Olis pitäny lanata just ennen pakkaasia niin olis ollu paree ja halvee .	Olis pitäny lanata just ennen pakkaasia niin olis ollu paree ja halvee .
west	Vaik meiteioo niiku olemassa , niin kyl meitin juttu on tieteenmukasta . 	Vaik meiteioo niiku olemassa , niin kyl meitin juttu on tieteenmukasta . 
west	Me vaan ollaan niin vaatimattomii , et mei sitä aina kehlata sanoo . 	Me vaan ollaan niin vaatimattomii , et mei sitä aina kehlata sanoo . 
west	Meist kahleksan kertaa kymmenest on sopiva määrä . 	Meist kahleksan kertaa kymmenest on sopiva määrä . 
east	Jos sie miu suihin sutsii saat , mie tarjoonkin siulle aarteen . 	Jos sie miu suihin sutsii saat , mie tarjoonkin siulle aarteen . 
east	Se on nahast , ja oiva peli se onkii .	Se on nahast , ja oiva peli se onkii .
west	Vinkei yksinäisil miähil Laulutunnil ja äkki . 	Vinkei yksinäisil miähil Laulutunnil ja äkki . 
west	Kitara taik käyrätorvi kätte , taik mikä huilu vaa , joku ko eres hiukam piippa . 	Kitara taik käyrätorvi kätte , taik mikä huilu vaa , joku ko eres hiukam piippa . 
west	Soittajapoik , punaposkine , huuretan tervetulleks vaik kaik muu miähe ol juur ajet ulos ovest . 	Soittajapoik , punaposkine , huuretan tervetulleks vaik kaik muu miähe ol juur ajet ulos ovest . 
west	Kyl niimpal kärssis saa ja niimpal syyttömäst . 	Kyl niimpal kärssis saa ja niimpal syyttömäst . 
west	Kui ihmise ei saa puhhu keskenäs . 	Kui ihmise ei saa puhhu keskenäs . 
west	Kummot se ny sit käi sen huulipunatestin kans ! 	Kummot se ny sit käi sen huulipunatestin kans ! 
west	Pitäk se pusun taik eik ? 	Pitäk se pusun taik eik ? 
west	Mää kysy vaa , ku ei kerran testata . 	Mää kysy vaa , ku ei kerran testata . 
west	Nii , ja sit ne meijä yhteise hetket siäl Aurajoe rannas , simmoset rakkaure mää tarkota . 	Nii , ja sit ne meijä yhteise hetket siäl Aurajoe rannas , simmoset rakkaure mää tarkota . 
west	Jämt kaik pilata . 	Jämt kaik pilata . 
west	Saak tääl ollenka enä kirjottakka ? 	Saak tääl ollenka enä kirjottakka ? 
west	Hyväst ny sit fisu ! 	Hyväst ny sit fisu ! 
west	Mää koitan löytä jonku nilviäisen tualt Välimerest , taik oikjema sanottuna kaks tai muutamaki , simmossi sikiväissi . 	Mää koitan löytä jonku nilviäisen tualt Välimerest , taik oikjema sanottuna kaks tai muutamaki , simmossi sikiväissi . 
west	Sit mää istuta niit joka järveen lahteen ja saarelmaan . 	Sit mää istuta niit joka järveen lahteen ja saarelmaan . 
west	Ku hankalat ihmise meneväs suvel uima , ni nilviäinen pure varppas ja suurema viävä palasen perskannikast . 	Ku hankalat ihmise meneväs suvel uima , ni nilviäinen pure varppas ja suurema viävä palasen perskannikast . 
west	Kyl muistava , ettei ols kannattanu turkulaissi väheksy . 	Kyl muistava , ettei ols kannattanu turkulaissi väheksy . 
west	Eik sää fisu sentä voit tulla takas . 	Eik sää fisu sentä voit tulla takas . 
west	Jos noi vaik antava luva ? 	Jos noi vaik antava luva ? 
west	Tul ny fisu ! 	Tul ny fisu ! 
west	nii ny on naamat peruslukemil tai ainaki yrittää ol. 	nii ny on naamat peruslukemil tai ainaki yrittää ol. 
west	siihen ku pikkasen menee tökkiin nii johan kuohahtaa , höhöh	siihen ku pikkasen menee tökkiin nii johan kuohahtaa , höhöh
north	Voi Herra jumala nuita pikku kylän juttuja tiiethään paremmin naapurin asiat ko omat .	Voi Herra jumala nuita pikku kylän juttuja tiiethään paremmin naapurin asiat ko omat .
west	Kyä näi om meinaa , jotta mulla soon maaliman nopein riisseli omassa tallissa . 	Kyä näi om meinaa , jotta mulla soon maaliman nopein riisseli omassa tallissa . 
west	Mennään tonne raralle koittaan kuka on enste toises pääs niin ei tartte pekuloira . 	Mennään tonne raralle koittaan kuka on enste toises pääs niin ei tartte pekuloira . 
west	Kaikki ku o viivalle tullu niin on toiseks jääny , ja jää vastaki , kyä varmoon nii !	Kaikki ku o viivalle tullu niin on toiseks jääny , ja jää vastaki , kyä varmoon nii !
west	Kerää velipoijat , serkkupoijat , Stenruthin sukua , Bandidoksista löytynee riskiä tyyppiä , pohojammaalta on lähäretty vähemmästäki sotahan jne . 	Kerää velipoijat , serkkupoijat , Stenruthin sukua , Bandidoksista löytynee riskiä tyyppiä , pohojammaalta on lähäretty vähemmästäki sotahan jne . 
west	Mee laulamahan ! 	Mee laulamahan ! 
west	Kysy juontajalta jotta kelepasko ? 	Kysy juontajalta jotta kelepasko ? 
west	Näin niinku karaokehen ! 	Näin niinku karaokehen ! 
east	Mukavoo ku tulloo lissee porukkata ! 	Mukavoo ku tulloo lissee porukkata ! 
east	Tilloo tiällä on ja oon sanonna että jos ee oo niin tehhään tästä semmonen vesjuna , jatkoo laetetaan hinnaukseen . 	Tilloo tiällä on ja oon sanonna että jos ee oo niin tehhään tästä semmonen vesjuna , jatkoo laetetaan hinnaukseen . 
east	Ellumari onnii jo antanna sulle trinkin - kippis vaen tytöt !	Ellumari onnii jo antanna sulle trinkin - kippis vaen tytöt !
west	ittiänsä mihinkään alttihiksi ja ollaha ku kusi sukas , niin ei teherä virheetäkään ? 	ittiänsä mihinkään alttihiksi ja ollaha ku kusi sukas , niin ei teherä virheetäkään ? 
west	Minunkin äite ajoi kolarin vähän aikaa sitten . 	Minunkin äite ajoi kolarin vähän aikaa sitten . 
west	Minä , kaksi pikkuveljeäni ja pikkusiskoni ei oltu kyydissä äite ajoi kolarin työaikana siirtyessään kohteesta toiseen . 	Minä , kaksi pikkuveljeäni ja pikkusiskoni ei oltu kyydissä äite ajoi kolarin työaikana siirtyessään kohteesta toiseen . 
west	Pelästyin hirveästi kun poliisit tuli kouluun kertomaan minulle kolarista äite oli viety ampulansilla sairaalaan , onneksi minunkin äitellä oli vyö kiinni muuten olisi käynyt huonommin . 	Pelästyin hirveästi kun poliisit tuli kouluun kertomaan minulle kolarista äite oli viety ampulansilla sairaalaan , onneksi minunkin äitellä oli vyö kiinni muuten olisi käynyt huonommin . 
west	Pahinta oli kun joudutiin hoitoon vieraaseen pikkaan siksi aikaa kun äite oli sairaalassa äite kun on yksin meidän kanssa . 	Pahinta oli kun joudutiin hoitoon vieraaseen pikkaan siksi aikaa kun äite oli sairaalassa äite kun on yksin meidän kanssa . 
west	Aina ennen ihmettelin kun äite ei lähteny ajaan ennen ku oli moneen kertaan tarkastanu et kaikkien vyöt on kiinni nyt ymmärrän mix se tekee niin .	Aina ennen ihmettelin kun äite ei lähteny ajaan ennen ku oli moneen kertaan tarkastanu et kaikkien vyöt on kiinni nyt ymmärrän mix se tekee niin .
west	ABC:llä kuultua Poikkesin kahveelle abc:lle ja viereisessä pöyrässä istui vanhoja ukkoja , joilla kummallakin tuntu oleva vanhat mersut , kai jotkut kahreksankymmenluvun 190 ja niillä oli ajettu kummallakin yli 700 tkm. 	ABC:llä kuultua Poikkesin kahveelle abc:lle ja viereisessä pöyrässä istui vanhoja ukkoja , joilla kummallakin tuntu oleva vanhat mersut , kai jotkut kahreksankymmenluvun 190 ja niillä oli ajettu kummallakin yli 700 tkm. 
west	kumpakin oli uutena ne puhheittensa mukkaa ostanu . 	kumpakin oli uutena ne puhheittensa mukkaa ostanu . 
west	Sitten se toine oli joutunu noitten lisäks laitattaan kytkillevyn ja tuumas jostaki suuttimen vaihtoon menosta mutta toine käski kokkeilla jottai ainetta tankkii . 	Sitten se toine oli joutunu noitten lisäks laitattaan kytkillevyn ja tuumas jostaki suuttimen vaihtoon menosta mutta toine käski kokkeilla jottai ainetta tankkii . 
west	Emmää uskonu sitäkä ettei tartte öljyä lisätä eikä sitä varmaa usko kukkaa muukan , Mää niitä siinä aikani kuunteli ja kaatu loppu kahveemukiki syllii ku puhuva nahtan kulutuksesta ku mennee kuulemma maantiel alle viirelitra sellase vanha romu . 	Emmää uskonu sitäkä ettei tartte öljyä lisätä eikä sitä varmaa usko kukkaa muukan , Mää niitä siinä aikani kuunteli ja kaatu loppu kahveemukiki syllii ku puhuva nahtan kulutuksesta ku mennee kuulemma maantiel alle viirelitra sellase vanha romu . 
west	Ei semmosta kukkaa usko emmää ainaka-	Ei semmosta kukkaa usko emmää ainaka-
east	Ei tiällä kettää näy , muutakun tuo Risto ain tervehttii . 	Ei tiällä kettää näy , muutakun tuo Risto ain tervehttii . 
east	Hiä o kato vallannu tuon ikävä puolen , minne harvoin eksyn : ) .	Hiä o kato vallannu tuon ikävä puolen , minne harvoin eksyn : ) .
north	Jos lähen mustikkamehtälle ja sattuu otso vastaan,ni mitä luuletta jos sytytän vaikkapa keparin tuleen ja hosun nallukkaa sillä , voisko se pelästyä ja pötkiä pakoon ? 	Jos lähen mustikkamehtälle ja sattuu otso vastaan,ni mitä luuletta jos sytytän vaikkapa keparin tuleen ja hosun nallukkaa sillä , voisko se pelästyä ja pötkiä pakoon ? 
north	Jos moista yritän ja mehtäpalo syttyy,ni kenen vika ? 	Jos moista yritän ja mehtäpalo syttyy,ni kenen vika ? 
north	Nallen vai mun ihtepuolustuksen ?	Nallen vai mun ihtepuolustuksen ?
west	Ei oo mennyt hukkahan . 	Ei oo mennyt hukkahan . 
west	Askartelu , käsityöt ja sosiaalinen kanssakäyminen kehittää älyä ja viisautta . 	Askartelu , käsityöt ja sosiaalinen kanssakäyminen kehittää älyä ja viisautta . 
west	On sitä vähemmilläkin erellytyksillä sinne eruskuntahan yritetty . 	On sitä vähemmilläkin erellytyksillä sinne eruskuntahan yritetty . 
north	Nyt saatta Lohtajan susien metästäjät plus Käläviän karhun jahtaajat kohta Kokkolasta rihlakot ja susihaulit salamehtään följaan kanssa eikookki hyvä ? 	Nyt saatta Lohtajan susien metästäjät plus Käläviän karhun jahtaajat kohta Kokkolasta rihlakot ja susihaulit salamehtään följaan kanssa eikookki hyvä ? 
north	Mää ostan ainaki uuen ilimakon ja räiskin sillä koko kesän pilikkaa pahaviseen susi kuvatukseen ja räksiä sihtailen aikani kuluksi päivät pääkseen sitä rataa sitten .	Mää ostan ainaki uuen ilimakon ja räiskin sillä koko kesän pilikkaa pahaviseen susi kuvatukseen ja räksiä sihtailen aikani kuluksi päivät pääkseen sitä rataa sitten .
west	piretään murteet kurissa tossa oli rauman laitila yms murteita sekotettu keskenään . 	piretään murteet kurissa tossa oli rauman laitila yms murteita sekotettu keskenään . 
west	En mää kyl ymmärrä miks kaik pitää ain sotkee niin vaikiast . 	En mää kyl ymmärrä miks kaik pitää ain sotkee niin vaikiast . 
west	Ymmärräks sää ? 	Ymmärräks sää ? 
west	Kai sitä syrämes pohjast saa kaivata ni pal ku tahtoo mut tee sieki flikka jottai asia etteen ? 	Kai sitä syrämes pohjast saa kaivata ni pal ku tahtoo mut tee sieki flikka jottai asia etteen ? 
west	Ni näkyis hymy naamaltas ?	Ni näkyis hymy naamaltas ?
west	vaik kuin pal . 	vaik kuin pal . 
west	Jos vaa vittis kirjotta , an tul . 	Jos vaa vittis kirjotta , an tul . 
west	Mitä sil väli o , jos nuariso ei ol kiinnostunu ja mist sen tiättä vaik oliski - ei tommossi tarinoi kuul mistään muuhalt ku airoilt vanhanaja ukilaisilt . 	Mitä sil väli o , jos nuariso ei ol kiinnostunu ja mist sen tiättä vaik oliski - ei tommossi tarinoi kuul mistään muuhalt ku airoilt vanhanaja ukilaisilt . 
west	Nämä kulkukauppiasjutukki pistivä naama virnesse :)) . 	Nämä kulkukauppiasjutukki pistivä naama virnesse :)) . 
west	Kyl mei kaikil nauru hyvä tekke .	Kyl mei kaikil nauru hyvä tekke .
east	tiällä on kierrätyssysteemi " sikke-suhe " mänössä :) 	tiällä on kierrätyssysteemi " sikke-suhe " mänössä :) 
east	Nyt on semmonen juttu että jos hyvä säkä kääpi niin ehkä piäset tuonnempana ellumaria kutkuttelemaan , jos ee tule muita akkuuttitappaaksija . 	Nyt on semmonen juttu että jos hyvä säkä kääpi niin ehkä piäset tuonnempana ellumaria kutkuttelemaan , jos ee tule muita akkuuttitappaaksija . 
east	Lista on seuroova : Kluara kokkeiloo Uatamin ( puumunia ;)) 	Lista on seuroova : Kluara kokkeiloo Uatamin ( puumunia ;)) 
east	Koska hymhym on paetsiossa niin Pirre olis sulle seoroova ehokas . 	Koska hymhym on paetsiossa niin Pirre olis sulle seoroova ehokas . 
east	Roopella on selekä ( ? ) kippee , joten voet hoetoo seoroovaks Pälvin . 	Roopella on selekä ( ? ) kippee , joten voet hoetoo seoroovaks Pälvin . 
east	Sitte on Ruislintu vuorossa . 	Sitte on Ruislintu vuorossa . 
east	Hili( ma)kka tulloo ennemmin ku arvataankaa . 	Hili( ma)kka tulloo ennemmin ku arvataankaa . 
east	Sitte on ellumari tuas kierteessä ...	Sitte on ellumari tuas kierteessä ...
east	Että alaha terottoo asetta ;DD Minä kapteenin ominaisuuvessa vaen jakelen näetä työtehtäviä , tyyrmanni on mulla apuna , jos tiukkoo tekköö :)	Että alaha terottoo asetta ;DD Minä kapteenin ominaisuuvessa vaen jakelen näetä työtehtäviä , tyyrmanni on mulla apuna , jos tiukkoo tekköö :)
east	Assiit on sekasii,ku ATTE touhuaa . 	Assiit on sekasii,ku ATTE touhuaa . 
east	Kukkaa ei tiiä mitä tekkee ja suapiko mittää vastinetta veromarkoillee , ja palaveluja . 	Kukkaa ei tiiä mitä tekkee ja suapiko mittää vastinetta veromarkoillee , ja palaveluja . 
east	Jos sua niin kerijäämisellä , ja ärtyneitä nuaman ilimeitä . 	Jos sua niin kerijäämisellä , ja ärtyneitä nuaman ilimeitä . 
east	On se niin sekasii tuo palaveluelin	On se niin sekasii tuo palaveluelin
north	eihän met mitän kriisikuntia ajatellakhan . 	eihän met mitän kriisikuntia ajatellakhan . 
north	Jos met johonki lähemä , niin Pajahlaan . 	Jos met johonki lähemä , niin Pajahlaan . 
north	Sitte meilä on kaivoksia vieri vieressä ja junat vilistää Pellon ohi täysissä malmilastissa sähkörattaa pitkin ja Pelhon ei jää ko rauanpöly .	Sitte meilä on kaivoksia vieri vieressä ja junat vilistää Pellon ohi täysissä malmilastissa sähkörattaa pitkin ja Pelhon ei jää ko rauanpöly .
east	mittää erikoist mitä ny jotta ain söhertänt . 	mittää erikoist mitä ny jotta ain söhertänt . 
east	Nyt mie vaa istun kiikkustuolis :) Oot sie mittää erikoist saant aikaseks . 	Nyt mie vaa istun kiikkustuolis :) Oot sie mittää erikoist saant aikaseks . 
east	Miu pittäis mennä koht syämmää et miust viel huomennakkii jottai näkys heinäseippää takkaa . 	Miu pittäis mennä koht syämmää et miust viel huomennakkii jottai näkys heinäseippää takkaa . 
east	Kerroha sie viel mitä siul kuuluup , oot sie olnt töis vai makkant pitkänäs ?	Kerroha sie viel mitä siul kuuluup , oot sie olnt töis vai makkant pitkänäs ?
west	noi Ruattin kuninkaalliset viä menettelee , itteasiassa ainakin se kuninkatar on suarastaan viähättävä , mutta Enklannin kuninkashuaneen porukat ovat kyä nin maan tyhjänpäivästä sakkia , että jos mun vallassani ois , nin lopettasin koko kuninkashuaneen . 	noi Ruattin kuninkaalliset viä menettelee , itteasiassa ainakin se kuninkatar on suarastaan viähättävä , mutta Enklannin kuninkashuaneen porukat ovat kyä nin maan tyhjänpäivästä sakkia , että jos mun vallassani ois , nin lopettasin koko kuninkashuaneen . 
west	Jos viä asusin Enklannissa , nin sanomalehteenkin kirjottelisin kiukkusia miälipiteitäni . 	Jos viä asusin Enklannissa , nin sanomalehteenkin kirjottelisin kiukkusia miälipiteitäni . 
west	Emmää tyäläislikkana oo mikän rojalisti , en nin vähän vertaa . 	Emmää tyäläislikkana oo mikän rojalisti , en nin vähän vertaa . 
west	Mutta nää Ruattin Kustaa ja Silvia ovat kuitenkin aika tavallisen tuntusia vaikka ei neny voi tiätenkän aivan sillai olla ja elää kun me . 	Mutta nää Ruattin Kustaa ja Silvia ovat kuitenkin aika tavallisen tuntusia vaikka ei neny voi tiätenkän aivan sillai olla ja elää kun me . 
west	Tääkin Tampereella paistaa kuu ja mun miäleeni tuli juur sellai romanttinen laulu ... 	Tääkin Tampereella paistaa kuu ja mun miäleeni tuli juur sellai romanttinen laulu ... 
west	miten se ny menikän :" Aavan meren tualla pualen , jossakin on ... 	miten se ny menikän :" Aavan meren tualla pualen , jossakin on ... 
west	jatkukohan se , että " miäs . " Nymmun muistini taas pätkäs .	jatkukohan se , että " miäs . " Nymmun muistini taas pätkäs .
east	Minnäi oesin naena yhtä laalajaa , mutta ee tuo ruoja antanna . 	Minnäi oesin naena yhtä laalajaa , mutta ee tuo ruoja antanna . 
east	ja olj kuuluisa , ihampa suap sannoo jotta julukkis . 	ja olj kuuluisa , ihampa suap sannoo jotta julukkis . 
east	Vuan paremp se on hyvä päevä eissä päin . 	Vuan paremp se on hyvä päevä eissä päin . 
east	No nythän mulla onnii jo uus , mutta ee tuo oo sekkään vielä antanna , mutta jos satun suamaan , niin minäpä kerron sitte jotta oljko makijoo .	No nythän mulla onnii jo uus , mutta ee tuo oo sekkään vielä antanna , mutta jos satun suamaan , niin minäpä kerron sitte jotta oljko makijoo .
north	Kysseisestä ilimiöstä ei tiiä mittään , joka katulamppujen loisteessa asustaa . 	Kysseisestä ilimiöstä ei tiiä mittään , joka katulamppujen loisteessa asustaa . 
north	Muutenkin täällä eteläsuomessa ei paljoa revontulia näe , vaikka olis pimmeemmässäkin paikassa . 	Muutenkin täällä eteläsuomessa ei paljoa revontulia näe , vaikka olis pimmeemmässäkin paikassa . 
north	Meleko haalistunutta valoa näyttävät , sillon harvon , kun sattuvat näkymään .	Meleko haalistunutta valoa näyttävät , sillon harvon , kun sattuvat näkymään .
north	Peerkele ku mie saa ritsat kunthoo nii ei kyä oo asiaa meijän tontille kellähän . 	Peerkele ku mie saa ritsat kunthoo nii ei kyä oo asiaa meijän tontille kellähän . 
north	Peerkele kyä on varma nii .	Peerkele kyä on varma nii .
north	Älkää vain nyt tulko , nyt met poropoijat emmä jouva teijänkans pehnaaman , meilä alkaa kohta vaamet tekemän vasikoit , mutta tulkaa syksylä ku alkaa hirvan rykimäaika ( kiima ) silloin voipi olla teihin ennemmän meillä kiinnostusta .	Älkää vain nyt tulko , nyt met poropoijat emmä jouva teijänkans pehnaaman , meilä alkaa kohta vaamet tekemän vasikoit , mutta tulkaa syksylä ku alkaa hirvan rykimäaika ( kiima ) silloin voipi olla teihin ennemmän meillä kiinnostusta .
west	Mut kuka kysy ? 	Mut kuka kysy ? 
west	Kummottos täsä pitäs oikke ? 	Kummottos täsä pitäs oikke ? 
west	No . Toispual .	No . Toispual .
north	Mieki oli kotosal ja nui tuli osti asunnon pärsiän alta . 	Mieki oli kotosal ja nui tuli osti asunnon pärsiän alta . 
north	Helevata helvata nyt pittiää asumma sisko tykkönä . 	Helevata helvata nyt pittiää asumma sisko tykkönä . 
north	Siskos se vara parempi !	Siskos se vara parempi !
north	Lakkaa valittamasta ja kola kiltisti kätteen .	Lakkaa valittamasta ja kola kiltisti kätteen .
north	Ei ole tarvinu tänä talvena monesti liittymää aukoa ja sitä paitti tekkee vain hyvvää pikku liikunta .	Ei ole tarvinu tänä talvena monesti liittymää aukoa ja sitä paitti tekkee vain hyvvää pikku liikunta .
west	Kuka tässä on sanonu et toi juttu koskis pelkästään metsäkone alaa.	Kuka tässä on sanonu et toi juttu koskis pelkästään metsäkone alaa.
west	Mutta kun tällä tällä sivustolla nyt satutaan keskusteleen ko . alan asioista,ni enkai mä tässä ala kokomaailmaa syleileen.	Mutta kun tällä tällä sivustolla nyt satutaan keskusteleen ko . alan asioista,ni enkai mä tässä ala kokomaailmaa syleileen.
west	Kunha ny saatas enste tää meittin oma pesä jonku laiseen kuntoon.	Kunha ny saatas enste tää meittin oma pesä jonku laiseen kuntoon.
west	Kato eiks se oo niin et jos ei pysty huolehtiin omistans nii ei paljo kannata ruveta keuhkoon toistenkan asioista.	Kato eiks se oo niin et jos ei pysty huolehtiin omistans nii ei paljo kannata ruveta keuhkoon toistenkan asioista.
west	Ja mitä helvettii joku Omar pussi tähän kuuluu ookko sä joku saakelin namusetä ? 	Ja mitä helvettii joku Omar pussi tähän kuuluu ookko sä joku saakelin namusetä ? 
west	Totta kai isännällä saa olla ketun häntä vaik haaruste välissä mut sitähän mä just meinasin ,et renkin ei pitäs olla se joka antaa itteens verättää . 	Totta kai isännällä saa olla ketun häntä vaik haaruste välissä mut sitähän mä just meinasin ,et renkin ei pitäs olla se joka antaa itteens verättää . 
west	Mut totuushan on tämä et se otetaan sieltä mistä se helpoten on saatavissa täs tapauksessa se ny sattuu oleen kuski.	Mut totuushan on tämä et se otetaan sieltä mistä se helpoten on saatavissa täs tapauksessa se ny sattuu oleen kuski.
west	Eik ös tää ny johru just siitä et urakoittijat ja kuskit ei osaa pitää puoliaan . 	Eik ös tää ny johru just siitä et urakoittijat ja kuskit ei osaa pitää puoliaan . 
west	vertaa ny melkein mihin teollisuure alaa tahasa.	vertaa ny melkein mihin teollisuure alaa tahasa.
west	Kait sen ny jokaine joka alalla on pitempään työskennelly tietää et miten vaativa työ kone kuskin homma on jos se tehrään kunnolla.	Kait sen ny jokaine joka alalla on pitempään työskennelly tietää et miten vaativa työ kone kuskin homma on jos se tehrään kunnolla.
west	Vaan niin kauvon sua nyljetään ku sus jotai nylkemist o.	Vaan niin kauvon sua nyljetään ku sus jotai nylkemist o.
west	Kyll ä meittille on tässä tullu mieleen ku on seurannu noitten virmojen saamia voittoja ja osinkojen jakoo osakkeen omistajille et kyl se mettä miesten työn tuoma voitto ja muu hyvä näkyy valuvan jonku muun taskuun ku niitten joille siitä myös hiukka kuulus.	Kyll ä meittille on tässä tullu mieleen ku on seurannu noitten virmojen saamia voittoja ja osinkojen jakoo osakkeen omistajille et kyl se mettä miesten työn tuoma voitto ja muu hyvä näkyy valuvan jonku muun taskuun ku niitten joille siitä myös hiukka kuulus.
west	Nää jää meitille käsiin . 	Nää jää meitille käsiin . 
west	Ulkokuntalaaset asunnon ostajat on toooodellinen harvinaisuus , keskenämme saamme tehrä kauppoja . 	Ulkokuntalaaset asunnon ostajat on toooodellinen harvinaisuus , keskenämme saamme tehrä kauppoja . 
east	Mantan kua o tullunna kualuttuu yks jos ei kahetkii potkat luihi ast ja tullaa jatkoski . 	Mantan kua o tullunna kualuttuu yks jos ei kahetkii potkat luihi ast ja tullaa jatkoski . 
east	Myöhää einii nuukii ol mitteen suuhuna lykkäämme	Myöhää einii nuukii ol mitteen suuhuna lykkäämme
east	Hyrynsalmi/ Orasen Raija Jännä kirja tämä Orasen " Valkoinen talo joen rannalla " , vai mitenseoli ? 	Hyrynsalmi/ Orasen Raija Jännä kirja tämä Orasen " Valkoinen talo joen rannalla " , vai mitenseoli ? 
east	Hyvä ettei ihteäsä sieltä löytänynnä . 	Hyvä ettei ihteäsä sieltä löytänynnä . 
east	Onneksi se kerto vaen kaikkiista muista Hyrynsalmen napaihmisistä , eikä minusta . 	Onneksi se kerto vaen kaikkiista muista Hyrynsalmen napaihmisistä , eikä minusta . 
east	Mutta kuka se on ollunna Raijan ukko , se pankkitirehtööri siellä Helssinkissä ? 	Mutta kuka se on ollunna Raijan ukko , se pankkitirehtööri siellä Helssinkissä ? 
east	Se , josta se kertoo siinä kirjan loppulehtiillä ?	Se , josta se kertoo siinä kirjan loppulehtiillä ?
east	Miun elämää ei semmoset tule selityksillään rassaamaan enää edes ns. ' ystäväyys'tasolla . 	Miun elämää ei semmoset tule selityksillään rassaamaan enää edes ns. ' ystäväyys'tasolla . 
east	Peiliin tarttis uskaltaa katsoa ja miettiä eloaan . 	Peiliin tarttis uskaltaa katsoa ja miettiä eloaan . 
north	Persut kuolee parin-kolomen vuojen päästä . 	Persut kuolee parin-kolomen vuojen päästä . 
north	Ei kestäny ikkuisuutta Vennamon ja Poutiaisenkaan persuilu . 	Ei kestäny ikkuisuutta Vennamon ja Poutiaisenkaan persuilu . 
north	Samaan liittoon kuuluvat ja yhessä kuihtuvat .	Samaan liittoon kuuluvat ja yhessä kuihtuvat .
north	On tapauksia . joissa kukhan tulevien lasten vanhemmista ei ole päivääkhän tehnyt työtä , puhumattakhan peruskoulun jälkhen käyny mithän koulua . 	On tapauksia . joissa kukhan tulevien lasten vanhemmista ei ole päivääkhän tehnyt työtä , puhumattakhan peruskoulun jälkhen käyny mithän koulua . 
north	Sosiaaliavulla elelhän ja lapsia tehhän sekamelskaishen elämhän . 	Sosiaaliavulla elelhän ja lapsia tehhän sekamelskaishen elämhän . 
north	Vishin alaikäisenä aloitettu viinanjuonti pillaa monen nuoren elämän . 	Vishin alaikäisenä aloitettu viinanjuonti pillaa monen nuoren elämän . 
north	Alaikäisten viinan juonnin salliminen on VANHEMPIEN VASTUULLA , eikä se siittä mihinkhän muutu . 	Alaikäisten viinan juonnin salliminen on VANHEMPIEN VASTUULLA , eikä se siittä mihinkhän muutu . 
north	Minä en valita yhtään ko hyvä vaan ku on tavaraa palijo ja toivottavasti siellä on iso elektroniikkaosasto ko tykkään kahtua kaikkia vehkeitä .	Minä en valita yhtään ko hyvä vaan ku on tavaraa palijo ja toivottavasti siellä on iso elektroniikkaosasto ko tykkään kahtua kaikkia vehkeitä .
west	Kyl Turuus osataan kännätä . Mitähä se nollatoleranssi oikke tarkoittas ? 	Kyl Turuus osataan kännätä . Mitähä se nollatoleranssi oikke tarkoittas ? 
west	Nokun ei sitä itte yrittäjällekkää jää muutaku paskaa käteen ja pitäs viä ulkopuolisen harrastuksia sponsoroida , ruuan ja majoituksen lisäksi . 	Nokun ei sitä itte yrittäjällekkää jää muutaku paskaa käteen ja pitäs viä ulkopuolisen harrastuksia sponsoroida , ruuan ja majoituksen lisäksi . 
west	Eikö seny ole käytäntö että emännät kulukoo tilan ulkopuolella töissä ?	Eikö seny ole käytäntö että emännät kulukoo tilan ulkopuolella töissä ?
east	Päässäs on tonnikalapurkkiloi . 	Päässäs on tonnikalapurkkiloi . 
east	Ei niit vällee kenekää ikkuna ohi lentele . 	Ei niit vällee kenekää ikkuna ohi lentele . 
east	Sie oot taas joku sekopää . 	Sie oot taas joku sekopää . 
east	Enne vanhaa ol ain kyläll keskusneit , joka ties kaikkien asiat . 	Enne vanhaa ol ain kyläll keskusneit , joka ties kaikkien asiat . 
east	Ei sillo tarvint supoja eikä napoja , kaikk tiesiit kaikkie asjat . 	Ei sillo tarvint supoja eikä napoja , kaikk tiesiit kaikkie asjat . 
east	Mie vaa sano , jot netti kaatuu viel koko höskä tähä maailmakaikkeutee , ei siihe voi luottaa . 	Mie vaa sano , jot netti kaatuu viel koko höskä tähä maailmakaikkeutee , ei siihe voi luottaa . 
east	Yhtä petolline se on ko ihminenkii . 	Yhtä petolline se on ko ihminenkii . 
east	Ei siin muuta vikkaa oo . 	Ei siin muuta vikkaa oo . 
east	Semmone työ ko on tekijäkkii . 	Semmone työ ko on tekijäkkii . 
east	Mäne sie vaa rauhas kahvis juomaa , ei siun asjoi kukkaa välitä tonkii . 	Mäne sie vaa rauhas kahvis juomaa , ei siun asjoi kukkaa välitä tonkii . 
east	Ei niiss oo mittää kiinnostavvaa . 	Ei niiss oo mittää kiinnostavvaa . 
east	Yks kärpäsepaska oot sie täs maailmas ja muka viel nasat siu ikkunast kurkistelisivat , nii nii . 	Yks kärpäsepaska oot sie täs maailmas ja muka viel nasat siu ikkunast kurkistelisivat , nii nii . 
east	Naapuri kissa se siel möllöttää , vedä verho kii jos alkaa näyttä ufoloilt .	Naapuri kissa se siel möllöttää , vedä verho kii jos alkaa näyttä ufoloilt .
east	voa oha saant sitte elämä sekasii	voa oha saant sitte elämä sekasii
north	Sinne turistien persiisiinhän ne mejät rahat ovat menhetkin . 	Sinne turistien persiisiinhän ne mejät rahat ovat menhetkin . 
north	Siksi met olemma tarvinhetki niitä avustusrahoja . 	Siksi met olemma tarvinhetki niitä avustusrahoja . 
north	Äläppä huoli , ko turistit ja etelän varikset eivät ennää tänne tule mehän elätettäväksi , niin hyvin tulemma toimhen omillamme .	Äläppä huoli , ko turistit ja etelän varikset eivät ennää tänne tule mehän elätettäväksi , niin hyvin tulemma toimhen omillamme .
north	tahottomalta enemmänki vaikuttaa ja h i t t a a l t a Haapaveeltä ei oo mittään , mitä naapureitten unissaankaan tarvis kajehtia 20 vuotta jäähallityömaaki myöhäsä , erikoiset päättäjät sielä	tahottomalta enemmänki vaikuttaa ja h i t t a a l t a Haapaveeltä ei oo mittään , mitä naapureitten unissaankaan tarvis kajehtia 20 vuotta jäähallityömaaki myöhäsä , erikoiset päättäjät sielä
north	Jopa solet ärhäkkä vaikket varhmaan tiä kelle sie huutelet nimimerkkien takkaa :) Mutta niinhän son että minkäs met muut sille voima että toiset on vähän reppanoita ja pyörivät tämmösillä palstoila ko eivät muuhun enhään rahkeet riitä . 	Jopa solet ärhäkkä vaikket varhmaan tiä kelle sie huutelet nimimerkkien takkaa :) Mutta niinhän son että minkäs met muut sille voima että toiset on vähän reppanoita ja pyörivät tämmösillä palstoila ko eivät muuhun enhään rahkeet riitä . 
north	Mutta piä sieki huoli että laavun rämiä löytyy pitkin maakuntia , son tämän hetken suurin huoli ! 	Mutta piä sieki huoli että laavun rämiä löytyy pitkin maakuntia , son tämän hetken suurin huoli ! 
north	Mutta joo , emmie ehkä ennää viitti sinua ärryyttää . 	Mutta joo , emmie ehkä ennää viitti sinua ärryyttää . 
north	Sitä ei kuulema taihvaan portila saa antheeksi jos hullua yllyttää .	Sitä ei kuulema taihvaan portila saa antheeksi jos hullua yllyttää .
east	voit lähetellä niit kauniit kuviais ja varmaa mon muukii vois niist ilahtuu . 	voit lähetellä niit kauniit kuviais ja varmaa mon muukii vois niist ilahtuu . 
east	Mukaavaa ku tulloo nuorempaa verta tänne joukkoo.	Mukaavaa ku tulloo nuorempaa verta tänne joukkoo.
east	Koukkasi katsoman siun linkkejäskii . 	Koukkasi katsoman siun linkkejäskii . 
east	Hienoo musiikki ja upeit kuviloi oot sinne löytäntkii . 	Hienoo musiikki ja upeit kuviloi oot sinne löytäntkii . 
east	Kerroha lissää mitä siul muuta kuuluu .	Kerroha lissää mitä siul muuta kuuluu .
west	kyä siä voi ajaa ...	kyä siä voi ajaa ...
east	niin kyl maar mä ottasi sit sellasen jot on oikeeen viimesen päälle nussittu . 	niin kyl maar mä ottasi sit sellasen jot on oikeeen viimesen päälle nussittu . 
west	Ei tartte pelätä koko aika " nysse taas antaa siel kavereill " . 	Ei tartte pelätä koko aika " nysse taas antaa siel kavereill " . 
east	Ei tarttis antaa aina ko on jo antanna . 	Ei tarttis antaa aina ko on jo antanna . 
north	Keksi välillä jotain parempaakin jaskanpauhaamista , samojen toistamiseen kyllästyy . 	Keksi välillä jotain parempaakin jaskanpauhaamista , samojen toistamiseen kyllästyy . 
north	Vai eikö Jussikalla oo mittään tekemistä ja Jussikalla lie ei mittään tapahu , ku samat asiat vain pyörihtee mielesä . 	Vai eikö Jussikalla oo mittään tekemistä ja Jussikalla lie ei mittään tapahu , ku samat asiat vain pyörihtee mielesä . 
east	Mahtaaks hää olla itekkii niitä tyttöjä .	Mahtaaks hää olla itekkii niitä tyttöjä .
east	Ootsie hyvä mies mänt ostamaa voksvaakenin ja nyt kaikki sinnuu sii pilkkajaat ? 	Ootsie hyvä mies mänt ostamaa voksvaakenin ja nyt kaikki sinnuu sii pilkkajaat ? 
east	Mut minkä sil tekköö , pilkaha se ansaitseekii .	Mut minkä sil tekköö , pilkaha se ansaitseekii .
west	ylliskin - mut mä puhunki kirjakiältä enkä mistään ylläreistä , mä en yllätä miähiä koskaan , koska mulla on moraali korkeella	ylliskin - mut mä puhunki kirjakiältä enkä mistään ylläreistä , mä en yllätä miähiä koskaan , koska mulla on moraali korkeella
north	Alamma oikeutta saamhan met jokka sitä tarttee . 	Alamma oikeutta saamhan met jokka sitä tarttee . 
north	Mettiä vielä . 	Mettiä vielä . 
north	Saamma panna rahoiksi . 	Saamma panna rahoiksi . 
north	Mersun vielä ostamma . 	Mersun vielä ostamma . 
north	Kaljat nautimma ja naiset haemma Taimaasta .	Kaljat nautimma ja naiset haemma Taimaasta .
west	Meillon tuoretta ja oikeeta . 	Meillon tuoretta ja oikeeta . 
west	Alielit on kyl tutustunu tilanteeseen , ja tullu siihen tulokseen , et mitään ei kannata tehlä minkään pelastamiseks , ku ihmiset onniin superkahedorgii . 	Alielit on kyl tutustunu tilanteeseen , ja tullu siihen tulokseen , et mitään ei kannata tehlä minkään pelastamiseks , ku ihmiset onniin superkahedorgii . 
west	Alielit pitääkin yhteyttä vain meikäläisiin . 	Alielit pitääkin yhteyttä vain meikäläisiin . 
west	Istutaan niitten kans herkkukorpulla ja teellä ja rupatellaan . 	Istutaan niitten kans herkkukorpulla ja teellä ja rupatellaan . 
west	Sit kun ihmiskunta on potkassu tyhjää , ihmiset kyl tulee kysyyn , et pääsiskö ne meitin porukkaan . 	Sit kun ihmiskunta on potkassu tyhjää , ihmiset kyl tulee kysyyn , et pääsiskö ne meitin porukkaan . 
west	Meillon laatuohjelmaakin . 	Meillon laatuohjelmaakin . 
west	Keijut tanssii joka aamu au naturel toista tuntii kukkakedolla .	Keijut tanssii joka aamu au naturel toista tuntii kukkakedolla .
west	Mihinä sellaanen uutinen on ollu ? 	Mihinä sellaanen uutinen on ollu ? 
west	Minen tierä moisesta mitää .	Minen tierä moisesta mitää .
east	miulla ei oo ko tuo Huuveri ,,ol mulla kerran sähkövatkain va se män rikki , sittemmin mie oon sähköhammasharjalla hoitana ne hommat .	miulla ei oo ko tuo Huuveri ,,ol mulla kerran sähkövatkain va se män rikki , sittemmin mie oon sähköhammasharjalla hoitana ne hommat .
east	Kerran mie mänin puunhionta messuille( palat-laikka messut ) ni perskuta , hirvittävä ripaskan rämpytys ol käännissä , semmosella kolomion muotosella värkillä soittelivat .	Kerran mie mänin puunhionta messuille( palat-laikka messut ) ni perskuta , hirvittävä ripaskan rämpytys ol käännissä , semmosella kolomion muotosella värkillä soittelivat .
east	no siellä mie sitte opin senkii tanssin .	no siellä mie sitte opin senkii tanssin .
east	Hilima von-nokkahuilu :}	Hilima von-nokkahuilu :}
east	Rotestipoeka puhui samansuuntaisia , vaen eipä maininnu mitää tulivuorista . 	Rotestipoeka puhui samansuuntaisia , vaen eipä maininnu mitää tulivuorista . 
east	Oisikko tosijaan ollunna , jotta joku tulivuoren pöly ois sotkena ilimaston silläkeinon , jotta tiälläi mäni kesä ja talavi sekalutta . 	Oisikko tosijaan ollunna , jotta joku tulivuoren pöly ois sotkena ilimaston silläkeinon , jotta tiälläi mäni kesä ja talavi sekalutta . 
east	Osoaa se olla silleenii .	Osoaa se olla silleenii .
west	lukemine kannatta ain , määki luvi mukulan kaik äiti sirpale ja nyyriki . 	lukemine kannatta ain , määki luvi mukulan kaik äiti sirpale ja nyyriki . 
west	Mukul aik tul miäle ko katteli kakaroitte riamu ko ne pääs lomal . 	Mukul aik tul miäle ko katteli kakaroitte riamu ko ne pääs lomal . 
west	Se kamal kirutus ja piina o ny ohi , kiarto koulu määki ole käyn . 	Se kamal kirutus ja piina o ny ohi , kiarto koulu määki ole käyn . 
west	Jaa et , mää ole liia nuar semmosse koulu? 	Jaa et , mää ole liia nuar semmosse koulu? 
west	ole oikke käyn semmost . 	ole oikke käyn semmost . 
west	Katos ku ain ko mää oli levoton nii opettaja sanos et" men ulos ja kara pari kertta koulu ympäri " kiertokoul se semmone on . 	Katos ku ain ko mää oli levoton nii opettaja sanos et" men ulos ja kara pari kertta koulu ympäri " kiertokoul se semmone on . 
west	Se vallihaut on viälki näkyvis minkä mu konti siihe koulu ympär kaiversiva	Se vallihaut on viälki näkyvis minkä mu konti siihe koulu ympär kaiversiva
west	Mut kuinka sitten 20vuoren päästä tuo ruuan teko onnistus ? 	Mut kuinka sitten 20vuoren päästä tuo ruuan teko onnistus ? 
west	Olis kyllä tosi hyvä olla sellaanen robotti , ainaskin tuohon ruuanlaittoon . ;)	Olis kyllä tosi hyvä olla sellaanen robotti , ainaskin tuohon ruuanlaittoon . ;)
west	ylellistä jos akkunoosta saa kattella puutarhoja eikä kerrostaloon seinää .	ylellistä jos akkunoosta saa kattella puutarhoja eikä kerrostaloon seinää .
east	MOPOMIES JA HÄNE KINKERPIIRI No nii tellä sitä toas ollaa . 	MOPOMIES JA HÄNE KINKERPIIRI No nii tellä sitä toas ollaa . 
east	Tuossa joku höpisöö että moalaeset tyhmie ja yksinkertasie . 	Tuossa joku höpisöö että moalaeset tyhmie ja yksinkertasie . 
east	Nii ollaanki ja onneksi ollaanki niin paljo ettei ite huomatakkaa , nii silloha se ei haettoa ollenkaa . 	Nii ollaanki ja onneksi ollaanki niin paljo ettei ite huomatakkaa , nii silloha se ei haettoa ollenkaa . 
east	Nii tuli sitä pitäyvyttyö tuolla serkkupoijjan luona lauvantaena . 	Nii tuli sitä pitäyvyttyö tuolla serkkupoijjan luona lauvantaena . 
east	No ei siitä kyllä tuu mittää siitä elämästä siinä huushollista . 	No ei siitä kyllä tuu mittää siitä elämästä siinä huushollista . 
east	Ku ajon mopolla sitä talloa kohti . 	Ku ajon mopolla sitä talloa kohti . 
east	Siinä on semmonen pitkä oelinki ennen talloa , niin jo kaokoa kahtelin että mitä se serkkupoeka pittää lassie aoki näen kylymällä ilimalla ja huitoo rätin kansa keltaset kumihanskat kaessä . 	Siinä on semmonen pitkä oelinki ennen talloa , niin jo kaokoa kahtelin että mitä se serkkupoeka pittää lassie aoki näen kylymällä ilimalla ja huitoo rätin kansa keltaset kumihanskat kaessä . 
east	Niin arvoattehan että se oli pesemässä ikkunoeta . 	Niin arvoattehan että se oli pesemässä ikkunoeta . 
east	Jo meinas mopo peästä käsistä ja hurraottoa penkalle , mutta jotenkin sentää pysyn tiellä perille asti . 	Jo meinas mopo peästä käsistä ja hurraottoa penkalle , mutta jotenkin sentää pysyn tiellä perille asti . 
east	Kyllä sitä serkkupoekoa varmaa hävetti kun minä satun näkemää tuon ihan omilla verestävillä silimilläni . 	Kyllä sitä serkkupoekoa varmaa hävetti kun minä satun näkemää tuon ihan omilla verestävillä silimilläni . 
east	No minähä olin ku ei oes mittä erikoesta tapahtunu . 	No minähä olin ku ei oes mittä erikoesta tapahtunu . 
east	En kyllä ikipäevänä oes uskonu tuotä nakevä . 	En kyllä ikipäevänä oes uskonu tuotä nakevä . 
east	Oli kuulema soanu oekee uuven imurinki , ku se entine oli nii tehoto . 	Oli kuulema soanu oekee uuven imurinki , ku se entine oli nii tehoto . 
east	Ja vielä imuroemaaki joutunu , voe hyväne aeka . 	Ja vielä imuroemaaki joutunu , voe hyväne aeka . 
east	Kyllä siitä se muijja joutaa Kaijjaaniin mennä soppaelemaan kun ukko tekköö kaekki kotihommat . 	Kyllä siitä se muijja joutaa Kaijjaaniin mennä soppaelemaan kun ukko tekköö kaekki kotihommat . 
east	Nytki oli parraellaan siellä . 	Nytki oli parraellaan siellä . 
east	No minä sanon että minä tuun sisälle niin keitetään kahvet . 	No minä sanon että minä tuun sisälle niin keitetään kahvet . 
east	Ja on sitä teällä povessa vähä lämmikettä kun oot varmaa vilustunnu tuossa hommassa . 	Ja on sitä teällä povessa vähä lämmikettä kun oot varmaa vilustunnu tuossa hommassa . 
east	Nii hyvä että uskalsi siitä vähän maestoa , niin araksi oli tullu . 	Nii hyvä että uskalsi siitä vähän maestoa , niin araksi oli tullu . 
east	Kuulema vaen jottaen viinie soapi ottoa jonku homehtunnee juuston kansa . 	Kuulema vaen jottaen viinie soapi ottoa jonku homehtunnee juuston kansa . 
east	Jo sitä pittä kakkeen alistuo . 	Jo sitä pittä kakkeen alistuo . 
east	No kyllä minä tässä keksin jottaen kun kesä tulloo , että peäsöö tuo serkkupoeka vähä rentouttummaa . 	No kyllä minä tässä keksin jottaen kun kesä tulloo , että peäsöö tuo serkkupoeka vähä rentouttummaa . 
east	Terve toas ja nähhää !	Terve toas ja nähhää !
west	Joo oli naurettava se Hjletin etusivun " uutinen " jjohna oli kierrelly siellä täällä kyselemäs satunnaas otannalla ihmisiltä mitä ny ootta miältä siitä ja tästä . 	Joo oli naurettava se Hjletin etusivun " uutinen " jjohna oli kierrelly siellä täällä kyselemäs satunnaas otannalla ihmisiltä mitä ny ootta miältä siitä ja tästä . 
west	Lapsellinen näkökulma joka tuatti lapsellisen jutun . oli kai tarkotuski .	Lapsellinen näkökulma joka tuatti lapsellisen jutun . oli kai tarkotuski .
west	Rupiaa jo kyrsimähän tuallaanen tyhjänpäiväänen jallitus ja kelaaminen njjj	Rupiaa jo kyrsimähän tuallaanen tyhjänpäiväänen jallitus ja kelaaminen njjj
west	Munt kiahtoo kaik tämmöse " mystise assiat " . 	Munt kiahtoo kaik tämmöse " mystise assiat " . 
west	Horoskooppeihi en usko , muuta ku ihmisluannet analysoires ,kosk nii moni assia pittää paikkas. 	Horoskooppeihi en usko , muuta ku ihmisluannet analysoires ,kosk nii moni assia pittää paikkas. 
west	Mää ole ihan pal simmone ku ravust sanotaa .	Mää ole ihan pal simmone ku ravust sanotaa .
north	tuota ei usko kukkaan . 	tuota ei usko kukkaan . 
north	nui isoja ei löyvvy ku sexkaupasta ja mielkuvista .	nui isoja ei löyvvy ku sexkaupasta ja mielkuvista .
west	Joo emmää siä asukkaa . 	Joo emmää siä asukkaa . 
west	Mää asun meirän poluun pääs . 	Mää asun meirän poluun pääs . 
west	Ja sää et sitä tierä .	Ja sää et sitä tierä .
east	Monelle eron kokeneelle vois sannoo et hanki jo vihdoin oma elämä . 	Monelle eron kokeneelle vois sannoo et hanki jo vihdoin oma elämä . 
east	Ja tokkiisa hanki sieki elämä . 	Ja tokkiisa hanki sieki elämä . 
east	Ja elä sei hyvä immeinen luule kaikista voan pahhoo . 	Ja elä sei hyvä immeinen luule kaikista voan pahhoo . 
east	Täs muutama tärkkee neuvonen . 	Täs muutama tärkkee neuvonen . 
east	Uskokee hyvät kanssaihmiiset saisitte heleppoa elämää ku nui tekisittä .	Uskokee hyvät kanssaihmiiset saisitte heleppoa elämää ku nui tekisittä .
north	Empä tiijä nuista luvuista ; itellä ÄO on 156-159 riippuen testistä ja päivästä . 	Empä tiijä nuista luvuista ; itellä ÄO on 156-159 riippuen testistä ja päivästä . 
north	Mulla ei oo minkäänlaista kunnianhimua " johtotehtävviin " mutta oon aina joutunu . 	Mulla ei oo minkäänlaista kunnianhimua " johtotehtävviin " mutta oon aina joutunu . 
north	Nuisa hommisa oon aina hommannu jonku enemmän ihimistunetemusta ommaavan johtamaan ja saamaan ihimisistä parraimman irti . 	Nuisa hommisa oon aina hommannu jonku enemmän ihimistunetemusta ommaavan johtamaan ja saamaan ihimisistä parraimman irti . 
north	Mua inspirroi eniten se , että mää mietin asioita ja omasa mielesä pystyn ratkassemmaan vaikka mitä vaikeita ongelmia .	Mua inspirroi eniten se , että mää mietin asioita ja omasa mielesä pystyn ratkassemmaan vaikka mitä vaikeita ongelmia .
north	Eniten ärsyttää nuo kaiken tietävät yrittäjät jotka eivät ymmärrä näköjään mittään asioista , paitti siitä miten saahaan revittyä rahhaa mahollisimman helepollalla , laittomasti ja muita huomioimatta . 	Eniten ärsyttää nuo kaiken tietävät yrittäjät jotka eivät ymmärrä näköjään mittään asioista , paitti siitä miten saahaan revittyä rahhaa mahollisimman helepollalla , laittomasti ja muita huomioimatta . 
north	Ainua kunnianhimo mulla oli penskana ku piti urheilusa olla huipulla , ja olin . 	Ainua kunnianhimo mulla oli penskana ku piti urheilusa olla huipulla , ja olin . 
north	Vuosikauvet mää oon " keskittyny " siihen , että teen hommani hyvin ( paitti , että jos ois kerranki ollu pomo joka ois ollu älykkäämpi tai fiksu niin oisin tehny paljo ) , no tämmöstä tää on . 	Vuosikauvet mää oon " keskittyny " siihen , että teen hommani hyvin ( paitti , että jos ois kerranki ollu pomo joka ois ollu älykkäämpi tai fiksu niin oisin tehny paljo ) , no tämmöstä tää on . 
north	No joka tappauksesa , tuosta vuatuksesta jo voi päätellä jotta oon vähä turhautunu , onko samoja kokemuksia ?	No joka tappauksesa , tuosta vuatuksesta jo voi päätellä jotta oon vähä turhautunu , onko samoja kokemuksia ?
north	Ei sole poka mikhään , mutta ko meilä on täälä Lompolosa semmonen karhu , että se kulukee kolomela jalala . 	Ei sole poka mikhään , mutta ko meilä on täälä Lompolosa semmonen karhu , että se kulukee kolomela jalala . 
north	Kato ko mie olin Jullin paarisa latkimasa kaliaa , niin siihen samhaan pöythään tuli karhu ja kaato minun kolomannenkymmenennen kaliamotin . 	Kato ko mie olin Jullin paarisa latkimasa kaliaa , niin siihen samhaan pöythään tuli karhu ja kaato minun kolomannenkymmenennen kaliamotin . 
north	Mie vähän kimmastuin ja hutkhautin sitä turphaan . 	Mie vähän kimmastuin ja hutkhautin sitä turphaan . 
north	No siltä irtosi pää , ja nytten se nulukkii menemhään kolomela jalala . 	No siltä irtosi pää , ja nytten se nulukkii menemhään kolomela jalala . 
north	Joutuupi pitämhään sitä päätä koko ajan kainalosa . 	Joutuupi pitämhään sitä päätä koko ajan kainalosa . 
north	Ei tohi jättää sitä päätä narikhan ko pelekää , että joku viepii sen . 	Ei tohi jättää sitä päätä narikhan ko pelekää , että joku viepii sen . 
north	Niin että mottaa turphaan jos alakaa isottelemhaan . 	Niin että mottaa turphaan jos alakaa isottelemhaan . 
north	Sole sen kummempaa .	Sole sen kummempaa .
west	ja just oikeeta tiatoo et häjyn omistajat sen laittaa ja miten niin tyhjänä muukki häjy o aina täynnä	ja just oikeeta tiatoo et häjyn omistajat sen laittaa ja miten niin tyhjänä muukki häjy o aina täynnä
east	johtuisko sellainen vaiva semmosesta.	johtuisko sellainen vaiva semmosesta.
east	kippeetähän se tekköö . 	kippeetähän se tekköö . 
east	Ei hää miu mielestäin mikkää idiootti olt , hyvä pressa hää ol kaikipuoli . 	Ei hää miu mielestäin mikkää idiootti olt , hyvä pressa hää ol kaikipuoli . 
east	Siit mie oon sammaa mielt , jot Karjala on ain olt osa Suomee , ja nii sen pittäis olla vieläkii , vaa yritä sie ryssän kans neuvotella ja mist sie sittekää tiijät , mitä hää loppujelopuks juonii ? 	Siit mie oon sammaa mielt , jot Karjala on ain olt osa Suomee , ja nii sen pittäis olla vieläkii , vaa yritä sie ryssän kans neuvotella ja mist sie sittekää tiijät , mitä hää loppujelopuks juonii ? 
east	Miks sie muute kirjotat " Putina " , ko hää on nimeltää " Putin " ? 	Miks sie muute kirjotat " Putina " , ko hää on nimeltää " Putin " ? 
east	Kyl mie tiijän , jot sie tahot halveksii hänt , ko A-päätteiset nimet o venäjä kieles naisen nimmii , koha lämpimiksein kyselen .	Kyl mie tiijän , jot sie tahot halveksii hänt , ko A-päätteiset nimet o venäjä kieles naisen nimmii , koha lämpimiksein kyselen .
east	tyttölöi vilisöö jatkuvast,mut kettää ei kii saa .	tyttölöi vilisöö jatkuvast,mut kettää ei kii saa .
east	tule typy miut pelastammaa .	tule typy miut pelastammaa .
west	Joo kato mut toi vänkääjä ei mistään tiedä eikä köyhiksellä oo varaa matkustella ja ku Kela eväs sen matkaruuikutuksen ni nyt se on sikakateellinen ja keksii kaikenlaista . 	Joo kato mut toi vänkääjä ei mistään tiedä eikä köyhiksellä oo varaa matkustella ja ku Kela eväs sen matkaruuikutuksen ni nyt se on sikakateellinen ja keksii kaikenlaista . 
west	Mut ku sen pää ei pysty kehittää mitää viisasta ni täällä tulos näkyy . 	Mut ku sen pää ei pysty kehittää mitää viisasta ni täällä tulos näkyy . 
north	meijän kaikkien ikiommaan puhetyyliä ja murteita . 	meijän kaikkien ikiommaan puhetyyliä ja murteita . 
north	Ekkö tarkotakki ? 	Ekkö tarkotakki ? 
north	Ny mää yritän saaha tuon jörrikän vähän paremmalle tuulelle . 	Ny mää yritän saaha tuon jörrikän vähän paremmalle tuulelle . 
north	Ooko nää ollu jahisa kyttäämässä niitä mettän lehemiä ? 	Ooko nää ollu jahisa kyttäämässä niitä mettän lehemiä ? 
north	Taitavat olla meleko vähisä tänä syksynä ko on nuita hirviaitoja veetty meleko pitkälle tuonne pohojosen maanteittenki reunoille . 	Taitavat olla meleko vähisä tänä syksynä ko on nuita hirviaitoja veetty meleko pitkälle tuonne pohojosen maanteittenki reunoille . 
north	Taivaastaki o valunu vettä harva se päivä ei palijo viittiny nokkaasa ulos pukata .	Taivaastaki o valunu vettä harva se päivä ei palijo viittiny nokkaasa ulos pukata .
west	Ei näläkäänen tierä kuinka vaikiaa on syönehen on olla ja iso vatta on tyhyjänä helevetin ruman näköönen .	Ei näläkäänen tierä kuinka vaikiaa on syönehen on olla ja iso vatta on tyhyjänä helevetin ruman näköönen .
east	Valtio tallouve kannttelevaa ikäluokaa karessii laitata . 	Valtio tallouve kannttelevaa ikäluokaa karessii laitata . 
east	Neet ku o ny tämä aikakauven kysytyimpii työntekijöi . 	Neet ku o ny tämä aikakauven kysytyimpii työntekijöi . 
east	Se on kato noit yl viiskymppise saatava pysymää työelämäs jot tuloo nuit työt näet tehyk . 	Se on kato noit yl viiskymppise saatava pysymää työelämäs jot tuloo nuit työt näet tehyk . 
east	Eläke puke on ny tähtäimes ja mitä vanhemp on tekijä sen tärkeempi . 	Eläke puke on ny tähtäimes ja mitä vanhemp on tekijä sen tärkeempi . 
east	Eui neet nuore ennee .	Eui neet nuore ennee .
north	ny suutu nui vähästä , pannaan ratio pienelle tai kokonaan kiinnikki mutta ajellaan näi hyvällä itämaisella sinne kahavittelukeitaaseen rupattelleen 	ny suutu nui vähästä , pannaan ratio pienelle tai kokonaan kiinnikki mutta ajellaan näi hyvällä itämaisella sinne kahavittelukeitaaseen rupattelleen 
east	Jos sie saat , sen Turkkulaisten kirkon omakseis , ni mie luppaan siul , het jo koht siltää puolet Karjalaa ja Käksalmen ; ja mie viel soitatan Konewitzhsan kelloi siulle , nii että kuuluu , ja vaik stalinin urkuloit jos sie iokke somast pyytelet . 	Jos sie saat , sen Turkkulaisten kirkon omakseis , ni mie luppaan siul , het jo koht siltää puolet Karjalaa ja Käksalmen ; ja mie viel soitatan Konewitzhsan kelloi siulle , nii että kuuluu , ja vaik stalinin urkuloit jos sie iokke somast pyytelet . 
east	Et sie minnuu kehtaa kossii , vaik ' ylen sangia briha onn; a mieku niin mielelläin siutkin kihlaisin omaksein ! 	Et sie minnuu kehtaa kossii , vaik ' ylen sangia briha onn; a mieku niin mielelläin siutkin kihlaisin omaksein ! 
east	Onpa hölömöä teräsmummon kehua eläkkeellä kittuutamistaan . 	Onpa hölömöä teräsmummon kehua eläkkeellä kittuutamistaan . 
east	Jos sullekkin tulee jokin yllättävä meno olet mummoparka liemessä ( en sano kusessa , koska se on ruma sana ) Sittenpä humpsahtaa säästöt ja jääpi ne parseloonat näkemätä . 	Jos sullekkin tulee jokin yllättävä meno olet mummoparka liemessä ( en sano kusessa , koska se on ruma sana ) Sittenpä humpsahtaa säästöt ja jääpi ne parseloonat näkemätä . 
east	Mullakin on eläke 2200e ja enpä kehusi levveellä elämällä . 	Mullakin on eläke 2200e ja enpä kehusi levveellä elämällä . 
west	Joo varmahan on niinki ku sanoot . 	Joo varmahan on niinki ku sanoot . 
west	Jotenki vain tuntuu notta niistä tuloo sellaasia " onnettomia " ihimisiä maalimahan . 	Jotenki vain tuntuu notta niistä tuloo sellaasia " onnettomia " ihimisiä maalimahan . 
west	Laitetahan nuori , melekeen lapsi pilaalle rahalla ja maineella . 	Laitetahan nuori , melekeen lapsi pilaalle rahalla ja maineella . 
west	Teherähän sellaanen esine , sellaanen kiiltokuva , jonka pitää jaksaa nauraa aina " väkiste " ku velekaanen isäntä . 	Teherähän sellaanen esine , sellaanen kiiltokuva , jonka pitää jaksaa nauraa aina " väkiste " ku velekaanen isäntä . 
west	Ookko kattonu niiren väkinäästä hymyä ? 	Ookko kattonu niiren väkinäästä hymyä ? 
west	Säälittää minua tuollaanen . 	Säälittää minua tuollaanen . 
west	Noon sitte kaiken maaliman roskaleheristön riapooteltavina ja niitä tarkkaallaan koko ajan ahaneesti ja alleviivaten . 	Noon sitte kaiken maaliman roskaleheristön riapooteltavina ja niitä tarkkaallaan koko ajan ahaneesti ja alleviivaten . 
west	Siksi mä oon vastahan .	Siksi mä oon vastahan .
west	Vanahaa Uppaa ja Marttilaa kattelee mieluiten kaikessa rauhassa . 	Vanahaa Uppaa ja Marttilaa kattelee mieluiten kaikessa rauhassa . 
west	On jouluusaakin , jos jossain .	On jouluusaakin , jos jossain .
north	Met olemma täälä iloisia , hyvinvoivia ilman mithän kateutta ja kakeruutta . 	Met olemma täälä iloisia , hyvinvoivia ilman mithän kateutta ja kakeruutta . 
north	Meillä mennee hyvin mutta menkhön . 	Meillä mennee hyvin mutta menkhön . 
east	Kyllä mie veikkaan vähän kun meillä tää telepatiakii on . 	Kyllä mie veikkaan vähän kun meillä tää telepatiakii on . 
east	Elä sinä mitä . 	Elä sinä mitä . 
east	Kyllä miulkii on sukulaisia stasissa . 	Kyllä miulkii on sukulaisia stasissa . 
east	Ettei melki sukua oltas kuiteski sanopa	Ettei melki sukua oltas kuiteski sanopa
east	Niistä millilöistä ei oo missään puhuttu yhtikäs mittään . 	Niistä millilöistä ei oo missään puhuttu yhtikäs mittään . 
east	Tuo olkii kyllä ihan arvattavissa . 	Tuo olkii kyllä ihan arvattavissa . 
east	Et heijän mielestä me ei kuntana olla minkään arvosia ei ku Haapajärvelle myyntiin vaan koko kunta . 	Et heijän mielestä me ei kuntana olla minkään arvosia ei ku Haapajärvelle myyntiin vaan koko kunta . 
east	Ja niilläki rahoil olis jo kippeesti käyttöö esim. terveyvvenhuoltoon . 	Ja niilläki rahoil olis jo kippeesti käyttöö esim. terveyvvenhuoltoon . 
east	Voe pyhä sylyvi tuota sakkia .	Voe pyhä sylyvi tuota sakkia .
west	Osaan mää ;) No ... oon vähä kaino mut pusu sullekki , sellaanen ystävänpusu ;)	Osaan mää ;) No ... oon vähä kaino mut pusu sullekki , sellaanen ystävänpusu ;)
west	tois pual jokke tiätenki - kyl see nyp piräs tiättä .	tois pual jokke tiätenki - kyl see nyp piräs tiättä .
north	ALAS MENEE VAS + VALITT Kylä son nii , ett vasurit mennee alamäkkeen , stp ehkä säilyttää sen ainoa paikkasa . 	ALAS MENEE VAS + VALITT Kylä son nii , ett vasurit mennee alamäkkeen , stp ehkä säilyttää sen ainoa paikkasa . 
north	Anita menettää yhen , samoin kokkoomus ( loikkarin + yhen muun ) . 	Anita menettää yhen , samoin kokkoomus ( loikkarin + yhen muun ) . 
north	Mara sattaa pittää varapaikkansa . 	Mara sattaa pittää varapaikkansa . 
north	NE onkin sotkenu ja polokenu suomesta kaikki asiat tunkioon . 	NE onkin sotkenu ja polokenu suomesta kaikki asiat tunkioon . 
north	Kyllä sitä ihteään ihmisenä pitävien pitäisi sen verran tajuta olla ihmisiksi , että myöntäisivät tehneensä niin paljo tunarointia , että jättäisivät asioitten hoitamisen viisaampien käsiin , ennenkun on koko maa katastrofin kynsissä lopullisesti . 	Kyllä sitä ihteään ihmisenä pitävien pitäisi sen verran tajuta olla ihmisiksi , että myöntäisivät tehneensä niin paljo tunarointia , että jättäisivät asioitten hoitamisen viisaampien käsiin , ennenkun on koko maa katastrofin kynsissä lopullisesti . 
east	Elä sie murehi , tulevaisuutes on turvattu sirkukses . 	Elä sie murehi , tulevaisuutes on turvattu sirkukses . 
east	Kerro mis sellasii lävärilöi tehää .	Kerro mis sellasii lävärilöi tehää .
east	ko kiusaammaa ruppee . 	ko kiusaammaa ruppee . 
east	Eikä se oo häppee tunnustee , jot joolu ei tuu iliman kuusta . 	Eikä se oo häppee tunnustee , jot joolu ei tuu iliman kuusta . 
east	Ko tarkemmi aatteloo .	Ko tarkemmi aatteloo .
east	Mitä jos sanosit emännälles , jotta joolu se voep tulla iliman kuustahhii . 	Mitä jos sanosit emännälles , jotta joolu se voep tulla iliman kuustahhii . 
east	Viittaat vuan tähteen , joka jo kakstuhatta vuotta sitte toi ainahhii kolome viisasta joolun kohalle . 	Viittaat vuan tähteen , joka jo kakstuhatta vuotta sitte toi ainahhii kolome viisasta joolun kohalle . 
east	Eikä nuilla ittäisen moan viisailla ollunna hajuakkaa kuusesta !	Eikä nuilla ittäisen moan viisailla ollunna hajuakkaa kuusesta !
west	enää ei tierä kuka on persu tai juntti ulkua päin kun nua saatanan pikku jupi pittää kauhiaa risupartaa , metturinpaitaa ja pipo on aina pääs ...	enää ei tierä kuka on persu tai juntti ulkua päin kun nua saatanan pikku jupi pittää kauhiaa risupartaa , metturinpaitaa ja pipo on aina pääs ...
west	enkä mäkää tie ees mikä on se sellanen oposiittio ? 	enkä mäkää tie ees mikä on se sellanen oposiittio ? 
west	Raumallaki o rihtnieme seläs selvä luuta . 	Raumallaki o rihtnieme seläs selvä luuta . 
west	Semssi tartte savost asti lähte hakema . 	Semssi tartte savost asti lähte hakema . 
west	Ja rantte paakari teke piru hyvei pulli jos kaffin kans semse frääkkää ennenko nälk tule . 	Ja rantte paakari teke piru hyvei pulli jos kaffin kans semse frääkkää ennenko nälk tule . 
west	Oikke semssi sokerissi possui . 	Oikke semssi sokerissi possui . 
west	Saa niit toriltki osta jos oikke kiirus o . 	Saa niit toriltki osta jos oikke kiirus o . 
west	Raumlaisil o yleensä luontto orotta se verran , noist kaike sortin freijaa miehist ei ain tiär . 	Raumlaisil o yleensä luontto orotta se verran , noist kaike sortin freijaa miehist ei ain tiär . 
west	Luannigast reissu vaa kaikil	Luannigast reissu vaa kaikil
east	Mutta onko kukkaa kysyny näiltä ihmisiltä , miks hyö pelekäs tulla palstalle ?	Mutta onko kukkaa kysyny näiltä ihmisiltä , miks hyö pelekäs tulla palstalle ?
west	Mee itte tekeen , kun kerran oot niin hyvä .	Mee itte tekeen , kun kerran oot niin hyvä .
north	Älä sie pöljä höpiset , met äänestämä KEPUA , tapahtu mitä tahansa !	Älä sie pöljä höpiset , met äänestämä KEPUA , tapahtu mitä tahansa !
east	LappuLiisa Mittee se LappuLiisa tekköö , tekköökö se työtä ? 	LappuLiisa Mittee se LappuLiisa tekköö , tekköökö se työtä ? 
east	Onko LappuLiisalla oekeesti aevot ? 	Onko LappuLiisalla oekeesti aevot ? 
west	urakoittiat valittu kepun hyvä veli listalta ja niillä on vähä koneet vähis kun pitää välillä olla nevahommis ja kototilalla ym .	urakoittiat valittu kepun hyvä veli listalta ja niillä on vähä koneet vähis kun pitää välillä olla nevahommis ja kototilalla ym .
west	muutenkin ny niin kiirus oo kun puolet tiloosta on viä vuokraamatta ja tehrään piha este	muutenkin ny niin kiirus oo kun puolet tiloosta on viä vuokraamatta ja tehrään piha este
east	Talavivaara / hyväveli elokuva ylen aamuteeveessä Ompas ompas mielenkiintoinen elokuva talvivaara tuossa valamistunut kaekessa hiljaisuuvessa . 	Talavivaara / hyväveli elokuva ylen aamuteeveessä Ompas ompas mielenkiintoinen elokuva talvivaara tuossa valamistunut kaekessa hiljaisuuvessa . 
east	on siellä hyvävel jyllännyt on on rakennusvaeheessa ja saunootuukin palijo . 	on siellä hyvävel jyllännyt on on rakennusvaeheessa ja saunootuukin palijo . 
east	no se tuo ohjaaja ol avvoimin mielin ku toimittaja kysäs että on viel suomen mualla muithakin hyvvii aeheita hyvävel aeheeseen . 	no se tuo ohjaaja ol avvoimin mielin ku toimittaja kysäs että on viel suomen mualla muithakin hyvvii aeheita hyvävel aeheeseen . 
east	no onhan nuita meilläki esim tuo kahen johtajan sutjakka ja messevä malli ja takavuosien poekien harjoittama ihmislähheisyys . 	no onhan nuita meilläki esim tuo kahen johtajan sutjakka ja messevä malli ja takavuosien poekien harjoittama ihmislähheisyys . 
east	materiaalia pyhiksestä on riisitolokulla vaekka kahteenkiin elokuvvaan . 	materiaalia pyhiksestä on riisitolokulla vaekka kahteenkiin elokuvvaan . 
east	oekee vinkkien vinkki HEH HEH HEE. 	oekee vinkkien vinkki HEH HEH HEE. 
east	on lokosa assuo , mutta onko elleä ? 	on lokosa assuo , mutta onko elleä ? 
east	Nyt esim. kun on koulut taas alkaneet , lukiolaiset voitasi kuhtua tällaiseen tilaisuuteen ja miksei yläasteelaisetkin ja tietysti tilaisuus olisi avoin kaikille kuntalaisille . 	Nyt esim. kun on koulut taas alkaneet , lukiolaiset voitasi kuhtua tällaiseen tilaisuuteen ja miksei yläasteelaisetkin ja tietysti tilaisuus olisi avoin kaikille kuntalaisille . 
west	" siä oot homo " , " siäpäs " ...	" siä oot homo " , " siäpäs " ...
north	Hui hai mihinkhän läähnin kannata ängetä valituksia . 	Hui hai mihinkhän läähnin kannata ängetä valituksia . 
north	Ko tämäyttää kantelukiriiheen oikeuskanslerin virastothon , niin sielä sitä alakaa lyytit heti kiriottamhan . 	Ko tämäyttää kantelukiriiheen oikeuskanslerin virastothon , niin sielä sitä alakaa lyytit heti kiriottamhan . 
north	Tullee heti selevää jäläkiä ko Karppasentien rojektista Keminmaale . 	Tullee heti selevää jäläkiä ko Karppasentien rojektista Keminmaale . 
north	Eihän siinäkhän läähnin lässytykset auttanhe mithän , enkä mie usko täsä lääkärivenkoilusakhan . 	Eihän siinäkhän läähnin lässytykset auttanhe mithän , enkä mie usko täsä lääkärivenkoilusakhan . 
north	Siinäpä saa Lääkäriliittoki puolustella jäsenistööhän vaikka silimitysten ja tullee nuo sinun hyät arkumentit tutkittua ihan perin pohojin .	Siinäpä saa Lääkäriliittoki puolustella jäsenistööhän vaikka silimitysten ja tullee nuo sinun hyät arkumentit tutkittua ihan perin pohojin .
east	Eikö siulla ystävä rakas ole mittää muuta vierkaako kirjotella tääl voit vastausviestilöi eri nimillä ? 	Eikö siulla ystävä rakas ole mittää muuta vierkaako kirjotella tääl voit vastausviestilöi eri nimillä ? 
east	Kuha katsot itennii , huomaat , jotta kaikss siun kirjottamis viesteis on iha sama tyyli ja samanlaisii kirjotusvirheit . 	Kuha katsot itennii , huomaat , jotta kaikss siun kirjottamis viesteis on iha sama tyyli ja samanlaisii kirjotusvirheit . 
east	Lopeta nyt hyvä ihminen jo tuo turhan jauhamine ja mäne töisis . 	Lopeta nyt hyvä ihminen jo tuo turhan jauhamine ja mäne töisis . 
east	Jos siull ei töitä oo , mäne vaikk ulos . 	Jos siull ei töitä oo , mäne vaikk ulos . 
east	Ihan turhaa sie tääl yhtä merkii motit . 	Ihan turhaa sie tääl yhtä merkii motit . 
east	Itelles vaa saat pahan olon , ku et älyä heretä . 	Itelles vaa saat pahan olon , ku et älyä heretä . 
east	Tuo ei ole aikuisen immeisen touhuu tuommone .	Tuo ei ole aikuisen immeisen touhuu tuommone .
west	Mää täsä pelkään jos unohran koko äirinkiälen ku Remanterska meinaa että mun pittäis kirjakiältä kirjottaa . 	Mää täsä pelkään jos unohran koko äirinkiälen ku Remanterska meinaa että mun pittäis kirjakiältä kirjottaa . 
west	Kyä meikäläisest tuntuu hullulta jos ruppee naapureirej ja kaverien kans kirjakiältä puhhuun . 	Kyä meikäläisest tuntuu hullulta jos ruppee naapureirej ja kaverien kans kirjakiältä puhhuun . 
west	Ja naapureist mää varmalla täyshullu olen . 	Ja naapureist mää varmalla täyshullu olen . 
west	Jos ei muuta nii suuruuren !	Jos ei muuta nii suuruuren !
east	elkää nyt seon tuo huutokauppa kovaa hommaa ensksi pitää ostaa mahollisimman halavalla ja sitten myyvä mahoolsimman kalliilla ja kaikenmaailman romut ihimisiltä ajoo kotti ja sitä en sitte tiijä miten tarkkaan se pittää ylös panna nuo myynnit no kuka niistä nyt kirjoo niin tarkasti pittää ainaki jonnii verraha sitä pittää vissii näyttiä koska noinnii paljo noista kahvipannuista ki tuloja keryy . 	elkää nyt seon tuo huutokauppa kovaa hommaa ensksi pitää ostaa mahollisimman halavalla ja sitten myyvä mahoolsimman kalliilla ja kaikenmaailman romut ihimisiltä ajoo kotti ja sitä en sitte tiijä miten tarkkaan se pittää ylös panna nuo myynnit no kuka niistä nyt kirjoo niin tarkasti pittää ainaki jonnii verraha sitä pittää vissii näyttiä koska noinnii paljo noista kahvipannuista ki tuloja keryy . 
east	jotta kyllä myö tarvittaa kaikki tuit mitä yhteiskunta ja kaikki muutkii vähäosaset va meille antaa jotta kiitokssii vua .	jotta kyllä myö tarvittaa kaikki tuit mitä yhteiskunta ja kaikki muutkii vähäosaset va meille antaa jotta kiitokssii vua .
east	tulukkuaha sitte tuas huutelemma tuota jonnin joutavua rihkamua meijjän nimmareilla .	tulukkuaha sitte tuas huutelemma tuota jonnin joutavua rihkamua meijjän nimmareilla .
west	Tulkka Porrii vaan tää on rauhallinen kaupungi,se o tutkittu asia ittes se vika o jos selkkä otta olis nuorenpan pitän harjotel juoksu enenmä eik istu koulu penkil.	Tulkka Porrii vaan tää on rauhallinen kaupungi,se o tutkittu asia ittes se vika o jos selkkä otta olis nuorenpan pitän harjotel juoksu enenmä eik istu koulu penkil.
east	Onk tää kaik yhden immeisen teatterii sun mielestä ? 	Onk tää kaik yhden immeisen teatterii sun mielestä ? 
east	Harmistumisii siit tietenkii seuraa , ko tuommost levität ! 	Harmistumisii siit tietenkii seuraa , ko tuommost levität ! 
east	Ruppeet viel tosissas luulemaa .	Ruppeet viel tosissas luulemaa .
east	Hautausmaa Onko mietittynä valamiiksi siirtolaesten ajasta ikkuisuuteen siirtyminen ? 	Hautausmaa Onko mietittynä valamiiksi siirtolaesten ajasta ikkuisuuteen siirtyminen ? 
east	Että oma haotaosmoa pittää löytyö ettei tarvi märätä veäräuskosten kansa samasa kuntassa ?	Että oma haotaosmoa pittää löytyö ettei tarvi märätä veäräuskosten kansa samasa kuntassa ?
north	niistä pittää kelekalla ajaa .	niistä pittää kelekalla ajaa .
north	ajaahan ne kelekalla kesälläkin veden päällä .	ajaahan ne kelekalla kesälläkin veden päällä .
west	Sää , Selma , kirjotat niimpal mukavast tota savo murret et määki pistän täält vähä tä turkku . 	Sää , Selma , kirjotat niimpal mukavast tota savo murret et määki pistän täält vähä tä turkku . 
west	Emmää oikke mikä alukuperäne turkulaine ol mut vähä sinnenpäi . 	Emmää oikke mikä alukuperäne turkulaine ol mut vähä sinnenpäi . 
west	Mahrak sää , Selma , ollenka ymmärtä tätä lyhkäst turkku ? 	Mahrak sää , Selma , ollenka ymmärtä tätä lyhkäst turkku ? 
west	Meil sanotan kissoi kateiks ja tanssata niimpal perusteellisest . 	Meil sanotan kissoi kateiks ja tanssata niimpal perusteellisest . 
west	Vanha äijä ja muija nojavak kretonki tuntikaupal korva suusa ja o niimpal lysti . 	Vanha äijä ja muija nojavak kretonki tuntikaupal korva suusa ja o niimpal lysti . 
west	Meet tanssatan täälpäi keskel päivä - tenäpänki . 	Meet tanssatan täälpäi keskel päivä - tenäpänki . 
west	Huamak sää Selma ollenka kui lyhkäst meijä murre o ? 	Huamak sää Selma ollenka kui lyhkäst meijä murre o ? 
west	Jos sää olsit kirjottanu tän kaik savoks ni kaks kerta enemä präntti ja paperi ja aikaki ols menny . 	Jos sää olsit kirjottanu tän kaik savoks ni kaks kerta enemä präntti ja paperi ja aikaki ols menny . 
west	Tul ( tai men ) joskus kirjottama mukavi juttujas tonne 65+ palstal . 	Tul ( tai men ) joskus kirjottama mukavi juttujas tonne 65+ palstal . 
west	Mää itte menen kyl Espanja mut mää lue viästei josta nettikahvilast . 	Mää itte menen kyl Espanja mut mää lue viästei josta nettikahvilast . 
west	Sää näytät osavan kirjotta runoi niimpal hyvi et . 	Sää näytät osavan kirjotta runoi niimpal hyvi et . 
west	Määki tykkä runojen kirjottamisest ja paljo Mukavempa teit o Espanjas muista ku Turun toreil perselläs luista . 	Määki tykkä runojen kirjottamisest ja paljo Mukavempa teit o Espanjas muista ku Turun toreil perselläs luista . 
west	Ku emmää koska aurinkos olka ni emmää itteän siäl sit polta !	Ku emmää koska aurinkos olka ni emmää itteän siäl sit polta !
east	sonera easy - ilmaiset tekstarit ostakee easy liittymä ja tekstatkaa ilmasiks ! 	sonera easy - ilmaiset tekstarit ostakee easy liittymä ja tekstatkaa ilmasiks ! 
east	puheaika loppu mutta viestit mänöö perile ! 	puheaika loppu mutta viestit mänöö perile ! 
north	No jaa soon meänkieli millä met praattama täälä pohjolasa .	No jaa soon meänkieli millä met praattama täälä pohjolasa .
west	Meijä pojanpoja tarhas kävi yks mukava , leppoisa eläkeläismies kerran viikos pitämäs satutunni tai jottai kivaa tekivä . 	Meijä pojanpoja tarhas kävi yks mukava , leppoisa eläkeläismies kerran viikos pitämäs satutunni tai jottai kivaa tekivä . 
west	Mieliin painuvin , minkä meijä pikkumies kertoi,oli pajupillin teko :) 	Mieliin painuvin , minkä meijä pikkumies kertoi,oli pajupillin teko :) 
west	Pst. arvaas , miks hän kävi ja käy viälki siäl ? 	Pst. arvaas , miks hän kävi ja käy viälki siäl ? 
west	Hänel ei olleska omii lastelapsii.	Hänel ei olleska omii lastelapsii.
west	Joskus se on näinki päi . 	Joskus se on näinki päi . 
west	Niin hiano korti Onni-pappa sai just lapsilt ! 	Niin hiano korti Onni-pappa sai just lapsilt ! 
west	Mää en osaa kirjakiältä --sanon sen heti alkuun , että et turhaan kuluta hyvää aikaas minun juttusiini . 	Mää en osaa kirjakiältä --sanon sen heti alkuun , että et turhaan kuluta hyvää aikaas minun juttusiini . 
west	Niin ,oon määkin joskus ilmojen erellä saanu niin sanonko --pirunmoisen säryn ,se on ny vasta vanhemmiten ruvennu vaivaan --Ja joskus lipsahtaa sormi tohon Cas lookiin ja tulee huurettua vaikka ei oo tarkotus . 	Niin ,oon määkin joskus ilmojen erellä saanu niin sanonko --pirunmoisen säryn ,se on ny vasta vanhemmiten ruvennu vaivaan --Ja joskus lipsahtaa sormi tohon Cas lookiin ja tulee huurettua vaikka ei oo tarkotus . 
west	En syä mitään lääkkeitä ,mitä joskus illalla otan Alvetoonin -- . 	En syä mitään lääkkeitä ,mitä joskus illalla otan Alvetoonin -- . 
west	Kerran oli niska ollu kauan kipee ja menin terveyskeskuslääkärin tykö . 	Kerran oli niska ollu kauan kipee ja menin terveyskeskuslääkärin tykö . 
east	Tullee työtä . 	Tullee työtä . 
east	Tullekko sitä Kolarilaisille ? 	Tullekko sitä Kolarilaisille ? 
east	Työ haikailette vieläki sitä . 	Työ haikailette vieläki sitä . 
east	Muistatteko työ sitä sen kaivoksen jälkeistä aikaa yhtä lämmöllä ? 	Muistatteko työ sitä sen kaivoksen jälkeistä aikaa yhtä lämmöllä ? 
east	Se tullee nuorisolle kahta rajumpana tän kaivoksen jälkeen . 	Se tullee nuorisolle kahta rajumpana tän kaivoksen jälkeen . 
east	Sitä paitsi sinne kaivokselle pittää opiskella että pääsee . 	Sitä paitsi sinne kaivokselle pittää opiskella että pääsee . 
east	Kaikki urakat kilpailutettaan . 	Kaikki urakat kilpailutettaan . 
east	Ulkomaalainen kaivosyhtiö tekkee mitä halluu . 	Ulkomaalainen kaivosyhtiö tekkee mitä halluu . 
east	Ja jos vaikka kaivoksen oletetuista 320 työpaikasta jäisi vaikka 80 hlö Kolariin niin mihin työ luulisitte että ne muuttas ? 	Ja jos vaikka kaivoksen oletetuista 320 työpaikasta jäisi vaikka 80 hlö Kolariin niin mihin työ luulisitte että ne muuttas ? 
east	Jos se nyt lupia ees saapi . 	Jos se nyt lupia ees saapi . 
east	Se pittää hävittää ennen tilikauden loppua . 	Se pittää hävittää ennen tilikauden loppua . 
west	Kerrotko meile ?	Kerrotko meile ?
east	myö ollaan vähä käätetty tiällä . 	myö ollaan vähä käätetty tiällä . 
east	Se on semmonen kolomen pallon uakkosjärjestelmä . 	Se on semmonen kolomen pallon uakkosjärjestelmä . 
east	Vähä niinku morse-uakkoset , mutta tässä systeemissä vilautellaan palloilla . 	Vähä niinku morse-uakkoset , mutta tässä systeemissä vilautellaan palloilla . 
east	Nyt jos pallot loppuu niin onhan tiällä nuita miehiä :D.	Nyt jos pallot loppuu niin onhan tiällä nuita miehiä :D.
east	" Tiällä on kemut käännissä " pallo x 20 " Kemut on ohi " ei palloo , ei palloo , ei palloo " Ei kettää kotona " pallo , ei palloo , pallo Viittomakiel on tarpeen osata , esmerkiks kovalla myrskyllä . 	" Tiällä on kemut käännissä " pallo x 20 " Kemut on ohi " ei palloo , ei palloo , ei palloo " Ei kettää kotona " pallo , ei palloo , pallo Viittomakiel on tarpeen osata , esmerkiks kovalla myrskyllä . 
east	Ja sitte tämä savonkielj tekköö leukaperät niin vetreeks , se on semmosta leokajumppoo , siitä se hyvänolon tunne männöö sitte sisäkalluihin asti ja hieroo naaruhermoja ja minä aenahhii nauroo kutkatan välillä niin että ves roeskuu silimistä .	Ja sitte tämä savonkielj tekköö leukaperät niin vetreeks , se on semmosta leokajumppoo , siitä se hyvänolon tunne männöö sitte sisäkalluihin asti ja hieroo naaruhermoja ja minä aenahhii nauroo kutkatan välillä niin että ves roeskuu silimistä .
north	mie tuumasin , että onkos sulla rahaa että lainaisiks sie sitä meile , niin kyllä met sitten sen mäen rakentasimma ja kuttusimma sinut sitten vihkiäisiin ,niin saisit sitten leikata sen nauhan ja saisit siitä sen palan ittele , oleks sie sitä aatellu ?	mie tuumasin , että onkos sulla rahaa että lainaisiks sie sitä meile , niin kyllä met sitten sen mäen rakentasimma ja kuttusimma sinut sitten vihkiäisiin ,niin saisit sitten leikata sen nauhan ja saisit siitä sen palan ittele , oleks sie sitä aatellu ?
east	kyllähän sie terveen paperit sait , minunkii mielestä , ennää ko siun tarvii käyvä vaan tarkkailussa . 	kyllähän sie terveen paperit sait , minunkii mielestä , ennää ko siun tarvii käyvä vaan tarkkailussa . 
east	se ol hyvä asia ko mänit ajoissa lääkärii , niin syöpääkii pystytää hoitamaa nykyää . 	se ol hyvä asia ko mänit ajoissa lääkärii , niin syöpääkii pystytää hoitamaa nykyää . 
east	minul ei syöpää ole olt jote ei ole kokemuksii siitä . 	minul ei syöpää ole olt jote ei ole kokemuksii siitä . 
east	yks munuainen minul poistettii , siin ei nytolt kasvualustaa ees syövälkää , ko oli surkastunut . 	yks munuainen minul poistettii , siin ei nytolt kasvualustaa ees syövälkää , ko oli surkastunut . 
east	nyt sitte pärjäilen yhellä . 	nyt sitte pärjäilen yhellä . 
east	hyvin oon toimee tultkii muutaman vuuen , paitsi espanjan reissus ko sain ruoka myrkytyksii kaks kertaa ja niist vissii jokkuu pakteeri temppuilee munuaisessa . 	hyvin oon toimee tultkii muutaman vuuen , paitsi espanjan reissus ko sain ruoka myrkytyksii kaks kertaa ja niist vissii jokkuu pakteeri temppuilee munuaisessa . 
east	oon olt kovin huonona , tännää olen vähä jo jalkeilla , ko kuume on hävinny , jote piti vilkasta mite ihmiset tääl pärjäilee . 	oon olt kovin huonona , tännää olen vähä jo jalkeilla , ko kuume on hävinny , jote piti vilkasta mite ihmiset tääl pärjäilee . 
east	:)) noista terveen papereista ko kysyt , niin minulpa on sellaset ällistä , oikee lääkäri pskyatrilta saatut , jotta mie olen hyvissä henkisis kantimissa päättämää asioistain . 	:)) noista terveen papereista ko kysyt , niin minulpa on sellaset ällistä , oikee lääkäri pskyatrilta saatut , jotta mie olen hyvissä henkisis kantimissa päättämää asioistain . 
east	hankin todistuksen testamentin lisukkeeksi , koska niin paljo kuulin juttuu mite vanhuksen kuoleman peräst testamenttii yritettää kaataa . 	hankin todistuksen testamentin lisukkeeksi , koska niin paljo kuulin juttuu mite vanhuksen kuoleman peräst testamenttii yritettää kaataa . 
east	televisios ko ol se yks vanha rikas mies ameriikasta , vissii yheksäs kymmenissä jo ja hää mäni naimisiin kauniin vaalean naisen kanssa , siitä paljo kirjoteltii lehissäkkii . 	televisios ko ol se yks vanha rikas mies ameriikasta , vissii yheksäs kymmenissä jo ja hää mäni naimisiin kauniin vaalean naisen kanssa , siitä paljo kirjoteltii lehissäkkii . 
east	en vaa muista tytön nimmee . 	en vaa muista tytön nimmee . 
east	mies ol vaikutusvaltanen , ettei peräti politiikassa . 	mies ol vaikutusvaltanen , ettei peräti politiikassa . 
east	mies ko kuoli , alko miehen lapset väittämää miestä sekopäiseksi , ko kuulivat että hää ol jättänt paljo omaisuutta naiselle . 	mies ko kuoli , alko miehen lapset väittämää miestä sekopäiseksi , ko kuulivat että hää ol jättänt paljo omaisuutta naiselle . 
east	en ole kuult mite juttu on eenny ja joko raastupa on antant päätöksen . 	en ole kuult mite juttu on eenny ja joko raastupa on antant päätöksen . 
east	sillä neitosella oli oma televisio ohjelmakkii , mutta se tuli kovin myöhää . 	sillä neitosella oli oma televisio ohjelmakkii , mutta se tuli kovin myöhää . 
east	jote mie aattelin että pellaan varman päälle ja hankin paperit , ko jalmaril on sukulais perhe ruotsisa . 	jote mie aattelin että pellaan varman päälle ja hankin paperit , ko jalmaril on sukulais perhe ruotsisa . 
east	kaukasii ovat , en tiiä ovatko ees serkuja . 	kaukasii ovat , en tiiä ovatko ees serkuja . 
east	hyö nyt voivat keksii mitä vaa , vaikkei mitenkää perilissii olekkaa . 	hyö nyt voivat keksii mitä vaa , vaikkei mitenkää perilissii olekkaa . 
east	muutama vuos sitte ko kävivät kylässä ja ko en antant heille jalmarin metsästys kiväärii ,niin kottii männessää kävivät poliisi asemalla sanomassa että mie heiluttelen tääl kivärii . 	muutama vuos sitte ko kävivät kylässä ja ko en antant heille jalmarin metsästys kiväärii ,niin kottii männessää kävivät poliisi asemalla sanomassa että mie heiluttelen tääl kivärii . 
east	poliisit tietyst tul kottii ja pyysivät nähhä asseen , minun olis pitänt viiä se poliisi asemalle jalmarin kuoltuu , koska minul ei ole asseen kantoluppaa . 	poliisit tietyst tul kottii ja pyysivät nähhä asseen , minun olis pitänt viiä se poliisi asemalle jalmarin kuoltuu , koska minul ei ole asseen kantoluppaa . 
east	ilmotin mie sen perun kirjotukses , mutta sitä ko ei kukkaa kyselt niin se jäi vintille unohuksii , enneko ruotsin vieraat penko ullakkoo .	ilmotin mie sen perun kirjotukses , mutta sitä ko ei kukkaa kyselt niin se jäi vintille unohuksii , enneko ruotsin vieraat penko ullakkoo .
east	:) ) uskohan poliisit minnuu ei siitä mittää seuraamuksii tult . 	:) ) uskohan poliisit minnuu ei siitä mittää seuraamuksii tult . 
east	en nyt vie enenpää aikaa , vaik puhumista oliskii . 	en nyt vie enenpää aikaa , vaik puhumista oliskii . 
east	hoida hyvin itsee ja huolehi jälkitarkastuksista kute tohtori on määränt ja sie voit hyvin iloita terveen papereista . 	hoida hyvin itsee ja huolehi jälkitarkastuksista kute tohtori on määränt ja sie voit hyvin iloita terveen papereista . 
east	enpä jaksa uskoo , jot sie kuumeisest pyörit , nurkist tyhjii pulloi hamuten .	enpä jaksa uskoo , jot sie kuumeisest pyörit , nurkist tyhjii pulloi hamuten .
east	taitaa siulla täyvetkin pullot säilyy koskemattomina , jos niit ylleesä on .	taitaa siulla täyvetkin pullot säilyy koskemattomina , jos niit ylleesä on .
east	kaunist päivänjatkoo , ainakii tääl aurinkoista .	kaunist päivänjatkoo , ainakii tääl aurinkoista .
east	Kyllä minä oon antanna jo ohjeita niille vilmoojille , että ku minua esmerkiks vilmoovat , niin koettaavat kahtoo että valaestus on semmonen salaperänen , että minä näättäsin Reeta Karpolta , ku mulla on sen tyylinen hattuhii piässä ja se Reeta olj vähä semmonen mysko tyyppi , ihan ku minähii . 	Kyllä minä oon antanna jo ohjeita niille vilmoojille , että ku minua esmerkiks vilmoovat , niin koettaavat kahtoo että valaestus on semmonen salaperänen , että minä näättäsin Reeta Karpolta , ku mulla on sen tyylinen hattuhii piässä ja se Reeta olj vähä semmonen mysko tyyppi , ihan ku minähii . 
east	Kyllä sinustahhii varmaan hyviä kuvia tulloo ku muistat vaen äkkiä pyllistee ku niät että kameran silimä sihtoo sinnuun päen . 	Kyllä sinustahhii varmaan hyviä kuvia tulloo ku muistat vaen äkkiä pyllistee ku niät että kameran silimä sihtoo sinnuun päen . 
east	Kyllä se tuo meijän titanium man ossoo hommasa hoetoo , myö ollaan se jo koulittu meijän tavoelle , että se kyllä tietää mitenkä tahkoo viännetään . 	Kyllä se tuo meijän titanium man ossoo hommasa hoetoo , myö ollaan se jo koulittu meijän tavoelle , että se kyllä tietää mitenkä tahkoo viännetään . 
east	Koettaahan se tietennii männä siitä missä aeta on matalin , mutta huomoo äkkiä olovasa veessä jos meinoo reelingin yli loekata ja ollaan keskellä Atlanttia :) Minä luulen , että meijän " muasta irtoomis " -kokemukset viepi meijän ajatukset pitkäks aekoo , toevottavasti aenahhii Azoreille asti , ja voejaan välittee kokemuksia suoraan toesten palstalaesten luettavaks .	Koettaahan se tietennii männä siitä missä aeta on matalin , mutta huomoo äkkiä olovasa veessä jos meinoo reelingin yli loekata ja ollaan keskellä Atlanttia :) Minä luulen , että meijän " muasta irtoomis " -kokemukset viepi meijän ajatukset pitkäks aekoo , toevottavasti aenahhii Azoreille asti , ja voejaan välittee kokemuksia suoraan toesten palstalaesten luettavaks .
west	mut eihän sul toisaalt muutakaan tekoo oo .	mut eihän sul toisaalt muutakaan tekoo oo .
west	mut noiseriffi plokkava kaik parema jutu,tääl o semmossi jok ei yhtä kest , jos puhuta muust ko uskost . 	mut noiseriffi plokkava kaik parema jutu,tääl o semmossi jok ei yhtä kest , jos puhuta muust ko uskost . 
west	Ei 50+ mikkä vanha ol ,kyl sil sokeri suus sula , ja ainaki mää kattele viäl miälelläni naissi	Ei 50+ mikkä vanha ol ,kyl sil sokeri suus sula , ja ainaki mää kattele viäl miälelläni naissi
east	No en ou viellä tavannu semmosta koirroo , mikä ei ois tykästyny minnuun . 	No en ou viellä tavannu semmosta koirroo , mikä ei ois tykästyny minnuun . 
east	Noh ehkä yks emä lassie aikonnaa pureksi , ku vein sen paikan . 	Noh ehkä yks emä lassie aikonnaa pureksi , ku vein sen paikan . 
east	Sillo en ollunna kovin vanaha . 	Sillo en ollunna kovin vanaha . 
east	Nyt koira tunttoo koiran tykästyvät het : D.	Nyt koira tunttoo koiran tykästyvät het : D.
west	itiikanmäjille jos nykypäivänä menöö kattelemaan , niin pakokauhu isköö , on ainakin niin kalasiaa , valolamput pihalla aivan kaameta , isköö silimiin ja häikääsöö ei pysty nauttia mistää . 	itiikanmäjille jos nykypäivänä menöö kattelemaan , niin pakokauhu isköö , on ainakin niin kalasiaa , valolamput pihalla aivan kaameta , isköö silimiin ja häikääsöö ei pysty nauttia mistää . 
west	pitääs olla rauhallista ja seesteestä kotikonnuulla .	pitääs olla rauhallista ja seesteestä kotikonnuulla .
west	Wappuperän vanahat poijaat heiluttellee rallilippua että koska tuloo selaane hoituri , he myös	Wappuperän vanahat poijaat heiluttellee rallilippua että koska tuloo selaane hoituri , he myös
west	hätässi ihmissii Mää ei oikke ymmärrä , ett teette nii väärrii johtopäättöksii täst niinku suomenki tilanteest , onhan tää niinki kaukan talebaneist , joita jenkki on ny yltynny kauhiast jostain syyst pommittaan . 	hätässi ihmissii Mää ei oikke ymmärrä , ett teette nii väärrii johtopäättöksii täst niinku suomenki tilanteest , onhan tää niinki kaukan talebaneist , joita jenkki on ny yltynny kauhiast jostain syyst pommittaan . 
west	Mut on se nii onneks kauhian kaukan täält Turust .	Mut on se nii onneks kauhian kaukan täält Turust .
west	Ja alkuperäsel kysyjäl , ett kokeiles kiertää sitä mäntää , siin on ilmeisest käsijarru samas joka on säätynyt " pintaan "	Ja alkuperäsel kysyjäl , ett kokeiles kiertää sitä mäntää , siin on ilmeisest käsijarru samas joka on säätynyt " pintaan "
east	Tarkemmin aateltuna ee yhestä , oel se toenennii , jota Leville kuskas mukamas ukkoosa narraattammaan . 	Tarkemmin aateltuna ee yhestä , oel se toenennii , jota Leville kuskas mukamas ukkoosa narraattammaan . 
east	Eepä se piämiärä vuan matka niihän ne väettää . 	Eepä se piämiärä vuan matka niihän ne väettää . 
east	Lähtö ee ollu Iisalamesta . 	Lähtö ee ollu Iisalamesta . 
east	Aekoo on kulunna nuista ja kuskooja alakaa olla puhki vae liekkö ne aamorin nuolet osuneettii poloveen .	Aekoo on kulunna nuista ja kuskooja alakaa olla puhki vae liekkö ne aamorin nuolet osuneettii poloveen .
west	Ketä siel ny kesäl kävis ?  	Ketä siel ny kesäl kävis ?  
west	Kaik kotoon grillaas ja dokaas ...	Kaik kotoon grillaas ja dokaas ...
west	Kattoo sit talvel jos viittii mennä sinne - tai sit ei	Kattoo sit talvel jos viittii mennä sinne - tai sit ei
north	Kiikkustoolisahan on niin mukava istuskella ja töllöttää vaikka telekkaria tai lukia . 	Kiikkustoolisahan on niin mukava istuskella ja töllöttää vaikka telekkaria tai lukia . 
north	Kyllä sitä voi kuuskymppinen jo tehä . 	Kyllä sitä voi kuuskymppinen jo tehä . 
north	Ja säpäkkyyvestä puhheen ollen mitä lienee koko säpäkkyys . 	Ja säpäkkyyvestä puhheen ollen mitä lienee koko säpäkkyys . 
north	Onko se puhheen säksätystä ,että ei toiset saa suunvuorua , vai mitä ? 	Onko se puhheen säksätystä ,että ei toiset saa suunvuorua , vai mitä ? 
north	Aurinko ainaki paistaa nyt tuola ulukona ja pittää lähtä heinää ajamaan ja siinä se aika kulluu mukavasti.	Aurinko ainaki paistaa nyt tuola ulukona ja pittää lähtä heinää ajamaan ja siinä se aika kulluu mukavasti.
north	Naapurin mummua pittää käyvä porisuttamasa . 	Naapurin mummua pittää käyvä porisuttamasa . 
north	Muistellaan aina entisiä lehemän lypsyjä ja heinän seivästystä ,ku palettiin ensinnä , että nahka vaihtu , eikä otsoonikerros ollu vielä ohutta ku syövältä on vielä vältytty . 	Muistellaan aina entisiä lehemän lypsyjä ja heinän seivästystä ,ku palettiin ensinnä , että nahka vaihtu , eikä otsoonikerros ollu vielä ohutta ku syövältä on vielä vältytty . 
north	Lukkee kelle kelepaa vanahan muorin höpinöitä .	Lukkee kelle kelepaa vanahan muorin höpinöitä .
north	Tekkee mieli kysyä mitä on tehty jotta vuojen päästä tuleva jytky kaivoksen loppuminen ei yllättäisi pyhäjärvisiä housut kintussa ? 	Tekkee mieli kysyä mitä on tehty jotta vuojen päästä tuleva jytky kaivoksen loppuminen ei yllättäisi pyhäjärvisiä housut kintussa ? 
north	Mikä helvetin vimma on lähtee rakentamaan kulturellitalloo kun ei tiiä mitä täällä on muutaman vuojen päästä . 	Mikä helvetin vimma on lähtee rakentamaan kulturellitalloo kun ei tiiä mitä täällä on muutaman vuojen päästä . 
north	Viranhaltijat voivat tehdä yltiöpäisiä ehotulsia , teijän tehtävä on kartoittaa reaaliteetit . 	Viranhaltijat voivat tehdä yltiöpäisiä ehotulsia , teijän tehtävä on kartoittaa reaaliteetit . 
east	Juuh , kato Muru on vähä tämmöne erillainen nuori , , moterniakii vuaan kirijottee vaikk ei ittekää tiiä ! 	Juuh , kato Muru on vähä tämmöne erillainen nuori , , moterniakii vuaan kirijottee vaikk ei ittekää tiiä ! 
east	Tuost ultrast mei en nii tiiä , Jaaa ! 	Tuost ultrast mei en nii tiiä , Jaaa ! 
east	Yks tuttu sano tuoss alakuviikost , jotta kävi ultrassa ja ett laps oll ihan kunnoss , , Nii ja kävinhän mie eilen tuoll Ultran sivuill sellailemass .	Yks tuttu sano tuoss alakuviikost , jotta kävi ultrassa ja ett laps oll ihan kunnoss , , Nii ja kävinhän mie eilen tuoll Ultran sivuill sellailemass .
east	Ultramoterni , , äärimmäisen uuvenaikainen , huippumuotikas .	Ultramoterni , , äärimmäisen uuvenaikainen , huippumuotikas .
east	Sovitaan jotta ihan tavalline , nii mie en nii punastu , , , Heheh , , köhöm.	Sovitaan jotta ihan tavalline , nii mie en nii punastu , , , Heheh , , köhöm.
east	Nii ai , että viikon kesti matinea sitten , , Se on tiää juhanukselt alakava sessio , joka kestää sitt , , , mitä kestää , , sitä ei aina tiiä , mutt arvata voip ja täytyy sannoo , jotta mehtään miun arvaukset oh männeet ainai , , , Eikö se ollunna muutenkii ihan tavaomasen pitune ? 	Nii ai , että viikon kesti matinea sitten , , Se on tiää juhanukselt alakava sessio , joka kestää sitt , , , mitä kestää , , sitä ei aina tiiä , mutt arvata voip ja täytyy sannoo , jotta mehtään miun arvaukset oh männeet ainai , , , Eikö se ollunna muutenkii ihan tavaomasen pitune ? 
east	Viimeks ne männ ruottii ko kesti viikon , , muistaaksen . 	Viimeks ne männ ruottii ko kesti viikon , , muistaaksen . 
east	Ei ne ny sinne , , Ettei ne ny yrittännä venättän puolell , , Hitsi , jos se kurass oh Eerokii tullunna ! 	Ei ne ny sinne , , Ettei ne ny yrittännä venättän puolell , , Hitsi , jos se kurass oh Eerokii tullunna ! 
east	Täst otetaan , Elli , ny seleko . 	Täst otetaan , Elli , ny seleko . 
east	Taijan roimaia kaikk , jotta vievät Eerookii niill luontoretkill . 	Taijan roimaia kaikk , jotta vievät Eerookii niill luontoretkill . 
east	Ruojakeet , , , Oottakeehan ! 	Ruojakeet , , , Oottakeehan ! 
east	Ny pukkas kiireen , vuaan sinne huikkoon hyvät kesäillatsut ja kiitän ja niiaan nätist kanss ! 	Ny pukkas kiireen , vuaan sinne huikkoon hyvät kesäillatsut ja kiitän ja niiaan nätist kanss ! 
north	Nyt kerranki olen vihreitten kansa sammaa mieltä . 	Nyt kerranki olen vihreitten kansa sammaa mieltä . 
north	Valittakaa kaikki mahollisuuvet , ettei kaupunki ruppee sitä Marinan satamaa ja tyrskymaja-aluetta tekkeen . 	Valittakaa kaikki mahollisuuvet , ettei kaupunki ruppee sitä Marinan satamaa ja tyrskymaja-aluetta tekkeen . 
north	Ei kukkaa yrittäjä ole ennää niin hullu , että sinne mitää rakentaa . 	Ei kukkaa yrittäjä ole ennää niin hullu , että sinne mitää rakentaa . 
north	Ei mene monta vuotta kun se ruppee haisemaan . 	Ei mene monta vuotta kun se ruppee haisemaan . 
west	Täällä ei ol lekureita . 	Täällä ei ol lekureita . 
west	Keihkoissas tai sydämessäsä voi olla mitä vaan .	Keihkoissas tai sydämessäsä voi olla mitä vaan .
north	Elä ny hermostu kun rätninki on kesken , just olin pääsemässä tulokseen niin tuli keskenmeno . 	Elä ny hermostu kun rätninki on kesken , just olin pääsemässä tulokseen niin tuli keskenmeno . 
north	Nyt pittää alottaa uuvestaa , eli mites se nyt meni , neljä jalakaa ja yks pyörä se tekkee senverran , joo , sitten siihe , , mitä helekettiä , meneeks tää eetteriin .	Nyt pittää alottaa uuvestaa , eli mites se nyt meni , neljä jalakaa ja yks pyörä se tekkee senverran , joo , sitten siihe , , mitä helekettiä , meneeks tää eetteriin .
east	Viipurist hää ol iha kokonaa mut män karjakox Räisälää Laatoka rannal	Viipurist hää ol iha kokonaa mut män karjakox Räisälää Laatoka rannal
north	Sikatyhmiä koko kirkon johto ko mennee muuttahmaan virsien sanakki . 	Sikatyhmiä koko kirkon johto ko mennee muuttahmaan virsien sanakki . 
north	EIköh net pörröt ymmärä että kirkossa pittää olla tuttua joka aina kestää , niinko virsien ja liturgian sanat jokka met kaikki olema saahneet jo koulussa oppia ulkoa . 	EIköh net pörröt ymmärä että kirkossa pittää olla tuttua joka aina kestää , niinko virsien ja liturgian sanat jokka met kaikki olema saahneet jo koulussa oppia ulkoa . 
north	Senki tollot töheltäjät , saatta kyllä syyttää itteännä ko ajotte meätki tuola laila ulos kirkosta . 	Senki tollot töheltäjät , saatta kyllä syyttää itteännä ko ajotte meätki tuola laila ulos kirkosta . 
west	Ainaki mää uskon nii . 	Ainaki mää uskon nii . 
west	Se häntä ku kapia ja ehkäpä pitkäki nii se otta asteet kaik nii paljo äkkiemmppä ku muualt on kuitenski vähä " pulskemppa " siis se pippartaikina - tää lisäys iha selvennykseks :))) Hyvä päivä jatko vaa	Se häntä ku kapia ja ehkäpä pitkäki nii se otta asteet kaik nii paljo äkkiemmppä ku muualt on kuitenski vähä " pulskemppa " siis se pippartaikina - tää lisäys iha selvennykseks :))) Hyvä päivä jatko vaa
north	" Ei kannatte " on muoniolaisten vuosisatainen motto . 	" Ei kannatte " on muoniolaisten vuosisatainen motto . 
north	Jos jollain sitte kannatteeki niin joku vilunki siinä on ollu takana tai vielä isompi juoni jossa on ainaki matkailuyrittäjät ja jotkut etelästä vasta 30 vuotta sitten tulheet ei-paikalliset takana . 	Jos jollain sitte kannatteeki niin joku vilunki siinä on ollu takana tai vielä isompi juoni jossa on ainaki matkailuyrittäjät ja jotkut etelästä vasta 30 vuotta sitten tulheet ei-paikalliset takana . 
north	Täälä mithän tartte , istuma pirtissä ja haukumma kittiläläiset .	Täälä mithän tartte , istuma pirtissä ja haukumma kittiläläiset .
west	monia hyviä puolia , eikä tartte kuitenkaan kauas lähtiä . 	monia hyviä puolia , eikä tartte kuitenkaan kauas lähtiä . 
west	Piänen kaupungin tekemät lyhyet etäisyyret , Kauhavalle on lyhyt samoon ku seinäjoelle . 	Piänen kaupungin tekemät lyhyet etäisyyret , Kauhavalle on lyhyt samoon ku seinäjoelle . 
west	Seinäjoella on jo pykälää kolokompaa , ja Helesinkiin en lähtis . 	Seinäjoella on jo pykälää kolokompaa , ja Helesinkiin en lähtis . 
west	Mutta emmä tierä pitääskö Kauhavaltakaa ny mihinkää lähtiä . 	Mutta emmä tierä pitääskö Kauhavaltakaa ny mihinkää lähtiä . 
west	Aikuuselle sillä ei o niin väliä , mikäs Kauhavalla . 	Aikuuselle sillä ei o niin väliä , mikäs Kauhavalla . 
west	Muksuille taas olis paree kun ei aina tarttis autolla vierä naapuripitäjään . 	Muksuille taas olis paree kun ei aina tarttis autolla vierä naapuripitäjään . 
west	Kaikki ratkaasut tuntuu oleva nii monihyvääsiä . 	Kaikki ratkaasut tuntuu oleva nii monihyvääsiä . 
west	Ota ny tosta selekoa .	Ota ny tosta selekoa .
north	" Kuuleppa Asko , läheksie minun kanssa lynksillä methään ja haethan mukhan aivan vasiten naapurhin justinsa kamphensa kantanu isoutarheinen plonti . 	" Kuuleppa Asko , läheksie minun kanssa lynksillä methään ja haethan mukhan aivan vasiten naapurhin justinsa kamphensa kantanu isoutarheinen plonti . 
north	Akoille ei kerrota yhthän mithän , net ei ymmärrä kuitenkhan "	Akoille ei kerrota yhthän mithän , net ei ymmärrä kuitenkhan "
east	on ku roska silimässä tae jos ee oo vielä silimässä niin on sinne mänössä .	on ku roska silimässä tae jos ee oo vielä silimässä niin on sinne mänössä .
east	Sen tähe meillä on Ellinpoksi 60+:lla missä myö viännetään savvoo ja mitä murretta osataan ettei olla roskana kenenkään silimissä . 	Sen tähe meillä on Ellinpoksi 60+:lla missä myö viännetään savvoo ja mitä murretta osataan ettei olla roskana kenenkään silimissä . 
east	Muutennii siellä on mänö aeka huluvatonta :DD ( Justiisa nyt ku on kesäaeka , niin meijän puatti on Monakossa ja ite puattilaeset männä viilettää missä sattuu , mutta kesän jäläkeen on tuas tääs häkä piällä . 	Muutennii siellä on mänö aeka huluvatonta :DD ( Justiisa nyt ku on kesäaeka , niin meijän puatti on Monakossa ja ite puattilaeset männä viilettää missä sattuu , mutta kesän jäläkeen on tuas tääs häkä piällä . 
east	Poeketkoohan heittämässä huulta työhii ! 	Poeketkoohan heittämässä huulta työhii ! 
east	Minun mielestä murretta puhuvat tekköövät kulttuurityötä , ku puhtaeta murteita ee kohta oo olemassakkaa . 	Minun mielestä murretta puhuvat tekköövät kulttuurityötä , ku puhtaeta murteita ee kohta oo olemassakkaa . 
east	Pitäs suaha jollaen laella säelytettyä jäläkimualimalle , miten sitä on suatettu kommunikoeja joskus aekonaan . 	Pitäs suaha jollaen laella säelytettyä jäläkimualimalle , miten sitä on suatettu kommunikoeja joskus aekonaan . 
east	Ite oon ollu savosta poes kohta 55 vuotta ja asun vieraassa muassa , mutta tekköö mieli yrittee säelyttee se ensimmäenen murre , mitä opin puhumaan . 	Ite oon ollu savosta poes kohta 55 vuotta ja asun vieraassa muassa , mutta tekköö mieli yrittee säelyttee se ensimmäenen murre , mitä opin puhumaan . 
east	Opin sanomaan " äeti " . 	Opin sanomaan " äeti " . 
east	Pistäkeepä silimät kiinni ja sanokee hittaasti " äeti " , niin tunnetta että käettii tekköö semmosen luajan hallausliikkeen :D Mummu ja ukki asuvat pohjanmualla ja minnäe opin kaks murretta ihan pienenä , savon murteen ja pohojanmaan murteen . 	Pistäkeepä silimät kiinni ja sanokee hittaasti " äeti " , niin tunnetta että käettii tekköö semmosen luajan hallausliikkeen :D Mummu ja ukki asuvat pohjanmualla ja minnäe opin kaks murretta ihan pienenä , savon murteen ja pohojanmaan murteen . 
east	Simultaanitaeto kehitty :D ku vaehto murretta tarpeen mukkaan . 	Simultaanitaeto kehitty :D ku vaehto murretta tarpeen mukkaan . 
east	Minusta on kaekki murteet mukavia . 	Minusta on kaekki murteet mukavia . 
east	No ee oo saastepilivi , tuossa runossani , ei . 	No ee oo saastepilivi , tuossa runossani , ei . 
east	Katoppako eehän sitä tiiä vaikka millo alakas sattoon vettä ja ne puut alakaskii kukkiin ja viimein tulis niit hetelmiä ja se hautuumuaa ee oiskaan hautuumuaa ennee , vuaan kaanitten sanojen ja toiveitten puutarha .	Katoppako eehän sitä tiiä vaikka millo alakas sattoon vettä ja ne puut alakaskii kukkiin ja viimein tulis niit hetelmiä ja se hautuumuaa ee oiskaan hautuumuaa ennee , vuaan kaanitten sanojen ja toiveitten puutarha .
east	Ee anneta periksi Onni eehän ! 	Ee anneta periksi Onni eehän ! 
east	Se pitäsi varmaan hommata tuolt Maranellost käsin simmonen sääukko ku Verraarilla oh , jotta ne ne tietee kuule kaik pilivet , missä ne mennöö ja sattaako vaiko ei varmaan . 	Se pitäsi varmaan hommata tuolt Maranellost käsin simmonen sääukko ku Verraarilla oh , jotta ne ne tietee kuule kaik pilivet , missä ne mennöö ja sattaako vaiko ei varmaan . 
east	No , te kävittä Helesinkissä asti , , siinä vierähti sitten koko päivä servaletissä . 	No , te kävittä Helesinkissä asti , , siinä vierähti sitten koko päivä servaletissä . 
east	Vaa mite se on tuo sun vattas täll hetkell ? 	Vaa mite se on tuo sun vattas täll hetkell ? 
east	Nipistelleekö pahastikki ? 	Nipistelleekö pahastikki ? 
east	Katoppa ku se Kalle ny tarjoo sitä lämmikettään vaikk siin oh parast enne päivä mennyt jo aikaa . 	Katoppa ku se Kalle ny tarjoo sitä lämmikettään vaikk siin oh parast enne päivä mennyt jo aikaa . 
east	Se on se tammikuun-erä joka jää ainan ylmääräseks sinne aitan ylisill ja sitä se sitten ennen uusia sesonkeja koittoo hävittee vaikk kelle . 	Se on se tammikuun-erä joka jää ainan ylmääräseks sinne aitan ylisill ja sitä se sitten ennen uusia sesonkeja koittoo hävittee vaikk kelle . 
east	Ossuskaupassa kuule vähän niin ku kuiskattiin jotta se Bertta oll kääny eele siel kaapas ostamass hernekeittoo torstaiksi ja sanovat ett ilima ol ollunna aikas sakiaa siin Bertan lähell . 	Ossuskaupassa kuule vähän niin ku kuiskattiin jotta se Bertta oll kääny eele siel kaapas ostamass hernekeittoo torstaiksi ja sanovat ett ilima ol ollunna aikas sakiaa siin Bertan lähell . 
east	Jotenki se oll kurissu koko ajan ja ollvat joutunna laittoon ovet aaki ja ristivevon puoleks tuntii . 	Jotenki se oll kurissu koko ajan ja ollvat joutunna laittoon ovet aaki ja ristivevon puoleks tuntii . 
east	Kaajappa kuule poikkee kaik mitä se Kalle oh antanna ja mie piän sille puhuttelun , jotta tietee että oh laitimmainen kerta niite litkujesa kanss ! 	Kaajappa kuule poikkee kaik mitä se Kalle oh antanna ja mie piän sille puhuttelun , jotta tietee että oh laitimmainen kerta niite litkujesa kanss ! 
east	Vuaan kiitosta ny Onnille ku annot sitä pallautettas ja ee vaivuta synkkyyteen enne enempää , vuaan kohti uusia seikkailuja ! 	Vuaan kiitosta ny Onnille ku annot sitä pallautettas ja ee vaivuta synkkyyteen enne enempää , vuaan kohti uusia seikkailuja ! 
west	Lapualle pitääs tehrä isoo 5 km läpimitalta oleva kuoppa keskelle keskustaa	Lapualle pitääs tehrä isoo 5 km läpimitalta oleva kuoppa keskelle keskustaa
west	En mä katos tierä . 	En mä katos tierä . 
west	Mul on fatipää ja paljon nestettä siellä .	Mul on fatipää ja paljon nestettä siellä .
west	Jos pohjatappi o sattunu unehtuma , nii ei se sinäns mittä . 	Jos pohjatappi o sattunu unehtuma , nii ei se sinäns mittä . 
west	Nää nykyse plastiikka äyskäri ovat oikke luentavi ja tehokkai .	Nää nykyse plastiikka äyskäri ovat oikke luentavi ja tehokkai .
west	Salaatista en tierä mutta parhaat grilliruuat saa Äireen Grillitä .	Salaatista en tierä mutta parhaat grilliruuat saa Äireen Grillitä .
west	Kiittämättömi ihmise ova . 	Kiittämättömi ihmise ova . 
west	Onk ruakka puuttunu ? 	Onk ruakka puuttunu ? 
west	Onk koska kalja loppunu ? 	Onk koska kalja loppunu ? 
west	Eik ol saanu katto pääs pääl ko on tarvit ? 	Eik ol saanu katto pääs pääl ko on tarvit ? 
west	Ain vaa kuulu sama protina , nimpal kamala ja kauhia ja voijessusniimaakasteajatelkkamitähullu on kaik olevanas ? 	Ain vaa kuulu sama protina , nimpal kamala ja kauhia ja voijessusniimaakasteajatelkkamitähullu on kaik olevanas ? 
west	Mut älä mittä puhu , kyl täält kauneut löytty , kyl oikke . 	Mut älä mittä puhu , kyl täält kauneut löytty , kyl oikke . 
west	Kom pohjospualt kaupunkki tule , kulkke ooppera ohi , kiärttä pari oksenust , mene eruskunttatalo ohi vilkasemat , kumartta hevosel eik astu kusilammikko , orotta varti et valo huutava iiiiiiiiiiiiiiiii ja päästävä tiä yl oikkial ja siit taas vasemal , see jo näkky . 	Kom pohjospualt kaupunkki tule , kulkke ooppera ohi , kiärttä pari oksenust , mene eruskunttatalo ohi vilkasemat , kumartta hevosel eik astu kusilammikko , orotta varti et valo huutava iiiiiiiiiiiiiiiii ja päästävä tiä yl oikkial ja siit taas vasemal , see jo näkky . 
west	Laitur 24 pikavuaro Turkku . 	Laitur 24 pikavuaro Turkku . 
west	Isoolle kirkolle LAPUALLE . 	Isoolle kirkolle LAPUALLE . 
west	Kyllä tää Lapua sellaanen helevetin takapajula on että ei mitään rajaa . 	Kyllä tää Lapua sellaanen helevetin takapajula on että ei mitään rajaa . 
west	Ja viälä oikeen naurattaa . 	Ja viälä oikeen naurattaa . 
west	Naura kuule ittelles vaa .	Naura kuule ittelles vaa .
west	Muakin tosiaan kiinnostaa miten se imeminen oikeen tapahtuu ? 	Muakin tosiaan kiinnostaa miten se imeminen oikeen tapahtuu ? 
west	Mulla on sellaanen käsitys jotta yrittäjät pysyy tai menöö justiin sinne missä asiakkaat on tai mihin saa työväkiä . 	Mulla on sellaanen käsitys jotta yrittäjät pysyy tai menöö justiin sinne missä asiakkaat on tai mihin saa työväkiä . 
north	Pöhölyä hommaa seisottaa ihimisiä tuntitolokulla pakkasesa . 	Pöhölyä hommaa seisottaa ihimisiä tuntitolokulla pakkasesa . 
north	Lähettäsivät koko revohkan yhelläkertaa liikkehelle ja laskisivat ajat yhtehen . 	Lähettäsivät koko revohkan yhelläkertaa liikkehelle ja laskisivat ajat yhtehen . 
north	Näin met lohtolaiset tehejään . 	Näin met lohtolaiset tehejään . 
north	Nyt ei oo töisäkään palijo ketään kö osa on palelluttanu ihtesä ja osa on rapulasa . 	Nyt ei oo töisäkään palijo ketään kö osa on palelluttanu ihtesä ja osa on rapulasa . 
east	Hei , mainio hää olj ja luuloo olevansa vielläin .	Hei , mainio hää olj ja luuloo olevansa vielläin .
north	Niin met kaikki olemma vajaaälysiä , osa mennee jo hulluuven puolelle . 	Niin met kaikki olemma vajaaälysiä , osa mennee jo hulluuven puolelle . 
north	Emmä met ole vastuussa siitä , mitä milloinki satumma tekhen . 	Emmä met ole vastuussa siitä , mitä milloinki satumma tekhen . 
north	Saatat saaha vielä koronanki , jos edes haaveilet tänne tulosta .	Saatat saaha vielä koronanki , jos edes haaveilet tänne tulosta .
west	kyllä aikuuset ihimiset jaksaa kirijuutella , valittaa ja soitella .	kyllä aikuuset ihimiset jaksaa kirijuutella , valittaa ja soitella .
west	Pohojalaasilla on sellaanen vanaha tapa , että josta ei tykätä,se tapetahan :D:D	Pohojalaasilla on sellaanen vanaha tapa , että josta ei tykätä,se tapetahan :D:D
east	Miehistö on niin naesväkistä , että laetan horoskoopit kaekille .	Miehistö on niin naesväkistä , että laetan horoskoopit kaekille .
east	Suo siellä , vetelä tiällä - siinä ens vuoen ennuste . 	Suo siellä , vetelä tiällä - siinä ens vuoen ennuste . 
east	Katto vuotaa , pyykkikone särkyy , virtsatietulehus isköö ja nenäliina kastuu - jospa seoroova vues oes vähä aarinkoesempi . 	Katto vuotaa , pyykkikone särkyy , virtsatietulehus isköö ja nenäliina kastuu - jospa seoroova vues oes vähä aarinkoesempi . 
east	Talavi tekköö sinusta ihan tönkön , joten koetappa vähä vilikastua . 	Talavi tekköö sinusta ihan tönkön , joten koetappa vähä vilikastua . 
east	Herätät kyllä mielenkiintoo muissa ja ihhailijat virittelövät kilivan sinulle verkkojaan . 	Herätät kyllä mielenkiintoo muissa ja ihhailijat virittelövät kilivan sinulle verkkojaan . 
east	Erityisen hyvin sinulla synkkoo kukon kanssa , jonkinlaene yhteenliittymä on mahollinen ens vuonnakii	Erityisen hyvin sinulla synkkoo kukon kanssa , jonkinlaene yhteenliittymä on mahollinen ens vuonnakii
west	Oletko noin tyhmä vai ei sunkka etkö tajua muuten tätä mut sem pare vaa kumminki rovaniemen tarinaa ? 	Oletko noin tyhmä vai ei sunkka etkö tajua muuten tätä mut sem pare vaa kumminki rovaniemen tarinaa ? 
west	Kui olet nimpal mukavast ylipäätään täsä ny tääl totanoi palstal , mut kumminki jos et ossaa tai muuten viitsi opetel suamea kui mun nysse tarttis sano puhumaan . 	Kui olet nimpal mukavast ylipäätään täsä ny tääl totanoi palstal , mut kumminki jos et ossaa tai muuten viitsi opetel suamea kui mun nysse tarttis sano puhumaan . 
west	Kaikki kyl mar sit vaan täsä ny nauraa täsä ny täsä ny sul eikä ei mar kui vaa sun nimpal mukavast jutuil . 	Kaikki kyl mar sit vaan täsä ny nauraa täsä ny täsä ny sul eikä ei mar kui vaa sun nimpal mukavast jutuil . 
west	Se nimpal nimpal mukavast mukavast o tot täsä ny totine paikka maar kui mun nysse tarttis sano jos kui vaa alat kui mun nysse tarttis sano viisastelemaan paikallisten ihmisten kustannuksel . 	Se nimpal nimpal mukavast mukavast o tot täsä ny totine paikka maar kui mun nysse tarttis sano jos kui vaa alat kui mun nysse tarttis sano viisastelemaan paikallisten ihmisten kustannuksel . 
west	Se loukkaa ihmissi paljon ja täsä ny tekee sunst tyhmän . 	Se loukkaa ihmissi paljon ja täsä ny tekee sunst tyhmän . 
west	Opettele vaan kunnon suamea puhumaan ja etenki kirjoittamaan . 	Opettele vaan kunnon suamea puhumaan ja etenki kirjoittamaan . 
west	Rovaniemest o sijaintinsa ei mar ansiost luantevasti kasvanut Lapin pääkaupunki , jol o oma rytminsä ; sopivan rauhoittava , mut silti sykähryttävä - Totanoi lapin sykkivä syrän . 	Rovaniemest o sijaintinsa ei mar ansiost luantevasti kasvanut Lapin pääkaupunki , jol o oma rytminsä ; sopivan rauhoittava , mut silti sykähryttävä - Totanoi lapin sykkivä syrän . 
west	Kui mun nysse tarttis sano tääl o mahrollisuus nauttia tiätty kahreksast uskomattoman erilaisest ja kauniist vuarenajast . 	Kui mun nysse tarttis sano tääl o mahrollisuus nauttia tiätty kahreksast uskomattoman erilaisest ja kauniist vuarenajast . 
west	Luannost voi parhaimmilas saara voimaa ja inspiraatiota . 	Luannost voi parhaimmilas saara voimaa ja inspiraatiota . 
west	Rovaniemeläisyys o virkeää kaupunkilaisuut ja positiivist lappilaisuut . 	Rovaniemeläisyys o virkeää kaupunkilaisuut ja positiivist lappilaisuut . 
west	Kaupunkikeskustaa ympäröi laaja elinvoimaine maaseutu lukuisine kylineen . 	Kaupunkikeskustaa ympäröi laaja elinvoimaine maaseutu lukuisine kylineen . 
west	Tää maaseutumaisuus o Rovaniemel leimalline ja myäs hyvin luannolline piirre . 	Tää maaseutumaisuus o Rovaniemel leimalline ja myäs hyvin luannolline piirre . 
west	Metsät , suat , niityt , pellot , joet ja kui mun nysse tarttis sano pienet järvet ei sunkka muarostavat kuvan Lapist ja Rovaniemest , jonka ilme elää vuarenaikoitten kierros ain uurenlaist tunnelmaa luaren .	Metsät , suat , niityt , pellot , joet ja kui mun nysse tarttis sano pienet järvet ei sunkka muarostavat kuvan Lapist ja Rovaniemest , jonka ilme elää vuarenaikoitten kierros ain uurenlaist tunnelmaa luaren .
west	Joo , määkin täällä ihan 🐖 na hysterootten , oon riskiryhmäläänen ja vanaha ku🎇 enkä tierä koska tästä läävästä uskaltaas lähtiä 🍾kauppahan tahi ravintolahan ottamahan 🍷🍸 pari-kuus . 	Joo , määkin täällä ihan 🐖 na hysterootten , oon riskiryhmäläänen ja vanaha ku🎇 enkä tierä koska tästä läävästä uskaltaas lähtiä 🍾kauppahan tahi ravintolahan ottamahan 🍷🍸 pari-kuus . 
east	Nyt tiällä ainassii nuo puhelinasentajat uskovat johatukssiin , ku keräilevät linjoja.	Nyt tiällä ainassii nuo puhelinasentajat uskovat johatukssiin , ku keräilevät linjoja.
east	Kävi nuit johattelijoita yks päivä ovell , Jehova totistajjii . 	Kävi nuit johattelijoita yks päivä ovell , Jehova totistajjii . 
west	halusi yhtä kova kuin oli isälläs ja äiteelläs ennenvanhaan ku persettäs pyyhkivät =)	halusi yhtä kova kuin oli isälläs ja äiteelläs ennenvanhaan ku persettäs pyyhkivät =)
east	Oikeesti en oo ikinä kahtonu yhtään jaksoo enkä tiijjä sarjasta mittään , halusin lähinnä kai kertoo että ei oo ihmisten toimintaa kommentoijja netissä jottain paskaa sarjaa . 	Oikeesti en oo ikinä kahtonu yhtään jaksoo enkä tiijjä sarjasta mittään , halusin lähinnä kai kertoo että ei oo ihmisten toimintaa kommentoijja netissä jottain paskaa sarjaa . 
east	Tai kyllähän ihmiset toisaalta tekköö kaikkee muutaki päätöntä . 	Tai kyllähän ihmiset toisaalta tekköö kaikkee muutaki päätöntä . 
east	Ois kiva tietää minkä takia ihmiset kahtoo tämmösiä sarjoja .	Ois kiva tietää minkä takia ihmiset kahtoo tämmösiä sarjoja .
north	ohjelmia ei muuten muista / kerkiä sen melskeen keskellä kattua .	ohjelmia ei muuten muista / kerkiä sen melskeen keskellä kattua .
west	Ain ole unelmoinu tanssamisest Havaijill hula-hula hame päällän ja lei kaulassan sinise mere rannal , ukulele soitantto kuulustelemas . 	Ain ole unelmoinu tanssamisest Havaijill hula-hula hame päällän ja lei kaulassan sinise mere rannal , ukulele soitantto kuulustelemas . 
west	Ikän en ol sinn päässy ja kamraatt naura mull ehtosi,ko sano usse ett jossan näkisi edes unt siit Havaijist . 	Ikän en ol sinn päässy ja kamraatt naura mull ehtosi,ko sano usse ett jossan näkisi edes unt siit Havaijist . 
west	Mull ol mukulan semne ihmeline kyky,ko näi jotta unt ,nii sai joteski ihan ko seuraavan yän siihe palatuks,ett se jatkus vaa niinko paraski jännäri . 	Mull ol mukulan semne ihmeline kyky,ko näi jotta unt ,nii sai joteski ihan ko seuraavan yän siihe palatuks,ett se jatkus vaa niinko paraski jännäri . 
west	Se kyky on kyll johonkkis hävinny,eik ol enä sinn sinise merenkä rannoill niin kova hinkku . 	Se kyky on kyll johonkkis hävinny,eik ol enä sinn sinise merenkä rannoill niin kova hinkku . 
west	Se verra ole niit nähny , ettän olen tull siihe tuloksehe , etei ne ol paikanpääll semmossi , ko kuvist luulis . 	Se verra ole niit nähny , ettän olen tull siihe tuloksehe , etei ne ol paikanpääll semmossi , ko kuvist luulis . 
west	Nii o vesiki sualast,ko siält nouse,et silmripsistäkki vaa sualankokkarei varise ja mont muut asia näke ny eri tavall.	Nii o vesiki sualast,ko siält nouse,et silmripsistäkki vaa sualankokkarei varise ja mont muut asia näke ny eri tavall.
north	Sie et vain tiijä , että meän puikula se ei viihy lantalaisen pellosa . 	Sie et vain tiijä , että meän puikula se ei viihy lantalaisen pellosa . 
north	Meän puikula on kovasti jauhonen ja ranttu pottu ja se pruukhaa kasua meilä täälä lapisa meleko erilaisisa olosuhteisa . 	Meän puikula on kovasti jauhonen ja ranttu pottu ja se pruukhaa kasua meilä täälä lapisa meleko erilaisisa olosuhteisa . 
north	Meän pottu on meleko kovvaa täälä kasvatettuna , toki vaikia siltikin keittää ehejänä , mutta se vain onnistuu ko met laitamma kattilhaan vettä vain sen verta , että pottu peittyvä ja suolathan karkialla merisuolala . 	Meän pottu on meleko kovvaa täälä kasvatettuna , toki vaikia siltikin keittää ehejänä , mutta se vain onnistuu ko met laitamma kattilhaan vettä vain sen verta , että pottu peittyvä ja suolathan karkialla merisuolala . 
north	Paamma joukhon tilliä , jos sattuu olehmaan . 	Paamma joukhon tilliä , jos sattuu olehmaan . 
north	Keitämmä varoen hiljasela tulela , pottu ei tykkää kovasta porheilusta . 	Keitämmä varoen hiljasela tulela , pottu ei tykkää kovasta porheilusta . 
north	Emmä mekhän yritä saaja kasoamaan täälä mithän eteläsä viihtyvää kasvia , älä siekhän meän pottua sielä eteläsä . 	Emmä mekhän yritä saaja kasoamaan täälä mithän eteläsä viihtyvää kasvia , älä siekhän meän pottua sielä eteläsä . 
north	Muusiksihan se mennee väkistenki , vaikkakhi hyvän makkuiseksi . 	Muusiksihan se mennee väkistenki , vaikkakhi hyvän makkuiseksi . 
north	Lapin puikula on meän lappilaisten ommaa pottua ja sillä hyvä .	Lapin puikula on meän lappilaisten ommaa pottua ja sillä hyvä .
north	mitä vappuna , hienoa että on uusia juttuja ajattelin , no eikö vain tule palojärvehen . 	mitä vappuna , hienoa että on uusia juttuja ajattelin , no eikö vain tule palojärvehen . 
north	mie tulen kans jos kerrot yhenkin pätevän syyn ja mithän " koko " juttuja on turha kertoa .	mie tulen kans jos kerrot yhenkin pätevän syyn ja mithän " koko " juttuja on turha kertoa .
north	Sinä pentu et tiiä talvisovasta mittään kuhan uhuat .	Sinä pentu et tiiä talvisovasta mittään kuhan uhuat .
east	Mitä työ värkkäätte niien maksavien kanssa ku ovat vielä kovasti häiriöherkkiä ? 	Mitä työ värkkäätte niien maksavien kanssa ku ovat vielä kovasti häiriöherkkiä ? 
west	sää ollengas olet ? 	sää ollengas olet ? 
west	Mää olin reippaasti yli 40 , kun päätin et rupeen vakiintuun ...	Mää olin reippaasti yli 40 , kun päätin et rupeen vakiintuun ...
west	ja kyä on mulla pinttynyttä tapaa eikä ihavvähä , ja niin on ollu vastapuolillakin ja on nykki ...	ja kyä on mulla pinttynyttä tapaa eikä ihavvähä , ja niin on ollu vastapuolillakin ja on nykki ...
west	Täytyy kyllä sanoa , notta tuo kiroolu , se on kyllä taitolaji . 	Täytyy kyllä sanoa , notta tuo kiroolu , se on kyllä taitolaji . 
west	Toisille se istuu kuin nuttu akalle ja toisille ei sitten millää . 	Toisille se istuu kuin nuttu akalle ja toisille ei sitten millää . 
west	Meikäläänen taitaa olla niitä jälkimmääsiä . 	Meikäläänen taitaa olla niitä jälkimmääsiä . 
west	Se taittaa olla paljolta noista perintötekijööstä kiinni , tai kasvatuksesta kuten se hianommin sanotaan . 	Se taittaa olla paljolta noista perintötekijööstä kiinni , tai kasvatuksesta kuten se hianommin sanotaan . 
west	Eittämättä tällänen tuli tuossaa aattopäivänä mieleen pariinkin otteeseen . 	Eittämättä tällänen tuli tuossaa aattopäivänä mieleen pariinkin otteeseen . 
west	Aamusta , kun piti saunaa alaata lämmittämähän , niin huomasin että tulitikut rupiaa olemaan kaikki ja niitä pitää nyt ryhtyä hommaamaan . 	Aamusta , kun piti saunaa alaata lämmittämähän , niin huomasin että tulitikut rupiaa olemaan kaikki ja niitä pitää nyt ryhtyä hommaamaan . 
west	Ei se auttanut , kun hypätä pyärän selkähän ja mennä kaupoolle . 	Ei se auttanut , kun hypätä pyärän selkähän ja mennä kaupoolle . 
west	No , siinä kun puntin tikkuja sain , niin myyjä kysymähän , että " pannahanko pakettiin " . 	No , siinä kun puntin tikkuja sain , niin myyjä kysymähän , että " pannahanko pakettiin " . 
west	Siinä mun sieppas toisen kerran , mutta sanoon vaan notta ei . 	Siinä mun sieppas toisen kerran , mutta sanoon vaan notta ei . 
west	Takaasin kun pääsi , niin muisti samalla , että puusuksetkin pitää tervata , se kun kuuluu meikälääsen jouluperinteeseen . 	Takaasin kun pääsi , niin muisti samalla , että puusuksetkin pitää tervata , se kun kuuluu meikälääsen jouluperinteeseen . 
west	Vaikka en jolukirkkohon menekään . 	Vaikka en jolukirkkohon menekään . 
west	Jouluevenkeliumina ruukaan aina lukia Leniniä . 	Jouluevenkeliumina ruukaan aina lukia Leniniä . 
west	OTE TALVIPÄIVÄKIRJAST Marraskuu 20. klo 17.00 Lunt satta . 	OTE TALVIPÄIVÄKIRJAST Marraskuu 20. klo 17.00 Lunt satta . 
west	Lumi o sit kaunist . 	Lumi o sit kaunist . 
west	Luanto tule kauni valkoseks ja miel piristy , ku ei ol enä niin pimmiä . 	Luanto tule kauni valkoseks ja miel piristy , ku ei ol enä niin pimmiä . 
west	Mää tei vaimol ja itellen kuuma rommitoti ja mee istutti ikkuna ääre kattoma hiutaleitte leijumist maaha . 	Mää tei vaimol ja itellen kuuma rommitoti ja mee istutti ikkuna ääre kattoma hiutaleitte leijumist maaha . 
west	Tosi kaunist . 	Tosi kaunist . 
west	Mää heräsi ja kattosi akkunast ulos . 	Mää heräsi ja kattosi akkunast ulos . 
west	Koko maisemam peitti uusi puhtavalkone lumi . 	Koko maisemam peitti uusi puhtavalkone lumi . 
west	Hiano näky . 	Hiano näky . 
west	Jokasella puul ja penssal o valkone kaapu . 	Jokasella puul ja penssal o valkone kaapu . 
west	Mää tei talven lumityä ja nauti joka kolallisesta . 	Mää tei talven lumityä ja nauti joka kolallisesta . 
west	Mää kolasi sekä piha et jalkkäytävä . 	Mää kolasi sekä piha et jalkkäytävä . 
west	Myähemmi päiväl teknise virasto aura auras tiä ja tyäns lume porti ette . 	Myähemmi päiväl teknise virasto aura auras tiä ja tyäns lume porti ette . 
west	Kuljettaja naureskel mul ja vilkutti . 	Kuljettaja naureskel mul ja vilkutti . 
west	Määki vilkuti hänel ja kolasi porti erusta taas auk. 	Määki vilkuti hänel ja kolasi porti erusta taas auk. 
west	Viime yän sato vaja 15 sentti lunt ja pakkast o pari astet . 	Viime yän sato vaja 15 sentti lunt ja pakkast o pari astet . 
west	Pihakoivuist katkes muutama oksa lumem painost . 	Pihakoivuist katkes muutama oksa lumem painost . 
west	Mää tei lumityä ja taas ku mää sai tyäv valmiks , tul aura-auto . 	Mää tei lumityä ja taas ku mää sai tyäv valmiks , tul aura-auto . 
west	Lumi ol täl kertta ruskanharmat . 	Lumi ol täl kertta ruskanharmat . 
west	Marraskuu 23. Sää lauhtus , lumi suli sohjoks , ja se jäätys liukkaks , ku pakkane taas laski . 	Marraskuu 23. Sää lauhtus , lumi suli sohjoks , ja se jäätys liukkaks , ku pakkane taas laski . 
west	Kaatusin perssellen jalkkäytäväl. 	Kaatusin perssellen jalkkäytäväl. 
west	22 euro poliklinikkamaksu , mut onneks mittä ei ollu poikki . 	22 euro poliklinikkamaksu , mut onneks mittä ei ollu poikki . 
west	Sääennustus lupas lissä lunt . 	Sääennustus lupas lissä lunt . 
west	Mää myi vaimo auto ja osti maasturi , et hää päässe töihi . 	Mää myi vaimo auto ja osti maasturi , et hää päässe töihi . 
west	Auto liukus kuitenki päi kairet ja oikkia etukulma men aika pahaste kassa . 	Auto liukus kuitenki päi kairet ja oikkia etukulma men aika pahaste kassa . 
west	Viime yän sato reilu 15 sentti lunta . 	Viime yän sato reilu 15 sentti lunta . 
west	Molemma auto ova iha sualas ja kuras . 	Molemma auto ova iha sualas ja kuras . 
west	Tiaros lumitöit tänämpä . 	Tiaros lumitöit tänämpä . 
west	Se perkele aura ajo meijä ohitte kaks kertta . 	Se perkele aura ajo meijä ohitte kaks kertta . 
west	10 astet pakkast . 	10 astet pakkast . 
west	Lissä tota perhana lunt . 	Lissä tota perhana lunt . 
west	Pihal ei ol yhtä puut tai pensast , mikä ei olsis vahinkoittunu . 	Pihal ei ol yhtä puut tai pensast , mikä ei olsis vahinkoittunu . 
west	Sähkö ol poikki melkke koko yä . 	Sähkö ol poikki melkke koko yä . 
west	Mää yriti pittä talo lämpimänä kynttilöil ja pensalämmittimel , joka kylläki roiskas hiuka yli , syttys tule ja ol poltta koko talo . 	Mää yriti pittä talo lämpimänä kynttilöil ja pensalämmittimel , joka kylläki roiskas hiuka yli , syttys tule ja ol poltta koko talo . 
west	Mää sai onneks maol tukahrutettu liäki , mut mää sai toise aste palovammoi kässisän ja silmäripse ja kulmakarva palova . 	Mää sai onneks maol tukahrutettu liäki , mut mää sai toise aste palovammoi kässisän ja silmäripse ja kulmakarva palova . 
west	Auto karkas käsist matkal poliklinikal ja hajosi lunastuskuntto . 	Auto karkas käsist matkal poliklinikal ja hajosi lunastuskuntto . 
west	Tota vitunperkele valkost paska tule koko aja . 	Tota vitunperkele valkost paska tule koko aja . 
west	Kaik perkele vaatte pitäsis olla pääl , jos halu käyrä postlaatikol . 	Kaik perkele vaatte pitäsis olla pääl , jos halu käyrä postlaatikol . 
west	Jos mää saa kässisän sen saatanan kusipää , mikä aja tota aura-auto , niin mää revi silt syräme rinnast . 	Jos mää saa kässisän sen saatanan kusipää , mikä aja tota aura-auto , niin mää revi silt syräme rinnast . 
west	Se o varma kulmantaka kytikses ja orotta , ku mää saa jalkkäytävä puhtaks ! 	Se o varma kulmantaka kytikses ja orotta , ku mää saa jalkkäytävä puhtaks ! 
west	Sähkö ova viäl pois . 	Sähkö ova viäl pois . 
west	Vesijohto jäätys ja näyttä silt , ettei katto kest lume paino . 	Vesijohto jäätys ja näyttä silt , ettei katto kest lume paino . 
west	Saatana , 12 perkelee sentti uut vitu lunt ja vitu ränttä ja vitu jäät , ja herra yksin tiätt ä , mitä paska sitä taivast viime yän tul. 	Saatana , 12 perkelee sentti uut vitu lunt ja vitu ränttä ja vitu jäät , ja herra yksin tiätt ä , mitä paska sitä taivast viime yän tul. 
west	Mää yriti ossu aura-auto kuljettaja jäähakul , mut see pääs pakko . 	Mää yriti ossu aura-auto kuljettaja jäähakul , mut see pääs pakko . 
west	Vaimo jätti mun . 	Vaimo jätti mun . 
west	Tepsi o liigas vikan . 	Tepsi o liigas vikan . 
west	Auto ei lähre kyntti . 	Auto ei lähre kyntti . 
west	Mää luule , et muust o tulos lumisokkia . 	Mää luule , et muust o tulos lumisokkia . 
west	En pysty liikuttama varppaitan . 	En pysty liikuttama varppaitan . 
west	En ol nähny aurinkko montte viikko . 	En ol nähny aurinkko montte viikko . 
west	Ennusteis luvata lissä lunt . 	Ennusteis luvata lissä lunt . 
west	Viima tekke ilma purevaks . 	Viima tekke ilma purevaks . 
west	Perkele , mää muuta Espanjaa . 	Perkele , mää muuta Espanjaa . 
west	Vitutta nii perkeleste ! 	Vitutta nii perkeleste ! 
west	Saatana lumi ja koko talvi	Saatana lumi ja koko talvi
west	outo ko tommosen ehrotuksen kansa tuut niettei saa kirjakiälelä mittää kirjottaa . 	outo ko tommosen ehrotuksen kansa tuut niettei saa kirjakiälelä mittää kirjottaa . 
west	Luuleksää et joku oikeen tosisansa viittii lukkee sit mitä tänne ihmise pränttää , tai paremminki sannoin ruveta arvaamaan mitä määkin tarkotan .	Luuleksää et joku oikeen tosisansa viittii lukkee sit mitä tänne ihmise pränttää , tai paremminki sannoin ruveta arvaamaan mitä määkin tarkotan .
west	Lunt Satta ! 	Lunt Satta ! 
west	--Viikko turkulaise päiväkirjast lunt rakastavil--	--Viikko turkulaise päiväkirjast lunt rakastavil--
west	Lunt satta ! 	Lunt satta ! 
west	Lumi o sit kaunist ! 	Lumi o sit kaunist ! 
west	Luanto tule kaunim valkkoseks ja miäli piristy , ku ei ol enä nimpal pimmiä . 	Luanto tule kaunim valkkoseks ja miäli piristy , ku ei ol enä nimpal pimmiä . 
west	Mää tei vaimol ja itellen kuuma rommitoti ja mee istutti ikkuna äären kattoma hiutaleitte leijumist maaha . 	Mää tei vaimol ja itellen kuuma rommitoti ja mee istutti ikkuna äären kattoma hiutaleitte leijumist maaha . 
west	Tosi kaunist . 	Tosi kaunist . 
west	Mää heräsi ja kattosi akkunast pihal . 	Mää heräsi ja kattosi akkunast pihal . 
west	oko maisemam peitti uus puhtavalkone lumi . 	oko maisemam peitti uus puhtavalkone lumi . 
west	Hiano näky ! 	Hiano näky ! 
west	Jokasel puul ja penssal o valkone kaapu . 	Jokasel puul ja penssal o valkone kaapu . 
west	Mää tei talven lumityä ja nauti joka kolallisest .	Mää tei talven lumityä ja nauti joka kolallisest .
west	Mää kolasi sekä piha et jalkakäytävä . 	Mää kolasi sekä piha et jalkakäytävä . 
west	Myähemmi päiväl teknise virasto aura auras tiä ja tyäns lume porti ette . 	Myähemmi päiväl teknise virasto aura auras tiä ja tyäns lume porti ette . 
west	Kuljettaja naureskel mul ja vilkutti . 	Kuljettaja naureskel mul ja vilkutti . 
west	Määki vilkuti hänel ja kolasi porti erusta taas auki . 	Määki vilkuti hänel ja kolasi porti erusta taas auki . 
west	Viime yän sato vaja 15 sentti lunt ja pakkast o pari astet . 	Viime yän sato vaja 15 sentti lunt ja pakkast o pari astet . 
west	Pihakoivuist katkes muutama oksa lumem painost . 	Pihakoivuist katkes muutama oksa lumem painost . 
west	Mää tei lumityä ja taas ku mää sai tyäv valmiks , tul aura-auto . 	Mää tei lumityä ja taas ku mää sai tyäv valmiks , tul aura-auto . 
west	Lumi ol täl kertta ruskian harmaat . 	Lumi ol täl kertta ruskian harmaat . 
west	Sää lauhtus , lumi suli sohjoks , ja se jäätys liukkaks , ku pakkane taas kiristys . 	Sää lauhtus , lumi suli sohjoks , ja se jäätys liukkaks , ku pakkane taas kiristys . 
west	Kaatusin perssellen jalkakäytäväl. 	Kaatusin perssellen jalkakäytäväl. 
west	22euron poliklinikkamaksu , mut onneks mittä ei ollu poikki . 	22euron poliklinikkamaksu , mut onneks mittä ei ollu poikki . 
west	Sääennustus lupas lissä lunt . 	Sääennustus lupas lissä lunt . 
west	Viäläki nii kauhja kylm. 	Viäläki nii kauhja kylm. 
west	Mää myi vaimo auto ja osti maasturi , et hää päässe töihi . 	Mää myi vaimo auto ja osti maasturi , et hää päässe töihi . 
west	Auto liukus kuitenki päi kairet ja oikkia etukulma meni aika pahaste kassa . 	Auto liukus kuitenki päi kairet ja oikkia etukulma meni aika pahaste kassa . 
west	Viime yän sato reilu 15 sentti lunta . 	Viime yän sato reilu 15 sentti lunta . 
west	Molemma auto ova iha sualas ja kuras . 	Molemma auto ova iha sualas ja kuras . 
west	Tiaros ol lumitöit tänäpä . 	Tiaros ol lumitöit tänäpä . 
west	Se perkele aura ajo meiä ohitte kaks kertta . 	Se perkele aura ajo meiä ohitte kaks kertta . 
west	10 astet pakkast . 	10 astet pakkast . 
west	Lissä tota perhana lunt . 	Lissä tota perhana lunt . 
west	Pihal ei ol yhtäm puuta tai pensast , mikä ei olsis vahinkoittunu . 	Pihal ei ol yhtäm puuta tai pensast , mikä ei olsis vahinkoittunu . 
west	Sähkö oliva poikki melkke koko yä . 	Sähkö oliva poikki melkke koko yä . 
west	Mää yriti pittä talo lämpimänä kynttilöil ja pensalämmittimel , joka kylläki roiskas hiuka yli , syttys tule ja oli poltta koko talo . 	Mää yriti pittä talo lämpimänä kynttilöil ja pensalämmittimel , joka kylläki roiskas hiuka yli , syttys tule ja oli poltta koko talo . 
west	Mää sai onneks matol tukahrutettu liäki , mut mää sai toise aste palovammoi kässi ja silmäripse ja kulmakarva palova . 	Mää sai onneks matol tukahrutettu liäki , mut mää sai toise aste palovammoi kässi ja silmäripse ja kulmakarva palova . 
west	Auto karkas käsist matkal poliklinikal ja hajos lunastuskuntto . 	Auto karkas käsist matkal poliklinikal ja hajos lunastuskuntto . 
west	Tota vitunperkele valkost paska tule koko aja . 	Tota vitunperkele valkost paska tule koko aja . 
west	Kaik perkele vaatte pitäsis olla pääl , jos halu käyrä postilaatikol . 	Kaik perkele vaatte pitäsis olla pääl , jos halu käyrä postilaatikol . 
west	Jos mää saa kässi sen saatanan kusipää , mikä aja tota aura-auto , niin mää revi silt syräme rinnast ! 	Jos mää saa kässi sen saatanan kusipää , mikä aja tota aura-auto , niin mää revi silt syräme rinnast ! 
west	Se o ain varma kulman taka kytikses ja orotta , ku mää saa jalkakäytävä puhtaks ! 	Se o ain varma kulman taka kytikses ja orotta , ku mää saa jalkakäytävä puhtaks ! 
west	Sähkö ova viälki poikki . 	Sähkö ova viälki poikki . 
west	Vesijohro jäätys ja näyttäsis silt , ettei katto kestä tol lume paino . 	Vesijohro jäätys ja näyttäsis silt , ettei katto kestä tol lume paino . 
west	Saatana , 12 perkelee sentti uutta vitu lunt ja vitu ränttä ja vitu jäät , ja herra yksinäs tiättä mitä paska sitä taivast viime yän tuli . 	Saatana , 12 perkelee sentti uutta vitu lunt ja vitu ränttä ja vitu jäät , ja herra yksinäs tiättä mitä paska sitä taivast viime yän tuli . 
west	Mää yriti ossu aura-auton kuljettaja jäähakul , mut see pääs pakko . 	Mää yriti ossu aura-auton kuljettaja jäähakul , mut see pääs pakko . 
west	Vaimo jät mun . 	Vaimo jät mun . 
west	Auto ei lähre käyntti . 	Auto ei lähre käyntti . 
west	Mää luule , et must on tulos lumisokkia . 	Mää luule , et must on tulos lumisokkia . 
west	Mää em pysty liikuttama varppaitan . 	Mää em pysty liikuttama varppaitan . 
west	En ol nähny aurinkko montte viikko . 	En ol nähny aurinkko montte viikko . 
west	Ennusteis luvata lissä lunt . 	Ennusteis luvata lissä lunt . 
west	Viima tekke ilma purevaks . 	Viima tekke ilma purevaks . 
west	Perkele , mää muuta Espanja . 	Perkele , mää muuta Espanja . 
west	Vitutta nii perkeleste ! 	Vitutta nii perkeleste ! 
west	Saatana lumi ja koko talv. 	Saatana lumi ja koko talv. 
north	Ei haukkuva koira ylheensä pure.	Ei haukkuva koira ylheensä pure.
north	Ja onhan se hyvä ko teiläki on aihetta käsitellä Suomi24 palstalla.	Ja onhan se hyvä ko teiläki on aihetta käsitellä Suomi24 palstalla.
east	voi teittiä , sano isä meittiä .	voi teittiä , sano isä meittiä .
east	Kaaheeta ku nuin kateellisia ootte toinen toista sättiessä . 	Kaaheeta ku nuin kateellisia ootte toinen toista sättiessä . 
east	Pikku piirit toki pikku kylällä , että ymmärtäähän se pittee . 	Pikku piirit toki pikku kylällä , että ymmärtäähän se pittee . 
east	Ootte te kuitennii tosi säälittäviä pikku paskoja !	Ootte te kuitennii tosi säälittäviä pikku paskoja !
west	Aamuun asti pitääs päriätä omillaan , kyllä meittiä ny koetellaan .	Aamuun asti pitääs päriätä omillaan , kyllä meittiä ny koetellaan .
west	Tai ihan vaan kerrot , että siä oli kyä miljuunan edestä tiatoo . 	Tai ihan vaan kerrot , että siä oli kyä miljuunan edestä tiatoo . 
west	polkpyär isänt kopeloit piippus framil , virit siihe valu ja rupes paohama : se om balomäe anselm homman ittelles semse saastase rustingin gon bolkpyär , ja opettan ittiäs ajama sil. 	polkpyär isänt kopeloit piippus framil , virit siihe valu ja rupes paohama : se om balomäe anselm homman ittelles semse saastase rustingin gon bolkpyär , ja opettan ittiäs ajama sil. 
west	ja ny hänem bääs o niin däyn mollei ja klupui , et ko stää pitele ni se o just jämpt niingon berunsäk olis sormette al ! 	ja ny hänem bääs o niin däyn mollei ja klupui , et ko stää pitele ni se o just jämpt niingon berunsäk olis sormette al ! 
west	nii oikke ! 	nii oikke ! 
west	kyl se o luannolai vastast ja jumala härnämist kon gahde peräsi olevam byäräm bääl yritetäm bystös pyssy !	kyl se o luannolai vastast ja jumala härnämist kon gahde peräsi olevam byäräm bääl yritetäm bystös pyssy !
east	Minä en kerrää mittään . 	Minä en kerrää mittään . 
east	Laetan poes turhakkeet . 	Laetan poes turhakkeet . 
east	Äet opetti neulomiset , siin hää ol taetava . 	Äet opetti neulomiset , siin hää ol taetava . 
east	Minä voen vaen ihmetellä kuin maalimasa ulukomaan eläväeset oppivaten teie murret . 	Minä voen vaen ihmetellä kuin maalimasa ulukomaan eläväeset oppivaten teie murret . 
west	Pattis alkaa olla jo liian turvallinen . 	Pattis alkaa olla jo liian turvallinen . 
west	Voi niitä vanhoja aikoja , kun oli menoa ja meininkiä , ei nää nuoreet niistä mithän tierä .	Voi niitä vanhoja aikoja , kun oli menoa ja meininkiä , ei nää nuoreet niistä mithän tierä .
east	päivä joulun ja uutenvuoten pyhienkin välilöissä olin " töissä " , mitään en teheny ku ei pomot antanna hommia mutta täytet tunnit aiko maksaa . 	päivä joulun ja uutenvuoten pyhienkin välilöissä olin " töissä " , mitään en teheny ku ei pomot antanna hommia mutta täytet tunnit aiko maksaa . 
north	Mitä , ovatkos Jeppaset suunnittelemassa EP:tä uuvestaan valtaan eli sennaattoriksi ? 	Mitä , ovatkos Jeppaset suunnittelemassa EP:tä uuvestaan valtaan eli sennaattoriksi ? 
north	Tietääkö Tietäjä-Jussi , tuo ABC-neuvoston rivijäsen , asiasta mittään ?	Tietääkö Tietäjä-Jussi , tuo ABC-neuvoston rivijäsen , asiasta mittään ?
east	uuvelt Johtajalt Suomihan on " itsenäinen " maa mitä myö Virost välitettää . 	uuvelt Johtajalt Suomihan on " itsenäinen " maa mitä myö Virost välitettää . 
east	Ne on semmosii " jukuripäitä " ko männiit siirtelemmää omi päinee patsaitakii .	Ne on semmosii " jukuripäitä " ko männiit siirtelemmää omi päinee patsaitakii .
west	Kirjootusketjun aloottajan kaas täysin samaa miältä ! 	Kirjootusketjun aloottajan kaas täysin samaa miältä ! 
west	Oon tuata vastustus rulettia seurannu suurella ihmellä ja todennu että olis ollu jo monta kertaa piänen " ajelun paikka " . 	Oon tuata vastustus rulettia seurannu suurella ihmellä ja todennu että olis ollu jo monta kertaa piänen " ajelun paikka " . 
west	Lahti vois olla niille ihan sopiva osoote ( sopivan kaukana ) , sinne kun on jo valmiiksi muuttanu kaikki helsingin ala-kasti , niin tulis siihen valittamisehenki sitte jotaki tarkootusta :)	Lahti vois olla niille ihan sopiva osoote ( sopivan kaukana ) , sinne kun on jo valmiiksi muuttanu kaikki helsingin ala-kasti , niin tulis siihen valittamisehenki sitte jotaki tarkootusta :)
east	Kyl tää daami tietää , ett hää nyt onkii miunlaisen aarteen tavannu . 	Kyl tää daami tietää , ett hää nyt onkii miunlaisen aarteen tavannu . 
east	Oon tän ihmisen kanss selvinpäin tanssinu , jutellu . 	Oon tän ihmisen kanss selvinpäin tanssinu , jutellu . 
east	Hää halus olla miun seurass , ja se daami on kehunu miuta . 	Hää halus olla miun seurass , ja se daami on kehunu miuta . 
east	Ei miul oo tosiaanka mitää hävittävää , jos soitan . 	Ei miul oo tosiaanka mitää hävittävää , jos soitan . 
east	Enemmänki mie häntä piän turhamaisen , ko hää ei miule soita . 	Enemmänki mie häntä piän turhamaisen , ko hää ei miule soita . 
east	Sellasii työ simpseet riidut ootta . 	Sellasii työ simpseet riidut ootta . 
east	mie oon jo itteni alttiiksi pistänt . 	mie oon jo itteni alttiiksi pistänt . 
east	meehä sie realistinainen ittees . 	meehä sie realistinainen ittees . 
east	ka millon oot mieheenpäin tehnyt alotteen ?	ka millon oot mieheenpäin tehnyt alotteen ?
west	Juu , mää luuli ett se juttu oli tulppan muitte kirjotuksil . 	Juu , mää luuli ett se juttu oli tulppan muitte kirjotuksil . 
west	Se kun poikkes aihelttas iha kokonas muitte jutuist . 	Se kun poikkes aihelttas iha kokonas muitte jutuist . 
west	No mää laitan tähä yhre vanhan jutun , jonk mää kirjoitin Katleena nimisen . 	No mää laitan tähä yhre vanhan jutun , jonk mää kirjoitin Katleena nimisen . 
west	Sillo mää kirjottelinki aika paljo . 	Sillo mää kirjottelinki aika paljo . 
west	Nyy on tuntunu , ett kaikk on jo sanottu ett tartte vissi uurestas pyörittää entissi iha ku Tv:ki tekee nykyäs . 	Nyy on tuntunu , ett kaikk on jo sanottu ett tartte vissi uurestas pyörittää entissi iha ku Tv:ki tekee nykyäs . 
west	Meil ol oikke simmone puumi toi sukeltelemine ja vetten hyppäämine sillo nuoren . 	Meil ol oikke simmone puumi toi sukeltelemine ja vetten hyppäämine sillo nuoren . 
west	Oikke kilppailtti kuka korkkiammalt hyppää . 	Oikke kilppailtti kuka korkkiammalt hyppää . 
west	Oliki yhress lossirannas simmone korkkia kallio , miss voitti hypellä . 	Oliki yhress lossirannas simmone korkkia kallio , miss voitti hypellä . 
west	Se näes ol äkkijyrkkä ja vesi oli kauhian syvä siin kohta . 	Se näes ol äkkijyrkkä ja vesi oli kauhian syvä siin kohta . 
west	Oli se kauhia katto ku kaks naapurikunnast tullut poikka hyppäs sielt kaikkei korkemmast kohta . 	Oli se kauhia katto ku kaks naapurikunnast tullut poikka hyppäs sielt kaikkei korkemmast kohta . 
west	Ne halus tietty meil flikoil näyttää rohkeuttas . 	Ne halus tietty meil flikoil näyttää rohkeuttas . 
west	Toine niist pojist oli oikke pitkä ja kamalan laiha ja toine taas simmone ko se Oliver Hardy ( se pulskempi ) siin Ohukaisis ja Paksukaisis . 	Toine niist pojist oli oikke pitkä ja kamalan laiha ja toine taas simmone ko se Oliver Hardy ( se pulskempi ) siin Ohukaisis ja Paksukaisis . 
west	Ain ne hyppäs yht´aikka vierekkäi ja kontit erel . 	Ain ne hyppäs yht´aikka vierekkäi ja kontit erel . 
west	Ol se ylvän näköst,ol . 	Ol se ylvän näköst,ol . 
west	Kui ne saivakki ittes niin tikkusuoraks . 	Kui ne saivakki ittes niin tikkusuoraks . 
west	Ja ku ne putos vette , ni siit tuli niinko sanotan munalukko , simmotto ettei vesi pal roiskunu . 	Ja ku ne putos vette , ni siit tuli niinko sanotan munalukko , simmotto ettei vesi pal roiskunu . 
west	Nii ja sit viäl jotku pojat uskalsiva hypäät Ukko-Pekan sillaltakki vette , muiren muas mun miäsvainaani . 	Nii ja sit viäl jotku pojat uskalsiva hypäät Ukko-Pekan sillaltakki vette , muiren muas mun miäsvainaani . 
west	Juu ja sit viäl yk poika , jolt puuttus toine jalka . 	Juu ja sit viäl yk poika , jolt puuttus toine jalka . 
west	Se ko hyppäs ni sen jalantynkä vipatti tuules . 	Se ko hyppäs ni sen jalantynkä vipatti tuules . 
west	Pojat sanos et käret täytys heti laittaa kylkki pisi , muuton niit ei siihe saanu enää ilmalenno aikan . 	Pojat sanos et käret täytys heti laittaa kylkki pisi , muuton niit ei siihe saanu enää ilmalenno aikan . 
west	Kauhia jos ne olis makopritsi menny nii olisiva varman haljennu .	Kauhia jos ne olis makopritsi menny nii olisiva varman haljennu .
east	Minä alan olla sen verran pontikka tuhnussa että soatan kohta myyä mitä vaen . 	Minä alan olla sen verran pontikka tuhnussa että soatan kohta myyä mitä vaen . 
east	Sitä Pohjanpuron varressa tiputettuo vae olikose syänmaanpuron vae hiisipuron vae heikinjoki vae välijoki vae elätinjoki vae riuskanjoki varresta ...	Sitä Pohjanpuron varressa tiputettuo vae olikose syänmaanpuron vae hiisipuron vae heikinjoki vae välijoki vae elätinjoki vae riuskanjoki varresta ...
east	en minä muista tae muistanhan minä van en kerro kun on jo niin myöhä ja puolikas pullo jälellä Älykylän taekajuomoa . 	en minä muista tae muistanhan minä van en kerro kun on jo niin myöhä ja puolikas pullo jälellä Älykylän taekajuomoa . 
east	Tiiättäkö te miksi net ajatti sitä karhuo siellä Orimattilassa jämtillä ja venäjänkoeralla ? 	Tiiättäkö te miksi net ajatti sitä karhuo siellä Orimattilassa jämtillä ja venäjänkoeralla ? 
east	No minäpä kerron ... soaliiinhimossa ! 	No minäpä kerron ... soaliiinhimossa ! 
east	Kun on pelloovat koerat ja eivätkä soa koatoluppoo pevolle . 	Kun on pelloovat koerat ja eivätkä soa koatoluppoo pevolle . 
east	Se on korkeemman käessä nyt mitä siitä tulloo . 	Se on korkeemman käessä nyt mitä siitä tulloo . 
east	Tuomarin käjessä moan peällä .	Tuomarin käjessä moan peällä .
west	kannattaa vierä huoltoo kun siinä on vielä takuutakin ?	kannattaa vierä huoltoo kun siinä on vielä takuutakin ?
west	Kyl mää ainaski soiti oitis nainvanvan . 	Kyl mää ainaski soiti oitis nainvanvan . 
west	Sit mää valiti kauppaa,ku juur melkest uuret palovarottime ei toiminu.	Sit mää valiti kauppaa,ku juur melkest uuret palovarottime ei toiminu.
west	Onneks meil onpi netti . 	Onneks meil onpi netti . 
west	Täält saa kaik avu ja tiaro . 	Täält saa kaik avu ja tiaro . 
west	Oleks sää muute Tampereelt ? 	Oleks sää muute Tampereelt ? 
west	Ku tommottis pelottele meit.	Ku tommottis pelottele meit.
west	Ai , juu ,eiku telkkarii vaa kattosikki.	Ai , juu ,eiku telkkarii vaa kattosikki.
west	Onks sul dikiloota.	Onks sul dikiloota.
west	Meil ei viäl ol.	Meil ei viäl ol.
west	Kaapelist näkkyy kaik kiva ainaski toistaseks . 	Kaapelist näkkyy kaik kiva ainaski toistaseks . 
west	Heippa vaa,mää lähre puhaltamaa tule sammuksii !	Heippa vaa,mää lähre puhaltamaa tule sammuksii !
east	Tällä petterillä on turhan punanen nenä etennii syntymäpäeväsä aekaan ! 	Tällä petterillä on turhan punanen nenä etennii syntymäpäeväsä aekaan ! 
east	Valomerkki tulloo ennenku huomootkaa ja sen jäläkeen on ihan oma valintas haluatko kävellä vae kontata kottiis . 	Valomerkki tulloo ennenku huomootkaa ja sen jäläkeen on ihan oma valintas haluatko kävellä vae kontata kottiis . 
east	Sinnoot välillä ko vanaha jäkälä ; et hyväksy mittää uuvenaekasta . 	Sinnoot välillä ko vanaha jäkälä ; et hyväksy mittää uuvenaekasta . 
east	Yritä kuitennii pysyä mualiman menos mukana , lähe vaekka matkoille . 	Yritä kuitennii pysyä mualiman menos mukana , lähe vaekka matkoille . 
east	Kannattaa suunnata pohjoseen päen . 	Kannattaa suunnata pohjoseen päen . 
east	Suo siellä , vetelä tiällä - siinä ens vuoes ennuste . 	Suo siellä , vetelä tiällä - siinä ens vuoes ennuste . 
east	Katto vuotaa , pyykkikone särkyy , virtsatietulehus isköö ja nenäliina kastuu - jospa seoroova vues oes vähä aarinkoesempi . 	Katto vuotaa , pyykkikone särkyy , virtsatietulehus isköö ja nenäliina kastuu - jospa seoroova vues oes vähä aarinkoesempi . 
east	Talavi tekköö sinusta ihan tönkön , joten koetappa vähä vilikastua . 	Talavi tekköö sinusta ihan tönkön , joten koetappa vähä vilikastua . 
east	Herätät kyllä mielenkiintoo muissa ja ihhailijat virittelövät kilivan sinulle verkkojaan . 	Herätät kyllä mielenkiintoo muissa ja ihhailijat virittelövät kilivan sinulle verkkojaan . 
east	Erityisen hyvin sinulla synkkoo kukon kanssa , jonkinlaene yhteenliittymä on mahollinen ens vuonnakii . 	Erityisen hyvin sinulla synkkoo kukon kanssa , jonkinlaene yhteenliittymä on mahollinen ens vuonnakii . 
east	Pelekkee rakkauven roesketta ens vuonna ! 	Pelekkee rakkauven roesketta ens vuonna ! 
east	Vaekka ylleesä oot kovapäene , nii nyt aivos on muuttunna onnesta hyytelöks . 	Vaekka ylleesä oot kovapäene , nii nyt aivos on muuttunna onnesta hyytelöks . 
east	Välillä toentas pistee vastaannii , ies vaehtelun vuoks . 	Välillä toentas pistee vastaannii , ies vaehtelun vuoks . 
east	Pistät rahhoo kaekkeen turhuuteen , mutta semmosia seleväpäesyyven hetkiä ee sulla oo että moesta huomoesit - puhumattakaa että siitä välittäesit . 	Pistät rahhoo kaekkeen turhuuteen , mutta semmosia seleväpäesyyven hetkiä ee sulla oo että moesta huomoesit - puhumattakaa että siitä välittäesit . 
east	Mutta vielä se arki alakaa sullakii .	Mutta vielä se arki alakaa sullakii .
east	Yritähän vähä hillitä ihtees , sinä niät vieläkii liijan ussein punasta ja raevostut sen taotta turhan päeten . 	Yritähän vähä hillitä ihtees , sinä niät vieläkii liijan ussein punasta ja raevostut sen taotta turhan päeten . 
east	Toesaalta oot hyvinnii enerkinen ja ihan puhkut tarmoo . 	Toesaalta oot hyvinnii enerkinen ja ihan puhkut tarmoo . 
east	Kato kuitennii mihin suuntaan puhkut , sillä suuhykieniassa oes parantamisen varroo . 	Kato kuitennii mihin suuntaan puhkut , sillä suuhykieniassa oes parantamisen varroo . 
east	Tilloo aeka hammasliäkäriltä . 	Tilloo aeka hammasliäkäriltä . 
east	Veljekset on ylleesä ko ilvekset , mutta sinun perhesuhteissas on nyt toevomisen varroo . 	Veljekset on ylleesä ko ilvekset , mutta sinun perhesuhteissas on nyt toevomisen varroo . 
east	Viekee ies huonekalut ulos enneku ruppeette selevittelemmää väliänne . 	Viekee ies huonekalut ulos enneku ruppeette selevittelemmää väliänne . 
east	Tiijossa on rytinöö - saerasaato ja polliisi kannattaa kuhtua paekalle jo etukättee . 	Tiijossa on rytinöö - saerasaato ja polliisi kannattaa kuhtua paekalle jo etukättee . 
east	Mutta ee kuitenkaa vielä ens vuonna . 	Mutta ee kuitenkaa vielä ens vuonna . 
east	Terveyen kanssa on pieniä ongelmia ; esimerkiks rutto suattaa vaevata . 	Terveyen kanssa on pieniä ongelmia ; esimerkiks rutto suattaa vaevata . 
east	Sinusta tuntuu että vanahenet ihan silimissä , korvattii alakaa työntee tupsukarvoo . 	Sinusta tuntuu että vanahenet ihan silimissä , korvattii alakaa työntee tupsukarvoo . 
east	Mittää et asialle maha , se on sinun kohtalos . 	Mittää et asialle maha , se on sinun kohtalos . 
east	Joskushan vanahuus ja viisaus kuuluvat yhteen - mutta ee kuitenkaa sinun tappauksessas . 	Joskushan vanahuus ja viisaus kuuluvat yhteen - mutta ee kuitenkaa sinun tappauksessas . 
east	Ens vuonna viskoot turhat estot nurkkaan ja ruppeet rymyämmään ! 	Ens vuonna viskoot turhat estot nurkkaan ja ruppeet rymyämmään ! 
east	Liikunta kuuluu entistä tiukemmin sinun ja lähheistes elämään . 	Liikunta kuuluu entistä tiukemmin sinun ja lähheistes elämään . 
east	Erityisen rivakkoo liikuntoo suavat muitten leuat , kun hyö märehtivät sinun tekemisiäs . 	Erityisen rivakkoo liikuntoo suavat muitten leuat , kun hyö märehtivät sinun tekemisiäs . 
east	Joka vanhoja muistaa , sitä puntarilla piähän ! 	Joka vanhoja muistaa , sitä puntarilla piähän ! 
east	Unoha siis omat ja muihennii velat ja vipit ja aloita uus vues puhtaalta pöyvältä . 	Unoha siis omat ja muihennii velat ja vipit ja aloita uus vues puhtaalta pöyvältä . 
east	Unoha myös liiallinen tarkkuus ja muista että likiarvo voep olla arvo sinänsä . 	Unoha myös liiallinen tarkkuus ja muista että likiarvo voep olla arvo sinänsä . 
east	Intohimot jylleevät entistä hurjemmin ens vuonna . 	Intohimot jylleevät entistä hurjemmin ens vuonna . 
east	Et malta pysyä yhessä kohti , vuan pörreet kukasta kukkaan . 	Et malta pysyä yhessä kohti , vuan pörreet kukasta kukkaan . 
east	Toesaalta ossoot olla niin pisteliäs , etteivät heekomaat sinun kanssas pärjee ollenkaa . 	Toesaalta ossoot olla niin pisteliäs , etteivät heekomaat sinun kanssas pärjee ollenkaa . 
east	Pikkusen armoo voesit osottoo muillekkii . 	Pikkusen armoo voesit osottoo muillekkii . 
east	Sinä se haluat olla aena ensimmäesenä ja suuna piänä joka paekassa Semmosessa elämässä on vuarasa ; kaaloja on katkastu pienemmästäe synnistä . 	Sinä se haluat olla aena ensimmäesenä ja suuna piänä joka paekassa Semmosessa elämässä on vuarasa ; kaaloja on katkastu pienemmästäe synnistä . 
east	Haluasit olla vappaa ku taevaan lintu , mutta se jiä haaveeks ; lennot loppuu lyhyeen ja alastulo on yhtä issoo tömähystä . 	Haluasit olla vappaa ku taevaan lintu , mutta se jiä haaveeks ; lennot loppuu lyhyeen ja alastulo on yhtä issoo tömähystä . 
east	Pysy siis kot'orsilla ja tyyvy siihen että suat tyrannisoija kot' väkkee ja työkavereita .	Pysy siis kot'orsilla ja tyyvy siihen että suat tyrannisoija kot' väkkee ja työkavereita .
east	Mittee muuta tietkää Hunkki ? 	Mittee muuta tietkää Hunkki ? 
east	Nuin äkäsiä eivät ollunna opettajatkaa aekonnaa . 	Nuin äkäsiä eivät ollunna opettajatkaa aekonnaa . 
east	Karttakeppiä et pysty käättämää vuan kiukkune enimmäksee .	Karttakeppiä et pysty käättämää vuan kiukkune enimmäksee .
north	Pyhäpäivän menjöö Tänhään met syöhään lohta ja jälkkäriksi jätskiä ei ole köyhyyttä	Pyhäpäivän menjöö Tänhään met syöhään lohta ja jälkkäriksi jätskiä ei ole köyhyyttä
east	Horoskoopista tottuus Veljekset on ylleesä ko ilvekset , mutta sinun perhesuhteissas on nyt toevomisen varroo . 	Horoskoopista tottuus Veljekset on ylleesä ko ilvekset , mutta sinun perhesuhteissas on nyt toevomisen varroo . 
east	Viekee ies huonekalut ulos enneku ruppeette selevittelemmää väliänne . 	Viekee ies huonekalut ulos enneku ruppeette selevittelemmää väliänne . 
east	Tiijossa on rytinöö - saerasaato ja polliisi kannattaa kuhtua paekalle jo etukättee .	Tiijossa on rytinöö - saerasaato ja polliisi kannattaa kuhtua paekalle jo etukättee .
west	mut on sellasii juttui mitä tää olis kuullu , joist ei puhuta ku pelkästää kyseiste henkilöitte kans ja vaa sillo , jos haluavat ottaa asiat puheeks . 	mut on sellasii juttui mitä tää olis kuullu , joist ei puhuta ku pelkästää kyseiste henkilöitte kans ja vaa sillo , jos haluavat ottaa asiat puheeks . 
west	et vois olla asioit , joist ei puhuis. 	et vois olla asioit , joist ei puhuis. 
west	ja toki vois olla omiiki sellasii juttui , joist ei puhuis , tai ei ainakaa kaikkie kans . 	ja toki vois olla omiiki sellasii juttui , joist ei puhuis , tai ei ainakaa kaikkie kans . 
west	et kaipa ne itsellä pysyy siihe saakka , kunnes löytyis joku ketä haluais kuunnella ja joka olis sellane jolle vois puhuu . 	et kaipa ne itsellä pysyy siihe saakka , kunnes löytyis joku ketä haluais kuunnella ja joka olis sellane jolle vois puhuu . 
west	tos muute katolilaiset olis aika pitkällä ton ripittäytymisensä kanssa . 	tos muute katolilaiset olis aika pitkällä ton ripittäytymisensä kanssa . 
west	mut onha näit kaikelaisii puhelinnumeroit kai olmeas , jonne vois soittaa , jos ei todellakaa olis ketää muuta ketä kuuntelis tai kenelle vois puhuu . 	mut onha näit kaikelaisii puhelinnumeroit kai olmeas , jonne vois soittaa , jos ei todellakaa olis ketää muuta ketä kuuntelis tai kenelle vois puhuu . 
west	muute tää ei sillee kannustais olemaan puhumatta . 	muute tää ei sillee kannustais olemaan puhumatta . 
west	sen ei tietenkää tarvii olla se oma hani ketä olis aina se kenelle puhuis . 	sen ei tietenkää tarvii olla se oma hani ketä olis aina se kenelle puhuis . 
west	pitää olla muitaki ja onha niit muita , kai kaikilla on sen verra ystävii tai muit henkireikii ?	pitää olla muitaki ja onha niit muita , kai kaikilla on sen verra ystävii tai muit henkireikii ?
east	Hää ois vielä vappaa ja virriili .	Hää ois vielä vappaa ja virriili .
west	1-AD = rahat poies tyhymiltä , mihnä teitä pirettihin kun tyhymiä tapettihin . 	1-AD = rahat poies tyhymiltä , mihnä teitä pirettihin kun tyhymiä tapettihin . 
west	Soon niin notta meirään kyläs ja grannisakin myäs upotettasihin kortteli rautaa kylykiluiren välihin tuommoosille höpöjen praataajiille . 	Soon niin notta meirään kyläs ja grannisakin myäs upotettasihin kortteli rautaa kylykiluiren välihin tuommoosille höpöjen praataajiille . 
west	trenkää tänne tulla uhoomahan nuon paskaasilla aineihilla .	trenkää tänne tulla uhoomahan nuon paskaasilla aineihilla .
west	Ei kai se nyt tylsä oo x D Varsinkaan ne ruattinkiäliset mikkä tulee subbarilta x D Nehän on varsin hassua katsottavaa sunnuntai aamusin juuri kun on herännyt :D	Ei kai se nyt tylsä oo x D Varsinkaan ne ruattinkiäliset mikkä tulee subbarilta x D Nehän on varsin hassua katsottavaa sunnuntai aamusin juuri kun on herännyt :D
north	Mie en asu Beirutissa , mut sie taijat asua vitsilandiassa ko olet niin nokkela . 	Mie en asu Beirutissa , mut sie taijat asua vitsilandiassa ko olet niin nokkela . 
north	Tai sitten liikut pimiällä kun et ole nuita lasinsiruja Kartanonkoskella nähny . 	Tai sitten liikut pimiällä kun et ole nuita lasinsiruja Kartanonkoskella nähny . 
north	Ja minä olen nähny lähitalon nelikymppisten teinien kollaavan nuitten pullojen kanssa kadulla . 	Ja minä olen nähny lähitalon nelikymppisten teinien kollaavan nuitten pullojen kanssa kadulla . 
north	Useammin täällä nuo aikuiset mellastaa nuitten pullonjen kanssa .	Useammin täällä nuo aikuiset mellastaa nuitten pullonjen kanssa .
east	että on tuonu meille sen ison samppanjapullon , paetsi sitä ryyppyä minkä en ottanna siitä heti , suihkutellu vähä kavereihisa niskaan ja laetanna tipan korvanlehtiisä tuakse . 	että on tuonu meille sen ison samppanjapullon , paetsi sitä ryyppyä minkä en ottanna siitä heti , suihkutellu vähä kavereihisa niskaan ja laetanna tipan korvanlehtiisä tuakse . 
east	Vaen eepä oo heittännä pulloo tallisa poejille , vaen on ottanna kiltisti mukkaasa ja antanna meille . 	Vaen eepä oo heittännä pulloo tallisa poejille , vaen on ottanna kiltisti mukkaasa ja antanna meille . 
east	Minäpä annan sen ilimotuksen muotoelun maenostoemiston hoejettavaks , ettei myö vaen töppäellä . 	Minäpä annan sen ilimotuksen muotoelun maenostoemiston hoejettavaks , ettei myö vaen töppäellä . 
east	Voetas antoo vaekka Taka-Hikiän Kuapeli TV:n villaattoo meitä maenospätkissään ja eksoottista pilipali-mussiikkia sekkaan .	Voetas antoo vaekka Taka-Hikiän Kuapeli TV:n villaattoo meitä maenospätkissään ja eksoottista pilipali-mussiikkia sekkaan .
west	se vetää piillilangan juuri niin kiriälle jotta ei ihan vielä katkea , mut ei yhtään enempi . 	se vetää piillilangan juuri niin kiriälle jotta ei ihan vielä katkea , mut ei yhtään enempi . 
west	Siks meilläkin on sellaanen , jos joutuu joskus aitaa tekeen . 	Siks meilläkin on sellaanen , jos joutuu joskus aitaa tekeen . 
west	ja onko kukaan kuullu sellaasteta autosta kun anadol? 	ja onko kukaan kuullu sellaasteta autosta kun anadol? 
west	arvatkaas mihnä rakennettu ?	arvatkaas mihnä rakennettu ?
east	aina sammoo kyselet	aina sammoo kyselet
west	Meil niiku kyöpeleil onollu huisin moderni kasvatus , ja tottakai mollaan saatu lukee sarjiksii . 	Meil niiku kyöpeleil onollu huisin moderni kasvatus , ja tottakai mollaan saatu lukee sarjiksii . 
west	Eihämme muuten Mustiksest tierettäiskään . 	Eihämme muuten Mustiksest tierettäiskään . 
west	Vaan noli aika samaa jujuu , kuonoon ja pläiskis ja niiku sillee . 	Vaan noli aika samaa jujuu , kuonoon ja pläiskis ja niiku sillee . 
west	Sitme siirryttiinkin tielelehtiin . 	Sitme siirryttiinkin tielelehtiin . 
west	Kyl niisson enämpi asiaa . 	Kyl niisson enämpi asiaa . 
west	Sulloli muuten hyvä kuvaus siitä Mustiksesta , mut oli se vähän niiku ihaileva . 	Sulloli muuten hyvä kuvaus siitä Mustiksesta , mut oli se vähän niiku ihaileva . 
west	Huomaaks muuten , et meilän nikki on nyt sininen . 	Huomaaks muuten , et meilän nikki on nyt sininen . 
west	Mollaan niiku rekisteröilytty , vakmei ollakaan olemassa . 	Mollaan niiku rekisteröilytty , vakmei ollakaan olemassa . 
west	Ja soot niiku ensmäinen , jolle me kommentoilaan sinisellä nikillä .	Ja soot niiku ensmäinen , jolle me kommentoilaan sinisellä nikillä .
west	Mut eiks se o kiva , jotta kukkahattutätei ja kukkamekkotätei o olemass , onha niit puutarhatonttuiki . 	Mut eiks se o kiva , jotta kukkahattutätei ja kukkamekkotätei o olemass , onha niit puutarhatonttuiki . 
west	Kiva niit kummiski o katel kongil . 	Kiva niit kummiski o katel kongil . 
west	Siin sit isompiki kivitalonkaataja tunte olons tarvituks , kun näit kukkahattutätei parjata .	Siin sit isompiki kivitalonkaataja tunte olons tarvituks , kun näit kukkahattutätei parjata .
north	Juu met tiisselimiehet oomma niin ympäristörikollisia ja mukavasti kulkee .	Juu met tiisselimiehet oomma niin ympäristörikollisia ja mukavasti kulkee .
east	Jonkun kulukumulukun alullepolokema se jeesusäpärä vuan olj . 	Jonkun kulukumulukun alullepolokema se jeesusäpärä vuan olj . 
east	Etes Mariia ei tiennä tai ilennä tunnustaa muuta kuin että aika jumalaiselta se tuntu .	Etes Mariia ei tiennä tai ilennä tunnustaa muuta kuin että aika jumalaiselta se tuntu .
north	Ja mie oon aakkosten lopussa :D mut hemmetti ku olen superkärsimätön ku kaikki muut hehkuttaa kouluunpääsyjään .	Ja mie oon aakkosten lopussa :D mut hemmetti ku olen superkärsimätön ku kaikki muut hehkuttaa kouluunpääsyjään .
north	Lähettääkö ne niitä illalla klo 20 vai tekkeekö tietokonneeet sen vai mitenkä .	Lähettääkö ne niitä illalla klo 20 vai tekkeekö tietokonneeet sen vai mitenkä .
east	sitä miekii ihmetteln miksi eläkeläiset ei lyöttäyty yhteen , heil ko olis sananvaltaa . 	sitä miekii ihmetteln miksi eläkeläiset ei lyöttäyty yhteen , heil ko olis sananvaltaa . 
east	monet vanhemmat ihmiset on semmosii , että hyö ei ossaa luopuu puolueesta jota on äänestänt 30-40 vuotta . 	monet vanhemmat ihmiset on semmosii , että hyö ei ossaa luopuu puolueesta jota on äänestänt 30-40 vuotta . 
east	ei vaikka puolue ei ennää ajais hönen asioitaa . 	ei vaikka puolue ei ennää ajais hönen asioitaa . 
east	jos jalmari elläis niin miekii tietyst äänestäisin hänen kanssaa nykystä keskustaa . 	jos jalmari elläis niin miekii tietyst äänestäisin hänen kanssaa nykystä keskustaa . 
east	hää oli maalaisliittolainen ja sitä miunkii tietyst piti äänestää hänen elläissä . 	hää oli maalaisliittolainen ja sitä miunkii tietyst piti äänestää hänen elläissä . 
east	sit ko jäin yksin olen alkant äänestämmää ihmistä joka mielestäin puhhuu asioita joita minul on täs iäs tärkeitä . 	sit ko jäin yksin olen alkant äänestämmää ihmistä joka mielestäin puhhuu asioita joita minul on täs iäs tärkeitä . 
east	joka vuos olen äänestänt eri ihmistä , puolueella ei ole niin suurta vällii , kohan ei mäne liikaa rikkaitten ihmisten etujen ajamiseks.	joka vuos olen äänestänt eri ihmistä , puolueella ei ole niin suurta vällii , kohan ei mäne liikaa rikkaitten ihmisten etujen ajamiseks.
east	laps perheet on ahtaalla , siksi nuoret ei tee lapsiikaa , ko eläminen yksistää on niin kallista . 	laps perheet on ahtaalla , siksi nuoret ei tee lapsiikaa , ko eläminen yksistää on niin kallista . 
east	monel on pienet eläkkeet , niinko minullakkii on . 	monel on pienet eläkkeet , niinko minullakkii on . 
east	mie ko en ole olt koskaa verokirjalla töissä niin en ole saant eläkettä kertymää . 	mie ko en ole olt koskaa verokirjalla töissä niin en ole saant eläkettä kertymää . 
east	miun kaltasii on varmaa paljo , minul ei ole olt lapsii , mutta minun ikäpolven perheelliset naiset oli ylleensä kotona , koska lapsiikin oli ainakin 4 pienemmissä perheissä . 	miun kaltasii on varmaa paljo , minul ei ole olt lapsii , mutta minun ikäpolven perheelliset naiset oli ylleensä kotona , koska lapsiikin oli ainakin 4 pienemmissä perheissä . 
east	hyö ovat ainakii niitä pien eläkeläisii jotka saavat vaa kansaneläkkeen . 	hyö ovat ainakii niitä pien eläkeläisii jotka saavat vaa kansaneläkkeen . 
east	saanha mie pienen lesken eläkkeen lisäks , ja kyllähän mie yksinäin pärjään sillä , ko niin paljo voip ite kasvattaa pellolla sapuskaa . 	saanha mie pienen lesken eläkkeen lisäks , ja kyllähän mie yksinäin pärjään sillä , ko niin paljo voip ite kasvattaa pellolla sapuskaa . 
east	mie pärjään hyvin jalmarin ansiosta , hää koko ikänsä säästi ettei meitä viiä vaivaistaloon , että saahaa ellää kotona ja päästä vaikka sytdämmen siirtoo yksityis sairaalaa tai muuhun leikkauksee jos tullee sellanen tilanne ettee . 	mie pärjään hyvin jalmarin ansiosta , hää koko ikänsä säästi ettei meitä viiä vaivaistaloon , että saahaa ellää kotona ja päästä vaikka sytdämmen siirtoo yksityis sairaalaa tai muuhun leikkauksee jos tullee sellanen tilanne ettee . 
east	terveyskeksuskii säästää , vanhempii ihmisiin ei mielellää haaskata suurii summii , ko rahast on pulaa . 	terveyskeksuskii säästää , vanhempii ihmisiin ei mielellää haaskata suurii summii , ko rahast on pulaa . 
east	miekii oisin vissii kuolt syöpää ko se ois jatkant levviimistää jos en olis mänt yksityiseen leikkauksee . 	miekii oisin vissii kuolt syöpää ko se ois jatkant levviimistää jos en olis mänt yksityiseen leikkauksee . 
east	taitaa valistumises vai missä olla vikkaa ko eläkeläisil ei ole hynttyyt yhessä ;)) ) terveisin lyyli	taitaa valistumises vai missä olla vikkaa ko eläkeläisil ei ole hynttyyt yhessä ;)) ) terveisin lyyli
east	Pyytelemäs siel hellää yötä , eiko käyt ite maate sille vieraspatjalles niin mie takkaan ja alleviivaan et huomen on selkä ja persus hellänä ! 	Pyytelemäs siel hellää yötä , eiko käyt ite maate sille vieraspatjalles niin mie takkaan ja alleviivaan et huomen on selkä ja persus hellänä ! 
east	Ootsie kivillä sen säkkipatjan täyttännä ?? 	Ootsie kivillä sen säkkipatjan täyttännä ?? 
east	Ja tarkotuksella mie sen ikkunas kivitin se oli mielestäni melko ruma ! 	Ja tarkotuksella mie sen ikkunas kivitin se oli mielestäni melko ruma ! 
east	Ja jos sitten taas siirtyis asiaan niin täytyypä sanoa jotta aikamoinen runo ja tämmösii tilaukseen usseempi ! 	Ja jos sitten taas siirtyis asiaan niin täytyypä sanoa jotta aikamoinen runo ja tämmösii tilaukseen usseempi ! 
north	täällä taas koittaa miestellä , tulee kerakkeitakin oikein niinku meillä pohojalaasilla mutta ei toi oikein meitä vakuuta kehuu kulukevansa kameran kanssa metällä ja naisille aukoo päätään meilläpäin tälläset sällit pyöritellään tervas ja höyhenissä ja sitte kuohitaan ettei pääse sukua jatkaan , mutta ei ossista taida sellaseen ollakaan ku etunimiki viittaa johonki sukurutsaseen pitäjään eihän " osseja " oo tehty varmaan ainakaan seittemäänkymmeneen vuoteen on sen verta outo nimi , tyttöjäki , meidän elämän sulostuttajia haukkuu tamponeiksi , ethän " ossi " hihhhhiiii mikä nimi , anteeksi , ethän vain kuulu rodulliseen tai sukupuoliseen vähemmistöön ihonvärin , uskonnon , tai jopa sukupuolisen poikkeavuuden perusteella , mikä tuntuukin toden-näköiseltä kun tuolla tavoin haastelet , kehut vielä käyneen armeijanki , eikös siellä tehä pojista miehiä , ossista vain jäi ossi hahhahaahahaaaaaaaaaaaaaaaa , anteeksi taas naurunpuuska on niin humoristinen nimi , kuinka ossi , muistuttaa muuten aika paljo opossumia toi sun nimi , niin kuinka , olikko sivari , vai pääsikkö muuten vaan noin aikasin pois kun et kerenny miestyä ollenkaan , niin ja lopeta ny helekkarissa tuo mettästyksen rienaaminen voipi muuten tulla meiltäpäin sellaasia friskiä likkoja ja kattua onko sulla munia ollenkaan vai onko vaan pallin paikka , käskivät kertua semmoosia terviisiä : toivoopi turre	täällä taas koittaa miestellä , tulee kerakkeitakin oikein niinku meillä pohojalaasilla mutta ei toi oikein meitä vakuuta kehuu kulukevansa kameran kanssa metällä ja naisille aukoo päätään meilläpäin tälläset sällit pyöritellään tervas ja höyhenissä ja sitte kuohitaan ettei pääse sukua jatkaan , mutta ei ossista taida sellaseen ollakaan ku etunimiki viittaa johonki sukurutsaseen pitäjään eihän " osseja " oo tehty varmaan ainakaan seittemäänkymmeneen vuoteen on sen verta outo nimi , tyttöjäki , meidän elämän sulostuttajia haukkuu tamponeiksi , ethän " ossi " hihhhhiiii mikä nimi , anteeksi , ethän vain kuulu rodulliseen tai sukupuoliseen vähemmistöön ihonvärin , uskonnon , tai jopa sukupuolisen poikkeavuuden perusteella , mikä tuntuukin toden-näköiseltä kun tuolla tavoin haastelet , kehut vielä käyneen armeijanki , eikös siellä tehä pojista miehiä , ossista vain jäi ossi hahhahaahahaaaaaaaaaaaaaaaa , anteeksi taas naurunpuuska on niin humoristinen nimi , kuinka ossi , muistuttaa muuten aika paljo opossumia toi sun nimi , niin kuinka , olikko sivari , vai pääsikkö muuten vaan noin aikasin pois kun et kerenny miestyä ollenkaan , niin ja lopeta ny helekkarissa tuo mettästyksen rienaaminen voipi muuten tulla meiltäpäin sellaasia friskiä likkoja ja kattua onko sulla munia ollenkaan vai onko vaan pallin paikka , käskivät kertua semmoosia terviisiä : toivoopi turre
west	se kala oli hauki , tai siten ankerias . 	se kala oli hauki , tai siten ankerias . 
west	Mikän piäni se ei kuitenkan ollu . 	Mikän piäni se ei kuitenkan ollu . 
west	Valaan pokaseks mää sitä alkuunsa luulinki kun sun taskun läpi koitin kärellä . 	Valaan pokaseks mää sitä alkuunsa luulinki kun sun taskun läpi koitin kärellä . 
west	Mutta sitten mää aloin aatteleen , ettei Näsijärvestä oo millonkan valaita pyyrystetty . 	Mutta sitten mää aloin aatteleen , ettei Näsijärvestä oo millonkan valaita pyyrystetty . 
west	Joka tapauksessa mikän kiiski se kala ei ollu . 	Joka tapauksessa mikän kiiski se kala ei ollu . 
west	Miäti sääkin ny viä sitä kalareisua ja muistellaan yksityiskohrittain mitä kaikkee kivaa sinäkin suvipäivänä tapahtu . 	Miäti sääkin ny viä sitä kalareisua ja muistellaan yksityiskohrittain mitä kaikkee kivaa sinäkin suvipäivänä tapahtu . 
west	Määkän en aivan kaikkea saa ny suaralta käreltä miäleeni . 	Määkän en aivan kaikkea saa ny suaralta käreltä miäleeni . 
west	Oon tunnetusti pikkusen huanomuistinen ja varsinkin hirasälynen . 	Oon tunnetusti pikkusen huanomuistinen ja varsinkin hirasälynen . 
west	Vuaskymmenten takaset asiat tapaa jäärä miälestä poijes , vaikka sua en oo unohtanu.	Vuaskymmenten takaset asiat tapaa jäärä miälestä poijes , vaikka sua en oo unohtanu.
west	Enk ä millonkan unohrakkan .	Enk ä millonkan unohrakkan .
north	Mikä ihime sulla on ylivieskaa vastaan ? 	Mikä ihime sulla on ylivieskaa vastaan ? 
north	Nää tahot vastustaa vähän kaikkia . 	Nää tahot vastustaa vähän kaikkia . 
north	Älä ees ylleistä , että haapavetiset ei tarvi ylivieskan palaveluita . 	Älä ees ylleistä , että haapavetiset ei tarvi ylivieskan palaveluita . 
north	Sielä on autokauppoja , korjaamoita ja huonekaluliikkeitä misä minäki oon käyny sillon tällön ostoksilla . 	Sielä on autokauppoja , korjaamoita ja huonekaluliikkeitä misä minäki oon käyny sillon tällön ostoksilla . 
north	Tietysti sitä mielellään ostaa kaiken omasta pitäjästä , mutta aina ei löyvy sitä , mitä tarvii täältä . 	Tietysti sitä mielellään ostaa kaiken omasta pitäjästä , mutta aina ei löyvy sitä , mitä tarvii täältä . 
north	Ja tiiän , että jonkin verran ostoliikennettä tullee ylivieskasta myös tänne . 	Ja tiiän , että jonkin verran ostoliikennettä tullee ylivieskasta myös tänne . 
north	Eli yhessä toinen toistaan tukien kehitämme tätä aluetta . 	Eli yhessä toinen toistaan tukien kehitämme tätä aluetta . 
north	Jos me haapavetiset rupiamme joka asiasa pokkuroimaan vastaan , ja muutki tekkee niin , ni mikä on tään alueen tulevaisuus . 	Jos me haapavetiset rupiamme joka asiasa pokkuroimaan vastaan , ja muutki tekkee niin , ni mikä on tään alueen tulevaisuus . 
north	Ja jokkaisen on hyvä pysyä elinvoimaisena , se on koko alueen etu . 	Ja jokkaisen on hyvä pysyä elinvoimaisena , se on koko alueen etu . 
north	Onko se nyt niin hirviää , jos ne sattuu löytymään Ylivieskasta ? 	Onko se nyt niin hirviää , jos ne sattuu löytymään Ylivieskasta ? 
east	Peräkontin hiplaaminehan se piäministerinkin mielessä on ollunna alakuajoista lähtein . 	Peräkontin hiplaaminehan se piäministerinkin mielessä on ollunna alakuajoista lähtein . 
east	Takaoven kaatta sissään vuan iliman saranojen rasvaamista . 	Takaoven kaatta sissään vuan iliman saranojen rasvaamista . 
east	Liekkö monteon takakonttiin piässynnä ?	Liekkö monteon takakonttiin piässynnä ?
west	Kaveri pit aikoinas liiket tual vähä matkam pääs iankaikkise vanhas talos , kylläkki hyväl paikal ja tiiltalo se ol mut huanon näköne . 	Kaveri pit aikoinas liiket tual vähä matkam pääs iankaikkise vanhas talos , kylläkki hyväl paikal ja tiiltalo se ol mut huanon näköne . 
west	Siint toises pääs talo asui yks äijä semmonen ketä ol vissii olevannas jonku sortin talommiäs siin talos . 	Siint toises pääs talo asui yks äijä semmonen ketä ol vissii olevannas jonku sortin talommiäs siin talos . 
west	Taik tais ol omast miälestäs oikkem pehtori kos se melkkei joka ehto pruukas käyr siäl liikkeem pualel . 	Taik tais ol omast miälestäs oikkem pehtori kos se melkkei joka ehto pruukas käyr siäl liikkeem pualel . 
west	Kattomas ettän ikkunat ja ovet ovak kii ja sähköp pois . 	Kattomas ettän ikkunat ja ovet ovak kii ja sähköp pois . 
west	Mää kyl kaverilt silt yrittäjält kysyinki et mitä varte hän ylipäätäs sem päästää omal pualelles tulema . 	Mää kyl kaverilt silt yrittäjält kysyinki et mitä varte hän ylipäätäs sem päästää omal pualelles tulema . 
west	Mut hän sano ett ei sen sikses nii välii ol etei hänelt tiätystenkä siäl mittään semmose suurii salasuuksi ol . 	Mut hän sano ett ei sen sikses nii välii ol etei hänelt tiätystenkä siäl mittään semmose suurii salasuuksi ol . 
west	Kaik vähäki tärkkeemmät asiat hän pit kotonas . 	Kaik vähäki tärkkeemmät asiat hän pit kotonas . 
west	Joskus sit se liikkempitäjä kumminki sai siit omatekosest isännöittijäst tarppekses ja vaihroi lukot oveihis . 	Joskus sit se liikkempitäjä kumminki sai siit omatekosest isännöittijäst tarppekses ja vaihroi lukot oveihis . 
west	Liikenne kyl lakas mut naapurii harmit niim paljo viätäväst ettei pitkään aikkaa sanon eres hyvä päivä . 	Liikenne kyl lakas mut naapurii harmit niim paljo viätäväst ettei pitkään aikkaa sanon eres hyvä päivä . 
west	Joku o joskus sanon et kaik semmose saa klasist kattoo mitä ei verho ravost kattoo tarvit . 	Joku o joskus sanon et kaik semmose saa klasist kattoo mitä ei verho ravost kattoo tarvit . 
west	Viisaast sanoiki .	Viisaast sanoiki .
west	Voithan sää koska vaan rukata Disseä niin , että se suorastaan kylvää hymiöitä .	Voithan sää koska vaan rukata Disseä niin , että se suorastaan kylvää hymiöitä .
west	Sa sää tarttisko mun ny lähtöö muate vaiko kekkuloittee hetki viel täsä , kun mä en ny oikeen tierä itte kuinka tekis ...	Sa sää tarttisko mun ny lähtöö muate vaiko kekkuloittee hetki viel täsä , kun mä en ny oikeen tierä itte kuinka tekis ...
west	kahviaka ei jaksasi imee , kun pötsi pilaantuu . 	kahviaka ei jaksasi imee , kun pötsi pilaantuu . 
north	Pittäis kielthää selevinpäin kelkhailut sitä nykyää edes kirkossa ole kukhan selvinpäin	Pittäis kielthää selevinpäin kelkhailut sitä nykyää edes kirkossa ole kukhan selvinpäin
east	" Kaikilla on ruokoo .	" Kaikilla on ruokoo .
east	kaikilla on rahoo .	kaikilla on rahoo .
east	mutta muillapa ei ooo tällasta rellukka-mahoo .	mutta muillapa ei ooo tällasta rellukka-mahoo .
east	erittäin wanhana patolookina voin neuvoo , jot ennenko kuoletta , hypätkää formaliinisäiliöö .	erittäin wanhana patolookina voin neuvoo , jot ennenko kuoletta , hypätkää formaliinisäiliöö .
east	sitäpaitsi , muistattakos sen Oulun piispan , hää ol sitä mieltä et ei mätäne koskaan .	sitäpaitsi , muistattakos sen Oulun piispan , hää ol sitä mieltä et ei mätäne koskaan .
north	Olispa se soma kun tulis vaihtoehtoja . 	Olispa se soma kun tulis vaihtoehtoja . 
north	Aikamoinen osa Spar-asiakkaista on siirtynyt K-kauppiaan asiakkaiksi , kuhinaa oli tänhäänki yhdeltä kuin Heinon aikoina konsanaan . 	Aikamoinen osa Spar-asiakkaista on siirtynyt K-kauppiaan asiakkaiksi , kuhinaa oli tänhäänki yhdeltä kuin Heinon aikoina konsanaan . 
north	Tätäkö met haluamma ? 	Tätäkö met haluamma ? 
north	No tulkhoon vain ässäkauppa , ehkä sinne meillä saahan kunnon työntekijät ja iloinen rento työnteon meininki , naapurikunnassa aikani meni persheelleen koko homma , K-kauppias toki on ilonen , ku kilpailevan liikheen taso laski .	No tulkhoon vain ässäkauppa , ehkä sinne meillä saahan kunnon työntekijät ja iloinen rento työnteon meininki , naapurikunnassa aikani meni persheelleen koko homma , K-kauppias toki on ilonen , ku kilpailevan liikheen taso laski .
east	Joo ei tuolla lätäköllä ollunna , ku joku 1.2metrrii lunta . 	Joo ei tuolla lätäköllä ollunna , ku joku 1.2metrrii lunta . 
east	Hiasta tuon kirjottamisen suhtteen , tulloo aina taukoja siihen . 	Hiasta tuon kirjottamisen suhtteen , tulloo aina taukoja siihen . 
east	Kahtelin mie jo nuit painopaikkoja , pitännee kesällä käyä kyselemässä . 	Kahtelin mie jo nuit painopaikkoja , pitännee kesällä käyä kyselemässä . 
east	Iha tavan Abban sillit hyvvii . 	Iha tavan Abban sillit hyvvii . 
east	Lokkiin kirjutin ett ostin Sauppi 9-7 muasturin : D ) ) . 	Lokkiin kirjutin ett ostin Sauppi 9-7 muasturin : D ) ) . 
east	Ai nii miuttii virvottiin iliman vihttoo tännää , ku annoin kummipojanpojalle suklaamunan . 	Ai nii miuttii virvottiin iliman vihttoo tännää , ku annoin kummipojanpojalle suklaamunan . 
east	Parempi myöhhää ku ei millonkkaa , ei myö kuavoloihi jäykistytä . 	Parempi myöhhää ku ei millonkkaa , ei myö kuavoloihi jäykistytä . 
east	Elämä o joskus lyhy , minkäs sille mahttaa . 	Elämä o joskus lyhy , minkäs sille mahttaa . 
east	Mirrilöillä huono tuuri : ( .	Mirrilöillä huono tuuri : ( .
east	jo mie alan ollee voimissain . 	jo mie alan ollee voimissain . 
east	tuntu että tuli tehtyy pitkä matka . 	tuntu että tuli tehtyy pitkä matka . 
east	olen olt jo mutaman päivän koton helsinki reissusta terveyskeskuskesta ko ei tult miun tapauksee selvyyttä ja mie vaan makkaan koton pillerien kanssa , niin toivo sano et nyt hää viep miut helsinkii yksityislääkäriin . 	olen olt jo mutaman päivän koton helsinki reissusta terveyskeskuskesta ko ei tult miun tapauksee selvyyttä ja mie vaan makkaan koton pillerien kanssa , niin toivo sano et nyt hää viep miut helsinkii yksityislääkäriin . 
east	ja jo seuraavan päivän lähettii helsinkii privaatti sairaalaa ja melkee saman tien kokkeitten peräst leikattii ja pätkittii suolta . 	ja jo seuraavan päivän lähettii helsinkii privaatti sairaalaa ja melkee saman tien kokkeitten peräst leikattii ja pätkittii suolta . 
east	mie oon nyt avanne potilas , tiiät varmaa mitä sellanen merkkaa , siin on letkut ja tarpeet tullee muovipussii . 	mie oon nyt avanne potilas , tiiät varmaa mitä sellanen merkkaa , siin on letkut ja tarpeet tullee muovipussii . 
east	mänen kuukauten kuluttuu tarkastuksee . 	mänen kuukauten kuluttuu tarkastuksee . 
east	tämmöst minul kuuluu , syöpä on tält näkymiltä voitettu , ko etäispesäkettäkää ei olt , tuntuu että mie oon taas elämässä kiinni tiukasti . 	tämmöst minul kuuluu , syöpä on tält näkymiltä voitettu , ko etäispesäkettäkää ei olt , tuntuu että mie oon taas elämässä kiinni tiukasti . 
east	miun ois pitänt männä heti helsinkii yksityislääkärii , täällä terveyskeskus otti vaa kokkeita ja viivytteli leikkauksel , en tiiä halusko hyö sästää rahhaa siit ko on ain pulaa , mie ko olen jo niin vanha ja saatan kupsahtaa tautiin ,niin säästys nekkii pennit :)) . 	miun ois pitänt männä heti helsinkii yksityislääkärii , täällä terveyskeskus otti vaa kokkeita ja viivytteli leikkauksel , en tiiä halusko hyö sästää rahhaa siit ko on ain pulaa , mie ko olen jo niin vanha ja saatan kupsahtaa tautiin ,niin säästys nekkii pennit :)) . 
east	toivo muistutti minnuu että juur tälläsen varalle jalmari säästi ja nuukaili koko elämänsä . 	toivo muistutti minnuu että juur tälläsen varalle jalmari säästi ja nuukaili koko elämänsä . 
east	et jos vanhan sairastuu voip ostaa hoitoja eikä meiän tarvii vaivaistalloo männä . 	et jos vanhan sairastuu voip ostaa hoitoja eikä meiän tarvii vaivaistalloo männä . 
east	oon mie hänest saant hyvän pojan itellein , ko pani tähänkii asiaan vauhtia . 	oon mie hänest saant hyvän pojan itellein , ko pani tähänkii asiaan vauhtia . 
east	toivo pittää minul kovvaa jöötä eikä anna paljoo jalkeilla ja touhuumaa ruveta . 	toivo pittää minul kovvaa jöötä eikä anna paljoo jalkeilla ja touhuumaa ruveta . 
east	mieli tekkee kovast kasvihuoneesee männä , mutta huomaan itsekkii että ei kauaa jaksa mittää tehhä . 	mieli tekkee kovast kasvihuoneesee männä , mutta huomaan itsekkii että ei kauaa jaksa mittää tehhä . 
east	taisin kovast surkutella itseäin täällä kun sain syövän tietää,en kehtaa ees männä lukemaa mitä olen ulissu . 	taisin kovast surkutella itseäin täällä kun sain syövän tietää,en kehtaa ees männä lukemaa mitä olen ulissu . 
east	mutta kyllä siin itku pääsee vahvemmallakii ihmisel,ko elämä meinataa viiä just ko on mummiks päässy ja uuven perheen sain . 	mutta kyllä siin itku pääsee vahvemmallakii ihmisel,ko elämä meinataa viiä just ko on mummiks päässy ja uuven perheen sain . 
east	ossaan olla kiitollinen tästä pelastumisesta , lähetän kiitokset siitä korkeuksii . 	ossaan olla kiitollinen tästä pelastumisesta , lähetän kiitokset siitä korkeuksii . 
east	kiitän myös teistä rakkaat ystävät täällä , maailma on kauniinpi ko koskaa , oon onnekas ko saan ellää täällä kanssanne . 	kiitän myös teistä rakkaat ystävät täällä , maailma on kauniinpi ko koskaa , oon onnekas ko saan ellää täällä kanssanne . 
north	Molema nyt ryystämässä kalajaa eikä meilä ole pimppi mielessä . 	Molema nyt ryystämässä kalajaa eikä meilä ole pimppi mielessä . 
north	Mutta kyllä met taas huomenna olema sitä vaila .	Mutta kyllä met taas huomenna olema sitä vaila .
west	Köyhimmät osti halvimmat paikat . 	Köyhimmät osti halvimmat paikat . 
west	Ei näläkäänen tierä kuinka vaikiaa on syönehen on olla , mutta näkee edes päivänvaloa .	Ei näläkäänen tierä kuinka vaikiaa on syönehen on olla , mutta näkee edes päivänvaloa .
north	Siinä jääpi sammakkoukot ja muut huuhaa ennustajat sanattomaksi kun meijän reijorealisti pistää ilimat kohalleen koko loppuvuojeksi . 	Siinä jääpi sammakkoukot ja muut huuhaa ennustajat sanattomaksi kun meijän reijorealisti pistää ilimat kohalleen koko loppuvuojeksi . 
north	Niin on tarkat rätinkit että täälä pohojosesaki met näijen mukaan elämämme laajimma . 	Niin on tarkat rätinkit että täälä pohojosesaki met näijen mukaan elämämme laajimma . 
north	Kesällehän tuo luppaa lämpimämpää ja syksyä kohen viilenee panimma tämän merkille . 	Kesällehän tuo luppaa lämpimämpää ja syksyä kohen viilenee panimma tämän merkille . 
north	Kiitokset realistille sinne pohojamaalle tuu taas käymähän ko tarvihet poronsarvijauhua isomman säkin .	Kiitokset realistille sinne pohojamaalle tuu taas käymähän ko tarvihet poronsarvijauhua isomman säkin .
west	Meillä katukonhottajilla on sellaanen kirioottamaton sääntö , notta alimmaasta ei lyärä hengiltä . 	Meillä katukonhottajilla on sellaanen kirioottamaton sääntö , notta alimmaasta ei lyärä hengiltä . 
west	Tämä tarkoottaa myäs sitä , notta jos moon paskavaipoos piahtaroonu jo tovin , niin ei siinä kyllä rikosta tartte teherä . 	Tämä tarkoottaa myäs sitä , notta jos moon paskavaipoos piahtaroonu jo tovin , niin ei siinä kyllä rikosta tartte teherä . 
west	Mä luatan kyllä katumittelöötteliöihin . 	Mä luatan kyllä katumittelöötteliöihin . 
west	Moomma loppupeleis pirun reirua sakkia ! 	Moomma loppupeleis pirun reirua sakkia ! 
west	Otamma rehristi vain sen , mikä meillen kuuluu . 	Otamma rehristi vain sen , mikä meillen kuuluu . 
west	Emmä oo kommunistia , vaikkei herrootellakkahan ! 	Emmä oo kommunistia , vaikkei herrootellakkahan ! 
west	Vastahan voi tulla vaikka perkeles !	Vastahan voi tulla vaikka perkeles !
west	O parrei pyssyy pois mieste asioist . 	O parrei pyssyy pois mieste asioist . 
west	Voit viel jäär kahre iso miehe vällii . 	Voit viel jäär kahre iso miehe vällii . 
west	Teretulemas silt raum toril , ni mää järkkä jottai nokkas pääl	Teretulemas silt raum toril , ni mää järkkä jottai nokkas pääl
north	Pittää sannoo että olihan tuossa nyt monenlaista lyhyttä silippua luettavaksi ku edellisesä oli kaksi sivua yhtä ainutta syntymäpäivähaastattelua ...	Pittää sannoo että olihan tuossa nyt monenlaista lyhyttä silippua luettavaksi ku edellisesä oli kaksi sivua yhtä ainutta syntymäpäivähaastattelua ...
north	Oikeinkirijotusta oottas toimittajien ossaavan ja ulukoasu on huono vaikka pitäs kaks media-assistenttia olla talossa ei varmaan olleet muistaneet olla tunneilla koulusa .	Oikeinkirijotusta oottas toimittajien ossaavan ja ulukoasu on huono vaikka pitäs kaks media-assistenttia olla talossa ei varmaan olleet muistaneet olla tunneilla koulusa .
north	valemetin 565 haima nyttempä on 2 kpl holsetin 45 turpoja nousuviikola kouhluun ja ajoissa .	valemetin 565 haima nyttempä on 2 kpl holsetin 45 turpoja nousuviikola kouhluun ja ajoissa .
west	Olen kyä sitä miältä että rosentit on nelkytäviis . 	Olen kyä sitä miältä että rosentit on nelkytäviis . 
west	Syän hatullisen paskaa , jos näin ei tapahru , kyä jämpti on näin .	Syän hatullisen paskaa , jos näin ei tapahru , kyä jämpti on näin .
west	Mä tairoin tryykätä tänne iliman aihetta . 	Mä tairoin tryykätä tänne iliman aihetta . 
west	Oon välillä virkaintoonen kun tällääsen lainvalvojan paikan oon saanu . 	Oon välillä virkaintoonen kun tällääsen lainvalvojan paikan oon saanu . 
west	Trenkäähän mun käyrä jokaases taloos , missä mua kunnioitetahan ja pelätähän . 	Trenkäähän mun käyrä jokaases taloos , missä mua kunnioitetahan ja pelätähän . 
west	Nykyaikana on muotihin tullu vielä tälläänen tähti , minkä mä laitan takkini klaffiin kun lähären virkamatkoolleni . 	Nykyaikana on muotihin tullu vielä tälläänen tähti , minkä mä laitan takkini klaffiin kun lähären virkamatkoolleni . 
west	Nythän sä sitten ookkin täälä oornikia pitäämäs akoolle , niin että munon paree mennä nukkumahan . 	Nythän sä sitten ookkin täälä oornikia pitäämäs akoolle , niin että munon paree mennä nukkumahan . 
west	Huomenna saattaa olla taas puhuristettavaa kun noiren joittenkin päähän ei saa uppuamahan , että toimitahan justihin niin kun mä taharon , eikä jätetä sontaasta jäläkiä missä liikutahan .	Huomenna saattaa olla taas puhuristettavaa kun noiren joittenkin päähän ei saa uppuamahan , että toimitahan justihin niin kun mä taharon , eikä jätetä sontaasta jäläkiä missä liikutahan .
north	mitä tullaisia vähkisin hengissä pitämään ku tulevaisuutta noila painotaloilla ei ole . 	mitä tullaisia vähkisin hengissä pitämään ku tulevaisuutta noila painotaloilla ei ole . 
north	kymmene vuojen päästä painetaa vielä vähemä mainos sontaa . 	kymmene vuojen päästä painetaa vielä vähemä mainos sontaa . 
north	räjäyttäkää se taivaalle ja kerrostaloja tilale .	räjäyttäkää se taivaalle ja kerrostaloja tilale .
west	KRISTILLISDEMOKRAATIT Häis- Häis ja hautajaisis Kristilliset asiat muisteta mut politiikas ne unhotetta , läträtä viinoil ja tupakoil vaa ja viätet muutonki hurja elämän meno , kun me kaik kuolla kumminki , ni sitä vois alotta paremppa suuntta äänestämäl Kritillisdemokraattei vai mitä ? 	KRISTILLISDEMOKRAATIT Häis- Häis ja hautajaisis Kristilliset asiat muisteta mut politiikas ne unhotetta , läträtä viinoil ja tupakoil vaa ja viätet muutonki hurja elämän meno , kun me kaik kuolla kumminki , ni sitä vois alotta paremppa suuntta äänestämäl Kritillisdemokraattei vai mitä ? 
west	Sialuki vois pelastu jos antais elämäs jeesuksen kätte !	Sialuki vois pelastu jos antais elämäs jeesuksen kätte !
north	Keralasta mullois joitaki käytännön kokemuksia , kysele lissää , jos vaikka sattusin tietämhään . 	Keralasta mullois joitaki käytännön kokemuksia , kysele lissää , jos vaikka sattusin tietämhään . 
north	Pari juttua , joista vois olla apua suunnittelusa Matkailuministeriö ylläpittää sivustoa 	Pari juttua , joista vois olla apua suunnittelusa Matkailuministeriö ylläpittää sivustoa 
north	Sieltä löytyy palijon hyövyllistä tietua Samasa saitisa on myös keskustelupalsta , josa voipii kysellä tarijouksia kaikenlaisista retkistä ( vaatii kirijautumista )	Sieltä löytyy palijon hyövyllistä tietua Samasa saitisa on myös keskustelupalsta , josa voipii kysellä tarijouksia kaikenlaisista retkistä ( vaatii kirijautumista )
north	Keralasa on hyvin toimiva Homestay verkosto . 	Keralasa on hyvin toimiva Homestay verkosto . 
north	Molen muutamasa asustellu ja kaikki on olheet vähitäänki hyviä , jokku ihan loistavia . 	Molen muutamasa asustellu ja kaikki on olheet vähitäänki hyviä , jokku ihan loistavia . 
north	Ja ko net on ylheensä tavallisten paikallisten perheitten ylläpitämiä , pääsee samala tutustumhaan ihimishiin . 	Ja ko net on ylheensä tavallisten paikallisten perheitten ylläpitämiä , pääsee samala tutustumhaan ihimishiin . 
north	Niiston jonkulainen luokitusjärijestelmäki olemasa . 	Niiston jonkulainen luokitusjärijestelmäki olemasa . 
north	Tuo ei tarkota sitä , etteikö luokituksen ulukopuolinen majapaikka vois olla hyvä , mutta nuot kuiten varmistavat jonkulaisen tason . 	Tuo ei tarkota sitä , etteikö luokituksen ulukopuolinen majapaikka vois olla hyvä , mutta nuot kuiten varmistavat jonkulaisen tason . 
west	M'oon ny kyllä sitä miältä n'otta oon voittanu tän hihtokilipaalun , jos en tyylis enkä nopeures , nii ainakin matkan pituures .	M'oon ny kyllä sitä miältä n'otta oon voittanu tän hihtokilipaalun , jos en tyylis enkä nopeures , nii ainakin matkan pituures .
west	Tuas oli justiinsa taas plakaati johna luki n'otta Kostamus .	Tuas oli justiinsa taas plakaati johna luki n'otta Kostamus .
west	ettei siälä vaan olis se Esso .	ettei siälä vaan olis se Esso .
west	mu miäs ymmärtä , jos joku tuiki tuntemato tulsis mun karvojain tutkima ! 	mu miäs ymmärtä , jos joku tuiki tuntemato tulsis mun karvojain tutkima ! 
west	Siit vois tul vaik lyämine. 	Siit vois tul vaik lyämine. 
west	Ja täl pual jokke mä kuorsa , mu miähe viäres .	Ja täl pual jokke mä kuorsa , mu miähe viäres .
west	vaik ole vähäaikka ollu tääl ni ole oppin et ei tart muut ko laitta hymynaama jutu loppu , kaik o hyvi . 	vaik ole vähäaikka ollu tääl ni ole oppin et ei tart muut ko laitta hymynaama jutu loppu , kaik o hyvi . 
west	Tämä o iha oma mailmas mis o paljo oppimist .	Tämä o iha oma mailmas mis o paljo oppimist .
west	Kuule -ketjuavaus- , Kui sää tämmöttis sen tänne alareunasse aukasit ? 	Kuule -ketjuavaus- , Kui sää tämmöttis sen tänne alareunasse aukasit ? 
west	Pist ny oikke kunno avaus tonne yläpuolel . 	Pist ny oikke kunno avaus tonne yläpuolel . 
west	Kato ku tää on jo nii pitkä et tarttee iänkaike vierittää ett tänne ales pääsee . 	Kato ku tää on jo nii pitkä et tarttee iänkaike vierittää ett tänne ales pääsee . 
west	Emmää tämmöttii viiteis .	Emmää tämmöttii viiteis .
west	Onko Itikammäen uusiis asunnoissa parkettia lattioissa !	Onko Itikammäen uusiis asunnoissa parkettia lattioissa !
east	Kyl sie kauniist ja oikeiki kirjotat . 	Kyl sie kauniist ja oikeiki kirjotat . 
east	Mut katsoin aikasemmin asiakseni katsoo tarkast mitä valesmannista sanotaa . 	Mut katsoin aikasemmin asiakseni katsoo tarkast mitä valesmannista sanotaa . 
east	Se on näät nii et , kylhä sie aika teräväst sanoit häne kielekäytöst . 	Se on näät nii et , kylhä sie aika teräväst sanoit häne kielekäytöst . 
east	Miul ol taas tärkeetä et , ku hän juur ol tult niku vakituiseks vallesmanniks , jottei hää saa lia hyökkäävää kuvvaa työstää . 	Miul ol taas tärkeetä et , ku hän juur ol tult niku vakituiseks vallesmanniks , jottei hää saa lia hyökkäävää kuvvaa työstää . 
east	Sehä on miu velvollisuus . 	Sehä on miu velvollisuus . 
east	Miehä olin jo oikoillut hänel häne nimittellyy . 	Miehä olin jo oikoillut hänel häne nimittellyy . 
east	Et sie olit vähä myöhäs . 	Et sie olit vähä myöhäs . 
east	mie katsoin et se ol turhaa . 	mie katsoin et se ol turhaa . 
east	Ei täs tämä kummempaa . 	Ei täs tämä kummempaa . 
east	Asia olkoo saant loppusilauksen . 	Asia olkoo saant loppusilauksen . 
east	Eikä täst olla moksiskaa , eiks nii ?	Eikä täst olla moksiskaa , eiks nii ?
west	paha Mikä ihme siin on et aamul jos joudun nouseen aikasin 6-8 välillä niin vatta on ihan sekasin ja kakkaa tulee kauheella paineella et pönttö on ihan rapattuna ja pierua riittää . 	paha Mikä ihme siin on et aamul jos joudun nouseen aikasin 6-8 välillä niin vatta on ihan sekasin ja kakkaa tulee kauheella paineella et pönttö on ihan rapattuna ja pierua riittää . 
west	Mut sit jos voin nukkuu myöhempään ja heräilen myöhemmin , kymmenen aikoihin , vatta ei oo läheskään niin sekasin . 	Mut sit jos voin nukkuu myöhempään ja heräilen myöhemmin , kymmenen aikoihin , vatta ei oo läheskään niin sekasin . 
west	Mun mielestä ei oo ollu vaikutusta sillä mitä iltasin oon syönyt . 	Mun mielestä ei oo ollu vaikutusta sillä mitä iltasin oon syönyt . 
west	Mee siinä nyt sit johkin kylään yöks ku vatta tekee mitä sattuu ...	Mee siinä nyt sit johkin kylään yöks ku vatta tekee mitä sattuu ...
west	ourolta aatella , että teitillä siä Jenkeissä on aamu . 	ourolta aatella , että teitillä siä Jenkeissä on aamu . 
west	Meitillähän on ehtoopuali ja täysin pimeetä tässä kuuren aikaan . 	Meitillähän on ehtoopuali ja täysin pimeetä tässä kuuren aikaan . 
west	Suvella tääläki paistaa viä aurinko , ja suvi tuli miäleen kun sää puhuit nurmikon leikkaamisesta . 	Suvella tääläki paistaa viä aurinko , ja suvi tuli miäleen kun sää puhuit nurmikon leikkaamisesta . 
west	Asuksää omakotitalossa ? 	Asuksää omakotitalossa ? 
west	Nin ne siä varmaan asuu muukki . 	Nin ne siä varmaan asuu muukki . 
west	Emmäkän tykänny kerrostalossa asua ja ostin täältä Hervannasta piänen mökin . 	Emmäkän tykänny kerrostalossa asua ja ostin täältä Hervannasta piänen mökin . 
west	Ompahan oma kuitenkin . 	Ompahan oma kuitenkin . 
west	Aikoinansa tää Hervanta ei ollu ollenkan suasittu asuinalue . 	Aikoinansa tää Hervanta ei ollu ollenkan suasittu asuinalue . 
west	Nyssen maine on paljon paree ja rikkaammakki ihmiset asustelee täälä päin .	Nyssen maine on paljon paree ja rikkaammakki ihmiset asustelee täälä päin .
west	Ja kumma sekin jotta tällä tiellä johna asuu kuulemma meppikin pitääs olla sitä ja tätä . 	Ja kumma sekin jotta tällä tiellä johna asuu kuulemma meppikin pitääs olla sitä ja tätä . 
west	Maksaako sekään eres veroja Lapualle - . 	Maksaako sekään eres veroja Lapualle - . 
west	Me katonnääs kässättii ettei meinaam pärjätä ton holipompelin kans ja että oli toi elämäki menny iham mäsäks siihen samaan syssyy . 	Me katonnääs kässättii ettei meinaam pärjätä ton holipompelin kans ja että oli toi elämäki menny iham mäsäks siihen samaan syssyy . 
west	Sitter ruvettii uskoo et tiätty vois ollakkij joku semmonev voima kekä pystys palauttaam meirän terveyre . 	Sitter ruvettii uskoo et tiätty vois ollakkij joku semmonev voima kekä pystys palauttaam meirän terveyre . 
west	Hövelisti me päätettiin sittel luavuttaa meirän tahron ja tom muunkik kitumise talteej Jumalalle , semmottenaku se itte kässättii . 	Hövelisti me päätettiin sittel luavuttaa meirän tahron ja tom muunkik kitumise talteej Jumalalle , semmottenaku se itte kässättii . 
west	Tehtiin sittennääs semmone läpikotanej ja viimesempäälle hotee moraaline ittepohriskelu . 	Tehtiin sittennääs semmone läpikotanej ja viimesempäälle hotee moraaline ittepohriskelu . 
west	Ihan oikeesti tiarotettii Jumalalle , ittellemme ja viä jollekkim muullekki hanulle näittem meiräv värkkäilyjen torellisesta luanteesta . 	Ihan oikeesti tiarotettii Jumalalle , ittellemme ja viä jollekkim muullekki hanulle näittem meiräv värkkäilyjen torellisesta luanteesta . 
west	Sittei meinaa enää yhtääv vistottanukkaa ku oltiin nääs ihan saletisti valmiita antaan ton Jumalan hioo noi piänet särmät meiräl luanteista . 	Sittei meinaa enää yhtääv vistottanukkaa ku oltiin nääs ihan saletisti valmiita antaan ton Jumalan hioo noi piänet särmät meiräl luanteista . 
west	Me oltiin muutem melkeer rokuilematta kumme pyyrettiin sitä tekeen se . 	Me oltiin muutem melkeer rokuilematta kumme pyyrettiin sitä tekeen se . 
west	Tehtiin kans semmonel lista , mihkä pantiin kaikkien niitten kekkeruusien nimet , ketä oltiin kohreltu vähä huanommi . 	Tehtiin kans semmonel lista , mihkä pantiin kaikkien niitten kekkeruusien nimet , ketä oltiin kohreltu vähä huanommi . 
west	Joku ihme hinku tuli sitter ruveta niitä hyvittelee . 	Joku ihme hinku tuli sitter ruveta niitä hyvittelee . 
west	No eikuh hyvitettii sitte , kerta oli se listaki , aina kuv voitii . 	No eikuh hyvitettii sitte , kerta oli se listaki , aina kuv voitii . 
west	Paittinääs jos me ois silläkurin saatu taas jotai ihme härtelliä aikaa . 	Paittinääs jos me ois silläkurin saatu taas jotai ihme härtelliä aikaa . 
west	Ainavaam me pohrittiin itteemme , ja jos joku semmonej juttu sattu , että me muka oltas oltu väärässä , nin me myännettiin se ensistää . 	Ainavaam me pohrittiin itteemme , ja jos joku semmonej juttu sattu , että me muka oltas oltu väärässä , nin me myännettiin se ensistää . 
west	Sittem me koitettiir rukoilla ja vuntsia silleen , että ois saatu semmone ihan tiatone yhteys siihej Jumalaa , semmottenaku sen ny ittekukik kässäs . 	Sittem me koitettiir rukoilla ja vuntsia silleen , että ois saatu semmone ihan tiatone yhteys siihej Jumalaa , semmottenaku sen ny ittekukik kässäs . 
west	Ei kyä ruinattu siltä muuta kuv vähä tiatoo että mitä se oikeem meistä haluu ja sitte tota voimaa että pystyttäs tekeen se . 	Ei kyä ruinattu siltä muuta kuv vähä tiatoo että mitä se oikeem meistä haluu ja sitte tota voimaa että pystyttäs tekeen se . 
west	Kumme sitte oli tultu aika noileen henkellisiks näitten askelten takia , koitettiiv viä tiarottaa tästä muillekkip purkuille ja muutenkik koitettiim muistaa nää pykälät . 	Kumme sitte oli tultu aika noileen henkellisiks näitten askelten takia , koitettiiv viä tiarottaa tästä muillekkip purkuille ja muutenkik koitettiim muistaa nää pykälät . 
west	Jotta turha tulla tänne kalisemhaan pöyrän alle , trossailemhaan ja lonksuttelemhaan leukaluitaan . 	Jotta turha tulla tänne kalisemhaan pöyrän alle , trossailemhaan ja lonksuttelemhaan leukaluitaan . 
west	Me pruukatahan sanua asiat halaki , niinku ne on . 	Me pruukatahan sanua asiat halaki , niinku ne on . 
west	Viimeki yänä joku uho keikkuu rystyyset valakosina pöyrän reunas , heitti turpavärkistään trossauksen , naamavärkkiään ei eres tohtinu vilahuttaakaan , mutta kyllä kiiruusti hyppäs pöyrän alle ja sualet heittivät volttia rääkäästen rumaasesti hajuvanan rikinkatkuusella säestyksellä .	Viimeki yänä joku uho keikkuu rystyyset valakosina pöyrän reunas , heitti turpavärkistään trossauksen , naamavärkkiään ei eres tohtinu vilahuttaakaan , mutta kyllä kiiruusti hyppäs pöyrän alle ja sualet heittivät volttia rääkäästen rumaasesti hajuvanan rikinkatkuusella säestyksellä .
east	Kirjotin kovalevylle tietoja lyijykynällä ja hävitin sitten tiiot lyömällä vasaralla . 	Kirjotin kovalevylle tietoja lyijykynällä ja hävitin sitten tiiot lyömällä vasaralla . 
east	Vähä pöllähtiä vuan puupölyä vuan ee enempiä savuja tullunna tästä .	Vähä pöllähtiä vuan puupölyä vuan ee enempiä savuja tullunna tästä .
north	Siis mitä ihimettä josain veriruuasa muka on , että ne pittäis kieltää ? 	Siis mitä ihimettä josain veriruuasa muka on , että ne pittäis kieltää ? 
north	Eihän ne päihytä ei sitte ensinkään . 	Eihän ne päihytä ei sitte ensinkään . 
north	Mihin ihimeen tasapainoon sie oikkee vetoat ? 	Mihin ihimeen tasapainoon sie oikkee vetoat ? 
north	olisit sinäkin valinnut koulusa sen englantin tilalle romanikielen ni ei tarvihtisi tälä tuomoisia miettiä . 	olisit sinäkin valinnut koulusa sen englantin tilalle romanikielen ni ei tarvihtisi tälä tuomoisia miettiä . 
north	Saa nähä tulleeko koko hommasta niitten mukkaan mittään .	Saa nähä tulleeko koko hommasta niitten mukkaan mittään .
north	te ette tiä kyllä mistään mithään mistään vaikka haukutte yt:eetä että te tiä mistään mithään kieva on hyvä paikka ja koko jokiranta on hyvä paikka menkää vaikka itteenne ko ette tiä mistään mithään vit .	te ette tiä kyllä mistään mithään mistään vaikka haukutte yt:eetä että te tiä mistään mithään kieva on hyvä paikka ja koko jokiranta on hyvä paikka menkää vaikka itteenne ko ette tiä mistään mithään vit .
east	eihä litlis oo mattoloi , siel pittää askel teräväst kopsahtaa .	eihä litlis oo mattoloi , siel pittää askel teräväst kopsahtaa .
north	Niistä monista entisistä en viiti sannoo mittään , tulokset puhukoon . 	Niistä monista entisistä en viiti sannoo mittään , tulokset puhukoon . 
west	muuten ainakain siälä on aika kolokkoa raksakantaa nykyisin ne uuret	muuten ainakain siälä on aika kolokkoa raksakantaa nykyisin ne uuret
east	Ai ko miul tulloo tuost tönkkösuolatust mei Aulis mielee . 	Ai ko miul tulloo tuost tönkkösuolatust mei Aulis mielee . 
east	Hää olkii nii kala perrää muutekii , mie en , ko mie oon allerkikko . 	Hää olkii nii kala perrää muutekii , mie en , ko mie oon allerkikko . 
east	Miul tulloo kalast sellast pient nypylää käsvarsii , ei meinaa sit irrota millää . 	Miul tulloo kalast sellast pient nypylää käsvarsii , ei meinaa sit irrota millää . 
east	Meil ol kultakalloi aikonnaa , nekkii pit hävittää pois , ko mie nii allerkisoin .	Meil ol kultakalloi aikonnaa , nekkii pit hävittää pois , ko mie nii allerkisoin .
east	Tuo o kato luajaallainen kymysys . 	Tuo o kato luajaallainen kymysys . 
east	Oikkeessa out tuossakkii asiassa ja jos eivät avvaisi littarriisa , hävviis koko ihmiskunta noppeesti . 	Oikkeessa out tuossakkii asiassa ja jos eivät avvaisi littarriisa , hävviis koko ihmiskunta noppeesti . 
west	Tuos vielä valtuutettuna , onko oikea paikka valtuutetun kirjootella yleisönosastolla . 	Tuos vielä valtuutettuna , onko oikea paikka valtuutetun kirjootella yleisönosastolla . 
west	Joskus voi olla pareekki ettei viedä valtuustoon pikkuasioita ku ne tahtoo siellä paisua .	Joskus voi olla pareekki ettei viedä valtuustoon pikkuasioita ku ne tahtoo siellä paisua .
west	Se murttenki mää ole unhottanu , ko mää oli vaa kahrenkymmeyhre ko mää muuti siält poies . 	Se murttenki mää ole unhottanu , ko mää oli vaa kahrenkymmeyhre ko mää muuti siält poies . 
west	Ko mää oli armeijas Haminas , ni siäl ol yks kaveri Raumalt . 	Ko mää oli armeijas Haminas , ni siäl ol yks kaveri Raumalt . 
west	Me ain puhutti oikke paha Uurekaupunki ja Rauma kiält sitävaste , ko kaik muu siäl vaa puhus karjala . 	Me ain puhutti oikke paha Uurekaupunki ja Rauma kiält sitävaste , ko kaik muu siäl vaa puhus karjala . 
west	Se ol varma semne irentiteettikysymys . 	Se ol varma semne irentiteettikysymys . 
west	se on MEIRÄN takkahuoneen seinällä , ja MEIRÄn takkahuoneessa ei ruattalaasista rumaasti sanota , sillä MEIRÄn takkahuoneessa kannatethan pakkoruahtia !	se on MEIRÄN takkahuoneen seinällä , ja MEIRÄn takkahuoneessa ei ruattalaasista rumaasti sanota , sillä MEIRÄn takkahuoneessa kannatethan pakkoruahtia !
north	Kummastuttaa tuo Kittilän outo into saaha hallintojohtajalta valtaa pois . 	Kummastuttaa tuo Kittilän outo into saaha hallintojohtajalta valtaa pois . 
north	Luulis että hallintojohtajalla juuriki on virkansa puolesta just eniten tietämystä tuosta surullisen kuulusasta kuntalakikirjasta jota heilutethin telkkarissaki . 	Luulis että hallintojohtajalla juuriki on virkansa puolesta just eniten tietämystä tuosta surullisen kuulusasta kuntalakikirjasta jota heilutethin telkkarissaki . 
north	Ainaki meilä Rovaniemellä hallintoihmiset tarkistaa kaikki maholliset asiat että toimithaan oikein ja että sitte on ne päätöspykälät veenpitävät . 	Ainaki meilä Rovaniemellä hallintoihmiset tarkistaa kaikki maholliset asiat että toimithaan oikein ja että sitte on ne päätöspykälät veenpitävät . 
north	Nehän pittää etukätheen jo enne esityslistojen tekemistä valmistella ne valtuuston ja kaupunginhallituksen asiat ja sitte hallintoihmiset esittelee . 	Nehän pittää etukätheen jo enne esityslistojen tekemistä valmistella ne valtuuston ja kaupunginhallituksen asiat ja sitte hallintoihmiset esittelee . 
north	Valtuutetut sitte päättää mitä tehhään . 	Valtuutetut sitte päättää mitä tehhään . 
north	Luulis että Kittilässä kannattis tuon hallintojohtajan olla se valmistelija ja sihteeri kunnahallituksessa ja valtuustossa eikä niinkhän kunnajohtaja tai joku tiedottaja / elinkeinojohtajan , ko luulis heillä olevan omissa töissäki tekemistä . 	Luulis että Kittilässä kannattis tuon hallintojohtajan olla se valmistelija ja sihteeri kunnahallituksessa ja valtuustossa eikä niinkhän kunnajohtaja tai joku tiedottaja / elinkeinojohtajan , ko luulis heillä olevan omissa töissäki tekemistä . 
north	Hallintojohtaja voipi sitte olla kokouksessa se joka neuvoo mitä laki sanoo tai sitten se selvittää työnsäki puolesta lakipykälät . 	Hallintojohtaja voipi sitte olla kokouksessa se joka neuvoo mitä laki sanoo tai sitten se selvittää työnsäki puolesta lakipykälät . 
north	On teilä Kittilässä omituista tuo tehtävien jako ko nykki kesken kokouksen soitethan jolleki joka on kotona , että siekö se olet kokouksen kuttunu koolle . 	On teilä Kittilässä omituista tuo tehtävien jako ko nykki kesken kokouksen soitethan jolleki joka on kotona , että siekö se olet kokouksen kuttunu koolle . 
north	Tällälailla se oli ko luin justiinsa tuon kunnahallitukse uuen pöytäkirjan . 	Tällälailla se oli ko luin justiinsa tuon kunnahallitukse uuen pöytäkirjan . 
north	Pistäkää hyät ihmiset nyt sielä asiat kuntoon . 	Pistäkää hyät ihmiset nyt sielä asiat kuntoon . 
north	Miten teilä nyt näitä ongelmia on tällä valtuustokauella niin mahottomasti ku ei ole enne kittilässä tämmösiä ollu ? 	Miten teilä nyt näitä ongelmia on tällä valtuustokauella niin mahottomasti ku ei ole enne kittilässä tämmösiä ollu ? 
north	Palakkaa äkkiä siihen miten oli eellisellä valtuustokauella . 	Palakkaa äkkiä siihen miten oli eellisellä valtuustokauella . 
north	Hopusti otatta varavaltuutetut loppukaueksi ja pois äkkiä nuo nykyset .	Hopusti otatta varavaltuutetut loppukaueksi ja pois äkkiä nuo nykyset .
north	Eipä täsä mittään . 	Eipä täsä mittään . 
north	Toimikunnan perusteluissa usiasti lukee , kun joku toiminimen perustanut työtön todetaan yrittäjäksi , että " Työttömyysturvaan ei ole oikeutta xx päivästä alkaen . 	Toimikunnan perusteluissa usiasti lukee , kun joku toiminimen perustanut työtön todetaan yrittäjäksi , että " Työttömyysturvaan ei ole oikeutta xx päivästä alkaen . 
north	Sanat sieki , meijät , met , olemma , tulemma , eikhän , äläppä , ko , mehän , toimhen on varmaankin maahanmuutajan omaa sanastoa , mutta kyllä tämän hankalan suomen kielen ajan kanssa jossain vaihessa oppii👍 .	Sanat sieki , meijät , met , olemma , tulemma , eikhän , äläppä , ko , mehän , toimhen on varmaankin maahanmuutajan omaa sanastoa , mutta kyllä tämän hankalan suomen kielen ajan kanssa jossain vaihessa oppii👍 .
west	älä sekota jämppäläisiä kankoopeehen !	älä sekota jämppäläisiä kankoopeehen !
east	miks sie välleen kiusaat toisii tälviisii ? 	miks sie välleen kiusaat toisii tälviisii ? 
east	Usot sie et mie jo sinut tunsin , hatsahan sie oot , naapurin höyhenis .	Usot sie et mie jo sinut tunsin , hatsahan sie oot , naapurin höyhenis .
west	Mist mää mittää tierä mihi o muutttanu ?	Mist mää mittää tierä mihi o muutttanu ?
west	No sinne sano Tilli , ku pappi kysy , eikö Tilli taivahah haluakkah ku tollaist elämää viättää .	No sinne sano Tilli , ku pappi kysy , eikö Tilli taivahah haluakkah ku tollaist elämää viättää .
north	Se on ihme ku joku jottain täällä keskustelu palstalla kyssyy niin ei voida siihenkään vastata ku pitää AINA sivuta kunnan asioihin .	Se on ihme ku joku jottain täällä keskustelu palstalla kyssyy niin ei voida siihenkään vastata ku pitää AINA sivuta kunnan asioihin .
north	Täällä sitä parjattaan perse kipiänä konneella ku ei uskalleta mittään äänneen sanoa . 	Täällä sitä parjattaan perse kipiänä konneella ku ei uskalleta mittään äänneen sanoa . 
north	Menkkää ite eholle kuntapäättäjäksi jos vituttaa noin palijo .	Menkkää ite eholle kuntapäättäjäksi jos vituttaa noin palijo .
west	täyrelliset naiset seuraaminen koollaan siinä ihan ite mukana :@	täyrelliset naiset seuraaminen koollaan siinä ihan ite mukana :@
west	On nuo kankoonpeeläiset sairasta porukkoo .	On nuo kankoonpeeläiset sairasta porukkoo .
west	Kyll mää tierä ettei Veera mikkää lepso ol .	Kyll mää tierä ettei Veera mikkää lepso ol .
west	Tuossoli televaattoris hirmusöötti ohjelma . 	Tuossoli televaattoris hirmusöötti ohjelma . 
west	Venäläisil alkuperäisasukkail oli niiku oikeus pyylystää muutama valas . 	Venäläisil alkuperäisasukkail oli niiku oikeus pyylystää muutama valas . 
west	Sit kun noli saanu yhlen , jäänallet asettu vähän matkan päähän KILTISTI oottaan , kun ne tiesi , mitä on tulossa . 	Sit kun noli saanu yhlen , jäänallet asettu vähän matkan päähän KILTISTI oottaan , kun ne tiesi , mitä on tulossa . 
west	Kahlen päivän päästä valastajat oli teurastanu ja jakanu osan , mutta jätti jäänalleille runsaasti perkeitä . 	Kahlen päivän päästä valastajat oli teurastanu ja jakanu osan , mutta jätti jäänalleille runsaasti perkeitä . 
west	Nallet tuli si ja oli hirveen niiku tyytyväisii , ja kiitteli kilttii ihmisii . 	Nallet tuli si ja oli hirveen niiku tyytyväisii , ja kiitteli kilttii ihmisii . 
west	Oli kyl heettasta . 	Oli kyl heettasta . 
north	Ja sitä mie en ymmärrä yhthän , että miksi vain kunnan palkkalistoilla olevat joutuvat kantamhan vastuun kunnan kassan kartuttamisesta . 	Ja sitä mie en ymmärrä yhthän , että miksi vain kunnan palkkalistoilla olevat joutuvat kantamhan vastuun kunnan kassan kartuttamisesta . 
north	Nyt pitäs kyllä päättäjiltäki alkaa vaatimhan semmosia toimenpitheitä ja suunnitelmia , joitten toteuttaminen kasvattais kunnan kassan tulopuolta . 	Nyt pitäs kyllä päättäjiltäki alkaa vaatimhan semmosia toimenpitheitä ja suunnitelmia , joitten toteuttaminen kasvattais kunnan kassan tulopuolta . 
north	Jotenkin mulla on semmonen mielikuva , että nihkeällä tontti- ja rakennuslupapolitiikalla on aikaisemmin menetetty varthenotettavien yrittäjien tuloa ja sen kautta syntyviä työpaikkoja . 	Jotenkin mulla on semmonen mielikuva , että nihkeällä tontti- ja rakennuslupapolitiikalla on aikaisemmin menetetty varthenotettavien yrittäjien tuloa ja sen kautta syntyviä työpaikkoja . 
north	Ei kunnan tehtävä ole työpaikkojen luominen , vaan olosuhtheitten järjestäminen kunnassa niin , että yrittäjät , yhteisöt ym:t voisivat toimia ja tarjota työtä . 	Ei kunnan tehtävä ole työpaikkojen luominen , vaan olosuhtheitten järjestäminen kunnassa niin , että yrittäjät , yhteisöt ym:t voisivat toimia ja tarjota työtä . 
north	Ja sekin on pystyttävä tunnustamhan , jos ei rahkhet riitä tuottamhan kuntalaisille etes lain eellyttämiä peruspalveluja . 	Ja sekin on pystyttävä tunnustamhan , jos ei rahkhet riitä tuottamhan kuntalaisille etes lain eellyttämiä peruspalveluja . 
north	E-E-ei , vaan JOHTAVILLA VIRKAMIEHILLÄ ja KUNTAPÄÄTTÄJILLÄ pittää olla kunnan tulevaisuuen suhthen ajatuksia , iteoita . 	E-E-ei , vaan JOHTAVILLA VIRKAMIEHILLÄ ja KUNTAPÄÄTTÄJILLÄ pittää olla kunnan tulevaisuuen suhthen ajatuksia , iteoita . 
north	Muuten net tullee herrat sieltä Helsingistä ja alkavat määräämhän sotkan pönttöjen , riekon ansojen , siikaverkkojen ym:en paikakki . 	Muuten net tullee herrat sieltä Helsingistä ja alkavat määräämhän sotkan pönttöjen , riekon ansojen , siikaverkkojen ym:en paikakki . 
north	Net ei varhman ymmärä meitä .	Net ei varhman ymmärä meitä .
north	Mukava ko kohta kirkonkylä täynä tyhjiä taloja , met Lompolosta ostama niitä halvalla kalakämpiksi että pääsemä lohenpyynthiin Väyläle.	Mukava ko kohta kirkonkylä täynä tyhjiä taloja , met Lompolosta ostama niitä halvalla kalakämpiksi että pääsemä lohenpyynthiin Väyläle.
north	Itte taijan ostaa tuon päiväkodin pikkurahala , sitä ei kauvvaa Kolarissa tarvita .	Itte taijan ostaa tuon päiväkodin pikkurahala , sitä ei kauvvaa Kolarissa tarvita .
north	Mie en ainakhan ala visteihin kirjottamhan mithän muuta ku sitä mitä mie puhun . 	Mie en ainakhan ala visteihin kirjottamhan mithän muuta ku sitä mitä mie puhun . 
north	Halveksin niitä jokka kehtaapi oikeasti vääntää jotaki määtä ja säätä ja lyhennellä omia sanojansa . 	Halveksin niitä jokka kehtaapi oikeasti vääntää jotaki määtä ja säätä ja lyhennellä omia sanojansa . 
north	Mie olen ainaki aidosti se mikä mie olen ja etelän varikset saapii kuulla just sitä kieltä mitä mie puhun eikä muuta . 	Mie olen ainaki aidosti se mikä mie olen ja etelän varikset saapii kuulla just sitä kieltä mitä mie puhun eikä muuta . 
north	Murre on rikkaus ja ei tämä hoon päältä puhuminen minusta mithän tyhmää lappalaista tehe minun mielestä . 	Murre on rikkaus ja ei tämä hoon päältä puhuminen minusta mithän tyhmää lappalaista tehe minun mielestä . 
north	Puhuthan just niinku puhuthan eikö vain	Puhuthan just niinku puhuthan eikö vain
west	Emmää sit tiärä menik mult jottan ohi . 	Emmää sit tiärä menik mult jottan ohi . 
west	Flikka ol alle kaheksantoista vuatiaan näköne , mut jäppine muisteli minkälaine se ol nuorena ? 	Flikka ol alle kaheksantoista vuatiaan näköne , mut jäppine muisteli minkälaine se ol nuorena ? 
west	Olik siis kuiteski kysees niinko joku vanha vosu , joka vaa näytti nuarelt ? 	Olik siis kuiteski kysees niinko joku vanha vosu , joka vaa näytti nuarelt ? 
west	Viddu , ku mä e tajuu miks mä e tajuu . 	Viddu , ku mä e tajuu miks mä e tajuu . 
west	Eli onk mul niinko lukihäiskä vai kui täs näi kävi . 	Eli onk mul niinko lukihäiskä vai kui täs näi kävi . 
west	Onk joku kiva ja kerto mul , et mikä tä juju ol ?	Onk joku kiva ja kerto mul , et mikä tä juju ol ?
east	Ihan tarkkaa tietua meil ei ole kävijämääristä , mutta kalalupia on myyty sama määrä kuin viimevuonna ja vuotta on jälellä pitkäkolomonen . 	Ihan tarkkaa tietua meil ei ole kävijämääristä , mutta kalalupia on myyty sama määrä kuin viimevuonna ja vuotta on jälellä pitkäkolomonen . 
east	Misäs meillä on se huorabaari , mie kyllä maita alueelta omistan , mtteen oo paikasta kuullu , oisko se persepahkan viereinen kivi ? 	Misäs meillä on se huorabaari , mie kyllä maita alueelta omistan , mtteen oo paikasta kuullu , oisko se persepahkan viereinen kivi ? 
east	Tuo poikahuorala menee jo körttien hommiksi , sitä ei meijän maala sallita . 	Tuo poikahuorala menee jo körttien hommiksi , sitä ei meijän maala sallita . 
east	Paskajoki on nouseva matkailukohe , TE-keskus ei vielä rahhoo antanna ja FinVera on yhtä pihi kuin palstan Amalia , pitääkin tehä sinne kamelikuskisafari -anomus seuraavaks .	Paskajoki on nouseva matkailukohe , TE-keskus ei vielä rahhoo antanna ja FinVera on yhtä pihi kuin palstan Amalia , pitääkin tehä sinne kamelikuskisafari -anomus seuraavaks .
north	Minusta ois vaan niin kiva , jos ois ees pari semmosta hyvvää kaveria , joitten kans voi höpötellä niitä näitä , kahtua elokuvia , pittää saunailtoja , käydä kahvilla tai vaikkapa festareilla . 	Minusta ois vaan niin kiva , jos ois ees pari semmosta hyvvää kaveria , joitten kans voi höpötellä niitä näitä , kahtua elokuvia , pittää saunailtoja , käydä kahvilla tai vaikkapa festareilla . 
north	Ja aina ei tarttis ees tehä mittään , kuhan olla röhnöttää ja kertoilla kuulumisia :-D Semmosta kaipaan . 	Ja aina ei tarttis ees tehä mittään , kuhan olla röhnöttää ja kertoilla kuulumisia :-D Semmosta kaipaan . 
north	Ja mää tykkään kahavista , aforismeista , lukemisesta , hyvän mussiikin kuuntelusta , elukoista ja tanssimisesta , vaikken sitä edes ossaa . 	Ja mää tykkään kahavista , aforismeista , lukemisesta , hyvän mussiikin kuuntelusta , elukoista ja tanssimisesta , vaikken sitä edes ossaa . 
east	Niin tuli tuossa ajateltuo iteksee kaekenlaesta oamuyön hilijasina tunteina , että mitä se tämä ihmise elämä oekee on teällä " hyvinvoennin " keskellä . 	Niin tuli tuossa ajateltuo iteksee kaekenlaesta oamuyön hilijasina tunteina , että mitä se tämä ihmise elämä oekee on teällä " hyvinvoennin " keskellä . 
east	Nii ku ensinnä oamulla silimäsä aokaset , keität kahvet jonka pavut on poemineet alipalakatut poemijat kaokana etelän vuoristorinteillä ja lorraotat maetoa sekkaa , jonka lehmä-raokka on herutellu utareistaa tehonavetassa millonkaa peäsemätä ulos ihastelemaa sinistä taevasta . 	Nii ku ensinnä oamulla silimäsä aokaset , keität kahvet jonka pavut on poemineet alipalakatut poemijat kaokana etelän vuoristorinteillä ja lorraotat maetoa sekkaa , jonka lehmä-raokka on herutellu utareistaa tehonavetassa millonkaa peäsemätä ulos ihastelemaa sinistä taevasta . 
east	Otampa tuosta leipäpalan ja pistän peälle kinkkusiilun jona on tehty tanskalaesesta teho- possusta , joka seisoo koko elämäsä putkikarsinassa nojaten aetaan , kun jalat on niin heikot kannattamaan sitä valtlvoa ahterie . 	Otampa tuosta leipäpalan ja pistän peälle kinkkusiilun jona on tehty tanskalaesesta teho- possusta , joka seisoo koko elämäsä putkikarsinassa nojaten aetaan , kun jalat on niin heikot kannattamaan sitä valtlvoa ahterie . 
east	No sitte pittää lähteä töehin . 	No sitte pittää lähteä töehin . 
east	Ajampa aotolla semmosta kyytie että samalla liiskoan viattomie metänelläemie jotka on vahinkossa eksyneet minun kulukureitille , sillä kiireessä en kerkie niitä väestellä . 	Ajampa aotolla semmosta kyytie että samalla liiskoan viattomie metänelläemie jotka on vahinkossa eksyneet minun kulukureitille , sillä kiireessä en kerkie niitä väestellä . 
east	Sitte kun oon tehnynnä sen työpäevän , olemalla niin tärkeä ja korvoamaton sekä erinommaenen . 	Sitte kun oon tehnynnä sen työpäevän , olemalla niin tärkeä ja korvoamaton sekä erinommaenen . 
east	Kottiin tullessa meen tietysti kaoppaan ostamaa jottaen semmosta syötäveä mikä minulle tälläkertoa maestuisi . 	Kottiin tullessa meen tietysti kaoppaan ostamaa jottaen semmosta syötäveä mikä minulle tälläkertoa maestuisi . 
east	Sielläha ne minimipalakatut osa-aekaset kaopanmyyjät jo hymmyilevät ja yrittävät palavella minnuo parhaalla mahollisella tavalla . 	Sielläha ne minimipalakatut osa-aekaset kaopanmyyjät jo hymmyilevät ja yrittävät palavella minnuo parhaalla mahollisella tavalla . 
east	Otampa proelerie seku on nii terveellistä . 	Otampa proelerie seku on nii terveellistä . 
east	Eipä taijja tarvita kertoa miten se on kasvanunna ja miten on peässy henkestään . 	Eipä taijja tarvita kertoa miten se on kasvanunna ja miten on peässy henkestään . 
east	Suklaata tekköö mieli , no eise mittää jos nuo kaakaopavut on keränny joku pikkupoeka ahfriikassa iliman palakkoa . 	Suklaata tekköö mieli , no eise mittää jos nuo kaakaopavut on keränny joku pikkupoeka ahfriikassa iliman palakkoa . 
east	No illalla täötyy lähteä lenkille . 	No illalla täötyy lähteä lenkille . 
east	Uuvet lenkkitossut on tehny joku kiinalaenen liimanhajusessa tehassalissa ja halavalla . 	Uuvet lenkkitossut on tehny joku kiinalaenen liimanhajusessa tehassalissa ja halavalla . 
east	Pittää soaha hiki pintaa että jaksaa reissata kut tekis mieli jonnekki eksoottisee kaokomoahan . 	Pittää soaha hiki pintaa että jaksaa reissata kut tekis mieli jonnekki eksoottisee kaokomoahan . 
east	Tossa on kijoski vielä aoki ja siellä se kahen lapsen äeti on vielä töessä näen myöhää , vaekka lapset haluvaesivat jo iltasuukot mennessää nukkumaa . 	Tossa on kijoski vielä aoki ja siellä se kahen lapsen äeti on vielä töessä näen myöhää , vaekka lapset haluvaesivat jo iltasuukot mennessää nukkumaa . 
east	Otampa tuosta kijoskilta matkaesittee jonka paperi oli tehty siitä ikivanahasta metästä , joka pantii nurin viine talavena ja se satavuotine lintujen pesäpuu oli hävinny , kun se peippo tuli takasi seoroavana kevväänä pesimää , eipä löytänynnäkkää enneä kotijaa . 	Otampa tuosta kijoskilta matkaesittee jonka paperi oli tehty siitä ikivanahasta metästä , joka pantii nurin viine talavena ja se satavuotine lintujen pesäpuu oli hävinny , kun se peippo tuli takasi seoroavana kevväänä pesimää , eipä löytänynnäkkää enneä kotijaa . 
east	No jos vaekka lähtis tuonne Taemaaha , onha siellä nähtäveä . 	No jos vaekka lähtis tuonne Taemaaha , onha siellä nähtäveä . 
east	Tuo matka ku on sinne nii pitkä , on se mukava kun ne jakkaa tuota " ilimasta " viinoa konneessa ettei tunnu aeka nii pitkältä , silläaekoa kun suihkukone jättää tuhansie kilometrie pitkän saastevanan siniselle taevaalle . 	Tuo matka ku on sinne nii pitkä , on se mukava kun ne jakkaa tuota " ilimasta " viinoa konneessa ettei tunnu aeka nii pitkältä , silläaekoa kun suihkukone jättää tuhansie kilometrie pitkän saastevanan siniselle taevaalle . 
east	Täötyyhä sitä käyvvä kahtomassa siellä sitä syntistä elämeä , kun on kerran tänne asti tultu ja eikä oo noapurit näkemässä . 	Täötyyhä sitä käyvvä kahtomassa siellä sitä syntistä elämeä , kun on kerran tänne asti tultu ja eikä oo noapurit näkemässä . 
east	Siellähä ne petoksella houkutellut moalaestytöt ja poijjat heiluttelloot ihteäsä , että sutenööriin kassat ei vaen lopettaesi kilisemästä . 	Siellähä ne petoksella houkutellut moalaestytöt ja poijjat heiluttelloot ihteäsä , että sutenööriin kassat ei vaen lopettaesi kilisemästä . 
east	Ja suomipojjan silimät kiiluu ja posket helotta punasena kuumassa etelän yössä . 	Ja suomipojjan silimät kiiluu ja posket helotta punasena kuumassa etelän yössä . 
east	Eikö se olekki ihanoa kun ei tarvihe osata mittää ja voe elleä nii mukavasti . 	Eikö se olekki ihanoa kun ei tarvihe osata mittää ja voe elleä nii mukavasti . 
east	Ei tarvihe osata viljellä moata eikä laettoa ruokoa , kaopasta soapi valamista tae tilovaa pitsan . 	Ei tarvihe osata viljellä moata eikä laettoa ruokoa , kaopasta soapi valamista tae tilovaa pitsan . 
east	Ei tarvihe osata korjata mittää , heittää menemää ja ostaa uuven . 	Ei tarvihe osata korjata mittää , heittää menemää ja ostaa uuven . 
east	Ei tarvihe luuva ihmissuhteita eikä seurustella eikä tarvihe mennä ees naemisii , ostaa voan seksiä ja voepi sittennii , vaekka oliskii naemisissa tae sinneppäen . 	Ei tarvihe luuva ihmissuhteita eikä seurustella eikä tarvihe mennä ees naemisii , ostaa voan seksiä ja voepi sittennii , vaekka oliskii naemisissa tae sinneppäen . 
east	Ei tarvihe ajatellakkaa , avovaa telekkarin ja ottaa pissen ja lötkähtää sohvalle . 	Ei tarvihe ajatellakkaa , avovaa telekkarin ja ottaa pissen ja lötkähtää sohvalle . 
east	Ja aeka mennöö nii mukavasti . 	Ja aeka mennöö nii mukavasti . 
east	Ja se kaokoseäjin se se on vasta suuri apu . 	Ja se kaokoseäjin se se on vasta suuri apu . 
east	En oo ikänä voenunna sieteä moesta nimitystä että pikkujoulu . 	En oo ikänä voenunna sieteä moesta nimitystä että pikkujoulu . 
east	Ei oo olemassa mittää pikkujouluo voan aenoastaa joulu ja kaekki varmaan tietää miksi sitä vietetää . 	Ei oo olemassa mittää pikkujouluo voan aenoastaa joulu ja kaekki varmaan tietää miksi sitä vietetää . 
east	No tietennii että soahaa syyvä ja juuva aeva henkihieverii asti sekä panna rahat kaekemoaliman turhuuksiin . 	No tietennii että soahaa syyvä ja juuva aeva henkihieverii asti sekä panna rahat kaekemoaliman turhuuksiin . 
east	Ja ennenkaekkea opettoa lapset jo varhaesessa vaehessa siihen perinteesee . 	Ja ennenkaekkea opettoa lapset jo varhaesessa vaehessa siihen perinteesee . 
east	Jotkuha viettää jouluo aevan jonkun muun takkie . 	Jotkuha viettää jouluo aevan jonkun muun takkie . 
east	Hänen syntymäjuhlana josta piäs olla lähtösi tämä kristillisyys . 	Hänen syntymäjuhlana josta piäs olla lähtösi tämä kristillisyys . 
east	Ja minä mopomies hyväksyn tämä kaeken hiljasesti , kun en voe oekeen tehä muutakaa ku valittoa . 	Ja minä mopomies hyväksyn tämä kaeken hiljasesti , kun en voe oekeen tehä muutakaa ku valittoa . 
east	En kyllä oo tähän tyytyväenen mutta kun on assiet nii hyvin että jeäpi aekoa tämmösiin aprikoentii . 	En kyllä oo tähän tyytyväenen mutta kun on assiet nii hyvin että jeäpi aekoa tämmösiin aprikoentii . 
east	Se oes varmaa toesin jos kaekki enerkija menisi siihe että saesi jottae suuhusa henkesä pitimiksi ja suojoa missä voes yösä nukkuo . 	Se oes varmaa toesin jos kaekki enerkija menisi siihe että saesi jottae suuhusa henkesä pitimiksi ja suojoa missä voes yösä nukkuo . 
east	mahtaako oluesta ies kunnon humalat suaha .	mahtaako oluesta ies kunnon humalat suaha .
east	pöhnä tuloo vuan .	pöhnä tuloo vuan .
east	juu otin mie hammeen poikkee ku miehen jätin . 	juu otin mie hammeen poikkee ku miehen jätin . 
east	mitäs ko lonkat ja reijet nii puutui .	mitäs ko lonkat ja reijet nii puutui .
east	ei minnuu kukkaa käskennä mut otin mie vaa . 	ei minnuu kukkaa käskennä mut otin mie vaa . 
east	nyt oon ilman hametta ja tuuletus pellaa .	nyt oon ilman hametta ja tuuletus pellaa .
east	on niiksee ilmava olo tila . 	on niiksee ilmava olo tila . 
east	mie en kyllä teeskentele enkä ennää persoona muuta . 	mie en kyllä teeskentele enkä ennää persoona muuta . 
east	mutta yks pyyntö ois vaikka siulle jos tavattais ja hieroisit miun jalkojaini ko hammeet nii niitä kovetti .	mutta yks pyyntö ois vaikka siulle jos tavattais ja hieroisit miun jalkojaini ko hammeet nii niitä kovetti .
east	Jopa rykälehtöö immeine tosissoo . 	Jopa rykälehtöö immeine tosissoo . 
east	Ookko aena ollunna kutvake ?	Ookko aena ollunna kutvake ?
east	AY-liike YLEISLAKKOON oppositio " Kyl mää ihmettelen , niin paljo mää ihmettelen , kummossii miehii tee oik ootte ? 	AY-liike YLEISLAKKOON oppositio " Kyl mää ihmettelen , niin paljo mää ihmettelen , kummossii miehii tee oik ootte ? 
east	" " Vihulain rangaistustyöllistää veljii ja sisarii laittamaa kivii heitin polkujes juure , ja perk .	" " Vihulain rangaistustyöllistää veljii ja sisarii laittamaa kivii heitin polkujes juure , ja perk .
east	te vaikenet koko asiast . 	te vaikenet koko asiast . 
east	" " ilm palkkaa mie en al pokkuroim heitin ees , työs mie tee sen mit pittääki , mut en ilm palk , asia on niin , niin se on . 	" " ilm palkkaa mie en al pokkuroim heitin ees , työs mie tee sen mit pittääki , mut en ilm palk , asia on niin , niin se on . 
east	" " ei veikkone vieköön , jos te AY-liikket ny hiljoo ootte . 	" " ei veikkone vieköön , jos te AY-liikket ny hiljoo ootte . 
east	Te saatte juost karkku mailm tappii ast , jos te ette pysähdy ja te ees vastrintaa . 	Te saatte juost karkku mailm tappii ast , jos te ette pysähdy ja te ees vastrintaa . 
east	" " Kyl heitil kelpas siu pellot ja maat , ilmatteeks sie saat töit teh heitil , ja palkkaa et sie saa . 	" " Kyl heitil kelpas siu pellot ja maat , ilmatteeks sie saat töit teh heitil , ja palkkaa et sie saa . 
east	" " uskokaa ny ku mää nysan . 	" " uskokaa ny ku mää nysan . 
east	" " vastustakaa perkelettä vihulaist , niin se pakane , ei se oo sen kummosep Luojan luoma ihminen kuin sie tai mie . 	" " vastustakaa perkelettä vihulaist , niin se pakane , ei se oo sen kummosep Luojan luoma ihminen kuin sie tai mie . 
east	" " ja älä sit nost päätäs ja san et , en mää tien ku vihulain ampuu sultki puolt päät pois . 	" " ja älä sit nost päätäs ja san et , en mää tien ku vihulain ampuu sultki puolt päät pois . 
west	" mietaa machines sahaa kaiken kappaleiksi mikä ei mee oikeaa reittiä kyllä ne siitä oppii " Aiva oikehe .	" mietaa machines sahaa kaiken kappaleiksi mikä ei mee oikeaa reittiä kyllä ne siitä oppii " Aiva oikehe .
west	mutta äläkää vaan kysykö miten laavu rakennetahan " mietaa machinesilla " menöö pasmat sekaasi ku ei tierä .	mutta äläkää vaan kysykö miten laavu rakennetahan " mietaa machinesilla " menöö pasmat sekaasi ku ei tierä .
north	oon se tuo mualimankaikkeus niin suuri ja autio , kuulemma pimiää ainetta pullollaan , jota kukkoo ei uoo nähänynnä , onkoonee sokioita ,mie nien pimiää aena,ku loppuu joku näyttämästä valua , luulis taivahalla olevan nuita tuikkuja nokko , että näkkööpi jottain,oha nua nuit teleskuupeja ilimoihin laukonneet ja valua niistä nähäneet , taitaa olla muutama sokio piässy tiejehenkilöksi , taikka toimittajat lämpi , ikseen sitte pimmeyvestä huastelloo , yrittääkö nua tavallista tähtiintuijottajaa vettää nokasta , mie en ymmärrä , mihin sillä pyrittään , olipa se mahoton metiatapahtuma,ku lossautettiin rottooneja pahki toisiinsa ja yritettään muka selittää mualimankaikkeutta sillä , mihin vittuun ne neutronit jäi tässä hulinassa , miksi ne ei ammu neutroneja pahki toisiinsa , tullooko sitte mualimanloppu,ku eivät uskalla sitä tehhä , vaiko vejetäänkö tässähi jottain nokkoo ?	oon se tuo mualimankaikkeus niin suuri ja autio , kuulemma pimiää ainetta pullollaan , jota kukkoo ei uoo nähänynnä , onkoonee sokioita ,mie nien pimiää aena,ku loppuu joku näyttämästä valua , luulis taivahalla olevan nuita tuikkuja nokko , että näkkööpi jottain,oha nua nuit teleskuupeja ilimoihin laukonneet ja valua niistä nähäneet , taitaa olla muutama sokio piässy tiejehenkilöksi , taikka toimittajat lämpi , ikseen sitte pimmeyvestä huastelloo , yrittääkö nua tavallista tähtiintuijottajaa vettää nokasta , mie en ymmärrä , mihin sillä pyrittään , olipa se mahoton metiatapahtuma,ku lossautettiin rottooneja pahki toisiinsa ja yritettään muka selittää mualimankaikkeutta sillä , mihin vittuun ne neutronit jäi tässä hulinassa , miksi ne ei ammu neutroneja pahki toisiinsa , tullooko sitte mualimanloppu,ku eivät uskalla sitä tehhä , vaiko vejetäänkö tässähi jottain nokkoo ?
west	katteles vähän ajan päästä mites on.	katteles vähän ajan päästä mites on.
west	tu sitte huutaa hintojen nousua .	tu sitte huutaa hintojen nousua .
west	heikottaa , ku itte emäntä tuli ryyppään näitä viimosia tujuja meikäläisen kanssa . 	heikottaa , ku itte emäntä tuli ryyppään näitä viimosia tujuja meikäläisen kanssa . 
west	Aika sekametelisoppa taitaa olla tää koko häiskä , ja nykku viälä pää meni pyörälle kauneuren eressä , käret tärisee niin ku horkassa . 	Aika sekametelisoppa taitaa olla tää koko häiskä , ja nykku viälä pää meni pyörälle kauneuren eressä , käret tärisee niin ku horkassa . 
west	Voi juku , ku Ruuneperi tiätäs , että me täälä kahren , olis iha vihriä .	Voi juku , ku Ruuneperi tiätäs , että me täälä kahren , olis iha vihriä .
west	Skoolataan ystävyyrelle !	Skoolataan ystävyyrelle !
east	sen minun ilimotuksen Venneily/Laevat ja merenkuluku ? 	sen minun ilimotuksen Venneily/Laevat ja merenkuluku ? 
east	Kyllä kaet meijän täytyy laevan kyytiin piästä ( ae laevaan juu ) aenahhii ens alakuun . 	Kyllä kaet meijän täytyy laevan kyytiin piästä ( ae laevaan juu ) aenahhii ens alakuun . 
east	Ihan rantaanhan myö ee piästä , vaen suattaa olla että suahaan uija loppumatka . 	Ihan rantaanhan myö ee piästä , vaen suattaa olla että suahaan uija loppumatka . 
east	Myö suatettas pukkeutuva vaekka sammakkomiehen pukkuun , semmoseen kehokontoomiin , että nähhään jo rantaan tullessa mikä on kalatilanne . 	Myö suatettas pukkeutuva vaekka sammakkomiehen pukkuun , semmoseen kehokontoomiin , että nähhään jo rantaan tullessa mikä on kalatilanne . 
east	Eekä kenenkään tarvihte pelätä hukkuvasa . 	Eekä kenenkään tarvihte pelätä hukkuvasa . 
east	Kahloo vuan veen alla rantaan . 	Kahloo vuan veen alla rantaan . 
east	Suatas tuotua tureet päevällistarvikkeet tullessaan ja Onmulla ja Mummeli vae olko se Pirrejuupas tekköö kalasoppoo . 	Suatas tuotua tureet päevällistarvikkeet tullessaan ja Onmulla ja Mummeli vae olko se Pirrejuupas tekköö kalasoppoo . 
east	Ja tietennii nuo laevapoejat tulis katamariinilla perässä .	Ja tietennii nuo laevapoejat tulis katamariinilla perässä .
north	on turha yrittää samalle aaltopituuelle , ei ne ymmärrä luonnon kauneuesta ja neljästä vuojenajasta mittään .	on turha yrittää samalle aaltopituuelle , ei ne ymmärrä luonnon kauneuesta ja neljästä vuojenajasta mittään .
west	Mull meni ensiks monttu auki , kumää luin ton sun juttus . 	Mull meni ensiks monttu auki , kumää luin ton sun juttus . 
west	Sit alkonauruttaa niin pal kauhiast , ett oikke maha hytkys . 	Sit alkonauruttaa niin pal kauhiast , ett oikke maha hytkys . 
west	Tul mieleen ett , nii ne äijät lens ku tuhka tuulee .	Tul mieleen ett , nii ne äijät lens ku tuhka tuulee .
west	Pohojammaan asiat tule reirahan ku Mietaan Jussi menöö Eruskuntahan .	Pohojammaan asiat tule reirahan ku Mietaan Jussi menöö Eruskuntahan .
west	Eihän se oikeen lähäre juttu käyntihin ku mun pohojammaani perriytyy ainovasttaan geenien kautta . 	Eihän se oikeen lähäre juttu käyntihin ku mun pohojammaani perriytyy ainovasttaan geenien kautta . 
west	Ja on jo rapiasti viiskymmentä vuotta siitäki kun olin Vaasan Jääkäripataljoonassa oikeen pohojalaasen kurssilla .	Ja on jo rapiasti viiskymmentä vuotta siitäki kun olin Vaasan Jääkäripataljoonassa oikeen pohojalaasen kurssilla .
west	Kun sää oikein hämeen murrettakin halusit mukaan , nin mää kumminkin yritän , vaikka asunkin jo Lahres , jokka ihmiset siä puhuu enemmänkin " Hollolan lahren " takasta murretta ninkun jokku sanoo . 	Kun sää oikein hämeen murrettakin halusit mukaan , nin mää kumminkin yritän , vaikka asunkin jo Lahres , jokka ihmiset siä puhuu enemmänkin " Hollolan lahren " takasta murretta ninkun jokku sanoo . 
west	Tahron vaan tuara julki , että otsikolla " Niinkö ? " 	Tahron vaan tuara julki , että otsikolla " Niinkö ? " 
west	sää käytit tuoata ilmasua " sinun kaltases " ja oon mää nähny kyä sun käyttävän sitä ennenki . 	sää käytit tuoata ilmasua " sinun kaltases " ja oon mää nähny kyä sun käyttävän sitä ennenki . 
west	Sua ny anteeks kun sekaannun ! 	Sua ny anteeks kun sekaannun ! 
west	Kyä sää voit itteki sen toreta , että ilkee olit . 	Kyä sää voit itteki sen toreta , että ilkee olit . 
west	Kattos ny : Kirjottanut Ruuneperi	Kattos ny : Kirjottanut Ruuneperi
west	Ekkö sää kaiken lisäks omista huumorintajun kipenettäkän ? 	Ekkö sää kaiken lisäks omista huumorintajun kipenettäkän ? 
west	Malviinaa on haukuttu ittensä kehujaks ja siittä johtu kun se ny sitten rehvasteli , niiku sää sen käsitit ja monkerrukseks sen murretta on sanottu ja niin seki sitten sano muiren murretta . 	Malviinaa on haukuttu ittensä kehujaks ja siittä johtu kun se ny sitten rehvasteli , niiku sää sen käsitit ja monkerrukseks sen murretta on sanottu ja niin seki sitten sano muiren murretta . 
west	Semmonen tuli miäleen viä , että sun varmaan pitäs nukkua yällä kun oot oman puhees mukaan jo 70 niinun ollaan melkein muukki . 	Semmonen tuli miäleen viä , että sun varmaan pitäs nukkua yällä kun oot oman puhees mukaan jo 70 niinun ollaan melkein muukki . 
west	Nymmää sanoin niinkun mun miälestä asit o ja ei sen nynnin väliä oo , vaikka alkasitte muakin hukkuun kun tartee saara jotakin pitää hampaissaan . 	Nymmää sanoin niinkun mun miälestä asit o ja ei sen nynnin väliä oo , vaikka alkasitte muakin hukkuun kun tartee saara jotakin pitää hampaissaan . 
west	Sanon kuitenkin viä tähän loppuun , että siittä se rauha palaa kun jokainen kohrallaan miättis ennenkuin alkas riirellä , vaikka kuinka kiitollinen kohre oliskin , niinkun tua Malviina . 	Sanon kuitenkin viä tähän loppuun , että siittä se rauha palaa kun jokainen kohrallaan miättis ennenkuin alkas riirellä , vaikka kuinka kiitollinen kohre oliskin , niinkun tua Malviina . 
west	Aattelin viä sitäkin , että ookko sää aina oikias siinäkän riiras mitä oot piremmän aikaa pitäny yllä sen yhren kanssa - Ajomiähen , meinaan .	Aattelin viä sitäkin , että ookko sää aina oikias siinäkän riiras mitä oot piremmän aikaa pitäny yllä sen yhren kanssa - Ajomiähen , meinaan .
north	koskaa ei oo ollu niin hilijasta kessää Haapaveellä mitä tämä	koskaa ei oo ollu niin hilijasta kessää Haapaveellä mitä tämä
west	Olikohan Nurmoolaiset lasit päässä vai katottiiko samaa ottelua mikä siinä nyt meni niin väärin ?	Olikohan Nurmoolaiset lasit päässä vai katottiiko samaa ottelua mikä siinä nyt meni niin väärin ?
east	päällä on ollunna koko ajan . 	päällä on ollunna koko ajan . 
east	saapa nähä tekkeekö mutkia matkan varrella kuten Ikosen vesijuttu on aiheuttanut ja aiheuttanneeko mitä ny ?	saapa nähä tekkeekö mutkia matkan varrella kuten Ikosen vesijuttu on aiheuttanut ja aiheuttanneeko mitä ny ?
north	Ei taija olla laajennus tarvetta , kymmenen vuojen päästä yhen sivukylän oppilaat mahtuu taksiin , niinku on käyny mieluskylä eteläpuoli ja ojakylä , ikäluokat on semmoset ja uusia asukkaita tuskin haapaveelle rynnimällä tulee , ajaa hurauttavat vaan töihin puolessa tunnissa naapuri kunnista😊	Ei taija olla laajennus tarvetta , kymmenen vuojen päästä yhen sivukylän oppilaat mahtuu taksiin , niinku on käyny mieluskylä eteläpuoli ja ojakylä , ikäluokat on semmoset ja uusia asukkaita tuskin haapaveelle rynnimällä tulee , ajaa hurauttavat vaan töihin puolessa tunnissa naapuri kunnista😊
west	keskusta on kuin kesäpoika teherashallin laattialla ei tierä mitä tekis ja mihinkä menis , teköö sitte kaiken mitä käsketähän . 	keskusta on kuin kesäpoika teherashallin laattialla ei tierä mitä tekis ja mihinkä menis , teköö sitte kaiken mitä käsketähän . 
west	Vihervasemmisto sanoo ja viöö kepun joo joo väki teköö mitä käsketähän . 	Vihervasemmisto sanoo ja viöö kepun joo joo väki teköö mitä käsketähän . 
west	kepun kannatus kohta paikallispankin talletuskoroon verran .	kepun kannatus kohta paikallispankin talletuskoroon verran .
west	Suumahherim poja ajelul Ralffi ol saanu pomoltas lahjaks iha uuren karhia Pemari . 	Suumahherim poja ajelul Ralffi ol saanu pomoltas lahjaks iha uuren karhia Pemari . 
west	Hän ol kovast ylppiä täst uurest menopelistäs ja he lähtiväkki Maikkelin kans heti testaamaha sitä Pohjamaa lakeuksil. 	Hän ol kovast ylppiä täst uurest menopelistäs ja he lähtiväkki Maikkelin kans heti testaamaha sitä Pohjamaa lakeuksil. 
west	Ralffi ajo ensi , ja sit Maikkeli pyys et " Saank määki aja ? " 	Ralffi ajo ensi , ja sit Maikkeli pyys et " Saank määki aja ? " 
west	ja Ralffi sanos et " Saas kyl , mut et sit riko mun uut hiano auttotan " ja Maikkeli lupas ja vannos et ehjän pysy , eikä naarmun naarmuu tul . 	ja Ralffi sanos et " Saas kyl , mut et sit riko mun uut hiano auttotan " ja Maikkeli lupas ja vannos et ehjän pysy , eikä naarmun naarmuu tul . 
west	No , Maikkeli oli jotta muutama satametri ajanu ja Pemaris oliki aika taval vauhti jo ku Maikkeli yhtäkki kiljasi kauhust ja tempas ohjauspyäräst niin kovi , et auto lens ojaha , siit kaks kertta katon kaut ympäri ja jäi kauas pellol pyärilles , mut se Pemari ol IHAN paskan . 	No , Maikkeli oli jotta muutama satametri ajanu ja Pemaris oliki aika taval vauhti jo ku Maikkeli yhtäkki kiljasi kauhust ja tempas ohjauspyäräst niin kovi , et auto lens ojaha , siit kaks kertta katon kaut ympäri ja jäi kauas pellol pyärilles , mut se Pemari ol IHAN paskan . 
west	Ralffi kyselemä : " Mitä helvetti sää suaral tiäl tollai väistis ? " 	Ralffi kyselemä : " Mitä helvetti sää suaral tiäl tollai väistis ? " 
west	ja Maikkeli sanos et " No sitä kauhia puut ko oli keskel tiät " . 	ja Maikkeli sanos et " No sitä kauhia puut ko oli keskel tiät " . 
west	Ralffi sanos , et : " Ei täsä mittä puit ol lähimppä sattan kilometrihin , mitä sä oikke horises siin " ja men istumaha kuskinpaikal . 	Ralffi sanos , et : " Ei täsä mittä puit ol lähimppä sattan kilometrihin , mitä sä oikke horises siin " ja men istumaha kuskinpaikal . 
west	Vähä aikka se siin tiiraili ja sit rupes kauhiaste vollottamaha : " Voi jumalauta ! 	Vähä aikka se siin tiiraili ja sit rupes kauhiaste vollottamaha : " Voi jumalauta ! 
west	Sää rikkosis mu iha uure Pemari . 	Sää rikkosis mu iha uure Pemari . 
west	Ja mink taki ? 	Ja mink taki ? 
west	Sää saatana väistis tota peilis roikkuva Wunterpaumi , senki homo ! 	Sää saatana väistis tota peilis roikkuva Wunterpaumi , senki homo ! 
west	Skörde viää polokupyärätkin heti kun selekänsä kääntää ? 	Skörde viää polokupyärätkin heti kun selekänsä kääntää ? 
north	ko sie leikit vielä aatuleikkiä tule tänne kathoon mitä ihmiset touhuava niin tiät sieki mitä kirjotat tuleppa kokkeihleen rönttälä naista kyythiin niin alkava naurahmaan sinua , ja tässon veetty mersuja joka aamu käyhmään latala,näe se tuo lata se on tehty siperian olhoin se pittää lähteä vielä lähelä -50c käyhmään ilman roikkaa ko eihän sielä siperiassakhaan ole mithään lämpötolppia , mersuhan ei lähe roikastakhaan johan se on veikkonen nähty .	ko sie leikit vielä aatuleikkiä tule tänne kathoon mitä ihmiset touhuava niin tiät sieki mitä kirjotat tuleppa kokkeihleen rönttälä naista kyythiin niin alkava naurahmaan sinua , ja tässon veetty mersuja joka aamu käyhmään latala,näe se tuo lata se on tehty siperian olhoin se pittää lähteä vielä lähelä -50c käyhmään ilman roikkaa ko eihän sielä siperiassakhaan ole mithään lämpötolppia , mersuhan ei lähe roikastakhaan johan se on veikkonen nähty .
north	Tulipa tehtyä tän vuojen ekat lumityötki tänään . 	Tulipa tehtyä tän vuojen ekat lumityötki tänään . 
north	Raittiina raittiisa ilimasa,mut kyllä tuli näläkäki. 	Raittiina raittiisa ilimasa,mut kyllä tuli näläkäki. 
north	Nyt muistelemmaan menneitä ja syömään kesäkeittua . 	Nyt muistelemmaan menneitä ja syömään kesäkeittua . 
east	sie annoit oivan vihjeen äkäsyytee , :)) ) totta onkii mansikat saap ihmisen hyvälle mielelle . 	sie annoit oivan vihjeen äkäsyytee , :)) ) totta onkii mansikat saap ihmisen hyvälle mielelle . 
east	mansikoita ko voip syyvä niin monel viisii . 	mansikoita ko voip syyvä niin monel viisii . 
east	sie syät maiton kanssa , mie ehottomasti kerman kanssa . 	sie syät maiton kanssa , mie ehottomasti kerman kanssa . 
east	nyt ei mansikois ole olt makeutta jote sokerii on saant panna sekkaan . 	nyt ei mansikois ole olt makeutta jote sokerii on saant panna sekkaan . 
east	syön mansikoita melkee joka päivä niin kauan ko niit on tuoreena saatavilla . 	syön mansikoita melkee joka päivä niin kauan ko niit on tuoreena saatavilla . 
east	televisios on näkynt rakastavaisten tapa syyvä mansikoita . 	televisios on näkynt rakastavaisten tapa syyvä mansikoita . 
east	hyö kastaa mansikan kermavaahtoon ja syöttää sen toisillee . 	hyö kastaa mansikan kermavaahtoon ja syöttää sen toisillee . 
east	se on niin romanttisen näköstä , että tullee iha ikävä olla nuori . 	se on niin romanttisen näköstä , että tullee iha ikävä olla nuori . 
east	vaikkei silviisii tult minun nuoruutes mansikoita syötyy . 	vaikkei silviisii tult minun nuoruutes mansikoita syötyy . 
east	miun nuoruutes mansikka romantiikkaa ol ko jokkuu renkipoika heinän kortee keräs metsämansikoita ja anto ne mielitietyllee .	miun nuoruutes mansikka romantiikkaa ol ko jokkuu renkipoika heinän kortee keräs metsämansikoita ja anto ne mielitietyllee .
east	:) ) ) pakaste mansikasta voip tehhä kiisselii , soppaa tai kakkuun mutta yksinää syötynä niist on kesä poissa . 	:) ) ) pakaste mansikasta voip tehhä kiisselii , soppaa tai kakkuun mutta yksinää syötynä niist on kesä poissa . 
east	luonto tosiaa kauneimmillaa ko kuuma kesä ei ole sitä polttant . 	luonto tosiaa kauneimmillaa ko kuuma kesä ei ole sitä polttant . 
east	mie tykkään tämmösestä raikkaasta kesästä ei ole liian kuuma . 	mie tykkään tämmösestä raikkaasta kesästä ei ole liian kuuma . 
east	myö ollaakin sään puolest ko herran kukkarossa , aatteles ko siel ranskas on taas niin kuuma että hyö pelkää vanhusten puolesta , ko viime kesän heitä kuol useita kuumuutee . 	myö ollaakin sään puolest ko herran kukkarossa , aatteles ko siel ranskas on taas niin kuuma että hyö pelkää vanhusten puolesta , ko viime kesän heitä kuol useita kuumuutee . 
east	on sekkii ankara kuolintapa . 	on sekkii ankara kuolintapa . 
east	kesäl on kaikkea mukavaa , kute yhteislaulu tilaisuuet , niitä mie rakastan , ensimmäisis tilaisuuksis kävin jo viipurissa enne sottaa . 	kesäl on kaikkea mukavaa , kute yhteislaulu tilaisuuet , niitä mie rakastan , ensimmäisis tilaisuuksis kävin jo viipurissa enne sottaa . 
east	on niin mukava laulaa vieraitten ihmisten kanssa , siin on mahtava tunnelna , sinne voip männä yhdessä tai yksin , suosittelen lämpimästi kesäohjelmaan . 	on niin mukava laulaa vieraitten ihmisten kanssa , siin on mahtava tunnelna , sinne voip männä yhdessä tai yksin , suosittelen lämpimästi kesäohjelmaan . 
east	kesä on myös rakkauten aikaa vähä niinko joulukin , joulun ja kesäl tunteet on herkemmäs ja tuntuukin että sillon on helppo rakastaa ihan jokkaista . 	kesä on myös rakkauten aikaa vähä niinko joulukin , joulun ja kesäl tunteet on herkemmäs ja tuntuukin että sillon on helppo rakastaa ihan jokkaista . 
north	sellasen paksun , paksujalakasen , joisa vielä on palijo karvaa , hevosen . 	sellasen paksun , paksujalakasen , joisa vielä on palijo karvaa , hevosen . 
north	Sellasen , ko josaki kuvasa veti kai jotaki kalijalastia . 	Sellasen , ko josaki kuvasa veti kai jotaki kalijalastia . 
north	Liekkö jottain tanskalaista rotua . 	Liekkö jottain tanskalaista rotua . 
north	Semmosella olis lysti kulukia maita ja mantuja . 	Semmosella olis lysti kulukia maita ja mantuja . 
north	Eipä tarttis pensa-asemilla käyvä . 	Eipä tarttis pensa-asemilla käyvä . 
north	Kaura-annos olis aina mukana , niin jopa kulukis etteenpäin , ja kai tarvittaessa taaksekin ? 	Kaura-annos olis aina mukana , niin jopa kulukis etteenpäin , ja kai tarvittaessa taaksekin ? 
north	Loppupäästötki olis vaan maanlannotukseen hyvijä .	Loppupäästötki olis vaan maanlannotukseen hyvijä .
west	Mist mää mittää tierä mut en ainakaa mää se ollu .	Mist mää mittää tierä mut en ainakaa mää se ollu .
west	Että sitte tommottiis menet tietämättömyyttäs yleisesti laukomaan ? 	Että sitte tommottiis menet tietämättömyyttäs yleisesti laukomaan ? 
east	Pittää täösin paekkasa .	Pittää täösin paekkasa .
west	Kaharen konehen kytkemine ? 	Kaharen konehen kytkemine ? 
west	Hei , kuinka tapahtuu pöytäkonehen kytkeminen kannettavaha ? 	Hei , kuinka tapahtuu pöytäkonehen kytkeminen kannettavaha ? 
west	Joku puhuu jostaki " nollamoreemikaapelista " . 	Joku puhuu jostaki " nollamoreemikaapelista " . 
west	Kannettavas ov vapahia paikkoja ( reikiä ja piikkiä ) vaikka kuinka , myäs yksi USP-portti näkyy olovan . 	Kannettavas ov vapahia paikkoja ( reikiä ja piikkiä ) vaikka kuinka , myäs yksi USP-portti näkyy olovan . 
west	Pöytäkonehes ov vapahina seuraavap paikat ( ohiekiriam mukaha ) : Saria-portti ( Seriel port ) , Rinnakkaasportti ( Parallel-port ) ja VeeKeeAa-monitori , mikä ei taira tulla kyseeshe sekä monta USP-porttia . 	Pöytäkonehes ov vapahina seuraavap paikat ( ohiekiriam mukaha ) : Saria-portti ( Seriel port ) , Rinnakkaasportti ( Parallel-port ) ja VeeKeeAa-monitori , mikä ei taira tulla kyseeshe sekä monta USP-porttia . 
west	Tarves liitäntähä tuloo siitä , kum pöytäkonehes on ceeree-asema , ei korppuasemaa ( ! ) ja kannettavas päivvastoon . 	Tarves liitäntähä tuloo siitä , kum pöytäkonehes on ceeree-asema , ei korppuasemaa ( ! ) ja kannettavas päivvastoon . 
west	Teer ruunia myäs kannettavalla , johon tarvittem materiaalia pöytäkonehen kautta , johona on nettiyhteys . 	Teer ruunia myäs kannettavalla , johon tarvittem materiaalia pöytäkonehen kautta , johona on nettiyhteys . 
west	Pöytäkonehes on XP-käyttöjäriestelmä , kannettavas 98. 	Pöytäkonehes on XP-käyttöjäriestelmä , kannettavas 98. 
west	Kiitos neuvvoosta !	Kiitos neuvvoosta !
west	niin vaikee sanoo missä seuraavaksi mut viimeistään mp-messuilla helsinkissä mut ? 	niin vaikee sanoo missä seuraavaksi mut viimeistään mp-messuilla helsinkissä mut ? 
west	jos sul on kiireempi ni vinkkaa ? 	jos sul on kiireempi ni vinkkaa ? 
west	olipas yllättävää että meirän aurinko otti kantaa johonkin noinkin radikaaliin asiaan :-) Mut hei , eiks me kaikki voitais vaan vaihtaa radio novalle ja siinä samalla vähän hassutella hauskasti , eiks se ois jee kliffaa kaikille :-) Sit vähän kevät aurinkoo heiii , ja sit etittäis siitä vitun isosta läjästä paskaa se positiivinenkin puoliii heiiii :-)	olipas yllättävää että meirän aurinko otti kantaa johonkin noinkin radikaaliin asiaan :-) Mut hei , eiks me kaikki voitais vaan vaihtaa radio novalle ja siinä samalla vähän hassutella hauskasti , eiks se ois jee kliffaa kaikille :-) Sit vähän kevät aurinkoo heiii , ja sit etittäis siitä vitun isosta läjästä paskaa se positiivinenkin puoliii heiiii :-)
north	nainen tuo kuronen kyllä tuossa kuokka sullaa ja äkkiä sano !	nainen tuo kuronen kyllä tuossa kuokka sullaa ja äkkiä sano !
west	Kuule Tukkusutija , sää tulit tähä palstal ku tilauksest . 	Kuule Tukkusutija , sää tulit tähä palstal ku tilauksest . 
west	Ku mää ehtisi jo ajattelee mielessäin , et olis kiva kuulla oikkia stadin slangia kans näytteeks . 	Ku mää ehtisi jo ajattelee mielessäin , et olis kiva kuulla oikkia stadin slangia kans näytteeks . 
west	Ku mää luin ton , ni mul tul mielee se Remu Aaltonen . 	Ku mää luin ton , ni mul tul mielee se Remu Aaltonen . 
west	Telkkaris olen hän kuulostellu joskus . 	Telkkaris olen hän kuulostellu joskus . 
west	Sen Tuomari Nurmion jossan laulus kans käytetän sitä kielt . 	Sen Tuomari Nurmion jossan laulus kans käytetän sitä kielt . 
west	Kaikki sanoi , mitä sää sanoit mää en ymmärtäny . 	Kaikki sanoi , mitä sää sanoit mää en ymmärtäny . 
west	Mut jotkut voi selvitä päättelemäl . 	Mut jotkut voi selvitä päättelemäl . 
west	Tieräks sää , on jottain sanakirjaa teil täst . 	Tieräks sää , on jottain sanakirjaa teil täst . 
west	Mut tieräks sää , et mitä ero o slankil ja murttel ?	Mut tieräks sää , et mitä ero o slankil ja murttel ?
west	kyä siinä henkitys pysähty ja sydän pomppas kurkkuun kun joku meni sanoon ettei tuu suameen enää kun en ikinä oo livenä nähny ! 	kyä siinä henkitys pysähty ja sydän pomppas kurkkuun kun joku meni sanoon ettei tuu suameen enää kun en ikinä oo livenä nähny ! 
east	Paljonkohan postikulut olis tanne piäkaupunkiseuvulle ? 	Paljonkohan postikulut olis tanne piäkaupunkiseuvulle ? 
east	Viitisit sie vielä sen selevittee . 	Viitisit sie vielä sen selevittee . 
east	On miulakii jonniinnäköstä savon kielen taitoo , oon lähtösin savonlinnan liepeiltä , siellä putkahtanu mualimaan tasan 50 vuotta sitten ... 	On miulakii jonniinnäköstä savon kielen taitoo , oon lähtösin savonlinnan liepeiltä , siellä putkahtanu mualimaan tasan 50 vuotta sitten ... 
east	Vielä mikä siitä sen eccon tekköö ... 	Vielä mikä siitä sen eccon tekköö ... 
east	eli kuinka se eroaa professionelista ja mimmonen takkkkkkuuuuu sillä on ( eli mitä jos siinois vikkoo , kuka sen korjais takkkkkuuuuaikana , miunhan pitäs lähettee se sinne Kuopijjoon ) . 	eli kuinka se eroaa professionelista ja mimmonen takkkkkkuuuuu sillä on ( eli mitä jos siinois vikkoo , kuka sen korjais takkkkkuuuuaikana , miunhan pitäs lähettee se sinne Kuopijjoon ) . 
east	jos tekköö pahhoo , paina sillä nuolella siitä ruuvvun oikkeessa yläkulumassa olevasta ruksista .	jos tekköö pahhoo , paina sillä nuolella siitä ruuvvun oikkeessa yläkulumassa olevasta ruksista .
west	No kylä niiv varmana oon . 	No kylä niiv varmana oon . 
west	Kukkaisviikot onki sitte taas kohta ja se om pirun hyvä se . 	Kukkaisviikot onki sitte taas kohta ja se om pirun hyvä se . 
west	Sillov voi panna peiket housut jalakaa ja mennä teletalle laskee elossa olevat kaverit , ettäniinku kekkä o selvinny joulusta . 	Sillov voi panna peiket housut jalakaa ja mennä teletalle laskee elossa olevat kaverit , ettäniinku kekkä o selvinny joulusta . 
west	Siä ne kaikki kumminki o , joseivät sitte renkkelin pihasa viininplitkua akoillee juattamasa . 	Siä ne kaikki kumminki o , joseivät sitte renkkelin pihasa viininplitkua akoillee juattamasa . 
west	Sitä en kyä tiä että mistä pirun Turusta sää puhut ...	Sitä en kyä tiä että mistä pirun Turusta sää puhut ...
west	se taitaa olla siä jossail Lempääläm pualella , ja se tianoo om mulle kylä jääny vähä huanommalle ...	se taitaa olla siä jossail Lempääläm pualella , ja se tianoo om mulle kylä jääny vähä huanommalle ...
west	Kuolema on perseestä , Sen jälkeen on nääs aikas hankalaa tehrä mitään kivaa .	Kuolema on perseestä , Sen jälkeen on nääs aikas hankalaa tehrä mitään kivaa .
west	Kun se valamistuu , niin alihärmälästä tuloo muutama puupää kuseskelemaan vessan lattialle , kostoksi . 	Kun se valamistuu , niin alihärmälästä tuloo muutama puupää kuseskelemaan vessan lattialle , kostoksi . 
west	Alihärmäläänen kateus on toisenlaasta kuin yleensä Pohojanmaalla . 	Alihärmäläänen kateus on toisenlaasta kuin yleensä Pohojanmaalla . 
west	Alihärmäläänen kateus on slaavilaasta kateutta , johona yritetään rikkoa ja tuhota toisen aikaansaannokset , tekemättä itte mitään valamista . 	Alihärmäläänen kateus on slaavilaasta kateutta , johona yritetään rikkoa ja tuhota toisen aikaansaannokset , tekemättä itte mitään valamista . 
west	Alihärmälääsiä ei voi sanoa pohojalaasiksi , kun niiren käytös on venäläästä .	Alihärmälääsiä ei voi sanoa pohojalaasiksi , kun niiren käytös on venäläästä .
east	Siustkii kuulla.	Siustkii kuulla.
east	Kuule on niitä mustiiki joutsenii ,mie aattele sillee , et kyl niitä kuuluu olla,iha niiku niitä mustii raitoi siin Ragni Malmsteeni mattolaulus , jos mustii raitoi ei ois ni ne kirkkaatkaa ei nii kirkkaita ois.	Kuule on niitä mustiiki joutsenii ,mie aattele sillee , et kyl niitä kuuluu olla,iha niiku niitä mustii raitoi siin Ragni Malmsteeni mattolaulus , jos mustii raitoi ei ois ni ne kirkkaatkaa ei nii kirkkaita ois.
east	Muistat Sie ne sanat , miulku on pää nii täys kaikelaisii ajatuksii,ni en muista ,mut laulu sanoma kyl.	Muistat Sie ne sanat , miulku on pää nii täys kaikelaisii ajatuksii,ni en muista ,mut laulu sanoma kyl.
east	No kuule mitäSiul kuuluu ? 	No kuule mitäSiul kuuluu ? 
east	Mieko käin tuol kylil vähä konttori tyttölöi kans,ni on ajatukset viel siel,hyöku tiesiit nii mehevii juorui ,ehä mie tietekää ois niitä halunt kuulla ,mut mihi sie korvais paat.	Mieko käin tuol kylil vähä konttori tyttölöi kans,ni on ajatukset viel siel,hyöku tiesiit nii mehevii juorui ,ehä mie tietekää ois niitä halunt kuulla ,mut mihi sie korvais paat.
east	Kuule Sie oot poja kans samoil linjoil,ei hää luvant sähköi vettää . 	Kuule Sie oot poja kans samoil linjoil,ei hää luvant sähköi vettää . 
east	Hää sano ,et voi siuta äiti ,hääku tietää ,et mie huraha vähävällii millo mihiki harrastuksee ja ei ne ylleesä kaua kestä,ni hää uskoo et mie kohta unoha täänkii konnee.	Hää sano ,et voi siuta äiti ,hääku tietää ,et mie huraha vähävällii millo mihiki harrastuksee ja ei ne ylleesä kaua kestä,ni hää uskoo et mie kohta unoha täänkii konnee.
east	Voi hyväihme taas minnuu,näi pitkäst taas mie haasto , liekö tult mittää järkee , ja mieku meinasi Siul panna kevennyksekii , mut pittää jättää toisillekkii tätä " paperii " et hyökii mahtuut kirjottammaa.	Voi hyväihme taas minnuu,näi pitkäst taas mie haasto , liekö tult mittää järkee , ja mieku meinasi Siul panna kevennyksekii , mut pittää jättää toisillekkii tätä " paperii " et hyökii mahtuut kirjottammaa.
east	Pi ä Sie issestäis hyvvää huolta	Pi ä Sie issestäis hyvvää huolta
east	Vilima jo luppautu , jos et oo ehtinnä kihlata , niin suanen sannoo sanasen minnäe , jos et ossoo ommmooos pittee , niin on Vilimalle ottajia , sanonko mitä se Vilima sitten tekköö .	Vilima jo luppautu , jos et oo ehtinnä kihlata , niin suanen sannoo sanasen minnäe , jos et ossoo ommmooos pittee , niin on Vilimalle ottajia , sanonko mitä se Vilima sitten tekköö .
east	Siinä alakaa mahoton puinnin loeskutus , ja kivillä jauhaminen , ja sitten uutispuuron laetto ! 	Siinä alakaa mahoton puinnin loeskutus , ja kivillä jauhaminen , ja sitten uutispuuron laetto ! 
east	Ota sie kulti vaan se Naenenkirjoottaa , se oes sullen aeka hyvä .	Ota sie kulti vaan se Naenenkirjoottaa , se oes sullen aeka hyvä .
east	Pittääks kunnan rakentaa asuntoja vai mihi kemjärveläis asunnoton männee ? 	Pittääks kunnan rakentaa asuntoja vai mihi kemjärveläis asunnoton männee ? 
east	Onha hänen työ kelvant eikä noita ulkolaisii tän haluta .	Onha hänen työ kelvant eikä noita ulkolaisii tän haluta .
west	jos kirjootat murtehella ni tee se alusta loppuhu ja oikialla lailla .	jos kirjootat murtehella ni tee se alusta loppuhu ja oikialla lailla .
west	muute suasittelen pysymähä kirjakiäles !	muute suasittelen pysymähä kirjakiäles !
east	Piältä päin koht silleen valamis . 	Piältä päin koht silleen valamis . 
west	iteeni ottanut . 	iteeni ottanut . 
west	Kul mää leikkiä ymärrän . 	Kul mää leikkiä ymärrän . 
west	mut kun mull on nyt siivooja mökissä niin en oo kerinnyt kirjoitelleen . 	mut kun mull on nyt siivooja mökissä niin en oo kerinnyt kirjoitelleen . 
west	Kohta onkin niin helkutin puhtoista ett voin vaik syörä laattialta . 	Kohta onkin niin helkutin puhtoista ett voin vaik syörä laattialta . 
west	Toi siivominen kuh ei oikein multa onnistuh . 	Toi siivominen kuh ei oikein multa onnistuh . 
west	Noo sittenhän sinä T likka kuntelet jus mun mieli musiikkianih , neh mullakin on ain väliin päällä ja kaijuttimet täysil , kul se on mukavaa kun ei seinä naapuria oll . 	Noo sittenhän sinä T likka kuntelet jus mun mieli musiikkianih , neh mullakin on ain väliin päällä ja kaijuttimet täysil , kul se on mukavaa kun ei seinä naapuria oll . 
west	Saa oikkein nauttii musiikkist.	Saa oikkein nauttii musiikkist.
west	en mää noita nykyajjan rumputuksii viitti kuunella yht'ään , se kuh on samaa hörinnaa aluus lopuu ast . 	en mää noita nykyajjan rumputuksii viitti kuunella yht'ään , se kuh on samaa hörinnaa aluus lopuu ast . 
west	kyl meil likka taittaa oll paljon yhteistä kun toi muusikkikia melkees sammaa kuulelaan . 	kyl meil likka taittaa oll paljon yhteistä kun toi muusikkikia melkees sammaa kuulelaan . 
west	Nyth mun täötyy menna hakeen sivoolalle jottain pesupulverria kun ei kuullemma saa kaikki likaah lähteen ilman semmottasta . 	Nyth mun täötyy menna hakeen sivoolalle jottain pesupulverria kun ei kuullemma saa kaikki likaah lähteen ilman semmottasta . 
west	Mää kirjuuttelen lissää kun näilt aseiltaan kerkiin .	Mää kirjuuttelen lissää kun näilt aseiltaan kerkiin .
west	Kas ku ei mulkukka sanonu et tommone ohjelma on tulos . 	Kas ku ei mulkukka sanonu et tommone ohjelma on tulos . 
west	Mää oikke guuglasi ton paikkakunna mut siäl vastatti , et tarkotak sää Vittulajänkkä ja see o Ruattin puala , Pajalas . 	Mää oikke guuglasi ton paikkakunna mut siäl vastatti , et tarkotak sää Vittulajänkkä ja see o Ruattin puala , Pajalas . 
west	Mää ajatteli selvittä ton nime syntyhistoria . 	Mää ajatteli selvittä ton nime syntyhistoria . 
west	Miäle muistus ku joku ulkolainen , vissi espanjalainen , oli kysyny suamalaisilt et mikä hyvä suamalainen nimi mun baaril . 	Miäle muistus ku joku ulkolainen , vissi espanjalainen , oli kysyny suamalaisilt et mikä hyvä suamalainen nimi mun baaril . 
west	Kyl suamalaise auttiva . 	Kyl suamalaise auttiva . 
west	Baariomistaja seisos ylpjänä nimikylti alla misä luki " Bar Vittula " . 	Baariomistaja seisos ylpjänä nimikylti alla misä luki " Bar Vittula " . 
west	Mää kyl häpesi suamalaisten pualest . 	Mää kyl häpesi suamalaisten pualest . 
west	Jänkhäl varmast senttän tiäretti mist olikysymys . 	Jänkhäl varmast senttän tiäretti mist olikysymys . 
west	Venlastiinal : Kyl sun kerrontas o sit riamukast . 	Venlastiinal : Kyl sun kerrontas o sit riamukast . 
west	Uurissanojaki oikke , niinku toi " entispäättymä " . 	Uurissanojaki oikke , niinku toi " entispäättymä " . 
west	Simmossi meek kaik vissi olla .	Simmossi meek kaik vissi olla .
west	o musta kiinnostunukkan . 	o musta kiinnostunukkan . 
west	Katleijaa se vikittelee , vaikka me päätetiinki , että ei vikitelläkkän enää , vaan kerrotaan tarinoita . 	Katleijaa se vikittelee , vaikka me päätetiinki , että ei vikitelläkkän enää , vaan kerrotaan tarinoita . 
west	Korkeintaan jos joku on tälläi , ninkun mää , piolookiasta kiinnostunu , nin saa puhuu luantoretkistä ja eläimistä ja sillai . 	Korkeintaan jos joku on tälläi , ninkun mää , piolookiasta kiinnostunu , nin saa puhuu luantoretkistä ja eläimistä ja sillai . 
west	Siittä se alkaa hianostunut ja mukava seurustelu . 	Siittä se alkaa hianostunut ja mukava seurustelu . 
west	Sääkin mailmanmiähenä osallistut ja paat kertoin miälipiteitäs kaikesta mahrollisesta . 	Sääkin mailmanmiähenä osallistut ja paat kertoin miälipiteitäs kaikesta mahrollisesta . 
west	Kyä mää nuoruuren aikasen votonikin voisin sulle laittaa , mutta se on ny hukkunu johkun . 	Kyä mää nuoruuren aikasen votonikin voisin sulle laittaa , mutta se on ny hukkunu johkun . 
west	Riittäiskö sulle jos mää kuvailisin ulkonäköäni . 	Riittäiskö sulle jos mää kuvailisin ulkonäköäni . 
west	Mää oon vaalee , lyhkösen pualeinen ja sinisilmänen , sekä pikkusen pyäreyteen taipuvainen , ninkun hämäläislikat tapaa olla . 	Mää oon vaalee , lyhkösen pualeinen ja sinisilmänen , sekä pikkusen pyäreyteen taipuvainen , ninkun hämäläislikat tapaa olla . 
west	Sää kirjotit nin pitkän vuaratuksen , että mää oikein hämmästyin , kuin harvasananen suamalainen miäs ja hämäläinen viä tommoseen pystyykän . 	Sää kirjotit nin pitkän vuaratuksen , että mää oikein hämmästyin , kuin harvasananen suamalainen miäs ja hämäläinen viä tommoseen pystyykän . 
west	Oot torellakin kuin tutkimaton eksoottinen saari , ninkun toi Elviira jo sanokin aikasemmin . 	Oot torellakin kuin tutkimaton eksoottinen saari , ninkun toi Elviira jo sanokin aikasemmin . 
west	Kaukanen ja miälenkiintonen .	Kaukanen ja miälenkiintonen .
west	Muualla vaan pitkin katuja hillutahan ja viinaksia juarahan , meitillä vaan töitä tehrähän . 	Muualla vaan pitkin katuja hillutahan ja viinaksia juarahan , meitillä vaan töitä tehrähän . 
east	noil halvio noitapillilöil. 	noil halvio noitapillilöil. 
east	Mei talo parkkipaikal on vissii 50 autoo ja ku yhe varashälyttime vinkumiset lakkaap , ni jo toine alkaa . 	Mei talo parkkipaikal on vissii 50 autoo ja ku yhe varashälyttime vinkumiset lakkaap , ni jo toine alkaa . 
east	Sitä halvatu metelii on saant kuunnella kaiket yöt . 	Sitä halvatu metelii on saant kuunnella kaiket yöt . 
east	Mikä hittiläine niit huuvattaa ku ei tuol näy kettää kulkijoitakaa . 	Mikä hittiläine niit huuvattaa ku ei tuol näy kettää kulkijoitakaa . 
east	Iha iteksee ne vaa rääkyyt . 	Iha iteksee ne vaa rääkyyt . 
east	Ain ko hyvi pääsöö unnee , ni eikö taas ala vinkumine , luirutus , rimputus , mikä milläkiiviisii . 	Ain ko hyvi pääsöö unnee , ni eikö taas ala vinkumine , luirutus , rimputus , mikä milläkiiviisii . 
east	Jot täs ol miu marinaa , mut en mie ossaa haastaakaa teil mite minnuu kiukuttaa . 	Jot täs ol miu marinaa , mut en mie ossaa haastaakaa teil mite minnuu kiukuttaa . 
east	Eihä tää mittää toellise harmi ja noihe tei rassukoihe kipuloi rinnal ole , mut henkist kippuu tääkii .	Eihä tää mittää toellise harmi ja noihe tei rassukoihe kipuloi rinnal ole , mut henkist kippuu tääkii .
north	Sil on komia talo Kurdikukkulalla . 	Sil on komia talo Kurdikukkulalla . 
north	Käyppä tekkeen sinunkaupat , saatat saada asunnon ja jopa työpaikanki , jos hyvin käy ?	Käyppä tekkeen sinunkaupat , saatat saada asunnon ja jopa työpaikanki , jos hyvin käy ?
north	tuuliviirinen tyyppi , eilen ei vielä ollu ees ehokkaana omien sanojen mukkaaan . 	tuuliviirinen tyyppi , eilen ei vielä ollu ees ehokkaana omien sanojen mukkaaan . 
north	No sen puheethan tiijetään , kuin lehemä vetteen paskantas , prkl , vetti , stna .	No sen puheethan tiijetään , kuin lehemä vetteen paskantas , prkl , vetti , stna .
east	Kollekaani huastoi miulle täs yhtennä päevänä antaneesa avioliittoneuvontoo . 	Kollekaani huastoi miulle täs yhtennä päevänä antaneesa avioliittoneuvontoo . 
east	Asijakas ol ollunna iha hysteerine ja valittanna et vaemo ei ennee huomaakkaa häntä . 	Asijakas ol ollunna iha hysteerine ja valittanna et vaemo ei ennee huomaakkaa häntä . 
east	Vaemo kuulemma männöö jokikine ilta lähipuppii ja iskeepi siel miehii . 	Vaemo kuulemma männöö jokikine ilta lähipuppii ja iskeepi siel miehii . 
east	Ja iha kuka tahasa kelpoo kuulemma . 	Ja iha kuka tahasa kelpoo kuulemma . 
east	Asijakas ei tahtois jättee vaemoo , mut tilanne oun iha sietämätön ja kysyis sitte kollekaalt neuvvoo ja hää ol vastanna : Jos työ ny rauhotutte , henkitätte syvvää ja seuraavaks kerrotta tarkkaa miulle mis se pupi sijaihtee ja miltä vaemonne näyttääpi .	Asijakas ei tahtois jättee vaemoo , mut tilanne oun iha sietämätön ja kysyis sitte kollekaalt neuvvoo ja hää ol vastanna : Jos työ ny rauhotutte , henkitätte syvvää ja seuraavaks kerrotta tarkkaa miulle mis se pupi sijaihtee ja miltä vaemonne näyttääpi .
west	Eiks kemppateatteri vois tehrä näytelmän kun tehrasunelmat kuoloo . 	Eiks kemppateatteri vois tehrä näytelmän kun tehrasunelmat kuoloo . 
west	Iltaa murtteil puhuvat . 	Iltaa murtteil puhuvat . 
west	Mää tuli kiireimmän kautta tännekin . 	Mää tuli kiireimmän kautta tännekin . 
west	Mull on ollu kiirus . 	Mull on ollu kiirus . 
west	Huomaan ett tänne on tullu uussi kasvoi , kuten toi Taina . 	Huomaan ett tänne on tullu uussi kasvoi , kuten toi Taina . 
west	Ja olet Turust kans . 	Ja olet Turust kans . 
west	Hauska tutustu . 	Hauska tutustu . 
west	Ei toi voi ol totta , ettei sunsse ol tarttunu turun murre yhtä . 	Ei toi voi ol totta , ettei sunsse ol tarttunu turun murre yhtä . 
west	Tairat olla vaa vaatimatoine . 	Tairat olla vaa vaatimatoine . 
west	Mää ole asunu tääl 40 vuot . 	Mää ole asunu tääl 40 vuot . 
west	En määkää tätä iha oikke ossa puhuta , mut mää jätä vastuun kuulijal . 	En määkää tätä iha oikke ossa puhuta , mut mää jätä vastuun kuulijal . 
west	Olek tee , sää ja sun miähes ollu siin punkattoses sairaalas töis ? 	Olek tee , sää ja sun miähes ollu siin punkattoses sairaalas töis ? 
west	Siin misä o omenapuitki siell entises puutarhas . 	Siin misä o omenapuitki siell entises puutarhas . 
west	Joku meinas et jos me olttais samas talos tehty töit . 	Joku meinas et jos me olttais samas talos tehty töit . 
west	Olenk mää menny ittestän simmossi puhuma . 	Olenk mää menny ittestän simmossi puhuma . 
west	Älä ota torest . 	Älä ota torest . 
west	Anonyyymin mää haluun pyssy , simmosen virtaalien ihmisen vaa .	Anonyyymin mää haluun pyssy , simmosen virtaalien ihmisen vaa .
east	kun kaikille ei tuo ylätuvan ukko oo antanna älyä- voimia- näköä ja muuta mitä siihe tarvittaa.	kun kaikille ei tuo ylätuvan ukko oo antanna älyä- voimia- näköä ja muuta mitä siihe tarvittaa.
east	muutehan tää pallo ei miu mielest kunnoll pyöri . 	muutehan tää pallo ei miu mielest kunnoll pyöri . 
east	näi heleppoo tää on , vaikka kuitennii niin saatanan vaekeeta.	näi heleppoo tää on , vaikka kuitennii niin saatanan vaekeeta.
east	mutta toisaalta jos ihmiset keskittys enempi omiin asioihinsa niin ei syntys jonniinjoutavata riitaa.	mutta toisaalta jos ihmiset keskittys enempi omiin asioihinsa niin ei syntys jonniinjoutavata riitaa.
east	eli suomeks älä tartelehi toisten asioihin.	eli suomeks älä tartelehi toisten asioihin.
east	hyv ää jatkoa ja ollaan immeisiks .	hyv ää jatkoa ja ollaan immeisiks .
north	Nehän linkot pelittää kun vetasee narusta . 	Nehän linkot pelittää kun vetasee narusta . 
north	Rupellin oon aikonu tehä kypärään ja siitä johto pyörän akkuun . 	Rupellin oon aikonu tehä kypärään ja siitä johto pyörän akkuun . 
north	Ei tartte polokee kun laskee mäkiä ales muutaman kerran niin akku on täynnä .	Ei tartte polokee kun laskee mäkiä ales muutaman kerran niin akku on täynnä .
west	ainaki sanota meit tossu al olevi mamoiks , varma tullu yks ämmä liikka .	ainaki sanota meit tossu al olevi mamoiks , varma tullu yks ämmä liikka .
north	Ite( yksin ) tehtynä se maistuuki paljon paremmalta ku ei oo mausteena mitään tyhiä kätinöitä : - Taasko se pittää sitä kaljaa . 	Ite( yksin ) tehtynä se maistuuki paljon paremmalta ku ei oo mausteena mitään tyhiä kätinöitä : - Taasko se pittää sitä kaljaa . 
north	Ekkä oo suihkusakhaan käyny !	Ekkä oo suihkusakhaan käyny !
west	" Ennen kun sää menet nii anna mun selittää mitenkäs kaikki oikestaa tapahtus . 	" Ennen kun sää menet nii anna mun selittää mitenkäs kaikki oikestaa tapahtus . 
west	Kato kun mää ajoin Hirvensalost kottiiinpäin nii mää huomasin Majakkarannan kohral tän nuaren naisen . 	Kato kun mää ajoin Hirvensalost kottiiinpäin nii mää huomasin Majakkarannan kohral tän nuaren naisen . 
west	Hän näytti kauhian väsyneelt ja nälissäs olevalt nii mää otin hänet kyttii . 	Hän näytti kauhian väsyneelt ja nälissäs olevalt nii mää otin hänet kyttii . 
west	Koton mää sit paistoi hänel kuunnon pihvi siit lihast minkä sää olit unhottanu pakastimee . 	Koton mää sit paistoi hänel kuunnon pihvi siit lihast minkä sää olit unhottanu pakastimee . 
west	Hänel oli vaa semmoset rikkinäset saapikkaat , nii mää annoin hänel kellarist yhret sun kenkät mikkä on menny pois muorist . 	Hänel oli vaa semmoset rikkinäset saapikkaat , nii mää annoin hänel kellarist yhret sun kenkät mikkä on menny pois muorist . 
west	Hänel ol kylmä kans , nii mää annoin hänel sit yhren niist sun villapairoist mikkä sää olet mult saanu synttärilahjaks mut et ol niit käyttäny kun ne on ollu väärän värissii . 	Hänel ol kylmä kans , nii mää annoin hänel sit yhren niist sun villapairoist mikkä sää olet mult saanu synttärilahjaks mut et ol niit käyttäny kun ne on ollu väärän värissii . 
west	Ja häne housus olivat iha puhkikuluneet , nii mää annoi hänel yhret sun housut kun on sul käyny piäneks . 	Ja häne housus olivat iha puhkikuluneet , nii mää annoi hänel yhret sun housut kun on sul käyny piäneks . 
west	Ja sit kun tämä neitone meni hetkeks huilaamaa , nii hän kysys et onks sul viäl jottai muuta mitä sun vaimos ei enää käytä ? 	Ja sit kun tämä neitone meni hetkeks huilaamaa , nii hän kysys et onks sul viäl jottai muuta mitä sun vaimos ei enää käytä ? 
east	käy kattomas illal onko ruispellossas tyttölöi pyörimäs ilkosillaan , jos oot siis isontalon poikii . 	käy kattomas illal onko ruispellossas tyttölöi pyörimäs ilkosillaan , jos oot siis isontalon poikii . 
east	olen kerran itekki kokeillu pellos pyörimist , ei vaan ollu vahingos ruispelto niin et jäin ilman sulhoo .	olen kerran itekki kokeillu pellos pyörimist , ei vaan ollu vahingos ruispelto niin et jäin ilman sulhoo .
west	Aloitus on oikiaa musiikkia korville ! 	Aloitus on oikiaa musiikkia korville ! 
west	AKT ja Ahtaajat kärkeen , nyt on oikia aika lopettaa paperintuotanto suomes . 	AKT ja Ahtaajat kärkeen , nyt on oikia aika lopettaa paperintuotanto suomes . 
west	Tuollaanen voimavara suomen työllisyydes varmasti nostaa meidän kaikkien elintason ja hyvinvoinnin ihan mailmanlaajusesti kärkikastiin . 	Tuollaanen voimavara suomen työllisyydes varmasti nostaa meidän kaikkien elintason ja hyvinvoinnin ihan mailmanlaajusesti kärkikastiin . 
west	Ja jos ei ihan sinne asti mailman pamput tietämättömyyttänsä meittiä päästä , niin mennähän uudestansa lakkoon , kyllä jämpi on niin .	Ja jos ei ihan sinne asti mailman pamput tietämättömyyttänsä meittiä päästä , niin mennähän uudestansa lakkoon , kyllä jämpi on niin .
west	Kukkahattu tädit täälä täpisöö ! 	Kukkahattu tädit täälä täpisöö ! 
west	Mika on seuraava kansanedustaja Kauhavalta , ensin mennään maakuntavaaliis ääniharavana läpi ja sitten eduskuntaan että jytkähtää ! 	Mika on seuraava kansanedustaja Kauhavalta , ensin mennään maakuntavaaliis ääniharavana läpi ja sitten eduskuntaan että jytkähtää ! 
west	Imekää te pikkukikkelit ja vellihousut vaan peukkua ja kattokaa kuinka tehrään vaalityötä .	Imekää te pikkukikkelit ja vellihousut vaan peukkua ja kattokaa kuinka tehrään vaalityötä .
west	Jonsei liitosta Seinäjokeen pian teherä on sellaanen vaara , että sote pakkonaittaa Lapuan Kauhavaan . 	Jonsei liitosta Seinäjokeen pian teherä on sellaanen vaara , että sote pakkonaittaa Lapuan Kauhavaan . 
west	Vauhtia seinäjokiliitoksehen !	Vauhtia seinäjokiliitoksehen !
east	piästii ylemmäks . 	piästii ylemmäks . 
east	Minä oun outtanna että tulis nyt joku huastmmaa sitä hollolan murretta . 	Minä oun outtanna että tulis nyt joku huastmmaa sitä hollolan murretta . 
east	ei vua kuulu . 	ei vua kuulu . 
east	Sekkii ku oes nii mukavoo .	Sekkii ku oes nii mukavoo .
north	Ei met muuteta minnekkään !	Ei met muuteta minnekkään !
west	Nyy mää huomaan , ett vallan taas on menny puhe toho mieliaihesse , noihi kukki ja mehiläissi . 	Nyy mää huomaan , ett vallan taas on menny puhe toho mieliaihesse , noihi kukki ja mehiläissi . 
west	Siks mää tuonki tähä iha oikkia assiaa teitil noin niinko vaihteluks vaa . 	Siks mää tuonki tähä iha oikkia assiaa teitil noin niinko vaihteluks vaa . 
west	Ny ova meijä sairaanhoitopiiris iha kauhias paniikis , ett mist he saava niinpal rahaa et saava kaikk keskussairaalan televisiot vaihrettu rikiaikka . 	Ny ova meijä sairaanhoitopiiris iha kauhias paniikis , ett mist he saava niinpal rahaa et saava kaikk keskussairaalan televisiot vaihrettu rikiaikka . 
west	He ova yrittäny saara Ylet suostumaa simmosse keskusmuuntamoon , ett he sen kans voisis käyttää näit nykyssi laitteitas siihe ast kun tulee rigitelevisiot . 	He ova yrittäny saara Ylet suostumaa simmosse keskusmuuntamoon , ett he sen kans voisis käyttää näit nykyssi laitteitas siihe ast kun tulee rigitelevisiot . 
west	Siis et kaikk on siin yhres kopas . 	Siis et kaikk on siin yhres kopas . 
west	Ku sen hygeenian ylläpitämist haittaa ne ylimääräset toosat ja skarttijohrot . 	Ku sen hygeenian ylläpitämist haittaa ne ylimääräset toosat ja skarttijohrot . 
west	Mut eeei Yle siihe suastu , ei suastu . 	Mut eeei Yle siihe suastu , ei suastu . 
west	Sen ny arvaski . 	Sen ny arvaski . 
west	Olekt te kuullu , et teilpäi olis tämmössi murhei . 	Olekt te kuullu , et teilpäi olis tämmössi murhei . 
west	Et onk ne jo hoksannu . 	Et onk ne jo hoksannu . 
west	Se o iso summa rahaa se . 	Se o iso summa rahaa se . 
west	Sill sais palkattu jo mont sairaanhoitajaa . 	Sill sais palkattu jo mont sairaanhoitajaa . 
west	Tosi o .	Tosi o .
north	Jo vainn mie nyt sinua ymmärränki Torsti-raasu . 	Jo vainn mie nyt sinua ymmärränki Torsti-raasu . 
north	Sie luulit minua saksalaisten jälkikasvuksi ja pojuksi vielä . 	Sie luulit minua saksalaisten jälkikasvuksi ja pojuksi vielä . 
north	Mie olen kuule se suomalainen , työtä tekevä ja ossaava ja ommaa miestä ja lapsia yli kaiken rakastava nainen , elikkä se josta sie et ossaa sanua mithän hyvvää ja vain sen takia . 	Mie olen kuule se suomalainen , työtä tekevä ja ossaava ja ommaa miestä ja lapsia yli kaiken rakastava nainen , elikkä se josta sie et ossaa sanua mithän hyvvää ja vain sen takia . 
north	ko en ole sattunu syntymhän ruottalaiseksi.	ko en ole sattunu syntymhän ruottalaiseksi.
north	Mutta ei sinun Torsti tartte minusta tykätäkhän , sillä mulla on omasta takkaa tykkääjät . 	Mutta ei sinun Torsti tartte minusta tykätäkhän , sillä mulla on omasta takkaa tykkääjät . 
north	Toivothan että sinuaki vielä onnistaa ja löyät sen oikian ja vieläpä sen suomalaisen rotunaisen , niin rupiaa mielipitheet muuttumhan sullaki .	Toivothan että sinuaki vielä onnistaa ja löyät sen oikian ja vieläpä sen suomalaisen rotunaisen , niin rupiaa mielipitheet muuttumhan sullaki .
west	Eihän lapuasta oo mitään puhuttukaan , nurmoo siellä on irtiottoja tekemäs tuosta talouvestaan mitään tietämättömästä Siellähään on jatkuvana riesana se vajaa kassanyt , tierä sitten mitenpaljon	Eihän lapuasta oo mitään puhuttukaan , nurmoo siellä on irtiottoja tekemäs tuosta talouvestaan mitään tietämättömästä Siellähään on jatkuvana riesana se vajaa kassanyt , tierä sitten mitenpaljon
west	Jos kattot asiaa kauhavan vinkkelistä onko meillä valittamista . 	Jos kattot asiaa kauhavan vinkkelistä onko meillä valittamista . 
west	asiat suhteellise hyvin , kersoolle on koulupaikat , hyvät lukiot , ym verrattuna esim naapuriin johna kaikki mätänöö käsiin ja mitään virheetä ei myännetä .	asiat suhteellise hyvin , kersoolle on koulupaikat , hyvät lukiot , ym verrattuna esim naapuriin johna kaikki mätänöö käsiin ja mitään virheetä ei myännetä .
west	kirjoitat juttuu ja sit vastaat iteles hahaha Heij koias vähä rauhottuu kylähullu ikävää luettavaa toi sun vanhuksien haukkuminen , tommosella asenteella et pitkälle pötki sääkään . 	kirjoitat juttuu ja sit vastaat iteles hahaha Heij koias vähä rauhottuu kylähullu ikävää luettavaa toi sun vanhuksien haukkuminen , tommosella asenteella et pitkälle pötki sääkään . 
west	Siivoo suus ja lopeta aijoos .	Siivoo suus ja lopeta aijoos .
west	Tarttee enstiks men Föril tois pual jokke ja käyr kääntymäs Turun Linnan puistos ja sit ajais vaik teatterisillan kautt täl pual jokke . 	Tarttee enstiks men Föril tois pual jokke ja käyr kääntymäs Turun Linnan puistos ja sit ajais vaik teatterisillan kautt täl pual jokke . 
west	Vähä kalttast kyl ny on , mut aurinko kuiteski paistaa .	Vähä kalttast kyl ny on , mut aurinko kuiteski paistaa .
north	Joskus muinoin asuin samala kylälä ja melko lähelä vieläpä ( valitettavasti ) , heilä oli piha viimisen pääle saastasen näkönen . 	Joskus muinoin asuin samala kylälä ja melko lähelä vieläpä ( valitettavasti ) , heilä oli piha viimisen pääle saastasen näkönen . 
west	Voi jestamanteera mä sanon . 	Voi jestamanteera mä sanon . 
west	Eikö te tosiaankaan katto mitää muuta ku että " joo se o osannu hiihtää " , punnataanpa se eruskuntaha . 	Eikö te tosiaankaan katto mitää muuta ku että " joo se o osannu hiihtää " , punnataanpa se eruskuntaha . 
west	Mitenkä se muka hoitaas kansalaaste asioota ? 	Mitenkä se muka hoitaas kansalaaste asioota ? 
west	Sama virsi kaikkii julukkiksiin . 	Sama virsi kaikkii julukkiksiin . 
west	Eikö se ny olis paree jotta siälä olis sellaasia ihimisiä päättämässä asioosta , jokka niiren päälle jotaan tajuaa ?	Eikö se ny olis paree jotta siälä olis sellaasia ihimisiä päättämässä asioosta , jokka niiren päälle jotaan tajuaa ?
west	Kuinka sä tänne ees pervoilujas viitit tulla julistaan ? 	Kuinka sä tänne ees pervoilujas viitit tulla julistaan ? 
west	Siis ota ja elä , kuin sä voit sanoa , et yli 30v naiset vanhoja , vaik itte oot viä vanhepi ? 	Siis ota ja elä , kuin sä voit sanoa , et yli 30v naiset vanhoja , vaik itte oot viä vanhepi ? 
west	Eihän tartte ku ympärilleen katteleee .	Eihän tartte ku ympärilleen katteleee .
west	Vanhat asuinalueet kaupungissa ehrottomasti vetävimpiä .	Vanhat asuinalueet kaupungissa ehrottomasti vetävimpiä .
east	38 pakkasen puolella ja suksella koulluun . 	38 pakkasen puolella ja suksella koulluun . 
east	Opettaja sano eillispäevänä jotta : Huommenna tuletta sitten kaekki suksella . 	Opettaja sano eillispäevänä jotta : Huommenna tuletta sitten kaekki suksella . 
east	Niihhän myö mänttiin . 	Niihhän myö mänttiin . 
east	Ei se hiihättännä kuitenkkaa , oli voemistelluu ja sitte puutöetä . 	Ei se hiihättännä kuitenkkaa , oli voemistelluu ja sitte puutöetä . 
east	Tehttiin kottaraespönttö , ne ketkä osas . 	Tehttiin kottaraespönttö , ne ketkä osas . 
east	Se reijän teko joillekkii oli ylvoemasen vaekkee , kun sehän piti kaerata , niinku jiähän reikkee . 	Se reijän teko joillekkii oli ylvoemasen vaekkee , kun sehän piti kaerata , niinku jiähän reikkee . 
east	Siihe aekkaan ku ei ollunna näetä nykyajan ketkuttimmii , sähköllä käävvii ruuvivviäntimmii & porrii . 	Siihe aekkaan ku ei ollunna näetä nykyajan ketkuttimmii , sähköllä käävvii ruuvivviäntimmii & porrii . 
east	Lopultahan se sitte onanistu melekkein kaekilta , vaen ei ihan . 	Lopultahan se sitte onanistu melekkein kaekilta , vaen ei ihan . 
east	Mäni siinä jokunennii laata harjotellessa .	Mäni siinä jokunennii laata harjotellessa .
north	eihän se oo vielä tehenykkään mittään , onko nimilappu ovesa ja vs .	eihän se oo vielä tehenykkään mittään , onko nimilappu ovesa ja vs .
west	Kyllä luetahan ja ittelläni on palijon kirijoja , historia kiinnostaa . 	Kyllä luetahan ja ittelläni on palijon kirijoja , historia kiinnostaa . 
west	Varsinkin tekniikan ja autohistoria , niitä minulla on palijon . 	Varsinkin tekniikan ja autohistoria , niitä minulla on palijon . 
west	Luenhan mä muutaki mutta romaanit haen kirijastosta , soon täs lähellä . 	Luenhan mä muutaki mutta romaanit haen kirijastosta , soon täs lähellä . 
west	Onneksi kirija on kuitenki pitäny hyvin pintansa vaikka on tullu näitä sähköösiä viestimiä joukkohon . 	Onneksi kirija on kuitenki pitäny hyvin pintansa vaikka on tullu näitä sähköösiä viestimiä joukkohon . 
west	Luen mä runojakin , miten ny milloonki . 	Luen mä runojakin , miten ny milloonki . 
west	En vain huomannu tuota alootusta kirijoosta , anteeksi ny vain .	En vain huomannu tuota alootusta kirijoosta , anteeksi ny vain .
east	Mistee tiällä on lupa huastoo ? 	Mistee tiällä on lupa huastoo ? 
east	Alakaa eppäilyttee , että tämä on ongelmanuorten palsta . 	Alakaa eppäilyttee , että tämä on ongelmanuorten palsta . 
east	Ehtiivät tiältä jonniilaisia otto-isovanahempia kun lapsuus ollunna vaillinainen . 	Ehtiivät tiältä jonniilaisia otto-isovanahempia kun lapsuus ollunna vaillinainen . 
east	Kasvatus on huono kun on pakko äläköijjä tuntemattomille .	Kasvatus on huono kun on pakko äläköijjä tuntemattomille .
north	Täällä kaikki on tavallaan rakennusmestareita , eihän hasan looris kortteeraavat tierä näistä rakenteista mitään , hyva kuin lusikka pyssyyy niilä käes Tulikohan tarpeeksi rautaa laitettua savikkoon	Täällä kaikki on tavallaan rakennusmestareita , eihän hasan looris kortteeraavat tierä näistä rakenteista mitään , hyva kuin lusikka pyssyyy niilä käes Tulikohan tarpeeksi rautaa laitettua savikkoon
north	Mie aattelin itelein piilopirttiä johki päin ja sain idean ko näin nuot sinun ovet myytävänä . 	Mie aattelin itelein piilopirttiä johki päin ja sain idean ko näin nuot sinun ovet myytävänä . 
north	Alotamma ovista . 	Alotamma ovista . 
north	Onko se mettähallitusken ressu niinko pöllittyä tavaraa että tohtiiko siitä kattua tehä , eteivät tule ja vie sitä kesken talavia ? 	Onko se mettähallitusken ressu niinko pöllittyä tavaraa että tohtiiko siitä kattua tehä , eteivät tule ja vie sitä kesken talavia ? 
north	Mitä sillä hinnala väliä oo , maksethan ko jaksethan . 	Mitä sillä hinnala väliä oo , maksethan ko jaksethan . 
north	Mie talaven piän riekkoansoja että jos siihen talaven aikana sitte muutama sulkaperse tarttus , niin saat sieki syyä kunnon lintua . 	Mie talaven piän riekkoansoja että jos siihen talaven aikana sitte muutama sulkaperse tarttus , niin saat sieki syyä kunnon lintua . 
north	Ei tarvi kaupasta kalakkunanlihoja hakia , seki kallista eikä maistu sitte yhthän millekhän . 	Ei tarvi kaupasta kalakkunanlihoja hakia , seki kallista eikä maistu sitte yhthän millekhän . 
north	En mie ole tosin etes maistanu sitä kalakkunaa mutta se on niin kummallisen väristäki . 	En mie ole tosin etes maistanu sitä kalakkunaa mutta se on niin kummallisen väristäki . 
north	Ennakkoluuloja mulla ei ainakhan ole .	Ennakkoluuloja mulla ei ainakhan ole .
north	Kansallispuisto huvipuistoksi Älkää rakhaat muoniolaiset hermostukko . 	Kansallispuisto huvipuistoksi Älkää rakhaat muoniolaiset hermostukko . 
north	Olos lähes yksityiskäytössä ja mettät hän on suojellu aitaamalla , ettei porot ja paikalliset niitä pääse raiskhaamaan . 	Olos lähes yksityiskäytössä ja mettät hän on suojellu aitaamalla , ettei porot ja paikalliset niitä pääse raiskhaamaan . 
north	Pallas on suuri vaara ko sielä saapi kulkea lähes vaphaasti . 	Pallas on suuri vaara ko sielä saapi kulkea lähes vaphaasti . 
north	Eikä tartte muuta ko maksaa veroja , jokka nousee samassa tahissa ko Yliniemi suojelee sen hyvitten kavereitten kanssa . 	Eikä tartte muuta ko maksaa veroja , jokka nousee samassa tahissa ko Yliniemi suojelee sen hyvitten kavereitten kanssa . 
north	Että rauhottukkaa rakhaat , onhan meän kirkkoherrakin suojelumiehiä , piispasta puhumattakaan . 	Että rauhottukkaa rakhaat , onhan meän kirkkoherrakin suojelumiehiä , piispasta puhumattakaan . 
north	Että turvassa olhaan . 	Että turvassa olhaan . 
north	Mieki , muoniolainen alkuasukas , 71 -vuotta ja soasta saakka Pallaksella kulkenu . 	Mieki , muoniolainen alkuasukas , 71 -vuotta ja soasta saakka Pallaksella kulkenu . 
north	Ja Pallasatressiin en laita nimeä . 	Ja Pallasatressiin en laita nimeä . 
north	Olen mie vain niin raukkanen , että pölkään kuritusta . 	Olen mie vain niin raukkanen , että pölkään kuritusta . 
north	Lapsetki joutuu pianaikaa tööttikassalle , ku soittavat suutansa . 	Lapsetki joutuu pianaikaa tööttikassalle , ku soittavat suutansa . 
north	Kyllä meän häätyy laulaa sen lauluja kenen leipää syömä . 	Kyllä meän häätyy laulaa sen lauluja kenen leipää syömä . 
north	Kauheasti säälittää tuo kolmen koplan ja sen kavereitten yrittäminen , ko met vain valitamma , vaikka net raukat yrittävät tukea yrittäjää . 	Kauheasti säälittää tuo kolmen koplan ja sen kavereitten yrittäminen , ko met vain valitamma , vaikka net raukat yrittävät tukea yrittäjää . 
north	Kyllä meän pittää luottaa , että net ossaavat panna rahat oikheaan rakhoon . 	Kyllä meän pittää luottaa , että net ossaavat panna rahat oikheaan rakhoon . 
north	Ja onhan se jo häpeä tuommonen iso tunturiryhmä ko Pallas , hissittömiä rintheitä vaikka kuinka . 	Ja onhan se jo häpeä tuommonen iso tunturiryhmä ko Pallas , hissittömiä rintheitä vaikka kuinka . 
north	Meän pitäs ottaa oppia Leviltä , Ylläkseltä ja joka puolelta muualta . 	Meän pitäs ottaa oppia Leviltä , Ylläkseltä ja joka puolelta muualta . 
north	Jopa Kilpisjärvellä uskallethaan näyttää miten Lappi nykyisin makkaa . 	Jopa Kilpisjärvellä uskallethaan näyttää miten Lappi nykyisin makkaa . 
north	Eivät enää kauan jaksa kävellä korpheen ja luonnonrauhaan . 	Eivät enää kauan jaksa kävellä korpheen ja luonnonrauhaan . 
north	Son varma , että ei sitä täältä löyvy . 	Son varma , että ei sitä täältä löyvy . 
north	Menkööt muualle pillaamasta nykymenoa . 	Menkööt muualle pillaamasta nykymenoa . 
north	Kyllä meän häätyy saaha Pallakselle kontoolit ja muut suuren maailman värkit . 	Kyllä meän häätyy saaha Pallakselle kontoolit ja muut suuren maailman värkit . 
north	Johan son jo suuri häpeä ku meillä ei ole ko erämaata ja ulkohyysiköitä tuvila . 	Johan son jo suuri häpeä ku meillä ei ole ko erämaata ja ulkohyysiköitä tuvila . 
north	Ei muuta ko paikat sileiksi ja moottorit soihmaan , stereot täysillä rintheissä , että kuurotki kuulee , että meillä mennee lujjaa . 	Ei muuta ko paikat sileiksi ja moottorit soihmaan , stereot täysillä rintheissä , että kuurotki kuulee , että meillä mennee lujjaa . 
north	Ja pittäähän meän päättäjien saaha käyvä maailmalla kattomassa , miten sitä täällä periferiassa pittää ellää . 	Ja pittäähän meän päättäjien saaha käyvä maailmalla kattomassa , miten sitä täällä periferiassa pittää ellää . 
north	Onhan meillä nyt piispa ja pappi alkanheet ajahmaan sitäki asiaa . 	Onhan meillä nyt piispa ja pappi alkanheet ajahmaan sitäki asiaa . 
north	Son sitä kirkon " vuoden luonnonsuojelua " . 	Son sitä kirkon " vuoden luonnonsuojelua " . 
north	Että kiitosta kovasti meän vain pitäs kuuluttaa eikä olla " kehityksen " jarrumiehiä . 	Että kiitosta kovasti meän vain pitäs kuuluttaa eikä olla " kehityksen " jarrumiehiä . 
north	Mieki olen jo 71 vuotta kattonu tätä hommaa . 	Mieki olen jo 71 vuotta kattonu tätä hommaa . 
north	Se ei tosiaan ole misthään kotosin , että meillä ei pelit soi . 	Se ei tosiaan ole misthään kotosin , että meillä ei pelit soi . 
north	Kyllä meän häätyy tehä tuosta Pallaksesta huvipuisto . 	Kyllä meän häätyy tehä tuosta Pallaksesta huvipuisto . 
north	Solis niin soma , ko näkisimmä paljo rikhaita kauniihta ihmisiä kultaketjut kaulassa ja ahvalasit silmillä , ko net suurilla maastureilla surruuttelisivat ja kopterit pörräis pään päällä . 	Solis niin soma , ko näkisimmä paljo rikhaita kauniihta ihmisiä kultaketjut kaulassa ja ahvalasit silmillä , ko net suurilla maastureilla surruuttelisivat ja kopterit pörräis pään päällä . 
north	Ja pääsis sitte rullaattorilla aivan paaritiskille ko ei olis enää mishään muuta ko asvalttia . 	Ja pääsis sitte rullaattorilla aivan paaritiskille ko ei olis enää mishään muuta ko asvalttia . 
north	Ja toisivathan net rahhaa ja työpaikkoja , ko met niitä saisimma passata . 	Ja toisivathan net rahhaa ja työpaikkoja , ko met niitä saisimma passata . 
north	Ois se vain niin sommaa . 	Ois se vain niin sommaa . 
north	Sitä niinkö tuntis ittensäkki paremmaksi . 	Sitä niinkö tuntis ittensäkki paremmaksi . 
north	Ja ei olis sitte taihvaassa aivan suu ymmyrkäisenä ko sielä pelit soi ja paikat kiiltää , ja saa syyvä saksanhirveä ja parmankinkkua samassa pöyvässä piispan ja papin kanssa , ko on jo täällä maailmassa ollu niitten kaveri .	Ja ei olis sitte taihvaassa aivan suu ymmyrkäisenä ko sielä pelit soi ja paikat kiiltää , ja saa syyvä saksanhirveä ja parmankinkkua samassa pöyvässä piispan ja papin kanssa , ko on jo täällä maailmassa ollu niitten kaveri .
west	Yhreksän kohoran pohojalaanen jouluressitesti joten eikun vain tesitä tekemään :)) . 	Yhreksän kohoran pohojalaanen jouluressitesti joten eikun vain tesitä tekemään :)) . 
west	kohoran pohojalaanen jouluressi-testi Joulu tuloo ja se tiätää monellaasta menua . 	kohoran pohojalaanen jouluressi-testi Joulu tuloo ja se tiätää monellaasta menua . 
west	Testaa ittes ja kaikki muukkin onko jouluressi iskeny . 	Testaa ittes ja kaikki muukkin onko jouluressi iskeny . 
west	Ja taas sitä mukaa pisteetä minkä numeron kohta oireehin sopii . 	Ja taas sitä mukaa pisteetä minkä numeron kohta oireehin sopii . 
west	Joulukorttia on mukava saara , niitä vaa pitää jonku lähettääkki . 	Joulukorttia on mukava saara , niitä vaa pitää jonku lähettääkki . 
west	Onko keskustelu korttia kirioottaes seuraavvallaasta : 1 . 	Onko keskustelu korttia kirioottaes seuraavvallaasta : 1 . 
west	Kakssataa korttia jo kiriootettu , kyllä meillon palio tuttuja . 	Kakssataa korttia jo kiriootettu , kyllä meillon palio tuttuja . 
west	Eikö tuaki muari oo jo aikaa sitte kuallu , vai kuka soli joka haurattihi viisvuatta sitte . 	Eikö tuaki muari oo jo aikaa sitte kuallu , vai kuka soli joka haurattihi viisvuatta sitte . 
west	Minkä ihimeen takia ! 	Minkä ihimeen takia ! 
west	Ei se mun sukulaane ainakaa oo . 	Ei se mun sukulaane ainakaa oo . 
west	MUNKO PITÄÄS HAKIA 50 KORTTIA LISÄÄ KAUPASTA ! 	MUNKO PITÄÄS HAKIA 50 KORTTIA LISÄÄ KAUPASTA ! 
west	HAE KUULE ITTE ! 	HAE KUULE ITTE ! 
west	Jouluostoksilla olis kannattanu käyrä hyvis aijjoon ennen joulua . 	Jouluostoksilla olis kannattanu käyrä hyvis aijjoon ennen joulua . 
west	Joskus se vaan pakkaa jäärä viimmetinkaha . 	Joskus se vaan pakkaa jäärä viimmetinkaha . 
west	Kaupan jonos tuumaalet näin . 	Kaupan jonos tuumaalet näin . 
west	No pitkä jonohan tämon mutta mikäs kiirus täs on . 	No pitkä jonohan tämon mutta mikäs kiirus täs on . 
west	Meinaa tulla kyllä hiki ku on nämä talavi kamppehet päällä . 	Meinaa tulla kyllä hiki ku on nämä talavi kamppehet päällä . 
west	Äläkä sinä siinä takana töki sillä kärryllä , ei tämä jono sen nopiampaa sillä mee ! 	Äläkä sinä siinä takana töki sillä kärryllä , ei tämä jono sen nopiampaa sillä mee ! 
west	JA MIKÄ SAATARIN HALAVAANTUNU MUARI TUANNE KASSALLE ON PALAKATTU ! 	JA MIKÄ SAATARIN HALAVAANTUNU MUARI TUANNE KASSALLE ON PALAKATTU ! 
west	VANHAINKORISTAKO TÄNNE HOMMATAHAN TYÄVÄKI ! 	VANHAINKORISTAKO TÄNNE HOMMATAHAN TYÄVÄKI ! 
west	EIHÄN TÄMÄ JONO OO LIIKKUNU TUNTIHI YHTÄÄ ! 	EIHÄN TÄMÄ JONO OO LIIKKUNU TUNTIHI YHTÄÄ ! 
west	Kuusenhakiaa monaasti kiitellähän ja kehutahan onnistunehesta valinnasta . 	Kuusenhakiaa monaasti kiitellähän ja kehutahan onnistunehesta valinnasta . 
west	Kuusen hakija puallustaa valintaansa . 	Kuusen hakija puallustaa valintaansa . 
west	Niin mutta täälläänen kuusi johona on vaa toisellapualella oksia viää tuvas palio vähemmän tilaa . 	Niin mutta täälläänen kuusi johona on vaa toisellapualella oksia viää tuvas palio vähemmän tilaa . 
west	Jaa jaa mutta mettänhoirollisesti tämoli hyvä valinta . 	Jaa jaa mutta mettänhoirollisesti tämoli hyvä valinta . 
west	No siälä oli nii raakasti lunta ja pimiäki tuli ja kylymä ! 	No siälä oli nii raakasti lunta ja pimiäki tuli ja kylymä ! 
west	NO HAKEKAA ITTE PAREE KUUSI ! 	NO HAKEKAA ITTE PAREE KUUSI ! 
west	JA TÄMOLI SITTE VIIMMEENEN KUUSI MINKÄ MINÄ HAIN ! 	JA TÄMOLI SITTE VIIMMEENEN KUUSI MINKÄ MINÄ HAIN ! 
west	Kuusenkoristelu on kaas mukavaa hommaa . 	Kuusenkoristelu on kaas mukavaa hommaa . 
west	Apu ja hyvät neuvvot on tarpehe ja saatavilla . 	Apu ja hyvät neuvvot on tarpehe ja saatavilla . 
west	Näiren sähkökynttilään asennus on piäni homma , pian nämä tästä . 	Näiren sähkökynttilään asennus on piäni homma , pian nämä tästä . 
west	Pikkuusen tämä ny vastustaa , nämon vähä takus nämä johorot . 	Pikkuusen tämä ny vastustaa , nämon vähä takus nämä johorot . 
west	Kuka nämon oikee ottanu viimmevuanna kuusesta pois , tahallansa tiätysti solominnu ja sotkenu ihan takkuhu ! 	Kuka nämon oikee ottanu viimmevuanna kuusesta pois , tahallansa tiätysti solominnu ja sotkenu ihan takkuhu ! 
west	TÄHTI HÄJYSTI LATVAS ! 	TÄHTI HÄJYSTI LATVAS ! 
west	OLOKOHO VAA ! 	OLOKOHO VAA ! 
west	LAITTAKAA SINNE MUN PUALESTA VAIKKA SIRPPI JA VASARA ! 	LAITTAKAA SINNE MUN PUALESTA VAIKKA SIRPPI JA VASARA ! 
west	Kinkkua ja muuta jouluruakaa pistellähän poskehe jouluna innokkahasti . 	Kinkkua ja muuta jouluruakaa pistellähän poskehe jouluna innokkahasti . 
west	Kinkku pitää hakia kaupasta jonsei oo ittellä joulupossua . 	Kinkku pitää hakia kaupasta jonsei oo ittellä joulupossua . 
west	Kovin piäntä ei kuitenkaa viitti ostaa . 	Kovin piäntä ei kuitenkaa viitti ostaa . 
west	Ajattelet äänehen	Ajattelet äänehen
west	Tällääses isoos kinkus piisaa hetkeksi syämistä . 	Tällääses isoos kinkus piisaa hetkeksi syämistä . 
west	Voirellahan tämä ny sinapilla ja kylläpä sitä menööki palio . 	Voirellahan tämä ny sinapilla ja kylläpä sitä menööki palio . 
west	Jaa kuka tuan uunin jo laittoo päälle käryääki nii raakasti , solis pitäny pestäkki ensi . 	Jaa kuka tuan uunin jo laittoo päälle käryääki nii raakasti , solis pitäny pestäkki ensi . 
west	EIHÄN TÄLLÄÄNEN MÄLYTÖÖN MÖHKÄLES MAHARU ERES UUNIHI ! 	EIHÄN TÄLLÄÄNEN MÄLYTÖÖN MÖHKÄLES MAHARU ERES UUNIHI ! 
west	KENENKÄ JÄRKIÄ OLI OSTAA TÄÄLLÄNEN ! 	KENENKÄ JÄRKIÄ OLI OSTAA TÄÄLLÄNEN ! 
west	NO MINKÄ TÄHÄRE MEILLON NÄIN PIÄNI UUNI ! 	NO MINKÄ TÄHÄRE MEILLON NÄIN PIÄNI UUNI ! 
west	Jouluksi pitää teherä joulusiivot vaihtaa laattiahan joulumatot ja aakkunoohin joulukarteekit . 	Jouluksi pitää teherä joulusiivot vaihtaa laattiahan joulumatot ja aakkunoohin joulukarteekit . 
west	Ja kaikkia muutaki joulu vaatetta . 	Ja kaikkia muutaki joulu vaatetta . 
west	Kerrot miälipiteenäs notta	Kerrot miälipiteenäs notta
west	Kyllon ny siistiä ja jouluusta . 	Kyllon ny siistiä ja jouluusta . 
west	Joka paikas on kyllä ainaki punaasta tarpehiksi , mitä ne kommunistikki ennen vastusti joulua ? 	Joka paikas on kyllä ainaki punaasta tarpehiksi , mitä ne kommunistikki ennen vastusti joulua ? 
west	Joulusukat jalakoohin ! 	Joulusukat jalakoohin ! 
west	Eikö tua ny mee vähä lataaseksi jo ! 	Eikö tua ny mee vähä lataaseksi jo ! 
west	JA MINÄHÄN EN RUPIA SELEVIN PÄIN TONTTULAKKI PÄÄS OLEMAHAN KOKO PÄIVÄÄ ! 	JA MINÄHÄN EN RUPIA SELEVIN PÄIN TONTTULAKKI PÄÄS OLEMAHAN KOKO PÄIVÄÄ ! 
west	RAAVAHAT IHIMISET TÄLLÄLAILLA KONSTAALOO ! 	RAAVAHAT IHIMISET TÄLLÄLAILLA KONSTAALOO ! 
west	Lahajat pitää paketoora siävästi , naiset on jostaki syystä siinä hommas palio miähiä kätevämpiä . 	Lahajat pitää paketoora siävästi , naiset on jostaki syystä siinä hommas palio miähiä kätevämpiä . 
west	Mutta paketoonti on nii mukavaa hommaanottei sitä malta teettää kaupas . 	Mutta paketoonti on nii mukavaa hommaanottei sitä malta teettää kaupas . 
west	Kylläpä tätä joulupaperia menööki , ja kaikki samallaasta . 	Kylläpä tätä joulupaperia menööki , ja kaikki samallaasta . 
west	No vähä siitä tuli ruttuunen , minoon paremminki pakettiauton kuski ku paketooja . 	No vähä siitä tuli ruttuunen , minoon paremminki pakettiauton kuski ku paketooja . 
west	No en minä muista mitä mihinäki paketis on , munko se olis pitäny kattua ! 	No en minä muista mitä mihinäki paketis on , munko se olis pitäny kattua ! 
west	SYYTETÄHÄN HETI TOISTA VAIKKA ITTES OLIS VIKA ! 	SYYTETÄHÄN HETI TOISTA VAIKKA ITTES OLIS VIKA ! 
west	Kersat varsinki on innokkahia joululaulujen esittäjiä . 	Kersat varsinki on innokkahia joululaulujen esittäjiä . 
west	No nuatinviärestä minäki laulan , sen tähäre minen laulakkaa . 	No nuatinviärestä minäki laulan , sen tähäre minen laulakkaa . 
west	JA JOS JOKU SILLÄ URKUHARMOONILLA VIÄLÄ KERRAN SOITTAA JOULUPUKKI JOULUPUKKI NII MÄ KYLLÄ PIÄNIN SEN URKUHARMOONIN PÄREEKSI JA POLTAN PARAN ALLA ! 	JA JOS JOKU SILLÄ URKUHARMOONILLA VIÄLÄ KERRAN SOITTAA JOULUPUKKI JOULUPUKKI NII MÄ KYLLÄ PIÄNIN SEN URKUHARMOONIN PÄREEKSI JA POLTAN PARAN ALLA ! 
west	Jouluaatto aamuna on kaikki jo melekee valamista , enää piäntä laittamista . 	Jouluaatto aamuna on kaikki jo melekee valamista , enää piäntä laittamista . 
west	Saunan torni ei verä ! 	Saunan torni ei verä ! 
west	Joulusauna jää ny käymätä . 	Joulusauna jää ny käymätä . 
west	Joulupuuro paloo pohojahan ! 	Joulupuuro paloo pohojahan ! 
west	Hammas katkes ku puraasit mantelihin . 	Hammas katkes ku puraasit mantelihin . 
west	Kinkku oli niin suuri notta son jääny sisältä raakaksi ! 	Kinkku oli niin suuri notta son jääny sisältä raakaksi ! 
west	JULISTAKAA NY SE JOULURAUHA ÄKKIÄ NOTTA TÄSTÄ KAUHIASTA RESSISTÄ PÄÄSÖÖ ! 	JULISTAKAA NY SE JOULURAUHA ÄKKIÄ NOTTA TÄSTÄ KAUHIASTA RESSISTÄ PÄÄSÖÖ ! 
west	EI TÄTÄ ENÄÄ IHIMINEN KAUAA KESTÄ ! 	EI TÄTÄ ENÄÄ IHIMINEN KAUAA KESTÄ ! 
west	Jos oot keränny testis pisteetä 9-18 nii sinet ota joulua tarpehiksi tosisnas . 	Jos oot keränny testis pisteetä 9-18 nii sinet ota joulua tarpehiksi tosisnas . 
west	18-25 soot jo vähä kuusalla mitenkä pitääs olla . 	18-25 soot jo vähä kuusalla mitenkä pitääs olla . 
west	25-35 pistettä ja saat kattella ainaki samariiniä . 	25-35 pistettä ja saat kattella ainaki samariiniä . 
west	Täyret 36 pistettä keränny onki jo joulurauhan tai lasareetipaikan arvoonen suaritus Rentouttavaa joulun orotusta !	Täyret 36 pistettä keränny onki jo joulurauhan tai lasareetipaikan arvoonen suaritus Rentouttavaa joulun orotusta !
west	Roupe takaasi ! 	Roupe takaasi ! 
west	Maailma on menny perseelleen , ei enää roupea , miniroupeki on täynnä hasardeja verenalaasia kivenreunoja , törkyä ja liikaa rapuja ( ravut ei kohtuures määrin haittaa , olihan niitä roupellaki , mutta se kun on liikaa ja ainut ranta on rapuja täynnä ) Miniroupe on aina kylymä , ja muutoonki kolokko paikka , liika likellä rataaki . 	Maailma on menny perseelleen , ei enää roupea , miniroupeki on täynnä hasardeja verenalaasia kivenreunoja , törkyä ja liikaa rapuja ( ravut ei kohtuures määrin haittaa , olihan niitä roupellaki , mutta se kun on liikaa ja ainut ranta on rapuja täynnä ) Miniroupe on aina kylymä , ja muutoonki kolokko paikka , liika likellä rataaki . 
west	Maailma on siis pilattu . 	Maailma on siis pilattu . 
west	Roupe takaasi ja nopiaa ! 	Roupe takaasi ja nopiaa ! 
west	Veneskosken monttuki on liika pieni ja liika likellä tietä , liika vähä mettäs ja sielä käyy liikaa porukkaa . 	Veneskosken monttuki on liika pieni ja liika likellä tietä , liika vähä mettäs ja sielä käyy liikaa porukkaa . 
west	Jalasjärven / Peräseinäjoen johonaki kuuses on joku monttu johona käytihin Louperoisen kans mutta sekää ei oo mistään kotoosin , kylymä , kolokko , turmeltu ja ynseä , liika pienet reunat jne . 	Jalasjärven / Peräseinäjoen johonaki kuuses on joku monttu johona käytihin Louperoisen kans mutta sekää ei oo mistään kotoosin , kylymä , kolokko , turmeltu ja ynseä , liika pienet reunat jne . 
west	Sikakankahan monttu .	Sikakankahan monttu .
west	Se on liika likellä isoa tietä , paratiisimaiset olosuhtehet puuttuu , kuten vettä , syrjäänen sijaanti , jne . 	Se on liika likellä isoa tietä , paratiisimaiset olosuhtehet puuttuu , kuten vettä , syrjäänen sijaanti , jne . 
west	Roupen louhijat , noukkikohon moreeninsa muuaalta ! 	Roupen louhijat , noukkikohon moreeninsa muuaalta ! 
west	Roupe takaasi ! 	Roupe takaasi ! 
west	Jos Ilpe olis täälä niin se uurestansa täyttääs Roupen , vaikka yöllä . 	Jos Ilpe olis täälä niin se uurestansa täyttääs Roupen , vaikka yöllä . 
west	Vaikka leheres arviootihin jotta jos vaikka Roupea rupiaas heti täyttämähän ( siis antaas veten tihkua kallioosta , niinku se täyttyy ) niin siihen menis 10-20 vuotta ! 	Vaikka leheres arviootihin jotta jos vaikka Roupea rupiaas heti täyttämähän ( siis antaas veten tihkua kallioosta , niinku se täyttyy ) niin siihen menis 10-20 vuotta ! 
west	Eli jos halutahan Roupella uira 10-20v päästä niin sen täyttäminen on alootettava NY . 	Eli jos halutahan Roupella uira 10-20v päästä niin sen täyttäminen on alootettava NY . 
west	Jotaki on tehtävä , muuten ainut teoreettinen maharollisuus on jotta vanhaankorista mennä rullatuolin tai rollaattorin kans roupelle mutta silloon ei kiviportahien kapuaminen onnistu . 	Jotaki on tehtävä , muuten ainut teoreettinen maharollisuus on jotta vanhaankorista mennä rullatuolin tai rollaattorin kans roupelle mutta silloon ei kiviportahien kapuaminen onnistu . 
west	Mua ei eres huvita enää uira kun ei oo roupea . 	Mua ei eres huvita enää uira kun ei oo roupea . 
west	Ennemmin vaikka derivoin kun uin , koska uiminen tuo mielehen roupen muiston . 	Ennemmin vaikka derivoin kun uin , koska uiminen tuo mielehen roupen muiston . 
west	Mulla on Roupen ilimakuva seinätaulu , ostettuna sjoen kaupungilta , muttei sitäkää viitti pitää seinällä ku pistää niin vihaksi . 	Mulla on Roupen ilimakuva seinätaulu , ostettuna sjoen kaupungilta , muttei sitäkää viitti pitää seinällä ku pistää niin vihaksi . 
west	Pitääs nostaa " Varo " -kyltti Roupen pohojasta ja marssia soratyömaan pomon työ , ostaa koko Roupe sellaasella rahalla jottei roupen nykyynen omistaja jää epärööttemähän myiräkkö vaiko eikö vaan myi Roupen suoralta käreltä . 	Pitääs nostaa " Varo " -kyltti Roupen pohojasta ja marssia soratyömaan pomon työ , ostaa koko Roupe sellaasella rahalla jottei roupen nykyynen omistaja jää epärööttemähän myiräkkö vaiko eikö vaan myi Roupen suoralta käreltä . 
west	Ja sen jäläkehen pistää paikat kuntohon ! 	Ja sen jäläkehen pistää paikat kuntohon ! 
west	Ny mettäkki on kaarettu ja koko paikka näyttää kuumaisemalta ! 	Ny mettäkki on kaarettu ja koko paikka näyttää kuumaisemalta ! 
west	Paratiisimainen neitseellisyys back En yhtää ihimettele jotta RuuRsonikki lähti klitomahan Pohojammaalta ja koko maasta , ku Roupeki on tuhottu . 	Paratiisimainen neitseellisyys back En yhtää ihimettele jotta RuuRsonikki lähti klitomahan Pohojammaalta ja koko maasta , ku Roupeki on tuhottu . 
west	Roupe takaasi ! 	Roupe takaasi ! 
west	Aina oli teini-ikääsenä suunnitelma jotta 	Aina oli teini-ikääsenä suunnitelma jotta 
west	Ei enää huvita eres heittää talaviturkkia kun ei oo parasta paikka mihinä sen voi heittää eli roupe . 	Ei enää huvita eres heittää talaviturkkia kun ei oo parasta paikka mihinä sen voi heittää eli roupe . 
west	Eikä eres huvita ajaa junalla ku rata kulukoo pilatun ja raiskatun roupen vierestä . 	Eikä eres huvita ajaa junalla ku rata kulukoo pilatun ja raiskatun roupen vierestä . 
west	Se maa pitääs yksinkertaasesti vain ostaa ja istuttaa puut takaasi reunoolle ja palauttaa vesi ja linja-auton jämät , penkki ja " Varo ! " -kyltti pohojahan . 	Se maa pitääs yksinkertaasesti vain ostaa ja istuttaa puut takaasi reunoolle ja palauttaa vesi ja linja-auton jämät , penkki ja " Varo ! " -kyltti pohojahan . 
west	Mutta mikä ehkä eniten kyrsii on se , että vaikka kaiken tämän tekiskin , Ilpe ei tuu takaasi , eikä samat ihmiset saman paratiisilammen rannalle , eikä nuoruuren kevät . 	Mutta mikä ehkä eniten kyrsii on se , että vaikka kaiken tämän tekiskin , Ilpe ei tuu takaasi , eikä samat ihmiset saman paratiisilammen rannalle , eikä nuoruuren kevät . 
west	Niitä ei enää saa takaasi . 	Niitä ei enää saa takaasi . 
west	Vähintä kuitenki mitä voirahan teherä on palauttaa roupe . 	Vähintä kuitenki mitä voirahan teherä on palauttaa roupe . 
west	Jos oon joskus miljonääri , lupaan ostaa ja ennallistaa Roupen jos maharollista . 	Jos oon joskus miljonääri , lupaan ostaa ja ennallistaa Roupen jos maharollista . 
west	Jos jollakin muulla teistä on miljoonia ennen minua , pyyrän , tehkää tämä mitä sanoon . 	Jos jollakin muulla teistä on miljoonia ennen minua , pyyrän , tehkää tämä mitä sanoon . 
west	Ensin täytyys jotenki arvioora Roupen hinta ( ja hyöryntämättömien louhittavien aineeren arvo ) ja esittää luulot pois-tarjous omistajalle . 	Ensin täytyys jotenki arvioora Roupen hinta ( ja hyöryntämättömien louhittavien aineeren arvo ) ja esittää luulot pois-tarjous omistajalle . 
west	Ja jos omistaja periaatteesta haluaa pitää kiinni Roupesta , niin pitää tariota niin isoo rahasumma jotta periaattehekki muuttuu . 	Ja jos omistaja periaatteesta haluaa pitää kiinni Roupesta , niin pitää tariota niin isoo rahasumma jotta periaattehekki muuttuu . 
west	En usko jotta kaupunki osaa maisemoora paikkaa niinku asiahan kuuluu ja siinä menöö ikä ja terveys ennenkö kaupunki saa aikaaseksi sen . 	En usko jotta kaupunki osaa maisemoora paikkaa niinku asiahan kuuluu ja siinä menöö ikä ja terveys ennenkö kaupunki saa aikaaseksi sen . 
west	Sitä paitti jos kaupunki asiahan puuttuu niin siitä teherähän joku virallinen uimaranta jätskikioskeineen ja rantavalvojineen , eikä siinä vaihees siellä saa enää tarzan huutoja huutaa . 	Sitä paitti jos kaupunki asiahan puuttuu niin siitä teherähän joku virallinen uimaranta jätskikioskeineen ja rantavalvojineen , eikä siinä vaihees siellä saa enää tarzan huutoja huutaa . 
west	Nuotiootakaa tuskin saa teherä . 	Nuotiootakaa tuskin saa teherä . 
west	Ja muutenki siitä teherähän sellaanen mössön möö paikka johna on enää tuskin kunnon hyppypaikkoja , kallioportahia , 8m hyppäyspaikkoja portaineen jne . 	Ja muutenki siitä teherähän sellaanen mössön möö paikka johna on enää tuskin kunnon hyppypaikkoja , kallioportahia , 8m hyppäyspaikkoja portaineen jne . 
west	Siitä teherähän joku tyhmistetty urpoversio joka ei torennäköösesti muistuta alkuperäästä roupea mitenkään . 	Siitä teherähän joku tyhmistetty urpoversio joka ei torennäköösesti muistuta alkuperäästä roupea mitenkään . 
west	Ja jos se päätyy kaupungin haltuhun , se ei sitä torennäköösesti myi vaikka mitä tariuaas , koska kaupungit on sellaasia pyrokraattisia möösiblöö-systeemejä . 	Ja jos se päätyy kaupungin haltuhun , se ei sitä torennäköösesti myi vaikka mitä tariuaas , koska kaupungit on sellaasia pyrokraattisia möösiblöö-systeemejä . 
west	Jonkun hyväntekijän on ny vain ostettava se kokonaasuus ittellensä ja palautettava se - kokonaasuutena- siihen asuhun mitä se oli n. v. 2015 tietämillä 	Jonkun hyväntekijän on ny vain ostettava se kokonaasuus ittellensä ja palautettava se - kokonaasuutena- siihen asuhun mitä se oli n. v. 2015 tietämillä 
west	( sisältäen ympäristön maisemoonnin , puut , kaiken ) Yks maharollisuus on kolehrilla kerätä se rahasumma joka vaaritahan roupen ostohon , mutta se vaatii pyrokraattisia juttuja ( ry. 	( sisältäen ympäristön maisemoonnin , puut , kaiken ) Yks maharollisuus on kolehrilla kerätä se rahasumma joka vaaritahan roupen ostohon , mutta se vaatii pyrokraattisia juttuja ( ry. 
west	Joka tapaukses roupen rahallinen arvo ( mukahanlukien hyöryntämätöön louhintapotentiaali jne ) tuloo selevittää ja tariota selekiästi ylitte sen ja ostaa roupe . 	Joka tapaukses roupen rahallinen arvo ( mukahanlukien hyöryntämätöön louhintapotentiaali jne ) tuloo selevittää ja tariota selekiästi ylitte sen ja ostaa roupe . 
east	Murrepalstal puhals kylmä tuuli eile . 	Murrepalstal puhals kylmä tuuli eile . 
east	Tul nii kohmelo olo et , vieläkkii oikei paleltaa . 	Tul nii kohmelo olo et , vieläkkii oikei paleltaa . 
east	Täss on saant ihmetellä ja aatella , mite täst selviää ? 	Täss on saant ihmetellä ja aatella , mite täst selviää ? 
east	Mut eiks nii sanota et , yhteispelillä se sujuu . 	Mut eiks nii sanota et , yhteispelillä se sujuu . 
east	Et kirjotelkaa vaa , niiko ei ois mittää oltkaa . 	Et kirjotelkaa vaa , niiko ei ois mittää oltkaa . 
east	Siint myö selvitää sillai . 	Siint myö selvitää sillai . 
east	Sen verra viel sanon et henkee ja veree oon taistelt et , tää palsta pysyis oikei siistinä . 	Sen verra viel sanon et henkee ja veree oon taistelt et , tää palsta pysyis oikei siistinä . 
east	No nii , mie jäänkkii oottamaa mitä tää päivä tuo tullessaa , teistähä se riippuu .	No nii , mie jäänkkii oottamaa mitä tää päivä tuo tullessaa , teistähä se riippuu .
west	juu kyä näi o .	juu kyä näi o .
north	alkanheen tuo vaalityö .	alkanheen tuo vaalityö .
north	ei kaikki ole vielä konkurssissa , vaikka lähelä olhaanki	ei kaikki ole vielä konkurssissa , vaikka lähelä olhaanki
east	Täs onkii iha oikiita asjaa.	Täs onkii iha oikiita asjaa.
east	Kyl miekii iha kauhul oon seurant sitä mennoo.	Kyl miekii iha kauhul oon seurant sitä mennoo.
east	Ja oonkii pant kiittimet iha kyynäpäit myöte ristii ja kiittänt , ko meijä kohta teini-ikäsiks tulevat ei ainakaa viel oo noihe puuhii ryhtynt.	Ja oonkii pant kiittimet iha kyynäpäit myöte ristii ja kiittänt , ko meijä kohta teini-ikäsiks tulevat ei ainakaa viel oo noihe puuhii ryhtynt.
east	Toine viihtyy ponniisa kans tallil ja toise on vissii varjelt,ko matkaa on keskustaa muutamii kilometrilöi ja Hää käyp pientä kyläkouluu . 	Toine viihtyy ponniisa kans tallil ja toise on vissii varjelt,ko matkaa on keskustaa muutamii kilometrilöi ja Hää käyp pientä kyläkouluu . 
east	Hirvittää , mite sit käy , ko Hää tulloo yläasteel tänne keskustaa .	Hirvittää , mite sit käy , ko Hää tulloo yläasteel tänne keskustaa .
east	Olko se meijä aikaaki jokkuu iso pahe , ko en mie ainakaa muista.	Olko se meijä aikaaki jokkuu iso pahe , ko en mie ainakaa muista.
east	Seh äse nyt täs päällimäine huoli onkii , osataaks myö antaa Heil oikiit evväät , vanhemmat ja mie .	Seh äse nyt täs päällimäine huoli onkii , osataaks myö antaa Heil oikiit evväät , vanhemmat ja mie .
north	Polokupyörällä pääse helepommin ja nopiampaa kun lönkystelemällä . 	Polokupyörällä pääse helepommin ja nopiampaa kun lönkystelemällä . 
north	Istut tarakalle ja akka polokee .	Istut tarakalle ja akka polokee .
west	Onkohan kauhavalla enää juappoja ollenkaan . 	Onkohan kauhavalla enää juappoja ollenkaan . 
west	Enen ku istuu torilla näki kunnon juappoja keräämäs pulloja mutta se on vissihin se lapuan kuivaamo kuivannu kaikki kauhavan juapot vai mihnä ne oikeen on .	Enen ku istuu torilla näki kunnon juappoja keräämäs pulloja mutta se on vissihin se lapuan kuivaamo kuivannu kaikki kauhavan juapot vai mihnä ne oikeen on .
north	Ooulusa ei moni ossaa sanua mittään tästä Mäntylästä , eihän se oo täälä asunukkaan herran aikoihin . 	Ooulusa ei moni ossaa sanua mittään tästä Mäntylästä , eihän se oo täälä asunukkaan herran aikoihin . 
north	Jottain politiikkaa kai se yritteli tehä muttei siitä tullu valamiimpaa . 	Jottain politiikkaa kai se yritteli tehä muttei siitä tullu valamiimpaa . 
north	Nykkai se on ammattirakastuja , oisko se sitten sen vahavuusaluetta .	Nykkai se on ammattirakastuja , oisko se sitten sen vahavuusaluetta .
east	Tietääkö kukaan hänest ? 	Tietääkö kukaan hänest ? 
east	Syyskuun alkupuolell hää ol viel linjoil .	Syyskuun alkupuolell hää ol viel linjoil .
north	no muistelappa sillon ko Hetassa ei ollu ommaa Alkoa . 	no muistelappa sillon ko Hetassa ei ollu ommaa Alkoa . 
north	Mutta Ölymppialaishiin met menemmä , joohan .	Mutta Ölymppialaishiin met menemmä , joohan .
west	juttu , et mone tääl pruukka valkata kene kans nee praakkava . 	juttu , et mone tääl pruukka valkata kene kans nee praakkava . 
west	Mut mää ev välit siit yhttä , ko mää en ol eres välitystoimistos käynykkä . 	Mut mää ev välit siit yhttä , ko mää en ol eres välitystoimistos käynykkä . 
west	Mul o vaa simmone miäl , et tykkän ain joskus murtteist , sit taas ko emmää vajavaisel miälelän ain ymmärr kaikke mitä vääräl kiälel sanota , nii sit mää ruppen tykkämä toisist assioist . 	Mul o vaa simmone miäl , et tykkän ain joskus murtteist , sit taas ko emmää vajavaisel miälelän ain ymmärr kaikke mitä vääräl kiälel sanota , nii sit mää ruppen tykkämä toisist assioist . 
west	Toise tykkävä taas ain funteerata simmossi hianoi ja vaikkio assio , mut mul tule pää kippiäks jos mää funtteran liikka . 	Toise tykkävä taas ain funteerata simmossi hianoi ja vaikkio assio , mut mul tule pää kippiäks jos mää funtteran liikka . 
west	Siks mää tykkän vaa höpist kaikelaist maa ja taivan välilt , kyl siihe rakko mahtu tavalise pal assioi ! 	Siks mää tykkän vaa höpist kaikelaist maa ja taivan välilt , kyl siihe rakko mahtu tavalise pal assioi ! 
west	Täsä murrekketjus tunttu oleva oikke mukavi ja hauskassi ihmisi , varsinki naissi , jokka kyl melkkest kaik kyärävä tota Lokari , mut see taitta tykät ko flikat siit tappeleva . 	Täsä murrekketjus tunttu oleva oikke mukavi ja hauskassi ihmisi , varsinki naissi , jokka kyl melkkest kaik kyärävä tota Lokari , mut see taitta tykät ko flikat siit tappeleva . 
west	Mää ole kuiteski simmone rauha rakastava ihmine , nii en uskal menn koskan simmose poruka fölin , koo ova kovi riirahaastaji ja tappelijoi . 	Mää ole kuiteski simmone rauha rakastava ihmine , nii en uskal menn koskan simmose poruka fölin , koo ova kovi riirahaastaji ja tappelijoi . 
west	Mun luanton ov välil kyl kiivas ja kiukkune , ko asia ei men nii ko niitte pitäs , mut mää kiukuttele sillo vaa itten kans . 	Mun luanton ov välil kyl kiivas ja kiukkune , ko asia ei men nii ko niitte pitäs , mut mää kiukuttele sillo vaa itten kans . 
west	See o niim pal helpomppa soppiki ittes kans , em mää ainaska kaua itteni kans viitti kiukutel.	See o niim pal helpomppa soppiki ittes kans , em mää ainaska kaua itteni kans viitti kiukutel.
west	Kyll maar mää vaa tierä. 	Kyll maar mää vaa tierä. 
east	Voi sinuuuu .	Voi sinuuuu .
east	Ei minust ol kukkaa ennenkää välittänt . 	Ei minust ol kukkaa ennenkää välittänt . 
east	Nii sit oikkee nii .	Nii sit oikkee nii .
east	Mie kyl välitän sinnuuuu . 	Mie kyl välitän sinnuuuu . 
west	tänään paljoo kirjotteleman kun mullon ollu viaraita . 	tänään paljoo kirjotteleman kun mullon ollu viaraita . 
west	Tykkääksää lukee paljon ? 	Tykkääksää lukee paljon ? 
west	Minkälaiseta kirjallisuuresta sää tykkäät ja mikkä on sulla kaikkein miäleen painuvat kirjat jokka sää oot lukenu ? 	Minkälaiseta kirjallisuuresta sää tykkäät ja mikkä on sulla kaikkein miäleen painuvat kirjat jokka sää oot lukenu ? 
west	Mitäs sää musiikista pirät ? 	Mitäs sää musiikista pirät ? 
west	Käykkö sää paljon konserteissa , tai oopperassa ja onks sulla jotakin mitä sää kuuntelet vaikka päivän syämättä ? 	Käykkö sää paljon konserteissa , tai oopperassa ja onks sulla jotakin mitä sää kuuntelet vaikka päivän syämättä ? 
west	Paree se on kulttuurista puhuukki kun piolookiasta , mikä saa miähet luuleman , että me täälä vaan jonossa jotain sonnia orotetaan . 	Paree se on kulttuurista puhuukki kun piolookiasta , mikä saa miähet luuleman , että me täälä vaan jonossa jotain sonnia orotetaan . 
west	Nymmää tiärän , alota sää kertoo joku kalajuttu , se houkuttelee miähiäkin mukaan keskusteleen ja viäkin paree aihe ois autot . 	Nymmää tiärän , alota sää kertoo joku kalajuttu , se houkuttelee miähiäkin mukaan keskusteleen ja viäkin paree aihe ois autot . 
west	Onks sulla kuinkin hiano menopeli ja mitä merkkiä se on ? 	Onks sulla kuinkin hiano menopeli ja mitä merkkiä se on ? 
west	Sitten ois tiätenkin politiikka , mutta siittä mää en ainakn ymmärrä mitään . 	Sitten ois tiätenkin politiikka , mutta siittä mää en ainakn ymmärrä mitään . 
west	Ymmärräks sää ? 	Ymmärräks sää ? 
west	Tosta presitentin vaalista vois tiätenkin puhuu viä ja sitten viäkin enemmän kun se on ohi . 	Tosta presitentin vaalista vois tiätenkin puhuu viä ja sitten viäkin enemmän kun se on ohi . 
west	Vois tuara esiin taas kantansa , että Suamen kansa on tyhmää , eikä osaa millonkan valita oikeeta preitenttiä . 	Vois tuara esiin taas kantansa , että Suamen kansa on tyhmää , eikä osaa millonkan valita oikeeta preitenttiä . 
west	Mää rohkastuin ny sun innoittamana tekeen ehrotuksia keskustelun aiheiks ja sää ninkun tään ketjun avaajana saakki sitten alkaa esittää omia miälipiteitäs . 	Mää rohkastuin ny sun innoittamana tekeen ehrotuksia keskustelun aiheiks ja sää ninkun tään ketjun avaajana saakki sitten alkaa esittää omia miälipiteitäs . 
west	Sillai se juttu etenee ja piolookia saa vähemmän tilaaki meitin miäles jokka ollaan tyrkyllä , vai kuin sää sanoikkan ?	Sillai se juttu etenee ja piolookia saa vähemmän tilaaki meitin miäles jokka ollaan tyrkyllä , vai kuin sää sanoikkan ?
west	Mene se juhanus tiätyst sillailkki et töit teke sillonki vaikkei niim pakkokan olis . 	Mene se juhanus tiätyst sillailkki et töit teke sillonki vaikkei niim pakkokan olis . 
west	Mut muun juhanuksen oli sit kyl semmone ettän olin koton enkä tehny millekäm mittä enkä ruven mihenkkän ko oli vaa juur niinko Ellun kana . 	Mut muun juhanuksen oli sit kyl semmone ettän olin koton enkä tehny millekäm mittä enkä ruven mihenkkän ko oli vaa juur niinko Ellun kana . 
west	Ja uskottak te kaik et se ol yks kaikkeim paremp juhanus issoo aikkaa . 	Ja uskottak te kaik et se ol yks kaikkeim paremp juhanus issoo aikkaa . 
west	Monica sano et ko hänt ei kukkaan nähnk ko hän töit teki . 	Monica sano et ko hänt ei kukkaan nähnk ko hän töit teki . 
west	Ei muuka kukkan nähny ettän valla oli mittääntekemät . 	Ei muuka kukkan nähny ettän valla oli mittääntekemät . 
west	Siin miäles se laiskanolemine men tiätys hukka etei kukkaam päässy eres hirvittelemä . 	Siin miäles se laiskanolemine men tiätys hukka etei kukkaam päässy eres hirvittelemä . 
west	Olis tääl lounaises Suames tiätyst joka sorttii ollu Raumamere juhanuksest ruvetem mut ko kerta en viittin ni e . 	Olis tääl lounaises Suames tiätyst joka sorttii ollu Raumamere juhanuksest ruvetem mut ko kerta en viittin ni e . 
west	Sillon ko Seinäjoel asuin ni pois mää siälläkkin kaupunkist lähri sillonko siäl provinssi taik tankomarkkinat ol. 	Sillon ko Seinäjoel asuin ni pois mää siälläkkin kaupunkist lähri sillonko siäl provinssi taik tankomarkkinat ol. 
west	Vähäm matkan pääs mukulat pulikoittee uima-alttaas ja niitte isä virittä krilli . 	Vähäm matkan pääs mukulat pulikoittee uima-alttaas ja niitte isä virittä krilli . 
west	Sai näämmä virkkeemään kos siäl ny on niin turkasemmoiset liäkit . 	Sai näämmä virkkeemään kos siäl ny on niin turkasemmoiset liäkit . 
west	Tul miälee et mahraisiks itekki kävel sen koko kilometri matkan ko ranttaan olis ja uimaa men , mut en tiär viiteisiks kon ei muutakkan ol viittin . 	Tul miälee et mahraisiks itekki kävel sen koko kilometri matkan ko ranttaan olis ja uimaa men , mut en tiär viiteisiks kon ei muutakkan ol viittin . 
west	Kerkkii sitä arkeinaki .	Kerkkii sitä arkeinaki .
west	Hietasta lainatakseni " tattis vaa,kyl mää täl pärjä pual vuat " kauniist kehuttu , pikku pöhnäs antasin euron .	Hietasta lainatakseni " tattis vaa,kyl mää täl pärjä pual vuat " kauniist kehuttu , pikku pöhnäs antasin euron .
west	- " Jok sää ol pitäny kaik saikkulomat jo tält vuorelt " . 	- " Jok sää ol pitäny kaik saikkulomat jo tält vuorelt " . 
west	- " En mää viel ku 6 viikkoo ol pitäny , mutt kesäloma jälkke o tarkotus taas piipahta viikoksi viroon kylppylää , soitan taas menomatkall laivast ett ny nokka vuota ja kurk kippiäki " . 	- " En mää viel ku 6 viikkoo ol pitäny , mutt kesäloma jälkke o tarkotus taas piipahta viikoksi viroon kylppylää , soitan taas menomatkall laivast ett ny nokka vuota ja kurk kippiäki " . 
west	- " On tää elämä ni helppo , ku o kaupunki hommis " . 	- " On tää elämä ni helppo , ku o kaupunki hommis " . 
west	- " Joo , toist se o noill ku o yksityisell töis , aattell ny , ne joutu oikke töitäki tekkeen " . 	- " Joo , toist se o noill ku o yksityisell töis , aattell ny , ne joutu oikke töitäki tekkeen " . 
west	- " Joo , telkariski tule parhaill uusintana HELPPOA ELÄMÄÄ sarja , katoik sä sitä " . 	- " Joo , telkariski tule parhaill uusintana HELPPOA ELÄMÄÄ sarja , katoik sä sitä " . 
west	- " Kerttok se meist Salo Kaupunki työläisist vai " . 	- " Kerttok se meist Salo Kaupunki työläisist vai " . 
west	- " Ei se meist , heh , heh , , , vaikk kylhä sellaine sarja meist vois tehäkki " . 	- " Ei se meist , heh , heh , , , vaikk kylhä sellaine sarja meist vois tehäkki " . 
west	- " Ei hemmetti , kylpä se aika rientä , pittä mennä takas töihi " . 	- " Ei hemmetti , kylpä se aika rientä , pittä mennä takas töihi " . 
west	- " Älähä ny hermostu , juuaan toiset kaffeet , eihän me olla tääll torill oltu ku tunnis vast kaffetunnill " . 	- " Älähä ny hermostu , juuaan toiset kaffeet , eihän me olla tääll torill oltu ku tunnis vast kaffetunnill " . 
west	- " No juuaan sit ja koht alkka se ruokatuntiki , mennää sit uurell kaupunkitaloll syömää " . 	- " No juuaan sit ja koht alkka se ruokatuntiki , mennää sit uurell kaupunkitaloll syömää " . 
west	- " Kunhan ei vaa se ruokala emänt paa sellaist työhalupulveria ruua joukko " . 	- " Kunhan ei vaa se ruokala emänt paa sellaist työhalupulveria ruua joukko " . 
west	- " Hui kauhiaa , ai sellaistakin on jo keksitty , ny multt mult me men yö unekki " . 	- " Hui kauhiaa , ai sellaistakin on jo keksitty , ny multt mult me men yö unekki " . 
west	- " Joo , Rantakokko o kuulemma sitä tilannu neti kautt 6000 kilo amerikoist , mut se juuttu viell tulli , ku ne luuli et se o LSD:tä " . 	- " Joo , Rantakokko o kuulemma sitä tilannu neti kautt 6000 kilo amerikoist , mut se juuttu viell tulli , ku ne luuli et se o LSD:tä " . 
west	- " Ols se kauhia jos se niinpall sitt piristäis meit , ett oikke alettais töit tekke tosissa " . 	- " Ols se kauhia jos se niinpall sitt piristäis meit , ett oikke alettais töit tekke tosissa " . 
west	- " Mä en sitt kyll enä ruokalasa syö " . 	- " Mä en sitt kyll enä ruokalasa syö " . 
west	- " Määkyll vähä epäile ett ne ol sitä jo ilmastoinikautt laittanu , ku joskus haisse niin " . 	- " Määkyll vähä epäile ett ne ol sitä jo ilmastoinikautt laittanu , ku joskus haisse niin " . 
west	- " Se oll varma mu pieru , oll huoleti " . 	- " Se oll varma mu pieru , oll huoleti " . 
west	- " Mutt jokus mä saa sellasi työpuhteiki " . 	- " Mutt jokus mä saa sellasi työpuhteiki " . 
west	- " Ai , no kyll ne sitä työhalupulveri sitt jo levittä ilmastoini kautt " . 	- " Ai , no kyll ne sitä työhalupulveri sitt jo levittä ilmastoini kautt " . 
west	- " Kamalaa , mä hae het saikku jo tänä " .	- " Kamalaa , mä hae het saikku jo tänä " .
east	pjerkeleestä soa mittää seleveä .	pjerkeleestä soa mittää seleveä .
east	vielä vähempi kun minun kirjailuista mutta ooppa valamiina jos vaekka jeesus tulloo mopolla taekka jopolla ja kyssyy että lähetäänkö reissunpeälle .	vielä vähempi kun minun kirjailuista mutta ooppa valamiina jos vaekka jeesus tulloo mopolla taekka jopolla ja kyssyy että lähetäänkö reissunpeälle .
east	luuleksie että sie soat jahkaelemaan jeähä jos peäjehun poeka kyytiin kyselöö sillä paena mieleis peällä kaeken varalta että kyllä Sakarin on tanssattava vaekka hauvvan peällä kun soetto soepi .	luuleksie että sie soat jahkaelemaan jeähä jos peäjehun poeka kyytiin kyselöö sillä paena mieleis peällä kaeken varalta että kyllä Sakarin on tanssattava vaekka hauvvan peällä kun soetto soepi .
east	mikä lie moalina mutta kyllä jos et oo huomannu että moailimassa on jottae rassattavoa aena niin elä huutele sitä sillä ei ne pöljäksi luule van sokkeaksi tollukaksi ja se toas eijjoo mikkää etteenpäen vievä assie ansioluetteloessa .	mikä lie moalina mutta kyllä jos et oo huomannu että moailimassa on jottae rassattavoa aena niin elä huutele sitä sillä ei ne pöljäksi luule van sokkeaksi tollukaksi ja se toas eijjoo mikkää etteenpäen vievä assie ansioluetteloessa .
east	ei moan peällä eikä siellä alakerran hiilivaonuosastolla .	ei moan peällä eikä siellä alakerran hiilivaonuosastolla .
east	lie jottae ihan ihmeellistä ja uutta kun eijjoo korviin ei silimiin sattunna mutta luulempa että sie sennii valakaset kun vaohtiin peäset .	lie jottae ihan ihmeellistä ja uutta kun eijjoo korviin ei silimiin sattunna mutta luulempa että sie sennii valakaset kun vaohtiin peäset .
east	lisseä tulisi mutta tuli tärkeämpöä hommoa joten pallaellaan toas .	lisseä tulisi mutta tuli tärkeämpöä hommoa joten pallaellaan toas .
east	siehä myöhäsee kukut , :)) mie joskus nousen ylös tuoho aikaa,se ol kyllä sillo ko olin terveenä,nyt mie tahon maata vuorokauet ympäriinsä . 	siehä myöhäsee kukut , :)) mie joskus nousen ylös tuoho aikaa,se ol kyllä sillo ko olin terveenä,nyt mie tahon maata vuorokauet ympäriinsä . 
east	kiitos kehumisesta , kyllä mie tosissain yrittän kirjottaa niin että työ pystysitte lukemaa mitä mie haastelen . 	kiitos kehumisesta , kyllä mie tosissain yrittän kirjottaa niin että työ pystysitte lukemaa mitä mie haastelen . 
east	mukava ko huomasit sen . 	mukava ko huomasit sen . 
east	jos panisin ylös ihan sana tarkast niinko puhun sitä teiän olis varmaa vaikia ymmärtää , minul ko on viel paljo venäläisii ja karjalan sanoja puhheessa ja kirjotusvirheitä tullee solkenaa . 	jos panisin ylös ihan sana tarkast niinko puhun sitä teiän olis varmaa vaikia ymmärtää , minul ko on viel paljo venäläisii ja karjalan sanoja puhheessa ja kirjotusvirheitä tullee solkenaa . 
east	minul on konneessa sellanen että saan punasella jos sana ei ole oikee kirjotettu , mutta sitä en voi käyttää . 	minul on konneessa sellanen että saan punasella jos sana ei ole oikee kirjotettu , mutta sitä en voi käyttää . 
east	se näyttää väärää kirjotusta niin paljo ettei miun kirjottamisest tänne tulis mittää jos yrittäsin alkaa ratkomaa , mite ne sanat oikee pannaa . 	se näyttää väärää kirjotusta niin paljo ettei miun kirjottamisest tänne tulis mittää jos yrittäsin alkaa ratkomaa , mite ne sanat oikee pannaa . 
east	olin paljo huononpi kirjottammaa 14 vuotta sitte . 	olin paljo huononpi kirjottammaa 14 vuotta sitte . 
east	mutta pittää sannoo että lukemisel on virkaa . 	mutta pittää sannoo että lukemisel on virkaa . 
east	enhä mie mittää hienoo lukent , romaaneita luin pari vuotta . 	enhä mie mittää hienoo lukent , romaaneita luin pari vuotta . 
east	sitte aattelin että miun pittää vähä sivistää itseäin ja opiskella , jote rupesin lukemaa maantietoo . 	sitte aattelin että miun pittää vähä sivistää itseäin ja opiskella , jote rupesin lukemaa maantietoo . 
east	ja hyvin ossaan ne vielkii .	ja hyvin ossaan ne vielkii .
east	:) ) harmittaa siin luku innostukses ko en älynt alkaa ulkomaankielii lukemaa , siit minul olis nyt hyötyy ei nois pääkaupunkista ja valtiomiehistä . 	:) ) harmittaa siin luku innostukses ko en älynt alkaa ulkomaankielii lukemaa , siit minul olis nyt hyötyy ei nois pääkaupunkista ja valtiomiehistä . 
east	tääl tietokonnella ko on , niin olis helpompaa lukkee ja liikkuu ko osaa englanttii . 	tääl tietokonnella ko on , niin olis helpompaa lukkee ja liikkuu ko osaa englanttii . 
east	voi mahoton et sinnuu on lykästänt,ko oot saant tanssii olavi virran kanssa . 	voi mahoton et sinnuu on lykästänt,ko oot saant tanssii olavi virran kanssa . 
east	hä on olt minunkii suosikki . 	hä on olt minunkii suosikki . 
east	voi mite kauniisti hää laulaa , minul on hänen gramofoonin levyjää vintissä . 	voi mite kauniisti hää laulaa , minul on hänen gramofoonin levyjää vintissä . 
east	hää ol varmaa hyvä tanssimaakin . 	hää ol varmaa hyvä tanssimaakin . 
east	olet varmaa olt uppee nainen koska hää tanssimaakin haki.	olet varmaa olt uppee nainen koska hää tanssimaakin haki.
east	hyv ä ko sanoit ettei teil olt mittää , mie jo heti luulin että sie oot riiustelt hänen kanssaa ;)) ) sielhä imatran lähettyvil mie asustelen , hyvin pienes paikassa,en viitsi sannoo paikkakuntaa ko on niin pien,et kaik tuntee toisensa . 	hyv ä ko sanoit ettei teil olt mittää , mie jo heti luulin että sie oot riiustelt hänen kanssaa ;)) ) sielhä imatran lähettyvil mie asustelen , hyvin pienes paikassa,en viitsi sannoo paikkakuntaa ko on niin pien,et kaik tuntee toisensa . 
east	hänest olen kertontkii täällä , joka osottautu myöhemmin ei herrasmieheksi . 	hänest olen kertontkii täällä , joka osottautu myöhemmin ei herrasmieheksi . 
east	porttieeri esitteli hotellii ja näytti meille myös kauniin tornihuoneen , sen usein vuokraa hääpari tai muute jokkuu merkkipäivänää . 	porttieeri esitteli hotellii ja näytti meille myös kauniin tornihuoneen , sen usein vuokraa hääpari tai muute jokkuu merkkipäivänää . 
east	mukava lukkee sinnuu heimolaista . 	mukava lukkee sinnuu heimolaista . 
east	miekii mään taas leppäämää ja tulen iltapäivällä uuvestaa lukemaa , ko on niin paljo jäänt rästii teiän kirjotuksii . 	miekii mään taas leppäämää ja tulen iltapäivällä uuvestaa lukemaa , ko on niin paljo jäänt rästii teiän kirjotuksii . 
east	Miult ei onnistus tuo kaik . 	Miult ei onnistus tuo kaik . 
east	Ihhailen vilpittömäst siu elinvoimajais ! 	Ihhailen vilpittömäst siu elinvoimajais ! 
east	:) Jotkut ovat energisempii ko toiset ja mie oon vissii sit laiska , hijas tai muute saamato , mut kyl en vaa millää kerkijäis kirjotella tänne palstoile , jos ois noi paljo kaikelaista , niiko siul . 	:) Jotkut ovat energisempii ko toiset ja mie oon vissii sit laiska , hijas tai muute saamato , mut kyl en vaa millää kerkijäis kirjotella tänne palstoile , jos ois noi paljo kaikelaista , niiko siul . 
east	Saatat olla kymmekunta vuotta nuorempkii ja tuntuuha sekkii , mut sie oot saant varmast kuitekii hyvät geenit .	Saatat olla kymmekunta vuotta nuorempkii ja tuntuuha sekkii , mut sie oot saant varmast kuitekii hyvät geenit .
east	Mukavaa tänne palstale on kirjotella ja etekii mukava on lukkii muihe ajatuksii , eikä tää mikkää paha asia oo tälläne ' seurustelu ' , vaik ei ihmisii henkilökohtasest tunnekkaa . 	Mukavaa tänne palstale on kirjotella ja etekii mukava on lukkii muihe ajatuksii , eikä tää mikkää paha asia oo tälläne ' seurustelu ' , vaik ei ihmisii henkilökohtasest tunnekkaa . 
east	Mie vaa harvemmi kerkijän kauva istuu konnee ääres . 	Mie vaa harvemmi kerkijän kauva istuu konnee ääres . 
east	Nytkii pittää männä saunaa ja senkii on ukko lämmittänt . 	Nytkii pittää männä saunaa ja senkii on ukko lämmittänt . 
east	Oikei aloin miettii , et mihi mie aikai käytän . 	Oikei aloin miettii , et mihi mie aikai käytän . 
east	Paljo mittää näkyvää en saa aikaseks . 	Paljo mittää näkyvää en saa aikaseks . 
east	Saankoha mie alemmuuskompleksin ! 	Saankoha mie alemmuuskompleksin ! 
west	mää oon nääs Tampereen flikkoi ! 	mää oon nääs Tampereen flikkoi ! 
west	enmää ny nii tyhmä oo etten tierä kuka oli tämän kuukauden parhain finalisti ! 	enmää ny nii tyhmä oo etten tierä kuka oli tämän kuukauden parhain finalisti ! 
west	se on nääs meirän ritu !	se on nääs meirän ritu !
north	Voipi käyrä pian mehtästys onnettomuus ku sielä räyhäättä , ompi pia nalli omasa ohtasa . 	Voipi käyrä pian mehtästys onnettomuus ku sielä räyhäättä , ompi pia nalli omasa ohtasa . 
north	mitä te muutenkaha sieltä hajetta huumehia ko te sielä piilotatta ?	mitä te muutenkaha sieltä hajetta huumehia ko te sielä piilotatta ?
east	ko miun pittää taas saaha sannoo oma mielipitteeni , oonha mie sen tietänt et , loputkii ilmat lähtee menemää ja viel korahuksen kans , mut sitä mie en tietänt et , keuhkot niiki pian lyttyyntyy . 	ko miun pittää taas saaha sannoo oma mielipitteeni , oonha mie sen tietänt et , loputkii ilmat lähtee menemää ja viel korahuksen kans , mut sitä mie en tietänt et , keuhkot niiki pian lyttyyntyy . 
east	Hyvä ihme kuitenkii , miulakki on viije kuuve litra keuhkot , nii on siel ilmaa . 	Hyvä ihme kuitenkii , miulakki on viije kuuve litra keuhkot , nii on siel ilmaa . 
east	Mut ko tämmösist puhutaa ni , oon kuult et , korauksen aikan myös alapään ilmat ja muut sannoo hyvästit , et ollaa me aika tyhjii ja suttusii poislähties . 	Mut ko tämmösist puhutaa ni , oon kuult et , korauksen aikan myös alapään ilmat ja muut sannoo hyvästit , et ollaa me aika tyhjii ja suttusii poislähties . 
east	Täs nyt pittää ajatella , et ois muutkii kinnostunneet , haastamaa täst aiheest . 	Täs nyt pittää ajatella , et ois muutkii kinnostunneet , haastamaa täst aiheest . 
east	Ko sie sen siks otitkii esille , et virkistys tääki ketju . 	Ko sie sen siks otitkii esille , et virkistys tääki ketju . 
east	Lokaril onkii olt nyt kiirettä , ku on saant vastailla tytöil,niihä se pittää ollakii . 	Lokaril onkii olt nyt kiirettä , ku on saant vastailla tytöil,niihä se pittää ollakii . 
east	Hää ko sellane sanavalmis ja seuralline mies , täält lähetänkii terkkuja et , vaik ootkii rauhalline ja pitkäpinnane luonne nii .	Hää ko sellane sanavalmis ja seuralline mies , täält lähetänkii terkkuja et , vaik ootkii rauhalline ja pitkäpinnane luonne nii .
east	mie jo tänä aamun tuulettelin enimpii tuoksuloi .	mie jo tänä aamun tuulettelin enimpii tuoksuloi .
east	vaikk mie olinnii päättänt etten mie ennää pallaa kun tääl on kaikelaissii hörhöllöi . 	vaikk mie olinnii päättänt etten mie ennää pallaa kun tääl on kaikelaissii hörhöllöi . 
east	Onkos se miun armas siel viel ?	Onkos se miun armas siel viel ?
west	Kai sää ny Turuust oot . 	Kai sää ny Turuust oot . 
west	Vaik mää sielt oonki ni ei mul oo Lolan kans samaa näköä , vaik ärrää sorranki viäl pahemmi . 	Vaik mää sielt oonki ni ei mul oo Lolan kans samaa näköä , vaik ärrää sorranki viäl pahemmi . 
west	Mut vähä to topi S:n kans samaa näköä oli viäl kahreksakymment luvul ku prekkuu meni vähä vähempi	Mut vähä to topi S:n kans samaa näköä oli viäl kahreksakymment luvul ku prekkuu meni vähä vähempi
west	Mä olenkin Tampereelta ja kyä kattos ny mää tuata sinun Turun murretta kässää yllättävän hyvin . 	Mä olenkin Tampereelta ja kyä kattos ny mää tuata sinun Turun murretta kässää yllättävän hyvin . 
west	muutenkin mulla kyä menee mukavasti , meinaan eikä ei sempualee mopokaa näino keuli yhtää . 	muutenkin mulla kyä menee mukavasti , meinaan eikä ei sempualee mopokaa näino keuli yhtää . 
west	Tulee lämmintä ja tietysti myäs näino kärpäset sun muut kattonnääs ötökät . 	Tulee lämmintä ja tietysti myäs näino kärpäset sun muut kattonnääs ötökät . 
west	Terveisiä vaa anskattoonny täältä Tampereelta ja kyä sulle vastaillaa , ole hualeti , nääs .	Terveisiä vaa anskattoonny täältä Tampereelta ja kyä sulle vastaillaa , ole hualeti , nääs .
north	Ei mitään mahollisuutta päästä ainuastaan suomiapuhuvan sinne töihin ! 	Ei mitään mahollisuutta päästä ainuastaan suomiapuhuvan sinne töihin ! 
north	Kuinka paljo ruohtinkieltä puhuvia asuu kokkolasa ? 	Kuinka paljo ruohtinkieltä puhuvia asuu kokkolasa ? 
west	On Rinnekkin ollu käräjiillä , en tierä kuinka äijjän kävi . 	On Rinnekkin ollu käräjiillä , en tierä kuinka äijjän kävi . 
west	Nii , ja usiemmaasti vielä , kunnon Isännöötijä .	Nii , ja usiemmaasti vielä , kunnon Isännöötijä .
east	Pimmeellä tuli ja pimmeellä lähti , tuumas piika aekonnaan , ku lentojätkä aetassa pisttääty . 	Pimmeellä tuli ja pimmeellä lähti , tuumas piika aekonnaan , ku lentojätkä aetassa pisttääty . 
east	Sammoin jäläkkiin oli vielä polokenu takaperin isännän harmiks. Uamun kuurraan .	Sammoin jäläkkiin oli vielä polokenu takaperin isännän harmiks. Uamun kuurraan .
east	mutta muistathan , meitä on koko palstallinen tiällä tukemassa sinnuu , joten mäne onnella !	mutta muistathan , meitä on koko palstallinen tiällä tukemassa sinnuu , joten mäne onnella !
north	Kaikkia paskaa ne ihimiset tekkee	Kaikkia paskaa ne ihimiset tekkee
east	sie sitten jaksat ukkoloit naittaa . 	sie sitten jaksat ukkoloit naittaa . 
east	Vaik heis et tiijä onko heist ees naijikskaa . 	Vaik heis et tiijä onko heist ees naijikskaa . 
east	Vaik kylhä ne viel sitää puolt tuol uuven aikasel liike tieteel hoitoo jot jalka nousoo ja voip käyvä vaikka viel sen naima reissunkin . 	Vaik kylhä ne viel sitää puolt tuol uuven aikasel liike tieteel hoitoo jot jalka nousoo ja voip käyvä vaikka viel sen naima reissunkin . 
east	Sie vaan haastat siit skilanis . 	Sie vaan haastat siit skilanis . 
east	mie voinen tass luotoo sinuun . 	mie voinen tass luotoo sinuun . 
east	meil ol aiemmin teeren pelii sillo hä oli tuore lesk. 	meil ol aiemmin teeren pelii sillo hä oli tuore lesk. 
east	mie en ennättänä hätiin , niin ikään hyö löys sit iisalmen torilt jonku muje kauppiaan , hää ol lesken viel entisel nimel " Pioni " tuost nimen muutoksest mie sit päätelin jot hyö pist rompeet yhteen sen muje kauppiaan kans . 	mie en ennättänä hätiin , niin ikään hyö löys sit iisalmen torilt jonku muje kauppiaan , hää ol lesken viel entisel nimel " Pioni " tuost nimen muutoksest mie sit päätelin jot hyö pist rompeet yhteen sen muje kauppiaan kans . 
east	en kehanna tunkee jälk kätteen muije kauppiaan enk " pionin " välliin . 	en kehanna tunkee jälk kätteen muije kauppiaan enk " pionin " välliin . 
west	Olin tuol murtamos veljen ja poikaystävän kans kesäl ni jätkät ol pihal ja mää olin siin eteises siin o semne iso ja vanha kaappi ( en tiiä onk enää ) ni seisoin siin edes ja kattelin sitä ku siin ol jotain vanhoi lasipulloi yhtäkkiä ne kaikki pullot putos siit hyllylt vaik en EES koskenu mihinkää mut ne hyllyt oli silti paikallaaO_o outoo ! 	Olin tuol murtamos veljen ja poikaystävän kans kesäl ni jätkät ol pihal ja mää olin siin eteises siin o semne iso ja vanha kaappi ( en tiiä onk enää ) ni seisoin siin edes ja kattelin sitä ku siin ol jotain vanhoi lasipulloi yhtäkkiä ne kaikki pullot putos siit hyllylt vaik en EES koskenu mihinkää mut ne hyllyt oli silti paikallaaO_o outoo ! 
west	No pelästyin iha sairaast sitä ja si veli tul kattoo et mitä kiljun:o 	No pelästyin iha sairaast sitä ja si veli tul kattoo et mitä kiljun:o 
west	no sen jälkee menin yläkertaa ja siel näin sen ompelukoneen no si mentii kaik ulos ja oltii siin tupakil ni poikaystäväni men sin latoho tai mikä lie onkaan ni se otti iha läpäl sielt semse vanhan ja rikkinäise hanskan , sit lähettii sielt pois ja tämä kuski katto siit peilist ( kuski ei saa katsoa peilistä taaksepäin kun on lähtenyt murtamon talosta ja jos näkee mustan kissan ni tapahtuu jotain sil kuskil ) 	no sen jälkee menin yläkertaa ja siel näin sen ompelukoneen no si mentii kaik ulos ja oltii siin tupakil ni poikaystäväni men sin latoho tai mikä lie onkaan ni se otti iha läpäl sielt semse vanhan ja rikkinäise hanskan , sit lähettii sielt pois ja tämä kuski katto siit peilist ( kuski ei saa katsoa peilistä taaksepäin kun on lähtenyt murtamon talosta ja jos näkee mustan kissan ni tapahtuu jotain sil kuskil ) 
west	ni ei sil eka mittää tapahtun mut si mentii narvi järvel ja bensa loppu vaik oltii tankattu ennenku mentii sin no oltii onneks kahel autol :) 	ni ei sil eka mittää tapahtun mut si mentii narvi järvel ja bensa loppu vaik oltii tankattu ennenku mentii sin no oltii onneks kahel autol :) 
west	Narvi järvel poikaystävä anto se lapase mul no hetke pääst mul rupes oikee käsi sattuu ihan hemmetist ! 	Narvi järvel poikaystävä anto se lapase mul no hetke pääst mul rupes oikee käsi sattuu ihan hemmetist ! 
west	Ihanku joku olis ompelukoneel tikittän mu kät , no ei siin mittää poltettii se hanska ja lähettii takas raumal . 	Ihanku joku olis ompelukoneel tikittän mu kät , no ei siin mittää poltettii se hanska ja lähettii takas raumal . 
west	Seuraavan aamun mul oli kädes semssii raapasu jälkii ja se ol noin viikon mustelmill .	Seuraavan aamun mul oli kädes semssii raapasu jälkii ja se ol noin viikon mustelmill .
west	Et se jäi viimiseks kerraks ! 	Et se jäi viimiseks kerraks ! 
west	Si veli näyt pari pv sen jälkee kuvii mis on minä ja poikaystäväni ja siin ylhääl o tummii otuksii ihanku harry potteris niit ankeuttajii et joo o .	Si veli näyt pari pv sen jälkee kuvii mis on minä ja poikaystäväni ja siin ylhääl o tummii otuksii ihanku harry potteris niit ankeuttajii et joo o .
north	Pitäsköhän mejän alkaa panemhan venäjää järjestykseen . 	Pitäsköhän mejän alkaa panemhan venäjää järjestykseen . 
north	Semmonen tarve ilmenee , kun lukee nuita ylle kirjoitettuja . 	Semmonen tarve ilmenee , kun lukee nuita ylle kirjoitettuja . 
north	Mie olen epävarma , että pystymmekö me . 	Mie olen epävarma , että pystymmekö me . 
north	Sielä pyörii niin isot ympyrät , että eikhän mejän ole paras koittaa vain väistellä niitä pyöthejä . 	Sielä pyörii niin isot ympyrät , että eikhän mejän ole paras koittaa vain väistellä niitä pyöthejä . 
north	Annamma vain suosiolla isojen poikien hoitaa isojen asiat . 	Annamma vain suosiolla isojen poikien hoitaa isojen asiat . 
north	Olhan met vain sovussa naapurin kanssa . 	Olhan met vain sovussa naapurin kanssa . 
north	Monet maat ja " Natot " , jotka kehrää kärhämää venäläisten kanssa , ovat paljon kauempana siitä ku met . 	Monet maat ja " Natot " , jotka kehrää kärhämää venäläisten kanssa , ovat paljon kauempana siitä ku met . 
north	Ku se kärhämä sitte saahan aikaseksi , niin mejän tanterhella sitä käyhän ensiksi , jos met olemma jotenki siihen sekaantumassa . 	Ku se kärhämä sitte saahan aikaseksi , niin mejän tanterhella sitä käyhän ensiksi , jos met olemma jotenki siihen sekaantumassa . 
north	Siksi mejän pitää neuvotella ja kuulostella mitä mieltä naapurissakin olhan .	Siksi mejän pitää neuvotella ja kuulostella mitä mieltä naapurissakin olhan .
west	ilimasta semmosen on paras ollaki	ilimasta semmosen on paras ollaki
north	et oo tainu paljon käyä ulkona , . 	et oo tainu paljon käyä ulkona , . 
west	Kyllä maar me tehrähän niin , että Timo valitaan jatkoon . 	Kyllä maar me tehrähän niin , että Timo valitaan jatkoon . 
west	Ne kaverit , joiden kans hän tulehen toimeen , seurakkoon perääs .	Ne kaverit , joiden kans hän tulehen toimeen , seurakkoon perääs .
west	runnis eläjät vaietkohon tyystin .	runnis eläjät vaietkohon tyystin .
north	Äkählompolon Mauri ajjaa kohta kaanialla rautamalmia etehlään ja tuo atwerppenistä palluukuormassa sinisiä marliineja tornionjokkeen istutettavaksi . 	Äkählompolon Mauri ajjaa kohta kaanialla rautamalmia etehlään ja tuo atwerppenistä palluukuormassa sinisiä marliineja tornionjokkeen istutettavaksi . 
north	Son niin huono kalaki tuo tornionjoen lohi että mieluummin sitä marliinia söis . 	Son niin huono kalaki tuo tornionjoen lohi että mieluummin sitä marliinia söis . 
north	Ja sen äkählompolon pikitienki voi pistää kaivoksen avvaamisen jälkhen kokohnan poikki . 	Ja sen äkählompolon pikitienki voi pistää kaivoksen avvaamisen jälkhen kokohnan poikki . 
north	Saavat kyläläiset keskehnään katella raiskattua tunturia . 	Saavat kyläläiset keskehnään katella raiskattua tunturia . 
north	Ja jos sinne joku hullu vielä haluaa senki jälkhen mennä niin hiihtäkhöön . 	Ja jos sinne joku hullu vielä haluaa senki jälkhen mennä niin hiihtäkhöön . 
north	Eihän ne muutakhan sielä tehe ko hiihtää ja syövät omia evhäitä koala . 	Eihän ne muutakhan sielä tehe ko hiihtää ja syövät omia evhäitä koala . 
north	Rahhaa ja työpaikkoja Kolari tarttee eikä mithän köyhiä hiihtelijöitä .	Rahhaa ja työpaikkoja Kolari tarttee eikä mithän köyhiä hiihtelijöitä .
west	melkein kateellinen kun sää oot ton veteen hyppäämisen opetellu . 	melkein kateellinen kun sää oot ton veteen hyppäämisen opetellu . 
west	Tiäksää , mää en kyä uskalla mistään korkeelta hypätä . 	Tiäksää , mää en kyä uskalla mistään korkeelta hypätä . 
west	Jotkut ei heikkouksiansa myännä . 	Jotkut ei heikkouksiansa myännä . 
west	Mää oon aina ollu joissain asioissa varovainen ja arka . 	Mää oon aina ollu joissain asioissa varovainen ja arka . 
west	Varmaanki mää oon sitten pohjimmiltani miähiäkin pelänny kun oon jääny .	Varmaanki mää oon sitten pohjimmiltani miähiäkin pelänny kun oon jääny .
west	Voi kun oliskin paljon nuaruuren muistoja , niistä paikoista missä kuljettiin silloin . 	Voi kun oliskin paljon nuaruuren muistoja , niistä paikoista missä kuljettiin silloin . 
west	Sutkin oon saattanu nährä jossakin päin . 	Sutkin oon saattanu nährä jossakin päin . 
west	Vaikka olisit tullu vastaan samalla karulla päivittäin . 	Vaikka olisit tullu vastaan samalla karulla päivittäin . 
west	Sää asuit tiätenkin vaan siä rikkaampien asuinalueella . 	Sää asuit tiätenkin vaan siä rikkaampien asuinalueella . 
west	Nymmää lähren kaupunkille . 	Nymmää lähren kaupunkille . 
west	Kyl tää palsta ois aika tylsä paikka jos tääl kirjoteltas vaa kirjakiälel ja pelkkää asiaa . 	Kyl tää palsta ois aika tylsä paikka jos tääl kirjoteltas vaa kirjakiälel ja pelkkää asiaa . 
west	Mä oisin heti pihal , ( ehkä on sun tarkotuski ) ku inhoon pikkupyhiä kirjakielel kirjotettui paskantärkeit juttui . 	Mä oisin heti pihal , ( ehkä on sun tarkotuski ) ku inhoon pikkupyhiä kirjakielel kirjotettui paskantärkeit juttui . 
west	Paljo kivempi on lukee ihan ihmisten ittensä kirjottamii juttui , vaikka välillä vähän kirota pärskittäiski , eikä pekkää asiaa , täähä on elämää ja tääl ollaa vapaal . 	Paljo kivempi on lukee ihan ihmisten ittensä kirjottamii juttui , vaikka välillä vähän kirota pärskittäiski , eikä pekkää asiaa , täähä on elämää ja tääl ollaa vapaal . 
west	Mitä järkee on kirjottaa hampaat irvis et saat anteeks , ja aattelet sisimmäsäs iha muuta , mut ku hyvii tapoihi kuuluu antaa anteeks , ni onha se valeheltava ja näyteltävä roolii sit . 	Mitä järkee on kirjottaa hampaat irvis et saat anteeks , ja aattelet sisimmäsäs iha muuta , mut ku hyvii tapoihi kuuluu antaa anteeks , ni onha se valeheltava ja näyteltävä roolii sit . 
west	Älä ny mahrottomia ehrota .	Älä ny mahrottomia ehrota .
east	ollunna viärinkäättöö ku sanovat , jotta tahallaan ois tehnä sen.	ollunna viärinkäättöö ku sanovat , jotta tahallaan ois tehnä sen.
east	vastooko sillon takkuu ? 	vastooko sillon takkuu ? 
east	leskihän tuota ol jiännä suremaan.	leskihän tuota ol jiännä suremaan.
east	sit ä ravattia , ku ol mennynnä pilalle .	sit ä ravattia , ku ol mennynnä pilalle .
east	Suattaa i/e olla vaehtelussa puhujan mukkaan , vaen ite oon kuulunna e-muojossa eli äelöttää . 	Suattaa i/e olla vaehtelussa puhujan mukkaan , vaen ite oon kuulunna e-muojossa eli äelöttää . 
east	Voepi joku sannoo myös äelöttöö . 	Voepi joku sannoo myös äelöttöö . 
east	Näehen murresanojen kirjottaminen on aena oma huasteesa . 	Näehen murresanojen kirjottaminen on aena oma huasteesa . 
east	Pitäsi käättee muitaa merkkijä kun peruskirjaamii , jos totta tonkastaan . 	Pitäsi käättee muitaa merkkijä kun peruskirjaamii , jos totta tonkastaan . 
east	Merkitystä ei oekeen pysty ehkä sanommaan . 	Merkitystä ei oekeen pysty ehkä sanommaan . 
east	Parempi on jos kuvovvaa käättöyhteettä . 	Parempi on jos kuvovvaa käättöyhteettä . 
east	Sana on paekallismurteesta .	Sana on paekallismurteesta .
west	Kato kato , Kaulasen Sampokin tuloo huutoloihin , entäs rouva ?	Kato kato , Kaulasen Sampokin tuloo huutoloihin , entäs rouva ?
west	Kuukauren päästä tuloo täysrekkakuorma mämmiä . 	Kuukauren päästä tuloo täysrekkakuorma mämmiä . 
west	Soittakaa jo mietaa hätihin , ei tierä mihinkä nuo mämmirovehet saa mahtumaha . 	Soittakaa jo mietaa hätihin , ei tierä mihinkä nuo mämmirovehet saa mahtumaha . 
west	Että jos tulis hakemahan omansa suoraan rekasta .	Että jos tulis hakemahan omansa suoraan rekasta .
east	no kun en ossoo ennustaa :D:D:D kuhtu on tarpeen :D:D iliman kuhtua ei tuu mittää :D jos kuhtu tulloo , avvaappa ruamattu :)	no kun en ossoo ennustaa :D:D:D kuhtu on tarpeen :D:D iliman kuhtua ei tuu mittää :D jos kuhtu tulloo , avvaappa ruamattu :)
west	Älkkä olkko noi katkeri . 	Älkkä olkko noi katkeri . 
west	Muuton teist saa semssen kuvan jot siäl päänupis kaik ei ol niigo pittä .	Muuton teist saa semssen kuvan jot siäl päänupis kaik ei ol niigo pittä .
west	Onpa helepottavaa kuulla , notta on olemas sellaanen paisuntasäiliö mihinkä se sula massa voi paeta , ku tilavuus piänenöö vesimassan painaes maapallon sisustan tilavuutta piänemmäksi ! 	Onpa helepottavaa kuulla , notta on olemas sellaanen paisuntasäiliö mihinkä se sula massa voi paeta , ku tilavuus piänenöö vesimassan painaes maapallon sisustan tilavuutta piänemmäksi ! 
west	Ei kai siinä kovin maharotoonta myrskyä tarvittu , ku 1200 luvun laivat uppos ! 	Ei kai siinä kovin maharotoonta myrskyä tarvittu , ku 1200 luvun laivat uppos ! 
west	Kyllähän sitä varmahan vois helepompi olla , ku sulukis silimät ja korvat kaikelta sellaaselta tutkimukselta , joka vähänkääviittaa siihen , notta päin persettä menöö ! 	Kyllähän sitä varmahan vois helepompi olla , ku sulukis silimät ja korvat kaikelta sellaaselta tutkimukselta , joka vähänkääviittaa siihen , notta päin persettä menöö ! 
west	Mutta minä en ainakaa tingi mistää , tinkiköhön köyhät , kehitysmairen ihimiset ja tulevat sukupolovet ! 	Mutta minä en ainakaa tingi mistää , tinkiköhön köyhät , kehitysmairen ihimiset ja tulevat sukupolovet ! 
west	asustat jossa laitkaupungil . 	asustat jossa laitkaupungil . 
west	Tääl keskustas lentä tua hiek pöly et näkö haitta , aknoi ei voi aukast sit se o kaik sisäl. 	Tääl keskustas lentä tua hiek pöly et näkö haitta , aknoi ei voi aukast sit se o kaik sisäl. 
west	Ja ne pölypatsaat keskustas , vois kuva otto ja sanno kattos taifuuni . 	Ja ne pölypatsaat keskustas , vois kuva otto ja sanno kattos taifuuni . 
north	Erikoista uutisointia lehesa taasen . 	Erikoista uutisointia lehesa taasen . 
north	Kuka uskoo että 7-8 kuukauessa pystyisivät karstulassa rakentammaa yhden hajautetun mallin koulurakennuksen . 	Kuka uskoo että 7-8 kuukauessa pystyisivät karstulassa rakentammaa yhden hajautetun mallin koulurakennuksen . 
north	Ekaks pitäs kilipailuttaa suunnittelijat , suunnitella tönö ja kilpailuttaa urakoittija ja sitte vasta päästäissii rakentammaa vuojen päästä . 	Ekaks pitäs kilipailuttaa suunnittelijat , suunnitella tönö ja kilpailuttaa urakoittija ja sitte vasta päästäissii rakentammaa vuojen päästä . 
east	Sammaa mielt` ei voi vaikuttaa jättää yhen kossun ostamati ja nörttiaskin siinä se on siis kuukauvessa yhen kossupotelin , kait työttömällä niitä mennöö monia kuukauvessa ehken jo viikossa monia ja nörttiä palaa monta toppaa . 	Sammaa mielt` ei voi vaikuttaa jättää yhen kossun ostamati ja nörttiaskin siinä se on siis kuukauvessa yhen kossupotelin , kait työttömällä niitä mennöö monia kuukauvessa ehken jo viikossa monia ja nörttiä palaa monta toppaa . 
east	sit leipä jonnoon valittamaan ku ei rahoo oo ruokaan , ei perskiles vaikka kuinka pihstellöö 	sit leipä jonnoon valittamaan ku ei rahoo oo ruokaan , ei perskiles vaikka kuinka pihstellöö 
east	mutta kyllä kalajat on saatava lähipubissa ku se kato on mun toinen olohuone , joten elä tule sanomaan etten pihstele , pubissakin välillä pittöö velkoo pyytämän 	mutta kyllä kalajat on saatava lähipubissa ku se kato on mun toinen olohuone , joten elä tule sanomaan etten pihstele , pubissakin välillä pittöö velkoo pyytämän 
east	kun oikeen viihteelle menöö viikonlopulla sit tulloo noit perintäfirman lappuloi ne mie revin ja meen sossuun ja äänestä lii anterssonia ta tuouhuhousu toukoa kun on niin viherpiiperö et sil taval tääl hesas .	kun oikeen viihteelle menöö viikonlopulla sit tulloo noit perintäfirman lappuloi ne mie revin ja meen sossuun ja äänestä lii anterssonia ta tuouhuhousu toukoa kun on niin viherpiiperö et sil taval tääl hesas .
west	Sellaanen asiallinen huomautus , notta ei valtuusto niitä säästöjä laske , vaan ne yrittänöö löytää kohtehia missä voidahan säästää , niille tuorahan paperit etehen missä lukoo palijoko säästäisivät milläki ratkaasulla . 	Sellaanen asiallinen huomautus , notta ei valtuusto niitä säästöjä laske , vaan ne yrittänöö löytää kohtehia missä voidahan säästää , niille tuorahan paperit etehen missä lukoo palijoko säästäisivät milläki ratkaasulla . 
west	Meeppä itte sinne tätä taloustilannetta ratkaasohon , jos luulet olevan paree .	Meeppä itte sinne tätä taloustilannetta ratkaasohon , jos luulet olevan paree .
west	Nuarena ja köyhänä lapsiperheenä sinne muutettiin ja sehän siinä parasta justihin oli ku kaikki oli niin lähellä . 	Nuarena ja köyhänä lapsiperheenä sinne muutettiin ja sehän siinä parasta justihin oli ku kaikki oli niin lähellä . 
west	Ei tarttenu autolla lähtiä joka paikkahan . 	Ei tarttenu autolla lähtiä joka paikkahan . 
west	Toimintojen taloolla ja kouluulla järjestettihin jos jonkinmoista ohojelmaa , niin ei tarttenu kotona istua ja ihimetellä itteksensä piänen mukulan kans . 	Toimintojen taloolla ja kouluulla järjestettihin jos jonkinmoista ohojelmaa , niin ei tarttenu kotona istua ja ihimetellä itteksensä piänen mukulan kans . 
west	Ollahan sen jälekehen asuttu parilla muullaki alueella , mutta ei oo palavelut sitä luokkaa kummaskaa . 	Ollahan sen jälekehen asuttu parilla muullaki alueella , mutta ei oo palavelut sitä luokkaa kummaskaa . 
west	Ihimiset oli mukavia ja ne " kauhiat juopootki " omas käyttäytymistavat toisin ku nämä " hianostoalueen " tuurijuopoot . 	Ihimiset oli mukavia ja ne " kauhiat juopootki " omas käyttäytymistavat toisin ku nämä " hianostoalueen " tuurijuopoot . 
west	Naapuria kattellahan pitkähän ku ajeloo vanahalla autolla eikä mukulakaa kuluje muativaattees vaikkon jo viiren . 	Naapuria kattellahan pitkähän ku ajeloo vanahalla autolla eikä mukulakaa kuluje muativaattees vaikkon jo viiren . 
west	Vähintään ny kommunikaattori pitääs siltäki kurahousun taskusta löytyä . 	Vähintään ny kommunikaattori pitääs siltäki kurahousun taskusta löytyä . 
west	Kukin taaplaa tyylillään , mutta joskus sitä vois kattua peilihin ja miettiä mikä niis muis ihimisis niin palijo kauhistuttaa . 	Kukin taaplaa tyylillään , mutta joskus sitä vois kattua peilihin ja miettiä mikä niis muis ihimisis niin palijo kauhistuttaa . 
west	Elämä on ja toisilla viä vähä enemmän ku muilla . 	Elämä on ja toisilla viä vähä enemmän ku muilla . 
west	Lapuasta tuloo viälä suamen pääkaupunki . 	Lapuasta tuloo viälä suamen pääkaupunki . 
west	Siitä vaan yksinkertaasesti teherähän sellaanen . 	Siitä vaan yksinkertaasesti teherähän sellaanen . 
north	Huikka-einoki abc:llä kehuskeli ihtiään . palijo panevasa palstalle .	Huikka-einoki abc:llä kehuskeli ihtiään . palijo panevasa palstalle .
west	Moon miättiny , että eikö niitä suostumuksen antjia ollu kaks tällä toisella kairroksella ? 	Moon miättiny , että eikö niitä suostumuksen antjia ollu kaks tällä toisella kairroksella ? 
west	Ei oo ainakaan ollu leheres , notta solis kiältäytyny . 	Ei oo ainakaan ollu leheres , notta solis kiältäytyny . 
west	On taas löyretty joku pykälä , johon verota nottei tartte ottaa lukuhu . 	On taas löyretty joku pykälä , johon verota nottei tartte ottaa lukuhu . 
west	Ollu tiätenki joku sellaanen akka , notta olis puntit ruvennu ukoolla tutisemaha .	Ollu tiätenki joku sellaanen akka , notta olis puntit ruvennu ukoolla tutisemaha .
west	Kyllä siä yleensä on ollu kolmio ennen sitä kiartoliittymää mutta voi olla jääny tiätyän jalakoihin . 	Kyllä siä yleensä on ollu kolmio ennen sitä kiartoliittymää mutta voi olla jääny tiätyän jalakoihin . 
west	Harvassa on ne paikat joista kolmio ja väistämisvelvollisuus puuttuu liittymään tuleville ; aina pitää kattoo onko joku jo limusiinillaan kiappumas liian lähellä .	Harvassa on ne paikat joista kolmio ja väistämisvelvollisuus puuttuu liittymään tuleville ; aina pitää kattoo onko joku jo limusiinillaan kiappumas liian lähellä .
north	Noku akkaki lähti ni uutta pittää katella ni ei jouva Raahe advisor-hommaa nyt tekkeen	Noku akkaki lähti ni uutta pittää katella ni ei jouva Raahe advisor-hommaa nyt tekkeen
east	En tiijä mitä työ ootta hommanna päevän aekaan , vaen minä oon ollu tutkimassa Monakon reijästöö , eli kolhvikenttijä . 	En tiijä mitä työ ootta hommanna päevän aekaan , vaen minä oon ollu tutkimassa Monakon reijästöö , eli kolhvikenttijä . 
east	Mulla olj paekallinen lekentaarinen pallokalle mukana , joka ehti pallot ku minä löen niitä hukkaan . 	Mulla olj paekallinen lekentaarinen pallokalle mukana , joka ehti pallot ku minä löen niitä hukkaan . 
east	Täätyy sannoo että mualiman hittaemmat pelloojat ossuu aena minun eelle ja noppeimmat on perässä . 	Täätyy sannoo että mualiman hittaemmat pelloojat ossuu aena minun eelle ja noppeimmat on perässä . 
east	Sitte on niitä joella on semmosia elvistely-maeloja , lyövät puol kilometriä vaekka reijälle eijoo ehkä enempee ku 150 metriä matkoo . 	Sitte on niitä joella on semmosia elvistely-maeloja , lyövät puol kilometriä vaekka reijälle eijoo ehkä enempee ku 150 metriä matkoo . 
east	Sitte riäkyyvät " voor " ja palloja viuhuu piän ympärillä . 	Sitte riäkyyvät " voor " ja palloja viuhuu piän ympärillä . 
east	Semmonen pikkunen pallo tekköö kippeetä jos suapi nuppiisa . 	Semmonen pikkunen pallo tekköö kippeetä jos suapi nuppiisa . 
east	Olin varrautunna ja laeton meijän univormuun kuuluvan vihreen kypärän piähän . 	Olin varrautunna ja laeton meijän univormuun kuuluvan vihreen kypärän piähän . 
east	Piä ee siis ollu vuarassa , mutta saen tenniskäsvarren vaekka pelasinnii kolhvia . 	Piä ee siis ollu vuarassa , mutta saen tenniskäsvarren vaekka pelasinnii kolhvia . 
east	Taejan vaen paenautuva pehkuihin ja sanon isolla iänellä HYVVEE YÖTÄ ! 	Taejan vaen paenautuva pehkuihin ja sanon isolla iänellä HYVVEE YÖTÄ ! 
east	Jos joku Selemana horisoo ennen uamua niin antakee selekään !	Jos joku Selemana horisoo ennen uamua niin antakee selekään !
east	täällähän löytyy monen sortin taitajaa , on mukava lukkee mite ihmiset on leipänsä tienanneet . 	täällähän löytyy monen sortin taitajaa , on mukava lukkee mite ihmiset on leipänsä tienanneet . 
east	olikohan niin että hyö jotka 40 luvulla ammatii halusivat , ei paljo voint itse päättää , näin tahto olla ainaki työväellä . 	olikohan niin että hyö jotka 40 luvulla ammatii halusivat , ei paljo voint itse päättää , näin tahto olla ainaki työväellä . 
east	olihan jotkuu vanhemmat työväestössäkii niin nykyaikasii että jo tiesivät siihe aikaa , mitä koulutus merkkaa.	olihan jotkuu vanhemmat työväestössäkii niin nykyaikasii että jo tiesivät siihe aikaa , mitä koulutus merkkaa.
east	ja hyö koulutti lapsiaa puutteesta riippumatta . 	ja hyö koulutti lapsiaa puutteesta riippumatta . 
east	minun lähipiirissä työ opittii tekemällä vanhempien ihmisten kanssa , ei ois tult kuulookaa että oisin saant kouluja käydä . 	minun lähipiirissä työ opittii tekemällä vanhempien ihmisten kanssa , ei ois tult kuulookaa että oisin saant kouluja käydä . 
east	äitin sano minul ko pyysin päästä kouluun ,että meillä ei herroiksi ruveta , pysyhän sie vaa jalat maassa . 	äitin sano minul ko pyysin päästä kouluun ,että meillä ei herroiksi ruveta , pysyhän sie vaa jalat maassa . 
east	hänen mielestään vaa herraväki koulutti lapsiaa , työläisen ol saatava heti katraansa töihin ja töitä tehhessä tul ammattikii . 	hänen mielestään vaa herraväki koulutti lapsiaa , työläisen ol saatava heti katraansa töihin ja töitä tehhessä tul ammattikii . 
east	en en ole olt verokirjalla koskaa työssä . 	en en ole olt verokirjalla koskaa työssä . 
east	karjalassa olin äitin mukana jo viis vuotiaasta lähtien , voip olla aikasemminkin mutta siitä ajasta minul on ensimmäisii muistoja . 	karjalassa olin äitin mukana jo viis vuotiaasta lähtien , voip olla aikasemminkin mutta siitä ajasta minul on ensimmäisii muistoja . 
east	jalmari anto tunnustuksen monnee kertaa et parempaa työihmistä saap hakkee ko mie oon :)) ) kankgaspuilla oon kutont paljo , mattoo , liinaa ja peitettä . 	jalmari anto tunnustuksen monnee kertaa et parempaa työihmistä saap hakkee ko mie oon :)) ) kankgaspuilla oon kutont paljo , mattoo , liinaa ja peitettä . 
east	minul ko tuli tehtyy niin paljo vuosien saatossa ja eihä sitä kahen ihmisen huushollissa kaikkia tullu piettyy , niin mie kuskasin niitä ain vinnille ko sain valmiiksi . 	minul ko tuli tehtyy niin paljo vuosien saatossa ja eihä sitä kahen ihmisen huushollissa kaikkia tullu piettyy , niin mie kuskasin niitä ain vinnille ko sain valmiiksi . 
east	navetta , koti , pelto ja metsähommat mie ossaan ko ammatti ihminen ikkää , kaikkia olen tehny vuoskymmenii , mikähän ammattinimi siitä tulis. 	navetta , koti , pelto ja metsähommat mie ossaan ko ammatti ihminen ikkää , kaikkia olen tehny vuoskymmenii , mikähän ammattinimi siitä tulis. 
east	:))) jalmarin elläissä ammattini oli maanviljelijän vaimo :)) ) minul ei toive ammattii olt nuorna . 	:))) jalmarin elläissä ammattini oli maanviljelijän vaimo :)) ) minul ei toive ammattii olt nuorna . 
east	mutta nyt tällä järellä jos olisin nuor , niin nyt olis toiveammattii vaik kuinka :)) horttonoomi ainakii , lastentarhan opettaja tai vaikka alaluokkien opettaja . 	mutta nyt tällä järellä jos olisin nuor , niin nyt olis toiveammattii vaik kuinka :)) horttonoomi ainakii , lastentarhan opettaja tai vaikka alaluokkien opettaja . 
east	nuoren aattelin äitin ajatuksin , että ko pääsis emännäks talloo , mie ko oon pien kokonen ja laiha niin en näytä hyvältä työihmiseltä , jote sekkii näytti huonolta.	nuoren aattelin äitin ajatuksin , että ko pääsis emännäks talloo , mie ko oon pien kokonen ja laiha niin en näytä hyvältä työihmiseltä , jote sekkii näytti huonolta.
east	ja ko muutekaa en mikkää ruusu olt niin ei niitä ottajii olt joka oksalla . 	ja ko muutekaa en mikkää ruusu olt niin ei niitä ottajii olt joka oksalla . 
east	40 luvulla ol kurvikkaat ja pyöreet naiset muotii . 	40 luvulla ol kurvikkaat ja pyöreet naiset muotii . 
east	nainen ko ol vähä tuhti hänest heti sanottii et siint saap joku mies hyvän työihmisen , vaik saattohan hää olla patalaiska,ei se ulkonäkö ain merkkaa ahkeraa ja sitkeää . 	nainen ko ol vähä tuhti hänest heti sanottii et siint saap joku mies hyvän työihmisen , vaik saattohan hää olla patalaiska,ei se ulkonäkö ain merkkaa ahkeraa ja sitkeää . 
east	jote mie vaa elelin ja olin äitin mukana ko hää ol karjakkona . 	jote mie vaa elelin ja olin äitin mukana ko hää ol karjakkona . 
east	jalmarilla ko poiki kaks lehmää yhtä aikaa ja ol toukotyöt viel meneillää niin hää pyys äitii appuu.	jalmarilla ko poiki kaks lehmää yhtä aikaa ja ol toukotyöt viel meneillää niin hää pyys äitii appuu.
east	sillo mie tulin ens kertaa tähä talloo . 	sillo mie tulin ens kertaa tähä talloo . 
east	vuuen kuluttuu äiti oljo saanu minut naitettuu jalmarille . 	vuuen kuluttuu äiti oljo saanu minut naitettuu jalmarille . 
east	vaik sano jalmari itekin minnuu katselleen . 	vaik sano jalmari itekin minnuu katselleen . 
east	työihmisenä mie olin hänet kuulemma hurmannu ;)) . 	työihmisenä mie olin hänet kuulemma hurmannu ;)) . 
east	mukava noita vanhoja on muistella , ja olen kovin tyytyväinen ko on selvinny näin hvyin , minul on olt tuurii enenpi ko ällii , muuta ei voi sannoo . 	mukava noita vanhoja on muistella , ja olen kovin tyytyväinen ko on selvinny näin hvyin , minul on olt tuurii enenpi ko ällii , muuta ei voi sannoo . 
east	siälä ilamootellaan asuntoja koko aijan.	siälä ilamootellaan asuntoja koko aijan.
east	my ös kodikkaila paikoilta , en ittekään rumalta paikalta ottais asuntoa , enkä rumasta taloosta.	my ös kodikkaila paikoilta , en ittekään rumalta paikalta ottais asuntoa , enkä rumasta taloosta.
east	Akkunasta pitää näkyä mielleyttävää näkymää , ja olla viihtyysää maisemaa .	Akkunasta pitää näkyä mielleyttävää näkymää , ja olla viihtyysää maisemaa .
north	Mitä tuosta riitelemään kun et mithän kuiteskaa voi . 	Mitä tuosta riitelemään kun et mithän kuiteskaa voi . 
east	Olihan niitä ... lähempänäkin , Kotkaskii ol mukava mimmi . 	Olihan niitä ... lähempänäkin , Kotkaskii ol mukava mimmi . 
east	Jaa a , kun hänen nykyinen äijä tiätäs , mist hää on oppis saant ! 	Jaa a , kun hänen nykyinen äijä tiätäs , mist hää on oppis saant ! 
east	Se on sellain juttu , kuka myy , kuka ei . 	Se on sellain juttu , kuka myy , kuka ei . 
east	oon kanssas ihan just sammaa mieltä . 	oon kanssas ihan just sammaa mieltä . 
east	Kyl se itänaapur sais sielt laatoka rannalt tonttisa hommata . 	Kyl se itänaapur sais sielt laatoka rannalt tonttisa hommata . 
east	Mut tuo hotelli Saimaanrantaha on entinen virkamiesliiton lomakylä , senhä hyö on nyt onnistuneet ittellee haalimaa . 	Mut tuo hotelli Saimaanrantaha on entinen virkamiesliiton lomakylä , senhä hyö on nyt onnistuneet ittellee haalimaa . 
east	Mut oha ne myyt pitki itärajjaa paljo muutkii , ku Taipalsaarelaiset . 	Mut oha ne myyt pitki itärajjaa paljo muutkii , ku Taipalsaarelaiset . 
east	Eihä se meije kunta ainoo oo tok.	Eihä se meije kunta ainoo oo tok.
east	Eik östä miespappi ou parree . 	Eik östä miespappi ou parree . 
east	Vuan meinookko , että pittöö papin olla munaton sen takkii , jotta sinä saesit naespapin munanpaekan täöttöö omillas ?	Vuan meinookko , että pittöö papin olla munaton sen takkii , jotta sinä saesit naespapin munanpaekan täöttöö omillas ?
east	Eipä silti että minä tästä loukkahasani , miulla miun oma elämä joka on lähtennä niin mukavast uutoo alkuu . 	Eipä silti että minä tästä loukkahasani , miulla miun oma elämä joka on lähtennä niin mukavast uutoo alkuu . 
east	Rahat vaa tuntuu menevän ne on nii joutusii katovaa.	Rahat vaa tuntuu menevän ne on nii joutusii katovaa.
east	Oha se myönnettäv et jossain vaihees sitä on tult ain jostain niinku helpommii . 	Oha se myönnettäv et jossain vaihees sitä on tult ain jostain niinku helpommii . 
east	Miul on tää saarnaamine niin veris et ei joutas työtä tekee enkä ettii . 	Miul on tää saarnaamine niin veris et ei joutas työtä tekee enkä ettii . 
east	En taitas viihtyy kauvaa minkää sorvin ääres tulis aika yksitoikkoseks ja veri vetäs tienpääl jos miun on se koti niinku enemmän . 	En taitas viihtyy kauvaa minkää sorvin ääres tulis aika yksitoikkoseks ja veri vetäs tienpääl jos miun on se koti niinku enemmän . 
east	Mahtaako mennä miul sekasin nyt se että sanat ovat satuttaneet tai jos ne onkii vain lissää naurattaneet . 	Mahtaako mennä miul sekasin nyt se että sanat ovat satuttaneet tai jos ne onkii vain lissää naurattaneet . 
east	Mukavaha näihi on olt vastaillakii . 	Mukavaha näihi on olt vastaillakii . 
east	Mut sitähä mie et nää on voint nähä monikii jost miul ol voint olla jotakii illoo ja hyötyy ilman tätäkii radioteatterrii . 	Mut sitähä mie et nää on voint nähä monikii jost miul ol voint olla jotakii illoo ja hyötyy ilman tätäkii radioteatterrii . 
east	Tuli omalt osaltakii heitettyy löpöö liekkeihi mut ku luulin kaik uskoo mitä mie sanon . 	Tuli omalt osaltakii heitettyy löpöö liekkeihi mut ku luulin kaik uskoo mitä mie sanon . 
east	Onhan tuo toinen osapuolkii vaa naine . 	Onhan tuo toinen osapuolkii vaa naine . 
east	Mie oon tottunt enemmän et ku mie huuan ni asia on sit siin , eikä ain oo tarvint huutaakaa . 	Mie oon tottunt enemmän et ku mie huuan ni asia on sit siin , eikä ain oo tarvint huutaakaa . 
east	Nii söpö oll et , miel teki anttoo pusu : D. 	Nii söpö oll et , miel teki anttoo pusu : D. 
east	Ei sähissynnä , eikä hyökkäilynnä . 	Ei sähissynnä , eikä hyökkäilynnä . 
east	Ei tuolla sahanterree ollunna selässä . 	Ei tuolla sahanterree ollunna selässä . 
east	Pitäs varmmaan tehä semmonen pyyvvystys keppi ja siirrellä muuanne . 	Pitäs varmmaan tehä semmonen pyyvvystys keppi ja siirrellä muuanne . 
east	Ei nuit viel haitaks asti ou ollunna . 	Ei nuit viel haitaks asti ou ollunna . 
east	He he tännää ajattelin kiärmeKaissoo , ku kirjoo olin kirjuttelemassa . 	He he tännää ajattelin kiärmeKaissoo , ku kirjoo olin kirjuttelemassa . 
east	Varmmaannii tull tappoommaan hauan takkaa Kaisa : ) .	Varmmaannii tull tappoommaan hauan takkaa Kaisa : ) .
north	Meän palkisessa ei ainakhan tuommosta ole tapahtunu , enkä ole kuullu kyllä muualtakhan , mutta mistäpä sitä tietää . 	Meän palkisessa ei ainakhan tuommosta ole tapahtunu , enkä ole kuullu kyllä muualtakhan , mutta mistäpä sitä tietää . 
north	ja meän palkisen osalta voin sanoa , kelhän ns. " poromiehellä " jolla ei ole ku muutama poro eikä muutenkaan palkisen porohommiiin osallistu , niin heillä ei ole mithän oikeutta ajella pitkin mettiä poronhoidon varjolla , se kyllä tyssätään alkuunsa . 	ja meän palkisen osalta voin sanoa , kelhän ns. " poromiehellä " jolla ei ole ku muutama poro eikä muutenkaan palkisen porohommiiin osallistu , niin heillä ei ole mithän oikeutta ajella pitkin mettiä poronhoidon varjolla , se kyllä tyssätään alkuunsa . 
west	Älä viitti kirjoottaa mistään , kun et tierä mistään ja et halua ottaa selevää . 	Älä viitti kirjoottaa mistään , kun et tierä mistään ja et halua ottaa selevää . 
west	Sun laaset mustamaalajat ovat ku suoraan ryssien trollitehtaista kotoosin . 	Sun laaset mustamaalajat ovat ku suoraan ryssien trollitehtaista kotoosin . 
west	Nykypolvi pyörittää hyvällä palvelutasolla toimivaa yritystään leveellä hartioolla .	Nykypolvi pyörittää hyvällä palvelutasolla toimivaa yritystään leveellä hartioolla .
west	Jos lähdetä lakia tekrmähä , niin se tehrää viemällä talonpojat kerta heitolla kolhoosiin .	Jos lähdetä lakia tekrmähä , niin se tehrää viemällä talonpojat kerta heitolla kolhoosiin .
west	Älkkä olg katkerii onhan meil Raumal senttäs jäähalli kaik sin vaan kyl siel Jussinaki jot-tai järjestetä . 	Älkkä olg katkerii onhan meil Raumal senttäs jäähalli kaik sin vaan kyl siel Jussinaki jot-tai järjestetä . 
west	Hokkari essi vaan niin vanhatpierut kuin märkäkorvakki .	Hokkari essi vaan niin vanhatpierut kuin märkäkorvakki .
east	lähtövalamiita , häevyttään nyt hyvän siän aekaan ku porukka näättäs olovan koossa . 	lähtövalamiita , häevyttään nyt hyvän siän aekaan ku porukka näättäs olovan koossa . 
east	Minä vaen ilimotan Hurrikalle , että tekköö tyylikkään kiekan Santa Marian ohi . 	Minä vaen ilimotan Hurrikalle , että tekköö tyylikkään kiekan Santa Marian ohi . 
east	Sitte valamistauvuttaan ottamaan aarinkoo , syyvään , juuvaan ja pietään haaskoo .	Sitte valamistauvuttaan ottamaan aarinkoo , syyvään , juuvaan ja pietään haaskoo .
north	Kaupungin sikkaari kummoon Tuo kaupungin savua satunnaisesti tuprutteleva sikkari on saatava kummoon . 	Kaupungin sikkaari kummoon Tuo kaupungin savua satunnaisesti tuprutteleva sikkari on saatava kummoon . 
north	Turve ei oo uusiutuvvaa ja paljo on turvesoita haapaveellä pistetty pilalle energian nimisä . 	Turve ei oo uusiutuvvaa ja paljo on turvesoita haapaveellä pistetty pilalle energian nimisä . 
north	Täytyisi saada laki , joka kaatais tällaiset sikkaarit kummoon ja ruvettais tuottaa mieluummin vaikka tuulivoimalla sähkyä . 	Täytyisi saada laki , joka kaatais tällaiset sikkaarit kummoon ja ruvettais tuottaa mieluummin vaikka tuulivoimalla sähkyä . 
east	miun rahat on välleen lukastu , enkä mie ou ollu millonkkaa ahne muallisen perrään . 	miun rahat on välleen lukastu , enkä mie ou ollu millonkkaa ahne muallisen perrään . 
east	Toiseksseen mie tarvviisin vähinttään ekonoomin siihen , että miten tullaan vähillä raholla toimmeen .	Toiseksseen mie tarvviisin vähinttään ekonoomin siihen , että miten tullaan vähillä raholla toimmeen .
east	Nannin ja nykysin Yönvalavottajan romanssi on ihan ommoo luokkoosa - pahhoohan tuo ihan tekköö kahttoo tuommosta vanholla päivillään - vaikka , katteushan se tietennii kalakattaa . 	Nannin ja nykysin Yönvalavottajan romanssi on ihan ommoo luokkoosa - pahhoohan tuo ihan tekköö kahttoo tuommosta vanholla päivillään - vaikka , katteushan se tietennii kalakattaa . 
east	Tervveissii siullekkii . 	Tervveissii siullekkii . 
east	Kyllä mie oikkeesti ilonen oun heijjän puolesttaan .	Kyllä mie oikkeesti ilonen oun heijjän puolesttaan .
east	nouse vuan ylös siekkii .	nouse vuan ylös siekkii .
east	Lappalaisella se on oma tossunkuluttaja jo , ja kehhuu olevan usseitakkii , ei niät ou turhan vuatimaton immeinen tämä , siun sannaan Aslakki . 	Lappalaisella se on oma tossunkuluttaja jo , ja kehhuu olevan usseitakkii , ei niät ou turhan vuatimaton immeinen tämä , siun sannaan Aslakki . 
east	Hiä on niin vuan höyli autammaan , ei ossoo kielttee appuusa kelttää :) . 	Hiä on niin vuan höyli autammaan , ei ossoo kielttee appuusa kelttää :) . 
east	Tämä meijjän - Pirren ja Lappalaisen keskinen sannailu on vuan ollu , tämmöstä virtuaalista lähimmäisen appuu , josta pittää häntä ihan tässä kiittee . 	Tämä meijjän - Pirren ja Lappalaisen keskinen sannailu on vuan ollu , tämmöstä virtuaalista lähimmäisen appuu , josta pittää häntä ihan tässä kiittee . 
east	Kyllä mie käyn Lappalaisen kotan joskus arvijoimassa , kuhan liikun sielläpäin - voin männä silleen , anonyyminäkkii joskus . 	Kyllä mie käyn Lappalaisen kotan joskus arvijoimassa , kuhan liikun sielläpäin - voin männä silleen , anonyyminäkkii joskus . 
east	Tekaseishan se Lappalainen varmmaan miullekkii evullisen veroilimotuksen , muttakun mie en tarvvii kun lykätä puumerkkin verolanketin alle , niin en mie kehttoo ennee siihen appuu , ainakkaa vielä , pyyttee .	Tekaseishan se Lappalainen varmmaan miullekkii evullisen veroilimotuksen , muttakun mie en tarvvii kun lykätä puumerkkin verolanketin alle , niin en mie kehttoo ennee siihen appuu , ainakkaa vielä , pyyttee .
east	:) tule tänne meille jumppailemaan , on monipuolista jumppaa : puun syytöä liiterriin , lumien luontia pihamualta , kottikärrillä kärrätään puut tuppaan , kun on puulämmitteinen talo . 	:) tule tänne meille jumppailemaan , on monipuolista jumppaa : puun syytöä liiterriin , lumien luontia pihamualta , kottikärrillä kärrätään puut tuppaan , kun on puulämmitteinen talo . 
east	riittää puuhoo ja kunto pyssyy kohillaan . 	riittää puuhoo ja kunto pyssyy kohillaan . 
east	varmaan on se laty line hyvä paekka , mutta ei se kaikkia kiinnosta , eikä piä syrjiä niitä jotka ei siihen halua liittyä . 	varmaan on se laty line hyvä paekka , mutta ei se kaikkia kiinnosta , eikä piä syrjiä niitä jotka ei siihen halua liittyä . 
east	tuntuu että kaikkien pitäes olla jäseniä siihen paekkaan , jos et oo niin oot jotenki pöllömpi kun muut . 	tuntuu että kaikkien pitäes olla jäseniä siihen paekkaan , jos et oo niin oot jotenki pöllömpi kun muut . 
east	mulla on rasva % piheillä mitattuna 11 , pyöräergo testissä poljin 15 metin tuloksen , joten onhan tuota jottaen tullunna reenattua . 	mulla on rasva % piheillä mitattuna 11 , pyöräergo testissä poljin 15 metin tuloksen , joten onhan tuota jottaen tullunna reenattua . 
east	en ole yhtään varmasti huonommaksi jiänyt kun ko . paikat jäsenetkään kunnon puolesta meenoon . 	en ole yhtään varmasti huonommaksi jiänyt kun ko . paikat jäsenetkään kunnon puolesta meenoon . 
east	oon pirun loistavassa kunnossa ja vielä sen näkönenniin että sitä kehtoon maenostoo . 	oon pirun loistavassa kunnossa ja vielä sen näkönenniin että sitä kehtoon maenostoo . 
east	varmasti on hieno paekka , sitä en eppäele , mutta lopettakkee jo tuo ylempalttinen kehuminen / haukkuminen . 	varmasti on hieno paekka , sitä en eppäele , mutta lopettakkee jo tuo ylempalttinen kehuminen / haukkuminen . 
east	jokkaenen löytää varmaan mieleisensä liikunta muodon . 	jokkaenen löytää varmaan mieleisensä liikunta muodon . 
east	:) se lie tärkeintä , että sohvaperunattiin suatais lavulle ja liikkeelle oli paekka sitten mikä hyvvääsä . 	:) se lie tärkeintä , että sohvaperunattiin suatais lavulle ja liikkeelle oli paekka sitten mikä hyvvääsä . 
east	toinen tykkee tyttärestä ja toinen äetistä . 	toinen tykkee tyttärestä ja toinen äetistä . 
east	tosin palvelun pitäis pelata paekassa kun paekassa . 	tosin palvelun pitäis pelata paekassa kun paekassa . 
east	niin en kyllä maksais harjottelija ohjoojankaan tunneista .	niin en kyllä maksais harjottelija ohjoojankaan tunneista .
west	Näin aikoinaan lapualla baaris nuoren klanipää miehen , isoo kun mikä , jolla oli veteraaneille kiitosta osoittava paita vuosiluvuin 39-44 .	Näin aikoinaan lapualla baaris nuoren klanipää miehen , isoo kun mikä , jolla oli veteraaneille kiitosta osoittava paita vuosiluvuin 39-44 .
north	Ei ämpäri pääsä voi nähä mithän .	Ei ämpäri pääsä voi nähä mithän .
north	Nyt se selevis miksi niitä sanothan ämpäripäiksi .	Nyt se selevis miksi niitä sanothan ämpäripäiksi .
west	semmotti muistat kaik ?	semmotti muistat kaik ?
west	Kyl mullo mopoki muttei se ny oikke o pelant .	Kyl mullo mopoki muttei se ny oikke o pelant .
west	Muttemmää nys semmottit viitti ny alkka rikeera , ku mää ny vaa täs nii kovi pal oo ihmetelly et kui voi ol ulkko noi lämppist ?	Muttemmää nys semmottit viitti ny alkka rikeera , ku mää ny vaa täs nii kovi pal oo ihmetelly et kui voi ol ulkko noi lämppist ?
west	Ei sunnka nyvvaa mikkä kesä o tullu ku emmää o semmotti ollenkka kuult meiä rajiost .	Ei sunnka nyvvaa mikkä kesä o tullu ku emmää o semmotti ollenkka kuult meiä rajiost .
west	Ku eimaar meitil sunnka mikkä televiisio näy .	Ku eimaar meitil sunnka mikkä televiisio näy .
north	Ajaisitte sielä josai mehtäteillä niin ei kukaan tulis valittaa .	Ajaisitte sielä josai mehtäteillä niin ei kukaan tulis valittaa .
west	no sellaanen joka osaa purottaa krupin monttuhun .	no sellaanen joka osaa purottaa krupin monttuhun .
west	Kysy jostaki maanrakennusfirmasta johona on kaivinkone .	Kysy jostaki maanrakennusfirmasta johona on kaivinkone .
west	Sillä monttu --> kruppi monttuhun --> monttuhun maata päälle .	Sillä monttu --> kruppi monttuhun --> monttuhun maata päälle .
north	Joka paikassa säästehän miksi ei Peltovuomassakin , ei se ole sen uskovaisempi kylä kun muutkhan kunnassa .	Joka paikassa säästehän miksi ei Peltovuomassakin , ei se ole sen uskovaisempi kylä kun muutkhan kunnassa .
north	Loppuu tuo yhen suvun rahottaminen siltä osin .	Loppuu tuo yhen suvun rahottaminen siltä osin .
north	On sinne veroeuroja jouttu syöttämähän .	On sinne veroeuroja jouttu syöttämähän .
east	siu toivomukseis ei totteutunt .	siu toivomukseis ei totteutunt .
east	Murteita et saant lopetettuu omal kohallaiskaa .	Murteita et saant lopetettuu omal kohallaiskaa .
east	Toisii toivomukset huomioijaa - toisii ei .	Toisii toivomukset huomioijaa - toisii ei .
east	Sie rehelline , otaha hopijalusikkais kauniihe käteheis ja syö mitä syötetää !	Sie rehelline , otaha hopijalusikkais kauniihe käteheis ja syö mitä syötetää !
north	Tulhan tulhan kuha ehithän , sano Tosirealisti ...	Tulhan tulhan kuha ehithän , sano Tosirealisti ...
west	Sev verran sohasem määki tänne , että se ei si o Vorsa , vaav Vorssa :) Jonkuille tuntuu oleva hankala sannoo vaikka esimerkiks Vorssasa , usseimmiten siittä tullee Vorsasa .	Sev verran sohasem määki tänne , että se ei si o Vorsa , vaav Vorssa :) Jonkuille tuntuu oleva hankala sannoo vaikka esimerkiks Vorssasa , usseimmiten siittä tullee Vorsasa .
west	No , piäniä juttuja mutta kumminki .	No , piäniä juttuja mutta kumminki .
west	Se on kyä totta , että kirjotettuna Vorssam murre on aika kankeeta , siihen tarttee tullam mukkaan se nuatti , sisse on niinkus kuuluuki .	Se on kyä totta , että kirjotettuna Vorssam murre on aika kankeeta , siihen tarttee tullam mukkaan se nuatti , sisse on niinkus kuuluuki .
east	Kyl mie kirjottasin ja oon paljo kirjottanutkii , mut ei tunnu kelpaavan , ko on tää nykyaikasuus nii muotii .	Kyl mie kirjottasin ja oon paljo kirjottanutkii , mut ei tunnu kelpaavan , ko on tää nykyaikasuus nii muotii .
east	Pitäs osata pistää vaan jotakii tietokone hömppää ja uuvenlaisii rakkauskertomuksii ja fiinii sanoloi , sit ehkä kelpais .	Pitäs osata pistää vaan jotakii tietokone hömppää ja uuvenlaisii rakkauskertomuksii ja fiinii sanoloi , sit ehkä kelpais .
east	Tai jotekii miust tuntuu , et kaik tämmöne on vast tulos ja mie oon aikaani eel .	Tai jotekii miust tuntuu , et kaik tämmöne on vast tulos ja mie oon aikaani eel .
east	Onpaha sit tekstii valmiin ko alkaat kelpaamaa .	Onpaha sit tekstii valmiin ko alkaat kelpaamaa .
east	Ei mikkää niin huonost mäne , ettei se jotekii mäne .	Ei mikkää niin huonost mäne , ettei se jotekii mäne .
north	Täsä keskustelusa ei oo päätä eikä häntää .	Täsä keskustelusa ei oo päätä eikä häntää .
east	ootkii saant iha väärä laise lääkitykse siit seuraakii sokki hoitoop et jeffjeff venäjäläisee miel hoitolaap	ootkii saant iha väärä laise lääkitykse siit seuraakii sokki hoitoop et jeffjeff venäjäläisee miel hoitolaap
west	Elikäs mun vatta reagoi kaikkee stressii samantien ku vaan ajattelenki jotain .	Elikäs mun vatta reagoi kaikkee stressii samantien ku vaan ajattelenki jotain .
west	Tästä johtuen en mielelläni lähe yhtään mihkään , koska pelkään koko ajan et mun vatta heittää ihan löysälle ja mun on pakko juosta vessaan .	Tästä johtuen en mielelläni lähe yhtään mihkään , koska pelkään koko ajan et mun vatta heittää ihan löysälle ja mun on pakko juosta vessaan .
west	Ja sit toisaalta vatta pitää välillä sellasta mölinää et hävettää eikä siihen auta mikään .	Ja sit toisaalta vatta pitää välillä sellasta mölinää et hävettää eikä siihen auta mikään .
west	Kun on vieraassa paikassa jännitän vattaani ihan hulluna ettei se vaan päästäis ääntäkään eikä vetäis ripulille .	Kun on vieraassa paikassa jännitän vattaani ihan hulluna ettei se vaan päästäis ääntäkään eikä vetäis ripulille .
west	Musta ois tosi mukava lähtee , mut ku oon sellanen jännittäjä ja tiän että vattahan siinä taas vetää kuralle ja sit hävettää .	Musta ois tosi mukava lähtee , mut ku oon sellanen jännittäjä ja tiän että vattahan siinä taas vetää kuralle ja sit hävettää .
west	En mä olis missään vaihehessa tahtonu , että tääkin ketju riirooks menöö , mutta jos ei taloos komento muutu , niin virantoimittajana mun on velevollisuuteni mennä panemahan lappu luukulle .	En mä olis missään vaihehessa tahtonu , että tääkin ketju riirooks menöö , mutta jos ei taloos komento muutu , niin virantoimittajana mun on velevollisuuteni mennä panemahan lappu luukulle .
west	Trenkääskö sitä jokaasen akaan mennä toinen toistaan prissaamahan ?	Trenkääskö sitä jokaasen akaan mennä toinen toistaan prissaamahan ?
west	Aivan kun tantturapulassaan purkaasivat vihojaan .	Aivan kun tantturapulassaan purkaasivat vihojaan .
west	Mä lähren ny kattelemahan mitä tuonne toisehen pirttihin kuuluu .	Mä lähren ny kattelemahan mitä tuonne toisehen pirttihin kuuluu .
west	Ne osaa sielläkin piilokeljuilla ja mä on ainut virkamies näillä lakeuksilla joka osaan pistää siliäksi kaikki höperehtimiset .	Ne osaa sielläkin piilokeljuilla ja mä on ainut virkamies näillä lakeuksilla joka osaan pistää siliäksi kaikki höperehtimiset .
west	Päästähän kattomahan presirentin vaalitulosta kun oon ensin hajoottanu kapinootsiat .	Päästähän kattomahan presirentin vaalitulosta kun oon ensin hajoottanu kapinootsiat .
east	vopijoista kaekki Vopijat tavallisesti miäritellääv voemakkaaksi kaahuiksi tahi pelloeksi , jotka kohistuuvat erityssiin kohteesiin tahi tilanteesiin .	vopijoista kaekki Vopijat tavallisesti miäritellääv voemakkaaksi kaahuiksi tahi pelloeksi , jotka kohistuuvat erityssiin kohteesiin tahi tilanteesiin .
east	Niijen katotaa ' yllöösä kuuluva ' ahistushäerijjöehin , koska niistä kärsiväh henkilöm piäoere on nimenommaa ' ahistus -joka siis koetaam pelekona tahi kaahuna .	Niijen katotaa ' yllöösä kuuluva ' ahistushäerijjöehin , koska niistä kärsiväh henkilöm piäoere on nimenommaa ' ahistus -joka siis koetaam pelekona tahi kaahuna .
east	Vopijoelle o ' ominaesta , että ne ovat opittuja tapoja reekoija .	Vopijoelle o ' ominaesta , että ne ovat opittuja tapoja reekoija .
east	Vopija ilimenöö sillon , ku ' alum peri ' uhkaavaksi tahi pelottavaksi ( ahistavaksi ) koettu asija tahi tilanne ranshveroejuan , so .	Vopija ilimenöö sillon , ku ' alum peri ' uhkaavaksi tahi pelottavaksi ( ahistavaksi ) koettu asija tahi tilanne ranshveroejuan , so .
east	siirrrettään t. rojisoejaanj ( heejastettaan ) samankaltaesiksi koettuihin tilanteesiin tahi asijoehin .	siirrrettään t. rojisoejaanj ( heejastettaan ) samankaltaesiksi koettuihin tilanteesiin tahi asijoehin .
east	Tällöe ' alakuperräenem pelon , kaahun tahi ahistukse ' aehe suattaa unohtuva ja/ tahi ite pelon , kaahun tahi ahistuksen tunne se ' alakuperräestä aeheottajjaa kohtaan tukahutetaan .	Tällöe ' alakuperräenem pelon , kaahun tahi ahistukse ' aehe suattaa unohtuva ja/ tahi ite pelon , kaahun tahi ahistuksen tunne se ' alakuperräestä aeheottajjaa kohtaan tukahutetaan .
east	Islamohvopijan kohalla alakuperräesenä syynä voe ' olla esimerkiksi ankarasti uskonnollisen koen , ankara ' opettajan , vaekeehi ' elämänolosuhteehin , sosijaalise ' alemmuuventunteen , työttömyyven , karriutunneem parisuhteen tms. tuottama ahistus .	Islamohvopijan kohalla alakuperräesenä syynä voe ' olla esimerkiksi ankarasti uskonnollisen koen , ankara ' opettajan , vaekeehi ' elämänolosuhteehin , sosijaalise ' alemmuuventunteen , työttömyyven , karriutunneem parisuhteen tms. tuottama ahistus .
east	Ku ' alakuperräestä ahistusta ee syystä tahi toesesta pystytä käsittelemään , ahistus siirretääj johonniin toeseen , alakuperräese ' ahistuksen tahi pelo ' aeheottajjaa jollaen tavalla muistuttavvaa ' asijaan .	Ku ' alakuperräestä ahistusta ee syystä tahi toesesta pystytä käsittelemään , ahistus siirretääj johonniin toeseen , alakuperräese ' ahistuksen tahi pelo ' aeheottajjaa jollaen tavalla muistuttavvaa ' asijaan .
east	Tällä toesella asijalla ee sinänsä tarvihe olla suoranaesta tekemistä alakuperräese ' ahistukse ' aeheottajan kansa .	Tällä toesella asijalla ee sinänsä tarvihe olla suoranaesta tekemistä alakuperräese ' ahistukse ' aeheottajan kansa .
east	Riittää , että asijanomaenen kokkoo sem muistuttava ' alakuperräestä ahistuksen aeheottajjaa .	Riittää , että asijanomaenen kokkoo sem muistuttava ' alakuperräestä ahistuksen aeheottajjaa .
east	Perijaatteessa uusj kohe voe ' olla käätännöllisesti kahtoem mikä tahansa .	Perijaatteessa uusj kohe voe ' olla käätännöllisesti kahtoem mikä tahansa .
east	Koska islam ja muslimit ovat viime aekoena olleet paljoj julukisuuvessa esillä ja aeka monesti hyvinniim pelottavissa yhteyksissä ja ja pelottavalla tavalla esitettynä , ne ovat jokkii varsil luonteva kohe .	Koska islam ja muslimit ovat viime aekoena olleet paljoj julukisuuvessa esillä ja aeka monesti hyvinniim pelottavissa yhteyksissä ja ja pelottavalla tavalla esitettynä , ne ovat jokkii varsil luonteva kohe .
east	Vieraanväriset , -näkköeset , vierasta kansallissuutta etustaavat ihmiset , oovot kulttuurit tms. voesivat olla yhtä hyvin kohteena .	Vieraanväriset , -näkköeset , vierasta kansallissuutta etustaavat ihmiset , oovot kulttuurit tms. voesivat olla yhtä hyvin kohteena .
east	Jootuvessaan selittämmää ' itelleem pelekoosa ratijonalissaatijo ) vopijasta kärsivä ehtii sille syitä .	Jootuvessaan selittämmää ' itelleem pelekoosa ratijonalissaatijo ) vopijasta kärsivä ehtii sille syitä .
east	Tämä tuas johtaa siihen , että hä ' alakoo rojisoija elikkä heejastoo erjlaesija pelekoo selittävijä ominaesuuksija pelekonsa kohteesiin .	Tämä tuas johtaa siihen , että hä ' alakoo rojisoija elikkä heejastoo erjlaesija pelekoo selittävijä ominaesuuksija pelekonsa kohteesiin .
east	Lopulta hän suattaa alakaa vihata pelekonsa kohetta ja vieläpä muita asijoeta , jotka hä ' yhistää ( assosijjoe ) tähän kohteeseen .	Lopulta hän suattaa alakaa vihata pelekonsa kohetta ja vieläpä muita asijoeta , jotka hä ' yhistää ( assosijjoe ) tähän kohteeseen .
east	Tällöeh henkilölle on tyypillistä vältellä kanssakäämistä uuvem pelekonsa kohteen kansa .	Tällöeh henkilölle on tyypillistä vältellä kanssakäämistä uuvem pelekonsa kohteen kansa .
east	Lyhyellä tähtäemellä tämä välttely vähentää ahistusta , mutta samalla se vahvistaa asijanomaesem pelekoo kohetta kohtaan .	Lyhyellä tähtäemellä tämä välttely vähentää ahistusta , mutta samalla se vahvistaa asijanomaesem pelekoo kohetta kohtaan .
east	Jos vopija om pitkälle kehittynyt , on tyypillistä , että siitä kärsivä henkilö torjuu voemakkaasti ja aeka monesti vihamielisestikin kaeken sen , mikä voesj olla vastakkasta hänem pelolleen .	Jos vopija om pitkälle kehittynyt , on tyypillistä , että siitä kärsivä henkilö torjuu voemakkaasti ja aeka monesti vihamielisestikin kaeken sen , mikä voesj olla vastakkasta hänem pelolleen .
east	Vopijasta on sillon tullu keskeene ' osa ihmise ' itentitteettijä .	Vopijasta on sillon tullu keskeene ' osa ihmise ' itentitteettijä .
east	Samalla siitä on tullu elämee joskus hyvinniiv voemakkaasti rajottava tekijä .	Samalla siitä on tullu elämee joskus hyvinniiv voemakkaasti rajottava tekijä .
east	Vopijoeta hoejetaa ' aeka monesti varsim menestyksekkäästi käättäätymisterapijalla .	Vopijoeta hoejetaa ' aeka monesti varsim menestyksekkäästi käättäätymisterapijalla .
east	Itejana on , että vopijasta kärsivä henkilö altistettaa ' asteettaen ja kontrolloetussa , turvallisessa ympäristössä ahistusta tuottavalle kohteelle tahi tilanteelle .	Itejana on , että vopijasta kärsivä henkilö altistettaa ' asteettaen ja kontrolloetussa , turvallisessa ympäristössä ahistusta tuottavalle kohteelle tahi tilanteelle .
east	Esimerkiksi islamohvopijasta kärsivä immeenev voejaan vietä turvallistel , luotettui ' ystäviin keskellä turvallisseen tilanteeseen , jossa häj jootuu tekemissiin muslimiin kansa .	Esimerkiksi islamohvopijasta kärsivä immeenev voejaan vietä turvallistel , luotettui ' ystäviin keskellä turvallisseen tilanteeseen , jossa häj jootuu tekemissiin muslimiin kansa .
east	Kun tätä toestetaam muutaman kerran hän suattaa rohjeta keskustellakin ja pelot alakaavat vähitelleh hälävetä .	Kun tätä toestetaam muutaman kerran hän suattaa rohjeta keskustellakin ja pelot alakaavat vähitelleh hälävetä .
east	Lopulta hän suattaa kyetä seorustelemaam muslimiin kansa normaalisti , ilimam pelekoja ja akkressijjoeta .	Lopulta hän suattaa kyetä seorustelemaam muslimiin kansa normaalisti , ilimam pelekoja ja akkressijjoeta .
east	Hän voe uskaltaatuva käämääm moskeejassakin .	Hän voe uskaltaatuva käämääm moskeejassakin .
east	- Mikä ee toki tarkota sitä , että hänestä itestään tulisj tämän seoraaksena muslimi .	- Mikä ee toki tarkota sitä , että hänestä itestään tulisj tämän seoraaksena muslimi .
east	Toesin sannoen , jos terapija onnistuu , assosijatiiviset yhteyvet pelätyn tilanteen tahi asijan , henkilön kokemam pelon tahi ahistuksen ja ite asijan tahi tilanteev välttämisev välillä heekkenöövät ja lopulta hävijävät .	Toesin sannoen , jos terapija onnistuu , assosijatiiviset yhteyvet pelätyn tilanteen tahi asijan , henkilön kokemam pelon tahi ahistuksen ja ite asijan tahi tilanteev välttämisev välillä heekkenöövät ja lopulta hävijävät .
east	Tilalle tulloovat reelistisemmat vasteet kysseeseen tilanteeseen tahi asijaan .	Tilalle tulloovat reelistisemmat vasteet kysseeseen tilanteeseen tahi asijaan .
east	Kaekki ennakkolluulot eevät välttämätä hävijä , mutta ite tilanne tahi asija ee ennää aeheota pelekoo ja ahistusta .	Kaekki ennakkolluulot eevät välttämätä hävijä , mutta ite tilanne tahi asija ee ennää aeheota pelekoo ja ahistusta .
east	Se arkipäeväestyy , muuttuu normaaliksi osaksi elämää .	Se arkipäeväestyy , muuttuu normaaliksi osaksi elämää .
east	Käättäätymisterapijah huonona puolena pitetään tavallisesti sitä , että kuv vopija on suatu hävijämmää ' , asijanomaenen suattaa siirtee pelekonsa ja ahistuksensa uuteen kohteeseen .	Käättäätymisterapijah huonona puolena pitetään tavallisesti sitä , että kuv vopija on suatu hävijämmää ' , asijanomaenen suattaa siirtee pelekonsa ja ahistuksensa uuteen kohteeseen .
east	Tämä johtuu siitä , että alakuperräestä , aeka monesti jo unohettuva pelekoo ja ahistusta ee oo käsitelty , jolloin se on kaeke ' aekoo potentijjaalisena olemassa .	Tämä johtuu siitä , että alakuperräestä , aeka monesti jo unohettuva pelekoo ja ahistusta ee oo käsitelty , jolloin se on kaeke ' aekoo potentijjaalisena olemassa .
east	Varsinaesta sykoterapijjoo pitetään ja varsinniin sykoterapeotit ite pittäävät kestävämpänä ratkasuna .	Varsinaesta sykoterapijjoo pitetään ja varsinniin sykoterapeotit ite pittäävät kestävämpänä ratkasuna .
east	Siinä pyritääm purreotummaa ' ite alakuperräeseem pelon ja ahistukse ' aeheottajjaan .	Siinä pyritääm purreotummaa ' ite alakuperräeseem pelon ja ahistukse ' aeheottajjaan .
east	Ongelmana on , että torjunta suattoo tällöe ' olla hyviv voemakasta ja alakuperräene ' ahistukse ' aeheottaja vaekee löötee .	Ongelmana on , että torjunta suattoo tällöe ' olla hyviv voemakasta ja alakuperräene ' ahistukse ' aeheottaja vaekee löötee .
east	Tästä tuas seoroo , että terapija kestee tavallisesti pitkään ja tulloo kalliiksi - eevätkä tulokset kaekissa tappaaksissa oo kovih hyvijä .	Tästä tuas seoroo , että terapija kestee tavallisesti pitkään ja tulloo kalliiksi - eevätkä tulokset kaekissa tappaaksissa oo kovih hyvijä .
east	Ihetuntemusta toki varsinaenen sykoterapijal lissee ja siten tekköö pelon ja ahistuksen käsittelemiseh helepommaksi .	Ihetuntemusta toki varsinaenen sykoterapijal lissee ja siten tekköö pelon ja ahistuksen käsittelemiseh helepommaksi .
east	Immeene ' oppii sietämmään niitä paremmi ' eekä anna niijeh häeritä elämäänsä yhtä paljon ku ' aekasemmin .	Immeene ' oppii sietämmään niitä paremmi ' eekä anna niijeh häeritä elämäänsä yhtä paljon ku ' aekasemmin .
east	Kummassakin tappaaksessa on toennäkköestä , että elämäl luatu kaekkijaam paranoo .	Kummassakin tappaaksessa on toennäkköestä , että elämäl luatu kaekkijaam paranoo .
west	Ol aikatauluu kotonas , siäl o ainaki ollu enne , kaik aikatulut .	Ol aikatauluu kotonas , siäl o ainaki ollu enne , kaik aikatulut .
east	Elää nää Hurstin Veikkoo ehi ees näiltä main !	Elää nää Hurstin Veikkoo ehi ees näiltä main !
east	Kuulekko mää sanon , että se on savuumuikku mitä jokaa miehen pittää syyvä .	Kuulekko mää sanon , että se on savuumuikku mitä jokaa miehen pittää syyvä .
east	Olkoon sitä rahhoo sitte kui paljon tahoojaa !	Olkoon sitä rahhoo sitte kui paljon tahoojaa !
east	Ja mitää työki rikkahat köyhiä jonnoo pyyvätte .	Ja mitää työki rikkahat köyhiä jonnoo pyyvätte .
east	Ei kaisse ihimeellisempi näky , ku köyhällistöt jonoossa uottaa !	Ei kaisse ihimeellisempi näky , ku köyhällistöt jonoossa uottaa !
east	Alamujako työ oisitta antanna ?	Alamujako työ oisitta antanna ?
east	Turha teijän ivaata siellä , vaikka nii rahoissaa ootta olevinnaa !	Turha teijän ivaata siellä , vaikka nii rahoissaa ootta olevinnaa !
east	Kyllä mää sanon tähän lopuksi , että kyllä se viinapiru on riivanna montaa miestä !	Kyllä mää sanon tähän lopuksi , että kyllä se viinapiru on riivanna montaa miestä !
east	Elekää työ rikkahat läträtkö !	Elekää työ rikkahat läträtkö !
east	Viime aekoena on televiisijossa ollu puhetta nuista murteihen säelyttämisestä ynnämuusta .	Viime aekoena on televiisijossa ollu puhetta nuista murteihen säelyttämisestä ynnämuusta .
east	Sentaatta myö muita haakutaan ja vekutettaa ku meellä on nii huono itetunto .	Sentaatta myö muita haakutaan ja vekutettaa ku meellä on nii huono itetunto .
east	eli myö hävetään ihtiämmä ja ylleesä kaekkee ja siks myö ollaa nii pirun katteellisija kaekille ja kaekesta .	eli myö hävetään ihtiämmä ja ylleesä kaekkee ja siks myö ollaa nii pirun katteellisija kaekille ja kaekesta .
east	MUTTA : Ollaa reelusti sitä mihi on synnytty , parannettaa mitä voejjaan ja hyväksyttään ihtemme , ollaan siitä kiitollisia ja näätettään muillehhii että myö ollaan viksuja ihmisiä jotka ymmärtäävät muitahhii.SE on rikkaatta nuo meijän juuret ja ainuvastaan niihen tunnustaminen ja hyväksyminen tekköö meestä voemakkaeta immeisiä .	MUTTA : Ollaa reelusti sitä mihi on synnytty , parannettaa mitä voejjaan ja hyväksyttään ihtemme , ollaan siitä kiitollisia ja näätettään muillehhii että myö ollaan viksuja ihmisiä jotka ymmärtäävät muitahhii.SE on rikkaatta nuo meijän juuret ja ainuvastaan niihen tunnustaminen ja hyväksyminen tekköö meestä voemakkaeta immeisiä .
east	Nii voemakkaeta että voejjaan myöntöö olovamme jopa viärässäkkii ja huomattaan että muut on ihan yhtä hyvijä .	Nii voemakkaeta että voejjaan myöntöö olovamme jopa viärässäkkii ja huomattaan että muut on ihan yhtä hyvijä .
east	Paljo helepompi on oppia ite vähä suvaihtevaisuutta kuin muuttoo koko mualimmoo.Siin ä sitä oes pestijä .	Paljo helepompi on oppia ite vähä suvaihtevaisuutta kuin muuttoo koko mualimmoo.Siin ä sitä oes pestijä .
east	SUMMASUMMAARUM : Ollaan myö Hilta ja Pertta ja koko kööri ylypeetä siitä että vielä taejettaa ommoo murrettamma ja ollaan myös ylypeitä siitä että meellä on Karjala , Häme ja kaekki mitä niitä onkaa , kyllä se tuo EU hävittää mielellää kaekki erikoesuuvet jos myö nii halutaa , sitte vuan Kaekki saksoo ja muuta solokattaan ja kuinka onnettomija sitte ollaankaan.EEKU tästä etteepäen kaekkii puhmmaa ja kirjottammaa ommoo murrettaan ja rinta pystyyn .	SUMMASUMMAARUM : Ollaan myö Hilta ja Pertta ja koko kööri ylypeetä siitä että vielä taejettaa ommoo murrettamma ja ollaan myös ylypeitä siitä että meellä on Karjala , Häme ja kaekki mitä niitä onkaa , kyllä se tuo EU hävittää mielellää kaekki erikoesuuvet jos myö nii halutaa , sitte vuan Kaekki saksoo ja muuta solokattaan ja kuinka onnettomija sitte ollaankaan.EEKU tästä etteepäen kaekkii puhmmaa ja kirjottammaa ommoo murrettaan ja rinta pystyyn .
east	Minäkää en oo vielä millonkaa enne ollu nii ylypee juuristaen kuin nyt kun kirjotan tiällä sätissä .OON oekeen vasta herännä tajuvammaan mitä oma murre ja kulttuur minulle meinoo.Se on se tukijalaka jonka varassa minnäe oon .	Minäkää en oo vielä millonkaa enne ollu nii ylypee juuristaen kuin nyt kun kirjotan tiällä sätissä .OON oekeen vasta herännä tajuvammaan mitä oma murre ja kulttuur minulle meinoo.Se on se tukijalaka jonka varassa minnäe oon .
east	Eeku nähhäänpä tuas .	Eeku nähhäänpä tuas .
north	Sitä met syömä ja nautime !	Sitä met syömä ja nautime !
east	mie muistankin ja tuon A-V:n ja sitten oli Luke , Brune , Sola , quittis , tartsani , hartte-vainaa , pervokkii , jeffjeff , kollia ja vaikka ketä meitä hurjia ...	mie muistankin ja tuon A-V:n ja sitten oli Luke , Brune , Sola , quittis , tartsani , hartte-vainaa , pervokkii , jeffjeff , kollia ja vaikka ketä meitä hurjia ...
east	tuossa siulle punkkuu kyytipojaksi ...	tuossa siulle punkkuu kyytipojaksi ...
west	Vitsikäs kiriootus , oikein tuli nauru suupielehen .	Vitsikäs kiriootus , oikein tuli nauru suupielehen .
west	Pitää kuitenkin olla sen verran tosikko , että Lapuan kaavoottajat suunnitteli kauppa-alueen niin , että perse on tiellepäin .	Pitää kuitenkin olla sen verran tosikko , että Lapuan kaavoottajat suunnitteli kauppa-alueen niin , että perse on tiellepäin .
west	Sama juttu on vielä Alapään vanhoos taloos , jotka on tehty paraatipuoli joelle päin ja tunkiot tielle päin .	Sama juttu on vielä Alapään vanhoos taloos , jotka on tehty paraatipuoli joelle päin ja tunkiot tielle päin .
west	Lapuan kaavottaja tykkäs , jotta paree näin ja piirteli parkkiapikat vhän erikoosella tavalla , jottei isännät hurjastelelisi liikaa .	Lapuan kaavottaja tykkäs , jotta paree näin ja piirteli parkkiapikat vhän erikoosella tavalla , jottei isännät hurjastelelisi liikaa .
west	Kyllähän rantaruottalaaset toki toivoo Seinäjoen joutuvan kusehen korvia myöten ottamalla Lapuan velaat maksettavaksi .	Kyllähän rantaruottalaaset toki toivoo Seinäjoen joutuvan kusehen korvia myöten ottamalla Lapuan velaat maksettavaksi .
west	Sivumennen sanoen sitä monet lapualaasekkin toivoo , jotta Seinäjoki uppoasi ottamalla Lapuan .	Sivumennen sanoen sitä monet lapualaasekkin toivoo , jotta Seinäjoki uppoasi ottamalla Lapuan .
west	Ovat vaan Seinäjoella sen verran viisahia etteivät Lapuaa halaja .	Ovat vaan Seinäjoella sen verran viisahia etteivät Lapuaa halaja .
east	Mistähä se johtuu , tääl on aika ussei vaikeuksii . Ainakkii miul .	Mistähä se johtuu , tääl on aika ussei vaikeuksii . Ainakkii miul .
east	Mut toivotaa et ku jutut saa vauhtii konekkii paranee .	Mut toivotaa et ku jutut saa vauhtii konekkii paranee .
east	Sie kaipaat ommaa murrettas , kyl sitä joku varmast tullee puhumaa .	Sie kaipaat ommaa murrettas , kyl sitä joku varmast tullee puhumaa .
east	Mut alota itse kertomaa murteel .	Mut alota itse kertomaa murteel .
east	Muut lukkee sitä mielekiinnol .	Muut lukkee sitä mielekiinnol .
east	Posti kans siul on viel onkelmii .	Posti kans siul on viel onkelmii .
east	miekkii oon kerra olt robottina , ku viisaampi ohjas minnuu puhelimen kanssa , kyl mie heti hänel virkoin et miust ei oo mihinkää korjaajaks , nii hää vaa sano et ku teet niiku hää sannoo nii kaik on hyvi , pakkoha miun oli yrittää , ja ihme ja kumma se yhteis peli toimi ja homma tuli hoijettuu .	miekkii oon kerra olt robottina , ku viisaampi ohjas minnuu puhelimen kanssa , kyl mie heti hänel virkoin et miust ei oo mihinkää korjaajaks , nii hää vaa sano et ku teet niiku hää sannoo nii kaik on hyvi , pakkoha miun oli yrittää , ja ihme ja kumma se yhteis peli toimi ja homma tuli hoijettuu .
north	kohta , ko aletaan kaikki Oulusta lähtöset kirijottaa , sehä se mukavaa oiski .	kohta , ko aletaan kaikki Oulusta lähtöset kirijottaa , sehä se mukavaa oiski .
north	Tuirasa ne on munki lähtökohat .	Tuirasa ne on munki lähtökohat .
north	Kyllä sielä oli mukava lapsena asua , ja temmeltää .	Kyllä sielä oli mukava lapsena asua , ja temmeltää .
north	Ei ollu nykkyisiä kerrostaloja , vaan oli melekein ko ois maalla asunu .	Ei ollu nykkyisiä kerrostaloja , vaan oli melekein ko ois maalla asunu .
north	Oulujoesa käytiin uimasa , joskus montaki kertaa päiväsä .	Oulujoesa käytiin uimasa , joskus montaki kertaa päiväsä .
north	Ei kyllä jaksais mennä aurikua ottamaan jonneki Nallikarriin , niinku joskus lapsena , kyllä ny on parempi hakkeutua varijoon .	Ei kyllä jaksais mennä aurikua ottamaan jonneki Nallikarriin , niinku joskus lapsena , kyllä ny on parempi hakkeutua varijoon .
north	Kyllä se pitkä ja pimiä talavi tullee aikanaan .	Kyllä se pitkä ja pimiä talavi tullee aikanaan .
north	Joku tolokku ja harkinta sais olla .	Joku tolokku ja harkinta sais olla .
north	Tässä tappauksessa ei oo kumpaakaan .	Tässä tappauksessa ei oo kumpaakaan .
west	Kyllä miä ainakin muutan takas Woikkaalle , kun se vaan mulle on mahdollista !	Kyllä miä ainakin muutan takas Woikkaalle , kun se vaan mulle on mahdollista !
east	Tällä petterillä on turhan punanen nenä etennii syntymäpäeväsä aekaan !	Tällä petterillä on turhan punanen nenä etennii syntymäpäeväsä aekaan !
east	Valomerkki tulloo ennenku huomootkaa ja sen jäläkeen on ihan oma valintas haluatko kävellä vae kontata kottiis .	Valomerkki tulloo ennenku huomootkaa ja sen jäläkeen on ihan oma valintas haluatko kävellä vae kontata kottiis .
east	Sinnoot välillä ko vanaha jäkälä ; et hyväksy mittää uuvenaekasta .	Sinnoot välillä ko vanaha jäkälä ; et hyväksy mittää uuvenaekasta .
east	Yritä kuitennii pysyä mualiman menos mukana , lähe vaekka matkoille .	Yritä kuitennii pysyä mualiman menos mukana , lähe vaekka matkoille .
east	Kannattaa suunnata pohjoseen päen .	Kannattaa suunnata pohjoseen päen .
east	Suo siellä , vetelä tiällä - siinä ens vuoes ennuste .	Suo siellä , vetelä tiällä - siinä ens vuoes ennuste .
east	Katto vuotaa , pyykkikone särkyy , virtsatietulehus isköö ja nenäliina kastuu - jospa seoroova vues oes vähä aarinkoesempi .	Katto vuotaa , pyykkikone särkyy , virtsatietulehus isköö ja nenäliina kastuu - jospa seoroova vues oes vähä aarinkoesempi .
east	Talavi tekköö sinusta ihan tönkön , joten koetappa vähä vilikastua .	Talavi tekköö sinusta ihan tönkön , joten koetappa vähä vilikastua .
east	Herätät kyllä mielenkiintoo muissa ja ihhailijat virittelövät kilivan sinulle verkkojaan .	Herätät kyllä mielenkiintoo muissa ja ihhailijat virittelövät kilivan sinulle verkkojaan .
east	Erityisen hyvin sinulla synkkoo kukon kanssa , jonkinlaene yhteenliittymä on mahollinen ens vuonnakii .	Erityisen hyvin sinulla synkkoo kukon kanssa , jonkinlaene yhteenliittymä on mahollinen ens vuonnakii .
east	Pelekkee rakkauven roesketta ens vuonna !	Pelekkee rakkauven roesketta ens vuonna !
east	Vaekka ylleesä oot kovapäene , nii nyt aivos on muuttunna onnesta hyytelöks .	Vaekka ylleesä oot kovapäene , nii nyt aivos on muuttunna onnesta hyytelöks .
east	Välillä toentas pistee vastaannii , ies vaehtelun vuoks .	Välillä toentas pistee vastaannii , ies vaehtelun vuoks .
east	Pistät rahhoo kaekkeen turhuuteen , mutta semmosia seleväpäesyyven hetkiä ee sulla oo että moesta huomoesit - puhumattakaa että siitä välittäesit .	Pistät rahhoo kaekkeen turhuuteen , mutta semmosia seleväpäesyyven hetkiä ee sulla oo että moesta huomoesit - puhumattakaa että siitä välittäesit .
east	Mutta vielä se arki alakaa sullakii ...	Mutta vielä se arki alakaa sullakii ...
east	Yritähän vähä hillitä ihtees , sinä niät vieläkii liijan ussein punasta ja raevostut sen taotta turhan päeten .	Yritähän vähä hillitä ihtees , sinä niät vieläkii liijan ussein punasta ja raevostut sen taotta turhan päeten .
east	Toesaalta oot hyvinnii enerkinen ja ihan puhkut tarmoo .	Toesaalta oot hyvinnii enerkinen ja ihan puhkut tarmoo .
east	Kato kuitennii mihin suuntaan puhkut , sillä suuhykieniassa oes parantamisen varroo .	Kato kuitennii mihin suuntaan puhkut , sillä suuhykieniassa oes parantamisen varroo .
east	Tilloo aeka hammasliäkäriltä .	Tilloo aeka hammasliäkäriltä .
east	Veljekset on ylleesä ko ilvekset , mutta sinun perhesuhteissas on nyt toevomisen varroo .	Veljekset on ylleesä ko ilvekset , mutta sinun perhesuhteissas on nyt toevomisen varroo .
east	Viekee ies huonekalut ulos enneku ruppeette selevittelemmää väliänne .	Viekee ies huonekalut ulos enneku ruppeette selevittelemmää väliänne .
east	Tiijossa on rytinöö - saerasaato ja polliisi kannattaa kuhtua paekalle jo etukättee .	Tiijossa on rytinöö - saerasaato ja polliisi kannattaa kuhtua paekalle jo etukättee .
east	Sun kukoistukses kuorestaan , kerrankin puhkeaa .	Sun kukoistukses kuorestaan , kerrankin puhkeaa .
east	Mutta ee kuitenkaa vielä ens vuonna .	Mutta ee kuitenkaa vielä ens vuonna .
east	Terveyen kanssa on pieniä ongelmia ; esimerkiks rutto suattaa vaevata .	Terveyen kanssa on pieniä ongelmia ; esimerkiks rutto suattaa vaevata .
east	Sinusta tuntuu että vanahenet ihan silimissä , korvattii alakaa työntee tupsukarvoo .	Sinusta tuntuu että vanahenet ihan silimissä , korvattii alakaa työntee tupsukarvoo .
east	Mittää et asialle maha , se on sinun kohtalos .	Mittää et asialle maha , se on sinun kohtalos .
east	Joskushan vanahuus ja viisaus kuuluvat yhteen - mutta ee kuitenkaa sinun tappauksessas .	Joskushan vanahuus ja viisaus kuuluvat yhteen - mutta ee kuitenkaa sinun tappauksessas .
east	Ens vuonna viskoot turhat estot nurkkaan ja ruppeet rymyämmään !	Ens vuonna viskoot turhat estot nurkkaan ja ruppeet rymyämmään !
east	Liikunta kuuluu entistä tiukemmin sinun ja lähheistes elämään .	Liikunta kuuluu entistä tiukemmin sinun ja lähheistes elämään .
east	Erityisen rivakkoo liikuntoo suavat muitten leuat , kun hyö märehtivät sinun tekemisiäs .	Erityisen rivakkoo liikuntoo suavat muitten leuat , kun hyö märehtivät sinun tekemisiäs .
east	Joka vanhoja muistaa , sitä puntarilla piähän !	Joka vanhoja muistaa , sitä puntarilla piähän !
east	Unoha siis omat ja muihennii velat ja vipit ja aloita uus vues puhtaalta pöyvältä .	Unoha siis omat ja muihennii velat ja vipit ja aloita uus vues puhtaalta pöyvältä .
east	Unoha myös liiallinen tarkkuus ja muista että likiarvo voep olla arvo sinänsä .	Unoha myös liiallinen tarkkuus ja muista että likiarvo voep olla arvo sinänsä .
east	Intohimot jylleevät entistä hurjemmin ens vuonna .	Intohimot jylleevät entistä hurjemmin ens vuonna .
east	Et malta pysyä yhessä kohti , vuan pörreet kukasta kukkaan .	Et malta pysyä yhessä kohti , vuan pörreet kukasta kukkaan .
east	Toesaalta ossoot olla niin pisteliäs , etteivät heekomaat sinun kanssas pärjee ollenkaa .	Toesaalta ossoot olla niin pisteliäs , etteivät heekomaat sinun kanssas pärjee ollenkaa .
east	Pikkusen armoo voesit osottoo muillekkii .	Pikkusen armoo voesit osottoo muillekkii .
east	Sinä se haluat olla aena ensimmäesenä ja suuna piänä joka paekassa Semmosessa elämässä on vuarasa ; kaaloja on katkastu pienemmästäe synnistä .	Sinä se haluat olla aena ensimmäesenä ja suuna piänä joka paekassa Semmosessa elämässä on vuarasa ; kaaloja on katkastu pienemmästäe synnistä .
east	Haluasit olla vappaa ku taevaan lintu , mutta se jiä haaveeks ; lennot loppuu lyhyeen ja alastulo on yhtä issoo tömähystä .	Haluasit olla vappaa ku taevaan lintu , mutta se jiä haaveeks ; lennot loppuu lyhyeen ja alastulo on yhtä issoo tömähystä .
east	Pysy siis kot'orsilla ja tyyvy siihen että suat tyrannisoija kot' väkkee ja työkavereita .	Pysy siis kot'orsilla ja tyyvy siihen että suat tyrannisoija kot' väkkee ja työkavereita .
north	saapihan sitä asiaa tiedustella , pilkettä silmäkulmaan ;) on tää teijän palstaki niin kuiva , että taijama vähän sävhäyttää koko pitäjää .	saapihan sitä asiaa tiedustella , pilkettä silmäkulmaan ;) on tää teijän palstaki niin kuiva , että taijama vähän sävhäyttää koko pitäjää .
north	mutta met naapurikunnan muijat saatama kyllä tulla katsastamhan tilantheen joskus itekki ...	mutta met naapurikunnan muijat saatama kyllä tulla katsastamhan tilantheen joskus itekki ...
west	Yks turkulaine kansanedustaja ( Ilkka Kaneva ) tul aikkaisin aamull ihan munasillas eduskuntaan .	Yks turkulaine kansanedustaja ( Ilkka Kaneva ) tul aikkaisin aamull ihan munasillas eduskuntaan .
west	Petteri Orpo kysys kui sää tollai tän tuut ?	Petteri Orpo kysys kui sää tollai tän tuut ?
west	Munasillas oleva kansanedustaja vastas : " Mää oli illal yksil kutsuil , ja kahren aikka yöll sammusiva valo , ja joku huus , ett ny äkkiste vaattee pois ja hommiin .	Munasillas oleva kansanedustaja vastas : " Mää oli illal yksil kutsuil , ja kahren aikka yöll sammusiva valo , ja joku huus , ett ny äkkiste vaattee pois ja hommiin .
west	Ja tääl mää ny oon .	Ja tääl mää ny oon .
east	ei ko hää ol jo silloi menestynt taksisäntä ja ostel näit renkipoikii	ei ko hää ol jo silloi menestynt taksisäntä ja ostel näit renkipoikii
east	kyl miekii juu	kyl miekii juu
west	Virtaan rajantuntumas paras paikka rakentaa kunnon tupa .	Virtaan rajantuntumas paras paikka rakentaa kunnon tupa .
west	Törnävän paikkeella vanhaa kaupunkia hienon oloosta kyllä .	Törnävän paikkeella vanhaa kaupunkia hienon oloosta kyllä .
west	Mun mielestä Utnapishtim ( tuttavallisesti vaan Utnis ) oli niiku viksu tyyppi , viksumpi ku Ukko-Nooa , josta myöhäisropakantassa vielä kehlataan väittää , et sois ollu kunnon mies .	Mun mielestä Utnapishtim ( tuttavallisesti vaan Utnis ) oli niiku viksu tyyppi , viksumpi ku Ukko-Nooa , josta myöhäisropakantassa vielä kehlataan väittää , et sois ollu kunnon mies .
west	Juoppolalli soli , aivo täynnä reikiä ja haperoo .	Juoppolalli soli , aivo täynnä reikiä ja haperoo .
west	Shamhat oli ihan kunniallinen ja viksu pimunen , mut soli ihmiskaupan uhri ja pakotettu rostituutioon , Sillee ei saa tehlä .	Shamhat oli ihan kunniallinen ja viksu pimunen , mut soli ihmiskaupan uhri ja pakotettu rostituutioon , Sillee ei saa tehlä .
west	Tosin hyväoppisena se kyl osas rostituution hyvin .	Tosin hyväoppisena se kyl osas rostituution hyvin .
west	Et oikeesti se oli vieläkin paree ku Utnis .	Et oikeesti se oli vieläkin paree ku Utnis .
west	On se jo niin vanhaa juttuu , et sais jo muuten unohtuu , mut ku Shamhat oli niin viehkee , ni ei kantsi unohtaa .	On se jo niin vanhaa juttuu , et sais jo muuten unohtuu , mut ku Shamhat oli niin viehkee , ni ei kantsi unohtaa .
north	Simmaa ja kahavia olema juonhet ja tippaleipää söimä ja olis vielä hetelmäsalaatti iltapalaksi oikein jäätelön kansa meinasima nauttia .	Simmaa ja kahavia olema juonhet ja tippaleipää söimä ja olis vielä hetelmäsalaatti iltapalaksi oikein jäätelön kansa meinasima nauttia .
north	Huomena taijama lähtiä Wappuajelule .	Huomena taijama lähtiä Wappuajelule .
north	Sitä emmä vielä ole päättänhet että mihinkä suunthan .	Sitä emmä vielä ole päättänhet että mihinkä suunthan .
north	Saatama oikein ulukomaile elikkä Ruothin , se ku on tuosa lähelä .	Saatama oikein ulukomaile elikkä Ruothin , se ku on tuosa lähelä .
west	tukehru sinnen lättiis nii palokatkomiähet ainaki tulee	tukehru sinnen lättiis nii palokatkomiähet ainaki tulee
east	mitä se nyt haittaa jos saa haukut silmillee , ku oikee asenneha siul silti on , ku oot huomantkkii et paras on ko ei oo moksiskaa tai antaa takas , ja jatkaa tälviisii , mukavast kirjottelemal silti , niiko sie nyt oot tehny .	mitä se nyt haittaa jos saa haukut silmillee , ku oikee asenneha siul silti on , ku oot huomantkkii et paras on ko ei oo moksiskaa tai antaa takas , ja jatkaa tälviisii , mukavast kirjottelemal silti , niiko sie nyt oot tehny .
east	Kyl tääl on saant siipeensä yks jos toine , ei taija olla montaakaa joka ei niskassaa tuntis kiukun purkauksii .	Kyl tääl on saant siipeensä yks jos toine , ei taija olla montaakaa joka ei niskassaa tuntis kiukun purkauksii .
east	ainankii kaik ne jotka uskaltaa sanoo mitä ajattelee , Oonha miekii saant siult haukut , rekattuna ja ilman .	ainankii kaik ne jotka uskaltaa sanoo mitä ajattelee , Oonha miekii saant siult haukut , rekattuna ja ilman .
east	Enkä mie taija olla ainoo kel sie oot " lukent madon luvut " et älä taas vaikeroi , jos itekkii saat takasii .	Enkä mie taija olla ainoo kel sie oot " lukent madon luvut " et älä taas vaikeroi , jos itekkii saat takasii .
east	Vaik eihä tää kirjotukseis kovi vaikeroimiselta tunnu , päivasto oikei mukava ja piristävä lukkee .	Vaik eihä tää kirjotukseis kovi vaikeroimiselta tunnu , päivasto oikei mukava ja piristävä lukkee .
north	Hyvin on varmasti ketutki pärjänhet pöllöistä puhumattakhan .	Hyvin on varmasti ketutki pärjänhet pöllöistä puhumattakhan .
north	On vain ollu nuita myyriäki meleko paljon .	On vain ollu nuita myyriäki meleko paljon .
west	mut en viitti viälä sanoo , antaa muittenki arvata .	mut en viitti viälä sanoo , antaa muittenki arvata .
east	Tämän päevän postissa tulj tämmönen tarjous .	Tämän päevän postissa tulj tämmönen tarjous .
east	Meijän juhlimisaekeet on nähtävästi tullu julukiseks , koskapa ite Pierre Bois on vaevautunna laettammaan meille ystävällisen tarjouksesa .	Meijän juhlimisaekeet on nähtävästi tullu julukiseks , koskapa ite Pierre Bois on vaevautunna laettammaan meille ystävällisen tarjouksesa .
east	Mittee mieltä työ ootta ?	Mittee mieltä työ ootta ?
east	----------------------------- Meillä on ilo tarjota Teille Timpex-aparaattia , jolle myö ollaan haettu patentti usseimmissa sivistyneissä maessa , mm. Suomessa .	----------------------------- Meillä on ilo tarjota Teille Timpex-aparaattia , jolle myö ollaan haettu patentti usseimmissa sivistyneissä maessa , mm. Suomessa .
east	Timpex on tarkoitettu asetettavaks istumalihasten välissä olovaan aakkoon .	Timpex on tarkoitettu asetettavaks istumalihasten välissä olovaan aakkoon .
east	Se tekköö kuasupurkaukset iännettömiks ja nerokkaan lisälaitteen ansijosta antaa niille asianomasen henkilön toivomuksen mukkaisen hajun , niinku esim. kielon .	Se tekköö kuasupurkaukset iännettömiks ja nerokkaan lisälaitteen ansijosta antaa niille asianomasen henkilön toivomuksen mukkaisen hajun , niinku esim. kielon .
east	Samon toemitamme aparaattiimme lisävarusteena erikoisen soettolaitteen , jonka avulla voijaan matkia urkuin pauhua , jousorkesteria , Riki Sorsan soololaulua tai soetella yksinommaan torvimussiikkia .	Samon toemitamme aparaattiimme lisävarusteena erikoisen soettolaitteen , jonka avulla voijaan matkia urkuin pauhua , jousorkesteria , Riki Sorsan soololaulua tai soetella yksinommaan torvimussiikkia .
east	Myö ollaan kuultu lähimmältä tuttavapiiriltännä , että Teitä ovat jo kauvan vaevanneet erittäin pahanhajuiset kuasupurkaukset , jotka ovat kiusallisia Teille ja epämielusia lähiympäristöllenne .	Myö ollaan kuultu lähimmältä tuttavapiiriltännä , että Teitä ovat jo kauvan vaevanneet erittäin pahanhajuiset kuasupurkaukset , jotka ovat kiusallisia Teille ja epämielusia lähiympäristöllenne .
east	Tämän tähe myö kehotettaan Teitä kokkeilemaan Timpexiä .	Tämän tähe myö kehotettaan Teitä kokkeilemaan Timpexiä .
east	Timpexillä varustettuna voetta aevan milloin tahasa antoo kuasun purkautuva itsestännä .	Timpexillä varustettuna voetta aevan milloin tahasa antoo kuasun purkautuva itsestännä .
east	Teijän ei siis ennee tarvihte vähheekään vaevata ihteennä kuasutellessanna .	Teijän ei siis ennee tarvihte vähheekään vaevata ihteennä kuasutellessanna .
east	Timpexin vuatimaton hinta on todellakin vain 10 € iliman soittolaetetta ja 15 € soettolaetteella ( hinnat sittoumukseta ) .	Timpexin vuatimaton hinta on todellakin vain 10 € iliman soittolaetetta ja 15 € soettolaetteella ( hinnat sittoumukseta ) .
east	Laetteen käättökokemuksista toevomme kirjallisia laasuntoja .	Laetteen käättökokemuksista toevomme kirjallisia laasuntoja .
east	Erikoisesti toevomme laasunnoessa kiinnitettävän huomijota äkillisten kuasutusten eli paukkupieruien vaekutukseen soettolaitteen iänenvärin suhteen sekä jousorkesterisoettolaitteen yhteyvessä sävelkorkeuteen .	Erikoisesti toevomme laasunnoessa kiinnitettävän huomijota äkillisten kuasutusten eli paukkupieruien vaekutukseen soettolaitteen iänenvärin suhteen sekä jousorkesterisoettolaitteen yhteyvessä sävelkorkeuteen .
east	Aparaatillamme on täys kuluttajansuojalaen mukanen pallaatusoekeus ( 7 päivee ostopäevä mukkaan luettuna ) .	Aparaatillamme on täys kuluttajansuojalaen mukanen pallaatusoekeus ( 7 päivee ostopäevä mukkaan luettuna ) .
east	Toivomme Teijän , mikäli piätättä pittee tilloomanna Timpexin , suosittelevan sitä myös paukutteleville ystävillennä .	Toivomme Teijän , mikäli piätättä pittee tilloomanna Timpexin , suosittelevan sitä myös paukutteleville ystävillennä .
east	Toivomme tarjouksemme kiinnostavan Teitä ja jiämme oottamaan tilaustanna lähipäevinä .	Toivomme tarjouksemme kiinnostavan Teitä ja jiämme oottamaan tilaustanna lähipäevinä .
west	Poliisille sanotaan vaan että oon justiinsa kato lappii menos voi ol liukast viä eli nastoil vaa prismast kaljaa hakemaa vastaki !	Poliisille sanotaan vaan että oon justiinsa kato lappii menos voi ol liukast viä eli nastoil vaa prismast kaljaa hakemaa vastaki !
east	kyl se ainnakii Etelä-Karjalas ja etekii Lappeel on tiijos .	kyl se ainnakii Etelä-Karjalas ja etekii Lappeel on tiijos .
east	Monet ihmist vielläkii muistaat yhtä ja toista siint Huhtiniemest .	Monet ihmist vielläkii muistaat yhtä ja toista siint Huhtiniemest .
east	Vaik sen jot sinne vietii jonos ja kuoruma-auto lavala ja takasii ei tuotu .	Vaik sen jot sinne vietii jonos ja kuoruma-auto lavala ja takasii ei tuotu .
east	Vartiomiehiä on henkis vielläkii ja varmast on telottajia ja virkamiehiäkkii , mut kukkaa ei suutase avvaa omal nimellää .	Vartiomiehiä on henkis vielläkii ja varmast on telottajia ja virkamiehiäkkii , mut kukkaa ei suutase avvaa omal nimellää .
east	Siit viel paikkakunna suojeluskunnat messästiit karkurloi pitki messii ja ampuit monest kii saamase miehet siihe paikkaa .	Siit viel paikkakunna suojeluskunnat messästiit karkurloi pitki messii ja ampuit monest kii saamase miehet siihe paikkaa .
east	Ei tult mittää hautamuistomerkkilöi , ei pöytäkirjoloi .	Ei tult mittää hautamuistomerkkilöi , ei pöytäkirjoloi .
east	Kysykää vaik lemiläisilt siint asjast .	Kysykää vaik lemiläisilt siint asjast .
west	kovin palio viitti pröystäällä !	kovin palio viitti pröystäällä !
west	Meitä on kolome komiaa .	Meitä on kolome komiaa .
west	Minä ja mun Äitee ja Me yhyres !	Minä ja mun Äitee ja Me yhyres !
west	Tämä on tilanne ja näillä mennähän !	Tämä on tilanne ja näillä mennähän !
north	Ei mittään hättää , rauhotuhan .	Ei mittään hättää , rauhotuhan .
north	Kerroppa mulle ookko sinä ottanu tännään mittään ..( nuuh nuuh ) lääkkeitä ?	Kerroppa mulle ookko sinä ottanu tännään mittään ..( nuuh nuuh ) lääkkeitä ?
west	Tullaanen panoo heleposti vihastuttamahan ja sitte antaa vihalle valtaa ja joutuuki vihan pauloohin .	Tullaanen panoo heleposti vihastuttamahan ja sitte antaa vihalle valtaa ja joutuuki vihan pauloohin .
west	Torellinen voima on kuulkaa sitä hallittoo ittensä ja tunteensa , vain sellaanen joka ittensä hallittoo pystyy oikeen hallita myäs muita .	Torellinen voima on kuulkaa sitä hallittoo ittensä ja tunteensa , vain sellaanen joka ittensä hallittoo pystyy oikeen hallita myäs muita .
west	Tajuaahan tuan lapsikin .	Tajuaahan tuan lapsikin .
north	Minunki mulukku on lahajarahalla kasvatettu .	Minunki mulukku on lahajarahalla kasvatettu .
north	Ei siitä niin issoo tullu , mutta helevetin hyvä työkyrpä tuli.Aaamen .	Ei siitä niin issoo tullu , mutta helevetin hyvä työkyrpä tuli.Aaamen .
west	Meneppä itte autollas bussikaistalle niin päällehän ne tulee .	Meneppä itte autollas bussikaistalle niin päällehän ne tulee .
east	Pittää vissii tulla sinne lamme äärel rautlangast vääntämmää , et ryhtiryhmäst ei saap tyttölöi kirveelkää .	Pittää vissii tulla sinne lamme äärel rautlangast vääntämmää , et ryhtiryhmäst ei saap tyttölöi kirveelkää .
east	A hupakkoin o hyvä ellää .	A hupakkoin o hyvä ellää .
east	Elä siekii ja jätä se synnist paasaamine vähemmäl .	Elä siekii ja jätä se synnist paasaamine vähemmäl .
east	Et siekää oo olt paikanpääl ku sivystystä on jaettu , ku haastat selkeesti riitaa , Monica on tuhat kertaa sanont , et mie en riitaa haasta ensi , mut takas tulloo , Pijähä oma sivistystaso jotenkkii kuris , ettet lärväile enempää , siehä nytkii alotit ja saat takas .	Et siekää oo olt paikanpääl ku sivystystä on jaettu , ku haastat selkeesti riitaa , Monica on tuhat kertaa sanont , et mie en riitaa haasta ensi , mut takas tulloo , Pijähä oma sivistystaso jotenkkii kuris , ettet lärväile enempää , siehä nytkii alotit ja saat takas .
east	Mie en välitä siun vstauksestais , ko ehtoin tahtoin haastat riitaa , ja sit yrität saaha minnuu syytä .	Mie en välitä siun vstauksestais , ko ehtoin tahtoin haastat riitaa , ja sit yrität saaha minnuu syytä .
east	lemmikeistä voip puhhuu vaik mite pitkää , yritän pyssyy kuitenkin kohtuuessa , ettei käy teille pitkäveteiseksi lukkee .	lemmikeistä voip puhhuu vaik mite pitkää , yritän pyssyy kuitenkin kohtuuessa , ettei käy teille pitkäveteiseksi lukkee .
east	saatatte muistaa että minul on kaksi kissaa gilta ja edison ja uusi tulokas berhartilainen koira .	saatatte muistaa että minul on kaksi kissaa gilta ja edison ja uusi tulokas berhartilainen koira .
east	kisut mie joutuin vähä ko pakosta ottamaa muutama vuos sitte .	kisut mie joutuin vähä ko pakosta ottamaa muutama vuos sitte .
east	kerroinkin sillon siitä täällä , mutta ko on niin paljo uusii palstalaisii , kerron lyhyest mite se kävi .	kerroinkin sillon siitä täällä , mutta ko on niin paljo uusii palstalaisii , kerron lyhyest mite se kävi .
east	tääl pihal poikkesi koditon kissa ja mie hänelle pistin yöks rapulle ruokaa .	tääl pihal poikkesi koditon kissa ja mie hänelle pistin yöks rapulle ruokaa .
east	yhten aamun ko olin vähän aikasemmissa neljän tienoilla ylhäällä , vilkasin ikkunasta joko sapuskat on tehny kauppansa , niin siel olikii emo ja viisi kissanpentuu syömäs .	yhten aamun ko olin vähän aikasemmissa neljän tienoilla ylhäällä , vilkasin ikkunasta joko sapuskat on tehny kauppansa , niin siel olikii emo ja viisi kissanpentuu syömäs .
east	pentujen täyty olla jo parikuukautisii kska emo toi ne ruokakupille ja ko mänin ulos sillo hyö vikkelästi juoksi navettaan .	pentujen täyty olla jo parikuukautisii kska emo toi ne ruokakupille ja ko mänin ulos sillo hyö vikkelästi juoksi navettaan .
east	sakkii ei saant millää kiinni ei ees sissää tuppaan .	sakkii ei saant millää kiinni ei ees sissää tuppaan .
east	mie ko ilmestyin heist ei näkynt jälkeekää .	mie ko ilmestyin heist ei näkynt jälkeekää .
east	soitin sitte terveystarkastajalle että mitä miun pitäs tehhä , jos hyö jääp sinne elämää villinä , minul on nurkis kohta semmonen liuta kisuja , ja oon niistä pääsemättömissä .	soitin sitte terveystarkastajalle että mitä miun pitäs tehhä , jos hyö jääp sinne elämää villinä , minul on nurkis kohta semmonen liuta kisuja , ja oon niistä pääsemättömissä .
east	terveystarkastaja toi häkki pyydyksen navettaan , ja sinne pantii sapuskaa ja heti seuraavan aamuna oli tärpänny , toisena päivänä tuli loputkii pennut .	terveystarkastaja toi häkki pyydyksen navettaan , ja sinne pantii sapuskaa ja heti seuraavan aamuna oli tärpänny , toisena päivänä tuli loputkii pennut .
east	tarkastaja oli saanu sijotettuu emon ja poikasii ihmisille , mutta kaks jäi jälelle .	tarkastaja oli saanu sijotettuu emon ja poikasii ihmisille , mutta kaks jäi jälelle .
east	hyö oli ulkonäöltää riemun kirjavii .	hyö oli ulkonäöltää riemun kirjavii .
east	giltalla on mustaa valkosta ja punaruskee läikkä takapuolessa .	giltalla on mustaa valkosta ja punaruskee läikkä takapuolessa .
east	edison on mustan valkosen kirjava .	edison on mustan valkosen kirjava .
east	heit ei voi kovin kauniiksi värityksiltää sannoo , eikä siksi kelvanneet .	heit ei voi kovin kauniiksi värityksiltää sannoo , eikä siksi kelvanneet .
east	tarkastaja sano et heiät nukutettaa ikiuneen , ko ei kellekkää kelvanneet .	tarkastaja sano et heiät nukutettaa ikiuneen , ko ei kellekkää kelvanneet .
east	siinhä mie olin ko pakkotilanteessa , enhä mie voinu antaa sellasta tapahtuu terveille , vaikkei niin kovin viehkeille elukoille.mutta ko en itekkää ole mikkää ruusu , niin myö sovitaa hyvin yhtee senpuolesta .	siinhä mie olin ko pakkotilanteessa , enhä mie voinu antaa sellasta tapahtuu terveille , vaikkei niin kovin viehkeille elukoille.mutta ko en itekkää ole mikkää ruusu , niin myö sovitaa hyvin yhtee senpuolesta .
east	niin mie heiät otin kanssain elämää .	niin mie heiät otin kanssain elämää .
east	kuukauten päivät heiät piti pittää visusti tuvassa .	kuukauten päivät heiät piti pittää visusti tuvassa .
east	hyö oli koko ajan kaappien takan piilossa , olivat jo sen verrn villiintyneet .	hyö oli koko ajan kaappien takan piilossa , olivat jo sen verrn villiintyneet .
east	syömäs hyö kävi vaa öisin .	syömäs hyö kävi vaa öisin .
east	mutta niin myö vaan totuttii toisiimme ja nykyää hyö nukkuu miun petissä pääpuoless tyynyn yläpuolella .	mutta niin myö vaan totuttii toisiimme ja nykyää hyö nukkuu miun petissä pääpuoless tyynyn yläpuolella .
east	seuraavat minnuu joka paikkaan .	seuraavat minnuu joka paikkaan .
east	hyö ymmärtää puhetta ja ossavat itekkii puhhuu , puskemalla minnuu joka merkkaa eettä on jottain asiaa ;)) alussa minul ol kaksi hetekaa , toine oli jalmarin ja toisel seinällä .	hyö ymmärtää puhetta ja ossavat itekkii puhhuu , puskemalla minnuu joka merkkaa eettä on jottain asiaa ;)) alussa minul ol kaksi hetekaa , toine oli jalmarin ja toisel seinällä .
east	hyö ko alko tulla sänkyy,ei kelvant jalmarin hetekka vaan minun vieree tuppasivat .	hyö ko alko tulla sänkyy,ei kelvant jalmarin hetekka vaan minun vieree tuppasivat .
east	:)) joutuin ostamaa uuven petin ,ostin sellasen runkopatjan nimeltää .se on 120 senttimetrii levvee ja siihe myö mahuttaa hyvin .	:)) joutuin ostamaa uuven petin ,ostin sellasen runkopatjan nimeltää .se on 120 senttimetrii levvee ja siihe myö mahuttaa hyvin .
east	nyt ko perhe on kasvant koiranpennulla , tietyst garbokin makkaa petis mutta jalkopäässä .	nyt ko perhe on kasvant koiranpennulla , tietyst garbokin makkaa petis mutta jalkopäässä .
east	jehupoikakin viilaa , välillä päiväuniaa jos mie otan hänen kanssaa nokoset , muute hää on omas sänkyssää .	jehupoikakin viilaa , välillä päiväuniaa jos mie otan hänen kanssaa nokoset , muute hää on omas sänkyssää .
east	jote onn siin sakkii yhes petis , mutta hyvin myö kaikki kuitenkin nukutaan .	jote onn siin sakkii yhes petis , mutta hyvin myö kaikki kuitenkin nukutaan .
east	garbosta tullee aikusena isokoira , ja hänel vissii saap olla yksinää senkokonen peti :)) hänel ruoka merkkaa koko elämää , on hänel niin hyvät ruoka halut , vaik saaap ruokaa kolmekertaa päivässä .	garbosta tullee aikusena isokoira , ja hänel vissii saap olla yksinää senkokonen peti :)) hänel ruoka merkkaa koko elämää , on hänel niin hyvät ruoka halut , vaik saaap ruokaa kolmekertaa päivässä .
east	ruokakuppii hää kantelee suussaa pitkin päivää , sit ko on ruoka aika hää puottaa kupin minun etteen .	ruokakuppii hää kantelee suussaa pitkin päivää , sit ko on ruoka aika hää puottaa kupin minun etteen .
east	elukat viihtyy hyvin yhdessä , garbo ko makkaa lattialla niin edison pessee häntä , edison on hyvin siisti kissa hää nuolee molemmat tytöt .:) ) garbo leikkis kyllä enenpi kisujen kanssa , mutta hyö ei garbon riehumisest tykkää ja hyppäävät uunin päälle turvaan , ja sieltä tiirailevat riehujaa mie kävin eläkeläisten talolla ja siellä on yks hieno rouva .	elukat viihtyy hyvin yhdessä , garbo ko makkaa lattialla niin edison pessee häntä , edison on hyvin siisti kissa hää nuolee molemmat tytöt .:) ) garbo leikkis kyllä enenpi kisujen kanssa , mutta hyö ei garbon riehumisest tykkää ja hyppäävät uunin päälle turvaan , ja sieltä tiirailevat riehujaa mie kävin eläkeläisten talolla ja siellä on yks hieno rouva .
east	oon hänest joskus puhunu ristin hänet rimirouvaksi , hänel ko on hieno rimiturkki talvella .	oon hänest joskus puhunu ristin hänet rimirouvaksi , hänel ko on hieno rimiturkki talvella .
east	hää on ruotsin kielinen , mutta puhhuu kyllä suomee .	hää on ruotsin kielinen , mutta puhhuu kyllä suomee .
east	hää jostain syystä ain minnuu päivittellee :)) ) mie ko kerroin hänelle että minul on berhardilainen koira ja barbon hauskoja tekemissii , hää taas päivitteli ,härte gyytten , voi voi mite ison koiran olet hankkinu , ei sellanen sovi pienelle ihmiselle .	hää jostain syystä ain minnuu päivittellee :)) ) mie ko kerroin hänelle että minul on berhardilainen koira ja barbon hauskoja tekemissii , hää taas päivitteli ,härte gyytten , voi voi mite ison koiran olet hankkinu , ei sellanen sovi pienelle ihmiselle .
east	hää sano et se on niin , jotta vähän kouluja käyneet ihmiset hankkii aina ison koiran ja sivistynneet hankkii pienen .	hää sano et se on niin , jotta vähän kouluja käyneet ihmiset hankkii aina ison koiran ja sivistynneet hankkii pienen .
east	ens kertaa mie hänelle intin vastaa , sanoin et toivo on sen ostant ja hää on käynt kouluja rakennusmestariksi asti .	ens kertaa mie hänelle intin vastaa , sanoin et toivo on sen ostant ja hää on käynt kouluja rakennusmestariksi asti .
east	hää ruotsiks vastas , enkä ymmärtänt mitä sano ja män menojaa .	hää ruotsiks vastas , enkä ymmärtänt mitä sano ja män menojaa .
east	toivottavast hyö pyyssyy terveennä ja miekii , että saahaa olla pitkää yhessä .	toivottavast hyö pyyssyy terveennä ja miekii , että saahaa olla pitkää yhessä .
east	ei ennää pure vahinkossakaa , hää helläst hampailla vettää poikaa paianhelmasta .	ei ennää pure vahinkossakaa , hää helläst hampailla vettää poikaa paianhelmasta .
east	minnuu on paljolla siunattu ko heiän kanssaa saan ellää .	minnuu on paljolla siunattu ko heiän kanssaa saan ellää .
north	Kahtokaa vaan kuka on oikeessa .	Kahtokaa vaan kuka on oikeessa .
east	Kuule ,mie oli vähä tyly,ku sie paratiisii kyselit,on miul sellane.Reilu kymmene kilometrii täst on matkaa.siel on semmone harmaa mökki lammerannal.Miul on lammes semmone ropeli,et pyssyy sulana , sorsiiku on,nyt mie oottelen millo tulloo joutsenet.niit ä on muutama valkone ja yks musta.Niiku elämäskii pittää olla.Josse koko ajan iha hyväst menis ossaisko sitä kiitelläkkää , mut välistku on vähä harmii,ni sit sitä ossaa paremmi ilota pienistkii.Taasmie mänin pois asista.No poika teki miul siihe rantaa sauna , viime kesänä siitä tul savusauna,ku haikara pesi piippuu , Saa nähä saanko tanä kevväänä potut maaha,ku miul on nyt tämä kone.pitt ääki pojal soittaa , et hää alkas sinne sähkölöi vetämääNo siel on kuule paljon kukkii ja perhosii ,siu pitäs joskus tulla kattomaa mut jos paat päähäs haaveellise kuva,ni joha sie siel oot.Silleeh ä miekii teen .	Kuule ,mie oli vähä tyly,ku sie paratiisii kyselit,on miul sellane.Reilu kymmene kilometrii täst on matkaa.siel on semmone harmaa mökki lammerannal.Miul on lammes semmone ropeli,et pyssyy sulana , sorsiiku on,nyt mie oottelen millo tulloo joutsenet.niit ä on muutama valkone ja yks musta.Niiku elämäskii pittää olla.Josse koko ajan iha hyväst menis ossaisko sitä kiitelläkkää , mut välistku on vähä harmii,ni sit sitä ossaa paremmi ilota pienistkii.Taasmie mänin pois asista.No poika teki miul siihe rantaa sauna , viime kesänä siitä tul savusauna,ku haikara pesi piippuu , Saa nähä saanko tanä kevväänä potut maaha,ku miul on nyt tämä kone.pitt ääki pojal soittaa , et hää alkas sinne sähkölöi vetämääNo siel on kuule paljon kukkii ja perhosii ,siu pitäs joskus tulla kattomaa mut jos paat päähäs haaveellise kuva,ni joha sie siel oot.Silleeh ä miekii teen .
north	Lissää huoltsikoita Haapaveelle pittäis ehottomasti saaha lissää huoltsikoita .	Lissää huoltsikoita Haapaveelle pittäis ehottomasti saaha lissää huoltsikoita .
north	Nyt ei oo , ku kolomeppaikkaa , mistä saa polttoainetta .	Nyt ei oo , ku kolomeppaikkaa , mistä saa polttoainetta .
north	Täälä ei oo kilipailua ja siksi polttoaine niin paljon kalliimpaa , ku esimerkiksi ylivieskasa , josa huoltoasemia ja kylymäasemia on riittämiin .	Täälä ei oo kilipailua ja siksi polttoaine niin paljon kalliimpaa , ku esimerkiksi ylivieskasa , josa huoltoasemia ja kylymäasemia on riittämiin .
north	Tulleekohan uuen halapallin yhteyteen mittään polttoaineen jakelupistettä ?	Tulleekohan uuen halapallin yhteyteen mittään polttoaineen jakelupistettä ?
north	tuntuu että siitä enhään jääpi puuttumhaan lapsen omainen vallattomhuus ja kokheilunhaluinen uteliashuus , niin meloko lähelä alama olla tottuuven lähettä .	tuntuu että siitä enhään jääpi puuttumhaan lapsen omainen vallattomhuus ja kokheilunhaluinen uteliashuus , niin meloko lähelä alama olla tottuuven lähettä .
north	Se vaan että tohtiikohan siitä juuva kuksallisen , vai pitäskö ihan vain ensin sormela vähän maistaa .	Se vaan että tohtiikohan siitä juuva kuksallisen , vai pitäskö ihan vain ensin sormela vähän maistaa .
north	Oisko tuo semmosta h--tin hyvvää rokkia , joka ei ratioissa ja telekkareissa juuri tee ittestään numeroa ja siksi sitä joutuuki monasti julkaiseen pienemmät intepententfirmat , tosin nykyään indietä on kaikki vähän sille rososella otteella paiskattu melotinen rokki .	Oisko tuo semmosta h--tin hyvvää rokkia , joka ei ratioissa ja telekkareissa juuri tee ittestään numeroa ja siksi sitä joutuuki monasti julkaiseen pienemmät intepententfirmat , tosin nykyään indietä on kaikki vähän sille rososella otteella paiskattu melotinen rokki .
east	Näille holokkipolville .	Näille holokkipolville .
east	Hyväähän se heille tekköö .	Hyväähän se heille tekköö .
east	Holokkipolvet , ripakintut .	Holokkipolvet , ripakintut .
west	Ei siinä oikeestaan mitää oikeeta aikaa oo mut jos sillain kun valosa alkaa oleen aamusta ni soitten reunoilta voit hyvin löytää teeriä kukertelemassa ...	Ei siinä oikeestaan mitää oikeeta aikaa oo mut jos sillain kun valosa alkaa oleen aamusta ni soitten reunoilta voit hyvin löytää teeriä kukertelemassa ...
west	itse tykkään käydä enemmän aamusella mutta kyä niitä löytäää aamusta iltaan ...	itse tykkään käydä enemmän aamusella mutta kyä niitä löytäää aamusta iltaan ...
west	et koiteta heittä murhe menemä ja turha kauna kans .	et koiteta heittä murhe menemä ja turha kauna kans .
west	Tääl elos ko jouruta muutenki konttama tikkussi laro pohji,nii ei sitä kannat turhist hermostu .	Tääl elos ko jouruta muutenki konttama tikkussi laro pohji,nii ei sitä kannat turhist hermostu .
west	Mää ole huamanu et monil palstoil oikke yritetä hiaro riitta , mitä semmone peli o ?	Mää ole huamanu et monil palstoil oikke yritetä hiaro riitta , mitä semmone peli o ?
west	Pal paremppa meiä eläm olis jos kaik yrittäs siättä naapurias ja oltas sovus .	Pal paremppa meiä eläm olis jos kaik yrittäs siättä naapurias ja oltas sovus .
west	Niinko lavi sanos et " koita poika niellä ,olet käymätiellä " Toivota komia kessä ja nautita ko kretonki heilatta suvi tuules , soon moro	Niinko lavi sanos et " koita poika niellä ,olet käymätiellä " Toivota komia kessä ja nautita ko kretonki heilatta suvi tuules , soon moro
east	kansalaiset.kysell ään sit karjalloo takas koha iikorit on antanna kuriilien suaret japnillen takas.siihe asti piämmä TURPAVÄRKIN visusti kiinni.outtako sammoo mieltä ..!	kansalaiset.kysell ään sit karjalloo takas koha iikorit on antanna kuriilien suaret japnillen takas.siihe asti piämmä TURPAVÄRKIN visusti kiinni.outtako sammoo mieltä ..!
east	muiten suattaa olla evakko eessä , kannattas ottaa tuo ruottin kiel pakolliseks jo apu koulusta lähtiin .	muiten suattaa olla evakko eessä , kannattas ottaa tuo ruottin kiel pakolliseks jo apu koulusta lähtiin .
east	kaeken varalta , ja ukkoloil rynkyt patilonneen porstuvan nurrkkaan jos käsky käyp.	kaeken varalta , ja ukkoloil rynkyt patilonneen porstuvan nurrkkaan jos käsky käyp.
north	Kyllä nämä tiiethään kuka pettää ja ketä mutta mitäpä met siitä välitetään .	Kyllä nämä tiiethään kuka pettää ja ketä mutta mitäpä met siitä välitetään .
north	Kuka tämä poromies ukkomies oliko lien palojärveltä kirjoitusten mukaan pakettiautossa sillleen vieraan vanhan eukon kanssa silleen.puolisoita itteäänkään kiinnosta missä toinen osapuoli laukkaa säälittää vain kattoa ko vängällä piethään kulissia yllä vaikka tottuus onki sitte aivan muuta ,	Kuka tämä poromies ukkomies oliko lien palojärveltä kirjoitusten mukaan pakettiautossa sillleen vieraan vanhan eukon kanssa silleen.puolisoita itteäänkään kiinnosta missä toinen osapuoli laukkaa säälittää vain kattoa ko vängällä piethään kulissia yllä vaikka tottuus onki sitte aivan muuta ,
north	Mie en tierä mistää helevatan peletilehemistäs nyt sie oot kuullos ukkeli aivan hako teillä ..	Mie en tierä mistää helevatan peletilehemistäs nyt sie oot kuullos ukkeli aivan hako teillä ..
north	mie en ketää paukkua eres tunne :) Heitin vuan läpändeerust !	mie en ketää paukkua eres tunne :) Heitin vuan läpändeerust !
east	Semmosia ne opiskelijat kirjottelee meitän verorahoista maksetuilla opintotukiaisillaan , jotta saavat totistuksen yliopistosta ja voivat kuhtua ihteään masteriksi vai mikä maistraatti olikaan .	Semmosia ne opiskelijat kirjottelee meitän verorahoista maksetuilla opintotukiaisillaan , jotta saavat totistuksen yliopistosta ja voivat kuhtua ihteään masteriksi vai mikä maistraatti olikaan .
east	Oekeen sukututkimusta on joku tekemäs .	Oekeen sukututkimusta on joku tekemäs .
east	Tuos serkkuloi kehhuu ja mittilöi , että olis pitkäl jaksol oekeen kuninkaallisii suvus .	Tuos serkkuloi kehhuu ja mittilöi , että olis pitkäl jaksol oekeen kuninkaallisii suvus .
east	Minnuu ei se niin kiinnosta .	Minnuu ei se niin kiinnosta .
east	Ei aota se ei .	Ei aota se ei .
east	Mut , sen uskon , että hevosvarkait voi olla , sekä muut pahantekijöit .	Mut , sen uskon , että hevosvarkait voi olla , sekä muut pahantekijöit .
east	Voehan siel olla joku menny naemisiin lähisukulaesenkin kanssa , mene ja tiiä , kun en tiiä .	Voehan siel olla joku menny naemisiin lähisukulaesenkin kanssa , mene ja tiiä , kun en tiiä .
east	Elämässä kaek on mahollista .	Elämässä kaek on mahollista .
east	Se taetaa kuitenkii olla tässä lähimmäesessä miettimistä , että onko hänelle tehty se , mikä kuuluis tehdä .	Se taetaa kuitenkii olla tässä lähimmäesessä miettimistä , että onko hänelle tehty se , mikä kuuluis tehdä .
east	Siitähää meit , enemmän mitataan , kuin jostain muusta .	Siitähää meit , enemmän mitataan , kuin jostain muusta .
east	Muistelen , että tuo kirja , jossa on kerrottu , että joku taes olla jopa sisarpuolesa kanssa naemisis .	Muistelen , että tuo kirja , jossa on kerrottu , että joku taes olla jopa sisarpuolesa kanssa naemisis .
east	Meinasi joku hallitsija ottaa hänen muijasa , kun sano sitä sisarekseen .	Meinasi joku hallitsija ottaa hänen muijasa , kun sano sitä sisarekseen .
east	Vaekka niin pakanallinen oli hallitsija , nuhteli hää Jumalanmiestä , että meinas hänellä teettää pahan synnin , että hää olisi tarkoetuksetta ottanut toisen muijan .	Vaekka niin pakanallinen oli hallitsija , nuhteli hää Jumalanmiestä , että meinas hänellä teettää pahan synnin , että hää olisi tarkoetuksetta ottanut toisen muijan .
east	Mittee siitä voes piätellä .	Mittee siitä voes piätellä .
east	Aenankin se , että vaek se akaata oli niin lähheinen ja emännänvirkaa toemitti , niin sellaas akkaa ei edes kuningas pakanuudessa uskalatanut himoota , koska SE olisi ollu se pahempi rätinki synnin mittapuulla .	Aenankin se , että vaek se akaata oli niin lähheinen ja emännänvirkaa toemitti , niin sellaas akkaa ei edes kuningas pakanuudessa uskalatanut himoota , koska SE olisi ollu se pahempi rätinki synnin mittapuulla .
east	Onko tällaas miettiny tää yksi oekeesoleva sdaguy1 ?	Onko tällaas miettiny tää yksi oekeesoleva sdaguy1 ?
east	Pähkäelin vaen .	Pähkäelin vaen .
east	Teilhä näköjää on oltkii rahviikkii .	Teilhä näköjää on oltkii rahviikkii .
east	Jot iha kullero .	Jot iha kullero .
east	Ei se kuiteskaa voint olla hymhymi olevinnaa .	Ei se kuiteskaa voint olla hymhymi olevinnaa .
east	Tai mist pirust tietää .	Tai mist pirust tietää .
east	Se laija yl kurkkiva huus olevasa hymhym .	Se laija yl kurkkiva huus olevasa hymhym .
east	Nii se sano hakijoilleenkii .	Nii se sano hakijoilleenkii .
east	Samaset on kuitenki puhheet .	Samaset on kuitenki puhheet .
east	On muka sinivuokkokii .	On muka sinivuokkokii .
east	Mie olen yhet sakot saant tie pääl ja ne kirjotti sinivuokko , mut ei tuo ole .	Mie olen yhet sakot saant tie pääl ja ne kirjotti sinivuokko , mut ei tuo ole .
east	Mikä lie haiseva ajuruoho , jost siat tykkää .	Mikä lie haiseva ajuruoho , jost siat tykkää .
east	No , siulleha myö pannaan Mersu - kasivitone ja kakssatane malli .	No , siulleha myö pannaan Mersu - kasivitone ja kakssatane malli .
east	Ajettu vaa 6oo tuhatta , kahen litran kiukaal.	Ajettu vaa 6oo tuhatta , kahen litran kiukaal.
east	Sie oot kuule nuorte tyttölöi suosikki siin kiesis kun sie kurvaat kirkokyläs huoltaril .	Sie oot kuule nuorte tyttölöi suosikki siin kiesis kun sie kurvaat kirkokyläs huoltaril .
east	Ne tietää , ett mitä suuremp pörinä sitä suuremp teho o autoss .	Ne tietää , ett mitä suuremp pörinä sitä suuremp teho o autoss .
east	Täst mesest uupuu pakoputki .	Täst mesest uupuu pakoputki .
east	Pörinä o mahtava .	Pörinä o mahtava .
east	Sie pääset liukkail alta aikayksikö .	Sie pääset liukkail alta aikayksikö .
east	Täll kiesil sie saat kaks asiaa : pimpsaa ja kunno auto .	Täll kiesil sie saat kaks asiaa : pimpsaa ja kunno auto .
north	Soli yksi kevät ko mie laskin 11 vasikkaa merkittynä methään tarhasta .	Soli yksi kevät ko mie laskin 11 vasikkaa merkittynä methään tarhasta .
north	Son semmonen rosvomeininki , niin poronomistajat " lainaavat " ku porottomat hakevat " veroja " .	Son semmonen rosvomeininki , niin poronomistajat " lainaavat " ku porottomat hakevat " veroja " .
north	Virallisesti minulla ei ole enhään yhtään poroa , merkkiki meinaa hävitä .	Virallisesti minulla ei ole enhään yhtään poroa , merkkiki meinaa hävitä .
north	Mutta luonthoon en niitä ennää päästä , ne on kaikelaiset nälkäset niitten kimpussa .	Mutta luonthoon en niitä ennää päästä , ne on kaikelaiset nälkäset niitten kimpussa .
north	Ei met olla köyhijä met emmä tartte maksaa veroja ollenhaan silti met pärjäämä .	Ei met olla köyhijä met emmä tartte maksaa veroja ollenhaan silti met pärjäämä .
north	Mopot elämän merkki ,jos ei yhtään mopua liiku , kylä kuolee , mopomies , tai tyttö voi olla ehtimässä puolisoa , kohta alle kymmen vuojen päästä pikku haapavetinen juosee ikkunaan mopon äänen kuultuaan ja huutaa iti iti 😊😁😁😁😁😁😁	Mopot elämän merkki ,jos ei yhtään mopua liiku , kylä kuolee , mopomies , tai tyttö voi olla ehtimässä puolisoa , kohta alle kymmen vuojen päästä pikku haapavetinen juosee ikkunaan mopon äänen kuultuaan ja huutaa iti iti 😊😁😁😁😁😁😁
west	San se !	San se !
west	Tiäräks ko määki oli nuren melkose rohkee - ei semmottis tilannet ko mää e olisis ollu nokka erel mukan - kaik piti tiätä , koke ja tehr , neeki ko olisis saanu jäär tekemät ...	Tiäräks ko määki oli nuren melkose rohkee - ei semmottis tilannet ko mää e olisis ollu nokka erel mukan - kaik piti tiätä , koke ja tehr , neeki ko olisis saanu jäär tekemät ...
west	tämmöttis jälkikäte katottunas =) Mut emmää karu yhtikäsvert - siint ei o kysymys !	tämmöttis jälkikäte katottunas =) Mut emmää karu yhtikäsvert - siint ei o kysymys !
west	Kai see vaa oli sitä aikaa ja tää tätä - rohkeut o viäläki mut elämäs o oppinu simmosenki ihmeellise viisaure ko et hötkymäl ei tul ko niit yhelaissi tenavii ...	Kai see vaa oli sitä aikaa ja tää tätä - rohkeut o viäläki mut elämäs o oppinu simmosenki ihmeellise viisaure ko et hötkymäl ei tul ko niit yhelaissi tenavii ...
west	=) Mun yks hyvä tuttun sanos ain et ; taivaasee ei hualit ja piru tiätää saavans , täs sit mittä miält o polviniveliäns enempi notkistel - munst see oli laittamattomaste sanottu !	=) Mun yks hyvä tuttun sanos ain et ; taivaasee ei hualit ja piru tiätää saavans , täs sit mittä miält o polviniveliäns enempi notkistel - munst see oli laittamattomaste sanottu !
west	Mää täs omiani jaarittele - ko pitäsis sana taik kaks sanno täst Sun runostas ...	Mää täs omiani jaarittele - ko pitäsis sana taik kaks sanno täst Sun runostas ...
west	Mahottoman kovaste mää tykkää ko kirjotat omal murteel näit juttuja - see antaa niinko kaikupohjan Sun viisauresanoilles ja mukavaste tukee kirjotukse sanomaa !	Mahottoman kovaste mää tykkää ko kirjotat omal murteel näit juttuja - see antaa niinko kaikupohjan Sun viisauresanoilles ja mukavaste tukee kirjotukse sanomaa !
west	Mää toivota Sul mahottoma sukkelaa päivää sin kainuusse - siältä Sää näit jaarituksi laittelet	Mää toivota Sul mahottoma sukkelaa päivää sin kainuusse - siältä Sää näit jaarituksi laittelet
west	Sepanreri kuules , misä sää oikke ny olet ?	Sepanreri kuules , misä sää oikke ny olet ?
west	Mää olen tääl , mut misä sää ?	Mää olen tääl , mut misä sää ?
west	Kauhiast mää ölppä olen juanu .	Kauhiast mää ölppä olen juanu .
west	Muisti prakaa pikkase.Kerros ny .	Muisti prakaa pikkase.Kerros ny .
west	Omituine ihminen en uskal lähestyy kehenkää tyttöö kohtaa oma alotteisesti .	Omituine ihminen en uskal lähestyy kehenkää tyttöö kohtaa oma alotteisesti .
west	sitku oon vaikka meses kirjottelemas nii osaan tosi hyvi jutel jne kaikest hauskast .	sitku oon vaikka meses kirjottelemas nii osaan tosi hyvi jutel jne kaikest hauskast .
west	mut en silloinkaa osaa pyytää ulos niit tai ainak sillee vihjaavasti mut ei ne tunnu oikee tajuuvan tai innostuvan .	mut en silloinkaa osaa pyytää ulos niit tai ainak sillee vihjaavasti mut ei ne tunnu oikee tajuuvan tai innostuvan .
west	oon kuiteki 17v jote alkaa pikkuhiljaa ahdistaa ku ei koskaa saa mihkää rohkeut .	oon kuiteki 17v jote alkaa pikkuhiljaa ahdistaa ku ei koskaa saa mihkää rohkeut .
north	Katsotaan vaan 2 vuoden määräaikasen työsuhteen jäläkeen tämä työ jatkuu saman ihmisen hallusa vaivihkaa ilman uutta hakua kunnes jää eläkkeelle .	Katsotaan vaan 2 vuoden määräaikasen työsuhteen jäläkeen tämä työ jatkuu saman ihmisen hallusa vaivihkaa ilman uutta hakua kunnes jää eläkkeelle .
north	Kaikkihan Oulaisisa tietää että tämä henkilö järkkää kaiken ajan vaan veteraanikonepäiviä eikä mittään muuta .	Kaikkihan Oulaisisa tietää että tämä henkilö järkkää kaiken ajan vaan veteraanikonepäiviä eikä mittään muuta .
north	Eihän ne ees oulaisten kaupungin tapahtumia oo mutta ei sillä oo mittään väliä kun saa harrastaa palkallisena omia harrastuksiaan kuten on tähänki asti teheny .	Eihän ne ees oulaisten kaupungin tapahtumia oo mutta ei sillä oo mittään väliä kun saa harrastaa palkallisena omia harrastuksiaan kuten on tähänki asti teheny .
north	Saa mussiikkiviikot järjestää ihte ihtiään ja kaikki muukin .	Saa mussiikkiviikot järjestää ihte ihtiään ja kaikki muukin .
north	Yllätys on suuri jos saa mittään muuta tehtyä ku konepäiviä .	Yllätys on suuri jos saa mittään muuta tehtyä ku konepäiviä .
north	Sinne pitäs oikiasti kans saaha oikia kulttuurituottaja hoitamaan sitäki tapahtumaa ..	Sinne pitäs oikiasti kans saaha oikia kulttuurituottaja hoitamaan sitäki tapahtumaa ..
west	Eka suudelma oli pimeessä ja kylmässä kellarissa ja kaiken lisäks se suudelma oli viä tosi kostee ...	Eka suudelma oli pimeessä ja kylmässä kellarissa ja kaiken lisäks se suudelma oli viä tosi kostee ...
west	pitäs olla sellaanen joka poraa reikiä	pitäs olla sellaanen joka poraa reikiä
east	Joko hää valehteli tahi sairaakan hankkijoilla on mukana omat taskuvirrat sillä purkin hinta netissä kolome kymppiä .	Joko hää valehteli tahi sairaakan hankkijoilla on mukana omat taskuvirrat sillä purkin hinta netissä kolome kymppiä .
west	Miä Kotkassa syntyneenä ja ikäni tääl asuneena sanon et " miä kävin eilen iskänkaa kaupas " ja et " myä syätii äiskänkaa jätskii " .	Miä Kotkassa syntyneenä ja ikäni tääl asuneena sanon et " miä kävin eilen iskänkaa kaupas " ja et " myä syätii äiskänkaa jätskii " .
west	havainnut kummallista käytöstä pitääskö tuallaasta suvaata ?	havainnut kummallista käytöstä pitääskö tuallaasta suvaata ?
west	Mää olin aikonu juur selittään tota " naira " sanaa , jolla on ainakin kaksi merkitystä .	Mää olin aikonu juur selittään tota " naira " sanaa , jolla on ainakin kaksi merkitystä .
west	On semmonen sosiaalinen , eli avioliittoon meno ja sitten viä sosiaalisempi sellai vyysinen yhteys , mutta en ny viitti tarkemmin selittää , sillä seksistä täällä ei paljon puhuta .	On semmonen sosiaalinen , eli avioliittoon meno ja sitten viä sosiaalisempi sellai vyysinen yhteys , mutta en ny viitti tarkemmin selittää , sillä seksistä täällä ei paljon puhuta .
west	Meirän äite sano aina , että hänet naitiin Ylöjärveltä Tampereelle .	Meirän äite sano aina , että hänet naitiin Ylöjärveltä Tampereelle .
west	Sitten äite sano kerran - montakin kertaa mulle , että sua ei nairakkan kun oot nin hiras .	Sitten äite sano kerran - montakin kertaa mulle , että sua ei nairakkan kun oot nin hiras .
west	Nääs , mää oon ollu piänen ikäni rauhallinen , ennoo turhaan alkanu koohottaan .	Nääs , mää oon ollu piänen ikäni rauhallinen , ennoo turhaan alkanu koohottaan .
west	Silloin mää hymyilin ittekseni ninkun sisään päin kun aattelin sen sanan sitä merkitystä mistä ei parane puhuu täälläkän .	Silloin mää hymyilin ittekseni ninkun sisään päin kun aattelin sen sanan sitä merkitystä mistä ei parane puhuu täälläkän .
west	Ei äitemuorikan tyttärestänsä kaikkea tiänny .	Ei äitemuorikan tyttärestänsä kaikkea tiänny .
east	Eiks hää ol tipattomal koko aja hah ?	Eiks hää ol tipattomal koko aja hah ?
west	Kun ei näin pienes kyläs mis mä asun nii oikke saa kundeja ellei oo blondi , laiha ja isotissinen ( ja mä en oo muut ku isotissinen )	Kun ei näin pienes kyläs mis mä asun nii oikke saa kundeja ellei oo blondi , laiha ja isotissinen ( ja mä en oo muut ku isotissinen )
east	venäläisii muitten lapsii iliman luppoo , omaks parhaakseen tekköö , kehua retostelloo vielä tiällä Hyi	venäläisii muitten lapsii iliman luppoo , omaks parhaakseen tekköö , kehua retostelloo vielä tiällä Hyi
west	Mulla pohojalaasen se jämptiys on sellaasta jotta uskaltaa kattua silimihin vähän erillaastaki ihmistä ja on se sitte homo , lesbo , somali , kerijäläänen tai muute vaa Lapualaaste miälestä erikoone , niin o tosi komiaa huamata notta - herttin tähäre , mehän oomma puuttehellisia , mutta saman arvoosia ihmisiä kumpiki !	Mulla pohojalaasen se jämptiys on sellaasta jotta uskaltaa kattua silimihin vähän erillaastaki ihmistä ja on se sitte homo , lesbo , somali , kerijäläänen tai muute vaa Lapualaaste miälestä erikoone , niin o tosi komiaa huamata notta - herttin tähäre , mehän oomma puuttehellisia , mutta saman arvoosia ihmisiä kumpiki !
west	Kauhava liittyy Seinäjokhen ja sitte Seinäjoki julistautuu ensimmääseksi Seinäjojen autonoomiseksi körttivaltakunnaksi .	Kauhava liittyy Seinäjokhen ja sitte Seinäjoki julistautuu ensimmääseksi Seinäjojen autonoomiseksi körttivaltakunnaksi .
west	Mistäs teille füüreri löyrettääs , sellaanen jokolis aina juavuksis ?	Mistäs teille füüreri löyrettääs , sellaanen jokolis aina juavuksis ?
east	Kyllä siinä pitäes muuntaja tulla matkassa mutta siihen ehvekti laetteen ja kovakaejuttimen välliin pittää piuhat ostoo erikseen .	Kyllä siinä pitäes muuntaja tulla matkassa mutta siihen ehvekti laetteen ja kovakaejuttimen välliin pittää piuhat ostoo erikseen .
east	lehmäisän pymppeli olipa hauska manaus,en ole enne kuullukkaa.pitt ääpä kokkeila eläkeläisten talolla ;)) kyllä sie rape oikeassa olet että ei aina huomioidta yli 50 vuotiasta .	lehmäisän pymppeli olipa hauska manaus,en ole enne kuullukkaa.pitt ääpä kokkeila eläkeläisten talolla ;)) kyllä sie rape oikeassa olet että ei aina huomioidta yli 50 vuotiasta .
east	mutta en mie ihan vihannekses sanos ;)) ) joskus on tult esii kaavakkeessa missä pittää ikä ilmottaa siin on lueteltu ylleensä näin 18-25 , 25-35 , 35-50 vuotiaat ja lopuksi 50- , johon se loppuu .	mutta en mie ihan vihannekses sanos ;)) ) joskus on tult esii kaavakkeessa missä pittää ikä ilmottaa siin on lueteltu ylleensä näin 18-25 , 25-35 , 35-50 vuotiaat ja lopuksi 50- , johon se loppuu .
east	sie kysyt ,mitä se vanhuksen elämä muuntenkaa on .	sie kysyt ,mitä se vanhuksen elämä muuntenkaa on .
east	:) voi ystäväin , sehän vast elämää onkii .	:) voi ystäväin , sehän vast elämää onkii .
east	paljon eletty vuosii , mahottomati muistoja .	paljon eletty vuosii , mahottomati muistoja .
east	tuntuu niin äveriäälle ko on saant nähhä niin monenlaista aikaa .	tuntuu niin äveriäälle ko on saant nähhä niin monenlaista aikaa .
east	nähä mite elämä on muuttunt , hevopelistä autoon , kotinkoneita ei olt,eikä muutakaa tekniikkaa .	nähä mite elämä on muuttunt , hevopelistä autoon , kotinkoneita ei olt,eikä muutakaa tekniikkaa .
east	yhen " tekniikkan ihmeen " muistan vieteri hiiren erään talon pikkutyöllä , ja sitä lapset kovast ihastel .	yhen " tekniikkan ihmeen " muistan vieteri hiiren erään talon pikkutyöllä , ja sitä lapset kovast ihastel .
east	ihmisetkii on muuttunt , 8 vanhat lapset on mielestäin älykkäämpii ko mie sen ikäsenä .	ihmisetkii on muuttunt , 8 vanhat lapset on mielestäin älykkäämpii ko mie sen ikäsenä .
east	ihmisen aivot on vissii kehiintynemmät ko enne,hyo on hyvin tietävii .	ihmisen aivot on vissii kehiintynemmät ko enne,hyo on hyvin tietävii .
east	ulkosestikin ihmiset on muutunt,hyö on nykyää pitempii .	ulkosestikin ihmiset on muutunt,hyö on nykyää pitempii .
east	sen näkkee minun torpassa ko ovenaukot levveitä ja matalii , niis saap moni nykyihminen kyyristyy .	sen näkkee minun torpassa ko ovenaukot levveitä ja matalii , niis saap moni nykyihminen kyyristyy .
east	muotii on olt vaik minkälaista naisilla ja miehilkii .	muotii on olt vaik minkälaista naisilla ja miehilkii .
east	jokasel on nykyää kahvinkeitin , eikä kukkaa pese ennää nyrkkipyykkii .	jokasel on nykyää kahvinkeitin , eikä kukkaa pese ennää nyrkkipyykkii .
east	kyllä mie ussein aattelen ja siunailen ko pesukonneesee pyykkii pistän , että kiitokset ko ei tarvii näin pakkasella männä navettaa pyykille .	kyllä mie ussein aattelen ja siunailen ko pesukonneesee pyykkii pistän , että kiitokset ko ei tarvii näin pakkasella männä navettaa pyykille .
east	vanhuksenkin on kevyttä ellää ja etenkii jos on viel kippee .	vanhuksenkin on kevyttä ellää ja etenkii jos on viel kippee .
east	ja minul ei ole muuta ko hyvvää sanottavvaa tervkeskuksesta ja sairaalasta .	ja minul ei ole muuta ko hyvvää sanottavvaa tervkeskuksesta ja sairaalasta .
east	suomes ihminen saap hoitoo vaik ei ois rahhaakaa .	suomes ihminen saap hoitoo vaik ei ois rahhaakaa .
east	ennen ko täältä meiltäkii lähti kaupunkii yhteytet oli sellaset , että se ol päivän reissu .	ennen ko täältä meiltäkii lähti kaupunkii yhteytet oli sellaset , että se ol päivän reissu .
east	maailman kaikkeutestakin tiietää paljon enenpi ja raamatunkii sais kirjottaa uuvellee .	maailman kaikkeutestakin tiietää paljon enenpi ja raamatunkii sais kirjottaa uuvellee .
east	tiede on tehny semmosii saavutuksii , ettei miun järellä niitä ymmärretä , miun pittää vaa yrittää ellää vaiston ja sillä millä tuntee , intuitiolla .	tiede on tehny semmosii saavutuksii , ettei miun järellä niitä ymmärretä , miun pittää vaa yrittää ellää vaiston ja sillä millä tuntee , intuitiolla .
east	mutta mukava niistä on lukkee täältä netistäkkii .	mutta mukava niistä on lukkee täältä netistäkkii .
east	tämä tietokone on avant miulle ihan uuven maailman , tämän käyttö pitäs jokkaisen opetella , sillä täältä saap tietoo joka asiaan .	tämä tietokone on avant miulle ihan uuven maailman , tämän käyttö pitäs jokkaisen opetella , sillä täältä saap tietoo joka asiaan .
east	yks suurempii muutoksii on ,että ihmiset puhuu ja näyttää enenpi tunteitaa .	yks suurempii muutoksii on ,että ihmiset puhuu ja näyttää enenpi tunteitaa .
east	sitä pitäs meiänkin ikästen oppia ,myö ko on totuttu pitämää kaik sisuksis vaik mite kirvelis .	sitä pitäs meiänkin ikästen oppia ,myö ko on totuttu pitämää kaik sisuksis vaik mite kirvelis .
east	ihmiset rinnalta tietyst saattaa poistuu , niinko minultkii män jalmari .	ihmiset rinnalta tietyst saattaa poistuu , niinko minultkii män jalmari .
east	elämäs on niin paljo mielenkiintosta asiaa mitä vanhuskin voip tehhä .	elämäs on niin paljo mielenkiintosta asiaa mitä vanhuskin voip tehhä .
east	jos pystyy liikkumaa on eläkeläisten seurat on parhaammasta päästä , siel on vertaisiaa , ja ain joku itseää vanhempi et voip tuntee itsensä nuoreks .:) ) meil jalmari ol järjestyksen ihminen ja sellanen jämpttiys seuras minnuu toistakymmentä vuotta .	jos pystyy liikkumaa on eläkeläisten seurat on parhaammasta päästä , siel on vertaisiaa , ja ain joku itseää vanhempi et voip tuntee itsensä nuoreks .:) ) meil jalmari ol järjestyksen ihminen ja sellanen jämpttiys seuras minnuu toistakymmentä vuotta .
east	kirjotin itelle lukujärjestyksiä mitä pittää tehhä viikon aikana , pidin silviisii itselle kuria , muute olisin herent laiskottelemaa .	kirjotin itelle lukujärjestyksiä mitä pittää tehhä viikon aikana , pidin silviisii itselle kuria , muute olisin herent laiskottelemaa .
east	:) ) nyt minnuu jo hymyilyttää .	:) ) nyt minnuu jo hymyilyttää .
east	ei ennää lukujärjestyksii .	ei ennää lukujärjestyksii .
east	vein myös jalmarin muotokuvan toisee huoneesee , siin ko hänel on liian tuima ilme muutoksiin .	vein myös jalmarin muotokuvan toisee huoneesee , siin ko hänel on liian tuima ilme muutoksiin .
east	ja nythä mie elän ko pellossa teen mitä mieli lystää .	ja nythä mie elän ko pellossa teen mitä mieli lystää .
east	sie tuut näkemää ja ihastelemaa asioita jota ei kiireissää ehtint eikä kiinnostannu , kaikkeen on aikaa .	sie tuut näkemää ja ihastelemaa asioita jota ei kiireissää ehtint eikä kiinnostannu , kaikkeen on aikaa .
east	aatteles mite mukavalta tuntuu aamulla ko saat istuu sänkyn laialla ja tuumata , että mitäs mukavaa mie tännää tekisin .	aatteles mite mukavalta tuntuu aamulla ko saat istuu sänkyn laialla ja tuumata , että mitäs mukavaa mie tännää tekisin .
east	loppujen lopus kaik on itestä kiinni , mite sie elämää katsot , teetkö päivästä hyvän tai huonon , ajatuksella sie sen rakennat .	loppujen lopus kaik on itestä kiinni , mite sie elämää katsot , teetkö päivästä hyvän tai huonon , ajatuksella sie sen rakennat .
north	täällä useamman talon pihalla jalostetaan pieniä poikia isoäänisillä rossipyörillä tietää kyllä mitä ne muutaman vuojen päästä tiellä tekkee .	täällä useamman talon pihalla jalostetaan pieniä poikia isoäänisillä rossipyörillä tietää kyllä mitä ne muutaman vuojen päästä tiellä tekkee .
west	Toi saattaa katella mun akkaa tai äijää , tai sitten tolla ei ole yhtä hyvää autoa kun mulla , joten se ei kyllä tu mun puheille , luusis varmaan naapurit , että me tunnetaan toisemme ja ollaa hyviäkin ystäviä .	Toi saattaa katella mun akkaa tai äijää , tai sitten tolla ei ole yhtä hyvää autoa kun mulla , joten se ei kyllä tu mun puheille , luusis varmaan naapurit , että me tunnetaan toisemme ja ollaa hyviäkin ystäviä .
west	" teilän märät pailat mälättää meilän uulen ailan "	" teilän märät pailat mälättää meilän uulen ailan "
west	Ookko todella sellaanen nössö , notta sun täytyy kattua kuvia naisista , jokka käyttää korkkareita .	Ookko todella sellaanen nössö , notta sun täytyy kattua kuvia naisista , jokka käyttää korkkareita .
west	kerran kuuraures , ja ne menevät aina makuuhuonekäyttöön ...	kerran kuuraures , ja ne menevät aina makuuhuonekäyttöön ...
west	Viimeisin ostokseni oli 12 m metalli korot , ja me molemmat tykkäsimmä niistä , ja vauhti oli kovaa ..	Viimeisin ostokseni oli 12 m metalli korot , ja me molemmat tykkäsimmä niistä , ja vauhti oli kovaa ..
west	Täälä paskahousut uhoaa netissä , tehän tierättä mihnä Jutila asuu , ei muuta kun sinne vaan .	Täälä paskahousut uhoaa netissä , tehän tierättä mihnä Jutila asuu , ei muuta kun sinne vaan .
east	Siulla taitaa olla joku kevyemmän puoleinen pöönautti tai suuremman luokan ressi .	Siulla taitaa olla joku kevyemmän puoleinen pöönautti tai suuremman luokan ressi .
east	Sitä se liiallinen kaiskikossa suhinointi ylleesä tiettää .	Sitä se liiallinen kaiskikossa suhinointi ylleesä tiettää .
east	Sie nyt näjet ja kuulet ihan mittee sattuu .	Sie nyt näjet ja kuulet ihan mittee sattuu .
east	Myöhän siellä jellonan kanssa naatiskelimme kot'kaljaa ja sekkii vähänen lantrattiin jäillä , ee ollunna käkiä maella halameilla .	Myöhän siellä jellonan kanssa naatiskelimme kot'kaljaa ja sekkii vähänen lantrattiin jäillä , ee ollunna käkiä maella halameilla .
east	Kuten jellona tuumi , mittää pahhoo ei oo tehtynä , mutta kottiinpalluu-kinkerit myö meinattaan vietään ja taijetaan kuhtua se äijäkkään kauniinpi puolisko meijä mukkaa .	Kuten jellona tuumi , mittää pahhoo ei oo tehtynä , mutta kottiinpalluu-kinkerit myö meinattaan vietään ja taijetaan kuhtua se äijäkkään kauniinpi puolisko meijä mukkaa .
east	On se äijäkäs niin lupsakka mies että täytyy roovankii olla .	On se äijäkäs niin lupsakka mies että täytyy roovankii olla .
west	On aikaansaapa , onkahan saanu telinehet jo pureettua taloon ympäriltä vai orottaako jotta Kaisa purkaa.Laittaas ennemmin lehtehen jotta " en vieläkää tierä kuka tekis hommat loppuhun ,tai eres puolivälihin " .	On aikaansaapa , onkahan saanu telinehet jo pureettua taloon ympäriltä vai orottaako jotta Kaisa purkaa.Laittaas ennemmin lehtehen jotta " en vieläkää tierä kuka tekis hommat loppuhun ,tai eres puolivälihin " .
west	Sen vaan näköö markista ( koto ja työmaa ) onko esim. järjestelmällisyyttä , huolellisuutta , tehdäänkö työt loppuun , vai luetaanko vaan ÄmÄssää kehtolavittas ja kirjoitellaan yleisönosastoolle .	Sen vaan näköö markista ( koto ja työmaa ) onko esim. järjestelmällisyyttä , huolellisuutta , tehdäänkö työt loppuun , vai luetaanko vaan ÄmÄssää kehtolavittas ja kirjoitellaan yleisönosastoolle .
east	Eikös hää ole kirstun vartija ?	Eikös hää ole kirstun vartija ?
east	Ja luulisin , vaik en olekaan keskustal , viisaampi , ku " paikallis -liitikot .	Ja luulisin , vaik en olekaan keskustal , viisaampi , ku " paikallis -liitikot .
west	kyl maar määki korpui tehra tykkään .	kyl maar määki korpui tehra tykkään .
west	Mä viipaloitte pulla tai vaalialeip siivuiksi , ja mää laitta uuniin 150 raatii ja 20 min .	Mä viipaloitte pulla tai vaalialeip siivuiksi , ja mää laitta uuniin 150 raatii ja 20 min .
west	sit vaan sokerii ja runsaasti kaneli pääl.Kyl maar tule parhait korpui mitä mää tierä .Ja aika pali mää tieränki .	sit vaan sokerii ja runsaasti kaneli pääl.Kyl maar tule parhait korpui mitä mää tierä .Ja aika pali mää tieränki .
west	Gui sää sillai sää lit ?	Gui sää sillai sää lit ?
west	Ek sää tierä , ny on ab rilli paha päivä .	Ek sää tierä , ny on ab rilli paha päivä .
north	` ja tuo kuva mistä sää päättelet kaiken on : huono valastus , paska kamera , ja vaikia yrittää " flexata " samalla ku koittaa kuvaa ottaa ja kattua ettei naama oo kuvasa .	` ja tuo kuva mistä sää päättelet kaiken on : huono valastus , paska kamera , ja vaikia yrittää " flexata " samalla ku koittaa kuvaa ottaa ja kattua ettei naama oo kuvasa .
west	Totta kai sopii ja on paree vaihtoehto ku konjakki pullo .	Totta kai sopii ja on paree vaihtoehto ku konjakki pullo .
west	Kyllähä sitä täs aika kuluus mutta ku pitää ennättää tuonne pajahan ja työnlaitahan .	Kyllähä sitä täs aika kuluus mutta ku pitää ennättää tuonne pajahan ja työnlaitahan .
west	Aamu puolikuurelta jo siellä oliin ja ilta kuutehen asti .	Aamu puolikuurelta jo siellä oliin ja ilta kuutehen asti .
west	Sitte ku pesulla käy ja jotaan syö niin kello onki jo sitte likillä iltakahareksaa .	Sitte ku pesulla käy ja jotaan syö niin kello onki jo sitte likillä iltakahareksaa .
west	Ei täs enää taharo " runoratsu " lähtiä millään oikeen laukkaamahan , sen verran väsyttää päivän ahkeroonti .	Ei täs enää taharo " runoratsu " lähtiä millään oikeen laukkaamahan , sen verran väsyttää päivän ahkeroonti .
west	Vaikka kaikki te ootta kyllä kivoja ja mukaavaa oliis toimitella .	Vaikka kaikki te ootta kyllä kivoja ja mukaavaa oliis toimitella .
west	Mikä se sellaanen on ?	Mikä se sellaanen on ?
west	Ethän vaa Jarmo Rinta-Jouppia tarkoota ?	Ethän vaa Jarmo Rinta-Jouppia tarkoota ?
east	mut mikä on siut noin katkeraks heittänä ?	mut mikä on siut noin katkeraks heittänä ?
east	alat sie ettiin syyllisii bisnesvainusi herpaantumisesta iha muita , juoksupoika ?	alat sie ettiin syyllisii bisnesvainusi herpaantumisesta iha muita , juoksupoika ?
east	Semmonen iteolokia on ollunna , mutta pakko tunnusttoo , joskus on kyllä epäonnistuttu ja joku suattanna vettee hernnee nennäännii .	Semmonen iteolokia on ollunna , mutta pakko tunnusttoo , joskus on kyllä epäonnistuttu ja joku suattanna vettee hernnee nennäännii .
east	Ei siit loukkoomisesta ole hyöttyy ylleesä .	Ei siit loukkoomisesta ole hyöttyy ylleesä .
east	Pilikkeelsilimäkulumas selevittään niist asioist helepommin : ) .	Pilikkeelsilimäkulumas selevittään niist asioist helepommin : ) .
west	kyä sää ot ny vääräsä paikasa	kyä sää ot ny vääräsä paikasa
east	en o mikkää filatelisti , nii voisikkos Sie sannoo jot mistä noit merkkilöi saap !	en o mikkää filatelisti , nii voisikkos Sie sannoo jot mistä noit merkkilöi saap !
west	vaikka olin mentävä maate että olis aamulla virkee .	vaikka olin mentävä maate että olis aamulla virkee .
west	Mää oon ollu hämeessä isomman ajan elämästäni Jos en 100 vuatiaaks elä .	Mää oon ollu hämeessä isomman ajan elämästäni Jos en 100 vuatiaaks elä .
west	Niin täälä kumme ollaan eläkeläisissä , ja siä on semmosia jokka on tullu tänne ruattiin jo nuarena ,niin kyllä niittenki puheesta helposti kuulee mistä päin suamee he ovat lähteny .	Niin täälä kumme ollaan eläkeläisissä , ja siä on semmosia jokka on tullu tänne ruattiin jo nuarena ,niin kyllä niittenki puheesta helposti kuulee mistä päin suamee he ovat lähteny .
west	Joku tykkää että murre olis karsittava pois ,mää en kyllä tiä kuinka teennäine mää olisin jos koittasin puhua oikee " sivistyneesti " kirjakiältä .	Joku tykkää että murre olis karsittava pois ,mää en kyllä tiä kuinka teennäine mää olisin jos koittasin puhua oikee " sivistyneesti " kirjakiältä .
west	Kumma kyllä mulla oli hyvä numero Äirinkiälessä koulussa ja eikä toi ruattikaan ollu mitää vaikeeta oppia .	Kumma kyllä mulla oli hyvä numero Äirinkiälessä koulussa ja eikä toi ruattikaan ollu mitää vaikeeta oppia .
west	Hyvää yätä , ja mukavaa huamista .	Hyvää yätä , ja mukavaa huamista .
east	Eihän nuo ou ies näytellynnä nuit heilutteluja , kiäntänneet kamerat pois ?	Eihän nuo ou ies näytellynnä nuit heilutteluja , kiäntänneet kamerat pois ?
east	Empä osallistus , en ies muajussiin : D) ) .	Empä osallistus , en ies muajussiin : D) ) .
west	Lapua on yrittäjävastaane paikka , johna kitajaa pää-asiast vanhat mummot jokka on saanu viimeeksi vuonna kilpi ja kypärä :D	Lapua on yrittäjävastaane paikka , johna kitajaa pää-asiast vanhat mummot jokka on saanu viimeeksi vuonna kilpi ja kypärä :D
north	Kyllä tosihhan joillaki tahoilla puuhathan näitten Tunturi-Lapin kuntien yhistämistä ja hullahan se on , ainaki Kittilän kannalta .	Kyllä tosihhan joillaki tahoilla puuhathan näitten Tunturi-Lapin kuntien yhistämistä ja hullahan se on , ainaki Kittilän kannalta .
north	Mitä met siinä olisimma muuta ku näitten konkurssikuntien maksumiehiä !	Mitä met siinä olisimma muuta ku näitten konkurssikuntien maksumiehiä !
north	Kolarin mie vielä huonosti hyväksyn , mutta parempi pittää seki erilhän .	Kolarin mie vielä huonosti hyväksyn , mutta parempi pittää seki erilhän .
north	Ei kyllä met piämmä Kittilän ittenäisenä ja sillä selvä .	Ei kyllä met piämmä Kittilän ittenäisenä ja sillä selvä .
west	No emmä tierä kaveri ollu tuala töis niin sanoo notta ihime touhua .	No emmä tierä kaveri ollu tuala töis niin sanoo notta ihime touhua .
west	Välillä kauhia kiirus ja välillä ei oo mistä teherä .	Välillä kauhia kiirus ja välillä ei oo mistä teherä .
west	No vuakrafirmat ny maksaa mitä maksaa jos oot kova neuvottelia niin kymppi tunnis jää haaveheksi .	No vuakrafirmat ny maksaa mitä maksaa jos oot kova neuvottelia niin kymppi tunnis jää haaveheksi .
east	Ai oliko Halonen kepun ihmisiä , mie kun olen luullut että hää olis olt demaripuolueessa ...	Ai oliko Halonen kepun ihmisiä , mie kun olen luullut että hää olis olt demaripuolueessa ...
west	Soot vähän huano härnäämähän , kun et sitten otakaan haastetta vastahan .	Soot vähän huano härnäämähän , kun et sitten otakaan haastetta vastahan .
west	No , emmä sitä susta oikein uskonukkaan , kun soot yleensäkin sellaanen tyhyjänpuhuja .	No , emmä sitä susta oikein uskonukkaan , kun soot yleensäkin sellaanen tyhyjänpuhuja .
west	Mä en ole muuten sitten koskaan uhkaallu ketään , mutta soot kyllä tuas ylempänä selevän uhkauksen kirijoottanut .	Mä en ole muuten sitten koskaan uhkaallu ketään , mutta soot kyllä tuas ylempänä selevän uhkauksen kirijoottanut .
west	Kannattaa jatkos aina laskia kymmenehen ennen kirijoottamista , nottet jouru niiten viirenkymmenen uuren poliisin huamion kohteheksi .	Kannattaa jatkos aina laskia kymmenehen ennen kirijoottamista , nottet jouru niiten viirenkymmenen uuren poliisin huamion kohteheksi .
north	Kävin tuosa puolukasa , makkeita ovat ja palijo on tullu .	Kävin tuosa puolukasa , makkeita ovat ja palijo on tullu .
north	Mistähän sen teijän pubin vois löytää , onko sielä tanssiakin , ku tuota tanssijalakaa joskus pakottaa vanahallaki .	Mistähän sen teijän pubin vois löytää , onko sielä tanssiakin , ku tuota tanssijalakaa joskus pakottaa vanahallaki .
north	Tanssittajiakin tarttis , ku ei oo sitä omasta takkaa ennää .	Tanssittajiakin tarttis , ku ei oo sitä omasta takkaa ennää .
west	miks viä pitäs antaa turhasta rahaa ` ?	miks viä pitäs antaa turhasta rahaa ` ?
west	annoksekki oli niin piäniä pitää mennä rillin kautta kotia ...	annoksekki oli niin piäniä pitää mennä rillin kautta kotia ...
north	Näkkyy sulla kuitenkin siinä koneessa olevan se h-kirjain , joten rohkeasti vaan painelemaan hoota , sitähän met emmä säästele muutenkhaan , älä siekhään .	Näkkyy sulla kuitenkin siinä koneessa olevan se h-kirjain , joten rohkeasti vaan painelemaan hoota , sitähän met emmä säästele muutenkhaan , älä siekhään .
north	Jos olet niin varma , että eivät naura , niin voinhan mie lähteä sulle patruunoita kantamhaan , tarvit niitä varhmaan paljon , että saat tavin hengiltä .	Jos olet niin varma , että eivät naura , niin voinhan mie lähteä sulle patruunoita kantamhaan , tarvit niitä varhmaan paljon , että saat tavin hengiltä .
north	Oikeat pyyntimiehet kuleksivat omia polkujaan , en net poka porukala rapapalloja ammuskele .	Oikeat pyyntimiehet kuleksivat omia polkujaan , en net poka porukala rapapalloja ammuskele .
north	Hieno harrastus tietenki , kyllä käyp katteeks , yhtään en piruile , kaje son mulla päällänsä .	Hieno harrastus tietenki , kyllä käyp katteeks , yhtään en piruile , kaje son mulla päällänsä .
north	Mie mietin että alan haukkumhan Isomettää Mutta emmie taiakkaa -kö sehän on ainua Suomalainen hihtelijä joka on tienannu totistetusti milijoonan hihtelyllä .	Mie mietin että alan haukkumhan Isomettää Mutta emmie taiakkaa -kö sehän on ainua Suomalainen hihtelijä joka on tienannu totistetusti milijoonan hihtelyllä .
north	Että tuli vain miehleen että kyllä sitä urheilemalaki pärijää .	Että tuli vain miehleen että kyllä sitä urheilemalaki pärijää .
north	Ei met omia vierasteta.Tuleppa kotikonnuille lommailemmaan .	Ei met omia vierasteta.Tuleppa kotikonnuille lommailemmaan .
north	Varmaan onkin vaikia löytää realistisia arvioita .	Varmaan onkin vaikia löytää realistisia arvioita .
north	Non kuiten ylheensä jokhaisen omia näkemyksiä ja joskus saattaapii kaikki mennä pielheen misä hyvhään .	Non kuiten ylheensä jokhaisen omia näkemyksiä ja joskus saattaapii kaikki mennä pielheen misä hyvhään .
north	Mietiä mistä solet arviointeja lukenu mutta auttaskhaan tämä yhthään : http://www.tripadvis/REDACTED/-Hotels.html Siinon kuiten jo senverran mielipitheitä että ehkä keskiarvoista voipii päätellä jotaki .	Mietiä mistä solet arviointeja lukenu mutta auttaskhaan tämä yhthään : http://www.tripadvis/REDACTED/-Hotels.html Siinon kuiten jo senverran mielipitheitä että ehkä keskiarvoista voipii päätellä jotaki .
north	Mie en oo SGsä maijjaillu mutta sijainnista vois antaa semmosta plussaa että son keskustasa ja lähelä monorailia muttei kuiten Bintangila .	Mie en oo SGsä maijjaillu mutta sijainnista vois antaa semmosta plussaa että son keskustasa ja lähelä monorailia muttei kuiten Bintangila .
north	Siinon se etu että siihen pääsee ehkä hopusti vaikka autola .	Siinon se etu että siihen pääsee ehkä hopusti vaikka autola .
north	Bintang nimittäin on melekeen aina niin ruuhkanen että sen kävelee palijon hopummin , vaikka kävis välilä syömäsä , ku aijjaa autola .	Bintang nimittäin on melekeen aina niin ruuhkanen että sen kävelee palijon hopummin , vaikka kävis välilä syömäsä , ku aijjaa autola .
north	Nii ja jos sattuu se minibaari olheen tyhyjä nii siinon kioski melekeen vastapäätä .	Nii ja jos sattuu se minibaari olheen tyhyjä nii siinon kioski melekeen vastapäätä .
north	Siittä saapii ostaa soppaa enshäthään .	Siittä saapii ostaa soppaa enshäthään .
east	Hyvvee päivvee kaikille !	Hyvvee päivvee kaikille !
east	Uus kokonainen viikko eissä tuas !	Uus kokonainen viikko eissä tuas !
east	Elisama ja Ira ¤ mäni liäkärriin-hyö varmmaan kerttoo kuulumiset vielä tännään ( toivottaan hyvvii uutissii ) , mitä muille kuulluu ?	Elisama ja Ira ¤ mäni liäkärriin-hyö varmmaan kerttoo kuulumiset vielä tännään ( toivottaan hyvvii uutissii ) , mitä muille kuulluu ?
west	Gaattorivarmilla mää otin yhlen semmosen syliinkin .	Gaattorivarmilla mää otin yhlen semmosen syliinkin .
east	Siskonsa kylläkin sellaista , että hyöko männiit ja hyöko tulliit , taikka että tyttölöi .	Siskonsa kylläkin sellaista , että hyöko männiit ja hyöko tulliit , taikka että tyttölöi .
north	Voi hyä isä tokkiisa sinun juttujas !	Voi hyä isä tokkiisa sinun juttujas !
north	Yritä sie täällä lässyttää sinun lissujas ja lassujas , kun et sie kuitenkhan mithän voi sille , että Keminmaasa on vasemmistoliiton kannattajia ja nuoriaki ihimisiä ja lissää tullee , kun näkevät ettei keputtiraukoista ole pitähmän ees omihan koosa ja vielä sie puhut täälä yhtenäisemmästä ja lujemmasta keputtiporukasta .	Yritä sie täällä lässyttää sinun lissujas ja lassujas , kun et sie kuitenkhan mithän voi sille , että Keminmaasa on vasemmistoliiton kannattajia ja nuoriaki ihimisiä ja lissää tullee , kun näkevät ettei keputtiraukoista ole pitähmän ees omihan koosa ja vielä sie puhut täälä yhtenäisemmästä ja lujemmasta keputtiporukasta .
north	Salli minun nauraa sinun utopioilesti.Ja mitä Suvi-Annhen tullee , niin jouti mennäkki , kun ei tienny , eikä nähny muuta kuin sen mihin ite oli pyrkimässä ja kun ei saanut tahtuuhaan läpi katto viishaimmaksi lähtiä , mikä oli tosi hyä ratkasu puoluuhemme kannalta .	Salli minun nauraa sinun utopioilesti.Ja mitä Suvi-Annhen tullee , niin jouti mennäkki , kun ei tienny , eikä nähny muuta kuin sen mihin ite oli pyrkimässä ja kun ei saanut tahtuuhaan läpi katto viishaimmaksi lähtiä , mikä oli tosi hyä ratkasu puoluuhemme kannalta .
north	Turhaa kai sitä pittää semmosia matkasa , jokka ei tykkää ittestään aatteesta , vaan kosiskellee koko porukkaa demahrein ja sama virsi son Viialaiselaki ollu jo pitemmän aikaa.Mie olen kuule oikhen tyytyväinen ko lähit molemmat .	Turhaa kai sitä pittää semmosia matkasa , jokka ei tykkää ittestään aatteesta , vaan kosiskellee koko porukkaa demahrein ja sama virsi son Viialaiselaki ollu jo pitemmän aikaa.Mie olen kuule oikhen tyytyväinen ko lähit molemmat .
north	Se kuule aina selekiyttää toimintoja , ko tuomoset tuuliviirit lähtevät , vaikka niitä karvastelleeki niin mahottomasti se oma reaktionsa , ko ei kato niitten perhän kukhan ruvennukhan itkemhän , ( Son vähän niikö meän terveyskeskuksesa ) vaikka se Suvi-Anneki varmasti sitä ootti ja vielä raukka aivan turhan päiten .	Se kuule aina selekiyttää toimintoja , ko tuomoset tuuliviirit lähtevät , vaikka niitä karvastelleeki niin mahottomasti se oma reaktionsa , ko ei kato niitten perhän kukhan ruvennukhan itkemhän , ( Son vähän niikö meän terveyskeskuksesa ) vaikka se Suvi-Anneki varmasti sitä ootti ja vielä raukka aivan turhan päiten .
north	Ei sunkhan silläkhän ollu muusta kiini , ko olis pitäny mennä demareitten pillin mukhan , että se olis päässy hallitukshen , ko se kerkes maisthan sitäki kunniaa ja sittenkö kävi niin ko kävi , niin tavallisen rivikansanedustajan vakanssi ei ennää tuntunukhan niin makialta , vaikka säilyhän se silti siinä television itsevaltiihaisa , elikkä jäihän sille se tv-tähteys .	Ei sunkhan silläkhän ollu muusta kiini , ko olis pitäny mennä demareitten pillin mukhan , että se olis päässy hallitukshen , ko se kerkes maisthan sitäki kunniaa ja sittenkö kävi niin ko kävi , niin tavallisen rivikansanedustajan vakanssi ei ennää tuntunukhan niin makialta , vaikka säilyhän se silti siinä television itsevaltiihaisa , elikkä jäihän sille se tv-tähteys .
north	Ja siitähän sen kannattaa pittääki kiini , niin muistavat senki politiikan ajan,ko muutenhan se katuais sinne lääkefirhman .	Ja siitähän sen kannattaa pittääki kiini , niin muistavat senki politiikan ajan,ko muutenhan se katuais sinne lääkefirhman .
north	On se muuten kuule katkeraa , ko pittää mustamallata kaikki vielä , vaikka itte on teheny omat ratkasunsa , mutta kaikestahan sen näkkee , että sitä on suohran sannoen ottnu kuule kupohlin ja raskhaamman mukhan .	On se muuten kuule katkeraa , ko pittää mustamallata kaikki vielä , vaikka itte on teheny omat ratkasunsa , mutta kaikestahan sen näkkee , että sitä on suohran sannoen ottnu kuule kupohlin ja raskhaamman mukhan .
west	Ainoo murhe on kun ei muista kelle kaikille kavereille on luvannu soittaa , nytkin olen varma vaan yhrestä kaverista joku siivekäs se oli .	Ainoo murhe on kun ei muista kelle kaikille kavereille on luvannu soittaa , nytkin olen varma vaan yhrestä kaverista joku siivekäs se oli .
west	:- D Toivottavasti vaikka Kouvola tai Pattijoki voittaas tänä vuonna .	:- D Toivottavasti vaikka Kouvola tai Pattijoki voittaas tänä vuonna .
west	Paitsi vielä paree olis jos Kossu yllättääs ja voittaas !	Paitsi vielä paree olis jos Kossu yllättääs ja voittaas !
east	Mie aatteli et periks en anna vaik järk menis , miu on vaikee selittää tää juttu näin ulukopuolise immeisen kannalt mutta mie yritän , ku se tuuli puhalteloo nii lämpösest tuos torpan nurkalla , ehä mie sille mittää maha et haikeus saa minus niin mahottoman vallan , satteen äänethä ne minnuu kutsuup ei mie vielä mene , sie äet ku minnuu pyyvät niin sitte mie tulen siun mukkaan , mie tiijän jot se tapahtunee pian ,	Mie aatteli et periks en anna vaik järk menis , miu on vaikee selittää tää juttu näin ulukopuolise immeisen kannalt mutta mie yritän , ku se tuuli puhalteloo nii lämpösest tuos torpan nurkalla , ehä mie sille mittää maha et haikeus saa minus niin mahottoman vallan , satteen äänethä ne minnuu kutsuup ei mie vielä mene , sie äet ku minnuu pyyvät niin sitte mie tulen siun mukkaan , mie tiijän jot se tapahtunee pian ,
north	Mulle ei tuu paikkakunnan lehteä joten jäi torttukahvit huomaamata .	Mulle ei tuu paikkakunnan lehteä joten jäi torttukahvit huomaamata .
north	Miten seleviän tästä takaiskusta ?	Miten seleviän tästä takaiskusta ?
north	Mullon ollu tapana käyä joka putiikin juhulissa jos vaan mittään ilimatteeks saa , yks kampaajaki kun juhli 10-vuotista yrittäjätaivalta niin olin aamulla ensmäisenä ovenrivasa kiinni ettei vaan pääse munkit loppuun ennenku omani saan .	Mullon ollu tapana käyä joka putiikin juhulissa jos vaan mittään ilimatteeks saa , yks kampaajaki kun juhli 10-vuotista yrittäjätaivalta niin olin aamulla ensmäisenä ovenrivasa kiinni ettei vaan pääse munkit loppuun ennenku omani saan .
north	Kylymää oli kahavi siltiki , en ikkään enää siinä liikkeesä käy .	Kylymää oli kahavi siltiki , en ikkään enää siinä liikkeesä käy .
east	on kyllä niin söötti , että minä aenahhii suattasin laettoo sen tyhjään alkopulloon ( näen merinaesena ) ja ihhaelisin sitä lasikuapin hyllyllä ja heittäsin sen perrään lentomuiskuja ku lähtisin hytistän ulos , mmmmm :D Alpertilta kyselin vähä missä heijän juomavarastosa on , niin se sano että " vanahalla puolella " .	on kyllä niin söötti , että minä aenahhii suattasin laettoo sen tyhjään alkopulloon ( näen merinaesena ) ja ihhaelisin sitä lasikuapin hyllyllä ja heittäsin sen perrään lentomuiskuja ku lähtisin hytistän ulos , mmmmm :D Alpertilta kyselin vähä missä heijän juomavarastosa on , niin se sano että " vanahalla puolella " .
east	Sitä linnoo ku on jatkettu uuvella rakennuksella .	Sitä linnoo ku on jatkettu uuvella rakennuksella .
east	Minä ovelasti sanon , että minä ja minun miehistö tykkee niin kaaheesti semmosesta vanahasta pittoreskista ( paetsi ee kovin vanahoesta ja pittoreskeista ukoesta :D ) että suahaanko myö asustella siellä vanahalla puolella .	Minä ovelasti sanon , että minä ja minun miehistö tykkee niin kaaheesti semmosesta vanahasta pittoreskista ( paetsi ee kovin vanahoesta ja pittoreskeista ukoesta :D ) että suahaanko myö asustella siellä vanahalla puolella .
east	Vastaas olj hyvin myönteenen .	Vastaas olj hyvin myönteenen .
east	Myö suahaan asuva viinikellarissa , jos halutaan oekeen pittoreskissa miljöössä asuva !	Myö suahaan asuva viinikellarissa , jos halutaan oekeen pittoreskissa miljöössä asuva !
east	Alpertti kuiskas mulle , että hänellä on 2-vuotias poeka yhen lentoemännän kansa , mutta isäpappa ee antanna männä naemisiin .	Alpertti kuiskas mulle , että hänellä on 2-vuotias poeka yhen lentoemännän kansa , mutta isäpappa ee antanna männä naemisiin .
east	Minä sanon että nyt ku isäs on kuollu niin suat tehä mitä haluvat , meijän Kluara olis ku valettu siihen ruhtinattaren ossaan .	Minä sanon että nyt ku isäs on kuollu niin suat tehä mitä haluvat , meijän Kluara olis ku valettu siihen ruhtinattaren ossaan .
east	Että mittees siitä sanot , Alpertti ?	Että mittees siitä sanot , Alpertti ?
east	Alpertti aeko miettijä asijoo .	Alpertti aeko miettijä asijoo .
east	Sillä aekoo myö tutkitaan viinikellarin hyllyjä ja toevottavasti Alpertti miettii kauvan :D	Sillä aekoo myö tutkitaan viinikellarin hyllyjä ja toevottavasti Alpertti miettii kauvan :D
east	Tuommooset onniin niitä peräkammarin äijiä jotka suap ehken kerran elämässään ja silloinniin se on naisen oma hölömmöys ja antanna varmaan siälistä .	Tuommooset onniin niitä peräkammarin äijiä jotka suap ehken kerran elämässään ja silloinniin se on naisen oma hölömmöys ja antanna varmaan siälistä .
north	yli viiskymppinen , oothan sie vielä plikka .	yli viiskymppinen , oothan sie vielä plikka .
east	nyt , lootahan se tiälläpäen on !	nyt , lootahan se tiälläpäen on !
east	Ja oonpa joskus kuullunna sanottavan että ' lootikko ' .	Ja oonpa joskus kuullunna sanottavan että ' lootikko ' .
east	Mutta lienöö tuo jo sittä jonnii immeesen iha ommoo murretta .	Mutta lienöö tuo jo sittä jonnii immeesen iha ommoo murretta .
east	Sitä kun joskus kuuloo toellaan ootoja sanoja , joeta ee ies tämmönen umpisavolaenenkaan älyvä , vaekka savolaesen suusta ne nekkii tulloo nuo oovot sanat .	Sitä kun joskus kuuloo toellaan ootoja sanoja , joeta ee ies tämmönen umpisavolaenenkaan älyvä , vaekka savolaesen suusta ne nekkii tulloo nuo oovot sanat .
east	Suattaa ne nuo immeeset keksiä ihan piästään nuita sanojakkii !	Suattaa ne nuo immeeset keksiä ihan piästään nuita sanojakkii !
east	Tiijättäkös mikä tae mittee on ' rupa ' ?	Tiijättäkös mikä tae mittee on ' rupa ' ?
east	semmonen sana oelj esmerkiks meejän perheessä käätössä .	semmonen sana oelj esmerkiks meejän perheessä käätössä .
east	on herännä m/s Salmonellalla ja alakanna valamistella illan ohjelman tekkoo varten .	on herännä m/s Salmonellalla ja alakanna valamistella illan ohjelman tekkoo varten .
east	Koskapa ee olla ihan vielä päeväntassoojalla , mutta oes mielenkiintosta antoo poekaen vilmata se kölin alta veto , tervoominen ja höyhenissä pyörittäminen niin minnoon antanna luvan , että se ohjelmanumero suoritettaan jo nyt .	Koskapa ee olla ihan vielä päeväntassoojalla , mutta oes mielenkiintosta antoo poekaen vilmata se kölin alta veto , tervoominen ja höyhenissä pyörittäminen niin minnoon antanna luvan , että se ohjelmanumero suoritettaan jo nyt .
east	Pietään sitä erräänlaesena kenraaliharjotuksena ja uusittaan ku piästään päeväntassoojalle .	Pietään sitä erräänlaesena kenraaliharjotuksena ja uusittaan ku piästään päeväntassoojalle .
east	Poejat virittellöö myrskylyhtyjä mastoon ja kahtoovat kuvvauskulumia .	Poejat virittellöö myrskylyhtyjä mastoon ja kahtoovat kuvvauskulumia .
east	Ovat erikoesen kiinnostunneita ruumaelämästä , missä sianporsaat , nuo pikkuveitikat , on käyneet tonkimassa hiilikasassa ja ovat suaneet " hipiääsä " tumman sävyn .	Ovat erikoesen kiinnostunneita ruumaelämästä , missä sianporsaat , nuo pikkuveitikat , on käyneet tonkimassa hiilikasassa ja ovat suaneet " hipiääsä " tumman sävyn .
east	Kanattii siellä ruopii niin että hiilet lentelöö .	Kanattii siellä ruopii niin että hiilet lentelöö .
east	Hymhym makkoo kaeken keskellä kauheessa kankkusessa .	Hymhym makkoo kaeken keskellä kauheessa kankkusessa .
east	Siitä on jo otettu lähikuvia ja lissee otetaan kuhan piästään iltaan .	Siitä on jo otettu lähikuvia ja lissee otetaan kuhan piästään iltaan .
east	Kaekesta piätellen on harjotukset käännissä .	Kaekesta piätellen on harjotukset käännissä .
east	Välillä kuuluu savikukon puhallusta ja pimpparauvan pimputusta .	Välillä kuuluu savikukon puhallusta ja pimpparauvan pimputusta .
east	Titanium-man tekköö entrecóteen :) Haetarin luritustahhii kuuluu ja topakkata töminätä ku Ruislintu ja ellimari jympsäyttelöövät kanteen että aesakellot helekkää ja kulukuset kilisöö .	Titanium-man tekköö entrecóteen :) Haetarin luritustahhii kuuluu ja topakkata töminätä ku Ruislintu ja ellimari jympsäyttelöövät kanteen että aesakellot helekkää ja kulukuset kilisöö .
east	Laetettasko myö koko väelle puhvetti , semmonen seisoskeleva pöötä ?	Laetettasko myö koko väelle puhvetti , semmonen seisoskeleva pöötä ?
east	Miettikeepä , niin minä mänen kahtommaan mittee myö siihen pöötään voetas tuuva tarjolle .	Miettikeepä , niin minä mänen kahtommaan mittee myö siihen pöötään voetas tuuva tarjolle .
west	No anteeksny oontaas eri miältä ko muut .	No anteeksny oontaas eri miältä ko muut .
west	Aika harva nuari varmaa kirjottaa kaikkie sääntöje mukasest .	Aika harva nuari varmaa kirjottaa kaikkie sääntöje mukasest .
west	Mut niitäki o jokka käyttää kirjakiält ja e oikeestaa ees nä sii kauheet eroo .	Mut niitäki o jokka käyttää kirjakiält ja e oikeestaa ees nä sii kauheet eroo .
west	Suamee se kai kummiski o .	Suamee se kai kummiski o .
west	Se et ite kirjotan tällai tosi vajaast , o vaa just tämmöst wannabe-ernuilua mut tää o mul nopee ja helppo tapa ko ajatukset kulkee täl murteel ja sitärataa .	Se et ite kirjotan tällai tosi vajaast , o vaa just tämmöst wannabe-ernuilua mut tää o mul nopee ja helppo tapa ko ajatukset kulkee täl murteel ja sitärataa .
west	Mut ehottomast suamalaise pitää osat kans kirjottaa iha " oikeet suamee " !	Mut ehottomast suamalaise pitää osat kans kirjottaa iha " oikeet suamee " !
west	Jos vastaa kaveril , moni tekee sen nopeest puhekiälel eikä sii mittää .	Jos vastaa kaveril , moni tekee sen nopeest puhekiälel eikä sii mittää .
west	Ja jos joku vastaa viästii kirjakiälel , ei se mul kuulu .	Ja jos joku vastaa viästii kirjakiälel , ei se mul kuulu .
west	Kaikki saa käyttää sanoi sillako haluaa .	Kaikki saa käyttää sanoi sillako haluaa .
west	Mut jos o joku virallisempi yhteys , esim kokeesee vastaan kyl ennemmi kirjakiälel tai tyähakemus ois aik hullu kirjottaa mitenkä murteel .	Mut jos o joku virallisempi yhteys , esim kokeesee vastaan kyl ennemmi kirjakiälel tai tyähakemus ois aik hullu kirjottaa mitenkä murteel .
east	Nyt pitäs csi:n krissomi kuhtua paekalle ja suihkuttee luminolia ja muita mössöjä , ni joha ruppeis seleviämmään .	Nyt pitäs csi:n krissomi kuhtua paekalle ja suihkuttee luminolia ja muita mössöjä , ni joha ruppeis seleviämmään .
north	Sinne tarttee olla rahhaa .	Sinne tarttee olla rahhaa .
north	Menis vaan töitä ettimään ja tienaamaan ommaa rahhaa ja lentelisi sitten mihin ikinä mieli tekkee .	Menis vaan töitä ettimään ja tienaamaan ommaa rahhaa ja lentelisi sitten mihin ikinä mieli tekkee .
east	elekää lessukepulaiset ja muut hörhöt puhuko tuota sammaa assiaa vuojesta toisseee ..	elekää lessukepulaiset ja muut hörhöt puhuko tuota sammaa assiaa vuojesta toisseee ..
east	se juttunna meinaa tuli ja meni jotenna kääntäkee teki virsikirjastanne vaikkapa sivvuo jos että muuta keksinnä .	se juttunna meinaa tuli ja meni jotenna kääntäkee teki virsikirjastanne vaikkapa sivvuo jos että muuta keksinnä .
east	saatas jonnilainen työraaha tähänni pitäjään .	saatas jonnilainen työraaha tähänni pitäjään .
east	eei niitä rahojanna tuhlata ainakaan elokuvviin ku elävvien kuvvien katseluhan on ankoorasti kiellettynnä ollunna kaut aikain .	eei niitä rahojanna tuhlata ainakaan elokuvviin ku elävvien kuvvien katseluhan on ankoorasti kiellettynnä ollunna kaut aikain .
east	viell sellasii urheilumiell alloi ?	viell sellasii urheilumiell alloi ?
east	hää pyrki sankartöitä tekemää ?	hää pyrki sankartöitä tekemää ?
east	mie taas en paa hittoikaa arvoo semmoselle , sillo pittää mennä , millo asjat nii vaatii , muullo pittää llaa matalan ,sie suotta taanno hyökätes kohottelit itsijäis ?	mie taas en paa hittoikaa arvoo semmoselle , sillo pittää mennä , millo asjat nii vaatii , muullo pittää llaa matalan ,sie suotta taanno hyökätes kohottelit itsijäis ?
east	katso tilanne enne ko tiet silllaill : Myö ei olla tääll kuolemass , , , ?	katso tilanne enne ko tiet silllaill : Myö ei olla tääll kuolemass , , , ?
east	silviisii , , Mut mie käy kahtomas minkälaine ukko se minnuu konekiväärill nokittell ?	silviisii , , Mut mie käy kahtomas minkälaine ukko se minnuu konekiväärill nokittell ?
east	niitä potkitaa varmaan sen takkii poies että niistä saatas sitte niitä ns ilmastyöntekijöitä vai mitä neo	niitä potkitaa varmaan sen takkii poies että niistä saatas sitte niitä ns ilmastyöntekijöitä vai mitä neo
west	yhtenäisyyren käyny soras CCCP:tä vastahan , jos Lapuanliike olis terrorismillaan saanu valta-aseman Suamalaases politiikas ?	yhtenäisyyren käyny soras CCCP:tä vastahan , jos Lapuanliike olis terrorismillaan saanu valta-aseman Suamalaases politiikas ?
west	Mikä teköö tällääsistä kysymyksistä sensurootavia , kuten kävi ?	Mikä teköö tällääsistä kysymyksistä sensurootavia , kuten kävi ?
north	Luulekko sää pösilö että mehtäsä liikkuminen on luvatonta hommaa .	Luulekko sää pösilö että mehtäsä liikkuminen on luvatonta hommaa .
north	Mulla on 128 hehtaaria mehtää enkä oo ikinä himmentäny kenenkään joulumieltä kyttäämällä tiluksia .	Mulla on 128 hehtaaria mehtää enkä oo ikinä himmentäny kenenkään joulumieltä kyttäämällä tiluksia .
north	Aina sieltä on haettu Jouluiloa koteihin , eikä oo mehtä päässy loppumaan .	Aina sieltä on haettu Jouluiloa koteihin , eikä oo mehtä päässy loppumaan .
east	mut en mie halluu ol tällases mukana ko minnuu parjataan ja nuin rummoo kiltäk mie puhuisin ?	mut en mie halluu ol tällases mukana ko minnuu parjataan ja nuin rummoo kiltäk mie puhuisin ?
east	Ehhei minäi lähen täst ulkoilmaa viel nauttimaa .	Ehhei minäi lähen täst ulkoilmaa viel nauttimaa .
east	Kiitos ko kaipasit minnuu , san sille erakkopirull , jot Esme ' ei halluu olla samal rivilkää sen kanssa , koht en samal palstalkaa .	Kiitos ko kaipasit minnuu , san sille erakkopirull , jot Esme ' ei halluu olla samal rivilkää sen kanssa , koht en samal palstalkaa .
east	Minulla männöö nämä murre asjat nyt iha verriin .	Minulla männöö nämä murre asjat nyt iha verriin .
east	Sain makkeet naarur aekaseks,ku mänin tuonne pihalle .	Sain makkeet naarur aekaseks,ku mänin tuonne pihalle .
east	Olin vähä aekasemmin lukenu näetä juttuja .	Olin vähä aekasemmin lukenu näetä juttuja .
east	Rupesin siinä mummoin kansa huastelemmaa ja sehän män iha savoks .	Rupesin siinä mummoin kansa huastelemmaa ja sehän män iha savoks .
east	Niillä haaskoo riitti .	Niillä haaskoo riitti .
east	Mies vaenoo sano aekonaa että minulla olj iha er kiel puhelimessa ku kotona .	Mies vaenoo sano aekonaa että minulla olj iha er kiel puhelimessa ku kotona .
east	En kuulema huastanu yhtää savvoo .	En kuulema huastanu yhtää savvoo .
north	Tiina on iha ihana , ku se puhhuu oulua vaikka Tampereella assuuki .	Tiina on iha ihana , ku se puhhuu oulua vaikka Tampereella assuuki .
north	Timoha on Raahesta kotosin eikä puhu oikiastaan yhtää raahea .	Timoha on Raahesta kotosin eikä puhu oikiastaan yhtää raahea .
north	Oulusa ja Raahesa on samallaine murre .	Oulusa ja Raahesa on samallaine murre .
north	Yrittää muka puhua kirijakieltä ja jyväskyllää sekasi .	Yrittää muka puhua kirijakieltä ja jyväskyllää sekasi .
north	Perttu , Tiina ja Terhi ovat parraat koko ohojelmasa .	Perttu , Tiina ja Terhi ovat parraat koko ohojelmasa .
north	Alakko nää nuita muita ?	Alakko nää nuita muita ?
west	Täs mittä oikjan kirituksi tarvita .	Täs mittä oikjan kirituksi tarvita .
west	Hylkkeil tehrä kunno paskapöntö .	Hylkkeil tehrä kunno paskapöntö .
west	Ihmiste löpö vierä Orimattila .	Ihmiste löpö vierä Orimattila .
west	Saara syär oikke punassi ja näti näkössi mansikoi	Saara syär oikke punassi ja näti näkössi mansikoi
west	Härmälääses kerrostaloos on sellaanen vika että silei nouse hissi ihan ylös asti .	Härmälääses kerrostaloos on sellaanen vika että silei nouse hissi ihan ylös asti .
east	Jos ol kovinki harmaa , niin hää olt kuallu , tai ei ainakaa kovi hyvinvoivan olonen .	Jos ol kovinki harmaa , niin hää olt kuallu , tai ei ainakaa kovi hyvinvoivan olonen .
east	Eihää se mikää ihme ol , jos mitää ei huamant !	Eihää se mikää ihme ol , jos mitää ei huamant !
west	Tyhmyys on katsojan silimis , toise on älykkähiä omas päähnäns ja oikiat neroot on siä mensas .	Tyhmyys on katsojan silimis , toise on älykkähiä omas päähnäns ja oikiat neroot on siä mensas .
west	Johnet oo ruurinkeksiä ni tervetulemast joukkoho , meit on jotai 6 miljardia .	Johnet oo ruurinkeksiä ni tervetulemast joukkoho , meit on jotai 6 miljardia .
west	Voin toki puhua vaan omasta pualestani mutta tyhymä nainen on yhtäkuin egovajaa miäs .	Voin toki puhua vaan omasta pualestani mutta tyhymä nainen on yhtäkuin egovajaa miäs .
west	Herrakansa menköhön saksahan , minoon tyhymä ja mullon oikius olla tyhymä .	Herrakansa menköhön saksahan , minoon tyhymä ja mullon oikius olla tyhymä .
west	Jokaasel on oikius elämähä sellaasena kunon sen saanu .	Jokaasel on oikius elämähä sellaasena kunon sen saanu .
west	Asiahan , tyhymä nainen , tyhymä ihiminen , musta , vihiriä , kenopää ?	Asiahan , tyhymä nainen , tyhymä ihiminen , musta , vihiriä , kenopää ?
west	Näyttääs tuntehensa avoomesti ?	Näyttääs tuntehensa avoomesti ?
west	purskahtaas itkuhun ?	purskahtaas itkuhun ?
west	Teretulemast ihimise maailmaha .	Teretulemast ihimise maailmaha .
west	Mitä nuata peittelemähä , ihimisi ollaha eikä konehia .	Mitä nuata peittelemähä , ihimisi ollaha eikä konehia .
west	Ketä ottaa nuasta närhihi ?	Ketä ottaa nuasta närhihi ?
west	Joh sinoot tyhymä , ole tyhymä !	Joh sinoot tyhymä , ole tyhymä !
west	Kenellän ei oo oikiut sanoa jottoot alemmanarvoone tai muuten epäkelpo .	Kenellän ei oo oikiut sanoa jottoot alemmanarvoone tai muuten epäkelpo .
west	Johne osaa lamppua vaihtaa , miäs hoitaa , son sen tehtävä , johnei hoira ni pullool päähän .	Johne osaa lamppua vaihtaa , miäs hoitaa , son sen tehtävä , johnei hoira ni pullool päähän .
west	Tyhymiä ja rumia on maailma täynnä , johnoot peräti kaunis , ei sun toivoh oo hukkaha heitettyn .	Tyhymiä ja rumia on maailma täynnä , johnoot peräti kaunis , ei sun toivoh oo hukkaha heitettyn .
west	Mikä se sellaanen turvatie on , johtaako se turvakotihin ?	Mikä se sellaanen turvatie on , johtaako se turvakotihin ?
west	Joo mamurioriista tehrähän ruunia njottei paha jatku ja siihin on panostettava juurikin hevoskuurillahan !	Joo mamurioriista tehrähän ruunia njottei paha jatku ja siihin on panostettava juurikin hevoskuurillahan !
north	rennompi kirjoitustyyli.Tahallaan nuita virheitä tehhään ja välillä murteellakin saateteen vääntää .	rennompi kirjoitustyyli.Tahallaan nuita virheitä tehhään ja välillä murteellakin saateteen vääntää .
east	Anna tuon ukon nukkuava , päessään ku käki , kirijottakoon aamulla , jos mielesä tekkee , kotona näöttää ettei tee mieli , mikä lie tullu sen tatin reissun jäläkeen .	Anna tuon ukon nukkuava , päessään ku käki , kirijottakoon aamulla , jos mielesä tekkee , kotona näöttää ettei tee mieli , mikä lie tullu sen tatin reissun jäläkeen .
east	Rakas poekanj , Kirjotan tämän kirjeen hyvin hittaasti , kun tiiän ettet ossoo lukkee kovin noppeesti .	Rakas poekanj , Kirjotan tämän kirjeen hyvin hittaasti , kun tiiän ettet ossoo lukkee kovin noppeesti .
east	Myö ee asuta ennee siinä samassa paekassa ku sillon ku lähit kottoo .	Myö ee asuta ennee siinä samassa paekassa ku sillon ku lähit kottoo .
east	Isäs luki lehestä jotta usseimmat onnettomuuvet sattuu 30 km:n sätteellä kottoo , sen tähen myö muutettiim muualle .	Isäs luki lehestä jotta usseimmat onnettomuuvet sattuu 30 km:n sätteellä kottoo , sen tähen myö muutettiim muualle .
east	En voe lähettee sullen uutta osotetta kun se joensuulaesperhe , joka asu tiällä ennen , vei osotekiliven mukanaan jotta heijän ee tarviis muuttoo ommoo osotettaan .	En voe lähettee sullen uutta osotetta kun se joensuulaesperhe , joka asu tiällä ennen , vei osotekiliven mukanaan jotta heijän ee tarviis muuttoo ommoo osotettaan .
east	Tämä asunto on oekeen mukava .	Tämä asunto on oekeen mukava .
east	Tiällä on pesukonekkii .	Tiällä on pesukonekkii .
east	En oo ihan varma , toemiiko se kunnolla .	En oo ihan varma , toemiiko se kunnolla .
east	Viime viikolla laetoen pyykit konneeseen ja vejin nupista enkä oo nähny pyykkilöetä sen koommin .	Viime viikolla laetoen pyykit konneeseen ja vejin nupista enkä oo nähny pyykkilöetä sen koommin .
east	Siä ee oo tiällä ollenkaan hullumpi .	Siä ee oo tiällä ollenkaan hullumpi .
east	Viime viikolla sato kaks kertoo , ensiks sato kolome päevee ja toesella kerralla neljä .	Viime viikolla sato kaks kertoo , ensiks sato kolome päevee ja toesella kerralla neljä .
east	Tuavetti-setäsj sano jotta takki jonka pyysit lähettämmään on nappineen kaaheen paenava ja sen lähettäminen oes tullunna kovin kalliiks .	Tuavetti-setäsj sano jotta takki jonka pyysit lähettämmään on nappineen kaaheen paenava ja sen lähettäminen oes tullunna kovin kalliiks .
east	Niinpä myö leekattiin napit irti ja laetettiin ne taskuihin .	Niinpä myö leekattiin napit irti ja laetettiin ne taskuihin .
east	Jussilta jäe eellen aaton avvaimet aaton sissään .	Jussilta jäe eellen aaton avvaimet aaton sissään .
east	Kerettiin jo olla huolissamo kun kesti ylj kaks tuntija ennenku Jussi sae meijät ulos aatosta .	Kerettiin jo olla huolissamo kun kesti ylj kaks tuntija ennenku Jussi sae meijät ulos aatosta .
east	Elli-siskosj sae eellen lapsen , en vielä tiijä onko se tyttö vae poeka joten en tiijä ootko nyt setä vai täti .	Elli-siskosj sae eellen lapsen , en vielä tiijä onko se tyttö vae poeka joten en tiijä ootko nyt setä vai täti .
east	Laps näättää ihan veljeltäs .	Laps näättää ihan veljeltäs .
east	Sitä yritettiin kiskoo ylös mutta hiän taestel urheesti vastaam .	Sitä yritettiin kiskoo ylös mutta hiän taestel urheesti vastaam .
east	Ruumis poltettiin viime pyhänä eekä sitä suatu sammumaa ennenku palokunta kututtiin appuun .	Ruumis poltettiin viime pyhänä eekä sitä suatu sammumaa ennenku palokunta kututtiin appuun .
east	Kolome entistä kaverias kuolj viime viikolla .	Kolome entistä kaverias kuolj viime viikolla .
east	Avolava-aato suistu jokkeen ja uppos .	Avolava-aato suistu jokkeen ja uppos .
east	Raano ajo ja hiän piäs ikkunasta turvaan mutta muut kaverit istu lavalla eevätkö suaneet perälaatoo aaki .	Raano ajo ja hiän piäs ikkunasta turvaan mutta muut kaverit istu lavalla eevätkö suaneet perälaatoo aaki .
east	Tämmöstä tasasta tänne kuuluu eekä mittään kummempia tapahu kute ee ennenkää .	Tämmöstä tasasta tänne kuuluu eekä mittään kummempia tapahu kute ee ennenkää .
east	Terveesin Äetis PS . Minun pit laettoo vähä rahhoo mukkaan mutta kirjekuorj olj jo kiini .	Terveesin Äetis PS . Minun pit laettoo vähä rahhoo mukkaan mutta kirjekuorj olj jo kiini .
west	Iltaa vaan täältä lakeurelta ..!	Iltaa vaan täältä lakeurelta ..!
west	Talles ollahan ja täysiis no ainakin ruumihin voimiis .	Talles ollahan ja täysiis no ainakin ruumihin voimiis .
west	Tuliin viime yönä tai oikiastaan aamua se oli ajoosta .	Tuliin viime yönä tai oikiastaan aamua se oli ajoosta .
west	Ei me Tiitun kans kaukana käyty , täällä suomes vaan ajettihin ja kova kuorma vietihinki .	Ei me Tiitun kans kaukana käyty , täällä suomes vaan ajettihin ja kova kuorma vietihinki .
west	Varmahan aatteloovat notta tua on ny niin kurja muutoonkin jotta menköön .	Varmahan aatteloovat notta tua on ny niin kurja muutoonkin jotta menköön .
west	Tiitu pikkuuselle oli vaan käyrä vähän köpelösti ku ajoon yhyren huoltoaseman etehen tauolle ja Tiitun nostin pissalle siihen autoon vierehen maahan .	Tiitu pikkuuselle oli vaan käyrä vähän köpelösti ku ajoon yhyren huoltoaseman etehen tauolle ja Tiitun nostin pissalle siihen autoon vierehen maahan .
west	Sieltä tulla tölömäs koira hampahat irvees pienen Tiitun kimppuhun .	Sieltä tulla tölömäs koira hampahat irvees pienen Tiitun kimppuhun .
west	Tiitu on onneksi melekehen salamaakin nopiampi liikkeessään jos se haluaa ja tarvis vaatii .	Tiitu on onneksi melekehen salamaakin nopiampi liikkeessään jos se haluaa ja tarvis vaatii .
west	Se rekan ohojaamon ovi oli siinä auki ja Tiitu on meleko peto hyppäämähän .	Se rekan ohojaamon ovi oli siinä auki ja Tiitu on meleko peto hyppäämähän .
west	Sellaanen väläys vaan kävi ku Tiitu oli siellä ohojaamon ikkunalla , tuulilasiin erees .	Sellaanen väläys vaan kävi ku Tiitu oli siellä ohojaamon ikkunalla , tuulilasiin erees .
west	Mä sain sitä koiraa pantahan kiinni ja siihen tuli sen koiran omistajaki kysymähän notta mikä täällä tuli .	Mä sain sitä koiraa pantahan kiinni ja siihen tuli sen koiran omistajaki kysymähän notta mikä täällä tuli .
west	Mä sanoon notta reviirirajoja täs vähän vaan tarkasteltihin ja ihan sulimmas ystävyyres .	Mä sanoon notta reviirirajoja täs vähän vaan tarkasteltihin ja ihan sulimmas ystävyyres .
west	Se pieni koira pääsi karkaamahan henkilöautoosta .	Se pieni koira pääsi karkaamahan henkilöautoosta .
west	Sitä sattuu kaikenlaasta , kyläntie on pitkä .	Sitä sattuu kaikenlaasta , kyläntie on pitkä .
west	No joo oliishan se vaihtelua jos sen " kantensa " löytääsi .	No joo oliishan se vaihtelua jos sen " kantensa " löytääsi .
west	Hyvä soon ollakki välihin hiljaa , piisaa tarinat paremmin ku ei kaikkia yhtehen kyytihin hölöötä .	Hyvä soon ollakki välihin hiljaa , piisaa tarinat paremmin ku ei kaikkia yhtehen kyytihin hölöötä .
west	Välihin on hyvä kuunnella muita ja muiren sanomisia .	Välihin on hyvä kuunnella muita ja muiren sanomisia .
west	Mitäs sanotte jos määki , vanha kuppe , runoi kirjotteleman täs ehtol ruppe , kirjota niimpal , et kynä sauhu ja palstal kuulu vaa runojem pauhu .	Mitäs sanotte jos määki , vanha kuppe , runoi kirjotteleman täs ehtol ruppe , kirjota niimpal , et kynä sauhu ja palstal kuulu vaa runojem pauhu .
west	Aamul sit ku jokane herä ni kaik ova niimpal runojem perä et uussi kirjottama täyty ruveta , ei runop palstal saa huveta .	Aamul sit ku jokane herä ni kaik ova niimpal runojem perä et uussi kirjottama täyty ruveta , ei runop palstal saa huveta .
west	Meilt täält Turust o kirjakiälekki lähtenny poijes päin muuhu Suame .	Meilt täält Turust o kirjakiälekki lähtenny poijes päin muuhu Suame .
west	Ketä siel tollatti valitta ?	Ketä siel tollatti valitta ?
west	Eksä tierä , jos et tierä niin mitä sitten .	Eksä tierä , jos et tierä niin mitä sitten .
west	Siellä haisoo paska !	Siellä haisoo paska !
east	Kyll hää ol ihan pihapiirin talitintti .	Kyll hää ol ihan pihapiirin talitintti .
east	Ei hää eestlaselt vaikuttanut .	Ei hää eestlaselt vaikuttanut .
west	Joo en sit tierä mut pelkästään suomalainen kelpaa .	Joo en sit tierä mut pelkästään suomalainen kelpaa .
east	Mie en ymmärrä yht juttuu ..	Mie en ymmärrä yht juttuu ..
east	et eiks nää kaik sopimusjutut ollu poikien tiedossa ku kirjoottivat sopimuksen sen marinatekin kans vai mikä hää oli ?	et eiks nää kaik sopimusjutut ollu poikien tiedossa ku kirjoottivat sopimuksen sen marinatekin kans vai mikä hää oli ?
west	tämän seurun puukkojunkkarit riitaa haastamahan ja toisiansa epäälemähän .	tämän seurun puukkojunkkarit riitaa haastamahan ja toisiansa epäälemähän .
west	Siihen mallihin praatatahan , että kohta jo kauhavalaanen tosissansa heiluu .	Siihen mallihin praatatahan , että kohta jo kauhavalaanen tosissansa heiluu .
west	Mun on taaskin näyttäyryttävä kurin ja järjestyksen piroos .	Mun on taaskin näyttäyryttävä kurin ja järjestyksen piroos .
west	Mä ajattelen näitäkin asioita pohojanmaalaasen miehen tavaal , notta markkinatalouren kannalta on hyväkin kun rähinöötä tuloo .	Mä ajattelen näitäkin asioita pohojanmaalaasen miehen tavaal , notta markkinatalouren kannalta on hyväkin kun rähinöötä tuloo .
west	Rumisarkkuliikkehetkin menis konkurssihin jos ei kuoltaas riittävästi .	Rumisarkkuliikkehetkin menis konkurssihin jos ei kuoltaas riittävästi .
west	Mäkin joutuusin viraalta , sekä panemahan lusikkani seinän rakohon lopullisesti , jos ei tapeltaas ja rähinöötääs .	Mäkin joutuusin viraalta , sekä panemahan lusikkani seinän rakohon lopullisesti , jos ei tapeltaas ja rähinöötääs .
west	Hyvä vaan kun kaiken maailman röntiääsiä tuloo käymähän , niinkun säkin Ierikka.Putkahan pitääs saara joku eres yhreks yöks .	Hyvä vaan kun kaiken maailman röntiääsiä tuloo käymähän , niinkun säkin Ierikka.Putkahan pitääs saara joku eres yhreks yöks .
west	Akkoja mä en rupee sinne tryykäämähän .	Akkoja mä en rupee sinne tryykäämähän .
west	Kaikkia sitä sattuuki , autojen ja konehien kans ei leikitä , opiin sen oikeen kantapään kautta , vaikka en mä kyllä itte leikkinykkään .	Kaikkia sitä sattuuki , autojen ja konehien kans ei leikitä , opiin sen oikeen kantapään kautta , vaikka en mä kyllä itte leikkinykkään .
west	Oliin sellaanen nuori mies silloon ja oliin kuorma-autoon kans tukin ajoos , talavi aikahan .	Oliin sellaanen nuori mies silloon ja oliin kuorma-autoon kans tukin ajoos , talavi aikahan .
west	Kuormasin laaniis tukkikuormaa päälle Sisuhun .	Kuormasin laaniis tukkikuormaa päälle Sisuhun .
west	Sain puolikuormaa siinä jo teheryksi ku piti käyrä siirtämäs autoa uutehen kohtahan .	Sain puolikuormaa siinä jo teheryksi ku piti käyrä siirtämäs autoa uutehen kohtahan .
west	Aloon verättämähän sitä etehen päin niin paukahti toiselta puolen vetoaksila poikki .	Aloon verättämähän sitä etehen päin niin paukahti toiselta puolen vetoaksila poikki .
west	Siihen laanihin ajoo mettästä niitä tukkia lapsuuren kaverini ja oltihin samaan ikääsiäki , sellaasella nelivetoosella juonto traktorilla .	Siihen laanihin ajoo mettästä niitä tukkia lapsuuren kaverini ja oltihin samaan ikääsiäki , sellaasella nelivetoosella juonto traktorilla .
west	Siinä traktorin perääs oli sellaanen paksu ja suuri panssarilevy ja sen levyn yläpuolella oli sellaanen kelupyörä ja sen pyörän ylitte tuli paksut teräsvaijerit , millä ne tukit verettihin päät erellä kiinni sitä levyä vasten ja ajettihin laanihin .	Siinä traktorin perääs oli sellaanen paksu ja suuri panssarilevy ja sen levyn yläpuolella oli sellaanen kelupyörä ja sen pyörän ylitte tuli paksut teräsvaijerit , millä ne tukit verettihin päät erellä kiinni sitä levyä vasten ja ajettihin laanihin .
west	No se Jussi tuli sitte taas kuorman kans siihen , tuomahan niitä puita .	No se Jussi tuli sitte taas kuorman kans siihen , tuomahan niitä puita .
west	Sanoon sille siinä miten minun ny on käyny ja en pääse omin avuun täältä syränmaalta ny pois .	Sanoon sille siinä miten minun ny on käyny ja en pääse omin avuun täältä syränmaalta ny pois .
west	Päätettihin notta hinatahan se Sisu sieltä mettästä sillä traktorilla pois ja koriattavaks .	Päätettihin notta hinatahan se Sisu sieltä mettästä sillä traktorilla pois ja koriattavaks .
west	Laitettihin sieltä ylähältä sen kelurattahan päältä vaijeri kiinni auton nokkahan ja lähärettihin hilijotellen menemähän .	Laitettihin sieltä ylähältä sen kelurattahan päältä vaijeri kiinni auton nokkahan ja lähärettihin hilijotellen menemähän .
west	Minulla oli auto käynnis jotta pysyy jarrupainehet ylähällä ja tuloo sisälle lämmintä .	Minulla oli auto käynnis jotta pysyy jarrupainehet ylähällä ja tuloo sisälle lämmintä .
west	Se vauhti siinä kasvoo pikkuhilijaa ku tultihin .	Se vauhti siinä kasvoo pikkuhilijaa ku tultihin .
west	Oliiskohan tultu sitä mettäautotietä jotaan kolomisen kilometriä ku siinä tuli sellaanen myötäles ja alkoo suuri neva alue .	Oliiskohan tultu sitä mettäautotietä jotaan kolomisen kilometriä ku siinä tuli sellaanen myötäles ja alkoo suuri neva alue .
west	Minä katoon ku se Jussi vilikuuli taaksesa ja oli kelemin näköönen siinä hinatessaan .	Minä katoon ku se Jussi vilikuuli taaksesa ja oli kelemin näköönen siinä hinatessaan .
west	Niin se alkoo ja laittoo sen kelun pyörimähän siinä traktoriis täyrees vauhriis , että hän nostattaa sitä kuorma-auton keulaa ja kattoo virnes naamallaan notta pelekäänkö minä .	Niin se alkoo ja laittoo sen kelun pyörimähän siinä traktoriis täyrees vauhriis , että hän nostattaa sitä kuorma-auton keulaa ja kattoo virnes naamallaan notta pelekäänkö minä .
west	Se ei noussukkaa se auton keula ilimahan se nousiki se traktorin keula ja eihän sitä silloon voi ohojata kahella rattaalla .	Se ei noussukkaa se auton keula ilimahan se nousiki se traktorin keula ja eihän sitä silloon voi ohojata kahella rattaalla .
west	Mutta onneksi ittelläni kans refleksit pelas , survasin vaihtehen päälle , tasaupyörästön lukon kiinni ja kaasupolokimen pohjahan .	Mutta onneksi ittelläni kans refleksit pelas , survasin vaihtehen päälle , tasaupyörästön lukon kiinni ja kaasupolokimen pohjahan .
west	Se oikeen hyökkäs etehen päin se Sisu ja samalla vaijeri löysty ja traktori putos pyörillensä .	Se oikeen hyökkäs etehen päin se Sisu ja samalla vaijeri löysty ja traktori putos pyörillensä .
west	Tärisin ku lankavyyhti , ku sitte topattihin , niin kovasti säikährin sitä " temppua " Hyppäsin alas sieltä ohojaamosta ja nykääsin istuumen alta rengas avaamen kourahani .	Tärisin ku lankavyyhti , ku sitte topattihin , niin kovasti säikährin sitä " temppua " Hyppäsin alas sieltä ohojaamosta ja nykääsin istuumen alta rengas avaamen kourahani .
west	Ei Jussikaan siinä jääny " tuomiota " orottamahan vaan paineli juosten pitkin sitä tietä karkuhun ja huusi jotta hulluko sä oot leikkiähän se oli .	Ei Jussikaan siinä jääny " tuomiota " orottamahan vaan paineli juosten pitkin sitä tietä karkuhun ja huusi jotta hulluko sä oot leikkiähän se oli .
west	Huusin vastahan notta leikillänihä minäkin , en mä saanu sitä onneksi kiinni .	Huusin vastahan notta leikillänihä minäkin , en mä saanu sitä onneksi kiinni .
west	Sitten sovittihin se " hulluttelu " ja ittekki siinä toppaanun tunnoolleni .	Sitten sovittihin se " hulluttelu " ja ittekki siinä toppaanun tunnoolleni .
west	Aatelkaa jos se meni ojahan se traktori ja kuorma-auto sen päälle miten siellä oliis Jussi raiskan käyny .	Aatelkaa jos se meni ojahan se traktori ja kuorma-auto sen päälle miten siellä oliis Jussi raiskan käyny .
west	Oikia enkeli-trio oli varmahan silloon kyllä matkas .	Oikia enkeli-trio oli varmahan silloon kyllä matkas .
east	Enemmän customii mut kyl siin hiukan viriäkin sais ol.	Enemmän customii mut kyl siin hiukan viriäkin sais ol.
west	tiärän yhre naise,ku juaksutytöst tuli menestyny.Mut se oliki oikkiaa rakkaut ja vast kualema heijät erotti.komiast menestyy jälkikasvuki,he ovak kyl koului käynee .	tiärän yhre naise,ku juaksutytöst tuli menestyny.Mut se oliki oikkiaa rakkaut ja vast kualema heijät erotti.komiast menestyy jälkikasvuki,he ovak kyl koului käynee .
west	Hianon ja menestyvän uran loi ittelles ilman kouluu ja kaik turkulaise hänt arvostaa ja lämpimil ajatuksil muistelee .	Hianon ja menestyvän uran loi ittelles ilman kouluu ja kaik turkulaise hänt arvostaa ja lämpimil ajatuksil muistelee .
north	met sitä kyllä jatketaan , aina vaan parannetaan .	met sitä kyllä jatketaan , aina vaan parannetaan .
west	kyllä se vaan kuulkaas niin on jotta provinssi on se johon on pakko päästä joka kesä !!	kyllä se vaan kuulkaas niin on jotta provinssi on se johon on pakko päästä joka kesä !!
west	provinssis on kuitenki hyvä meininki vaikka ei menisi itte bändejä kattomaan !	provinssis on kuitenki hyvä meininki vaikka ei menisi itte bändejä kattomaan !
east	Niistä tisseistä tul maettoo ...	Niistä tisseistä tul maettoo ...
east	Maetto ol hapanta ja syövyttännä miehen kourria .	Maetto ol hapanta ja syövyttännä miehen kourria .
east	Ne hötkynnä kun niittä hötkyttännä , ne ei olla pienet tissit , ne olla isot .	Ne hötkynnä kun niittä hötkyttännä , ne ei olla pienet tissit , ne olla isot .
east	Sanoi siinä , että " ei minulle työnteko sovi , joten minun pitteä ruveta tekkeen jottai , missä soapi pelekällä tyhjänpäiväsellä suun soitolla rahhoa .	Sanoi siinä , että " ei minulle työnteko sovi , joten minun pitteä ruveta tekkeen jottai , missä soapi pelekällä tyhjänpäiväsellä suun soitolla rahhoa .
north	Joo met ne olima , parikymppisiltä näytämä mutta yli kolmenkympin olema .	Joo met ne olima , parikymppisiltä näytämä mutta yli kolmenkympin olema .
west	Määki joskus kahreksan-yhreksänluvun vaihteessa lomalla Teneriffalla olin hotellin katol aurinkoo ottamas .	Määki joskus kahreksan-yhreksänluvun vaihteessa lomalla Teneriffalla olin hotellin katol aurinkoo ottamas .
west	Mää ain vaihran puhetta sen mukka kenen kans mää juttelen .	Mää ain vaihran puhetta sen mukka kenen kans mää juttelen .
west	Siel vieraitte ihmisten joukos juttelin simmost tavallis puhekielt .	Siel vieraitte ihmisten joukos juttelin simmost tavallis puhekielt .
west	Mut kyl vaa muut huamas et turkulaine toi flikka on , kas se nuatti puhees paljastaa vaikk ' ei yhtään murresanaa sanosis .	Mut kyl vaa muut huamas et turkulaine toi flikka on , kas se nuatti puhees paljastaa vaikk ' ei yhtään murresanaa sanosis .
west	Voi kuink mont kertta täälläki joitaki on ottanu pattiin kun tämmöttös kirjottaa .	Voi kuink mont kertta täälläki joitaki on ottanu pattiin kun tämmöttös kirjottaa .
west	Eikä tair kukkan huomat etten mää iha oikkianlaist turumurret ossa .	Eikä tair kukkan huomat etten mää iha oikkianlaist turumurret ossa .
east	Hää ee ammukka lintuloi kivvääril , hää hätistöö niit linkoloill .	Hää ee ammukka lintuloi kivvääril , hää hätistöö niit linkoloill .
east	Eli vie sie , mie vikisen .	Eli vie sie , mie vikisen .
west	laitetahan tuallaasen suunnittelijoolle .	laitetahan tuallaasen suunnittelijoolle .
east	Niin , nyt sittä poekkesin tänne uuvelleen , kun tuo päevällinen oli sellanen pikavissiitti .	Niin , nyt sittä poekkesin tänne uuvelleen , kun tuo päevällinen oli sellanen pikavissiitti .
east	Oli se verhojen ompelus pahimoelleen kesken .	Oli se verhojen ompelus pahimoelleen kesken .
east	Minä kun en oo mikkään käsityöimmeinen .	Minä kun en oo mikkään käsityöimmeinen .
east	Voe herrajestas , kun on aenaa riesa , kun pittää housunlahkeet tae mekon helemoo lyhentöö .	Voe herrajestas , kun on aenaa riesa , kun pittää housunlahkeet tae mekon helemoo lyhentöö .
east	Lakanat , pöötäliinat ym.liinavuatteet oon vuosikausii ostanna valamiina , jottei tarvii piärmeitä ruveta sohroomaan .	Lakanat , pöötäliinat ym.liinavuatteet oon vuosikausii ostanna valamiina , jottei tarvii piärmeitä ruveta sohroomaan .
east	Vaen nuo ikkunaverhot oon vielä ommellunna , kun ee taho valamisverhojen mitat käävvä .	Vaen nuo ikkunaverhot oon vielä ommellunna , kun ee taho valamisverhojen mitat käävvä .
east	Minulla on tuon ompelukonneen kansa sellanen viha-rakkaas suhe .	Minulla on tuon ompelukonneen kansa sellanen viha-rakkaas suhe .
east	Sillon kun se tekköö sievee tikkii niin jopa on hyvä ommella posotella .	Sillon kun se tekköö sievee tikkii niin jopa on hyvä ommella posotella .
east	Vaen annahan olla , kun joku kerta ee tie muuta kun jonnii joutavvoo kurostusta koko massiina .	Vaen annahan olla , kun joku kerta ee tie muuta kun jonnii joutavvoo kurostusta koko massiina .
east	Siinä tuas mitinetillä pärreet pallaa ja suapi olla sinkeri ihan raahassa vaatehuoneen nurkassa .	Siinä tuas mitinetillä pärreet pallaa ja suapi olla sinkeri ihan raahassa vaatehuoneen nurkassa .
east	Aenuva vaen , että kangas sittä oli hermollen käypee liukasta luirua .	Aenuva vaen , että kangas sittä oli hermollen käypee liukasta luirua .
east	Jotta varmaan ymmärtänettä minnuu .	Jotta varmaan ymmärtänettä minnuu .
east	Niinpä minä sittä ihhaelennii vilipittömästi semmossii immeisii jotka on taetavvii käsitöessä .	Niinpä minä sittä ihhaelennii vilipittömästi semmossii immeisii jotka on taetavvii käsitöessä .
east	Ompelloot solokennaan vuatteita , neuloot ja virkkovvaat yhtennään .	Ompelloot solokennaan vuatteita , neuloot ja virkkovvaat yhtennään .
east	Mitenkä lie teillä toesilla poksilaesilla nuo käentaejot hallinnassa ?	Mitenkä lie teillä toesilla poksilaesilla nuo käentaejot hallinnassa ?
east	Missee muuten lie toenperrään kaekki viilettämässä ..	Missee muuten lie toenperrään kaekki viilettämässä ..
east	Mopomiessii on varmaan palanna jo sieltä atventtireissultaan .	Mopomiessii on varmaan palanna jo sieltä atventtireissultaan .
east	Ihan hirvitti , kun viimeks kirjutti jotta käypi avannossa uimassa .	Ihan hirvitti , kun viimeks kirjutti jotta käypi avannossa uimassa .
east	Ethän vaen jiänynnä sinne ..	Ethän vaen jiänynnä sinne ..
east	Tjalaka se kanssa on varmaan jo suanna pirttisä näkyville ja pihan raevattuu myrskyn jäliltä .	Tjalaka se kanssa on varmaan jo suanna pirttisä näkyville ja pihan raevattuu myrskyn jäliltä .
east	Minähi tästä nyt vähin erin hinnaavun tuonne kammarin puolelle ja television eäreen vahtoomaan , kun tämän muan herraskaeset juhliit linnassa .	Minähi tästä nyt vähin erin hinnaavun tuonne kammarin puolelle ja television eäreen vahtoomaan , kun tämän muan herraskaeset juhliit linnassa .
east	Suapi ihan raahassa tillottoo minkälaesessa juhlaleninkissä se kenenhii rouvva siellä keikistellöö .	Suapi ihan raahassa tillottoo minkälaesessa juhlaleninkissä se kenenhii rouvva siellä keikistellöö .
east	Hyvät voennit kaekillen ja Moe vaen .	Hyvät voennit kaekillen ja Moe vaen .
east	ole kyl sit mielt et kaik tytöt sammaa sarjaa eihä niit oo paljoltikaa .	ole kyl sit mielt et kaik tytöt sammaa sarjaa eihä niit oo paljoltikaa .
east	Jos pahalt näyttäs ja paljolti tyttölöi nii rupsautettas useimpi sarjaloine hei tarpeiks	Jos pahalt näyttäs ja paljolti tyttölöi nii rupsautettas useimpi sarjaloine hei tarpeiks
west	Viä kenkätki lankattuna .	Viä kenkätki lankattuna .
north	Sielä met liikemiehet panema asiat kohilhen .	Sielä met liikemiehet panema asiat kohilhen .
north	Sielä se jytkyki rakenethin .	Sielä se jytkyki rakenethin .
north	No sehän oliki katolinen ja met olema vankkoja lutherilaisia vai ortotoksia ...	No sehän oliki katolinen ja met olema vankkoja lutherilaisia vai ortotoksia ...
west	Se on kiwa seurata näitä nettisalapoliisia ja kyttäreitä , joilla ei taira muuta puuhastelua olemahan , ku seurata toisien virheitä .	Se on kiwa seurata näitä nettisalapoliisia ja kyttäreitä , joilla ei taira muuta puuhastelua olemahan , ku seurata toisien virheitä .
west	Siihen en pysty ottamahan kantaa , onko sama kirjoittaja , mutta m ja n on lähellä toisiansa ja mulla on ainaki erellinen vehes sellaanen , että joskus kirjootti mitä sattuu .	Siihen en pysty ottamahan kantaa , onko sama kirjoittaja , mutta m ja n on lähellä toisiansa ja mulla on ainaki erellinen vehes sellaanen , että joskus kirjootti mitä sattuu .
north	Pittää lähteä hakehmaan rakhautta sitte vaikka naapurista .	Pittää lähteä hakehmaan rakhautta sitte vaikka naapurista .
east	Olipa siellä lämpöä ,sae löylyö iha ehotelle asti.Hanastahan se vesi tullo jo teälläki melekee joka talloo voan ku talavella tuo johto jeätyy tuonne saonaa ja sentähen tarvihtoo kantoa näen talavella .	Olipa siellä lämpöä ,sae löylyö iha ehotelle asti.Hanastahan se vesi tullo jo teälläki melekee joka talloo voan ku talavella tuo johto jeätyy tuonne saonaa ja sentähen tarvihtoo kantoa näen talavella .
east	Serkkupoeka toas houkutteli että lähetään tuonne kirkolle ravintollan kahtelemmaan , jos sitä mullekki löytys jottaen naesseoroa .	Serkkupoeka toas houkutteli että lähetään tuonne kirkolle ravintollan kahtelemmaan , jos sitä mullekki löytys jottaen naesseoroa .
east	Niin sanon että ei sitä meikäläenen nii heleposti enneä taho löyteä .	Niin sanon että ei sitä meikäläenen nii heleposti enneä taho löyteä .
east	En tiijä ne ravintolanaeset on vähä semmosie , ei millä pahalla , joutavan olosie .	En tiijä ne ravintolanaeset on vähä semmosie , ei millä pahalla , joutavan olosie .
east	Se serkkupoeka on naemisissa ja mitähä se sinne ravintollaa ...	Se serkkupoeka on naemisissa ja mitähä se sinne ravintollaa ...
east	Muka minulle , itellää sinne voan mieli tekköö .	Muka minulle , itellää sinne voan mieli tekköö .
east	Kyllähä minä aena hoaveilen , jos olisi joku mukava naesihminen niin joutasiha tuota vaekka naemisii .	Kyllähä minä aena hoaveilen , jos olisi joku mukava naesihminen niin joutasiha tuota vaekka naemisii .
east	No nyt sitä tuli vähä avvaovuttuo,no eipä tuossa lienennä mittää uutta .	No nyt sitä tuli vähä avvaovuttuo,no eipä tuossa lienennä mittää uutta .
east	Onha se vähä hiljasta kun iteksee vaen ajattelloo kaekennäköstä .	Onha se vähä hiljasta kun iteksee vaen ajattelloo kaekennäköstä .
east	Se on vähä meikäläesellä ku eläs tämmöstä luostarielämeä .	Se on vähä meikäläesellä ku eläs tämmöstä luostarielämeä .
east	Oli telekkarissa tässä joku ohjelma niijen munkkijen elämästä , jotenki näötti tutulta jossaen suhteessa .	Oli telekkarissa tässä joku ohjelma niijen munkkijen elämästä , jotenki näötti tutulta jossaen suhteessa .
east	Onha ne hyvätki puolesa teällä , emmie tässä ruppea mitenkää ruikuttammaa kohtaloa .	Onha ne hyvätki puolesa teällä , emmie tässä ruppea mitenkää ruikuttammaa kohtaloa .
east	Itehhän sitä valihtoo mitä haluvaa .	Itehhän sitä valihtoo mitä haluvaa .
east	Mutta eikaese hoaveilu oo kiellettyö .	Mutta eikaese hoaveilu oo kiellettyö .
east	No kevät se kohta alakaa tännekki tulla , onha se jo niin valosoa aeka pitkää .	No kevät se kohta alakaa tännekki tulla , onha se jo niin valosoa aeka pitkää .
east	Ens viikolla piittää lähteä käömää Kaijjaanissa vähä asijoella että näkis vähä muitaki ihmisie .	Ens viikolla piittää lähteä käömää Kaijjaanissa vähä asijoella että näkis vähä muitaki ihmisie .
east	( niihhä ne muualla sannoot ku tervehtiit )	( niihhä ne muualla sannoot ku tervehtiit )
north	Oletko kattonu kuinka paljon lissää velkaa otettu ja mithan järellistä sillä rahalla ei ole kyllä tehty kun suuniteltu ja taas suuniteltu ...	Oletko kattonu kuinka paljon lissää velkaa otettu ja mithan järellistä sillä rahalla ei ole kyllä tehty kun suuniteltu ja taas suuniteltu ...
north	Sie et itte tiiä mithän nuista hommista ko tänne kirjottelet.Parempi olis ku ei sekkaanu semmoseen mistä ei tiiä eikä ymmärrä mithän .	Sie et itte tiiä mithän nuista hommista ko tänne kirjottelet.Parempi olis ku ei sekkaanu semmoseen mistä ei tiiä eikä ymmärrä mithän .
north	Anna viishampien junnailla nuo hommat .	Anna viishampien junnailla nuo hommat .
north	Menhän met vain tuohon meän uuthen uimalhan uimhan ja kylpemhän .	Menhän met vain tuohon meän uuthen uimalhan uimhan ja kylpemhän .
north	Siinä Niemenpäässä piethiin uimakoulua ja välilä tulthiin rannale leikkihmään mustaa miestä .	Siinä Niemenpäässä piethiin uimakoulua ja välilä tulthiin rannale leikkihmään mustaa miestä .
north	Elikkä : joku oli vähän matkan päässä ja met loput rivissä vastapäätä .	Elikkä : joku oli vähän matkan päässä ja met loput rivissä vastapäätä .
north	" ja sitte lähethiin juoksehmaan vssthaan ja huuethiin :" EMMIE AINAKHAAN !	" ja sitte lähethiin juoksehmaan vssthaan ja huuethiin :" EMMIE AINAKHAAN !
north	" Äänen perustheela hääty Aatamin ottaa Eeva kiini .	" Äänen perustheela hääty Aatamin ottaa Eeva kiini .
north	Ringissä seisovien varphaat tulit joskus tallotuiksi , ko Aatami ja Eeva oikhein kirmasivat !	Ringissä seisovien varphaat tulit joskus tallotuiksi , ko Aatami ja Eeva oikhein kirmasivat !
north	Ei ennää astuta liukumiihnaan , ko ei ole lehmiä ulkona .	Ei ennää astuta liukumiihnaan , ko ei ole lehmiä ulkona .
north	Niemen Kallen lehmät olit lähimpännä .	Niemen Kallen lehmät olit lähimpännä .
north	Yks pojista koitti punasen pyyhkheen kanssa leikkiä toreatoria sonnivasikan kanssa .	Yks pojista koitti punasen pyyhkheen kanssa leikkiä toreatoria sonnivasikan kanssa .
north	Sonni pökkäsi ja toreatoori astu liukumiihnaan.Arvakkaa loput !	Sonni pökkäsi ja toreatoori astu liukumiihnaan.Arvakkaa loput !
north	Mie se vain uskalsin kusta sähköpaimenenki lankhaan ko seisoin kuivan lauan päälä !	Mie se vain uskalsin kusta sähköpaimenenki lankhaan ko seisoin kuivan lauan päälä !
north	Kyllä oli aamulla " suviseuraa ku kävin mehtäsa .	Kyllä oli aamulla " suviseuraa ku kävin mehtäsa .
north	Ei aiota säilyä itsenäisenä , ei sittä tule mithään .	Ei aiota säilyä itsenäisenä , ei sittä tule mithään .
north	Mahtavaa , Me täälä iisä ollaan huumor immeisiä , meitä ei palijo maaliman murheet heiluta , lukasimpa nuita kirijotuksia,nii piti hytkyä toolisa jokkainen pisti toista paremmaksi tekstiä .	Mahtavaa , Me täälä iisä ollaan huumor immeisiä , meitä ei palijo maaliman murheet heiluta , lukasimpa nuita kirijotuksia,nii piti hytkyä toolisa jokkainen pisti toista paremmaksi tekstiä .
north	sehän on tievosa, että , IISÄ ei vierasta jätetä taivas-alle ,ollaan ystävällistä porukkaa , ja vielä mahottoman mukaviaki .	sehän on tievosa, että , IISÄ ei vierasta jätetä taivas-alle ,ollaan ystävällistä porukkaa , ja vielä mahottoman mukaviaki .
north	Methän emmä methän mene , ko met menemmä töihin !	Methän emmä methän mene , ko met menemmä töihin !
north	Vaan että mä en tiiä mittää .	Vaan että mä en tiiä mittää .
north	Kyllä tet nyt pörräättä aivan tyhjää .	Kyllä tet nyt pörräättä aivan tyhjää .
north	Ei sitä nuorisotyö voi pelastaa , jos joku kattoo narun parhaaksi vaihtoehoksi .	Ei sitä nuorisotyö voi pelastaa , jos joku kattoo narun parhaaksi vaihtoehoksi .
north	Ei ollu kaikila ees kenkiä , että olis naapurhiin päässy .	Ei ollu kaikila ees kenkiä , että olis naapurhiin päässy .
north	Sota-aikana nuoret lähti rintamalle ja taistelehmaan , ei sillon syytetty ja syylistetty , sillon tehtiin itte .	Sota-aikana nuoret lähti rintamalle ja taistelehmaan , ei sillon syytetty ja syylistetty , sillon tehtiin itte .
north	Ottakaa tekki opiksi .	Ottakaa tekki opiksi .
north	Maailma on juuri niin hyvä ku met sen tehemä .	Maailma on juuri niin hyvä ku met sen tehemä .
north	Met , ei sitä kukhaan muu tehe .	Met , ei sitä kukhaan muu tehe .
north	tuolla ejuskunnassa se on vaan vähän suuremmasa mittakaavasa .	tuolla ejuskunnassa se on vaan vähän suuremmasa mittakaavasa .
north	Tuosta Kulumunin saamasta essiintymiskoulutuksesta tuli yks kaukanen muisto mielhen .	Tuosta Kulumunin saamasta essiintymiskoulutuksesta tuli yks kaukanen muisto mielhen .
north	Olimma rajakomppanian kertausharijotuksessa tuola yläperälä .	Olimma rajakomppanian kertausharijotuksessa tuola yläperälä .
north	Siinä meilä semmonen nuori luti joka otti meijät vasthan kasarmilla ja tietenki oli meillä jo armeijan kamphet torrakkoa myöten .	Siinä meilä semmonen nuori luti joka otti meijät vasthan kasarmilla ja tietenki oli meillä jo armeijan kamphet torrakkoa myöten .
north	Se luti kysy , että mitä tet haluaisitta harijotuksen aluksi niinku eniten .	Se luti kysy , että mitä tet haluaisitta harijotuksen aluksi niinku eniten .
north	No meistä joku siinä vastas , että olisihan se hyä antaa sitä sotilaallista tapakoulutusta ko on niin kauan ettei kaikkia muista .	No meistä joku siinä vastas , että olisihan se hyä antaa sitä sotilaallista tapakoulutusta ko on niin kauan ettei kaikkia muista .
north	Luti vastas että osaattahan tet käyttäytyä ko ossaatta tehä asennon ja vettää liphanki .	Luti vastas että osaattahan tet käyttäytyä ko ossaatta tehä asennon ja vettää liphanki .
north	No minäku olen ollu aina suulas niin lisäsin , että niin ja osaamma met vettää käthenki ...	No minäku olen ollu aina suulas niin lisäsin , että niin ja osaamma met vettää käthenki ...
north	sillon tuli kauhia naurunremakka eikä meinannu loppuakhan .	sillon tuli kauhia naurunremakka eikä meinannu loppuakhan .
north	Luti oli kivipatsahan näkönen eikä se nauranu ollenkhan , no minähän huomasin että taisi tulla sammakko suusta ja kysyn , että eikö niin olis saanukhan sanoa johon luti vastas että ...	Luti oli kivipatsahan näkönen eikä se nauranu ollenkhan , no minähän huomasin että taisi tulla sammakko suusta ja kysyn , että eikö niin olis saanukhan sanoa johon luti vastas että ...
north	No minä sitte vain ykskantaan totesin että siinähän nyt näet , kyllä sitä sotilaallista essiintymiskoulutusta tarvithan vain näin aluksi .	No minä sitte vain ykskantaan totesin että siinähän nyt näet , kyllä sitä sotilaallista essiintymiskoulutusta tarvithan vain näin aluksi .
north	Ku palijo tekkee niin tullee hyvvää ja huonua !	Ku palijo tekkee niin tullee hyvvää ja huonua !
north	Onkohan muilla peiliä ollenkaan vai ovakko tohtineet kahtua siihen pitkään aikaan ?	Onkohan muilla peiliä ollenkaan vai ovakko tohtineet kahtua siihen pitkään aikaan ?
north	Turhaa te täällä auvotte päätä , tulukaa iha kasvotusten keskustelemmaan jos on nui palio valitettavaa meistä nuorista :) ja muskelis , liekköhä sulla itellä kusta päässä ?	Turhaa te täällä auvotte päätä , tulukaa iha kasvotusten keskustelemmaan jos on nui palio valitettavaa meistä nuorista :) ja muskelis , liekköhä sulla itellä kusta päässä ?
north	Mistä met muuten tiiämä , kenelle Matille veronmaksaja toivottaa ikävää .	Mistä met muuten tiiämä , kenelle Matille veronmaksaja toivottaa ikävää .
north	Muoniossa mieki tiiän monta Mattia .	Muoniossa mieki tiiän monta Mattia .
north	Emmie sunkhaan ossaa nuita ulkomaan kieliä raatailla .	Emmie sunkhaan ossaa nuita ulkomaan kieliä raatailla .
north	Voin mie pian aikhaan yrittää .	Voin mie pian aikhaan yrittää .
north	Samaa mieltä , vaikka en paikkakunnalla aau vaan naapurissa , Niemi pirteä kylä on ja aivan sopivan kokoinen , tännehän net etelästä vääntyy kun alkaa ahdistamaan .	Samaa mieltä , vaikka en paikkakunnalla aau vaan naapurissa , Niemi pirteä kylä on ja aivan sopivan kokoinen , tännehän net etelästä vääntyy kun alkaa ahdistamaan .
north	Kaikkea parasta sinne , kyllä met täällä pärjätään	Kaikkea parasta sinne , kyllä met täällä pärjätään
north	Ei kait met täällä kempassa teitä sen pahemmin haukuta .	Ei kait met täällä kempassa teitä sen pahemmin haukuta .
north	mie en nuista ehola olevista kaupungeista oo käyny muuala ko hoi anisa , mutta häätyy vähän kehua sitäki .	mie en nuista ehola olevista kaupungeista oo käyny muuala ko hoi anisa , mutta häätyy vähän kehua sitäki .
north	minusta soli niistäkaupungeista misä met kävimä ( hanoi , hue , hcmc ) kaikkein viihtysin .	minusta soli niistäkaupungeista misä met kävimä ( hanoi , hue , hcmc ) kaikkein viihtysin .
north	täynä vanahoja kaunhiita rakennuksia , siisti ja rauhallinen .	täynä vanahoja kaunhiita rakennuksia , siisti ja rauhallinen .
north	eikä niin täynänsä yliaktiivisia kaupustelijoita ko vaikkapa hue .	eikä niin täynänsä yliaktiivisia kaupustelijoita ko vaikkapa hue .
north	sitäpaitti , jos ei ihan keskitalavela oo menosa , niin ihan soma uimarantaki on lähelä .	sitäpaitti , jos ei ihan keskitalavela oo menosa , niin ihan soma uimarantaki on lähelä .
north	mutta tosihaan kylymä ja myrskynen keskitalavela .	mutta tosihaan kylymä ja myrskynen keskitalavela .
north	turisteja kaupungila kyllä parveilee melekosesti mutta ihan hyväsä järijestyksesä .	turisteja kaupungila kyllä parveilee melekosesti mutta ihan hyväsä järijestyksesä .
north	phu quoc tieten on ihan oma lukunsa , muttet sie siittä mithään kysykhään .	phu quoc tieten on ihan oma lukunsa , muttet sie siittä mithään kysykhään .
north	tuota albuumia sellaamala löytys jotaki kuvia hoi anista ja lähiympärisöstä	tuota albuumia sellaamala löytys jotaki kuvia hoi anista ja lähiympärisöstä
north	Ei nuilla päättäjillä ole sanavaltaa ollenkaan ko kaikki päätetään jo valmiiksi niijen puolesta .	Ei nuilla päättäjillä ole sanavaltaa ollenkaan ko kaikki päätetään jo valmiiksi niijen puolesta .
north	Mutta pöljimpiä olema met , " tavalliset " äänestävät ihmiset , jotka sallima tuommosten pöljien päästä sinne nuijaa koputtelemaan ja päättämään meän asioista .	Mutta pöljimpiä olema met , " tavalliset " äänestävät ihmiset , jotka sallima tuommosten pöljien päästä sinne nuijaa koputtelemaan ja päättämään meän asioista .
north	Kaikkia luvataan ennen vaalia , mutta mietitäämpä nyt oikein tosissaan että onko se jota äänestimä täyttäny meän odotukset ja lupaukset ?	Kaikkia luvataan ennen vaalia , mutta mietitäämpä nyt oikein tosissaan että onko se jota äänestimä täyttäny meän odotukset ja lupaukset ?
north	Ja ens vaaleissa taas pittää sitä sammaa äänestää ..	Ja ens vaaleissa taas pittää sitä sammaa äänestää ..
north	vaikka se ei ois tehny yhtään mittään edellisellä kauela !	vaikka se ei ois tehny yhtään mittään edellisellä kauela !
north	No ko meijän laspet saa lämipimän aterian koulusa eli ruuvat .	No ko meijän laspet saa lämipimän aterian koulusa eli ruuvat .
north	No joha meni vaikiaks .	No joha meni vaikiaks .
north	Hyvä Kalevi , laita sie tuo 24n seriffi aishoin , met emmä sille mitään voi vaikka met tehemmä yhessä .	Hyvä Kalevi , laita sie tuo 24n seriffi aishoin , met emmä sille mitään voi vaikka met tehemmä yhessä .
north	katteellinen ku meillon nii runsaat saaliit päätä kohi .	katteellinen ku meillon nii runsaat saaliit päätä kohi .
north	En tulis teijän mukkaan sitte millään , ei taitas ennää lihat riittää sopassa .	En tulis teijän mukkaan sitte millään , ei taitas ennää lihat riittää sopassa .
north	Eilen hommasin vielä yhen pakastimen lissää ko piti 140 killoo porroo mahtua johonni .	Eilen hommasin vielä yhen pakastimen lissää ko piti 140 killoo porroo mahtua johonni .
north	Onhan tuota lihhoo mutta kyllä vielä pitäs muutama peura käyä ampumasa , sittä saa makosaa paistia .	Onhan tuota lihhoo mutta kyllä vielä pitäs muutama peura käyä ampumasa , sittä saa makosaa paistia .
north	Ja nuita poikasiahan met vanhukset ei ees tunneta .	Ja nuita poikasiahan met vanhukset ei ees tunneta .
north	Miukin maha kasvaa , jotta suutarilla pitää henksdleitä jatkaa .	Miukin maha kasvaa , jotta suutarilla pitää henksdleitä jatkaa .
north	Sit myö kehitellään erillaisia tekniikoita va ...	Sit myö kehitellään erillaisia tekniikoita va ...
north	Se ei ookkaan niin helppoo nykyaikana , usot sie .	Se ei ookkaan niin helppoo nykyaikana , usot sie .
north	Mut met aina selvitään .	Mut met aina selvitään .
north	Mut , kuule , nyt pittää lähtee taas kehittelemmää yht juttua .	Mut , kuule , nyt pittää lähtee taas kehittelemmää yht juttua .
north	Ruottin kuttasessa met , väärtin kaupassa ruukaama käyä Talvella väylää pitkin tyyräämä potkukelkalla .	Ruottin kuttasessa met , väärtin kaupassa ruukaama käyä Talvella väylää pitkin tyyräämä potkukelkalla .
north	Emmä met kuluta tyhjään pensiiniä .	Emmä met kuluta tyhjään pensiiniä .
north	Kesällä sitte venheellä Kaupasta met ostama vähä mitäki.	Kesällä sitte venheellä Kaupasta met ostama vähä mitäki.
north	Meijeri on halpaa , faalukorv on hyvvää ja fiili on paksua .	Meijeri on halpaa , faalukorv on hyvvää ja fiili on paksua .
north	Bensiininki net sanovat olevan halvemman ku suomessa .	Bensiininki net sanovat olevan halvemman ku suomessa .
north	Autoja jo naapurienkin pihat täynnä , mihin mie jouvun jos Hannu aina vaan joka siunaaman kuukausi lähettää vuan lissää js lissää , siis RAHUA ......RAHUA ...	Autoja jo naapurienkin pihat täynnä , mihin mie jouvun jos Hannu aina vaan joka siunaaman kuukausi lähettää vuan lissää js lissää , siis RAHUA ......RAHUA ...
north	tuu sie poika bingoon , sielhän met kemin naiset ..	tuu sie poika bingoon , sielhän met kemin naiset ..
north	jos nyt asiaa puhuma , niin onhan tuo hetta hotelli myös kait auki .	jos nyt asiaa puhuma , niin onhan tuo hetta hotelli myös kait auki .
north	eipä paikalliset mishän kulje ku niitä ei nämät yrittäjät arvosta ollenkhaan asiakkaina .	eipä paikalliset mishän kulje ku niitä ei nämät yrittäjät arvosta ollenkhaan asiakkaina .
north	mutta olekkos sie mies vai nainen , jos met vaikka sulle seuraa järjestämä , ja minkhään ikänen mahat olla ?	mutta olekkos sie mies vai nainen , jos met vaikka sulle seuraa järjestämä , ja minkhään ikänen mahat olla ?
north	Raitista päivää keskellä viikkua .	Raitista päivää keskellä viikkua .
north	Kävin broidin katin ruokkimasa ja kukat kastelemasa,niin siinäpä se tuliki tehtyä .	Kävin broidin katin ruokkimasa ja kukat kastelemasa,niin siinäpä se tuliki tehtyä .
north	Hiano päivä:saa olla selevänä,hip hei vaan .	Hiano päivä:saa olla selevänä,hip hei vaan .
north	tai mistäpä tuota vielä tässä vaihhessa ossaa varmaksi sanoa .	tai mistäpä tuota vielä tässä vaihhessa ossaa varmaksi sanoa .
north	:) Joo , Sirkasta on kuulema kans silloin kaikki tulossa Maailman kylhin ...	:) Joo , Sirkasta on kuulema kans silloin kaikki tulossa Maailman kylhin ...
north	Ei niitä tarvinnu ees paljo pyytää , mutta tahoima met kuitenki .	Ei niitä tarvinnu ees paljo pyytää , mutta tahoima met kuitenki .
north	Ou jee , mie hävisin vaaleissa .	Ou jee , mie hävisin vaaleissa .
north	mutt ku ne ei ossaa , nää valitut , tehä sitte mittään oikeen .	mutt ku ne ei ossaa , nää valitut , tehä sitte mittään oikeen .
north	tartteeko teijän touhuja mukamas hävinneijenkin kiitellä ?	tartteeko teijän touhuja mukamas hävinneijenkin kiitellä ?
north	Ja kirjottelit sielä , kiitos !	Ja kirjottelit sielä , kiitos !
north	:D Teit meän palstasta suositumman ko se jo olikhaan .	:D Teit meän palstasta suositumman ko se jo olikhaan .
north	On net äijät piruja täälä , ei kärsi yhtaikaa ees postilaatikolle mennä vierekkäin postia ottahmaan , heti olhaan tisseissä kiini .	On net äijät piruja täälä , ei kärsi yhtaikaa ees postilaatikolle mennä vierekkäin postia ottahmaan , heti olhaan tisseissä kiini .
north	Törkiää se on ettei kerää mutta kokkolalehden teksaripalstalla joku mainosti että hän on ainua joka kerää koiransa p .....	Törkiää se on ettei kerää mutta kokkolalehden teksaripalstalla joku mainosti että hän on ainua joka kerää koiransa p .....
north	-Oliko se tänäänkin haamuna kun mun koira teki p......t ,otin pois mutta olinko se minä vain hän , Tupakkiaskit tyhjät grillipaperit ja kahvipurkit niitä on jokapaikassa kuka heittää en minä kun mitään nuista en tarvitse .	-Oliko se tänäänkin haamuna kun mun koira teki p......t ,otin pois mutta olinko se minä vain hän , Tupakkiaskit tyhjät grillipaperit ja kahvipurkit niitä on jokapaikassa kuka heittää en minä kun mitään nuista en tarvitse .
north	Ei heillä mittään omavarraistalloutta liene ?	Ei heillä mittään omavarraistalloutta liene ?
north	Molen sammaa mieltä teän kans .	Molen sammaa mieltä teän kans .
north	Tulosta sielä pittää tehä .	Tulosta sielä pittää tehä .
north	Ja jos että tehe nii met järvikylien pojat tulema porukala pyörittään sitä veiviä nii lujjaa että alkaa rautaa olleen rullala !	Ja jos että tehe nii met järvikylien pojat tulema porukala pyörittään sitä veiviä nii lujjaa että alkaa rautaa olleen rullala !
north	Ko vain nukkuva sielä ,eikä tehe töitä .	Ko vain nukkuva sielä ,eikä tehe töitä .
north	Hiki se häätyy lentää ..eikö vain pojat ?	Hiki se häätyy lentää ..eikö vain pojat ?
north	Minusta siinä oli aika laillaki asiaa , tottahan se on että täälä haukuthaan kaikki ja kaikkien tekemiset ja tekemättä jättämiset .	Minusta siinä oli aika laillaki asiaa , tottahan se on että täälä haukuthaan kaikki ja kaikkien tekemiset ja tekemättä jättämiset .
north	Eikä sitä kotikyläänsä kannattais kovin paljon julkissuvessa haukkua , ja senki vois ainaki yrittää muistaa että loppujen lopuksi met itte voima vaikuttaa kotipitäjän asioihin !	Eikä sitä kotikyläänsä kannattais kovin paljon julkissuvessa haukkua , ja senki vois ainaki yrittää muistaa että loppujen lopuksi met itte voima vaikuttaa kotipitäjän asioihin !
north	Teskikaloja jos ei olis olise tämäki enontekiö24 hiljanen paikka on se hyvä että angelijärven jälkeläiset jälkeläishinen tappelevat jälkeläisistä tääläki joka paikassa sama homma ei net ossaa olla tappelematta ja sotkevat kaikkien välit onkhan net sairhaita vai katheja tai molempia pössöjä net ainaki on	Teskikaloja jos ei olis olise tämäki enontekiö24 hiljanen paikka on se hyvä että angelijärven jälkeläiset jälkeläishinen tappelevat jälkeläisistä tääläki joka paikassa sama homma ei net ossaa olla tappelematta ja sotkevat kaikkien välit onkhan net sairhaita vai katheja tai molempia pössöjä net ainaki on
north	Valehtelet , en oo käynyt oulusa parriin vuoteen .	Valehtelet , en oo käynyt oulusa parriin vuoteen .
north	Syö silimilläs mitä tykkäät .	Syö silimilläs mitä tykkäät .
north	Rengillään se entinenkin isäntä sen homman teetti ja näytti ihte vain taskulampulla valua , tierä sitten miten siä sen siemennyksen hoijit vaiko emäntäs ihte	Rengillään se entinenkin isäntä sen homman teetti ja näytti ihte vain taskulampulla valua , tierä sitten miten siä sen siemennyksen hoijit vaiko emäntäs ihte
north	Eikä me mittään polliisia pelätä .	Eikä me mittään polliisia pelätä .
north	Täälähän sitä ei just pelätä .	Täälähän sitä ei just pelätä .
north	Oon koko päivän seissy torin rannasa ja ootellu teitä , mutta te vaan tykkäätte olla sielä kehä kolomosen sisäpuolella .	Oon koko päivän seissy torin rannasa ja ootellu teitä , mutta te vaan tykkäätte olla sielä kehä kolomosen sisäpuolella .
north	Tulukaapa kattelemaa vähä ulukomaailimaaki .	Tulukaapa kattelemaa vähä ulukomaailimaaki .
north	Täälä o palijo nähtävää .	Täälä o palijo nähtävää .
north	Tuu jeleppiin mua mehtähommissa ,niin ei tarvihte kysellä tunkkasista saleista .	Tuu jeleppiin mua mehtähommissa ,niin ei tarvihte kysellä tunkkasista saleista .
north	No seisahutappa talousmies se hevosesti vähäksi aikaa ja ota kuule sieki välillä kauroja , vaikka ryyneinä suuhus , ettet nyt häthäs tukehu !	No seisahutappa talousmies se hevosesti vähäksi aikaa ja ota kuule sieki välillä kauroja , vaikka ryyneinä suuhus , ettet nyt häthäs tukehu !
north	Mikä helevetti sen Seuralan nyt näin äkkiä lahotti ?	Mikä helevetti sen Seuralan nyt näin äkkiä lahotti ?
north	Oletkos sie käyny kuseksimasa nurkhin , ko tiiät täälä hevosmiehen tietotoimiston tarkkana uutisoijana tuomosta kertoa ?	Oletkos sie käyny kuseksimasa nurkhin , ko tiiät täälä hevosmiehen tietotoimiston tarkkana uutisoijana tuomosta kertoa ?
north	Tosihan nyt on , että kepulaisen kommuuni on toella kyllä enämpiki lahoamis vaarasa ko Seurala.Kunta sai aikoihnan vastinetta rahoilheen , eli tiiätkö , että kunta osti Seuralan ja sitä sanothan KAUPANTEOKSI .	Tosihan nyt on , että kepulaisen kommuuni on toella kyllä enämpiki lahoamis vaarasa ko Seurala.Kunta sai aikoihnan vastinetta rahoilheen , eli tiiätkö , että kunta osti Seuralan ja sitä sanothan KAUPANTEOKSI .
north	Mutta kunta AVUSTI tätä yrittäjää , eli anto riihikuivaa rahhaa kepulaisten yksinkertasela päätökselä ,eikä saanu mithän vastinetta .	Mutta kunta AVUSTI tätä yrittäjää , eli anto riihikuivaa rahhaa kepulaisten yksinkertasela päätökselä ,eikä saanu mithän vastinetta .
north	Ei sielä keminmaalaiset voi käyä , ko maksun eestä liikkumasa , mutta Seuralasa voi koululaiset liikkua liikuntatunneila ja muutenki.	Ei sielä keminmaalaiset voi käyä , ko maksun eestä liikkumasa , mutta Seuralasa voi koululaiset liikkua liikuntatunneila ja muutenki.
north	Älä sie saatana rupia kuule täälä kieroihlen selevittämhän mustaa valakoseksi , ko meiltä löytyy asiakiriat näistä molemmista .	Älä sie saatana rupia kuule täälä kieroihlen selevittämhän mustaa valakoseksi , ko meiltä löytyy asiakiriat näistä molemmista .
north	Mene kuule jo maanataina kunnavirastole ja pyyä saaja nähä arkistosta molemmat päätökset , niin jo rupiaa sullaki saatanala silimät aukiamhan ja näet , että toinen on tosiihanki kauppa ja toinen ns.	Mene kuule jo maanataina kunnavirastole ja pyyä saaja nähä arkistosta molemmat päätökset , niin jo rupiaa sullaki saatanala silimät aukiamhan ja näet , että toinen on tosiihanki kauppa ja toinen ns.
north	puoluetuki , jos nyt oiken tottuus sanothan , sillä ei sitä yritystueksi voi sanua , ko ei meilä muilekhan yrityksile jaeta tuomosia avustuksia , ei vaikka tulis minkämoinen kultakaivos.Ja vielä sie kiriotat ettei se yrittäjä ottanu sitä 800.000 mummonmarkkaa , elikkä kelepasi vain 500.000 mummoa , no tais hälläki jo häveliäisyys nostaa pääthänsä pikkuriikkisen näkyhvin , että toppasi ko ruvethin kylilä pariaahman moista velekakunnan hyäksikäyttöä .	puoluetuki , jos nyt oiken tottuus sanothan , sillä ei sitä yritystueksi voi sanua , ko ei meilä muilekhan yrityksile jaeta tuomosia avustuksia , ei vaikka tulis minkämoinen kultakaivos.Ja vielä sie kiriotat ettei se yrittäjä ottanu sitä 800.000 mummonmarkkaa , elikkä kelepasi vain 500.000 mummoa , no tais hälläki jo häveliäisyys nostaa pääthänsä pikkuriikkisen näkyhvin , että toppasi ko ruvethin kylilä pariaahman moista velekakunnan hyäksikäyttöä .
north	Ja aivan turhaa sie täälä kehuskelet sillä kuulusuuela , mitäs siittä on saatu muuta ko rupia persaukshin ja eikä meilä ole ollu mithän hyötyä valtuustosakhan mokomasta , koe ei se viitti ees kokkouksia käyä , seku se oli ehokhaanaki johan se tiiethin.Ker äs ääniä ja aivan turhan takia .	Ja aivan turhaa sie täälä kehuskelet sillä kuulusuuela , mitäs siittä on saatu muuta ko rupia persaukshin ja eikä meilä ole ollu mithän hyötyä valtuustosakhan mokomasta , koe ei se viitti ees kokkouksia käyä , seku se oli ehokhaanaki johan se tiiethin.Ker äs ääniä ja aivan turhan takia .
north	Ei se ny ihan niikhään taia mennä .	Ei se ny ihan niikhään taia mennä .
north	Se häätys vain kattoa papereista , että ketä ilman pärjäthän ja pistää kyseiset pihale .	Se häätys vain kattoa papereista , että ketä ilman pärjäthän ja pistää kyseiset pihale .
north	Jos se sattuu hyävsukusseen , ni sillei voi mithän .	Jos se sattuu hyävsukusseen , ni sillei voi mithän .
north	Emmie halua osotella kethän , mutta joku mustatakkinen sais papereista kattoa , että ketä tarvithan ja ketä ei .	Emmie halua osotella kethän , mutta joku mustatakkinen sais papereista kattoa , että ketä tarvithan ja ketä ei .
north	sie oot ollu rovaniemen ja sovankylän välillä töissä näin olen mie ymmärtäny kyllä se roronkäristys oli kallista myös markka aikana kun mie siellä itä kairassa kuljin niin kesällä kun talvella hiihtäen kun tulthiin maaili kylhiin niin meän piti kahtheen kerthaan kattua mitä met syötäis , räristys oli jothain 20 markan luokkaa siloin 60-70 luvuilla .	sie oot ollu rovaniemen ja sovankylän välillä töissä näin olen mie ymmärtäny kyllä se roronkäristys oli kallista myös markka aikana kun mie siellä itä kairassa kuljin niin kesällä kun talvella hiihtäen kun tulthiin maaili kylhiin niin meän piti kahtheen kerthaan kattua mitä met syötäis , räristys oli jothain 20 markan luokkaa siloin 60-70 luvuilla .
north	aita vaheilta met ostimma syömä poron hinta oli siloin 300 markan luokkaa mutta nyt ovat hinnat noussheet kymmen kertaisesti siihen aikhaa .	aita vaheilta met ostimma syömä poron hinta oli siloin 300 markan luokkaa mutta nyt ovat hinnat noussheet kymmen kertaisesti siihen aikhaa .
north	Solet kyllä oikiasti teheny ko olet laittanu tyhiät pullot korkkeihnen päiviihnen mummole mehupulloiksi .	Solet kyllä oikiasti teheny ko olet laittanu tyhiät pullot korkkeihnen päiviihnen mummole mehupulloiksi .
north	Mitä sitten tullee tuohon pontikhan niin eikös sollu niitä korpikuusen kyynelheitä mitä net mettäsä oottivat tippuviksi ?	Mitä sitten tullee tuohon pontikhan niin eikös sollu niitä korpikuusen kyynelheitä mitä net mettäsä oottivat tippuviksi ?
north	Jo vain siihen aikhan kuuset koasti valuttiki sitä kyyneltä ja vieläpä väkevämmän sorttistaki olivat ko niin tulivat päihin nämä juomamiehet niisä mettätöisäki .	Jo vain siihen aikhan kuuset koasti valuttiki sitä kyyneltä ja vieläpä väkevämmän sorttistaki olivat ko niin tulivat päihin nämä juomamiehet niisä mettätöisäki .
north	Nykyshinhän ne hakevat itekukanenki sen kyynelpullon tuolta pitkäripasesta .	Nykyshinhän ne hakevat itekukanenki sen kyynelpullon tuolta pitkäripasesta .
north	Miksikhän sitä muuten sanothan pitkäripaseksi , ko ei sunkhan sielä ole sen pitemmät rivat ko muisakhan kaupoisa .	Miksikhän sitä muuten sanothan pitkäripaseksi , ko ei sunkhan sielä ole sen pitemmät rivat ko muisakhan kaupoisa .
north	Oleksie muuten ajatellu että mitä se tuo tulleshan se joulupukki ko senki aika alakaa olla jo meleko lähelä ?	Oleksie muuten ajatellu että mitä se tuo tulleshan se joulupukki ko senki aika alakaa olla jo meleko lähelä ?
north	Mie ajattelin että jos sais vaikka sitä ( uskaltaakhan sitä sanuakhan ) niin että jos sais sitä tuphen sahattua höylättyä lautaa ees sen verran , että pystys rakentamhan nuile talavilinnuile oikein komian lintulauvan ja vielä ulukoterassila varustetun josa ne saattasivat ruuan pääle leppuutella jalakoihan , niin sillai ihan heilutella niitä niinkö riuvun päälä .	Mie ajattelin että jos sais vaikka sitä ( uskaltaakhan sitä sanuakhan ) niin että jos sais sitä tuphen sahattua höylättyä lautaa ees sen verran , että pystys rakentamhan nuile talavilinnuile oikein komian lintulauvan ja vielä ulukoterassila varustetun josa ne saattasivat ruuan pääle leppuutella jalakoihan , niin sillai ihan heilutella niitä niinkö riuvun päälä .
north	Oliskohan se mitenkhän mahollista saaha semmosta lahiaa , ko eihän se mulle ittele tulis ko nuile linturievuile .	Oliskohan se mitenkhän mahollista saaha semmosta lahiaa , ko eihän se mulle ittele tulis ko nuile linturievuile .
north	Senpä näkkee sitten ko on saatu lahiat että mitenkä se meni , mutta voishan sitä yrittää saaha vähän niinko ennakhon yhen lahian että pääsisit nuo talitiaiset ja muut höttiset syöhmän .	Senpä näkkee sitten ko on saatu lahiat että mitenkä se meni , mutta voishan sitä yrittää saaha vähän niinko ennakhon yhen lahian että pääsisit nuo talitiaiset ja muut höttiset syöhmän .
north	Mutta syöhmän se pittää minunki nyt rueta ettei mene iltaseksi koko ruokailu , vaikka säästöähän seki olis .	Mutta syöhmän se pittää minunki nyt rueta ettei mene iltaseksi koko ruokailu , vaikka säästöähän seki olis .
north	Mie en mithän Kemin murretta tiiä , sillä eikös ne puhu ihan kiriakielelä sielä .	Mie en mithän Kemin murretta tiiä , sillä eikös ne puhu ihan kiriakielelä sielä .
north	En ole kuullu niitten h:n päältä puhuvan ja tuskin ossaavakhan , ko se ei ole kovin heleppoa panna sitä h:ta oikiihan paikhan .	En ole kuullu niitten h:n päältä puhuvan ja tuskin ossaavakhan , ko se ei ole kovin heleppoa panna sitä h:ta oikiihan paikhan .
north	Kyllähän net usiammat on sitä yrittänhet , mutta huonosti on kohihlen sattunu .	Kyllähän net usiammat on sitä yrittänhet , mutta huonosti on kohihlen sattunu .
north	Mie en olekhan Kemistä kotosin , vaan olen Kemijokivarresta ja meilä on oma murre , niinko on Torniojokivartisilaki .	Mie en olekhan Kemistä kotosin , vaan olen Kemijokivarresta ja meilä on oma murre , niinko on Torniojokivartisilaki .
north	Net ne vasta h:n päältä puhuvakki .	Net ne vasta h:n päältä puhuvakki .
north	Met ei olla ko vsthantulijoita .	Met ei olla ko vsthantulijoita .
north	sulla täytyy olla vähän tekemistä ko koko ajan toisten kirjoitus virheistä valitat , ei met kuolussa olla vaan netissä , enkä mie hauskaa kirjoittamassa ollu vaan mainitsin vain että ko toiset haluaa jotain hauskaa kirjoittaa niin sie käyt heti haaukkuu eli sinun mielestä iloisia juttuja ei saa kirjoittaa	sulla täytyy olla vähän tekemistä ko koko ajan toisten kirjoitus virheistä valitat , ei met kuolussa olla vaan netissä , enkä mie hauskaa kirjoittamassa ollu vaan mainitsin vain että ko toiset haluaa jotain hauskaa kirjoittaa niin sie käyt heti haaukkuu eli sinun mielestä iloisia juttuja ei saa kirjoittaa
north	Kyllähä ne vahavistaa uskua ja joutuu tekkee myös ryhtiliikettä , kun muistaa , ettei täällä voi riehua mite sattuu , ku ollaan Isän silimien alla .	Kyllähä ne vahavistaa uskua ja joutuu tekkee myös ryhtiliikettä , kun muistaa , ettei täällä voi riehua mite sattuu , ku ollaan Isän silimien alla .
north	Mie kun asun täälä lähelä Joulupukkia niin pyysi se sulle kertomhan , että ei ole Joulupukila vara laittaa sulle niin kalhia lahajoja .	Mie kun asun täälä lähelä Joulupukkia niin pyysi se sulle kertomhan , että ei ole Joulupukila vara laittaa sulle niin kalhia lahajoja .
north	Se on kattoppa tämä laman uhka ja talouskatasrohovi vaikuttanu Joulupukinki budijethin .	Se on kattoppa tämä laman uhka ja talouskatasrohovi vaikuttanu Joulupukinki budijethin .
north	Sulla on kolome vaihtoehtoa , jokka ovat seuraavat : 1. luovut haahveistas 2. tienaat itte rahat vehkheishin 3. kerijäät joltaki rikhalta sukulaiselta , että ponsorois sinua etes jonkukhan verran , vaikka muutama sata euroa .	Sulla on kolome vaihtoehtoa , jokka ovat seuraavat : 1. luovut haahveistas 2. tienaat itte rahat vehkheishin 3. kerijäät joltaki rikhalta sukulaiselta , että ponsorois sinua etes jonkukhan verran , vaikka muutama sata euroa .
north	Netistä saat halavemmala .	Netistä saat halavemmala .
north	Elikkä met maksetaan.Minun puolesta valtio vois alakaa maksamaan , että mullikat ja hevoset ja lampaat ja mitä näitä nyt onkaan saisvat kulukia vapaana ja sitte aidattaisi jos se alkaisi olemaan ihimisille haittana .Ennenvanhaan oli niin että oli vapaampaa laidunnus .	Elikkä met maksetaan.Minun puolesta valtio vois alakaa maksamaan , että mullikat ja hevoset ja lampaat ja mitä näitä nyt onkaan saisvat kulukia vapaana ja sitte aidattaisi jos se alkaisi olemaan ihimisille haittana .Ennenvanhaan oli niin että oli vapaampaa laidunnus .
north	Vai on sielä alettu kyttäähmään , sehän on jo melkein niinkö kaupunkissa .	Vai on sielä alettu kyttäähmään , sehän on jo melkein niinkö kaupunkissa .
north	Kyllä se Ylitornionseutu oli silloinko mie kläppinä jouin muuttahmaan 50-60 luvunvaihteessa pelkkää kurjuutta ,nuin ylheensä ottaen läpheensä .	Kyllä se Ylitornionseutu oli silloinko mie kläppinä jouin muuttahmaan 50-60 luvunvaihteessa pelkkää kurjuutta ,nuin ylheensä ottaen läpheensä .
north	Muutama punaniska isäntä joila oli vähän enämpi rahhaa sielä pullikoi ja joppasi.En ole 40 vuotheen pa-kantanuthkaan sinne päin .	Muutama punaniska isäntä joila oli vähän enämpi rahhaa sielä pullikoi ja joppasi.En ole 40 vuotheen pa-kantanuthkaan sinne päin .
north	tiiä mitä pimeää yrität päästä tekkeen !	tiiä mitä pimeää yrität päästä tekkeen !
north	laki on jo löytyny,son kuulemi ihan rovaniemeltä asti tulossa polliisisetä selvittähmään nuita paskapuhheita,eli eikhän se paha saa palkkansa taas kerran	laki on jo löytyny,son kuulemi ihan rovaniemeltä asti tulossa polliisisetä selvittähmään nuita paskapuhheita,eli eikhän se paha saa palkkansa taas kerran
north	On kauhijaa oulusa , pittää oekein polliisin puuttuva asijaan , ei ennää nettipolliisit piisaa .	On kauhijaa oulusa , pittää oekein polliisin puuttuva asijaan , ei ennää nettipolliisit piisaa .
north	Sie et ole koskaan tainukhaan siitä piitata .	Sie et ole koskaan tainukhaan siitä piitata .
north	Oohan se puhelias ollu aina joo omanlaisensa niinkö met muukki , Mutta varmaan reiluimpia ihmisiä muita kohtaan asuinkunnassaa mitä mie tunnen .	Oohan se puhelias ollu aina joo omanlaisensa niinkö met muukki , Mutta varmaan reiluimpia ihmisiä muita kohtaan asuinkunnassaa mitä mie tunnen .
north	Kyllä naurattaa taas makiasti kuin nuita lukee ...	Kyllä naurattaa taas makiasti kuin nuita lukee ...
north	Ossaako kukkaa arvostaa sitä mitä Palosaaret on tuonheet kuntaan ?	Ossaako kukkaa arvostaa sitä mitä Palosaaret on tuonheet kuntaan ?
north	Tuhansia hlö työvuosia ja milijoonia euruja rahhaa .	Tuhansia hlö työvuosia ja milijoonia euruja rahhaa .
north	Mutta niihä net sannoo että kukkaa ei rohveetta omalla maallaan .	Mutta niihä net sannoo että kukkaa ei rohveetta omalla maallaan .
north	Sanosin näin että valittajat tehkää ite jottai elekääkä aina mollatko niitä jotka tekkee ja yrittää .	Sanosin näin että valittajat tehkää ite jottai elekääkä aina mollatko niitä jotka tekkee ja yrittää .
north	Heleppo se on valittaa ja mollata ku itestä ei oo mihinkään .	Heleppo se on valittaa ja mollata ku itestä ei oo mihinkään .
north	Ei met mithän souvia täälä pietä .	Ei met mithän souvia täälä pietä .
north	Ittehän sie alotit sitä pitämhän .	Ittehän sie alotit sitä pitämhän .
north	Susi on viheliäisin elukka mitä maa päällään kantaa ja joka ainua joutaa ampua pois , mitä lie luoja ajatellut kun on tuommoisen luonut .	Susi on viheliäisin elukka mitä maa päällään kantaa ja joka ainua joutaa ampua pois , mitä lie luoja ajatellut kun on tuommoisen luonut .
north	itte kyllä tykkään kaikista nuista autoista mutta jos hakee parasta kääntyvyyttä ja kiihytystä ( mutta ei hyvä kiihytys auto ) niin tuo mazda miata se pieni ja ketterä mutta siitä ei kyllä kovin hiano saa mutta jos tykkään hienosta autosta niin surpa tai rsx	itte kyllä tykkään kaikista nuista autoista mutta jos hakee parasta kääntyvyyttä ja kiihytystä ( mutta ei hyvä kiihytys auto ) niin tuo mazda miata se pieni ja ketterä mutta siitä ei kyllä kovin hiano saa mutta jos tykkään hienosta autosta niin surpa tai rsx
north	Kyllä nämä tiiethään kuka pettää ja ketä mutta mitäpä met siitä välitetään kun ei puolisoita itteäänkään kiinnosta Poronoitajilla saamelaisilla on lupa ajaa mistä vain .	Kyllä nämä tiiethään kuka pettää ja ketä mutta mitäpä met siitä välitetään kun ei puolisoita itteäänkään kiinnosta Poronoitajilla saamelaisilla on lupa ajaa mistä vain .
north	Toisin kun lantalaisilla , missä toinen osapuoli laukkaa säälittää vain kattoa ko vängällä piethään kulissia yllä vaikka tottuus onki sitte aivan muuta .	Toisin kun lantalaisilla , missä toinen osapuoli laukkaa säälittää vain kattoa ko vängällä piethään kulissia yllä vaikka tottuus onki sitte aivan muuta .
north	tuo teiän touhu , aikuset ihmiset kehtaatta tapella nimimerkin takana.Eik ö sielä ole mithän muuta hommaa ku syytellä toisia ilman toditeita.On se ikävää ku pittää kajehtia toisia ,eikä voi asua sovussa.Nauttikaa elämästä ja antakaa toistenki nauttia !	tuo teiän touhu , aikuset ihmiset kehtaatta tapella nimimerkin takana.Eik ö sielä ole mithän muuta hommaa ku syytellä toisia ilman toditeita.On se ikävää ku pittää kajehtia toisia ,eikä voi asua sovussa.Nauttikaa elämästä ja antakaa toistenki nauttia !
north	Ensimäinen näistä kiertää kirkon ympäri ' vanhan tien ' ja ' uuentien ' kautta .	Ensimäinen näistä kiertää kirkon ympäri ' vanhan tien ' ja ' uuentien ' kautta .
north	Toinen , ns. ' Puthaanrannan lenkki ' kiertää koulujen ja virastotalojen ympäri .	Toinen , ns. ' Puthaanrannan lenkki ' kiertää koulujen ja virastotalojen ympäri .
north	Sitte näitä lenkkejä voi tietysti yhistellä eri tavoilla tai ajjaa välilä toisseen ja sitte taas toisseen suunthaan .	Sitte näitä lenkkejä voi tietysti yhistellä eri tavoilla tai ajjaa välilä toisseen ja sitte taas toisseen suunthaan .
north	Ku oikein käyttää mielikuvitusta , niin huomaa , että maholisuuksia on paljonki .	Ku oikein käyttää mielikuvitusta , niin huomaa , että maholisuuksia on paljonki .
north	Välilä voi tietysti poiketa vaikkapa Harrinivan pihala tai Oloksela pyörähtämässä .	Välilä voi tietysti poiketa vaikkapa Harrinivan pihala tai Oloksela pyörähtämässä .
north	Sitte , jos nämät alkavat kyllästyttämähään , voi tietysti kauemaksiki lähteä , mutta eipä sielä ihan lähelä paljon mithään nähtävää ole .	Sitte , jos nämät alkavat kyllästyttämähään , voi tietysti kauemaksiki lähteä , mutta eipä sielä ihan lähelä paljon mithään nähtävää ole .
north	Niin ja tietysti voi välilä seisottaa autoa sielä keskelä kyllää ja katela paikalisten mummojen potkukelkkailua .	Niin ja tietysti voi välilä seisottaa autoa sielä keskelä kyllää ja katela paikalisten mummojen potkukelkkailua .
north	Sama sakki ollu vallankahvassa ja turvannu vain omat työpaikkansa kunnantalola .	Sama sakki ollu vallankahvassa ja turvannu vain omat työpaikkansa kunnantalola .
north	Siinä meilä kehitystä veromarkoilla .	Siinä meilä kehitystä veromarkoilla .
north	Ja met se vain hyväksymä tämmösen touhun ...	Ja met se vain hyväksymä tämmösen touhun ...
north	Vieläkö polokee mustalla paksukummisella mummopyörällä ?	Vieläkö polokee mustalla paksukummisella mummopyörällä ?
north	kyllä vain tulisin moikkaahmaan tuollaista sanaseppää , tuppisuista en niin piittaakhaan , praataaminen olisi mukavaa heinäkenkien , sori , :)) , eiku välittömien lapinmiesten kanssa ( kokemusta on ) ja kehtaan sanoa .	kyllä vain tulisin moikkaahmaan tuollaista sanaseppää , tuppisuista en niin piittaakhaan , praataaminen olisi mukavaa heinäkenkien , sori , :)) , eiku välittömien lapinmiesten kanssa ( kokemusta on ) ja kehtaan sanoa .
north	Menhään sitte vaikka jänkhälle hilhaan , ja kyllä me muutenkin aikamme saamme kuluhmaan .	Menhään sitte vaikka jänkhälle hilhaan , ja kyllä me muutenkin aikamme saamme kuluhmaan .
north	Käyppä kylässä toistekki , tai miten nyt yhtehen satuthaan , heh .	Käyppä kylässä toistekki , tai miten nyt yhtehen satuthaan , heh .
north	Voishan täälä plastala puha muustaki kok kunnan huonosta tilantheesta .	Voishan täälä plastala puha muustaki kok kunnan huonosta tilantheesta .
north	Kannattais varhmaan herättää juttua , miten met yhessä sisiman kylän nousemhan ja virkeämmäksi ?	Kannattais varhmaan herättää juttua , miten met yhessä sisiman kylän nousemhan ja virkeämmäksi ?
north	Joo , siinä seleviää ettei susi oo ainuita mehtän petoja .	Joo , siinä seleviää ettei susi oo ainuita mehtän petoja .
north	Näkkyyhän nuita törröhuulia ja tankohommia olevan .	Näkkyyhän nuita törröhuulia ja tankohommia olevan .
north	asuthaan ko pellossa ,onks se pello tuola kolarin lähelä jossaki joku se on niistä mettäkylistä .	asuthaan ko pellossa ,onks se pello tuola kolarin lähelä jossaki joku se on niistä mettäkylistä .
north	Meikäläinen on jo niin vanaha että ei sokerikkaan sula ennään suusa , eikä oikein kuumasta ilimasta nauti .	Meikäläinen on jo niin vanaha että ei sokerikkaan sula ennään suusa , eikä oikein kuumasta ilimasta nauti .
north	Ja vettä pittää muistaa juua rullittaa yhtenään ja sitte tietenki vessasa laukata ain vähän päästä .	Ja vettä pittää muistaa juua rullittaa yhtenään ja sitte tietenki vessasa laukata ain vähän päästä .
north	Lämmin ei luita riko ja talavella ähistään pakkasen kynsisä .	Lämmin ei luita riko ja talavella ähistään pakkasen kynsisä .
north	Ennen penikkana tehtiin kesällä jokkeen tukkien sekkaan väylää ja siinä uija polskuteltiin .	Ennen penikkana tehtiin kesällä jokkeen tukkien sekkaan väylää ja siinä uija polskuteltiin .
north	Ei nauti ennään uimisestakaan ,kun ennen , vaan uija pittää niin kauan ko suinki pinnalla pyssyy.Ei sitä tartte vanahanakkaan lopettaa .	Ei nauti ennään uimisestakaan ,kun ennen , vaan uija pittää niin kauan ko suinki pinnalla pyssyy.Ei sitä tartte vanahanakkaan lopettaa .
north	Ja mustikat on parraillaan , vaan selekä ei tykkää siitä hommasta .	Ja mustikat on parraillaan , vaan selekä ei tykkää siitä hommasta .
north	Ei kyllä kannatas vaivojaan valittaa , vaan nauttia jokkaisesta uuvesta aamusta,ku vielä liikkeelle pääsee .	Ei kyllä kannatas vaivojaan valittaa , vaan nauttia jokkaisesta uuvesta aamusta,ku vielä liikkeelle pääsee .
north	Emme met usko .	Emme met usko .
north	Täällä ole hanskat kastunhet koko talavena .	Täällä ole hanskat kastunhet koko talavena .
north	Senverran on tuo ilima ollu kuivakkaa .	Senverran on tuo ilima ollu kuivakkaa .
north	Näkkyy olevan että isommakki koululaiset tarttee käestä pitoa , pojat ajelee mopoilla kypärät otsalla eikä lainkaan päässä .	Näkkyy olevan että isommakki koululaiset tarttee käestä pitoa , pojat ajelee mopoilla kypärät otsalla eikä lainkaan päässä .
north	Vilkkuja tai valoja ei käytetä , risteyksiin tulhaan ja menhään miten sattuu,ko olhaan niin kovia !	Vilkkuja tai valoja ei käytetä , risteyksiin tulhaan ja menhään miten sattuu,ko olhaan niin kovia !
north	Ihmettelen ettei poliisi puutu poikasten tekemishiin enempää ...	Ihmettelen ettei poliisi puutu poikasten tekemishiin enempää ...
north	Mää en nää mittään !	Mää en nää mittään !
north	Perkele kun menin ottaan pitkän ryypyn jonku oliskohan ollu Azov-pataljoonan ukko ja siinä oli jotaki vitun tenttuva .	Perkele kun menin ottaan pitkän ryypyn jonku oliskohan ollu Azov-pataljoonan ukko ja siinä oli jotaki vitun tenttuva .
north	Nyt tais mennä näkö , onneksi koulusa aikanan oppi kymmensormijärjetlmän niin voi raprtoija , vaikkei nää .	Nyt tais mennä näkö , onneksi koulusa aikanan oppi kymmensormijärjetlmän niin voi raprtoija , vaikkei nää .
north	Laita painiin :) Paini ite kans :) jos ei auta vie karateka kouhluun :) Muista myös hymyillä hymiön lailla :)	Laita painiin :) Paini ite kans :) jos ei auta vie karateka kouhluun :) Muista myös hymyillä hymiön lailla :)
north	Sairaus parlamentti kokoontuu toisissa tiloissa , ei kuulu meän umpi terveiden hommiin , met puhuma vain paskaa , niinkö tuo kateellinen kirjoitti	Sairaus parlamentti kokoontuu toisissa tiloissa , ei kuulu meän umpi terveiden hommiin , met puhuma vain paskaa , niinkö tuo kateellinen kirjoitti
north	Ei kun se menee näin , " met oomma , met lähemmä ,tet tuletta , tet menettä .	Ei kun se menee näin , " met oomma , met lähemmä ,tet tuletta , tet menettä .
north	Kemistä ollaan ja kehataan sanua .	Kemistä ollaan ja kehataan sanua .
north	Emmie kovin usshein tätä Lapin palstaa joua lukemhan ku täälä eteläsä asun .	Emmie kovin usshein tätä Lapin palstaa joua lukemhan ku täälä eteläsä asun .
north	Mutta oommie panu merkile , että sie Kaija oot eri epeli .	Mutta oommie panu merkile , että sie Kaija oot eri epeli .
north	Minun mielestä kait voisima panna pysthyn kansanäänestyksen Lapin ittenäisyyestä .	Minun mielestä kait voisima panna pysthyn kansanäänestyksen Lapin ittenäisyyestä .
north	Samoila lämpimilä huuattaisima Sinut Kaija Lapin tiktaattoriksi .	Samoila lämpimilä huuattaisima Sinut Kaija Lapin tiktaattoriksi .
north	Sillon meilä vasta soma olis Lapisa asua .	Sillon meilä vasta soma olis Lapisa asua .
north	Lukisima Lapin Kansasta sinua ylistävvää propagantaa ( " Lohet hyppää Näätämösä rannale , kun Kaija menee uimhan - Lapin ihimisen ei tartte koskhan nähhä näläkää " ) .	Lukisima Lapin Kansasta sinua ylistävvää propagantaa ( " Lohet hyppää Näätämösä rannale , kun Kaija menee uimhan - Lapin ihimisen ei tartte koskhan nähhä näläkää " ) .
north	Joka liikenneympyrhän Soankylästä ylöspäin pystyttäsimä sosialistista realismia edustavan Kaija-patshan .	Joka liikenneympyrhän Soankylästä ylöspäin pystyttäsimä sosialistista realismia edustavan Kaija-patshan .
north	Luonolista kokua , luonnollisesti .	Luonolista kokua , luonnollisesti .
north	Valtakunnan varsinainen raja tosin olis vasta siinä Saariselän eteläpuolela , samoilla seu'uin taitaa nytteki olla joku paliskunnan raja .	Valtakunnan varsinainen raja tosin olis vasta siinä Saariselän eteläpuolela , samoilla seu'uin taitaa nytteki olla joku paliskunnan raja .
north	Siihen korkia muuri ja pari komiaa rajamiestä rynnäkkökivväärein varustettuna passiin .	Siihen korkia muuri ja pari komiaa rajamiestä rynnäkkökivväärein varustettuna passiin .
north	Sisäle pääsee vain yli 83.000 euroa maksavala autola ( ei leasing ) .	Sisäle pääsee vain yli 83.000 euroa maksavala autola ( ei leasing ) .
north	Ensisijaisesti Kaijan valtakunthan pääsee parhaimasa naimaiäsä olevat miehet ( 30-48 / 184-190 / 12.000. )	Ensisijaisesti Kaijan valtakunthan pääsee parhaimasa naimaiäsä olevat miehet ( 30-48 / 184-190 / 12.000. )
north	Heiän maholliset vaimot ja kläpit voima jättää siihen muurin vieresä olevaan reservaattiin oottelemhan , josko pojat malttaa ennää tulla takasin .	Heiän maholliset vaimot ja kläpit voima jättää siihen muurin vieresä olevaan reservaattiin oottelemhan , josko pojat malttaa ennää tulla takasin .
north	Varsinainen passintarkastus tehtäis sitte Hotelli Ivalosa .	Varsinainen passintarkastus tehtäis sitte Hotelli Ivalosa .
north	Mie voin vappaaehtosesti olla tarkastamasa kans .	Mie voin vappaaehtosesti olla tarkastamasa kans .
north	Sitä ootellesa Kaija mukavaa kessää .	Sitä ootellesa Kaija mukavaa kessää .
north	Kyllä met kesän aikana näjemä , viimestään elokuusa .	Kyllä met kesän aikana näjemä , viimestään elokuusa .
north	No tekkös se olettaki .	No tekkös se olettaki .
north	Oletta oikheen tervetulleita .	Oletta oikheen tervetulleita .
north	Sitä met tarttemma .	Sitä met tarttemma .
north	Kattokko Aukula alkaa olheen aika kallista ja meilä konemihilä vettää jo muutenki tiukille .	Kattokko Aukula alkaa olheen aika kallista ja meilä konemihilä vettää jo muutenki tiukille .
north	Jättäkää purkit vaikka tuonne Norjan tien tiehaaraan ja siittä sitte jatkatta pohjasta kohi niin kauvon ette tulle meri vasthaan .	Jättäkää purkit vaikka tuonne Norjan tien tiehaaraan ja siittä sitte jatkatta pohjasta kohi niin kauvon ette tulle meri vasthaan .
north	Sielä ilmottauvutta kalastajille .	Sielä ilmottauvutta kalastajille .
north	Sielä ovat nääs kaivanheet kuningasrapusyöttejä .	Sielä ovat nääs kaivanheet kuningasrapusyöttejä .
north	Ei kyllä täytyy sanoa että olet ymmärtänyt jotakin väärin , se on PULKKA ja AHKIO millä met olemma täällä kurvailhet jo palijon ennemmin kun itämeri oli sulana .	Ei kyllä täytyy sanoa että olet ymmärtänyt jotakin väärin , se on PULKKA ja AHKIO millä met olemma täällä kurvailhet jo palijon ennemmin kun itämeri oli sulana .
north	Tervolasa messut Aiokko käyä messuila ?	Tervolasa messut Aiokko käyä messuila ?
north	15 vuojen päästä 1000 asukkaan ja 100 sujen kaupunki ...	15 vuojen päästä 1000 asukkaan ja 100 sujen kaupunki ...
north	nyt oli oikeaa yritystä päästä eroon tälläisesta kulttuurista , , , harmi kun ero tuli sille joka aidosti yritti ja laaja-alaisesti haki uutta ja oikeaa kulttuuria meän kouhluun .	nyt oli oikeaa yritystä päästä eroon tälläisesta kulttuurista , , , harmi kun ero tuli sille joka aidosti yritti ja laaja-alaisesti haki uutta ja oikeaa kulttuuria meän kouhluun .
north	Ne on varmaan persut jotka täällä meltoo , met keput kun juhlitaan .	Ne on varmaan persut jotka täällä meltoo , met keput kun juhlitaan .
north	käyny ko jussale ja aslakale , ko toiset puhuivat ryyppäämisestä ja kehuskelivat , että pari viikkua siinä touhusa meni .	käyny ko jussale ja aslakale , ko toiset puhuivat ryyppäämisestä ja kehuskelivat , että pari viikkua siinä touhusa meni .
north	Aslakka istuskeli hilijaa ja kuunteli aikansa , ja viihmein tuumas , että kun met tuon jussan kansa aloma ryyphäämään viime vuona , niin ei ollu vielä lehtikhään tullu kunnola puuhun , ja kun met lopetimma , niin lehti oli jo lähteny puusta .	Aslakka istuskeli hilijaa ja kuunteli aikansa , ja viihmein tuumas , että kun met tuon jussan kansa aloma ryyphäämään viime vuona , niin ei ollu vielä lehtikhään tullu kunnola puuhun , ja kun met lopetimma , niin lehti oli jo lähteny puusta .
north	Tämä sama turpavärkki istuskeli baarisa , ja sinne tuli pari turisti tyvärtä , ja jussa alako tekehmään ittijjään vähän niinkö tykö .	Tämä sama turpavärkki istuskeli baarisa , ja sinne tuli pari turisti tyvärtä , ja jussa alako tekehmään ittijjään vähän niinkö tykö .
north	Aikansa raatattuaan tytöt ymmärsivät yskän , ja ajattelivat " tollakkoa " vähän vejättää , ja sanoivat ettei heitä miehet kiinnosta ko het ovat lesboja .	Aikansa raatattuaan tytöt ymmärsivät yskän , ja ajattelivat " tollakkoa " vähän vejättää , ja sanoivat ettei heitä miehet kiinnosta ko het ovat lesboja .
north	Jussa kysy , sätkänsä teon lomasa , että mitä net semmoset on , ja mitä net oikheen yhesä touhuavat ?	Jussa kysy , sätkänsä teon lomasa , että mitä net semmoset on , ja mitä net oikheen yhesä touhuavat ?
north	Tyäret sano , että net pussailee toishiaan ja sormeilee , sekä nuolevat pillua .	Tyäret sano , että net pussailee toishiaan ja sormeilee , sekä nuolevat pillua .
north	Jussan ilime kirkastu ja se tuumas , että se taian mieki sitte vishiin olla lepso .	Jussan ilime kirkastu ja se tuumas , että se taian mieki sitte vishiin olla lepso .
north	met olema levilä tehneet tätä hommaa jo pitemmän aikaa,se on tuon järven ympäristö vähän semmosta että emme taija muuttaa levin käyntejä miekojärvele ko eihä sitä jaksa kokoajan tuotakhaan hommaa .	met olema levilä tehneet tätä hommaa jo pitemmän aikaa,se on tuon järven ympäristö vähän semmosta että emme taija muuttaa levin käyntejä miekojärvele ko eihä sitä jaksa kokoajan tuotakhaan hommaa .
north	Saatto olla punasta hydrauliikkaöljaa kato rattorisa on palijo letkuja mikkä mänöö kolarisa irti meinaan vaan niitä lätäkköjä .	Saatto olla punasta hydrauliikkaöljaa kato rattorisa on palijo letkuja mikkä mänöö kolarisa irti meinaan vaan niitä lätäkköjä .
north	Pari asiaa jumittaa vaa ei häpiä kysyä .	Pari asiaa jumittaa vaa ei häpiä kysyä .
north	Tuos sen näkkee ko silimät on ko puolisokiala , ja järki ko iglusa yön viethänneelä .	Tuos sen näkkee ko silimät on ko puolisokiala , ja järki ko iglusa yön viethänneelä .
north	Semmosii net persut on , met kepulit emmä tee pahaa ees kärpäselle .	Semmosii net persut on , met kepulit emmä tee pahaa ees kärpäselle .
north	Ei tule Vaattojärven lapset siephiin kouhluun aivan turha luulo .	Ei tule Vaattojärven lapset siephiin kouhluun aivan turha luulo .
north	Näin olen kuulu .	Näin olen kuulu .
north	kusiketo Omma met tyhymiä , met ´KemiTornion 24-porisijat , ainaskin aiheitten perusteella .	kusiketo Omma met tyhymiä , met ´KemiTornion 24-porisijat , ainaskin aiheitten perusteella .
north	Moomma parhaat voimat valinneet .	Moomma parhaat voimat valinneet .
north	Samat naamat nallottaa vuojen päästä palleilla .	Samat naamat nallottaa vuojen päästä palleilla .
north	noh ei sullaka taija enää hissi aivan vintille saakka vetää ;- )	noh ei sullaka taija enää hissi aivan vintille saakka vetää ;- )
north	Tuuppa meille tekkeen :D .	Tuuppa meille tekkeen :D .
north	olpa siinä suvaitsevainen kirijottaja meillä .	olpa siinä suvaitsevainen kirijottaja meillä .
north	ei nui viishala oo asiaa kaastisele ollenkan .	ei nui viishala oo asiaa kaastisele ollenkan .
north	Joka tapauksessa viijen vuojen päästä kaikki sivukylän koulut suljetaan .	Joka tapauksessa viijen vuojen päästä kaikki sivukylän koulut suljetaan .
north	Niin sielä kuumasa Bangkokisa , ku täälä sykshyyn kallistuvasa KotoSuomesaki .	Niin sielä kuumasa Bangkokisa , ku täälä sykshyyn kallistuvasa KotoSuomesaki .
north	Eiku tsemppiä vaan sinne ja uskua elämhään .	Eiku tsemppiä vaan sinne ja uskua elämhään .
north	Se nimittäin tapahtu ihan sillon minun nuoruuvesa ja tuli niin elävästi mielheen tuosta tarinasta .	Se nimittäin tapahtu ihan sillon minun nuoruuvesa ja tuli niin elävästi mielheen tuosta tarinasta .
north	Jotta mitä tekevät vai tekkeekö mittää ?	Jotta mitä tekevät vai tekkeekö mittää ?
north	Tavallisella imuroida kun sivuaa niin auringonpaisteessa pölyhiukkaset vain leijailee huoneilmassa , minulla ollu 5vuotta rieska ja sen jäläkkeen ei pölyhiukkaset oo leijailku .	Tavallisella imuroida kun sivuaa niin auringonpaisteessa pölyhiukkaset vain leijailee huoneilmassa , minulla ollu 5vuotta rieska ja sen jäläkkeen ei pölyhiukkaset oo leijailku .
north	Mie en ymmärrä sitä etteikö voi kirjotaa murtheela .	Mie en ymmärrä sitä etteikö voi kirjotaa murtheela .
north	Kaikki vain ei sitä osaa ja kaikki ei ossaa sitä lukiakhan , siinähän se vitsi piilee .	Kaikki vain ei sitä osaa ja kaikki ei ossaa sitä lukiakhan , siinähän se vitsi piilee .
north	On nuita muirtheita niin monenlaisia , että kyllä se ei ole mithän herkkua kuunnella jonku savolaisenki murreväännätystä .	On nuita muirtheita niin monenlaisia , että kyllä se ei ole mithän herkkua kuunnella jonku savolaisenki murreväännätystä .
north	Eihän siitä erkkikhän selevää .	Eihän siitä erkkikhän selevää .
north	Ja sitten on nuo Raumamn Ja turun murtheet .	Ja sitten on nuo Raumamn Ja turun murtheet .
north	Siinä sitä on teile oppimista , että saatta ees selevää mitä ne tarkottaa milläkin asialla .	Siinä sitä on teile oppimista , että saatta ees selevää mitä ne tarkottaa milläkin asialla .
north	Tullee mieleen liuta äitin suosimia sanantoja : - lyhyestä virsi kaunis - ei makiaa mahan täyveltä - aikasa aikaa kutaki - parempi vähäki ku ei mittää - itku pitkästä ilosta Siihe jäi yhteen valssiin ja polokkaan tämä ilonpito .	Tullee mieleen liuta äitin suosimia sanantoja : - lyhyestä virsi kaunis - ei makiaa mahan täyveltä - aikasa aikaa kutaki - parempi vähäki ku ei mittää - itku pitkästä ilosta Siihe jäi yhteen valssiin ja polokkaan tämä ilonpito .
north	Ei jääny ees juomareita kolttua ihhailemmaa ...	Ei jääny ees juomareita kolttua ihhailemmaa ...
north	Käläviällä on mantuja missä linnustaa ja juttu saaliista senkus lentää vähä jokasessa kuppilassa .	Käläviällä on mantuja missä linnustaa ja juttu saaliista senkus lentää vähä jokasessa kuppilassa .
north	Tuu sääki Käläviälle mehtälle mutta hanki se jousipyssy matkaan mää suosin sitä kanssa kö se harhaluoti ei niin kiinnosta yhtään .	Tuu sääki Käläviälle mehtälle mutta hanki se jousipyssy matkaan mää suosin sitä kanssa kö se harhaluoti ei niin kiinnosta yhtään .
north	Läheinen ja ruokailija olettako ollu niin lähelä ,että oletta nähneet minkälaiset silmät on , niin ja käyttähän teki koska tiättä kuka ketä mitä sielä on .	Läheinen ja ruokailija olettako ollu niin lähelä ,että oletta nähneet minkälaiset silmät on , niin ja käyttähän teki koska tiättä kuka ketä mitä sielä on .
north	Mitä se kethään liikuttaa vaikka istuis aamusta ilthaan sielä Sehän on kaikile avoin paikka .	Mitä se kethään liikuttaa vaikka istuis aamusta ilthaan sielä Sehän on kaikile avoin paikka .
north	Ei muutako käykää vain sisäle Mieki käyn .	Ei muutako käykää vain sisäle Mieki käyn .
north	Ala tekkeen kiljua tai pontikkaa	Ala tekkeen kiljua tai pontikkaa
north	Son tämä sitä Suomen puolen meänkieltä , sitä met porisema täälä Ylitorniola .	Son tämä sitä Suomen puolen meänkieltä , sitä met porisema täälä Ylitorniola .
north	Mistäs kaukaa se sie sitte olet poissa ?	Mistäs kaukaa se sie sitte olet poissa ?
north	linja-auto ei pysähy ennää haapaveellä Uutisisa sanottiin , että linja-autot eivät jatkosa ennää pyssäy meillä Haapaveellä .	linja-auto ei pysähy ennää haapaveellä Uutisisa sanottiin , että linja-autot eivät jatkosa ennää pyssäy meillä Haapaveellä .
north	Toisinsanoen haapaveen matkahuolto lakkautetaan samalla , ku bussiliikennettä keskitettään .	Toisinsanoen haapaveen matkahuolto lakkautetaan samalla , ku bussiliikennettä keskitettään .
north	Koska Haapavesi tullaan liittämmään Ouluun , ollaan nähty järkeväksi , ettei samasa kaupungisa kannata olla kovin montaa matkahuoltoa .	Koska Haapavesi tullaan liittämmään Ouluun , ollaan nähty järkeväksi , ettei samasa kaupungisa kannata olla kovin montaa matkahuoltoa .
north	Samalla Haapaveeltä purettaan jäähalli ylimääräsenä , sillä meillä on hienot harrastusmahollisuuvet Oulusa .	Samalla Haapaveeltä purettaan jäähalli ylimääräsenä , sillä meillä on hienot harrastusmahollisuuvet Oulusa .
north	Haapaveeltä puretaan useita teitä tarpeettomana ja vastaavasti Oulusa lisätään teitä .	Haapaveeltä puretaan useita teitä tarpeettomana ja vastaavasti Oulusa lisätään teitä .
north	Empä ossaa sanua ruuasta mittään , hyvää oon lounaasta kuullu .	Empä ossaa sanua ruuasta mittään , hyvää oon lounaasta kuullu .
north	kyllä sitä kautta Helsingin opit nopiasti saahaan Hoopoveelle .	kyllä sitä kautta Helsingin opit nopiasti saahaan Hoopoveelle .
north	Siis vittu mihin niitä halakoja tarvithin .	Siis vittu mihin niitä halakoja tarvithin .
north	Sieloo ku moottorikelekkojen jäläkiä mehtät täynä .	Sieloo ku moottorikelekkojen jäläkiä mehtät täynä .
north	Soon turha jälestä näytellä , kyllä kansa tietää missä menittä ja miten :	Soon turha jälestä näytellä , kyllä kansa tietää missä menittä ja miten :
north	tukit ihmisten liittymiä ihan niinku oikeesti talvela ja lähetät laskuja kaupungille " aurauksesta " Net mithään käsitä sielä kaupungintalola kumminkhaan tarkistaa Brommm-brommmm , joko olet volvosta karistanu karstat sylinteristä ?	tukit ihmisten liittymiä ihan niinku oikeesti talvela ja lähetät laskuja kaupungille " aurauksesta " Net mithään käsitä sielä kaupungintalola kumminkhaan tarkistaa Brommm-brommmm , joko olet volvosta karistanu karstat sylinteristä ?
north	Laki sannoo ettei sillole mithän väliä ossaako net suomea vai ei .	Laki sannoo ettei sillole mithän väliä ossaako net suomea vai ei .
north	jo iso teltta koulun pihala .	jo iso teltta koulun pihala .
north	Ei tarttekhaan heinävainiolla hyppiä .	Ei tarttekhaan heinävainiolla hyppiä .
north	Kävin mieki sitte sielä sivuila ko käskethin ja oli vain ohjelmaa .	Kävin mieki sitte sielä sivuila ko käskethin ja oli vain ohjelmaa .
north	eihän se pari kolme kilometriä alkhoon ole mikhään .	eihän se pari kolme kilometriä alkhoon ole mikhään .
north	eihän sielä joka päivä tartte käyä .	eihän sielä joka päivä tartte käyä .
north	äkäslompolossa kaikki asutehaan paljon kauemmaksi kylän keskustasta eli jounin kaupalta .	äkäslompolossa kaikki asutehaan paljon kauemmaksi kylän keskustasta eli jounin kaupalta .
north	eikä sielä muonion rajan lähelä helukalla ole ihan mithään palvelua .	eikä sielä muonion rajan lähelä helukalla ole ihan mithään palvelua .
north	Yli 10 miljoona markkaa on menny rahhaa ja käyttö nui mitätöntä .	Yli 10 miljoona markkaa on menny rahhaa ja käyttö nui mitätöntä .
north	Ite vaihan kerran vuojessa .	Ite vaihan kerran vuojessa .
north	Kyllä ne on NE VIISAAT ja MALTILLISET sekä SUPPEUVESTA vapaat henkilöt eri puolueisa joita saamma kiittää .	Kyllä ne on NE VIISAAT ja MALTILLISET sekä SUPPEUVESTA vapaat henkilöt eri puolueisa joita saamma kiittää .
north	kohtuus ja keskitie on monasti paras , tällä en tarkota että ois kepuli aina oikiasa .	kohtuus ja keskitie on monasti paras , tällä en tarkota että ois kepuli aina oikiasa .
north	Olekko nuin pölökky että et ossaa kattua minkälainen lappu niillä myyjillä on rinnassa .	Olekko nuin pölökky että et ossaa kattua minkälainen lappu niillä myyjillä on rinnassa .
north	kolome viikkua vilahtaa sukkelhaan son sielä eteläsä sisämaa aika ankian näköstä , kuivuuen koittelemaa tasankua .	kolome viikkua vilahtaa sukkelhaan son sielä eteläsä sisämaa aika ankian näköstä , kuivuuen koittelemaa tasankua .
north	ko tienvarresa on myyntilava päällänsä palijon saviruukkuja , nii seisahtukkaa ihimeesä .	ko tienvarresa on myyntilava päällänsä palijon saviruukkuja , nii seisahtukkaa ihimeesä .
north	net myyvä puhvelinmaijosta hapatettua jugurttia ja on herkullista .	net myyvä puhvelinmaijosta hapatettua jugurttia ja on herkullista .
north	palijonhan sielä kateltavvaa on .	palijonhan sielä kateltavvaa on .
north	jos etelästäpäin lähtee , niin kyllä ainaskin Yala ja Udawalawe kannattis käyvä kattomasa .	jos etelästäpäin lähtee , niin kyllä ainaskin Yala ja Udawalawe kannattis käyvä kattomasa .
north	jäläkimmäisesä enimmäksheen norsuja mutta niitä sitten onki palijon .	jäläkimmäisesä enimmäksheen norsuja mutta niitä sitten onki palijon .
north	Yalan eläimistö on rikhaampi , saattaa nähä joitaki isoja kissojaki .	Yalan eläimistö on rikhaampi , saattaa nähä joitaki isoja kissojaki .
north	safarille kannattee lähtiä aamuhämärissä .	safarille kannattee lähtiä aamuhämärissä .
north	molen kerran ajellu junala Gandystä Ellaan ja son tosi hieno väli .	molen kerran ajellu junala Gandystä Ellaan ja son tosi hieno väli .
north	kansantanssiesitys kannattee kattua ja Sri Dalada Maligawassa ( Hammastemppeli ) olla oikeen harthaana .	kansantanssiesitys kannattee kattua ja Sri Dalada Maligawassa ( Hammastemppeli ) olla oikeen harthaana .
north	Sigiriyan linnotus kans kerrasa kiva kohe .	Sigiriyan linnotus kans kerrasa kiva kohe .
north	olis minusta vain parhaimmilhaan auringonlaskun aikhaan .	olis minusta vain parhaimmilhaan auringonlaskun aikhaan .
north	mutta ehottomasti kannattee valuttaa net pari litraa hikiä ja kavuta pääle .	mutta ehottomasti kannattee valuttaa net pari litraa hikiä ja kavuta pääle .
north	Polonnaruwu , kaunis ja tyylillä entisöity alue , onhan se UNESCOn valavonnasa ja rahotuksella tehty .	Polonnaruwu , kaunis ja tyylillä entisöity alue , onhan se UNESCOn valavonnasa ja rahotuksella tehty .
north	niitä Spice Gardeneitahan net aina haluaa esitellä .	niitä Spice Gardeneitahan net aina haluaa esitellä .
north	mikäpäse siinä kuhan muistaa että non ihan pelekkiä rahastuspaikkoja .	mikäpäse siinä kuhan muistaa että non ihan pelekkiä rahastuspaikkoja .
north	Pinnawella on minusta turistirysä viimisenpääle mutta son vain minun mielipije .	Pinnawella on minusta turistirysä viimisenpääle mutta son vain minun mielipije .
north	jos reissaa ophaan kans autola , niin satka ( € ) päiväsä kahelta vois olla kohtuullinen .	jos reissaa ophaan kans autola , niin satka ( € ) päiväsä kahelta vois olla kohtuullinen .
north	Se lie ainua mies hallituksessa tämä Muri joka ottaa asijoista selevää .	Se lie ainua mies hallituksessa tämä Muri joka ottaa asijoista selevää .
north	Suomessa ainua oikia pensan raakaaine on hakkuujätteet .	Suomessa ainua oikia pensan raakaaine on hakkuujätteet .
north	Kaikkein parasta ois kuitenki jos karahkat lahos mehtään ja hauttais mennessään ilimasta kerräämäsä hiilen .	Kaikkein parasta ois kuitenki jos karahkat lahos mehtään ja hauttais mennessään ilimasta kerräämäsä hiilen .
north	velanmaksun jäläkeen mittään jälelle .	velanmaksun jäläkeen mittään jälelle .
north	Siittä mun siivoushommasta jouvun mainihteen tässä yhteyvessä , kun pukkasee ketjunpätkää täytteen ( " Hierarkia liijan syvä " , tietokonejuttuja , jouvut omin päin opettelleen , kun sulta loppu putjetista rahat ) ja en sen tähen ennää kyenny oikiaan kohtaan vastaan : Justiinsa tuli käytyä tekemässä auton siivous- ja vahaushommia .	Siittä mun siivoushommasta jouvun mainihteen tässä yhteyvessä , kun pukkasee ketjunpätkää täytteen ( " Hierarkia liijan syvä " , tietokonejuttuja , jouvut omin päin opettelleen , kun sulta loppu putjetista rahat ) ja en sen tähen ennää kyenny oikiaan kohtaan vastaan : Justiinsa tuli käytyä tekemässä auton siivous- ja vahaushommia .
north	jos ja kun kaivos aukeaa niin tet lompolon kylälä hiihtäjät että siitä mithään tiä .	jos ja kun kaivos aukeaa niin tet lompolon kylälä hiihtäjät että siitä mithään tiä .
north	täälä on aivan tyhjä puhua paskaa ja olla jotaki helvetin experttejä joka asiassa se nyt vain on niin että jos sen kaivoksen joku aukasee niin se silloin aukeaa.se on aivan sama mitä tet täälä huuatta ja nimiä papereihin kerräättä .	täälä on aivan tyhjä puhua paskaa ja olla jotaki helvetin experttejä joka asiassa se nyt vain on niin että jos sen kaivoksen joku aukasee niin se silloin aukeaa.se on aivan sama mitä tet täälä huuatta ja nimiä papereihin kerräättä .
north	ottakaapa suomen kartta auki ja kattokaa sieltä vanhoja tai uusia kaivoksia ja kuinka lähelä on asutukset.ja niistä ei valita juuripa kukhaan.saattoporan rekat ajo malmia rautuvaahraan ja hyvin meni kukhaan ei valittanu.mutta se on tuo juna tuonu tuota porukkaa liikaa että siinä vinkki sehän mennee myös takasi päin	ottakaapa suomen kartta auki ja kattokaa sieltä vanhoja tai uusia kaivoksia ja kuinka lähelä on asutukset.ja niistä ei valita juuripa kukhaan.saattoporan rekat ajo malmia rautuvaahraan ja hyvin meni kukhaan ei valittanu.mutta se on tuo juna tuonu tuota porukkaa liikaa että siinä vinkki sehän mennee myös takasi päin
north	joskus ollut noissa hommissa issekki ja vituttaa kahtua tätä nykymeininkiä , jatkunu jo tosin vuosia ja taas vuosia !!!	joskus ollut noissa hommissa issekki ja vituttaa kahtua tätä nykymeininkiä , jatkunu jo tosin vuosia ja taas vuosia !!!
north	Mie ainakin nautin tästä meän omasta vuodenkierrosta kovastikin , ko sesonki vaihtuu , niin vaihtuu kylän menotkin .	Mie ainakin nautin tästä meän omasta vuodenkierrosta kovastikin , ko sesonki vaihtuu , niin vaihtuu kylän menotkin .
north	Kohta alkaa kaupan pihat täyttyä suksiboxi-autoista , Kolströmmille ei sissään mahu ja kauppiaat ihmettellee ko maidot viihään käsistä .	Kohta alkaa kaupan pihat täyttyä suksiboxi-autoista , Kolströmmille ei sissään mahu ja kauppiaat ihmettellee ko maidot viihään käsistä .
north	Hiihto- ja pilkkikelit on parhaimmillaan kenen vain mennä paistattamhaan päivää , voiko siinä kukhaan olla pahala päällä ?	Hiihto- ja pilkkikelit on parhaimmillaan kenen vain mennä paistattamhaan päivää , voiko siinä kukhaan olla pahala päällä ?
north	Sitten lumet lähtevä sulahmaan , väylä avvautuu ja taas lähtee ihan uusi kierto päälle ; ihmisiä vilistää Pekosen rantaan uimaan ja pellailemmaan ja muuten vain kuljailemhaan ja silloin ne muutampi turisti mennee meän muoniolaisten seassa aivan ittestään .	Sitten lumet lähtevä sulahmaan , väylä avvautuu ja taas lähtee ihan uusi kierto päälle ; ihmisiä vilistää Pekosen rantaan uimaan ja pellailemmaan ja muuten vain kuljailemhaan ja silloin ne muutampi turisti mennee meän muoniolaisten seassa aivan ittestään .
north	Sitten taas sen auringon myötä met painumma talvihorroksen partaalle , mutta vain ihan pikkuhetkeksi .	Sitten taas sen auringon myötä met painumma talvihorroksen partaalle , mutta vain ihan pikkuhetkeksi .
north	Kohta lähtee taas sama kierto liikkeelle ja sie veikkosten väität , ettei mithään tapahu !	Kohta lähtee taas sama kierto liikkeelle ja sie veikkosten väität , ettei mithään tapahu !
north	Pesasepa niitä silmiäs ja lähe ite liikkeelle niin näet mitä met muut touhuamma !	Pesasepa niitä silmiäs ja lähe ite liikkeelle niin näet mitä met muut touhuamma !
north	Vaikka elo ei niin hektistä täällä ( Luojan kiitos ! ) olekaan ko kaupungeissa , niin kylläpä meillä vain on ihan oma vuodenkierto , jolla met täällä elelemmä .	Vaikka elo ei niin hektistä täällä ( Luojan kiitos ! ) olekaan ko kaupungeissa , niin kylläpä meillä vain on ihan oma vuodenkierto , jolla met täällä elelemmä .
north	Son hienoa , että teilä on nuo roknoosit hallusa .	Son hienoa , että teilä on nuo roknoosit hallusa .
north	Meijän sökörinki olis nähny hyvänä ehokkaana kaikkien meijän vähäosasten ja syrjätyneiten puolestapuhujan,isä pertsan näisä kirkkokisoisa mukana .	Meijän sökörinki olis nähny hyvänä ehokkaana kaikkien meijän vähäosasten ja syrjätyneiten puolestapuhujan,isä pertsan näisä kirkkokisoisa mukana .
north	Ihan joka paikasa tällä aikusella naisella on jompikumpi mukana tai sitte mukana on molmmat ?	Ihan joka paikasa tällä aikusella naisella on jompikumpi mukana tai sitte mukana on molmmat ?
north	Voiko tollasta äänestäkään kun ei etes aikusena pysty kulukemaan maakunnasa ihtekseen ?	Voiko tollasta äänestäkään kun ei etes aikusena pysty kulukemaan maakunnasa ihtekseen ?
north	Siihen senthän häätys olla oikeus , vaikka päähän potkitaanki .	Siihen senthän häätys olla oikeus , vaikka päähän potkitaanki .
north	Aivan tyhjä tehä eroa paperi- metalli- tai muunkhan -työntekijän kansa !	Aivan tyhjä tehä eroa paperi- metalli- tai muunkhan -työntekijän kansa !
north	Samalalaila taitamattomat johtajat niitä käsittellee niinkauvan ku net keskenhän tappelee .	Samalalaila taitamattomat johtajat niitä käsittellee niinkauvan ku net keskenhän tappelee .
north	Suostuthanko met alistamisseen on se ydinkysymys .	Suostuthanko met alistamisseen on se ydinkysymys .
north	Alistukkaa vaan , jos haluatta raukat !	Alistukkaa vaan , jos haluatta raukat !
north	Mie otan sitä joskus kuppilasa käyvesä .	Mie otan sitä joskus kuppilasa käyvesä .
north	Ei se palijoa tähtiä saa näkymhäänkään , muuten ko silhen ettäkö sanoo toisele , että katoppa tuolta turkin hiasta näkkyykö sielä tähtiä , ja ko toinen kathoopi , niin kaataa tuon drinkin hiasta sen naamale .	Ei se palijoa tähtiä saa näkymhäänkään , muuten ko silhen ettäkö sanoo toisele , että katoppa tuolta turkin hiasta näkkyykö sielä tähtiä , ja ko toinen kathoopi , niin kaataa tuon drinkin hiasta sen naamale .
north	Kokheileppa tuota konstia , josko se eilisen tähti löytys .	Kokheileppa tuota konstia , josko se eilisen tähti löytys .
north	Minusta met emmä käytä sanoja " puatti " tai komotti , kommutiksi ( tai kommuntiksi ) met sitä kyllä sanoma , mikä on melko lähelä .	Minusta met emmä käytä sanoja " puatti " tai komotti , kommutiksi ( tai kommuntiksi ) met sitä kyllä sanoma , mikä on melko lähelä .
north	puattia en ole kuullukhaan ko savonmurtheela .	puattia en ole kuullukhaan ko savonmurtheela .
north	Tosin makasiiniksi saatethaan useasti sanoa taloon liittyvää erillistä ulkorakennusta , harvemmin kauppaa ( voi tosin olla että käyttävät tuota sannaa ruottin puolela )	Tosin makasiiniksi saatethaan useasti sanoa taloon liittyvää erillistä ulkorakennusta , harvemmin kauppaa ( voi tosin olla että käyttävät tuota sannaa ruottin puolela )
north	Kohta tulemma perässä .	Kohta tulemma perässä .
north	Mitä täälä jänkälä kuule on , ei mithän ko valtion pumppaamaa tekohenkitysrahhaa !!	Mitä täälä jänkälä kuule on , ei mithän ko valtion pumppaamaa tekohenkitysrahhaa !!
north	Ei ne minun tietojen mukhan ole kuitenkhan tehny kelhen mithän vaikka jokku katheelliset täälä niin antaa ymmärtääkki .	Ei ne minun tietojen mukhan ole kuitenkhan tehny kelhen mithän vaikka jokku katheelliset täälä niin antaa ymmärtääkki .
north	Ja ne päissä ajajat pakkaa olehman nuita vanhempia kelkkailijoita eikä nuorisoa vai kuinka vanhat täälä luethan nuorisoksi ?	Ja ne päissä ajajat pakkaa olehman nuita vanhempia kelkkailijoita eikä nuorisoa vai kuinka vanhat täälä luethan nuorisoksi ?
north	Olissää ees koko juhulilla ?	Olissää ees koko juhulilla ?
north	Vapaita tosiaan kaipais , nuita varattuja kyllä pyörii tuola kylillä ...	Vapaita tosiaan kaipais , nuita varattuja kyllä pyörii tuola kylillä ...
north	Annama sulle kunnon DESIFIOINTI pesun , kyllä lähtee bakteerit kerrala.Se vaara siinä saattaa kyllä olla , ettei jää taliaivoistakhaan mithän jälele .	Annama sulle kunnon DESIFIOINTI pesun , kyllä lähtee bakteerit kerrala.Se vaara siinä saattaa kyllä olla , ettei jää taliaivoistakhaan mithän jälele .
north	Jos jääpi tarjoama kunnon munkkikahvit pusun kera .( mutta meilä ei ole niin hyväkkö Sonkamuotkassa ) Ter.Lapin Naiset .	Jos jääpi tarjoama kunnon munkkikahvit pusun kera .( mutta meilä ei ole niin hyväkkö Sonkamuotkassa ) Ter.Lapin Naiset .
north	mutta ei siitä vielä mithään ratkaissevaa löytyny .	mutta ei siitä vielä mithään ratkaissevaa löytyny .
north	Tulleeko sinne kaivos vai tutkivakko net vasta , kauanko mennee ennen ko tekevät mithän .	Tulleeko sinne kaivos vai tutkivakko net vasta , kauanko mennee ennen ko tekevät mithän .
north	Tutula on mökki lähelä .	Tutula on mökki lähelä .
north	Muuten met olemma aivan tyhjän päällä .	Muuten met olemma aivan tyhjän päällä .
north	Jo ei nyt Merjasta leivota resitenttiä ( vaikka se siltä näyttää ...Merja-Jytky ! ) niin sitten 4 vuojen päästä on varmaan ainiana ehokkaana.👍👍	Jo ei nyt Merjasta leivota resitenttiä ( vaikka se siltä näyttää ...Merja-Jytky ! ) niin sitten 4 vuojen päästä on varmaan ainiana ehokkaana.👍👍
north	ry:llä on käytöss'ä ihka full-hd video tykki , ett voimma seurapuheen jäläkeen laittaa jääkiekkoo tulemmahan käteästi läppärin kautta .	ry:llä on käytöss'ä ihka full-hd video tykki , ett voimma seurapuheen jäläkeen laittaa jääkiekkoo tulemmahan käteästi läppärin kautta .
north	saamma kattua koko seurakunnan kanssa yhteisesti .	saamma kattua koko seurakunnan kanssa yhteisesti .
north	Siellä Kiinassa on jokku juoksukilipailut , juhulivat kun on saaneet uuden kentänki , ookko kuullu ?	Siellä Kiinassa on jokku juoksukilipailut , juhulivat kun on saaneet uuden kentänki , ookko kuullu ?
north	Kaukanahan se on ettei varmaan täältä kukan oo viittiny lähtiä , vaikkei sitä tiiä vaikka jollain kimppakyytillä ..	Kaukanahan se on ettei varmaan täältä kukan oo viittiny lähtiä , vaikkei sitä tiiä vaikka jollain kimppakyytillä ..
north	ja mää assuisin sielä , enkä ennää missään kärsäkunnasa .	ja mää assuisin sielä , enkä ennää missään kärsäkunnasa .
north	no nuohan on ikivanhoja kirkonkirjoja , nuista selviä juurikaan mittään .	no nuohan on ikivanhoja kirkonkirjoja , nuista selviä juurikaan mittään .
north	mie asun kemin lähelä :) millasia tyttösiä assuu kemisä ?	mie asun kemin lähelä :) millasia tyttösiä assuu kemisä ?
north	sehän on siinä sihtunan tien varressa se asumaton talo joen lähelä , kohta putoaa kassaan , kyllä sieltä on monela kokemuksiaki , ykski oli käyny niin oli ilmestyny kämmenen jälki selkhään vaikka ei sielä ollu muita silloin.kummajaiset	sehän on siinä sihtunan tien varressa se asumaton talo joen lähelä , kohta putoaa kassaan , kyllä sieltä on monela kokemuksiaki , ykski oli käyny niin oli ilmestyny kämmenen jälki selkhään vaikka ei sielä ollu muita silloin.kummajaiset
north	Minen jaksa akkojen perrään kattua .	Minen jaksa akkojen perrään kattua .
north	Kattukoot itte vaa .	Kattukoot itte vaa .
north	Olis vaan jääny tekemätä tuo juttu .	Olis vaan jääny tekemätä tuo juttu .
north	Niin mutta ko se on viheriää sähkyä !	Niin mutta ko se on viheriää sähkyä !
north	Tai no , ainaski jos ei oteta huomioon joitaki pikkujuttuja , niinko vaikka myllyjen valmistusta , varavoimaa , betonimöykkyjä maassa , sitä mihin myllyjen osat viejään sitte ku ovat romuna ( ainaki tällä hetkellä dumpataan kehitysmaihin , mutta so what , siitä ei tartte puhua , ku se on sielä jossain ja me ollaan kauhian viheriöitä ) ...	Tai no , ainaski jos ei oteta huomioon joitaki pikkujuttuja , niinko vaikka myllyjen valmistusta , varavoimaa , betonimöykkyjä maassa , sitä mihin myllyjen osat viejään sitte ku ovat romuna ( ainaki tällä hetkellä dumpataan kehitysmaihin , mutta so what , siitä ei tartte puhua , ku se on sielä jossain ja me ollaan kauhian viheriöitä ) ...
north	ja no vähän voi linnutki kärsiä , ja mitä nuita pikkuöttisiä tuola mehtäsä nytten onkaan , en tiiä ku en oikiastaan oo ikinä käyny pahemmin mehtäsä .	ja no vähän voi linnutki kärsiä , ja mitä nuita pikkuöttisiä tuola mehtäsä nytten onkaan , en tiiä ku en oikiastaan oo ikinä käyny pahemmin mehtäsä .
north	Tosishan palion onnea sulle Erkki , ko teit ioikian valinnan !	Tosishan palion onnea sulle Erkki , ko teit ioikian valinnan !
north	Tuo Torsti ei taiakhan ymmärtää tosi hyän pääle mithän , mutta ymmärtäähän sen saattaa , ko ei mies riepu ole päässy parempaa maistamhan .	Tuo Torsti ei taiakhan ymmärtää tosi hyän pääle mithän , mutta ymmärtäähän sen saattaa , ko ei mies riepu ole päässy parempaa maistamhan .
north	Sen on varmasti Suomityttäret hyllyttänhet heti alkhunsa , jos son jotaki ruvennu mongertamhan ruottiski	Sen on varmasti Suomityttäret hyllyttänhet heti alkhunsa , jos son jotaki ruvennu mongertamhan ruottiski
north	muttei vielä ainuitakkaan liikennevaloja .	muttei vielä ainuitakkaan liikennevaloja .
north	ei se oo liikennevalo , vaikka nää ehkä sitä liikennevaloksi saatatki luulla .	ei se oo liikennevalo , vaikka nää ehkä sitä liikennevaloksi saatatki luulla .
north	Paitti , jos ny kuitennii totteutettaan siinä risteyksesä valo-ohojaus , niin kirkkomäkiä on jollain lailla loivennettava tuomalla esimerkiksi alkupäähän uutta maata ja rouhimalla ylempää .	Paitti , jos ny kuitennii totteutettaan siinä risteyksesä valo-ohojaus , niin kirkkomäkiä on jollain lailla loivennettava tuomalla esimerkiksi alkupäähän uutta maata ja rouhimalla ylempää .
north	Hävettää oikiasti , ku Ylivieskaset meni saamaan ne liikennevalot ja meiltä ei löydy edelleenkään :( .	Hävettää oikiasti , ku Ylivieskaset meni saamaan ne liikennevalot ja meiltä ei löydy edelleenkään :( .
north	Haapaveen pittää nyt kiirehtiä , että keretään ees ennen Nivalaa saamaan ittelle liikennevalot .	Haapaveen pittää nyt kiirehtiä , että keretään ees ennen Nivalaa saamaan ittelle liikennevalot .
north	Onhan meillä jo nyt noita kevyenliikenteen alikulkujaki enemmän , ku jossain nivalasa , josa kaikki ylitykset tahtoo olla vanhanaikasia suojatieratkasuja !	Onhan meillä jo nyt noita kevyenliikenteen alikulkujaki enemmän , ku jossain nivalasa , josa kaikki ylitykset tahtoo olla vanhanaikasia suojatieratkasuja !
north	Kyllä met lappalaiset tiijämme parhaiten miten meijän luonto säilyy tartema metki täällä elää muullaki ku marjoilla ja vihreillä ajatuksilla .	Kyllä met lappalaiset tiijämme parhaiten miten meijän luonto säilyy tartema metki täällä elää muullaki ku marjoilla ja vihreillä ajatuksilla .
north	Näin se on , että pinnan alla kylä ellää vilkhaasti ommaa elämäänsä .	Näin se on , että pinnan alla kylä ellää vilkhaasti ommaa elämäänsä .
north	Jos joku sannoo , ettei mithään tapahu , niin sais kattoa peilhiin .	Jos joku sannoo , ettei mithään tapahu , niin sais kattoa peilhiin .
north	Ei se sen kummempaa ole elämä muualakhaan , vaikka sitä saattaa niin kuvitella .	Ei se sen kummempaa ole elämä muualakhaan , vaikka sitä saattaa niin kuvitella .
north	Pienethän nämä meän ympyrät on , mutta verrattunna monheen muuhun samankokoisheen kirkonkylhään meilä on senthään kansainvälistä meininkiä .	Pienethän nämä meän ympyrät on , mutta verrattunna monheen muuhun samankokoisheen kirkonkylhään meilä on senthään kansainvälistä meininkiä .
north	Jossaki etelän maaseutukylässä net olisivat nähtävyys , mutta täälä ihmiset on jo tottunheet eivätkä moisesta ole moksiskhaan .	Jossaki etelän maaseutukylässä net olisivat nähtävyys , mutta täälä ihmiset on jo tottunheet eivätkä moisesta ole moksiskhaan .
north	Met luulema , että kaikki hyvä on jossaki muuala emmäkä hoksaa , että se onki yllättävän lähelä , täälä .	Met luulema , että kaikki hyvä on jossaki muuala emmäkä hoksaa , että se onki yllättävän lähelä , täälä .
north	Onhan meilä työttömyyttä , mutta missä sitä ei Suomen maassa ole ?	Onhan meilä työttömyyttä , mutta missä sitä ei Suomen maassa ole ?
north	Kukhaan ei täälä kuole nälkhään eikä kethään jätetä yksin .	Kukhaan ei täälä kuole nälkhään eikä kethään jätetä yksin .
north	Tosi on , että ennen minunki nuuoruuvessa iltasin oli kylälä vilkasta meininkiä , mutta silloin ei ollu nuorila juurikhaan harrastuksia eikä tietokoneita , joitten parissa nykynuorten aika kulluu .	Tosi on , että ennen minunki nuuoruuvessa iltasin oli kylälä vilkasta meininkiä , mutta silloin ei ollu nuorila juurikhaan harrastuksia eikä tietokoneita , joitten parissa nykynuorten aika kulluu .
north	Meillä on täällä hyvät peruspalvelut , ja mitä ei täältä löyvy , löytyy parinsaan kilometrin sätheelä .	Meillä on täällä hyvät peruspalvelut , ja mitä ei täältä löyvy , löytyy parinsaan kilometrin sätheelä .
north	Se on jotaki semmoista , mitä ihmiset tulevat tuhansien kilometrien päästä kattomhaan .	Se on jotaki semmoista , mitä ihmiset tulevat tuhansien kilometrien päästä kattomhaan .
north	Kyllä meänki pitäisi enemmän osata arvostaa ommaa kotiseutua , eikä vain aina hakea niitä huonoja puolia .	Kyllä meänki pitäisi enemmän osata arvostaa ommaa kotiseutua , eikä vain aina hakea niitä huonoja puolia .
north	voidaaks joskus tavata tai tullaan vieraaks teidän klubille , olemme noin 2tuhannen jäsenen seura etelä-suomesta , meil` lä on kokoontuminen ylläksellä pääsiäisenä , tulkaa porukalla sinne , kyllä sopu sijaa antaa jos yövytte siellä , met voima tulla alkuviikosta ylitorniolle jos siellä vaan on yöpymistilat n ,kymmenen linja-autollista porukkaa tulis tai menemme ylläkselle	voidaaks joskus tavata tai tullaan vieraaks teidän klubille , olemme noin 2tuhannen jäsenen seura etelä-suomesta , meil` lä on kokoontuminen ylläksellä pääsiäisenä , tulkaa porukalla sinne , kyllä sopu sijaa antaa jos yövytte siellä , met voima tulla alkuviikosta ylitorniolle jos siellä vaan on yöpymistilat n ,kymmenen linja-autollista porukkaa tulis tai menemme ylläkselle
north	Jaa no se näyttää että oletta pohtinneet asiaa .	Jaa no se näyttää että oletta pohtinneet asiaa .
north	Kyllä Teuta on oikiassa .	Kyllä Teuta on oikiassa .
north	Ainoa oikia vastaus oon : Jeesukseen Kristukseen .	Ainoa oikia vastaus oon : Jeesukseen Kristukseen .
north	SE jääpi ainuastaan Jeesus Kristus sen köyhän syntisen osaksi ja turvaksi joka ahtaaasta portista saapi käyä .	SE jääpi ainuastaan Jeesus Kristus sen köyhän syntisen osaksi ja turvaksi joka ahtaaasta portista saapi käyä .
north	Niin se saat vielä sinäki uskua , joka tännään eppäilet , ookko ahtaasta portista tullu , sinäki saat tännään uskua kaikki synnit anteeksi annetuiksi Herran Jeesuksen Kristuksen nimessä ja veressä .	Niin se saat vielä sinäki uskua , joka tännään eppäilet , ookko ahtaasta portista tullu , sinäki saat tännään uskua kaikki synnit anteeksi annetuiksi Herran Jeesuksen Kristuksen nimessä ja veressä .
north	Elä yhtään kato ommaa ihtiäs , ettet kelepais , kuule sinä , ei kukkaan kelepaa omasta puolestaan , mutta sinä saat uskua ihan armosta ittes keskelle taivasta .	Elä yhtään kato ommaa ihtiäs , ettet kelepais , kuule sinä , ei kukkaan kelepaa omasta puolestaan , mutta sinä saat uskua ihan armosta ittes keskelle taivasta .
north	Ittestä ainaki son kiini että halvaako pittää perintheistä kiini .	Ittestä ainaki son kiini että halvaako pittää perintheistä kiini .
north	Kunnakki halvautuvat kokohnaan jos ei olis juottoloita hotelien lähelä .	Kunnakki halvautuvat kokohnaan jos ei olis juottoloita hotelien lähelä .
north	Veroäyrikki turhan suuret ja mitä olis jos ei nuita olis .	Veroäyrikki turhan suuret ja mitä olis jos ei nuita olis .
north	halpahalli perijaa kilipailusa iliman alakua , keskaria ja tupakkia .	halpahalli perijaa kilipailusa iliman alakua , keskaria ja tupakkia .
north	Älä sie pörrää , ekkö sie tieä että kekkitallot on paavalista seuraavat .	Älä sie pörrää , ekkö sie tieä että kekkitallot on paavalista seuraavat .
north	Yritethän ymmärtää että tämä on vaikea asia heijän ymmärtää .	Yritethän ymmärtää että tämä on vaikea asia heijän ymmärtää .
north	Ei voi kauhala vaatia kun ei ole lusikala annettu .	Ei voi kauhala vaatia kun ei ole lusikala annettu .
north	Mie laitan kans taksi ja velipojat kans laittavat ja halvala ajama kun on tuohta muutenki paljon .	Mie laitan kans taksi ja velipojat kans laittavat ja halvala ajama kun on tuohta muutenki paljon .
north	Jokhan siloin saama sanoa että kekkitalot kajehtivat .	Jokhan siloin saama sanoa että kekkitalot kajehtivat .
north	Jäämepä oottamhan ja kattomhan .	Jäämepä oottamhan ja kattomhan .
north	Onhan se kamalaa kun tuuaan kulttuurija tänne pohojanmualle .	Onhan se kamalaa kun tuuaan kulttuurija tänne pohojanmualle .
north	On kysseessä sitte teatterija tai muuta rientova niin Haapavetiset möllöttää kotona etteivvaan kukkaan nää niitä riennoissa .	On kysseessä sitte teatterija tai muuta rientova niin Haapavetiset möllöttää kotona etteivvaan kukkaan nää niitä riennoissa .
north	Kaikki on syntijä ja naapur saattaa panna merkile jos jottai muuta harrastaa kun koiran kusetusta tai myllyojan seuroja .	Kaikki on syntijä ja naapur saattaa panna merkile jos jottai muuta harrastaa kun koiran kusetusta tai myllyojan seuroja .
north	Ja voihan olla että kaikevvarulta ei käyvä missään ettei vaan kannata täälä mittään yrittää .	Ja voihan olla että kaikevvarulta ei käyvä missään ettei vaan kannata täälä mittään yrittää .
north	on siä huomattavastiki pahempia ajotyyliä , taksit vaa ovat näkyvämpi osa arjessa.eik ä näittä taksia tarvihte väistellä sen koommi kuis muitakkaa , männöö ulkomaille kattoo nii tiätää mikä on törkiää .AMMATTILAISIA !!	on siä huomattavastiki pahempia ajotyyliä , taksit vaa ovat näkyvämpi osa arjessa.eik ä näittä taksia tarvihte väistellä sen koommi kuis muitakkaa , männöö ulkomaille kattoo nii tiätää mikä on törkiää .AMMATTILAISIA !!
north	Sallassa ei kaivata turistia met osaamma huolehtia asioistamma .	Sallassa ei kaivata turistia met osaamma huolehtia asioistamma .
north	Met ammumma millon huvittaa ja mitä huvittaa .	Met ammumma millon huvittaa ja mitä huvittaa .
north	Jos tullaan kysymhän nin luvat löytyy .	Jos tullaan kysymhän nin luvat löytyy .
north	sentään olet oivaltanut sen asian oikian laian .	sentään olet oivaltanut sen asian oikian laian .
north	Ilotaan sitten taihvaassa ko pasuunat soi ja jytämusiikki raikaa .	Ilotaan sitten taihvaassa ko pasuunat soi ja jytämusiikki raikaa .
north	Mitä met poroista ko nehän ovat vain kesytettyina hyövyksi .	Mitä met poroista ko nehän ovat vain kesytettyina hyövyksi .
north	Silleen met tuota luontoa viisuessamme suojelemma- ( LUE ahneuessamma )	Silleen met tuota luontoa viisuessamme suojelemma- ( LUE ahneuessamma )
north	Sinusta pursuaa tuota runua , voisit olla juttukaverina sopusa ja mukkiin menevä - vaiku oot nuin iso ?	Sinusta pursuaa tuota runua , voisit olla juttukaverina sopusa ja mukkiin menevä - vaiku oot nuin iso ?
north	Ei me kyllä taijeta ottaa sinua köökin lattialle rötköttään Mustin kaveriksi .	Ei me kyllä taijeta ottaa sinua köökin lattialle rötköttään Mustin kaveriksi .
north	Ja ku sulla on valammiiksi jo nuita mustelmiaki niin ei palijo haittais muutamat nokijälijet .	Ja ku sulla on valammiiksi jo nuita mustelmiaki niin ei palijo haittais muutamat nokijälijet .
north	Pelottaahan se minua kun , tuo rakas Anselmi , samalla neuvoi minua kirjoittamaan kirjakielelä .	Pelottaahan se minua kun , tuo rakas Anselmi , samalla neuvoi minua kirjoittamaan kirjakielelä .
north	En sitten joua paljon kirjoittaa , pyykillä rannasa joka aamupäivä .	En sitten joua paljon kirjoittaa , pyykillä rannasa joka aamupäivä .
north	On se meleko epeli , ko muka väittää olleesa pappilan pihatalakoissa .	On se meleko epeli , ko muka väittää olleesa pappilan pihatalakoissa .
north	Viimme talavena lämmittelimme kartanosaunnaa nui kerran viikossa .	Viimme talavena lämmittelimme kartanosaunnaa nui kerran viikossa .
north	Vuosi kokemuksena sanon , parempaa kiuvasta ei ole , eikä aivan heti taija tullakkaa .	Vuosi kokemuksena sanon , parempaa kiuvasta ei ole , eikä aivan heti taija tullakkaa .
north	Jos olisi et nui juttelis .	Jos olisi et nui juttelis .
north	Kaikelle sitä rakennuslupa annetaan , maailman rikkaimpiin kuuluvasa maasa ja sivistys ja koulupitäjäsä !	Kaikelle sitä rakennuslupa annetaan , maailman rikkaimpiin kuuluvasa maasa ja sivistys ja koulupitäjäsä !
north	Anniina on sitä mieltä , että met mollaamaa , joten pittähän se ootukset täyttää .	Anniina on sitä mieltä , että met mollaamaa , joten pittähän se ootukset täyttää .
north	Turhuuven markkinat Poikkesimpa ulukomaan markkinoilla Oulusa .	Turhuuven markkinat Poikkesimpa ulukomaan markkinoilla Oulusa .
north	Oli sielä joku kotimainenki sejasa .	Oli sielä joku kotimainenki sejasa .
north	Ei oikeen passaa eläkeukon lompsalle maksaa 40 eurua juustokilosta .	Ei oikeen passaa eläkeukon lompsalle maksaa 40 eurua juustokilosta .
north	Pittää tyytyä tarijousjuustoon , se maksaa 4 eurua kilo .	Pittää tyytyä tarijousjuustoon , se maksaa 4 eurua kilo .
north	Suunnilleen oli sama hintasuhe makkaroisaki .	Suunnilleen oli sama hintasuhe makkaroisaki .
north	Ja joku sekalainen sapuska paperisa 8 eurua .	Ja joku sekalainen sapuska paperisa 8 eurua .
north	Sillähän saa jo kaks ruokaa vanahustentalosa .	Sillähän saa jo kaks ruokaa vanahustentalosa .
north	Kaikki parkkipaikat täynä ja kielletytki paikat täynä .	Kaikki parkkipaikat täynä ja kielletytki paikat täynä .
north	Vaan selevispä seki , miksi Oulusa on niin palijo pyöräilijöitä : Ku ei oo parkkipaikkoja .	Vaan selevispä seki , miksi Oulusa on niin palijo pyöräilijöitä : Ku ei oo parkkipaikkoja .
north	Ja ne kaks kaupungin läpi johtavaa katua on tungokseen asti täynä autoja ku muut kavut on tukittu .	Ja ne kaks kaupungin läpi johtavaa katua on tungokseen asti täynä autoja ku muut kavut on tukittu .
north	Paikkakuntalaisena silti pärijään vaikken avojalakanen ookkaan , mutta turistit on kyllä kusesa eiväkkä toiste tuu !	Paikkakuntalaisena silti pärijään vaikken avojalakanen ookkaan , mutta turistit on kyllä kusesa eiväkkä toiste tuu !
north	Mikä met terveet olemma heitä arvostelemaan .	Mikä met terveet olemma heitä arvostelemaan .
north	Pittää sitä olla rautalankaaki , millä met jäneksiä pyyämmä jos sitäkhään ei ole ?	Pittää sitä olla rautalankaaki , millä met jäneksiä pyyämmä jos sitäkhään ei ole ?
north	Kerrää kalus ja luus tai saat lähtiä täältä , täällä on ennekin nuita nulikoita käynyt pyörimässä muka parannuksineen .	Kerrää kalus ja luus tai saat lähtiä täältä , täällä on ennekin nuita nulikoita käynyt pyörimässä muka parannuksineen .
north	Pois ovat saaneet lähtiä , kun ei ole talon tavolla teheneet .	Pois ovat saaneet lähtiä , kun ei ole talon tavolla teheneet .
north	Vallankahvassa olevia kepuleita pittää sillä silimällä kahtua .	Vallankahvassa olevia kepuleita pittää sillä silimällä kahtua .
north	Ois se vielä ankia mainos ohikulkijoille .	Ois se vielä ankia mainos ohikulkijoille .
north	Keskelä outaa Sie olet se hooninki joka viskuttaa minun korhvaan ja kehottaa kääntyhmään Ja ko mie käänyn ..	Keskelä outaa Sie olet se hooninki joka viskuttaa minun korhvaan ja kehottaa kääntyhmään Ja ko mie käänyn ..
north	Sie nojaat pahtaa vasten ja keskelä outaa ei ole olemassa enhään kethään muita vain Sie ja mie Jag älskar dig Enkä mie rohki perusta vaikka Sie reistaat sanoa sen mulle nuin Sie olet minun opasmaa keskelä vaaramaisemaa	Sie nojaat pahtaa vasten ja keskelä outaa ei ole olemassa enhään kethään muita vain Sie ja mie Jag älskar dig Enkä mie rohki perusta vaikka Sie reistaat sanoa sen mulle nuin Sie olet minun opasmaa keskelä vaaramaisemaa
north	Asiaa sie vain kirjotat.Mie olen huomannu ihan saman asia , että verotievoilla ei ole mithän merkitystä .	Asiaa sie vain kirjotat.Mie olen huomannu ihan saman asia , että verotievoilla ei ole mithän merkitystä .
north	tuus tekkeen meil terassi .	tuus tekkeen meil terassi .
north	mutta met lähemmä kaikki sinne töihin !	mutta met lähemmä kaikki sinne töihin !
north	Älkää tulko meijän palkisille , met annama pian käärittyä kämmentä ..pirhana .	Älkää tulko meijän palkisille , met annama pian käärittyä kämmentä ..pirhana .
north	Eiköhän nuita kuitenkin vielä löydy :) itse olen ainakin sellainen .	Eiköhän nuita kuitenkin vielä löydy :) itse olen ainakin sellainen .
north	Tarttunu korvaan siellä kulukiessa , kohta neljänkymmenen vuojen aikana .	Tarttunu korvaan siellä kulukiessa , kohta neljänkymmenen vuojen aikana .
north	Kuhan Merja tullee resitentiksi niin päättää että Ponsseilla ei mennä mehtään vaan metsurit tekkee töitä siellä ja tullee komiaa jäläkeä .	Kuhan Merja tullee resitentiksi niin päättää että Ponsseilla ei mennä mehtään vaan metsurit tekkee töitä siellä ja tullee komiaa jäläkeä .
north	Ukokko on menny erotusaioile ni mie olen kyläsä kiertäny savuja , sielä olen mulukuttanu vaimot ja tyttäret , tietenki vain ne nuoret ja verevät .	Ukokko on menny erotusaioile ni mie olen kyläsä kiertäny savuja , sielä olen mulukuttanu vaimot ja tyttäret , tietenki vain ne nuoret ja verevät .
north	Hyviä tammoja vaikka vähäsen aivopestyjä , net ovat yrittäny mulle tarjota poroleipää ni mie olen sanonu että hyisaat , otappa housut pois ja mene pethin .	Hyviä tammoja vaikka vähäsen aivopestyjä , net ovat yrittäny mulle tarjota poroleipää ni mie olen sanonu että hyisaat , otappa housut pois ja mene pethin .
north	Hyvin on niilekki " vihollisen " liha kelvannu , ovat oikein kiitelly ja pyyelly uuestaanki käyhmän .	Hyvin on niilekki " vihollisen " liha kelvannu , ovat oikein kiitelly ja pyyelly uuestaanki käyhmän .
north	Ja mie poikahan se käyn :D	Ja mie poikahan se käyn :D
north	Miejän tyttö yritti yhen semmosen kans seurustella , se loppu ku koossi ei puhunut muusta ku moposta ja rattorista koko yön vaikka tytöllä ei ollu rihiman kiertämmää päällä .	Miejän tyttö yritti yhen semmosen kans seurustella , se loppu ku koossi ei puhunut muusta ku moposta ja rattorista koko yön vaikka tytöllä ei ollu rihiman kiertämmää päällä .
north	No siinä vaiheessa tyttö soitti mulle ja sano että tuu hakkee pois , ei viiti kahtua isot jätkät nai mopoja ja rattoireita .....	No siinä vaiheessa tyttö soitti mulle ja sano että tuu hakkee pois , ei viiti kahtua isot jätkät nai mopoja ja rattoireita .....
north	Meän kielelä , mutta saatako sie etes sitä ymmärtää ?	Meän kielelä , mutta saatako sie etes sitä ymmärtää ?
north	Se on poka niin että methän poltethaan omia mettiä ja nuotioita niin paljonko met haluthaan , tehkööt muut mitä oshaavaat.ja methän ei viikonloppuna töitä tehä ...	Se on poka niin että methän poltethaan omia mettiä ja nuotioita niin paljonko met haluthaan , tehkööt muut mitä oshaavaat.ja methän ei viikonloppuna töitä tehä ...
north	Missä piät niitä kursseja onko ne Keroputaalla vai kemintien ajatushautomossa .	Missä piät niitä kursseja onko ne Keroputaalla vai kemintien ajatushautomossa .
north	Kyllä nuita sinunkin höpinöitä on pikkuhiljaa alkanut ymmärtää ethän sie olekko vasta kolmevuotta itkenyt .	Kyllä nuita sinunkin höpinöitä on pikkuhiljaa alkanut ymmärtää ethän sie olekko vasta kolmevuotta itkenyt .
north	" met pannaan löössiä huuleen ja tehhään peltiä .	" met pannaan löössiä huuleen ja tehhään peltiä .
north	" kohta jaa siulaki pellit tekemäti ja löössitkin jää ruottihin ..	" kohta jaa siulaki pellit tekemäti ja löössitkin jää ruottihin ..
north	kaivokset on se kumma ko muoniosta ei muka mithän kaivamisen arvosta löyvy .	kaivokset on se kumma ko muoniosta ei muka mithän kaivamisen arvosta löyvy .
north	kittilästä , kolarista ja kuulema enontekiöltäki löytyy luonnonvaroja mutta muoniossa ei ole maassa muka mithään arvokasta .	kittilästä , kolarista ja kuulema enontekiöltäki löytyy luonnonvaroja mutta muoniossa ei ole maassa muka mithään arvokasta .
north	olishan se mahtava jos tämänki kunnan sisältä löytys joku esiintymä niin paranis tulevaisuuen näkymät kertaheitola .	olishan se mahtava jos tämänki kunnan sisältä löytys joku esiintymä niin paranis tulevaisuuen näkymät kertaheitola .
north	Haapavesi tarvihtisi ehottomasti uuven puolueen joka ajjais asiaa pysyvästi halapojen bannaanien puolesta , jotta haapavetiset saisimme ejelleen bannaania syöjäkseen !	Haapavesi tarvihtisi ehottomasti uuven puolueen joka ajjais asiaa pysyvästi halapojen bannaanien puolesta , jotta haapavetiset saisimme ejelleen bannaania syöjäkseen !
north	Täten ehotan , Kaikki , jotka tunnustautuvat bannaanin ystäviksi , yhistäkkää voimanne .	Täten ehotan , Kaikki , jotka tunnustautuvat bannaanin ystäviksi , yhistäkkää voimanne .
north	Perustettaan uusi Bannaaninystäväin puolue !	Perustettaan uusi Bannaaninystäväin puolue !
north	Ja sillä sitte yritettään aina evuskuntaan .	Ja sillä sitte yritettään aina evuskuntaan .
north	Bannaanipuolue tullee kasvattammaan suosijota koko suomen alueella ihka varmasti .	Bannaanipuolue tullee kasvattammaan suosijota koko suomen alueella ihka varmasti .
north	Ja ennen pitkään jokkaisesa maasa on ihan omat bannaanipuolueensa !	Ja ennen pitkään jokkaisesa maasa on ihan omat bannaanipuolueensa !
north	Ja mie en muuala käviskään , kuin Looklinessa .	Ja mie en muuala käviskään , kuin Looklinessa .
north	kiva juttelheen :)	kiva juttelheen :)
north	nuita paikkoja jo 70-luvulla , vaan ei sen asian kans ollu haapaveellä mittään tekemistä .	nuita paikkoja jo 70-luvulla , vaan ei sen asian kans ollu haapaveellä mittään tekemistä .
north	Rohkiaa olki ku rupesi köyhimpien pieniä tuloja leikkaamaan , Kun voisi turhat tuet lopetta yhtiöiltä .	Rohkiaa olki ku rupesi köyhimpien pieniä tuloja leikkaamaan , Kun voisi turhat tuet lopetta yhtiöiltä .
north	tietenki se tietää katsastusmiehile aurinkoisia päiviä ko mersu-ukot laukottava autoasa monheen kerthaan katsastuksela että saisit menheen läpi ja eihän siinä perhäänajoriskiä ole ko ei mersun perässä voi lähelä aijjaa ko siinä tukehtuu kitkehrään savun katkuun ja on sitte omaki auto niin noessa ettei saa puhtaaksi vaikka käyttäs minkälaisessa superpesussa monesti tai hankais juuriharjala .	tietenki se tietää katsastusmiehile aurinkoisia päiviä ko mersu-ukot laukottava autoasa monheen kerthaan katsastuksela että saisit menheen läpi ja eihän siinä perhäänajoriskiä ole ko ei mersun perässä voi lähelä aijjaa ko siinä tukehtuu kitkehrään savun katkuun ja on sitte omaki auto niin noessa ettei saa puhtaaksi vaikka käyttäs minkälaisessa superpesussa monesti tai hankais juuriharjala .
north	Mää keittää hurrautan sulle kahavit ja sitte poristaan yhessä kaiken maaliman asijoita .	Mää keittää hurrautan sulle kahavit ja sitte poristaan yhessä kaiken maaliman asijoita .
north	Mää voisin keittää teille vaikka rössypottuja ja jääkaapisa mulla on aina piimää .	Mää voisin keittää teille vaikka rössypottuja ja jääkaapisa mulla on aina piimää .
north	Voisit kokkeilla ossaatko ennää juua pillilä piimää .	Voisit kokkeilla ossaatko ennää juua pillilä piimää .
north	Yritän muistaa ostaa niitä pillejä ens kerrala ko käyn kaupasa .	Yritän muistaa ostaa niitä pillejä ens kerrala ko käyn kaupasa .
north	Emmää kyllä ite oikein tykkää rössypottuista , mutta voinhan teille keittää jos tuutta .	Emmää kyllä ite oikein tykkää rössypottuista , mutta voinhan teille keittää jos tuutta .
north	Jussi-enon tekemäsä tuohikirnusa on kukkia koristeena .	Jussi-enon tekemäsä tuohikirnusa on kukkia koristeena .
north	Kyllä näyttää olevan tarmo rapolle kuin " rangastus " pantu täytäntöön , kun pittää istua tuolla valtuustossa ja kuunnelle nuita paukapäitä , jotka eivät ällyy mittää .	Kyllä näyttää olevan tarmo rapolle kuin " rangastus " pantu täytäntöön , kun pittää istua tuolla valtuustossa ja kuunnelle nuita paukapäitä , jotka eivät ällyy mittää .
north	Olema täsä rannasa niinku varjon puolela .	Olema täsä rannasa niinku varjon puolela .
north	Jos järvelä olis niin suorhan paistais silimhin .	Jos järvelä olis niin suorhan paistais silimhin .
north	Eivät saanheet pojat kallaa vain kaksi haukea .	Eivät saanheet pojat kallaa vain kaksi haukea .
north	Laittovat fileiksi ja paistethan huomena .	Laittovat fileiksi ja paistethan huomena .
north	Maitua Pulukkilasta Mää oon ruvennut Pulukkilasa käyvesä tuomaan maitoa mukana .	Maitua Pulukkilasta Mää oon ruvennut Pulukkilasa käyvesä tuomaan maitoa mukana .
north	En tiiä miksi , mutta Pulukkilasa tullee käytyä niin ussein , että sama se ostaa maijotki sieltä .	En tiiä miksi , mutta Pulukkilasa tullee käytyä niin ussein , että sama se ostaa maijotki sieltä .
north	Pittää miettiä , kannattaako asiaa kahtua ?	Pittää miettiä , kannattaako asiaa kahtua ?
north	sittn vieläkö demujen hämärä pisniksiä aletaan selvittään alakaa kelmien kerho oleen kasasa .	sittn vieläkö demujen hämärä pisniksiä aletaan selvittään alakaa kelmien kerho oleen kasasa .
north	Eipä täsä mittään .	Eipä täsä mittään .
north	Jokos son voimisshaan ?	Jokos son voimisshaan ?
north	Kukhan niiston pomo ?	Kukhan niiston pomo ?
north	sie se taiat olla varsinainen valopää ..varmasti kestää neuvoinesi ..poleta sie reitti met hiihämä perässä ja katoma ku vajoat ...	sie se taiat olla varsinainen valopää ..varmasti kestää neuvoinesi ..poleta sie reitti met hiihämä perässä ja katoma ku vajoat ...
north	Yrityksien pittää toimia terveellä pohojalla elikkä tulla toimeen omillaan .	Yrityksien pittää toimia terveellä pohojalla elikkä tulla toimeen omillaan .
north	jolle esiintyminen on helevettiä ku sai sen finlandiapalakinnon ja kysyttiin mitää aikoo tehä niin sano : sulukeuvun autotalliin joku ilta ja juon pullon kossua .	jolle esiintyminen on helevettiä ku sai sen finlandiapalakinnon ja kysyttiin mitää aikoo tehä niin sano : sulukeuvun autotalliin joku ilta ja juon pullon kossua .
north	Emmähän met kirjoittajat ole sotankyläläisiä , paitti ehkä joku jeesiöläinen .	Emmähän met kirjoittajat ole sotankyläläisiä , paitti ehkä joku jeesiöläinen .
north	Sehän on niinku mejän ulkohuusi , se tejän kylän palsta .	Sehän on niinku mejän ulkohuusi , se tejän kylän palsta .
north	käykööt isotherrat ihte poimimassa mehtässä jos haluavat suut makiaks niillähän sitä aikaa riittää lorviessaan ja nostellessaan isoja palkkoja !	käykööt isotherrat ihte poimimassa mehtässä jos haluavat suut makiaks niillähän sitä aikaa riittää lorviessaan ja nostellessaan isoja palkkoja !
north	Mie en ainakhan ole kellekhän koskhan mithän pahhaa tehny !	Mie en ainakhan ole kellekhän koskhan mithän pahhaa tehny !
north	Puhukaa mitä puhutta , ei hätkhäytä yhthän .	Puhukaa mitä puhutta , ei hätkhäytä yhthän .
north	Molen meiltä ja muut on meän krannista .	Molen meiltä ja muut on meän krannista .
north	Mie kyllä piän , ettei tule Kyyjärven kunnanjohtaja Pelhoon .	Mie kyllä piän , ettei tule Kyyjärven kunnanjohtaja Pelhoon .
north	Eläkeikä on niin lähelä , että ei kannata hötkyilä pörroitten sekhaan .	Eläkeikä on niin lähelä , että ei kannata hötkyilä pörroitten sekhaan .
north	Meän pitäs Pellossa alkaa puhaltamhaan yhteen hiihleen kaikkien kuntalaisten , eikä vain arvostella niitä , jotka täälä jotaki yrittävät ja pitävä kunnan pystyssä .	Meän pitäs Pellossa alkaa puhaltamhaan yhteen hiihleen kaikkien kuntalaisten , eikä vain arvostella niitä , jotka täälä jotaki yrittävät ja pitävä kunnan pystyssä .
north	oikein jakovarasta päästään lappiin neuvottelemaan ,mää kans haluaisin päästä mukkaan , siitä jakovarasta en oikein enää kehtaa puhua mittään ;)	oikein jakovarasta päästään lappiin neuvottelemaan ,mää kans haluaisin päästä mukkaan , siitä jakovarasta en oikein enää kehtaa puhua mittään ;)
north	no meilä tämä on tapana ollu vuosisatoja emmä met muutu niin vain mie uskon että voipii mennä kolomekki sukupolvea ko memmä vain näe ommaa nokkaa pitemmälle	no meilä tämä on tapana ollu vuosisatoja emmä met muutu niin vain mie uskon että voipii mennä kolomekki sukupolvea ko memmä vain näe ommaa nokkaa pitemmälle
north	Kuusamo on kuoleva kylä 5 vuojen päästä kun ei oo ennää talavella lumia .	Kuusamo on kuoleva kylä 5 vuojen päästä kun ei oo ennää talavella lumia .
north	Taitaapi Kitkan muikutkin uijja jo sillon vennään puolelle .	Taitaapi Kitkan muikutkin uijja jo sillon vennään puolelle .
north	Sie se kyllä taijjat olla itte niitä Lapin polttajien jälkeläisiä , koska vaahtoat eläimien puolesta , mutta ihmisistä viis veisaat !	Sie se kyllä taijjat olla itte niitä Lapin polttajien jälkeläisiä , koska vaahtoat eläimien puolesta , mutta ihmisistä viis veisaat !
north	Joo kyllä taisin osua just knaphin , sie se vain kurja sakun sikiö olekki !	Joo kyllä taisin osua just knaphin , sie se vain kurja sakun sikiö olekki !
north	Tulisippa perkule tänne pitämhän tuommosta meteliä ,niin panisimma tulet persuksiin , ja tienpäälle !	Tulisippa perkule tänne pitämhän tuommosta meteliä ,niin panisimma tulet persuksiin , ja tienpäälle !
north	Se on kuule tuo putjettikiria niin vaikeaselekonen , ettet sie ainakhan ossaa sieltä tuota tietoa löytää .	Se on kuule tuo putjettikiria niin vaikeaselekonen , ettet sie ainakhan ossaa sieltä tuota tietoa löytää .
north	Se on kuule piilotettu niin isojen lukujen alle , ettei niistä varhman valtuustosakhan huuella , ku ei nekhän tiiä yhthän enempää .	Se on kuule piilotettu niin isojen lukujen alle , ettei niistä varhman valtuustosakhan huuella , ku ei nekhän tiiä yhthän enempää .
north	Mutta sitä mie en usko milhän , että muka kamreeriki olis tietämätön ?	Mutta sitä mie en usko milhän , että muka kamreeriki olis tietämätön ?
north	Minkähän laitoksen kamreerile sie soitit ?	Minkähän laitoksen kamreerile sie soitit ?
north	Sielähän sitä on totuttu lakipykälien kanss värkkäämhän .	Sielähän sitä on totuttu lakipykälien kanss värkkäämhän .
north	Ja mitä sie menit heti kysymhän , ko mie sinua jo varottelin , ettet mee kiihtynheesä mielentilasa mithän kysymhän .	Ja mitä sie menit heti kysymhän , ko mie sinua jo varottelin , ettet mee kiihtynheesä mielentilasa mithän kysymhän .
north	Tiiäthän sie vanhastathan , että sillonhan sitä saa just semmosen tieon , ko haluaa ja kestää ite kuulla .	Tiiäthän sie vanhastathan , että sillonhan sitä saa just semmosen tieon , ko haluaa ja kestää ite kuulla .
north	Niinkö huomaat et päässy puusta pitemmäle , mutta ko sulla ei tunnu olevan yhthän malttia.Olisit ees yön yli nukkunu , mutta ko ei oo malttia , niin minkäs sille voi .	Niinkö huomaat et päässy puusta pitemmäle , mutta ko sulla ei tunnu olevan yhthän malttia.Olisit ees yön yli nukkunu , mutta ko ei oo malttia , niin minkäs sille voi .
north	Miten se sinustaki lauhkiasti lamphaasta kasvo hetkesä , liki parin viestin vaihosa tuomonen päälle käyvä pässi .	Miten se sinustaki lauhkiasti lamphaasta kasvo hetkesä , liki parin viestin vaihosa tuomonen päälle käyvä pässi .
north	Kyllä se on parrein , että avvaama tämän putjettikirian salat tältäki osin sitte vaalikentilä .	Kyllä se on parrein , että avvaama tämän putjettikirian salat tältäki osin sitte vaalikentilä .
north	Pittää osata nähä mettä puilta .	Pittää osata nähä mettä puilta .
north	Kun muuria ruvetaan tekkeen , tehään tarpeeksi iso , oulu mukkaan	Kun muuria ruvetaan tekkeen , tehään tarpeeksi iso , oulu mukkaan
north	Köyhät net tukiaisia tarttee eikä rikhaat , kele !	Köyhät net tukiaisia tarttee eikä rikhaat , kele !
north	Ostakaa tet vain lissää maastureita ja mersuja ja ulkomaanmatkoja , met maksama vaikkei ole ittelä ees varraa ostaa ruokaa .	Ostakaa tet vain lissää maastureita ja mersuja ja ulkomaanmatkoja , met maksama vaikkei ole ittelä ees varraa ostaa ruokaa .
north	Joo ja ko mainittee asiasta niin katheeliseksi haukuthaan .	Joo ja ko mainittee asiasta niin katheeliseksi haukuthaan .
north	Jokkainenhan sen tietää että jos alakaa jotakin tekkeen ja touhuaan työtä se vaatii vaan senhän tietää jo aloittaissaan	Jokkainenhan sen tietää että jos alakaa jotakin tekkeen ja touhuaan työtä se vaatii vaan senhän tietää jo aloittaissaan
north	kans , mutta mie yritän välttää olla leimautumasta mihinkhään puolueeseen , vielä enemmän tällä palstala ko muuten .	kans , mutta mie yritän välttää olla leimautumasta mihinkhään puolueeseen , vielä enemmän tällä palstala ko muuten .
north	Se ei ole hyväksi jos met täälä alama toisiamme kathelemaan kierhoon poliittisesti .	Se ei ole hyväksi jos met täälä alama toisiamme kathelemaan kierhoon poliittisesti .
north	Totian vain , että yksi show on esiripun sukemista vaile purkisa .	Totian vain , että yksi show on esiripun sukemista vaile purkisa .
north	Minule on yks lysti kunpi shoswstaan sai paremmat arvostelut .	Minule on yks lysti kunpi shoswstaan sai paremmat arvostelut .
north	Se on tuo Suomen politiikkakin aivan sammaa kauniit ja rohkiat peliä .	Se on tuo Suomen politiikkakin aivan sammaa kauniit ja rohkiat peliä .
north	Ens viikola on varmaankin vielä loppukumarruksen , tai pyllistyksen hetki .	Ens viikola on varmaankin vielä loppukumarruksen , tai pyllistyksen hetki .
north	Eihän se tulokseen vaikuta , mutta kyllä varmhaan jotaki on siirretty vaalien yliki .	Eihän se tulokseen vaikuta , mutta kyllä varmhaan jotaki on siirretty vaalien yliki .
north	vissinki oli sen ison kolhoossi mökin hamphaaton mumisija valokki näkkyy tännepuole kävin männä kesälä venheelä kattomassa läheltä rantaa oli iso mulikka räystäässä kiini , sielä se on vissiin se rovastiksi sanoat koa nuottamies on ei kyllä näkyny apajilla sanova vissiin että assu epsanjassa talvet sanokaapa terhveisiä jokka tunteva jäämieheltä	vissinki oli sen ison kolhoossi mökin hamphaaton mumisija valokki näkkyy tännepuole kävin männä kesälä venheelä kattomassa läheltä rantaa oli iso mulikka räystäässä kiini , sielä se on vissiin se rovastiksi sanoat koa nuottamies on ei kyllä näkyny apajilla sanova vissiin että assu epsanjassa talvet sanokaapa terhveisiä jokka tunteva jäämieheltä
north	Son vaan semmonen asia jotta Rumpin kannatus on kova .	Son vaan semmonen asia jotta Rumpin kannatus on kova .
north	Uutisissa näyttävät pätkiä jossa haastatellaan paikallisia ihmisiä niin net aina kehuvat Rumppia .	Uutisissa näyttävät pätkiä jossa haastatellaan paikallisia ihmisiä niin net aina kehuvat Rumppia .
north	Ei se tee niinkö Soini tai Lindströmmi että kehuu ennen vaaleja kuinka panhan köyhän työläisen ja pienyrittäjän asiat kunthon .	Ei se tee niinkö Soini tai Lindströmmi että kehuu ennen vaaleja kuinka panhan köyhän työläisen ja pienyrittäjän asiat kunthon .
north	Vaalien jäläkhen sitte luppaukset unohethan ja tehhän päinvastoin ko luvathin .	Vaalien jäläkhen sitte luppaukset unohethan ja tehhän päinvastoin ko luvathin .
north	Mutta se ei meitä juurikhan lämmitä .	Mutta se ei meitä juurikhan lämmitä .
north	No enpä tiiä , on se aika patamusta porvari ja taitaapi vain ajella rikhaitten asiaa .	No enpä tiiä , on se aika patamusta porvari ja taitaapi vain ajella rikhaitten asiaa .
north	No sen mie tiiän ettei ainakhan Persuista tule ikinä Rumppia , ne on valehtelijoita koko sakki .	No sen mie tiiän ettei ainakhan Persuista tule ikinä Rumppia , ne on valehtelijoita koko sakki .
north	Kyllä met ` olemma tietenki sekameteli sekotusta !	Kyllä met ` olemma tietenki sekameteli sekotusta !
north	on se kumma kun koskskaan ei jää kukaan kiinni ja met tiiäämä itte ketkä ne on ...	on se kumma kun koskskaan ei jää kukaan kiinni ja met tiiäämä itte ketkä ne on ...
north	poliisille lisää voimia Ja on ollu vähällä pitää ittelläki nuiten hullujen KANS : : : :	poliisille lisää voimia Ja on ollu vähällä pitää ittelläki nuiten hullujen KANS : : : :
north	Uskokee hyvät kanssaihmiiset saisitte heleppoa elämää ku nui tekisittä .	Uskokee hyvät kanssaihmiiset saisitte heleppoa elämää ku nui tekisittä .
north	Meillä Kempasa ei halapatyövoima jyllää .	Meillä Kempasa ei halapatyövoima jyllää .
north	Täälä Kempan pojat tekkeepi selluva .	Täälä Kempan pojat tekkeepi selluva .
north	Ja met ei tehä yhthän alle 15 euron tunti .	Ja met ei tehä yhthän alle 15 euron tunti .
north	Painakaa se mielhen ja syväle .	Painakaa se mielhen ja syväle .
north	Sen tet tuletta näkemhän ko se tehas pörähtääpi käymhän .	Sen tet tuletta näkemhän ko se tehas pörähtääpi käymhän .
north	Jos torille tulisit sie ja mie ynnä muut tyttäret ja poijat , eihän se olis tylsä paikka .	Jos torille tulisit sie ja mie ynnä muut tyttäret ja poijat , eihän se olis tylsä paikka .
north	Tietenki , jos met kuljema kaikki torin ohi , vilkasemma , ettei sielä ole mithän , semmoseksi se tori sitte jääki .	Tietenki , jos met kuljema kaikki torin ohi , vilkasemma , ettei sielä ole mithän , semmoseksi se tori sitte jääki .
north	Mutta jos kaikin yrittäsimmä ja menisimmä sinne torile , niin jovain met alkasimma viihtymhän sielä .	Mutta jos kaikin yrittäsimmä ja menisimmä sinne torile , niin jovain met alkasimma viihtymhän sielä .
north	hö Ja kyllä täällä Puttaallaki on nuita jouto-ookaajia .	hö Ja kyllä täällä Puttaallaki on nuita jouto-ookaajia .
north	Tuosaha nuita pyörii Valintatalon kulumilla .	Tuosaha nuita pyörii Valintatalon kulumilla .
north	Notta jos vielähi out menosa etelään , met tuumma ookaamaan .	Notta jos vielähi out menosa etelään , met tuumma ookaamaan .
north	jaa semmosekko on teilä hoito-ohjeet onkos tullu keltasta vai mitenkäs olet sinne päätyny mie ruukaan syä nuita mynthoni pastillia aikani kuluksi en mie tartte lääkheitä mutta teilä son tieten jokapäivästä sanovat jokku että näkkee väritä mikä lääke tekkee mitäki kuulin ko sielä on yksi tuttu töissäsano että niinko sieki ootat aina keltasia ja sinisiä et sole lapista ko sie tuomosta savoa viänät .	jaa semmosekko on teilä hoito-ohjeet onkos tullu keltasta vai mitenkäs olet sinne päätyny mie ruukaan syä nuita mynthoni pastillia aikani kuluksi en mie tartte lääkheitä mutta teilä son tieten jokapäivästä sanovat jokku että näkkee väritä mikä lääke tekkee mitäki kuulin ko sielä on yksi tuttu töissäsano että niinko sieki ootat aina keltasia ja sinisiä et sole lapista ko sie tuomosta savoa viänät .
north	Niille pittää olla leviä rottinkisohova pehmusteineen ...	Niille pittää olla leviä rottinkisohova pehmusteineen ...
north	Mulla ei ainakaan oo nykyisistä taxsi kuskeista mitään valittamista.Kyll ä pitäis kahtua peiliinki välisä löytyskö sieltäki jotain vikkaa , Mehtä vastaa niikö sinne huuvetaan .	Mulla ei ainakaan oo nykyisistä taxsi kuskeista mitään valittamista.Kyll ä pitäis kahtua peiliinki välisä löytyskö sieltäki jotain vikkaa , Mehtä vastaa niikö sinne huuvetaan .
north	nimenkeruu adressi jo me saathiin sinne kunthaan semmoinen adressi mihin jokhainen mäkihangheen puolustaja saa käydä panheen nimensä .	nimenkeruu adressi jo me saathiin sinne kunthaan semmoinen adressi mihin jokhainen mäkihangheen puolustaja saa käydä panheen nimensä .
north	No sehän on oikhein kuuluisa pellon nurkilla ja kioskeilla ja kaupoissa , silmälä net kaikkialla sitä pittää .	No sehän on oikhein kuuluisa pellon nurkilla ja kioskeilla ja kaupoissa , silmälä net kaikkialla sitä pittää .
north	ei ole oikein että vanha " ukko " pelottellee nuoria naisia , vanhat naiset osaa antaa satikutia jos nokkaa näyttää lähelä :D pitäkääpä silmälä tekki !	ei ole oikein että vanha " ukko " pelottellee nuoria naisia , vanhat naiset osaa antaa satikutia jos nokkaa näyttää lähelä :D pitäkääpä silmälä tekki !
north	Metässä saakin nuita idiksiä ja erinäisii älynvälläyksiä .	Metässä saakin nuita idiksiä ja erinäisii älynvälläyksiä .
north	Nii ei voi sanoaku että vaikiaksipa teette niin yksinkertaisen asian kun maalaaminen 😂 .	Nii ei voi sanoaku että vaikiaksipa teette niin yksinkertaisen asian kun maalaaminen 😂 .
north	Menkää jo oikiasti töihin .	Menkää jo oikiasti töihin .
north	Me tahotaan olla jo perimältään niin juoppua sakkia ettei kannata viineillä sitä härnätä .	Me tahotaan olla jo perimältään niin juoppua sakkia ettei kannata viineillä sitä härnätä .
north	Tuosa hoksasin että , ne Ranskalaisekki taisi viimme soan aikana tehä saman virheen ku niksmannin pojat kahalas kahesa kuukauvesa koko maan kontalleen .	Tuosa hoksasin että , ne Ranskalaisekki taisi viimme soan aikana tehä saman virheen ku niksmannin pojat kahalas kahesa kuukauvesa koko maan kontalleen .
north	Ensinhän ne nuo tissirintaman- sissit uhos tääläki meijän pojille että " tulukaa vaan peräsä rajapyykkien kansa " kyllä me tie teille aukastaan .	Ensinhän ne nuo tissirintaman- sissit uhos tääläki meijän pojille että " tulukaa vaan peräsä rajapyykkien kansa " kyllä me tie teille aukastaan .
north	Tuosta vois äkkiä jo aatella , meijän maito , lihapottupojat pärijää parraiten näisä olosuhteisa .	Tuosta vois äkkiä jo aatella , meijän maito , lihapottupojat pärijää parraiten näisä olosuhteisa .
north	En sitte tiijä , näin kansakoulu pohojalta vaan aattelin , liekkö siitä mikkää maisteri sitte teheny tutkimuksia ?	En sitte tiijä , näin kansakoulu pohojalta vaan aattelin , liekkö siitä mikkää maisteri sitte teheny tutkimuksia ?
north	Palio nuo tuntuu joutesaa tekevän nuita .	Palio nuo tuntuu joutesaa tekevän nuita .
north	ei minulla aikaisemminkaan ollut nuita .	ei minulla aikaisemminkaan ollut nuita .
north	Het osoittiit , että joka mithausasemalla merivesi oli normaalia alempana .	Het osoittiit , että joka mithausasemalla merivesi oli normaalia alempana .
north	Jos met oletamma , että merialueemma oli 1000 nkm , se tietäisi että jo 10 sm:n alenema lahjoittaisi murtovesiämmä kilometrikuution verhan Pohjanmeren alueelle ja Boris Johnsonin hyväksi .	Jos met oletamma , että merialueemma oli 1000 nkm , se tietäisi että jo 10 sm:n alenema lahjoittaisi murtovesiämmä kilometrikuution verhan Pohjanmeren alueelle ja Boris Johnsonin hyväksi .
north	Onko temä oikhein ?	Onko temä oikhein ?
north	näin sen näkkee miten kolarilaiset on aivan kuutamolla vaikka kyllähän nuita tilastoja näkkee ihan laillisesti jokanen jos haluaa .	näin sen näkkee miten kolarilaiset on aivan kuutamolla vaikka kyllähän nuita tilastoja näkkee ihan laillisesti jokanen jos haluaa .
north	ja kerroppa sie yks nyt se osote sinne kotia äläkä luettele jotaki sirkan liiketiloja .	ja kerroppa sie yks nyt se osote sinne kotia äläkä luettele jotaki sirkan liiketiloja .
north	Haapoveen parriisilaisluonteesta ennää mittään jälellä ?	Haapoveen parriisilaisluonteesta ennää mittään jälellä ?
north	Hienostele sie niinkö haluat , mie sanon asiat niinkö ne on ja sillä hyvä .	Hienostele sie niinkö haluat , mie sanon asiat niinkö ne on ja sillä hyvä .
north	Ja mie nyt saatan olla typerä mutta saattaapi olla että en välttämättä olekhan .	Ja mie nyt saatan olla typerä mutta saattaapi olla että en välttämättä olekhan .
north	Saat sie minua nimitellä niinkö haluat varsinki jos sinusta tuntuu että sie olet kovaki jätkä .	Saat sie minua nimitellä niinkö haluat varsinki jos sinusta tuntuu että sie olet kovaki jätkä .
north	Rumppi kyllä jaksaa istuksia kautensa lophuun asti .	Rumppi kyllä jaksaa istuksia kautensa lophuun asti .
north	Son vain semmonen homma että sielä YhtyntäWalloisa on kaikenlaisia kahajoja net saattaapi vaikka ampuva pyssylä sen Rumpin henkiltä .	Son vain semmonen homma että sielä YhtyntäWalloisa on kaikenlaisia kahajoja net saattaapi vaikka ampuva pyssylä sen Rumpin henkiltä .
north	abc:llä sanova että vissii se esko luuhaa ja kyttää jokkaista askelta siltä ahilta.miten se ehtii ennää opettaan mittään .no ne tiililavat ja karkithan ne on jottain .	abc:llä sanova että vissii se esko luuhaa ja kyttää jokkaista askelta siltä ahilta.miten se ehtii ennää opettaan mittään .no ne tiililavat ja karkithan ne on jottain .
north	Tuommonen määrä naisvihaa mitä ukot vastailee , voi syntyä vain siitä ku ei ennää ota eele .	Tuommonen määrä naisvihaa mitä ukot vastailee , voi syntyä vain siitä ku ei ennää ota eele .
north	Ja syntyy se naisviha muustaki , soon lähtösin jo äitin tissistä , äitiä net vihhaavat , ei olis halunnut luovuttaa äitistä .	Ja syntyy se naisviha muustaki , soon lähtösin jo äitin tissistä , äitiä net vihhaavat , ei olis halunnut luovuttaa äitistä .
north	Me olema jo isoja poikia .	Me olema jo isoja poikia .
north	Ja sitte met läpytämä ja halveksima lippalakki kallelhaan naisia , joita ilman emmä voi olla , niitä pittää sitte siinä vihassa vielä lyyäkki .	Ja sitte met läpytämä ja halveksima lippalakki kallelhaan naisia , joita ilman emmä voi olla , niitä pittää sitte siinä vihassa vielä lyyäkki .
north	Mie taas luulen että met olemma vielä kusessa tuon Yrjötapion kanssa .	Mie taas luulen että met olemma vielä kusessa tuon Yrjötapion kanssa .
north	mutta tuota nuin niin ...	mutta tuota nuin niin ...
north	Jos sinne vuojen päästä jotaki vikoja tullee niin en ...	Jos sinne vuojen päästä jotaki vikoja tullee niin en ...
north	Vaikkei oo näkynnä valtuustossa , kyllä Pate pittää tuupata oikein vauhilla etuskunthan .	Vaikkei oo näkynnä valtuustossa , kyllä Pate pittää tuupata oikein vauhilla etuskunthan .
north	Siinä sitä on toellinen missio Keminmaale .	Siinä sitä on toellinen missio Keminmaale .
north	Sen pittää päästä ministeriksi saakka , että se pääsee hommaahman itelle sitä keskeneräseksi jäänyttä opistoluppaa .	Sen pittää päästä ministeriksi saakka , että se pääsee hommaahman itelle sitä keskeneräseksi jäänyttä opistoluppaa .
north	Opistolupa ko sai Raskin ministeriaikana , oohan siittä aikaa jo liki 10 vuotta , niin pahan kuus nolla tyrmäyksen , ettei siittä oo julukisuuesa uskallettu ennää vuoshin puhua mithän .	Opistolupa ko sai Raskin ministeriaikana , oohan siittä aikaa jo liki 10 vuotta , niin pahan kuus nolla tyrmäyksen , ettei siittä oo julukisuuesa uskallettu ennää vuoshin puhua mithän .
north	Palioueshan vaikuttaa siltä , että ne ovat Keminmaanki päättäjät niinku yhestä suusta hiljasesti alistunhe antamhan siihenki rahat rutiköyhäksi ja pohiattomaksiki osottautunheesta kunnan kassasta , vähän niinku elinkeinomyönteisyyen variola .	Palioueshan vaikuttaa siltä , että ne ovat Keminmaanki päättäjät niinku yhestä suusta hiljasesti alistunhe antamhan siihenki rahat rutiköyhäksi ja pohiattomaksiki osottautunheesta kunnan kassasta , vähän niinku elinkeinomyönteisyyen variola .
north	Muistan lukehneeni , että konsulttiki oli ollut aivan vouhakkeen siteeramana hoo moilasena ,ko se niitä koulupuolen lukuja oli latellu , mutta em mie tiiä olisko se silti ihan hoo:na ollut , niinku se vouhake sitäki moilasta nimitteli .	Muistan lukehneeni , että konsulttiki oli ollut aivan vouhakkeen siteeramana hoo moilasena ,ko se niitä koulupuolen lukuja oli latellu , mutta em mie tiiä olisko se silti ihan hoo:na ollut , niinku se vouhake sitäki moilasta nimitteli .
north	Ite oisin kyllä palion , palion varovasempi menehmän kethän hoo:ksi nimittelemhän , mutta vissiin se vouhake on rohkiampi tai sitte se tietää moilasen semmoseksi.Noh , joka tappauksesa karu tottuus on , että Keminmaa käyttää opetukshen rahhaa palion enemmän ko muut saman kokoset kunnat eikä kaikki siltikhän mee omien kuntalaisten hyväksi .	Ite oisin kyllä palion , palion varovasempi menehmän kethän hoo:ksi nimittelemhän , mutta vissiin se vouhake on rohkiampi tai sitte se tietää moilasen semmoseksi.Noh , joka tappauksesa karu tottuus on , että Keminmaa käyttää opetukshen rahhaa palion enemmän ko muut saman kokoset kunnat eikä kaikki siltikhän mee omien kuntalaisten hyväksi .
north	Ei siinä muuten mithän , mutta jukolauta LAPSET heräsi ja säikähti ko melkosen lähelä paukahteli .	Ei siinä muuten mithän , mutta jukolauta LAPSET heräsi ja säikähti ko melkosen lähelä paukahteli .
north	Ja ihan sama oliko lupa tuohon touhuun tai ei , mutta varhman järjenkäyttö ( jos sitä löytyy)on sallittua tuossaki touhussa .	Ja ihan sama oliko lupa tuohon touhuun tai ei , mutta varhman järjenkäyttö ( jos sitä löytyy)on sallittua tuossaki touhussa .
north	Mitä met tehemä , met autottomat , muuta ku pakola vain kuljema tien poikki .	Mitä met tehemä , met autottomat , muuta ku pakola vain kuljema tien poikki .
north	Emmä voi mithän , vaikka meistä ei jäis henkeäkhän auton alle joutuessa .	Emmä voi mithän , vaikka meistä ei jäis henkeäkhän auton alle joutuessa .
north	autot net vain ajjaa ja met kävelemmä .	autot net vain ajjaa ja met kävelemmä .
north	Siemensekotus Eli mää tarttisin sellasta tietua et kauan hamsterin siemen sekotus säilyy avaamattomana siinä pussisa missä se ostettiinki ?	Siemensekotus Eli mää tarttisin sellasta tietua et kauan hamsterin siemen sekotus säilyy avaamattomana siinä pussisa missä se ostettiinki ?
north	:) Ja päiväyksen voisin kattua jos mulla ois jo hamsteri mut eipä vielä oo nii tarvisin vähä tietua etukätteen :D	:) Ja päiväyksen voisin kattua jos mulla ois jo hamsteri mut eipä vielä oo nii tarvisin vähä tietua etukätteen :D
north	Sattuuhan nuita itte kullekkin , oppiipaha jotaki ku alaku vaiheesa nui pompsahtaapi .	Sattuuhan nuita itte kullekkin , oppiipaha jotaki ku alaku vaiheesa nui pompsahtaapi .
north	Ja sehi on ainaa lopussa kun kähveltäät rullia .	Ja sehi on ainaa lopussa kun kähveltäät rullia .
north	en mie jokapaikhan kerkiä ko niilä on niitä seitakiviä vaikka missä	en mie jokapaikhan kerkiä ko niilä on niitä seitakiviä vaikka missä
north	Väylän kultaa on lohi Lohen vappaa pääsy väyhlään on meän kummanki puolen etu että siittä kannattas pittää kiini .	Väylän kultaa on lohi Lohen vappaa pääsy väyhlään on meän kummanki puolen etu että siittä kannattas pittää kiini .
north	Nykko ennää ei tartte pölätä venäläisiäkhään yhtä paljo ku ennen , pitäs ruottalaistenki alkaa korjaahmaan väylänvarren paikkoja turismille .	Nykko ennää ei tartte pölätä venäläisiäkhään yhtä paljo ku ennen , pitäs ruottalaistenki alkaa korjaahmaan väylänvarren paikkoja turismille .
north	Solis mahottoman hyvä suomenki puolele ko ruottinki puolela olis turismia väylän lähelä .	Solis mahottoman hyvä suomenki puolele ko ruottinki puolela olis turismia väylän lähelä .
north	Mutta se saattaa olla että ruottalaiset ei halvaa vähästäkhään asutusta väylänvartheen ko net tykkäävät että suomen kieltä ei sais käyttää koko kruununmaassa .	Mutta se saattaa olla että ruottalaiset ei halvaa vähästäkhään asutusta väylänvartheen ko net tykkäävät että suomen kieltä ei sais käyttää koko kruununmaassa .
north	Rahaki sais olla sama euro mutta sitäkhään net ei halvanheet .	Rahaki sais olla sama euro mutta sitäkhään net ei halvanheet .
north	kYllä met vörstooraama onhan meilä tämä meän språåki	kYllä met vörstooraama onhan meilä tämä meän språåki
north	Jussi pyhiinvaellus matkalle viroon niin jospa se tois kymmenkunta sanan alasta naista tulijaisina Niin päästäs mekin haapavetiset lihan ilosta nauttimaan Niitähän on nuita tyhyjiä kouluja vissiinkin joka kylällä ens alakuun oisivat viikon yhellä kylällä vois alottaa vaikka vattukylältä	Jussi pyhiinvaellus matkalle viroon niin jospa se tois kymmenkunta sanan alasta naista tulijaisina Niin päästäs mekin haapavetiset lihan ilosta nauttimaan Niitähän on nuita tyhyjiä kouluja vissiinkin joka kylällä ens alakuun oisivat viikon yhellä kylällä vois alottaa vaikka vattukylältä
north	Mistä vois netisä kattua ilmaseksi suomen tekstityksillä , muualta ku hdfinistä ?	Mistä vois netisä kattua ilmaseksi suomen tekstityksillä , muualta ku hdfinistä ?
north	ollaankin valamiiksi oikialla palstalla .	ollaankin valamiiksi oikialla palstalla .
north	Mie en kans ole huomannu mithän kateutta täälä kylällä .	Mie en kans ole huomannu mithän kateutta täälä kylällä .
north	Se on ollu sillon ennen vanhaan ko on kajehittu vähän kaikkea .	Se on ollu sillon ennen vanhaan ko on kajehittu vähän kaikkea .
north	mutta se johtuu siitä ko ennen vanhaan oli vähän puutetta kaikesta ja jos jollaki oli vähän enemmän ko itellä niin saatto sitä vai kajehtia.tuosta katkeruuvesta en ossaa kyllä sanoa mithän .	mutta se johtuu siitä ko ennen vanhaan oli vähän puutetta kaikesta ja jos jollaki oli vähän enemmän ko itellä niin saatto sitä vai kajehtia.tuosta katkeruuvesta en ossaa kyllä sanoa mithän .
north	Metästähän met kelot haemma.Samalla tullee hirveä särpimeksi.	Metästähän met kelot haemma.Samalla tullee hirveä särpimeksi.
north	Etköhän sie pene jo turppaasi tukkohon !	Etköhän sie pene jo turppaasi tukkohon !
north	Mitä tet nuita syytättä ko tornionpässit antaa vetää narusta .	Mitä tet nuita syytättä ko tornionpässit antaa vetää narusta .
north	Jotenki onttuu , jos Oululainen rupijais kirijakielellä vääntämmään .	Jotenki onttuu , jos Oululainen rupijais kirijakielellä vääntämmään .
north	Oulusa jos on syntyny ja parraatpäiväsä nähäny,en menis murretta vaihtammaan.Tulen juttuun kaikenlaisten murteijen kanssa ja Savoki niin likellä , että ymmärrettään toisia .	Oulusa jos on syntyny ja parraatpäiväsä nähäny,en menis murretta vaihtammaan.Tulen juttuun kaikenlaisten murteijen kanssa ja Savoki niin likellä , että ymmärrettään toisia .
north	pitäsköhän muidenkin muoniolaisten käyä muualaki ko kaupassa ja kirjastossa niin ehkä loppus tuo katteuven piru .	pitäsköhän muidenkin muoniolaisten käyä muualaki ko kaupassa ja kirjastossa niin ehkä loppus tuo katteuven piru .
north	jos joku tykkää käyä marjassa niin käyköön ja joku toinen haluaa käyä ahrikassa mettälä niin käyköön .	jos joku tykkää käyä marjassa niin käyköön ja joku toinen haluaa käyä ahrikassa mettälä niin käyköön .
north	joo ja kehtaavat sanoa että täältä ei mithään tule net ei ossaa vissiin verkottaa mulla on verkko korkeus 8 m ei taia muilla olla tuomosia monena vuotena olen parthoin nauranu ko sanovat että pieniä tullee tänhään myräkässä kävin 47 kpl kuhhaa suurin 4,4kg haukia 23 suurin 6,1kg ahavenia 131 suurin 660g että kyllä nuita vain saapii em mie kyllä jaksa nuita kaiikkia yksin syyä enkä lähe kyllä jakehleen annan hurtile	joo ja kehtaavat sanoa että täältä ei mithään tule net ei ossaa vissiin verkottaa mulla on verkko korkeus 8 m ei taia muilla olla tuomosia monena vuotena olen parthoin nauranu ko sanovat että pieniä tullee tänhään myräkässä kävin 47 kpl kuhhaa suurin 4,4kg haukia 23 suurin 6,1kg ahavenia 131 suurin 660g että kyllä nuita vain saapii em mie kyllä jaksa nuita kaiikkia yksin syyä enkä lähe kyllä jakehleen annan hurtile
north	nyt kaikki tietää ettei haapaveellä oo ees putkapalveluita.huonua mainosta ja leviää laajalle	nyt kaikki tietää ettei haapaveellä oo ees putkapalveluita.huonua mainosta ja leviää laajalle
north	mutta miten nuita kirjotata ku joka kolomas avaus on ruikuttaa kuinka huonosti haukiputtaan kunnassa on asiat .	mutta miten nuita kirjotata ku joka kolomas avaus on ruikuttaa kuinka huonosti haukiputtaan kunnassa on asiat .
north	Väsyny isosisko ihan taatusti riepottelee kiukuttelevaa koliikkivauvvaa ja toivois , että imis nyt pentele vähän nopiammin tuon maijon .	Väsyny isosisko ihan taatusti riepottelee kiukuttelevaa koliikkivauvvaa ja toivois , että imis nyt pentele vähän nopiammin tuon maijon .
north	Ei ihime , jos sitte vielä polokevat pikkusisarukset suohon , ku ovat niin kurkkusta myöten täynä niitä .	Ei ihime , jos sitte vielä polokevat pikkusisarukset suohon , ku ovat niin kurkkusta myöten täynä niitä .
north	luontopolkua , ( eu rahat hyötykäythön ) vähä jotaki konkreettista merkkiä esim entisen järven pinnankorkeuesta ..infotaulua .	luontopolkua , ( eu rahat hyötykäythön ) vähä jotaki konkreettista merkkiä esim entisen järven pinnankorkeuesta ..infotaulua .
north	ei se turismi tajua misthän mithän jos se pysähtyy kattelemhan .	ei se turismi tajua misthän mithän jos se pysähtyy kattelemhan .
north	net pitävät saaha pysähtymhän , ohikulkijat .	net pitävät saaha pysähtymhän , ohikulkijat .
north	ei sitä saa jättää yhthen tapahtumhan , se saattaa alkaa vielä elättämhän vaikka jonku kioskin ..tai sarvikaupan ..	ei sitä saa jättää yhthen tapahtumhan , se saattaa alkaa vielä elättämhän vaikka jonku kioskin ..tai sarvikaupan ..
north	saamelaiset En ole aivan viimistä piirtoa myöten perilä näistä kaikista kiemuroista mitä tähän eripurhan liittyy , mutten ole vielä käsittäny miksi meijät pittää niin jaotella joka paikassa ?	saamelaiset En ole aivan viimistä piirtoa myöten perilä näistä kaikista kiemuroista mitä tähän eripurhan liittyy , mutten ole vielä käsittäny miksi meijät pittää niin jaotella joka paikassa ?
north	Mullon kyllä rakhaita lähheisiä molemista " väestöistä " ja mulle non vain IHMISIÄ , ei joko saamelaisia tai " lantalaisia " .	Mullon kyllä rakhaita lähheisiä molemista " väestöistä " ja mulle non vain IHMISIÄ , ei joko saamelaisia tai " lantalaisia " .
north	Tosihan se varmasti on , että saamen kielilaki-hommia ei ole aivan niin hyvin tehty ko olis voinu ja hyvinhän siitä on onneks nyt puhettaki saatu aikaseks , mutta toishalta ihmetyttää näissä maanomistuskiistoissaki , että kyllä esimerkiksi mieki rakastan ja arvostan ja vaalin tätä luontoa ja ympäristöä aivan yhtälaila , vaikken saamelainen olekhan .	Tosihan se varmasti on , että saamen kielilaki-hommia ei ole aivan niin hyvin tehty ko olis voinu ja hyvinhän siitä on onneks nyt puhettaki saatu aikaseks , mutta toishalta ihmetyttää näissä maanomistuskiistoissaki , että kyllä esimerkiksi mieki rakastan ja arvostan ja vaalin tätä luontoa ja ympäristöä aivan yhtälaila , vaikken saamelainen olekhan .
north	Enkä mie sille syntyperälenikhän kuiten mithän voi ?	Enkä mie sille syntyperälenikhän kuiten mithän voi ?
north	Täällä Hesassa MV lehtiä on voinu taas lukia monta päivää .	Täällä Hesassa MV lehtiä on voinu taas lukia monta päivää .
north	Nyt on kunnalla säästökuurit meneillään että saahaan 10 vuojen päästä miljoonien eurojen kouluhässäkkä rakennettua .	Nyt on kunnalla säästökuurit meneillään että saahaan 10 vuojen päästä miljoonien eurojen kouluhässäkkä rakennettua .
north	Ala tekkeen kovasti töitä voithan sieki saaha mikä estää .	Ala tekkeen kovasti töitä voithan sieki saaha mikä estää .
north	Tuollee ku tippuu , niin eipä vuojen päästä montakaa prosenttia .	Tuollee ku tippuu , niin eipä vuojen päästä montakaa prosenttia .
north	Ei meillä ittellä oo nii hyvvää näkhöä , että näkisiimmä kenenkää sissälmyksiä ihte , mutta vinttiherran vallaisukonneessa on ainaki seittemän silimää .	Ei meillä ittellä oo nii hyvvää näkhöä , että näkisiimmä kenenkää sissälmyksiä ihte , mutta vinttiherran vallaisukonneessa on ainaki seittemän silimää .
north	Eikä sen jäläkheen ennää tarvihte ryämiä ja kiärtää kehhää , yätä päivvää kenenkää talon ympäri ja pöyrän alla , kiiluvin mulukoshilimin ja näläkää kurisevin mahhoin .	Eikä sen jäläkheen ennää tarvihte ryämiä ja kiärtää kehhää , yätä päivvää kenenkää talon ympäri ja pöyrän alla , kiiluvin mulukoshilimin ja näläkää kurisevin mahhoin .
north	Ei shiinä tarvihtekkaan mittään ihime kepulikonsteja , ku vastaanottavaiset torvikorvat ja hyvä näkkööset piikkishilimät , niin kyllä vissihin varmahan pössähtää .	Ei shiinä tarvihtekkaan mittään ihime kepulikonsteja , ku vastaanottavaiset torvikorvat ja hyvä näkkööset piikkishilimät , niin kyllä vissihin varmahan pössähtää .
north	Nii , jotta kyllä sophii tänne pössähytettyjen joukkohon , viäläki täällä näkhyy olevan tillaa , jotta ei tarvihte kenenkhään yhtään kajehtia .	Nii , jotta kyllä sophii tänne pössähytettyjen joukkohon , viäläki täällä näkhyy olevan tillaa , jotta ei tarvihte kenenkhään yhtään kajehtia .
north	miks muissa kylissä ei olla pahemin yhessä osattu tehhä mithän eikä kovinkhan innostuta ikinä misthän yhessä tekemisestä .	miks muissa kylissä ei olla pahemin yhessä osattu tehhä mithän eikä kovinkhan innostuta ikinä misthän yhessä tekemisestä .
north	Ei voi entisenä kuntalaisena muuta ko ihmetellä nuita asentheita , positiivisesti yllätyin tosin tuosta kehu-keskustelusta ; kuitenki jokku ossaavat vielä arvostaakki toisten yritystä .	Ei voi entisenä kuntalaisena muuta ko ihmetellä nuita asentheita , positiivisesti yllätyin tosin tuosta kehu-keskustelusta ; kuitenki jokku ossaavat vielä arvostaakki toisten yritystä .
north	Ei sole itteltä pois jos sannoo kaverille , että hei , sie ole aikas hyvä tyyppi !	Ei sole itteltä pois jos sannoo kaverille , että hei , sie ole aikas hyvä tyyppi !
north	Harmi etten itte päässy marsimhan , olis ollu soma !	Harmi etten itte päässy marsimhan , olis ollu soma !
north	Täälä ajettaan ihan iliman sääntöjä .	Täälä ajettaan ihan iliman sääntöjä .
north	Keskustasa liikenneympyräsä yritti kakski autoa kylykeen .	Keskustasa liikenneympyräsä yritti kakski autoa kylykeen .
north	Vanahalla tiellä sitte ajellesa tuli yhtäkkiä Siwan puolelta auto ihan etteen niin , että jouvuin taas lyömään liinat kii , vetämään käppäriä ohjaten auton jälleen kerran tien sivvuun .	Vanahalla tiellä sitte ajellesa tuli yhtäkkiä Siwan puolelta auto ihan etteen niin , että jouvuin taas lyömään liinat kii , vetämään käppäriä ohjaten auton jälleen kerran tien sivvuun .
north	No , etteen päin ajettaesa sitte linnaistentien kohalta puski etteen pieni pakettiauto johon olin myös törmätä .	No , etteen päin ajettaesa sitte linnaistentien kohalta puski etteen pieni pakettiauto johon olin myös törmätä .
north	Jouvuin jälleen kerran tarrautuu käsijarruun ohjaten autoni linnaisten tielle , vaikka olin ajamasa kytökylälle päin .	Jouvuin jälleen kerran tarrautuu käsijarruun ohjaten autoni linnaisten tielle , vaikka olin ajamasa kytökylälle päin .
north	Ja ku linnaisten tie on jyrkkä ku mikä , ni mullahan kävi niin , että mäkilähösä auto jäikin suttaamaan ja liuin takana olevan auton puskuriin kii .	Ja ku linnaisten tie on jyrkkä ku mikä , ni mullahan kävi niin , että mäkilähösä auto jäikin suttaamaan ja liuin takana olevan auton puskuriin kii .
north	No ku olin kääntymäsä kytökylälle päin , tuli keskustasta päin joku auto äänitorvi pohojasa väistäen minut vastaan tulevien puolelta .	No ku olin kääntymäsä kytökylälle päin , tuli keskustasta päin joku auto äänitorvi pohojasa väistäen minut vastaan tulevien puolelta .
north	Täälä haapaveellä liikenne toimii todella huonosti .	Täälä haapaveellä liikenne toimii todella huonosti .
north	AivaN , ku täälä pätis jotku ikiaikaiset villinlännen säännöt .	AivaN , ku täälä pätis jotku ikiaikaiset villinlännen säännöt .
north	Ette tet etelänmiehet tohi pimijhän paikhan tulha .	Ette tet etelänmiehet tohi pimijhän paikhan tulha .
north	Pittää olla saariselät ja luostot lähelä , että seisoo !	Pittää olla saariselät ja luostot lähelä , että seisoo !
north	Tet tehettä ihtenne nuilla keinoin naurettaviks ku pohojanakka kosiskelloo !	Tet tehettä ihtenne nuilla keinoin naurettaviks ku pohojanakka kosiskelloo !
north	Mie vain laitatan päivännäöllä Aslakin pozakalla lasten pulukkaporon tiineheksi ja huilaan illemmala tuosta vaaran yli Enontekijhön nuihe meän poikain kimphun .	Mie vain laitatan päivännäöllä Aslakin pozakalla lasten pulukkaporon tiineheksi ja huilaan illemmala tuosta vaaran yli Enontekijhön nuihe meän poikain kimphun .
north	Ole sie Jari sielä maalikylisä nie tietokonheittesi kimpussa ja vain sie saatat jostakhin naapurituvasta akan sen kaljaputelis äärhen naakija .	Ole sie Jari sielä maalikylisä nie tietokonheittesi kimpussa ja vain sie saatat jostakhin naapurituvasta akan sen kaljaputelis äärhen naakija .
north	noh nuita ennustaja eukkoja kyllä riittää net on muka täälä viisaina vaikka net ei etes katto mistä asiasta kirjottava toiset , se ei ole ko juoruakkojen hommaa .	noh nuita ennustaja eukkoja kyllä riittää net on muka täälä viisaina vaikka net ei etes katto mistä asiasta kirjottava toiset , se ei ole ko juoruakkojen hommaa .
north	Sehän tarkottaaki sitä pyörätieverkostua , ei niinkään ite tietä ...	Sehän tarkottaaki sitä pyörätieverkostua , ei niinkään ite tietä ...
north	Sammaa asvalttia kait ne on Oulusa ku muuallaki , eikä mittään ihmemaa ozin kultasta yellow brick roadia - ei me olla ees semmosta luultu ...	Sammaa asvalttia kait ne on Oulusa ku muuallaki , eikä mittään ihmemaa ozin kultasta yellow brick roadia - ei me olla ees semmosta luultu ...
north	Nii ja mitä nää oikein yrität vääntää Helsingin murretta ?	Nii ja mitä nää oikein yrität vääntää Helsingin murretta ?
north	Onko sun kotopuoli niin köyhä ja surkia paikka , ettei teillä oo ees ommaa murretta ?	Onko sun kotopuoli niin köyhä ja surkia paikka , ettei teillä oo ees ommaa murretta ?
north	Kyllä sulle Helsingisäki naurettas.	Kyllä sulle Helsingisäki naurettas.
north	Mistä minä tiän mihin net täälä on pistetty , net jutut ko käytihin sillä kyläsä !	Mistä minä tiän mihin net täälä on pistetty , net jutut ko käytihin sillä kyläsä !
north	Luokalle jäin kansakoulusa koen halunnu hihtää , enkä laulaa ja net sano että mulla on jotai härijijötä kaunokirijotuksesa !	Luokalle jäin kansakoulusa koen halunnu hihtää , enkä laulaa ja net sano että mulla on jotai härijijötä kaunokirijotuksesa !
north	Ja olin vilikkaalla päällä ajina aamupäjivän koen ollu syönny palijo mitään ko lähin kouluhun , Rauhotuin vasta ruokatunnin jäläkiin .	Ja olin vilikkaalla päällä ajina aamupäjivän koen ollu syönny palijo mitään ko lähin kouluhun , Rauhotuin vasta ruokatunnin jäläkiin .
north	Ottaa vähä jo hermoon ko teeveessä on nuo hautajaset , ja tuo kello kalakkaa tuosa koko aijan , HÄH?	Ottaa vähä jo hermoon ko teeveessä on nuo hautajaset , ja tuo kello kalakkaa tuosa koko aijan , HÄH?
north	hyvä mijeshän soli ja voimija Tellulle , mutta miten son niin vajikijaa pistää mijes hautahan ?	hyvä mijeshän soli ja voimija Tellulle , mutta miten son niin vajikijaa pistää mijes hautahan ?
north	Ja jos kattoo etelän puhelinluettelosta niin tihiässä ne siellä asuupi , niitä kun luettelis kaikki vaan Aasta öööhön niin tulispa per ..een pitkä lista .	Ja jos kattoo etelän puhelinluettelosta niin tihiässä ne siellä asuupi , niitä kun luettelis kaikki vaan Aasta öööhön niin tulispa per ..een pitkä lista .
north	Tähän hätään jos ottais vaan vaikka Savukosken luettelon niin pääsis lyhemmällä luvulla loppuun , kerkiäs vielä vaikka Seiväsbaariin kaljoo kittaamaan .	Tähän hätään jos ottais vaan vaikka Savukosken luettelon niin pääsis lyhemmällä luvulla loppuun , kerkiäs vielä vaikka Seiväsbaariin kaljoo kittaamaan .
north	Etkö sie pössi lue mithän tarkoin ?	Etkö sie pössi lue mithän tarkoin ?
north	Tänne Oulun lääniinkin syksy tekkee tuluaan ja voi kauhia,kun pittää mennä leikkaukseen kirijottajan.Onnea matkaan !	Tänne Oulun lääniinkin syksy tekkee tuluaan ja voi kauhia,kun pittää mennä leikkaukseen kirijottajan.Onnea matkaan !
north	Sillon kun minä viimmeksi olin eivät tahtoneet antaa.Ite piti käyvä ronkkumasa , eivätkä sittekään meinanneet antaa tarpeeksi ku maha vejetty auki ja niin kauhian kipiät ne ensimmäiset päivät .	Sillon kun minä viimmeksi olin eivät tahtoneet antaa.Ite piti käyvä ronkkumasa , eivätkä sittekään meinanneet antaa tarpeeksi ku maha vejetty auki ja niin kauhian kipiät ne ensimmäiset päivät .
north	Tunturialuheela olhaanki varsin tietosia ja ihmeissään siitä miten valtuutetut kellahti puhheenjohtajien kelkhaan .	Tunturialuheela olhaanki varsin tietosia ja ihmeissään siitä miten valtuutetut kellahti puhheenjohtajien kelkhaan .
north	Sitä se met täälä tunturialuheela ihmeissä tuumima .	Sitä se met täälä tunturialuheela ihmeissä tuumima .
north	no juu,net on vain katheelisia mutta met vain taas lähemä tuntuhriin pithään hauskaa,nyt porukkaa tullee vähän kauempaaki ko raitilta ,niin se vain on että kaikki ei pääse ,met olema niitä joita onni suosii muutenki ko kylälä .	no juu,net on vain katheelisia mutta met vain taas lähemä tuntuhriin pithään hauskaa,nyt porukkaa tullee vähän kauempaaki ko raitilta ,niin se vain on että kaikki ei pääse ,met olema niitä joita onni suosii muutenki ko kylälä .
north	No niinhän met olemme .	No niinhän met olemme .
north	Van minkäs sinä asialle mahdat , kun et mahda kertakaikkiaan mithään .	Van minkäs sinä asialle mahdat , kun et mahda kertakaikkiaan mithään .
north	En miekhän Väyrystä äänestä , vaikka se onki valtuustosa loistanu enempi poissaololla , mutta tuomonen mies mikä etukäthen pellaa , että jos mulle ei löyvy ministerin paikkaa vaalien jälkhen niin mie harkitten jatkamista Brysselissä .	En miekhän Väyrystä äänestä , vaikka se onki valtuustosa loistanu enempi poissaololla , mutta tuomonen mies mikä etukäthen pellaa , että jos mulle ei löyvy ministerin paikkaa vaalien jälkhen niin mie harkitten jatkamista Brysselissä .
north	Ymmärtäsivät nyt olla antamatta miehele mithän paikkaa jatkosa , vaikka pääsiski eduskunthan , niin sepä jäis sinne Brysselhin .	Ymmärtäsivät nyt olla antamatta miehele mithän paikkaa jatkosa , vaikka pääsiski eduskunthan , niin sepä jäis sinne Brysselhin .
north	Ylivieskalaisia murresanoja No nii , alaha sääki sanua ja kirijottaa ny niitä murresanoja ja lauseita niinku niitä pittää Ylivieskasa sanua .	Ylivieskalaisia murresanoja No nii , alaha sääki sanua ja kirijottaa ny niitä murresanoja ja lauseita niinku niitä pittää Ylivieskasa sanua .
north	Haluakkosää maitua kahaviis ?	Haluakkosää maitua kahaviis ?
north	Haluakkosää kahtua mujjalakapojojia ku niisä orrakko ?	Haluakkosää kahtua mujjalakapojojia ku niisä orrakko ?
north	posti/alko kolarissa kirkonkylän asukhaat , on meijän valinnoista kiinni että liikheet säilyy kylälä ja kylä elävänä .	posti/alko kolarissa kirkonkylän asukhaat , on meijän valinnoista kiinni että liikheet säilyy kylälä ja kylä elävänä .
north	alkon aluepäällikkö on sanonu , että palvelua haluthaan parantaa ja viedä asiakasvirtojen lähele .	alkon aluepäällikkö on sanonu , että palvelua haluthaan parantaa ja viedä asiakasvirtojen lähele .
north	postinki voipi korvata muila vaihtoehoila melkein kokohnaan eli poikotti pääle molemphiin .	postinki voipi korvata muila vaihtoehoila melkein kokohnaan eli poikotti pääle molemphiin .
north	son ihan väärin vaikeuttaa kyläläisten asiointia turistien takia , ko net kuites käyvät vain kerran vuoessa mutta methän tarvima niitä melkein päivittäin .	son ihan väärin vaikeuttaa kyläläisten asiointia turistien takia , ko net kuites käyvät vain kerran vuoessa mutta methän tarvima niitä melkein päivittäin .
north	ko jopa kunnan omat myydyt / vuokra-asunnot nyt vain sattuu olehmaan kylän keskustan lähelä ..	ko jopa kunnan omat myydyt / vuokra-asunnot nyt vain sattuu olehmaan kylän keskustan lähelä ..
north	ja ettähän te oo ees laskemhan oppinu sielä koulusa viis kirpputoria teillä on .	ja ettähän te oo ees laskemhan oppinu sielä koulusa viis kirpputoria teillä on .
north	Puhuit asiaa , Sipilästähän se on lähtenyt , kyllä met Sipilä- vastaiset keskustalaiset sen tiedämmä .	Puhuit asiaa , Sipilästähän se on lähtenyt , kyllä met Sipilä- vastaiset keskustalaiset sen tiedämmä .
north	Siinäpä Ilkkaa haukutta ja kepua kehutta .	Siinäpä Ilkkaa haukutta ja kepua kehutta .
north	Ei myyny ihtiiään kepulaisten valtapelille .	Ei myyny ihtiiään kepulaisten valtapelille .
north	Ja met muoniolaiset olema hiljaa ja maksama veroja ..	Ja met muoniolaiset olema hiljaa ja maksama veroja ..
north	Koetama keksiä sille uuven tunturin , vaikka Lommolin .	Koetama keksiä sille uuven tunturin , vaikka Lommolin .
north	Tai ostama Hetalta .	Tai ostama Hetalta .
north	Ei meän sovi olla kehityksen jarruna .	Ei meän sovi olla kehityksen jarruna .
north	eihän sielä oo ennää rehtoriakaan niinko näkkyy .	eihän sielä oo ennää rehtoriakaan niinko näkkyy .
north	Se koulu on uponnu niin syväle omhan jänkhäänsä ettei kannatte lähättää lapsia sinne viellä tiistainakhan	Se koulu on uponnu niin syväle omhan jänkhäänsä ettei kannatte lähättää lapsia sinne viellä tiistainakhan
north	Jaa sie olit lähelä ko kuulit tuomosen jutun .	Jaa sie olit lähelä ko kuulit tuomosen jutun .
north	joo me tulimma navetasta ja tuolta mehtän takaa se lensi ja suuntana alaveteli .	joo me tulimma navetasta ja tuolta mehtän takaa se lensi ja suuntana alaveteli .
north	Soon ilkeä hankheen jähtyä , niinko met pruukaama sanoa .	Soon ilkeä hankheen jähtyä , niinko met pruukaama sanoa .
north	kun on ekana hirviä halu palata takaisin sinne vieskaan täältä Hesasta ja sitten ku sinne pääsee , niin tullee ihan kauhia halu päästä sieltä sitten pois .	kun on ekana hirviä halu palata takaisin sinne vieskaan täältä Hesasta ja sitten ku sinne pääsee , niin tullee ihan kauhia halu päästä sieltä sitten pois .
north	Sitä on tullu niin hermoheikoksi täälä eteläsä että ei ennää jaksa kahtua hittaamman puoleista elämää olleenkaan - se on se kiire kokoajan .	Sitä on tullu niin hermoheikoksi täälä eteläsä että ei ennää jaksa kahtua hittaamman puoleista elämää olleenkaan - se on se kiire kokoajan .
north	Tehän varmasti puhutta siitä pallaksen lähelä olevasta Vuontisjärvestä ,ei tässä toisessa kuiten ole sen likasempaa vettä ku muualakhan , eikä haise pahalle.Kannattaa oikasta ettei tule vääriä luuloja .	Tehän varmasti puhutta siitä pallaksen lähelä olevasta Vuontisjärvestä ,ei tässä toisessa kuiten ole sen likasempaa vettä ku muualakhan , eikä haise pahalle.Kannattaa oikasta ettei tule vääriä luuloja .
north	Sitäpaitti puoli Suomea lukee Kokkolan palstaa sehän on melekeen viikottain kymmenen luetuimman joukossa ja syystäki kö täällon palijo enemmän meitä fiksuja keskustelijoita kö nuita häirikkö keskustelijoita .	Sitäpaitti puoli Suomea lukee Kokkolan palstaa sehän on melekeen viikottain kymmenen luetuimman joukossa ja syystäki kö täällon palijo enemmän meitä fiksuja keskustelijoita kö nuita häirikkö keskustelijoita .
north	yllä kaikki saa kantasa sanua meijän surkiaan tilanteeseen .	yllä kaikki saa kantasa sanua meijän surkiaan tilanteeseen .
north	Näkkyy olevanki , muualla asuvat ja tänne tulheet " viherpiipertäjät " tietävät kaikki paremminko met paikalliset !	Näkkyy olevanki , muualla asuvat ja tänne tulheet " viherpiipertäjät " tietävät kaikki paremminko met paikalliset !
north	mutta sitähän met tässä ihmettelemäki että ko son kuitenki kolmen hyvätulosen vuosipalkka ,notta tokko se yksin saa niin paljon aikhan ko kolme ?	mutta sitähän met tässä ihmettelemäki että ko son kuitenki kolmen hyvätulosen vuosipalkka ,notta tokko se yksin saa niin paljon aikhan ko kolme ?
north	mie luulen että ko katto vaikka kittilä kunnan asioita niin net on saahneet kunnan asiat johtotasolla paremmalle tolale 20000eemeliä vähemmällä !	mie luulen että ko katto vaikka kittilä kunnan asioita niin net on saahneet kunnan asiat johtotasolla paremmalle tolale 20000eemeliä vähemmällä !
north	että kyllä met olema niin ylpeitä ko met olema 72000eemelillä saahneet konkurssikypsän kunnan tänäki vuonna !	että kyllä met olema niin ylpeitä ko met olema 72000eemelillä saahneet konkurssikypsän kunnan tänäki vuonna !
